expert_id,rank,sample_id,patch_index,barcode,coord_x,coord_y,affinity_score,affinity_score_sd,mean_logit,actual_top2_frequency,actual_top1_frequency,actual_mean_route_weight
0,1,INT24,3654,TCAATCCCGCGCCAAA-1,18478,7035,0.2501200094819069,0.012372397368574593,0.45258194506168364,1.0,0.5,0.5138754785060883
0,2,INT24,3977,TGACTCTAACTGGTAA-1,18097,6817,0.24802666157484055,0.007856700546043902,0.47964078187942505,1.0,0.5,0.49655999839305875
0,3,INT24,3034,GGTTAGGCTTGGAGAA-1,10690,16338,0.2456489771604538,0.009269666319416352,0.3172005578875542,1.0,0.5,0.4934069961309433
0,4,INT24,152,AAGACTGCAAGCTACT-1,12208,12838,0.2450454130768776,0.007005173883627208,0.4830938756465912,1.0,0.5,0.47899209856987
0,5,INT24,3564,TAGTTTATTCTTGCTT-1,7834,14046,0.24357778429985047,0.009662837338896117,0.37269525304436685,1.0,0.4,0.4568766295909882
0,6,INT24,1787,CGCCATCCGATTATGA-1,9923,11529,0.2431141182780266,0.010215870310865943,0.4238788865506649,1.0,0.5,0.4663648545742035
0,7,INT24,2194,CTTACACTGGGAAATA-1,8406,15029,0.24102362543344497,0.00972634972066055,0.48724551796913146,1.0,0.5,0.4550450563430786
0,8,INT24,721,AGGGCTGCAGTTACAG-1,12018,13166,0.24002310633659363,0.008464041824208419,0.31307713612914084,1.0,0.5,0.49879392981529236
0,9,INT24,1319,CATACAAAGCCGAACC-1,7837,16451,0.24000305980443953,0.009639317260655996,0.48982101678848267,1.0,0.5,0.46802552342414855
0,10,INT24,606,AGCAACATATCTTATT-1,13155,10103,0.2398915946483612,0.009859135364008615,0.45528051555156707,1.0,0.5,0.46469141244888307
0,11,INT24,1155,CAAGTGAACTTTGGTT-1,6503,14375,0.2397075414657593,0.007963776736940705,0.33047416284680364,1.0,0.5,0.4731027215719223
0,12,INT24,1591,CCGGCGCATATTGGAT-1,8025,14155,0.23942354917526246,0.005502448901325168,0.2395554155111313,1.0,0.5,0.5038766294717789
0,13,INT24,1963,CGTTGTAAACGTCAGG-1,9362,18854,0.2393084615468979,0.008345295590879704,0.38668968081474303,1.0,0.5,0.4842442750930786
0,14,INT24,3323,GTTGTCGTGTTAGTTG-1,8216,15138,0.2383501023054123,0.010652345494352355,0.47037951946258544,1.0,0.5,0.48243663311004636
0,15,INT24,724,AGGGTCTGGACGCAGT-1,18478,7254,0.23831917196512223,0.007403042880243612,0.29511810168623925,1.0,0.5,0.497558182477951
0,16,INT24,2292,GAAGCTTGCTGACCGC-1,10881,16447,0.238192355632782,0.012255114246408374,0.4160922884941101,1.0,0.5,0.46737568974494936
0,17,INT24,556,AGAATTATGGATTCGA-1,11443,9559,0.23816356658935547,0.013258581030416848,0.3784326333552599,1.0,0.4,0.4501536816358566
0,18,INT24,2325,GACACGAGTTAGAGGA-1,8980,17543,0.2376753568649292,0.00963582610703722,0.4721403270959854,1.0,0.5,0.4829642981290817
0,19,INT24,1050,ATTAGATTGATAGCGG-1,8977,14919,0.23755229115486146,0.012447060645541842,0.4601662039756775,1.0,0.5,0.4885797411203384
0,20,INT24,682,AGGACGACCCATTAGA-1,13542,15350,0.23731502890586853,0.009588300002557637,0.2847411178052425,1.0,0.5,0.4669780880212784
0,21,INT24,2804,GGACACAAGTTTACAC-1,14294,8134,0.23673163652420043,0.007817155558177382,0.3802746333181858,1.0,0.5,0.4615786880254745
0,22,INT24,2896,GGCGTCCTATCCGCTG-1,11262,16665,0.2365939885377884,0.003601104874860116,0.37563977390527725,1.0,0.5,0.48071596920490267
0,23,INT24,3500,TAGAGCTACGAAGAAC-1,7835,14483,0.23623899817466737,0.00871954967648822,0.4563528478145599,1.0,0.2,0.44193249344825747
0,24,INT24,3611,TATGGCCCGGCCTCGC-1,11072,16993,0.23610522001981735,0.007514444013973196,0.36486477851867677,1.0,0.5,0.4640627384185791
0,25,INT24,2678,GCGCTGCTTTGCATTT-1,10682,9997,0.23609109073877335,0.0067361601648925394,0.3655574433505535,1.0,0.5,0.4774396359920502
0,26,INT24,4226,TTAACCAACCCTCCCT-1,8976,14263,0.23606870472431182,0.00937260758120694,0.4358456403017044,1.0,0.5,0.49041650891304017
0,27,INT24,1981,CTAACCGCGCGCCCGT-1,12403,16445,0.23529641777276994,0.008157867534938237,0.484835484623909,1.0,0.5,0.4599664956331253
0,28,INT24,3410,TACAAGCTGTTCACTG-1,5552,14486,0.23527400195598602,0.01589447838240189,0.4525799185037613,1.0,0.4,0.44795397520065305
0,29,INT24,1099,ATTTACAGTTTACTGG-1,11071,16119,0.23510725051164627,0.010963555030984836,0.43248196244239806,1.0,0.5,0.4784227848052979
0,30,INT24,757,AGTACATCATTTATCA-1,10870,8357,0.23499046117067338,0.00949633091546023,0.30992328077554704,1.0,0.5,0.46674104034900665
0,31,INT24,1803,CGCGAAGTGGCATACT-1,17530,9770,0.23490297496318818,0.007472860786471509,0.31888440772891047,1.0,0.5,0.4786544144153595
0,32,INT24,3038,GGTTCCCTAGTGTCTC-1,6684,6832,0.2348439872264862,0.006141432137900782,0.4164020657539368,1.0,0.5,0.44732995629310607
0,33,INT24,3085,GTAGAGGGAGACAAGT-1,15066,16879,0.2347937822341919,0.007727048972600086,0.5659719914197922,1.0,0.5,0.48346627950668336
0,34,INT24,396,ACCTAAGTACCTTTCA-1,14876,16988,0.2346738025546074,0.009123819302285346,0.29745604246854784,1.0,0.5,0.47662990987300874
0,35,INT24,3626,TATTCCTCCGCCCACT-1,14495,16770,0.2345745012164116,0.0059920573072247095,0.3994913727045059,1.0,0.5,0.4946020543575287
0,36,INT24,1739,CGAGCACTTCAAGTTT-1,9741,17542,0.23434271961450576,0.011630568626536811,0.49160367250442505,1.0,0.4,0.47675680816173555
0,37,INT24,3162,GTCGGATATCTCAGAC-1,11451,16337,0.23407062888145447,0.008526954592569719,0.3558526862412691,1.0,0.5,0.49679574072360994
0,38,INT24,2149,CTGGACGCAGTCCGGC-1,15069,18847,0.233887879550457,0.006574968782323033,0.33941208720207217,1.0,0.5,0.475420680642128
0,39,INT24,2406,GAGCGAGGGAGTACCG-1,8024,13936,0.2338331326842308,0.010321077291457448,0.2842463873326778,1.0,0.5,0.4780258148908615
0,40,INT24,561,AGACCATGGGATACAA-1,9550,17214,0.23368757516145705,0.008069558821997239,0.43926760777831075,1.0,0.5,0.4769990712404251
0,41,INT24,1601,CCGTAAGTTGGTCCCA-1,11636,11854,0.23361570090055467,0.01009485443123097,0.38703500628471377,1.0,0.5,0.47770710587501525
0,42,INT24,2661,GCGAGTTCTGCAAAGA-1,12018,13384,0.2334534153342247,0.009432185880638105,0.3042706251144409,1.0,0.5,0.4547545611858368
0,43,INT24,3622,TATTATGTTTGCCTGC-1,16209,18408,0.23308263421058656,0.008805334254602872,0.4408024102449417,1.0,0.5,0.4592592239379883
0,44,INT24,549,AGAAGGTACACTTCAC-1,15259,18737,0.23295971602201462,0.004084794422274658,0.43928869664669035,1.0,0.5,0.4697930574417114
0,45,INT24,572,AGAGAACCGTCTAGGA-1,10303,10654,0.23288244903087615,0.012060456233753439,0.4600972205400467,1.0,0.5,0.4674846678972244
0,46,INT24,2922,GGGAGTAATGGCTGGC-1,7266,15686,0.23284080177545546,0.013085223365994538,0.45755318403244016,1.0,0.1,0.42849237024784087
0,47,INT24,3442,TACCTCTTTACCATCC-1,17907,6927,0.232777202129364,0.007198054544067097,0.41165604293346403,1.0,0.5,0.47819189429283143
0,48,INT24,82,AACAGGAAATCGAATA-1,8213,12952,0.2326669439673424,0.009228651140589577,0.3587221674621105,1.0,0.4,0.45084879398345945
0,49,INT24,977,ATCTTATCGCACACCC-1,17529,8895,0.23261788189411164,0.006036004412952513,0.3465846061706543,1.0,0.5,0.4743394166231155
0,50,INT24,375,ACCCTATGCCATATCG-1,16016,15894,0.23243372291326522,0.012021497276732445,0.4222488522529602,1.0,0.5,0.4628669857978821
0,51,INT24,4442,TTGGAGTCTCCCTTCT-1,6885,15468,0.2323448896408081,0.008381532045458901,0.49188447892665865,1.0,0.1,0.4316305726766586
0,52,INT24,283,ACAAGGACAAGAGGTT-1,10881,16228,0.23219093233346938,0.010119211777662462,0.27033254578709603,1.0,0.5,0.47220770418643954
0,53,INT24,3216,GTGCAAATCACCAATA-1,5369,19843,0.23200276494026184,0.00831836119749422,0.3840578645467758,1.0,0.3,0.4526113152503967
0,54,INT24,458,ACGTCCTAAACGAGAT-1,5361,13502,0.23180031925439834,0.009869732213211918,0.30775078684091567,1.0,0.4,0.4566951632499695
0,55,INT24,3016,GGTGATTTCATCTTGT-1,7076,16014,0.23165572583675384,0.007494215267124969,0.38868739604949953,1.0,0.5,0.45452134013175965
0,56,INT24,3517,TAGCGTCCCTCGATTG-1,13914,8353,0.2313760995864868,0.006702934765831711,0.2915095016360283,1.0,0.5,0.46910880208015443
0,57,INT24,176,AAGGATGAGGGACCTC-1,10493,10763,0.23134277760982513,0.007915142822096388,0.4275501735508442,1.0,0.5,0.46514755487442017
0,58,INT24,2675,GCGCTATGCCGAGGCA-1,13542,15132,0.23132739961147308,0.013395590615861477,0.3515724092721939,1.0,0.5,0.4641394704580307
0,59,INT24,3872,TCTAATACTGCCTCAG-1,16208,17533,0.23125988095998765,0.0075133469119931596,0.3199632942676544,1.0,0.5,0.4954768270254135
0,60,INT24,3826,TCGGAATGCGCTCTGA-1,11072,17212,0.23123384565114974,0.011197228170255372,0.4762895435094833,1.0,0.2,0.4355271577835083
0,61,INT24,3279,GTTACCAAGGCGTACG-1,18668,7145,0.23113853186368943,0.005660345139228074,0.35415475741028785,1.0,0.5,0.47399650812149047
0,62,INT24,4434,TTGCTGAAGGAACCAC-1,8976,14044,0.23110869973897935,0.005033371343825128,0.33476272895932196,1.0,0.5,0.44803730249404905
0,63,INT24,1239,CACGTCGGCAACCTCT-1,14685,16223,0.2310887947678566,0.009412438849806163,0.48750280439853666,1.0,0.5,0.4655205816030502
0,64,INT24,3046,GGTTTAATTACCATCG-1,17348,16001,0.2309983864426613,0.009703654119590926,0.3777218863368034,1.0,0.5,0.4703166365623474
0,65,INT24,1173,CAATTTCGTATAAGGG-1,12399,13384,0.2307964101433754,0.011625842026750988,0.415158262103796,1.0,0.5,0.4745100438594818
0,66,INT24,1281,CAGCTCGTGCTTGTGT-1,8027,15685,0.23078536689281465,0.009255800433751371,0.47054745852947233,1.0,0.3,0.4369914174079895
0,67,INT24,2060,CTCATTCGTGAACATC-1,10505,19946,0.23075030744075775,0.007743679374314795,0.35829168260097505,1.0,0.5,0.48215233385562895
0,68,INT24,343,ACCAACCGCACTCCAC-1,17720,9660,0.2306684672832489,0.010147881614211247,0.3461678192019463,1.0,0.4,0.4478551298379898
0,69,INT24,287,ACAATAGTCGTACGTT-1,13356,18083,0.230619116127491,0.011184080555033197,0.35747731029987334,1.0,0.5,0.4870333135128021
0,70,INT24,1680,CCTGTCGCCCGTAAAT-1,12209,13493,0.2303646296262741,0.012165460457255901,0.3665176309645176,1.0,0.5,0.4598532408475876
0,71,INT24,1193,CACATGATTCAGCAAC-1,12589,13274,0.23022302240133286,0.005151873159672974,0.30486582666635514,1.0,0.5,0.48064464926719663
0,72,INT24,2321,GACAAGACGCCCGTGC-1,18477,6817,0.23021745532751084,0.008218950115848282,0.4015146791934967,1.0,0.4,0.4495565176010132
0,73,INT24,4380,TTGAAACCCTCATTCC-1,18287,7145,0.2301523879170418,0.010879168656243821,0.38299355655908585,1.0,0.6,0.5035765379667282
0,74,INT24,1206,CACCCGGTTTGTGACT-1,15446,16004,0.23013528138399125,0.004315504521365928,0.3455569542944431,1.0,0.5,0.47825927734375
0,75,INT24,3896,TCTCTAATAGCTGGTA-1,9166,14591,0.23010406643152237,0.007220854896162776,0.2746319957077503,1.0,0.5,0.4882602870464325
0,76,INT24,1990,CTAATTTCAACAACAC-1,9360,17323,0.23007056266069412,0.012624366602363912,0.2883617147803307,1.0,0.4,0.5011907190084457
0,77,INT24,3375,TAAGGCAACATAAGAT-1,10115,12512,0.2300352096557617,0.007939832532650808,0.42083133682608603,1.0,0.5,0.4530158042907715
0,78,INT24,1633,CCTATATTTGTCCTGG-1,17156,14580,0.22998744547367095,0.011262978327278175,0.36361715793609617,1.0,0.5,0.48070600926876067
0,79,INT24,3305,GTTCGGAGCACTCAAC-1,17527,7802,0.22997094988822936,0.008078522543303294,0.4831849724054337,1.0,0.5,0.45864819586277006
0,80,INT24,4391,TTGACCGTGTTAATGA-1,14876,16551,0.22996449917554856,0.01141027703520716,0.3266377367079258,1.0,0.5,0.4589769095182419
0,81,INT24,1643,CCTCACGTCAGCTAAT-1,16765,6928,0.22993372231721879,0.006845047852062053,0.3817310810089111,1.0,0.5,0.4743805110454559
0,82,INT24,914,ATCAAACGAAGGTTTG-1,14685,16661,0.22984301149845124,0.009163631702357303,0.3431577205657959,1.0,0.5,0.4783559232950211
0,83,INT24,4140,TGGTACCGGCACAGCC-1,5368,19406,0.22983563542366028,0.009142201387817787,0.37447966933250426,1.0,0.2,0.4368312805891037
0,84,INT24,3537,TAGGTCGCCGGAACTG-1,11442,9340,0.2297610655426979,0.010805904173783814,0.2277003563940525,1.0,0.4,0.4643758416175842
0,85,INT24,3747,TCCGAGAAGGCTAAGC-1,6505,15687,0.22975826561450957,0.012389818376270921,0.315600286051631,1.0,0.5,0.4669112801551819
0,86,INT24,3917,TCTGTCATACAAGAGC-1,7265,15468,0.22972823530435563,0.0075280912704816195,0.33808588683605195,1.0,0.4,0.4474837988615036
0,87,INT24,4060,TGCGATGCTAATGGCT-1,9362,19073,0.22955797165632247,0.008608428761550236,0.2901040442287922,1.0,0.5,0.4911469638347626
0,88,INT24,387,ACCGCAATAACTGCCT-1,15059,11631,0.22954824268817903,0.011213228220015364,0.3496608078479767,1.0,0.5,0.463205549120903
0,89,INT24,4311,TTCAGAGTAACCTGAC-1,6508,17874,0.22945186346769333,0.007473057539121942,0.4063800647854805,1.0,0.5,0.4752408146858215
0,90,INT24,4072,TGCTAAGTGTCTATTT-1,15248,10429,0.22941982448101045,0.008755433375038575,0.41831688657402993,1.0,0.3,0.4321072518825531
0,91,INT24,3947,TGAAACTTATGCAAGC-1,7452,12297,0.22915748804807662,0.005137569205360906,0.3264354094862938,1.0,0.4,0.4529034197330475
0,92,INT24,4285,TTATAGATGCACATTA-1,6313,14485,0.22905431389808656,0.007319664769313557,0.38421826958656313,1.0,0.1,0.426337668299675
0,93,INT24,4382,TTGAACGAATCCTTTG-1,8981,17980,0.22897377908229827,0.008557252135876568,0.3082831799983978,1.0,0.5,0.47749963104724885
0,94,INT24,1514,CCCGTAGCTGGGAAGA-1,16206,16003,0.22893570512533187,0.007337648657524426,0.39513075575232504,1.0,0.5,0.46825217008590697
0,95,INT24,3832,TCGGCAGGGTTAAGGG-1,18668,6926,0.22888093441724777,0.011538801002870445,0.4010883502662182,1.0,0.5,0.4583850771188736
0,96,INT24,1085,ATTGATGAGTCCTAAC-1,11633,9449,0.22887348383665085,0.006864414010129772,0.26733838077634575,1.0,0.3,0.4420127272605896
0,97,INT24,1388,CATTATAACAGGGTCC-1,5550,13174,0.22884636074304582,0.009642781886641819,0.28054800909012556,1.0,0.2,0.43192355036735536
0,98,INT24,3731,TCCCGGTCAGGAATTT-1,6886,16343,0.22882208973169327,0.007914128551631462,0.4124701738357544,1.0,0.5,0.45819813907146456
0,99,INT24,1157,CAATAAACCTTGGCCC-1,10305,12184,0.22877219021320344,0.007044766968784556,0.3783651478588581,1.0,0.5,0.4698053866624832
0,100,INT24,3539,TAGGTGAGCCCTACTC-1,10881,16665,0.2286183163523674,0.009130944449668268,0.3014859169721603,1.0,0.5,0.4568768203258514
0,101,INT24,2659,GCGAGCGCATGCTCCC-1,12392,8355,0.22857883721590042,0.006367564856771683,0.35999022535979747,1.0,0.5,0.45768589377403257
0,102,INT24,4181,TGTCCACGGCTCAACT-1,17719,9223,0.22854450345039368,0.010583676400372125,0.3124996177852154,1.0,0.5,0.447548171877861
0,103,INT24,990,ATGCATTCCGTGATGG-1,6123,14595,0.22852596938610076,0.010884256473261252,0.3434507869184017,1.0,0.4,0.4577115535736084
0,104,INT24,3463,TACGTAAAGCGGAGTG-1,17339,9005,0.2284937247633934,0.010544362295387093,0.33718435242772105,1.0,0.5,0.4655578911304474
0,105,INT24,3361,TAACCTACCGTCCGAG-1,11632,9231,0.22838943153619767,0.0082003427780825,0.3790951043367386,1.0,0.5,0.4670329451560974
0,106,INT24,676,AGCTTGATCTTAACTT-1,13165,17756,0.22837155163288117,0.003836615763257888,0.3575123220682144,1.0,0.5,0.4672204226255417
0,107,INT24,74,AAATTTGCGGGTGTGG-1,14305,16661,0.22836980372667312,0.010299043613548333,0.39469288289546967,1.0,0.5,0.46281369030475616
0,108,INT24,1143,CAACTTGTAGTGGGCA-1,7076,15796,0.22822935581207277,0.0066359057285939466,0.40528021827340127,1.0,0.0,0.42225349843502047
0,109,INT24,2256,GAAAGTGACTAACTGC-1,10121,16885,0.22820012420415878,0.010226284200342576,0.4375727564096451,1.0,0.4,0.4662606596946716
0,110,INT24,4390,TTGACCATGTTCTCCG-1,9924,11747,0.22819637209177018,0.006551878104211395,0.31833537556231023,1.0,0.4,0.45340307652950285
0,111,INT24,4296,TTATGACAAACTGGAT-1,10500,16447,0.22816521674394608,0.005788668857933853,0.25095564872026443,1.0,0.5,0.47291405200958253
0,112,INT24,2687,GCGGGAACCAGGCCCT-1,8787,15028,0.2280610039830208,0.007409846415214192,0.37082506641745566,1.0,0.5,0.4557669907808304
0,113,INT24,947,ATCGACCCAATACAGA-1,13540,13382,0.22805662155151368,0.008616006270199645,0.3991264723241329,1.0,0.3,0.43367505967617037
0,114,INT24,4454,TTGGTGCGGTGTTGAA-1,6494,6942,0.22801802754402162,0.005308095217413836,0.272687678784132,1.0,0.5,0.46245512962341306
0,115,INT24,1269,CAGCAGCCCGTTCCTT-1,10685,11746,0.22798798978328705,0.012128636439093442,0.30391615331172944,1.0,0.5,0.45812785923480986
0,116,INT24,1232,CACGCACAGCGCAGCT-1,9925,12403,0.22785962969064713,0.006671660498075818,0.36228701621294024,1.0,0.5,0.46398577094078064
0,117,INT24,2057,CTCATGGCTCACAATC-1,7833,13390,0.22785819917917252,0.008505314909930065,0.35424998179078104,1.0,0.5,0.4630841851234436
0,118,INT24,1513,CCCGTAAGTCTAGGCC-1,12974,17209,0.22768979966640474,0.008730946519863024,0.37813830375671387,1.0,0.4,0.4511769235134125
0,119,INT24,1065,ATTCAGTAGCAGGGTC-1,10502,17541,0.227665539085865,0.006050049519164649,0.3968034118413925,1.0,0.5,0.47353309094905854
0,120,INT24,3140,GTCCATTACTGCTACG-1,13344,8682,0.2275471493601799,0.008334430027589037,0.2849950782954693,1.0,0.5,0.478592175245285
0,121,INT24,1474,CCATCCATACCAAGTC-1,8027,16123,0.22753000408411025,0.008112472443876279,0.40532371401786804,1.0,0.4,0.4406802594661713
0,122,INT24,1283,CAGCTGGCGTAACCGT-1,14497,17863,0.22751220166683198,0.008976152526254812,0.3365929465740919,1.0,0.5,0.4619398355484009
0,123,INT24,2037,CTATGTCTATTGAAAC-1,7454,14265,0.22749467343091964,0.008693650145594653,0.3693558268249035,1.0,0.5,0.46049324572086336
0,124,INT24,2221,CTTCTTACGTCGTATA-1,8024,13717,0.22747971564531327,0.010091165743723166,0.4264336466789246,1.0,0.2,0.4326510578393936
0,125,INT24,3605,TATGATCCGGCACGCC-1,10299,8030,0.2274218648672104,0.007651645183647241,0.4457855671644211,1.0,0.4,0.4472295731306076
0,126,INT24,917,ATCAATCTGGGCTGCA-1,11637,13166,0.22741201967000962,0.008999966067074368,0.3443341225385666,1.0,0.4,0.44927302598953245
0,127,INT24,3144,GTCCGAGAGCAATCAT-1,11455,19398,0.22732627838850022,0.008245733645516092,0.3239244483411312,1.0,0.5,0.46290306746959686
0,128,INT24,2638,GCCTATTCCGATATAG-1,9930,16995,0.2272968754172325,0.005157657990233486,0.3842261366546154,1.0,0.5,0.47721937894821165
0,129,INT24,293,ACAATTTAGGAGGCTC-1,11265,19289,0.2271436110138893,0.009562788087547553,0.3983748912811279,1.0,0.5,0.45651319026947024
0,130,INT24,2011,CTAGCAACTAATTTAC-1,5746,17219,0.22706918865442277,0.010119727764860639,0.25178882479667664,1.0,0.5,0.46508961617946626
0,131,INT24,3043,GGTTGTATCGTGAAAT-1,5552,14705,0.2268634781241417,0.009386964614294042,0.23236756697297095,1.0,0.5,0.4759905606508255
0,132,INT24,3315,GTTGAGTCCCGCCGGT-1,15250,11740,0.22685715854167937,0.010498535494725058,0.27895233519375323,1.0,0.5,0.45919070243835447
0,133,INT24,2367,GACGTGTAGGGATTAT-1,10691,16775,0.22684065699577333,0.008292776613859944,0.3521032065153122,1.0,0.5,0.478173291683197
0,134,INT24,1751,CGAGTTCTGTCCCACC-1,10493,10981,0.22681852281093598,0.00786450818800516,0.3404326975345612,1.0,0.5,0.48562692403793334
0,135,INT24,1150,CAAGGCCAGTGGTGCA-1,17910,9332,0.22681236565113067,0.007069547268219378,0.34058763459324837,1.0,0.5,0.456986865401268
0,136,INT24,134,AACTGATATTAGGCCT-1,8404,13061,0.2267874777317047,0.010484354367728101,0.4113067924976349,1.0,0.0,0.4099634289741516
0,137,INT24,1532,CCCTGAAATGAGTTGA-1,11261,16009,0.22664746940135955,0.007708743581189981,0.3563682273030281,1.0,0.5,0.4625050723552704
0,138,INT24,213,AATAGAACAGAGTGGC-1,15254,15239,0.2265947073698044,0.010974301095491329,0.3162590339779854,1.0,0.4,0.4666538029909134
0,139,INT24,2277,GAACGTCTCATGGTCG-1,11254,10762,0.22658692449331283,0.00919392608518779,0.32867821101099254,1.0,0.5,0.4634951025247574
0,140,INT24,2867,GGCCACAAGCGATGGC-1,6124,15469,0.22650910317897796,0.005637135581792319,0.46357367038726804,1.0,0.4,0.4561778545379639
0,141,INT24,2180,CTGTCAAATGGCTCGG-1,9733,11201,0.2264492928981781,0.009301718340644166,0.33739552423357966,1.0,0.4,0.44997626543045044
0,142,INT24,681,AGGACATCGGCACACT-1,18287,6926,0.22633036077022553,0.009928752264026218,0.41117976531386374,1.0,0.3,0.4359589397907257
0,143,INT24,4364,TTCTATTAAACGCAGC-1,18106,14251,0.22627050578594207,0.010523344057219556,0.3684350859373808,1.0,0.5,0.4689662575721741
0,144,INT24,3128,GTCAGAATAGTCTATG-1,11071,16775,0.22622302025556565,0.00625573469389858,0.21783110536634923,1.0,0.5,0.45186463594436643
0,145,INT24,1005,ATGGATCCGGCGTCCG-1,8972,11639,0.22620802074670793,0.007028970646612482,0.31054802648723123,1.0,0.5,0.4479460507631302
0,146,INT24,3588,TATCCAATTGGTTATC-1,15820,11630,0.22618775814771652,0.010136915221825981,0.3168514400720596,1.0,0.2,0.4323655545711517
0,147,INT24,4121,TGGCTTTGGGTAGACA-1,8976,14700,0.22615758329629898,0.006916194833811523,0.3981110818684101,1.0,0.5,0.4599778950214386
0,148,INT24,2646,GCCTTCAGCCCTACCG-1,8406,14810,0.22611541152000428,0.009766800059196938,0.26224766615778206,1.0,0.5,0.463042813539505
0,149,INT24,6,AAACAGGGTCTATATT-1,14308,18848,0.22609573751688003,0.012767478930578285,0.26020494699478147,1.0,0.5,0.4760967046022415
0,150,INT24,4376,TTCTTGGACGATCTGC-1,15256,16769,0.22602726072072982,0.007079856379631921,0.36972159817814826,1.0,0.5,0.4547161221504211
0,151,INT24,1528,CCCTCATTCTGGAATT-1,8407,15466,0.2260207012295723,0.01097622849721954,0.38049799725413325,1.0,0.5,0.47816851139068606
0,152,INT24,2736,GCTCAATGTAATACCG-1,17155,13924,0.22600424140691758,0.005175212353472369,0.3605098813772202,1.0,0.5,0.48076885044574735
0,153,INT24,2974,GGGTTCAGACGAACAA-1,8981,18198,0.22599441558122635,0.008736578047548946,0.44267665818333624,1.0,0.5,0.48166382014751435
0,154,INT24,1238,CACGTCAATCAATGGA-1,17147,7584,0.22596388161182404,0.007399778528335009,0.4392839729785919,1.0,0.5,0.4610814839601517
0,155,INT24,3087,GTAGCGGCTATACACT-1,12778,12727,0.22593749612569808,0.009560723395567579,0.37856305539608004,1.0,0.4,0.4611589521169662
0,156,INT24,2196,CTTACTGACTCCTCTG-1,18287,6489,0.2259284093976021,0.004083197805364773,0.3409811228513718,1.0,0.5,0.46078542470932005
0,157,INT24,1343,CATCATTACCCTGAGG-1,15248,9991,0.22588359713554382,0.016250035099857157,0.32347981035709383,1.0,0.2,0.44398155212402346
0,158,INT24,1156,CAAGTGTGGTTGCAAA-1,12965,9994,0.22588175982236863,0.008366746777644048,0.4468023687601089,1.0,0.5,0.4614166498184204
0,159,INT24,969,ATCTGACATGGAAGGA-1,17347,15783,0.2256467267870903,0.012527575051462979,0.31943240389227867,1.0,0.5,0.4581543982028961
0,160,INT24,4185,TGTCCTAAGTCACCGC-1,11833,16992,0.22563523650169373,0.008616114775091046,0.3851818859577179,1.0,0.5,0.48237606287002566
0,161,INT24,3389,TAATACTAGAACAGAC-1,18484,11846,0.22562083154916762,0.007964209395691924,0.2872926488518715,1.0,0.5,0.49402646720409393
0,162,INT24,2561,GCACTGTGCAAATGTA-1,7077,16670,0.22561122328042985,0.008456980720822986,0.2516804601997137,1.0,0.5,0.45023956298828127
0,163,INT24,3358,TAACATACACGCGATC-1,15828,17534,0.22559522986412048,0.011025754494708658,0.2951394595205784,1.0,0.5,0.4660190403461456
0,164,INT24,4081,TGCTGCGTCAGAGTTA-1,7254,6722,0.2254495218396187,0.007697512999576762,0.2456900652498007,1.0,0.0,0.4188225597143173
0,165,INT24,2071,CTCCTCCAGCTCACAC-1,17156,14799,0.2254188686609268,0.007543684928965704,0.2774734003469348,1.0,0.5,0.4667926400899887
0,166,INT24,2536,GCAACCACGGCCGCGT-1,13545,17099,0.225393083691597,0.012534833831695276,0.3352181240916252,1.0,0.5,0.463543114066124
0,167,INT24,1964,CGTTGTAAGATTGATT-1,10300,8467,0.2253526285290718,0.00848761337968275,0.279882150888443,1.0,0.5,0.4770113229751587
0,168,INT24,279,ACAACGGTCCCTGCGA-1,9550,16995,0.2253027603030205,0.01112391969270804,0.31204149648547175,1.0,0.5,0.4850013017654419
0,169,INT24,15,AAACCTCATGAAGTTG-1,12405,18194,0.22522979825735093,0.008288413713946128,0.35513346642255783,1.0,0.5,0.47694246768951415
0,170,INT24,2685,GCGGCTCTGACGTACC-1,12592,16117,0.22521570026874543,0.009486531290062068,0.3937027134001255,1.0,0.5,0.47325273156166076
0,171,INT24,4225,TTAACACCTCGAACAT-1,9932,17869,0.22516693770885468,0.008091951282668448,0.37569561004638674,1.0,0.5,0.47056801021099093
0,172,INT24,871,ATACTACCCGTACCAC-1,16578,8787,0.2250407963991165,0.010589931912676242,0.39006719589233396,1.0,0.4,0.45800926685333254
0,173,INT24,2587,GCATTCGAAATGAACA-1,10694,18743,0.225007563829422,0.007597388436940022,0.4261491984128952,1.0,0.5,0.4597087800502777
0,174,INT24,4271,TTAGCAACATGGATGT-1,9170,17214,0.22497448623180388,0.006327609348868695,0.35470502600073817,1.0,0.5,0.47073685824871064
0,175,INT24,2469,GATATTGAGATTGGCG-1,11823,9340,0.22496205121278762,0.006767096333971266,0.3016690075397491,1.0,0.4,0.449417906999588
0,176,INT24,1623,CCTACATTCACAGACG-1,15066,16660,0.22493138015270234,0.01184361478649573,0.37264604270458224,1.0,0.5,0.4524059295654297
0,177,INT24,1094,ATTGTACAACTCGGCT-1,12013,9012,0.22491901367902756,0.011566546979977645,0.16842902414500713,1.0,0.5,0.45466131865978243
0,178,INT24,1121,CAAATCTCTCACAAGG-1,13736,17646,0.2249024912714958,0.00992282478108552,0.43560130819678305,1.0,0.5,0.4643238395452499
0,179,INT24,4080,TGCTCTTGAGAGTTTG-1,17534,12612,0.22478953897953033,0.008915031273106005,0.47305058836936953,1.0,0.5,0.46913028657436373
0,180,INT24,1457,CCAGTAGTCTGATCCA-1,10493,10325,0.22477222979068756,0.010937574318649753,0.3040948033332825,1.0,0.4,0.4456766426563263
0,181,INT24,3696,TCATCGACGACCGTCG-1,18673,11080,0.22474540024995804,0.006836090466073537,0.42557259649038315,1.0,0.3,0.43959749639034273
0,182,INT24,1461,CCAGTGAGCTCCTTGT-1,5368,18968,0.2247135266661644,0.009958688247742202,0.3570717617869377,1.0,0.1,0.41837224662303923
0,183,INT24,2571,GCAGGAACTTAGATCT-1,15449,18627,0.22469981461763383,0.006780360691726637,0.36675974130630495,1.0,0.5,0.44626344442367555
0,184,INT24,604,AGATTCACAACCGATA-1,15449,18846,0.22463040798902512,0.013310279770044208,0.34699188321828844,1.0,0.2,0.4278718143701553
0,185,INT24,1586,CCGGAATGGTTTCAGT-1,9930,16776,0.2245905801653862,0.006838258634459555,0.42830388247966766,1.0,0.5,0.4616642534732819
0,186,INT24,1029,ATGTTCCTGCCCACCT-1,8412,19402,0.22457267940044404,0.005160307606295677,0.3803909502923489,1.0,0.5,0.4566723644733429
0,187,INT24,2653,GCGACATGTAAACATC-1,12392,8574,0.2245439276099205,0.0079121291984443,0.4351538270711899,1.0,0.5,0.4689000964164734
0,188,INT24,4254,TTACGGATGGTTCGAG-1,11634,10105,0.22454122751951217,0.013057713224216784,0.4690206527709961,1.0,0.3,0.4397940933704376
0,189,INT24,3790,TCGACAACTGAACCCG-1,16210,18626,0.22451332658529283,0.01221121111628545,0.40633609890937805,1.0,0.0,0.4086795479059219
0,190,INT24,2501,GATGCTACAAGCGCCT-1,8596,14701,0.22448867410421372,0.010139655784192252,0.41809797286987305,1.0,0.1,0.42615277171134947
0,191,INT24,985,ATGAGGAGTGTTAATC-1,10120,16448,0.22448184788227082,0.007495855566662008,0.48540090322494506,1.0,0.5,0.4464482545852661
0,192,INT24,519,ACTGTTTAGTGTAGGC-1,5932,13829,0.22447838485240937,0.010861044732741746,0.3038364665582776,1.0,0.0,0.42255985736846924
0,193,INT24,2842,GGATGAAGATCGCTGA-1,13345,9994,0.2244549199938774,0.012099764715447854,0.36187869533896444,1.0,0.4,0.4585487872362137
0,194,INT24,2326,GACACTGAGTTCAGTG-1,13733,15241,0.22439971566200256,0.007415093233350378,0.3246166378259659,1.0,0.3,0.44340281188488007
0,195,INT24,2409,GAGCGCTATGTCAGGC-1,5367,18094,0.22439059019088745,0.007504702630210474,0.32647600639611485,1.0,0.3,0.45386227071285246
0,196,INT24,3562,TAGTGTCAGAAACGGC-1,9361,18198,0.22436532527208328,0.011473976958999658,0.3576620347797871,1.0,0.4,0.4555687755346298
0,197,INT24,3366,TAACTCATCCGCGCGG-1,13542,14913,0.22436274886131286,0.009258975760618019,0.3561973810195923,1.0,0.4,0.4501117765903473
0,198,INT24,1447,CCAGATAGTTGAGTGA-1,10684,11090,0.22434946298599243,0.0055456161330706705,0.3400526225566864,1.0,0.5,0.4779014378786087
0,199,INT24,2258,GAAATACTAAACGTTT-1,8790,17871,0.22429234087467192,0.009992563578743953,0.3808759957551956,1.0,0.5,0.4735594391822815
0,200,INT24,2254,GAAAGAACAGCGTTAT-1,12393,9011,0.22424415051937102,0.00878439933830327,0.3850601248443127,1.0,0.5,0.4860161870718002
0,201,INT24,3694,TCATCCCAGAGGGTGG-1,7642,12625,0.22424199134111406,0.006235729510488686,0.277277123183012,1.0,0.1,0.43538781106472013
0,202,INT24,1406,CCAAAGTCCCGCTAAC-1,5935,16235,0.22421697676181793,0.009723974915881266,0.37611102759838105,1.0,0.2,0.4356044441461563
0,203,INT24,2497,GATGCCAGCAGAAGGC-1,9742,18416,0.2242107570171356,0.00860427029690374,0.39957334399223327,1.0,0.5,0.45628257989883425
0,204,INT24,2465,GATATCTCATGCAATA-1,7644,13937,0.22419693917036057,0.00940719064587116,0.4357997506856918,1.0,0.3,0.44468859732151034
0,205,INT24,3448,TACGATGTTGATCATC-1,12022,16445,0.22414092123508453,0.012730014042680487,0.35026440769433975,1.0,0.5,0.4650603175163269
0,206,INT24,3228,GTGCGAAATCGAACAC-1,13923,15568,0.22404813021421432,0.008158432232597745,0.3555238783359528,1.0,0.4,0.45500060319900515
0,207,INT24,192,AAGTGACGACCGAATT-1,13165,17537,0.22399583607912063,0.008089323847497432,0.48296527862548827,1.0,0.5,0.4504003584384918
0,208,INT24,997,ATGCTCAGTGTTGCAT-1,9360,17105,0.22399350702762605,0.008393125636826818,0.43700767755508424,1.0,0.5,0.47728686928749087
0,209,INT24,4186,TGTCGGCATGGTGGAA-1,7078,17764,0.22392246276140212,0.008845298498141271,0.32155214063823223,1.0,0.5,0.4672399967908859
0,210,INT24,2183,CTGTCTGTGGCTGGCT-1,6891,20278,0.22390517592430115,0.006671095580465165,0.3073671251535416,1.0,0.5,0.4786297559738159
0,211,INT24,1004,ATGGAGCAGGCCGTGA-1,12208,13056,0.22390037029981613,0.012485857425064173,0.25380621254444125,1.0,0.3,0.447128900885582
0,212,INT24,2031,CTATCACAACGCTGGA-1,19435,11735,0.22388591468334199,0.009441572533553566,0.3457930088043213,1.0,0.5,0.4564653992652893
0,213,INT24,525,ACTTATTTATGTGCCA-1,14107,10430,0.2238456755876541,0.005898210670073795,0.3252828225493431,1.0,0.5,0.45320503115653993
0,214,INT24,3347,TAAAGTGCACGTCTCG-1,19058,14797,0.22378379851579666,0.008137510118145026,0.30757720917463305,1.0,0.4,0.4462622284889221
0,215,INT24,2813,GGACTCGAAGCTTTCA-1,16765,6710,0.22373937368392943,0.005517967653191438,0.24268116056919098,1.0,0.5,0.45830102264881134
0,216,INT24,2533,GCAACACACTAGAACT-1,14117,18520,0.22372603118419648,0.007728212291984505,0.37685063257813456,1.0,0.3,0.4386626869440079
0,217,INT24,4063,TGCGGCATAGTTCAAC-1,7644,14374,0.22368817031383514,0.007435607164669516,0.4147001840174198,1.0,0.0,0.41826708912849425
0,218,INT24,1924,CGTCATACCATATCCA-1,9171,18089,0.2236829563975334,0.006512979347148319,0.41005240082740785,1.0,0.4,0.44979752600193024
0,219,INT24,3610,TATGGCAGACTTTCGA-1,5557,17984,0.22366707772016525,0.0066819771898197645,0.3236203506588936,1.0,0.3,0.4418611764907837
0,220,INT24,2131,CTGCCATGCATCACAT-1,12969,13492,0.22357977032661439,0.008102832601604784,0.37620144691318275,1.0,0.5,0.47302583158016204
0,221,INT24,3127,GTCACTCTCCAAATCT-1,9740,16886,0.22356208860874177,0.009012899247257516,0.39959303215146064,1.0,0.5,0.4757856845855713
0,222,INT24,1505,CCCGCGCAATGCACCC-1,8980,17761,0.22355705946683885,0.009734249467538349,0.42279549315571785,1.0,0.2,0.4343488156795502
0,223,INT24,3401,TAATTAGATGGATATG-1,7267,16779,0.22354501932859422,0.006362373841342905,0.34272421300411227,1.0,0.5,0.4554084360599518
0,224,INT24,2760,GCTGGCATATTCACCT-1,11262,16884,0.22352640330791473,0.007505928167220098,0.3397505022585392,1.0,0.4,0.461033034324646
0,225,INT24,1655,CCTCGGATGCTACCTG-1,11455,19179,0.22351392954587937,0.008617810557407402,0.24959153607487677,1.0,0.5,0.4514277666807175
0,226,INT24,4347,TTCGGCTAGAGATGGT-1,8790,17652,0.22350097596645355,0.009046031637994008,0.33326003775000573,1.0,0.5,0.4611025035381317
0,227,INT24,1753,CGATAACCAATTTGAG-1,6493,6723,0.2234908491373062,0.008839615592394646,0.19098258018493652,1.0,0.5,0.46544471085071565
0,228,INT24,4413,TTGCATGCTGATCACG-1,13163,16444,0.2234839230775833,0.012434771618442931,0.23239868134260178,1.0,0.4,0.47720651626586913
0,229,INT24,2693,GCGGTCCCTAGACGCA-1,7836,15358,0.2234499305486679,0.011872697062725741,0.4314386919140816,1.0,0.0,0.41494300961494446
0,230,INT24,4264,TTAGAATAAGGGTCGG-1,16966,15346,0.22344633489847182,0.007216631987138083,0.3218674689531326,1.0,0.5,0.46977750658988954
0,231,INT24,2558,GCACTAGTCGCGCTAT-1,7836,15576,0.22342559099197387,0.009602714578294362,0.3802283316850662,1.0,0.0,0.4278743535280228
0,232,INT24,3243,GTGGAGTCGGCGGTTG-1,15636,16113,0.2234192505478859,0.008852445692084501,0.41018504127860067,1.0,0.5,0.4491501241922379
0,233,INT24,2184,CTGTGCAGGGTAGGTC-1,13349,12617,0.22341821491718292,0.009458458508269336,0.37954028248786925,1.0,0.3,0.4351591944694519
0,234,INT24,1444,CCAGAAACTGATGCGA-1,18478,7473,0.22341747879981994,0.008044022614083829,0.30940895043313504,1.0,0.5,0.4567083388566971
0,235,INT24,2168,CTGGTAAAGACTTACA-1,18861,9440,0.22340310961008072,0.007841441466912999,0.3114065662026405,1.0,0.5,0.4871438294649124
0,236,INT24,1254,CACTTCGCCACAGGCT-1,9360,16886,0.22340199053287507,0.008722939197901297,0.45871852040290834,1.0,0.5,0.4488154470920563
0,237,INT24,1452,CCAGCTCGAACGCATT-1,17344,13159,0.22338701635599137,0.005616361636469437,0.4589836984872818,1.0,0.5,0.46483901143074036
0,238,INT24,1361,CATGATACGGTGAAAC-1,19815,11953,0.22334153801202775,0.010310692882018939,0.42036937475204467,1.0,0.4,0.45839797556400297
0,239,INT24,1410,CCAACGATGCACTGAT-1,11261,16228,0.22327412217855452,0.008560367258996867,0.28424505367875097,1.0,0.5,0.4528209865093231
0,240,INT24,1321,CATACACGGTTCCCAC-1,16965,14253,0.22327299267053605,0.007978741747661463,0.2838638130575418,1.0,0.4,0.45484365820884703
0,241,INT24,1298,CAGTAATCCCTCCCAG-1,9360,17542,0.22326785922050477,0.008400077511979452,0.4153877854347229,1.0,0.5,0.4684258013963699
0,242,INT24,1688,CCTTCAGTTAAAGTGA-1,16966,15127,0.22315783947706222,0.00871697317588734,0.3965550743043423,1.0,0.3,0.4337164551019669
0,243,INT24,95,AACCCATCCCATGATC-1,16020,18736,0.22313754856586457,0.010373143098494002,0.354835344851017,1.0,0.3,0.4380452215671539
0,244,INT24,1613,CCGTTCCGAATCTCGG-1,12975,17865,0.2231185406446457,0.0052178756789348375,0.3281477302312851,1.0,0.5,0.4484926998615265
0,245,INT24,4182,TGTCCCGACATAGCAC-1,7454,14046,0.22310732901096345,0.007425840691161202,0.4024609088897705,1.0,0.3,0.4410988986492157
0,246,INT24,2494,GATGAGGAACCTTCGG-1,18103,11409,0.22299500852823256,0.010900940628710875,0.36678162291646005,1.0,0.5,0.4609351933002472
0,247,INT24,1496,CCCAGTTAAGGCGCCG-1,13347,11306,0.22298519015312196,0.004712171999901504,0.47490277588367463,1.0,0.5,0.45671370923519133
0,248,INT24,3084,GTAGACGTCGTTACAT-1,7837,16013,0.22293337136507035,0.004577912233903906,0.4444210857152939,1.0,0.0,0.42634773552417754
0,249,INT24,2961,GGGTATGTATGCACTT-1,10692,17212,0.22287432551383973,0.006406659246063916,0.29468426331877706,1.0,0.4,0.4464550852775574
0,250,INT24,3278,GTTACAATTGGTGACG-1,12403,16664,0.22283538430929184,0.006455205613961415,0.41160467341542245,1.0,0.5,0.46508940756320954
0,251,INT24,2532,GCAAATGAGGACACTT-1,13168,19724,0.22281387448310852,0.006062592998879189,0.3323976188898087,1.0,0.5,0.4690377563238144
0,252,INT24,2315,GAATTATAGTGAAAGG-1,11827,12838,0.22280222475528716,0.00873359101156075,0.40707552134990693,1.0,0.5,0.47403132915496826
0,253,INT24,515,ACTGGGATGCCAGTGC-1,19248,14468,0.2227792978286743,0.0065519969797277824,0.43002261221408844,1.0,0.5,0.4743757307529449
0,254,INT24,3384,TAAGTCGGTGAGCTAG-1,18477,6598,0.2227609321475029,0.008143299326013232,0.2826626976951957,1.0,0.5,0.4606707751750946
0,255,INT24,646,AGCGGCGGTTAGCGGT-1,14879,18956,0.22275564223527908,0.005897596268369829,0.4420788109302521,1.0,0.5,0.46245820820331573
0,256,INT24,1122,CAAATGCGGAGTGTTC-1,5361,13940,0.22274146229028702,0.004971468623012532,0.43316383808851244,1.0,0.0,0.43192396461963656
1,1,INT24,2076,CTCGAGATCCAAAGCA-1,7460,18856,0.1575791910290718,0.01189480147369587,0.017840119451284407,0.1,0.0,0.04674296677112579
1,2,INT24,2702,GCGTCTAACCTCCTAA-1,11439,6498,0.15592923313379287,0.02107542118235195,-0.0077208496630191805,0.0,0.0,0.0
1,3,INT24,1672,CCTGCGTTCTACGCTT-1,11454,18742,0.15487173795700074,0.014608400959647381,0.10009620524942875,0.1,0.0,0.045593804121017455
1,4,INT24,3020,GGTGCTGATCACAAAG-1,10502,17978,0.15391140133142472,0.012345519942683616,-0.05859614852815866,0.0,0.0,0.0
1,5,INT24,133,AACTGAGTTATACTGA-1,15053,6384,0.1534435883164406,0.01962573195656924,0.048042446933686735,0.0,0.0,0.0
1,6,INT24,3742,TCCGAACGTTGCCGCT-1,15054,7040,0.15322747677564622,0.017971160471244033,0.057545772008597854,0.0,0.0,0.0
1,7,INT24,897,ATATCAACCTACAGAG-1,12393,8792,0.1527764692902565,0.015853786763074137,-0.07394685856997966,0.0,0.0,0.0
1,8,INT24,3730,TCCCGGGTGTGCTGCT-1,11832,16555,0.15268369540572166,0.017131702020194983,-0.020677126944065094,0.0,0.0,0.0
1,9,INT24,3252,GTGGGAAGACTGAATC-1,13927,18629,0.15263428166508675,0.01882102134117979,-0.020980634726583958,0.0,0.0,0.0
1,10,INT24,2358,GACGCCTGTTGCAGGG-1,7457,16889,0.15207815691828727,0.020583926560570724,-0.11089456975460052,0.1,0.0,0.04739083051681518
1,11,INT24,3449,TACGCAGTTCTTTCCT-1,13161,14695,0.15185870677232743,0.017288284856537106,-0.04504518918693066,0.0,0.0,0.0
1,12,INT24,49,AAAGTTGACTCCCGTA-1,13345,9775,0.15182602107524873,0.021523484344708063,-0.09695041365921497,0.0,0.0,0.0
1,13,INT24,3542,TAGGTTCGAGTTCGTC-1,12018,12947,0.15165759548544883,0.01908022190177835,-0.017130453325808048,0.0,0.0,0.0
1,14,INT24,472,ACGTTGTCGTTGAAAG-1,19631,16873,0.1516464777290821,0.011662317075687807,0.0014851136133074761,0.0,0.0,0.0
1,15,INT24,1002,ATGGAACCTTTGCACA-1,12581,7152,0.15146146193146706,0.0176716051584153,-0.10069516859948635,0.0,0.0,0.0
1,16,INT24,3813,TCGCCTCCTTCGGCTC-1,19433,10205,0.15119217485189437,0.01571020761456823,0.05712118148803711,0.0,0.0,0.0
1,17,INT24,1065,ATTCAGTAGCAGGGTC-1,10502,17541,0.15103891268372535,0.017498143972109383,-0.02017031330615282,0.0,0.0,0.0
1,18,INT24,3939,TCTTTAAGACTATGAA-1,11823,9558,0.15096935704350473,0.024389692980608956,-0.03864522352814674,0.0,0.0,0.0
1,19,INT24,2617,GCCCGTCAAGCCCAAT-1,19428,6706,0.15093511939048768,0.017381027622637924,0.0371527474373579,0.0,0.0,0.0
1,20,INT24,4363,TTCTATGCCTTTCGCA-1,10869,7045,0.1508892834186554,0.015036918119654314,-0.05292701981961727,0.0,0.0,0.0
1,21,INT24,4231,TTAACTCACGCGTGGA-1,9933,18744,0.15083088129758834,0.017086246011893673,-0.09444927386939525,0.0,0.0,0.0
1,22,INT24,2788,GGAAAGGGAATTGAGC-1,19245,12282,0.1508013978600502,0.01631037898840572,0.15967505872249604,0.0,0.0,0.0
1,23,INT24,2143,CTGCTCTGACGGCAAA-1,19627,13156,0.15068314969539642,0.016430234064951737,0.056025979295372966,0.0,0.0,0.0
1,24,INT24,540,ACTTTATACACCACTT-1,19444,19169,0.15059792697429658,0.01755105897635884,-0.06144250277429819,0.0,0.0,0.0
1,25,INT24,2896,GGCGTCCTATCCGCTG-1,11262,16665,0.1504080094397068,0.018301605078999614,-0.08488258384168149,0.0,0.0,0.0
1,26,INT24,1356,CATCTTACACCACCTC-1,12394,9448,0.15022772848606109,0.021454926301863974,-0.05760084930807352,0.0,0.0,0.0
1,27,INT24,2596,GCCACCTTATTCGCGA-1,20015,19277,0.15017981454730034,0.019262037133814726,-0.10292338132858277,0.0,0.0,0.0
1,28,INT24,2121,CTGATCCCTTTATGCA-1,18871,17093,0.149983187019825,0.014487523326579918,-0.05424219183623791,0.0,0.0,0.0
1,29,INT24,2137,CTGCGACCTCGCCGAA-1,18865,12282,0.14980174899101256,0.019007910456631368,-0.0012425221502780914,0.0,0.0,0.0
1,30,INT24,4239,TTAAGGATACGGAGGT-1,6695,16015,0.1497989997267723,0.016002429092521118,-0.15897161178290845,0.0,0.0,0.0
1,31,INT24,746,AGGTTACACCATGCCG-1,13533,7698,0.14975967183709143,0.017016082513499644,-0.15138123072683812,0.0,0.0,0.0
1,32,INT24,1470,CCATAGTCAGTAACCC-1,8220,18418,0.14970152378082274,0.017168885549070163,0.006515115313231945,0.0,0.0,0.0
1,33,INT24,3277,GTTAATGTCTATCTTA-1,11074,18961,0.14969949126243592,0.016934961539670862,-0.09189151078462601,0.0,0.0,0.0
1,34,INT24,1754,CGATAATACTCAGGTT-1,13532,7479,0.14969628006219865,0.01725065740170923,-0.08714151047170163,0.0,0.0,0.0
1,35,INT24,4465,TTGTCTCGGCAAGATG-1,19630,15780,0.14967872500419616,0.013801123999444248,-0.013893273845314979,0.0,0.0,0.0
1,36,INT24,2055,CTCATAAATGTGTATA-1,19431,8674,0.1496761456131935,0.01611613681552897,0.008648118190467357,0.0,0.0,0.0
1,37,INT24,4225,TTAACACCTCGAACAT-1,9932,17869,0.14964955523610116,0.01696163553976087,-0.038799746334552764,0.0,0.0,0.0
1,38,INT24,982,ATGACGCGTTCTATCC-1,15257,16988,0.1495382621884346,0.014621818695520967,-0.09897036496549845,0.0,0.0,0.0
1,39,INT24,2612,GCCCGACTTCTTCCCG-1,14687,17535,0.149500785022974,0.01725650649884962,-0.11262659970670938,0.0,0.0,0.0
1,40,INT24,1591,CCGGCGCATATTGGAT-1,8025,14155,0.1494648702442646,0.018010945730114535,-0.2387096866965294,0.0,0.0,0.0
1,41,INT24,4177,TGTATCCTTATTCCAT-1,7265,14812,0.1494501955807209,0.0207607180775626,-0.10642911940813064,0.0,0.0,0.0
1,42,INT24,59,AAATGATTCGATCAGC-1,9348,8140,0.14944508001208306,0.01920906289044486,-0.03758876211941242,0.0,0.0,0.0
1,43,INT24,1335,CATAGTGGGCACGCCT-1,18857,6598,0.1494344010949135,0.014696572650628547,-0.10383106097579002,0.0,0.0,0.0
1,44,INT24,496,ACTCCCTAATGCTAAA-1,16202,12723,0.14942569136619568,0.013713773826146717,-0.01384296678006649,0.0,0.0,0.0
1,45,INT24,1301,CAGTAGATGATGTCCG-1,8603,20167,0.14938512444496155,0.016453619540472093,-0.145952757447958,0.0,0.0,0.0
1,46,INT24,3653,TCAATATACAGGAGGC-1,18668,7363,0.14935453310608865,0.017030282204180423,-0.19939047358930112,0.1,0.0,0.04500633776187897
1,47,INT24,3912,TCTGCTTAGAACAAGC-1,14863,6493,0.14931648820638657,0.018982564372462072,-0.11054906845092774,0.0,0.0,0.0
1,48,INT24,4299,TTATGTTTGCGATAGA-1,10312,18087,0.1493098609149456,0.01662187142959663,-0.09780407212674617,0.0,0.0,0.0
1,49,INT24,2986,GGTACGTTGCGGCCGG-1,17908,8020,0.14930401891469955,0.01800545315410974,-0.15348089933395387,0.0,0.0,0.0
1,50,INT24,1250,CACTCGGTTAGGAGGA-1,12025,18850,0.1490388922393322,0.015525894212241726,-0.054134914092719554,0.0,0.0,0.0
1,51,INT24,3412,TACAAGTCTCGTGCAT-1,11262,17321,0.14902764558792114,0.017306901753770226,-0.04015354141592979,0.0,0.0,0.0
1,52,INT24,2942,GGGCCCTTATCTATAC-1,11646,19726,0.14901299253106118,0.016796568351550502,-0.03713869415223599,0.0,0.0,0.0
1,53,INT24,3448,TACGATGTTGATCATC-1,12022,16445,0.14901117980480194,0.018958354594933634,-0.06492161937057972,0.0,0.0,0.0
1,54,INT24,4149,TGGTCTGTTGGGCGTA-1,12403,17101,0.14897218123078346,0.022187873252543802,0.024194583669304846,0.0,0.0,0.0
1,55,INT24,2097,CTCTACATCCTGCGTG-1,19056,13047,0.148912001401186,0.016372954489739747,0.13629082385450603,0.0,0.0,0.0
1,56,INT24,609,AGCACTACCGGCCTGT-1,11834,18085,0.14890834987163543,0.017034260513922917,-0.004148726351559162,0.0,0.0,0.0
1,57,INT24,1433,CCACGAGAAGAGAATC-1,8593,12077,0.1488489992916584,0.02182233299725633,-0.09655122496187687,0.0,0.0,0.0
1,58,INT24,321,ACAGGTGTGTTGTTGC-1,12598,20271,0.1487920194864273,0.01752486225391699,-0.1011978380382061,0.0,0.0,0.0
1,59,INT24,2787,GGAAACTAAATGGGCC-1,16768,9115,0.14878163635730743,0.017407460617604738,-0.07934804782271385,0.0,0.0,0.0
1,60,INT24,2753,GCTGAGCAACGGTTCT-1,8983,19510,0.14873606264591216,0.020114482440916532,-0.09592024274170399,0.0,0.0,0.0
1,61,INT24,2985,GGTACCATTAAGACGG-1,10871,8794,0.14872968941926956,0.01930215112241307,-0.05925822723656893,0.0,0.0,0.0
1,62,INT24,1762,CGATCTGTTGGAGGAC-1,14116,17645,0.14872854501008986,0.017265053997003673,0.0699560409411788,0.0,0.0,0.0
1,63,INT24,4322,TTCCAGACGAGATTTA-1,12772,8136,0.14870999604463578,0.014589910673334023,-0.07561522908508778,0.0,0.0,0.0
1,64,INT24,1523,CCCTAGTGTCAGGTGT-1,7269,18091,0.14863621070981026,0.019322321952576427,0.024666593223810197,0.0,0.0,0.0
1,65,INT24,427,ACGCCAGTGCGTTTGC-1,19051,9112,0.14861593917012214,0.019519059097114717,-0.07345155961811542,0.0,0.0,0.0
1,66,INT24,2564,GCAGATCCTCGCAAAT-1,9743,18853,0.14858937710523606,0.016066579495346185,-0.0670976497232914,0.0,0.0,0.0
1,67,INT24,4092,TGGAATTAGACGCTTT-1,10313,18306,0.14858468845486641,0.021013279777318625,-0.05159690976142883,0.0,0.0,0.0
1,68,INT24,1598,CCGGTATCTGGCGACT-1,20004,10969,0.14857590049505234,0.015939738667982813,0.00781666934490204,0.0,0.0,0.0
1,69,INT24,1648,CCTCCTGAGCCCACAT-1,12597,19396,0.1485655814409256,0.012376922464497196,-0.03999659605324268,0.0,0.0,0.0
1,70,INT24,4022,TGCACTATGTGAGTGC-1,8601,18855,0.1485086515545845,0.0172426335609744,-0.014791041612625122,0.0,0.0,0.0
1,71,INT24,361,ACCATTAAGGGTGTCA-1,7842,19730,0.1484668232500553,0.02091801593125003,-0.04819717016071081,0.0,0.0,0.0
1,72,INT24,4439,TTGGACATGTGGCTTA-1,13164,17100,0.1484482042491436,0.01897383701628243,-0.12709636315703393,0.0,0.0,0.0
1,73,INT24,1482,CCATTCCCTGCCCACA-1,11641,16009,0.14841339886188507,0.018201677627111175,-0.05274061523377895,0.0,0.0,0.0
1,74,INT24,636,AGCGACAGGAACGGTC-1,15065,16223,0.1483416073024273,0.018522888128235517,-0.1643427774310112,0.0,0.0,0.0
1,75,INT24,778,AGTCCAGCGGGTACGT-1,6127,18093,0.14833665043115615,0.018673077348158804,-0.14505814239382744,0.0,0.0,0.0
1,76,INT24,3566,TATACCGAGTGCCACA-1,14863,7149,0.14826743677258492,0.01996781380603189,-0.2403299927711487,0.0,0.0,0.0
1,77,INT24,2351,GACCTGGTCTGGGCGT-1,7272,20278,0.14826377034187316,0.01616057948353635,-0.07198973521590232,0.0,0.0,0.0
1,78,INT24,3535,TAGGGAGCTTGGGATG-1,12204,9777,0.14824611470103263,0.017029171849366767,-0.1459311366081238,0.0,0.0,0.0
1,79,INT24,2032,CTATCGACGAAATACA-1,15438,10100,0.14820818975567818,0.01820353003176898,-0.09392323829233647,0.0,0.0,0.0
1,80,INT24,144,AAGAAAGTTTGATGGG-1,19635,19497,0.14819187745451928,0.018217544579235155,0.029874601401388645,0.0,0.0,0.0
1,81,INT24,1785,CGCCACCCGCATTAAC-1,6508,18311,0.14814730510115623,0.02072864651712487,-0.06909712292253971,0.0,0.0,0.0
1,82,INT24,564,AGACCGGGAAACCCTG-1,13166,18412,0.1481059454381466,0.019274216359382826,0.00573879424482584,0.0,0.0,0.0
1,83,INT24,398,ACCTACAGTATGTGGT-1,13153,7917,0.14808651506900788,0.019712870617733608,-0.11494145374745131,0.0,0.0,0.0
1,84,INT24,2799,GGAAGGACACCGTATA-1,19244,11189,0.14806419387459754,0.020234698442316415,-0.1011305171996355,0.0,0.0,0.0
1,85,INT24,2417,GAGGAGATCCTCATGC-1,7651,19403,0.1480403684079647,0.02025086439458183,-0.08169442303478718,0.0,0.0,0.0
1,86,INT24,2490,GATCTTTGCAGGGTAT-1,12212,16117,0.14802909567952155,0.01690532564591696,-0.015081097930669784,0.0,0.0,0.0
1,87,INT24,2511,GATGTTTGTGCGAGAT-1,9170,16996,0.1480208680033684,0.023826912825444434,-0.027332306280732153,0.0,0.0,0.0
1,88,INT24,2966,GGGTCATGCGTACCAT-1,9552,18744,0.1480014555156231,0.01845693444381907,-0.04060075394809246,0.0,0.0,0.0
1,89,INT24,287,ACAATAGTCGTACGTT-1,13356,18083,0.14799098595976828,0.017092215552674924,-0.0917404469102621,0.0,0.0,0.0
1,90,INT24,1453,CCAGCTTCCGCCCGCA-1,10883,18415,0.1479496605694294,0.01720937235278355,-0.020859045349061488,0.0,0.0,0.0
1,91,INT24,2560,GCACTGCCTACCTTTA-1,17914,12830,0.14793239086866378,0.017257087820954805,-0.005646834149956703,0.0,0.0,0.0
1,92,INT24,1637,CCTATGGTCAAAGCTG-1,18295,12830,0.14793173596262932,0.018336869502020094,-0.0487322686240077,0.0,0.0,0.0
1,93,INT24,2333,GACAGGTAATCCGTGT-1,19810,7580,0.1478586509823799,0.015321617627727996,0.014121679030358792,0.0,0.0,0.0
1,94,INT24,2586,GCATTCAAGGCAACGC-1,10680,8467,0.14785449728369712,0.023309267042265082,-0.18313767109066248,0.1,0.0,0.04702901244163513
1,95,INT24,3536,TAGGTCCAAGTAAGGA-1,10883,17759,0.14782469868659973,0.0191444796621491,-0.09624087922275067,0.0,0.0,0.0
1,96,INT24,2017,CTAGGCGCCCTATCAG-1,15058,10319,0.14782365560531616,0.022679418076319086,-0.01069050021469593,0.0,0.0,0.0
1,97,INT24,716,AGGGAGACATACTTCG-1,10870,7920,0.14781129211187363,0.01601775627314048,-0.1457868492230773,0.0,0.0,0.0
1,98,INT24,2515,GATTAGAAACAAGCGT-1,19630,15342,0.14780925437808037,0.01419575009046153,0.009321515448391438,0.0,0.0,0.0
1,99,INT24,2172,CTGGTCATTCCAATCC-1,9742,18635,0.1477571353316307,0.01234569655305632,-0.04178229346871376,0.0,0.0,0.0
1,100,INT24,2073,CTCCTTTACGCAAGTC-1,9729,8359,0.14775584116578103,0.019756988357301362,-0.06634537577629089,0.0,0.0,0.0
1,101,INT24,1033,ATGTTTCGGCCCGGAG-1,11629,6607,0.14774857237935066,0.016686297685416254,-0.12989181615412235,0.0,0.0,0.0
1,102,INT24,3145,GTCCGGACCTGAAATT-1,15629,10647,0.14773345589637757,0.028027223945366896,-0.016489409282803534,0.0,0.0,0.0
1,103,INT24,2099,CTCTCACAATCGATGA-1,11447,12620,0.14773179292678834,0.019923704526600073,-0.07027338370680809,0.0,0.0,0.0
1,104,INT24,3434,TACCGGCTCACTGCCC-1,14301,13163,0.14771948605775834,0.019396917743348986,-0.06395014636218548,0.0,0.0,0.0
1,105,INT24,921,ATCAGAAGCTGGTTGC-1,20016,19715,0.147666896879673,0.016466958515996305,-0.0059467703104019165,0.0,0.0,0.0
1,106,INT24,554,AGAATACAGGCTATCC-1,19622,9439,0.14761610627174376,0.019884046750190017,0.06516213975846767,0.0,0.0,0.0
1,107,INT24,3339,TAAACCCAGGAGGGCA-1,15636,16331,0.14754890874028206,0.021343171668329754,0.04242082946002483,0.0,0.0,0.0
1,108,INT24,3675,TCAGAGCATGTCAACG-1,20015,19496,0.1475360944867134,0.016178776428915787,0.027616178058087824,0.0,0.0,0.0
1,109,INT24,1780,CGCATGGTGCGATGCT-1,12969,13055,0.14753428995609283,0.018392229380221576,-0.2441451381891966,0.0,0.0,0.0
1,110,INT24,3676,TCAGAGGACGCGTTAG-1,19624,10751,0.14752584844827651,0.017612232941927333,-0.04040278047323227,0.0,0.0,0.0
1,111,INT24,2993,GGTATGAAAGAACTGA-1,11837,20272,0.1475207418203354,0.016372138030454366,0.0935393325984478,0.0,0.0,0.0
1,112,INT24,2838,GGATCCGGAATATACT-1,11825,11308,0.1474851794540882,0.018503052408356903,-0.051956999488174914,0.0,0.0,0.0
1,113,INT24,3009,GGTCTTGGTGTTAACT-1,6701,20169,0.14745943769812583,0.01813037373057359,-0.16072335392236708,0.0,0.0,0.0
1,114,INT24,3160,GTCGCGTAACCCGTTG-1,12777,12072,0.14743512272834777,0.019814919161768328,-0.008380977623164653,0.0,0.0,0.0
1,115,INT24,3936,TCTTGCTCCCGATACT-1,17724,12940,0.14741411432623863,0.017672902772063147,-0.1376284260302782,0.0,0.0,0.0
1,116,INT24,3716,TCCAGGGTATATACGA-1,16964,13378,0.14741212725639344,0.014439869962689362,-0.17426444068551064,0.0,0.0,0.0
1,117,INT24,1809,CGCGCAAGGAACTACA-1,6316,17109,0.14736821576952935,0.02091615608736643,-0.08045956753194332,0.0,0.0,0.0
1,118,INT24,4467,TTGTGAGGCATGACGC-1,13547,18848,0.14736600071191788,0.019023998301222086,-0.0491355461999774,0.0,0.0,0.0
1,119,INT24,2605,GCCATCGATGCTGCAT-1,11441,8247,0.1473400726914406,0.025074628547373478,-0.19688273817300797,0.0,0.0,0.0
1,120,INT24,3882,TCTATCCGATTGCACA-1,19243,10970,0.14729889556765557,0.017057049666719577,0.08840752225369215,0.0,0.0,0.0
1,121,INT24,1120,CAAAGTCAGGTTAGCT-1,7080,19075,0.14728738963603974,0.016995915290586604,-0.07061617486178876,0.0,0.0,0.0
1,122,INT24,1314,CAGTTCGAGGACCCGA-1,18488,14907,0.1471786081790924,0.017749799597556307,0.06015502531081438,0.0,0.0,0.0
1,123,INT24,2060,CTCATTCGTGAACATC-1,10505,19946,0.14716446325182914,0.020691917903195144,-0.10128706805408001,0.1,0.0,0.044202005863189696
1,124,INT24,1772,CGCACGTCTGTTTATG-1,18300,16765,0.14715985506772994,0.020052615694199555,0.05472451690584421,0.0,0.0,0.0
1,125,INT24,421,ACGCAATCACTACAGC-1,10110,8358,0.14714564830064775,0.016989812221237806,-0.07312090564519166,0.0,0.0,0.0
1,126,INT24,243,AATGAGTTCGCATATG-1,8220,17981,0.14709811359643937,0.01931976279385744,0.05248197503387928,0.0,0.0,0.0
1,127,INT24,883,ATAGCTGCTCTTGTTA-1,8412,19183,0.14708029925823213,0.02066912804516961,0.03872243613004685,0.0,0.0,0.0
1,128,INT24,1920,CGTCAATCTTTAACAT-1,7461,19294,0.14705771282315255,0.01905347031981623,-0.05711916852742434,0.0,0.0,0.0
1,129,INT24,3871,TCTAACTGTATGTAAA-1,10504,19071,0.14705495163798332,0.017443161147292933,-0.05917793214321136,0.0,0.0,0.0
1,130,INT24,1554,CCGAGAAGTCGCATAA-1,14104,8025,0.14704565778374673,0.020983520635863118,-0.1523778185248375,0.0,0.0,0.0
1,131,INT24,1654,CCTCGGACCGGGATAG-1,13156,10978,0.1470331646502018,0.02223215049337536,-0.07536589577794076,0.0,0.0,0.0
1,132,INT24,2577,GCATACGAGGTCTTTA-1,12596,18740,0.14702427983283997,0.01726399815042558,0.11006085872650147,0.0,0.0,0.0
1,133,INT24,1027,ATGTGAAAGCCTAATG-1,14116,17864,0.14701919183135032,0.018714001702397804,-0.11402213666588068,0.0,0.0,0.0
1,134,INT24,2462,GATAGTGCGAGTAAGT-1,18298,15453,0.14701285660266877,0.014587729408252273,0.0073978986591100694,0.0,0.0,0.0
1,135,INT24,3641,TCAACATAGCGCCCTA-1,16396,15456,0.14700865596532822,0.017414075818506618,-0.08482078574597836,0.0,0.0,0.0
1,136,INT24,3296,GTTCACAGGAGTCTAG-1,11452,16555,0.1469916008412838,0.01657311749019113,-0.18626690208911895,0.0,0.0,0.0
1,137,INT24,3096,GTAGTTCGAAGGCGAA-1,17728,16001,0.1469726100564003,0.013975231189750317,-0.10809844508767127,0.0,0.0,0.0
1,138,INT24,76,AACAATTACTCTACGC-1,10882,17540,0.14697233587503433,0.02029673988945993,-0.07371462248265744,0.0,0.0,0.0
1,139,INT24,3351,TAAATGGGCTACTGAG-1,17335,6381,0.14694939851760863,0.012733999519650369,-0.13728566449135543,0.0,0.0,0.0
1,140,INT24,2239,CTTTGACGTCGCTTCT-1,13739,20269,0.1469343215227127,0.023316299780388162,0.04033977575600147,0.0,0.0,0.0
1,141,INT24,3215,GTGATTCGCCGCTCAA-1,14494,15896,0.14690831154584885,0.018124061913932652,-0.02508038729429245,0.0,0.0,0.0
1,142,INT24,2616,GCCCGTAATACCTTCT-1,10494,11637,0.14690059125423433,0.018800125332367253,-0.10633952673524619,0.0,0.0,0.0
1,143,INT24,703,AGGCCCTAGAACGCCA-1,13926,17536,0.14687840342521669,0.0138606540244113,-0.11070789620280266,0.0,0.0,0.0
1,144,INT24,3186,GTCTGCCGACTCGACG-1,19243,10751,0.14687324091792106,0.019613424524791406,-0.10017046332359314,0.0,0.0,0.0
1,145,INT24,3849,TCGTAAGACGACATTG-1,10494,11856,0.14687275737524033,0.01909099873298355,-0.11937859524041414,0.0,0.0,0.0
1,146,INT24,4255,TTACGGTGTCACCGAG-1,6315,16234,0.14686179757118226,0.024841307432021748,-0.06505708694458008,0.0,0.0,0.0
1,147,INT24,2169,CTGGTAAAGTGTGGGC-1,16767,7803,0.14685335978865624,0.02285243610323837,-0.02885056212544441,0.0,0.0,0.0
1,148,INT24,206,AATAACACTAGAACAA-1,15255,16113,0.1468056358397007,0.018213630988081576,-0.14053733199834822,0.0,0.0,0.0
1,149,INT24,2602,GCCAGGCTTAGTGGTA-1,7081,19731,0.14678241312503815,0.016375960358352263,-0.022061727941036224,0.0,0.0,0.0
1,150,INT24,2231,CTTGTGCTCACCGATT-1,9541,9999,0.14678107351064681,0.018624362102069837,-0.09839933589100838,0.0,0.0,0.0
1,151,INT24,2849,GGATTGAAGTAGCCTC-1,19812,9111,0.14678015634417535,0.017066776847309593,0.06504084952175618,0.0,0.0,0.0
1,152,INT24,2252,GAAACTCGTGCGATGC-1,10692,17650,0.14677467793226243,0.017361035526097808,-0.0745880626142025,0.0,0.0,0.0
1,153,INT24,1392,CATTCAGGTCAGTGCG-1,6318,17983,0.14676516279578208,0.022329157830096816,-0.11104591488838196,0.0,0.0,0.0
1,154,INT24,3829,TCGGAGTACATGAGTA-1,11446,12183,0.14675186574459076,0.018545126048785138,-0.13604420758783817,0.0,0.0,0.0
1,155,INT24,852,ATACCACGGGCAACTT-1,12023,17101,0.1467491328716278,0.01600870890954919,-0.10887344740331173,0.0,0.0,0.0
1,156,INT24,3876,TCTACGCACGATCTCC-1,19632,17092,0.14674447923898698,0.01726159858529222,0.0398892380297184,0.0,0.0,0.0
1,157,INT24,682,AGGACGACCCATTAGA-1,13542,15350,0.146706286072731,0.01944613374508233,-0.20442554764449597,0.0,0.0,0.0
1,158,INT24,1206,CACCCGGTTTGTGACT-1,15446,16004,0.14668870642781257,0.01981932597617219,-0.11403059028089046,0.0,0.0,0.0
1,159,INT24,4371,TTCTGTTTCCTGTCGC-1,9172,18963,0.1466768704354763,0.015129918462582636,-0.19730641655623912,0.0,0.0,0.0
1,160,INT24,166,AAGCGCAGGGCTTTGA-1,18104,12283,0.14667451679706572,0.016867063653645563,-0.17098395265638827,0.0,0.0,0.0
1,161,INT24,3598,TATCTAGCCTAAAGGA-1,11835,18960,0.14666928052902223,0.01742277010069192,-0.024594442546367647,0.0,0.0,0.0
1,162,INT24,3394,TAATATTGAAATTCGC-1,8597,15138,0.14665741398930549,0.017393393074065833,-0.10346086136996746,0.0,0.0,0.0
1,163,INT24,3171,GTCGTGTCTGGTCATC-1,10680,8248,0.14665101021528243,0.021083852219147003,-0.24740625880658626,0.0,0.0,0.0
1,164,INT24,2101,CTCTCGCTGTACTATG-1,9934,19618,0.1466427728533745,0.01995551267959496,-0.13308628052473068,0.0,0.0,0.0
1,165,INT24,3827,TCGGACGCCCAGCCCA-1,11636,11636,0.1466371588408947,0.016651250896811545,-0.028949504159390925,0.0,0.0,0.0
1,166,INT24,592,AGATACCGGTGTTCAC-1,12973,16116,0.1466292016208172,0.01784219110388,-0.026873536035418512,0.0,0.0,0.0
1,167,INT24,699,AGGCCACATTGGTTAC-1,14102,6494,0.14662165567278862,0.021448520577591227,-0.15994316190481186,0.0,0.0,0.0
1,168,INT24,3105,GTATCGGGACGAGCTG-1,6318,18639,0.14658662378787995,0.019816384174486536,-0.09164977706968784,0.0,0.0,0.0
1,169,INT24,4002,TGATCTATCACACTCT-1,19052,10205,0.1465664230287075,0.017763431663016235,-0.10446077361702918,0.0,0.0,0.0
1,170,INT24,4160,TGTAATGACCACAATA-1,12215,18741,0.14655569568276405,0.01920547370112743,-0.0024423554539680483,0.0,0.0,0.0
1,171,INT24,1940,CGTGCAGACTGGGACA-1,12968,12181,0.1465415544807911,0.020520119496027837,-0.0970991887152195,0.0,0.0,0.0
1,172,INT24,4425,TTGCGGAAAGCTGCCC-1,19820,15670,0.1465039260685444,0.016543342177316053,-0.024363061413168907,0.0,0.0,0.0
1,173,INT24,3260,GTGTACCTTGGCTACG-1,10304,11747,0.14650326892733573,0.013274006746686677,-0.04030534587800503,0.0,0.0,0.0
1,174,INT24,1793,CGCCCTTGAAGGCTGA-1,9932,18088,0.14649681225419045,0.017312598932982263,-0.07161803841590882,0.0,0.0,0.0
1,175,INT24,3308,GTTCGGTGTGGATTTA-1,6320,19951,0.14648834690451623,0.021346663243583086,0.01805181261152029,0.0,0.0,0.0
1,176,INT24,1658,CCTCTAATCTGCCAAG-1,9734,12294,0.14641296118497849,0.01851612075688683,-0.06844903528690338,0.0,0.0,0.0
1,177,INT24,986,ATGAGGGCAGCGGCTA-1,13342,7151,0.14639082476496695,0.021122997977987445,-0.14767816178500653,0.0,0.0,0.0
1,178,INT24,2597,GCCACTCAGAGCGCGA-1,16579,9880,0.14637935236096383,0.017015919631168965,-0.07919924631714821,0.0,0.0,0.0
1,179,INT24,4209,TGTTCTCATACTATAG-1,18857,6379,0.1463443174958229,0.015022121532547231,-0.08757256753742695,0.0,0.0,0.0
1,180,INT24,4025,TGCAGCTACGTACTTC-1,13356,18521,0.14632785245776175,0.01573440258601299,0.031781282648444174,0.0,0.0,0.0
1,181,INT24,1583,CCGCTTGCTGACATGG-1,10489,7920,0.1462860271334648,0.014671792147241545,-0.18606281392276286,0.0,0.0,0.0
1,182,INT24,2960,GGGTACTTCATGAACT-1,12402,16008,0.14625767543911933,0.019179286645491105,-0.14353479743003844,0.0,0.0,0.0
1,183,INT24,3747,TCCGAGAAGGCTAAGC-1,6505,15687,0.14622463062405586,0.01871939017048728,-0.14306372702121734,0.0,0.0,0.0
1,184,INT24,565,AGACGAAGTGCCGGTC-1,14677,9664,0.14620771631598473,0.01748793893122515,-0.17441078871488572,0.0,0.0,0.0
1,185,INT24,2861,GGCATACAGGTAGCGG-1,11832,16774,0.14620479196310043,0.01892202114805197,-0.1998717576265335,0.0,0.0,0.0
1,186,INT24,286,ACAAGTAATTGTAAGG-1,20013,17966,0.1461991399526596,0.018371889469562742,-0.09778650123625994,0.0,0.0,0.0
1,187,INT24,1449,CCAGCCTGGACCAATA-1,12398,13165,0.14618402272462844,0.016048300874584386,-0.04560503866523504,0.0,0.0,0.0
1,188,INT24,3824,TCGCTTTAAACGTTTG-1,10113,10763,0.14617876335978508,0.020818902926386888,-0.10471919178962708,0.0,0.0,0.0
1,189,INT24,3089,GTAGCTCCGGGAGGCT-1,17728,16219,0.1461624436080456,0.015616621220265872,-0.1233385369181633,0.0,0.0,0.0
1,190,INT24,3326,GTTTATGGGATTTAGA-1,9553,19400,0.14615859761834143,0.014656392889684622,-0.24520609229803086,0.0,0.0,0.0
1,191,INT24,1930,CGTCGGATAGTGTTGA-1,11823,9777,0.14614602848887442,0.016318638114440582,-0.03280628621578217,0.0,0.0,0.0
1,192,INT24,2254,GAAAGAACAGCGTTAT-1,12393,9011,0.14613630399107932,0.0182585175058063,-0.05025626588612795,0.0,0.0,0.0
1,193,INT24,1145,CAAGACTCAGAAGCGC-1,11058,6498,0.14612137228250505,0.02054633096843321,-0.06962409205734729,0.0,0.0,0.0
1,194,INT24,1178,CACAATGAGCTGCTAT-1,13352,14804,0.14612018838524818,0.018336149653455956,-0.08639831878244877,0.0,0.0,0.0
1,195,INT24,3537,TAGGTCGCCGGAACTG-1,11442,9340,0.1461163803935051,0.023916324759589772,-0.2391543358564377,0.0,0.0,0.0
1,196,INT24,345,ACCAAGAACGCGTGTC-1,8596,14919,0.14610251933336257,0.019662290731743567,-0.12388048581779003,0.0,0.0,0.0
1,197,INT24,1517,CCCGTGGGTTAATTGA-1,5939,19296,0.14610134288668633,0.016736532322482532,-0.06342378109693528,0.0,0.0,0.0
1,198,INT24,1258,CAGACACCGATCGCTG-1,15444,14692,0.1460718184709549,0.020820470448341743,-0.07761734910309315,0.0,0.0,0.0
1,199,INT24,2422,GAGGCCTGTTGATACA-1,17338,8567,0.14605481550097466,0.02102155078597263,-0.07384154424071313,0.0,0.0,0.0
1,200,INT24,3129,GTCAGACAGCGTTGGA-1,6891,19841,0.1460469603538513,0.02066030471603922,-0.06411438062787056,0.0,0.0,0.0
1,201,INT24,1908,CGTAACTTCGACACTT-1,18297,14798,0.14603979885578156,0.019711731593510643,-0.025343557819724083,0.0,0.0,0.0
1,202,INT24,3170,GTCGTCTGGTTGGCTA-1,11059,6936,0.14603402242064475,0.0159113382935679,-0.06476676687598229,0.0,0.0,0.0
1,203,INT24,4159,TGTAAGACTGATAAGA-1,17924,20264,0.1460219755768776,0.02062860446073953,0.04688022173941135,0.0,0.0,0.0
1,204,INT24,2791,GGAACCCGAACAAGAA-1,9743,19291,0.14602076709270478,0.013374331621233465,-0.15999536849558355,0.0,0.0,0.0
1,205,INT24,933,ATCATTGTACCGCATT-1,17353,20155,0.145981502532959,0.015611460389261003,0.05174631159752607,0.0,0.0,0.0
1,206,INT24,4398,TTGAGCAGCCCACGGT-1,13723,7588,0.14598077684640884,0.019586289794394657,-0.201390865072608,0.0,0.0,0.0
1,207,INT24,875,ATACTTGTTCTCGAGC-1,11075,19180,0.14596797674894332,0.01812742871912089,-0.10395681373775005,0.0,0.0,0.0
1,208,INT24,3684,TCAGGGCGCAAACTCG-1,9552,18526,0.145963604003191,0.017917483234794016,-0.04827185310423374,0.0,0.0,0.0
1,209,INT24,4334,TTCCGGTTACCCACTT-1,13917,10758,0.14594124108552933,0.015793907985198655,-0.09031105563044547,0.0,0.0,0.0
1,210,INT24,4216,TGTTTCGGTACTTCTC-1,8785,14154,0.14593587815761566,0.020038484333767724,-0.21293217167258263,0.0,0.0,0.0
1,211,INT24,2293,GAAGGACTAAATTGAA-1,6128,18749,0.1459056705236435,0.014284390567477693,-0.18676301538944245,0.0,0.0,0.0
1,212,INT24,508,ACTGAAACGCCGTTAG-1,16199,10099,0.14590240642428398,0.019310136172551964,0.009177751094102859,0.0,0.0,0.0
1,213,INT24,1452,CCAGCTCGAACGCATT-1,17344,13159,0.14588360711932183,0.017599736903826817,0.025749010592699052,0.0,0.0,0.0
1,214,INT24,4356,TTCGTGGGCTGGAAGC-1,6114,7817,0.14583869352936746,0.018761106740227743,-0.11930256225168705,0.0,0.0,0.0
1,215,INT24,3943,TCTTTCCTTCGAGATA-1,16385,7147,0.14580734446644783,0.020422734737914318,-0.11680720411241055,0.0,0.0,0.0
1,216,INT24,3674,TCAGAACGGCGGTAAT-1,19244,11626,0.1458006665110588,0.023149543148434613,0.04001018423587084,0.0,0.0,0.0
1,217,INT24,1730,CGACTTGCCGGGAAAT-1,20014,18403,0.14578617438673974,0.018397126515406155,0.025448178127408027,0.0,0.0,0.0
1,218,INT24,79,AACACGAGACGCGGCC-1,13926,17973,0.14578012898564338,0.019306066965443913,-0.007934485003352166,0.0,0.0,0.0
1,219,INT24,1061,ATTCAACCATTTAAGG-1,16388,9334,0.14577993303537368,0.020770623791769718,-0.07023718804121018,0.0,0.0,0.0
1,220,INT24,3831,TCGGATCTGGATGACC-1,18113,19717,0.14577981755137442,0.01865139590085823,0.06050032526254654,0.0,0.0,0.0
1,221,INT24,4080,TGCTCTTGAGAGTTTG-1,17534,12612,0.14577884525060653,0.017806847255093274,0.033019779995083806,0.0,0.0,0.0
1,222,INT24,3147,GTCCGGGTTCACATTA-1,18485,12502,0.14576731622219086,0.019194133260993264,-0.1441903319209814,0.0,0.0,0.0
1,223,INT24,3857,TCGTCACACTGTTAGC-1,10503,18196,0.14576730206608773,0.01572812346335822,-0.14005767740309238,0.0,0.0,0.0
1,224,INT24,2355,GACGATATCACTGGGT-1,19060,16546,0.14575707539916039,0.013902384702417257,0.007555786147713661,0.0,0.0,0.0
1,225,INT24,3761,TCCGGGCCACTAACGG-1,19812,9329,0.14574908092617989,0.017774445491792083,0.035271172598004344,0.0,0.0,0.0
1,226,INT24,2278,GAACGTTAGGAAGACG-1,11645,18632,0.14574479758739473,0.016254072691162434,0.002882266603410244,0.0,0.0,0.0
1,227,INT24,2297,GAAGGGTCATTAAGAC-1,19244,11407,0.1457419216632843,0.02182631907578284,-0.08044409956783057,0.0,0.0,0.0
1,228,INT24,3669,TCACTATCGTGCAATC-1,6126,16562,0.14574088379740716,0.020688414898005995,-0.07536841742694378,0.0,0.0,0.0
1,229,INT24,2334,GACATACTGTCGCAGA-1,9363,19291,0.14570623114705086,0.01667756028713684,-0.15400861576199532,0.0,0.0,0.0
1,230,INT24,1409,CCAACCTTATGTAACT-1,18108,15782,0.14570463001728057,0.013736346966009581,-0.1014024842530489,0.0,0.0,0.0
1,231,INT24,2694,GCGGTCTTGCTTTCAC-1,19054,11298,0.14569739773869514,0.021404514113678733,0.01440416369587183,0.0,0.0,0.0
1,232,INT24,3246,GTGGCCTAATATCATT-1,12027,20162,0.14569567516446114,0.01819734540373876,-0.13281929232180117,0.0,0.0,0.0
1,233,INT24,2127,CTGCAGAGAATCAGAG-1,16959,9224,0.14567918851971626,0.01953542711454599,-0.05891070272773504,0.0,0.0,0.0
1,234,INT24,3888,TCTCATGAGATAGGGT-1,14678,10757,0.14566551446914672,0.018985331180530304,-0.031240370869636536,0.0,0.0,0.0
1,235,INT24,4450,TTGGGAAGACGAGCCG-1,18295,13267,0.14564771875739096,0.018728313833767805,-0.070993847027421,0.0,0.0,0.0
1,236,INT24,3042,GGTTCGGATTATACTA-1,12787,19505,0.14564275294542312,0.01802670546872116,0.05285804141312837,0.0,0.0,0.0
1,237,INT24,4077,TGCTCCACAGTTCTTA-1,13916,9884,0.14563295021653175,0.023295906665567398,-0.10315394178032875,0.0,0.0,0.0
1,238,INT24,1763,CGATGGACCCTACGCC-1,9541,9780,0.1456208661198616,0.01935924742668707,-0.07889767289161682,0.0,0.0,0.0
1,239,INT24,2872,GGCCCGGAGCATGTCT-1,12010,7262,0.14561209008097648,0.017196247960692756,-0.06961010526865721,0.0,0.0,0.0
1,240,INT24,2506,GATGTAACGAACCACC-1,15068,17972,0.14559593051671982,0.017381822254694965,-0.06763041596859694,0.0,0.0,0.0
1,241,INT24,1199,CACCAGTCAGCATGCA-1,16779,17860,0.145563230663538,0.017780563481696186,0.005518198758363724,0.0,0.0,0.0
1,242,INT24,1527,CCCTCATCACAGAGTA-1,20013,17528,0.1455628901720047,0.01571567614527469,-0.06794392094016075,0.0,0.0,0.0
1,243,INT24,4420,TTGCCTAATCCAAAGT-1,18492,17968,0.14554632157087327,0.014551808098328832,0.08401877731084824,0.0,0.0,0.0
1,244,INT24,4370,TTCTGCTAGACTCCAA-1,10681,8685,0.14552915915846826,0.01679568059010635,-0.13838185071945192,0.0,0.0,0.0
1,245,INT24,844,ATAAGTACCCGATTGT-1,7065,7925,0.14552804976701736,0.017625949723793156,-0.21513325292617083,0.0,0.0,0.0
1,246,INT24,1267,CAGATCCTGGTTTGAA-1,15829,18408,0.14549398347735404,0.016058066231067945,-0.21257165372371672,0.0,0.0,0.0
1,247,INT24,3690,TCATAAGTCCAAGAAG-1,17146,6709,0.14546717032790185,0.014088215092042673,-0.1327178955078125,0.0,0.0,0.0
1,248,INT24,1881,CGGTAACAAGATACAT-1,5749,19842,0.14545993655920028,0.02324667148812188,-0.037295907735824585,0.0,0.0,0.0
1,249,INT24,2863,GGCATCAACGAGCACG-1,6313,14704,0.14545341432094575,0.019340836215363956,-0.1731996089220047,0.0,0.0,0.0
1,250,INT24,3048,GGTTTACAATCTCAAT-1,10115,12294,0.14543686509132386,0.017912784591239413,-0.18997139632701873,0.0,0.0,0.0
1,251,INT24,86,AACATATCAACTGGTG-1,10491,9451,0.14543247371912002,0.01939364613523821,-0.15772231668233871,0.0,0.0,0.0
1,252,INT24,515,ACTGGGATGCCAGTGC-1,19248,14468,0.14543141126632692,0.016523090140894595,-0.002612554654479027,0.0,0.0,0.0
1,253,INT24,3030,GGTTACCACCCTCGGG-1,13925,16662,0.1454309806227684,0.01883779430444695,-0.09266984276473522,0.0,0.0,0.0
1,254,INT24,2565,GCAGATTAGGGATATC-1,12399,13603,0.14541590511798858,0.02137717323726751,-0.12488833591341972,0.0,0.0,0.0
1,255,INT24,1546,CCGAAGGGCGTACCGC-1,10868,6608,0.14541249647736548,0.01909471841351074,-0.09345789775252342,0.0,0.0,0.0
1,256,INT24,1990,CTAATTTCAACAACAC-1,9360,17323,0.1454111009836197,0.01424459572103768,-0.17390633933246136,0.0,0.0,0.0
2,1,INT24,3858,TCGTCCGGGTACACTC-1,7064,7050,0.17675479352474213,0.017185410709621544,-0.07803543265908956,0.3,0.0,0.14383983314037324
2,2,INT24,3929,TCTTATGGGTAGTACC-1,5362,14595,0.17666315138339997,0.015078408272715617,0.16217892225831748,0.0,0.0,0.0
2,3,INT24,1382,CATGTAGGAGCGCCAA-1,8207,8142,0.17477487921714782,0.02138919836554491,0.019486065953969955,0.3,0.0,0.11980893313884736
2,4,INT24,1558,CCGATCTTAAGAGGCT-1,7254,6941,0.1747450426220894,0.017555047812090874,0.09612396787852048,0.0,0.0,0.0
2,5,INT24,3230,GTGCGCAGCTTGCTCC-1,6316,16671,0.174110347032547,0.01850323063753731,0.021964057255536316,0.2,0.2,0.10028937458992004
2,6,INT24,3744,TCCGAAGTAGTCACCA-1,8017,8251,0.17329304963350295,0.014491142305624214,0.006097851973026991,0.1,0.0,0.04864599108695984
2,7,INT24,143,AACTTTCTCGATCATG-1,9537,6719,0.1731283634901047,0.015849218378961253,-0.02320417482405901,0.3,0.0,0.14641088843345643
2,8,INT24,2546,GCACAACCTCGGGCGT-1,16401,19173,0.17298441231250763,0.019843936302075316,0.07523482367396354,0.1,0.0,0.04926334023475647
2,9,INT24,3670,TCACTCAGCGCATTAG-1,5363,15470,0.1726415067911148,0.016735977307843333,0.01055471394211054,0.1,0.0,0.045821794867515565
2,10,INT24,797,AGTGAGCCTCGCCGCC-1,10871,9013,0.17189458459615709,0.018349537755803964,0.06380989179015159,0.2,0.0,0.08034061789512634
2,11,INT24,285,ACAAGGCCTACCAGCC-1,6115,8691,0.17185786366462708,0.018153491043192863,0.13137565851211547,0.3,0.0,0.11771471500396728
2,12,INT24,4386,TTGAATCGTTGTATAA-1,14499,19175,0.17076099663972855,0.017124170067613458,0.17593194637447596,0.1,0.0,0.04859298169612884
2,13,INT24,2576,GCATAAATTGAACGCC-1,6873,6504,0.1699955627322197,0.013643825978104636,0.06869202218949795,0.0,0.0,0.0
2,14,INT24,750,AGTAACGTTCATCCTG-1,6308,10331,0.16971825510263444,0.02051330695567467,0.028368745185434818,0.1,0.0,0.046324852108955386
2,15,INT24,713,AGGGACAGCACGGCGG-1,6124,15250,0.1688952326774597,0.01612180156537286,0.06363609600812196,0.0,0.0,0.0
2,16,INT24,4165,TGTACGCTATCAGCTT-1,5358,11097,0.16879803240299224,0.016533430509489827,0.051080779172480106,0.0,0.0,0.0
2,17,INT24,3289,GTTATATCAGGAGCCA-1,9728,7703,0.16870796382427217,0.017752940188365856,-0.005757535621523857,0.2,0.0,0.08151813745498657
2,18,INT24,3685,TCAGGGTGCACGAAAC-1,6688,10549,0.1684893324971199,0.02634193701318861,0.08294157311320305,0.2,0.0,0.08476718962192535
2,19,INT24,1905,CGTAAAGCAAGAAATC-1,18681,17202,0.16832948625087737,0.019482110821179198,0.1357343379408121,0.2,0.1,0.09286521673202515
2,20,INT24,1176,CACAAGAAAGATATTA-1,8017,8033,0.16795715987682341,0.013312222851761328,-0.04222566094249487,0.0,0.0,0.0
2,21,INT24,790,AGTCTGGACATCCTTG-1,8791,18089,0.16742743998765947,0.012546366805458727,-0.022527456935495137,0.0,0.0,0.0
2,22,INT24,495,ACTCCCGTAGACTAGG-1,9347,6829,0.16741109341382981,0.018711959758968555,-0.045556990802288054,0.1,0.1,0.05049671530723572
2,23,INT24,272,ACAAACTCCATCAGAG-1,19820,15889,0.16740977466106416,0.015824066331711274,0.08805467560887337,0.2,0.0,0.09516902565956116
2,24,INT24,1462,CCAGTGTACAGACCGA-1,19063,18295,0.16729850322008133,0.014322727298888428,0.17416515853255987,0.0,0.0,0.0
2,25,INT24,2797,GGAAGATAAGACTGTA-1,6874,6722,0.16703799813985826,0.017136110471457192,0.02862469293177128,0.0,0.0,0.0
2,26,INT24,3733,TCCCGTCGCGTCATAG-1,10870,7701,0.16693970710039138,0.015305912292876625,0.0719119368121028,0.1,0.0,0.035465410351753233
2,27,INT24,2789,GGAAAGTCTTGATTGT-1,19630,15561,0.16682403087615966,0.01512213975621661,0.2588357239961624,0.0,0.0,0.0
2,28,INT24,1336,CATATACTACTGATAA-1,8779,9125,0.16663455665111543,0.01752103345927395,-0.04612650834023953,0.5,0.0,0.1903747409582138
2,29,INT24,2846,GGATTAAGCTAAGGTC-1,6689,10768,0.16661219745874406,0.01750895773052134,0.08590213004499674,0.1,0.0,0.044051578640937804
2,30,INT24,1171,CAATGTGCCAACCCTT-1,12391,7699,0.16660983860492706,0.014098091768005928,0.04313376471400261,0.0,0.0,0.0
2,31,INT24,3000,GGTCGGATAAACGGCG-1,9731,9670,0.16647967845201492,0.025945830971783292,0.04498631451278925,0.2,0.0,0.07768039107322693
2,32,INT24,3368,TAACTGAAATACGCCT-1,18874,19498,0.16639581620693206,0.02245956569842175,0.17768230754882097,0.2,0.0,0.08811529874801635
2,33,INT24,2470,GATATTTCCTACATGG-1,8591,10546,0.16628538370132445,0.017161182584654603,0.05378238493576646,0.0,0.0,0.0
2,34,INT24,2950,GGGCGCAGCGTTACTC-1,11820,7153,0.16616575717926024,0.022856981432240468,0.03413137905299664,0.3,0.0,0.12212598621845246
2,35,INT24,597,AGATGAGGGTTGCGAT-1,8019,9563,0.16615676432847976,0.014486563638417672,0.03636546265333891,0.0,0.0,0.0
2,36,INT24,1450,CCAGCGGGATCACCAG-1,11439,6717,0.16612687408924104,0.01497271421589336,0.043221984058618546,0.1,0.0,0.047313302755355835
2,37,INT24,3348,TAAATCTTTACACCTC-1,9918,7156,0.16594055742025376,0.02032353936048713,0.05419435668736696,0.0,0.0,0.0
2,38,INT24,2853,GGCAAGCCAGGGATAG-1,8586,7048,0.16593902558088303,0.01460165491590396,-0.041846987418830396,0.1,0.0,0.045312076807022095
2,39,INT24,2302,GAATAGCCCTGCGGTC-1,8778,8250,0.16582788825035094,0.02291927534751034,-0.11288446970283986,0.2,0.0,0.08114233613014221
2,40,INT24,384,ACCGAGTCTCCTTATT-1,18864,11626,0.1657659515738487,0.018829832787467974,-0.08840406332165003,0.0,0.0,0.0
2,41,INT24,3059,GTAACTACGTAGACCT-1,19253,18404,0.16572514027357102,0.012320796781289256,0.13155998531728982,0.0,0.0,0.0
2,42,INT24,2398,GAGATGACAATCCTTA-1,10488,7046,0.16565175652503966,0.016631777943139067,-0.03517999425530434,0.0,0.0,0.0
2,43,INT24,1069,ATTCCTAAGACGTGGA-1,8208,8579,0.16556576639413834,0.011986900588961355,0.06286921836435795,0.0,0.0,0.0
2,44,INT24,1141,CAACTGAGGGTATGAC-1,7255,7159,0.16555438935756683,0.019994479788003446,-0.025067533925175668,0.0,0.0,0.0
2,45,INT24,2211,CTTCATCACCAGGGCT-1,20004,10750,0.16544824689626694,0.015418658463174334,0.12798615526407958,0.1,0.0,0.045806828141212466
2,46,INT24,4287,TTATAGTCCAAGGTGC-1,6305,8582,0.16529765874147415,0.023462220635218474,-0.055545633658766747,0.3,0.0,0.11735636591911316
2,47,INT24,1902,CGGTTGGGTTCAAGTT-1,6877,9346,0.16510985046625137,0.016228940935655235,0.09315678495913744,0.2,0.0,0.0701803594827652
2,48,INT24,3413,TACAATGAAACCAGCA-1,5553,15360,0.1651067391037941,0.01452845621490337,-0.03402054775506258,0.0,0.0,0.0
2,49,INT24,2143,CTGCTCTGACGGCAAA-1,19627,13156,0.16508715450763703,0.012889025582577915,0.15029271133244038,0.0,0.0,0.0
2,50,INT24,1033,ATGTTTCGGCCCGGAG-1,11629,6607,0.16501390784978867,0.01630891388164524,-0.017784758936613798,0.0,0.0,0.0
2,51,INT24,4366,TTCTCTTACAGGTGAT-1,17162,19390,0.16498222053050995,0.011918569255916132,0.23910274729132652,0.0,0.0,0.0
2,52,INT24,2064,CTCCCTCCTTTCGATC-1,15067,17753,0.16475302577018738,0.010991656037241728,0.035133897326886654,0.0,0.0,0.0
2,53,INT24,4239,TTAAGGATACGGAGGT-1,6695,16015,0.16471985280513762,0.02001387783219947,-0.06582780536264181,0.0,0.0,0.0
2,54,INT24,53,AAATCACTCCTAAACG-1,5352,6943,0.1646820366382599,0.016070523565419513,-0.015153091214597226,0.0,0.0,0.0
2,55,INT24,3043,GGTTGTATCGTGAAAT-1,5552,14705,0.16467180997133254,0.020991819131391202,-0.0955589471384883,0.1,0.0,0.047045952081680296
2,56,INT24,1708,CGAAGATCAGTTTCAT-1,19436,12610,0.16461379528045655,0.012263380906740435,0.02333551850169897,0.0,0.0,0.0
2,57,INT24,1545,CCGAAGCATTGACCAA-1,16972,19719,0.164592382311821,0.010691430613175784,0.1433370217680931,0.0,0.0,0.0
2,58,INT24,2855,GGCACGCTGCTACAGT-1,19049,8019,0.16458944529294967,0.014450077593569286,0.02987415250390768,0.1,0.0,0.04688056111335755
2,59,INT24,1486,CCCAACCACACTAACA-1,6882,13063,0.16458728164434433,0.015865294309608313,-0.02258452828973532,0.0,0.0,0.0
2,60,INT24,1507,CCCGCTTGCCCTCGTC-1,5744,15907,0.16448979675769806,0.016090770494585634,-0.014967215061187745,0.0,0.0,0.0
2,61,INT24,3170,GTCGTCTGGTTGGCTA-1,11059,6936,0.16436749696731567,0.011903701568997923,0.05689383763819933,0.1,0.0,0.04606846272945404
2,62,INT24,3447,TACGATCCAAGCCACT-1,5925,8363,0.16431637108325958,0.017871496575968045,-0.0841097004711628,0.0,0.0,0.0
2,63,INT24,3441,TACCTCCACACCAATG-1,17730,17094,0.16431260630488395,0.023166123820965247,0.04984523458406329,0.0,0.0,0.0
2,64,INT24,3735,TCCCTAGATCAATAGG-1,10680,7811,0.1640474170446396,0.01447465831980058,0.054202969372272494,0.0,0.0,0.0
2,65,INT24,1448,CCAGATGTAAATGGGT-1,8966,6829,0.1640127569437027,0.01301158936701666,-0.07769355867058039,0.1,0.0,0.04178567528724671
2,66,INT24,2322,GACAAGAGATGAGATT-1,16005,7585,0.16400180608034134,0.014731642800522674,0.13571475595235824,0.0,0.0,0.0
2,67,INT24,3130,GTCAGTTGTGCTCGTT-1,7071,12516,0.16396189033985137,0.019018056819500955,0.049131443910300734,0.0,0.0,0.0
2,68,INT24,3089,GTAGCTCCGGGAGGCT-1,17728,16219,0.16396188288927077,0.017001938043004462,-0.008120302483439446,0.2,0.0,0.09376644492149352
2,69,INT24,1497,CCCATATAGGTCGATT-1,17717,7474,0.16395524889230728,0.015094349864648941,0.051435055769979955,0.1,0.0,0.047285768389701846
2,70,INT24,4307,TTCAATTAGCCATAAT-1,6690,11861,0.1639094591140747,0.017865105248166625,-0.03275700900703669,0.0,0.0,0.0
2,71,INT24,2991,GGTATAGTGACACATA-1,11821,7809,0.16385006308555602,0.012672425343992719,0.0017636355012655258,0.0,0.0,0.0
2,72,INT24,3420,TACATCTTGTTTCTTG-1,8603,19948,0.1638290598988533,0.011092220792582022,0.08055071868002414,0.0,0.0,0.0
2,73,INT24,2688,GCGGGCAGACGGGTGA-1,19626,12719,0.1637355715036392,0.013692432583039081,0.15719320476055146,0.0,0.0,0.0
2,74,INT24,382,ACCGAAGAGTCTGGTT-1,16210,19064,0.16362877637147905,0.01282249933781213,0.11425980348140001,0.0,0.0,0.0
2,75,INT24,371,ACCCGTAGCAGAGAAT-1,19254,19278,0.16362469345331193,0.014493207937249931,0.09964372292160988,0.0,0.0,0.0
2,76,INT24,683,AGGACGCTCGATGTTG-1,8780,9562,0.16361568719148636,0.014617649782182166,-0.05765149835497141,0.0,0.0,0.0
2,77,INT24,2383,GACTGCTGGTGAGAAA-1,18109,16000,0.16360097005963326,0.024844573463323315,0.2381841691210866,0.2,0.0,0.08386576175689697
2,78,INT24,2396,GAGAGTCTCGGGAGAG-1,19060,15890,0.16350278705358506,0.014915974626380734,0.21112351268529891,0.0,0.0,0.0
2,79,INT24,298,ACACACTTTCTACACG-1,8023,13280,0.16346726715564727,0.02394827138101208,0.08941262308508158,0.0,0.0,0.0
2,80,INT24,2770,GCTTAGGGAAGCGGTA-1,7635,6721,0.16345420926809312,0.017986206510913032,-0.017654039338231085,0.0,0.0,0.0
2,81,INT24,928,ATCATAGATCGACGAG-1,19439,15452,0.16344879120588302,0.015322350980821126,0.19043233562260867,0.0,0.0,0.0
2,82,INT24,3268,GTGTGAGCCGAGGTGC-1,5555,16672,0.16337268501520158,0.016233320828483482,-0.03835425637662411,0.0,0.0,0.0
2,83,INT24,663,AGCTCGTTGATGGAAA-1,8395,6720,0.16335035264492034,0.014735120202991598,-0.1446971192955971,0.1,0.0,0.04527616798877716
2,84,INT24,1468,CCATAGAGGCTGCCAG-1,16782,19828,0.163271364569664,0.012924612866851688,0.07600453104823827,0.0,0.0,0.0
2,85,INT24,2276,GAACGGTGTAAAGCAG-1,6115,8254,0.16322518661618232,0.02222386779623033,0.03719136919826269,0.0,0.0,0.0
2,86,INT24,2637,GCCTATGCTGGGCCTT-1,8777,7813,0.16321376711130142,0.01841005543522681,0.02940606642514467,0.0,0.0,0.0
2,87,INT24,3310,GTTCGTCTGGGTCCCT-1,9347,7266,0.16318456083536148,0.018147135292942547,0.08064907286316156,0.0,0.0,0.0
2,88,INT24,1626,CCTACTGCGGCGGCCA-1,9537,6500,0.163173808157444,0.016726141295381816,0.06262128446251154,0.0,0.0,0.0
2,89,INT24,1175,CACAAACCGCAGAACT-1,18859,7691,0.16303967237472533,0.01261640326263603,-0.03405636940151453,0.0,0.0,0.0
2,90,INT24,2743,GCTCCGGACGTTGATA-1,5926,9019,0.16300919204950332,0.01937154527742399,0.06434691790491343,0.0,0.0,0.0
2,91,INT24,4217,TGTTTCTGAAGCGTGC-1,17352,19500,0.1630032852292061,0.013005260209183385,0.085746811889112,0.0,0.0,0.0
2,92,INT24,1876,CGGGCTACTTAAATTG-1,6303,7051,0.16293449252843856,0.019301267150577298,-0.062480141222476956,0.0,0.0,0.0
2,93,INT24,1598,CCGGTATCTGGCGACT-1,20004,10969,0.16293121725320817,0.016521641253573336,0.10045152101665736,0.0,0.0,0.0
2,94,INT24,1798,CGCCGTCTACCCATCG-1,12581,6934,0.16291668862104416,0.018441410577583212,-0.020879397727549077,0.2,0.0,0.0824272871017456
2,95,INT24,3972,TGACCCAGCATTCCCG-1,5925,8801,0.16290779858827592,0.015957318950176026,-0.009022299945354462,0.2,0.0,0.08675354123115539
2,96,INT24,1467,CCATACTCGCCTCTCC-1,11456,20272,0.1628745511174202,0.015030361956303697,0.17442252337932587,0.0,0.0,0.0
2,97,INT24,4255,TTACGGTGTCACCGAG-1,6315,16234,0.16286907717585564,0.02882442811369132,0.03840755056589842,0.2,0.0,0.0827340304851532
2,98,INT24,3100,GTATAGTGGCCCATGT-1,6117,10222,0.16286702901124955,0.020373917429514728,0.0002591138705611229,0.1,0.0,0.0438818633556366
2,99,INT24,1711,CGAAGGGTTTCAGATT-1,17922,18734,0.1627886950969696,0.017098956407988114,0.046957270335406066,0.0,0.0,0.0
2,100,INT24,461,ACGTGACAAAGTAAGT-1,15260,19830,0.1626620337367058,0.019821706510319632,0.16545703187584876,0.2,0.0,0.07587511837482452
2,101,INT24,2873,GGCCCGTATACCATGC-1,10489,7264,0.1626359775662422,0.014402398989907823,0.01541097927838564,0.0,0.0,0.0
2,102,INT24,3039,GGTTCCGTACGACTAA-1,20011,15779,0.16259568333625793,0.013968874372998354,0.1679061222821474,0.0,0.0,0.0
2,103,INT24,2939,GGGCCATTCGTGCTGG-1,18494,19498,0.1625846415758133,0.011550125819288166,0.03552664145827293,0.0,0.0,0.0
2,104,INT24,4412,TTGCAGGTCATGAAGT-1,5355,8692,0.1625618025660515,0.01700626487463856,-0.05435851737856865,0.0,0.0,0.0
2,105,INT24,2974,GGGTTCAGACGAACAA-1,8981,18198,0.1625412344932556,0.014706345704907454,0.10970942955464125,0.0,0.0,0.0
2,106,INT24,1866,CGGGAACGCCCTGCAT-1,18874,19279,0.16247085034847258,0.011895361811448088,0.1601770218461752,0.0,0.0,0.0
2,107,INT24,1729,CGACTCGGTACACGGT-1,7445,6831,0.1623421013355255,0.01494691568337217,-0.15739437490701674,0.0,0.0,0.0
2,108,INT24,1797,CGCCGGTGTCGCAGTA-1,7064,6394,0.16233315765857698,0.016878937527783654,0.04480505790561438,0.0,0.0,0.0
2,109,INT24,1989,CTAATTCTCAGATATT-1,10491,8795,0.16229792386293412,0.014708577322447248,0.04325810167938471,0.0,0.0,0.0
2,110,INT24,4112,TGGCCAATTTGGTACT-1,14689,19066,0.16229369789361953,0.01615504415009438,0.1057232679799199,0.0,0.0,0.0
2,111,INT24,487,ACTATTCGTCCGTGGT-1,8022,12187,0.16228922307491303,0.017926017342725316,-0.022523641400039197,0.0,0.0,0.0
2,112,INT24,3201,GTGACCTAAAGAATAA-1,11059,6717,0.1622512936592102,0.01741177421354162,0.0804266395047307,0.0,0.0,0.0
2,113,INT24,1250,CACTCGGTTAGGAGGA-1,12025,18850,0.16222681999206542,0.016846622000822726,0.030704084038734435,0.1,0.0,0.04702342450618744
2,114,INT24,190,AAGTCTAGTAGCTGCC-1,9346,6610,0.16219486594200133,0.017194878071273664,-0.10758402906358241,0.0,0.0,0.0
2,115,INT24,3194,GTGAAACGTGCTCCAC-1,7457,16233,0.16216874867677689,0.01787761240199907,-0.0220022676512599,0.0,0.0,0.0
2,116,INT24,3405,TAATTGGAATCGGGAA-1,8588,8797,0.16215495020151138,0.01806080978874498,-0.042085812240839,0.0,0.0,0.0
2,117,INT24,2906,GGCTGGCAGCTTTATG-1,6510,20060,0.16210097223520278,0.014052047852285173,0.07553811278194189,0.0,0.0,0.0
2,118,INT24,4161,TGTAATGCCTTCGGAC-1,5925,8582,0.162064528465271,0.016231425403918552,-0.08893726151436568,0.0,0.0,0.0
2,119,INT24,349,ACCACACGGTTGATGG-1,19625,11625,0.16204042732715607,0.018325074716741743,0.06754151452332735,0.0,0.0,0.0
2,120,INT24,3369,TAAGAGGGACAGGGAC-1,17351,18188,0.1619566097855568,0.019461587187857794,0.18045479357242583,0.1,0.0,0.046348363161087036
2,121,INT24,3385,TAAGTGAATAGTCTAC-1,19062,17639,0.16195047348737718,0.014068618722871525,0.14991465136408805,0.0,0.0,0.0
2,122,INT24,3383,TAAGTCGCCGAGTATC-1,15637,16769,0.16194067001342774,0.017515955247670197,-0.005523917078971863,0.0,0.0,0.0
2,123,INT24,2045,CTCACACGCAAGCCTA-1,8776,6939,0.1619289770722389,0.011516533416902923,-0.042679989524185655,0.0,0.0,0.0
2,124,INT24,1862,CGGCTCTTCGTCGAAC-1,6879,10877,0.16189590990543365,0.019786813967431666,-0.07079385947436094,0.0,0.0,0.0
2,125,INT24,3986,TGAGCTTTAATGACGC-1,8972,10983,0.16182684153318405,0.01818966051426899,0.04566775858402252,0.0,0.0,0.0
2,126,INT24,4456,TTGGTTGCGGTGCGCG-1,15448,17753,0.16173561215400695,0.015969180224133708,-0.006758706271648407,0.1,0.0,0.04662056267261505
2,127,INT24,1701,CGAACATAGTCAGAAA-1,7065,7706,0.16170811653137207,0.017042469266438504,-0.08135510962456464,0.0,0.0,0.0
2,128,INT24,2093,CTCGTTTCTAATGTTT-1,9540,8905,0.1616809844970703,0.01834637578296666,0.13866664487868546,0.3,0.0,0.11557174921035766
2,129,INT24,3292,GTTATTAAATACGACC-1,5928,10987,0.16165414750576018,0.01696210307288018,-0.09585736431181431,0.0,0.0,0.0
2,130,INT24,2480,GATCGCTATATCTCAG-1,16969,17532,0.16164929121732713,0.01638253699720139,0.14101471062749624,0.0,0.0,0.0
2,131,INT24,4191,TGTGACTAGAGTTTGC-1,18289,8238,0.16160435676574708,0.014690638071806662,-0.005044982954859734,0.0,0.0,0.0
2,132,INT24,4004,TGATGCTCACGTAGTC-1,6303,6832,0.1615906685590744,0.01726892695944437,-0.08745443914085627,0.0,0.0,0.0
2,133,INT24,1190,CACATAAGGCGACCGT-1,5556,17110,0.16154238134622573,0.015680545021205246,-0.0972459077835083,0.0,0.0,0.0
2,134,INT24,1757,CGATATTAGCCGCAGG-1,6696,16452,0.16134777665138245,0.02032938707769377,0.12811517529189587,0.0,0.0,0.0
2,135,INT24,512,ACTGCGGACACACCGT-1,12391,7262,0.16133279353380203,0.013530210251991998,0.01989898458123207,0.1,0.0,0.04229046404361725
2,136,INT24,2168,CTGGTAAAGACTTACA-1,18861,9440,0.16123814433813094,0.015293798279546925,-0.018660603556782007,0.1,0.0,0.045721739530563354
2,137,INT24,2840,GGATCTTACTGCCCTT-1,17729,16438,0.16118042916059494,0.01853097047141865,0.1535981923341751,0.0,0.0,0.0
2,138,INT24,4179,TGTATTTACCTAATGC-1,7257,9127,0.1611489623785019,0.014819181810568686,-0.10728414505720138,0.1,0.0,0.04354522228240967
2,139,INT24,1195,CACATTCTTTCGATGG-1,8781,10437,0.16114677116274834,0.018473291411836984,-0.0060066312551498415,0.0,0.0,0.0
2,140,INT24,2723,GCTAGCACCTGGGCCA-1,12771,7043,0.16114452257752418,0.020231139964475855,0.0398727310821414,0.1,0.0,0.044797614216804504
2,141,INT24,1565,CCGCCACCACAATCCA-1,6121,13064,0.16113029718399047,0.015168052012726342,-0.042233293130993846,0.0,0.0,0.0
2,142,INT24,3188,GTCTTACCACGCCAAG-1,19430,7799,0.16111945807933808,0.01932930525782282,-0.09092215169221163,0.0,0.0,0.0
2,143,INT24,322,ACAGTAATACAACTTG-1,14118,18738,0.16110402047634126,0.013744589814741592,-0.002116490714251995,0.0,0.0,0.0
2,144,INT24,650,AGCGGTTGCCGCTCTG-1,8777,7595,0.16109658181667327,0.013888639684206784,-0.0243135217577219,0.0,0.0,0.0
2,145,INT24,907,ATATGTGCACAAACCA-1,7065,7269,0.16107478737831116,0.017684657411579815,-0.036829252168536185,0.0,0.0,0.0
2,146,INT24,3809,TCGCCGCACCGCGTGA-1,14119,19613,0.16106734275817872,0.014863377356150552,0.18575727380812168,0.0,0.0,0.0
2,147,INT24,3612,TATGGCTAGGCTAATT-1,10488,6608,0.16105152368545533,0.02116196042181588,-0.000279371440410614,0.2,0.0,0.07141914367675781
2,148,INT24,1145,CAAGACTCAGAAGCGC-1,11058,6498,0.16100994646549224,0.01696248259969288,0.03185923956334591,0.0,0.0,0.0
2,149,INT24,665,AGCTCTTCCCAGTGCA-1,8781,10656,0.1609801858663559,0.018460751739770343,-0.12320659216493368,0.0,0.0,0.0
2,150,INT24,584,AGAGTATAGTGTTACG-1,10678,6936,0.16095366179943085,0.015790669235985315,0.01768159046769142,0.0,0.0,0.0
2,151,INT24,2849,GGATTGAAGTAGCCTC-1,19812,9111,0.1609131023287773,0.017839630291588346,0.1574992338195443,0.0,0.0,0.0
2,152,INT24,440,ACGGACGCAGCGACAA-1,19443,18513,0.16090940833091735,0.012162566482288818,0.07299905074760318,0.0,0.0,0.0
2,153,INT24,3799,TCGATTTACGAAACGA-1,19816,12828,0.1608813673257828,0.012382870972606434,0.20602452363818885,0.0,0.0,0.0
2,154,INT24,2609,GCCCAGATGCTGGAGA-1,12391,7043,0.16087336093187332,0.01775157668594273,-0.07046108394861221,0.0,0.0,0.0
2,155,INT24,1316,CATAAGAAGCTTGGCT-1,16392,12395,0.16086045503616334,0.012170019795767411,0.06178920827805996,0.0,0.0,0.0
2,156,INT24,1972,CGTTTGTGTAGAGGGT-1,15826,15785,0.16082873046398163,0.014754351174494551,0.08120248280465603,0.0,0.0,0.0
2,157,INT24,560,AGACCAAACCACACCT-1,15069,19284,0.1608172297477722,0.016603007338123612,0.08872550167143345,0.0,0.0,0.0
2,158,INT24,1484,CCCAAACATGCTGCTC-1,11824,10652,0.16080939024686813,0.010722222965846996,0.1041345976293087,0.0,0.0,0.0
2,159,INT24,437,ACGCTGTGAGGCGTAG-1,12786,18849,0.1607708975672722,0.018538044221001675,0.1632947649806738,0.0,0.0,0.0
2,160,INT24,3009,GGTCTTGGTGTTAACT-1,6701,20169,0.16074873954057695,0.01317211061941665,-0.06985033489763737,0.0,0.0,0.0
2,161,INT24,2780,GCTTTACACAACTGGG-1,18668,7582,0.16074080020189285,0.016329483094210045,-0.05847195666283369,0.0,0.0,0.0
2,162,INT24,1492,CCCAGAGGAGGGCGTA-1,9349,8796,0.1607367590069771,0.013506590256432104,-0.024297583289444445,0.0,0.0,0.0
2,163,INT24,3586,TATCACTTCGAGTAAC-1,8589,9453,0.16073225289583207,0.01589225263995756,-0.05299739316105843,0.1,0.0,0.04309213161468506
2,164,INT24,379,ACCCTTGCCTGGGTCG-1,8395,6502,0.16070360988378524,0.01675065033695808,-0.11984409969300032,0.0,0.0,0.0
2,165,INT24,2826,GGAGGATTGAAAGGAG-1,6691,12298,0.16066441386938096,0.013225500588164742,-0.169522119499743,0.0,0.0,0.0
2,166,INT24,587,AGAGTTAGAGACCGAT-1,6497,9565,0.16065885722637177,0.017052459834739617,-0.11866191141307354,0.0,0.0,0.0
2,167,INT24,3525,TAGCTCAGATCCTAGT-1,6875,7597,0.16060540974140167,0.019387552086621077,-0.08169115297496318,0.0,0.0,0.0
2,168,INT24,4145,TGGTCGGGTACAGGGC-1,19634,18622,0.1605721116065979,0.016593599900908335,0.16664978303015232,0.0,0.0,0.0
2,169,INT24,4002,TGATCTATCACACTCT-1,19052,10205,0.160526305437088,0.020824594466506304,-0.014442103728652001,0.0,0.0,0.0
2,170,INT24,32,AAAGAATGACCTTAGA-1,17543,20046,0.16048156321048737,0.015599389676416138,0.13508686125278474,0.0,0.0,0.0
2,171,INT24,2239,CTTTGACGTCGCTTCT-1,13739,20269,0.16046688854694366,0.01654927050593798,0.13697248194366693,0.0,0.0,0.0
2,172,INT24,918,ATCAATGCCGTGGCTG-1,16970,18188,0.16043752878904344,0.017679492569655442,-0.04711007606238127,0.0,0.0,0.0
2,173,INT24,2790,GGAAAGTGCCCATGCC-1,9161,10436,0.16042716801166534,0.017439328033252075,0.014923898503184319,0.0,0.0,0.0
2,174,INT24,1716,CGAATGGTAGGTCGTC-1,19251,17092,0.1604109898209572,0.017851561515667986,0.24146182611584663,0.0,0.0,0.0
2,175,INT24,3245,GTGGCCGGTTTCTCGG-1,18303,19170,0.16040702760219575,0.00919759677978055,0.09312834180891513,0.0,0.0,0.0
2,176,INT24,12,AAACCGGGTAGGTACC-1,13355,17209,0.160396945476532,0.017716312267098695,0.03812687937170267,0.0,0.0,0.0
2,177,INT24,1385,CATTACATAGATTGTG-1,10489,7483,0.16039414554834366,0.016854447838508136,0.06555198468267917,0.0,0.0,0.0
2,178,INT24,2426,GAGGGCCATAATATTA-1,9157,6938,0.16035217195749282,0.016333562813546417,0.020679098926484583,0.0,0.0,0.0
2,179,INT24,2945,GGGCCTATACAACCGG-1,5924,7708,0.16035051941871642,0.014456021853672946,-0.10947795957326889,0.0,0.0,0.0
2,180,INT24,1966,CGTTGTTTCAATTCCC-1,11831,15899,0.16032995134592057,0.016569656535909583,-0.1451300662010908,0.0,0.0,0.0
2,181,INT24,1606,CCGTATTAGCGCAGTT-1,8588,8141,0.16030896455049515,0.013223569513783666,-0.08842229638248682,0.0,0.0,0.0
2,182,INT24,717,AGGGCAGCGGCGTGGT-1,6881,12188,0.16030873954296113,0.017011186482695922,0.012538819201290607,0.0,0.0,0.0
2,183,INT24,1706,CGAAGACGGTGAGTGC-1,11646,19944,0.16030220985412597,0.018824099496578765,0.210419974476099,0.0,0.0,0.0
2,184,INT24,451,ACGGTACAGTTCAATG-1,18861,9659,0.16024866849184036,0.01784670491795723,0.025815940089523794,0.0,0.0,0.0
2,185,INT24,2117,CTGAGAGTAGAAATAC-1,17526,6709,0.16023748964071274,0.017094112429766346,-0.01542003471404314,0.0,0.0,0.0
2,186,INT24,467,ACGTTCACTATGCCGC-1,19440,16108,0.16021488904953002,0.0124153456905876,0.1186619397252798,0.0,0.0,0.0
2,187,INT24,3923,TCTTAACTCGGATGTA-1,8413,20058,0.16017996966838838,0.01852735103342821,-0.023376986011862756,0.2,0.0,0.09399351477622986
2,188,INT24,2832,GGAGTTGATTCTGTGT-1,18289,8020,0.16015674769878388,0.015543581428667963,0.068823909945786,0.0,0.0,0.0
2,189,INT24,2056,CTCATCACTTAGTGAT-1,10678,6718,0.16014425158500672,0.014137199790269322,0.13663926981389524,0.0,0.0,0.0
2,190,INT24,252,AATGTTAAGACCCTGA-1,19624,11407,0.16014214009046554,0.01263661626539487,0.12183783613145352,0.0,0.0,0.0
2,191,INT24,2695,GCGGTGAACTGCGCTC-1,9161,9999,0.16012550741434098,0.014104827190662356,-0.006355579383671284,0.0,0.0,0.0
2,192,INT24,2174,CTGGTGAATGGGCCTA-1,17731,18187,0.16012262403964997,0.012391950481540953,0.03207703568041324,0.0,0.0,0.0
2,193,INT24,3777,TCCTCTGGCCCATTAG-1,7259,10657,0.16011144667863847,0.018520377529092902,0.04410414975136519,0.1,0.0,0.04587404429912567
2,194,INT24,491,ACTCATGGCAGCCTTC-1,18112,18405,0.16011011451482773,0.017906485868287348,0.11504239980131388,0.0,0.0,0.0
2,195,INT24,1167,CAATGAGGTTCGACTA-1,10869,7264,0.16009793877601625,0.015405000284195142,0.009522667713463306,0.0,0.0,0.0
2,196,INT24,2337,GACATTTCGCCCAGCC-1,19063,18513,0.1600835293531418,0.015234611199434795,0.14793996401131154,0.0,0.0,0.0
2,197,INT24,4329,TTCCGCAGAGAAATAT-1,9350,9234,0.16002360433340074,0.010804223979041776,0.03995013926178217,0.0,0.0,0.0
2,198,INT24,1925,CGTCCAGATGGCTCCA-1,7652,20277,0.16000074446201323,0.014778237313098708,0.08752708099782466,0.0,0.0,0.0
2,199,INT24,2369,GACGTTGCTCGGCGGC-1,19251,16873,0.15995506346225738,0.014328831183466874,0.13378176409751177,0.0,0.0,0.0
2,200,INT24,4138,TGGGTTTCGGGCGTAC-1,18871,17530,0.15991030931472777,0.01615463145041696,0.1613512396812439,0.0,0.0,0.0
2,201,INT24,1897,CGGTTCAAGTAGGTGT-1,9921,9561,0.15990848690271378,0.012350796433359162,0.002899713721126318,0.0,0.0,0.0
2,202,INT24,2125,CTGCACCTAGTCCACA-1,10869,7483,0.15988940596580506,0.014880061619673464,-0.02310021035373211,0.0,0.0,0.0
2,203,INT24,1371,CATGCGTTGAGAGGAG-1,19059,15234,0.15988313257694245,0.014752550326698404,0.1293894026428461,0.0,0.0,0.0
2,204,INT24,1546,CCGAAGGGCGTACCGC-1,10868,6608,0.1598788633942604,0.014877954923602688,0.006002653203904629,0.0,0.0,0.0
2,205,INT24,1314,CAGTTCGAGGACCCGA-1,18488,14907,0.15987449139356613,0.01390659075060771,0.14667697846889496,0.0,0.0,0.0
2,206,INT24,741,AGGTCGCGGAGTTACT-1,10300,8904,0.15985874682664872,0.013086676223704347,-0.05897771492600441,0.0,0.0,0.0
2,207,INT24,1487,CCCAAGAATGCACGGT-1,5737,10659,0.15985696464776994,0.017133891010349202,-0.019814619794487953,0.0,0.0,0.0
2,208,INT24,2268,GAACATTAGTATGTTA-1,8015,6940,0.15981535017490386,0.020511908872690596,0.05193448234349489,0.0,0.0,0.0
2,209,INT24,4465,TTGTCTCGGCAAGATG-1,19630,15780,0.1598013535141945,0.026218780398125942,0.0433188758790493,0.2,0.1,0.08709699511528016
2,210,INT24,1365,CATGCACATGAGAGGC-1,19252,17967,0.1597991406917572,0.011766356876165016,0.2133396530523896,0.0,0.0,0.0
2,211,INT24,2295,GAAGGCTACCATTGTT-1,10108,7265,0.15977337956428528,0.014228464537850895,-0.004303658194839954,0.0,0.0,0.0
2,212,INT24,3976,TGACTCCGAATCATAC-1,17161,18516,0.15975144356489182,0.012817959918165771,0.12738542407751083,0.0,0.0,0.0
2,213,INT24,43,AAAGGTCAACGACATG-1,5354,8036,0.15973056703805924,0.015912605189922838,-0.07394525930285453,0.0,0.0,0.0
2,214,INT24,2450,GAGTTCTGTGGGTGCT-1,16592,19938,0.15972725600004195,0.01662168538028351,0.07952230237424374,0.0,0.0,0.0
2,215,INT24,885,ATAGGCGGCTATAGAA-1,13544,16662,0.15972606986761093,0.018956370622923508,-0.1249682841822505,0.1,0.0,0.04723739326000213
2,216,INT24,2535,GCAACCACCAGACCGG-1,8020,10219,0.15972557812929153,0.01757645956537052,0.07300083097070456,0.0,0.0,0.0
2,217,INT24,1257,CAGAATATTCGTTATC-1,14863,6712,0.1597225233912468,0.017041329726169088,0.01555817574262619,0.0,0.0,0.0
2,218,INT24,3844,TCGGTCCCGACAATAG-1,16209,17752,0.1597222328186035,0.010673110696308845,-0.03040527682751417,0.0,0.0,0.0
2,219,INT24,4183,TGTCCGCAAACAATTC-1,19248,14687,0.15971723347902297,0.015195005194439925,-0.0142561886459589,0.0,0.0,0.0
2,220,INT24,4020,TGCACAGTGAAGTTAT-1,7638,9345,0.15970370024442673,0.018606294201363293,-0.005856661498546601,0.2,0.0,0.07692171633243561
2,221,INT24,3982,TGAGATTAGGCCCTAA-1,8400,10000,0.1597031608223915,0.020045722124218127,-0.07537633664906025,0.0,0.0,0.0
2,222,INT24,1373,CATGGAAATGGGACCA-1,6496,8909,0.15970140397548677,0.013474074218794154,0.014317062683403492,0.0,0.0,0.0
2,223,INT24,2094,CTCTAACACCGGCAGC-1,19814,10860,0.15969936847686766,0.01662287622403747,0.12974640987813474,0.0,0.0,0.0
2,224,INT24,3628,TATTGACATTTCTGCC-1,12011,7481,0.15969529896974563,0.02516854318155264,-0.04986375588923693,0.2,0.0,0.08046066164970397
2,225,INT24,4401,TTGAGGGTCGAACGCG-1,5923,7270,0.1596895143389702,0.01779455867932112,-0.010596241056919097,0.0,0.0,0.0
2,226,INT24,4455,TTGGTTCGCTCAAAGG-1,12770,6605,0.1596645548939705,0.016302446154163704,-0.05512482132762671,0.0,0.0,0.0
2,227,INT24,2392,GAGAGCGCAGTCCCTG-1,10695,19617,0.15965111553668976,0.01664049998287567,0.013484385795891285,0.0,0.0,0.0
2,228,INT24,2065,CTCCCTTGTATCAAGG-1,19635,19278,0.1596432477235794,0.01701829952338553,0.1654102087020874,0.0,0.0,0.0
2,229,INT24,1959,CGTTCTTCGCACACCT-1,8968,8360,0.15963893681764602,0.014033580305178619,0.0773187218233943,0.0,0.0,0.0
2,230,INT24,1357,CATGAACCGACATTTG-1,7456,15577,0.15962161272764205,0.01893664115441645,-0.08802594747394324,0.0,0.0,0.0
2,231,INT24,960,ATCGTTCACTTTCGCC-1,7258,10002,0.15960661917924882,0.016852088787903095,-0.10796861872076988,0.0,0.0,0.0
2,232,INT24,1730,CGACTTGCCGGGAAAT-1,20014,18403,0.15957309007644654,0.014275072695091904,0.11968570072203874,0.0,0.0,0.0
2,233,INT24,183,AAGGGTTTGATTTCAG-1,16592,20156,0.15954910069704056,0.014201829151047972,0.04760208064690232,0.0,0.0,0.0
2,234,INT24,2669,GCGCGATGGGTCAAGT-1,5744,15470,0.1595400094985962,0.0191513672183852,0.06812948007136584,0.0,0.0,0.0
2,235,INT24,2689,GCGGGCATTACGATGC-1,11249,7263,0.15953396111726761,0.015549839973370633,-0.10687030106782913,0.0,0.0,0.0
2,236,INT24,775,AGTCAAGATGACACTT-1,14487,10430,0.15951164215803146,0.011604782279198327,-0.0011705467477440834,0.0,0.0,0.0
2,237,INT24,2013,CTAGCCCGGGAGACGA-1,20011,16216,0.15943016856908798,0.01866836628859268,0.18634452326223255,0.0,0.0,0.0
2,238,INT24,2623,GCCGATTGGCCAAGCT-1,13160,13602,0.15941836088895797,0.011980376792885982,-0.046636134013533594,0.0,0.0,0.0
2,239,INT24,2042,CTCAAACCACTGCCCG-1,17538,15892,0.15941805392503738,0.013782969489462669,0.02310033068060875,0.0,0.0,0.0
2,240,INT24,1331,CATAGGGACACTTGTG-1,19633,17966,0.15937962532043456,0.016308638846058855,0.11145695317536593,0.0,0.0,0.0
2,241,INT24,3233,GTGCGGGTCTCCAAAT-1,9166,14153,0.15937333256006242,0.02006626687420007,-0.013181101530790329,0.0,0.0,0.0
2,242,INT24,3399,TAATGTCGGTTCATGG-1,19442,17638,0.15933060944080352,0.012531278197843842,0.10806893073022365,0.0,0.0,0.0
2,243,INT24,2516,GATTATCTTGCATTAT-1,19813,10204,0.1593232721090317,0.017714682264261268,0.1627585720270872,0.0,0.0,0.0
2,244,INT24,3683,TCAGGGCGACTTCCTT-1,9934,19837,0.15930562615394592,0.014725504877559031,0.04176384713500738,0.0,0.0,0.0
2,245,INT24,3481,TACTGCATGATTAAAT-1,20009,14686,0.15929185897111892,0.017561526409596198,0.11546882055699825,0.0,0.0,0.0
2,246,INT24,3415,TACACCGTCGTTAGTC-1,10108,7483,0.15927130803465844,0.024984309352142988,0.03979479093104601,0.2,0.0,0.08010774850845337
2,247,INT24,559,AGACATAGATCCTTCC-1,6694,15140,0.15926172733306884,0.019170677260953735,0.04971657134592533,0.0,0.0,0.0
2,248,INT24,3204,GTGAGATAACCTTATA-1,18489,15781,0.1592458352446556,0.013061777080062946,0.180125430226326,0.0,0.0,0.0
2,249,INT24,434,ACGCTACTGAATGGGC-1,19429,7144,0.15924216359853743,0.014121732492269997,0.10413158498704433,0.0,0.0,0.0
2,250,INT24,1123,CAAATTGGATTATGCC-1,9538,7594,0.15923462733626365,0.018279081567304165,0.058758382499217984,0.2,0.0,0.073904150724411
2,251,INT24,958,ATCGTGGAAAGTCTGG-1,17350,17750,0.15919984877109528,0.017719477793199625,0.03155327457934618,0.1,0.0,0.04411847293376923
2,252,INT24,3653,TCAATATACAGGAGGC-1,18668,7363,0.1591558501124382,0.016712377713694045,-0.13494226410984994,0.2,0.0,0.09448263347148896
2,253,INT24,3181,GTCTCCGCCTCAATAC-1,18866,13594,0.1591455966234207,0.01234709671651015,0.0007238928228616714,0.0,0.0,0.0
2,254,INT24,1112,CAAACGGTCGCACTTT-1,11070,15900,0.15911561846733094,0.01870275586501185,0.0072291214019060135,0.1,0.0,0.046228519082069396
2,255,INT24,624,AGCCCGGCATTAGAGG-1,17540,17422,0.15910117477178573,0.013835500471464873,0.03360180482268334,0.0,0.0,0.0
2,256,INT24,881,ATAGCCATAACAGTCA-1,19049,7800,0.15910029113292695,0.020434010937225876,-0.11046990808099508,0.0,0.0,0.0
3,1,INT24,1194,CACATGTTTGGACATG-1,7269,18310,0.11378796761855484,0.08828258634035159,-0.8152065053582191,0.3,0.2,0.16132760047912598
3,2,INT24,3035,GGTTAGGGATGCTAAT-1,19824,18731,0.1089526480063796,0.08579443249677753,-0.8835832178592682,0.3,0.3,0.16574801802635192
3,3,INT24,966,ATCTCCCACGGAATAT-1,16767,8459,0.1074202110990882,0.07935551005089912,-0.831396920606494,0.2,0.1,0.10517251789569855
3,4,INT24,1225,CACCTTGGCGCCTTTG-1,13534,9010,0.10685340873897076,0.08892184092075464,-0.8606469810009003,0.2,0.2,0.11563485860824585
3,5,INT24,3903,TCTGAGCAATTGACTG-1,15625,8023,0.10600229427218437,0.08534981924673485,-0.8040870599448681,0.2,0.2,0.11350407004356385
3,6,INT24,868,ATACGTACTTAGCCAC-1,15821,11849,0.10540444953367115,0.08110134585895408,-0.874574751406908,0.3,0.2,0.1504741132259369
3,7,INT24,1154,CAAGTCGTTGAAATCT-1,19819,15014,0.10523398462682962,0.08222866106542259,-0.9057208757847548,0.3,0.3,0.1560772478580475
3,8,INT24,811,AGTGGTGTTACCCGTG-1,14308,19285,0.10443249875679612,0.0817203990583653,-0.7994258482009172,0.2,0.2,0.11032382845878601
3,9,INT24,2473,GATCCGAATATAAGTG-1,12200,6716,0.1031511806882918,0.08051520700534731,-0.8787634916603565,0.1,0.1,0.05744064450263977
3,10,INT24,182,AAGGGTTAGCCATGCG-1,19619,7034,0.1030856454744935,0.08752067029065494,-0.8626811921596527,0.3,0.2,0.16202220022678376
3,11,INT24,3722,TCCCAAACATCCTCTA-1,19631,16436,0.10265415068715811,0.08773204101097741,-0.8506233617663383,0.2,0.2,0.1103284478187561
3,12,INT24,2408,GAGCGCGCACGAGTAG-1,14677,10101,0.10248398389667272,0.07449077833494493,-0.8561635717749596,0.1,0.1,0.054320627450942995
3,13,INT24,472,ACGTTGTCGTTGAAAG-1,19631,16873,0.10242879530414939,0.07842460028116657,-0.8601834172382951,0.2,0.2,0.10587915182113647
3,14,INT24,1648,CCTCCTGAGCCCACAT-1,12597,19396,0.10136238150298596,0.07624898200962613,-0.8352977998554707,0.2,0.2,0.1021869421005249
3,15,INT24,4441,TTGGACCTATAACAGT-1,16010,10865,0.10008241999894381,0.0719524157699079,-0.8807820051908493,0.2,0.1,0.09791966676712036
3,16,INT24,906,ATATGTCTCCCTAGCC-1,12013,9667,0.09996434319764376,0.0859019794059183,-1.0091368483379484,0.1,0.1,0.06201804280281067
3,17,INT24,775,AGTCAAGATGACACTT-1,14487,10430,0.09966067299246788,0.07720526277410626,-0.8980196751654148,0.2,0.1,0.10183763206005096
3,18,INT24,2691,GCGGTAACCCAAATGA-1,6698,17764,0.09946328876540064,0.08558487342294353,-1.064920512586832,0.2,0.1,0.10848569571971893
3,19,INT24,2787,GGAAACTAAATGGGCC-1,16768,9115,0.09934011865407229,0.07667699938100717,-0.9022278172895313,0.2,0.1,0.10340316891670227
3,20,INT24,2826,GGAGGATTGAAAGGAG-1,6691,12298,0.09922453789040446,0.07402688486171276,-1.071600940078497,0.2,0.2,0.1102858304977417
3,21,INT24,1197,CACCAATCATCCGTCT-1,15641,19830,0.09908894328400493,0.08163330010560658,-0.9965401355177164,0.2,0.2,0.10899618268013
3,22,INT24,1530,CCCTCGATAATACACA-1,18490,17093,0.0986870619468391,0.08028795055399433,-0.8535906134173274,0.2,0.1,0.10358213186264038
3,23,INT24,4335,TTCCTCGGACTAACCA-1,14868,10866,0.09785879729315639,0.07261590767983338,-0.9948300071060657,0.3,0.0,0.12627582252025604
3,24,INT24,1990,CTAATTTCAACAACAC-1,9360,17323,0.09769978215917945,0.07204299809036863,-0.9615478157997132,0.2,0.1,0.09629733562469482
3,25,INT24,3331,GTTTCTTGTTAGAGCT-1,19255,19934,0.09766696644946933,0.07855020391726471,-0.9485932162031532,0.3,0.1,0.14438083171844482
3,26,INT24,3119,GTCAAAGAAGTGGTGT-1,16019,18299,0.09762484943494201,0.07519733578093465,-0.8741450898349286,0.2,0.2,0.10258415937423707
3,27,INT24,2842,GGATGAAGATCGCTGA-1,13345,9994,0.0974729573354125,0.07706460688313396,-0.8996444184333086,0.1,0.1,0.05362361669540405
3,28,INT24,760,AGTACGGGCACCTGGC-1,10114,11638,0.09740408100187778,0.07605692543133341,-1.0275251388549804,0.2,0.1,0.10304172337055206
3,29,INT24,2204,CTTAGTTGAGGAATCG-1,18109,16656,0.09655503844842314,0.0782858650590373,-1.0094776950776576,0.1,0.1,0.058166295289993286
3,30,INT24,4195,TGTGCCGGTGCCGGAA-1,15437,9663,0.09653476523235441,0.07341946402031702,-0.9531897813081741,0.2,0.0,0.09685910940170288
3,31,INT24,3351,TAAATGGGCTACTGAG-1,17335,6381,0.09638882130384445,0.07365949629590755,-0.9828947018831968,0.2,0.1,0.10111116468906403
3,32,INT24,3020,GGTGCTGATCACAAAG-1,10502,17978,0.09636395825073123,0.07322023931722896,-0.9855125166475773,0.1,0.1,0.052293628454208374
3,33,INT24,193,AAGTGAGTCGGGTTTA-1,17156,15018,0.09612488634884357,0.07672820179653365,-0.9928585866466164,0.2,0.2,0.10680872797966004
3,34,INT24,776,AGTCACTAGCTCTCGA-1,15818,9444,0.09612111058086156,0.07617754086038156,-1.0048297259956598,0.3,0.0,0.1347604900598526
3,35,INT24,4368,TTCTGCGAGCGCCCTT-1,11644,18414,0.09610776919871569,0.07896351612153805,-0.9474635157734156,0.1,0.1,0.053233486413955686
3,36,INT24,4334,TTCCGGTTACCCACTT-1,13917,10758,0.09584381598979234,0.07846748822318066,-1.011532311141491,0.1,0.1,0.05711644887924194
3,37,INT24,1217,CACCGTATCCCATCCG-1,15246,8898,0.09584006890654564,0.07259868936416715,-0.873464022949338,0.1,0.1,0.05550624132156372
3,38,INT24,2076,CTCGAGATCCAAAGCA-1,7460,18856,0.09536517495289445,0.07628178810561577,-0.97083445712924,0.2,0.2,0.10307292342185974
3,39,INT24,4337,TTCGAACGAAACATGC-1,19440,15671,0.09492228832095861,0.0806599825486251,-1.043110989406705,0.1,0.1,0.05905569791793823
3,40,INT24,460,ACGTCTCGTTCCGGGA-1,13738,19614,0.09468727186322212,0.0766127412960531,-0.8578920923173428,0.1,0.1,0.05264936089515686
3,41,INT24,4269,TTAGAGTTTAGAAGGA-1,14107,10867,0.09468425996601582,0.07839153796178479,-0.9781339382752776,0.1,0.1,0.05351893305778503
3,42,INT24,961,ATCTAACGTCCCTATG-1,7081,19950,0.09467121465131641,0.08204711062184503,-1.0328113749623298,0.1,0.1,0.06003280878067017
3,43,INT24,2468,GATATGGATTACGCGG-1,10693,18306,0.09450906245037913,0.08441403424775858,-1.1519880622625351,0.1,0.1,0.0624443531036377
3,44,INT24,1859,CGGCCCAGGTATATCC-1,13534,8791,0.09446743549779058,0.07366129137758816,-0.9418941047042608,0.2,0.1,0.09897796213626861
3,45,INT24,3944,TCTTTCGGCGGGACAC-1,6130,19842,0.09442585110664367,0.07262866684713645,-1.0675257271155716,0.1,0.0,0.04802643358707428
3,46,INT24,3395,TAATCAACCAAATGGG-1,15053,6603,0.09429889395833016,0.0725399795589222,-1.0270702674984933,0.2,0.0,0.0974913239479065
3,47,INT24,2920,GGGACTGCATAGATAG-1,11448,13713,0.09421764174476266,0.07623695334037345,-1.0998564660549164,0.2,0.1,0.09853995740413665
3,48,INT24,213,AATAGAACAGAGTGGC-1,15254,15239,0.09406025242060423,0.07792575919414828,-1.058702090382576,0.2,0.1,0.1024463266134262
3,49,INT24,1714,CGAATGAAGTCATTGC-1,17160,18079,0.09365610759705305,0.07754978408248932,-1.0364961555227636,0.1,0.1,0.055089861154556274
3,50,INT24,915,ATCAAAGAGCCGTGGT-1,19817,13484,0.09364442052319646,0.07334982194628083,-0.8888952311128377,0.2,0.1,0.09960114657878875
3,51,INT24,2476,GATCCTCGACACTGGC-1,14876,16770,0.09355824990198017,0.07337026134425798,-0.9805681087076664,0.2,0.0,0.09787164032459258
3,52,INT24,1346,CATCCGCAGGCCCGAA-1,8221,18637,0.09325448544695973,0.08277535217851222,-1.0509018778800965,0.1,0.1,0.06207994222640991
3,53,INT24,1172,CAATTGGGCCGCACTC-1,16021,19829,0.09319450575858354,0.0768342065596146,-1.0349708206951618,0.2,0.2,0.10598047375679016
3,54,INT24,703,AGGCCCTAGAACGCCA-1,13926,17536,0.09315158622339367,0.0743135714127062,-1.0542163096368313,0.2,0.1,0.1000855177640915
3,55,INT24,4238,TTAAGCGCCTGACCCA-1,11070,15463,0.09303283803164959,0.07871820651941355,-1.1384636655449867,0.2,0.2,0.10775780081748962
3,56,INT24,878,ATAGAGTTATCAACTT-1,10492,10107,0.09299835758283734,0.07137191485409883,-1.069419965147972,0.1,0.1,0.052449798583984374
3,57,INT24,2679,GCGCTGGCGGAAAGTC-1,6891,20060,0.09266925072297454,0.0797743914435055,-1.0375694442540406,0.2,0.2,0.10691858530044555
3,58,INT24,1109,CAAACCAGGTCTGCAT-1,12217,20271,0.09256061934866011,0.08647594527500191,-1.2764070434495807,0.3,0.3,0.1582125246524811
3,59,INT24,1980,CTAACAGCACAATAAC-1,16973,20156,0.09242404084652663,0.07783984201816731,-1.0512843050062657,0.1,0.1,0.0559106707572937
3,60,INT24,663,AGCTCGTTGATGGAAA-1,8395,6720,0.09237115122377873,0.06936521471889803,-1.116482125595212,0.1,0.1,0.05155526399612427
3,61,INT24,1437,CCACGTAAATTAGACT-1,11820,6935,0.09234759854152799,0.0720519415999226,-1.0486834794282913,0.1,0.0,0.048694729804992676
3,62,INT24,1783,CGCCAATTATTGCGTT-1,6701,19951,0.09232998983934522,0.0730658055478328,-1.077194955572486,0.0,0.0,0.0
3,63,INT24,147,AAGACATACGTGGTTT-1,18288,7801,0.092289013043046,0.0714478720863279,-1.1089455340057612,0.2,0.1,0.10103419423103333
3,64,INT24,3362,TAACCTAGGGAGTCCA-1,16768,8677,0.09192055044695735,0.07965363575028697,-1.0275594366714358,0.1,0.1,0.0598285973072052
3,65,INT24,3603,TATGACCTTGCGCTGG-1,14500,20268,0.09189535388723016,0.07803234438482001,-1.0174843922257424,0.2,0.0,0.09865660965442657
3,66,INT24,4097,TGGACGTAGGCGAATC-1,7080,19513,0.09183859778568149,0.07250312834309633,-1.1186408499255776,0.2,0.1,0.10179937779903411
3,67,INT24,533,ACTTGCTCTATCTACC-1,18494,19935,0.0917488681152463,0.07714435198894883,-1.0740499371662735,0.1,0.1,0.053423500061035155
3,68,INT24,311,ACACTGGGACAGTCGT-1,16576,7694,0.09171556360088289,0.07775936164827997,-1.0820686049759387,0.2,0.1,0.09952323734760285
3,69,INT24,3420,TACATCTTGTTTCTTG-1,8603,19948,0.09148515099659563,0.07379570142399071,-1.031218947470188,0.2,0.1,0.10210812687873841
3,70,INT24,1300,CAGTACCAGTTTACGT-1,14497,18301,0.09147689389064909,0.07610526557709023,-1.1106794238090516,0.1,0.1,0.05869207382202148
3,71,INT24,4316,TTCATAGCCTTGTAAC-1,6699,18639,0.09147238861769438,0.0759132870462849,-1.093074007332325,0.1,0.1,0.053390908241271975
3,72,INT24,3724,TCCCAATATCGACGAC-1,20002,9220,0.09145074477419257,0.07258519032071777,-1.024962902441621,0.1,0.1,0.05205560326576233
3,73,INT24,1951,CGTTAAACTAGTTAGG-1,14675,8134,0.09135919651016593,0.06913350626766429,-1.0806774988770484,0.1,0.1,0.05069800615310669
3,74,INT24,3341,TAAAGACAACCCTTTA-1,12962,7371,0.09131383411586284,0.07710254881599801,-1.0201098039746284,0.2,0.1,0.09918262362480164
3,75,INT24,315,ACAGCGACATTCTCAT-1,16578,9443,0.09112138748168945,0.07197063202280816,-1.055849719233811,0.1,0.0,0.04810173213481903
3,76,INT24,2386,GACTTTCGAGCGGTTC-1,20006,12500,0.09108523428440093,0.08013908282102718,-1.086695735156536,0.2,0.2,0.10773423314094543
3,77,INT24,4323,TTCCAGTGGGTTTCGT-1,19629,15124,0.09103046422824264,0.07657834845961102,-0.949278686195612,0.2,0.1,0.10298721492290497
3,78,INT24,1054,ATTATCGGAATGTACG-1,18487,14032,0.09101708577945829,0.07443941452613731,-1.151707112789154,0.1,0.1,0.05449593663215637
3,79,INT24,3260,GTGTACCTTGGCTACG-1,10304,11747,0.0910061533562839,0.07369282390877212,-0.9854403920471668,0.1,0.1,0.054423028230667116
3,80,INT24,2656,GCGAGAAACGGGAGTT-1,7840,18856,0.09089364651590585,0.07062160972693217,-0.9933254901319742,0.0,0.0,0.0
3,81,INT24,824,AGTTCACCGGTTGGAC-1,9173,19401,0.09074697382748127,0.07668842793606993,-1.0695713937282563,0.2,0.1,0.09807555377483368
3,82,INT24,1080,ATTGAATTCCCTGTAG-1,19809,6706,0.09071439981926233,0.07755337630798097,-1.117894496023655,0.1,0.1,0.056063270568847655
3,83,INT24,1987,CTAATTATGAAGCGTA-1,7445,7050,0.09070594301447273,0.06964001585208109,-1.1382270984351635,0.1,0.1,0.053736758232116696
3,84,INT24,2722,GCTAGCAACGCACCTA-1,19812,9548,0.09069805592298508,0.07363317429320955,-1.0032544046640397,0.2,0.2,0.10271060466766357
3,85,INT24,4365,TTCTCAATTGCTACAA-1,19063,18732,0.09068308416754008,0.07585135560672077,-1.0296056918799876,0.1,0.0,0.049081602692604066
3,86,INT24,3822,TCGCTGTGCGTAAATC-1,8597,15794,0.09065445312298834,0.07921725922095017,-1.2289070900529624,0.1,0.1,0.05353984832763672
3,87,INT24,1016,ATGGTATTTACTGATT-1,18493,18842,0.0905600244179368,0.07537318323784616,-1.016603333130479,0.2,0.1,0.10070079863071442
3,88,INT24,2979,GGTAACCGGCAAAGGT-1,6510,19841,0.09052967764437199,0.06945803615490484,-0.9706065598875284,0.2,0.1,0.10044117867946625
3,89,INT24,3225,GTGCCTAGCTATGCTT-1,7841,19074,0.09051884077489376,0.07544111201653811,-1.1427413813769818,0.1,0.1,0.05606095194816589
3,90,INT24,2916,GGGAAGGGCTTTCTCA-1,17341,10754,0.09031307138502598,0.07322863089672228,-1.0450522910803557,0.1,0.1,0.05157584547996521
3,91,INT24,3881,TCTATAGGTGGGTAAT-1,17718,8348,0.0901269649155438,0.07119441385867856,-1.0852523934096099,0.0,0.0,0.0
3,92,INT24,1548,CCGACAAACACATGAG-1,8411,18746,0.09003009870648385,0.07551141571342543,-1.149392631649971,0.1,0.1,0.05606446266174316
3,93,INT24,1409,CCAACCTTATGTAACT-1,18108,15782,0.09001446785405279,0.07245625181807873,-1.06396561935544,0.2,0.2,0.1035684585571289
3,94,INT24,170,AAGCTATGGATTGACC-1,20016,19933,0.08998025325126946,0.08088842484498235,-1.2145000502467156,0.2,0.1,0.10351011753082276
3,95,INT24,1443,CCACTTTCCTTCTAGG-1,20000,7908,0.08986725686118006,0.07610031856535573,-1.120576588064432,0.2,0.2,0.10123897194862366
3,96,INT24,282,ACAAGGAAATCCGCCC-1,14680,12069,0.08981963181868195,0.06781621258164362,-0.9737559638917446,0.1,0.0,0.046501424908638
3,97,INT24,1268,CAGATGTTTGTCCCAA-1,15261,20049,0.08980803899466991,0.07494759454258858,-0.9731775775551796,0.1,0.1,0.053737092018127444
3,98,INT24,1282,CAGCTCTGGGCTCACT-1,19250,16436,0.08974745757877826,0.07469423530940905,-1.0563334103673696,0.0,0.0,0.0
3,99,INT24,3872,TCTAATACTGCCTCAG-1,16208,17533,0.08966776989400387,0.07134340320914971,-1.1453089773654939,0.1,0.0,0.046850481629371644
3,100,INT24,2042,CTCAAACCACTGCCCG-1,17538,15892,0.08965251548215747,0.0735700243200888,-1.0538565911352635,0.1,0.1,0.05557091236114502
3,101,INT24,639,AGCGACTTTGAAGACA-1,20010,15342,0.08961465964093804,0.08781669485168643,-1.291303852200508,0.2,0.2,0.11476590633392333
3,102,INT24,3921,TCTGTTACCCAGCATA-1,15066,16441,0.08960205884650349,0.07124318308208365,-1.0096471015363933,0.1,0.1,0.0535506546497345
3,103,INT24,4477,TTGTTGGCAATGACTG-1,19822,16982,0.0895515133626759,0.07510387402814252,-1.12209091167897,0.1,0.1,0.054810458421707155
3,104,INT24,3096,GTAGTTCGAAGGCGAA-1,17728,16001,0.08949495973065495,0.07499922466148717,-1.177945601195097,0.1,0.1,0.05405235290527344
3,105,INT24,3753,TCCGCCTGTCTACAAG-1,16011,12177,0.08932508509606123,0.0694738344214567,-1.0914759539067744,0.0,0.0,0.0
3,106,INT24,3659,TCACAGGAGAATAAGA-1,15825,14910,0.08926185891032219,0.07409027250148555,-1.097785283997655,0.1,0.1,0.05478912591934204
3,107,INT24,638,AGCGACCAACGATATT-1,10117,14261,0.08916073907166719,0.07543082246120139,-1.0388726241886617,0.1,0.1,0.05263628959655762
3,108,INT24,3910,TCTGCGAATCGTTCGC-1,8586,6830,0.08913485165685416,0.0753435347714648,-1.0635428160429001,0.1,0.1,0.05743280053138733
3,109,INT24,1627,CCTACTGCTTACACTT-1,10498,14917,0.08907805271446705,0.07685284883471168,-1.069991478510201,0.1,0.1,0.05724190473556519
3,110,INT24,1948,CGTGTATGGGAGCTGA-1,17718,8130,0.0890765406191349,0.07198936392601896,-1.0314972795546056,0.1,0.1,0.0506972074508667
3,111,INT24,2690,GCGGGCGAGCCTTACC-1,15824,14691,0.08899574533570558,0.07735547357584094,-1.0829597275704146,0.1,0.1,0.05339471697807312
3,112,INT24,3979,TGAGACGTACCTCTCA-1,12787,19724,0.08895656503736973,0.07739513206683006,-1.0795460633933545,0.1,0.1,0.0541785717010498
3,113,INT24,1432,CCACGAATTTAACCTC-1,13153,8354,0.08877403773367405,0.07180345549512979,-1.1031566802412271,0.1,0.1,0.05095442533493042
3,114,INT24,3931,TCTTCGAATAGACGTT-1,12778,12509,0.08868298390880228,0.06872737915474596,-1.0885317347943784,0.1,0.0,0.045338806509971616
3,115,INT24,2792,GGAACCGTGTAAATTG-1,14684,15130,0.08860887615010142,0.073087328983439,-1.0880910526961087,0.1,0.1,0.052928215265274046
3,116,INT24,1022,ATGTACGATGACGTCG-1,17915,13267,0.0885486395098269,0.06746835140216495,-1.0868604112416507,0.0,0.0,0.0
3,117,INT24,1185,CACAGAGACGAGGACG-1,17541,18078,0.0885091335978359,0.07335799402483272,-1.0979473419487475,0.2,0.2,0.10360342860221863
3,118,INT24,2753,GCTGAGCAACGGTTCT-1,8983,19510,0.08845761697739363,0.07681828505207441,-1.1659689210355282,0.2,0.1,0.09802393019199371
3,119,INT24,949,ATCGCCAGTCAACATT-1,13915,8790,0.08844116954132915,0.07076504919677407,-1.0289137287065386,0.1,0.0,0.04905771315097809
3,120,INT24,992,ATGCCATTTGCGACCA-1,13536,10321,0.0883920800872147,0.07774706855186074,-1.2244581423699856,0.2,0.2,0.10510635375976562
3,121,INT24,2172,CTGGTCATTCCAATCC-1,9742,18635,0.08837884212844074,0.07513508018275683,-1.1094289027154445,0.2,0.1,0.10304644107818603
3,122,INT24,1921,CGTCAGCTATTTACTC-1,8602,19073,0.08835224066860974,0.07702027443765222,-1.1932236932218074,0.2,0.2,0.10407637357711792
3,123,INT24,4325,TTCCATCGACAGCGTG-1,16958,8568,0.08834930332377552,0.08020047234861857,-1.1539100147783756,0.1,0.1,0.059667015075683595
3,124,INT24,3070,GTACAGAGGCAAGGGT-1,12396,11197,0.08822969365864992,0.07001770620202197,-1.075250256061554,0.1,0.1,0.05067502856254578
3,125,INT24,1745,CGAGGCCAGGCATTGG-1,8029,17872,0.08822481529787182,0.07178470645678607,-1.105009377747774,0.1,0.1,0.051259207725524905
3,126,INT24,3269,GTGTGTCGACGTCGCT-1,8222,19949,0.08816854301840067,0.06749672982420857,-1.0935483226552605,0.1,0.0,0.048509278893470766
3,127,INT24,2934,GGGCAGACGTCACTGC-1,14499,19831,0.08806074098683894,0.07633722330964679,-1.1043802451342344,0.2,0.1,0.10166319310665131
3,128,INT24,3245,GTGGCCGGTTTCTCGG-1,18303,19170,0.08803714010864497,0.07516550936808793,-1.076070112735033,0.1,0.1,0.05380864143371582
3,129,INT24,2175,CTGGTTCAACGCATCA-1,6886,16124,0.08802224602550268,0.06428811997240183,-1.0205469310283661,0.0,0.0,0.0
3,130,INT24,1666,CCTGACCACCGATGGT-1,13921,13601,0.08800231134518981,0.06919872524032614,-0.9777300618588924,0.1,0.1,0.05109877586364746
3,131,INT24,1179,CACACACGCTAACGAG-1,15817,9007,0.08796777157112956,0.0730184731811041,-1.1460338309407234,0.2,0.1,0.09781652987003327
3,132,INT24,3497,TAGACTACCTAGCGTT-1,12583,8901,0.08789704386144877,0.0709651773311804,-1.149965313076973,0.0,0.0,0.0
3,133,INT24,1876,CGGGCTACTTAAATTG-1,6303,7051,0.08784590479917824,0.07305213992229337,-1.2006621941924096,0.2,0.1,0.10330084264278412
3,134,INT24,2893,GGCGGTTTGCCGGTGC-1,8221,19074,0.08780985753983259,0.07477588553489865,-1.2480171144008636,0.1,0.1,0.05596955418586731
3,135,INT24,1365,CATGCACATGAGAGGC-1,19252,17967,0.08780521657317877,0.07550496990655894,-0.9933195894584059,0.1,0.1,0.05334321856498718
3,136,INT24,2413,GAGCTCAACATGAGCG-1,19246,12719,0.08778425054624676,0.07120412593765428,-0.8823035556823016,0.1,0.1,0.051289182901382444
3,137,INT24,1174,CAATTTGACCGGGAAG-1,6699,18857,0.08776587005704642,0.07756021038180648,-1.2518124278634786,0.1,0.1,0.055314910411834714
3,138,INT24,1425,CCACAGCTGAAATCAT-1,6887,17217,0.08773008305579424,0.07160789796976315,-1.1305711664259435,0.1,0.1,0.05023535490036011
3,139,INT24,17,AAACGAAGATGGAGTA-1,16402,19829,0.08771878620609641,0.07067833392343711,-1.0253750991076231,0.0,0.0,0.0
3,140,INT24,2355,GACGATATCACTGGGT-1,19060,16546,0.08767841290682554,0.07061116670694599,-0.990494579821825,0.1,0.0,0.049991992115974423
3,141,INT24,2975,GGGTTTAGGATAGGAT-1,13534,8572,0.08767087161540985,0.06807823772496513,-1.0433173581957818,0.2,0.1,0.09599426090717315
3,142,INT24,3811,TCGCCGGATGGGCAAG-1,10315,19837,0.0876359973102808,0.07179931870595074,-1.1571544483304024,0.2,0.0,0.09543554484844208
3,143,INT24,4404,TTGATCTAACTTTGTC-1,10879,15135,0.08760246238671243,0.07693667298419365,-1.152131024003029,0.2,0.2,0.10379149913787841
3,144,INT24,2248,GAAACAGCCATGCAGT-1,7834,13608,0.08758007073774934,0.07658319313850043,-1.1364220410585404,0.1,0.1,0.05792696475982666
3,145,INT24,1374,CATGGATTGTCTTCCG-1,15817,9225,0.08752701058983803,0.07218304742795809,-1.100433661043644,0.1,0.1,0.05315681099891663
3,146,INT24,869,ATACGTCCACTCCTGT-1,14297,10102,0.08748798882588744,0.07203742592253998,-1.114249749481678,0.2,0.2,0.10135590434074401
3,147,INT24,620,AGCCATATAGTATGTG-1,18866,13157,0.08748415959998965,0.07109659715370198,-1.1372149929404258,0.1,0.1,0.05043596029281616
3,148,INT24,4437,TTGCTGGCCGGGCTTC-1,6880,11751,0.0874253623187542,0.06529392754483891,-1.0589119017124176,0.1,0.0,0.04742524325847626
3,149,INT24,4313,TTCAGGCGTCAAAGCC-1,12976,18521,0.08734239325858653,0.07902642500745868,-0.9858187347650528,0.3,0.3,0.15364768505096435
3,150,INT24,1878,CGGGTTCGGCACGTAT-1,6686,8581,0.08726509567350149,0.06071839996692058,-1.0016475103795528,0.0,0.0,0.0
3,151,INT24,3960,TGAATTTCACTTGCCT-1,13358,19833,0.08721864838153123,0.07317025545136155,-1.0641411416232587,0.1,0.1,0.05164777040481568
3,152,INT24,4299,TTATGTTTGCGATAGA-1,10312,18087,0.0871202377602458,0.06741287674979451,-1.0887910664081573,0.1,0.0,0.0470799595117569
3,153,INT24,2706,GCGTTATATTTGGAAC-1,11264,18851,0.08710250640287995,0.06892728198374727,-1.0708495799452067,0.1,0.1,0.052346843481063846
3,154,INT24,1073,ATTCGTCCCGAGGTTA-1,19618,6597,0.08703392907045782,0.0708501564868563,-1.1696261174976825,0.1,0.1,0.05221787095069885
3,155,INT24,3493,TAGAATAGCCGATGAA-1,17149,9333,0.08701331494376063,0.0678746675870182,-1.0207189958542586,0.1,0.1,0.05017695426940918
3,156,INT24,2791,GGAACCCGAACAAGAA-1,9743,19291,0.0870058418251574,0.06758665557624295,-1.1310892768204213,0.2,0.0,0.09557365477085114
3,157,INT24,2489,GATCTTCATTGTCCTC-1,8982,19292,0.08700554855167866,0.06996829427709397,-1.0549678690731525,0.0,0.0,0.0
3,158,INT24,1712,CGAAGTTGCTCTGTGT-1,11642,16446,0.08693925496190787,0.06662701829633944,-1.0923677813261747,0.1,0.0,0.04766846895217895
3,159,INT24,5,AAACAGCTTTCAGAAG-1,13548,19286,0.08691638559103013,0.07062918472103981,-1.0334131240844726,0.1,0.1,0.052067190408706665
3,160,INT24,2701,GCGTCGTAACATGGTC-1,19435,11954,0.08672777218744158,0.07040206522719122,-1.0069910272955895,0.1,0.0,0.049630993604660036
3,161,INT24,741,AGGTCGCGGAGTTACT-1,10300,8904,0.08672329783439636,0.07468565518500657,-1.1866892993450164,0.1,0.1,0.05404503345489502
3,162,INT24,4102,TGGATAGAGTAACAGA-1,7270,18747,0.08660761155188083,0.07073806367270843,-1.1922983411699533,0.1,0.0,0.04760311841964722
3,163,INT24,530,ACTTCGCTAGCGAGTG-1,11248,6389,0.08659950913861394,0.06983440187827772,-1.1310189574956895,0.1,0.0,0.04986764788627625
3,164,INT24,183,AAGGGTTTGATTTCAG-1,16592,20156,0.08651011437177658,0.07150569966717245,-1.0855706937611103,0.0,0.0,0.0
3,165,INT24,1794,CGCCGACTATTCGCTA-1,12026,19725,0.08645520135760307,0.07045536464383849,-1.109405201487243,0.0,0.0,0.0
3,166,INT24,2648,GCCTTTGTCAGTGGAC-1,17542,19171,0.08626214135438204,0.0716605380358341,-1.0668303661048413,0.1,0.1,0.05298721790313721
3,167,INT24,2198,CTTAGCCCGGATAGTG-1,10504,19290,0.08624296532943845,0.07123170092292125,-1.1502854987978934,0.1,0.1,0.051922017335891725
3,168,INT24,2881,GGCCTTTGCAACTGGC-1,12216,19397,0.08619406130164861,0.07252553546838926,-0.9637411050498486,0.1,0.1,0.054767662286758424
3,169,INT24,4249,TTACATGCCACAACTA-1,13154,9010,0.0861448971554637,0.07358617953530598,-1.0893547594547273,0.1,0.1,0.05698946714401245
3,170,INT24,4037,TGCCAAAGTCAGACTT-1,13546,18193,0.08613810543902219,0.06970370373346794,-1.089076541364193,0.2,0.0,0.09409422576427459
3,171,INT24,1893,CGGTGCAGATAGAACG-1,13354,16334,0.08611330888234078,0.0748746176800867,-1.29524185359478,0.1,0.1,0.05846650600433349
3,172,INT24,4043,TGCCCGATAGTTAGAA-1,19054,11736,0.0861094924621284,0.07417635588588994,-1.1397256897762418,0.1,0.1,0.05494564175605774
3,173,INT24,3317,GTTGCCCTAACGGGTG-1,19253,18623,0.0861059335526079,0.08216293051341131,-1.117347865179181,0.1,0.1,0.06124860644340515
3,174,INT24,1191,CACATCGTGCACGCGC-1,16777,16111,0.08609329196624457,0.07673261406008594,-1.2050018787384034,0.1,0.1,0.05797972679138184
3,175,INT24,910,ATATTCCACATAGTGA-1,15060,11850,0.08607958471402526,0.06634852893583854,-1.131555051356554,0.0,0.0,0.0
3,176,INT24,1252,CACTCTTCTGCTAGCC-1,16578,9224,0.08597917333245278,0.07016961733045267,-1.1109419401735068,0.1,0.0,0.049810945987701416
3,177,INT24,3227,GTGCCTGAGACCAAAC-1,18482,10534,0.08596862107515335,0.08042605915013984,-1.315429037809372,0.1,0.1,0.06181459426879883
3,178,INT24,1665,CCTGACAAACTCGCGC-1,8983,19948,0.08594185188412666,0.06842949889371384,-1.06165866330266,0.1,0.1,0.05238527655601501
3,179,INT24,2432,GAGGTCCCAAAGATCT-1,8790,17433,0.08587503163143992,0.07063701622163115,-1.1647314824163915,0.1,0.0,0.04667454957962036
3,180,INT24,3080,GTACTGGAGTTAGACC-1,11635,11417,0.08585366592742502,0.07743940593104409,-1.2987881753593684,0.2,0.1,0.1047916442155838
3,181,INT24,2488,GATCTTAGTGAACGTG-1,5922,6396,0.08576460354961454,0.06569902901156721,-1.2507294990122317,0.2,0.0,0.09455984234809875
3,182,INT24,1386,CATTACGCAGGAAGGG-1,18861,9221,0.08566532847471535,0.06762019716262163,-1.145117573440075,0.0,0.0,0.0
3,183,INT24,4310,TTCACTTCCTAGAACG-1,18107,14688,0.08566148104146123,0.07678421375005981,-1.1967906653881073,0.1,0.1,0.06137034296989441
3,184,INT24,2602,GCCAGGCTTAGTGGTA-1,7081,19731,0.08561088060960173,0.0726589587167032,-1.1222047872841359,0.1,0.1,0.052426201105117795
3,185,INT24,939,ATCCAGAGCAACAACC-1,14873,14583,0.08554235696792603,0.074410332097615,-1.240786057896912,0.2,0.1,0.10197234451770783
3,186,INT24,2757,GCTGCGCCTCCCACGT-1,9364,20166,0.08551371842622757,0.07483185284644443,-1.1578788757324219,0.2,0.1,0.10301601290702819
3,187,INT24,970,ATCTGATAGTGTCTTA-1,8411,18964,0.08550560171715915,0.07632905894232352,-1.183180719614029,0.2,0.1,0.10512962937355042
3,188,INT24,214,AATAGAATCTGTTTCA-1,14488,10867,0.08549482813104987,0.0714510438838289,-1.1387019146233797,0.1,0.0,0.04764935672283173
3,189,INT24,1017,ATGGTCGCGTGGTTTC-1,13917,10977,0.08549219011329115,0.0742638549044121,-1.2142350807785989,0.1,0.1,0.05498517751693725
3,190,INT24,3923,TCTTAACTCGGATGTA-1,8413,20058,0.08544308366253972,0.06460805336710082,-1.087476573511958,0.1,0.1,0.05111321210861206
3,191,INT24,2052,CTCAGATTGTGATAAG-1,13548,19723,0.0854248127900064,0.07324865415183975,-1.1789653351530434,0.0,0.0,0.0
3,192,INT24,3857,TCGTCACACTGTTAGC-1,10503,18196,0.08542358884587883,0.06861100152826885,-1.1494492441415787,0.2,0.0,0.09351521134376525
3,193,INT24,1070,ATTCGACGCCGGGCCT-1,12214,17429,0.08539808867499232,0.07221300215042235,-1.2004438765347003,0.1,0.1,0.05105254650115967
3,194,INT24,1067,ATTCCCACATAAACAA-1,10312,17650,0.0853709377348423,0.06918685273775883,-1.220838960632682,0.2,0.0,0.09221298396587371
3,195,INT24,2696,GCGGTGCGGAGCATCG-1,8983,19729,0.08535627014935017,0.06577584370472615,-1.1492836561053992,0.0,0.0,0.0
3,196,INT24,1116,CAAACTCGCGACGCCG-1,13914,8135,0.0853490559849888,0.07337625506745489,-1.1954032823443412,0.1,0.1,0.05690247416496277
3,197,INT24,1035,ATTAAACATGCGGACC-1,13541,13820,0.08528049597516656,0.06798919098514011,-1.0764122247695922,0.0,0.0,0.0
3,198,INT24,726,AGGGTGCTCTCGAGGG-1,11824,10214,0.08526548380032181,0.07193052698936162,-1.2471966922283173,0.1,0.0,0.04983151257038117
3,199,INT24,3514,TAGCCATGATTGCCTA-1,19254,19497,0.0850724397227168,0.06950736307854129,-1.1405608655884862,0.0,0.0,0.0
3,200,INT24,951,ATCGCTGCGTGCAGCA-1,9729,8140,0.08506262726150453,0.0738996990842947,-1.394517020881176,0.1,0.1,0.05622978806495667
3,201,INT24,1950,CGTGTGTTAAACCCTG-1,11440,7591,0.08504436891525984,0.0693653312042335,-1.2792702697217464,0.1,0.0,0.04689856767654419
3,202,INT24,2794,GGAACGGCCTGCAGCC-1,10123,18634,0.08502114722505212,0.0777812210307608,-1.2009041905403137,0.1,0.1,0.05968850255012512
3,203,INT24,4164,TGTACGAACAAATCCG-1,12590,13930,0.08497530100867152,0.06997531037323527,-1.1559866342693568,0.1,0.1,0.05065288543701172
3,204,INT24,3707,TCCAATGCGTCGCCGC-1,17733,20155,0.0849707710556686,0.06791990872529977,-1.0056964613497257,0.0,0.0,0.0
3,205,INT24,883,ATAGCTGCTCTTGTTA-1,8412,19183,0.08496984774246812,0.07337427410485765,-1.043808614090085,0.1,0.1,0.05467552542686462
3,206,INT24,2951,GGGCGGGTTCCCTACG-1,13544,16225,0.08496421449817718,0.07265905364958193,-1.1689346127212048,0.1,0.0,0.04936697781085968
3,207,INT24,4150,TGGTGATCGTATTTGT-1,10313,18525,0.08494910039007664,0.07319284389690567,-1.168332506995648,0.1,0.1,0.05266120433807373
3,208,INT24,350,ACCACCAATGTAACAA-1,13153,8573,0.08493006089702249,0.07881639212371648,-1.213968912884593,0.1,0.1,0.05736922025680542
3,209,INT24,1111,CAAACCCTCCGGCGGG-1,18675,12611,0.08488767305389047,0.06708543081837466,-1.1334775917232036,0.0,0.0,0.0
3,210,INT24,124,AACGTTCTACCATTGT-1,19618,6378,0.08487768992781639,0.06907806842947194,-1.094065771624446,0.1,0.0,0.04501976370811463
3,211,INT24,793,AGTGAACAAACTTCTC-1,13725,9119,0.08483077688142657,0.07737101409601868,-1.233780351281166,0.1,0.1,0.05839733481407165
3,212,INT24,1683,CCTGTGCATAGGAGAC-1,6128,18530,0.08482446204870939,0.06268942724745194,-1.0293965280055999,0.0,0.0,0.0
3,213,INT24,344,ACCAACGCTTATTTAT-1,15444,14910,0.08479634057730437,0.06790593827688542,-1.1246985021978617,0.0,0.0,0.0
3,214,INT24,3168,GTCGTATTGGCGTACA-1,8970,9890,0.084788712952286,0.06536949578957034,-1.0254518896341325,0.0,0.0,0.0
3,215,INT24,3894,TCTCGGCTCCAGGACT-1,7839,17763,0.0847403765656054,0.07164881568340538,-1.2425140164792539,0.1,0.0,0.04883013665676117
3,216,INT24,2441,GAGTATCAAAGTTACA-1,16195,7038,0.08473337879404426,0.06354614459251133,-1.0576979994773865,0.0,0.0,0.0
3,217,INT24,936,ATCCACATCGACAGAA-1,17153,12394,0.08473249459639191,0.06543238257047952,-1.0337666869163513,0.1,0.1,0.05112389326095581
3,218,INT24,2545,GCACAAACGAGGCGTG-1,14103,7806,0.08472690321505069,0.06708213631142411,-1.049250240623951,0.0,0.0,0.0
3,219,INT24,4274,TTAGCGAATAGATAGG-1,20003,9876,0.08468995541334152,0.06983097748199081,-1.093907841667533,0.1,0.0,0.04962339997291565
3,220,INT24,856,ATACCCTCCCGGCCAA-1,19825,19387,0.08463202267885209,0.07393456388082442,-1.2327591642737388,0.2,0.1,0.10146493315696717
3,221,INT24,3118,GTATTTAATGGCATAA-1,15244,7149,0.08460947186686099,0.0692288154185856,-1.2262606188654899,0.1,0.1,0.051159638166427615
3,222,INT24,4027,TGCAGTGAGGCTCGGG-1,8206,7049,0.08451906349509955,0.06557421146714876,-1.0875020891427993,0.0,0.0,0.0
3,223,INT24,3550,TAGTCCGTATGCATAA-1,8221,18855,0.084485566848889,0.07332912490691472,-1.129487979412079,0.1,0.1,0.054872292280197146
3,224,INT24,3989,TGAGGTGTGTGGCGGA-1,18677,14578,0.08447944214567542,0.07228519168018087,-1.2717898279428481,0.1,0.1,0.055627447366714475
3,225,INT24,4151,TGGTGCCCTGCCTTAC-1,19438,14577,0.08442293270491064,0.07069815711457515,-1.074590602517128,0.0,0.0,0.0
3,226,INT24,3557,TAGTCTTTCCGAATTG-1,14864,7587,0.08440537694841624,0.06640262758276361,-1.0231114752590655,0.1,0.0,0.04479813873767853
3,227,INT24,3660,TCACATCTTATCTGAT-1,10693,18087,0.08440527049824595,0.07128952247465059,-1.147314429283142,0.2,0.0,0.09594880342483521
3,228,INT24,2262,GAAATCTGACCAAGTT-1,8793,20057,0.08440097505226732,0.06721890796322134,-1.1108536994084717,0.0,0.0,0.0
3,229,INT24,982,ATGACGCGTTCTATCC-1,15257,16988,0.0843945105560124,0.06937833205288695,-1.1769162647426128,0.1,0.1,0.05048912763595581
3,230,INT24,4137,TGGGTTCCCGGACGGA-1,9174,20275,0.08427636753767728,0.06985659631630908,-1.1446166425943374,0.1,0.0,0.049614721536636354
3,231,INT24,253,AATGTTGTCGTGAGAC-1,18289,8457,0.08427555663511158,0.07495587755881149,-1.246215258538723,0.1,0.1,0.05686975121498108
3,232,INT24,3765,TCCGTTAAGCTAATAT-1,15247,9335,0.08426533015444874,0.06834790395973124,-1.1753187879920006,0.1,0.1,0.051312577724456784
3,233,INT24,799,AGTGAGTCGAATTAAC-1,18099,8348,0.08426204975694418,0.06746045681765352,-1.1669880136847497,0.0,0.0,0.0
3,234,INT24,1008,ATGGCCCGAAAGGTTA-1,19809,7143,0.08425335418432951,0.07019097743075253,-1.106294111907482,0.1,0.1,0.05231553316116333
3,235,INT24,4155,TGGTTATGCTTGCGGT-1,10125,20165,0.08420993485487997,0.06944334982511277,-1.1369615748524666,0.2,0.1,0.09989292621612549
3,236,INT24,1795,CGCCGCCCATGCCTGT-1,12776,11197,0.08417432135902345,0.06844057871936149,-1.1177187338471413,0.1,0.0,0.046992728114128114
3,237,INT24,4439,TTGGACATGTGGCTTA-1,13164,17100,0.08402494853362441,0.06663566583960429,-1.2046384125947953,0.0,0.0,0.0
3,238,INT24,4322,TTCCAGACGAGATTTA-1,12772,8136,0.08402086468413472,0.06759770195838051,-1.1604715801775456,0.0,0.0,0.0
3,239,INT24,3054,GGTTTGTGACCTGAGG-1,16958,8787,0.08401425122283399,0.0671856352036442,-1.1298457769677044,0.0,0.0,0.0
3,240,INT24,98,AACCCGCTGTATTCCA-1,19628,13812,0.08400929113849998,0.07268197274525914,-1.0048944927752017,0.0,0.0,0.0
3,241,INT24,2158,CTGGGATAAATAATGG-1,12586,11088,0.08400019388645888,0.06989758585258059,-1.1584044732153416,0.1,0.1,0.05316945314407349
3,242,INT24,545,AGAACCCAGCGTGACA-1,13722,6714,0.08399493703618646,0.06956806689194343,-1.2146329674869776,0.1,0.1,0.05036784410476684
3,243,INT24,527,ACTTCCAGTGGAAGCT-1,16211,19938,0.0839889783412218,0.07312994232199466,-1.1983643867075444,0.1,0.1,0.05051516890525818
3,244,INT24,1829,CGCTGGTGACTACCCT-1,14486,9555,0.08397952374070883,0.07049838745659083,-1.2130471289157867,0.1,0.1,0.053724533319473265
3,245,INT24,2243,CTTTGGCGCTTTATAC-1,11454,18305,0.08397792521864175,0.07438374477824422,-1.1635145172476768,0.1,0.1,0.051011192798614505
3,246,INT24,679,AGGAAGCTGTCCGCCG-1,16964,13159,0.08396352380514145,0.07256419970564551,-1.2156954519450665,0.1,0.1,0.05455114841461182
3,247,INT24,534,ACTTGGGACCCGGTGG-1,10879,14916,0.08395011061802507,0.06901729071837494,-1.233682133257389,0.1,0.1,0.052921468019485475
3,248,INT24,688,AGGAGGCCTTCGCGCG-1,15247,9554,0.08394405650906264,0.06632298225460022,-1.1378999792039395,0.0,0.0,0.0
3,249,INT24,443,ACGGATGGTGCGGATA-1,16201,11630,0.08387990333139897,0.06571807443416151,-1.1488545715808869,0.1,0.0,0.047749298810958865
3,250,INT24,1527,CCCTCATCACAGAGTA-1,20013,17528,0.08386555733159184,0.07289286269238573,-1.2081621941179037,0.0,0.0,0.0
3,251,INT24,2421,GAGGCCCGACTCCGCA-1,15828,17752,0.08385369386523962,0.06800464595868351,-1.2330126330256461,0.1,0.0,0.04814421534538269
3,252,INT24,1350,CATCGGACGGGTTAAT-1,13350,13929,0.08382249758578837,0.0759654817634842,-1.2844064019620418,0.2,0.0,0.0893629252910614
3,253,INT24,297,ACACACCAGGACCAGT-1,13726,10431,0.08378706257790328,0.06584707630163066,-1.155547820776701,0.1,0.1,0.050514042377471924
3,254,INT24,260,AATTCATTGTCATGCA-1,17352,19281,0.0837584593333304,0.0788981870332597,-1.2613417476415634,0.2,0.2,0.10686370730400085
3,255,INT24,4448,TTGGCGATCCGAATAT-1,12010,7044,0.08373272651806474,0.06616537788112793,-1.2392744332551957,0.1,0.0,0.04452592134475708
3,256,INT24,4217,TGTTTCTGAAGCGTGC-1,17352,19500,0.08371481345966458,0.0734672143878747,-1.1591498345136642,0.2,0.2,0.10564414262771607
4,1,INT24,551,AGAAGGTTGTAGGTCG-1,17532,11737,0.40598348081111907,0.0886529137632197,0.9915821641683579,1.0,1.0,0.6950216114521026
4,2,INT24,1735,CGAGAGCTTTCACTAC-1,17531,10644,0.40190085768699646,0.08266601128465464,1.017513370513916,1.0,1.0,0.6935262620449066
4,3,INT24,3110,GTATCTTTCATAACCA-1,14110,13054,0.4007824808359146,0.08069537201168604,0.8912727385759354,1.0,1.0,0.6799273490905762
4,4,INT24,1805,CGCGACCGCGACAGAT-1,16581,11411,0.3999221593141556,0.08715299872441061,1.0212305933237076,1.0,1.0,0.6913603723049164
4,5,INT24,2850,GGATTGCTGTGACTCC-1,16771,11083,0.3975544959306717,0.08450372507759872,0.9336748212575913,1.0,1.0,0.6933077991008758
4,6,INT24,4435,TTGCTGATCATGTTCG-1,11639,14041,0.39557360410690307,0.08396873786030735,0.9229989320039749,1.0,1.0,0.6828645169734955
4,7,INT24,1854,CGGCACCGTTAGCGCC-1,7449,10548,0.3948987126350403,0.07956130588722957,0.8883722096681594,1.0,1.0,0.6786695182323456
4,8,INT24,104,AACCTCGCTTTAGCCC-1,17151,11301,0.3935501277446747,0.08236924059035415,0.9578169256448745,1.0,1.0,0.6873738706111908
4,9,INT24,1359,CATGAGATGCACTCTC-1,16581,11629,0.39246790409088134,0.08137438710587092,0.8760692536830902,1.0,1.0,0.6806552708148956
4,10,INT24,657,AGCTAAGTACGCAGGC-1,17531,10863,0.38840356171131135,0.08251885387031527,0.815412637591362,1.0,1.0,0.6808790802955628
4,11,INT24,2448,GAGTGTCAACCAGAAA-1,17342,11191,0.3868511885404587,0.08343922782933003,0.9373174518346786,1.0,1.0,0.6827837586402893
4,12,INT24,1168,CAATGGAATCTACATA-1,7069,10330,0.38665465712547303,0.08001588834551482,0.9326708227396011,1.0,1.0,0.677741926908493
4,13,INT24,1869,CGGGAATTTATGTAAA-1,13920,13163,0.3864505350589752,0.07940693991297001,0.8910234421491623,1.0,1.0,0.681165361404419
4,14,INT24,3213,GTGATCCTTGTCATGA-1,17151,11082,0.3858278840780258,0.0884190100488174,0.9226467400789261,1.0,1.0,0.6803887009620666
4,15,INT24,1088,ATTGCGATCAGTAACT-1,15057,9445,0.3845992535352707,0.08017959358943358,0.9241437643766404,1.0,1.0,0.6772028148174286
4,16,INT24,2400,GAGCACCTGTGTCCAG-1,16391,11520,0.38344326615333557,0.0819908896238744,0.8373612135648727,1.0,1.0,0.6839564442634583
4,17,INT24,3940,TCTTTAGAGTCTAACA-1,14864,7805,0.3833665281534195,0.08171344437608188,0.9098465025424958,1.0,1.0,0.6783337771892548
4,18,INT24,2370,GACTAACACAGCACCT-1,6879,10439,0.382732155919075,0.07973468152034452,0.9655812084674835,1.0,1.0,0.6720775127410888
4,19,INT24,1308,CAGTCTGTATACTGGG-1,13349,13055,0.3819992899894714,0.07807320096547367,0.903168934583664,1.0,1.0,0.66016606092453
4,20,INT24,2828,GGAGGCGAAGAACCGC-1,5926,9238,0.3808318316936493,0.0815471409888628,0.7403717756271362,1.0,1.0,0.6693417191505432
4,21,INT24,3417,TACAGAAACGGTGGGC-1,16580,10973,0.38049601912498476,0.08580300449993562,0.7464352816343307,1.0,1.0,0.6748298466205597
4,22,INT24,127,AACTCCAGAGCGTGTT-1,16770,10208,0.37983767986297606,0.07854239663295098,0.8222358375787735,1.0,1.0,0.6678608596324921
4,23,INT24,2877,GGCCGGCGTCTGCTAT-1,17723,11628,0.379532054066658,0.08498342245699728,0.8036759912967681,1.0,1.0,0.6855492174625397
4,24,INT24,3261,GTGTATATCAGCGGGC-1,16391,11958,0.3794423580169678,0.08043469523116961,0.8474297314882279,1.0,1.0,0.6782269895076751
4,25,INT24,3445,TACGACTGCCTCTTAG-1,13730,13054,0.378972265124321,0.08342244081793673,0.8990186601877213,1.0,1.0,0.6799810945987701
4,26,INT24,3963,TGACACTTCTCTTTGC-1,8399,9126,0.3789507418870926,0.08171492580595051,0.8459718495607376,1.0,1.0,0.6773757696151733
4,27,INT24,2381,GACTGCAAATCGAGCT-1,16582,12067,0.37861902415752413,0.08135766242916792,0.8425781399011611,1.0,1.0,0.6750631630420685
4,28,INT24,4016,TGCAACCCATCTGCGG-1,16770,10427,0.3783732771873474,0.0759336552686884,0.8147053003311158,1.0,1.0,0.6646109461784363
4,29,INT24,3847,TCGGTTAGCCATGTAG-1,6307,9893,0.37745769023895265,0.07962143339407521,0.8484330892562866,1.0,1.0,0.6782477796077728
4,30,INT24,29,AAACTGCTGGCTCCAA-1,13920,12945,0.3771673619747162,0.08170166755817497,0.9114139378070831,1.0,1.0,0.6698360323905945
4,31,INT24,4117,TGGCTATGTGACATAC-1,16771,11301,0.3771195262670517,0.07453635121093961,0.87853344976902,1.0,1.0,0.674930727481842
4,32,INT24,4065,TGCGGTCTACGAGTAA-1,5356,10004,0.3764060914516449,0.08056301307251332,0.8356210947036743,1.0,1.0,0.6862008810043335
4,33,INT24,4124,TGGGATGCACTCATTC-1,7638,9564,0.37551399767398835,0.08511410359431512,0.9136473774909973,1.0,1.0,0.6631751894950867
4,34,INT24,489,ACTCAAGTGCAAGGCT-1,16770,10864,0.37518530488014223,0.07481182013260095,0.7897259265184402,1.0,1.0,0.6749529123306275
4,35,INT24,3372,TAAGCCCTTACGACCA-1,8016,7814,0.37496221661567686,0.08433043833346344,0.9493084192276001,1.0,1.0,0.6663755655288697
4,36,INT24,3093,GTAGTCTACGATATTG-1,17342,11847,0.37493354380130767,0.07346790457857037,0.8025875985622406,1.0,1.0,0.6709929287433625
4,37,INT24,602,AGATTATAGGACGTTT-1,12210,14368,0.37388490736484525,0.08634212379499732,0.8468159824609757,1.0,1.0,0.6374649286270142
4,38,INT24,2272,GAACCTTTAACGATCC-1,17342,11628,0.3737621396780014,0.07898332154819404,0.8798771947622299,1.0,1.0,0.6507353782653809
4,39,INT24,528,ACTTCCATGCGGGACA-1,16961,10973,0.3730078190565109,0.07991314108758543,0.829913267493248,1.0,1.0,0.6682369410991669
4,40,INT24,1850,CGGATCCTCAAGGACT-1,16771,11520,0.372343635559082,0.08065237790203866,0.8052321821451187,1.0,1.0,0.6671543538570404
4,41,INT24,1824,CGCTACCGCCCTATGA-1,5744,15688,0.37177810072898865,0.08078627820045832,0.8715603947639465,1.0,1.0,0.6365944862365722
4,42,INT24,804,AGTGCTAAACACAGCA-1,16960,10317,0.37160775661468504,0.07908147599238313,0.9102455496788024,1.0,1.0,0.6605466961860657
4,43,INT24,4344,TTCGGACTGATGCCTT-1,6687,9456,0.3715738713741302,0.07895647297452571,0.8334131449460983,1.0,1.0,0.6547790944576264
4,44,INT24,569,AGACGGGCCGATTTAA-1,6877,9127,0.37063426375389097,0.07939416290828534,0.793582347035408,1.0,1.0,0.6634740233421326
4,45,INT24,2043,CTCAACTAACCCGGAT-1,17341,10972,0.37053755223751067,0.07975357902864286,0.8140413880348205,1.0,1.0,0.6511094331741333
4,46,INT24,3538,TAGGTGACGATAACCT-1,16962,11629,0.3705336540937424,0.08408281862480176,0.8234751969575882,1.0,1.0,0.6619309723377228
4,47,INT24,2039,CTATTGTGTTTGGTCA-1,7828,9236,0.37050009667873385,0.07912843276010764,0.7908673971891403,1.0,1.0,0.6609045088291168
4,48,INT24,2236,CTTTAGTGCTATTATT-1,13730,13273,0.3701149493455887,0.08097345177677963,0.8180675387382508,1.0,1.0,0.6554644107818604
4,49,INT24,644,AGCGCTTATGGGCAAG-1,6878,9783,0.3700906246900558,0.0765922681726552,0.8483335196971893,1.0,1.0,0.6695558965206146
4,50,INT24,2860,GGCAGCGGTAATCCTA-1,8018,9345,0.36962359547615053,0.08272278137136392,0.8016715437173844,1.0,1.0,0.664666372537613
4,51,INT24,1407,CCAAATAACAAGATTC-1,15055,7914,0.3695647999644279,0.08638040298565267,0.9573998391628266,1.0,1.0,0.654252690076828
4,52,INT24,4383,TTGAACGACGTGCTGA-1,16770,10645,0.3691315412521362,0.06781948350204224,0.7767319023609162,1.0,1.0,0.6581846058368683
4,53,INT24,423,ACGCATACGTTTACTA-1,16007,9116,0.36886619925498965,0.07803252450789024,0.8826353222131729,1.0,1.0,0.6515455067157745
4,54,INT24,3295,GTTCAATCTATGTCAA-1,6118,11096,0.36878796517848966,0.07681855146518596,0.8212526857852935,1.0,1.0,0.6713761210441589
4,55,INT24,1296,CAGTAACTATTTATTG-1,8969,9234,0.36853982210159303,0.08097052674165062,0.7441014289855957,1.0,1.0,0.66711066365242
4,56,INT24,3808,TCGCCGACATATTCGC-1,17912,10862,0.36850647926330565,0.08797645610014669,0.8987424433231354,1.0,1.0,0.6626159965991973
4,57,INT24,103,AACCTAAAGCCGTCCG-1,5358,11534,0.36777734756469727,0.07274804002861537,0.8299143701791764,1.0,1.0,0.6514236271381378
4,58,INT24,284,ACAAGGATGCTTTAGG-1,16961,10754,0.3675671428442001,0.08042945353539356,0.8420978903770446,1.0,1.0,0.6540195047855377
4,59,INT24,2061,CTCATTGCTCTAACAA-1,16772,11738,0.3673154354095459,0.0843641418405463,0.9450577586889267,1.0,1.0,0.6467279672622681
4,60,INT24,998,ATGCTCTGGCGCGGTA-1,16772,11957,0.3670782268047333,0.06900339201604232,0.7433648407459259,1.0,1.0,0.6632159292697907
4,61,INT24,4041,TGCCATGGCTTATAAG-1,6117,9784,0.3670302927494049,0.07291450970602689,0.8207531690597534,1.0,1.0,0.6582691550254822
4,62,INT24,26,AAACTAACGTGGCGAC-1,6876,8253,0.3670030415058136,0.07578724623010562,0.8101327657699585,1.0,1.0,0.6465904116630554
4,63,INT24,1953,CGTTAATGTCCCGACG-1,16580,10755,0.3669678568840027,0.07810997617747623,0.676022669672966,1.0,1.0,0.6608375787734986
4,64,INT24,785,AGTCGTATAAAGCAGA-1,17722,11409,0.36695841550827024,0.07310534420163405,0.82083800137043,1.0,1.0,0.6599197566509247
4,65,INT24,991,ATGCCAATCGCTCTGC-1,8208,8798,0.3665438503026962,0.0877017606117209,0.8560584396123886,1.0,1.0,0.6694946467876435
4,66,INT24,4389,TTGACCAGGAACAACT-1,17532,11519,0.3664314776659012,0.08020654917115044,0.7918494731187821,1.0,1.0,0.6539796173572541
4,67,INT24,2657,GCGAGAGGCCATGTAA-1,9348,7922,0.3663463622331619,0.08325540917012059,0.8178278684616089,1.0,1.0,0.6513878405094147
4,68,INT24,1066,ATTCATCGTTGAGGCA-1,16960,10536,0.3662928342819214,0.08304479577448513,0.8006672859191895,1.0,1.0,0.6571534395217895
4,69,INT24,2710,GCTAACTGAAGTCTGA-1,16390,10646,0.36605570912361146,0.07850071273516705,0.8592884033918381,1.0,1.0,0.6484616458415985
4,70,INT24,900,ATATCGTGCCAGACCC-1,5929,11643,0.3660431712865829,0.07697923049305423,0.8279971212148667,1.0,1.0,0.6413119971752167
4,71,INT24,2946,GGGCCTATTTAAGTAT-1,7826,7486,0.36563449203968046,0.08217849310394879,0.7460016280412674,1.0,1.0,0.6714515686035156
4,72,INT24,268,AATTTGGGACATAGTA-1,7829,10329,0.36539064943790434,0.07998291027093148,0.9161870598793029,1.0,1.0,0.652387535572052
4,73,INT24,3241,GTGGAGCATGTCGGCC-1,12390,6606,0.3650103956460953,0.07674909413369567,0.8528666108846664,1.0,1.0,0.6742060959339142
4,74,INT24,2203,CTTAGTGTAGTAGCAT-1,16961,11192,0.3649121820926666,0.08039929432839443,0.8218092560768128,1.0,1.0,0.6619331061840057
4,75,INT24,1412,CCAACTTGATAGATCC-1,14292,6822,0.36487923860549926,0.07863937456179815,0.7915182888507843,1.0,1.0,0.6767424464225769
4,76,INT24,2664,GCGATTGTTAACGTTA-1,12397,11853,0.3647274702787399,0.08178560433228925,0.878246420621872,1.0,1.0,0.6599063038825989
4,77,INT24,926,ATCAGGTCGCCATTGC-1,6878,10002,0.36417957544326784,0.0796457126405389,0.8632220417261124,1.0,1.0,0.6485929846763611
4,78,INT24,1164,CAATCCCTATACCAGC-1,7640,10657,0.36409513652324677,0.08066672492602224,0.8222052782773972,1.0,1.0,0.6691840648651123
4,79,INT24,3823,TCGCTTAATTACGAAG-1,7825,7049,0.3640886455774307,0.08271399287905963,0.7948780119419098,1.0,1.0,0.6598748087882995
4,80,INT24,3381,TAAGTAAATGTGCCGC-1,6307,9675,0.36403233408927915,0.07846960882566041,0.7518503844738007,1.0,1.0,0.6542193949222564
4,81,INT24,762,AGTACTCTTATGCCCA-1,16009,10646,0.36400118470191956,0.08543832352210999,0.8788402110338212,1.0,1.0,0.6566951274871826
4,82,INT24,1201,CACCATGATCGCAAAG-1,7636,7815,0.3632041305303574,0.07972727248598459,0.8191580772399902,1.0,1.0,0.6587778091430664
4,83,INT24,1560,CCGATTGGTCAATGAA-1,5736,9566,0.36315625011920927,0.07787517909705695,0.759992903470993,1.0,1.0,0.6622326970100403
4,84,INT24,800,AGTGATAACCTGCGCG-1,16580,10536,0.3631196230649948,0.07621302336465953,0.750622284412384,1.0,1.0,0.659758985042572
4,85,INT24,813,AGTGTATTGCGCATTG-1,8590,9891,0.3630815505981445,0.07847829791075048,0.7795457780361176,1.0,1.0,0.6552655935287476
4,86,INT24,2049,CTCACTGTGATACTTA-1,17343,12066,0.3628899186849594,0.08018494582072846,0.8586259245872497,1.0,1.0,0.6458425045013427
4,87,INT24,848,ATAATCTTGGAGAACC-1,16962,11848,0.36284507215023043,0.07671946799464023,0.8710534572601318,1.0,1.0,0.6561604857444763
4,88,INT24,758,AGTACCTTCGAGTGCT-1,7256,8471,0.36254903078079226,0.08184222417604543,0.7732497364282608,1.0,1.0,0.6593748390674591
4,89,INT24,4332,TTCCGGCTCGACTTCT-1,7637,8252,0.36248722672462463,0.07304001106093008,0.7734155535697937,1.0,1.0,0.6550532937049866
4,90,INT24,1961,CGTTGAGTAATTGCGT-1,7448,9236,0.3624752789735794,0.07653350201166549,0.882498887181282,1.0,1.0,0.660087662935257
4,91,INT24,2006,CTAGACATATATGTAG-1,6876,8472,0.3623022586107254,0.07757129983116406,0.7855782449245453,1.0,1.0,0.6614166021347045
4,92,INT24,1651,CCTCGACCCACTGCCT-1,5930,12299,0.3622544914484024,0.08217267144250624,0.7640500485897064,1.0,1.0,0.6403737604618073
4,93,INT24,2390,GAGACCCTGCAACGCC-1,7446,8143,0.36202882826328275,0.08269508302921509,0.8266639709472656,1.0,1.0,0.6495396852493286
4,94,INT24,723,AGGGTCAGTAACCCTA-1,8207,7923,0.36183119714260104,0.0782885987319002,0.8872504144906997,1.0,1.0,0.6593315184116364
4,95,INT24,2207,CTTCAACTCCACTTGG-1,16582,11848,0.3617075175046921,0.07811957451729518,0.9270532429218292,1.0,1.0,0.6408106982707977
4,96,INT24,392,ACCGGTCTGAGTACGG-1,6116,9347,0.3616151958703995,0.07211253128248475,0.9059566169977188,1.0,1.0,0.6588716030120849
4,97,INT24,2312,GAATGTATGGCAGGTC-1,8210,10328,0.3613394320011139,0.08085164581714635,0.9331142783164978,1.0,1.0,0.6652795732021332
4,98,INT24,3606,TATGATCTTCTCTTTA-1,16389,10427,0.3611272096633911,0.07826064869383158,0.82341548204422,1.0,1.0,0.6536349534988404
4,99,INT24,1358,CATGAACCTCTTATCA-1,6311,12736,0.3611030578613281,0.07637177330778235,0.8044024884700776,1.0,1.0,0.6306276679039001
4,100,INT24,2724,GCTAGCAGGGAGTGGG-1,8208,9235,0.3610902577638626,0.07325961704324728,0.8612776577472687,1.0,1.0,0.6566879570484161
4,101,INT24,1097,ATTGTGACTTCGCTGC-1,7446,8361,0.3608316570520401,0.07609557424286531,0.8375241011381149,1.0,1.0,0.6568213880062104
4,102,INT24,2574,GCAGTGTGGCTATAGG-1,16581,11192,0.3606358528137207,0.08010232858274349,0.8389194041490555,1.0,1.0,0.6418421804904938
4,103,INT24,3647,TCAACTGCAGAGTCAG-1,16006,8460,0.3606108009815216,0.08576477004157616,0.7458397179841996,1.0,1.0,0.6512720704078674
4,104,INT24,1674,CCTGCTATTTGAGAAG-1,10308,14808,0.36044526696205137,0.08418262549120395,0.8699871659278869,1.0,1.0,0.6477330982685089
4,105,INT24,476,ACTAATACGTCAGGCG-1,6877,9565,0.36043491363525393,0.07845088816457885,0.9830280303955078,1.0,1.0,0.6573349356651306
4,106,INT24,2165,CTGGGCTATCCTTTGG-1,6496,8472,0.36040750443935393,0.08277513557890911,0.7988659769296647,1.0,1.0,0.6516604125499725
4,107,INT24,2575,GCAGTTCGATCCGAGC-1,16005,7367,0.3599473834037781,0.08203948437928474,0.8883350372314454,1.0,1.0,0.6649317502975464
4,108,INT24,712,AGGGAAACGAGGTACT-1,7830,10547,0.3597810983657837,0.07855887450994323,0.7600890666246414,1.0,1.0,0.660453987121582
4,109,INT24,2140,CTGCGGTAGTCACGTG-1,7259,10220,0.35971024334430696,0.07506020689369917,0.8822984248399734,1.0,1.0,0.6421229183673859
4,110,INT24,3540,TAGGTGCTCGCCTAGC-1,12966,10869,0.35968186557292936,0.08214623036165865,0.8168616235256195,1.0,1.0,0.6487241566181183
4,111,INT24,1967,CGTTTAAGCGGAGCAC-1,7834,13827,0.359537073969841,0.08217427259916886,0.8941599071025849,1.0,1.0,0.6139296889305115
4,112,INT24,1818,CGCGGTCACAAACCAA-1,8778,8688,0.35851897597312926,0.08359605817850271,0.8038759529590607,1.0,1.0,0.6538840293884277
4,113,INT24,3891,TCTCGAACGAGGTCAC-1,7639,10001,0.3581921011209488,0.0777709493319026,0.8067222863435746,1.0,1.0,0.6563517332077027
4,114,INT24,1552,CCGACGTAAACACAAC-1,7829,9673,0.3580425828695297,0.08133659908093577,0.8306406199932098,1.0,1.0,0.6510769724845886
4,115,INT24,1126,CAACAGAATAACGCTA-1,5547,10113,0.3579186052083969,0.07027168404554825,0.7883646249771118,1.0,1.0,0.6459126532077789
4,116,INT24,4127,TGGGCACGTTCTATGG-1,8212,12296,0.35742631554603577,0.07641936867532614,0.9052348256111145,1.0,1.0,0.6351486146450043
4,117,INT24,9,AAACATTTCCCGGATT-1,16959,9661,0.35738469660282135,0.08510574010162654,0.8288457036018372,1.0,1.0,0.6563706934452057
4,118,INT24,2022,CTAGTAGAAAGGGATT-1,17342,11410,0.3572428822517395,0.08336860549271623,0.7103062450885773,1.0,1.0,0.6444352090358734
4,119,INT24,1063,ATTCAGGACCTATTTC-1,9160,9562,0.3571430236101151,0.07975501376289512,0.8612961858510971,1.0,1.0,0.6449694931507111
4,120,INT24,3613,TATGGGACCGAGCAGG-1,12209,14149,0.3570660024881363,0.07873663611221321,0.7846983075141907,1.0,1.0,0.6504151880741119
4,121,INT24,931,ATCATCTGCCCAGTGT-1,5738,11097,0.3568200752139091,0.08764715203540328,0.9060265958309174,1.0,1.0,0.6481975197792054
4,122,INT24,1999,CTACGCACGGAGTACC-1,12019,14040,0.3566164970397949,0.07826970538717357,0.7909369200468064,1.0,1.0,0.6708324790000916
4,123,INT24,511,ACTGCCGTCGTAACTC-1,8403,12624,0.35660182535648344,0.0813572940182747,0.8217875391244889,1.0,1.0,0.6453817784786224
4,124,INT24,4460,TTGTAATCCGTACTCG-1,12019,14259,0.3565791979432106,0.085010044372217,0.8457630723714828,1.0,1.0,0.620608901977539
4,125,INT24,4324,TTCCATCATGCGGTGA-1,7828,9454,0.35636705458164214,0.07596865330499902,0.8516759186983108,1.0,1.0,0.6487379372119904
4,126,INT24,1865,CGGCTTTGTATGATAA-1,6883,14156,0.356204617023468,0.08258003184601151,0.8327154964208603,1.0,1.0,0.6429316759109497
4,127,INT24,521,ACTTACGCATCCACGC-1,16391,11739,0.35606747269630434,0.07517557097982462,0.7444578021764755,1.0,1.0,0.6489395916461944
4,128,INT24,1235,CACGGACGTGGATGGC-1,9727,6828,0.35592290163040163,0.07768401312050634,0.8280218541622162,1.0,1.0,0.6548083424568176
4,129,INT24,3199,GTGACAGCTTCCCACT-1,17533,12175,0.3558431029319763,0.07723690499663528,0.8281463235616684,1.0,1.0,0.6489785432815551
4,130,INT24,2253,GAAACTCTAATGAAGG-1,7832,12297,0.35581488013267515,0.07596228505623097,0.8717099159955979,1.0,1.0,0.6186980128288269
4,131,INT24,3807,TCGCCGAAGTTGCGTC-1,13924,16224,0.3557704120874405,0.08499112114241475,0.7835642784833908,1.0,1.0,0.6434996843338012
4,132,INT24,2626,GCCGCTAGATACGCAG-1,5736,9785,0.35573655366897583,0.07577556544440053,0.8809287071228027,1.0,1.0,0.6383743226528168
4,133,INT24,3757,TCCGGAGGAAGGGCTG-1,8017,8470,0.35563258826732635,0.0810366484168442,0.8577291309833527,1.0,1.0,0.6628060698509216
4,134,INT24,618,AGCCACAGGTTACCCG-1,17341,10535,0.3553449481725693,0.08236161595090084,0.7301864147186279,1.0,1.0,0.6505949258804321
4,135,INT24,4256,TTACGTAGCGCGTGCT-1,5736,9348,0.35526270270347593,0.07231791491624932,0.7222620636224747,1.0,1.0,0.6597772240638733
4,136,INT24,2783,GCTTTCTATCTCAACT-1,6304,7488,0.35513157248497007,0.07724438317700608,0.7926580846309662,1.0,1.0,0.630921334028244
4,137,INT24,2405,GAGCCGAGCGTTTATT-1,7827,8580,0.35482739806175234,0.08055347614780808,0.7848439365625381,1.0,1.0,0.6581824600696564
4,138,INT24,1667,CCTGACGCAACCTTTA-1,5928,10769,0.3546222001314163,0.07902402157128838,0.7723360627889633,1.0,1.0,0.6561867594718933
4,139,INT24,2007,CTAGACTGCATTTCGT-1,7258,9783,0.35458133220672605,0.07440818258135543,0.782982474565506,1.0,1.0,0.6513773739337921
4,140,INT24,4134,TGGGTGGGATGTCATT-1,7256,8034,0.35457087457180025,0.0789883708367821,0.7332213312387467,1.0,1.0,0.6578054666519165
4,141,INT24,1241,CACGTCTATGATGTGG-1,6688,9893,0.3544912591576576,0.07831012697537666,0.7257290959358216,1.0,1.0,0.6397454857826232
4,142,INT24,2477,GATCCTCTTGCGCTTA-1,6689,11205,0.3543428391218185,0.08051535436339624,0.7808321267366409,1.0,1.0,0.6532065033912658
4,143,INT24,3650,TCAAGGTTACTACACC-1,14295,9009,0.35414704978466033,0.07754966887896245,0.8318264991044998,1.0,1.0,0.6460997402668
4,144,INT24,3950,TGAACACCCGAAGCAG-1,5748,18531,0.35378444790840147,0.0829419986142862,0.8813917368650437,1.0,1.0,0.6394348621368409
4,145,INT24,705,AGGCCTGAGAATCTCG-1,17151,10645,0.3537543714046478,0.07951245432741014,0.8552052348852157,1.0,1.0,0.6566241085529327
4,146,INT24,1411,CCAACGCTTGCCAGGG-1,7258,9346,0.35374660789966583,0.08392849938117146,0.8645482748746872,1.0,1.0,0.649051183462143
4,147,INT24,429,ACGCCGCTAGACGACC-1,13539,12508,0.353568834066391,0.08284434624778575,0.7896042436361312,1.0,1.0,0.6075596213340759
4,148,INT24,1213,CACCGCGTCCACTCTA-1,8398,8907,0.3535680264234543,0.08528693380454168,0.7772735148668289,1.0,1.0,0.6491165518760681
4,149,INT24,2798,GGAAGCTCGCTTACAG-1,7450,11204,0.35344348549842836,0.07618251316146782,0.7876437962055206,1.0,1.0,0.6482302188873291
4,150,INT24,708,AGGCGTCTATGGACGG-1,8397,8032,0.3531908929347992,0.07777747155418367,0.8931839972734451,1.0,1.0,0.6627307772636414
4,151,INT24,395,ACCGTTCCCGCTCTGA-1,6311,13173,0.3530073776841164,0.07466741650502468,0.8775977551937103,1.0,1.0,0.6294553935527801
4,152,INT24,2342,GACCCGTCGCCGGCTA-1,7073,13828,0.3528019368648529,0.07646685186846587,0.8526317030191422,1.0,1.0,0.6152745425701142
4,153,INT24,628,AGCCCTTCTAATCCGA-1,8589,9016,0.35268028676509855,0.08254125940250509,0.8817396312952042,1.0,1.0,0.6393420100212097
4,154,INT24,3842,TCGGGCCGTCGTGGTA-1,12966,10650,0.35259073972702026,0.08471419751165643,0.8054821938276291,1.0,1.0,0.6547173202037812
4,155,INT24,438,ACGCTTAGTGTCTCTC-1,5929,11424,0.35257200598716737,0.07892141262436997,0.848791989684105,1.0,1.0,0.6533041536808014
4,156,INT24,3073,GTACGTTTGCCCGTCA-1,13729,12836,0.35237517654895784,0.08503715287661982,0.7341398015618325,1.0,1.0,0.657291728258133
4,157,INT24,598,AGATGATGGAGTCTGG-1,11822,8684,0.35232783257961275,0.08066817094840181,0.7475121498107911,1.0,1.0,0.6334635376930237
4,158,INT24,4234,TTAAGACGAACGAACC-1,6497,9784,0.35231601595878603,0.0729095853014927,0.8479278147220611,1.0,1.0,0.6417863190174102
4,159,INT24,825,AGTTCCTATTTATGTT-1,13540,13164,0.35223727524280546,0.0741538644462129,0.6961464941501617,1.0,1.0,0.6504367649555206
4,160,INT24,2496,GATGCCACACTACAGC-1,5364,16126,0.3520717680454254,0.07976638718899286,0.8926010996103286,1.0,1.0,0.6510175406932831
4,161,INT24,555,AGAATGCGGGTTCGGA-1,7637,8471,0.3519535958766937,0.07760478569436204,0.7948977202177048,1.0,1.0,0.6618794560432434
4,162,INT24,837,ATAAACGTTGCACCAC-1,16197,8569,0.35195269882678987,0.08630453648309896,0.8148327052593232,1.0,1.0,0.6297635316848755
4,163,INT24,3755,TCCGCGGCCCAATGAA-1,15437,9444,0.3518674984574318,0.08068173344302541,0.8531239330768585,1.0,1.0,0.626582145690918
4,164,INT24,733,AGGTACGATATTGCCA-1,7641,11969,0.351696053147316,0.07294436428699422,0.8280286610126495,1.0,1.0,0.6293485403060913
4,165,INT24,1339,CATATTATTTGCCCTA-1,7070,11642,0.3516343742609024,0.07772546023137926,0.9366987019777298,1.0,1.0,0.6307511925697327
4,166,INT24,3391,TAATAGCTAAATGATG-1,10298,6718,0.3516307964920998,0.08219980915485259,0.8523788303136826,1.0,1.0,0.6582232117652893
4,167,INT24,4297,TTATGATCTTAACGAA-1,12586,11307,0.35151101350784303,0.08007895317272111,0.8212588936090469,1.0,1.0,0.6466729402542114
4,168,INT24,448,ACGGGCGTATGCGACA-1,9918,7374,0.35150866210460663,0.083103231261348,0.8136271595954895,1.0,1.0,0.6407636642456055
4,169,INT24,2871,GGCCCAGTTATCAGCA-1,7636,7596,0.35146700143814086,0.08017995419106508,0.7615609228610992,1.0,1.0,0.6459640741348267
4,170,INT24,1036,ATTAAAGCGGACGAGC-1,5369,20062,0.35133877098560334,0.0717477613228962,0.8318645864725113,1.0,1.0,0.6355929911136627
4,171,INT24,654,AGCGTTCCGATTTAAA-1,5737,10222,0.3511914640665054,0.0807771402007181,0.8158742904663085,1.0,1.0,0.6529634892940521
4,172,INT24,736,AGGTATAATTGATAGT-1,12012,8356,0.3511902421712875,0.07226076963212721,0.6784101337194443,1.0,1.0,0.6467201709747314
4,173,INT24,1350,CATCGGACGGGTTAAT-1,13350,13929,0.3510552182793617,0.09028627897716636,0.7656831443309784,1.0,1.0,0.65630704164505
4,174,INT24,3846,TCGGTGACCGCTCCGG-1,8207,8361,0.3507005587220192,0.08091991453894454,0.7695502072572709,1.0,1.0,0.6526129305362701
4,175,INT24,817,AGTTAAGCGGTCCCGG-1,8402,11531,0.35068522989749906,0.08226536185778577,0.9237107664346695,1.0,1.0,0.6432942628860474
4,176,INT24,504,ACTCTCTTATACACGA-1,6879,11095,0.35039250254631044,0.07736570029807974,0.7519379109144211,1.0,1.0,0.6529169499874115
4,177,INT24,3203,GTGACGCAGGTTTCAT-1,17723,12065,0.3503092095255852,0.08559372576431615,0.7819559544324874,1.0,1.0,0.6446472406387329
4,178,INT24,765,AGTAGCTAGACGCCGA-1,6116,9128,0.3502667859196663,0.07808778145515215,0.7804214060306549,1.0,1.0,0.6430854558944702
4,179,INT24,2147,CTGCTTTATGTCCGCG-1,9158,8031,0.34986729323863985,0.07404401170068105,0.7481051683425903,1.0,1.0,0.6418001830577851
4,180,INT24,2372,GACTACAATTGCTCGT-1,6880,11314,0.3497762531042099,0.07308913740095963,0.7528872698545456,1.0,1.0,0.6481244206428528
4,181,INT24,3161,GTCGGAAGGATACCAG-1,7826,7705,0.34966387450695036,0.08115609157750038,0.7269859313964844,1.0,1.0,0.647609943151474
4,182,INT24,1617,CCTAAATTAACGGTTC-1,13349,12836,0.34962878525257113,0.07935975597662764,0.7132492154836655,1.0,1.0,0.6349078953266144
4,183,INT24,390,ACCGGGCCTTTGTTGA-1,14106,9555,0.3494254142045975,0.07793878093855047,0.7527144774794579,1.0,1.0,0.6418581128120422
4,184,INT24,4008,TGATTATGGCACGCAG-1,7827,8142,0.3494128406047821,0.07954716697852217,0.8583518683910369,1.0,1.0,0.6675302922725678
4,185,INT24,1624,CCTACGCGACCTTACA-1,5927,10113,0.34937664568424226,0.07585378167409661,0.6950812667608262,1.0,1.0,0.6417914390563965
4,186,INT24,1091,ATTGGGAGTTCTGTAA-1,6875,7816,0.3493757575750351,0.07789486835352455,0.7437975414097309,1.0,1.0,0.634915554523468
4,187,INT24,1183,CACACGTTTCAATGGG-1,6308,10549,0.3493268519639969,0.07692587634511887,0.6748176068067551,1.0,1.0,0.6477983355522156
4,188,INT24,1276,CAGCCTCTCCTCAAGA-1,8209,9891,0.3493180811405182,0.08781991181417405,0.8405729562044144,1.0,1.0,0.6357314050197601
4,189,INT24,3288,GTTATAATACGGTGAA-1,15436,8570,0.349299880862236,0.08072778119175267,0.7491010755300522,1.0,1.0,0.6510768234729767
4,190,INT24,3304,GTTCGCTGAGACGTCT-1,15436,8351,0.3492394059896469,0.0781945563888894,0.8497600555419922,1.0,1.0,0.6426837205886841
4,191,INT24,1916,CGTATTGTTTCCTAAT-1,9727,6609,0.34913990944623946,0.0800871320925471,0.8221745610237121,1.0,1.0,0.6468975245952606
4,192,INT24,1789,CGCCCAGCGTTTCACG-1,17721,10535,0.3490330666303635,0.07775015229629205,0.7287665903568268,1.0,1.0,0.6279444396495819
4,193,INT24,2680,GCGCTTAAATAATTGG-1,16199,10537,0.3490300714969635,0.08211848385112065,0.8119847804307938,1.0,0.9,0.6398972809314728
4,194,INT24,50,AAATAACCATACGGGA-1,8020,10656,0.34884248822927477,0.0789158506922182,0.7993961274623871,1.0,1.0,0.6488180518150329
4,195,INT24,4452,TTGGGTTTATTCAGCG-1,8205,6611,0.3486699253320694,0.0796383940833009,0.8415881395339966,1.0,1.0,0.6307519137859344
4,196,INT24,14,AAACCTAAGCAGCCGG-1,17722,11191,0.3486564040184021,0.07829280094540018,0.7535054624080658,1.0,1.0,0.6362979769706726
4,197,INT24,4176,TGTATCAGACTGAAGC-1,7256,8252,0.3486218720674515,0.07730960797317032,0.7400533616542816,1.0,1.0,0.6393233001232147
4,198,INT24,3143,GTCCCGCGACGTTATG-1,16391,11302,0.34862016439437865,0.08146027505165565,0.7854060500860214,1.0,1.0,0.6354651272296905
4,199,INT24,3088,GTAGCTAGTAAGCGCG-1,5739,11534,0.34841281473636626,0.07677897100130582,0.7441521123051643,1.0,1.0,0.6333718717098236
4,200,INT24,219,AATATCAAGGTCGGAT-1,6885,15687,0.34815505146980286,0.07328066028454876,0.8664248079061508,1.0,1.0,0.6190070569515228
4,201,INT24,3275,GTTAAGTTAGAGTGGG-1,12201,7590,0.34809045046567916,0.08463894602402018,0.7230118215084076,1.0,1.0,0.6443833231925964
4,202,INT24,1806,CGCGAGAGGGACTTGT-1,8398,8470,0.34808343052864077,0.0735566414184736,0.8291624903678894,1.0,1.0,0.6508921027183533
4,203,INT24,2862,GGCATATCGGTTCTGC-1,8591,11202,0.34746545255184175,0.07725729097192513,0.848371434211731,1.0,1.0,0.6416670024394989
4,204,INT24,1567,CCGCCGGTCAACACAC-1,7835,14264,0.34716943502426145,0.07342199741514965,0.8708656042814255,1.0,1.0,0.6067684590816498
4,205,INT24,1864,CGGCTGCAAGATTAAG-1,6121,12845,0.34715195894241335,0.07447360284145652,0.8243567556142807,1.0,1.0,0.6260746002197266
4,206,INT24,2569,GCAGCTATGGACAGGT-1,7826,7924,0.3471150428056717,0.07726918779767575,0.7794541776180267,1.0,1.0,0.6554239630699158
4,207,INT24,1927,CGTCGCATGTGAGCCA-1,17723,11847,0.34707707166671753,0.07943239754744617,0.7179409027099609,1.0,1.0,0.6570273637771606
4,208,INT24,3017,GGTGCAGAGCCTATCG-1,7637,8908,0.3470281645655632,0.0836748778828654,0.8007317543029785,1.0,1.0,0.6523594915866852
4,209,INT24,858,ATACCGTCATCCATAA-1,8207,7705,0.34692600965499876,0.07354581049762697,0.8254035890102387,1.0,1.0,0.6572279274463654
4,210,INT24,1736,CGAGAGGGTAGCCGCG-1,16007,8897,0.34675420373678206,0.08284164781846433,0.7881763339042663,1.0,1.0,0.6397428274154663
4,211,INT24,580,AGAGGCTTCGGAAACC-1,15056,9226,0.3466798961162567,0.07334502791837828,0.8491197139024734,1.0,1.0,0.6317530632019043
4,212,INT24,3197,GTGAAGCCGTATAGTC-1,9349,8578,0.3463869333267212,0.07657619109887832,0.8172167897224426,1.0,1.0,0.6387110948562622
4,213,INT24,1550,CCGACAATAGGCCGCC-1,16196,8132,0.346373139321804,0.08726667566281025,0.7130569465458393,1.0,1.0,0.6471580803394318
4,214,INT24,1337,CATATAGGTACAGTCA-1,13541,14257,0.34633787870407107,0.07617762496592553,0.6546638756990433,1.0,1.0,0.6492011666297912
4,215,INT24,1553,CCGACTCGCATAGTCT-1,6120,11971,0.3461794540286064,0.08401176110904628,0.8607634097337723,1.0,1.0,0.6377663552761078
4,216,INT24,3836,TCGGCTAACTTCCCTT-1,5929,11862,0.3461721479892731,0.07240381222715615,0.7282224386930466,1.0,1.0,0.632168310880661
4,217,INT24,4094,TGGACCAATCTAAGAT-1,17152,11519,0.3461267024278641,0.07754210444255977,0.7422129422426224,1.0,1.0,0.6438735485076904
4,218,INT24,1576,CCGCTATCAGCACCAG-1,13920,13382,0.34611137956380844,0.080655494901499,0.7590131253004074,1.0,1.0,0.6482819676399231
4,219,INT24,3185,GTCTCGCCAACACGCC-1,5359,12409,0.3460836946964264,0.07869177039874986,0.7379214644432068,1.0,1.0,0.6244565606117248
4,220,INT24,2594,GCCACAATTTAAGGAC-1,13924,16006,0.3460677176713943,0.07931248867219257,0.8201364368200302,1.0,1.0,0.6353625416755676
4,221,INT24,4059,TGCGAGCCCTTCCGCG-1,7638,9126,0.34593290090560913,0.07544678720263819,0.7207112833857536,1.0,1.0,0.6399064660072327
4,222,INT24,3580,TATATTACAAATGTCG-1,8588,8579,0.345855775475502,0.08197312224090808,0.7320757448673249,1.0,1.0,0.6407930016517639
4,223,INT24,2769,GCTTACGTAGTTAGTA-1,12202,8027,0.34578866213560105,0.08482065934162053,0.8210269987583161,1.0,1.0,0.6295660257339477
4,224,INT24,2765,GCTGTATTACTGGCCC-1,14114,16115,0.34575451612472535,0.0803877925683344,0.7984051197767258,1.0,1.0,0.6354884445667267
4,225,INT24,3728,TCCCAGCTTTAGTCTG-1,11829,14150,0.34556972086429594,0.07772601231334735,0.8079895138740539,1.0,1.0,0.6366655945777893
4,226,INT24,994,ATGCGACAATTGGTCC-1,7827,8361,0.3455271691083908,0.07901326821475316,0.8332359373569489,1.0,1.0,0.6541460752487183
4,227,INT24,3784,TCCTTCAGTGGTCGAA-1,8213,12733,0.3455271691083908,0.07667812564242353,0.8246431291103363,1.0,1.0,0.622760933637619
4,228,INT24,3945,TCTTTCTCTTAAGGAG-1,6690,11642,0.3453677982091904,0.0739500543341456,0.7379061758518219,1.0,1.0,0.642140394449234
4,229,INT24,2708,GCGTTCTGACTAAGCG-1,16194,6382,0.3452900230884552,0.07827161602874107,0.7927622854709625,1.0,1.0,0.6377456784248352
4,230,INT24,1556,CCGAGGGATGTTAGGC-1,6502,13501,0.3452368140220642,0.07893171293377481,0.8741697996854783,1.0,1.0,0.6400930762290955
4,231,INT24,4163,TGTACCTACACGAGGG-1,16580,10318,0.3452171251177788,0.0779576041279942,0.8306883752346039,1.0,1.0,0.6373605549335479
4,232,INT24,2163,CTGGGCGGCCAAATGT-1,5549,12299,0.34517744481563567,0.07801056421310666,0.7553158849477768,1.0,1.0,0.6190461635589599
4,233,INT24,1717,CGAATTACATGGTGTT-1,5737,10003,0.3450987100601196,0.07565065445863717,0.7640789836645127,1.0,1.0,0.6406432151794433
4,234,INT24,2074,CTCGAATGGAACGTAT-1,6497,9347,0.34498622715473176,0.07722997316722319,0.717029544711113,1.0,1.0,0.6421701788902283
4,235,INT24,3671,TCACTCGTGCAACGGC-1,8210,10110,0.3448489919304848,0.07968665114449823,0.724720099568367,1.0,1.0,0.6328345358371734
4,236,INT24,1898,CGGTTCCGGCTTCTTG-1,7077,17108,0.3447007581591606,0.09040459319117897,0.8057296276092529,1.0,1.0,0.6228778719902038
4,237,INT24,2238,CTTTGAAACATATTCC-1,5356,9785,0.3446304440498352,0.08319633478136237,0.8101892679929733,1.0,1.0,0.6360788226127625
4,238,INT24,2737,GCTCATTACTGCATGT-1,7829,10110,0.34461951404809954,0.08347226449145538,0.7473777234554291,1.0,1.0,0.6584255635738373
4,239,INT24,2234,CTTTACCGAATAGTAG-1,14869,11085,0.3446135103702545,0.08035226853166379,0.862889364361763,1.0,1.0,0.6181655287742615
4,240,INT24,3904,TCTGATCGGGTGCTAG-1,11820,7372,0.34442192167043684,0.08310028614675798,0.7115132540464402,1.0,1.0,0.6526119709014893
4,241,INT24,1052,ATTATACTTTGCTCGT-1,8782,11749,0.34432133436203005,0.08114394209516848,0.8505766361951828,1.0,1.0,0.629267942905426
4,242,INT24,993,ATGCCGGTTGATGGGA-1,8972,11202,0.34415077716112136,0.07549263134389615,0.7231481969356537,1.0,1.0,0.6345468759536743
4,243,INT24,2275,GAACGCGGGTCACACG-1,14484,7806,0.34384241998195647,0.08213893324464878,0.801173722743988,1.0,1.0,0.6185247242450714
4,244,INT24,649,AGCGGTTGAGATGTAC-1,5357,10441,0.34379577040672304,0.077020253206474,0.7874238520860672,1.0,1.0,0.6450584650039672
4,245,INT24,4058,TGCGAGATGGCGGCCA-1,7446,7706,0.34366833567619326,0.07638516468536523,0.7916833639144898,1.0,1.0,0.6315837621688842
4,246,INT24,1422,CCAATCGGTAGATCGA-1,8021,11094,0.3435384124517441,0.07497736378132706,0.7373310893774032,1.0,1.0,0.6278977513313293
4,247,INT24,498,ACTCGATGTATTTCAT-1,8792,19183,0.3434089496731758,0.08397892648448367,0.8684395492076874,1.0,1.0,0.6421452522277832
4,248,INT24,2897,GGCTAAAGGGCGGGTC-1,8970,9453,0.34333582520484923,0.08298189373191693,0.711930388212204,1.0,1.0,0.6379813194274903
4,249,INT24,208,AATAAGTCCTCGAGAC-1,6311,12517,0.3432715192437172,0.07641847473071148,0.7253606855869293,1.0,1.0,0.625198894739151
4,250,INT24,3805,TCGCCCAACTGACTCC-1,7066,8362,0.3432622984051704,0.07836808425669432,0.7784206509590149,1.0,1.0,0.6367710292339325
4,251,INT24,2915,GGGAAGACGGTCTGTC-1,17533,11956,0.34325747191905975,0.08024138340166903,0.7706652641296386,1.0,1.0,0.6301684856414795
4,252,INT24,1127,CAACAGTGCCAAACGG-1,5360,12628,0.3432505398988724,0.07768299039016799,0.8340946197509765,1.0,1.0,0.6290889382362366
4,253,INT24,1010,ATGGCTGGAAATGGCC-1,7068,10111,0.3430673241615295,0.08167223921694632,0.7353615552186966,1.0,1.0,0.6390883982181549
4,254,INT24,67,AAATTACACGACTCTG-1,8020,10875,0.34297157526016236,0.08056987803143319,0.7764499902725219,1.0,1.0,0.6366468787193298
4,255,INT24,2917,GGGAATGAGCCCTCAC-1,8969,8578,0.34296669661998747,0.08245187637091025,0.7717309147119522,1.0,1.0,0.6372486531734467
4,256,INT24,2647,GCCTTGTATATGCAGT-1,8601,18636,0.34292693734169005,0.0804706768977601,0.8762270689010621,1.0,1.0,0.627017366886139
5,1,INT24,1074,ATTCGTGCTATCTCTT-1,13343,8245,0.18344061821699142,0.015193680335944119,0.24180791666731238,0.0,0.0,0.0
5,2,INT24,2689,GCGGGCATTACGATGC-1,11249,7263,0.1831544131040573,0.01635359395297596,0.03225412257015705,0.1,0.0,0.04241285622119904
5,3,INT24,3662,TCACCGCTCGGCACTC-1,11063,10215,0.18297251015901567,0.019195311845257353,-0.001533426996320486,0.1,0.0,0.03823859691619873
5,4,INT24,3491,TAGAACGCCAGTAACG-1,6320,19514,0.18050830513238908,0.018695217169864855,0.16103571532294153,0.0,0.0,0.0
5,5,INT24,4414,TTGCCAAGCAGAACCC-1,13723,7807,0.18037623167037964,0.015058746333410117,0.2391408749856055,0.3,0.0,0.10816695094108582
5,6,INT24,936,ATCCACATCGACAGAA-1,17153,12394,0.17987247407436371,0.02178735698658715,0.1499328407458961,0.1,0.0,0.042780205607414246
5,7,INT24,405,ACCTTTCCTTTAGAAG-1,5360,13065,0.1791186437010765,0.016194526605153123,0.01863222345709801,0.2,0.0,0.07665077149868012
5,8,INT24,1738,CGAGATTTCGCTCGGG-1,13342,7589,0.17868445068597794,0.01617902860816627,0.10057933256030083,0.2,0.0,0.07774882018566132
5,9,INT24,1979,CTAAATCCTATTCCGG-1,10303,11091,0.17835287153720855,0.016003456903599333,0.08589664390310645,0.2,0.0,0.07304520308971404
5,10,INT24,3127,GTCACTCTCCAAATCT-1,9740,16886,0.17825710773468018,0.01592767175041003,0.16993323788046838,0.0,0.0,0.0
5,11,INT24,1498,CCCATTATTGTATCCT-1,19048,7144,0.17797351628541946,0.018816854728547893,0.13708569556474687,0.1,0.0,0.03597453236579895
5,12,INT24,4339,TTCGCACTGTACGACA-1,16964,13815,0.17749210447072983,0.018365161355760145,0.2026048820465803,0.0,0.0,0.0
5,13,INT24,2902,GGCTCGCGTTGAGGTA-1,11253,10106,0.17696669995784758,0.01406654335465447,0.0014453284442424775,0.0,0.0,0.0
5,14,INT24,3935,TCTTGATGCGTAGCGA-1,11447,12839,0.17661117613315583,0.01965670405856624,0.19535590671002864,0.1,0.0,0.03470034003257751
5,15,INT24,2298,GAAGTCTCCCTAGCGA-1,12395,10323,0.17615802437067032,0.016262109076203117,0.11113777235150338,0.1,0.0,0.03790721297264099
5,16,INT24,2968,GGGTCGTGGCAAGTGT-1,10110,8577,0.17611586004495622,0.015281144800777163,-0.0004307318478822708,0.0,0.0,0.0
5,17,INT24,3393,TAATAGTGACGACCAG-1,10494,11200,0.1757105588912964,0.014645223488085547,0.2228136755526066,0.1,0.0,0.03799633085727692
5,18,INT24,2459,GATAGATAGTACAGTC-1,19242,9658,0.17552607953548433,0.019167552589129284,0.13196607790887355,0.1,0.0,0.03863775134086609
5,19,INT24,300,ACACATTGACGCAACA-1,6890,19404,0.17545545101165771,0.017397751289081057,0.11978128179907799,0.3,0.0,0.10835298895835876
5,20,INT24,957,ATCGTCCAATCGAGTC-1,7080,18857,0.17534586042165756,0.018158378448089867,0.05688639655709267,0.0,0.0,0.0
5,21,INT24,1677,CCTGGTCGAATGTGGG-1,16583,12723,0.17526279240846634,0.017002279168055447,0.14607053454965352,0.0,0.0,0.0
5,22,INT24,3653,TCAATATACAGGAGGC-1,18668,7363,0.17506807446479797,0.021645834280877737,-0.04150296598672867,0.1,0.0,0.03802891671657562
5,23,INT24,362,ACCCAACGCCCGTGGC-1,11064,10871,0.17465287148952485,0.015372843942394009,0.02144327387213707,0.0,0.0,0.0
5,24,INT24,2624,GCCGCACTCCGTTTCA-1,13532,7042,0.17410467565059662,0.01628421866726837,0.11793352849781513,0.3,0.0,0.1050498753786087
5,25,INT24,3710,TCCACCAAGACATAGG-1,19050,8456,0.1739498496055603,0.015797949305129868,0.11104524629190564,0.0,0.0,0.0
5,26,INT24,2005,CTACTCTAGGCCCGGC-1,11263,17540,0.17392381131649018,0.017803718041521036,0.11812258642166854,0.0,0.0,0.0
5,27,INT24,2703,GCGTCTCTGCATTGGG-1,12782,15788,0.17377422004938126,0.019833190414695175,0.06242743199691177,0.0,0.0,0.0
5,28,INT24,792,AGTCTTTAAAGTGTCC-1,18103,11846,0.17374735772609712,0.020210033276645386,0.1058023501187563,0.0,0.0,0.0
5,29,INT24,889,ATAGTGAAGCGTTCTC-1,13160,14039,0.17371360212564468,0.01552402932216198,0.16588300764560698,0.1,0.0,0.03854465782642365
5,30,INT24,2959,GGGTACACTCTGGAGG-1,6510,19404,0.17358398139476777,0.018844950031603615,0.07158535718917847,0.1,0.0,0.03572598397731781
5,31,INT24,2979,GGTAACCGGCAAAGGT-1,6510,19841,0.1734152093529701,0.01955040361211796,0.09492301438003778,0.0,0.0,0.0
5,32,INT24,1562,CCGCACACGAACGTGT-1,13912,6823,0.17332916259765624,0.018709065920067266,0.05132343843579292,0.0,0.0,0.0
5,33,INT24,3739,TCCCTGGCTCGCTGGA-1,11643,17320,0.1732905775308609,0.019030545515743996,0.08896029144525527,0.0,0.0,0.0
5,34,INT24,1447,CCAGATAGTTGAGTGA-1,10684,11090,0.17316645085811616,0.01844395962370309,0.07573682367801667,0.0,0.0,0.0
5,35,INT24,385,ACCGATATTTAATCAT-1,15624,7148,0.17302720099687577,0.016739694492831286,0.13804506473243236,0.2,0.0,0.06998650431632995
5,36,INT24,2035,CTATGCCCGAATGCAA-1,17345,13815,0.17286572605371475,0.019684429708330592,0.07394865155220032,0.0,0.0,0.0
5,37,INT24,2069,CTCCGGCTTGTAGACA-1,8220,18199,0.172653029859066,0.01741112367513854,0.014327554404735566,0.0,0.0,0.0
5,38,INT24,1060,ATTCAAAGTACCTGTT-1,6890,19622,0.17252900451421738,0.019407868483957987,0.12844738261774183,0.1,0.0,0.03913259208202362
5,39,INT24,272,ACAAACTCCATCAGAG-1,19820,15889,0.17250438332557677,0.016549677490787007,0.11797158867120743,0.1,0.0,0.040216684341430664
5,40,INT24,2543,GCAATTAGTCGCACCG-1,11249,6826,0.17224996984004975,0.02104239958433042,0.14469685079529881,0.2,0.0,0.0719482034444809
5,41,INT24,3961,TGACAACGCATGTCGC-1,12961,6715,0.17220164984464645,0.018663742891942767,0.09100569374859332,0.0,0.0,0.0
5,42,INT24,2296,GAAGGGCATAACCATG-1,6699,19076,0.17214071452617646,0.01706364450663755,0.13869346603751181,0.0,0.0,0.0
5,43,INT24,2323,GACACAGCCGGGACTG-1,19051,9330,0.1721079394221306,0.018324664626714615,0.1153883789665997,0.1,0.0,0.03756453394889832
5,44,INT24,3858,TCGTCCGGGTACACTC-1,7064,7050,0.1720878377556801,0.014800278873677299,-0.10365834198892117,0.0,0.0,0.0
5,45,INT24,4222,TTAAACTCGAATTCAT-1,11253,9887,0.1720825269818306,0.017214917662436154,-0.043359366804361345,0.0,0.0,0.0
5,46,INT24,352,ACCACTGTTCAAGAAG-1,7271,19622,0.1719945639371872,0.01902814764196212,0.11521061509847641,0.0,0.0,0.0
5,47,INT24,881,ATAGCCATAACAGTCA-1,19049,7800,0.17188236713409424,0.016516743085665343,-0.02929741106927395,0.0,0.0,0.0
5,48,INT24,328,ACATCAGCTGGGACGC-1,11455,18961,0.17182241529226303,0.01932866758687868,0.08249379768967628,0.0,0.0,0.0
5,49,INT24,2267,GAACAGATTACTAAAT-1,16202,12504,0.1717567637562752,0.017736016485154524,0.19189800890162587,0.1,0.0,0.03830156624317169
5,50,INT24,4023,TGCAGAACTATATCGT-1,13356,17865,0.17174461632966995,0.018977074136700814,0.10965441539883614,0.0,0.0,0.0
5,51,INT24,3884,TCTATGCTATAACGAC-1,17530,9988,0.1717341959476471,0.016302260651637465,0.05131587190553546,0.0,0.0,0.0
5,52,INT24,3279,GTTACCAAGGCGTACG-1,18668,7145,0.1716117665171623,0.01626685388768672,0.052175572514533995,0.0,0.0,0.0
5,53,INT24,3969,TGACCAAATCTTAAAC-1,17915,13486,0.17149742990732192,0.01871905700779603,0.07411683984100818,0.1,0.0,0.03792298436164856
5,54,INT24,561,AGACCATGGGATACAA-1,9550,17214,0.1714800626039505,0.015876045261283812,0.12600740604102612,0.0,0.0,0.0
5,55,INT24,1031,ATGTTGATTAGAGACT-1,18291,10206,0.17144255638122557,0.016915009537125585,0.08635758347809315,0.0,0.0,0.0
5,56,INT24,2638,GCCTATTCCGATATAG-1,9930,16995,0.171332286298275,0.016241802084426046,0.09740061461925506,0.0,0.0,0.0
5,57,INT24,332,ACATCGGTCAGCCGCG-1,13163,16225,0.1712942138314247,0.019936973542647504,0.060843045637011525,0.0,0.0,0.0
5,58,INT24,3459,TACGGAAGCCAAACCA-1,18484,12283,0.17122372090816498,0.01566826885662238,0.03930278867483139,0.1,0.0,0.03667038083076477
5,59,INT24,3741,TCCCTTGTCTGAAACT-1,18098,7692,0.17121176719665526,0.016492631455760704,0.033636949583888055,0.0,0.0,0.0
5,60,INT24,897,ATATCAACCTACAGAG-1,12393,8792,0.171210378408432,0.01958276473660943,0.03890582360327244,0.0,0.0,0.0
5,61,INT24,3814,TCGCCTCGACCTGTTG-1,6319,19076,0.17114658802747726,0.015606977847682472,0.08302827849984169,0.0,0.0,0.0
5,62,INT24,502,ACTCTAAACCTGGGAT-1,10505,20164,0.17107353508472442,0.015420318089717165,0.17300050631165503,0.0,0.0,0.0
5,63,INT24,1376,CATGGCTCCCTATGTC-1,9744,20165,0.1710247278213501,0.01899829391384153,0.046348819881677626,0.0,0.0,0.0
5,64,INT24,306,ACACCTTACTACTTGC-1,13153,8136,0.17100903987884522,0.017896228615007993,0.000907791405916214,0.1,0.0,0.03626685738563538
5,65,INT24,1643,CCTCACGTCAGCTAAT-1,16765,6928,0.17094874233007432,0.016003047992446246,0.08133497089147568,0.0,0.0,0.0
5,66,INT24,3114,GTATTAAGGCGTCTAA-1,9170,17433,0.1709335133433342,0.020268515722262063,0.014835301041603088,0.0,0.0,0.0
5,67,INT24,1555,CCGAGCTGTGCTTGTC-1,8778,8032,0.17090609520673752,0.013344226593415368,-0.010774874035269022,0.0,0.0,0.0
5,68,INT24,3095,GTAGTTAGACAATATA-1,5733,6943,0.17090528905391694,0.01681913181755438,0.03081364929676056,0.1,0.0,0.037102538347244265
5,69,INT24,2352,GACCTTCCACGTCTAC-1,17913,12174,0.17088873386383058,0.01813383051454447,0.072243832051754,0.0,0.0,0.0
5,70,INT24,1051,ATTAGGCGATGCTTTC-1,12398,12509,0.1708528831601143,0.018351535146989145,0.010150325298309327,0.3,0.0,0.10557920038700104
5,71,INT24,3180,GTCTCCCGAGTCCCGT-1,19050,8237,0.17079087495803832,0.013870012928499919,0.04267096556723118,0.0,0.0,0.0
5,72,INT24,4244,TTAATGTGTTTGCAGG-1,7651,19621,0.17077943086624145,0.020227223530506204,0.08733109012246132,0.1,0.0,0.03811308741569519
5,73,INT24,4468,TTGTGATCTGTTCAGT-1,18479,8129,0.1707462713122368,0.015055337278451819,0.08955455794930459,0.0,0.0,0.0
5,74,INT24,4135,TGGGTGTAATAGATTT-1,18290,9113,0.17073336988687515,0.015204036783699833,0.06973609998822212,0.0,0.0,0.0
5,75,INT24,724,AGGGTCTGGACGCAGT-1,18478,7254,0.1706525444984436,0.017849259568761294,-0.04382307752966881,0.0,0.0,0.0
5,76,INT24,694,AGGCAATACGGAGGAC-1,5940,20170,0.17061321437358856,0.017611718747382172,0.10555031895637512,0.1,0.0,0.036987632513046265
5,77,INT24,3531,TAGGCCTATATAGTCT-1,17908,8239,0.17058481723070146,0.01808368654487483,0.07320181960240006,0.2,0.0,0.07259192764759063
5,78,INT24,1926,CGTCCTCATCGCGTGC-1,18859,8128,0.17058305442333221,0.014957543005239727,0.06359071116894484,0.0,0.0,0.0
5,79,INT24,3902,TCTGACTGTAATGGTT-1,6509,18748,0.17057438045740128,0.01430586193986339,0.16208967566490173,0.0,0.0,0.0
5,80,INT24,3433,TACCGCGGACTTGCAG-1,11633,9668,0.1704974114894867,0.015364097156949794,0.0028505407273769377,0.0,0.0,0.0
5,81,INT24,3656,TCACAAACCGAGGTAC-1,16959,9880,0.17044840306043624,0.018223148034104616,-0.021963796764612197,0.0,0.0,0.0
5,82,INT24,2142,CTGCTCTCAACACACC-1,19238,6597,0.17038991898298264,0.017867365534728393,0.16178477369248867,0.0,0.0,0.0
5,83,INT24,1188,CACAGGGCCGTTGTCA-1,17155,13706,0.1703793779015541,0.01851410729423388,0.10064840689301491,0.1,0.0,0.03764256834983826
5,84,INT24,2629,GCCGGGTTAGGGTCGC-1,13160,13820,0.17036391347646712,0.01992599415649793,0.12470087856054306,0.0,0.0,0.0
5,85,INT24,3191,GTCTTGAGGAGCAGTG-1,12581,7590,0.17030320316553116,0.013731974470150319,0.04491298831999302,0.2,0.0,0.0699357807636261
5,86,INT24,4423,TTGCGCTCTCTCGCTT-1,9554,19838,0.17030044496059418,0.02016774231892477,0.06994788199663163,0.0,0.0,0.0
5,87,INT24,2572,GCAGGACTATAGAATA-1,12022,16227,0.17028310000896454,0.015710823672153332,0.12609481886029245,0.0,0.0,0.0
5,88,INT24,3567,TATACGCGTCATCACT-1,16773,12832,0.17019813805818557,0.01639109080977043,0.11485328711569309,0.0,0.0,0.0
5,89,INT24,3831,TCGGATCTGGATGACC-1,18113,19717,0.1701517552137375,0.018094759145455216,0.2177201104350388,0.0,0.0,0.0
5,90,INT24,2809,GGACGGGCGACCAACC-1,18098,7473,0.17007616609334947,0.01644117070164145,0.005660691857337951,0.0,0.0,0.0
5,91,INT24,3409,TACAACGCACAACTCA-1,13161,14913,0.17005940675735473,0.01815045959047965,-0.026884594559669496,0.0,0.0,0.0
5,92,INT24,4205,TGTTAACAAAGTGACT-1,18858,6816,0.17005830258131027,0.015561702007988606,0.13438676688820123,0.0,0.0,0.0
5,93,INT24,2374,GACTCACCCACGTGAG-1,12583,8683,0.17004264444112777,0.016979692257917924,0.05810801796615124,0.0,0.0,0.0
5,94,INT24,779,AGTCCATTGGCTGATG-1,13345,9338,0.17000700980424882,0.015240278774613654,0.0781895361840725,0.0,0.0,0.0
5,95,INT24,930,ATCATCCAATATTTGT-1,12780,13821,0.1698671981692314,0.015655924906508484,0.09467528760433197,0.1,0.0,0.03430115580558777
5,96,INT24,2361,GACGGGATGTCTTATG-1,5556,17547,0.16979057639837264,0.01663902446917513,0.11635583499446511,0.1,0.0,0.030451121926307678
5,97,INT24,3024,GGTGGAGGTTGATACG-1,13722,6932,0.16978638172149657,0.01732077603549363,-0.042130743712186815,0.2,0.0,0.07027962803840637
5,98,INT24,15,AAACCTCATGAAGTTG-1,12405,18194,0.16975698471069336,0.016443129698045414,0.06836166838183999,0.0,0.0,0.0
5,99,INT24,2837,GGATCCCTACCAGCTA-1,6889,18966,0.16974317282438278,0.019307670339628477,-0.050852885097265245,0.0,0.0,0.0
5,100,INT24,1312,CAGTGTTAATCTCTCA-1,18682,18514,0.16969605684280395,0.01707408670114132,0.013457344332709908,0.0,0.0,0.0
5,101,INT24,1463,CCAGTTCGGTAACTCA-1,19243,10533,0.1696653813123703,0.01677743040081118,0.1135353371500969,0.1,0.0,0.037020206451416016
5,102,INT24,455,ACGTAGATTGCTGATG-1,11637,12948,0.16963745504617692,0.015126442655811895,0.03334416747093201,0.0,0.0,0.0
5,103,INT24,1014,ATGGGTGTATACCTCC-1,17540,17641,0.1696317747235298,0.016351354621749283,0.165484955906868,0.0,0.0,0.0
5,104,INT24,1007,ATGGCAGCCGAGAAAC-1,11645,19288,0.16962150782346724,0.01858505028306291,0.014846167340874673,0.0,0.0,0.0
5,105,INT24,262,AATTCCAAGCATGTAC-1,17916,13923,0.16961220353841783,0.01923997690830215,0.21119663566350938,0.1,0.0,0.036216524243354795
5,106,INT24,3524,TAGCTCACTGTGTTTG-1,18858,7035,0.16952108591794968,0.015832088143198298,0.029393908753991126,0.0,0.0,0.0
5,107,INT24,1511,CCCGGTGGAAGAACCT-1,10122,17978,0.16926094889640808,0.020847026279465785,0.08490698300302028,0.0,0.0,0.0
5,108,INT24,1752,CGAGTTTATCGGACTG-1,12394,10104,0.16923933923244477,0.017182465031645663,0.003962120413780213,0.0,0.0,0.0
5,109,INT24,3680,TCAGCCAATCCGTAAA-1,17338,8786,0.16919225007295607,0.019336204388877568,0.09107649549841881,0.0,0.0,0.0
5,110,INT24,2320,GACAACGCAGCTTACG-1,9166,14372,0.16900830417871476,0.015177660673893407,0.06969419866800308,0.0,0.0,0.0
5,111,INT24,1226,CACGAAAGTTAGTCCC-1,11643,17102,0.1689976453781128,0.018078492019551664,0.08130624666810035,0.0,0.0,0.0
5,112,INT24,3992,TGAGTGGTCCGTGACG-1,11064,11090,0.1689334198832512,0.01616448555233804,-0.026780765503644943,0.0,0.0,0.0
5,113,INT24,3334,GTTTGGCCGCTCAGCG-1,7648,16779,0.16892079263925552,0.016951029442294405,0.16042719753459095,0.0,0.0,0.0
5,114,INT24,2266,GAACAACTGGGATGAA-1,18102,10972,0.1688901573419571,0.014678301047913208,-0.0869691850617528,0.0,0.0,0.0
5,115,INT24,495,ACTCCCGTAGACTAGG-1,9347,6829,0.16885352730751038,0.013919892938722032,-0.03381018824875355,0.0,0.0,0.0
5,116,INT24,2131,CTGCCATGCATCACAT-1,12969,13492,0.168826887011528,0.020317484210937348,0.08865031413733959,0.0,0.0,0.0
5,117,INT24,2254,GAAAGAACAGCGTTAT-1,12393,9011,0.1687698781490326,0.018160140997216613,0.09565785601735115,0.0,0.0,0.0
5,118,INT24,195,AAGTGCCTTGACTGTA-1,13724,8900,0.16871820390224457,0.017454475240848432,0.05691954120993614,0.0,0.0,0.0
5,119,INT24,3575,TATATATCGAGAAATG-1,16779,17205,0.168704491853714,0.0192369023689293,0.09109812639653683,0.0,0.0,0.0
5,120,INT24,1298,CAGTAATCCCTCCCAG-1,9360,17542,0.16869207918643953,0.01832744392345984,0.1299217851832509,0.0,0.0,0.0
5,121,INT24,2002,CTACTATCATAGGTTT-1,15447,17534,0.16867132782936095,0.018500930055465683,0.14304013624787332,0.0,0.0,0.0
5,122,INT24,1211,CACCGATGATGGGTAC-1,18859,7472,0.16862200051546097,0.015986894849680026,-0.061569695454090835,0.0,0.0,0.0
5,123,INT24,3698,TCATGAAGCGCTGCAT-1,20014,18622,0.16858647167682647,0.0201299171494789,0.14667458944022654,0.1,0.0,0.03742236196994782
5,124,INT24,3971,TGACCCAACTCACATT-1,5365,17001,0.16858617961406708,0.01634721155899186,0.008444798737764358,0.0,0.0,0.0
5,125,INT24,1909,CGTAATAATTACGAGT-1,8032,19621,0.16858346611261368,0.019431996490173777,0.12500543827190996,0.0,0.0,0.0
5,126,INT24,751,AGTAACTATAGCAGCC-1,18860,8565,0.16856251358985902,0.012454821647984678,0.0950725480914116,0.0,0.0,0.0
5,127,INT24,3471,TACTCATTGACGCATC-1,19048,6925,0.1684479683637619,0.018493507434221953,0.21661395393311977,0.0,0.0,0.0
5,128,INT24,3752,TCCGCAGCCACCTAGC-1,7841,19512,0.16843263804912567,0.019941517554914665,0.06212149485945702,0.1,0.0,0.03568333089351654
5,129,INT24,240,AATCTGGCTTTCTAGT-1,15068,18628,0.16838226318359376,0.016603449126771686,0.06241956055164337,0.1,0.0,0.03484520018100738
5,130,INT24,3609,TATGGATGTGCTACGC-1,10308,14370,0.16838133931159974,0.017428821686016345,0.08423269838094712,0.0,0.0,0.0
5,131,INT24,3006,GGTCTCCGTCCAGGTT-1,17339,9223,0.16837988644838334,0.013619516943212414,-0.008606158196926117,0.0,0.0,0.0
5,132,INT24,3151,GTCCTACTCTACGGGC-1,15640,19611,0.16837019026279448,0.017358652892403653,0.15014750566333532,0.0,0.0,0.0
5,133,INT24,112,AACGCGAACGGCAACA-1,6888,17873,0.16827435940504074,0.017937016720421434,0.06700970092788339,0.0,0.0,0.0
5,134,INT24,4361,TTCTACTTGCGAGGGC-1,9550,16777,0.16825122833251954,0.015656699877348038,0.11949084773659706,0.0,0.0,0.0
5,135,INT24,1585,CCGGAAGTTATCAGTC-1,14672,6384,0.1682371288537979,0.017275938201160895,-0.006232069432735443,0.0,0.0,0.0
5,136,INT24,175,AAGGATCGATCGCTTG-1,12773,8355,0.16818132996559143,0.014853399717028962,0.15088708959519864,0.1,0.0,0.034834247827529904
5,137,INT24,2339,GACCACACTTCCCTTT-1,18673,11517,0.1681496724486351,0.017195560079234097,0.11705546379089356,0.0,0.0,0.0
5,138,INT24,2392,GAGAGCGCAGTCCCTG-1,10695,19617,0.16814650893211364,0.018011098193420075,0.06505793780088424,0.0,0.0,0.0
5,139,INT24,3887,TCTCAGGCTACTCGCT-1,19049,7363,0.168134868144989,0.019763196404045384,0.06044551394879818,0.0,0.0,0.0
5,140,INT24,2351,GACCTGGTCTGGGCGT-1,7272,20278,0.16813378632068635,0.016975028821483402,0.05466510504484177,0.0,0.0,0.0
5,141,INT24,3999,TGATCCCAGCATTAGT-1,10490,8576,0.16810872703790664,0.015690288471130298,-0.0238792285323143,0.0,0.0,0.0
5,142,INT24,1920,CGTCAATCTTTAACAT-1,7461,19294,0.16810109764337539,0.0171101815071175,0.08022561259567737,0.1,0.0,0.03546767830848694
5,143,INT24,1635,CCTATGAAGTGGTGCC-1,12392,8136,0.16808572709560393,0.01694534340177486,0.059982679411768915,0.0,0.0,0.0
5,144,INT24,3704,TCCAACTTTAAATTCT-1,12973,15898,0.1680738717317581,0.018154392852261034,0.021438173949718475,0.0,0.0,0.0
5,145,INT24,2082,CTCGCTAGGTAAGCGA-1,19052,9768,0.1680551588535309,0.018374759370443063,0.08827654980123043,0.0,0.0,0.0
5,146,INT24,1445,CCAGAAAGCAACTCAT-1,15256,16332,0.16803012937307357,0.01799172344790053,0.0821091809310019,0.0,0.0,0.0
5,147,INT24,2099,CTCTCACAATCGATGA-1,11447,12620,0.167997507750988,0.016977335732108228,0.06266225576400757,0.0,0.0,0.0
5,148,INT24,641,AGCGATGCGCCTAATA-1,17528,8458,0.1679489493370056,0.016865336600176722,0.027294440567493437,0.0,0.0,0.0
5,149,INT24,818,AGTTAAGTCAACCGCT-1,15067,17535,0.16793806701898575,0.01337945371007609,0.1862757120281458,0.0,0.0,0.0
5,150,INT24,974,ATCTGGTTAAGACTGT-1,10304,11965,0.16793278604745865,0.01719222759724893,-0.02984541654586792,0.0,0.0,0.0
5,151,INT24,1760,CGATCCTCGCAACATA-1,17918,15891,0.16790232211351394,0.019909792957888472,0.08730468787252903,0.0,0.0,0.0
5,152,INT24,4078,TGCTCGGTGGGTCACC-1,17914,12393,0.1678979516029358,0.015869608210585636,0.13228330574929714,0.0,0.0,0.0
5,153,INT24,2875,GGCCGAGACTCTGGTG-1,17158,16767,0.16788384765386583,0.017062964812133513,0.12270980626344681,0.0,0.0,0.0
5,154,INT24,2191,CTTAAGCAGCGAGCCG-1,15070,19940,0.16781816333532334,0.014417203221278338,0.2433658294379711,0.1,0.0,0.03337034583091736
5,155,INT24,2980,GGTAACCGGGAGGATA-1,16208,17315,0.16781261563301086,0.01754252119034241,0.023661424219608308,0.0,0.0,0.0
5,156,INT24,4312,TTCAGCTGGCGTGCCC-1,15818,9881,0.16779732704162598,0.01801177551695548,0.08341242596507073,0.0,0.0,0.0
5,157,INT24,746,AGGTTACACCATGCCG-1,13533,7698,0.16779381185770034,0.016655570129031877,-0.03582328669726849,0.0,0.0,0.0
5,158,INT24,1345,CATCCCGAGATTCATA-1,18478,7691,0.1677797645330429,0.01856267836132193,0.054085940774530175,0.0,0.0,0.0
5,159,INT24,3243,GTGGAGTCGGCGGTTG-1,15636,16113,0.1677619993686676,0.01315005778162701,0.12138056047260762,0.0,0.0,0.0
5,160,INT24,716,AGGGAGACATACTTCG-1,10870,7920,0.16770743429660798,0.016910216859676468,-0.018579504638910293,0.1,0.0,0.03386732339859009
5,161,INT24,2442,GAGTATGCGCGTGCAT-1,17343,12503,0.1676769435405731,0.016485855278680035,0.02141675427556038,0.1,0.0,0.03294650912284851
5,162,INT24,761,AGTACGTGGCCTGTCT-1,6498,10658,0.16762581914663316,0.01789339712719157,0.10498104356229306,0.4,0.0,0.12976292371749878
5,163,INT24,3026,GGTGTAAATCGATTGT-1,18485,13157,0.16760412305593492,0.01791007851168741,0.1194013424217701,0.0,0.0,0.0
5,164,INT24,2823,GGAGCACCAAGAACTA-1,10304,11309,0.16757852733135223,0.01836776647901986,0.19579908177256583,0.2,0.0,0.06947005689144134
5,165,INT24,4240,TTAAGGCCCGTACTTT-1,16589,17533,0.16757328510284425,0.018686755150879704,-0.016686971485614776,0.0,0.0,0.0
5,166,INT24,1901,CGGTTGGGCAGGGTCC-1,19245,12063,0.1675473153591156,0.022663356634234685,0.16228966508060694,0.1,0.0,0.039309391379356386
5,167,INT24,4456,TTGGTTGCGGTGCGCG-1,15448,17753,0.16751814782619476,0.01774014596399019,0.027862219512462615,0.0,0.0,0.0
5,168,INT24,4476,TTGTTCTAGATACGCT-1,9364,19947,0.16748693436384202,0.016986939449849612,0.16189053878188134,0.0,0.0,0.0
5,169,INT24,232,AATCGCGCAGAGGACT-1,13343,7807,0.1674362063407898,0.016862724256199342,0.0068862676620483395,0.0,0.0,0.0
5,170,INT24,1130,CAACCGCACCTAGACA-1,7461,19731,0.1674291655421257,0.019748431513772258,0.032049041241407394,0.0,0.0,0.0
5,171,INT24,643,AGCGCTAGAGCGATGT-1,12961,6933,0.16742368787527084,0.01722075275864605,0.09567711539566517,0.1,0.0,0.03287855684757233
5,172,INT24,3654,TCAATCCCGCGCCAAA-1,18478,7035,0.16740173250436782,0.018354384737131656,0.046309472620487215,0.0,0.0,0.0
5,173,INT24,450,ACGGGTTGTGACCTGT-1,19255,19716,0.16738110184669494,0.017897735109539976,0.16045938692986966,0.0,0.0,0.0
5,174,INT24,2356,GACGCATACCCGTCGG-1,17543,19609,0.16732837706804277,0.015620547238426725,0.08368691583164037,0.0,0.0,0.0
5,175,INT24,2633,GCCGTGGAAGAAATGT-1,12772,7699,0.1672976404428482,0.017753131253942577,-0.010826710984110833,0.0,0.0,0.0
5,176,INT24,1175,CACAAACCGCAGAACT-1,18859,7691,0.16728972047567367,0.018643632910046955,-0.011507415771484375,0.0,0.0,0.0
5,177,INT24,4271,TTAGCAACATGGATGT-1,9170,17214,0.16724558174610138,0.017727945920131924,0.05298454836010933,0.0,0.0,0.0
5,178,INT24,2820,GGAGACCATCTACATA-1,14879,19393,0.16720766425132752,0.016371987550743705,0.09827085076831281,0.1,0.0,0.03747079968452453
5,179,INT24,206,AATAACACTAGAACAA-1,15255,16113,0.16719493716955186,0.016712920489380983,-0.007643773779273033,0.0,0.0,0.0
5,180,INT24,3435,TACCGGTCGTTTCCAT-1,13734,16553,0.16718821972608566,0.01655021369338216,0.04131933669559658,0.0,0.0,0.0
5,181,INT24,3709,TCCACATCGTATATTG-1,18485,12939,0.16718192845582963,0.016399882775707066,0.00666663572192192,0.2,0.0,0.06775619387626648
5,182,INT24,2855,GGCACGCTGCTACAGT-1,19049,8019,0.16707940101623536,0.016978338661468875,0.04364917045459151,0.0,0.0,0.0
5,183,INT24,1093,ATTGGTTGTGCATTAC-1,19050,8675,0.16706067472696304,0.018064300462885895,-0.03261963352560997,0.0,0.0,0.0
5,184,INT24,3416,TACACCTCTTCGAATC-1,18862,10315,0.16705910861492157,0.018798006208429884,-0.04497799128293991,0.0,0.0,0.0
5,185,INT24,465,ACGTTAGATTTGCCCG-1,12782,16007,0.1670564442873001,0.01892098496032022,0.027054373919963837,0.0,0.0,0.0
5,186,INT24,841,ATAACGGAGTCCAACG-1,10114,12075,0.1670370101928711,0.01719694098078398,0.0531714528799057,0.0,0.0,0.0
5,187,INT24,1690,CCTTCGTATAGAATCC-1,18486,13595,0.1669969692826271,0.01637027075440662,0.07411213293671608,0.0,0.0,0.0
5,188,INT24,2736,GCTCAATGTAATACCG-1,17155,13924,0.16699066907167434,0.018611195138467356,0.05191130861639977,0.0,0.0,0.0
5,189,INT24,2825,GGAGGAGTGTGTTTAT-1,5749,19624,0.16697593331336974,0.016172240393372197,0.11454568952322006,0.1,0.0,0.03303593099117279
5,190,INT24,333,ACATCGTATGCAATGG-1,13918,11414,0.16684739142656327,0.016968490911968417,0.19069834807887673,0.0,0.0,0.0
5,191,INT24,592,AGATACCGGTGTTCAC-1,12973,16116,0.1668125405907631,0.01911125219294821,0.10291723730042576,0.0,0.0,0.0
5,192,INT24,4413,TTGCATGCTGATCACG-1,13163,16444,0.16678643524646758,0.01822837472981005,-0.06485670879483223,0.0,0.0,0.0
5,193,INT24,1485,CCCAACATACGTCGCG-1,13544,16443,0.1667852908372879,0.018777033580921077,-0.03504379391670227,0.0,0.0,0.0
5,194,INT24,4421,TTGCCTTCTCGCCGGG-1,18290,8894,0.16676233559846879,0.015824753555262146,0.0615903951227665,0.0,0.0,0.0
5,195,INT24,843,ATAAGCAAACACCGAG-1,7064,6613,0.1667609080672264,0.015076070425025047,-0.13219581693410873,0.0,0.0,0.0
5,196,INT24,2721,GCTAGAGTAGAGATGT-1,16008,9772,0.16674187034368515,0.01790719725793339,0.08404248505830765,0.0,0.0,0.0
5,197,INT24,3638,TCAAATTTGAGACTCA-1,16773,12613,0.1667056053876877,0.014855583306590814,0.1211791593581438,0.0,0.0,0.0
5,198,INT24,1807,CGCGAGTCTGCCGGGT-1,15258,18081,0.16670546382665635,0.01536716358407768,0.10774518279358744,0.0,0.0,0.0
5,199,INT24,408,ACGACTCTAGGGCCGA-1,18862,10096,0.16667621880769729,0.015628115678466822,0.0680665247142315,0.0,0.0,0.0
5,200,INT24,4006,TGATGGGACTAAGTCA-1,6319,19295,0.16666702926158905,0.016058249662044256,0.028547176625579596,0.2,0.0,0.06401183307170868
5,201,INT24,4438,TTGGAAGAATACAGTC-1,14877,17644,0.16664076447486878,0.015142712634570154,0.07141867876052857,0.0,0.0,0.0
5,202,INT24,47,AAAGTGCCATCAATTA-1,17336,6600,0.16663887798786164,0.018402315686910718,0.12994688861072062,0.0,0.0,0.0
5,203,INT24,2621,GCCCTGAGGATGGGCT-1,18294,12174,0.16662907004356384,0.02020490454905234,-0.0076890155673027035,0.1,0.0,0.03396671414375305
5,204,INT24,1271,CAGCAGTCTGTGCTGC-1,17153,12175,0.1666259467601776,0.013532419990336301,-0.010736724361777306,0.0,0.0,0.0
5,205,INT24,4130,TGGGCCTTGCCTGCAT-1,6890,19185,0.16660727858543395,0.01860357320306508,0.12962645590305327,0.1,0.0,0.032845097780227664
5,206,INT24,140,AACTTGCGTTCTCGCG-1,8030,18090,0.166603784263134,0.020844335229381193,0.054724075645208356,0.0,0.0,0.0
5,207,INT24,374,ACCCTATAGGACTGAG-1,7649,18091,0.16657914817333222,0.016995721292085413,0.10183931477367877,0.0,0.0,0.0
5,208,INT24,891,ATATAAAGCGCTCGTG-1,16393,12832,0.16654423475265503,0.01630751357855796,0.21217480935156346,0.0,0.0,0.0
5,209,INT24,3775,TCCTCTACGAGATGGC-1,10311,16776,0.16653122156858444,0.01730212388051168,0.03439241051673889,0.0,0.0,0.0
5,210,INT24,4238,TTAAGCGCCTGACCCA-1,11070,15463,0.16652379035949708,0.019789867338470858,-0.06639773286879062,0.1,0.0,0.036451292037963864
5,211,INT24,170,AAGCTATGGATTGACC-1,20016,19933,0.16651665717363356,0.01962525632404049,0.02398809967562556,0.0,0.0,0.0
5,212,INT24,2120,CTGATAGTGTATCTCA-1,11454,18523,0.16648548394441604,0.017629012236088336,-0.024667886644601823,0.0,0.0,0.0
5,213,INT24,3593,TATCCTATCAACTGGT-1,18486,13813,0.16640158742666245,0.01698688376371909,0.10525209791958332,0.2,0.0,0.06876637935638427
5,214,INT24,4011,TGATTCGTCTATCACT-1,11260,15790,0.16636389195919038,0.018896574188603275,0.06892354190349578,0.0,0.0,0.0
5,215,INT24,1427,CCACATACTGCACCCA-1,15244,7368,0.16634467989206314,0.01568652563433264,-0.08863558396697044,0.0,0.0,0.0
5,216,INT24,2789,GGAAAGTCTTGATTGT-1,19630,15561,0.1663427770137787,0.017035651066523026,0.2547398074530065,0.0,0.0,0.0
5,217,INT24,2557,GCACGTGGTTTACTTA-1,17529,8676,0.1663317173719406,0.015331045037972967,0.00033778762444853784,0.0,0.0,0.0
5,218,INT24,2315,GAATTATAGTGAAAGG-1,11827,12838,0.16631667762994767,0.021249307736846787,0.10713423788547516,0.0,0.0,0.0
5,219,INT24,585,AGAGTCTTAATGAAAG-1,19809,6924,0.16621546745300292,0.014649400403046412,0.1950178668834269,0.1,0.0,0.03504090309143067
5,220,INT24,1910,CGTACCGAAAGTCTAG-1,7270,18966,0.1662020891904831,0.01957954221212012,0.049347860366106035,0.0,0.0,0.0
5,221,INT24,478,ACTACATCCCGACAAG-1,17351,18406,0.16619849503040313,0.014057372366349533,0.24299818323925138,0.1,0.0,0.03519113659858704
5,222,INT24,3830,TCGGAGTCCTGGTTGC-1,19065,19825,0.16618707478046418,0.020131800928271094,0.18630780205130576,0.0,0.0,0.0
5,223,INT24,108,AACGACCTCCTAGCCG-1,18858,7254,0.16618580520153045,0.016784077923732297,-0.063167280331254,0.0,0.0,0.0
5,224,INT24,1974,CTAAAGAATGCCTACT-1,12212,16336,0.1661693722009659,0.020149356319547,-0.006512891501188278,0.0,0.0,0.0
5,225,INT24,1861,CGGCTCTAAAGCTGCA-1,14104,8244,0.16616833806037903,0.015182472078918891,0.15541724497452378,0.0,0.0,0.0
5,226,INT24,2154,CTGGCGGGAATAAGTA-1,9171,17870,0.1661552906036377,0.014053655065366152,-0.053030022978782655,0.0,0.0,0.0
5,227,INT24,290,ACAATGAATACGGAGA-1,16208,16877,0.16615245789289473,0.019348069294813645,0.005711732804775238,0.0,0.0,0.0
5,228,INT24,4169,TGTACTTCCGGGCATG-1,18669,7800,0.16608184725046157,0.01668367121271129,-0.023399963974952698,0.0,0.0,0.0
5,229,INT24,3554,TAGTCTAACAACGAGA-1,12973,16553,0.16608069688081742,0.017670338746554486,0.04420784562826156,0.0,0.0,0.0
5,230,INT24,2934,GGGCAGACGTCACTGC-1,14499,19831,0.16607720255851746,0.020596558702560355,0.16229383531026542,0.0,0.0,0.0
5,231,INT24,2832,GGAGTTGATTCTGTGT-1,18289,8020,0.16606815308332443,0.014401440405565106,0.10619044676423073,0.0,0.0,0.0
5,232,INT24,1856,CGGCCACGCACAAAGT-1,12019,13822,0.16606388241052628,0.019023937211831758,0.10949416235089302,0.0,0.0,0.0
5,233,INT24,339,ACATTTGAAACCTAAC-1,19241,9440,0.1660544216632843,0.01918877776448931,0.08987662903964519,0.1,0.0,0.03434156179428101
5,234,INT24,2777,GCTTGAGTGACCTCTG-1,19240,7909,0.16603622883558272,0.01787653880674728,0.10146809704601764,0.0,0.0,0.0
5,235,INT24,2325,GACACGAGTTAGAGGA-1,8980,17543,0.16603116393089296,0.018874707751237535,0.10778689235448838,0.0,0.0,0.0
5,236,INT24,3951,TGAACCTGAATGTGAG-1,19825,19606,0.16600602120161057,0.014624470586502684,0.24773848317563535,0.1,0.0,0.03511228561401367
5,237,INT24,1424,CCACAATGTACGTCTT-1,10874,10981,0.1660047546029091,0.01325551955882821,0.04788790866732597,0.0,0.0,0.0
5,238,INT24,2464,GATATCAGTATGTATC-1,7080,19294,0.16597457379102706,0.017922001758798208,0.19928668136708438,0.0,0.0,0.0
5,239,INT24,2518,GATTCCTATACGGCGC-1,10122,17760,0.16597403734922409,0.017863168102872546,0.07494442304596305,0.0,0.0,0.0
5,240,INT24,932,ATCATGGACTACCGAC-1,13721,6495,0.16596199870109557,0.01601884389431813,0.06863823235034942,0.0,0.0,0.0
5,241,INT24,4276,TTAGCTCTGTAATCCG-1,11264,18633,0.1658839151263237,0.018174948836267423,0.05176257789134979,0.0,0.0,0.0
5,242,INT24,1671,CCTGCGATAGAACTGT-1,6888,18092,0.1658801928162575,0.017649726337945044,0.04066405668854713,0.0,0.0,0.0
5,243,INT24,4310,TTCACTTCCTAGAACG-1,18107,14688,0.1658770866692066,0.022349750513800073,0.00041070431470870974,0.2,0.0,0.07181376814842225
5,244,INT24,1528,CCCTCATTCTGGAATT-1,8407,15466,0.1658437356352806,0.021946599806892533,0.06328508779406547,0.0,0.0,0.0
5,245,INT24,3723,TCCCAAAGCCCTAAAT-1,12772,7480,0.16578374803066254,0.014068144643383105,0.08510828837752342,0.0,0.0,0.0
5,246,INT24,1808,CGCGCAAATGTCCAGA-1,16018,17643,0.1657627433538437,0.01998462669807989,0.13713387567549945,0.0,0.0,0.0
5,247,INT24,579,AGAGCTACGAAAGCAT-1,7269,18529,0.16572871059179306,0.017156228563454497,0.20220075487159192,0.0,0.0,0.0
5,248,INT24,2909,GGCTTGGCTCTCACCT-1,9934,20056,0.16570277959108354,0.01884110117627439,0.03652215600013733,0.1,0.0,0.03695929348468781
5,249,INT24,2635,GCCTATAGTGTCAGGG-1,10873,10325,0.1657009467482567,0.014836317679987086,-0.16340819522738456,0.0,0.0,0.0
5,250,INT24,873,ATACTCTCGCCACTCT-1,7078,17545,0.1656718596816063,0.017157814366556137,0.13898372743278742,0.0,0.0,0.0
5,251,INT24,63,AAATGTATCTTATCCC-1,10315,20274,0.1656557634472847,0.017666791003342727,0.0942094437777996,0.0,0.0,0.0
5,252,INT24,4348,TTCGGGACTAATCGCG-1,12207,12400,0.16565421521663665,0.015519750659905381,0.029523617774248122,0.0,0.0,0.0
5,253,INT24,3939,TCTTTAAGACTATGAA-1,11823,9558,0.16563023626804352,0.013256064689149446,0.06424827501177788,0.0,0.0,0.0
5,254,INT24,1709,CGAAGCCACAGCATGG-1,19064,19388,0.16560968905687332,0.015777045594084414,0.10832851827144623,0.0,0.0,0.0
5,255,INT24,2586,GCATTCAAGGCAACGC-1,10680,8467,0.16560171097517012,0.019514157366640156,-0.06332819610834121,0.0,0.0,0.0
5,256,INT24,1269,CAGCAGCCCGTTCCTT-1,10685,11746,0.16560088843107224,0.01640534976727429,-0.01933229938149452,0.0,0.0,0.0
