split	sample_id	embedding_path	h5_path	st_path	status	n_patches
train	MEND63	/data/cat/ws/rzmi154h-molf-pathology/conch_molf_production/embeddings/MEND63_embeddings.pt	/data/cat/ws/rzmi154h-molf-pathology/conch_molf_production/patch_meta/MEND63.h5	/data/cat/ws/rzmi154h-molf-pathology/conch_molf_production/st/MEND63.h5ad	PASS	1422
train	TENX41	/data/cat/ws/rzmi154h-molf-pathology/conch_molf_production/embeddings/TENX41_embeddings.pt	/data/cat/ws/rzmi154h-molf-pathology/conch_molf_production/patch_meta/TENX41.h5	/data/cat/ws/rzmi154h-molf-pathology/conch_molf_production/st/TENX41.h5ad	PASS	2542
train	NCBI832	/data/cat/ws/rzmi154h-molf-pathology/conch_molf_production/embeddings/NCBI832_embeddings.pt	/data/cat/ws/rzmi154h-molf-pathology/conch_molf_production/patch_meta/NCBI832.h5	/data/cat/ws/rzmi154h-molf-pathology/conch_molf_production/st/NCBI832.h5ad	PASS	2974
train	NCBI881	/data/cat/ws/rzmi154h-molf-pathology/conch_molf_production/embeddings/NCBI881_embeddings.pt	/data/cat/ws/rzmi154h-molf-pathology/conch_molf_production/patch_meta/NCBI881.h5	/data/cat/ws/rzmi154h-molf-pathology/conch_molf_production/st/NCBI881.h5ad	PASS	742
train	NCBI487	/data/cat/ws/rzmi154h-molf-pathology/conch_molf_production/embeddings/NCBI487_embeddings.pt	/data/cat/ws/rzmi154h-molf-pathology/conch_molf_production/patch_meta/NCBI487.h5	/data/cat/ws/rzmi154h-molf-pathology/conch_molf_production/st/NCBI487.h5ad	PASS	1005
train	MEND36	/data/cat/ws/rzmi154h-molf-pathology/conch_molf_production/embeddings/MEND36_embeddings.pt	/data/cat/ws/rzmi154h-molf-pathology/conch_molf_production/patch_meta/MEND36.h5	/data/cat/ws/rzmi154h-molf-pathology/conch_molf_production/st/MEND36.h5ad	PASS	2029
train	NCBI708	/data/cat/ws/rzmi154h-molf-pathology/conch_molf_production/embeddings/NCBI708_embeddings.pt	/data/cat/ws/rzmi154h-molf-pathology/conch_molf_production/patch_meta/NCBI708.h5	/data/cat/ws/rzmi154h-molf-pathology/conch_molf_production/st/NCBI708.h5ad	PASS	1276
train	NCBI490	/data/cat/ws/rzmi154h-molf-pathology/conch_molf_production/embeddings/NCBI490_embeddings.pt	/data/cat/ws/rzmi154h-molf-pathology/conch_molf_production/patch_meta/NCBI490.h5	/data/cat/ws/rzmi154h-molf-pathology/conch_molf_production/st/NCBI490.h5ad	PASS	617
train	INT23	/data/cat/ws/rzmi154h-molf-pathology/conch_molf_production/embeddings/INT23_embeddings.pt	/data/cat/ws/rzmi154h-molf-pathology/conch_molf_production/patch_meta/INT23.h5	/data/cat/ws/rzmi154h-molf-pathology/conch_molf_production/st/INT23.h5ad	PASS	4755
train	MEND146	/data/cat/ws/rzmi154h-molf-pathology/conch_molf_production/embeddings/MEND146_embeddings.pt	/data/cat/ws/rzmi154h-molf-pathology/conch_molf_production/patch_meta/MEND146.h5	/data/cat/ws/rzmi154h-molf-pathology/conch_molf_production/st/MEND146.h5ad	PASS	1960
train	NCBI476	/data/cat/ws/rzmi154h-molf-pathology/conch_molf_production/embeddings/NCBI476_embeddings.pt	/data/cat/ws/rzmi154h-molf-pathology/conch_molf_production/patch_meta/NCBI476.h5	/data/cat/ws/rzmi154h-molf-pathology/conch_molf_production/st/NCBI476.h5ad	PASS	1106
train	SPA144	/data/cat/ws/rzmi154h-molf-pathology/conch_molf_production/embeddings/SPA144_embeddings.pt	/data/cat/ws/rzmi154h-molf-pathology/conch_molf_production/patch_meta/SPA144.h5	/data/cat/ws/rzmi154h-molf-pathology/conch_molf_production/st/SPA144.h5ad	PASS	289
train	MEND48	/data/cat/ws/rzmi154h-molf-pathology/conch_molf_production/embeddings/MEND48_embeddings.pt	/data/cat/ws/rzmi154h-molf-pathology/conch_molf_production/patch_meta/MEND48.h5	/data/cat/ws/rzmi154h-molf-pathology/conch_molf_production/st/MEND48.h5ad	PASS	406
train	MISC29	/data/cat/ws/rzmi154h-molf-pathology/conch_molf_production/embeddings/MISC29_embeddings.pt	/data/cat/ws/rzmi154h-molf-pathology/conch_molf_production/patch_meta/MISC29.h5	/data/cat/ws/rzmi154h-molf-pathology/conch_molf_production/st/MISC29.h5ad	PASS	2081
train	NCBI876	/data/cat/ws/rzmi154h-molf-pathology/conch_molf_production/embeddings/NCBI876_embeddings.pt	/data/cat/ws/rzmi154h-molf-pathology/conch_molf_production/patch_meta/NCBI876.h5	/data/cat/ws/rzmi154h-molf-pathology/conch_molf_production/st/NCBI876.h5ad	PASS	258
train	NCBI526	/data/cat/ws/rzmi154h-molf-pathology/conch_molf_production/embeddings/NCBI526_embeddings.pt	/data/cat/ws/rzmi154h-molf-pathology/conch_molf_production/patch_meta/NCBI526.h5	/data/cat/ws/rzmi154h-molf-pathology/conch_molf_production/st/NCBI526.h5ad	PASS	811
train	MEND13	/data/cat/ws/rzmi154h-molf-pathology/conch_molf_production/embeddings/MEND13_embeddings.pt	/data/cat/ws/rzmi154h-molf-pathology/conch_molf_production/patch_meta/MEND13.h5	/data/cat/ws/rzmi154h-molf-pathology/conch_molf_production/st/MEND13.h5ad	PASS	183
train	MISC34	/data/cat/ws/rzmi154h-molf-pathology/conch_molf_production/embeddings/MISC34_embeddings.pt	/data/cat/ws/rzmi154h-molf-pathology/conch_molf_production/patch_meta/MISC34.h5	/data/cat/ws/rzmi154h-molf-pathology/conch_molf_production/st/MISC34.h5ad	PASS	3705
train	NCBI520	/data/cat/ws/rzmi154h-molf-pathology/conch_molf_production/embeddings/NCBI520_embeddings.pt	/data/cat/ws/rzmi154h-molf-pathology/conch_molf_production/patch_meta/NCBI520.h5	/data/cat/ws/rzmi154h-molf-pathology/conch_molf_production/st/NCBI520.h5ad	PASS	524
train	MISC47	/data/cat/ws/rzmi154h-molf-pathology/conch_molf_production/embeddings/MISC47_embeddings.pt	/data/cat/ws/rzmi154h-molf-pathology/conch_molf_production/patch_meta/MISC47.h5	/data/cat/ws/rzmi154h-molf-pathology/conch_molf_production/st/MISC47.h5ad	PASS	4804
train	NCBI570	/data/cat/ws/rzmi154h-molf-pathology/conch_molf_production/embeddings/NCBI570_embeddings.pt	/data/cat/ws/rzmi154h-molf-pathology/conch_molf_production/patch_meta/NCBI570.h5	/data/cat/ws/rzmi154h-molf-pathology/conch_molf_production/st/NCBI570.h5ad	PASS	3213
train	MISC20	/data/cat/ws/rzmi154h-molf-pathology/conch_molf_production/embeddings/MISC20_embeddings.pt	/data/cat/ws/rzmi154h-molf-pathology/conch_molf_production/patch_meta/MISC20.h5	/data/cat/ws/rzmi154h-molf-pathology/conch_molf_production/st/MISC20.h5ad	PASS	3268
train	NCBI683	/data/cat/ws/rzmi154h-molf-pathology/conch_molf_production/embeddings/NCBI683_embeddings.pt	/data/cat/ws/rzmi154h-molf-pathology/conch_molf_production/patch_meta/NCBI683.h5	/data/cat/ws/rzmi154h-molf-pathology/conch_molf_production/st/NCBI683.h5ad	PASS	4817
train	MEND24	/data/cat/ws/rzmi154h-molf-pathology/conch_molf_production/embeddings/MEND24_embeddings.pt	/data/cat/ws/rzmi154h-molf-pathology/conch_molf_production/patch_meta/MEND24.h5	/data/cat/ws/rzmi154h-molf-pathology/conch_molf_production/st/MEND24.h5ad	PASS	136
train	INT22	/data/cat/ws/rzmi154h-molf-pathology/conch_molf_production/embeddings/INT22_embeddings.pt	/data/cat/ws/rzmi154h-molf-pathology/conch_molf_production/patch_meta/INT22.h5	/data/cat/ws/rzmi154h-molf-pathology/conch_molf_production/st/INT22.h5ad	PASS	3826
train	SPA0	/data/cat/ws/rzmi154h-molf-pathology/conch_molf_production/embeddings/SPA0_embeddings.pt	/data/cat/ws/rzmi154h-molf-pathology/conch_molf_production/patch_meta/SPA0.h5	/data/cat/ws/rzmi154h-molf-pathology/conch_molf_production/st/SPA0.h5ad	PASS	262
train	NCBI766	/data/cat/ws/rzmi154h-molf-pathology/conch_molf_production/embeddings/NCBI766_embeddings.pt	/data/cat/ws/rzmi154h-molf-pathology/conch_molf_production/patch_meta/NCBI766.h5	/data/cat/ws/rzmi154h-molf-pathology/conch_molf_production/st/NCBI766.h5ad	PASS	520
train	TENX27	/data/cat/ws/rzmi154h-molf-pathology/conch_molf_production/embeddings/TENX27_embeddings.pt	/data/cat/ws/rzmi154h-molf-pathology/conch_molf_production/patch_meta/TENX27.h5	/data/cat/ws/rzmi154h-molf-pathology/conch_molf_production/st/TENX27.h5ad	PASS	4987
train	MEND34	/data/cat/ws/rzmi154h-molf-pathology/conch_molf_production/embeddings/MEND34_embeddings.pt	/data/cat/ws/rzmi154h-molf-pathology/conch_molf_production/patch_meta/MEND34.h5	/data/cat/ws/rzmi154h-molf-pathology/conch_molf_production/st/MEND34.h5ad	PASS	3252
train	INT17	/data/cat/ws/rzmi154h-molf-pathology/conch_molf_production/embeddings/INT17_embeddings.pt	/data/cat/ws/rzmi154h-molf-pathology/conch_molf_production/patch_meta/INT17.h5	/data/cat/ws/rzmi154h-molf-pathology/conch_molf_production/st/INT17.h5ad	PASS	3584
train	NCBI477	/data/cat/ws/rzmi154h-molf-pathology/conch_molf_production/embeddings/NCBI477_embeddings.pt	/data/cat/ws/rzmi154h-molf-pathology/conch_molf_production/patch_meta/NCBI477.h5	/data/cat/ws/rzmi154h-molf-pathology/conch_molf_production/st/NCBI477.h5ad	PASS	776
train	MISC14	/data/cat/ws/rzmi154h-molf-pathology/conch_molf_production/embeddings/MISC14_embeddings.pt	/data/cat/ws/rzmi154h-molf-pathology/conch_molf_production/patch_meta/MISC14.h5	/data/cat/ws/rzmi154h-molf-pathology/conch_molf_production/st/MISC14.h5ad	PASS	1591
train	NCBI475	/data/cat/ws/rzmi154h-molf-pathology/conch_molf_production/embeddings/NCBI475_embeddings.pt	/data/cat/ws/rzmi154h-molf-pathology/conch_molf_production/patch_meta/NCBI475.h5	/data/cat/ws/rzmi154h-molf-pathology/conch_molf_production/st/NCBI475.h5ad	PASS	1363
train	INT9	/data/cat/ws/rzmi154h-molf-pathology/conch_molf_production/embeddings/INT9_embeddings.pt	/data/cat/ws/rzmi154h-molf-pathology/conch_molf_production/patch_meta/INT9.h5	/data/cat/ws/rzmi154h-molf-pathology/conch_molf_production/st/INT9.h5ad	PASS	1691
train	MISC43	/data/cat/ws/rzmi154h-molf-pathology/conch_molf_production/embeddings/MISC43_embeddings.pt	/data/cat/ws/rzmi154h-molf-pathology/conch_molf_production/patch_meta/MISC43.h5	/data/cat/ws/rzmi154h-molf-pathology/conch_molf_production/st/MISC43.h5ad	PASS	1181
train	NCBI762	/data/cat/ws/rzmi154h-molf-pathology/conch_molf_production/embeddings/NCBI762_embeddings.pt	/data/cat/ws/rzmi154h-molf-pathology/conch_molf_production/patch_meta/NCBI762.h5	/data/cat/ws/rzmi154h-molf-pathology/conch_molf_production/st/NCBI762.h5ad	PASS	1090
train	NCBI594	/data/cat/ws/rzmi154h-molf-pathology/conch_molf_production/embeddings/NCBI594_embeddings.pt	/data/cat/ws/rzmi154h-molf-pathology/conch_molf_production/patch_meta/NCBI594.h5	/data/cat/ws/rzmi154h-molf-pathology/conch_molf_production/st/NCBI594.h5ad	PASS	1249
train	NCBI776	/data/cat/ws/rzmi154h-molf-pathology/conch_molf_production/embeddings/NCBI776_embeddings.pt	/data/cat/ws/rzmi154h-molf-pathology/conch_molf_production/patch_meta/NCBI776.h5	/data/cat/ws/rzmi154h-molf-pathology/conch_molf_production/st/NCBI776.h5ad	PASS	4973
train	INT21	/data/cat/ws/rzmi154h-molf-pathology/conch_molf_production/embeddings/INT21_embeddings.pt	/data/cat/ws/rzmi154h-molf-pathology/conch_molf_production/patch_meta/INT21.h5	/data/cat/ws/rzmi154h-molf-pathology/conch_molf_production/st/INT21.h5ad	PASS	4960
train	MEND16	/data/cat/ws/rzmi154h-molf-pathology/conch_molf_production/embeddings/MEND16_embeddings.pt	/data/cat/ws/rzmi154h-molf-pathology/conch_molf_production/patch_meta/MEND16.h5	/data/cat/ws/rzmi154h-molf-pathology/conch_molf_production/st/MEND16.h5ad	PASS	192
train	TENX95	/data/cat/ws/rzmi154h-molf-pathology/conch_molf_production/embeddings/TENX95_embeddings.pt	/data/cat/ws/rzmi154h-molf-pathology/conch_molf_production/patch_meta/TENX95.h5	/data/cat/ws/rzmi154h-molf-pathology/conch_molf_production/st/TENX95.h5ad	PASS	7592
train	NCBI486	/data/cat/ws/rzmi154h-molf-pathology/conch_molf_production/embeddings/NCBI486_embeddings.pt	/data/cat/ws/rzmi154h-molf-pathology/conch_molf_production/patch_meta/NCBI486.h5	/data/cat/ws/rzmi154h-molf-pathology/conch_molf_production/st/NCBI486.h5ad	PASS	303
train	NCBI707	/data/cat/ws/rzmi154h-molf-pathology/conch_molf_production/embeddings/NCBI707_embeddings.pt	/data/cat/ws/rzmi154h-molf-pathology/conch_molf_production/patch_meta/NCBI707.h5	/data/cat/ws/rzmi154h-molf-pathology/conch_molf_production/st/NCBI707.h5ad	PASS	673
train	NCBI826	/data/cat/ws/rzmi154h-molf-pathology/conch_molf_production/embeddings/NCBI826_embeddings.pt	/data/cat/ws/rzmi154h-molf-pathology/conch_molf_production/patch_meta/NCBI826.h5	/data/cat/ws/rzmi154h-molf-pathology/conch_molf_production/st/NCBI826.h5ad	PASS	3795
train	MEND22	/data/cat/ws/rzmi154h-molf-pathology/conch_molf_production/embeddings/MEND22_embeddings.pt	/data/cat/ws/rzmi154h-molf-pathology/conch_molf_production/patch_meta/MEND22.h5	/data/cat/ws/rzmi154h-molf-pathology/conch_molf_production/st/MEND22.h5ad	PASS	146
train	SPA126	/data/cat/ws/rzmi154h-molf-pathology/conch_molf_production/embeddings/SPA126_embeddings.pt	/data/cat/ws/rzmi154h-molf-pathology/conch_molf_production/patch_meta/SPA126.h5	/data/cat/ws/rzmi154h-molf-pathology/conch_molf_production/st/SPA126.h5ad	PASS	695
train	SPA138	/data/cat/ws/rzmi154h-molf-pathology/conch_molf_production/embeddings/SPA138_embeddings.pt	/data/cat/ws/rzmi154h-molf-pathology/conch_molf_production/patch_meta/SPA138.h5	/data/cat/ws/rzmi154h-molf-pathology/conch_molf_production/st/SPA138.h5ad	PASS	181
train	MEND15	/data/cat/ws/rzmi154h-molf-pathology/conch_molf_production/embeddings/MEND15_embeddings.pt	/data/cat/ws/rzmi154h-molf-pathology/conch_molf_production/patch_meta/MEND15.h5	/data/cat/ws/rzmi154h-molf-pathology/conch_molf_production/st/MEND15.h5ad	PASS	202
train	MEND21	/data/cat/ws/rzmi154h-molf-pathology/conch_molf_production/embeddings/MEND21_embeddings.pt	/data/cat/ws/rzmi154h-molf-pathology/conch_molf_production/patch_meta/MEND21.h5	/data/cat/ws/rzmi154h-molf-pathology/conch_molf_production/st/MEND21.h5ad	PASS	148
train	NCBI867	/data/cat/ws/rzmi154h-molf-pathology/conch_molf_production/embeddings/NCBI867_embeddings.pt	/data/cat/ws/rzmi154h-molf-pathology/conch_molf_production/patch_meta/NCBI867.h5	/data/cat/ws/rzmi154h-molf-pathology/conch_molf_production/st/NCBI867.h5ad	PASS	2509
train	NCBI655	/data/cat/ws/rzmi154h-molf-pathology/conch_molf_production/embeddings/NCBI655_embeddings.pt	/data/cat/ws/rzmi154h-molf-pathology/conch_molf_production/patch_meta/NCBI655.h5	/data/cat/ws/rzmi154h-molf-pathology/conch_molf_production/st/NCBI655.h5ad	PASS	4981
train	NCBI518	/data/cat/ws/rzmi154h-molf-pathology/conch_molf_production/embeddings/NCBI518_embeddings.pt	/data/cat/ws/rzmi154h-molf-pathology/conch_molf_production/patch_meta/NCBI518.h5	/data/cat/ws/rzmi154h-molf-pathology/conch_molf_production/st/NCBI518.h5ad	PASS	538
train	INT16	/data/cat/ws/rzmi154h-molf-pathology/conch_molf_production/embeddings/INT16_embeddings.pt	/data/cat/ws/rzmi154h-molf-pathology/conch_molf_production/patch_meta/INT16.h5	/data/cat/ws/rzmi154h-molf-pathology/conch_molf_production/st/INT16.h5ad	PASS	3202
train	TENX158	/data/cat/ws/rzmi154h-molf-pathology/conch_molf_production/embeddings/TENX158_embeddings.pt	/data/cat/ws/rzmi154h-molf-pathology/conch_molf_production/patch_meta/TENX158.h5	/data/cat/ws/rzmi154h-molf-pathology/conch_molf_production/st/TENX158.h5ad	PASS	1535
train	NCBI484	/data/cat/ws/rzmi154h-molf-pathology/conch_molf_production/embeddings/NCBI484_embeddings.pt	/data/cat/ws/rzmi154h-molf-pathology/conch_molf_production/patch_meta/NCBI484.h5	/data/cat/ws/rzmi154h-molf-pathology/conch_molf_production/st/NCBI484.h5ad	PASS	712
train	SPA124	/data/cat/ws/rzmi154h-molf-pathology/conch_molf_production/embeddings/SPA124_embeddings.pt	/data/cat/ws/rzmi154h-molf-pathology/conch_molf_production/patch_meta/SPA124.h5	/data/cat/ws/rzmi154h-molf-pathology/conch_molf_production/st/SPA124.h5ad	PASS	440
train	NCBI474	/data/cat/ws/rzmi154h-molf-pathology/conch_molf_production/embeddings/NCBI474_embeddings.pt	/data/cat/ws/rzmi154h-molf-pathology/conch_molf_production/patch_meta/NCBI474.h5	/data/cat/ws/rzmi154h-molf-pathology/conch_molf_production/st/NCBI474.h5ad	PASS	585
train	SPA125	/data/cat/ws/rzmi154h-molf-pathology/conch_molf_production/embeddings/SPA125_embeddings.pt	/data/cat/ws/rzmi154h-molf-pathology/conch_molf_production/patch_meta/SPA125.h5	/data/cat/ws/rzmi154h-molf-pathology/conch_molf_production/st/SPA125.h5ad	PASS	712
train	MEND64	/data/cat/ws/rzmi154h-molf-pathology/conch_molf_production/embeddings/MEND64_embeddings.pt	/data/cat/ws/rzmi154h-molf-pathology/conch_molf_production/patch_meta/MEND64.h5	/data/cat/ws/rzmi154h-molf-pathology/conch_molf_production/st/MEND64.h5ad	PASS	1939
train	MISC8	/data/cat/ws/rzmi154h-molf-pathology/conch_molf_production/embeddings/MISC8_embeddings.pt	/data/cat/ws/rzmi154h-molf-pathology/conch_molf_production/patch_meta/MISC8.h5	/data/cat/ws/rzmi154h-molf-pathology/conch_molf_production/st/MISC8.h5ad	PASS	3629
train	NCBI694	/data/cat/ws/rzmi154h-molf-pathology/conch_molf_production/embeddings/NCBI694_embeddings.pt	/data/cat/ws/rzmi154h-molf-pathology/conch_molf_production/patch_meta/NCBI694.h5	/data/cat/ws/rzmi154h-molf-pathology/conch_molf_production/st/NCBI694.h5ad	PASS	640
train	TENX29	/data/cat/ws/rzmi154h-molf-pathology/conch_molf_production/embeddings/TENX29_embeddings.pt	/data/cat/ws/rzmi154h-molf-pathology/conch_molf_production/patch_meta/TENX29.h5	/data/cat/ws/rzmi154h-molf-pathology/conch_molf_production/st/TENX29.h5ad	PASS	3134
train	NCBI491	/data/cat/ws/rzmi154h-molf-pathology/conch_molf_production/embeddings/NCBI491_embeddings.pt	/data/cat/ws/rzmi154h-molf-pathology/conch_molf_production/patch_meta/NCBI491.h5	/data/cat/ws/rzmi154h-molf-pathology/conch_molf_production/st/NCBI491.h5ad	PASS	912
train	INT8	/data/cat/ws/rzmi154h-molf-pathology/conch_molf_production/embeddings/INT8_embeddings.pt	/data/cat/ws/rzmi154h-molf-pathology/conch_molf_production/patch_meta/INT8.h5	/data/cat/ws/rzmi154h-molf-pathology/conch_molf_production/st/INT8.h5ad	PASS	1924
train	ZEN36	/data/cat/ws/rzmi154h-molf-pathology/conch_molf_production/embeddings/ZEN36_embeddings.pt	/data/cat/ws/rzmi154h-molf-pathology/conch_molf_production/patch_meta/ZEN36.h5	/data/cat/ws/rzmi154h-molf-pathology/conch_molf_production/st/ZEN36.h5ad	PASS	1691
train	NCBI682	/data/cat/ws/rzmi154h-molf-pathology/conch_molf_production/embeddings/NCBI682_embeddings.pt	/data/cat/ws/rzmi154h-molf-pathology/conch_molf_production/patch_meta/NCBI682.h5	/data/cat/ws/rzmi154h-molf-pathology/conch_molf_production/st/NCBI682.h5ad	PASS	4886
train	NCBI593	/data/cat/ws/rzmi154h-molf-pathology/conch_molf_production/embeddings/NCBI593_embeddings.pt	/data/cat/ws/rzmi154h-molf-pathology/conch_molf_production/patch_meta/NCBI593.h5	/data/cat/ws/rzmi154h-molf-pathology/conch_molf_production/st/NCBI593.h5ad	PASS	706
train	MISC40	/data/cat/ws/rzmi154h-molf-pathology/conch_molf_production/embeddings/MISC40_embeddings.pt	/data/cat/ws/rzmi154h-molf-pathology/conch_molf_production/patch_meta/MISC40.h5	/data/cat/ws/rzmi154h-molf-pathology/conch_molf_production/st/MISC40.h5ad	PASS	4102
train	TENX14	/data/cat/ws/rzmi154h-molf-pathology/conch_molf_production/embeddings/TENX14_embeddings.pt	/data/cat/ws/rzmi154h-molf-pathology/conch_molf_production/patch_meta/TENX14.h5	/data/cat/ws/rzmi154h-molf-pathology/conch_molf_production/st/TENX14.h5ad	PASS	4015
train	NCBI3	/data/cat/ws/rzmi154h-molf-pathology/conch_molf_production/embeddings/NCBI3_embeddings.pt	/data/cat/ws/rzmi154h-molf-pathology/conch_molf_production/patch_meta/NCBI3.h5	/data/cat/ws/rzmi154h-molf-pathology/conch_molf_production/st/NCBI3.h5ad	PASS	571
train	NCBI698	/data/cat/ws/rzmi154h-molf-pathology/conch_molf_production/embeddings/NCBI698_embeddings.pt	/data/cat/ws/rzmi154h-molf-pathology/conch_molf_production/patch_meta/NCBI698.h5	/data/cat/ws/rzmi154h-molf-pathology/conch_molf_production/st/NCBI698.h5ad	PASS	405
train	NCBI861	/data/cat/ws/rzmi154h-molf-pathology/conch_molf_production/embeddings/NCBI861_embeddings.pt	/data/cat/ws/rzmi154h-molf-pathology/conch_molf_production/patch_meta/NCBI861.h5	/data/cat/ws/rzmi154h-molf-pathology/conch_molf_production/st/NCBI861.h5ad	PASS	712
train	SPA147	/data/cat/ws/rzmi154h-molf-pathology/conch_molf_production/embeddings/SPA147_embeddings.pt	/data/cat/ws/rzmi154h-molf-pathology/conch_molf_production/patch_meta/SPA147.h5	/data/cat/ws/rzmi154h-molf-pathology/conch_molf_production/st/SPA147.h5ad	PASS	269
train	INT27	/data/cat/ws/rzmi154h-molf-pathology/conch_molf_production/embeddings/INT27_embeddings.pt	/data/cat/ws/rzmi154h-molf-pathology/conch_molf_production/patch_meta/INT27.h5	/data/cat/ws/rzmi154h-molf-pathology/conch_molf_production/st/INT27.h5ad	PASS	4164
train	NCBI855	/data/cat/ws/rzmi154h-molf-pathology/conch_molf_production/embeddings/NCBI855_embeddings.pt	/data/cat/ws/rzmi154h-molf-pathology/conch_molf_production/patch_meta/NCBI855.h5	/data/cat/ws/rzmi154h-molf-pathology/conch_molf_production/st/NCBI855.h5ad	PASS	1430
train	MEND65	/data/cat/ws/rzmi154h-molf-pathology/conch_molf_production/embeddings/MEND65_embeddings.pt	/data/cat/ws/rzmi154h-molf-pathology/conch_molf_production/patch_meta/MEND65.h5	/data/cat/ws/rzmi154h-molf-pathology/conch_molf_production/st/MEND65.h5ad	PASS	1301
train	MEND45	/data/cat/ws/rzmi154h-molf-pathology/conch_molf_production/embeddings/MEND45_embeddings.pt	/data/cat/ws/rzmi154h-molf-pathology/conch_molf_production/patch_meta/MEND45.h5	/data/cat/ws/rzmi154h-molf-pathology/conch_molf_production/st/MEND45.h5ad	PASS	444
train	SPA129	/data/cat/ws/rzmi154h-molf-pathology/conch_molf_production/embeddings/SPA129_embeddings.pt	/data/cat/ws/rzmi154h-molf-pathology/conch_molf_production/patch_meta/SPA129.h5	/data/cat/ws/rzmi154h-molf-pathology/conch_molf_production/st/SPA129.h5ad	PASS	572
train	NCBI884	/data/cat/ws/rzmi154h-molf-pathology/conch_molf_production/embeddings/NCBI884_embeddings.pt	/data/cat/ws/rzmi154h-molf-pathology/conch_molf_production/patch_meta/NCBI884.h5	/data/cat/ws/rzmi154h-molf-pathology/conch_molf_production/st/NCBI884.h5ad	PASS	1037
train	MISC68	/data/cat/ws/rzmi154h-molf-pathology/conch_molf_production/embeddings/MISC68_embeddings.pt	/data/cat/ws/rzmi154h-molf-pathology/conch_molf_production/patch_meta/MISC68.h5	/data/cat/ws/rzmi154h-molf-pathology/conch_molf_production/st/MISC68.h5ad	PASS	2708
train	NCBI495	/data/cat/ws/rzmi154h-molf-pathology/conch_molf_production/embeddings/NCBI495_embeddings.pt	/data/cat/ws/rzmi154h-molf-pathology/conch_molf_production/patch_meta/NCBI495.h5	/data/cat/ws/rzmi154h-molf-pathology/conch_molf_production/st/NCBI495.h5ad	PASS	706
train	TENX97	/data/cat/ws/rzmi154h-molf-pathology/conch_molf_production/embeddings/TENX97_embeddings.pt	/data/cat/ws/rzmi154h-molf-pathology/conch_molf_production/patch_meta/TENX97.h5	/data/cat/ws/rzmi154h-molf-pathology/conch_molf_production/st/TENX97.h5ad	PASS	7718
train	TENX72	/data/cat/ws/rzmi154h-molf-pathology/conch_molf_production/embeddings/TENX72_embeddings.pt	/data/cat/ws/rzmi154h-molf-pathology/conch_molf_production/patch_meta/TENX72.h5	/data/cat/ws/rzmi154h-molf-pathology/conch_molf_production/st/TENX72.h5ad	PASS	6167
train	MISC5	/data/cat/ws/rzmi154h-molf-pathology/conch_molf_production/embeddings/MISC5_embeddings.pt	/data/cat/ws/rzmi154h-molf-pathology/conch_molf_production/patch_meta/MISC5.h5	/data/cat/ws/rzmi154h-molf-pathology/conch_molf_production/st/MISC5.h5ad	PASS	4009
train	MISC6	/data/cat/ws/rzmi154h-molf-pathology/conch_molf_production/embeddings/MISC6_embeddings.pt	/data/cat/ws/rzmi154h-molf-pathology/conch_molf_production/patch_meta/MISC6.h5	/data/cat/ws/rzmi154h-molf-pathology/conch_molf_production/st/MISC6.h5ad	PASS	4097
train	TENX49	/data/cat/ws/rzmi154h-molf-pathology/conch_molf_production/embeddings/TENX49_embeddings.pt	/data/cat/ws/rzmi154h-molf-pathology/conch_molf_production/patch_meta/TENX49.h5	/data/cat/ws/rzmi154h-molf-pathology/conch_molf_production/st/TENX49.h5ad	PASS	2657
train	TENX28	/data/cat/ws/rzmi154h-molf-pathology/conch_molf_production/embeddings/TENX28_embeddings.pt	/data/cat/ws/rzmi154h-molf-pathology/conch_molf_production/patch_meta/TENX28.h5	/data/cat/ws/rzmi154h-molf-pathology/conch_molf_production/st/TENX28.h5ad	PASS	3134
train	NCBI701	/data/cat/ws/rzmi154h-molf-pathology/conch_molf_production/embeddings/NCBI701_embeddings.pt	/data/cat/ws/rzmi154h-molf-pathology/conch_molf_production/patch_meta/NCBI701.h5	/data/cat/ws/rzmi154h-molf-pathology/conch_molf_production/st/NCBI701.h5ad	PASS	903
train	NCBI517	/data/cat/ws/rzmi154h-molf-pathology/conch_molf_production/embeddings/NCBI517_embeddings.pt	/data/cat/ws/rzmi154h-molf-pathology/conch_molf_production/patch_meta/NCBI517.h5	/data/cat/ws/rzmi154h-molf-pathology/conch_molf_production/st/NCBI517.h5ad	PASS	546
train	NCBI713	/data/cat/ws/rzmi154h-molf-pathology/conch_molf_production/embeddings/NCBI713_embeddings.pt	/data/cat/ws/rzmi154h-molf-pathology/conch_molf_production/patch_meta/NCBI713.h5	/data/cat/ws/rzmi154h-molf-pathology/conch_molf_production/st/NCBI713.h5ad	PASS	3622
train	NCBI864	/data/cat/ws/rzmi154h-molf-pathology/conch_molf_production/embeddings/NCBI864_embeddings.pt	/data/cat/ws/rzmi154h-molf-pathology/conch_molf_production/patch_meta/NCBI864.h5	/data/cat/ws/rzmi154h-molf-pathology/conch_molf_production/st/NCBI864.h5ad	PASS	1946
train	TENX125	/data/cat/ws/rzmi154h-molf-pathology/conch_molf_production/embeddings/TENX125_embeddings.pt	/data/cat/ws/rzmi154h-molf-pathology/conch_molf_production/patch_meta/TENX125.h5	/data/cat/ws/rzmi154h-molf-pathology/conch_molf_production/st/TENX125.h5ad	PASS	6256
train	MEND3	/data/cat/ws/rzmi154h-molf-pathology/conch_molf_production/embeddings/MEND3_embeddings.pt	/data/cat/ws/rzmi154h-molf-pathology/conch_molf_production/patch_meta/MEND3.h5	/data/cat/ws/rzmi154h-molf-pathology/conch_molf_production/st/MEND3.h5ad	PASS	161
train	MEND40	/data/cat/ws/rzmi154h-molf-pathology/conch_molf_production/embeddings/MEND40_embeddings.pt	/data/cat/ws/rzmi154h-molf-pathology/conch_molf_production/patch_meta/MEND40.h5	/data/cat/ws/rzmi154h-molf-pathology/conch_molf_production/st/MEND40.h5ad	PASS	2782
train	MISC10	/data/cat/ws/rzmi154h-molf-pathology/conch_molf_production/embeddings/MISC10_embeddings.pt	/data/cat/ws/rzmi154h-molf-pathology/conch_molf_production/patch_meta/MISC10.h5	/data/cat/ws/rzmi154h-molf-pathology/conch_molf_production/st/MISC10.h5ad	PASS	4789
train	NCBI640	/data/cat/ws/rzmi154h-molf-pathology/conch_molf_production/embeddings/NCBI640_embeddings.pt	/data/cat/ws/rzmi154h-molf-pathology/conch_molf_production/patch_meta/NCBI640.h5	/data/cat/ws/rzmi154h-molf-pathology/conch_molf_production/st/NCBI640.h5ad	PASS	1953
train	NCBI493	/data/cat/ws/rzmi154h-molf-pathology/conch_molf_production/embeddings/NCBI493_embeddings.pt	/data/cat/ws/rzmi154h-molf-pathology/conch_molf_production/patch_meta/NCBI493.h5	/data/cat/ws/rzmi154h-molf-pathology/conch_molf_production/st/NCBI493.h5ad	PASS	562
train	NCBI592	/data/cat/ws/rzmi154h-molf-pathology/conch_molf_production/embeddings/NCBI592_embeddings.pt	/data/cat/ws/rzmi154h-molf-pathology/conch_molf_production/patch_meta/NCBI592.h5	/data/cat/ws/rzmi154h-molf-pathology/conch_molf_production/st/NCBI592.h5ad	PASS	688
train	NCBI540	/data/cat/ws/rzmi154h-molf-pathology/conch_molf_production/embeddings/NCBI540_embeddings.pt	/data/cat/ws/rzmi154h-molf-pathology/conch_molf_production/patch_meta/NCBI540.h5	/data/cat/ws/rzmi154h-molf-pathology/conch_molf_production/st/NCBI540.h5ad	PASS	359
train	NCBI695	/data/cat/ws/rzmi154h-molf-pathology/conch_molf_production/embeddings/NCBI695_embeddings.pt	/data/cat/ws/rzmi154h-molf-pathology/conch_molf_production/patch_meta/NCBI695.h5	/data/cat/ws/rzmi154h-molf-pathology/conch_molf_production/st/NCBI695.h5ad	PASS	671
train	MEND47	/data/cat/ws/rzmi154h-molf-pathology/conch_molf_production/embeddings/MEND47_embeddings.pt	/data/cat/ws/rzmi154h-molf-pathology/conch_molf_production/patch_meta/MEND47.h5	/data/cat/ws/rzmi154h-molf-pathology/conch_molf_production/st/MEND47.h5ad	PASS	525
train	NCBI768	/data/cat/ws/rzmi154h-molf-pathology/conch_molf_production/embeddings/NCBI768_embeddings.pt	/data/cat/ws/rzmi154h-molf-pathology/conch_molf_production/patch_meta/NCBI768.h5	/data/cat/ws/rzmi154h-molf-pathology/conch_molf_production/st/NCBI768.h5ad	PASS	635
train	MISC2	/data/cat/ws/rzmi154h-molf-pathology/conch_molf_production/embeddings/MISC2_embeddings.pt	/data/cat/ws/rzmi154h-molf-pathology/conch_molf_production/patch_meta/MISC2.h5	/data/cat/ws/rzmi154h-molf-pathology/conch_molf_production/st/MISC2.h5ad	PASS	3571
train	SPA2	/data/cat/ws/rzmi154h-molf-pathology/conch_molf_production/embeddings/SPA2_embeddings.pt	/data/cat/ws/rzmi154h-molf-pathology/conch_molf_production/patch_meta/SPA2.h5	/data/cat/ws/rzmi154h-molf-pathology/conch_molf_production/st/SPA2.h5ad	PASS	251
train	TENX96	/data/cat/ws/rzmi154h-molf-pathology/conch_molf_production/embeddings/TENX96_embeddings.pt	/data/cat/ws/rzmi154h-molf-pathology/conch_molf_production/patch_meta/TENX96.h5	/data/cat/ws/rzmi154h-molf-pathology/conch_molf_production/st/TENX96.h5ad	PASS	6177
train	NCBI710	/data/cat/ws/rzmi154h-molf-pathology/conch_molf_production/embeddings/NCBI710_embeddings.pt	/data/cat/ws/rzmi154h-molf-pathology/conch_molf_production/patch_meta/NCBI710.h5	/data/cat/ws/rzmi154h-molf-pathology/conch_molf_production/st/NCBI710.h5ad	PASS	951
train	MEND17	/data/cat/ws/rzmi154h-molf-pathology/conch_molf_production/embeddings/MEND17_embeddings.pt	/data/cat/ws/rzmi154h-molf-pathology/conch_molf_production/patch_meta/MEND17.h5	/data/cat/ws/rzmi154h-molf-pathology/conch_molf_production/st/MEND17.h5ad	PASS	260
train	MEND95	/data/cat/ws/rzmi154h-molf-pathology/conch_molf_production/embeddings/MEND95_embeddings.pt	/data/cat/ws/rzmi154h-molf-pathology/conch_molf_production/patch_meta/MEND95.h5	/data/cat/ws/rzmi154h-molf-pathology/conch_molf_production/st/MEND95.h5ad	PASS	1543
train	ZEN43	/data/cat/ws/rzmi154h-molf-pathology/conch_molf_production/embeddings/ZEN43_embeddings.pt	/data/cat/ws/rzmi154h-molf-pathology/conch_molf_production/patch_meta/ZEN43.h5	/data/cat/ws/rzmi154h-molf-pathology/conch_molf_production/st/ZEN43.h5ad	PASS	691
train	MISC60	/data/cat/ws/rzmi154h-molf-pathology/conch_molf_production/embeddings/MISC60_embeddings.pt	/data/cat/ws/rzmi154h-molf-pathology/conch_molf_production/patch_meta/MISC60.h5	/data/cat/ws/rzmi154h-molf-pathology/conch_molf_production/st/MISC60.h5ad	PASS	993
train	NCBI860	/data/cat/ws/rzmi154h-molf-pathology/conch_molf_production/embeddings/NCBI860_embeddings.pt	/data/cat/ws/rzmi154h-molf-pathology/conch_molf_production/patch_meta/NCBI860.h5	/data/cat/ws/rzmi154h-molf-pathology/conch_molf_production/st/NCBI860.h5ad	PASS	639
train	TENX91	/data/cat/ws/rzmi154h-molf-pathology/conch_molf_production/embeddings/TENX91_embeddings.pt	/data/cat/ws/rzmi154h-molf-pathology/conch_molf_production/patch_meta/TENX91.h5	/data/cat/ws/rzmi154h-molf-pathology/conch_molf_production/st/TENX91.h5ad	PASS	5943
train	INT19	/data/cat/ws/rzmi154h-molf-pathology/conch_molf_production/embeddings/INT19_embeddings.pt	/data/cat/ws/rzmi154h-molf-pathology/conch_molf_production/patch_meta/INT19.h5	/data/cat/ws/rzmi154h-molf-pathology/conch_molf_production/st/INT19.h5ad	PASS	4948
train	NCBI572	/data/cat/ws/rzmi154h-molf-pathology/conch_molf_production/embeddings/NCBI572_embeddings.pt	/data/cat/ws/rzmi154h-molf-pathology/conch_molf_production/patch_meta/NCBI572.h5	/data/cat/ws/rzmi154h-molf-pathology/conch_molf_production/st/NCBI572.h5ad	PASS	3789
train	NCBI601	/data/cat/ws/rzmi154h-molf-pathology/conch_molf_production/embeddings/NCBI601_embeddings.pt	/data/cat/ws/rzmi154h-molf-pathology/conch_molf_production/patch_meta/NCBI601.h5	/data/cat/ws/rzmi154h-molf-pathology/conch_molf_production/st/NCBI601.h5ad	PASS	1464
train	NCBI858	/data/cat/ws/rzmi154h-molf-pathology/conch_molf_production/embeddings/NCBI858_embeddings.pt	/data/cat/ws/rzmi154h-molf-pathology/conch_molf_production/patch_meta/NCBI858.h5	/data/cat/ws/rzmi154h-molf-pathology/conch_molf_production/st/NCBI858.h5ad	PASS	582
train	NCBI535	/data/cat/ws/rzmi154h-molf-pathology/conch_molf_production/embeddings/NCBI535_embeddings.pt	/data/cat/ws/rzmi154h-molf-pathology/conch_molf_production/patch_meta/NCBI535.h5	/data/cat/ws/rzmi154h-molf-pathology/conch_molf_production/st/NCBI535.h5ad	PASS	431
train	INT5	/data/cat/ws/rzmi154h-molf-pathology/conch_molf_production/embeddings/INT5_embeddings.pt	/data/cat/ws/rzmi154h-molf-pathology/conch_molf_production/patch_meta/INT5.h5	/data/cat/ws/rzmi154h-molf-pathology/conch_molf_production/st/INT5.h5ad	PASS	1158
train	MISC67	/data/cat/ws/rzmi154h-molf-pathology/conch_molf_production/embeddings/MISC67_embeddings.pt	/data/cat/ws/rzmi154h-molf-pathology/conch_molf_production/patch_meta/MISC67.h5	/data/cat/ws/rzmi154h-molf-pathology/conch_molf_production/st/MISC67.h5ad	PASS	2523
train	SPA149	/data/cat/ws/rzmi154h-molf-pathology/conch_molf_production/embeddings/SPA149_embeddings.pt	/data/cat/ws/rzmi154h-molf-pathology/conch_molf_production/patch_meta/SPA149.h5	/data/cat/ws/rzmi154h-molf-pathology/conch_molf_production/st/SPA149.h5ad	PASS	360
train	MISC48	/data/cat/ws/rzmi154h-molf-pathology/conch_molf_production/embeddings/MISC48_embeddings.pt	/data/cat/ws/rzmi154h-molf-pathology/conch_molf_production/patch_meta/MISC48.h5	/data/cat/ws/rzmi154h-molf-pathology/conch_molf_production/st/MISC48.h5ad	PASS	3567
train	TENX155	/data/cat/ws/rzmi154h-molf-pathology/conch_molf_production/embeddings/TENX155_embeddings.pt	/data/cat/ws/rzmi154h-molf-pathology/conch_molf_production/patch_meta/TENX155.h5	/data/cat/ws/rzmi154h-molf-pathology/conch_molf_production/st/TENX155.h5ad	PASS	2117
train	MEND139	/data/cat/ws/rzmi154h-molf-pathology/conch_molf_production/embeddings/MEND139_embeddings.pt	/data/cat/ws/rzmi154h-molf-pathology/conch_molf_production/patch_meta/MEND139.h5	/data/cat/ws/rzmi154h-molf-pathology/conch_molf_production/st/MEND139.h5ad	PASS	3741
train	MEND88	/data/cat/ws/rzmi154h-molf-pathology/conch_molf_production/embeddings/MEND88_embeddings.pt	/data/cat/ws/rzmi154h-molf-pathology/conch_molf_production/patch_meta/MEND88.h5	/data/cat/ws/rzmi154h-molf-pathology/conch_molf_production/st/MEND88.h5ad	PASS	895
train	MISC1	/data/cat/ws/rzmi154h-molf-pathology/conch_molf_production/embeddings/MISC1_embeddings.pt	/data/cat/ws/rzmi154h-molf-pathology/conch_molf_production/patch_meta/MISC1.h5	/data/cat/ws/rzmi154h-molf-pathology/conch_molf_production/st/MISC1.h5ad	PASS	3452
train	TENX92	/data/cat/ws/rzmi154h-molf-pathology/conch_molf_production/embeddings/TENX92_embeddings.pt	/data/cat/ws/rzmi154h-molf-pathology/conch_molf_production/patch_meta/TENX92.h5	/data/cat/ws/rzmi154h-molf-pathology/conch_molf_production/st/TENX92.h5ad	PASS	5968
train	MEND86	/data/cat/ws/rzmi154h-molf-pathology/conch_molf_production/embeddings/MEND86_embeddings.pt	/data/cat/ws/rzmi154h-molf-pathology/conch_molf_production/patch_meta/MEND86.h5	/data/cat/ws/rzmi154h-molf-pathology/conch_molf_production/st/MEND86.h5ad	PASS	2398
train	NCBI690	/data/cat/ws/rzmi154h-molf-pathology/conch_molf_production/embeddings/NCBI690_embeddings.pt	/data/cat/ws/rzmi154h-molf-pathology/conch_molf_production/patch_meta/NCBI690.h5	/data/cat/ws/rzmi154h-molf-pathology/conch_molf_production/st/NCBI690.h5ad	PASS	1945
train	MISC19	/data/cat/ws/rzmi154h-molf-pathology/conch_molf_production/embeddings/MISC19_embeddings.pt	/data/cat/ws/rzmi154h-molf-pathology/conch_molf_production/patch_meta/MISC19.h5	/data/cat/ws/rzmi154h-molf-pathology/conch_molf_production/st/MISC19.h5ad	PASS	2422
train	TENX98	/data/cat/ws/rzmi154h-molf-pathology/conch_molf_production/embeddings/TENX98_embeddings.pt	/data/cat/ws/rzmi154h-molf-pathology/conch_molf_production/patch_meta/TENX98.h5	/data/cat/ws/rzmi154h-molf-pathology/conch_molf_production/st/TENX98.h5ad	PASS	20289
train	NCBI856	/data/cat/ws/rzmi154h-molf-pathology/conch_molf_production/embeddings/NCBI856_embeddings.pt	/data/cat/ws/rzmi154h-molf-pathology/conch_molf_production/patch_meta/NCBI856.h5	/data/cat/ws/rzmi154h-molf-pathology/conch_molf_production/st/NCBI856.h5ad	PASS	947
train	TENX114	/data/cat/ws/rzmi154h-molf-pathology/conch_molf_production/embeddings/TENX114_embeddings.pt	/data/cat/ws/rzmi154h-molf-pathology/conch_molf_production/patch_meta/TENX114.h5	/data/cat/ws/rzmi154h-molf-pathology/conch_molf_production/st/TENX114.h5ad	PASS	4403
train	MISC23	/data/cat/ws/rzmi154h-molf-pathology/conch_molf_production/embeddings/MISC23_embeddings.pt	/data/cat/ws/rzmi154h-molf-pathology/conch_molf_production/patch_meta/MISC23.h5	/data/cat/ws/rzmi154h-molf-pathology/conch_molf_production/st/MISC23.h5ad	PASS	430
train	TENX139	/data/cat/ws/rzmi154h-molf-pathology/conch_molf_production/embeddings/TENX139_embeddings.pt	/data/cat/ws/rzmi154h-molf-pathology/conch_molf_production/patch_meta/TENX139.h5	/data/cat/ws/rzmi154h-molf-pathology/conch_molf_production/st/TENX139.h5ad	PASS	3368
train	NCBI828	/data/cat/ws/rzmi154h-molf-pathology/conch_molf_production/embeddings/NCBI828_embeddings.pt	/data/cat/ws/rzmi154h-molf-pathology/conch_molf_production/patch_meta/NCBI828.h5	/data/cat/ws/rzmi154h-molf-pathology/conch_molf_production/st/NCBI828.h5ad	PASS	2703
train	ZEN44	/data/cat/ws/rzmi154h-molf-pathology/conch_molf_production/embeddings/ZEN44_embeddings.pt	/data/cat/ws/rzmi154h-molf-pathology/conch_molf_production/patch_meta/ZEN44.h5	/data/cat/ws/rzmi154h-molf-pathology/conch_molf_production/st/ZEN44.h5ad	PASS	1048
train	NCBI483	/data/cat/ws/rzmi154h-molf-pathology/conch_molf_production/embeddings/NCBI483_embeddings.pt	/data/cat/ws/rzmi154h-molf-pathology/conch_molf_production/patch_meta/NCBI483.h5	/data/cat/ws/rzmi154h-molf-pathology/conch_molf_production/st/NCBI483.h5ad	PASS	923
train	MISC52	/data/cat/ws/rzmi154h-molf-pathology/conch_molf_production/embeddings/MISC52_embeddings.pt	/data/cat/ws/rzmi154h-molf-pathology/conch_molf_production/patch_meta/MISC52.h5	/data/cat/ws/rzmi154h-molf-pathology/conch_molf_production/st/MISC52.h5ad	PASS	215
train	NCBI764	/data/cat/ws/rzmi154h-molf-pathology/conch_molf_production/embeddings/NCBI764_embeddings.pt	/data/cat/ws/rzmi154h-molf-pathology/conch_molf_production/patch_meta/NCBI764.h5	/data/cat/ws/rzmi154h-molf-pathology/conch_molf_production/st/NCBI764.h5ad	PASS	964
train	NCBI519	/data/cat/ws/rzmi154h-molf-pathology/conch_molf_production/embeddings/NCBI519_embeddings.pt	/data/cat/ws/rzmi154h-molf-pathology/conch_molf_production/patch_meta/NCBI519.h5	/data/cat/ws/rzmi154h-molf-pathology/conch_molf_production/st/NCBI519.h5ad	PASS	523
train	MISC9	/data/cat/ws/rzmi154h-molf-pathology/conch_molf_production/embeddings/MISC9_embeddings.pt	/data/cat/ws/rzmi154h-molf-pathology/conch_molf_production/patch_meta/MISC9.h5	/data/cat/ws/rzmi154h-molf-pathology/conch_molf_production/st/MISC9.h5ad	PASS	4634
train	MEND33	/data/cat/ws/rzmi154h-molf-pathology/conch_molf_production/embeddings/MEND33_embeddings.pt	/data/cat/ws/rzmi154h-molf-pathology/conch_molf_production/patch_meta/MEND33.h5	/data/cat/ws/rzmi154h-molf-pathology/conch_molf_production/st/MEND33.h5ad	PASS	3271
train	SPA123	/data/cat/ws/rzmi154h-molf-pathology/conch_molf_production/embeddings/SPA123_embeddings.pt	/data/cat/ws/rzmi154h-molf-pathology/conch_molf_production/patch_meta/SPA123.h5	/data/cat/ws/rzmi154h-molf-pathology/conch_molf_production/st/SPA123.h5ad	PASS	462
train	MISC22	/data/cat/ws/rzmi154h-molf-pathology/conch_molf_production/embeddings/MISC22_embeddings.pt	/data/cat/ws/rzmi154h-molf-pathology/conch_molf_production/patch_meta/MISC22.h5	/data/cat/ws/rzmi154h-molf-pathology/conch_molf_production/st/MISC22.h5ad	PASS	2532
train	TENX16	/data/cat/ws/rzmi154h-molf-pathology/conch_molf_production/embeddings/TENX16_embeddings.pt	/data/cat/ws/rzmi154h-molf-pathology/conch_molf_production/patch_meta/TENX16.h5	/data/cat/ws/rzmi154h-molf-pathology/conch_molf_production/st/TENX16.h5ad	PASS	4034
train	NCBI875	/data/cat/ws/rzmi154h-molf-pathology/conch_molf_production/embeddings/NCBI875_embeddings.pt	/data/cat/ws/rzmi154h-molf-pathology/conch_molf_production/patch_meta/NCBI875.h5	/data/cat/ws/rzmi154h-molf-pathology/conch_molf_production/st/NCBI875.h5ad	PASS	523
train	NCBI702	/data/cat/ws/rzmi154h-molf-pathology/conch_molf_production/embeddings/NCBI702_embeddings.pt	/data/cat/ws/rzmi154h-molf-pathology/conch_molf_production/patch_meta/NCBI702.h5	/data/cat/ws/rzmi154h-molf-pathology/conch_molf_production/st/NCBI702.h5ad	PASS	458
train	MISC46	/data/cat/ws/rzmi154h-molf-pathology/conch_molf_production/embeddings/MISC46_embeddings.pt	/data/cat/ws/rzmi154h-molf-pathology/conch_molf_production/patch_meta/MISC46.h5	/data/cat/ws/rzmi154h-molf-pathology/conch_molf_production/st/MISC46.h5ad	PASS	4508
train	MISC13	/data/cat/ws/rzmi154h-molf-pathology/conch_molf_production/embeddings/MISC13_embeddings.pt	/data/cat/ws/rzmi154h-molf-pathology/conch_molf_production/patch_meta/MISC13.h5	/data/cat/ws/rzmi154h-molf-pathology/conch_molf_production/st/MISC13.h5ad	PASS	1768
train	ZEN46	/data/cat/ws/rzmi154h-molf-pathology/conch_molf_production/embeddings/ZEN46_embeddings.pt	/data/cat/ws/rzmi154h-molf-pathology/conch_molf_production/patch_meta/ZEN46.h5	/data/cat/ws/rzmi154h-molf-pathology/conch_molf_production/st/ZEN46.h5ad	PASS	1803
train	MISC56	/data/cat/ws/rzmi154h-molf-pathology/conch_molf_production/embeddings/MISC56_embeddings.pt	/data/cat/ws/rzmi154h-molf-pathology/conch_molf_production/patch_meta/MISC56.h5	/data/cat/ws/rzmi154h-molf-pathology/conch_molf_production/st/MISC56.h5ad	PASS	3386
train	INT25	/data/cat/ws/rzmi154h-molf-pathology/conch_molf_production/embeddings/INT25_embeddings.pt	/data/cat/ws/rzmi154h-molf-pathology/conch_molf_production/patch_meta/INT25.h5	/data/cat/ws/rzmi154h-molf-pathology/conch_molf_production/st/INT25.h5ad	PASS	3687
train	INT11	/data/cat/ws/rzmi154h-molf-pathology/conch_molf_production/embeddings/INT11_embeddings.pt	/data/cat/ws/rzmi154h-molf-pathology/conch_molf_production/patch_meta/INT11.h5	/data/cat/ws/rzmi154h-molf-pathology/conch_molf_production/st/INT11.h5ad	PASS	1400
train	INT2	/data/cat/ws/rzmi154h-molf-pathology/conch_molf_production/embeddings/INT2_embeddings.pt	/data/cat/ws/rzmi154h-molf-pathology/conch_molf_production/patch_meta/INT2.h5	/data/cat/ws/rzmi154h-molf-pathology/conch_molf_production/st/INT2.h5ad	PASS	2541
train	NCBI602	/data/cat/ws/rzmi154h-molf-pathology/conch_molf_production/embeddings/NCBI602_embeddings.pt	/data/cat/ws/rzmi154h-molf-pathology/conch_molf_production/patch_meta/NCBI602.h5	/data/cat/ws/rzmi154h-molf-pathology/conch_molf_production/st/NCBI602.h5ad	PASS	976
train	TENX133	/data/cat/ws/rzmi154h-molf-pathology/conch_molf_production/embeddings/TENX133_embeddings.pt	/data/cat/ws/rzmi154h-molf-pathology/conch_molf_production/patch_meta/TENX133.h5	/data/cat/ws/rzmi154h-molf-pathology/conch_molf_production/st/TENX133.h5ad	PASS	1377
train	SPA119	/data/cat/ws/rzmi154h-molf-pathology/conch_molf_production/embeddings/SPA119_embeddings.pt	/data/cat/ws/rzmi154h-molf-pathology/conch_molf_production/patch_meta/SPA119.h5	/data/cat/ws/rzmi154h-molf-pathology/conch_molf_production/st/SPA119.h5ad	PASS	510
train	NCBI829	/data/cat/ws/rzmi154h-molf-pathology/conch_molf_production/embeddings/NCBI829_embeddings.pt	/data/cat/ws/rzmi154h-molf-pathology/conch_molf_production/patch_meta/NCBI829.h5	/data/cat/ws/rzmi154h-molf-pathology/conch_molf_production/st/NCBI829.h5ad	PASS	4467
train	SPA134	/data/cat/ws/rzmi154h-molf-pathology/conch_molf_production/embeddings/SPA134_embeddings.pt	/data/cat/ws/rzmi154h-molf-pathology/conch_molf_production/patch_meta/SPA134.h5	/data/cat/ws/rzmi154h-molf-pathology/conch_molf_production/st/SPA134.h5ad	PASS	301
train	MEND14	/data/cat/ws/rzmi154h-molf-pathology/conch_molf_production/embeddings/MEND14_embeddings.pt	/data/cat/ws/rzmi154h-molf-pathology/conch_molf_production/patch_meta/MEND14.h5	/data/cat/ws/rzmi154h-molf-pathology/conch_molf_production/st/MEND14.h5ad	PASS	161
train	MEND59	/data/cat/ws/rzmi154h-molf-pathology/conch_molf_production/embeddings/MEND59_embeddings.pt	/data/cat/ws/rzmi154h-molf-pathology/conch_molf_production/patch_meta/MEND59.h5	/data/cat/ws/rzmi154h-molf-pathology/conch_molf_production/st/MEND59.h5ad	PASS	3832
train	NCBI563	/data/cat/ws/rzmi154h-molf-pathology/conch_molf_production/embeddings/NCBI563_embeddings.pt	/data/cat/ws/rzmi154h-molf-pathology/conch_molf_production/patch_meta/NCBI563.h5	/data/cat/ws/rzmi154h-molf-pathology/conch_molf_production/st/NCBI563.h5ad	PASS	1344
train	NCBI509	/data/cat/ws/rzmi154h-molf-pathology/conch_molf_production/embeddings/NCBI509_embeddings.pt	/data/cat/ws/rzmi154h-molf-pathology/conch_molf_production/patch_meta/NCBI509.h5	/data/cat/ws/rzmi154h-molf-pathology/conch_molf_production/st/NCBI509.h5ad	PASS	760
train	NCBI536	/data/cat/ws/rzmi154h-molf-pathology/conch_molf_production/embeddings/NCBI536_embeddings.pt	/data/cat/ws/rzmi154h-molf-pathology/conch_molf_production/patch_meta/NCBI536.h5	/data/cat/ws/rzmi154h-molf-pathology/conch_molf_production/st/NCBI536.h5ad	PASS	444
train	NCBI568	/data/cat/ws/rzmi154h-molf-pathology/conch_molf_production/embeddings/NCBI568_embeddings.pt	/data/cat/ws/rzmi154h-molf-pathology/conch_molf_production/patch_meta/NCBI568.h5	/data/cat/ws/rzmi154h-molf-pathology/conch_molf_production/st/NCBI568.h5ad	PASS	2391
train	ZEN37	/data/cat/ws/rzmi154h-molf-pathology/conch_molf_production/embeddings/ZEN37_embeddings.pt	/data/cat/ws/rzmi154h-molf-pathology/conch_molf_production/patch_meta/ZEN37.h5	/data/cat/ws/rzmi154h-molf-pathology/conch_molf_production/st/ZEN37.h5ad	PASS	1656
train	NCBI714	/data/cat/ws/rzmi154h-molf-pathology/conch_molf_production/embeddings/NCBI714_embeddings.pt	/data/cat/ws/rzmi154h-molf-pathology/conch_molf_production/patch_meta/NCBI714.h5	/data/cat/ws/rzmi154h-molf-pathology/conch_molf_production/st/NCBI714.h5ad	PASS	3003
train	NCBI642	/data/cat/ws/rzmi154h-molf-pathology/conch_molf_production/embeddings/NCBI642_embeddings.pt	/data/cat/ws/rzmi154h-molf-pathology/conch_molf_production/patch_meta/NCBI642.h5	/data/cat/ws/rzmi154h-molf-pathology/conch_molf_production/st/NCBI642.h5ad	PASS	1961
train	MISC66	/data/cat/ws/rzmi154h-molf-pathology/conch_molf_production/embeddings/MISC66_embeddings.pt	/data/cat/ws/rzmi154h-molf-pathology/conch_molf_production/patch_meta/MISC66.h5	/data/cat/ws/rzmi154h-molf-pathology/conch_molf_production/st/MISC66.h5ad	PASS	3946
train	NCBI481	/data/cat/ws/rzmi154h-molf-pathology/conch_molf_production/embeddings/NCBI481_embeddings.pt	/data/cat/ws/rzmi154h-molf-pathology/conch_molf_production/patch_meta/NCBI481.h5	/data/cat/ws/rzmi154h-molf-pathology/conch_molf_production/st/NCBI481.h5ad	PASS	649
train	SPA148	/data/cat/ws/rzmi154h-molf-pathology/conch_molf_production/embeddings/SPA148_embeddings.pt	/data/cat/ws/rzmi154h-molf-pathology/conch_molf_production/patch_meta/SPA148.h5	/data/cat/ws/rzmi154h-molf-pathology/conch_molf_production/st/SPA148.h5ad	PASS	295
train	NCBI641	/data/cat/ws/rzmi154h-molf-pathology/conch_molf_production/embeddings/NCBI641_embeddings.pt	/data/cat/ws/rzmi154h-molf-pathology/conch_molf_production/patch_meta/NCBI641.h5	/data/cat/ws/rzmi154h-molf-pathology/conch_molf_production/st/NCBI641.h5ad	PASS	2233
train	MISC59	/data/cat/ws/rzmi154h-molf-pathology/conch_molf_production/embeddings/MISC59_embeddings.pt	/data/cat/ws/rzmi154h-molf-pathology/conch_molf_production/patch_meta/MISC59.h5	/data/cat/ws/rzmi154h-molf-pathology/conch_molf_production/st/MISC59.h5ad	PASS	1287
train	MEND62	/data/cat/ws/rzmi154h-molf-pathology/conch_molf_production/embeddings/MEND62_embeddings.pt	/data/cat/ws/rzmi154h-molf-pathology/conch_molf_production/patch_meta/MEND62.h5	/data/cat/ws/rzmi154h-molf-pathology/conch_molf_production/st/MEND62.h5ad	PASS	3650
train	MISC44	/data/cat/ws/rzmi154h-molf-pathology/conch_molf_production/embeddings/MISC44_embeddings.pt	/data/cat/ws/rzmi154h-molf-pathology/conch_molf_production/patch_meta/MISC44.h5	/data/cat/ws/rzmi154h-molf-pathology/conch_molf_production/st/MISC44.h5ad	PASS	897
train	NCBI638	/data/cat/ws/rzmi154h-molf-pathology/conch_molf_production/embeddings/NCBI638_embeddings.pt	/data/cat/ws/rzmi154h-molf-pathology/conch_molf_production/patch_meta/NCBI638.h5	/data/cat/ws/rzmi154h-molf-pathology/conch_molf_production/st/NCBI638.h5ad	PASS	3059
train	INT7	/data/cat/ws/rzmi154h-molf-pathology/conch_molf_production/embeddings/INT7_embeddings.pt	/data/cat/ws/rzmi154h-molf-pathology/conch_molf_production/patch_meta/INT7.h5	/data/cat/ws/rzmi154h-molf-pathology/conch_molf_production/st/INT7.h5ad	PASS	2361
train	MISC71	/data/cat/ws/rzmi154h-molf-pathology/conch_molf_production/embeddings/MISC71_embeddings.pt	/data/cat/ws/rzmi154h-molf-pathology/conch_molf_production/patch_meta/MISC71.h5	/data/cat/ws/rzmi154h-molf-pathology/conch_molf_production/st/MISC71.h5ad	PASS	2984
train	MISC15	/data/cat/ws/rzmi154h-molf-pathology/conch_molf_production/embeddings/MISC15_embeddings.pt	/data/cat/ws/rzmi154h-molf-pathology/conch_molf_production/patch_meta/MISC15.h5	/data/cat/ws/rzmi154h-molf-pathology/conch_molf_production/st/MISC15.h5ad	PASS	2497
train	NCBI516	/data/cat/ws/rzmi154h-molf-pathology/conch_molf_production/embeddings/NCBI516_embeddings.pt	/data/cat/ws/rzmi154h-molf-pathology/conch_molf_production/patch_meta/NCBI516.h5	/data/cat/ws/rzmi154h-molf-pathology/conch_molf_production/st/NCBI516.h5ad	PASS	448
train	NCBI696	/data/cat/ws/rzmi154h-molf-pathology/conch_molf_production/embeddings/NCBI696_embeddings.pt	/data/cat/ws/rzmi154h-molf-pathology/conch_molf_production/patch_meta/NCBI696.h5	/data/cat/ws/rzmi154h-molf-pathology/conch_molf_production/st/NCBI696.h5ad	PASS	645
train	NCBI460	/data/cat/ws/rzmi154h-molf-pathology/conch_molf_production/embeddings/NCBI460_embeddings.pt	/data/cat/ws/rzmi154h-molf-pathology/conch_molf_production/patch_meta/NCBI460.h5	/data/cat/ws/rzmi154h-molf-pathology/conch_molf_production/st/NCBI460.h5ad	PASS	1931
train	MEND19	/data/cat/ws/rzmi154h-molf-pathology/conch_molf_production/embeddings/MEND19_embeddings.pt	/data/cat/ws/rzmi154h-molf-pathology/conch_molf_production/patch_meta/MEND19.h5	/data/cat/ws/rzmi154h-molf-pathology/conch_molf_production/st/MEND19.h5ad	PASS	155
train	MEND9	/data/cat/ws/rzmi154h-molf-pathology/conch_molf_production/embeddings/MEND9_embeddings.pt	/data/cat/ws/rzmi154h-molf-pathology/conch_molf_production/patch_meta/MEND9.h5	/data/cat/ws/rzmi154h-molf-pathology/conch_molf_production/st/MEND9.h5ad	PASS	177
train	MEND153	/data/cat/ws/rzmi154h-molf-pathology/conch_molf_production/embeddings/MEND153_embeddings.pt	/data/cat/ws/rzmi154h-molf-pathology/conch_molf_production/patch_meta/MEND153.h5	/data/cat/ws/rzmi154h-molf-pathology/conch_molf_production/st/MEND153.h5ad	PASS	1771
train	INT12	data/HEST1K/conch/INT12_embeddings.pt	/data/cat/ws/rzmi154h-molf-pathology/conch_molf_production/patch_meta/INT12.h5	/data/cat/ws/rzmi154h-molf-pathology/conch_molf_production/st/INT12.h5ad	PASS	1450
train	NCBI504	/data/cat/ws/rzmi154h-molf-pathology/conch_molf_production/embeddings/NCBI504_embeddings.pt	/data/cat/ws/rzmi154h-molf-pathology/conch_molf_production/patch_meta/NCBI504.h5	/data/cat/ws/rzmi154h-molf-pathology/conch_molf_production/st/NCBI504.h5ad	PASS	967
train	INT35	/data/cat/ws/rzmi154h-molf-pathology/conch_molf_production/embeddings/INT35_embeddings.pt	/data/cat/ws/rzmi154h-molf-pathology/conch_molf_production/patch_meta/INT35.h5	/data/cat/ws/rzmi154h-molf-pathology/conch_molf_production/st/INT35.h5ad	PASS	3889
train	MISC65	/data/cat/ws/rzmi154h-molf-pathology/conch_molf_production/embeddings/MISC65_embeddings.pt	/data/cat/ws/rzmi154h-molf-pathology/conch_molf_production/patch_meta/MISC65.h5	/data/cat/ws/rzmi154h-molf-pathology/conch_molf_production/st/MISC65.h5ad	PASS	3261
train	NCBI831	/data/cat/ws/rzmi154h-molf-pathology/conch_molf_production/embeddings/NCBI831_embeddings.pt	/data/cat/ws/rzmi154h-molf-pathology/conch_molf_production/patch_meta/NCBI831.h5	/data/cat/ws/rzmi154h-molf-pathology/conch_molf_production/st/NCBI831.h5ad	PASS	1900
train	NCBI691	/data/cat/ws/rzmi154h-molf-pathology/conch_molf_production/embeddings/NCBI691_embeddings.pt	/data/cat/ws/rzmi154h-molf-pathology/conch_molf_production/patch_meta/NCBI691.h5	/data/cat/ws/rzmi154h-molf-pathology/conch_molf_production/st/NCBI691.h5ad	PASS	1365
train	TENX31	/data/cat/ws/rzmi154h-molf-pathology/conch_molf_production/embeddings/TENX31_embeddings.pt	/data/cat/ws/rzmi154h-molf-pathology/conch_molf_production/patch_meta/TENX31.h5	/data/cat/ws/rzmi154h-molf-pathology/conch_molf_production/st/TENX31.h5ad	PASS	3453
train	TENX140	/data/cat/ws/rzmi154h-molf-pathology/conch_molf_production/embeddings/TENX140_embeddings.pt	/data/cat/ws/rzmi154h-molf-pathology/conch_molf_production/patch_meta/TENX140.h5	/data/cat/ws/rzmi154h-molf-pathology/conch_molf_production/st/TENX140.h5ad	PASS	3517
train	MISC41	/data/cat/ws/rzmi154h-molf-pathology/conch_molf_production/embeddings/MISC41_embeddings.pt	/data/cat/ws/rzmi154h-molf-pathology/conch_molf_production/patch_meta/MISC41.h5	/data/cat/ws/rzmi154h-molf-pathology/conch_molf_production/st/MISC41.h5ad	PASS	3638
train	MEND61	/data/cat/ws/rzmi154h-molf-pathology/conch_molf_production/embeddings/MEND61_embeddings.pt	/data/cat/ws/rzmi154h-molf-pathology/conch_molf_production/patch_meta/MEND61.h5	/data/cat/ws/rzmi154h-molf-pathology/conch_molf_production/st/MEND61.h5ad	PASS	4248
train	NCBI467	/data/cat/ws/rzmi154h-molf-pathology/conch_molf_production/embeddings/NCBI467_embeddings.pt	/data/cat/ws/rzmi154h-molf-pathology/conch_molf_production/patch_meta/NCBI467.h5	/data/cat/ws/rzmi154h-molf-pathology/conch_molf_production/st/NCBI467.h5ad	PASS	1851
train	MEND12	/data/cat/ws/rzmi154h-molf-pathology/conch_molf_production/embeddings/MEND12_embeddings.pt	/data/cat/ws/rzmi154h-molf-pathology/conch_molf_production/patch_meta/MEND12.h5	/data/cat/ws/rzmi154h-molf-pathology/conch_molf_production/st/MEND12.h5ad	PASS	189
train	MISC50	/data/cat/ws/rzmi154h-molf-pathology/conch_molf_production/embeddings/MISC50_embeddings.pt	/data/cat/ws/rzmi154h-molf-pathology/conch_molf_production/patch_meta/MISC50.h5	/data/cat/ws/rzmi154h-molf-pathology/conch_molf_production/st/MISC50.h5ad	PASS	4244
train	NCBI468	/data/cat/ws/rzmi154h-molf-pathology/conch_molf_production/embeddings/NCBI468_embeddings.pt	/data/cat/ws/rzmi154h-molf-pathology/conch_molf_production/patch_meta/NCBI468.h5	/data/cat/ws/rzmi154h-molf-pathology/conch_molf_production/st/NCBI468.h5ad	PASS	1904
train	NCBI628	/data/cat/ws/rzmi154h-molf-pathology/conch_molf_production/embeddings/NCBI628_embeddings.pt	/data/cat/ws/rzmi154h-molf-pathology/conch_molf_production/patch_meta/NCBI628.h5	/data/cat/ws/rzmi154h-molf-pathology/conch_molf_production/st/NCBI628.h5ad	PASS	1249
train	SPA122	/data/cat/ws/rzmi154h-molf-pathology/conch_molf_production/embeddings/SPA122_embeddings.pt	/data/cat/ws/rzmi154h-molf-pathology/conch_molf_production/patch_meta/SPA122.h5	/data/cat/ws/rzmi154h-molf-pathology/conch_molf_production/st/SPA122.h5ad	PASS	463
train	INT10	/data/cat/ws/rzmi154h-molf-pathology/conch_molf_production/embeddings/INT10_embeddings.pt	/data/cat/ws/rzmi154h-molf-pathology/conch_molf_production/patch_meta/INT10.h5	/data/cat/ws/rzmi154h-molf-pathology/conch_molf_production/st/INT10.h5ad	PASS	1971
train	NCBI785	/data/cat/ws/rzmi154h-molf-pathology/conch_molf_production/embeddings/NCBI785_embeddings.pt	/data/cat/ws/rzmi154h-molf-pathology/conch_molf_production/patch_meta/NCBI785.h5	/data/cat/ws/rzmi154h-molf-pathology/conch_molf_production/st/NCBI785.h5ad	PASS	4074
train	MISC21	/data/cat/ws/rzmi154h-molf-pathology/conch_molf_production/embeddings/MISC21_embeddings.pt	/data/cat/ws/rzmi154h-molf-pathology/conch_molf_production/patch_meta/MISC21.h5	/data/cat/ws/rzmi154h-molf-pathology/conch_molf_production/st/MISC21.h5ad	PASS	2546
train	MEND5	/data/cat/ws/rzmi154h-molf-pathology/conch_molf_production/embeddings/MEND5_embeddings.pt	/data/cat/ws/rzmi154h-molf-pathology/conch_molf_production/patch_meta/MEND5.h5	/data/cat/ws/rzmi154h-molf-pathology/conch_molf_production/st/MEND5.h5ad	PASS	170
train	NCBI767	/data/cat/ws/rzmi154h-molf-pathology/conch_molf_production/embeddings/NCBI767_embeddings.pt	/data/cat/ws/rzmi154h-molf-pathology/conch_molf_production/patch_meta/NCBI767.h5	/data/cat/ws/rzmi154h-molf-pathology/conch_molf_production/st/NCBI767.h5ad	PASS	590
train	SPA131	/data/cat/ws/rzmi154h-molf-pathology/conch_molf_production/embeddings/SPA131_embeddings.pt	/data/cat/ws/rzmi154h-molf-pathology/conch_molf_production/patch_meta/SPA131.h5	/data/cat/ws/rzmi154h-molf-pathology/conch_molf_production/st/SPA131.h5ad	PASS	315
train	NCBI562	/data/cat/ws/rzmi154h-molf-pathology/conch_molf_production/embeddings/NCBI562_embeddings.pt	/data/cat/ws/rzmi154h-molf-pathology/conch_molf_production/patch_meta/NCBI562.h5	/data/cat/ws/rzmi154h-molf-pathology/conch_molf_production/st/NCBI562.h5ad	PASS	2433
train	TENX134	/data/cat/ws/rzmi154h-molf-pathology/conch_molf_production/embeddings/TENX134_embeddings.pt	/data/cat/ws/rzmi154h-molf-pathology/conch_molf_production/patch_meta/TENX134.h5	/data/cat/ws/rzmi154h-molf-pathology/conch_molf_production/st/TENX134.h5ad	PASS	1358
train	MISC61	/data/cat/ws/rzmi154h-molf-pathology/conch_molf_production/embeddings/MISC61_embeddings.pt	/data/cat/ws/rzmi154h-molf-pathology/conch_molf_production/patch_meta/MISC61.h5	/data/cat/ws/rzmi154h-molf-pathology/conch_molf_production/st/MISC61.h5ad	PASS	1995
train	NCBI510	/data/cat/ws/rzmi154h-molf-pathology/conch_molf_production/embeddings/NCBI510_embeddings.pt	/data/cat/ws/rzmi154h-molf-pathology/conch_molf_production/patch_meta/NCBI510.h5	/data/cat/ws/rzmi154h-molf-pathology/conch_molf_production/st/NCBI510.h5ad	PASS	519
train	NCBI522	/data/cat/ws/rzmi154h-molf-pathology/conch_molf_production/embeddings/NCBI522_embeddings.pt	/data/cat/ws/rzmi154h-molf-pathology/conch_molf_production/patch_meta/NCBI522.h5	/data/cat/ws/rzmi154h-molf-pathology/conch_molf_production/st/NCBI522.h5ad	PASS	582
train	NCBI537	/data/cat/ws/rzmi154h-molf-pathology/conch_molf_production/embeddings/NCBI537_embeddings.pt	/data/cat/ws/rzmi154h-molf-pathology/conch_molf_production/patch_meta/NCBI537.h5	/data/cat/ws/rzmi154h-molf-pathology/conch_molf_production/st/NCBI537.h5ad	PASS	411
train	INT6	/data/cat/ws/rzmi154h-molf-pathology/conch_molf_production/embeddings/INT6_embeddings.pt	/data/cat/ws/rzmi154h-molf-pathology/conch_molf_production/patch_meta/INT6.h5	/data/cat/ws/rzmi154h-molf-pathology/conch_molf_production/st/INT6.h5ad	PASS	1667
train	TENX120	/data/cat/ws/rzmi154h-molf-pathology/conch_molf_production/embeddings/TENX120_embeddings.pt	/data/cat/ws/rzmi154h-molf-pathology/conch_molf_production/patch_meta/TENX120.h5	/data/cat/ws/rzmi154h-molf-pathology/conch_molf_production/st/TENX120.h5ad	PASS	2605
train	NCBI656	/data/cat/ws/rzmi154h-molf-pathology/conch_molf_production/embeddings/NCBI656_embeddings.pt	/data/cat/ws/rzmi154h-molf-pathology/conch_molf_production/patch_meta/NCBI656.h5	/data/cat/ws/rzmi154h-molf-pathology/conch_molf_production/st/NCBI656.h5ad	PASS	4968
train	NCBI697	/data/cat/ws/rzmi154h-molf-pathology/conch_molf_production/embeddings/NCBI697_embeddings.pt	/data/cat/ws/rzmi154h-molf-pathology/conch_molf_production/patch_meta/NCBI697.h5	/data/cat/ws/rzmi154h-molf-pathology/conch_molf_production/st/NCBI697.h5ad	PASS	303
train	MEND85	/data/cat/ws/rzmi154h-molf-pathology/conch_molf_production/embeddings/MEND85_embeddings.pt	/data/cat/ws/rzmi154h-molf-pathology/conch_molf_production/patch_meta/MEND85.h5	/data/cat/ws/rzmi154h-molf-pathology/conch_molf_production/st/MEND85.h5ad	PASS	2132
train	TENX56	/data/cat/ws/rzmi154h-molf-pathology/conch_molf_production/embeddings/TENX56_embeddings.pt	/data/cat/ws/rzmi154h-molf-pathology/conch_molf_production/patch_meta/TENX56.h5	/data/cat/ws/rzmi154h-molf-pathology/conch_molf_production/st/TENX56.h5ad	PASS	4988
train	MEND90	/data/cat/ws/rzmi154h-molf-pathology/conch_molf_production/embeddings/MEND90_embeddings.pt	/data/cat/ws/rzmi154h-molf-pathology/conch_molf_production/patch_meta/MEND90.h5	/data/cat/ws/rzmi154h-molf-pathology/conch_molf_production/st/MEND90.h5ad	PASS	2492
train	SPA145	/data/cat/ws/rzmi154h-molf-pathology/conch_molf_production/embeddings/SPA145_embeddings.pt	/data/cat/ws/rzmi154h-molf-pathology/conch_molf_production/patch_meta/SPA145.h5	/data/cat/ws/rzmi154h-molf-pathology/conch_molf_production/st/SPA145.h5ad	PASS	283
train	MEND93	/data/cat/ws/rzmi154h-molf-pathology/conch_molf_production/embeddings/MEND93_embeddings.pt	/data/cat/ws/rzmi154h-molf-pathology/conch_molf_production/patch_meta/MEND93.h5	/data/cat/ws/rzmi154h-molf-pathology/conch_molf_production/st/MEND93.h5ad	PASS	3741
train	MEND51	/data/cat/ws/rzmi154h-molf-pathology/conch_molf_production/embeddings/MEND51_embeddings.pt	/data/cat/ws/rzmi154h-molf-pathology/conch_molf_production/patch_meta/MEND51.h5	/data/cat/ws/rzmi154h-molf-pathology/conch_molf_production/st/MEND51.h5ad	PASS	411
train	MEND150	/data/cat/ws/rzmi154h-molf-pathology/conch_molf_production/embeddings/MEND150_embeddings.pt	/data/cat/ws/rzmi154h-molf-pathology/conch_molf_production/patch_meta/MEND150.h5	/data/cat/ws/rzmi154h-molf-pathology/conch_molf_production/st/MEND150.h5ad	PASS	1750
train	NCBI571	/data/cat/ws/rzmi154h-molf-pathology/conch_molf_production/embeddings/NCBI571_embeddings.pt	/data/cat/ws/rzmi154h-molf-pathology/conch_molf_production/patch_meta/NCBI571.h5	/data/cat/ws/rzmi154h-molf-pathology/conch_molf_production/st/NCBI571.h5ad	PASS	2495
train	NCBI635	/data/cat/ws/rzmi154h-molf-pathology/conch_molf_production/embeddings/NCBI635_embeddings.pt	/data/cat/ws/rzmi154h-molf-pathology/conch_molf_production/patch_meta/NCBI635.h5	/data/cat/ws/rzmi154h-molf-pathology/conch_molf_production/st/NCBI635.h5ad	PASS	2987
train	TENX153	/data/cat/ws/rzmi154h-molf-pathology/conch_molf_production/embeddings/TENX153_embeddings.pt	/data/cat/ws/rzmi154h-molf-pathology/conch_molf_production/patch_meta/TENX153.h5	/data/cat/ws/rzmi154h-molf-pathology/conch_molf_production/st/TENX153.h5ad	PASS	1899
train	MEND151	/data/cat/ws/rzmi154h-molf-pathology/conch_molf_production/embeddings/MEND151_embeddings.pt	/data/cat/ws/rzmi154h-molf-pathology/conch_molf_production/patch_meta/MEND151.h5	/data/cat/ws/rzmi154h-molf-pathology/conch_molf_production/st/MEND151.h5ad	PASS	2598
train	NCBI591	/data/cat/ws/rzmi154h-molf-pathology/conch_molf_production/embeddings/NCBI591_embeddings.pt	/data/cat/ws/rzmi154h-molf-pathology/conch_molf_production/patch_meta/NCBI591.h5	/data/cat/ws/rzmi154h-molf-pathology/conch_molf_production/st/NCBI591.h5ad	PASS	644
train	SPA139	/data/cat/ws/rzmi154h-molf-pathology/conch_molf_production/embeddings/SPA139_embeddings.pt	/data/cat/ws/rzmi154h-molf-pathology/conch_molf_production/patch_meta/SPA139.h5	/data/cat/ws/rzmi154h-molf-pathology/conch_molf_production/st/SPA139.h5ad	PASS	184
train	MEND18	/data/cat/ws/rzmi154h-molf-pathology/conch_molf_production/embeddings/MEND18_embeddings.pt	/data/cat/ws/rzmi154h-molf-pathology/conch_molf_production/patch_meta/MEND18.h5	/data/cat/ws/rzmi154h-molf-pathology/conch_molf_production/st/MEND18.h5ad	PASS	209
train	MEND148	/data/cat/ws/rzmi154h-molf-pathology/conch_molf_production/embeddings/MEND148_embeddings.pt	/data/cat/ws/rzmi154h-molf-pathology/conch_molf_production/patch_meta/MEND148.h5	/data/cat/ws/rzmi154h-molf-pathology/conch_molf_production/st/MEND148.h5ad	PASS	1624
train	NCBI699	/data/cat/ws/rzmi154h-molf-pathology/conch_molf_production/embeddings/NCBI699_embeddings.pt	/data/cat/ws/rzmi154h-molf-pathology/conch_molf_production/patch_meta/NCBI699.h5	/data/cat/ws/rzmi154h-molf-pathology/conch_molf_production/st/NCBI699.h5ad	PASS	787
train	TENX106	/data/cat/ws/rzmi154h-molf-pathology/conch_molf_production/embeddings/TENX106_embeddings.pt	/data/cat/ws/rzmi154h-molf-pathology/conch_molf_production/patch_meta/TENX106.h5	/data/cat/ws/rzmi154h-molf-pathology/conch_molf_production/st/TENX106.h5ad	PASS	1911
train	MISC32	/data/cat/ws/rzmi154h-molf-pathology/conch_molf_production/embeddings/MISC32_embeddings.pt	/data/cat/ws/rzmi154h-molf-pathology/conch_molf_production/patch_meta/MISC32.h5	/data/cat/ws/rzmi154h-molf-pathology/conch_molf_production/st/MISC32.h5ad	PASS	1820
train	SPA120	/data/cat/ws/rzmi154h-molf-pathology/conch_molf_production/embeddings/SPA120_embeddings.pt	/data/cat/ws/rzmi154h-molf-pathology/conch_molf_production/patch_meta/SPA120.h5	/data/cat/ws/rzmi154h-molf-pathology/conch_molf_production/st/SPA120.h5ad	PASS	602
train	SPA3	/data/cat/ws/rzmi154h-molf-pathology/conch_molf_production/embeddings/SPA3_embeddings.pt	/data/cat/ws/rzmi154h-molf-pathology/conch_molf_production/patch_meta/SPA3.h5	/data/cat/ws/rzmi154h-molf-pathology/conch_molf_production/st/SPA3.h5ad	PASS	254
train	NCBI496	/data/cat/ws/rzmi154h-molf-pathology/conch_molf_production/embeddings/NCBI496_embeddings.pt	/data/cat/ws/rzmi154h-molf-pathology/conch_molf_production/patch_meta/NCBI496.h5	/data/cat/ws/rzmi154h-molf-pathology/conch_molf_production/st/NCBI496.h5ad	PASS	692
train	NCBI653	/data/cat/ws/rzmi154h-molf-pathology/conch_molf_production/embeddings/NCBI653_embeddings.pt	/data/cat/ws/rzmi154h-molf-pathology/conch_molf_production/patch_meta/NCBI653.h5	/data/cat/ws/rzmi154h-molf-pathology/conch_molf_production/st/NCBI653.h5ad	PASS	4609
train	NCBI639	/data/cat/ws/rzmi154h-molf-pathology/conch_molf_production/embeddings/NCBI639_embeddings.pt	/data/cat/ws/rzmi154h-molf-pathology/conch_molf_production/patch_meta/NCBI639.h5	/data/cat/ws/rzmi154h-molf-pathology/conch_molf_production/st/NCBI639.h5ad	PASS	936
train	MEND96	/data/cat/ws/rzmi154h-molf-pathology/conch_molf_production/embeddings/MEND96_embeddings.pt	/data/cat/ws/rzmi154h-molf-pathology/conch_molf_production/patch_meta/MEND96.h5	/data/cat/ws/rzmi154h-molf-pathology/conch_molf_production/st/MEND96.h5ad	PASS	3357
train	TENX71	/data/cat/ws/rzmi154h-molf-pathology/conch_molf_production/embeddings/TENX71_embeddings.pt	/data/cat/ws/rzmi154h-molf-pathology/conch_molf_production/patch_meta/TENX71.h5	/data/cat/ws/rzmi154h-molf-pathology/conch_molf_production/st/TENX71.h5ad	PASS	5896
train	NCBI693	/data/cat/ws/rzmi154h-molf-pathology/conch_molf_production/embeddings/NCBI693_embeddings.pt	/data/cat/ws/rzmi154h-molf-pathology/conch_molf_production/patch_meta/NCBI693.h5	/data/cat/ws/rzmi154h-molf-pathology/conch_molf_production/st/NCBI693.h5ad	PASS	502
train	NCBI771	/data/cat/ws/rzmi154h-molf-pathology/conch_molf_production/embeddings/NCBI771_embeddings.pt	/data/cat/ws/rzmi154h-molf-pathology/conch_molf_production/patch_meta/NCBI771.h5	/data/cat/ws/rzmi154h-molf-pathology/conch_molf_production/st/NCBI771.h5ad	PASS	3525
train	NCBI769	/data/cat/ws/rzmi154h-molf-pathology/conch_molf_production/embeddings/NCBI769_embeddings.pt	/data/cat/ws/rzmi154h-molf-pathology/conch_molf_production/patch_meta/NCBI769.h5	/data/cat/ws/rzmi154h-molf-pathology/conch_molf_production/st/NCBI769.h5ad	PASS	645
train	MISC38	/data/cat/ws/rzmi154h-molf-pathology/conch_molf_production/embeddings/MISC38_embeddings.pt	/data/cat/ws/rzmi154h-molf-pathology/conch_molf_production/patch_meta/MISC38.h5	/data/cat/ws/rzmi154h-molf-pathology/conch_molf_production/st/MISC38.h5ad	PASS	1709
train	TENX40	/data/cat/ws/rzmi154h-molf-pathology/conch_molf_production/embeddings/TENX40_embeddings.pt	/data/cat/ws/rzmi154h-molf-pathology/conch_molf_production/patch_meta/TENX40.h5	/data/cat/ws/rzmi154h-molf-pathology/conch_molf_production/st/TENX40.h5ad	PASS	4371
train	NCBI630	/data/cat/ws/rzmi154h-molf-pathology/conch_molf_production/embeddings/NCBI630_embeddings.pt	/data/cat/ws/rzmi154h-molf-pathology/conch_molf_production/patch_meta/NCBI630.h5	/data/cat/ws/rzmi154h-molf-pathology/conch_molf_production/st/NCBI630.h5ad	PASS	2957
train	NCBI631	/data/cat/ws/rzmi154h-molf-pathology/conch_molf_production/embeddings/NCBI631_embeddings.pt	/data/cat/ws/rzmi154h-molf-pathology/conch_molf_production/patch_meta/NCBI631.h5	/data/cat/ws/rzmi154h-molf-pathology/conch_molf_production/st/NCBI631.h5ad	PASS	2034
train	MEND147	/data/cat/ws/rzmi154h-molf-pathology/conch_molf_production/embeddings/MEND147_embeddings.pt	/data/cat/ws/rzmi154h-molf-pathology/conch_molf_production/patch_meta/MEND147.h5	/data/cat/ws/rzmi154h-molf-pathology/conch_molf_production/st/MEND147.h5ad	PASS	2320
train	MISC7	/data/cat/ws/rzmi154h-molf-pathology/conch_molf_production/embeddings/MISC7_embeddings.pt	/data/cat/ws/rzmi154h-molf-pathology/conch_molf_production/patch_meta/MISC7.h5	/data/cat/ws/rzmi154h-molf-pathology/conch_molf_production/st/MISC7.h5ad	PASS	3485
train	MEND38	/data/cat/ws/rzmi154h-molf-pathology/conch_molf_production/embeddings/MEND38_embeddings.pt	/data/cat/ws/rzmi154h-molf-pathology/conch_molf_production/patch_meta/MEND38.h5	/data/cat/ws/rzmi154h-molf-pathology/conch_molf_production/st/MEND38.h5ad	PASS	2732
train	NCBI498	/data/cat/ws/rzmi154h-molf-pathology/conch_molf_production/embeddings/NCBI498_embeddings.pt	/data/cat/ws/rzmi154h-molf-pathology/conch_molf_production/patch_meta/NCBI498.h5	/data/cat/ws/rzmi154h-molf-pathology/conch_molf_production/st/NCBI498.h5ad	PASS	682
train	ZEN41	/data/cat/ws/rzmi154h-molf-pathology/conch_molf_production/embeddings/ZEN41_embeddings.pt	/data/cat/ws/rzmi154h-molf-pathology/conch_molf_production/patch_meta/ZEN41.h5	/data/cat/ws/rzmi154h-molf-pathology/conch_molf_production/st/ZEN41.h5ad	PASS	1685
train	MISC69	/data/cat/ws/rzmi154h-molf-pathology/conch_molf_production/embeddings/MISC69_embeddings.pt	/data/cat/ws/rzmi154h-molf-pathology/conch_molf_production/patch_meta/MISC69.h5	/data/cat/ws/rzmi154h-molf-pathology/conch_molf_production/st/MISC69.h5ad	PASS	3623
train	MEND2	/data/cat/ws/rzmi154h-molf-pathology/conch_molf_production/embeddings/MEND2_embeddings.pt	/data/cat/ws/rzmi154h-molf-pathology/conch_molf_production/patch_meta/MEND2.h5	/data/cat/ws/rzmi154h-molf-pathology/conch_molf_production/st/MEND2.h5ad	PASS	199
train	NCBI465	/data/cat/ws/rzmi154h-molf-pathology/conch_molf_production/embeddings/NCBI465_embeddings.pt	/data/cat/ws/rzmi154h-molf-pathology/conch_molf_production/patch_meta/NCBI465.h5	/data/cat/ws/rzmi154h-molf-pathology/conch_molf_production/st/NCBI465.h5ad	PASS	708
train	MISC70	/data/cat/ws/rzmi154h-molf-pathology/conch_molf_production/embeddings/MISC70_embeddings.pt	/data/cat/ws/rzmi154h-molf-pathology/conch_molf_production/patch_meta/MISC70.h5	/data/cat/ws/rzmi154h-molf-pathology/conch_molf_production/st/MISC70.h5ad	PASS	3901
train	NCBI673	/data/cat/ws/rzmi154h-molf-pathology/conch_molf_production/embeddings/NCBI673_embeddings.pt	/data/cat/ws/rzmi154h-molf-pathology/conch_molf_production/patch_meta/NCBI673.h5	/data/cat/ws/rzmi154h-molf-pathology/conch_molf_production/st/NCBI673.h5ad	PASS	2446
train	NCBI657	/data/cat/ws/rzmi154h-molf-pathology/conch_molf_production/embeddings/NCBI657_embeddings.pt	/data/cat/ws/rzmi154h-molf-pathology/conch_molf_production/patch_meta/NCBI657.h5	/data/cat/ws/rzmi154h-molf-pathology/conch_molf_production/st/NCBI657.h5ad	PASS	3897
train	SPA137	/data/cat/ws/rzmi154h-molf-pathology/conch_molf_production/embeddings/SPA137_embeddings.pt	/data/cat/ws/rzmi154h-molf-pathology/conch_molf_production/patch_meta/SPA137.h5	/data/cat/ws/rzmi154h-molf-pathology/conch_molf_production/st/SPA137.h5ad	PASS	178
train	MEND66	/data/cat/ws/rzmi154h-molf-pathology/conch_molf_production/embeddings/MEND66_embeddings.pt	/data/cat/ws/rzmi154h-molf-pathology/conch_molf_production/patch_meta/MEND66.h5	/data/cat/ws/rzmi154h-molf-pathology/conch_molf_production/st/MEND66.h5ad	PASS	1201
train	NCBI882	/data/cat/ws/rzmi154h-molf-pathology/conch_molf_production/embeddings/NCBI882_embeddings.pt	/data/cat/ws/rzmi154h-molf-pathology/conch_molf_production/patch_meta/NCBI882.h5	/data/cat/ws/rzmi154h-molf-pathology/conch_molf_production/st/NCBI882.h5ad	PASS	984
train	TENX123	/data/cat/ws/rzmi154h-molf-pathology/conch_molf_production/embeddings/TENX123_embeddings.pt	/data/cat/ws/rzmi154h-molf-pathology/conch_molf_production/patch_meta/TENX123.h5	/data/cat/ws/rzmi154h-molf-pathology/conch_molf_production/st/TENX123.h5ad	PASS	5529
train	NCBI830	/data/cat/ws/rzmi154h-molf-pathology/conch_molf_production/embeddings/NCBI830_embeddings.pt	/data/cat/ws/rzmi154h-molf-pathology/conch_molf_production/patch_meta/NCBI830.h5	/data/cat/ws/rzmi154h-molf-pathology/conch_molf_production/st/NCBI830.h5ad	PASS	2058
train	NCBI503	/data/cat/ws/rzmi154h-molf-pathology/conch_molf_production/embeddings/NCBI503_embeddings.pt	/data/cat/ws/rzmi154h-molf-pathology/conch_molf_production/patch_meta/NCBI503.h5	/data/cat/ws/rzmi154h-molf-pathology/conch_molf_production/st/NCBI503.h5ad	PASS	982
train	NCBI466	/data/cat/ws/rzmi154h-molf-pathology/conch_molf_production/embeddings/NCBI466_embeddings.pt	/data/cat/ws/rzmi154h-molf-pathology/conch_molf_production/patch_meta/NCBI466.h5	/data/cat/ws/rzmi154h-molf-pathology/conch_molf_production/st/NCBI466.h5ad	PASS	679
train	TENX154	/data/cat/ws/rzmi154h-molf-pathology/conch_molf_production/embeddings/TENX154_embeddings.pt	/data/cat/ws/rzmi154h-molf-pathology/conch_molf_production/patch_meta/TENX154.h5	/data/cat/ws/rzmi154h-molf-pathology/conch_molf_production/st/TENX154.h5ad	PASS	2123
train	NCBI703	/data/cat/ws/rzmi154h-molf-pathology/conch_molf_production/embeddings/NCBI703_embeddings.pt	/data/cat/ws/rzmi154h-molf-pathology/conch_molf_production/patch_meta/NCBI703.h5	/data/cat/ws/rzmi154h-molf-pathology/conch_molf_production/st/NCBI703.h5ad	PASS	450
train	MISC30	/data/cat/ws/rzmi154h-molf-pathology/conch_molf_production/embeddings/MISC30_embeddings.pt	/data/cat/ws/rzmi154h-molf-pathology/conch_molf_production/patch_meta/MISC30.h5	/data/cat/ws/rzmi154h-molf-pathology/conch_molf_production/st/MISC30.h5ad	PASS	2648
train	INT18	/data/cat/ws/rzmi154h-molf-pathology/conch_molf_production/embeddings/INT18_embeddings.pt	/data/cat/ws/rzmi154h-molf-pathology/conch_molf_production/patch_meta/INT18.h5	/data/cat/ws/rzmi154h-molf-pathology/conch_molf_production/st/INT18.h5ad	PASS	4914
train	MEND4	/data/cat/ws/rzmi154h-molf-pathology/conch_molf_production/embeddings/MEND4_embeddings.pt	/data/cat/ws/rzmi154h-molf-pathology/conch_molf_production/patch_meta/MEND4.h5	/data/cat/ws/rzmi154h-molf-pathology/conch_molf_production/st/MEND4.h5ad	PASS	110
train	TENX156	/data/cat/ws/rzmi154h-molf-pathology/conch_molf_production/embeddings/TENX156_embeddings.pt	/data/cat/ws/rzmi154h-molf-pathology/conch_molf_production/patch_meta/TENX156.h5	/data/cat/ws/rzmi154h-molf-pathology/conch_molf_production/st/TENX156.h5ad	PASS	2037
train	MEND49	/data/cat/ws/rzmi154h-molf-pathology/conch_molf_production/embeddings/MEND49_embeddings.pt	/data/cat/ws/rzmi154h-molf-pathology/conch_molf_production/patch_meta/MEND49.h5	/data/cat/ws/rzmi154h-molf-pathology/conch_molf_production/st/MEND49.h5ad	PASS	359
train	SPA135	/data/cat/ws/rzmi154h-molf-pathology/conch_molf_production/embeddings/SPA135_embeddings.pt	/data/cat/ws/rzmi154h-molf-pathology/conch_molf_production/patch_meta/SPA135.h5	/data/cat/ws/rzmi154h-molf-pathology/conch_molf_production/st/SPA135.h5ad	PASS	303
train	NCBI461	/data/cat/ws/rzmi154h-molf-pathology/conch_molf_production/embeddings/NCBI461_embeddings.pt	/data/cat/ws/rzmi154h-molf-pathology/conch_molf_production/patch_meta/NCBI461.h5	/data/cat/ws/rzmi154h-molf-pathology/conch_molf_production/st/NCBI461.h5ad	PASS	1961
train	NCBI505	/data/cat/ws/rzmi154h-molf-pathology/conch_molf_production/embeddings/NCBI505_embeddings.pt	/data/cat/ws/rzmi154h-molf-pathology/conch_molf_production/patch_meta/NCBI505.h5	/data/cat/ws/rzmi154h-molf-pathology/conch_molf_production/st/NCBI505.h5ad	PASS	701
train	INT4	/data/cat/ws/rzmi154h-molf-pathology/conch_molf_production/embeddings/INT4_embeddings.pt	/data/cat/ws/rzmi154h-molf-pathology/conch_molf_production/patch_meta/INT4.h5	/data/cat/ws/rzmi154h-molf-pathology/conch_molf_production/st/INT4.h5ad	PASS	1255
train	NCBI479	/data/cat/ws/rzmi154h-molf-pathology/conch_molf_production/embeddings/NCBI479_embeddings.pt	/data/cat/ws/rzmi154h-molf-pathology/conch_molf_production/patch_meta/NCBI479.h5	/data/cat/ws/rzmi154h-molf-pathology/conch_molf_production/st/NCBI479.h5ad	PASS	1036
train	TENX89	/data/cat/ws/rzmi154h-molf-pathology/conch_molf_production/embeddings/TENX89_embeddings.pt	/data/cat/ws/rzmi154h-molf-pathology/conch_molf_production/patch_meta/TENX89.h5	/data/cat/ws/rzmi154h-molf-pathology/conch_molf_production/st/TENX89.h5ad	PASS	5938
train	MEND149	/data/cat/ws/rzmi154h-molf-pathology/conch_molf_production/embeddings/MEND149_embeddings.pt	/data/cat/ws/rzmi154h-molf-pathology/conch_molf_production/patch_meta/MEND149.h5	/data/cat/ws/rzmi154h-molf-pathology/conch_molf_production/st/MEND149.h5ad	PASS	1851
train	TENX94	/data/cat/ws/rzmi154h-molf-pathology/conch_molf_production/embeddings/TENX94_embeddings.pt	/data/cat/ws/rzmi154h-molf-pathology/conch_molf_production/patch_meta/TENX94.h5	/data/cat/ws/rzmi154h-molf-pathology/conch_molf_production/st/TENX94.h5ad	PASS	6078
train	MISC12	/data/cat/ws/rzmi154h-molf-pathology/conch_molf_production/embeddings/MISC12_embeddings.pt	/data/cat/ws/rzmi154h-molf-pathology/conch_molf_production/patch_meta/MISC12.h5	/data/cat/ws/rzmi154h-molf-pathology/conch_molf_production/st/MISC12.h5ad	PASS	4221
train	TENX90	/data/cat/ws/rzmi154h-molf-pathology/conch_molf_production/embeddings/TENX90_embeddings.pt	/data/cat/ws/rzmi154h-molf-pathology/conch_molf_production/patch_meta/TENX90.h5	/data/cat/ws/rzmi154h-molf-pathology/conch_molf_production/st/TENX90.h5ad	PASS	6042
train	MISC57	/data/cat/ws/rzmi154h-molf-pathology/conch_molf_production/embeddings/MISC57_embeddings.pt	/data/cat/ws/rzmi154h-molf-pathology/conch_molf_production/patch_meta/MISC57.h5	/data/cat/ws/rzmi154h-molf-pathology/conch_molf_production/st/MISC57.h5ad	PASS	975
train	TENX126	/data/cat/ws/rzmi154h-molf-pathology/conch_molf_production/embeddings/TENX126_embeddings.pt	/data/cat/ws/rzmi154h-molf-pathology/conch_molf_production/patch_meta/TENX126.h5	/data/cat/ws/rzmi154h-molf-pathology/conch_molf_production/st/TENX126.h5ad	PASS	1916
train	TENX50	/data/cat/ws/rzmi154h-molf-pathology/conch_molf_production/embeddings/TENX50_embeddings.pt	/data/cat/ws/rzmi154h-molf-pathology/conch_molf_production/patch_meta/TENX50.h5	/data/cat/ws/rzmi154h-molf-pathology/conch_molf_production/st/TENX50.h5ad	PASS	2779
train	NCBI488	/data/cat/ws/rzmi154h-molf-pathology/conch_molf_production/embeddings/NCBI488_embeddings.pt	/data/cat/ws/rzmi154h-molf-pathology/conch_molf_production/patch_meta/NCBI488.h5	/data/cat/ws/rzmi154h-molf-pathology/conch_molf_production/st/NCBI488.h5ad	PASS	1004
train	TENX68	/data/cat/ws/rzmi154h-molf-pathology/conch_molf_production/embeddings/TENX68_embeddings.pt	/data/cat/ws/rzmi154h-molf-pathology/conch_molf_production/patch_meta/TENX68.h5	/data/cat/ws/rzmi154h-molf-pathology/conch_molf_production/st/TENX68.h5ad	PASS	1624
train	MISC49	/data/cat/ws/rzmi154h-molf-pathology/conch_molf_production/embeddings/MISC49_embeddings.pt	/data/cat/ws/rzmi154h-molf-pathology/conch_molf_production/patch_meta/MISC49.h5	/data/cat/ws/rzmi154h-molf-pathology/conch_molf_production/st/MISC49.h5ad	PASS	4579
train	NCBI879	/data/cat/ws/rzmi154h-molf-pathology/conch_molf_production/embeddings/NCBI879_embeddings.pt	/data/cat/ws/rzmi154h-molf-pathology/conch_molf_production/patch_meta/NCBI879.h5	/data/cat/ws/rzmi154h-molf-pathology/conch_molf_production/st/NCBI879.h5ad	PASS	445
train	NCBI469	/data/cat/ws/rzmi154h-molf-pathology/conch_molf_production/embeddings/NCBI469_embeddings.pt	/data/cat/ws/rzmi154h-molf-pathology/conch_molf_production/patch_meta/NCBI469.h5	/data/cat/ws/rzmi154h-molf-pathology/conch_molf_production/st/NCBI469.h5ad	PASS	1484
train	MISC35	/data/cat/ws/rzmi154h-molf-pathology/conch_molf_production/embeddings/MISC35_embeddings.pt	/data/cat/ws/rzmi154h-molf-pathology/conch_molf_production/patch_meta/MISC35.h5	/data/cat/ws/rzmi154h-molf-pathology/conch_molf_production/st/MISC35.h5ad	PASS	3525
train	NCBI675	/data/cat/ws/rzmi154h-molf-pathology/conch_molf_production/embeddings/NCBI675_embeddings.pt	/data/cat/ws/rzmi154h-molf-pathology/conch_molf_production/patch_meta/NCBI675.h5	/data/cat/ws/rzmi154h-molf-pathology/conch_molf_production/st/NCBI675.h5ad	PASS	2489
train	SPA142	/data/cat/ws/rzmi154h-molf-pathology/conch_molf_production/embeddings/SPA142_embeddings.pt	/data/cat/ws/rzmi154h-molf-pathology/conch_molf_production/patch_meta/SPA142.h5	/data/cat/ws/rzmi154h-molf-pathology/conch_molf_production/st/SPA142.h5ad	PASS	176
train	NCBI463	/data/cat/ws/rzmi154h-molf-pathology/conch_molf_production/embeddings/NCBI463_embeddings.pt	/data/cat/ws/rzmi154h-molf-pathology/conch_molf_production/patch_meta/NCBI463.h5	/data/cat/ws/rzmi154h-molf-pathology/conch_molf_production/st/NCBI463.h5ad	PASS	1213
train	MISC11	/data/cat/ws/rzmi154h-molf-pathology/conch_molf_production/embeddings/MISC11_embeddings.pt	/data/cat/ws/rzmi154h-molf-pathology/conch_molf_production/patch_meta/MISC11.h5	/data/cat/ws/rzmi154h-molf-pathology/conch_molf_production/st/MISC11.h5ad	PASS	4381
train	MEND141	/data/cat/ws/rzmi154h-molf-pathology/conch_molf_production/embeddings/MEND141_embeddings.pt	/data/cat/ws/rzmi154h-molf-pathology/conch_molf_production/patch_meta/MEND141.h5	/data/cat/ws/rzmi154h-molf-pathology/conch_molf_production/st/MEND141.h5ad	PASS	1794
train	MEND39	/data/cat/ws/rzmi154h-molf-pathology/conch_molf_production/embeddings/MEND39_embeddings.pt	/data/cat/ws/rzmi154h-molf-pathology/conch_molf_production/patch_meta/MEND39.h5	/data/cat/ws/rzmi154h-molf-pathology/conch_molf_production/st/MEND39.h5ad	PASS	2489
train	TENX115	/data/cat/ws/rzmi154h-molf-pathology/conch_molf_production/embeddings/TENX115_embeddings.pt	/data/cat/ws/rzmi154h-molf-pathology/conch_molf_production/patch_meta/TENX115.h5	/data/cat/ws/rzmi154h-molf-pathology/conch_molf_production/st/TENX115.h5ad	PASS	1628
train	MISC64	/data/cat/ws/rzmi154h-molf-pathology/conch_molf_production/embeddings/MISC64_embeddings.pt	/data/cat/ws/rzmi154h-molf-pathology/conch_molf_production/patch_meta/MISC64.h5	/data/cat/ws/rzmi154h-molf-pathology/conch_molf_production/st/MISC64.h5ad	PASS	2531
train	NCBI883	/data/cat/ws/rzmi154h-molf-pathology/conch_molf_production/embeddings/NCBI883_embeddings.pt	/data/cat/ws/rzmi154h-molf-pathology/conch_molf_production/patch_meta/NCBI883.h5	/data/cat/ws/rzmi154h-molf-pathology/conch_molf_production/st/NCBI883.h5ad	PASS	504
train	NCBI700	/data/cat/ws/rzmi154h-molf-pathology/conch_molf_production/embeddings/NCBI700_embeddings.pt	/data/cat/ws/rzmi154h-molf-pathology/conch_molf_production/patch_meta/NCBI700.h5	/data/cat/ws/rzmi154h-molf-pathology/conch_molf_production/st/NCBI700.h5ad	PASS	601
train	MEND41	/data/cat/ws/rzmi154h-molf-pathology/conch_molf_production/embeddings/MEND41_embeddings.pt	/data/cat/ws/rzmi154h-molf-pathology/conch_molf_production/patch_meta/MEND41.h5	/data/cat/ws/rzmi154h-molf-pathology/conch_molf_production/st/MEND41.h5ad	PASS	431
train	MEND92	/data/cat/ws/rzmi154h-molf-pathology/conch_molf_production/embeddings/MEND92_embeddings.pt	/data/cat/ws/rzmi154h-molf-pathology/conch_molf_production/patch_meta/MEND92.h5	/data/cat/ws/rzmi154h-molf-pathology/conch_molf_production/st/MEND92.h5ad	PASS	1064
train	NCBI539	/data/cat/ws/rzmi154h-molf-pathology/conch_molf_production/embeddings/NCBI539_embeddings.pt	/data/cat/ws/rzmi154h-molf-pathology/conch_molf_production/patch_meta/NCBI539.h5	/data/cat/ws/rzmi154h-molf-pathology/conch_molf_production/st/NCBI539.h5ad	PASS	406
train	NCBI471	/data/cat/ws/rzmi154h-molf-pathology/conch_molf_production/embeddings/NCBI471_embeddings.pt	/data/cat/ws/rzmi154h-molf-pathology/conch_molf_production/patch_meta/NCBI471.h5	/data/cat/ws/rzmi154h-molf-pathology/conch_molf_production/st/NCBI471.h5ad	PASS	1057
train	TENX70	/data/cat/ws/rzmi154h-molf-pathology/conch_molf_production/embeddings/TENX70_embeddings.pt	/data/cat/ws/rzmi154h-molf-pathology/conch_molf_production/patch_meta/TENX70.h5	/data/cat/ws/rzmi154h-molf-pathology/conch_molf_production/st/TENX70.h5ad	PASS	8962
train	TENX65	/data/cat/ws/rzmi154h-molf-pathology/conch_molf_production/embeddings/TENX65_embeddings.pt	/data/cat/ws/rzmi154h-molf-pathology/conch_molf_production/patch_meta/TENX65.h5	/data/cat/ws/rzmi154h-molf-pathology/conch_molf_production/st/TENX65.h5ad	PASS	4618
train	NCBI480	/data/cat/ws/rzmi154h-molf-pathology/conch_molf_production/embeddings/NCBI480_embeddings.pt	/data/cat/ws/rzmi154h-molf-pathology/conch_molf_production/patch_meta/NCBI480.h5	/data/cat/ws/rzmi154h-molf-pathology/conch_molf_production/st/NCBI480.h5ad	PASS	684
train	SPA153	/data/cat/ws/rzmi154h-molf-pathology/conch_molf_production/embeddings/SPA153_embeddings.pt	/data/cat/ws/rzmi154h-molf-pathology/conch_molf_production/patch_meta/SPA153.h5	/data/cat/ws/rzmi154h-molf-pathology/conch_molf_production/st/SPA153.h5ad	PASS	325
train	ZEN47	/data/cat/ws/rzmi154h-molf-pathology/conch_molf_production/embeddings/ZEN47_embeddings.pt	/data/cat/ws/rzmi154h-molf-pathology/conch_molf_production/patch_meta/ZEN47.h5	/data/cat/ws/rzmi154h-molf-pathology/conch_molf_production/st/ZEN47.h5ad	PASS	2317
train	TENX105	/data/cat/ws/rzmi154h-molf-pathology/conch_molf_production/embeddings/TENX105_embeddings.pt	/data/cat/ws/rzmi154h-molf-pathology/conch_molf_production/patch_meta/TENX105.h5	/data/cat/ws/rzmi154h-molf-pathology/conch_molf_production/st/TENX105.h5ad	PASS	1181
train	MISC36	/data/cat/ws/rzmi154h-molf-pathology/conch_molf_production/embeddings/MISC36_embeddings.pt	/data/cat/ws/rzmi154h-molf-pathology/conch_molf_production/patch_meta/MISC36.h5	/data/cat/ws/rzmi154h-molf-pathology/conch_molf_production/st/MISC36.h5ad	PASS	3476
train	MEND140	/data/cat/ws/rzmi154h-molf-pathology/conch_molf_production/embeddings/MEND140_embeddings.pt	/data/cat/ws/rzmi154h-molf-pathology/conch_molf_production/patch_meta/MEND140.h5	/data/cat/ws/rzmi154h-molf-pathology/conch_molf_production/st/MEND140.h5ad	PASS	1933
train	ZEN39	/data/cat/ws/rzmi154h-molf-pathology/conch_molf_production/embeddings/ZEN39_embeddings.pt	/data/cat/ws/rzmi154h-molf-pathology/conch_molf_production/patch_meta/ZEN39.h5	/data/cat/ws/rzmi154h-molf-pathology/conch_molf_production/st/ZEN39.h5ad	PASS	1219
train	TENX15	/data/cat/ws/rzmi154h-molf-pathology/conch_molf_production/embeddings/TENX15_embeddings.pt	/data/cat/ws/rzmi154h-molf-pathology/conch_molf_production/patch_meta/TENX15.h5	/data/cat/ws/rzmi154h-molf-pathology/conch_molf_production/st/TENX15.h5ad	PASS	4247
train	NCBI485	/data/cat/ws/rzmi154h-molf-pathology/conch_molf_production/embeddings/NCBI485_embeddings.pt	/data/cat/ws/rzmi154h-molf-pathology/conch_molf_production/patch_meta/NCBI485.h5	/data/cat/ws/rzmi154h-molf-pathology/conch_molf_production/st/NCBI485.h5ad	PASS	545
train	NCBI2	/data/cat/ws/rzmi154h-molf-pathology/conch_molf_production/embeddings/NCBI2_embeddings.pt	/data/cat/ws/rzmi154h-molf-pathology/conch_molf_production/patch_meta/NCBI2.h5	/data/cat/ws/rzmi154h-molf-pathology/conch_molf_production/st/NCBI2.h5ad	PASS	1374
train	TENX51	/data/cat/ws/rzmi154h-molf-pathology/conch_molf_production/embeddings/TENX51_embeddings.pt	/data/cat/ws/rzmi154h-molf-pathology/conch_molf_production/patch_meta/TENX51.h5	/data/cat/ws/rzmi154h-molf-pathology/conch_molf_production/st/TENX51.h5ad	PASS	3449
train	NCBI636	/data/cat/ws/rzmi154h-molf-pathology/conch_molf_production/embeddings/NCBI636_embeddings.pt	/data/cat/ws/rzmi154h-molf-pathology/conch_molf_production/patch_meta/NCBI636.h5	/data/cat/ws/rzmi154h-molf-pathology/conch_molf_production/st/NCBI636.h5ad	PASS	1607
train	NCBI704	/data/cat/ws/rzmi154h-molf-pathology/conch_molf_production/embeddings/NCBI704_embeddings.pt	/data/cat/ws/rzmi154h-molf-pathology/conch_molf_production/patch_meta/NCBI704.h5	/data/cat/ws/rzmi154h-molf-pathology/conch_molf_production/st/NCBI704.h5ad	PASS	524
train	NCBI760	/data/cat/ws/rzmi154h-molf-pathology/conch_molf_production/embeddings/NCBI760_embeddings.pt	/data/cat/ws/rzmi154h-molf-pathology/conch_molf_production/patch_meta/NCBI760.h5	/data/cat/ws/rzmi154h-molf-pathology/conch_molf_production/st/NCBI760.h5ad	PASS	614
train	NCBI515	/data/cat/ws/rzmi154h-molf-pathology/conch_molf_production/embeddings/NCBI515_embeddings.pt	/data/cat/ws/rzmi154h-molf-pathology/conch_molf_production/patch_meta/NCBI515.h5	/data/cat/ws/rzmi154h-molf-pathology/conch_molf_production/st/NCBI515.h5ad	PASS	819
train	ZEN42	/data/cat/ws/rzmi154h-molf-pathology/conch_molf_production/embeddings/ZEN42_embeddings.pt	/data/cat/ws/rzmi154h-molf-pathology/conch_molf_production/patch_meta/ZEN42.h5	/data/cat/ws/rzmi154h-molf-pathology/conch_molf_production/st/ZEN42.h5ad	PASS	1192
train	NCBI508	/data/cat/ws/rzmi154h-molf-pathology/conch_molf_production/embeddings/NCBI508_embeddings.pt	/data/cat/ws/rzmi154h-molf-pathology/conch_molf_production/patch_meta/NCBI508.h5	/data/cat/ws/rzmi154h-molf-pathology/conch_molf_production/st/NCBI508.h5ad	PASS	442
train	SPA133	/data/cat/ws/rzmi154h-molf-pathology/conch_molf_production/embeddings/SPA133_embeddings.pt	/data/cat/ws/rzmi154h-molf-pathology/conch_molf_production/patch_meta/SPA133.h5	/data/cat/ws/rzmi154h-molf-pathology/conch_molf_production/st/SPA133.h5ad	PASS	302
train	NCBI506	/data/cat/ws/rzmi154h-molf-pathology/conch_molf_production/embeddings/NCBI506_embeddings.pt	/data/cat/ws/rzmi154h-molf-pathology/conch_molf_production/patch_meta/NCBI506.h5	/data/cat/ws/rzmi154h-molf-pathology/conch_molf_production/st/NCBI506.h5ad	PASS	666
train	MEND142	/data/cat/ws/rzmi154h-molf-pathology/conch_molf_production/embeddings/MEND142_embeddings.pt	/data/cat/ws/rzmi154h-molf-pathology/conch_molf_production/patch_meta/MEND142.h5	/data/cat/ws/rzmi154h-molf-pathology/conch_molf_production/st/MEND142.h5ad	PASS	2997
train	NCBI833	/data/cat/ws/rzmi154h-molf-pathology/conch_molf_production/embeddings/NCBI833_embeddings.pt	/data/cat/ws/rzmi154h-molf-pathology/conch_molf_production/patch_meta/NCBI833.h5	/data/cat/ws/rzmi154h-molf-pathology/conch_molf_production/st/NCBI833.h5ad	PASS	2721
train	MEND144	/data/cat/ws/rzmi154h-molf-pathology/conch_molf_production/embeddings/MEND144_embeddings.pt	/data/cat/ws/rzmi154h-molf-pathology/conch_molf_production/patch_meta/MEND144.h5	/data/cat/ws/rzmi154h-molf-pathology/conch_molf_production/st/MEND144.h5ad	PASS	4074
train	TENX143	/data/cat/ws/rzmi154h-molf-pathology/conch_molf_production/embeddings/TENX143_embeddings.pt	/data/cat/ws/rzmi154h-molf-pathology/conch_molf_production/patch_meta/TENX143.h5	/data/cat/ws/rzmi154h-molf-pathology/conch_molf_production/st/TENX143.h5ad	PASS	4210
train	TENX23	/data/cat/ws/rzmi154h-molf-pathology/conch_molf_production/embeddings/TENX23_embeddings.pt	/data/cat/ws/rzmi154h-molf-pathology/conch_molf_production/patch_meta/TENX23.h5	/data/cat/ws/rzmi154h-molf-pathology/conch_molf_production/st/TENX23.h5ad	PASS	4323
train	TENX53	/data/cat/ws/rzmi154h-molf-pathology/conch_molf_production/embeddings/TENX53_embeddings.pt	/data/cat/ws/rzmi154h-molf-pathology/conch_molf_production/patch_meta/TENX53.h5	/data/cat/ws/rzmi154h-molf-pathology/conch_molf_production/st/TENX53.h5ad	PASS	4834
train	MISC24	/data/cat/ws/rzmi154h-molf-pathology/conch_molf_production/embeddings/MISC24_embeddings.pt	/data/cat/ws/rzmi154h-molf-pathology/conch_molf_production/patch_meta/MISC24.h5	/data/cat/ws/rzmi154h-molf-pathology/conch_molf_production/st/MISC24.h5ad	PASS	770
train	MEND23	/data/cat/ws/rzmi154h-molf-pathology/conch_molf_production/embeddings/MEND23_embeddings.pt	/data/cat/ws/rzmi154h-molf-pathology/conch_molf_production/patch_meta/MEND23.h5	/data/cat/ws/rzmi154h-molf-pathology/conch_molf_production/st/MEND23.h5ad	PASS	117
train	NCBI600	/data/cat/ws/rzmi154h-molf-pathology/conch_molf_production/embeddings/NCBI600_embeddings.pt	/data/cat/ws/rzmi154h-molf-pathology/conch_molf_production/patch_meta/NCBI600.h5	/data/cat/ws/rzmi154h-molf-pathology/conch_molf_production/st/NCBI600.h5ad	PASS	798
train	NCBI759	/data/cat/ws/rzmi154h-molf-pathology/conch_molf_production/embeddings/NCBI759_embeddings.pt	/data/cat/ws/rzmi154h-molf-pathology/conch_molf_production/patch_meta/NCBI759.h5	/data/cat/ws/rzmi154h-molf-pathology/conch_molf_production/st/NCBI759.h5ad	PASS	449
train	TENX118	/data/cat/ws/rzmi154h-molf-pathology/conch_molf_production/embeddings/TENX118_embeddings.pt	/data/cat/ws/rzmi154h-molf-pathology/conch_molf_production/patch_meta/TENX118.h5	/data/cat/ws/rzmi154h-molf-pathology/conch_molf_production/st/TENX118.h5ad	PASS	1838
train	MEND7	/data/cat/ws/rzmi154h-molf-pathology/conch_molf_production/embeddings/MEND7_embeddings.pt	/data/cat/ws/rzmi154h-molf-pathology/conch_molf_production/patch_meta/MEND7.h5	/data/cat/ws/rzmi154h-molf-pathology/conch_molf_production/st/MEND7.h5ad	PASS	82
train	TENX121	/data/cat/ws/rzmi154h-molf-pathology/conch_molf_production/embeddings/TENX121_embeddings.pt	/data/cat/ws/rzmi154h-molf-pathology/conch_molf_production/patch_meta/TENX121.h5	/data/cat/ws/rzmi154h-molf-pathology/conch_molf_production/st/TENX121.h5ad	PASS	5752
train	SPA1	/data/cat/ws/rzmi154h-molf-pathology/conch_molf_production/embeddings/SPA1_embeddings.pt	/data/cat/ws/rzmi154h-molf-pathology/conch_molf_production/patch_meta/SPA1.h5	/data/cat/ws/rzmi154h-molf-pathology/conch_molf_production/st/SPA1.h5ad	PASS	264
train	MISC33	/data/cat/ws/rzmi154h-molf-pathology/conch_molf_production/embeddings/MISC33_embeddings.pt	/data/cat/ws/rzmi154h-molf-pathology/conch_molf_production/patch_meta/MISC33.h5	/data/cat/ws/rzmi154h-molf-pathology/conch_molf_production/st/MISC33.h5ad	PASS	3385
train	NCBI507	/data/cat/ws/rzmi154h-molf-pathology/conch_molf_production/embeddings/NCBI507_embeddings.pt	/data/cat/ws/rzmi154h-molf-pathology/conch_molf_production/patch_meta/NCBI507.h5	/data/cat/ws/rzmi154h-molf-pathology/conch_molf_production/st/NCBI507.h5ad	PASS	468
train	SPA121	/data/cat/ws/rzmi154h-molf-pathology/conch_molf_production/embeddings/SPA121_embeddings.pt	/data/cat/ws/rzmi154h-molf-pathology/conch_molf_production/patch_meta/SPA121.h5	/data/cat/ws/rzmi154h-molf-pathology/conch_molf_production/st/SPA121.h5ad	PASS	613
train	MISC55	/data/cat/ws/rzmi154h-molf-pathology/conch_molf_production/embeddings/MISC55_embeddings.pt	/data/cat/ws/rzmi154h-molf-pathology/conch_molf_production/patch_meta/MISC55.h5	/data/cat/ws/rzmi154h-molf-pathology/conch_molf_production/st/MISC55.h5ad	PASS	822
train	MISC62	/data/cat/ws/rzmi154h-molf-pathology/conch_molf_production/embeddings/MISC62_embeddings.pt	/data/cat/ws/rzmi154h-molf-pathology/conch_molf_production/patch_meta/MISC62.h5	/data/cat/ws/rzmi154h-molf-pathology/conch_molf_production/st/MISC62.h5ad	PASS	4129
train	MISC17	/data/cat/ws/rzmi154h-molf-pathology/conch_molf_production/embeddings/MISC17_embeddings.pt	/data/cat/ws/rzmi154h-molf-pathology/conch_molf_production/patch_meta/MISC17.h5	/data/cat/ws/rzmi154h-molf-pathology/conch_molf_production/st/MISC17.h5ad	PASS	1043
train	NCBI1	/data/cat/ws/rzmi154h-molf-pathology/conch_molf_production/embeddings/NCBI1_embeddings.pt	/data/cat/ws/rzmi154h-molf-pathology/conch_molf_production/patch_meta/NCBI1.h5	/data/cat/ws/rzmi154h-molf-pathology/conch_molf_production/st/NCBI1.h5ad	PASS	1579
train	MISC4	/data/cat/ws/rzmi154h-molf-pathology/conch_molf_production/embeddings/MISC4_embeddings.pt	/data/cat/ws/rzmi154h-molf-pathology/conch_molf_production/patch_meta/MISC4.h5	/data/cat/ws/rzmi154h-molf-pathology/conch_molf_production/st/MISC4.h5ad	PASS	3630
train	SPA127	/data/cat/ws/rzmi154h-molf-pathology/conch_molf_production/embeddings/SPA127_embeddings.pt	/data/cat/ws/rzmi154h-molf-pathology/conch_molf_production/patch_meta/SPA127.h5	/data/cat/ws/rzmi154h-molf-pathology/conch_molf_production/st/SPA127.h5ad	PASS	691
train	NCBI866	/data/cat/ws/rzmi154h-molf-pathology/conch_molf_production/embeddings/NCBI866_embeddings.pt	/data/cat/ws/rzmi154h-molf-pathology/conch_molf_production/patch_meta/NCBI866.h5	/data/cat/ws/rzmi154h-molf-pathology/conch_molf_production/st/NCBI866.h5ad	PASS	1124
train	NCBI492	/data/cat/ws/rzmi154h-molf-pathology/conch_molf_production/embeddings/NCBI492_embeddings.pt	/data/cat/ws/rzmi154h-molf-pathology/conch_molf_production/patch_meta/NCBI492.h5	/data/cat/ws/rzmi154h-molf-pathology/conch_molf_production/st/NCBI492.h5ad	PASS	814
train	NCBI566	/data/cat/ws/rzmi154h-molf-pathology/conch_molf_production/embeddings/NCBI566_embeddings.pt	/data/cat/ws/rzmi154h-molf-pathology/conch_molf_production/patch_meta/NCBI566.h5	/data/cat/ws/rzmi154h-molf-pathology/conch_molf_production/st/NCBI566.h5ad	PASS	900
train	MEND145	/data/cat/ws/rzmi154h-molf-pathology/conch_molf_production/embeddings/MEND145_embeddings.pt	/data/cat/ws/rzmi154h-molf-pathology/conch_molf_production/patch_meta/MEND145.h5	/data/cat/ws/rzmi154h-molf-pathology/conch_molf_production/st/MEND145.h5ad	PASS	1410
train	MEND68	/data/cat/ws/rzmi154h-molf-pathology/conch_molf_production/embeddings/MEND68_embeddings.pt	/data/cat/ws/rzmi154h-molf-pathology/conch_molf_production/patch_meta/MEND68.h5	/data/cat/ws/rzmi154h-molf-pathology/conch_molf_production/st/MEND68.h5ad	PASS	1486
train	NCBI567	/data/cat/ws/rzmi154h-molf-pathology/conch_molf_production/embeddings/NCBI567_embeddings.pt	/data/cat/ws/rzmi154h-molf-pathology/conch_molf_production/patch_meta/NCBI567.h5	/data/cat/ws/rzmi154h-molf-pathology/conch_molf_production/st/NCBI567.h5ad	PASS	805
train	SPA136	/data/cat/ws/rzmi154h-molf-pathology/conch_molf_production/embeddings/SPA136_embeddings.pt	/data/cat/ws/rzmi154h-molf-pathology/conch_molf_production/patch_meta/SPA136.h5	/data/cat/ws/rzmi154h-molf-pathology/conch_molf_production/st/SPA136.h5ad	PASS	306
train	NCBI565	/data/cat/ws/rzmi154h-molf-pathology/conch_molf_production/embeddings/NCBI565_embeddings.pt	/data/cat/ws/rzmi154h-molf-pathology/conch_molf_production/patch_meta/NCBI565.h5	/data/cat/ws/rzmi154h-molf-pathology/conch_molf_production/st/NCBI565.h5ad	PASS	1017
train	MEND89	/data/cat/ws/rzmi154h-molf-pathology/conch_molf_production/embeddings/MEND89_embeddings.pt	/data/cat/ws/rzmi154h-molf-pathology/conch_molf_production/patch_meta/MEND89.h5	/data/cat/ws/rzmi154h-molf-pathology/conch_molf_production/st/MEND89.h5ad	PASS	2731
train	SPA143	/data/cat/ws/rzmi154h-molf-pathology/conch_molf_production/embeddings/SPA143_embeddings.pt	/data/cat/ws/rzmi154h-molf-pathology/conch_molf_production/patch_meta/SPA143.h5	/data/cat/ws/rzmi154h-molf-pathology/conch_molf_production/st/SPA143.h5ad	PASS	277
train	NCBI534	/data/cat/ws/rzmi154h-molf-pathology/conch_molf_production/embeddings/NCBI534_embeddings.pt	/data/cat/ws/rzmi154h-molf-pathology/conch_molf_production/patch_meta/NCBI534.h5	/data/cat/ws/rzmi154h-molf-pathology/conch_molf_production/st/NCBI534.h5ad	PASS	525
train	MISC26	/data/cat/ws/rzmi154h-molf-pathology/conch_molf_production/embeddings/MISC26_embeddings.pt	/data/cat/ws/rzmi154h-molf-pathology/conch_molf_production/patch_meta/MISC26.h5	/data/cat/ws/rzmi154h-molf-pathology/conch_molf_production/st/MISC26.h5ad	PASS	2465
train	NCBI873	/data/cat/ws/rzmi154h-molf-pathology/conch_molf_production/embeddings/NCBI873_embeddings.pt	/data/cat/ws/rzmi154h-molf-pathology/conch_molf_production/patch_meta/NCBI873.h5	/data/cat/ws/rzmi154h-molf-pathology/conch_molf_production/st/NCBI873.h5ad	PASS	829
train	MEND87	/data/cat/ws/rzmi154h-molf-pathology/conch_molf_production/embeddings/MEND87_embeddings.pt	/data/cat/ws/rzmi154h-molf-pathology/conch_molf_production/patch_meta/MEND87.h5	/data/cat/ws/rzmi154h-molf-pathology/conch_molf_production/st/MEND87.h5ad	PASS	1433
train	NCBI765	/data/cat/ws/rzmi154h-molf-pathology/conch_molf_production/embeddings/NCBI765_embeddings.pt	/data/cat/ws/rzmi154h-molf-pathology/conch_molf_production/patch_meta/NCBI765.h5	/data/cat/ws/rzmi154h-molf-pathology/conch_molf_production/st/NCBI765.h5ad	PASS	515
train	MISC58	/data/cat/ws/rzmi154h-molf-pathology/conch_molf_production/embeddings/MISC58_embeddings.pt	/data/cat/ws/rzmi154h-molf-pathology/conch_molf_production/patch_meta/MISC58.h5	/data/cat/ws/rzmi154h-molf-pathology/conch_molf_production/st/MISC58.h5ad	PASS	1154
train	NCBI603	/data/cat/ws/rzmi154h-molf-pathology/conch_molf_production/embeddings/NCBI603_embeddings.pt	/data/cat/ws/rzmi154h-molf-pathology/conch_molf_production/patch_meta/NCBI603.h5	/data/cat/ws/rzmi154h-molf-pathology/conch_molf_production/st/NCBI603.h5ad	PASS	767
train	TENX24	/data/cat/ws/rzmi154h-molf-pathology/conch_molf_production/embeddings/TENX24_embeddings.pt	/data/cat/ws/rzmi154h-molf-pathology/conch_molf_production/patch_meta/TENX24.h5	/data/cat/ws/rzmi154h-molf-pathology/conch_molf_production/st/TENX24.h5ad	PASS	4323
train	SPA130	/data/cat/ws/rzmi154h-molf-pathology/conch_molf_production/embeddings/SPA130_embeddings.pt	/data/cat/ws/rzmi154h-molf-pathology/conch_molf_production/patch_meta/SPA130.h5	/data/cat/ws/rzmi154h-molf-pathology/conch_molf_production/st/SPA130.h5ad	PASS	587
train	MEND54	/data/cat/ws/rzmi154h-molf-pathology/conch_molf_production/embeddings/MEND54_embeddings.pt	/data/cat/ws/rzmi154h-molf-pathology/conch_molf_production/patch_meta/MEND54.h5	/data/cat/ws/rzmi154h-molf-pathology/conch_molf_production/st/MEND54.h5ad	PASS	427
train	NCBI525	/data/cat/ws/rzmi154h-molf-pathology/conch_molf_production/embeddings/NCBI525_embeddings.pt	/data/cat/ws/rzmi154h-molf-pathology/conch_molf_production/patch_meta/NCBI525.h5	/data/cat/ws/rzmi154h-molf-pathology/conch_molf_production/st/NCBI525.h5ad	PASS	774
train	MEND6	/data/cat/ws/rzmi154h-molf-pathology/conch_molf_production/embeddings/MEND6_embeddings.pt	/data/cat/ws/rzmi154h-molf-pathology/conch_molf_production/patch_meta/MEND6.h5	/data/cat/ws/rzmi154h-molf-pathology/conch_molf_production/st/MEND6.h5ad	PASS	164
train	MISC39	/data/cat/ws/rzmi154h-molf-pathology/conch_molf_production/embeddings/MISC39_embeddings.pt	/data/cat/ws/rzmi154h-molf-pathology/conch_molf_production/patch_meta/MISC39.h5	/data/cat/ws/rzmi154h-molf-pathology/conch_molf_production/st/MISC39.h5ad	PASS	4064
train	INT26	/data/cat/ws/rzmi154h-molf-pathology/conch_molf_production/embeddings/INT26_embeddings.pt	/data/cat/ws/rzmi154h-molf-pathology/conch_molf_production/patch_meta/INT26.h5	/data/cat/ws/rzmi154h-molf-pathology/conch_molf_production/st/INT26.h5ad	PASS	3885
train	NCBI464	/data/cat/ws/rzmi154h-molf-pathology/conch_molf_production/embeddings/NCBI464_embeddings.pt	/data/cat/ws/rzmi154h-molf-pathology/conch_molf_production/patch_meta/NCBI464.h5	/data/cat/ws/rzmi154h-molf-pathology/conch_molf_production/st/NCBI464.h5ad	PASS	1951
train	TENX30	/data/cat/ws/rzmi154h-molf-pathology/conch_molf_production/embeddings/TENX30_embeddings.pt	/data/cat/ws/rzmi154h-molf-pathology/conch_molf_production/patch_meta/TENX30.h5	/data/cat/ws/rzmi154h-molf-pathology/conch_molf_production/st/TENX30.h5ad	PASS	3453
train	TENX152	/data/cat/ws/rzmi154h-molf-pathology/conch_molf_production/embeddings/TENX152_embeddings.pt	/data/cat/ws/rzmi154h-molf-pathology/conch_molf_production/patch_meta/TENX152.h5	/data/cat/ws/rzmi154h-molf-pathology/conch_molf_production/st/TENX152.h5ad	PASS	4096
train	NCBI637	/data/cat/ws/rzmi154h-molf-pathology/conch_molf_production/embeddings/NCBI637_embeddings.pt	/data/cat/ws/rzmi154h-molf-pathology/conch_molf_production/patch_meta/NCBI637.h5	/data/cat/ws/rzmi154h-molf-pathology/conch_molf_production/st/NCBI637.h5ad	PASS	2702
train	TENX157	/data/cat/ws/rzmi154h-molf-pathology/conch_molf_production/embeddings/TENX157_embeddings.pt	/data/cat/ws/rzmi154h-molf-pathology/conch_molf_production/patch_meta/TENX157.h5	/data/cat/ws/rzmi154h-molf-pathology/conch_molf_production/st/TENX157.h5ad	PASS	3707
train	TENX144	/data/cat/ws/rzmi154h-molf-pathology/conch_molf_production/embeddings/TENX144_embeddings.pt	/data/cat/ws/rzmi154h-molf-pathology/conch_molf_production/patch_meta/TENX144.h5	/data/cat/ws/rzmi154h-molf-pathology/conch_molf_production/st/TENX144.h5ad	PASS	1754
train	TENX142	/data/cat/ws/rzmi154h-molf-pathology/conch_molf_production/embeddings/TENX142_embeddings.pt	/data/cat/ws/rzmi154h-molf-pathology/conch_molf_production/patch_meta/TENX142.h5	/data/cat/ws/rzmi154h-molf-pathology/conch_molf_production/st/TENX142.h5ad	PASS	2767
train	TENX138	/data/cat/ws/rzmi154h-molf-pathology/conch_molf_production/embeddings/TENX138_embeddings.pt	/data/cat/ws/rzmi154h-molf-pathology/conch_molf_production/patch_meta/TENX138.h5	/data/cat/ws/rzmi154h-molf-pathology/conch_molf_production/st/TENX138.h5ad	PASS	8841
train	TENX132	/data/cat/ws/rzmi154h-molf-pathology/conch_molf_production/embeddings/TENX132_embeddings.pt	/data/cat/ws/rzmi154h-molf-pathology/conch_molf_production/patch_meta/TENX132.h5	/data/cat/ws/rzmi154h-molf-pathology/conch_molf_production/st/TENX132.h5ad	PASS	5341
train	TENX119	/data/cat/ws/rzmi154h-molf-pathology/conch_molf_production/embeddings/TENX119_embeddings.pt	/data/cat/ws/rzmi154h-molf-pathology/conch_molf_production/patch_meta/TENX119.h5	/data/cat/ws/rzmi154h-molf-pathology/conch_molf_production/st/TENX119.h5ad	PASS	1486
val	TENX62	/data/cat/ws/rzmi154h-molf-pathology/conch_molf_production/embeddings/TENX62_embeddings.pt	/data/cat/ws/rzmi154h-molf-pathology/conch_molf_production/patch_meta/TENX62.h5	/data/cat/ws/rzmi154h-molf-pathology/conch_molf_production/st/TENX62.h5ad	PASS	3799
val	MISC63	/data/cat/ws/rzmi154h-molf-pathology/conch_molf_production/embeddings/MISC63_embeddings.pt	/data/cat/ws/rzmi154h-molf-pathology/conch_molf_production/patch_meta/MISC63.h5	/data/cat/ws/rzmi154h-molf-pathology/conch_molf_production/st/MISC63.h5ad	PASS	3463
val	MISC16	/data/cat/ws/rzmi154h-molf-pathology/conch_molf_production/embeddings/MISC16_embeddings.pt	/data/cat/ws/rzmi154h-molf-pathology/conch_molf_production/patch_meta/MISC16.h5	/data/cat/ws/rzmi154h-molf-pathology/conch_molf_production/st/MISC16.h5ad	PASS	3077
val	MISC18	/data/cat/ws/rzmi154h-molf-pathology/conch_molf_production/embeddings/MISC18_embeddings.pt	/data/cat/ws/rzmi154h-molf-pathology/conch_molf_production/patch_meta/MISC18.h5	/data/cat/ws/rzmi154h-molf-pathology/conch_molf_production/st/MISC18.h5ad	PASS	2030
val	NCBI569	/data/cat/ws/rzmi154h-molf-pathology/conch_molf_production/embeddings/NCBI569_embeddings.pt	/data/cat/ws/rzmi154h-molf-pathology/conch_molf_production/patch_meta/NCBI569.h5	/data/cat/ws/rzmi154h-molf-pathology/conch_molf_production/st/NCBI569.h5ad	PASS	3493
val	MEND10	/data/cat/ws/rzmi154h-molf-pathology/conch_molf_production/embeddings/MEND10_embeddings.pt	/data/cat/ws/rzmi154h-molf-pathology/conch_molf_production/patch_meta/MEND10.h5	/data/cat/ws/rzmi154h-molf-pathology/conch_molf_production/st/MEND10.h5ad	PASS	127
val	TENX128	/data/cat/ws/rzmi154h-molf-pathology/conch_molf_production/embeddings/TENX128_embeddings.pt	/data/cat/ws/rzmi154h-molf-pathology/conch_molf_production/patch_meta/TENX128.h5	/data/cat/ws/rzmi154h-molf-pathology/conch_molf_production/st/TENX128.h5ad	PASS	2121
val	MEND8	/data/cat/ws/rzmi154h-molf-pathology/conch_molf_production/embeddings/MEND8_embeddings.pt	/data/cat/ws/rzmi154h-molf-pathology/conch_molf_production/patch_meta/MEND8.h5	/data/cat/ws/rzmi154h-molf-pathology/conch_molf_production/st/MEND8.h5ad	PASS	121
val	TENX13	/data/cat/ws/rzmi154h-molf-pathology/conch_molf_production/embeddings/TENX13_embeddings.pt	/data/cat/ws/rzmi154h-molf-pathology/conch_molf_production/patch_meta/TENX13.h5	/data/cat/ws/rzmi154h-molf-pathology/conch_molf_production/st/TENX13.h5ad	PASS	3809
val	ZEN40	/data/cat/ws/rzmi154h-molf-pathology/conch_molf_production/embeddings/ZEN40_embeddings.pt	/data/cat/ws/rzmi154h-molf-pathology/conch_molf_production/patch_meta/ZEN40.h5	/data/cat/ws/rzmi154h-molf-pathology/conch_molf_production/st/ZEN40.h5ad	PASS	2128
val	MISC3	/data/cat/ws/rzmi154h-molf-pathology/conch_molf_production/embeddings/MISC3_embeddings.pt	/data/cat/ws/rzmi154h-molf-pathology/conch_molf_production/patch_meta/MISC3.h5	/data/cat/ws/rzmi154h-molf-pathology/conch_molf_production/st/MISC3.h5ad	PASS	3656
val	MISC72	/data/cat/ws/rzmi154h-molf-pathology/conch_molf_production/embeddings/MISC72_embeddings.pt	/data/cat/ws/rzmi154h-molf-pathology/conch_molf_production/patch_meta/MISC72.h5	/data/cat/ws/rzmi154h-molf-pathology/conch_molf_production/st/MISC72.h5ad	PASS	4368
val	NCBI489	/data/cat/ws/rzmi154h-molf-pathology/conch_molf_production/embeddings/NCBI489_embeddings.pt	/data/cat/ws/rzmi154h-molf-pathology/conch_molf_production/patch_meta/NCBI489.h5	/data/cat/ws/rzmi154h-molf-pathology/conch_molf_production/st/NCBI489.h5ad	PASS	584
val	NCBI473	/data/cat/ws/rzmi154h-molf-pathology/conch_molf_production/embeddings/NCBI473_embeddings.pt	/data/cat/ws/rzmi154h-molf-pathology/conch_molf_production/patch_meta/NCBI473.h5	/data/cat/ws/rzmi154h-molf-pathology/conch_molf_production/st/NCBI473.h5ad	PASS	733
val	SPA150	/data/cat/ws/rzmi154h-molf-pathology/conch_molf_production/embeddings/SPA150_embeddings.pt	/data/cat/ws/rzmi154h-molf-pathology/conch_molf_production/patch_meta/SPA150.h5	/data/cat/ws/rzmi154h-molf-pathology/conch_molf_production/st/SPA150.h5ad	PASS	332
val	NCBI681	/data/cat/ws/rzmi154h-molf-pathology/conch_molf_production/embeddings/NCBI681_embeddings.pt	/data/cat/ws/rzmi154h-molf-pathology/conch_molf_production/patch_meta/NCBI681.h5	/data/cat/ws/rzmi154h-molf-pathology/conch_molf_production/st/NCBI681.h5ad	PASS	4846
val	SPA128	/data/cat/ws/rzmi154h-molf-pathology/conch_molf_production/embeddings/SPA128_embeddings.pt	/data/cat/ws/rzmi154h-molf-pathology/conch_molf_production/patch_meta/SPA128.h5	/data/cat/ws/rzmi154h-molf-pathology/conch_molf_production/st/SPA128.h5ad	PASS	570
val	NCBI478	/data/cat/ws/rzmi154h-molf-pathology/conch_molf_production/embeddings/NCBI478_embeddings.pt	/data/cat/ws/rzmi154h-molf-pathology/conch_molf_production/patch_meta/NCBI478.h5	/data/cat/ws/rzmi154h-molf-pathology/conch_molf_production/st/NCBI478.h5ad	PASS	788
val	MISC27	/data/cat/ws/rzmi154h-molf-pathology/conch_molf_production/embeddings/MISC27_embeddings.pt	/data/cat/ws/rzmi154h-molf-pathology/conch_molf_production/patch_meta/MISC27.h5	/data/cat/ws/rzmi154h-molf-pathology/conch_molf_production/st/MISC27.h5ad	PASS	398
val	TENX39	/data/cat/ws/rzmi154h-molf-pathology/conch_molf_production/embeddings/TENX39_embeddings.pt	/data/cat/ws/rzmi154h-molf-pathology/conch_molf_production/patch_meta/TENX39.h5	/data/cat/ws/rzmi154h-molf-pathology/conch_molf_production/st/TENX39.h5ad	PASS	2513
val	NCBI599	/data/cat/ws/rzmi154h-molf-pathology/conch_molf_production/embeddings/NCBI599_embeddings.pt	/data/cat/ws/rzmi154h-molf-pathology/conch_molf_production/patch_meta/NCBI599.h5	/data/cat/ws/rzmi154h-molf-pathology/conch_molf_production/st/NCBI599.h5ad	PASS	3003
val	NCBI880	/data/cat/ws/rzmi154h-molf-pathology/conch_molf_production/embeddings/NCBI880_embeddings.pt	/data/cat/ws/rzmi154h-molf-pathology/conch_molf_production/patch_meta/NCBI880.h5	/data/cat/ws/rzmi154h-molf-pathology/conch_molf_production/st/NCBI880.h5ad	PASS	707
val	NCBI497	/data/cat/ws/rzmi154h-molf-pathology/conch_molf_production/embeddings/NCBI497_embeddings.pt	/data/cat/ws/rzmi154h-molf-pathology/conch_molf_production/patch_meta/NCBI497.h5	/data/cat/ws/rzmi154h-molf-pathology/conch_molf_production/st/NCBI497.h5ad	PASS	760
val	SPA132	/data/cat/ws/rzmi154h-molf-pathology/conch_molf_production/embeddings/SPA132_embeddings.pt	/data/cat/ws/rzmi154h-molf-pathology/conch_molf_production/patch_meta/SPA132.h5	/data/cat/ws/rzmi154h-molf-pathology/conch_molf_production/st/SPA132.h5ad	PASS	306
val	NCBI784	/data/cat/ws/rzmi154h-molf-pathology/conch_molf_production/embeddings/NCBI784_embeddings.pt	/data/cat/ws/rzmi154h-molf-pathology/conch_molf_production/patch_meta/NCBI784.h5	/data/cat/ws/rzmi154h-molf-pathology/conch_molf_production/st/NCBI784.h5ad	PASS	2901
val	NCBI629	/data/cat/ws/rzmi154h-molf-pathology/conch_molf_production/embeddings/NCBI629_embeddings.pt	/data/cat/ws/rzmi154h-molf-pathology/conch_molf_production/patch_meta/NCBI629.h5	/data/cat/ws/rzmi154h-molf-pathology/conch_molf_production/st/NCBI629.h5ad	PASS	3619
val	MISC25	/data/cat/ws/rzmi154h-molf-pathology/conch_molf_production/embeddings/MISC25_embeddings.pt	/data/cat/ws/rzmi154h-molf-pathology/conch_molf_production/patch_meta/MISC25.h5	/data/cat/ws/rzmi154h-molf-pathology/conch_molf_production/st/MISC25.h5ad	PASS	1916
val	MEND60	/data/cat/ws/rzmi154h-molf-pathology/conch_molf_production/embeddings/MEND60_embeddings.pt	/data/cat/ws/rzmi154h-molf-pathology/conch_molf_production/patch_meta/MEND60.h5	/data/cat/ws/rzmi154h-molf-pathology/conch_molf_production/st/MEND60.h5ad	PASS	3952
val	NCBI763	/data/cat/ws/rzmi154h-molf-pathology/conch_molf_production/embeddings/NCBI763_embeddings.pt	/data/cat/ws/rzmi154h-molf-pathology/conch_molf_production/patch_meta/NCBI763.h5	/data/cat/ws/rzmi154h-molf-pathology/conch_molf_production/st/NCBI763.h5ad	PASS	981
val	TENX124	/data/cat/ws/rzmi154h-molf-pathology/conch_molf_production/embeddings/TENX124_embeddings.pt	/data/cat/ws/rzmi154h-molf-pathology/conch_molf_production/patch_meta/TENX124.h5	/data/cat/ws/rzmi154h-molf-pathology/conch_molf_production/st/TENX124.h5ad	PASS	5724
val	NCBI632	/data/cat/ws/rzmi154h-molf-pathology/conch_molf_production/embeddings/NCBI632_embeddings.pt	/data/cat/ws/rzmi154h-molf-pathology/conch_molf_production/patch_meta/NCBI632.h5	/data/cat/ws/rzmi154h-molf-pathology/conch_molf_production/st/NCBI632.h5ad	PASS	2737
val	TENX111	/data/cat/ws/rzmi154h-molf-pathology/conch_molf_production/embeddings/TENX111_embeddings.pt	/data/cat/ws/rzmi154h-molf-pathology/conch_molf_production/patch_meta/TENX111.h5	/data/cat/ws/rzmi154h-molf-pathology/conch_molf_production/st/TENX111.h5ad	PASS	5178
val	SPA152	/data/cat/ws/rzmi154h-molf-pathology/conch_molf_production/embeddings/SPA152_embeddings.pt	/data/cat/ws/rzmi154h-molf-pathology/conch_molf_production/patch_meta/SPA152.h5	/data/cat/ws/rzmi154h-molf-pathology/conch_molf_production/st/SPA152.h5ad	PASS	359
val	NCBI470	/data/cat/ws/rzmi154h-molf-pathology/conch_molf_production/embeddings/NCBI470_embeddings.pt	/data/cat/ws/rzmi154h-molf-pathology/conch_molf_production/patch_meta/NCBI470.h5	/data/cat/ws/rzmi154h-molf-pathology/conch_molf_production/st/NCBI470.h5ad	PASS	1333
val	MEND67	/data/cat/ws/rzmi154h-molf-pathology/conch_molf_production/embeddings/MEND67_embeddings.pt	/data/cat/ws/rzmi154h-molf-pathology/conch_molf_production/patch_meta/MEND67.h5	/data/cat/ws/rzmi154h-molf-pathology/conch_molf_production/st/MEND67.h5ad	PASS	1698
val	ZEN38	/data/cat/ws/rzmi154h-molf-pathology/conch_molf_production/embeddings/ZEN38_embeddings.pt	/data/cat/ws/rzmi154h-molf-pathology/conch_molf_production/patch_meta/ZEN38.h5	/data/cat/ws/rzmi154h-molf-pathology/conch_molf_production/st/ZEN38.h5ad	PASS	387
val	NCBI521	/data/cat/ws/rzmi154h-molf-pathology/conch_molf_production/embeddings/NCBI521_embeddings.pt	/data/cat/ws/rzmi154h-molf-pathology/conch_molf_production/patch_meta/NCBI521.h5	/data/cat/ws/rzmi154h-molf-pathology/conch_molf_production/st/NCBI521.h5ad	PASS	464
val	NCBI761	/data/cat/ws/rzmi154h-molf-pathology/conch_molf_production/embeddings/NCBI761_embeddings.pt	/data/cat/ws/rzmi154h-molf-pathology/conch_molf_production/patch_meta/NCBI761.h5	/data/cat/ws/rzmi154h-molf-pathology/conch_molf_production/st/NCBI761.h5ad	PASS	598
val	NCBI712	/data/cat/ws/rzmi154h-molf-pathology/conch_molf_production/embeddings/NCBI712_embeddings.pt	/data/cat/ws/rzmi154h-molf-pathology/conch_molf_production/patch_meta/NCBI712.h5	/data/cat/ws/rzmi154h-molf-pathology/conch_molf_production/st/NCBI712.h5ad	PASS	4159
val	INT3	/data/cat/ws/rzmi154h-molf-pathology/conch_molf_production/embeddings/INT3_embeddings.pt	/data/cat/ws/rzmi154h-molf-pathology/conch_molf_production/patch_meta/INT3.h5	/data/cat/ws/rzmi154h-molf-pathology/conch_molf_production/st/INT3.h5ad	PASS	1973
val	NCBI634	/data/cat/ws/rzmi154h-molf-pathology/conch_molf_production/embeddings/NCBI634_embeddings.pt	/data/cat/ws/rzmi154h-molf-pathology/conch_molf_production/patch_meta/NCBI634.h5	/data/cat/ws/rzmi154h-molf-pathology/conch_molf_production/st/NCBI634.h5ad	PASS	1832
val	NCBI692	/data/cat/ws/rzmi154h-molf-pathology/conch_molf_production/embeddings/NCBI692_embeddings.pt	/data/cat/ws/rzmi154h-molf-pathology/conch_molf_production/patch_meta/NCBI692.h5	/data/cat/ws/rzmi154h-molf-pathology/conch_molf_production/st/NCBI692.h5ad	PASS	357
val	NCBI672	/data/cat/ws/rzmi154h-molf-pathology/conch_molf_production/embeddings/NCBI672_embeddings.pt	/data/cat/ws/rzmi154h-molf-pathology/conch_molf_production/patch_meta/NCBI672.h5	/data/cat/ws/rzmi154h-molf-pathology/conch_molf_production/st/NCBI672.h5ad	PASS	2408
val	NCBI524	/data/cat/ws/rzmi154h-molf-pathology/conch_molf_production/embeddings/NCBI524_embeddings.pt	/data/cat/ws/rzmi154h-molf-pathology/conch_molf_production/patch_meta/NCBI524.h5	/data/cat/ws/rzmi154h-molf-pathology/conch_molf_production/st/NCBI524.h5ad	PASS	904
val	NCBI870	/data/cat/ws/rzmi154h-molf-pathology/conch_molf_production/embeddings/NCBI870_embeddings.pt	/data/cat/ws/rzmi154h-molf-pathology/conch_molf_production/patch_meta/NCBI870.h5	/data/cat/ws/rzmi154h-molf-pathology/conch_molf_production/st/NCBI870.h5ad	PASS	592
val	NCBI4	/data/cat/ws/rzmi154h-molf-pathology/conch_molf_production/embeddings/NCBI4_embeddings.pt	/data/cat/ws/rzmi154h-molf-pathology/conch_molf_production/patch_meta/NCBI4.h5	/data/cat/ws/rzmi154h-molf-pathology/conch_molf_production/st/NCBI4.h5ad	PASS	624
val	MISC45	/data/cat/ws/rzmi154h-molf-pathology/conch_molf_production/embeddings/MISC45_embeddings.pt	/data/cat/ws/rzmi154h-molf-pathology/conch_molf_production/patch_meta/MISC45.h5	/data/cat/ws/rzmi154h-molf-pathology/conch_molf_production/st/MISC45.h5ad	PASS	4108
val	NCBI595	/data/cat/ws/rzmi154h-molf-pathology/conch_molf_production/embeddings/NCBI595_embeddings.pt	/data/cat/ws/rzmi154h-molf-pathology/conch_molf_production/patch_meta/NCBI595.h5	/data/cat/ws/rzmi154h-molf-pathology/conch_molf_production/st/NCBI595.h5ad	PASS	1288
val	MISC28	/data/cat/ws/rzmi154h-molf-pathology/conch_molf_production/embeddings/MISC28_embeddings.pt	/data/cat/ws/rzmi154h-molf-pathology/conch_molf_production/patch_meta/MISC28.h5	/data/cat/ws/rzmi154h-molf-pathology/conch_molf_production/st/MISC28.h5ad	PASS	799
val	INT28	/data/cat/ws/rzmi154h-molf-pathology/conch_molf_production/embeddings/INT28_embeddings.pt	/data/cat/ws/rzmi154h-molf-pathology/conch_molf_production/patch_meta/INT28.h5	/data/cat/ws/rzmi154h-molf-pathology/conch_molf_production/st/INT28.h5ad	PASS	3988
val	NCBI709	/data/cat/ws/rzmi154h-molf-pathology/conch_molf_production/embeddings/NCBI709_embeddings.pt	/data/cat/ws/rzmi154h-molf-pathology/conch_molf_production/patch_meta/NCBI709.h5	/data/cat/ws/rzmi154h-molf-pathology/conch_molf_production/st/NCBI709.h5ad	PASS	1029
val	MISC51	/data/cat/ws/rzmi154h-molf-pathology/conch_molf_production/embeddings/MISC51_embeddings.pt	/data/cat/ws/rzmi154h-molf-pathology/conch_molf_production/patch_meta/MISC51.h5	/data/cat/ws/rzmi154h-molf-pathology/conch_molf_production/st/MISC51.h5ad	PASS	3049
val	NCBI674	/data/cat/ws/rzmi154h-molf-pathology/conch_molf_production/embeddings/NCBI674_embeddings.pt	/data/cat/ws/rzmi154h-molf-pathology/conch_molf_production/patch_meta/NCBI674.h5	/data/cat/ws/rzmi154h-molf-pathology/conch_molf_production/st/NCBI674.h5ad	PASS	2457
val	NCBI711	/data/cat/ws/rzmi154h-molf-pathology/conch_molf_production/embeddings/NCBI711_embeddings.pt	/data/cat/ws/rzmi154h-molf-pathology/conch_molf_production/patch_meta/NCBI711.h5	/data/cat/ws/rzmi154h-molf-pathology/conch_molf_production/st/NCBI711.h5ad	PASS	2622
val	NCBI705	/data/cat/ws/rzmi154h-molf-pathology/conch_molf_production/embeddings/NCBI705_embeddings.pt	/data/cat/ws/rzmi154h-molf-pathology/conch_molf_production/patch_meta/NCBI705.h5	/data/cat/ws/rzmi154h-molf-pathology/conch_molf_production/st/NCBI705.h5ad	PASS	551
val	NCBI482	/data/cat/ws/rzmi154h-molf-pathology/conch_molf_production/embeddings/NCBI482_embeddings.pt	/data/cat/ws/rzmi154h-molf-pathology/conch_molf_production/patch_meta/NCBI482.h5	/data/cat/ws/rzmi154h-molf-pathology/conch_molf_production/st/NCBI482.h5ad	PASS	623
val	NCBI654	/data/cat/ws/rzmi154h-molf-pathology/conch_molf_production/embeddings/NCBI654_embeddings.pt	/data/cat/ws/rzmi154h-molf-pathology/conch_molf_production/patch_meta/NCBI654.h5	/data/cat/ws/rzmi154h-molf-pathology/conch_molf_production/st/NCBI654.h5ad	PASS	4852
val	MEND20	/data/cat/ws/rzmi154h-molf-pathology/conch_molf_production/embeddings/MEND20_embeddings.pt	/data/cat/ws/rzmi154h-molf-pathology/conch_molf_production/patch_meta/MEND20.h5	/data/cat/ws/rzmi154h-molf-pathology/conch_molf_production/st/MEND20.h5ad	PASS	173
val	NCBI854	/data/cat/ws/rzmi154h-molf-pathology/conch_molf_production/embeddings/NCBI854_embeddings.pt	/data/cat/ws/rzmi154h-molf-pathology/conch_molf_production/patch_meta/NCBI854.h5	/data/cat/ws/rzmi154h-molf-pathology/conch_molf_production/st/NCBI854.h5ad	PASS	697
val	TENX46	/data/cat/ws/rzmi154h-molf-pathology/conch_molf_production/embeddings/TENX46_embeddings.pt	/data/cat/ws/rzmi154h-molf-pathology/conch_molf_production/patch_meta/TENX46.h5	/data/cat/ws/rzmi154h-molf-pathology/conch_molf_production/st/TENX46.h5ad	PASS	3042
val	NCBI770	/data/cat/ws/rzmi154h-molf-pathology/conch_molf_production/embeddings/NCBI770_embeddings.pt	/data/cat/ws/rzmi154h-molf-pathology/conch_molf_production/patch_meta/NCBI770.h5	/data/cat/ws/rzmi154h-molf-pathology/conch_molf_production/st/NCBI770.h5ad	PASS	664
val	SPA141	/data/cat/ws/rzmi154h-molf-pathology/conch_molf_production/embeddings/SPA141_embeddings.pt	/data/cat/ws/rzmi154h-molf-pathology/conch_molf_production/patch_meta/SPA141.h5	/data/cat/ws/rzmi154h-molf-pathology/conch_molf_production/st/SPA141.h5ad	PASS	187
val	NCBI827	/data/cat/ws/rzmi154h-molf-pathology/conch_molf_production/embeddings/NCBI827_embeddings.pt	/data/cat/ws/rzmi154h-molf-pathology/conch_molf_production/patch_meta/NCBI827.h5	/data/cat/ws/rzmi154h-molf-pathology/conch_molf_production/st/NCBI827.h5ad	PASS	2537
val	NCBI783	/data/cat/ws/rzmi154h-molf-pathology/conch_molf_production/embeddings/NCBI783_embeddings.pt	/data/cat/ws/rzmi154h-molf-pathology/conch_molf_production/patch_meta/NCBI783.h5	/data/cat/ws/rzmi154h-molf-pathology/conch_molf_production/st/NCBI783.h5ad	PASS	3501
val	MISC37	/data/cat/ws/rzmi154h-molf-pathology/conch_molf_production/embeddings/MISC37_embeddings.pt	/data/cat/ws/rzmi154h-molf-pathology/conch_molf_production/patch_meta/MISC37.h5	/data/cat/ws/rzmi154h-molf-pathology/conch_molf_production/st/MISC37.h5ad	PASS	3552
val	MEND143	/data/cat/ws/rzmi154h-molf-pathology/conch_molf_production/embeddings/MEND143_embeddings.pt	/data/cat/ws/rzmi154h-molf-pathology/conch_molf_production/patch_meta/MEND143.h5	/data/cat/ws/rzmi154h-molf-pathology/conch_molf_production/st/MEND143.h5ad	PASS	3814
val	NCBI523	/data/cat/ws/rzmi154h-molf-pathology/conch_molf_production/embeddings/NCBI523_embeddings.pt	/data/cat/ws/rzmi154h-molf-pathology/conch_molf_production/patch_meta/NCBI523.h5	/data/cat/ws/rzmi154h-molf-pathology/conch_molf_production/st/NCBI523.h5ad	PASS	747
val	NCBI494	/data/cat/ws/rzmi154h-molf-pathology/conch_molf_production/embeddings/NCBI494_embeddings.pt	/data/cat/ws/rzmi154h-molf-pathology/conch_molf_production/patch_meta/NCBI494.h5	/data/cat/ws/rzmi154h-molf-pathology/conch_molf_production/st/NCBI494.h5ad	PASS	497
val	MEND37	/data/cat/ws/rzmi154h-molf-pathology/conch_molf_production/embeddings/MEND37_embeddings.pt	/data/cat/ws/rzmi154h-molf-pathology/conch_molf_production/patch_meta/MEND37.h5	/data/cat/ws/rzmi154h-molf-pathology/conch_molf_production/st/MEND37.h5ad	PASS	2334
val	NCBI859	/data/cat/ws/rzmi154h-molf-pathology/conch_molf_production/embeddings/NCBI859_embeddings.pt	/data/cat/ws/rzmi154h-molf-pathology/conch_molf_production/patch_meta/NCBI859.h5	/data/cat/ws/rzmi154h-molf-pathology/conch_molf_production/st/NCBI859.h5ad	PASS	715
val	MISC31	/data/cat/ws/rzmi154h-molf-pathology/conch_molf_production/embeddings/MISC31_embeddings.pt	/data/cat/ws/rzmi154h-molf-pathology/conch_molf_production/patch_meta/MISC31.h5	/data/cat/ws/rzmi154h-molf-pathology/conch_molf_production/st/MISC31.h5ad	PASS	2405
val	MISC53	/data/cat/ws/rzmi154h-molf-pathology/conch_molf_production/embeddings/MISC53_embeddings.pt	/data/cat/ws/rzmi154h-molf-pathology/conch_molf_production/patch_meta/MISC53.h5	/data/cat/ws/rzmi154h-molf-pathology/conch_molf_production/st/MISC53.h5ad	PASS	816
val	MEND11	/data/cat/ws/rzmi154h-molf-pathology/conch_molf_production/embeddings/MEND11_embeddings.pt	/data/cat/ws/rzmi154h-molf-pathology/conch_molf_production/patch_meta/MEND11.h5	/data/cat/ws/rzmi154h-molf-pathology/conch_molf_production/st/MEND11.h5ad	PASS	216
val	ZEN45	/data/cat/ws/rzmi154h-molf-pathology/conch_molf_production/embeddings/ZEN45_embeddings.pt	/data/cat/ws/rzmi154h-molf-pathology/conch_molf_production/patch_meta/ZEN45.h5	/data/cat/ws/rzmi154h-molf-pathology/conch_molf_production/st/ZEN45.h5ad	PASS	328
val	NCBI857	/data/cat/ws/rzmi154h-molf-pathology/conch_molf_production/embeddings/NCBI857_embeddings.pt	/data/cat/ws/rzmi154h-molf-pathology/conch_molf_production/patch_meta/NCBI857.h5	/data/cat/ws/rzmi154h-molf-pathology/conch_molf_production/st/NCBI857.h5ad	PASS	1146
val	TENX122	/data/cat/ws/rzmi154h-molf-pathology/conch_molf_production/embeddings/TENX122_embeddings.pt	/data/cat/ws/rzmi154h-molf-pathology/conch_molf_production/patch_meta/TENX122.h5	/data/cat/ws/rzmi154h-molf-pathology/conch_molf_production/st/TENX122.h5ad	PASS	3293
val	NCBI633	/data/cat/ws/rzmi154h-molf-pathology/conch_molf_production/embeddings/NCBI633_embeddings.pt	/data/cat/ws/rzmi154h-molf-pathology/conch_molf_production/patch_meta/NCBI633.h5	/data/cat/ws/rzmi154h-molf-pathology/conch_molf_production/st/NCBI633.h5ad	PASS	2985
val	NCBI706	/data/cat/ws/rzmi154h-molf-pathology/conch_molf_production/embeddings/NCBI706_embeddings.pt	/data/cat/ws/rzmi154h-molf-pathology/conch_molf_production/patch_meta/NCBI706.h5	/data/cat/ws/rzmi154h-molf-pathology/conch_molf_production/st/NCBI706.h5ad	PASS	664
val	MISC54	/data/cat/ws/rzmi154h-molf-pathology/conch_molf_production/embeddings/MISC54_embeddings.pt	/data/cat/ws/rzmi154h-molf-pathology/conch_molf_production/patch_meta/MISC54.h5	/data/cat/ws/rzmi154h-molf-pathology/conch_molf_production/st/MISC54.h5ad	PASS	667
val	SPA146	/data/cat/ws/rzmi154h-molf-pathology/conch_molf_production/embeddings/SPA146_embeddings.pt	/data/cat/ws/rzmi154h-molf-pathology/conch_molf_production/patch_meta/SPA146.h5	/data/cat/ws/rzmi154h-molf-pathology/conch_molf_production/st/SPA146.h5ad	PASS	298
val	MEND152	/data/cat/ws/rzmi154h-molf-pathology/conch_molf_production/embeddings/MEND152_embeddings.pt	/data/cat/ws/rzmi154h-molf-pathology/conch_molf_production/patch_meta/MEND152.h5	/data/cat/ws/rzmi154h-molf-pathology/conch_molf_production/st/MEND152.h5ad	PASS	3080
val	INT1	/data/cat/ws/rzmi154h-molf-pathology/conch_molf_production/embeddings/INT1_embeddings.pt	/data/cat/ws/rzmi154h-molf-pathology/conch_molf_production/patch_meta/INT1.h5	/data/cat/ws/rzmi154h-molf-pathology/conch_molf_production/st/INT1.h5ad	PASS	1032
val	MISC73	/data/cat/ws/rzmi154h-molf-pathology/conch_molf_production/embeddings/MISC73_embeddings.pt	/data/cat/ws/rzmi154h-molf-pathology/conch_molf_production/patch_meta/MISC73.h5	/data/cat/ws/rzmi154h-molf-pathology/conch_molf_production/st/MISC73.h5ad	PASS	3885
val	TENX73	/data/cat/ws/rzmi154h-molf-pathology/conch_molf_production/embeddings/TENX73_embeddings.pt	/data/cat/ws/rzmi154h-molf-pathology/conch_molf_production/patch_meta/TENX73.h5	/data/cat/ws/rzmi154h-molf-pathology/conch_molf_production/st/TENX73.h5ad	PASS	10857
val	NCBI564	/data/cat/ws/rzmi154h-molf-pathology/conch_molf_production/embeddings/NCBI564_embeddings.pt	/data/cat/ws/rzmi154h-molf-pathology/conch_molf_production/patch_meta/NCBI564.h5	/data/cat/ws/rzmi154h-molf-pathology/conch_molf_production/st/NCBI564.h5ad	PASS	198
val	NCBI462	/data/cat/ws/rzmi154h-molf-pathology/conch_molf_production/embeddings/NCBI462_embeddings.pt	/data/cat/ws/rzmi154h-molf-pathology/conch_molf_production/patch_meta/NCBI462.h5	/data/cat/ws/rzmi154h-molf-pathology/conch_molf_production/st/NCBI462.h5ad	PASS	2032
val	SPA154	/data/cat/ws/rzmi154h-molf-pathology/conch_molf_production/embeddings/SPA154_embeddings.pt	/data/cat/ws/rzmi154h-molf-pathology/conch_molf_production/patch_meta/SPA154.h5	/data/cat/ws/rzmi154h-molf-pathology/conch_molf_production/st/SPA154.h5ad	PASS	346
val	NCBI472	/data/cat/ws/rzmi154h-molf-pathology/conch_molf_production/embeddings/NCBI472_embeddings.pt	/data/cat/ws/rzmi154h-molf-pathology/conch_molf_production/patch_meta/NCBI472.h5	/data/cat/ws/rzmi154h-molf-pathology/conch_molf_production/st/NCBI472.h5ad	PASS	1107
val	SPA140	/data/cat/ws/rzmi154h-molf-pathology/conch_molf_production/embeddings/SPA140_embeddings.pt	/data/cat/ws/rzmi154h-molf-pathology/conch_molf_production/patch_meta/SPA140.h5	/data/cat/ws/rzmi154h-molf-pathology/conch_molf_production/st/SPA140.h5ad	PASS	180
val	MEND1	/data/cat/ws/rzmi154h-molf-pathology/conch_molf_production/embeddings/MEND1_embeddings.pt	/data/cat/ws/rzmi154h-molf-pathology/conch_molf_production/patch_meta/MEND1.h5	/data/cat/ws/rzmi154h-molf-pathology/conch_molf_production/st/MEND1.h5ad	PASS	175
val	MEND35	/data/cat/ws/rzmi154h-molf-pathology/conch_molf_production/embeddings/MEND35_embeddings.pt	/data/cat/ws/rzmi154h-molf-pathology/conch_molf_production/patch_meta/MEND35.h5	/data/cat/ws/rzmi154h-molf-pathology/conch_molf_production/st/MEND35.h5ad	PASS	3273
val	NCBI538	/data/cat/ws/rzmi154h-molf-pathology/conch_molf_production/embeddings/NCBI538_embeddings.pt	/data/cat/ws/rzmi154h-molf-pathology/conch_molf_production/patch_meta/NCBI538.h5	/data/cat/ws/rzmi154h-molf-pathology/conch_molf_production/st/NCBI538.h5ad	PASS	427
val	INT20	/data/cat/ws/rzmi154h-molf-pathology/conch_molf_production/embeddings/INT20_embeddings.pt	/data/cat/ws/rzmi154h-molf-pathology/conch_molf_production/patch_meta/INT20.h5	/data/cat/ws/rzmi154h-molf-pathology/conch_molf_production/st/INT20.h5ad	PASS	4860
val	SPA151	/data/cat/ws/rzmi154h-molf-pathology/conch_molf_production/embeddings/SPA151_embeddings.pt	/data/cat/ws/rzmi154h-molf-pathology/conch_molf_production/patch_meta/SPA151.h5	/data/cat/ws/rzmi154h-molf-pathology/conch_molf_production/st/SPA151.h5ad	PASS	343
val	MISC42	/data/cat/ws/rzmi154h-molf-pathology/conch_molf_production/embeddings/MISC42_embeddings.pt	/data/cat/ws/rzmi154h-molf-pathology/conch_molf_production/patch_meta/MISC42.h5	/data/cat/ws/rzmi154h-molf-pathology/conch_molf_production/st/MISC42.h5ad	PASS	643
val	MEND91	/data/cat/ws/rzmi154h-molf-pathology/conch_molf_production/embeddings/MEND91_embeddings.pt	/data/cat/ws/rzmi154h-molf-pathology/conch_molf_production/patch_meta/MEND91.h5	/data/cat/ws/rzmi154h-molf-pathology/conch_molf_production/st/MEND91.h5ad	PASS	1137
test	INT24	data/HEST1K/conch/INT24_embeddings.pt	data/HEST1K/patches/INT24.h5	data/hest_data/st/INT24.h5ad	PASS	4483
test	INT15	data/HEST1K/conch/INT15_embeddings.pt	data/HEST1K/patches/INT15.h5	data/hest_data/st/INT15.h5ad	PASS	4940
test	INT14	data/HEST1K/conch/INT14_embeddings.pt	data/HEST1K/patches/INT14.h5	data/hest_data/st/INT14.h5ad	PASS	4559
test	INT13	data/HEST1K/conch/INT13_embeddings.pt	data/HEST1K/patches/INT13.h5	data/hest_data/st/INT13.h5ad	PASS	4359
test	TENX116	data/HEST1K/conch/TENX116_embeddings.pt	data/HEST1K/patches/TENX116.h5	data/hest_data/st/TENX116.h5ad	PASS	2068
test	TENX117	data/HEST1K/conch/TENX117_embeddings.pt	data/HEST1K/patches/TENX117.h5	data/hest_data/st/TENX117.h5ad	PASS	1271
test	MEND162	data/HEST1K/conch/MEND162_embeddings.pt	data/HEST1K/patches/MEND162.h5	data/hest_data/st/MEND162.h5ad	PASS	2509
test	MEND161	data/HEST1K/conch/MEND161_embeddings.pt	data/HEST1K/patches/MEND161.h5	data/hest_data/st/MEND161.h5ad	PASS	2763
test	MEND160	data/HEST1K/conch/MEND160_embeddings.pt	data/HEST1K/patches/MEND160.h5	data/hest_data/st/MEND160.h5ad	PASS	4074
test	MEND159	data/HEST1K/conch/MEND159_embeddings.pt	data/HEST1K/patches/MEND159.h5	data/hest_data/st/MEND159.h5ad	PASS	3856
test	MEND158	data/HEST1K/conch/MEND158_embeddings.pt	data/HEST1K/patches/MEND158.h5	data/hest_data/st/MEND158.h5ad	PASS	3092
test	MEND157	data/HEST1K/conch/MEND157_embeddings.pt	data/HEST1K/patches/MEND157.h5	data/hest_data/st/MEND157.h5ad	PASS	3190
test	MEND156	data/HEST1K/conch/MEND156_embeddings.pt	data/HEST1K/patches/MEND156.h5	data/hest_data/st/MEND156.h5ad	PASS	3547
test	MEND154	data/HEST1K/conch/MEND154_embeddings.pt	data/HEST1K/patches/MEND154.h5	data/hest_data/st/MEND154.h5ad	PASS	2733
test	TENX99	data/HEST1K/conch/TENX99_embeddings.pt	data/HEST1K/patches/TENX99.h5	data/hest_data/st/TENX99.h5ad	PASS	20549
test	NCBI684	data/HEST1K/conch/NCBI684_embeddings.pt	data/HEST1K/patches/NCBI684.h5	data/hest_data/st/NCBI684.h5ad	PASS	4033
test	TENX149	data/HEST1K/conch/TENX149_embeddings.pt	data/HEST1K/patches/TENX149.h5	data/hest_data/st/TENX149.h5ad	PASS	3620
test	TENX148	data/HEST1K/conch/TENX148_embeddings.pt	data/HEST1K/patches/TENX148.h5	data/hest_data/st/TENX148.h5ad	PASS	3535
test	TENX147	data/HEST1K/conch/TENX147_embeddings.pt	data/HEST1K/patches/TENX147.h5	data/hest_data/st/TENX147.h5ad	PASS	3417
test	TENX141	data/HEST1K/conch/TENX141_embeddings.pt	data/HEST1K/patches/TENX141.h5	data/hest_data/st/TENX141.h5ad	PASS	3069
test	NCBI643	data/HEST1K/conch/NCBI643_embeddings.pt	data/HEST1K/patches/NCBI643.h5	data/hest_data/st/NCBI643.h5ad	PASS	2252
test	ZEN49	data/HEST1K/conch/ZEN49_embeddings.pt	data/HEST1K/patches/ZEN49.h5	data/hest_data/st/ZEN49.h5ad	PASS	2203
test	ZEN48	data/HEST1K/conch/ZEN48_embeddings.pt	data/HEST1K/patches/ZEN48.h5	data/hest_data/st/ZEN48.h5ad	PASS	2385
