expert_id,rank,sample_id,patch_index,barcode,coord_x,coord_y,affinity_score,affinity_score_sd,mean_logit,actual_top2_frequency,actual_top1_frequency,actual_mean_route_weight
0,1,TENX116,1974,090x025,15821,63479,0.31575722694396974,0.031225882284820428,0.6826566725969314,1.0,0.6,0.5614346265792847
0,2,TENX116,1969,090x020,12168,63479,0.31418069899082185,0.026086740856044302,0.7161230444908142,1.0,0.6,0.556034603714943
0,3,TENX116,665,033x011,5594,21839,0.30941603481769564,0.026369835338116362,0.5795440673828125,1.0,0.6,0.5508200407028199
0,4,TENX116,1868,085x026,16552,59827,0.3082053869962692,0.03398310082952978,0.5891832858324051,1.0,0.5,0.5409677565097809
0,5,TENX116,1579,072x018,10707,50330,0.3058929264545441,0.03723366016041456,0.5985543072223664,1.0,0.5,0.5344947814941406
0,6,TENX116,91,008x009,4133,3576,0.30573526918888094,0.02560979580281792,0.5851282060146332,1.0,0.7,0.5497761726379394
0,7,TENX116,1661,076x012,6324,53252,0.3054180443286896,0.02974593764459212,0.5675762921571732,1.0,0.6,0.5414265930652619
0,8,TENX116,1587,072x026,16552,50330,0.3045294493436813,0.033539802558165126,0.4957900673151016,1.0,0.5,0.5425671309232711
0,9,TENX116,1931,088x026,16552,62018,0.30431907176971434,0.029408827275888765,0.5883617609739303,1.0,0.6,0.5385343253612518
0,10,TENX116,1730,079x015,8516,55444,0.303239169716835,0.034105895822587044,0.5708426088094711,1.0,0.5,0.5344397872686386
0,11,TENX116,1847,084x026,16552,59096,0.3022556871175766,0.03343484521122915,0.5236050337553024,1.0,0.5,0.5423352599143982
0,12,TENX116,432,023x006,1941,14534,0.3019487202167511,0.03304415326770883,0.5148353040218353,1.0,0.7,0.5466881573200226
0,13,TENX116,1614,074x009,4133,51791,0.3017581194639206,0.029449446185751297,0.610466691851616,1.0,0.5,0.5387173384428025
0,14,TENX116,1867,085x025,15821,59827,0.30119395554065703,0.03281938655028086,0.5942011117935181,1.0,0.5,0.5317113697528839
0,15,TENX116,1678,077x007,2671,53983,0.30077098608016967,0.024714208753784352,0.5240544646978378,1.0,0.7,0.549126735329628
0,16,TENX116,1298,060x016,9246,41564,0.3001739829778671,0.0276312155719938,0.49620078802108764,1.0,0.6,0.5433703601360321
0,17,TENX116,1925,088x020,12168,62018,0.29934940934181214,0.0359927070036234,0.5195014655590058,1.0,0.5,0.5280743837356567
0,18,TENX116,193,012x023,14360,6498,0.29847502112388613,0.02738453715312215,0.4750566124916077,1.0,0.6,0.5436779707670212
0,19,TENX116,1971,090x022,13629,63479,0.29767738580703734,0.027765745298904083,0.6507159858942032,1.0,0.5,0.525100365281105
0,20,TENX116,1946,089x019,11438,62749,0.29729214012622834,0.027359613370349707,0.6449193149805069,1.0,0.5,0.5196029901504516
0,21,TENX116,1953,089x026,16552,62749,0.2972333639860153,0.03343647769460608,0.5535089999437333,1.0,0.5,0.5274894863367081
0,22,TENX116,434,023x008,3402,14534,0.2969905763864517,0.031913510995356054,0.6078204423189163,1.0,0.6,0.5498189121484757
0,23,TENX116,1797,082x018,10707,57635,0.2967278093099594,0.03501576584230769,0.612221759557724,1.0,0.5,0.5283710092306138
0,24,TENX116,1991,091x021,12899,64210,0.29621188044548036,0.027620720006768816,0.6626422494649887,1.0,0.5,0.5258292436599732
0,25,TENX116,1677,076x028,18013,53252,0.2957898944616318,0.02282016399844232,0.5431255161762237,1.0,0.6,0.5401993066072464
0,26,TENX116,1728,079x013,7055,55444,0.2956803560256958,0.029777403955846684,0.45963902175426485,1.0,0.5,0.5295616567134858
0,27,TENX116,694,034x017,9977,22570,0.2956423580646515,0.028590610802926127,0.6059829711914062,1.0,0.5,0.5368606328964234
0,28,TENX116,1970,090x021,12899,63479,0.2950376749038696,0.029678010530208812,0.5282198518514634,1.0,0.6,0.5324349462985992
0,29,TENX116,1720,078x027,17282,54713,0.2948917388916016,0.03410330973630459,0.5805582135915757,1.0,0.6,0.5304076731204986
0,30,TENX116,1373,063x019,11438,43755,0.294406858086586,0.027469966713457087,0.5117796272039413,1.0,0.5,0.538658955693245
0,31,TENX116,1127,053x011,5594,36450,0.2939186215400696,0.023740491690215318,0.5445679724216461,1.0,0.6,0.5351531624794006
0,32,TENX116,1950,089x023,14360,62749,0.2939057320356369,0.029448225289785728,0.6069624662399292,1.0,0.5,0.5349556028842926
0,33,TENX116,1764,080x027,17282,56174,0.29359801709651945,0.03296303301179319,0.6703607559204101,1.0,0.5,0.5240298599004746
0,34,TENX116,1401,064x024,15090,44486,0.2933996021747589,0.031083473868914614,0.5826368153095245,1.0,0.6,0.5426599144935608
0,35,TENX116,1292,060x010,4863,41564,0.2933321535587311,0.026289978423870108,0.5248030424118042,1.0,0.5,0.5487893193960189
0,36,TENX116,1205,056x023,14360,38641,0.29296632260084154,0.03199672381751039,0.5254539668560028,1.0,0.6,0.5356361329555511
0,37,TENX116,1567,071x028,18013,49599,0.2923030287027359,0.02545446476497549,0.5771931052207947,1.0,0.5,0.5350670218467712
0,38,TENX116,1427,065x027,17282,45216,0.2922478884458542,0.02829993841221163,0.5599399238824845,1.0,0.5,0.5298564612865448
0,39,TENX116,1332,061x025,15821,42294,0.2921919137239456,0.02498378300233925,0.477091857790947,1.0,0.5,0.52667615711689
0,40,TENX116,1165,054x027,17282,37180,0.291785891354084,0.026252497425260375,0.5519229769706726,1.0,0.5,0.5278182655572892
0,41,TENX116,1168,055x008,3402,37911,0.29149794578552246,0.022139741199664394,0.5112198233604431,1.0,0.5,0.5382811158895493
0,42,TENX116,223,014x005,1210,7959,0.29140168279409406,0.027654285763104476,0.6281250536441803,1.0,0.5,0.542457178235054
0,43,TENX116,1328,061x021,12899,42294,0.29130077064037324,0.03145880008131883,0.5474355071783066,1.0,0.6,0.529351219534874
0,44,TENX116,989,047x014,7785,32067,0.29099348187446594,0.033226200707631666,0.6175900071859359,1.0,0.5,0.5248198479413986
0,45,TENX116,1893,087x009,4133,61288,0.29089868515729905,0.03543975429017289,0.6681366264820099,1.0,0.5,0.5209734857082366
0,46,TENX116,615,031x005,1210,20378,0.29083176553249357,0.03182516791879735,0.5815776228904724,1.0,0.5,0.5266562879085541
0,47,TENX116,642,032x010,4863,21109,0.2905941873788834,0.03516685888203373,0.6124483346939087,1.0,0.6,0.5299699455499649
0,48,TENX116,1173,055x013,7055,37911,0.2905563414096832,0.026557559582595123,0.3970020666718483,1.0,0.6,0.5558367729187011
0,49,TENX116,1929,088x024,15090,62018,0.28999428153038026,0.02801332416589092,0.592819145321846,1.0,0.5,0.5303261667490006
0,50,TENX116,1611,073x028,18013,51060,0.2898002237081528,0.026404985296576925,0.4664534717798233,1.0,0.6,0.5368841588497162
0,51,TENX116,1696,077x025,15821,53983,0.28977290689945223,0.03383273158547298,0.47288074195384977,1.0,0.5,0.5209784120321274
0,52,TENX116,130,010x007,2671,5037,0.2897663861513138,0.033534169899668564,0.5388841420412064,1.0,0.5,0.5232041507959366
0,53,TENX116,965,046x015,8516,31336,0.2896725952625275,0.027600167155016595,0.5385934025049209,1.0,0.5,0.5227182894945145
0,54,TENX116,1395,064x018,10707,44486,0.2896072804927826,0.031069926184480637,0.5983233720064163,1.0,0.5,0.5173750877380371
0,55,TENX116,556,028x015,8516,18187,0.28957841992378236,0.03527550976705001,0.49881876111030576,1.0,0.5,0.5150775730609893
0,56,TENX116,957,046x007,2671,31336,0.28951937407255174,0.027998134647284248,0.37730446755886077,1.0,0.5,0.5294884771108628
0,57,TENX116,1377,063x023,14360,43755,0.28945232927799225,0.03177374306783686,0.49672610461711886,1.0,0.5,0.529670849442482
0,58,TENX116,338,019x004,480,11612,0.2891781866550446,0.026598563637687766,0.5273211300373077,1.0,0.5,0.5287441462278366
0,59,TENX116,407,022x004,480,13803,0.28915350437164306,0.030927740609620096,0.492714124917984,1.0,0.6,0.5459612816572189
0,60,TENX116,1425,065x025,15821,45216,0.28909231126308443,0.022332830170575618,0.4731976598501205,1.0,0.5,0.5260187149047851
0,61,TENX116,1994,091x024,15090,64210,0.2890082597732544,0.026167675924687144,0.5274550169706345,1.0,0.5,0.5279387414455414
0,62,TENX116,921,044x017,9977,29875,0.2889974474906921,0.03515038107017529,0.5020128697156906,1.0,0.5,0.517662239074707
0,63,TENX116,386,021x006,1941,13073,0.28892614245414733,0.03403289928968831,0.5434950947761535,1.0,0.5,0.5329597473144532
0,64,TENX116,1781,081x023,14360,56905,0.28880834579467773,0.03393600178513616,0.5235203504562378,1.0,0.5,0.5068114697933197
0,65,TENX116,1456,067x007,2671,46677,0.288808274269104,0.032941376989128496,0.49646326899528503,1.0,0.5,0.5277369499206543
0,66,TENX116,106,009x004,480,4307,0.2886515200138092,0.02246155913280868,0.4339008092880249,1.0,0.5,0.526067391037941
0,67,TENX116,198,013x004,480,7229,0.2886048197746277,0.024897001857858526,0.512571856379509,1.0,0.5,0.5372073441743851
0,68,TENX116,730,036x008,3402,24031,0.2885920360684395,0.03172405214151254,0.5309123903512954,1.0,0.5,0.523966732621193
0,69,TENX116,1129,053x013,7055,36450,0.2883725851774216,0.031717259564854494,0.6019332557916641,1.0,0.5,0.5242680937051774
0,70,TENX116,1461,067x012,6324,46677,0.28832014501094816,0.03486750974622219,0.5573281198740005,1.0,0.5,0.5242275923490525
0,71,TENX116,385,021x005,1210,13073,0.2882983386516571,0.031831366794684894,0.5411175727844239,1.0,0.5,0.5228810340166092
0,72,TENX116,453,024x004,480,15265,0.2881716161966324,0.026141604983737368,0.5870410591363907,1.0,0.5,0.517756712436676
0,73,TENX116,1146,054x008,3402,37180,0.28815488517284393,0.027763901583614456,0.5065945833921432,1.0,0.5,0.5419944792985916
0,74,TENX116,1126,053x010,4863,36450,0.28776909708976744,0.022499003846932163,0.532620957493782,1.0,0.5,0.5372324854135513
0,75,TENX116,1268,059x011,5594,40833,0.28771187663078307,0.029686118118919885,0.5417324334383011,1.0,0.5,0.5383204728364944
0,76,TENX116,1682,077x011,5594,53983,0.2876706063747406,0.027932773965832314,0.5179543852806091,1.0,0.5,0.526496434211731
0,77,TENX116,465,024x016,9246,15265,0.2874167442321777,0.030432872466284254,0.3848465584218502,1.0,0.5,0.5283685803413392
0,78,TENX116,1930,088x025,15821,62018,0.28735833764076235,0.03428994446167366,0.4568123072385788,1.0,0.5,0.5189475387334823
0,79,TENX116,269,016x004,480,9420,0.28702340424060824,0.036818722168849766,0.4482337385416031,1.0,0.5,0.5161044806241989
0,80,TENX116,1593,073x010,4863,51060,0.286863175034523,0.02758049479182163,0.5281288683414459,1.0,0.5,0.5314227104187011
0,81,TENX116,1647,075x020,12168,52521,0.28683567196130755,0.03036310688712934,0.47219898998737336,1.0,0.5,0.5325527995824814
0,82,TENX116,993,047x018,10707,32067,0.2867879867553711,0.03197534239385665,0.5333202600479126,1.0,0.5,0.5301611423492432
0,83,TENX116,1104,052x010,4863,35719,0.28676979541778563,0.028375023511335952,0.4617250829935074,1.0,0.5,0.5369261115789413
0,84,TENX116,688,034x011,5594,22570,0.2867128670215607,0.03288926416953391,0.5905576050281525,1.0,0.5,0.5140347748994827
0,85,TENX116,316,018x005,1210,10881,0.2862859383225441,0.030687608639537935,0.5140469312667847,1.0,0.5,0.5307671427726746
0,86,TENX116,1071,050x023,14360,34258,0.2861776530742645,0.03103494691192129,0.5100226491689682,1.0,0.5,0.5121317386627198
0,87,TENX116,408,022x005,1210,13803,0.28604512512683866,0.03440866982151597,0.5259267210960388,1.0,0.5,0.5214079022407532
0,88,TENX116,1566,071x027,17282,49599,0.2858060121536255,0.031213453292325218,0.5003942221403122,1.0,0.5,0.5174454331398011
0,89,TENX116,920,044x016,9246,29875,0.285752072930336,0.024794879730574086,0.5792441368103027,1.0,0.5,0.529498678445816
0,90,TENX116,1032,049x008,3402,33528,0.285617695748806,0.02824845693213546,0.5290533244609833,1.0,0.5,0.5134836614131928
0,91,TENX116,1905,087x021,12899,61288,0.28552672564983367,0.03384746225859306,0.4949311375617981,1.0,0.5,0.5111074864864349
0,92,TENX116,1889,086x026,16552,60557,0.2854749634861946,0.0346829127549312,0.5393655478954316,1.0,0.5,0.5089287340641022
0,93,TENX116,1111,052x017,9977,35719,0.285385400056839,0.02900576239358821,0.558230185508728,1.0,0.5,0.5204133868217469
0,94,TENX116,1852,085x010,4863,59827,0.28534603863954544,0.031184154924720087,0.522937822341919,1.0,0.5,0.5205895930528641
0,95,TENX116,1016,048x016,9246,32797,0.2853277578949928,0.0287373408866566,0.5337665528059006,1.0,0.5,0.5226757258176804
0,96,TENX116,1505,069x010,4863,48138,0.28529765605926516,0.03263233085924949,0.4967359393835068,1.0,0.5,0.5220313847064972
0,97,TENX116,92,008x010,4863,3576,0.28528925180435183,0.03662347639073397,0.5896506249904633,1.0,0.5,0.5046341210603714
0,98,TENX116,1701,078x008,3402,54713,0.28520787358283994,0.03619112752985126,0.5383979141712188,1.0,0.5,0.5185354888439179
0,99,TENX116,1639,075x012,6324,52521,0.2851808786392212,0.03442300962828385,0.5168583422899247,1.0,0.5,0.5178255587816238
0,100,TENX116,1746,080x009,4133,56174,0.28517272770404817,0.03436573262728269,0.5520970672369003,1.0,0.5,0.5110419154167175
0,101,TENX116,1687,077x016,9246,53983,0.28503974825143813,0.031306055265146154,0.5765855491161347,1.0,0.5,0.5062089443206788
0,102,TENX116,592,030x005,1210,19648,0.28492914885282516,0.036067564988785876,0.6480758130550385,1.0,0.5,0.5126695364713669
0,103,TENX116,1301,060x019,11438,41564,0.28478567898273466,0.025365377502222806,0.5376956731081008,1.0,0.5,0.5319572359323501
0,104,TENX116,1973,090x024,15090,63479,0.28478202074766157,0.029768438287714905,0.5161388397216797,1.0,0.5,0.5234849274158477
0,105,TENX116,843,041x005,1210,27684,0.284473717212677,0.03585631381134939,0.5070073693990708,1.0,0.5,0.5166713744401932
0,106,TENX116,1124,053x008,3402,36450,0.2842936903238297,0.02522134290841111,0.4902672082185745,1.0,0.5,0.5263119876384735
0,107,TENX116,1501,068x028,18013,47408,0.28417135030031204,0.03357402215946639,0.5168929517269134,1.0,0.5,0.5213329792022705
0,108,TENX116,1947,089x020,12168,62749,0.2841303423047066,0.035077222315627196,0.48765999674797056,1.0,0.5,0.5179418563842774
0,109,TENX116,1459,067x010,4863,46677,0.28402869701385497,0.029205063029554074,0.5499008625745774,1.0,0.5,0.5211890041828156
0,110,TENX116,1376,063x022,13629,43755,0.28397116661071775,0.030347756024941875,0.49801496267318723,1.0,0.6,0.5261375099420548
0,111,TENX116,1273,059x016,9246,40833,0.2838194161653519,0.029283097986974357,0.546907564997673,1.0,0.5,0.5206534504890442
0,112,TENX116,217,013x023,14360,7229,0.2837994575500488,0.03477090529547213,0.4454860895872116,1.0,0.5,0.5164943635463715
0,113,TENX116,821,040x005,1210,26953,0.2836987927556038,0.028731183354420455,0.46140146553516387,1.0,0.5,0.5232647687196732
0,114,TENX116,1763,080x026,16552,56174,0.28357849419116976,0.031918493693805734,0.5257336109876632,1.0,0.5,0.5116603076457977
0,115,TENX116,181,012x011,5594,6498,0.28348892033100126,0.04091115310479342,0.44480882585048676,1.0,0.5,0.5101401031017303
0,116,TENX116,1875,086x012,6324,60557,0.28347038477659225,0.028975506705988037,0.6096364974975585,1.0,0.5,0.5261735647916794
0,117,TENX116,292,017x004,480,10151,0.28344338536262514,0.02443173033188074,0.39098256528377534,1.0,0.6,0.5290935963392258
0,118,TENX116,433,023x007,2671,14534,0.2830425605177879,0.028385025342831934,0.4531176224350929,1.0,0.5,0.5214634269475937
0,119,TENX116,194,012x024,15090,6498,0.28298395723104475,0.024386102821932296,0.4913362324237823,1.0,0.5,0.5166399717330933
0,120,TENX116,1331,061x024,15090,42294,0.2829541265964508,0.036643724211090696,0.41764229387044904,1.0,0.5,0.5262142241001129
0,121,TENX116,1871,086x008,3402,60557,0.2828144669532776,0.027162516957712126,0.4836974382400513,1.0,0.5,0.5175955176353455
0,122,TENX116,1635,075x008,3402,52521,0.28270327895879743,0.026580914849042066,0.397670841217041,1.0,0.5,0.535364818572998
0,123,TENX116,261,015x019,11438,8690,0.28265078365802765,0.03242089987605786,0.47691901624202726,1.0,0.5,0.5120310366153717
0,124,TENX116,1083,051x012,6324,34989,0.28262569904327395,0.026613772920769763,0.4851369887590408,1.0,0.5,0.5250829339027405
0,125,TENX116,1474,067x025,15821,46677,0.2825488805770874,0.02999339918547847,0.5302367568016052,1.0,0.5,0.5115209996700287
0,126,TENX116,1588,072x027,17282,50330,0.28245739489793775,0.028289278360368278,0.513523718714714,1.0,0.5,0.5223783701658249
0,127,TENX116,456,024x007,2671,15265,0.28230818212032316,0.025098694192944804,0.4695728480815887,1.0,0.5,0.5167448133230209
0,128,TENX116,1863,085x021,12899,59827,0.2822915315628052,0.031543271522358425,0.5020852446556091,1.0,0.5,0.5117837637662888
0,129,TENX116,790,038x020,12168,25492,0.2821926847100258,0.024950776727789184,0.4784345477819443,1.0,0.6,0.5294745117425919
0,130,TENX116,506,026x011,5594,16726,0.2821671277284622,0.02342231829572822,0.3629163146018982,1.0,0.6,0.5266915827989578
0,131,TENX116,1148,054x010,4863,37180,0.28213991522789,0.024368945625234485,0.4621006339788437,1.0,0.6,0.526338130235672
0,132,TENX116,986,047x011,5594,32067,0.2820952758193016,0.033017207076031355,0.4471074789762497,1.0,0.5,0.5253704249858856
0,133,TENX116,178,012x008,3402,6498,0.2820785343647003,0.03434341541586438,0.6245039373636245,1.0,0.5,0.5160097301006317
0,134,TENX116,549,028x008,3402,18187,0.28200576454401016,0.030494671986179316,0.43313053250312805,1.0,0.5,0.5230520695447922
0,135,TENX116,664,033x010,4863,21839,0.2819910854101181,0.03419248655003135,0.4997308343648911,1.0,0.5,0.5221011340618134
0,136,TENX116,1097,051x026,16552,34989,0.2819594949483871,0.024978085515124128,0.42140203416347505,1.0,0.5,0.5235120713710785
0,137,TENX116,575,029x011,5594,18917,0.28190415501594546,0.03881556691178392,0.4789598137140274,1.0,0.5,0.5079771846532821
0,138,TENX116,574,029x010,4863,18917,0.28186209350824354,0.029804534708477316,0.4898946076631546,1.0,0.5,0.51242795586586
0,139,TENX116,345,019x011,5594,11612,0.28181496560573577,0.02799163010874175,0.4965651959180832,1.0,0.5,0.5225026190280915
0,140,TENX116,1954,089x027,17282,62749,0.28180980384349824,0.0305407841851829,0.6163507014513016,1.0,0.5,0.513100853562355
0,141,TENX116,1075,050x027,17282,34258,0.28170948177576066,0.02567212996367067,0.4677200436592102,1.0,0.5,0.5167159050703048
0,142,TENX116,659,033x005,1210,21839,0.2816959708929062,0.03434132154122409,0.30911705493927,1.0,0.5,0.5075488924980164
0,143,TENX116,1350,062x019,11438,43025,0.2816465198993683,0.02883511326826839,0.49188876450061797,1.0,0.5,0.5176880538463593
0,144,TENX116,1030,049x006,1941,33528,0.2816329047083855,0.02730409121996274,0.476982319355011,1.0,0.5,0.5063458800315856
0,145,TENX116,218,013x024,15090,7229,0.2815717786550522,0.030968107049064313,0.5195879936218262,1.0,0.5,0.5131772935390473
0,146,TENX116,200,013x006,1941,7229,0.28153215497732165,0.03282532016857826,0.5041695386171341,1.0,0.5,0.5146294265985489
0,147,TENX116,286,016x021,12899,9420,0.2815161496400833,0.03260842024329085,0.4668419390916824,1.0,0.5,0.5175641238689422
0,148,TENX116,1378,063x024,15090,43755,0.28150544911623,0.03037335349348038,0.4734762340784073,1.0,0.5,0.5167931705713272
0,149,TENX116,309,017x021,12899,10151,0.2814420685172081,0.030246242180640003,0.5464901953935624,1.0,0.5,0.5122571766376496
0,150,TENX116,409,022x006,1941,13803,0.2813764035701752,0.0307319979248503,0.5129850924015045,1.0,0.5,0.5142492800951004
0,151,TENX116,340,019x006,1941,11612,0.28129785507917404,0.031620526491958206,0.45915547311306,1.0,0.5,0.5193316966295243
0,152,TENX116,1123,053x007,2671,36450,0.2812228322029114,0.0332475970506544,0.4770730435848236,1.0,0.5,0.5261502087116241
0,153,TENX116,1907,087x023,14360,61288,0.28121310025453566,0.028745017291171224,0.5598028331995011,1.0,0.5,0.5163333743810654
0,154,TENX116,1876,086x013,7055,60557,0.28117749840021133,0.030981989837275355,0.5149515599012375,1.0,0.5,0.5111468702554702
0,155,TENX116,1949,089x022,13629,62749,0.28095594644546507,0.028285018100426936,0.5597878962755203,1.0,0.5,0.5082672625780106
0,156,TENX116,1706,078x013,7055,54713,0.28088182806968687,0.030450321742005612,0.37660614848136903,1.0,0.5,0.5097760885953904
0,157,TENX116,315,018x004,480,10881,0.2808506369590759,0.028827561964172077,0.45356877744197843,1.0,0.5,0.5106265753507614
0,158,TENX116,1082,051x011,5594,34989,0.2808127596974373,0.034529900731469436,0.47414891645312307,1.0,0.5,0.5198703438043595
0,159,TENX116,2041,094x020,12168,66402,0.2807790145277977,0.03058661715103952,0.544533708691597,1.0,0.5,0.5124369323253631
0,160,TENX116,342,019x008,3402,11612,0.28074311167001725,0.03835810892056743,0.45484821796417235,1.0,0.5,0.5140666455030442
0,161,TENX116,1948,089x021,12899,62749,0.28069076538085935,0.03593021430450717,0.43244958221912383,1.0,0.5,0.5122095257043838
0,162,TENX116,1087,051x016,9246,34989,0.2806606084108353,0.03210595593081767,0.433734256029129,1.0,0.6,0.5238916665315628
0,163,TENX116,1374,063x020,12168,43755,0.28052456825971606,0.035882512065057125,0.44230800569057466,1.0,0.5,0.5237896233797074
0,164,TENX116,1112,052x018,10707,35719,0.2804871782660484,0.03172058374562509,0.5723772525787354,1.0,0.5,0.5123328387737274
0,165,TENX116,804,039x010,4863,26222,0.28044156432151796,0.025892632992472384,0.5683309316635132,1.0,0.5,0.5176255911588669
0,166,TENX116,1147,054x009,4133,37180,0.280125492811203,0.031618739183635704,0.40016608238220214,1.0,0.7,0.5329302161931991
0,167,TENX116,344,019x010,4863,11612,0.2800247877836227,0.03259015016643876,0.4853843480348587,1.0,0.5,0.518474605679512
0,168,TENX116,1968,090x019,11438,63479,0.27996754050254824,0.03133165280244512,0.4489593654870987,1.0,0.5,0.5112218469381332
0,169,TENX116,737,036x015,8516,24031,0.27992228269577024,0.030350883626939787,0.47663483023643494,1.0,0.5,0.5127777099609375
0,170,TENX116,1061,050x013,7055,34258,0.27989352196455003,0.027736127906590285,0.5821967035531997,1.0,0.5,0.5198689013719558
0,171,TENX116,1718,078x025,15821,54713,0.27986220121383665,0.03129220203295296,0.396572133898735,1.0,0.5,0.5172066569328309
0,172,TENX116,571,029x007,2671,18917,0.2797970980405807,0.026417342954651105,0.4230238765478134,1.0,0.5,0.5137091606855393
0,173,TENX116,1911,087x027,17282,61288,0.2797895759344101,0.03756233700344419,0.5394372135400772,1.0,0.5,0.5146875739097595
0,174,TENX116,174,012x004,480,6498,0.2796475663781166,0.03067604295541124,0.5774857014417648,1.0,0.5,0.5102805405855179
0,175,TENX116,1589,072x028,18013,50330,0.2796411201357841,0.023119444629569233,0.4536856047809124,1.0,0.5,0.5259399890899659
0,176,TENX116,1646,075x019,11438,52521,0.27955174148082734,0.03301652175815848,0.5344458252191544,1.0,0.5,0.5061914891004562
0,177,TENX116,846,041x008,3402,27684,0.2794208526611328,0.03275549040449847,0.530625832080841,1.0,0.5,0.513442599773407
0,178,TENX116,384,021x004,480,13073,0.279307521879673,0.02935165354352033,0.5015480935573577,1.0,0.5,0.5204769402742386
0,179,TENX116,1750,080x013,7055,56174,0.2792983382940292,0.033954273876786456,0.5045607775449753,1.0,0.5,0.4978612571954727
0,180,TENX116,1500,068x027,17282,47408,0.2791440024971962,0.03479120814609679,0.555154699087143,1.0,0.5,0.5057264983654022
0,181,TENX116,1700,078x007,2671,54713,0.2790935054421425,0.02027280423944641,0.4976519912481308,1.0,0.5,0.5107136011123657
0,182,TENX116,1626,074x021,12899,51791,0.27894100844860076,0.036012609341814925,0.5335242271423339,1.0,0.5,0.5085440158843995
0,183,TENX116,306,017x018,10707,10151,0.27893544882535937,0.03278516559085378,0.4905074626207352,1.0,0.5,0.5161505669355393
0,184,TENX116,1676,076x027,17282,53252,0.27889861166477203,0.022755669165564443,0.4331658214330673,1.0,0.5,0.5115680903196335
0,185,TENX116,1652,075x025,15821,52521,0.27880392223596573,0.031017146307248465,0.4132886707782745,1.0,0.5,0.5084512144327163
0,186,TENX116,1011,048x011,5594,32797,0.27879476100206374,0.030126814598754468,0.44820246770977973,1.0,0.5,0.5175861895084382
0,187,TENX116,1938,089x011,5594,62749,0.2787774667143822,0.03686398207011535,0.5373454809188842,1.0,0.5,0.5089106023311615
0,188,TENX116,1213,057x006,1941,39372,0.2786765888333321,0.03200263124591544,0.44502838253974913,1.0,0.5,0.5060714930295944
0,189,TENX116,1520,069x025,15821,48138,0.278573702275753,0.0355971118397981,0.46539266705513,1.0,0.5,0.5212565302848816
0,190,TENX116,476,025x004,480,15995,0.2785572737455368,0.02916787752894084,0.5289454758167267,1.0,0.5,0.5167732894420624
0,191,TENX116,761,037x015,8516,24761,0.27845055162906646,0.03452452678289776,0.4255476713180542,1.0,0.5,0.5163563638925552
0,192,TENX116,1634,075x007,2671,52521,0.27839652001857756,0.021018714975717195,0.5066770851612091,1.0,0.5,0.5302673131227493
0,193,TENX116,2027,093x022,13629,65671,0.2783646985888481,0.03185403897641603,0.46474356651306153,1.0,0.5,0.5211423248052597
0,194,TENX116,1323,061x016,9246,42294,0.2783116832375526,0.026176222081203983,0.43529771864414213,1.0,0.5,0.5159397840499877
0,195,TENX116,1013,048x013,7055,32797,0.2782998517155647,0.029234490010005533,0.5571162879467011,1.0,0.5,0.5110927760601044
0,196,TENX116,1972,090x023,14360,63479,0.27825073152780533,0.03070454162078022,0.4604710221290588,1.0,0.5,0.5135170102119446
0,197,TENX116,1747,080x010,4863,56174,0.2782121628522873,0.03036407730789554,0.45236473381519315,1.0,0.5,0.513934177160263
0,198,TENX116,594,030x007,2671,19648,0.27819958329200745,0.025678322942195523,0.5809310853481293,1.0,0.5,0.5238980948925018
0,199,TENX116,1887,086x024,15090,60557,0.2781712934374809,0.03004183054594648,0.5226183593273163,1.0,0.5,0.5110645174980164
0,200,TENX116,1230,057x023,14360,39372,0.2781196519732475,0.0293195110659117,0.5080040156841278,1.0,0.5,0.5143533796072006
0,201,TENX116,86,008x004,480,3576,0.27803273051977156,0.02881494451838243,0.45092085003852844,1.0,0.5,0.5055406600236892
0,202,TENX116,1811,083x011,5594,58366,0.27802049070596696,0.03176856503731715,0.4216005228459835,1.0,0.5,0.5182744234800338
0,203,TENX116,1234,057x027,17282,39372,0.2780152052640915,0.022377976419348126,0.5201863080263138,1.0,0.5,0.5135465711355209
0,204,TENX116,1333,061x026,16552,42294,0.27778905928134917,0.02676286810054812,0.45951610505580903,1.0,0.5,0.5190888166427612
0,205,TENX116,1884,086x021,12899,60557,0.2777347475290298,0.03164768253665345,0.42419513761997224,1.0,0.5,0.5017084330320358
0,206,TENX116,1828,083x028,18013,58366,0.2777038887143135,0.0337172822602018,0.4573319792747498,1.0,0.5,0.4949508816003799
0,207,TENX116,1399,064x022,13629,44486,0.27767546474933624,0.02685280874962828,0.3491260290145874,1.0,0.5,0.5221583396196365
0,208,TENX116,1993,091x023,14360,64210,0.2776619330048561,0.03209698799398896,0.5356790363788605,1.0,0.5,0.5020530462265015
0,209,TENX116,150,011x004,480,5768,0.2776189684867859,0.03285647169111602,0.4961675316095352,1.0,0.5,0.506866317987442
0,210,TENX116,1675,076x026,16552,53252,0.2776093974709511,0.03981029306987233,0.4464048773050308,1.0,0.5,0.5023855865001678
0,211,TENX116,1684,077x013,7055,53983,0.2775981590151787,0.03355793536256866,0.4382463335990906,1.0,0.5,0.518225160241127
0,212,TENX116,1504,069x009,4133,48138,0.2774441361427307,0.03334455987882414,0.5152530312538147,1.0,0.5,0.5041115164756775
0,213,TENX116,1674,076x025,15821,53252,0.27743993103504183,0.032820690801882574,0.38555575609207154,1.0,0.5,0.5072838544845581
0,214,TENX116,1309,060x027,17282,41564,0.27740352004766466,0.027364165170712277,0.4636020749807358,1.0,0.5,0.5074040979146958
0,215,TENX116,1818,083x018,10707,58366,0.27734735012054446,0.03677328054389418,0.5511249870061874,1.0,0.5,0.5181608021259307
0,216,TENX116,1594,073x011,5594,51060,0.27729844450950625,0.031790051568419075,0.5189229279756546,1.0,0.5,0.5010681480169297
0,217,TENX116,1098,051x027,17282,34989,0.27715761959552765,0.02599489260913922,0.48469412326812744,1.0,0.5,0.49856694638729093
0,218,TENX116,1932,088x027,17282,62018,0.2771021455526352,0.03453264452787856,0.5397598773241044,1.0,0.5,0.5010391473770142
0,219,TENX116,1088,051x017,9977,34989,0.27705552875995637,0.02035161020542178,0.4749210238456726,1.0,0.5,0.5098605185747147
0,220,TENX116,1908,087x024,15090,61288,0.2770334705710411,0.03235816362105689,0.49941652119159696,1.0,0.5,0.49089745581150057
0,221,TENX116,1493,068x020,12168,47408,0.27699788510799406,0.0323813461282691,0.4838190466165543,1.0,0.5,0.4979761093854904
0,222,TENX116,1400,064x023,14360,44486,0.27696793526411057,0.034905524835480324,0.5236626774072647,1.0,0.5,0.5058092802762986
0,223,TENX116,1885,086x022,13629,60557,0.27696688622236254,0.03351577426936172,0.5372804522514343,1.0,0.5,0.5001199334859848
0,224,TENX116,252,015x010,4863,8690,0.2769485652446747,0.03109224823178539,0.5377639621496201,1.0,0.5,0.5104068160057068
0,225,TENX116,1358,062x027,17282,43025,0.27687164545059206,0.03247300280016615,0.4166276901960373,1.0,0.5,0.5228168576955795
0,226,TENX116,1651,075x024,15090,52521,0.2768558472394943,0.03203908273681841,0.4150837451219559,1.0,0.5,0.5188420236110687
0,227,TENX116,334,018x023,14360,10881,0.2768335297703743,0.029564083371759167,0.46248950958251955,1.0,0.5,0.5155744105577469
0,228,TENX116,170,011x024,15090,5768,0.2767956778407097,0.02770234209068013,0.4994196057319641,1.0,0.5,0.50512635409832
0,229,TENX116,695,034x018,10707,22570,0.2766362339258194,0.029538963171286705,0.4269590437412262,1.0,0.5,0.5160598129034042
0,230,TENX116,1829,084x008,3402,59096,0.2765807509422302,0.03014220906823264,0.595914027094841,1.0,0.5,0.4929118752479553
0,231,TENX116,538,027x020,12168,17456,0.27642162442207335,0.029684631267023448,0.37362117767333985,1.0,0.5,0.523494976758957
0,232,TENX116,302,017x014,7785,10151,0.2764089435338974,0.029708800528471843,0.5363182157278061,1.0,0.5,0.5213928818702698
0,233,TENX116,1631,074x026,16552,51791,0.27637393325567244,0.03476635233598326,0.406009829044342,1.0,0.5,0.5022867560386658
0,234,TENX116,1449,066x025,15821,45947,0.27620606422424315,0.031238182367683588,0.47000343799591066,1.0,0.5,0.5052351891994477
0,235,TENX116,1528,070x011,5594,48869,0.2761909306049347,0.03559662829489084,0.4673214018344879,1.0,0.5,0.5013302624225616
0,236,TENX116,785,038x015,8516,25492,0.27611417323350906,0.03130497436788336,0.6065871179103851,1.0,0.5,0.5068780809640885
0,237,TENX116,1816,083x016,9246,58366,0.27607419788837434,0.031800940604972856,0.5601598411798477,1.0,0.5,0.49760871231555937
0,238,TENX116,129,010x006,1941,5037,0.27606463581323626,0.03569336499306905,0.4678187072277069,1.0,0.5,0.5030446439981461
0,239,TENX116,1990,091x020,12168,64210,0.27603285312652587,0.030931251616304115,0.5230234175920486,1.0,0.5,0.5061408191919327
0,240,TENX116,430,023x004,480,14534,0.27599853128194807,0.03530519700322637,0.5512632817029953,1.0,0.5,0.4912556171417236
0,241,TENX116,1416,065x016,9246,45216,0.27580646723508834,0.03286992739759224,0.5320488840341568,1.0,0.5,0.5042890906333923
0,242,TENX116,618,031x008,3402,20378,0.2757973074913025,0.030091810899249557,0.3546700358390808,1.0,0.5,0.515841156244278
0,243,TENX116,1685,077x014,7785,53983,0.2756286680698395,0.03386521055243664,0.3709885984659195,1.0,0.5,0.5050557225942611
0,244,TENX116,1155,054x017,9977,37180,0.2756250262260437,0.030866547643701357,0.3993515282869339,1.0,0.5,0.5043087184429169
0,245,TENX116,1767,081x009,4133,56905,0.27554894536733626,0.03738451773190443,0.5151361227035522,1.0,0.5,0.5021229892969131
0,246,TENX116,1872,086x009,4133,60557,0.2755384728312492,0.03292224087131103,0.30951676368713377,1.0,0.5,0.5019330441951751
0,247,TENX116,1169,055x009,4133,37911,0.27551355957984924,0.03145642745492391,0.48858673870563507,1.0,0.5,0.5052738606929779
0,248,TENX116,1275,059x018,10707,40833,0.275443933904171,0.027447782524109947,0.5114295303821563,1.0,0.5,0.5272598594427109
0,249,TENX116,1629,074x024,15090,51791,0.2754064291715622,0.03582344609571656,0.4634425133466721,1.0,0.5,0.4978425711393356
0,250,TENX116,1909,087x025,15821,61288,0.2753694862127304,0.03191403036975586,0.4871460050344467,1.0,0.5,0.4999743551015854
0,251,TENX116,499,026x004,480,16726,0.27536082416772845,0.03187190018880344,0.46928291618824003,1.0,0.5,0.5155404210090637
0,252,TENX116,1645,075x018,10707,52521,0.27535805106163025,0.034985463848108383,0.5461134195327759,1.0,0.5,0.49661217629909515
0,253,TENX116,224,014x006,1941,7959,0.275292794406414,0.030260479531996082,0.5025739639997482,1.0,0.5,0.5106117308139801
0,254,TENX116,1467,067x018,10707,46677,0.2751870512962341,0.031095119939253783,0.3824851900339127,1.0,0.5,0.5067298173904419
0,255,TENX116,984,047x009,4133,32067,0.27518240809440614,0.028800881919994425,0.4248972624540329,1.0,0.5,0.5077479690313339
0,256,TENX116,1422,065x022,13629,45216,0.27511201798915863,0.032925259483476216,0.4425865411758423,1.0,0.5,0.5123051971197128
1,1,TENX116,475,025x003,-250,15995,0.14801792055368423,0.006054797732109123,-0.08385427258908748,0.0,0.0,0.0
1,2,TENX116,1978,091x008,3402,64210,0.14581017941236496,0.006792782534390946,-0.14127975404262544,0.0,0.0,0.0
1,3,TENX116,16,004x014,7785,654,0.14525045976042747,0.01025034075801862,-0.003028489276766777,0.0,0.0,0.0
1,4,TENX116,1285,060x003,-250,41564,0.1451447069644928,0.004683102045614331,-0.034712737612426284,0.0,0.0,0.0
1,5,TENX116,1114,052x020,12168,35719,0.14488535970449448,0.005524806675024007,-0.2322957593947649,0.0,0.0,0.0
1,6,TENX116,1406,065x006,1941,45216,0.1443612739443779,0.0036593181304775562,-0.09481664206832648,0.0,0.0,0.0
1,7,TENX116,1210,057x003,-250,39372,0.1441836416721344,0.008161173613435112,-0.18097740560770034,0.0,0.0,0.0
1,8,TENX116,1335,062x003,-250,43025,0.14404087290167808,0.017301259840744123,-0.13151067383587361,0.0,0.0,0.0
1,9,TENX116,1411,065x011,5594,45216,0.1439877137541771,0.009971899149948367,-0.237201139703393,0.0,0.0,0.0
1,10,TENX116,2049,095x018,10707,67132,0.1439413085579872,0.008834360833096291,-0.17724940832704306,0.0,0.0,0.0
1,11,TENX116,1478,068x003,-250,47408,0.14388713538646697,0.011694957470695464,-0.1678758582100272,0.0,0.0,0.0
1,12,TENX116,1415,065x015,8516,45216,0.14376790821552277,0.00414762371837268,-0.1422627117484808,0.0,0.0,0.0
1,13,TENX116,6,004x004,480,654,0.14376219362020493,0.00516122434506871,-0.16966540664434432,0.0,0.0,0.0
1,14,TENX116,613,031x003,-250,20378,0.14367935359477996,0.010779944241127569,-0.06924233715981246,0.0,0.0,0.0
1,15,TENX116,590,030x003,-250,19648,0.14358317703008652,0.0089589682468031,-0.055422797426581384,0.0,0.0,0.0
1,16,TENX116,505,026x010,4863,16726,0.14343648180365562,0.009156770233113983,-0.16329083666205407,0.0,0.0,0.0
1,17,TENX116,682,034x005,1210,22570,0.143230539560318,0.007197395986434351,-0.13754285499453545,0.0,0.0,0.0
1,18,TENX116,504,026x009,4133,16726,0.14315766096115112,0.00936521331187742,-0.20854656286537648,0.0,0.0,0.0
1,19,TENX116,1,003x013,7055,-76,0.14311400353908538,0.008568094047024926,-0.18857779465615748,0.0,0.0,0.0
1,20,TENX116,266,015x024,15090,8690,0.14302916079759598,0.007062605720514947,-0.21738597862422465,0.0,0.0,0.0
1,21,TENX116,1003,048x003,-250,32797,0.14294785410165786,0.00623076601522176,-0.11658483445644378,0.0,0.0,0.0
1,22,TENX116,1231,057x024,15090,39372,0.1429419234395027,0.010818928158819728,-0.20131221860647203,0.0,0.0,0.0
1,23,TENX116,1636,075x009,4133,52521,0.14276185184717177,0.007314346151067559,-0.23386044092476369,0.0,0.0,0.0
1,24,TENX116,680,033x026,16552,21839,0.14275905191898347,0.005311243508252468,-0.2758992210030556,0.0,0.0,0.0
1,25,TENX116,2045,095x009,4133,67132,0.1426745742559433,0.010372335471737866,-0.053440597653388974,0.0,0.0,0.0
1,26,TENX116,52,006x010,4863,2115,0.14251459240913392,0.008068550460886639,-0.12226840388029814,0.0,0.0,0.0
1,27,TENX116,1732,079x017,9977,55444,0.14244710206985473,0.004623231122514006,-0.04812776576727629,0.0,0.0,0.0
1,28,TENX116,126,009x029,18743,4307,0.1422999195754528,0.011030966524158536,-0.2102794751524925,0.0,0.0,0.0
1,29,TENX116,773,038x003,-250,25492,0.14218059778213502,0.007202364438269657,-0.15508785732090474,0.0,0.0,0.0
1,30,TENX116,1848,084x027,17282,59096,0.14214767515659332,0.004288504737865973,-0.04000350292772055,0.0,0.0,0.0
1,31,TENX116,637,032x005,1210,21109,0.1421089969575405,0.010528196316688427,-0.2471836104989052,0.0,0.0,0.0
1,32,TENX116,2,003x014,7785,-76,0.14201588481664656,0.008064652137048467,-0.1294866159558296,0.0,0.0,0.0
1,33,TENX116,1310,061x003,-250,42294,0.1419654257595539,0.007537871104679303,-0.08428372014313937,0.0,0.0,0.0
1,34,TENX116,122,009x020,12168,4307,0.14191636592149734,0.010582658317224653,-0.13532950319349765,0.0,0.0,0.0
1,35,TENX116,900,043x018,10707,29145,0.14191067218780518,0.007229984834669692,-0.2405584156513214,0.0,0.0,0.0
1,36,TENX116,1053,050x005,1210,34258,0.14174135476350785,0.0079565916892526,-0.207328762114048,0.0,0.0,0.0
1,37,TENX116,1512,069x017,9977,48138,0.14161426723003387,0.010902288161604492,-0.24057763516902925,0.0,0.0,0.0
1,38,TENX116,104,008x022,13629,3576,0.1415456622838974,0.007287441628171954,-0.19642090648412705,0.0,0.0,0.0
1,39,TENX116,1502,069x007,2671,48138,0.14147844910621643,0.01111343893325148,-0.2184906918555498,0.0,0.0,0.0
1,40,TENX116,405,021x028,18013,13073,0.1413322389125824,0.010303363463987735,-0.12988347969949246,0.0,0.0,0.0
1,41,TENX116,985,047x010,4863,32067,0.1412769302725792,0.007522449051989679,-0.08744836933910846,0.0,0.0,0.0
1,42,TENX116,1429,066x003,-250,45947,0.1411827750504017,0.01059016674285996,-0.15012596156448127,0.0,0.0,0.0
1,43,TENX116,429,022x029,18743,13803,0.14115743935108185,0.008128497339899213,-0.15361365880817174,0.0,0.0,0.0
1,44,TENX116,1235,058x003,-250,40102,0.14099504575133323,0.01111075189674416,-0.13580716028809547,0.0,0.0,0.0
1,45,TENX116,1418,065x018,10707,45216,0.14094020277261735,0.011822137896054076,-0.22126134261488914,0.0,0.0,0.0
1,46,TENX116,1027,048x027,17282,32797,0.14089716225862503,0.008892792833304065,-0.1428600162267685,0.0,0.0,0.0
1,47,TENX116,1360,063x006,1941,43755,0.1408175051212311,0.0075575868443099985,-0.1846176689490676,0.0,0.0,0.0
1,48,TENX116,1827,083x027,17282,58366,0.14072896391153336,0.012080131954630804,-0.17818146850913763,0.0,0.0,0.0
1,49,TENX116,567,029x003,-250,18917,0.1407059296965599,0.009250870193835602,0.0679363876581192,0.0,0.0,0.0
1,50,TENX116,1702,078x009,4133,54713,0.1406758226454258,0.013744653806041628,-0.17969857305288314,0.0,0.0,0.0
1,51,TENX116,452,023x029,18743,14534,0.1406518615782261,0.01117011277388832,-0.18724915757775307,0.0,0.0,0.0
1,52,TENX116,1650,075x023,14360,52521,0.1405159592628479,0.010111773009789642,-0.1399787811562419,0.0,0.0,0.0
1,53,TENX116,290,016x028,18013,9420,0.14049819931387902,0.011371267044456268,-0.2726422309875488,0.0,0.0,0.0
1,54,TENX116,1089,051x018,10707,34989,0.14042098820209503,0.009647628746507798,-0.24001748748123647,0.0,0.0,0.0
1,55,TENX116,1072,050x024,15090,34258,0.14039382338523865,0.009348232366711161,-0.2053683064877987,0.0,0.0,0.0
1,56,TENX116,877,042x017,9977,28414,0.14034999012947083,0.008112551742748613,-0.22400952987372874,0.0,0.0,0.0
1,57,TENX116,1515,069x020,12168,48138,0.14033074527978898,0.01640460010583267,-0.24823488630354404,0.0,0.0,0.0
1,58,TENX116,8,004x006,1941,654,0.14031750410795213,0.007564449635683068,0.018098092637956142,0.0,0.0,0.0
1,59,TENX116,1430,066x006,1941,45947,0.1402358628809452,0.013418363832532946,-0.24577330239117146,0.0,0.0,0.0
1,60,TENX116,1639,075x012,6324,52521,0.1401649758219719,0.00890587635620889,-0.18808769211173057,0.0,0.0,0.0
1,61,TENX116,1260,059x003,-250,40833,0.14012720733880996,0.010092519882256136,-0.15823190230876208,0.0,0.0,0.0
1,62,TENX116,183,012x013,7055,6498,0.1400751903653145,0.01126538249380555,-0.16022554822266102,0.0,0.0,0.0
1,63,TENX116,942,045x015,8516,30606,0.14007132202386857,0.007164923190717612,-0.16862730160355568,0.0,0.0,0.0
1,64,TENX116,1051,049x027,17282,33528,0.1400299310684204,0.009840767077403959,-0.20039604231715202,0.0,0.0,0.0
1,65,TENX116,1957,090x008,3402,63479,0.13993444368243219,0.007113272316183028,-0.2631178259849548,0.0,0.0,0.0
1,66,TENX116,534,027x016,9246,17456,0.13991970345377922,0.010031049226976108,-0.22927710525691508,0.0,0.0,0.0
1,67,TENX116,1346,062x015,8516,43025,0.13991847708821298,0.01029905297640885,-0.24843235611915587,0.0,0.0,0.0
1,68,TENX116,0,003x012,6324,-76,0.1398695543408394,0.008548582841462465,-0.21271182596683502,0.0,0.0,0.0
1,69,TENX116,618,031x008,3402,20378,0.13981857746839524,0.007035122377896127,-0.31987239308655263,0.0,0.0,0.0
1,70,TENX116,924,044x020,12168,29875,0.13979321718215942,0.007966488743389405,-0.12617662008851765,0.0,0.0,0.0
1,71,TENX116,1191,056x009,4133,38641,0.13965953290462493,0.004709561098542838,-0.19730125777423382,0.0,0.0,0.0
1,72,TENX116,2030,093x025,15821,65671,0.13956890478730202,0.007090098609936725,-0.20490368232131004,0.0,0.0,0.0
1,73,TENX116,1659,076x010,4863,53252,0.13950034230947495,0.009288597228395321,-0.22162011563777922,0.0,0.0,0.0
1,74,TENX116,1337,062x006,1941,43025,0.1394979886710644,0.010744124022079686,-0.34343322515487673,0.0,0.0,0.0
1,75,TENX116,96,008x014,7785,3576,0.1394943729043007,0.008456846612373278,-0.19627894945442675,0.0,0.0,0.0
1,76,TENX116,174,012x004,480,6498,0.13942341655492782,0.006167463474421914,-0.11338896416127682,0.0,0.0,0.0
1,77,TENX116,811,039x017,9977,26222,0.1393922507762909,0.00838976845122366,-0.15904075987637042,0.0,0.0,0.0
1,78,TENX116,1134,053x018,10707,36450,0.13938244581222534,0.012359259992872943,-0.18731796890497207,0.0,0.0,0.0
1,79,TENX116,1045,049x021,12899,33528,0.13937608972191812,0.0107983462660756,-0.2645375207066536,0.0,0.0,0.0
1,80,TENX116,482,025x010,4863,15995,0.1393743373453617,0.008731387986656965,-0.17077608369290828,0.0,0.0,0.0
1,81,TENX116,1073,050x025,15821,34258,0.13931214511394502,0.01000355009974133,-0.05169335305690766,0.0,0.0,0.0
1,82,TENX116,1176,055x016,9246,37911,0.1392721563577652,0.005031657835805056,-0.243866628408432,0.0,0.0,0.0
1,83,TENX116,376,020x019,11438,12342,0.1392522267997265,0.006627851737601682,-0.22137930244207382,0.0,0.0,0.0
1,84,TENX116,1276,059x019,11438,40833,0.13923460990190506,0.006744619232629309,-0.21294508706778287,0.0,0.0,0.0
1,85,TENX116,205,013x011,5594,7229,0.13923079818487166,0.0043096583159704166,-0.25510475486516954,0.0,0.0,0.0
1,86,TENX116,5,003x019,11438,-76,0.13921779692173003,0.00564973818075592,-0.19172438345849513,0.0,0.0,0.0
1,87,TENX116,1891,086x028,18013,60557,0.13919781595468522,0.004908383914924891,-0.23214288651943207,0.0,0.0,0.0
1,88,TENX116,1181,055x021,12899,37911,0.1391636997461319,0.008322760362355625,-0.008591734804213047,0.0,0.0,0.0
1,89,TENX116,863,041x025,15821,27684,0.13908180445432664,0.008766123821516295,-0.04637066163122654,0.0,0.0,0.0
1,90,TENX116,1156,054x018,10707,37180,0.1390646830201149,0.005655606579381705,-0.09199668876826764,0.0,0.0,0.0
1,91,TENX116,2013,092x025,15821,64940,0.138994038105011,0.0072304699981727075,-0.22268780283629894,0.0,0.0,0.0
1,92,TENX116,849,041x011,5594,27684,0.1389043591916561,0.010213924116494301,-0.13508140221238135,0.0,0.0,0.0
1,93,TENX116,4,003x018,10707,-76,0.13887152522802354,0.0054472846904855534,-0.1647285297513008,0.0,0.0,0.0
1,94,TENX116,1344,062x013,7055,43025,0.13885298669338225,0.010388853807936454,-0.1688018873333931,0.0,0.0,0.0
1,95,TENX116,1841,084x020,12168,59096,0.13879145681858063,0.007643826976336866,-0.1463916413486004,0.0,0.0,0.0
1,96,TENX116,1945,089x018,10707,62749,0.13878794759511948,0.009993018101287825,-0.14721616357564926,0.0,0.0,0.0
1,97,TENX116,1425,065x025,15821,45216,0.13878465443849564,0.008265239938401704,-0.25948923751711844,0.0,0.0,0.0
1,98,TENX116,919,044x015,8516,29875,0.1387699216604233,0.0064201654296420115,-0.16534697711467744,0.0,0.0,0.0
1,99,TENX116,614,031x004,480,20378,0.13876432925462723,0.00665788981130271,-0.20945955477654934,0.0,0.0,0.0
1,100,TENX116,1288,060x006,1941,41564,0.13876055777072907,0.0028884968190812294,-0.2318970412015915,0.0,0.0,0.0
1,101,TENX116,757,037x011,5594,24761,0.13872438073158264,0.007917683019952817,-0.1005375798791647,0.0,0.0,0.0
1,102,TENX116,2038,094x017,9977,66402,0.1386604592204094,0.008668300367806279,-0.14101257883012294,0.0,0.0,0.0
1,103,TENX116,1457,067x008,3402,46677,0.13861355632543565,0.00801103635397306,-0.19994142949581145,0.0,0.0,0.0
1,104,TENX116,1984,091x014,7785,64210,0.13860204741358756,0.011425503610034646,-0.11206210479140281,0.0,0.0,0.0
1,105,TENX116,1307,060x025,15821,41564,0.13858276456594468,0.004875508877859116,-0.16672882623970509,0.0,0.0,0.0
1,106,TENX116,820,039x026,16552,26222,0.13856042623519899,0.01215518150027908,-0.2569467335939407,0.0,0.0,0.0
1,107,TENX116,164,011x018,10707,5768,0.13855700492858886,0.002157541973102583,-0.07464399598538876,0.0,0.0,0.0
1,108,TENX116,1541,070x024,15090,48869,0.1385468676686287,0.003981018180510167,-0.24730029404163362,0.0,0.0,0.0
1,109,TENX116,780,038x010,4863,25492,0.13851533681154252,0.0045492421217143714,-0.24699928276240826,0.0,0.0,0.0
1,110,TENX116,1550,071x011,5594,49599,0.1384854197502136,0.00743907247207819,-0.1911916986107826,0.0,0.0,0.0
1,111,TENX116,427,022x024,15090,13803,0.13844437152147293,0.006286497728060941,-0.2228021014481783,0.0,0.0,0.0
1,112,TENX116,544,028x003,-250,18187,0.13836468160152435,0.00646040379172956,-0.06484007388353348,0.0,0.0,0.0
1,113,TENX116,289,016x024,15090,9420,0.13834355026483536,0.008561946213513026,-0.16818574219942092,0.0,0.0,0.0
1,114,TENX116,2067,099x023,14360,70054,0.13834276050329208,0.00725957893882207,-0.26672013849020004,0.0,0.0,0.0
1,115,TENX116,1642,075x015,8516,52521,0.1383332207798958,0.005004225468881666,-0.19156241323798895,0.0,0.0,0.0
1,116,TENX116,1423,065x023,14360,45216,0.13832715898752213,0.010715661297204651,-0.2523754209280014,0.0,0.0,0.0
1,117,TENX116,1467,067x018,10707,46677,0.13829436302185058,0.00603719143775191,-0.30017905235290526,0.0,0.0,0.0
1,118,TENX116,529,027x011,5594,17456,0.13829073384404184,0.00677538834913167,-0.3688789024949074,0.0,0.0,0.0
1,119,TENX116,1212,057x005,1210,39372,0.1382352367043495,0.0048955990229260045,-0.06625689491629601,0.0,0.0,0.0
1,120,TENX116,416,022x013,7055,13803,0.13821218758821488,0.009955845620668318,-0.256216642819345,0.0,0.0,0.0
1,121,TENX116,760,037x014,7785,24761,0.138211452960968,0.004350746162674852,-0.21840920597314833,0.0,0.0,0.0
1,122,TENX116,1453,067x003,-250,46677,0.13820785656571388,0.010397480279087726,-0.16589442901313306,0.0,0.0,0.0
1,123,TENX116,436,023x010,4863,14534,0.13816305845975876,0.007960700146172244,-0.15200887061655521,0.0,0.0,0.0
1,124,TENX116,658,033x004,480,21839,0.13813669234514236,0.009856594843305665,-0.22361158467829229,0.0,0.0,0.0
1,125,TENX116,481,025x009,4133,15995,0.1381115935742855,0.010372313688824335,-0.15687081553041934,0.0,0.0,0.0
1,126,TENX116,396,021x016,9246,13073,0.13809983283281327,0.004881375739491596,-0.15718688815832138,0.0,0.0,0.0
1,127,TENX116,604,030x017,9977,19648,0.13807787150144576,0.006069364228089231,-0.16463657990098,0.0,0.0,0.0
1,128,TENX116,120,009x018,10707,4307,0.13807027637958527,0.008177727029180026,-0.23444023430347444,0.0,0.0,0.0
1,129,TENX116,832,040x016,9246,26953,0.13805438354611396,0.010160722768414076,-0.22463118731975557,0.0,0.0,0.0
1,130,TENX116,1523,069x028,18013,48138,0.1380459412932396,0.005658521435933537,-0.1157824695110321,0.0,0.0,0.0
1,131,TENX116,1913,088x008,3402,62018,0.1380320429801941,0.0034057799796074037,-0.296758645772934,0.0,0.0,0.0
1,132,TENX116,66,007x004,480,2846,0.1380278840661049,0.00802114429268891,-0.13497816435992718,0.0,0.0,0.0
1,133,TENX116,1830,084x009,4133,59096,0.1379716455936432,0.005510203702370999,-0.20789509266614914,0.0,0.0,0.0
1,134,TENX116,1327,061x020,12168,42294,0.1379613198339939,0.009481941339902173,-0.21149083711206912,0.0,0.0,0.0
1,135,TENX116,1811,083x011,5594,58366,0.13795081824064254,0.008414797855102683,-0.2744041234254837,0.0,0.0,0.0
1,136,TENX116,169,011x023,14360,5768,0.13793638199567795,0.005333139073416062,-0.05413849912583828,0.0,0.0,0.0
1,137,TENX116,750,037x004,480,24761,0.1379208169877529,0.00753466750522378,-0.1390009317547083,0.0,0.0,0.0
1,138,TENX116,406,021x029,18743,13073,0.13787803277373314,0.010783774705886616,-0.13831436075270176,0.0,0.0,0.0
1,139,TENX116,1698,077x027,17282,53983,0.13787655234336854,0.006354641447937765,-0.1899784490466118,0.0,0.0,0.0
1,140,TENX116,1976,090x027,17282,63479,0.13787299692630767,0.00873586832920535,-0.2949474476277828,0.0,0.0,0.0
1,141,TENX116,402,021x022,13629,13073,0.13785572201013566,0.004444965193268263,-0.23472764417529107,0.0,0.0,0.0
1,142,TENX116,330,018x019,11438,10881,0.13782671988010406,0.005113808340557792,-0.28676617741584776,0.0,0.0,0.0
1,143,TENX116,1035,049x011,5594,33528,0.1378190629184246,0.010041516464774101,-0.25773750357329844,0.0,0.0,0.0
1,144,TENX116,24,004x022,13629,654,0.13781284987926484,0.008844510752800063,-0.16695993579924107,0.0,0.0,0.0
1,145,TENX116,1634,075x007,2671,52521,0.13776033222675324,0.010456227935984627,-0.1970056314021349,0.0,0.0,0.0
1,146,TENX116,1054,050x006,1941,34258,0.13769641667604446,0.007900615300472577,-0.1652489010244608,0.0,0.0,0.0
1,147,TENX116,703,034x026,16552,22570,0.1376896008849144,0.008345148583335129,-0.2113612934947014,0.0,0.0,0.0
1,148,TENX116,1744,080x007,2671,56174,0.13768430948257446,0.0048424502045926595,-0.16728310883045197,0.0,0.0,0.0
1,149,TENX116,1585,072x024,15090,50330,0.13767667561769487,0.005533085905025855,-0.25715936422348024,0.0,0.0,0.0
1,150,TENX116,1887,086x024,15090,60557,0.13766409307718278,0.008800223295507916,-0.17710320129990578,0.0,0.0,0.0
1,151,TENX116,195,012x027,17282,6498,0.137655209004879,0.00426926513353261,-0.17212314084172248,0.0,0.0,0.0
1,152,TENX116,219,013x027,17282,7229,0.1376389168202877,0.006897766200092723,-0.2436285436153412,0.0,0.0,0.0
1,153,TENX116,1435,066x011,5594,45947,0.13762490972876548,0.012033964738731497,-0.24066325090825558,0.0,0.0,0.0
1,154,TENX116,225,014x007,2671,7959,0.1376082181930542,0.0037085753594140666,-0.2714109033346176,0.0,0.0,0.0
1,155,TENX116,1572,072x011,5594,50330,0.13759065940976142,0.009847622448200236,-0.1455125270411372,0.0,0.0,0.0
1,156,TENX116,18,004x016,9246,654,0.1375807538628578,0.008369246553990645,-0.16147092636674643,0.0,0.0,0.0
1,157,TENX116,1015,048x015,8516,32797,0.13755966871976852,0.008127245616183136,-0.23195549920201303,0.0,0.0,0.0
1,158,TENX116,382,020x028,18013,12342,0.1375283904373646,0.010461096497358489,-0.25570538341999055,0.0,0.0,0.0
1,159,TENX116,243,014x027,17282,7959,0.13752631321549416,0.010358313049319215,-0.16837939359247683,0.0,0.0,0.0
1,160,TENX116,932,045x005,1210,30606,0.13752404898405074,0.0039835886394291855,-0.1621696289628744,0.0,0.0,0.0
1,161,TENX116,1136,053x020,12168,36450,0.13750034794211388,0.006962058840212102,-0.19149949215352535,0.0,0.0,0.0
1,162,TENX116,1676,076x027,17282,53252,0.13748437464237212,0.0039024023954027996,-0.27123524695634843,0.0,0.0,0.0
1,163,TENX116,287,016x022,13629,9420,0.13746835738420488,0.006496512110416257,-0.18548811674118043,0.0,0.0,0.0
1,164,TENX116,478,025x006,1941,15995,0.13745834529399872,0.01084639058449467,-0.15367511920630933,0.0,0.0,0.0
1,165,TENX116,2026,093x021,12899,65671,0.13745035529136657,0.007016031610756687,-0.18680222630500792,0.0,0.0,0.0
1,166,TENX116,1070,050x022,13629,34258,0.13744932562112808,0.005128284067688049,-0.2289201907813549,0.0,0.0,0.0
1,167,TENX116,1709,078x016,9246,54713,0.13743001818656922,0.005247448041431353,-0.2677522450685501,0.0,0.0,0.0
1,168,TENX116,317,018x006,1941,10881,0.1374078080058098,0.0058366697114553764,-0.2639330118894577,0.0,0.0,0.0
1,169,TENX116,1760,080x023,14360,56174,0.1373843267560005,0.0066584545240684695,-0.14522406980395317,0.0,0.0,0.0
1,170,TENX116,1669,076x020,12168,53252,0.13738107830286025,0.010203304168197196,-0.16577913165092467,0.0,0.0,0.0
1,171,TENX116,568,029x004,480,18917,0.13736774548888206,0.00783994648436997,-0.2793747067451477,0.0,0.0,0.0
1,172,TENX116,206,013x012,6324,7229,0.13736291378736495,0.0058971394629359535,-0.2254938840866089,0.0,0.0,0.0
1,173,TENX116,1274,059x017,9977,40833,0.13734387457370759,0.008693075914251303,-0.243187615275383,0.0,0.0,0.0
1,174,TENX116,726,036x003,-250,24031,0.13734365850687028,0.00810068954892766,-0.10955403111875057,0.0,0.0,0.0
1,175,TENX116,480,025x008,3402,15995,0.13732762932777404,0.011536551259087209,-0.2388063184916973,0.0,0.0,0.0
1,176,TENX116,2065,098x022,13629,69324,0.13728890419006348,0.012270999575769107,-0.2711044356226921,0.0,0.0,0.0
1,177,TENX116,1225,057x018,10707,39372,0.13727988079190254,0.00985154132305064,-0.27405366748571397,0.0,0.0,0.0
1,178,TENX116,946,045x019,11438,30606,0.1372689425945282,0.007736414921238206,-0.2761848419904709,0.0,0.0,0.0
1,179,TENX116,1417,065x017,9977,45216,0.1372495748102665,0.009484350714518062,-0.18588844519108533,0.0,0.0,0.0
1,180,TENX116,498,026x003,-250,16726,0.13719322606921197,0.007134841357346557,-0.2749042231589556,0.0,0.0,0.0
1,181,TENX116,957,046x007,2671,31336,0.13718140870332718,0.005220714387616559,-0.3656813994050026,0.0,0.0,0.0
1,182,TENX116,902,043x020,12168,29145,0.137161585688591,0.003843908909589199,-0.09442585669457912,0.0,0.0,0.0
1,183,TENX116,617,031x007,2671,20378,0.1371573328971863,0.012145792992382292,-0.22891754657030106,0.0,0.0,0.0
1,184,TENX116,106,009x004,480,4307,0.13711046203970909,0.007293639656144561,-0.30900298692286016,0.0,0.0,0.0
1,185,TENX116,1531,070x014,7785,48869,0.13710855692625046,0.009064408420005266,-0.25290163718163966,0.0,0.0,0.0
1,186,TENX116,1339,062x008,3402,43025,0.13710185512900352,0.009020069206532247,-0.26132499016821387,0.0,0.0,0.0
1,187,TENX116,140,010x017,9977,5037,0.13704388290643693,0.007871830881476144,-0.2117719478905201,0.0,0.0,0.0
1,188,TENX116,171,011x027,17282,5768,0.13704185485839843,0.007862261810939497,-0.17181656882166862,0.0,0.0,0.0
1,189,TENX116,474,024x025,15821,15265,0.1370309427380562,0.004089239693938381,-0.235409040376544,0.0,0.0,0.0
1,190,TENX116,994,047x019,11438,32067,0.13699915036559104,0.0075193884080129265,-0.23464532755315304,0.0,0.0,0.0
1,191,TENX116,656,032x024,15090,21109,0.13698569685220718,0.006333535684416994,-0.22289017140865325,0.0,0.0,0.0
1,192,TENX116,1147,054x009,4133,37180,0.13698193430900574,0.012720081816862077,-0.31295596808195114,0.0,0.0,0.0
1,193,TENX116,1401,064x024,15090,44486,0.1369639441370964,0.012525361698410628,-0.17765890918672084,0.0,0.0,0.0
1,194,TENX116,423,022x020,12168,13803,0.13696116283535958,0.0075013152190491735,-0.1801708348095417,0.0,0.0,0.0
1,195,TENX116,373,020x016,9246,12342,0.13695313781499863,0.006788726064470086,-0.2993974655866623,0.0,0.0,0.0
1,196,TENX116,370,020x013,7055,12342,0.13691450282931328,0.00887369206006556,-0.2858318775892258,0.0,0.0,0.0
1,197,TENX116,663,033x009,4133,21839,0.1369116947054863,0.004799789342654809,-0.22493427768349647,0.0,0.0,0.0
1,198,TENX116,141,010x018,10707,5037,0.13688842505216597,0.006504373396914087,-0.1984721405431628,0.0,0.0,0.0
1,199,TENX116,797,039x003,-250,26222,0.13688090741634368,0.011097097095840098,-0.1887965939939022,0.0,0.0,0.0
1,200,TENX116,1619,074x014,7785,51791,0.13685984686017036,0.010645487342994947,-0.1876599185168743,0.0,0.0,0.0
1,201,TENX116,651,032x019,11438,21109,0.13684677332639694,0.0026830629594263673,-0.2258371189236641,0.0,0.0,0.0
1,202,TENX116,2039,094x018,10707,66402,0.13684605807065964,0.006349449935833258,-0.19445721358060836,0.0,0.0,0.0
1,203,TENX116,1939,089x012,6324,62749,0.13683538883924484,0.005722276125171913,-0.22155624330043794,0.0,0.0,0.0
1,204,TENX116,1203,056x021,12899,38641,0.13679690808057784,0.008736721413983272,-0.2474605306982994,0.0,0.0,0.0
1,205,TENX116,1691,077x020,12168,53983,0.1367947444319725,0.003556164140326524,-0.12092419750988484,0.0,0.0,0.0
1,206,TENX116,1873,086x010,4863,60557,0.13678872138261794,0.00887569970717299,-0.16827631145715713,0.0,0.0,0.0
1,207,TENX116,313,017x028,18013,10151,0.13678750470280648,0.00853325029990175,-0.23053145110607148,0.0,0.0,0.0
1,208,TENX116,1194,056x012,6324,38641,0.136747557669878,0.008133714692173227,-0.1339921247214079,0.0,0.0,0.0
1,209,TENX116,1955,089x028,18013,62749,0.13672280684113503,0.010297685568699384,-0.1738199170678854,0.0,0.0,0.0
1,210,TENX116,2014,093x009,4133,65671,0.13671387284994124,0.004024192019633072,-0.14598402194678783,0.0,0.0,0.0
1,211,TENX116,332,018x021,12899,10881,0.13670501112937927,0.010285527177448121,-0.20897868350148202,0.0,0.0,0.0
1,212,TENX116,73,007x011,5594,2846,0.1366852656006813,0.006402209906376324,-0.16386554539203643,0.0,0.0,0.0
1,213,TENX116,906,043x024,15090,29145,0.1366247281432152,0.006418470327160794,-0.011276834458112717,0.0,0.0,0.0
1,214,TENX116,172,011x028,18013,5768,0.13662390857934953,0.010891526384315803,-0.2895522788167,0.0,0.0,0.0
1,215,TENX116,1837,084x016,9246,59096,0.13659861907362938,0.013390352723683127,-0.14394414164125918,0.0,0.0,0.0
1,216,TENX116,1879,086x016,9246,60557,0.13659311980009078,0.01070655316391827,-0.13472326025366782,0.0,0.0,0.0
1,217,TENX116,1934,088x029,18743,62018,0.1365740939974785,0.012333481102090437,-0.11664613299071788,0.0,0.0,0.0
1,218,TENX116,1313,061x006,1941,42294,0.13657284080982207,0.007104184041456112,-0.2096534911543131,0.0,0.0,0.0
1,219,TENX116,1910,087x026,16552,61288,0.13656844645738603,0.005853323890010954,-0.1556455459445715,0.0,0.0,0.0
1,220,TENX116,1341,062x010,4863,43025,0.1365465745329857,0.004726481783766957,-0.26452211700379846,0.0,0.0,0.0
1,221,TENX116,1348,062x017,9977,43025,0.13652389794588088,0.004622241269255418,-0.1368012148886919,0.0,0.0,0.0
1,222,TENX116,1557,071x018,10707,49599,0.13652360588312148,0.004644729807911721,-0.2228386789560318,0.0,0.0,0.0
1,223,TENX116,1226,057x019,11438,39372,0.1365094304084778,0.007452359160756444,-0.1492242231965065,0.0,0.0,0.0
1,224,TENX116,782,038x012,6324,25492,0.13650414645671843,0.003193192125738618,-0.2201685134321451,0.0,0.0,0.0
1,225,TENX116,1643,075x016,9246,52521,0.13648619651794433,0.003599065865182722,-0.17304892353713514,0.0,0.0,0.0
1,226,TENX116,926,044x022,13629,29875,0.1364768087863922,0.008762655488333944,-0.1643220517784357,0.0,0.0,0.0
1,227,TENX116,132,010x009,4133,5037,0.13646453469991685,0.009953295040863579,-0.2068369910120964,0.0,0.0,0.0
1,228,TENX116,420,022x017,9977,13803,0.13646188303828238,0.009882762406496501,-0.339253368973732,0.0,0.0,0.0
1,229,TENX116,2031,094x009,4133,66402,0.13645290359854698,0.007069394516150249,-0.17953382283449174,0.0,0.0,0.0
1,230,TENX116,520,026x025,15821,16726,0.1363905280828476,0.005352588742361923,-0.269238206744194,0.0,0.0,0.0
1,231,TENX116,1017,048x017,9977,32797,0.13638951405882835,0.00965767269548813,-0.18901112340390683,0.0,0.0,0.0
1,232,TENX116,110,009x008,3402,4307,0.13638835847377778,0.008771307312970687,-0.1780766112729907,0.0,0.0,0.0
1,233,TENX116,545,028x004,480,18187,0.136379686743021,0.014109839779986803,-0.20972306989133357,0.0,0.0,0.0
1,234,TENX116,486,025x014,7785,15995,0.13637717068195343,0.006776425295509628,-0.2153528992086649,0.0,0.0,0.0
1,235,TENX116,2042,094x021,12899,66402,0.1363632619380951,0.008541449337339583,-0.21325709223747252,0.0,0.0,0.0
1,236,TENX116,977,046x027,17282,31336,0.13634719997644423,0.004091788875414385,-0.2780120879411697,0.0,0.0,0.0
1,237,TENX116,1085,051x014,7785,34989,0.13632401153445245,0.01679484495523072,-0.3163744017481804,0.0,0.0,0.0
1,238,TENX116,254,015x012,6324,8690,0.13631380200386048,0.009065536127505726,-0.1953479591757059,0.0,0.0,0.0
1,239,TENX116,971,046x021,12899,31336,0.13629637584090232,0.008249921761740652,-0.24196895230561494,0.0,0.0,0.0
1,240,TENX116,97,008x015,8516,3576,0.13629455864429474,0.0077960035159049075,-0.11061588637530803,0.0,0.0,0.0
1,241,TENX116,1795,082x016,9246,57635,0.13628895878791808,0.010905609721152282,-0.27529315613210203,0.0,0.0,0.0
1,242,TENX116,490,025x018,10707,15995,0.13628455996513367,0.009525798910387679,-0.16423491016030312,0.0,0.0,0.0
1,243,TENX116,1738,079x023,14360,55444,0.13627944588661195,0.0069396359990413735,-0.03207522295415401,0.0,0.0,0.0
1,244,TENX116,324,018x013,7055,10881,0.13627630174160005,0.006062446998298479,-0.24700199365615844,0.0,0.0,0.0
1,245,TENX116,1438,066x014,7785,45947,0.13627464771270753,0.006423409128173087,-0.20028376169502735,0.0,0.0,0.0
1,246,TENX116,1855,085x013,7055,59827,0.13625505045056344,0.010129317888418353,-0.1579725693911314,0.0,0.0,0.0
1,247,TENX116,408,022x005,1210,13803,0.13623483702540398,0.007288640861050673,-0.20998162925243377,0.0,0.0,0.0
1,248,TENX116,458,024x009,4133,15265,0.13623061180114746,0.009946605566147237,-0.27414324432611464,0.0,0.0,0.0
1,249,TENX116,1722,079x007,2671,55444,0.13621741086244582,0.005619469788202935,-0.3052238985896111,0.0,0.0,0.0
1,250,TENX116,541,027x023,14360,17456,0.13620728999376297,0.0095654647604024,-0.1868189800530672,0.0,0.0,0.0
1,251,TENX116,336,018x028,18013,10881,0.13619724661111832,0.007747245557913624,-0.2021013803780079,0.0,0.0,0.0
1,252,TENX116,1311,061x004,480,42294,0.1361909344792366,0.007868052308046984,-0.17000348940491677,0.0,0.0,0.0
1,253,TENX116,1807,082x028,18013,57635,0.13616583943367006,0.010128656814190446,-0.18183998204767704,0.0,0.0,0.0
1,254,TENX116,1060,050x012,6324,34258,0.1361480638384819,0.007473466985094857,-0.2611428514122963,0.0,0.0,0.0
1,255,TENX116,1860,085x018,10707,59827,0.13614426404237748,0.0043113611369803625,-0.1575053006410599,0.0,0.0,0.0
1,256,TENX116,2027,093x022,13629,65671,0.13613521978259085,0.011018907135392306,-0.2471413090825081,0.0,0.0,0.0
2,1,TENX116,1200,056x018,10707,38641,0.3187755152583122,0.06980963416323673,0.6362216420471668,1.0,0.8,0.5816260695457458
2,2,TENX116,881,042x021,12899,28414,0.31816734969615934,0.07086768847176722,0.6815111085772514,1.0,0.6,0.5573417514562606
2,3,TENX116,605,030x018,10707,19648,0.3175483584403992,0.07224270117469493,0.6546532064676285,1.0,0.6,0.5682958364486694
2,4,TENX116,1596,073x013,7055,51060,0.316180644929409,0.06590449064980587,0.6846371307969094,1.0,0.6,0.5783499658107758
2,5,TENX116,1177,055x017,9977,37911,0.31535357385873797,0.06461644621069262,0.6271605297923089,1.0,0.7,0.5728400468826294
2,6,TENX116,850,041x012,6324,27684,0.31513417363166807,0.059065706813531724,0.6055958181619644,1.0,0.8,0.5794625490903854
2,7,TENX116,784,038x014,7785,25492,0.31408119201660156,0.06773910745357727,0.7408276677131653,1.0,0.6,0.5651061058044433
2,8,TENX116,1056,050x008,3402,34258,0.31341780424118043,0.06574886922860873,0.6598455354571342,1.0,0.6,0.5701671987771988
2,9,TENX116,901,043x019,11438,29145,0.31292905658483505,0.06857939083133235,0.6768389254808426,1.0,0.6,0.5762147039175034
2,10,TENX116,140,010x017,9977,5037,0.3123391464352608,0.07333692938296296,0.5854285329580307,1.0,0.5,0.5641208708286285
2,11,TENX116,1732,079x017,9977,55444,0.3120202675461769,0.06390398810223208,0.7149957358837128,1.0,0.6,0.5565545380115509
2,12,TENX116,189,012x019,11438,6498,0.31183912307024003,0.07295237669104239,0.6941061794757843,1.0,0.6,0.5718720585107804
2,13,TENX116,203,013x009,4133,7229,0.3118063896894455,0.0705936036940726,0.6669367149472236,1.0,0.7,0.5710030347108841
2,14,TENX116,162,011x016,9246,5768,0.3114065587520599,0.07424652671564164,0.6508305609226227,1.0,0.6,0.572141769528389
2,15,TENX116,1671,076x022,13629,53252,0.31139924973249433,0.06617677233589837,0.571671649813652,1.0,0.6,0.5688420385122299
2,16,TENX116,1096,051x025,15821,34989,0.3107492789626122,0.06661530362739529,0.6418518498539925,1.0,0.5,0.5567979604005814
2,17,TENX116,273,016x008,3402,9420,0.31058101952075956,0.050867850765024356,0.5547421542927623,1.0,0.9,0.5786143809556961
2,18,TENX116,1095,051x024,15090,34989,0.31047074794769286,0.0676447140828884,0.639870697259903,1.0,0.6,0.5588206082582474
2,19,TENX116,72,007x010,4863,2846,0.31032066494226457,0.0633820987222063,0.6710307985544205,1.0,0.5,0.5523026794195175
2,20,TENX116,1179,055x019,11438,37911,0.3102742210030556,0.05895952198267253,0.6174793615937233,1.0,0.6,0.5621933579444885
2,21,TENX116,802,039x008,3402,26222,0.3102597609162331,0.05633103713889364,0.5308773010969162,1.0,0.7,0.5652964860200882
2,22,TENX116,1516,069x021,12899,48138,0.3101602032780647,0.06972758964039139,0.6393395349383354,1.0,0.6,0.5642563462257385
2,23,TENX116,1115,052x021,12899,35719,0.3097253680229187,0.07022340486987909,0.685270456969738,1.0,0.6,0.5555986166000366
2,24,TENX116,1157,054x019,11438,37180,0.30950616002082826,0.0679973216168931,0.6404593661427498,1.0,0.7,0.5655681997537613
2,25,TENX116,1000,047x025,15821,32067,0.3094799518585205,0.06146856613924299,0.5944099426269531,1.0,0.7,0.5660184323787689
2,26,TENX116,880,042x020,12168,28414,0.3094661578536034,0.06792420582080018,0.6081312745809555,1.0,0.7,0.5719024538993835
2,27,TENX116,1686,077x015,8516,53983,0.30934499502182006,0.0743230945261395,0.6880153387784957,1.0,0.6,0.5580113172531128
2,28,TENX116,1623,074x018,10707,51791,0.3092307478189468,0.07410355352218646,0.7647043615579605,1.0,0.5,0.5454726636409759
2,29,TENX116,514,026x019,11438,16726,0.3091428428888321,0.06110104699505721,0.6069676890969277,1.0,0.7,0.5628923803567887
2,30,TENX116,1789,082x010,4863,57635,0.3089237228035927,0.06662328520768097,0.4812267154455185,1.0,0.6,0.5680277615785598
2,31,TENX116,1466,067x017,9977,46677,0.30878016650676726,0.0664594084422954,0.6198141545057296,1.0,0.5,0.56012322306633
2,32,TENX116,1688,077x017,9977,53983,0.3087708085775375,0.06657238687964814,0.6418157786130905,1.0,0.7,0.5644898891448975
2,33,TENX116,1590,073x007,2671,51060,0.30868635326623917,0.057211273399225,0.6989717736840249,1.0,0.6,0.5542391568422318
2,34,TENX116,740,036x018,10707,24031,0.30846077054738996,0.06805723363879485,0.6598983630537987,1.0,0.5,0.5529342651367187
2,35,TENX116,326,018x015,8516,10881,0.30841617584228515,0.06846656014498718,0.5967692777514457,1.0,0.6,0.5705185770988465
2,36,TENX116,450,023x024,15090,14534,0.30833526104688647,0.07668986961569824,0.6037459895014763,1.0,0.6,0.566085284948349
2,37,TENX116,910,044x006,1941,29875,0.3083349630236626,0.07289866411031708,0.659338341653347,1.0,0.5,0.5555542886257172
2,38,TENX116,1853,085x011,5594,59827,0.30812123566865923,0.06882711082084121,0.7027070492506027,1.0,0.5,0.5508170783519745
2,39,TENX116,991,047x016,9246,32067,0.3080711394548416,0.07701818200278389,0.6486129641532898,1.0,0.6,0.5563888520002365
2,40,TENX116,990,047x015,8516,32067,0.3079434260725975,0.07265780198517072,0.6523725025355815,1.0,0.6,0.5591325044631958
2,41,TENX116,1153,054x015,8516,37180,0.30774322897195816,0.07008633594002943,0.6550464108586311,1.0,0.5,0.558462318778038
2,42,TENX116,1539,070x022,13629,48869,0.30755635648965834,0.06910548215323295,0.6182785242795944,1.0,0.5,0.552796459197998
2,43,TENX116,1162,054x024,15090,37180,0.30746361017227175,0.060707292004239126,0.5616295367479325,1.0,0.5,0.5605108380317688
2,44,TENX116,1527,070x010,4863,48869,0.30743940323591235,0.06296658380191746,0.6090302720665932,1.0,0.5,0.5466076254844665
2,45,TENX116,848,041x010,4863,27684,0.30738563686609266,0.0656414391959047,0.583041113615036,1.0,0.5,0.5653205156326294
2,46,TENX116,135,010x012,6324,5037,0.3072004169225693,0.06618593935631496,0.5760680049657821,1.0,0.6,0.558307534456253
2,47,TENX116,1786,081x028,18013,56905,0.3070959776639938,0.06463194266489773,0.7285891860723496,1.0,0.6,0.5528322041034699
2,48,TENX116,1622,074x017,9977,51791,0.3070613667368889,0.06713538477014558,0.581074383854866,1.0,0.5,0.5590396672487259
2,49,TENX116,1495,068x022,13629,47408,0.3070116087794304,0.06276086693004394,0.595914113521576,1.0,0.8,0.56757250726223
2,50,TENX116,1564,071x025,15821,49599,0.30693176239728925,0.07089245477776145,0.605058091878891,1.0,0.5,0.5509754955768585
2,51,TENX116,1296,060x014,7785,41564,0.3068069204688072,0.0706865924339513,0.6753624677658081,1.0,0.5,0.5579039186239243
2,52,TENX116,853,041x015,8516,27684,0.3067880839109421,0.06610262331974028,0.5826830625534057,1.0,0.7,0.5648273169994354
2,53,TENX116,744,036x022,13629,24031,0.30667669177055357,0.06843835725614456,0.6881471365690232,1.0,0.5,0.5607528477907181
2,54,TENX116,378,020x021,12899,12342,0.30659503787755965,0.06972594039306479,0.6269928425550461,1.0,0.7,0.5660781025886535
2,55,TENX116,857,041x019,11438,27684,0.30644728541374205,0.06368381788445933,0.5844491675496102,1.0,0.7,0.5712662160396575
2,56,TENX116,288,016x023,14360,9420,0.3063757821917534,0.06733134604509824,0.4778809629380703,1.0,0.5,0.5557783663272857
2,57,TENX116,1546,071x007,2671,49599,0.3062747582793236,0.06655688646309207,0.5640760809183121,1.0,0.5,0.5403986185789108
2,58,TENX116,805,039x011,5594,26222,0.3058781176805496,0.06915221357695765,0.6852674275636673,1.0,0.5,0.5493209272623062
2,59,TENX116,1854,085x012,6324,59827,0.3056192398071289,0.07101427428853176,0.7041811779141426,1.0,0.5,0.5450626909732819
2,60,TENX116,1158,054x020,12168,37180,0.3055493101477623,0.0664326033297091,0.7258956015110016,1.0,0.5,0.5520176440477371
2,61,TENX116,1253,058x021,12899,40102,0.3054367765784264,0.06743814307265293,0.5323118656873703,1.0,0.5,0.5645421922206879
2,62,TENX116,768,037x022,13629,24761,0.3054005101323128,0.06704523627171777,0.6093788832426071,1.0,0.7,0.5704528540372849
2,63,TENX116,718,035x019,11438,23300,0.3051400125026703,0.06853801560248148,0.6148511253297329,1.0,0.5,0.5535769045352936
2,64,TENX116,866,042x006,1941,28414,0.3050470486283302,0.06930300037900121,0.6703014701604844,1.0,0.6,0.5488453030586242
2,65,TENX116,229,014x011,5594,7959,0.30503781139850616,0.07353716116867279,0.6069619417190552,1.0,0.6,0.5490593194961548
2,66,TENX116,1026,048x026,16552,32797,0.3050178289413452,0.06340596467423078,0.6197701096534729,1.0,0.5,0.5569999426603317
2,67,TENX116,1249,058x017,9977,40102,0.3046742111444473,0.0629734625867754,0.5115551590919495,1.0,0.8,0.5676317363977432
2,68,TENX116,1506,069x011,5594,48138,0.304657393693924,0.06869730495203126,0.6681532263755798,1.0,0.5,0.5445417851209641
2,69,TENX116,1532,070x015,8516,48869,0.3046522945165634,0.07094829031901877,0.47785692289471626,1.0,0.6,0.5600037515163422
2,70,TENX116,1813,083x013,7055,58366,0.304623644053936,0.06680803445254437,0.664427924156189,1.0,0.7,0.5600331157445908
2,71,TENX116,769,037x023,14360,24761,0.3046149730682373,0.07065594519537093,0.6283501259982586,1.0,0.5,0.5560879290103913
2,72,TENX116,532,027x014,7785,17456,0.3045716017484665,0.06573122721632249,0.6232905119657517,1.0,0.5,0.5632103264331818
2,73,TENX116,393,021x013,7055,13073,0.30451522320508956,0.05685840797080428,0.5757007613778115,1.0,0.6,0.5523927420377731
2,74,TENX116,845,041x007,2671,27684,0.30437127947807313,0.0646685121613916,0.5310511693358422,1.0,0.6,0.5530636668205261
2,75,TENX116,277,016x012,6324,9420,0.3042026162147522,0.06797598430350378,0.6355282545089722,1.0,0.5,0.5570067226886749
2,76,TENX116,828,040x012,6324,26953,0.30386723279953004,0.07187918039533966,0.6242110222578049,1.0,0.6,0.5560816079378128
2,77,TENX116,792,038x022,13629,25492,0.3038335308432579,0.06833601999607615,0.5774907976388931,1.0,0.5,0.5478293120861053
2,78,TENX116,1473,067x024,15090,46677,0.3038289248943329,0.06331017042380321,0.6429078906774521,1.0,0.7,0.5664268463850022
2,79,TENX116,739,036x017,9977,24031,0.30377514362335206,0.06611425624940735,0.5539726123213768,1.0,0.5,0.5484662085771561
2,80,TENX116,709,035x010,4863,23300,0.3036021739244461,0.06751366476610286,0.5765325255692005,1.0,0.6,0.5493600279092788
2,81,TENX116,584,029x020,12168,18917,0.3034466400742531,0.06885264455712145,0.6022981554269791,1.0,0.6,0.5546467959880829
2,82,TENX116,780,038x010,4863,25492,0.3031160101294518,0.059498397123774506,0.5166215598583221,1.0,0.7,0.569867393374443
2,83,TENX116,875,042x015,8516,28414,0.3030555248260498,0.06439410492647803,0.6446418434381485,1.0,0.5,0.5551478296518326
2,84,TENX116,878,042x018,10707,28414,0.30300059616565705,0.06651539540663157,0.5438996352255344,1.0,0.5,0.5480926722288132
2,85,TENX116,1134,053x018,10707,36450,0.302996800839901,0.06794899347175477,0.5671768933534622,1.0,0.5,0.5479072779417038
2,86,TENX116,742,036x020,12168,24031,0.30295309126377107,0.07466890986026316,0.5968261182308197,1.0,0.6,0.5576504409313202
2,87,TENX116,988,047x013,7055,32067,0.3029011204838753,0.061304149362766645,0.5175535649061203,1.0,0.6,0.5412660628557205
2,88,TENX116,516,026x021,12899,16726,0.3028717145323753,0.07064464273938187,0.6151989191770554,1.0,0.5,0.5580364286899566
2,89,TENX116,1050,049x026,16552,33528,0.3028570175170898,0.06407186824667804,0.5706944018602371,1.0,0.6,0.5490606009960175
2,90,TENX116,791,038x021,12899,25492,0.3028396055102348,0.06886644218666718,0.5843137547373771,1.0,0.5,0.5492032408714295
2,91,TENX116,1255,058x023,14360,40102,0.30274770557880404,0.06492951011605792,0.6606289774179459,1.0,0.7,0.5663459956645965
2,92,TENX116,825,040x009,4133,26953,0.30262929648160936,0.0689252589259243,0.5802179597318172,1.0,0.6,0.5602393805980682
2,93,TENX116,1408,065x008,3402,45216,0.3025937393307686,0.061927271876565396,0.6222084313631058,1.0,0.5,0.5659738570451737
2,94,TENX116,1708,078x015,8516,54713,0.3025695264339447,0.061656152355214364,0.5279105797410011,1.0,0.5,0.5424360632896423
2,95,TENX116,299,017x011,5594,10151,0.3025087833404541,0.061464668242654064,0.4885213667526841,1.0,0.5,0.5561834961175919
2,96,TENX116,1694,077x023,14360,53983,0.30247877091169356,0.06731998798995321,0.6471683204174041,1.0,0.5,0.5554421275854111
2,97,TENX116,539,027x021,12899,17456,0.3024627283215523,0.059990720600929956,0.48373514264822004,1.0,0.5,0.5565962284803391
2,98,TENX116,1239,058x007,2671,40102,0.30246161818504336,0.06156409570253378,0.4703004091978073,1.0,0.6,0.5431394338607788
2,99,TENX116,50,006x008,3402,2115,0.3024614751338959,0.06964181798755155,0.760658574104309,1.0,0.5,0.5620036780834198
2,100,TENX116,1049,049x025,15821,33528,0.3024453818798065,0.08078966080783179,0.5794239021837712,1.0,0.6,0.5594273000955582
2,101,TENX116,947,045x020,12168,30606,0.302369225025177,0.06832624717607057,0.4840282343327999,1.0,0.5,0.5555581986904145
2,102,TENX116,1175,055x015,8516,37911,0.30234567224979403,0.07284718799009836,0.6388049930334091,1.0,0.5,0.5390712648630143
2,103,TENX116,257,015x015,8516,8690,0.3023244678974152,0.06956704926518727,0.5890741378068924,1.0,0.5,0.5459682762622833
2,104,TENX116,1409,065x009,4133,45216,0.30226623117923734,0.057736338440215786,0.5941022016108036,1.0,0.7,0.5693606466054917
2,105,TENX116,1584,072x023,14360,50330,0.30217057913541795,0.06567936205870929,0.6823911920189858,1.0,0.5,0.5370397627353668
2,106,TENX116,1689,077x018,10707,53983,0.30180649757385253,0.06713939888448857,0.6198365271091462,1.0,0.5,0.5437339127063752
2,107,TENX116,1007,048x007,2671,32797,0.30170182436704635,0.060551612481470715,0.5221445560455322,1.0,0.6,0.548533147573471
2,108,TENX116,1793,082x014,7785,57635,0.30166297405958176,0.06210884645633264,0.6126748651266098,1.0,0.7,0.5598364293575286
2,109,TENX116,565,028x024,15090,18187,0.30159611701965333,0.06616719913893475,0.5376977853477001,1.0,0.5,0.5497819304466247
2,110,TENX116,1156,054x018,10707,37180,0.3015684962272644,0.06668085133782072,0.6579128727316856,1.0,0.5,0.5527076780796051
2,111,TENX116,926,044x022,13629,29875,0.3014788433909416,0.07576426108186538,0.597006106376648,1.0,0.6,0.5542353302240371
2,112,TENX116,1176,055x016,9246,37911,0.3013609454035759,0.058956884469537486,0.5088489949703217,1.0,0.6,0.5552022278308868
2,113,TENX116,211,013x017,9977,7229,0.30126233100891114,0.06624972203940234,0.627844613790512,1.0,0.6,0.5568485409021378
2,114,TENX116,1221,057x014,7785,39372,0.3012328535318375,0.05729738535491437,0.5100148662924766,1.0,0.7,0.548413234949112
2,115,TENX116,124,009x022,13629,4307,0.30084009617567065,0.0686474515711877,0.4932145304977894,1.0,0.5,0.5478636682033539
2,116,TENX116,234,014x016,9246,7959,0.300693641602993,0.0738738034263968,0.5838893905282021,1.0,0.5,0.5477435529232025
2,117,TENX116,923,044x019,11438,29875,0.30067949891090395,0.06446137903084251,0.5252441480755806,1.0,0.6,0.554469645023346
2,118,TENX116,1433,066x009,4133,45947,0.3006025329232216,0.0645840412878684,0.5092007756233216,1.0,0.5,0.5429089874029159
2,119,TENX116,1663,076x014,7785,53252,0.30060048401355743,0.07610714278472851,0.5808074109256267,1.0,0.5,0.5431763410568238
2,120,TENX116,1321,061x014,7785,42294,0.3005353346467018,0.06866734158057827,0.5678706437349319,1.0,0.5,0.5502983212471009
2,121,TENX116,918,044x014,7785,29875,0.3005247712135315,0.06774483635729674,0.604027758538723,1.0,0.5,0.556924170255661
2,122,TENX116,1698,077x027,17282,53983,0.30048036724328997,0.06826070761425992,0.5633684799075127,1.0,0.5,0.5457250237464905
2,123,TENX116,1511,069x016,9246,48138,0.30042881816625594,0.06865393572944331,0.5538760527968407,1.0,0.5,0.5496914237737656
2,124,TENX116,1069,050x021,12899,34258,0.3004108130931854,0.07531797499944365,0.5754405587911606,1.0,0.6,0.54978406727314
2,125,TENX116,698,034x021,12899,22570,0.3003747835755348,0.0668002053002025,0.586980839073658,1.0,0.6,0.5634687274694443
2,126,TENX116,1542,070x025,15821,48869,0.30036484748125075,0.06411003552193445,0.5034653276205063,1.0,0.5,0.5581658989191055
2,127,TENX116,1795,082x016,9246,57635,0.3003422200679779,0.06054984643774608,0.49671281427145003,1.0,0.7,0.5517461866140365
2,128,TENX116,494,025x022,13629,15995,0.3003235995769501,0.05838627766446614,0.4405235366895795,1.0,0.6,0.5573124438524246
2,129,TENX116,1733,079x018,10707,55444,0.30032343566417696,0.06311149592451686,0.5994873657822609,1.0,0.7,0.552782553434372
2,130,TENX116,877,042x017,9977,28414,0.3003230944275856,0.06876422138282737,0.5109986297786235,1.0,0.6,0.5616483569145203
2,131,TENX116,1886,086x023,14360,60557,0.30029111057519914,0.05842773647693581,0.5666269391775132,1.0,0.5,0.5370190232992172
2,132,TENX116,1992,091x022,13629,64210,0.30026553869247435,0.057742072310701054,0.5640475332736969,1.0,0.6,0.5527050644159317
2,133,TENX116,1306,060x024,15090,41564,0.30023271292448045,0.0570382034852409,0.6295413553714753,1.0,0.6,0.5537381410598755
2,134,TENX116,1113,052x019,11438,35719,0.3001044139266014,0.06056527923342726,0.5547304376959801,1.0,0.6,0.5494490683078765
2,135,TENX116,1263,059x006,1941,40833,0.30005361288785937,0.06068146077263161,0.5404048293828965,1.0,0.5,0.5378622114658356
2,136,TENX116,1389,064x012,6324,44486,0.30004015266895295,0.06351139339610186,0.5385981947183609,1.0,0.5,0.5562128096818924
2,137,TENX116,1916,088x011,5594,62018,0.30001218616962433,0.06787611404471629,0.6053580150008202,1.0,0.5,0.5342229634523392
2,138,TENX116,1585,072x024,15090,50330,0.3000026047229767,0.06848251900502772,0.4955722808837891,1.0,0.6,0.5500663787126541
2,139,TENX116,1524,070x007,2671,48869,0.29995597898960114,0.062104182133497055,0.5563115313649177,1.0,0.6,0.5391897201538086
2,140,TENX116,1766,081x008,3402,56905,0.29990617632865907,0.06942073393391694,0.6018856883049011,1.0,0.5,0.5448394626379013
2,141,TENX116,1547,071x008,3402,49599,0.29989650696516035,0.05903057517527283,0.5530997961759567,1.0,0.5,0.5381542414426803
2,142,TENX116,1738,079x023,14360,55444,0.2998146012425423,0.06832669663971418,0.730923879146576,1.0,0.5,0.5528605848550796
2,143,TENX116,641,032x009,4133,21109,0.2997152253985405,0.06130018472699067,0.5254854261875153,1.0,0.6,0.5469426363706589
2,144,TENX116,1812,083x012,6324,58366,0.29966605454683304,0.06585586557252315,0.6543457612395287,1.0,0.5,0.5309028446674346
2,145,TENX116,513,026x018,10707,16726,0.2996107041835785,0.06864029637890522,0.6278709962964057,1.0,0.5,0.5438034355640411
2,146,TENX116,440,023x014,7785,14534,0.2995374783873558,0.06304487483902528,0.6302861511707306,1.0,0.6,0.5586468696594238
2,147,TENX116,1621,074x016,9246,51791,0.2994580209255219,0.06866646178780952,0.5556769616901874,1.0,0.5,0.5433441191911698
2,148,TENX116,970,046x020,12168,31336,0.2994426563382149,0.06237443495558589,0.6556131392717361,1.0,0.5,0.5414092421531678
2,149,TENX116,285,016x020,12168,9420,0.29935371279716494,0.050923704297677445,0.51754280179739,1.0,0.7,0.546634903550148
2,150,TENX116,822,040x006,1941,26953,0.29934422820806506,0.059186362559785516,0.6054560348391533,1.0,0.6,0.555191719532013
2,151,TENX116,1574,072x013,7055,50330,0.2993209198117256,0.06697083031375028,0.5686607293784618,1.0,0.5,0.545026633143425
2,152,TENX116,1201,056x019,11438,38641,0.29931816160678865,0.0670010232516362,0.6455564267933369,1.0,0.5,0.5419282853603363
2,153,TENX116,439,023x013,7055,14534,0.29926635324954987,0.06661905113963185,0.5446251980960369,1.0,0.5,0.5452273070812226
2,154,TENX116,1806,082x027,17282,57635,0.29921053647994994,0.07016878534445767,0.5734915480017662,1.0,0.5,0.5313113063573838
2,155,TENX116,1246,058x014,7785,40102,0.2991903141140938,0.056229922689635434,0.5770419016480446,1.0,0.6,0.5572093158960343
2,156,TENX116,524,027x006,1941,17456,0.2991387784481049,0.06768499998199093,0.6069263026118279,1.0,0.5,0.539301511645317
2,157,TENX116,515,026x020,12168,16726,0.29903406500816343,0.049765261902267696,0.5766487024724484,1.0,0.6,0.5491740942001343
2,158,TENX116,1583,072x022,13629,50330,0.298992794752121,0.0657834052701661,0.6584518924355507,1.0,0.5,0.5439584523439407
2,159,TENX116,1139,053x023,14360,36450,0.29898966699838636,0.07418327743345551,0.5383040281012654,1.0,0.6,0.5492800623178482
2,160,TENX116,1065,050x017,9977,34258,0.2989839047193527,0.06171471831109335,0.6546116322278976,1.0,0.5,0.5497898668050766
2,161,TENX116,1617,074x012,6324,51791,0.2989802807569504,0.06817558145128014,0.5657227396965027,1.0,0.5,0.5343176186084747
2,162,TENX116,165,011x019,11438,5768,0.2989076539874077,0.06646283529420206,0.47862136363983154,1.0,0.6,0.5502993762493134
2,163,TENX116,1140,053x024,15090,36450,0.29889465123414993,0.06394324127117515,0.5321233168244361,1.0,0.5,0.5386758208274841
2,164,TENX116,1627,074x022,13629,51791,0.2988475874066353,0.06775456326050021,0.5456271728500723,1.0,0.5,0.551222974061966
2,165,TENX116,1752,080x015,8516,56174,0.29883998036384585,0.06196490642492269,0.4941252641379833,1.0,0.5,0.5494512796401978
2,166,TENX116,448,023x022,13629,14534,0.29878332018852233,0.06403498408642452,0.5193136259913445,1.0,0.5,0.5474679172039032
2,167,TENX116,847,041x009,4133,27684,0.29877452105283736,0.05629243235401938,0.5487108528614044,1.0,0.7,0.5547764480113984
2,168,TENX116,230,014x012,6324,7959,0.29874125123023987,0.06833405305098679,0.5255376331508159,1.0,0.5,0.5333263397216796
2,169,TENX116,212,013x018,10707,7229,0.29871187210083006,0.058623831117898886,0.4705615572631359,1.0,0.7,0.5570655673742294
2,170,TENX116,1897,087x013,7055,61288,0.2986806660890579,0.07033210496778279,0.5564932271838188,1.0,0.5,0.5312190592288971
2,171,TENX116,902,043x020,12168,29145,0.2986281901597977,0.06237440425596204,0.6611708790063858,1.0,0.6,0.5556779742240906
2,172,TENX116,1022,048x022,13629,32797,0.29852518290281294,0.07208669702932499,0.6028755599632859,1.0,0.5,0.5551761597394943
2,173,TENX116,870,042x010,4863,28414,0.298520191013813,0.05577579905867622,0.5173549383878708,1.0,0.6,0.5502630740404129
2,174,TENX116,300,017x012,6324,10151,0.2983783587813377,0.06867109764283243,0.6144477277994156,1.0,0.5,0.5396092712879181
2,175,TENX116,1277,059x020,12168,40833,0.298297581076622,0.07460362172553267,0.676191845536232,0.9,0.5,0.5143564730882645
2,176,TENX116,949,045x022,13629,30606,0.2982961967587471,0.06865418453848773,0.7006105303764343,1.0,0.5,0.5341240435838699
2,177,TENX116,941,045x014,7785,30606,0.2982114151120186,0.06666546337942639,0.4309525601565838,1.0,0.5,0.5467724412679672
2,178,TENX116,141,010x018,10707,5037,0.29813539087772367,0.07160847918269181,0.5512178741395474,1.0,0.5,0.5415226429700851
2,179,TENX116,959,046x009,4133,31336,0.2981294348835945,0.06461460905977154,0.6116920530796051,1.0,0.5,0.5494286328554153
2,180,TENX116,1958,090x009,4133,63479,0.2981129616498947,0.07130843908494688,0.5513381481170654,1.0,0.5,0.5461407244205475
2,181,TENX116,1643,075x016,9246,52521,0.2980628490447998,0.06803457267247372,0.5809949822723866,1.0,0.6,0.5445459157228469
2,182,TENX116,1865,085x023,14360,59827,0.2980170488357544,0.06382521831748446,0.46808026880025866,1.0,0.5,0.5315323114395142
2,183,TENX116,301,017x013,7055,10151,0.29797538220882414,0.06476389543851466,0.6341779544949532,1.0,0.5,0.5384582966566086
2,184,TENX116,1640,075x013,7055,52521,0.2979700431227684,0.06809927481532992,0.5929664060473442,1.0,0.5,0.5348039478063583
2,185,TENX116,287,016x022,13629,9420,0.2978521704673767,0.060641709584850795,0.5675731584429741,1.0,0.5,0.53200563788414
2,186,TENX116,1021,048x021,12899,32797,0.2977800026535988,0.06485451912748388,0.6319572284817696,1.0,0.6,0.5460147440433503
2,187,TENX116,1252,058x020,12168,40102,0.2977392733097076,0.060396981916707594,0.6282277897000312,1.0,0.5,0.5446855038404464
2,188,TENX116,81,007x019,11438,2846,0.29770399779081347,0.06832525952376924,0.6822120159864425,1.0,0.5,0.5397549420595169
2,189,TENX116,311,017x023,14360,10151,0.2976483374834061,0.06867996363408928,0.45154082253575323,1.0,0.6,0.5491881757974625
2,190,TENX116,1918,088x013,7055,62018,0.2976456493139267,0.06850458289788118,0.6154131412506103,1.0,0.5,0.5374213010072708
2,191,TENX116,347,019x013,7055,11612,0.29762344211339953,0.06327282092109812,0.5696312434971332,1.0,0.5,0.540702399611473
2,192,TENX116,258,015x016,9246,8690,0.29760925769805907,0.05481642942641713,0.49238751754164695,1.0,0.6,0.5447104424238205
2,193,TENX116,1659,076x010,4863,53252,0.2975918784737587,0.0730254580938259,0.5071012437343597,1.0,0.5,0.5414366573095322
2,194,TENX116,580,029x016,9246,18917,0.297568179666996,0.06916440702586649,0.5895731449127197,1.0,0.5,0.557806646823883
2,195,TENX116,1444,066x020,12168,45947,0.2975661963224411,0.06130264509741504,0.5764445185661315,1.0,0.5,0.538485461473465
2,196,TENX116,111,009x009,4133,4307,0.29755018055439,0.06799655638977661,0.5132495060563087,1.0,0.5,0.5452668279409408
2,197,TENX116,250,015x008,3402,8690,0.29754204899072645,0.05762800889951241,0.5519842714071274,1.0,0.7,0.5473854809999465
2,198,TENX116,185,012x015,8516,6498,0.29753310084342954,0.06730850612391598,0.6694871120154857,1.0,0.5,0.538936185836792
2,199,TENX116,537,027x019,11438,17456,0.29746065884828565,0.0698025332736037,0.5732055544853211,1.0,0.5,0.5439656674861908
2,200,TENX116,1349,062x018,10707,43025,0.29745237827301024,0.06143486986366759,0.5741175904870033,1.0,0.5,0.5551335632801055
2,201,TENX116,1531,070x014,7785,48869,0.29737731367349624,0.06547827724273061,0.498296657577157,1.0,0.6,0.551346731185913
2,202,TENX116,793,038x023,14360,25492,0.2973359614610672,0.061133878215280914,0.5219579786062241,1.0,0.5,0.5443235814571381
2,203,TENX116,1432,066x008,3402,45947,0.29733048677444457,0.06349861409207484,0.6130668640136718,1.0,0.7,0.5516428470611572
2,204,TENX116,1218,057x011,5594,39372,0.2971992462873459,0.06184377002005832,0.583471804857254,1.0,0.5,0.5350141286849975
2,205,TENX116,1293,060x011,5594,41564,0.29719414561986923,0.059353000832186475,0.544091933965683,1.0,0.5,0.5369969606399536
2,206,TENX116,1666,076x017,9977,53252,0.29713724851608275,0.06792977342615782,0.6363742008805275,1.0,0.5,0.5387822806835174
2,207,TENX116,1595,073x012,6324,51060,0.2971044912934303,0.07254648459193941,0.5891842097043991,1.0,0.5,0.5324586182832718
2,208,TENX116,413,022x010,4863,13803,0.2969426214694977,0.07038745148826789,0.47302909567952156,1.0,0.5,0.5429356664419174
2,209,TENX116,933,045x006,1941,30606,0.29686144441366197,0.06336507327567169,0.7052929610013962,1.0,0.5,0.5426879942417144
2,210,TENX116,1368,063x014,7785,43755,0.29685022830963137,0.05976722312813128,0.5394059911370277,1.0,0.5,0.5416158825159073
2,211,TENX116,48,006x006,1941,2115,0.296836194396019,0.06593839193639159,0.6416729897260666,1.0,0.5,0.5529402673244477
2,212,TENX116,379,020x022,13629,12342,0.29682177156209943,0.058543119139978894,0.5852897018194199,1.0,0.8,0.5661898851394653
2,213,TENX116,175,012x005,1210,6498,0.2968152403831482,0.06780195594123782,0.5686659276485443,1.0,0.5,0.5416474848985672
2,214,TENX116,858,041x020,12168,27684,0.29678181409835813,0.06820148125407625,0.5318201780319214,1.0,0.6,0.5439903914928437
2,215,TENX116,112,009x010,4863,4307,0.29677315801382065,0.07120460517212879,0.5367131881415844,1.0,0.5,0.537412491440773
2,216,TENX116,1729,079x014,7785,55444,0.2967501297593117,0.06217500572669868,0.5645326569676399,1.0,0.6,0.5391553819179535
2,217,TENX116,882,042x022,13629,28414,0.2967041075229645,0.07170498288285274,0.6842006146907806,1.0,0.6,0.5452259004116058
2,218,TENX116,1145,054x007,2671,37180,0.2966755509376526,0.0599033435036875,0.5818865269422531,1.0,0.5,0.5416666507720947
2,219,TENX116,1606,073x023,14360,51060,0.2966559424996376,0.06508291878006385,0.5731022670865059,1.0,0.5,0.5330837458372116
2,220,TENX116,1618,074x013,7055,51791,0.29662793278694155,0.06467064943103865,0.6614397495985032,1.0,0.5,0.5353115200996399
2,221,TENX116,1710,078x017,9977,54713,0.29657672345638275,0.07384357437899675,0.4625498980283737,1.0,0.5,0.5430181682109833
2,222,TENX116,1791,082x012,6324,57635,0.29656164944171903,0.06923167074035395,0.5563796877861023,1.0,0.5,0.5397755354642868
2,223,TENX116,1142,053x026,16552,36450,0.29654885530471803,0.06866783711267634,0.560555586218834,1.0,0.6,0.5564945340156555
2,224,TENX116,210,013x016,9246,7229,0.29654735177755354,0.07819154294596482,0.6244314685463905,1.0,0.5,0.5458252131938934
2,225,TENX116,1571,072x010,4863,50330,0.2965028271079063,0.05734359719176851,0.5921762317419053,1.0,0.6,0.5355894923210144
2,226,TENX116,179,012x009,4133,6498,0.29648358523845675,0.06353328870510074,0.5596515409648418,1.0,0.6,0.5383130639791489
2,227,TENX116,1460,067x011,5594,46677,0.2964750170707703,0.058942093403734304,0.4686910301446915,1.0,0.5,0.540882483124733
2,228,TENX116,948,045x021,12899,30606,0.29644829481840135,0.07019930819968419,0.5987482108175755,1.0,0.5,0.545212122797966
2,229,TENX116,1572,072x011,5594,50330,0.2964445486664772,0.060754536743661366,0.6028576161712408,1.0,0.5,0.5312395244836807
2,230,TENX116,583,029x019,11438,18917,0.2964113160967827,0.06609037509649113,0.6141787365078926,1.0,0.5,0.5348118364810943
2,231,TENX116,190,012x020,12168,6498,0.29639033079147337,0.06107321696389345,0.5460723474621773,1.0,0.5,0.5455539584159851
2,232,TENX116,738,036x016,9246,24031,0.29637326002120973,0.06488139812162662,0.5200273483991623,1.0,0.5,0.5408414155244827
2,233,TENX116,373,020x016,9246,12342,0.29626785814762113,0.0648598781543694,0.44841140434145926,1.0,0.6,0.5565249562263489
2,234,TENX116,1008,048x008,3402,32797,0.2961476445198059,0.06601889239398463,0.5739177271723748,1.0,0.5,0.532248318195343
2,235,TENX116,600,030x013,7055,19648,0.29610154330730437,0.06544619317497782,0.5476537808775902,1.0,0.5,0.5401628613471985
2,236,TENX116,1721,078x028,18013,54713,0.2960029348731041,0.0633515538431707,0.6440067872405052,1.0,0.5,0.5314583629369736
2,237,TENX116,982,047x007,2671,32067,0.2959792897105217,0.0682789052448585,0.6091890379786491,1.0,0.5,0.5317503333091735
2,238,TENX116,925,044x021,12899,29875,0.295969957113266,0.06836550605693759,0.5229082399979234,1.0,0.5,0.5414899200201034
2,239,TENX116,1070,050x022,13629,34258,0.29596582502126695,0.07401549745787853,0.5062831580638886,1.0,0.5,0.5398875951766968
2,240,TENX116,1792,082x013,7055,57635,0.29591597318649293,0.06852228402589092,0.6857568323612213,1.0,0.5,0.5416518181562424
2,241,TENX116,711,035x012,6324,23300,0.29578412175178526,0.06594475066414217,0.4919516146183014,1.0,0.5,0.5451555788516999
2,242,TENX116,830,040x014,7785,26953,0.2957378327846527,0.06782986792643103,0.4769906423985958,1.0,0.5,0.5341593623161316
2,243,TENX116,956,046x006,1941,31336,0.29573316425085067,0.06505688043293134,0.5651555508375168,1.0,0.5,0.535396158695221
2,244,TENX116,401,021x021,12899,13073,0.2957122832536697,0.0643759118738678,0.587275131046772,1.0,0.5,0.5436361849308013
2,245,TENX116,913,044x009,4133,29875,0.29569289833307266,0.07102953862701765,0.5862053148448467,1.0,0.6,0.5439520478248596
2,246,TENX116,911,044x007,2671,29875,0.2956896752119064,0.06419818443924671,0.5495821288786829,1.0,0.5,0.5444152981042862
2,247,TENX116,1202,056x020,12168,38641,0.2956301659345627,0.07092360375519853,0.5403052613139152,1.0,0.5,0.5259225219488144
2,248,TENX116,163,011x017,9977,5768,0.29558179080486296,0.06291275191529569,0.5501835510134697,1.0,0.5,0.5357847154140473
2,249,TENX116,1072,050x024,15090,34258,0.29556036591529844,0.06331236679911789,0.5172184785827995,1.0,0.6,0.5432738214731216
2,250,TENX116,1484,068x011,5594,47408,0.2955516383051872,0.06291775938596388,0.5657279342412949,1.0,0.6,0.5406458586454391
2,251,TENX116,1489,068x016,9246,47408,0.2955253064632416,0.06963361158804293,0.4934589207172394,1.0,0.6,0.5411710232496262
2,252,TENX116,1835,084x014,7785,59096,0.29549491703510283,0.06729151855111254,0.5861055882647633,1.0,0.5,0.5369352787733078
2,253,TENX116,1785,081x027,17282,56905,0.2954923525452614,0.0630942459856907,0.6566091328859329,1.0,0.5,0.5317388027906418
2,254,TENX116,1810,083x010,4863,58366,0.2954776495695114,0.06580166930376487,0.4846431836485863,1.0,0.5,0.5343935340642929
2,255,TENX116,415,022x012,6324,13803,0.2954627603292465,0.06191153328304578,0.4736636318266392,1.0,0.6,0.5563750773668289
2,256,TENX116,1864,085x022,13629,59827,0.29541346430778503,0.06996661620651412,0.5474674865603447,1.0,0.5,0.5369646847248077
3,1,TENX116,799,039x005,1210,26222,0.13264211285859345,0.08839162769503527,-0.4765966676175594,0.2,0.1,0.11039164364337921
3,2,TENX116,2037,094x015,8516,66402,0.1269292298704386,0.07485271352249454,-0.45849733985960484,0.1,0.1,0.052159786224365234
3,3,TENX116,726,036x003,-250,24031,0.11442164424806833,0.06256760220631684,-0.4890909783542156,0.1,0.0,0.04814240634441376
3,4,TENX116,2023,093x018,10707,65671,0.11363490782678128,0.06476737361017572,-0.6071156859397888,0.2,0.0,0.08934800326824188
3,5,TENX116,1784,081x026,16552,56905,0.11001400947570801,0.04533560576111573,-0.45600552689284085,0.0,0.0,0.0
3,6,TENX116,2013,092x025,15821,64940,0.10441871229559183,0.05622925747752817,-0.692957203835249,0.1,0.0,0.04420906901359558
3,7,TENX116,7,004x005,1210,654,0.10303666796535253,0.06402531261209293,-0.7779331602156162,0.1,0.0,0.04484410881996155
3,8,TENX116,2056,096x019,11438,67863,0.10280104856938124,0.07254882588913569,-0.7662343233823776,0.1,0.1,0.051294219493865964
3,9,TENX116,719,035x020,12168,23300,0.10172446072101593,0.03898210654270989,-0.592416562885046,0.0,0.0,0.0
3,10,TENX116,410,022x007,2671,13803,0.10123022552579641,0.0515729539890187,-0.7602396562695504,0.0,0.0,0.0
3,11,TENX116,1105,052x011,5594,35719,0.10105317682027817,0.03801678228760907,-0.65447968095541,0.0,0.0,0.0
3,12,TENX116,1409,065x009,4133,45216,0.100661176815629,0.05307891032750627,-0.6345288075506688,0.1,0.0,0.03760599195957184
3,13,TENX116,1430,066x006,1941,45947,0.10001926068216563,0.05492028768653981,-0.7891670281067491,0.0,0.0,0.0
3,14,TENX116,2014,093x009,4133,65671,0.09929416067898274,0.05421448963968254,-0.6633500061929226,0.0,0.0,0.0
3,15,TENX116,1943,089x016,9246,62749,0.09843701794743538,0.053535111587687784,-0.5516670882701874,0.1,0.0,0.04183144271373749
3,16,TENX116,2038,094x017,9977,66402,0.09759404044598341,0.050899260107486716,-0.6688697729259729,0.0,0.0,0.0
3,17,TENX116,9,004x007,2671,654,0.09746815371327103,0.06594699160217449,-0.7871895506978035,0.0,0.0,0.0
3,18,TENX116,2005,092x017,9977,64940,0.09741939771920442,0.050299792885132304,-0.723318175971508,0.0,0.0,0.0
3,19,TENX116,1186,055x026,16552,37911,0.09725497514009476,0.07727816401370304,-0.8609446950256825,0.2,0.1,0.09747145771980285
3,20,TENX116,1173,055x013,7055,37911,0.09642744418233633,0.0390574608850997,-0.8263730585575104,0.0,0.0,0.0
3,21,TENX116,680,033x026,16552,21839,0.09614531137049198,0.05696181024833363,-0.900979132950306,0.0,0.0,0.0
3,22,TENX116,502,026x007,2671,16726,0.09563865102827548,0.044719383024306406,-0.8453728213906289,0.0,0.0,0.0
3,23,TENX116,2022,093x017,9977,65671,0.09517322331666947,0.05688489745257636,-0.7603759080171585,0.1,0.0,0.04429611563682556
3,24,TENX116,1641,075x014,7785,52521,0.09497148804366588,0.1034065332466451,-1.0194649308919908,0.2,0.2,0.11466367244720459
3,25,TENX116,1285,060x003,-250,41564,0.09487792551517486,0.061287328061829974,-0.7415625005960464,0.0,0.0,0.0
3,26,TENX116,1921,088x016,9246,62018,0.09487018305808306,0.05192272807721014,-0.6465372942388058,0.0,0.0,0.0
3,27,TENX116,214,013x020,12168,7229,0.094829972833395,0.02663938810209117,-0.6445752590894699,0.0,0.0,0.0
3,28,TENX116,1358,062x027,17282,43025,0.09431625045835972,0.043923032479369496,-0.8161618415266275,0.0,0.0,0.0
3,29,TENX116,1,003x013,7055,-76,0.09420226346701384,0.05456592873804765,-0.8335938476026058,0.0,0.0,0.0
3,30,TENX116,1099,052x003,-250,35719,0.09365836959332227,0.06362598222834194,-0.7934159904718399,0.1,0.0,0.046528130769729614
3,31,TENX116,379,020x022,13629,12342,0.09329429809004068,0.050452494880020064,-0.7347481533885002,0.0,0.0,0.0
3,32,TENX116,2001,092x013,7055,64940,0.09295732565224171,0.06596853978453471,-0.7932523131370545,0.1,0.1,0.051740562915802
3,33,TENX116,183,012x013,7055,6498,0.09284320063889026,0.03798298191060019,-0.6675193890929222,0.0,0.0,0.0
3,34,TENX116,1268,059x011,5594,40833,0.09236028678715229,0.036420685000816216,-0.685794061422348,0.0,0.0,0.0
3,35,TENX116,1681,077x010,4863,53983,0.0923416655510664,0.05198561854598642,-0.9015716806054115,0.0,0.0,0.0
3,36,TENX116,1405,064x028,18013,44486,0.09199205562472343,0.05069986683575051,-0.8232857115566731,0.0,0.0,0.0
3,37,TENX116,1979,091x009,4133,64210,0.09172856900840998,0.05172427103064427,-0.7760255455970764,0.0,0.0,0.0
3,38,TENX116,1550,071x011,5594,49599,0.09150868654251099,0.060360914498400926,-0.8236308600753546,0.1,0.0,0.04372478425502777
3,39,TENX116,372,020x015,8516,12342,0.09149979241192341,0.04675909049240447,-0.7821068286895752,0.0,0.0,0.0
3,40,TENX116,774,038x004,480,25492,0.09147169683128595,0.0596240646258445,-0.8210685014724731,0.0,0.0,0.0
3,41,TENX116,1003,048x003,-250,32797,0.09143013842403888,0.0512499758402336,-0.7671480070799589,0.0,0.0,0.0
3,42,TENX116,1340,062x009,4133,43025,0.09136385265737772,0.034695456514993894,-0.8172991156578064,0.0,0.0,0.0
3,43,TENX116,663,033x009,4133,21839,0.0911893367767334,0.029491287847943342,-0.6971894979476929,0.0,0.0,0.0
3,44,TENX116,267,015x028,18013,8690,0.09117126949131489,0.04958585652975253,-0.8666168257594109,0.0,0.0,0.0
3,45,TENX116,1743,079x028,18013,55444,0.09085241910070181,0.036745358997905465,-0.703588780760765,0.0,0.0,0.0
3,46,TENX116,1722,079x007,2671,55444,0.09053182508796453,0.04960856919484933,-0.9075179815292358,0.0,0.0,0.0
3,47,TENX116,240,014x022,13629,7959,0.09025909062474965,0.038998448207897635,-0.6901611268520356,0.0,0.0,0.0
3,48,TENX116,167,011x021,12899,5768,0.08992836028337478,0.060528172870777865,-0.968045349419117,0.1,0.0,0.04285267293453217
3,49,TENX116,1260,059x003,-250,40833,0.089867337141186,0.06387496988873295,-0.9383154690265656,0.1,0.0,0.0455118328332901
3,50,TENX116,1240,058x008,3402,40102,0.08932740036398172,0.04183423108318705,-0.9077053785324096,0.0,0.0,0.0
3,51,TENX116,1818,083x018,10707,58366,0.0893159495666623,0.04917861307958572,-0.7778745241463184,0.0,0.0,0.0
3,52,TENX116,313,017x028,18013,10151,0.08928426150232553,0.06328123057953067,-1.004311192780733,0.0,0.0,0.0
3,53,TENX116,2065,098x022,13629,69324,0.08884259331971407,0.053566409614968426,-0.9224451899528503,0.0,0.0,0.0
3,54,TENX116,2025,093x020,12168,65671,0.08861282709985971,0.05724100699994523,-0.8671670466661453,0.1,0.0,0.04663525819778443
3,55,TENX116,625,031x015,8516,20378,0.08841727785766125,0.04278002324185009,-0.7876891463994979,0.0,0.0,0.0
3,56,TENX116,2,003x014,7785,-76,0.08829405698925256,0.06377046900359448,-0.908389937132597,0.1,0.0,0.047671109437942505
3,57,TENX116,703,034x026,16552,22570,0.08815965447574854,0.057135783740338966,-0.8896187921985984,0.0,0.0,0.0
3,58,TENX116,414,022x011,5594,13803,0.08814383372664451,0.03166145943774957,-0.7851601362228393,0.0,0.0,0.0
3,59,TENX116,1237,058x005,1210,40102,0.0880783929489553,0.0660661642013652,-0.9254807323217392,0.1,0.1,0.05055074691772461
3,60,TENX116,2028,093x023,14360,65671,0.08802597355097533,0.05540655108905843,-0.8576779216527939,0.0,0.0,0.0
3,61,TENX116,1388,064x011,5594,44486,0.08802337199449539,0.037351694451590665,-0.7693284407258034,0.0,0.0,0.0
3,62,TENX116,521,027x003,-250,17456,0.08778414651751518,0.05401815667763781,-0.8972466692328454,0.0,0.0,0.0
3,63,TENX116,196,012x028,18013,6498,0.08772123716771603,0.05993229800717541,-1.0616865545511245,0.0,0.0,0.0
3,64,TENX116,363,020x006,1941,12342,0.08762654177844524,0.04816934735522607,-0.9112537957727909,0.0,0.0,0.0
3,65,TENX116,172,011x028,18013,5768,0.08761784024536609,0.06348329565719821,-1.0585472114384173,0.1,0.0,0.04889402389526367
3,66,TENX116,1397,064x020,12168,44486,0.08749923184514045,0.03703995576759667,-0.8397565931081772,0.0,0.0,0.0
3,67,TENX116,724,035x025,15821,23300,0.08722182139754295,0.04622886871065333,-0.9943430453538895,0.0,0.0,0.0
3,68,TENX116,1160,054x022,13629,37180,0.08719995561987162,0.04454228448414631,-0.7914255056530237,0.0,0.0,0.0
3,69,TENX116,1476,067x027,17282,46677,0.08712601363658905,0.03102820307879083,-0.8029355078935623,0.0,0.0,0.0
3,70,TENX116,765,037x019,11438,24761,0.08706507533788681,0.035991965260000605,-0.7159954167902469,0.0,0.0,0.0
3,71,TENX116,1040,049x016,9246,33528,0.08699071817100049,0.039903954457561085,-0.8372548401355744,0.0,0.0,0.0
3,72,TENX116,455,024x006,1941,15265,0.08696794472634792,0.055732017698485854,-1.0082632035017014,0.0,0.0,0.0
3,73,TENX116,1912,087x028,18013,61288,0.08684103190898895,0.03543206071698411,-0.6924403429031372,0.0,0.0,0.0
3,74,TENX116,1846,084x025,15821,59096,0.08671098751947284,0.044826263180851075,-0.8935272455215454,0.0,0.0,0.0
3,75,TENX116,1957,090x008,3402,63479,0.08670586813241243,0.05668357423019031,-0.9915797229856252,0.0,0.0,0.0
3,76,TENX116,1211,057x004,480,39372,0.08668723162263632,0.05792986234825147,-0.7973685674369335,0.1,0.0,0.037160322070121765
3,77,TENX116,1612,074x007,2671,51791,0.08654577657580376,0.0401647608911296,-0.8443163745105267,0.0,0.0,0.0
3,78,TENX116,49,006x007,2671,2115,0.08649015985429287,0.019417848445157867,-0.7361921221017838,0.0,0.0,0.0
3,79,TENX116,1655,075x028,18013,52521,0.08648993540555239,0.030842329023862764,-0.6874374985694885,0.0,0.0,0.0
3,80,TENX116,1236,058x004,480,40102,0.08636592524126172,0.060641943068928214,-0.9511846791952848,0.0,0.0,0.0
3,81,TENX116,320,018x009,4133,10881,0.08622312545776367,0.033036855614195,-0.7783217459917069,0.0,0.0,0.0
3,82,TENX116,1312,061x005,1210,42294,0.08621642794460058,0.05774001539478159,-0.8667343780398369,0.0,0.0,0.0
3,83,TENX116,752,037x006,1941,24761,0.08620895305648446,0.039118459304243534,-0.7748107045888901,0.0,0.0,0.0
3,84,TENX116,368,020x011,5594,12342,0.08616718761622906,0.03166241482742713,-0.8234636813402176,0.0,0.0,0.0
3,85,TENX116,1656,076x007,2671,53252,0.08613238297402859,0.03125908742797258,-0.803123614192009,0.0,0.0,0.0
3,86,TENX116,2061,097x010,4863,68593,0.08588515426963568,0.05599117233403631,-0.9621759548783302,0.0,0.0,0.0
3,87,TENX116,1993,091x023,14360,64210,0.08587575517594814,0.036283838643225166,-0.7374773263931275,0.0,0.0,0.0
3,88,TENX116,1319,061x012,6324,42294,0.08582384772598743,0.03466224135129826,-0.7779570937156677,0.0,0.0,0.0
3,89,TENX116,1244,058x012,6324,40102,0.08540476243942977,0.046147400304378215,-0.9085649281740189,0.0,0.0,0.0
3,90,TENX116,1199,056x017,9977,38641,0.0852908469736576,0.027930571490043944,-0.8183074712753295,0.0,0.0,0.0
3,91,TENX116,1587,072x026,16552,50330,0.08523910157382489,0.033535983968253136,-0.8645215928554535,0.0,0.0,0.0
3,92,TENX116,1315,061x008,3402,42294,0.0851673822849989,0.03877373637517818,-0.7998642742633819,0.0,0.0,0.0
3,93,TENX116,1141,053x025,15821,36450,0.08514662832021713,0.05765833994291528,-0.8972778525203466,0.1,0.0,0.045983850955963135
3,94,TENX116,421,022x018,10707,13803,0.08504859041422605,0.0483445801186857,-0.9097073920071125,0.0,0.0,0.0
3,95,TENX116,1402,064x025,15821,44486,0.08499150685966014,0.028949250076970346,-0.7947550296783448,0.0,0.0,0.0
3,96,TENX116,425,022x022,13629,13803,0.0848883437924087,0.056446000456229994,-0.9441730871796608,0.0,0.0,0.0
3,97,TENX116,237,014x019,11438,7959,0.08487647064030171,0.043802450019772586,-0.9141926407814026,0.0,0.0,0.0
3,98,TENX116,856,041x018,10707,27684,0.0848200149834156,0.04555064056959953,-0.9473113760352134,0.0,0.0,0.0
3,99,TENX116,1398,064x021,12899,44486,0.08465201985090971,0.043705422923356,-0.8537689328193665,0.0,0.0,0.0
3,100,TENX116,2026,093x021,12899,65671,0.08459512144327164,0.04527982936809291,-0.8400204315781593,0.0,0.0,0.0
3,101,TENX116,930,044x026,16552,29875,0.08453137781471014,0.03825951660850555,-0.8753760002553463,0.0,0.0,0.0
3,102,TENX116,1638,075x011,5594,52521,0.08429737500846386,0.024732977035569783,-0.875752079486847,0.0,0.0,0.0
3,103,TENX116,679,033x025,15821,21839,0.08398355841636658,0.042978639741422485,-0.8870073296129704,0.0,0.0,0.0
3,104,TENX116,772,037x026,16552,24761,0.08396301725879311,0.060459942972647965,-1.0239542938768864,0.1,0.0,0.04462242424488068
3,105,TENX116,2029,093x024,15090,65671,0.08392523340880871,0.055919716440188484,-0.9487925544381142,0.0,0.0,0.0
3,106,TENX116,731,036x009,4133,24031,0.08390418589115142,0.0413714430561634,-0.9021447658538818,0.0,0.0,0.0
3,107,TENX116,893,043x011,5594,29145,0.08387183044105768,0.06983739070680835,-1.0375719929113985,0.1,0.0,0.04717497527599335
3,108,TENX116,504,026x009,4133,16726,0.08384016379714013,0.04895131037527304,-0.9420022755861283,0.0,0.0,0.0
3,109,TENX116,494,025x022,13629,15995,0.08381962478160858,0.029243867738417088,-0.8874093770980835,0.0,0.0,0.0
3,110,TENX116,336,018x028,18013,10881,0.08377890354022384,0.05111473280706611,-0.9509583920240402,0.0,0.0,0.0
3,111,TENX116,1214,057x007,2671,39372,0.08366207424551249,0.05034952580335822,-0.9464020952582359,0.0,0.0,0.0
3,112,TENX116,1354,062x023,14360,43025,0.08359545366838575,0.04285835983602836,-0.969426155090332,0.0,0.0,0.0
3,113,TENX116,2044,094x023,14360,66402,0.08359153512865306,0.05332053969843398,-0.9605975799262524,0.0,0.0,0.0
3,114,TENX116,498,026x003,-250,16726,0.08353749383240938,0.051966285023906225,-1.0139536768198014,0.0,0.0,0.0
3,115,TENX116,2048,095x012,6324,67132,0.0834889303892851,0.0418321670713011,-0.8374387383460998,0.0,0.0,0.0
3,116,TENX116,1295,060x013,7055,41564,0.08346284609287977,0.060552644366739544,-1.0666311338543892,0.0,0.0,0.0
3,117,TENX116,242,014x024,15090,7959,0.08341022972017527,0.03779064845138973,-0.8586102031171322,0.0,0.0,0.0
3,118,TENX116,15,004x013,7055,654,0.08337634615600109,0.036573234929668304,-0.687233430147171,0.0,0.0,0.0
3,119,TENX116,1428,065x028,18013,45216,0.08327186368405819,0.040009673371216775,-0.8932727098464965,0.0,0.0,0.0
3,120,TENX116,1197,056x015,8516,38641,0.08304587919265032,0.029228013014547166,-0.835877189040184,0.0,0.0,0.0
3,121,TENX116,1128,053x012,6324,36450,0.08304463513195515,0.038103368785419686,-0.8219430539757013,0.0,0.0,0.0
3,122,TENX116,476,025x004,480,15995,0.08301430605351925,0.04902664967724222,-0.9715525187551975,0.0,0.0,0.0
3,123,TENX116,2064,098x021,12899,69324,0.08299361113458872,0.04528147453389257,-0.7521502621471882,0.0,0.0,0.0
3,124,TENX116,1195,056x013,7055,38641,0.0829606931656599,0.03248076461211324,-0.8525374591350555,0.0,0.0,0.0
3,125,TENX116,154,011x008,3402,5768,0.08294280674308538,0.035467361164549675,-0.8949598371982574,0.0,0.0,0.0
3,126,TENX116,616,031x006,1941,20378,0.08285658061504364,0.039095680507539976,-0.9180162250995636,0.0,0.0,0.0
3,127,TENX116,283,016x018,10707,9420,0.0828549824655056,0.035821726949863644,-0.7706960171461106,0.0,0.0,0.0
3,128,TENX116,1023,048x023,14360,32797,0.08275809064507485,0.03416060410465879,-0.7426721662282944,0.0,0.0,0.0
3,129,TENX116,398,021x018,10707,13073,0.0827239254489541,0.040054985542466275,-0.8962726533412934,0.0,0.0,0.0
3,130,TENX116,248,015x006,1941,8690,0.0827178806066513,0.04021452352501381,-0.8576397433876991,0.0,0.0,0.0
3,131,TENX116,290,016x028,18013,9420,0.08261191612109542,0.054098350386661255,-1.0958957195281982,0.0,0.0,0.0
3,132,TENX116,1413,065x013,7055,45216,0.08260142784565687,0.03247448879386845,-0.9282271891832352,0.0,0.0,0.0
3,133,TENX116,548,028x007,2671,18187,0.0825987291522324,0.04653565118827598,-0.9312752455472946,0.0,0.0,0.0
3,134,TENX116,1286,060x004,480,41564,0.08245003707706929,0.06168829638534148,-1.0216168209910392,0.0,0.0,0.0
3,135,TENX116,1362,063x008,3402,43755,0.08243368715047836,0.034251073308556056,-0.8143407076597213,0.0,0.0,0.0
3,136,TENX116,45,005x023,14360,1384,0.08227819800376893,0.045949215524140836,-0.9193769842386246,0.0,0.0,0.0
3,137,TENX116,2004,092x016,9246,64940,0.08218666142784059,0.04932840980223644,-0.928817105665803,0.0,0.0,0.0
3,138,TENX116,1492,068x019,11438,47408,0.08204797357320785,0.034806358295890114,-0.8420145779848098,0.0,0.0,0.0
3,139,TENX116,1483,068x010,4863,47408,0.0820439187809825,0.04536362192132028,-1.0877394676208496,0.0,0.0,0.0
3,140,TENX116,222,014x004,480,7959,0.08204277530312538,0.04269650024915466,-0.903259813785553,0.0,0.0,0.0
3,141,TENX116,622,031x012,6324,20378,0.0820271760225296,0.03132014040563644,-0.84252809882164,0.0,0.0,0.0
3,142,TENX116,2067,099x023,14360,70054,0.0819724915549159,0.0488134667756894,-1.0010468542575837,0.0,0.0,0.0
3,143,TENX116,1020,048x020,12168,32797,0.0819068370386958,0.031193533591804944,-0.8477258265018464,0.0,0.0,0.0
3,144,TENX116,2024,093x019,11438,65671,0.08167145568877458,0.05678757006210595,-0.9688832998275757,0.1,0.0,0.044355463981628415
3,145,TENX116,147,010x027,17282,5037,0.08165991138666868,0.049773003656516004,-1.0338384300470351,0.0,0.0,0.0
3,146,TENX116,1053,050x005,1210,34258,0.08163967374712229,0.05149051957304024,-0.9776657238602638,0.0,0.0,0.0
3,147,TENX116,221,013x029,18743,7229,0.08147472888231277,0.05190705532682827,-1.0639765441417695,0.0,0.0,0.0
3,148,TENX116,861,041x023,14360,27684,0.08118068575859069,0.033300694567274754,-0.8864328831434249,0.0,0.0,0.0
3,149,TENX116,1336,062x004,480,43025,0.08111175829544663,0.06359294595872858,-1.1093848230317236,0.1,0.0,0.04462170004844666
3,150,TENX116,543,027x025,15821,17456,0.0810361759737134,0.048400006366670446,-0.908975000679493,0.0,0.0,0.0
3,151,TENX116,412,022x009,4133,13803,0.08098571226000786,0.040975000016041395,-0.9616996884346009,0.0,0.0,0.0
3,152,TENX116,1235,058x003,-250,40102,0.080971739301458,0.05892800278223337,-1.0646440908312798,0.0,0.0,0.0
3,153,TENX116,2043,094x022,13629,66402,0.08095425311475993,0.0454710538229584,-0.9918441265821457,0.0,0.0,0.0
3,154,TENX116,835,040x019,11438,26953,0.08095424249768257,0.029085405280939808,-0.8913555890321732,0.0,0.0,0.0
3,155,TENX116,219,013x027,17282,7229,0.08089915458112955,0.051359170922991804,-1.0262135520577431,0.0,0.0,0.0
3,156,TENX116,65,006x023,14360,2115,0.08086405880749226,0.04136417068923906,-0.7728588566184044,0.0,0.0,0.0
3,157,TENX116,870,042x010,4863,28414,0.08076418656855822,0.04194927559542405,-0.9507000729441643,0.0,0.0,0.0
3,158,TENX116,1261,059x004,480,40833,0.0807393609546125,0.05703087470186165,-1.0671804189682006,0.0,0.0,0.0
3,159,TENX116,387,021x007,2671,13073,0.08067114111036063,0.05323016258432911,-1.2045366190373898,0.0,0.0,0.0
3,160,TENX116,69,007x007,2671,2846,0.08064819946885109,0.026085677810305567,-0.8692175656557083,0.0,0.0,0.0
3,161,TENX116,1262,059x005,1210,40833,0.08059798926115036,0.04829785766961172,-1.031933170557022,0.0,0.0,0.0
3,162,TENX116,2003,092x015,8516,64940,0.08051622621715068,0.04200409451783571,-0.9345696091651916,0.0,0.0,0.0
3,163,TENX116,102,008x020,12168,3576,0.0805034089833498,0.044752239783701124,-0.9234737638384104,0.0,0.0,0.0
3,164,TENX116,28,005x006,1941,1384,0.08045594533905387,0.040042860923254264,-0.9856852173805237,0.0,0.0,0.0
3,165,TENX116,1525,070x008,3402,48869,0.08043266534805298,0.047201518407029505,-0.8601500570774079,0.0,0.0,0.0
3,166,TENX116,773,038x003,-250,25492,0.08041943060234188,0.049791547173860445,-1.0022140927612782,0.0,0.0,0.0
3,167,TENX116,2062,097x021,12899,68593,0.08036330156028271,0.04230811242695092,-1.02137331366539,0.0,0.0,0.0
3,168,TENX116,1651,075x024,15090,52521,0.08034787373617291,0.05269772955305521,-1.117565431445837,0.0,0.0,0.0
3,169,TENX116,238,014x020,12168,7959,0.0802438747137785,0.03749730875220629,-0.8801742501556873,0.0,0.0,0.0
3,170,TENX116,682,034x005,1210,22570,0.08022051081061363,0.04095567281373574,-0.8461879909038543,0.0,0.0,0.0
3,171,TENX116,511,026x016,9246,16726,0.0801887072622776,0.039248744954366734,-0.9577310532331467,0.0,0.0,0.0
3,172,TENX116,748,036x026,16552,24031,0.08017998514696956,0.048283864821414606,-1.0125924840569496,0.0,0.0,0.0
3,173,TENX116,2031,094x009,4133,66402,0.0801059078425169,0.048115925660853036,-0.9135027609765529,0.0,0.0,0.0
3,174,TENX116,1967,090x018,10707,63479,0.08009618148207664,0.046038383890602295,-0.7994215410202742,0.0,0.0,0.0
3,175,TENX116,1103,052x009,4133,35719,0.08004005942493678,0.036234123373582235,-1.006760060787201,0.0,0.0,0.0
3,176,TENX116,495,025x023,14360,15995,0.07997697461396455,0.031270179125306566,-0.7946166545152664,0.0,0.0,0.0
3,177,TENX116,385,021x005,1210,13073,0.07996105868369341,0.03275266829382882,-0.8438064664602279,0.0,0.0,0.0
3,178,TENX116,364,020x007,2671,12342,0.07994263358414173,0.043110581018132615,-0.9565353870391846,0.0,0.0,0.0
3,179,TENX116,493,025x021,12899,15995,0.07987961880862712,0.033451701075243194,-0.8100037068128586,0.0,0.0,0.0
3,180,TENX116,1537,070x020,12168,48869,0.07987655820325017,0.04558518720431071,-1.081527665257454,0.0,0.0,0.0
3,181,TENX116,40,005x018,10707,1384,0.07984978659078479,0.054669155404536006,-0.9490923792123794,0.0,0.0,0.0
3,182,TENX116,281,016x016,9246,9420,0.07968191467225552,0.04269109547946101,-0.9312824368476867,0.0,0.0,0.0
3,183,TENX116,997,047x022,13629,32067,0.07966675609350204,0.03696661572809426,-0.8598876476287842,0.0,0.0,0.0
3,184,TENX116,220,013x028,18013,7229,0.07965341545641422,0.052797992091478674,-1.1028843373060226,0.0,0.0,0.0
3,185,TENX116,2057,096x020,12168,67863,0.0796515678986907,0.04735227136878493,-0.8980322405695915,0.0,0.0,0.0
3,186,TENX116,362,020x005,1210,12342,0.07958195097744465,0.041356319323476505,-0.9538038820028305,0.0,0.0,0.0
3,187,TENX116,187,012x017,9977,6498,0.07954459451138973,0.046768714145279076,-0.9687267631292343,0.0,0.0,0.0
3,188,TENX116,133,010x010,4863,5037,0.07951264381408692,0.02330324111094389,-0.8208000838756562,0.0,0.0,0.0
3,189,TENX116,1225,057x018,10707,39372,0.0794768538326025,0.035854934528207955,-0.917492350935936,0.0,0.0,0.0
3,190,TENX116,330,018x019,11438,10881,0.07947234436869621,0.02757939901926196,-0.9069820761680603,0.0,0.0,0.0
3,191,TENX116,797,039x003,-250,26222,0.07937568332999945,0.04492759200502868,-0.9312066778540611,0.0,0.0,0.0
3,192,TENX116,1702,078x009,4133,54713,0.07937106471508741,0.031056007345645984,-0.8808912664651871,0.0,0.0,0.0
3,193,TENX116,1715,078x022,13629,54713,0.07934530973434448,0.02763096393942951,-0.8742030560970306,0.0,0.0,0.0
3,194,TENX116,1454,067x004,480,46677,0.07931020595133305,0.04859313545563391,-0.930424814671278,0.0,0.0,0.0
3,195,TENX116,1311,061x004,480,42294,0.07926368797197939,0.056251448870886844,-1.055297676846385,0.0,0.0,0.0
3,196,TENX116,1429,066x003,-250,45947,0.07926003504544496,0.047491482360320504,-0.9486960053443909,0.0,0.0,0.0
3,197,TENX116,341,019x007,2671,11612,0.07925491631031037,0.050478607484186644,-0.9945116348564624,0.0,0.0,0.0
3,198,TENX116,243,014x027,17282,7959,0.07923626611009241,0.05198981909074999,-1.0687782421708107,0.0,0.0,0.0
3,199,TENX116,2027,093x022,13629,65671,0.07905989494174719,0.033186950982251225,-0.883472403883934,0.0,0.0,0.0
3,200,TENX116,431,023x005,1210,14534,0.07905102167278528,0.04024877741955183,-0.8277222611010074,0.0,0.0,0.0
3,201,TENX116,743,036x021,12899,24031,0.07904247492551804,0.02529686364424473,-0.8128407925367356,0.0,0.0,0.0
3,202,TENX116,1130,053x014,7785,36450,0.07901688944548368,0.028695634994564987,-0.9183793872594833,0.0,0.0,0.0
3,203,TENX116,1697,077x026,16552,53983,0.07895120736211539,0.0418994064197386,-0.935934653878212,0.0,0.0,0.0
3,204,TENX116,1942,089x015,8516,62749,0.07890512337908148,0.057985718751430874,-0.9718322433531285,0.0,0.0,0.0
3,205,TENX116,123,009x021,12899,4307,0.07885398231446743,0.02925076368511763,-0.873919415473938,0.0,0.0,0.0
3,206,TENX116,268,015x029,18743,8690,0.0788231611251831,0.04762757144395539,-0.9984180316329002,0.0,0.0,0.0
3,207,TENX116,153,011x007,2671,5768,0.07881323425099254,0.04653388197156412,-0.9917210876941681,0.0,0.0,0.0
3,208,TENX116,1058,050x010,4863,34258,0.07874508798122407,0.02754729251893805,-0.8253097802400589,0.0,0.0,0.0
3,209,TENX116,170,011x024,15090,5768,0.07868879809975624,0.059728454827086316,-1.0600514017045497,0.0,0.0,0.0
3,210,TENX116,916,044x012,6324,29875,0.07866736091673374,0.02882139071440429,-0.9542171031236648,0.0,0.0,0.0
3,211,TENX116,987,047x012,6324,32067,0.07857289854437113,0.052621057525298685,-1.0914926372468472,0.0,0.0,0.0
3,212,TENX116,818,039x024,15090,26222,0.0785090234130621,0.03508786148297666,-0.8824662655591965,0.0,0.0,0.0
3,213,TENX116,2018,093x013,7055,65671,0.0784871194511652,0.05150643160140668,-1.0920879254117608,0.0,0.0,0.0
3,214,TENX116,1909,087x025,15821,61288,0.07848589718341828,0.036070964857720454,-0.8848739057779312,0.0,0.0,0.0
3,215,TENX116,165,011x019,11438,5768,0.07843131739646196,0.027671517855801145,-0.9090354084968567,0.0,0.0,0.0
3,216,TENX116,696,034x019,11438,22570,0.07842813078314066,0.03408810099551745,-0.8367663502693177,0.0,0.0,0.0
3,217,TENX116,612,030x025,15821,19648,0.07839478217065335,0.025302521980922872,-0.920254647731781,0.0,0.0,0.0
3,218,TENX116,734,036x012,6324,24031,0.07832153458148242,0.046570846672054966,-1.00798901617527,0.0,0.0,0.0
3,219,TENX116,2010,092x022,13629,64940,0.07823651786893607,0.05271887721411737,-0.9718856513500214,0.0,0.0,0.0
3,220,TENX116,872,042x012,6324,28414,0.07820496633648873,0.027563762470215143,-0.8851895779371262,0.0,0.0,0.0
3,221,TENX116,2053,095x022,13629,67132,0.07817409206181765,0.043814413265893366,-1.0749940738081931,0.0,0.0,0.0
3,222,TENX116,1005,048x005,1210,32797,0.07806163425557315,0.0500952685995567,-1.1367919862270355,0.0,0.0,0.0
3,223,TENX116,33,005x011,5594,1384,0.07797349710017443,0.04549882002174258,-0.80285006724298,0.0,0.0,0.0
3,224,TENX116,905,043x023,14360,29145,0.07796901650726795,0.039630142352795494,-0.8998877692967653,0.0,0.0,0.0
3,225,TENX116,1123,053x007,2671,36450,0.07796774078160525,0.04032225271698696,-0.9732255876064301,0.0,0.0,0.0
3,226,TENX116,1609,073x026,16552,51060,0.0779381088912487,0.05172753210903283,-1.0322101607918739,0.0,0.0,0.0
3,227,TENX116,1297,060x015,8516,41564,0.07793489880859852,0.048233179541240935,-1.050795055925846,0.0,0.0,0.0
3,228,TENX116,91,008x009,4133,3576,0.07792156673967839,0.024192877301019846,-0.8331149816513062,0.0,0.0,0.0
3,229,TENX116,749,037x003,-250,24761,0.07790278773754836,0.047193953031683555,-1.046372974663973,0.0,0.0,0.0
3,230,TENX116,552,028x011,5594,18187,0.0777939671650529,0.04449078617998119,-1.0695585414767266,0.0,0.0,0.0
3,231,TENX116,651,032x019,11438,21109,0.07777390405535697,0.027368073707973704,-0.8649152129888534,0.0,0.0,0.0
3,232,TENX116,1028,049x003,-250,33528,0.07772096116095781,0.0519288386417998,-0.8434169143438339,0.1,0.0,0.04156696200370789
3,233,TENX116,108,009x006,1941,4307,0.07770668976008892,0.032065173334723716,-0.8668652981519699,0.0,0.0,0.0
3,234,TENX116,1246,058x014,7785,40102,0.07768606524914504,0.036619801844281485,-0.8951282054185867,0.0,0.0,0.0
3,235,TENX116,892,043x010,4863,29145,0.07767834290862083,0.04623220722859445,-0.9676480486989021,0.0,0.0,0.0
3,236,TENX116,843,041x005,1210,27684,0.07766378819942474,0.03731138719839254,-0.9102893501520157,0.0,0.0,0.0
3,237,TENX116,826,040x010,4863,26953,0.07752937451004982,0.024109506078831222,-0.8670524418354034,0.0,0.0,0.0
3,238,TENX116,1752,080x015,8516,56174,0.07746440581977368,0.026834558522723817,-0.9039888858795166,0.0,0.0,0.0
3,239,TENX116,1270,059x013,7055,40833,0.07739855796098709,0.03451608016041903,-0.9335645020008088,0.0,0.0,0.0
3,240,TENX116,704,035x005,1210,23300,0.07731443718075752,0.040802256907813424,-0.9843781433999539,0.0,0.0,0.0
3,241,TENX116,725,035x026,16552,23300,0.07729558125138283,0.04844157757580656,-1.0630000598728657,0.0,0.0,0.0
3,242,TENX116,701,034x024,15090,22570,0.07727997358888387,0.042953887903255876,-0.9796570986509323,0.0,0.0,0.0
3,243,TENX116,599,030x012,6324,19648,0.07725283037871122,0.03544550216612956,-0.986423921585083,0.0,0.0,0.0
3,244,TENX116,603,030x016,9246,19648,0.07719613909721375,0.035558993997498095,-0.8891645938158035,0.0,0.0,0.0
3,245,TENX116,411,022x008,3402,13803,0.07719233948737383,0.04356194020051255,-1.116507451236248,0.0,0.0,0.0
3,246,TENX116,1514,069x019,11438,48138,0.07713563833385706,0.04037784348533563,-1.0246760845184326,0.0,0.0,0.0
3,247,TENX116,195,012x027,17282,6498,0.07712680054828525,0.049108526220500666,-1.0166208617389203,0.0,0.0,0.0
3,248,TENX116,1131,053x015,8516,36450,0.07710644081234933,0.028061779792201473,-0.8292061686515808,0.0,0.0,0.0
3,249,TENX116,1436,066x012,6324,45947,0.0770945556461811,0.04619178140570472,-1.104487705230713,0.0,0.0,0.0
3,250,TENX116,1265,059x008,3402,40833,0.07708603627979756,0.04115758628898719,-0.8585450053215027,0.0,0.0,0.0
3,251,TENX116,1555,071x016,9246,49599,0.07707772441208363,0.0526633774472279,-1.0278147548437118,0.0,0.0,0.0
3,252,TENX116,1410,065x010,4863,45216,0.07703132089227438,0.033728757725981606,-0.9551792800426483,0.0,0.0,0.0
3,253,TENX116,1450,066x026,16552,45947,0.07693620957434177,0.03179058981711401,-0.8456402212381363,0.0,0.0,0.0
3,254,TENX116,197,012x029,18743,6498,0.07692391555756331,0.04319485206731646,-0.9041948318481445,0.0,0.0,0.0
3,255,TENX116,1212,057x005,1210,39372,0.07689838204532862,0.05053735844025254,-0.96159598082304,0.0,0.0,0.0
3,256,TENX116,1426,065x026,16552,45216,0.07689444608986377,0.027302421723840644,-0.9232541441917419,0.0,0.0,0.0
4,1,TENX116,55,006x013,7055,2115,0.1994575783610344,0.05288828543213151,0.3173899300396442,0.5,0.4,0.26072958707809446
4,2,TENX116,1286,060x004,480,41564,0.19767349809408188,0.058055203763911524,0.20005671456456184,0.5,0.5,0.2702769458293915
4,3,TENX116,38,005x016,9246,1384,0.19156093299388885,0.05331753771672797,0.2151521012187004,0.5,0.5,0.25843033790588377
4,4,TENX116,771,037x025,15821,24761,0.1872628927230835,0.047352921145056515,0.11634658575057984,0.4,0.0,0.18736371099948884
4,5,TENX116,360,019x029,18743,11612,0.18695893585681916,0.05858192719467513,0.16196361780166627,0.5,0.1,0.2421850711107254
4,6,TENX116,22,004x020,12168,654,0.18552307039499283,0.05376399576937127,0.20673179924488067,0.5,0.4,0.2531319409608841
4,7,TENX116,1942,089x015,8516,62749,0.185455634444952,0.056655004636476,0.21040057577192783,0.5,0.2,0.25047627091407776
4,8,TENX116,1235,058x003,-250,40102,0.18077538534998894,0.05535928598510973,0.06901523414999247,0.4,0.2,0.20223621428012847
4,9,TENX116,37,005x015,8516,1384,0.17970652356743813,0.05500255316341784,0.20371707677841186,0.4,0.2,0.20057345032691956
4,10,TENX116,21,004x019,11438,654,0.17943739891052246,0.05344170559657593,0.217709007114172,0.4,0.2,0.19705397486686707
4,11,TENX116,171,011x027,17282,5768,0.17845600992441177,0.0493681705308785,0.05457502007484436,0.3,0.0,0.14369204342365266
4,12,TENX116,56,006x014,7785,2115,0.17673871889710427,0.052864175257516285,0.16263535618782043,0.3,0.1,0.14664589762687683
4,13,TENX116,40,005x018,10707,1384,0.1765350416302681,0.049041820589045694,0.08907708823680878,0.4,0.0,0.18984350562095642
4,14,TENX116,1900,087x016,9246,61288,0.1764857642352581,0.05003870322416044,0.09011507034301758,0.4,0.0,0.1904784232378006
4,15,TENX116,63,006x021,12899,2115,0.17496019154787062,0.04807606516952055,0.140423221886158,0.2,0.0,0.09815411567687989
4,16,TENX116,1311,061x004,480,42294,0.1749383367598057,0.05072704286429637,0.03852740973234177,0.4,0.1,0.1950289636850357
4,17,TENX116,1336,062x004,480,43025,0.17411681935191153,0.05570814522236784,0.02428201287984848,0.5,0.2,0.24919835329055787
4,18,TENX116,196,012x028,18013,6498,0.17367520183324814,0.05272641234762581,-0.07604025658220052,0.5,0.0,0.22933525443077088
4,19,TENX116,1335,062x003,-250,43025,0.17358998581767082,0.05194276686270213,0.016406766325235366,0.5,0.1,0.24169183969497682
4,20,TENX116,8,004x006,1941,654,0.17352064549922944,0.04799057980589542,0.1923274964094162,0.3,0.0,0.14193650484085082
4,21,TENX116,1236,058x004,480,40102,0.173359402269125,0.05102593924573998,0.04558637496083975,0.3,0.1,0.14991036653518677
4,22,TENX116,481,025x009,4133,15995,0.1731149137020111,0.050683709499603984,0.027660584449768065,0.4,0.0,0.19046528041362762
4,23,TENX116,18,004x016,9246,654,0.17233193814754486,0.04668233015257769,0.02817779816687107,0.1,0.1,0.05110357999801636
4,24,TENX116,1815,083x015,8516,58366,0.17200155705213546,0.04314399788809254,0.09636478647589683,0.1,0.0,0.045654723048210145
4,25,TENX116,1819,083x019,11438,58366,0.1716868184506893,0.04338460287219508,0.07796948403120041,0.2,0.0,0.09410126507282257
4,26,TENX116,13,004x011,5594,654,0.17118981406092643,0.045395586817830465,0.11886121332645416,0.2,0.1,0.09655576646327972
4,27,TENX116,314,017x029,18743,10151,0.17095223665237427,0.05064218651702257,-0.047523488849401475,0.2,0.0,0.0946553885936737
4,28,TENX116,1920,088x015,8516,62018,0.17091968283057213,0.044742552884597,0.0754714697599411,0.3,0.0,0.1431260287761688
4,29,TENX116,149,010x029,18743,5037,0.17079028487205505,0.0494328540311105,-0.03332195430994034,0.4,0.0,0.18419327437877656
4,30,TENX116,268,015x029,18743,8690,0.17070903852581978,0.04868694473884849,-0.030324208736419677,0.4,0.0,0.18010183572769164
4,31,TENX116,1182,055x022,13629,37911,0.1705994874238968,0.046560547147004736,0.21017507798969745,0.2,0.0,0.09147098660469055
4,32,TENX116,54,006x012,6324,2115,0.17012389674782752,0.05090552264224876,0.12549677714705468,0.2,0.1,0.10174172520637512
4,33,TENX116,35,005x013,7055,1384,0.16957730799913406,0.04683085616271937,0.08075406849384308,0.2,0.1,0.09737714827060699
4,34,TENX116,1824,083x024,15090,58366,0.16957429721951484,0.04614949250492267,0.03847513273358345,0.3,0.0,0.1344410926103592
4,35,TENX116,406,021x029,18743,13073,0.16942874118685722,0.04934842512472821,0.026523037254810332,0.4,0.0,0.18731673955917358
4,36,TENX116,633,031x023,14360,20378,0.16934217289090156,0.04480518658213524,0.14449648112058638,0.1,0.0,0.04597861170768738
4,37,TENX116,1429,066x003,-250,45947,0.16915931701660156,0.04773515355030832,-0.007895031943917274,0.2,0.0,0.09699466824531555
4,38,TENX116,220,013x028,18013,7229,0.169045839458704,0.051915737887753326,-0.10234242379665374,0.4,0.0,0.18002288341522216
4,39,TENX116,219,013x027,17282,7229,0.16876763924956323,0.04596536050080945,-0.07695675119757653,0.2,0.0,0.09475924372673035
4,40,TENX116,452,023x029,18743,14534,0.16830410212278366,0.04349284167360963,-0.03891299739480018,0.2,0.0,0.0913746029138565
4,41,TENX116,337,018x029,18743,10881,0.16829969808459283,0.053066588287733425,0.016109152883291244,0.3,0.0,0.14268189072608947
4,42,TENX116,1582,072x021,12899,50330,0.16828142404556273,0.05225148191530357,-0.01749504804611206,0.1,0.1,0.05028890371322632
4,43,TENX116,291,016x029,18743,9420,0.1681167997419834,0.04696443783144948,-0.1518092170357704,0.2,0.0,0.08742037117481231
4,44,TENX116,32,005x010,4863,1384,0.16761163622140884,0.04344660803508454,0.03132299352437258,0.2,0.0,0.09259180426597595
4,45,TENX116,359,019x028,18013,11612,0.1675869680941105,0.04826946549557079,-0.08098395988345146,0.1,0.0,0.047002318501472476
4,46,TENX116,1454,067x004,480,46677,0.16729164719581605,0.047571422313034996,0.014826730638742448,0.2,0.1,0.09752793312072754
4,47,TENX116,221,013x029,18743,7229,0.16723013073205947,0.048555415869495654,-0.10455582104623318,0.3,0.0,0.1311222642660141
4,48,TENX116,1998,092x010,4863,64940,0.16696693897247314,0.04869501205831832,0.045384828560054304,0.2,0.1,0.09768497347831726
4,49,TENX116,1757,080x020,12168,56174,0.1667752355337143,0.04730110820188121,0.09434754848480224,0.3,0.0,0.12947421967983247
4,50,TENX116,1211,057x004,480,39372,0.16667489856481552,0.04938758888776619,0.10417522788047791,0.2,0.0,0.09557303786277771
4,51,TENX116,1261,059x004,480,40833,0.16648921146988868,0.05189214396899378,0.06223633885383606,0.4,0.1,0.18703225255012512
4,52,TENX116,41,005x019,11438,1384,0.16637094169855118,0.045143922434051464,0.038333892822265625,0.2,0.0,0.09120766520500183
4,53,TENX116,1479,068x004,480,47408,0.16626133322715758,0.049919127325901036,0.060358154401183126,0.1,0.0,0.048133423924446105
4,54,TENX116,613,031x003,-250,20378,0.16609585732221605,0.04452275977686243,0.04183514714241028,0.2,0.0,0.0917287290096283
4,55,TENX116,23,004x021,12899,654,0.16603060066699982,0.0462549738337456,-0.046646731346845625,0.1,0.0,0.04891142249107361
4,56,TENX116,611,030x024,15090,19648,0.16577765047550203,0.0442639977330913,-0.0073602903634309765,0.2,0.0,0.09187773168087006
4,57,TENX116,475,025x003,-250,15995,0.16571161821484565,0.04900568766597272,-0.015443796664476395,0.3,0.0,0.13849155306816102
4,58,TENX116,1825,083x025,15821,58366,0.16532830744981766,0.04899516207980934,0.1909999966621399,0.1,0.1,0.050690627098083495
4,59,TENX116,25,004x023,14360,654,0.1652933843433857,0.046369070559749155,0.0013795405626296996,0.2,0.0,0.089304319024086
4,60,TENX116,588,029x024,15090,18917,0.1651328109204769,0.04132119327772129,-0.026236312091350557,0.3,0.0,0.13103020191192627
4,61,TENX116,1821,083x021,12899,58366,0.164879509806633,0.031093374101353558,0.07952302694320679,0.1,0.0,0.04432397484779358
4,62,TENX116,17,004x015,8516,654,0.16470519825816154,0.04550445898699937,0.021288496255874634,0.3,0.0,0.1410237044095993
4,63,TENX116,2031,094x009,4133,66402,0.164573635160923,0.044793359915324994,-0.029000746458768843,0.3,0.0,0.1385377824306488
4,64,TENX116,19,004x017,9977,654,0.16448608860373498,0.04675526005266412,0.00964123010635376,0.2,0.0,0.08714229762554168
4,65,TENX116,42,005x020,12168,1384,0.1644142210483551,0.04535002396698467,0.022597047686576843,0.2,0.0,0.0929174154996872
4,66,TENX116,567,029x003,-250,18917,0.16440648958086967,0.048254916249050386,0.18188934661448003,0.2,0.0,0.09388346672058105
4,67,TENX116,147,010x027,17282,5037,0.1643558718264103,0.04592184651568827,-0.13039098978042601,0.1,0.0,0.04622388780117035
4,68,TENX116,2000,092x012,6324,64940,0.16430309563875198,0.030648803004801384,0.07933835946023464,0.0,0.0,0.0
4,69,TENX116,82,007x020,12168,2846,0.16421783864498138,0.04820901527736821,0.07110443934798241,0.2,0.0,0.09541482925415039
4,70,TENX116,1237,058x005,1210,40102,0.1640873447060585,0.05432093203311119,0.03021635636687279,0.2,0.1,0.10242469906806946
4,71,TENX116,1758,080x021,12899,56174,0.1639941565692425,0.04422197464656857,-0.0048134103417396545,0.3,0.0,0.13811960220336914
4,72,TENX116,2,003x014,7785,-76,0.163866326212883,0.04682422071125218,-0.02728084921836853,0.3,0.0,0.14159223139286042
4,73,TENX116,43,005x021,12899,1384,0.16375924423336982,0.04151360601756102,0.057865506410598753,0.0,0.0,0.0
4,74,TENX116,2063,097x022,13629,68593,0.16357268393039703,0.048712163622696245,-0.038942039012908936,0.2,0.0,0.09611827731132508
4,75,TENX116,244,014x028,18013,7959,0.16339806392788886,0.04876735076374817,-0.061963951587677,0.2,0.0,0.08911744952201843
4,76,TENX116,1878,086x015,8516,60557,0.1633887581527233,0.040551726187420645,0.08660559169948101,0.2,0.0,0.08572838008403778
4,77,TENX116,2030,093x025,15821,65671,0.16333953514695168,0.04924533498308056,-0.09406341537833214,0.1,0.0,0.04879186153411865
4,78,TENX116,2016,093x011,5594,65671,0.1633320555090904,0.04113201835183354,0.005188304558396339,0.3,0.0,0.1369950771331787
4,79,TENX116,749,037x003,-250,24761,0.16323496475815774,0.047487013675258566,-0.0879041988402605,0.3,0.0,0.1394982159137726
4,80,TENX116,1997,092x009,4133,64940,0.16294724941253663,0.03943052431540829,0.07575887180864811,0.0,0.0,0.0
4,81,TENX116,1861,085x019,11438,59827,0.16284722536802293,0.04722912089203766,0.02548149526119232,0.2,0.0,0.093434077501297
4,82,TENX116,267,015x028,18013,8690,0.16283515989780425,0.04488284465082287,-0.1429728426039219,0.2,0.0,0.09244129061698914
4,83,TENX116,1565,071x026,16552,49599,0.16251004114747047,0.04216558513098781,-0.1080212153494358,0.1,0.0,0.04129793345928192
4,84,TENX116,907,043x025,15821,29145,0.1623580776154995,0.04308071314242252,-0.025247218459844588,0.2,0.0,0.09534019529819489
4,85,TENX116,1921,088x016,9246,62018,0.16229578480124474,0.04583489053342073,0.05439963042736053,0.2,0.0,0.0948803722858429
4,86,TENX116,1310,061x003,-250,42294,0.16198014095425606,0.04552353705795917,0.008045461773872376,0.2,0.0,0.08788312673568725
4,87,TENX116,544,028x003,-250,18187,0.1619349591434002,0.04883630732420221,0.045949116349220276,0.1,0.0,0.046049225330352786
4,88,TENX116,290,016x028,18013,9420,0.16183865517377855,0.046597414371810086,-0.17106226570904254,0.3,0.0,0.13635022342205047
4,89,TENX116,245,014x029,18743,7959,0.16182665079832076,0.04942643315846166,-0.024656619876623154,0.1,0.0,0.045588576793670656
4,90,TENX116,1779,081x021,12899,56905,0.1615339398384094,0.04337697870113128,0.08926532045006752,0.1,0.0,0.046306532621383664
4,91,TENX116,2054,096x009,4133,67863,0.16148984879255296,0.04788512531064233,0.09560866504907609,0.1,0.0,0.046949726343154904
4,92,TENX116,1983,091x013,7055,64210,0.1613684892654419,0.03689435862606862,0.03051348924636841,0.2,0.0,0.08626861870288849
4,93,TENX116,1287,060x005,1210,41564,0.16136094853281974,0.045873733409680595,-0.03318715672940016,0.1,0.0,0.04691004753112793
4,94,TENX116,1210,057x003,-250,39372,0.16126914247870444,0.046878662535339906,-0.11049110069870949,0.3,0.0,0.13936435878276826
4,95,TENX116,5,003x019,11438,-76,0.16107970401644706,0.045647627964912285,-0.08627825304865837,0.3,0.0,0.1334512412548065
4,96,TENX116,1814,083x014,7785,58366,0.16087856963276864,0.042363579408299656,0.042900722846388815,0.1,0.0,0.04462396502494812
4,97,TENX116,20,004x018,10707,654,0.16061431542038918,0.04615515016197397,-0.003490167856216431,0.2,0.0,0.09097468554973602
4,98,TENX116,1453,067x003,-250,46677,0.1603270247578621,0.04584058676663706,-0.05489692110568285,0.1,0.1,0.05086168646812439
4,99,TENX116,1963,090x014,7785,63479,0.1601747192442417,0.04111733736432093,0.011282332241535187,0.1,0.0,0.04410108327865601
4,100,TENX116,1801,082x022,13629,57635,0.160084630548954,0.049930575846930635,-0.10176595449447631,0.2,0.1,0.0955056220293045
4,101,TENX116,243,014x027,17282,7959,0.16007559448480607,0.05047639267667494,-0.0629594650119543,0.2,0.1,0.0975558876991272
4,102,TENX116,1181,055x021,12899,37911,0.16003350988030435,0.0384581708613962,0.10374354273080826,0.2,0.0,0.08333666622638702
4,103,TENX116,1312,061x005,1210,42294,0.15988831743597984,0.04853326778928309,0.007881047576665879,0.1,0.0,0.04837651252746582
4,104,TENX116,1899,087x015,8516,61288,0.1597653515636921,0.04505428334361392,0.033608794957399366,0.2,0.0,0.088730388879776
4,105,TENX116,405,021x028,18013,13073,0.1595617413520813,0.04539947819200757,-0.04665282387286425,0.1,0.0,0.04799330234527588
4,106,TENX116,1988,091x018,10707,64210,0.15949461087584496,0.040109274579087556,0.003482493385672569,0.2,0.0,0.08572703897953034
4,107,TENX116,16,004x014,7785,654,0.15933656543493271,0.041231127606981485,0.05805516317486763,0.1,0.0,0.045229369401931764
4,108,TENX116,76,007x014,7785,2846,0.15930484607815742,0.046391742415633555,0.037013080716133115,0.2,0.0,0.08863840401172637
4,109,TENX116,195,012x027,17282,6498,0.1592061273753643,0.04614549206567234,-0.06976354122161865,0.2,0.0,0.09085936844348907
4,110,TENX116,1744,080x007,2671,56174,0.15901521742343902,0.04793773170081093,-0.06942997574806213,0.2,0.0,0.09112518727779388
4,111,TENX116,172,011x028,18013,5768,0.15848542526364326,0.04559156219008919,-0.18096422404050827,0.3,0.0,0.12848354876041412
4,112,TENX116,1212,057x005,1210,39372,0.15842728912830353,0.04675955999325454,0.02550087049603462,0.2,0.0,0.09063650369644165
4,113,TENX116,1285,060x003,-250,41564,0.15839381217956544,0.04716457785907229,0.007211342453956604,0.1,0.0,0.04521679878234863
4,114,TENX116,1820,083x020,12168,58366,0.15827968269586562,0.03980224426862352,-0.0030523438006639482,0.2,0.0,0.08709941804409027
4,115,TENX116,773,038x003,-250,25492,0.15803782418370246,0.0476399393569949,-0.09391296952962876,0.3,0.0,0.1358130991458893
4,116,TENX116,1964,090x015,8516,63479,0.1579727329313755,0.043391714382061096,-0.00408250093460083,0.2,0.0,0.08642604649066925
4,117,TENX116,44,005x022,13629,1384,0.15790101736783982,0.04808756506976185,0.04481802955269813,0.2,0.0,0.08370999693870544
4,118,TENX116,9,004x007,2671,654,0.15783889815211297,0.05203424974485037,-0.012668793089687824,0.1,0.1,0.053494393825531006
4,119,TENX116,1984,091x014,7785,64210,0.1577123798429966,0.046163985904413146,-0.0226027250289917,0.3,0.0,0.13811085224151612
4,120,TENX116,2015,093x010,4863,65671,0.157650176435709,0.03721766877169859,0.06418993137776852,0.0,0.0,0.0
4,121,TENX116,590,030x003,-250,19648,0.15759086534380912,0.04482148751000187,-0.0022527284920215605,0.3,0.0,0.13043058812618255
4,122,TENX116,12,004x010,4863,654,0.15756860077381135,0.04429105671080666,0.06822990961372852,0.0,0.0,0.0
4,123,TENX116,14,004x012,6324,654,0.15730056241154672,0.04360018108723504,0.04644362032413483,0.2,0.0,0.09187923967838288
4,124,TENX116,1713,078x020,12168,54713,0.15729745328426362,0.04390709904976605,-0.09173340201377869,0.1,0.0,0.044368970394134524
4,125,TENX116,57,006x015,8516,2115,0.15720015317201613,0.04320227092108527,-0.029961436986923218,0.1,0.0,0.04595786929130554
4,126,TENX116,1841,084x020,12168,59096,0.1571987211704254,0.03810830859021319,-0.05056432038545609,0.1,0.0,0.04145002365112305
4,127,TENX116,2032,094x010,4863,66402,0.15718810632824898,0.04398812726348285,-0.07522367537021638,0.1,0.0,0.043427249789237975
4,128,TENX116,4,003x018,10707,-76,0.15718484967947005,0.04432125534609382,-0.08143258690834046,0.1,0.0,0.04265287816524506
4,129,TENX116,15,004x013,7055,654,0.1568399578332901,0.038704842600846945,0.019074462354183197,0.1,0.0,0.04448001682758331
4,130,TENX116,1257,058x025,15821,40102,0.156610656529665,0.04229156880002128,0.03596041388809681,0.1,0.0,0.043350031971931456
4,131,TENX116,954,045x027,17282,30606,0.15658197328448295,0.04408895460788908,-0.09997751079499721,0.0,0.0,0.0
4,132,TENX116,29,005x007,2671,1384,0.1564866743981838,0.03662668370794056,-0.01072458941489458,0.1,0.0,0.04438855946063995
4,133,TENX116,2039,094x018,10707,66402,0.1564822606742382,0.041975348045823306,-0.0967407464981079,0.2,0.0,0.0828547865152359
4,134,TENX116,1840,084x019,11438,59096,0.15642770603299141,0.04578578392454785,-0.06875488609075546,0.2,0.0,0.09072093665599823
4,135,TENX116,428,022x025,15821,13803,0.1564013659954071,0.0462399679443549,-0.06078316867351532,0.1,0.0,0.044680216908454896
4,136,TENX116,336,018x028,18013,10881,0.1561608336865902,0.04484627603293295,-0.10633237063884735,0.1,0.0,0.045042100548744204
4,137,TENX116,951,045x024,15090,30606,0.15614043548703194,0.04029517517522007,-0.045411722362041475,0.2,0.0,0.08767343163490296
4,138,TENX116,1269,059x012,6324,40833,0.1561052143573761,0.04479898006517411,-0.06128513514995575,0.2,0.0,0.0898008644580841
4,139,TENX116,1836,084x015,8516,59096,0.15606354176998138,0.035837774991228505,0.014747470617294312,0.0,0.0,0.0
4,140,TENX116,1465,067x016,9246,46677,0.15604602470993995,0.04035867715753016,-0.04655381962656975,0.1,0.0,0.04248611330986023
4,141,TENX116,173,011x029,18743,5768,0.15603604540228844,0.0445266228089013,-0.14503661096096038,0.1,0.0,0.03891437649726868
4,142,TENX116,884,042x024,15090,28414,0.15597656965255738,0.032620576365242675,0.11021948680281639,0.0,0.0,0.0
4,143,TENX116,2059,096x022,13629,67863,0.15593937933444976,0.04668911197133934,-0.13081662729382515,0.0,0.0,0.0
4,144,TENX116,1361,063x007,2671,43755,0.15592022761702537,0.04785906626076474,0.04364042729139328,0.1,0.0,0.04691714346408844
4,145,TENX116,2046,095x010,4863,67132,0.15580750927329062,0.04390722008195784,-0.05818030945956707,0.1,0.0,0.04467211663722992
4,146,TENX116,1977,090x028,18013,63479,0.15578458681702614,0.04686204683345428,-0.12972528636455535,0.1,0.0,0.043207216262817386
4,147,TENX116,623,031x013,7055,20378,0.1553790420293808,0.04319077202639117,-0.01370898336172104,0.1,0.0,0.044444048404693605
4,148,TENX116,64,006x022,13629,2115,0.1552860274910927,0.04362135609428404,0.030593213997781275,0.0,0.0,0.0
4,149,TENX116,897,043x015,8516,29145,0.15519508048892022,0.04010979774925081,-0.033413374051451686,0.0,0.0,0.0
4,150,TENX116,498,026x003,-250,16726,0.1551354184746742,0.04614766605058076,-0.19701827988028525,0.0,0.0,0.0
4,151,TENX116,451,023x025,15821,14534,0.15506118014454842,0.04286777253215457,-0.20148880258202553,0.0,0.0,0.0
4,152,TENX116,504,026x009,4133,16726,0.1549413375556469,0.04279280867232908,-0.16665178015828133,0.2,0.0,0.08843190371990203
4,153,TENX116,885,042x025,15821,28414,0.15487314239144326,0.036093160719203286,0.043874135613441466,0.0,0.0,0.0
4,154,TENX116,928,044x024,15090,29875,0.15485968589782714,0.03499864614399993,-0.015565736219286919,0.1,0.0,0.043152227997779846
4,155,TENX116,1262,059x005,1210,40833,0.15473695695400239,0.04614695422930297,-0.17718122377991677,0.1,0.0,0.046237441897392276
4,156,TENX116,1076,051x003,-250,34989,0.15468343198299409,0.045745593827864764,-0.03610751293599605,0.2,0.0,0.09243064224720002
4,157,TENX116,1245,058x013,7055,40102,0.1546661786735058,0.04322413469305485,-0.1415508793666959,0.1,0.0,0.04194806516170502
4,158,TENX116,1670,076x021,12899,53252,0.15465706139802932,0.044747893072749394,-0.0120548315346241,0.1,0.0,0.04453989267349243
4,159,TENX116,637,032x005,1210,21109,0.15462065115571022,0.04554861525404321,-0.2028756059706211,0.2,0.0,0.08965488374233246
4,160,TENX116,863,041x025,15821,27684,0.1545790933072567,0.03872813602653389,0.02918543815612793,0.2,0.0,0.08101568818092346
4,161,TENX116,1862,085x020,12168,59827,0.1545526884496212,0.040732098111817085,-0.02503545433282852,0.2,0.0,0.08819320797920227
4,162,TENX116,772,037x026,16552,24761,0.15453083738684653,0.04989484232243452,-0.13722129799425603,0.1,0.0,0.049350124597549436
4,163,TENX116,1478,068x003,-250,47408,0.1543174922466278,0.04642001717297254,-0.14105193167924882,0.1,0.0,0.04460909962654114
4,164,TENX116,2002,092x014,7785,64940,0.1542644403874874,0.044497537876423784,0.08820719718933105,0.0,0.0,0.0
4,165,TENX116,58,006x016,9246,2115,0.1542176276445389,0.03794515269735557,0.0030827686190605164,0.0,0.0,0.0
4,166,TENX116,886,042x026,16552,28414,0.1541834607720375,0.042560118055284396,-0.02199830338358879,0.3,0.0,0.12594690024852753
4,167,TENX116,0,003x012,6324,-76,0.1541175849735737,0.04211402139210759,-0.15190861225128174,0.0,0.0,0.0
4,168,TENX116,2060,097x009,4133,68593,0.15402064397931098,0.04550124205322812,-0.04269244149327278,0.3,0.0,0.13280022144317627
4,169,TENX116,926,044x022,13629,29875,0.15399123206734658,0.0367188642154308,-0.07053974643349648,0.0,0.0,0.0
4,170,TENX116,1051,049x027,17282,33528,0.15397675037384034,0.03923471458716132,-0.13572572618722917,0.1,0.0,0.04202691018581391
4,171,TENX116,1843,084x022,13629,59096,0.15380433350801467,0.0406506065427557,-0.07353179231286049,0.1,0.0,0.04292895495891571
4,172,TENX116,1277,059x020,12168,40833,0.15375552028417588,0.03854823933194331,0.013243059813976287,0.1,0.0,0.04345088005065918
4,173,TENX116,383,020x029,18743,12342,0.153721421957016,0.04468502090011864,-0.14376393407583238,0.2,0.0,0.087755087018013
4,174,TENX116,1922,088x017,9977,62018,0.15368416756391526,0.035800469493692554,-0.046069759875535965,0.0,0.0,0.0
4,175,TENX116,1839,084x018,10707,59096,0.1536493979394436,0.0416360738375437,-0.10405803173780441,0.2,0.0,0.08736620843410492
4,176,TENX116,1879,086x016,9246,60557,0.15361594706773757,0.04074905536221281,-0.050622225552797315,0.0,0.0,0.0
4,177,TENX116,1194,056x012,6324,38641,0.15337397530674934,0.03957074263811277,-0.05162505507469177,0.1,0.0,0.03914299905300141
4,178,TENX116,482,025x010,4863,15995,0.15311993211507796,0.04061561763789898,-0.11089760512113571,0.1,0.0,0.0420193612575531
4,179,TENX116,1668,076x019,11438,53252,0.15308042615652084,0.03856200477613312,0.02547063007950783,0.1,0.0,0.04377040565013886
4,180,TENX116,197,012x029,18743,6498,0.1529590182006359,0.044578995761425225,-0.08595307618379593,0.2,0.0,0.08352039456367492
4,181,TENX116,786,038x016,9246,25492,0.15272284522652627,0.04369679047372743,-0.13252661526203155,0.1,0.0,0.03948850929737091
4,182,TENX116,855,041x017,9977,27684,0.1526801533997059,0.038315763477761944,-0.09307868778705597,0.1,0.0,0.0407875657081604
4,183,TENX116,1901,087x017,9977,61288,0.15251399949193,0.03842118184059071,0.14706765934824945,0.0,0.0,0.0
4,184,TENX116,11,004x009,4133,654,0.15246256664395333,0.04692478772484866,-0.03431864380836487,0.2,0.0,0.08711549043655395
4,185,TENX116,377,020x020,12168,12342,0.15237849056720734,0.0458355898119006,-0.095894443243742,0.2,0.0,0.08452065587043762
4,186,TENX116,680,033x026,16552,21839,0.15235696658492087,0.04739761492929142,-0.2599910669028759,0.2,0.0,0.09327856600284576
4,187,TENX116,53,006x011,5594,2115,0.15235574170947075,0.038307920967541265,0.04172696992754936,0.0,0.0,0.0
4,188,TENX116,1462,067x013,7055,46677,0.15221844241023064,0.04491052569509173,-0.14223128259181977,0.0,0.0,0.0
4,189,TENX116,675,033x021,12899,21839,0.15211809054017067,0.040306985447420604,-0.12236070092767477,0.0,0.0,0.0
4,190,TENX116,1455,067x006,1941,46677,0.15207427814602853,0.04187571466030479,-0.10762952119112015,0.0,0.0,0.0
4,191,TENX116,1798,082x019,11438,57635,0.1519112080335617,0.038668788721756435,-0.1432024545967579,0.0,0.0,0.0
4,192,TENX116,542,027x024,15090,17456,0.1518173910677433,0.04165187342435098,-0.050759635493159296,0.0,0.0,0.0
4,193,TENX116,1576,072x015,8516,50330,0.15181416943669318,0.03462638801708645,-0.026705405116081236,0.0,0.0,0.0
4,194,TENX116,1272,059x015,8516,40833,0.15176998302340508,0.04357312225702864,-0.24723904244601727,0.0,0.0,0.0
4,195,TENX116,931,044x027,17282,29875,0.15174199938774108,0.042864067157743005,-0.07099220752716065,0.1,0.0,0.04255634546279907
4,196,TENX116,819,039x025,15821,26222,0.1516994647681713,0.040504004428256676,-0.14503366351127625,0.1,0.0,0.03832041621208191
4,197,TENX116,1985,091x015,8516,64210,0.15168695151805878,0.0433737007739857,0.02433895319700241,0.0,0.0,0.0
4,198,TENX116,1499,068x026,16552,47408,0.15165354162454606,0.03855020235126142,-0.15699562430381775,0.0,0.0,0.0
4,199,TENX116,1049,049x025,15821,33528,0.15165160298347474,0.03869016269438139,-0.10668890699744224,0.0,0.0,0.0
4,200,TENX116,1799,082x020,12168,57635,0.15158727765083313,0.03808633695847427,0.02660842575132847,0.1,0.0,0.04571411609649658
4,201,TENX116,1004,048x004,480,32797,0.15143060088157653,0.04456639612761111,-0.16243189610540867,0.1,0.0,0.04366051852703094
4,202,TENX116,634,031x024,15090,20378,0.15142180174589157,0.04413735285957883,-0.02978433147072792,0.2,0.0,0.08567544221878051
4,203,TENX116,527,027x009,4133,17456,0.15131783187389375,0.04203916969439999,-0.23530056700110435,0.1,0.0,0.04160839021205902
4,204,TENX116,790,038x020,12168,25492,0.15127436444163322,0.03693723623096528,-0.17139305286109446,0.1,0.0,0.04137667119503021
4,205,TENX116,766,037x020,12168,24761,0.151227393001318,0.0402084304233302,-0.18945003673434258,0.1,0.0,0.04399134814739227
4,206,TENX116,996,047x021,12899,32067,0.15110064223408698,0.045249459497771864,-0.09603180289268494,0.0,0.0,0.0
4,207,TENX116,376,020x019,11438,12342,0.15108451396226882,0.04095989548083219,-0.17641174457967282,0.0,0.0,0.0
4,208,TENX116,927,044x023,14360,29875,0.15095914900302887,0.03785119791404551,-0.09819837883114815,0.0,0.0,0.0
4,209,TENX116,1956,089x029,18743,62749,0.1509028561413288,0.04380300120882444,-0.017854151129722596,0.1,0.0,0.04269677996635437
4,210,TENX116,6,004x004,480,654,0.15088163167238236,0.045377158207350804,-0.16701577752828597,0.2,0.0,0.08824343681335449
4,211,TENX116,2014,093x009,4133,65671,0.150871429592371,0.044730113771150715,-0.09139932543039322,0.1,0.0,0.04793659746646881
4,212,TENX116,36,005x014,7785,1384,0.1507350593805313,0.042773910917229936,0.007679470628499985,0.0,0.0,0.0
4,213,TENX116,1943,089x016,9246,62749,0.15072921961545943,0.042597689124185,0.005448928102850914,0.0,0.0,0.0
4,214,TENX116,2067,099x023,14360,70054,0.15071389973163604,0.044388662509118826,-0.22493440397083758,0.1,0.0,0.04095219969749451
4,215,TENX116,439,023x013,7055,14534,0.15052470192313194,0.04082723900442084,-0.15405912026762963,0.0,0.0,0.0
4,216,TENX116,75,007x013,7055,2846,0.150485959649086,0.042954060443592706,0.03015732578933239,0.1,0.0,0.04504290223121643
4,217,TENX116,1724,079x009,4133,55444,0.150235665589571,0.0416172982970126,-0.050758584216237065,0.1,0.0,0.041769206523895264
4,218,TENX116,864,041x026,16552,27684,0.1501717045903206,0.03949733859199188,-0.05646054223179817,0.0,0.0,0.0
4,219,TENX116,429,022x029,18743,13803,0.15003623440861702,0.03993927037156952,-0.12784096822142602,0.0,0.0,0.0
4,220,TENX116,797,039x003,-250,26222,0.15003136172890663,0.04530094881805575,-0.14053376987576485,0.1,0.0,0.04474405348300934
4,221,TENX116,703,034x026,16552,22570,0.15002982839941978,0.044108656750741264,-0.16938286628574134,0.0,0.0,0.0
4,222,TENX116,1962,090x013,7055,63479,0.1500256896018982,0.03517370543816006,0.04386803321540356,0.0,0.0,0.0
4,223,TENX116,1717,078x024,15090,54713,0.15001585632562636,0.041327554032749625,-0.08054161965847015,0.1,0.0,0.03893917202949524
4,224,TENX116,1904,087x020,12168,61288,0.1499912053346634,0.03625683749485226,0.02689066268503666,0.0,0.0,0.0
4,225,TENX116,126,009x029,18743,4307,0.14997733533382415,0.04215820409634964,-0.1952838659286499,0.0,0.0,0.0
4,226,TENX116,929,044x025,15821,29875,0.14991728514432906,0.03335277537494797,-0.1446107029914856,0.0,0.0,0.0
4,227,TENX116,1883,086x020,12168,60557,0.1498918280005455,0.03739973252860586,0.01813375875353813,0.0,0.0,0.0
4,228,TENX116,726,036x003,-250,24031,0.14986989721655847,0.04659264129063136,-0.0693054236471653,0.1,0.0,0.04964768886566162
4,229,TENX116,781,038x011,5594,25492,0.1498241551220417,0.0408794081493488,-0.15908267945051194,0.0,0.0,0.0
4,230,TENX116,810,039x016,9246,26222,0.1498056657612324,0.042917158651790376,-0.013266246020793914,0.0,0.0,0.0
4,231,TENX116,10,004x008,3402,654,0.14976393133401872,0.04150703133999029,-0.14418088123202324,0.0,0.0,0.0
4,232,TENX116,1338,062x007,2671,43025,0.1496587134897709,0.040440979290082425,-0.09144230931997299,0.1,0.0,0.04359441101551056
4,233,TENX116,1420,065x020,12168,45216,0.14963448718190192,0.04155630767910842,-0.13735197708010674,0.0,0.0,0.0
4,234,TENX116,1826,083x026,16552,58366,0.1495529942214489,0.037894542944348165,-0.09378360547125339,0.0,0.0,0.0
4,235,TENX116,96,008x014,7785,3576,0.14948661774396896,0.03721910237610766,-0.15709170289337634,0.1,0.0,0.04290493130683899
4,236,TENX116,1941,089x014,7785,62749,0.14947027191519738,0.040624837327359005,-0.10382948964834213,0.0,0.0,0.0
4,237,TENX116,1975,090x026,16552,63479,0.1493717201054096,0.04473264591609762,-0.15899547338485717,0.1,0.0,0.04450368583202362
4,238,TENX116,1239,058x007,2671,40102,0.1493641659617424,0.04113586538759106,-0.2525688484311104,0.0,0.0,0.0
4,239,TENX116,1183,055x023,14360,37911,0.1492361105978489,0.0368132922056615,-0.16171851754188538,0.1,0.0,0.04072553813457489
4,240,TENX116,782,038x012,6324,25492,0.14910141974687577,0.04183614077118539,-0.17206594049930574,0.1,0.0,0.04250959753990173
4,241,TENX116,1944,089x017,9977,62749,0.14904355630278587,0.03927828511663917,0.008285773545503616,0.1,0.0,0.04357942044734955
4,242,TENX116,1734,079x019,11438,55444,0.1490286335349083,0.04378595201579611,-0.08845558129251004,0.1,0.0,0.04427632689476013
4,243,TENX116,667,033x013,7055,21839,0.14901458323001862,0.04458712988333371,-0.10457703918218612,0.0,0.0,0.0
4,244,TENX116,597,030x010,4863,19648,0.1489495277404785,0.045823168488341816,-0.22025214992463588,0.1,0.0,0.041702795028686526
4,245,TENX116,1325,061x018,10707,42294,0.14893718883395196,0.0385801026198319,-0.16541189402341844,0.0,0.0,0.0
4,246,TENX116,750,037x004,480,24761,0.1489109955728054,0.04161947236260184,-0.1009435549378395,0.1,0.0,0.04526263475418091
4,247,TENX116,3,003x017,9977,-76,0.14885293766856195,0.044181477054607544,-0.17663851976394654,0.0,0.0,0.0
4,248,TENX116,610,030x023,14360,19648,0.14885026961565018,0.038476161070412046,-0.004303688555955887,0.0,0.0,0.0
4,249,TENX116,1691,077x020,12168,53983,0.14879777133464814,0.04153809162430658,-0.07641449980437756,0.0,0.0,0.0
4,250,TENX116,1842,084x021,12899,59096,0.14877890944480895,0.03554116426681243,-0.118552284874022,0.0,0.0,0.0
4,251,TENX116,2061,097x010,4863,68593,0.14875608906149865,0.04456987640931065,-0.2039630502462387,0.0,0.0,0.0
4,252,TENX116,1559,071x020,12168,49599,0.14869096577167512,0.042349528267426655,-0.11101459823548794,0.1,0.0,0.043003156781196594
4,253,TENX116,73,007x011,5594,2846,0.14863735288381577,0.03919973141026916,-0.11450671106576919,0.1,0.0,0.04121213853359222
4,254,TENX116,1258,058x026,16552,40102,0.14859774559736252,0.034206583496558876,-0.05794215388596058,0.0,0.0,0.0
4,255,TENX116,1,003x013,7055,-76,0.14851495772600173,0.043780601230494876,-0.19362309612333775,0.1,0.0,0.044753503799438474
4,256,TENX116,510,026x015,8516,16726,0.14851129129529,0.04087056795387708,-0.20916192829608918,0.0,0.0,0.0
5,1,TENX116,93,008x011,5594,3576,0.1751752659678459,0.018783729277520755,0.004232273530215025,0.1,0.0,0.04340498149394989
5,2,TENX116,750,037x004,480,24761,0.1703745573759079,0.01862450177871165,0.0678468480706215,0.0,0.0,0.0
5,3,TENX116,1924,088x019,11438,62018,0.16977280378341675,0.018997477233200756,0.030875618755817413,0.1,0.0,0.04033617377281189
5,4,TENX116,653,032x021,12899,21109,0.16794424057006835,0.018006434156992483,0.07416633665561675,0.0,0.0,0.0
5,5,TENX116,1336,062x004,480,43025,0.16744156330823898,0.0210003235977587,0.030752689018845557,0.0,0.0,0.0
5,6,TENX116,1901,087x017,9977,61288,0.1673785924911499,0.0166523171462605,0.26771162673830984,0.0,0.0,0.0
5,7,TENX116,1801,082x022,13629,57635,0.16691505014896393,0.018140154052756503,-0.016288198810070754,0.0,0.0,0.0
5,8,TENX116,1983,091x013,7055,64210,0.16661996841430665,0.017909776973956657,0.08352371091023088,0.0,0.0,0.0
5,9,TENX116,1904,087x020,12168,61288,0.1662396863102913,0.019003963429052192,0.15332435276359319,0.0,0.0,0.0
5,10,TENX116,1999,092x011,5594,64940,0.16606607884168625,0.01667808059871038,-0.024588115978986025,0.1,0.0,0.03934454023838043
5,11,TENX116,1963,090x014,7785,63479,0.1655518040060997,0.015469179664012222,0.07345265783369541,0.0,0.0,0.0
5,12,TENX116,78,007x016,9246,2846,0.1654882863163948,0.01518085364683387,0.050408379267901184,0.0,0.0,0.0
5,13,TENX116,2052,095x021,12899,67132,0.16503211110830307,0.020405257410782248,0.009536257386207581,0.0,0.0,0.0
5,14,TENX116,1814,083x014,7785,58366,0.1649674654006958,0.018603598044022986,0.09704902973026037,0.0,0.0,0.0
5,15,TENX116,232,014x014,7785,7959,0.16494452506303786,0.01928141830047206,-0.07655990086495876,0.1,0.0,0.040325087308883664
5,16,TENX116,113,009x011,5594,4307,0.16493265628814696,0.01846111255635532,0.11847102735191584,0.0,0.0,0.0
5,17,TENX116,1962,090x013,7055,63479,0.16442119032144548,0.015758757442120856,0.158844655752182,0.0,0.0,0.0
5,18,TENX116,1982,091x012,6324,64210,0.16430649608373643,0.021827655426541998,0.11202519526705146,0.0,0.0,0.0
5,19,TENX116,1237,058x005,1210,40102,0.16426783353090285,0.022041672382366585,0.0777932059019804,0.0,0.0,0.0
5,20,TENX116,654,032x022,13629,21109,0.16392538398504258,0.019106756044989404,-0.05531685203313828,0.2,0.0,0.07806662321090699
5,21,TENX116,1669,076x020,12168,53252,0.16385570913553238,0.017155770977331824,0.007697422057390213,0.1,0.0,0.03929170072078705
5,22,TENX116,1799,082x020,12168,57635,0.1636153742671013,0.01528923967248946,0.1298435464501381,0.0,0.0,0.0
5,23,TENX116,60,006x018,10707,2115,0.16333601772785186,0.017844953456768915,0.07206719554960728,0.0,0.0,0.0
5,24,TENX116,1604,073x021,12899,51060,0.1630576506257057,0.017505674799726065,-0.06989892004057766,0.0,0.0,0.0
5,25,TENX116,1877,086x014,7785,60557,0.16289232671260834,0.018665819139254938,-0.01716497791931033,0.0,0.0,0.0
5,26,TENX116,2060,097x009,4133,68593,0.16287678033113479,0.02074066916528399,0.05012674331665039,0.0,0.0,0.0
5,27,TENX116,1985,091x015,8516,64210,0.16279227733612062,0.0184336345856089,0.13117219582200051,0.0,0.0,0.0
5,28,TENX116,2032,094x010,4863,66402,0.16269670128822328,0.020343860407765178,-0.0077127995900809765,0.0,0.0,0.0
5,29,TENX116,210,013x016,9246,7229,0.1626019522547722,0.01764299379808787,0.05368675487115979,0.0,0.0,0.0
5,30,TENX116,1922,088x017,9977,62018,0.1625223234295845,0.015214079894113112,0.03280945606529713,0.0,0.0,0.0
5,31,TENX116,1919,088x014,7785,62018,0.16223486959934236,0.01901272143466473,0.014441048726439476,0.1,0.0,0.03848426938056946
5,32,TENX116,2049,095x018,10707,67132,0.16216427236795425,0.018467900164820302,-0.06273122727870942,0.0,0.0,0.0
5,33,TENX116,976,046x026,16552,31336,0.16213364601135255,0.018053581371033564,0.11046142810955643,0.0,0.0,0.0
5,34,TENX116,1984,091x014,7785,64210,0.1620749428868294,0.019437081492066292,0.04051722399890423,0.0,0.0,0.0
5,35,TENX116,1825,083x025,15821,58366,0.16188592314720154,0.018598474231591687,0.2076723319478333,0.0,0.0,0.0
5,36,TENX116,1857,085x015,8516,59827,0.16181111484766006,0.01792024196673056,0.14496861631050706,0.0,0.0,0.0
5,37,TENX116,206,013x012,6324,7229,0.1615867480635643,0.01953232629551089,-0.06942627681419253,0.0,0.0,0.0
5,38,TENX116,1997,092x009,4133,64940,0.16141189634799957,0.015269542144548167,0.09211143292486668,0.0,0.0,0.0
5,39,TENX116,427,022x024,15090,13803,0.1613045737147331,0.018252949361638487,-0.07530877785757184,0.0,0.0,0.0
5,40,TENX116,632,031x022,13629,20378,0.1609131947159767,0.016057675109253024,-0.01529926247894764,0.0,0.0,0.0
5,41,TENX116,46,006x004,480,2115,0.16073304712772368,0.02024197242508892,-0.013348283804953098,0.0,0.0,0.0
5,42,TENX116,1923,088x018,10707,62018,0.1606471687555313,0.01811521101775727,0.05737972781062126,0.0,0.0,0.0
5,43,TENX116,1711,078x018,10707,54713,0.1606401428580284,0.01788977683570081,0.039805836603045465,0.0,0.0,0.0
5,44,TENX116,882,042x022,13629,28414,0.16062062680721284,0.019300191265957327,0.09372755363583565,0.0,0.0,0.0
5,45,TENX116,17,004x015,8516,654,0.16033055633306503,0.01655496151793183,0.028225044533610345,0.0,0.0,0.0
5,46,TENX116,182,012x012,6324,6498,0.16020873934030533,0.018418544426185176,-0.007271428871899843,0.0,0.0,0.0
5,47,TENX116,745,036x023,14360,24031,0.1601124420762062,0.02149061999632115,-0.11520021483302116,0.0,0.0,0.0
5,48,TENX116,1725,079x010,4863,55444,0.1600707471370697,0.018031022128141748,0.0405933003872633,0.0,0.0,0.0
5,49,TENX116,1335,062x003,-250,43025,0.1600246861577034,0.018229002281176826,-0.02576967179775238,0.0,0.0,0.0
5,50,TENX116,256,015x014,7785,8690,0.15996943563222885,0.019244713313246693,-0.06805292144417763,0.0,0.0,0.0
5,51,TENX116,2039,094x018,10707,66402,0.1598644882440567,0.01592310233605513,-0.04295192435383797,0.0,0.0,0.0
5,52,TENX116,1759,080x022,13629,56174,0.1598578453063965,0.01990159076817657,0.00506078340113163,0.0,0.0,0.0
5,53,TENX116,798,039x004,480,26222,0.15985530912876128,0.020582198137048806,-0.004184124618768692,0.0,0.0,0.0
5,54,TENX116,1837,084x016,9246,59096,0.15972241908311843,0.01809397555835388,0.011093626357614994,0.1,0.0,0.03733862340450287
5,55,TENX116,2016,093x011,5594,65671,0.1596045047044754,0.01657949195372295,0.008517899736762046,0.0,0.0,0.0
5,56,TENX116,2055,096x010,4863,67863,0.1591800719499588,0.01868880037109101,-0.03928038664162159,0.0,0.0,0.0
5,57,TENX116,98,008x016,9246,3576,0.15907148867845536,0.020787755657771884,0.04619679348543286,0.0,0.0,0.0
5,58,TENX116,58,006x016,9246,2115,0.15905568450689317,0.016759667148573718,0.0594429187476635,0.0,0.0,0.0
5,59,TENX116,1858,085x016,9246,59827,0.1590339407324791,0.020692497821052185,0.14151088977232576,0.0,0.0,0.0
5,60,TENX116,231,014x013,7055,7959,0.1589670404791832,0.018084984657013005,0.057768867909908296,0.0,0.0,0.0
5,61,TENX116,13,004x011,5594,654,0.15896679162979127,0.016097103493399916,0.07524231411516666,0.0,0.0,0.0
5,62,TENX116,2031,094x009,4133,66402,0.158916375041008,0.01895714093569348,-0.03289420083165169,0.0,0.0,0.0
5,63,TENX116,1945,089x018,10707,62749,0.1588917687535286,0.013137223814352866,-0.012837255001068115,0.0,0.0,0.0
5,64,TENX116,585,029x021,12899,18917,0.15866175889968873,0.019227032179772632,-0.07933846041560173,0.0,0.0,0.0
5,65,TENX116,1819,083x019,11438,58366,0.1582184389233589,0.017585998053908716,0.02237175777554512,0.0,0.0,0.0
5,66,TENX116,34,005x012,6324,1384,0.15813833177089692,0.015507671117845156,0.0389858890324831,0.0,0.0,0.0
5,67,TENX116,1312,061x005,1210,42294,0.15810850113630295,0.02094650900060052,0.035617262870073316,0.0,0.0,0.0
5,68,TENX116,1998,092x010,4863,64940,0.15805294513702392,0.0202901315860947,0.025742281321436168,0.0,0.0,0.0
5,69,TENX116,407,022x004,480,13803,0.15796630084514618,0.020000605995542313,-0.11420475505292416,0.0,0.0,0.0
5,70,TENX116,1533,070x016,9246,48869,0.15793662667274475,0.017532150313223308,-0.007727543264627457,0.0,0.0,0.0
5,71,TENX116,1091,051x020,12168,34989,0.15786881297826766,0.01982264031787871,-0.03379332022741437,0.0,0.0,0.0
5,72,TENX116,1628,074x023,14360,51791,0.1578196257352829,0.01926567696128624,-0.10736484751105309,0.0,0.0,0.0
5,73,TENX116,1941,089x014,7785,62749,0.1577209234237671,0.017529368697964634,-0.018121895845979452,0.0,0.0,0.0
5,74,TENX116,73,007x011,5594,2846,0.15770166367292404,0.019263008516442852,-0.027169726509600877,0.0,0.0,0.0
5,75,TENX116,1862,085x020,12168,59827,0.15763913094997406,0.01776979038202084,0.02397587113082409,0.0,0.0,0.0
5,76,TENX116,12,004x010,4863,654,0.15756842643022537,0.01820910602631448,0.10231048762798309,0.0,0.0,0.0
5,77,TENX116,59,006x017,9977,2115,0.1574468120932579,0.019843935994393002,0.09822059869766235,0.0,0.0,0.0
5,78,TENX116,8,004x006,1941,654,0.1573288321495056,0.016832475980276745,0.12832375038415195,0.0,0.0,0.0
5,79,TENX116,1903,087x019,11438,61288,0.1572050154209137,0.018287686613173735,0.1455223779194057,0.0,0.0,0.0
5,80,TENX116,609,030x022,13629,19648,0.15716489255428315,0.017350213727867166,-0.05550784021615982,0.0,0.0,0.0
5,81,TENX116,1603,073x020,12168,51060,0.157129143178463,0.020119124999736195,-0.125155658274889,0.0,0.0,0.0
5,82,TENX116,497,025x025,15821,15995,0.15695419162511826,0.01933383030590549,-0.03196622356772423,0.0,0.0,0.0
5,83,TENX116,239,014x021,12899,7959,0.15690220445394515,0.018972258326701307,-0.11249214261770249,0.0,0.0,0.0
5,84,TENX116,974,046x024,15090,31336,0.15686059445142747,0.016119128966606618,-0.07229686379432679,0.0,0.0,0.0
5,85,TENX116,1182,055x022,13629,37911,0.15684921741485597,0.016001588387349594,0.15855944976210595,0.0,0.0,0.0
5,86,TENX116,53,006x011,5594,2115,0.15675924867391586,0.01550016314518963,0.09785310858860612,0.0,0.0,0.0
5,87,TENX116,1690,077x019,11438,53983,0.15675778985023497,0.019397950403906305,0.07624462889507413,0.0,0.0,0.0
5,88,TENX116,1468,067x019,11438,46677,0.15662605464458465,0.017263939415120153,-0.04606465119868517,0.0,0.0,0.0
5,89,TENX116,75,007x013,7055,2846,0.15652527809143066,0.015533179432543367,0.10559684187173843,0.0,0.0,0.0
5,90,TENX116,1758,080x021,12899,56174,0.15651725083589554,0.01721791531261678,-0.020130640547722577,0.0,0.0,0.0
5,91,TENX116,631,031x021,12899,20378,0.15642015039920806,0.013952009648195015,-0.008839958347380161,0.0,0.0,0.0
5,92,TENX116,1836,084x015,8516,59096,0.1563839629292488,0.013162314088334773,0.040303262509405614,0.0,0.0,0.0
5,93,TENX116,1627,074x022,13629,51791,0.15635318756103517,0.017785105046038217,-0.08210181156173349,0.0,0.0,0.0
5,94,TENX116,21,004x019,11438,654,0.15635284185409545,0.018720574289055415,0.11838550828397273,0.0,0.0,0.0
5,95,TENX116,1839,084x018,10707,59096,0.15620613545179368,0.01665170325542115,-0.055824732035398485,0.0,0.0,0.0
5,96,TENX116,57,006x015,8516,2115,0.15620016306638718,0.01740071386546423,-0.0037433634512126445,0.0,0.0,0.0
5,97,TENX116,35,005x013,7055,1384,0.15616206228733062,0.017866310426434537,0.03122275285422802,0.0,0.0,0.0
5,98,TENX116,22,004x020,12168,654,0.15589260756969453,0.020290315948942785,0.06765576750040055,0.0,0.0,0.0
5,99,TENX116,1981,091x011,5594,64210,0.15584345906972885,0.01907091602692407,-0.03594398722052574,0.0,0.0,0.0
5,100,TENX116,2050,095x019,11438,67132,0.15572115480899812,0.020800930492483685,-0.06168598597869277,0.0,0.0,0.0
5,101,TENX116,1776,081x018,10707,56905,0.15550204515457153,0.01872892149976525,-0.06850397884845734,0.0,0.0,0.0
5,102,TENX116,1944,089x017,9977,62749,0.15543955117464064,0.015356704024500107,0.08042313866317272,0.0,0.0,0.0
5,103,TENX116,1980,091x010,4863,64210,0.15539073050022126,0.016753604835803248,-0.0005148269236087799,0.0,0.0,0.0
5,104,TENX116,1861,085x019,11438,59827,0.15528159141540526,0.015152378722797144,0.015160224959254264,0.0,0.0,0.0
5,105,TENX116,1689,077x018,10707,53983,0.15525928735733033,0.020046095776504267,-0.0276776566170156,0.0,0.0,0.0
5,106,TENX116,885,042x025,15821,28414,0.15523755550384521,0.017665128736475726,0.06790318079292774,0.0,0.0,0.0
5,107,TENX116,54,006x012,6324,2115,0.15522004812955856,0.01746624380619905,0.07257279055193067,0.0,0.0,0.0
5,108,TENX116,29,005x007,2671,1384,0.15521591901779175,0.017163477817972433,0.002820123732089996,0.0,0.0,0.0
5,109,TENX116,55,006x013,7055,2115,0.15518718510866164,0.015264484840558397,0.09781531030312181,0.0,0.0,0.0
5,110,TENX116,864,041x026,16552,27684,0.15512539595365524,0.015603859211809047,0.00683753676712513,0.0,0.0,0.0
5,111,TENX116,80,007x018,10707,2846,0.1550946369767189,0.017728471266331033,0.04219189882278442,0.0,0.0,0.0
5,112,TENX116,405,021x028,18013,13073,0.15506591796875,0.017831260495025848,-0.04102372648194432,0.0,0.0,0.0
5,113,TENX116,234,014x016,9246,7959,0.15501702427864075,0.01947331476799223,-0.05539629673585296,0.0,0.0,0.0
5,114,TENX116,82,007x020,12168,2846,0.1549920991063118,0.019069137708771475,0.05007999613881111,0.0,0.0,0.0
5,115,TENX116,1920,088x015,8516,62018,0.1549308717250824,0.01737444109555229,0.006022832915186882,0.0,0.0,0.0
5,116,TENX116,1958,090x009,4133,63479,0.15488643199205399,0.0167292083174189,-0.07999698109924794,0.0,0.0,0.0
5,117,TENX116,208,013x014,7785,7229,0.1548841968178749,0.018694381052854387,0.03176914313808084,0.0,0.0,0.0
5,118,TENX116,2015,093x010,4863,65671,0.1548680067062378,0.016137649445352797,0.06960197724401951,0.0,0.0,0.0
5,119,TENX116,1846,084x025,15821,59096,0.15470692366361619,0.019848021769060326,-0.1175623256713152,0.0,0.0,0.0
5,120,TENX116,120,009x018,10707,4307,0.15467225462198259,0.018689807928582877,-0.1264394825324416,0.0,0.0,0.0
5,121,TENX116,2040,094x019,11438,66402,0.15464261323213577,0.018772881658318093,-0.019338468182832004,0.0,0.0,0.0
5,122,TENX116,1479,068x004,480,47408,0.1545037642121315,0.017047363243078432,0.02822299152612686,0.0,0.0,0.0
5,123,TENX116,103,008x021,12899,3576,0.15448496341705323,0.020291656078294664,-0.1013857401907444,0.0,0.0,0.0
5,124,TENX116,31,005x009,4133,1384,0.1544438898563385,0.016874178146677108,-0.07179971542209387,0.0,0.0,0.0
5,125,TENX116,1900,087x016,9246,61288,0.15440064072608947,0.019323649304946542,-0.00949297184124589,0.0,0.0,0.0
5,126,TENX116,27,005x005,1210,1384,0.1543657198548317,0.01868448082778037,-0.01156911151483655,0.0,0.0,0.0
5,127,TENX116,1691,077x020,12168,53983,0.15430786162614823,0.016021746168657217,-0.005517584923654795,0.0,0.0,0.0
5,128,TENX116,278,016x013,7055,9420,0.15422970801591873,0.01591770624204255,-0.006457773596048355,0.0,0.0,0.0
5,129,TENX116,992,047x017,9977,32067,0.15418221354484557,0.01906171116615358,-0.10920692645013333,0.0,0.0,0.0
5,130,TENX116,1940,089x013,7055,62749,0.15417466610670089,0.016042261030671127,0.14138295128941536,0.0,0.0,0.0
5,131,TENX116,1575,072x014,7785,50330,0.15417172759771347,0.017944251832687722,-0.08285564938560128,0.0,0.0,0.0
5,132,TENX116,2046,095x010,4863,67132,0.15416499525308608,0.017554755037155072,-0.0341590266674757,0.0,0.0,0.0
5,133,TENX116,1859,085x017,9977,59827,0.15403050929307938,0.01686102860318293,0.11014594165608287,0.0,0.0,0.0
5,134,TENX116,1157,054x019,11438,37180,0.15402479618787765,0.01922952423428923,-0.039716335386037825,0.0,0.0,0.0
5,135,TENX116,1666,076x017,9977,53252,0.153977470099926,0.018767159395496908,-0.0014242717064917088,0.0,0.0,0.0
5,136,TENX116,1117,052x023,14360,35719,0.15393338054418565,0.017492980032834192,-0.027241941541433334,0.0,0.0,0.0
5,137,TENX116,61,006x019,11438,2115,0.15391514971852302,0.020576715044280533,0.004414090514183044,0.0,0.0,0.0
5,138,TENX116,928,044x024,15090,29875,0.15386182218790054,0.015533780307175024,-0.0011500272899866103,0.0,0.0,0.0
5,139,TENX116,836,040x020,12168,26953,0.1537918418645859,0.01745332959328618,-0.13453626334667207,0.0,0.0,0.0
5,140,TENX116,1733,079x018,10707,55444,0.1537441596388817,0.015787329117639193,-0.05241290722042322,0.0,0.0,0.0
5,141,TENX116,33,005x011,5594,1384,0.15361051484942437,0.019084699315430068,0.05485881408676505,0.0,0.0,0.0
5,142,TENX116,608,030x021,12899,19648,0.15360480695962905,0.015245550788678057,0.0243988960981369,0.0,0.0,0.0
5,143,TENX116,243,014x027,17282,7959,0.15354472547769546,0.018310855880650505,-0.062386765331029895,0.0,0.0,0.0
5,144,TENX116,2001,092x013,7055,64940,0.15347227901220323,0.021176368009363532,-0.03676782138645649,0.0,0.0,0.0
5,145,TENX116,630,031x020,12168,20378,0.1534073159098625,0.01686718789544483,-0.01871205596253276,0.0,0.0,0.0
5,146,TENX116,842,040x026,16552,26953,0.1534050539135933,0.01834642283033278,-0.060969088412821296,0.0,0.0,0.0
5,147,TENX116,717,035x018,10707,23300,0.15338412523269654,0.01794475654207521,0.010462947329506278,0.0,0.0,0.0
5,148,TENX116,481,025x009,4133,15995,0.15336291193962098,0.018391400294002807,-0.05639701718464494,0.0,0.0,0.0
5,149,TENX116,1341,062x010,4863,43025,0.1532350778579712,0.016802826629239796,-0.1545753070153296,0.0,0.0,0.0
5,150,TENX116,28,005x006,1941,1384,0.15319008380174637,0.020712741172797595,-0.14758347645401954,0.0,0.0,0.0
5,151,TENX116,1598,073x015,8516,51060,0.15318822711706162,0.01856716616139415,0.03798502879217267,0.0,0.0,0.0
5,152,TENX116,567,029x003,-250,18917,0.15315516218543052,0.0190142886381759,0.14720969647169113,0.0,0.0,0.0
5,153,TENX116,1898,087x014,7785,61288,0.1531361699104309,0.015385857954569152,-0.07079197010025381,0.0,0.0,0.0
5,154,TENX116,1869,085x027,17282,59827,0.15309251397848128,0.018166529566042602,-0.08626706311479211,0.0,0.0,0.0
5,155,TENX116,161,011x015,8516,5768,0.1530913695693016,0.016241970538932508,-0.10460679540410638,0.0,0.0,0.0
5,156,TENX116,1815,083x015,8516,58366,0.15303628295660018,0.016838446266053037,0.006020141206681729,0.0,0.0,0.0
5,157,TENX116,382,020x028,18013,12342,0.15280899703502654,0.018193752106416987,-0.15449590496718885,0.0,0.0,0.0
5,158,TENX116,23,004x021,12899,654,0.1527876615524292,0.015464334591490525,-0.09506796430796385,0.0,0.0,0.0
5,159,TENX116,629,031x019,11438,20378,0.15278738141059875,0.017665497107436878,-0.02922125458717346,0.0,0.0,0.0
5,160,TENX116,77,007x015,8516,2846,0.15275288820266725,0.018000244457512093,-0.02918526967987418,0.0,0.0,0.0
5,161,TENX116,95,008x013,7055,3576,0.15272258967161179,0.01798806442868245,-0.002952687442302704,0.0,0.0,0.0
5,162,TENX116,1255,058x023,14360,40102,0.15267155468463897,0.018191505356327308,-0.007256530737504363,0.0,0.0,0.0
5,163,TENX116,859,041x021,12899,27684,0.15259375125169755,0.0160546657315698,-0.04592113345861435,0.0,0.0,0.0
5,164,TENX116,907,043x025,15821,29145,0.15246023386716842,0.018231491768698826,-0.05989382043480873,0.0,0.0,0.0
5,165,TENX116,1025,048x025,15821,32797,0.15245072543621063,0.01730214406768718,-0.06683188825845718,0.0,0.0,0.0
5,166,TENX116,41,005x019,11438,1384,0.1524350553750992,0.016577380209301277,-0.017023952584713696,0.0,0.0,0.0
5,167,TENX116,1285,060x003,-250,41564,0.15242481827735901,0.018871323466178307,0.007144297659397125,0.0,0.0,0.0
5,168,TENX116,660,033x006,1941,21839,0.15241086035966872,0.02102715849872275,-0.031918571516871455,0.0,0.0,0.0
5,169,TENX116,1899,087x015,8516,61288,0.15240426659584044,0.017208231994879843,0.02094334028661251,0.0,0.0,0.0
5,170,TENX116,1878,086x015,8516,60557,0.1523389995098114,0.013658761588378483,0.044103097170591354,0.0,0.0,0.0
5,171,TENX116,209,013x015,8516,7229,0.1523037761449814,0.016916865367473895,-0.09391707219183446,0.0,0.0,0.0
5,172,TENX116,1361,063x007,2671,43755,0.15227812379598618,0.01975028645476724,0.05938379168510437,0.0,0.0,0.0
5,173,TENX116,1286,060x004,480,41564,0.15224048644304275,0.01861821611591786,-0.023399809002876283,0.0,0.0,0.0
5,174,TENX116,139,010x016,9246,5037,0.1522236004471779,0.015330526594089636,-0.015711650997400285,0.0,0.0,0.0
5,175,TENX116,1432,066x008,3402,45947,0.15220236480236055,0.020930705261513523,-0.0421994574368,0.0,0.0,0.0
5,176,TENX116,99,008x017,9977,3576,0.1521633356809616,0.0170751534081083,-0.057496178336441515,0.0,0.0,0.0
5,177,TENX116,1510,069x015,8516,48138,0.15212062895298004,0.017637636752680482,-0.04510045452043414,0.0,0.0,0.0
5,178,TENX116,810,039x016,9246,26222,0.15209918320178986,0.017041062491747406,0.036514897271990775,0.0,0.0,0.0
5,179,TENX116,14,004x012,6324,654,0.15209539830684662,0.016739714187659835,0.045971644669771196,0.0,0.0,0.0
5,180,TENX116,1292,060x010,4863,41564,0.1520947903394699,0.01597744736943972,-0.13348749577999114,0.0,0.0,0.0
5,181,TENX116,838,040x022,13629,26953,0.15206334888935089,0.017234494230365174,-0.15002243425697087,0.0,0.0,0.0
5,182,TENX116,1986,091x016,9246,64210,0.15205636098980904,0.02151418752889199,0.09368299944326282,0.0,0.0,0.0
5,183,TENX116,1049,049x025,15821,33528,0.15203450620174408,0.017745537687254977,-0.0782393922097981,0.0,0.0,0.0
5,184,TENX116,1824,083x024,15090,58366,0.1519133061170578,0.01650957802177719,-0.03914492875337601,0.0,0.0,0.0
5,185,TENX116,1558,071x019,11438,49599,0.1518862687051296,0.016777023897231656,-0.1185931459069252,0.0,0.0,0.0
5,186,TENX116,254,015x012,6324,8690,0.15181087255477904,0.018072486533965187,-0.0925162716768682,0.0,0.0,0.0
5,187,TENX116,636,032x004,480,21109,0.15171822607517244,0.019123788349604515,-0.019674962759017943,0.0,0.0,0.0
5,188,TENX116,1756,080x019,11438,56174,0.15167170464992524,0.02074237513109419,-0.047684349678456785,0.0,0.0,0.0
5,189,TENX116,83,007x021,12899,2846,0.15160681456327438,0.017725383664549628,0.0007510855793952942,0.0,0.0,0.0
5,190,TENX116,417,022x014,7785,13803,0.15158737152814866,0.017733754248726745,-0.04568247208371758,0.0,0.0,0.0
5,191,TENX116,134,010x011,5594,5037,0.1515050783753395,0.017309490719605004,-0.03525512963533402,0.0,0.0,0.0
5,192,TENX116,606,030x019,11438,19648,0.1514689341187477,0.019211566578950356,-0.018588180281221868,0.0,0.0,0.0
5,193,TENX116,9,004x007,2671,654,0.15146509334445,0.019922376147443216,-0.007797199487686157,0.0,0.0,0.0
5,194,TENX116,906,043x024,15090,29145,0.1514599472284317,0.014033801936273245,0.0886064068414271,0.0,0.0,0.0
5,195,TENX116,2066,099x022,13629,70054,0.1514494776725769,0.015508521163832278,-0.10987955033779144,0.0,0.0,0.0
5,196,TENX116,26,005x004,480,1384,0.15128832012414933,0.018337065017756414,-0.07372762188315392,0.0,0.0,0.0
5,197,TENX116,1597,073x014,7785,51060,0.15125949829816818,0.017671653329835526,-0.043060189858078954,0.0,0.0,0.0
5,198,TENX116,1840,084x019,11438,59096,0.15125931426882744,0.019085574101339035,-0.06689509451389312,0.0,0.0,0.0
5,199,TENX116,710,035x011,5594,23300,0.15125822871923447,0.01796856976212581,-0.022080014273524285,0.0,0.0,0.0
5,200,TENX116,266,015x024,15090,8690,0.15124416798353196,0.017607085816177623,-0.16707156179472804,0.0,0.0,0.0
5,201,TENX116,519,026x024,15090,16726,0.1512161299586296,0.018550965213641496,-0.09453122261911631,0.0,0.0,0.0
5,202,TENX116,1780,081x022,13629,56905,0.1512069121003151,0.016872163691070682,-0.15844829753041267,0.0,0.0,0.0
5,203,TENX116,655,032x023,14360,21109,0.15114458203315734,0.017544006769093328,-0.15821839347481728,0.0,0.0,0.0
5,204,TENX116,42,005x020,12168,1384,0.15112484395503997,0.01554702466742103,-0.028033628314733505,0.0,0.0,0.0
5,205,TENX116,855,041x017,9977,27684,0.15111781805753707,0.015209848340020598,-0.07606485113501549,0.0,0.0,0.0
5,206,TENX116,2000,092x012,6324,64940,0.15108295679092407,0.01153633928800276,0.010130204632878304,0.0,0.0,0.0
5,207,TENX116,1535,070x018,10707,48869,0.15106618851423265,0.01313199059703265,-0.09537904486060142,0.0,0.0,0.0
5,208,TENX116,1779,081x021,12899,56905,0.1510636955499649,0.017734437405143737,0.05247473530471325,0.0,0.0,0.0
5,209,TENX116,1989,091x019,11438,64210,0.15098019689321518,0.019041845254035357,-0.014662830531597138,0.0,0.0,0.0
5,210,TENX116,805,039x011,5594,26222,0.15091770142316818,0.0199541293882712,-0.00384702580049634,0.0,0.0,0.0
5,211,TENX116,1277,059x020,12168,40833,0.15088934898376466,0.017978282463846185,0.019413274154067038,0.0,0.0,0.0
5,212,TENX116,1606,073x023,14360,51060,0.15077145248651505,0.018876199431723514,-0.08671463280916214,0.0,0.0,0.0
5,213,TENX116,1556,071x017,9977,49599,0.15076687783002854,0.015710668274504985,-0.07507261531427503,0.0,0.0,0.0
5,214,TENX116,633,031x023,14360,20378,0.1507340833544731,0.015644329448537424,0.0586866594851017,0.0,0.0,0.0
5,215,TENX116,2018,093x013,7055,65671,0.15070756524801254,0.0198616602119296,-0.1668052189052105,0.0,0.0,0.0
5,216,TENX116,2014,093x009,4133,65671,0.15069913268089294,0.016944285882432714,-0.054458306869491935,0.0,0.0,0.0
5,217,TENX116,2043,094x022,13629,66402,0.15069215819239618,0.017593070034848224,-0.17703852243721485,0.0,0.0,0.0
5,218,TENX116,1260,059x003,-250,40833,0.15069207698106765,0.022166449050144723,-0.09389028400182724,0.0,0.0,0.0
5,219,TENX116,1210,057x003,-250,39372,0.15067894607782364,0.01773160866183855,-0.14227636083960532,0.0,0.0,0.0
5,220,TENX116,562,028x021,12899,18187,0.1505712166428566,0.01907811378278947,-0.08484146166592836,0.0,0.0,0.0
5,221,TENX116,483,025x011,5594,15995,0.15052776485681535,0.01776697438064177,-0.1260276660323143,0.0,0.0,0.0
5,222,TENX116,610,030x023,14360,19648,0.1505060151219368,0.017883365839571116,0.033991307765245435,0.0,0.0,0.0
5,223,TENX116,190,012x020,12168,6498,0.15049480721354486,0.021386973534007567,-0.11992598343640566,0.0,0.0,0.0
5,224,TENX116,2,003x014,7785,-76,0.15044984146952628,0.021545800932854443,-0.08058588281273842,0.0,0.0,0.0
5,225,TENX116,1624,074x019,11438,51791,0.15044864565134047,0.017326396984122062,0.006178966537117958,0.0,0.0,0.0
5,226,TENX116,1022,048x022,13629,32797,0.1503866083920002,0.0209420412462015,-0.06259557269513608,0.0,0.0,0.0
5,227,TENX116,2063,097x022,13629,68593,0.1503651298582554,0.018351065160781294,-0.08460128409788012,0.0,0.0,0.0
5,228,TENX116,117,009x015,8516,4307,0.15036248415708542,0.01582578156612572,-0.03543421998620033,0.0,0.0,0.0
5,229,TENX116,431,023x005,1210,14534,0.15036205649375917,0.022518574374831204,-0.04415749609470367,0.0,0.0,0.0
5,230,TENX116,452,023x029,18743,14534,0.1502587154507637,0.017697229414570633,-0.12485825493931771,0.0,0.0,0.0
5,231,TENX116,623,031x013,7055,20378,0.1502439945936203,0.01570750479089326,-0.01347322277724743,0.0,0.0,0.0
5,232,TENX116,119,009x017,9977,4307,0.1501562625169754,0.017368828337148076,-0.0822947695851326,0.0,0.0,0.0
5,233,TENX116,1826,083x026,16552,58366,0.15014813095331192,0.016791053840354467,-0.06316941305994987,0.0,0.0,0.0
5,234,TENX116,1158,054x020,12168,37180,0.1501060739159584,0.018092932821488543,0.032266727089881896,0.0,0.0,0.0
5,235,TENX116,1726,079x011,5594,55444,0.15008313506841658,0.017107540181838386,-0.23672260865569114,0.0,0.0,0.0
5,236,TENX116,1625,074x020,12168,51791,0.15006034225225448,0.017919397088561544,-0.14051952064037324,0.0,0.0,0.0
5,237,TENX116,38,005x016,9246,1384,0.15004492402076722,0.018116560788871416,0.003929696604609489,0.0,0.0,0.0
5,238,TENX116,94,008x012,6324,3576,0.15000031366944314,0.017126136161155676,0.04605953525751829,0.0,0.0,0.0
5,239,TENX116,400,021x020,12168,13073,0.14997815787792207,0.01873412197016951,-0.16997020021080972,0.0,0.0,0.0
5,240,TENX116,1822,083x022,13629,58366,0.14990425407886504,0.01559898293131597,-0.06015632636845112,0.0,0.0,0.0
5,241,TENX116,426,022x023,14360,13803,0.149893157184124,0.017995663863632615,-0.11072383429855108,0.0,0.0,0.0
5,242,TENX116,96,008x014,7785,3576,0.14982270151376725,0.01384678472243362,-0.12727740332484244,0.0,0.0,0.0
5,243,TENX116,195,012x027,17282,6498,0.14979630559682847,0.018727926488492877,-0.09486517831683158,0.0,0.0,0.0
5,244,TENX116,1001,047x026,16552,32067,0.14979034960269927,0.016806709369794424,-0.11104728542268276,0.0,0.0,0.0
5,245,TENX116,662,033x008,3402,21839,0.14975137561559676,0.018280131069844534,-0.20478230901062489,0.0,0.0,0.0
5,246,TENX116,1791,082x012,6324,57635,0.14973037391901017,0.017294690544767344,-0.10559444883838295,0.0,0.0,0.0
5,247,TENX116,504,026x009,4133,16726,0.14970955029129981,0.01939372619792707,-0.1699849907308817,0.0,0.0,0.0
5,248,TENX116,2030,093x025,15821,65671,0.14968433678150178,0.016342645779256763,-0.139623399451375,0.0,0.0,0.0
5,249,TENX116,1960,090x011,5594,63479,0.14966509193181993,0.015487386216716375,0.009697946440428495,0.0,0.0,0.0
5,250,TENX116,758,037x012,6324,24761,0.1496508538722992,0.01913213849480611,-0.09033424863591791,0.0,0.0,0.0
5,251,TENX116,2067,099x023,14360,70054,0.14963967576622964,0.01913833259891578,-0.195077233761549,0.0,0.0,0.0
5,252,TENX116,1284,059x027,17282,40833,0.14962366074323655,0.017148494699625604,-0.05449179569259286,0.0,0.0,0.0
5,253,TENX116,839,040x023,14360,26953,0.14961992651224137,0.014189198619161784,-0.04419025406241417,0.0,0.0,0.0
5,254,TENX116,2059,096x022,13629,67863,0.14960186332464218,0.017937750076957634,-0.1328852843493223,0.0,0.0,0.0
5,255,TENX116,1310,061x003,-250,42294,0.14960166513919831,0.018873017803204516,-0.03828737884759903,0.0,0.0,0.0
5,256,TENX116,699,034x022,13629,22570,0.14960112273693085,0.017843690022284867,-0.12258811630308628,0.0,0.0,0.0
