expert_id,rank,sample_id,patch_index,barcode,coord_x,coord_y,affinity_score,affinity_score_sd,mean_logit,actual_top2_frequency,actual_top1_frequency,actual_mean_route_weight
0,1,TENX99,17404,184x064,30112,86589,0.27798370122909544,0.049402492744824854,0.5693402349948883,1.0,0.5,0.5080413311719895
0,2,TENX99,13239,143x096,45171,67294,0.27600989639759066,0.04179639644248926,0.4998344361782074,1.0,0.5,0.5225677996873855
0,3,TENX99,16168,172x052,24465,80941,0.2739840015769005,0.04549255305753258,0.4878844529390335,1.0,0.5,0.5075039207935333
0,4,TENX99,17083,181x049,23053,85177,0.2738482654094696,0.043439538828020395,0.5257520377635956,1.0,0.5,0.5135630995035172
0,5,TENX99,14919,160x035,16465,75294,0.27369092404842377,0.040651254801176775,0.36360096335411074,1.0,0.5,0.5115009665489196
0,6,TENX99,19661,206x080,37641,96941,0.27296364605426787,0.04798673672226548,0.42155243158340455,1.0,0.5,0.5073749870061874
0,7,TENX99,12504,136x081,38112,64000,0.27227227985858915,0.04313112883360021,0.36936876401305196,1.0,0.5,0.5140181511640549
0,8,TENX99,2580,037x085,39994,17412,0.2722103640437126,0.04564209699805879,0.34740139469504355,1.0,0.5,0.5064375638961792
0,9,TENX99,13293,144x047,22112,67765,0.2690840050578117,0.04550447804447007,0.4920744448900223,1.0,0.5,0.4951703280210495
0,10,TENX99,15697,167x095,44700,78589,0.2684031739830971,0.04855848532868316,0.44599730968475343,1.0,0.5,0.5043771713972092
0,11,TENX99,15015,161x029,13641,75765,0.2682975336909294,0.0443896126699877,0.3128116525709629,1.0,0.5,0.5099149942398071
0,12,TENX99,13118,142x078,36700,66824,0.2677628338336945,0.0448341238525564,0.312929305434227,1.0,0.5,0.5082285642623902
0,13,TENX99,5691,068x088,41406,32000,0.26763957887887957,0.045273941768391654,0.43197630643844603,1.0,0.5,0.5060733050107956
0,14,TENX99,13793,149x036,16935,70118,0.26747775375843047,0.043932335370051256,0.4422845125198364,1.0,0.5,0.4967318445444107
0,15,TENX99,15025,161x039,18347,75765,0.26701783388853073,0.04688348410243123,0.5085999816656113,1.0,0.5,0.49297627806663513
0,16,TENX99,17446,185x004,1877,87059,0.26678982377052307,0.046544598585742565,0.49675328433513644,1.0,0.5,0.5052932888269425
0,17,TENX99,15659,167x057,26818,78589,0.26666274964809417,0.047475040471080185,0.45581949055194854,1.0,0.5,0.4860412240028381
0,18,TENX99,3825,050x029,13641,23530,0.26656959801912306,0.04008053955865787,0.4598305575549603,1.0,0.5,0.5039003252983093
0,19,TENX99,17194,182x058,27288,85647,0.26645930111408234,0.04713654856830287,0.4991642594337463,1.0,0.5,0.4914214551448822
0,20,TENX99,1192,023x092,43288,10824,0.2662907540798187,0.04305523279019907,0.35742304623126986,1.0,0.5,0.5082735002040863
0,21,TENX99,2337,035x042,19759,16471,0.26627512872219083,0.04571723526848104,0.46589927971363065,1.0,0.5,0.5032676666975021
0,22,TENX99,15133,162x045,21171,76236,0.26610845476388933,0.04876432865946357,0.47592951357364655,1.0,0.5,0.5048175990581513
0,23,TENX99,12908,140x074,34818,65883,0.2655405253171921,0.043258422391805766,0.4243221811950207,1.0,0.5,0.5056004613637924
0,24,TENX99,16874,179x044,20700,84236,0.265363010764122,0.05546168697599184,0.42813691794872283,1.0,0.5,0.49764004945755
0,25,TENX99,5250,064x051,23994,30118,0.26530956774950026,0.04969684513656037,0.3938329301774502,1.0,0.5,0.4924596667289734
0,26,TENX99,15163,162x075,35288,76236,0.26520334631204606,0.042356203116462404,0.3976517736911774,1.0,0.5,0.5055170446634293
0,27,TENX99,7287,085x018,8465,40000,0.2651683524250984,0.0417239749838624,0.4187105238437653,1.0,0.5,0.5106732040643692
0,28,TENX99,8080,093x009,4229,43765,0.2649613216519356,0.043751433619069365,0.41853235363960267,1.0,0.5,0.4957177996635437
0,29,TENX99,17069,181x035,16465,85177,0.2649242624640465,0.04853894329959082,0.4361813962459564,1.0,0.5,0.49441398978233336
0,30,TENX99,18810,198x040,18818,93177,0.2648173987865448,0.04616931696769045,0.42911781668663024,1.0,0.6,0.5037614673376083
0,31,TENX99,16137,172x021,9877,80941,0.26474793404340746,0.04663424602402279,0.4600742131471634,1.0,0.5,0.4892308056354523
0,32,TENX99,17860,189x008,3759,88941,0.26474635154008863,0.04181200199593787,0.45706521570682523,1.0,0.5,0.5022806167602539
0,33,TENX99,17922,189x070,32935,88941,0.2645970344543457,0.04329693283774122,0.37215009033679963,1.0,0.5,0.5033924996852874
0,34,TENX99,5798,069x094,44229,32471,0.2642760440707207,0.04269742137133889,0.41167313456535337,1.0,0.5,0.4993729293346405
0,35,TENX99,18349,193x089,41877,90824,0.26422151923179626,0.049452885305920846,0.40036276578903196,1.0,0.5,0.4923880010843277
0,36,TENX99,19154,201x078,36700,94589,0.26421050876379015,0.04836767403385316,0.5999631315469742,1.0,0.5,0.48680418729782104
0,37,TENX99,15444,165x048,22582,77647,0.26417329013347624,0.0417330025246432,0.4119242995977402,1.0,0.5,0.5025955021381379
0,38,TENX99,17823,188x073,34347,88471,0.26410423666238786,0.045642697646608395,0.45700547099113464,1.0,0.5,0.49464247822761537
0,39,TENX99,14389,155x020,9406,72941,0.26397971361875533,0.0448410016738988,0.47154260873794557,1.0,0.5,0.4918187648057938
0,40,TENX99,13681,148x026,12229,69647,0.26397692412137985,0.045938623243178225,0.5159731805324554,1.0,0.5,0.48826397955417633
0,41,TENX99,17372,184x032,15053,86589,0.26386954486370084,0.043964308328711225,0.3973015695810318,1.0,0.5,0.5023568570613861
0,42,TENX99,17761,188x011,5171,88471,0.2636517286300659,0.049298458659118444,0.4655880808830261,1.0,0.5,0.49372915625572206
0,43,TENX99,16998,180x066,31053,84706,0.2636402666568756,0.05123527957443911,0.4027431160211563,1.0,0.5,0.49552186131477355
0,44,TENX99,3723,049x028,13171,23059,0.2634374752640724,0.044094661517534564,0.4002422779798508,1.0,0.5,0.5022329807281494
0,45,TENX99,11653,128x046,21641,60236,0.26335688829422,0.04249299859030474,0.4319557785987854,1.0,0.5,0.5011680990457534
0,46,TENX99,8785,100x007,3288,47059,0.2633159816265106,0.049946392332201155,0.36542601585388185,1.0,0.5,0.4862015306949615
0,47,TENX99,6370,075x061,28700,35294,0.26322814673185346,0.044241995177241776,0.39745052754878996,1.0,0.5,0.5009306788444519
0,48,TENX99,7889,091x020,9406,42824,0.2630188450217247,0.042060216835394224,0.31461771950125694,1.0,0.5,0.5027680963277816
0,49,TENX99,13736,148x081,38112,69647,0.26288537085056307,0.04780713642262839,0.4183892548084259,1.0,0.5,0.48775298297405245
0,50,TENX99,17620,186x076,35759,87530,0.26272877752780915,0.05002203165542001,0.30672557204961776,1.0,0.5,0.4882002055644989
0,51,TENX99,13345,144x099,46582,67765,0.2626972034573555,0.04241933311138631,0.3477304682135582,1.0,0.5,0.49235685765743253
0,52,TENX99,15666,167x064,30112,78589,0.26267079859972,0.04306103150011002,0.4137341782450676,1.0,0.5,0.4997112303972244
0,53,TENX99,19164,201x088,41406,94589,0.26263798773288727,0.04905584825861073,0.41620011925697326,1.0,0.5,0.48709472715854646
0,54,TENX99,7061,082x082,38582,38589,0.2625233232975006,0.04471117626749673,0.44932107627391815,1.0,0.5,0.4943623781204224
0,55,TENX99,14660,157x085,39994,73883,0.26244919896125796,0.04088484169059986,0.3867790400981903,1.0,0.5,0.4974593698978424
0,56,TENX99,14390,155x021,9877,72941,0.26244095265865325,0.04056219690533273,0.4867698192596436,1.0,0.5,0.5005704522132873
0,57,TENX99,17653,187x006,2818,88000,0.2622069463133812,0.04447949305876248,0.5078042179346085,1.0,0.5,0.4961717754602432
0,58,TENX99,17252,183x014,6582,86118,0.26214827299118043,0.04394922809543009,0.39931496381759646,1.0,0.5,0.4950701117515564
0,59,TENX99,17618,186x074,34818,87530,0.26211716830730436,0.04305801459664232,0.3856415770947933,1.0,0.5,0.49981494545936583
0,60,TENX99,14926,160x042,19759,75294,0.262107752263546,0.04247882770762118,0.5016396909952163,1.0,0.5,0.49596943259239196
0,61,TENX99,18065,191x009,4229,89883,0.26208986192941663,0.05047691941906502,0.4629361182451248,1.0,0.5,0.5021348237991333
0,62,TENX99,17402,184x062,29171,86589,0.2619845986366272,0.04450287782489492,0.3976640224456787,1.0,0.5,0.4962368458509445
0,63,TENX99,326,012x090,42347,5647,0.261940161883831,0.04322813280063597,0.33955769017338755,1.0,0.4,0.4941460132598877
0,64,TENX99,11860,130x049,23053,61177,0.2619225919246674,0.04678400000819067,0.5098556935787201,1.0,0.5,0.48405363857746125
0,65,TENX99,15342,164x049,23053,77177,0.26191443502902984,0.04835769751820236,0.5059248983860016,1.0,0.5,0.4863335698843002
0,66,TENX99,13091,142x051,23994,66824,0.261856435239315,0.04681827410966858,0.39542234838008883,1.0,0.5,0.4849213033914566
0,67,TENX99,17275,183x037,17406,86118,0.2617327645421028,0.045087964158012556,0.44625879526138307,1.0,0.5,0.4934792727231979
0,68,TENX99,17080,181x046,21641,85177,0.2617276102304459,0.04626286793601676,0.48321945369243624,1.0,0.5,0.4960087776184082
0,69,TENX99,15124,162x036,16935,76236,0.26168779879808424,0.04465468068543136,0.41812552511692047,1.0,0.5,0.5002307802438736
0,70,TENX99,2703,039x008,3759,18353,0.26159604638814926,0.04418497993633426,0.4751375824213028,1.0,0.5,0.49056712687015536
0,71,TENX99,18028,190x074,34818,89412,0.26159472614526746,0.04161537548787436,0.4253001570701599,1.0,0.5,0.49581978619098666
0,72,TENX99,18618,196x052,24465,92236,0.26158815920352935,0.04716529122247948,0.4544722713530064,1.0,0.5,0.48720952272415163
0,73,TENX99,15135,162x047,22112,76236,0.2614959433674812,0.04255288720548424,0.41094186902046204,1.0,0.5,0.4963918000459671
0,74,TENX99,5797,069x093,43759,32471,0.26146564185619353,0.04189110918502919,0.49788586124777795,1.0,0.5,0.5115290403366088
0,75,TENX99,15206,163x016,7524,76706,0.26143074631690977,0.04678959305279895,0.4408086098730564,1.0,0.5,0.4937171578407288
0,76,TENX99,19021,200x047,22112,94118,0.2614190638065338,0.05065721445026239,0.5612964153289794,1.0,0.5,0.4902122735977173
0,77,TENX99,18305,193x045,21171,90824,0.26141475439071654,0.04527600833207201,0.39412507712841033,1.0,0.5,0.494882270693779
0,78,TENX99,17711,187x064,30112,88000,0.2613548472523689,0.05095162932118598,0.3397304356098175,1.0,0.5,0.48271689414978025
0,79,TENX99,14864,159x083,39053,74824,0.2612551525235176,0.04694776902210982,0.45370670557022097,1.0,0.5,0.49743157923221587
0,80,TENX99,17094,181x060,28229,85177,0.2611964553594589,0.05015439903225787,0.40975808873772623,1.0,0.5,0.48409098386764526
0,81,TENX99,18153,191x097,45641,89883,0.26118752360343933,0.04471627488962655,0.4265929013490677,1.0,0.5,0.4945400685071945
0,82,TENX99,19753,207x072,33877,97412,0.2611861914396286,0.04403035670511329,0.4025018781423569,1.0,0.5,0.4989819586277008
0,83,TENX99,4625,058x030,14112,27294,0.2611507773399353,0.04585769382698707,0.4887976974248886,1.0,0.5,0.48676641583442687
0,84,TENX99,18614,196x048,22582,92236,0.26114614456892016,0.03979847559186568,0.3859456844627857,1.0,0.5,0.5096762984991073
0,85,TENX99,14508,156x036,16935,73412,0.2611301362514496,0.04341673579141305,0.43784176632761956,1.0,0.5,0.4904295325279236
0,86,TENX99,14661,157x086,40465,73883,0.2611175522208214,0.051642356290176605,0.41204001307487487,1.0,0.5,0.49029809832572935
0,87,TENX99,18007,190x053,24935,89412,0.26102037727832794,0.040338359509476014,0.45310100018978117,1.0,0.5,0.49418153762817385
0,88,TENX99,17296,183x058,27288,86118,0.26086062341928484,0.04549873292511158,0.4624317854642868,1.0,0.5,0.497591444849968
0,89,TENX99,9504,107x019,8935,50353,0.2608514055609703,0.04485025984137778,0.5459260582923889,1.0,0.5,0.5011491417884827
0,90,TENX99,17064,181x030,14112,85177,0.2608287200331688,0.04126402978614109,0.47745840847492216,1.0,0.5,0.503521066904068
0,91,TENX99,15665,167x063,29641,78589,0.2607931733131409,0.0430149142863169,0.33048694804310796,1.0,0.5,0.47430503368377686
0,92,TENX99,14979,160x095,44700,75294,0.2607848659157753,0.04213931525188054,0.3936674498021603,1.0,0.5,0.4856746941804886
0,93,TENX99,14192,153x027,12700,72000,0.2606933698058128,0.04634813315274673,0.48084315061569216,1.0,0.5,0.49896699786186216
0,94,TENX99,12693,138x065,30582,64941,0.26065740883350375,0.04701276553256742,0.43799381628632544,1.0,0.5,0.4893487483263016
0,95,TENX99,5297,064x098,46112,30118,0.26051519960165026,0.04548242700025844,0.35446145832538606,1.0,0.5,0.48217983543872833
0,96,TENX99,15991,170x080,37641,80000,0.26051287055015565,0.04626451351310897,0.43081149458885193,1.0,0.5,0.4886278033256531
0,97,TENX99,13478,146x027,12700,68706,0.26039405167102814,0.04627482377515102,0.4446622639894485,1.0,0.5,0.4902485400438309
0,98,TENX99,17824,188x074,34818,88471,0.2603892460465431,0.04879650777397153,0.3563617020845413,1.0,0.5,0.4829448461532593
0,99,TENX99,5496,066x095,44700,31059,0.26035415977239607,0.052039442887240786,0.44407854676246644,1.0,0.5,0.4880362689495087
0,100,TENX99,7684,089x017,7994,41883,0.26035144478082656,0.042132121743585764,0.44513119757175446,1.0,0.5,0.49075119495391845
0,101,TENX99,18916,199x044,20700,93647,0.26027476638555525,0.048428091396922356,0.4068068265914917,1.0,0.5,0.4846656322479248
0,102,TENX99,15532,166x033,15524,78118,0.2602458566427231,0.040075472937068514,0.3800317466259003,1.0,0.5,0.48614269495010376
0,103,TENX99,12707,138x079,37171,64941,0.26020385771989823,0.04726407182167352,0.4508724421262741,1.0,0.5,0.4848295241594315
0,104,TENX99,6970,081x083,39053,38118,0.2601996898651123,0.046491423000208865,0.3922426164150238,1.0,0.5,0.4912100493907928
0,105,TENX99,19658,206x077,36229,96941,0.26016228795051577,0.043733666415523086,0.32014049142599105,1.0,0.5,0.4998684525489807
0,106,TENX99,15221,163x031,14582,76706,0.26010518074035643,0.04733074908509997,0.3835302501916885,1.0,0.5,0.48382432758808136
0,107,TENX99,19254,202x077,36229,95059,0.260081359744072,0.04028372457204066,0.4780375987291336,1.0,0.5,0.4984999179840088
0,108,TENX99,15251,163x061,28700,76706,0.2600735291838646,0.04593340311533383,0.4140520490705967,1.0,0.5,0.49157224893569945
0,109,TENX99,13934,150x075,35288,70589,0.2600668102502823,0.04748484056997959,0.43505468517541884,1.0,0.5,0.4994694083929062
0,110,TENX99,13972,151x011,5171,71059,0.2599701941013336,0.050705772735154295,0.4492564290761948,1.0,0.5,0.47476948201656344
0,111,TENX99,15164,162x076,35759,76236,0.2599629804491997,0.046574341708853315,0.42221385464072225,1.0,0.5,0.4969308108091354
0,112,TENX99,17525,185x083,39053,87059,0.25995671600103376,0.044561187462145206,0.48149679899215697,1.0,0.5,0.4816229432821274
0,113,TENX99,11230,124x027,12700,58353,0.25993692278862,0.048968729279854704,0.3644821586087346,1.0,0.5,0.48937585651874543
0,114,TENX99,7060,082x081,38112,38589,0.2599316373467445,0.04717593108938141,0.38236857429146764,1.0,0.5,0.4819906324148178
0,115,TENX99,19652,206x071,33406,96941,0.25991326570510864,0.0440741931880405,0.3634508281946182,1.0,0.5,0.4905726104974747
0,116,TENX99,19113,201x037,17406,94589,0.25990786999464033,0.05079884889163833,0.4088968463242054,1.0,0.5,0.4901523470878601
0,117,TENX99,3321,045x026,12229,21177,0.25990483462810515,0.04426656826411702,0.5855857878923416,1.0,0.5,0.49258523285388944
0,118,TENX99,15760,168x055,25877,79059,0.25985495150089266,0.04348005701233944,0.40940883159637453,1.0,0.5,0.4925021082162857
0,119,TENX99,11131,123x029,13641,57883,0.25984580963850024,0.04616002561057464,0.3752877343446016,1.0,0.5,0.49302283227443694
0,120,TENX99,15763,168x058,27288,79059,0.2598203241825104,0.04849201493003652,0.38808120116591455,1.0,0.5,0.4760257929563522
0,121,TENX99,14945,160x061,28700,75294,0.2597613349556923,0.04841143403647162,0.41714790016412734,1.0,0.5,0.4877970635890961
0,122,TENX99,14531,156x059,27759,73412,0.25972033888101576,0.049302661418677396,0.4472753703594208,1.0,0.5,0.4806510329246521
0,123,TENX99,17089,181x055,25877,85177,0.25967400074005126,0.05051824039410874,0.3596885234117508,1.0,0.5,0.4715425044298172
0,124,TENX99,5692,068x089,41877,32000,0.25966955423355104,0.043298380269930686,0.3802211664617062,1.0,0.5,0.4913799613714218
0,125,TENX99,17347,184x007,3288,86589,0.25964553356170655,0.0443123495263718,0.40540593639016154,1.0,0.5,0.5003389030694961
0,126,TENX99,13795,149x038,17877,70118,0.2595724955201149,0.033074370688186555,0.5585689067840576,1.0,0.5,0.4929806709289551
0,127,TENX99,4299,054x103,48465,25412,0.2595598712563515,0.050479553036332024,0.38644172698259355,1.0,0.5,0.4790659636259079
0,128,TENX99,17451,185x009,4229,87059,0.25951101034879687,0.045718778072550086,0.3566096894443035,1.0,0.5,0.4891204506158829
0,129,TENX99,18133,191x077,36229,89883,0.2594655632972717,0.04094448669386082,0.28252530805766585,1.0,0.5,0.5007012128829956
0,130,TENX99,5725,069x021,9877,32471,0.2594601005315781,0.044716650467551036,0.3893231175839901,1.0,0.5,0.4905321002006531
0,131,TENX99,13851,149x094,44229,70118,0.25942815095186234,0.04889067744475195,0.5674310058355332,1.0,0.5,0.48347415030002594
0,132,TENX99,13010,141x073,34347,66353,0.25942182540893555,0.04684287789161416,0.4405485920608044,1.0,0.5,0.4873369574546814
0,133,TENX99,17413,184x073,34347,86589,0.25941943377256393,0.05045675537731436,0.40684791654348373,1.0,0.5,0.4829114854335785
0,134,TENX99,13904,150x045,21171,70589,0.25938335359096526,0.0422974155358229,0.48326720893383024,1.0,0.5,0.49710937440395353
0,135,TENX99,17924,189x072,33877,88941,0.2593494847416878,0.03573977911169042,0.44756331145763395,1.0,0.5,0.4948131710290909
0,136,TENX99,16931,179x101,47524,84236,0.2593252584338188,0.04278037401460112,0.47872437834739684,1.0,0.5,0.4826469302177429
0,137,TENX99,17504,185x062,29171,87059,0.259316286444664,0.047623039267365774,0.36851276233792307,1.0,0.5,0.48863258957862854
0,138,TENX99,15737,168x032,15053,79059,0.25930720567703247,0.0456830855051312,0.34584133625030516,1.0,0.5,0.48530684113502504
0,139,TENX99,19783,208x002,935,97883,0.2592266544699669,0.04133954188133413,0.4901032119989395,1.0,0.5,0.5111984848976135
0,140,TENX99,18027,190x073,34347,89412,0.2591967672109604,0.046944500843140384,0.4348843485116959,1.0,0.5,0.4771166980266571
0,141,TENX99,13327,144x081,38112,67765,0.2591882675886154,0.04713559585467093,0.45139106214046476,1.0,0.5,0.49098563492298125
0,142,TENX99,19055,200x081,38112,94118,0.25918240994215014,0.04930468805499954,0.5141341894865036,1.0,0.5,0.4784084916114807
0,143,TENX99,15043,161x057,26818,75765,0.25912692993879316,0.05021700467279446,0.4571429006755352,1.0,0.5,0.48077466785907746
0,144,TENX99,12640,138x012,5641,64941,0.25911900103092195,0.03984754900435702,0.3666104257106781,1.0,0.5,0.4950417399406433
0,145,TENX99,17551,186x007,3288,87530,0.2591187983751297,0.04770291670161211,0.4248278945684433,1.0,0.5,0.48295125365257263
0,146,TENX99,10803,120x004,1877,56471,0.2591089755296707,0.04660621326299497,0.43415644243359564,1.0,0.5,0.4980527549982071
0,147,TENX99,3807,050x011,5171,23530,0.25908344238996506,0.04433218632745362,0.37232014164328575,1.0,0.5,0.49302194118499754
0,148,TENX99,12088,132x073,34347,62118,0.25908105075359344,0.04669231371741946,0.42038425207138064,1.0,0.5,0.4843212842941284
0,149,TENX99,12205,133x088,41406,62589,0.25905688405036925,0.05014694048869908,0.5081472396850586,1.0,0.5,0.4800310343503952
0,150,TENX99,15527,166x028,13171,78118,0.25900940150022506,0.04895931736884145,0.4077911525964737,1.0,0.5,0.48694605827331544
0,151,TENX99,19955,209x074,34818,98353,0.2590013861656189,0.04500457923384546,0.49151200950145724,1.0,0.5,0.4925405204296112
0,152,TENX99,15044,161x058,27288,75765,0.2589830905199051,0.04494278490082962,0.41590851955115793,1.0,0.5,0.49185648262500764
0,153,TENX99,9103,103x022,10347,48471,0.2589587330818176,0.04488595910596044,0.40034919381141665,1.0,0.5,0.4914466440677643
0,154,TENX99,16670,177x044,20700,83294,0.25881588608026507,0.050050276490406054,0.385406157374382,1.0,0.5,0.4791441857814789
0,155,TENX99,8586,098x010,4700,46118,0.25880423486232756,0.046423079259051314,0.38258729241788386,1.0,0.5,0.5014658898115159
0,156,TENX99,17935,189x083,39053,88941,0.258758956193924,0.04620649366506486,0.46550721302628517,1.0,0.5,0.47995269298553467
0,157,TENX99,14832,159x051,23994,74824,0.25871489346027376,0.04198091286496387,0.4745015263557434,1.0,0.5,0.4907349705696106
0,158,TENX99,12715,138x087,40935,64941,0.25869729071855546,0.045693414622234585,0.4354032427072525,1.0,0.5,0.48960806131362916
0,159,TENX99,17727,187x080,37641,88000,0.25868234038352966,0.045411216759855995,0.36369535103440287,1.0,0.5,0.4902920097112656
0,160,TENX99,10715,119x017,7994,56000,0.2586781486868858,0.05108356365751202,0.501122510433197,1.0,0.5,0.4866061508655548
0,161,TENX99,3997,051x101,47524,24000,0.25866881012916565,0.04093810610453154,0.516255334019661,1.0,0.5,0.49412120282649996
0,162,TENX99,7979,092x009,4229,43294,0.2586584597826004,0.044210612763378454,0.3415137879550457,1.0,0.5,0.4915348380804062
0,163,TENX99,17656,187x009,4229,88000,0.2586270377039909,0.04896971110996947,0.47265879809856415,1.0,0.5,0.4817001670598984
0,164,TENX99,15250,163x060,28229,76706,0.2585810348391533,0.04748764662203889,0.3512266047298908,1.0,0.5,0.47708463072776797
0,165,TENX99,17104,181x070,32935,85177,0.2585666015744209,0.05626246222326683,0.3942016169428825,1.0,0.5,0.4801285654306412
0,166,TENX99,11624,128x017,7994,60236,0.2585540309548378,0.047487094650184164,0.2910037666559219,1.0,0.5,0.48827292025089264
0,167,TENX99,17441,184x101,47524,86589,0.2585151493549347,0.04501953354780875,0.3235453777015209,1.0,0.5,0.48677191138267517
0,168,TENX99,4843,060x048,22582,28236,0.2584966436028481,0.05000547042931823,0.4459583908319473,1.0,0.5,0.4838105529546738
0,169,TENX99,4076,052x080,37641,24471,0.2584752380847931,0.036201015523617,0.42044637799263,1.0,0.5,0.4961726576089859
0,170,TENX99,6217,074x009,4229,34824,0.25845687091350555,0.04854241024991333,0.3502278491854668,1.0,0.5,0.48467728197574617
0,171,TENX99,12370,135x049,23053,63530,0.2584432601928711,0.04173362711730686,0.39280363246798516,1.0,0.5,0.48786625564098357
0,172,TENX99,15572,166x073,34347,78118,0.2584410935640335,0.04556918362471526,0.319448921084404,1.0,0.5,0.49275730848312377
0,173,TENX99,20054,210x074,34818,98824,0.25843901187181473,0.050589848811392224,0.40823415815830233,1.0,0.5,0.4860683739185333
0,174,TENX99,17186,182x050,23524,85647,0.25843688398599624,0.04562130304017913,0.39109299778938295,1.0,0.5,0.4924719214439392
0,175,TENX99,1470,026x075,35288,12236,0.25842602699995043,0.03949447261801747,0.29308135658502577,1.0,0.5,0.49304371774196626
0,176,TENX99,18613,196x047,22112,92236,0.258402681350708,0.04314484034916417,0.28587251901626587,1.0,0.5,0.48409323394298553
0,177,TENX99,4596,057x101,47524,26824,0.25840117782354355,0.04221324542910677,0.37623836398124694,1.0,0.5,0.4904752612113953
0,178,TENX99,14406,155x037,17406,72941,0.2583651065826416,0.046575803731863104,0.4477398365736008,1.0,0.5,0.4833739876747131
0,179,TENX99,17078,181x044,20700,85177,0.25834193229675295,0.04511680059503967,0.3747670739889145,1.0,0.5,0.4960058659315109
0,180,TENX99,13907,150x048,22582,70589,0.2583403781056404,0.04582681766707745,0.37438610196113586,1.0,0.5,0.48839348554611206
0,181,TENX99,14925,160x041,19288,75294,0.25832664519548415,0.03982093778533794,0.39965900033712387,1.0,0.5,0.5033132255077362
0,182,TENX99,4528,057x033,15524,26824,0.2582969218492508,0.0403378723060732,0.4858607828617096,1.0,0.5,0.4982898622751236
0,183,TENX99,18907,199x035,16465,93647,0.258291894197464,0.050953847399372504,0.4296578377485275,1.0,0.5,0.4858069568872452
0,184,TENX99,16782,178x054,25406,83765,0.2582519710063934,0.04855754117138936,0.3392684333026409,1.0,0.5,0.49043662250041964
0,185,TENX99,6119,073x012,5641,34353,0.258238197863102,0.05050715025818654,0.41888415813446045,1.0,0.5,0.484184131026268
0,186,TENX99,16986,180x054,25406,84706,0.25823635011911394,0.04550282024184677,0.40565596222877504,1.0,0.5,0.48452053368091585
0,187,TENX99,19464,204x085,39994,96000,0.2581040680408478,0.0485643437618037,0.39436494186520576,1.0,0.5,0.47843524217605593
0,188,TENX99,11895,130x084,39524,61177,0.25810392796993253,0.040522069281481686,0.4895048290491104,1.0,0.5,0.4947042614221573
0,189,TENX99,15016,161x030,14112,75765,0.2580925032496452,0.05178621849544503,0.40931243896484376,1.0,0.5,0.47740701138973235
0,190,TENX99,17799,188x049,23053,88471,0.2580695852637291,0.04507127790530021,0.3116850182414055,1.0,0.5,0.4959569901227951
0,191,TENX99,15019,161x033,15524,75765,0.2580636888742447,0.04515548179390242,0.40833992660045626,1.0,0.5,0.4848021507263184
0,192,TENX99,12472,136x049,23053,64000,0.2580013245344162,0.05069693625291205,0.42597315534949304,1.0,0.5,0.4801114112138748
0,193,TENX99,11965,131x052,24465,61647,0.2579981595277786,0.04772288764988235,0.4637818098068237,1.0,0.5,0.4854719489812851
0,194,TENX99,4584,057x089,41877,26824,0.25799345821142194,0.045890095933497174,0.45318424999713897,1.0,0.5,0.49219281077384947
0,195,TENX99,13383,145x034,15994,68236,0.2579840213060379,0.04654946553709367,0.47048569917678834,1.0,0.5,0.480735120177269
0,196,TENX99,15630,167x028,13171,78589,0.2579707741737366,0.04378049763646976,0.3135063827037811,1.0,0.5,0.49021667540073394
0,197,TENX99,16657,177x031,14582,83294,0.2579403713345528,0.044656152606167065,0.43474000692367554,1.0,0.5,0.48975024223327634
0,198,TENX99,1374,025x078,36700,11765,0.25793914347887037,0.042475069450411095,0.2905447483062744,1.0,0.5,0.4993202656507492
0,199,TENX99,1681,028x086,40465,13177,0.2579061761498451,0.04351350524105983,0.3386372700333595,1.0,0.5,0.4950176805257797
0,200,TENX99,15048,161x062,29171,75765,0.2579031467437744,0.0525790612477017,0.48545351922512053,1.0,0.5,0.4814958155155182
0,201,TENX99,18244,192x086,40465,90353,0.25789964348077776,0.046466484401001845,0.4249314218759537,1.0,0.5,0.4784481465816498
0,202,TENX99,17393,184x053,24935,86589,0.25789460837841033,0.0471222494842193,0.41109992265701295,1.0,0.5,0.49318688809871675
0,203,TENX99,15021,161x035,16465,75765,0.2578659877181053,0.0451950178665499,0.2682371087372303,1.0,0.5,0.48558407127857206
0,204,TENX99,13803,149x046,21641,70118,0.25785369873046876,0.047436051485254684,0.36990901827812195,1.0,0.5,0.48738089203834534
0,205,TENX99,15238,163x048,22582,76706,0.25783725529909135,0.04963366931156347,0.4047893613576889,1.0,0.5,0.48890367448329924
0,206,TENX99,18229,192x071,33406,90353,0.25782478004693987,0.0417059033925392,0.4301643431186676,1.0,0.5,0.47550185322761535
0,207,TENX99,6017,072x011,5171,33883,0.25778681635856626,0.04442739469491914,0.3282505214214325,1.0,0.5,0.4893024355173111
0,208,TENX99,15536,166x037,17406,78118,0.2577282413840294,0.04095639589636887,0.45161272585392,1.0,0.5,0.49157081842422484
0,209,TENX99,15672,167x070,32935,78589,0.25771270990371703,0.046464015128802987,0.4042055904865265,1.0,0.5,0.49158026874065397
0,210,TENX99,12396,135x075,35288,63530,0.25770573765039445,0.04671947649356854,0.37607765570282936,1.0,0.5,0.4852861285209656
0,211,TENX99,16764,178x036,16935,83765,0.25768384635448455,0.04910382623239537,0.47269265055656434,1.0,0.5,0.4808769762516022
0,212,TENX99,18340,193x080,37641,90824,0.25767145603895186,0.04825149794283054,0.4365438938140869,1.0,0.5,0.4773000806570053
0,213,TENX99,19016,200x042,19759,94118,0.25767133235931394,0.05169050964366304,0.4761391706764698,1.0,0.5,0.474261599779129
0,214,TENX99,13444,145x095,44700,68236,0.25766521543264387,0.04803658693980543,0.47923181653022767,1.0,0.5,0.4816414833068848
0,215,TENX99,14507,156x035,16465,73412,0.25764923095703124,0.04248926501392376,0.37030685842037203,1.0,0.5,0.49687581062316893
0,216,TENX99,18122,191x066,31053,89883,0.25760357826948166,0.041731251259182436,0.36434258967638017,1.0,0.5,0.49242807030677793
0,217,TENX99,15496,165x100,47053,77647,0.25757433474063873,0.0496454984862479,0.37983399629592896,1.0,0.5,0.4892679274082184
0,218,TENX99,18031,190x077,36229,89412,0.2575626358389854,0.04650715752489999,0.4469150722026825,1.0,0.5,0.4860693156719208
0,219,TENX99,15529,166x030,14112,78118,0.257500921189785,0.045645485453235976,0.3294751152396202,1.0,0.5,0.4870429843664169
0,220,TENX99,18781,198x011,5171,93177,0.25749766975641253,0.042665700816097024,0.4172436721622944,1.0,0.5,0.49280743300914764
0,221,TENX99,18397,194x035,16465,91294,0.2574805125594139,0.04984238516061442,0.5072556167840958,1.0,0.5,0.4862573266029358
0,222,TENX99,17543,185x101,47524,87059,0.2574517220258713,0.04493356812727263,0.34283117651939393,1.0,0.5,0.4948225408792496
0,223,TENX99,17597,186x053,24935,87530,0.2574503242969513,0.04463219385687579,0.38565545380115507,1.0,0.5,0.49252479076385497
0,224,TENX99,5916,071x011,5171,33412,0.2574222177267075,0.043230219548385455,0.42372592613101007,1.0,0.5,0.49514988958835604
0,225,TENX99,8993,102x013,6112,48000,0.257406622171402,0.04692429278033799,0.33544560223817826,1.0,0.5,0.48383047580718996
0,226,TENX99,17887,189x035,16465,88941,0.2573752298951149,0.04669633050564929,0.342014867067337,1.0,0.5,0.4876158356666565
0,227,TENX99,12163,133x046,21641,62589,0.2573254033923149,0.04193815088295681,0.4029994361102581,1.0,0.5,0.4903968840837479
0,228,TENX99,993,021x089,41877,9883,0.25731728672981263,0.045790422629199565,0.4467176526784897,1.0,0.5,0.4758963376283646
0,229,TENX99,992,021x088,41406,9883,0.25729005932807925,0.04260220332438512,0.44375068247318267,1.0,0.5,0.482487416267395
0,230,TENX99,15322,164x029,13641,77177,0.2572818651795387,0.04340734812487164,0.3809939667582512,1.0,0.5,0.4969474315643311
0,231,TENX99,19267,202x090,42347,95059,0.2572294160723686,0.04718719771998179,0.36391993388533594,1.0,0.5,0.4804495334625244
0,232,TENX99,244,010x100,47053,4706,0.25722116231918335,0.045515192362432254,0.39232822731137273,1.0,0.5,0.4855134904384613
0,233,TENX99,13423,145x074,34818,68236,0.2572011977434158,0.045735143130331585,0.5356422334909439,1.0,0.5,0.48014658987522124
0,234,TENX99,9086,103x005,2347,48471,0.2572005555033684,0.04425883838486442,0.4298343636095524,1.0,0.5,0.48420336842536926
0,235,TENX99,15118,162x030,14112,76236,0.25719259679317474,0.04767117906015837,0.35307988002896307,1.0,0.5,0.4791561007499695
0,236,TENX99,14089,152x026,12229,71530,0.25718396306037905,0.04692174018996977,0.36317513808608054,1.0,0.5,0.4905651032924652
0,237,TENX99,17031,180x099,46582,84706,0.2571727931499481,0.041050284072292303,0.4480400025844574,1.0,0.5,0.48659428358078005
0,238,TENX99,18767,197x099,46582,92706,0.257159323990345,0.04703010371834122,0.43381012976169586,1.0,0.5,0.48001640737056733
0,239,TENX99,18999,200x025,11759,94118,0.2570787504315376,0.04972695690492275,0.4611284911632538,1.0,0.5,0.4888334184885025
0,240,TENX99,17367,184x027,12700,86589,0.25707293301820755,0.03776239844497734,0.40529478192329405,1.0,0.5,0.4929576963186264
0,241,TENX99,14753,158x075,35288,74353,0.2570548355579376,0.04878569858825272,0.39392756707966325,1.0,0.5,0.4950551986694336
0,242,TENX99,19659,206x078,36700,96941,0.25704037100076677,0.039320491288784426,0.3514046728610992,1.0,0.5,0.4957514047622681
0,243,TENX99,19852,208x071,33406,97883,0.25701678097248076,0.047754155307254895,0.4456863790750504,1.0,0.5,0.4778409391641617
0,244,TENX99,8011,092x041,19288,43294,0.25700344443321227,0.042590893943334394,0.2724307671189308,1.0,0.5,0.49530116021633147
0,245,TENX99,18718,197x050,23524,92706,0.2569981649518013,0.04638285123974125,0.40374358296394347,1.0,0.5,0.4763959735631943
0,246,TENX99,16272,173x054,25406,81412,0.25699382424354555,0.04522914961995146,0.45438658595085146,1.0,0.5,0.47977909445762634
0,247,TENX99,16888,179x058,27288,84236,0.2569797083735466,0.041958480612716696,0.3309210859239101,1.0,0.5,0.49207802414894103
0,248,TENX99,11865,130x054,25406,61177,0.25696780532598495,0.045929079853509455,0.4558640390634537,1.0,0.5,0.4846343994140625
0,249,TENX99,14493,156x021,9877,73412,0.2569566950201988,0.04837508685217281,0.4500521183013916,1.0,0.5,0.4783586710691452
0,250,TENX99,17302,183x064,30112,86118,0.2569249212741852,0.04645704211939798,0.3725373029708862,1.0,0.5,0.48463023602962496
0,251,TENX99,12957,141x020,9406,66353,0.25690660774707796,0.04253140235156033,0.3873994529247284,1.0,0.5,0.4854254722595215
0,252,TENX99,2595,037x100,47053,17412,0.25688021183013915,0.03323936167224659,0.486531937122345,1.0,0.5,0.5016788154840469
0,253,TENX99,19453,204x074,34818,96000,0.25685969144105913,0.04482523966265377,0.5270755529403687,1.0,0.5,0.4875673115253448
0,254,TENX99,14829,159x048,22582,74824,0.25684373676776884,0.04874562051200842,0.3867702573537827,1.0,0.5,0.4836961030960083
0,255,TENX99,18306,193x046,21641,90824,0.25684002190828326,0.046773611956452445,0.3783165253698826,1.0,0.5,0.4833709836006165
0,256,TENX99,9206,104x024,11288,48941,0.256833179295063,0.046435969477172954,0.37482467889785764,1.0,0.5,0.4809657156467438
1,1,TENX99,19418,204x039,18347,96000,0.16486909240484238,0.014071408612523983,-0.07745520751923322,0.0,0.0,0.0
1,2,TENX99,8340,095x067,31524,44706,0.16419877260923385,0.01029187156766894,-0.1560811348259449,0.1,0.0,0.03315892219543457
1,3,TENX99,8240,094x068,31994,44236,0.16348901391029358,0.008003532164715273,-0.04630446285009384,0.1,0.0,0.037885242700576784
1,4,TENX99,19117,201x041,19288,94589,0.16224375218153,0.007517745945667863,-0.08761273510754108,0.0,0.0,0.0
1,5,TENX99,8841,100x063,29641,47059,0.16130425184965133,0.006033049511480296,-0.014184698648750781,0.1,0.0,0.03361374735832214
1,6,TENX99,8736,099x059,27759,46589,0.16091079115867615,0.012163359097784123,-0.05181465558707714,0.2,0.0,0.060229963064193724
1,7,TENX99,2128,033x033,15524,15530,0.16070468872785568,0.012020287070779694,-0.04400276858359575,0.1,0.0,0.028700143098831177
1,8,TENX99,19306,203x028,13171,95530,0.16045558601617813,0.01664322875817859,-0.09615841433405876,0.0,0.0,0.0
1,9,TENX99,1599,028x004,1877,13177,0.16044874638319015,0.009024776230179698,-0.20084876604378224,0.0,0.0,0.0
1,10,TENX99,17167,182x031,14582,85647,0.16037895083427428,0.007347821792559871,-0.19473870806396007,0.0,0.0,0.0
1,11,TENX99,8133,093x062,29171,43765,0.16026272028684616,0.011219969091780226,-0.053942452371120456,0.2,0.0,0.06626280844211578
1,12,TENX99,8339,095x066,31053,44706,0.1600203588604927,0.012227882188498433,-0.15073212571442127,0.1,0.0,0.033733677864074704
1,13,TENX99,450,015x045,21171,7059,0.15965040624141694,0.007957695524042933,0.0539169954136014,0.0,0.0,0.0
1,14,TENX99,19782,208x001,465,97883,0.159354467689991,0.009967100175284363,-0.03702717814594507,0.0,0.0,0.0
1,15,TENX99,8342,095x069,32465,44706,0.15932658761739732,0.008899797917607623,-0.2031843528151512,0.2,0.0,0.07614936828613281
1,16,TENX99,7235,084x067,31524,39530,0.1591739535331726,0.008983959786244876,-0.11188516840338707,0.2,0.0,0.06862306594848633
1,17,TENX99,17526,185x084,39524,87059,0.15907815843820572,0.010951873940456667,0.022937846928834917,0.1,0.0,0.02963607609272003
1,18,TENX99,7238,084x070,32935,39530,0.15870199650526046,0.012258750180774502,-0.05407174006104469,0.5,0.0,0.15758790969848632
1,19,TENX99,7882,091x013,6112,42824,0.15868378877639772,0.01792825353965223,-0.19018138572573662,0.2,0.0,0.0573662132024765
1,20,TENX99,7940,091x071,33406,42824,0.15846419632434844,0.0071998600347515885,-0.09287317767739296,0.1,0.0,0.03536025583744049
1,21,TENX99,7241,084x073,34347,39530,0.15844438821077347,0.01059785568263211,-0.023776981234550475,0.0,0.0,0.0
1,22,TENX99,8138,093x067,31524,43765,0.15840598940849304,0.014699475306893573,-0.13415701277554035,0.3,0.0,0.09616787731647491
1,23,TENX99,17318,183x080,37641,86118,0.1583623096346855,0.012996738965398455,0.02537419684231281,0.0,0.0,0.0
1,24,TENX99,19322,203x044,20700,95530,0.15835118442773818,0.012444362154906434,-0.0913722574710846,0.0,0.0,0.0
1,25,TENX99,19582,206x001,465,96941,0.15815335214138032,0.005426269759313837,-0.1829973291605711,0.0,0.0,0.0
1,26,TENX99,8139,093x068,31994,43765,0.15809649974107742,0.00612288008698875,-0.1406126067042351,0.0,0.0,0.0
1,27,TENX99,7832,090x064,30112,42353,0.15782674849033357,0.013820332286287986,-0.015460865385830403,0.1,0.0,0.03281360864639282
1,28,TENX99,8438,096x064,30112,45177,0.15778111666440964,0.010421636156359111,-0.041083288565278056,0.2,0.0,0.057288658618927
1,29,TENX99,9045,102x065,30582,48000,0.15768010020256043,0.013033518505478252,0.005803659930825234,0.1,0.0,0.03206644058227539
1,30,TENX99,7930,091x061,28700,42824,0.15733130723237992,0.010029896524150598,-0.0219885790720582,0.2,0.0,0.06414616405963898
1,31,TENX99,8640,098x064,30112,46118,0.15728421807289122,0.00872763952365164,-0.18417199254035949,0.2,0.0,0.06699373424053193
1,32,TENX99,2127,033x032,15053,15530,0.15723028630018235,0.008826983029148337,0.002642429247498512,0.0,0.0,0.0
1,33,TENX99,8378,096x004,1877,45177,0.15718647837638855,0.006687660715187002,-0.1606456570327282,0.0,0.0,0.0
1,34,TENX99,9135,103x054,25406,48471,0.1570609152317047,0.01658851479466346,0.018457376584410667,0.1,0.0,0.03398764729499817
1,35,TENX99,19896,209x015,7053,98353,0.15698251277208328,0.014531237184003953,-0.0016928773373365402,0.2,0.0,0.05634076595306396
1,36,TENX99,20429,218x074,34818,102589,0.15698018968105315,0.013973172173313682,-0.07290509007871152,0.1,0.0,0.025280529260635377
1,37,TENX99,15908,169x100,47053,79530,0.15685810297727584,0.011624256203200883,-0.03730071410536766,0.0,0.0,0.0
1,38,TENX99,7310,085x041,19288,40000,0.15685692876577378,0.01168198146123761,-0.09105538818985223,0.0,0.0,0.0
1,39,TENX99,7831,090x063,29641,42353,0.15661794692277908,0.006316052121348044,-0.0009697597473859787,0.0,0.0,0.0
1,40,TENX99,19629,206x048,22582,96941,0.15656099915504457,0.01690509554158722,-0.048509557545185086,0.0,0.0,0.0
1,41,TENX99,14904,160x020,9406,75294,0.15655510425567626,0.008088345634601693,-0.14048270396888257,0.0,0.0,0.0
1,42,TENX99,19696,207x015,7053,97412,0.1564988151192665,0.010888777139475926,-0.049215654656291005,0.0,0.0,0.0
1,43,TENX99,8646,098x070,32935,46118,0.15642987936735153,0.008256516619413755,-0.004062861576676369,0.1,0.0,0.029764071106910706
1,44,TENX99,9145,103x064,30112,48471,0.15628618896007537,0.008602319132765317,-0.18630500547587872,0.1,0.0,0.034870469570159913
1,45,TENX99,8042,092x072,33877,43294,0.15627553313970566,0.01250501026182495,-0.043620061688125135,0.3,0.0,0.100572869181633
1,46,TENX99,8843,100x065,30582,47059,0.1562567323446274,0.015212050533114323,-0.18846186622977257,0.1,0.0,0.03344834446907043
1,47,TENX99,8442,096x068,31994,45177,0.15620250403881072,0.00966064609851402,-0.05114651508629322,0.0,0.0,0.0
1,48,TENX99,12438,136x015,7053,64000,0.15616725385189056,0.014140406419577466,-0.1675795279443264,0.1,0.0,0.03887447714805603
1,49,TENX99,7024,082x036,16935,38589,0.15609636753797532,0.013946134983882136,-0.07351169995963573,0.3,0.0,0.089475017786026
1,50,TENX99,8140,093x069,32465,43765,0.1560876712203026,0.010151028289101494,-0.13797983415424825,0.0,0.0,0.0
1,51,TENX99,11863,130x052,24465,61177,0.15605641305446624,0.009612492697828236,-0.1428234728053212,0.0,0.0,0.0
1,52,TENX99,8737,099x060,28229,46589,0.15599467158317565,0.009756357713107467,-0.135122324898839,0.1,0.0,0.033053213357925416
1,53,TENX99,9646,108x060,28229,50824,0.15591187924146652,0.01207320195153336,-0.05163247287273407,0.2,0.0,0.06296597719192505
1,54,TENX99,7423,086x057,26818,40471,0.15585276037454604,0.01087754134815891,0.07126392684876919,0.0,0.0,0.0
1,55,TENX99,10658,118x061,28700,55530,0.15574964880943298,0.007614766892943367,-0.027227696403861044,0.2,0.0,0.061323356628417966
1,56,TENX99,266,011x078,36700,5177,0.15572309494018555,0.009404059566506282,-0.15795438028872014,0.0,0.0,0.0
1,57,TENX99,29,003x091,42818,1412,0.15571559369564056,0.008598593630944965,-0.06479395963251591,0.0,0.0,0.0
1,58,TENX99,8344,095x071,33406,44706,0.1556958809494972,0.011486263369000242,-0.1955747753381729,0.1,0.0,0.03383645415306091
1,59,TENX99,19757,207x076,35759,97412,0.1556912675499916,0.008316019199864808,-0.040220165997743605,0.0,0.0,0.0
1,60,TENX99,7909,091x040,18818,42824,0.15567123591899873,0.013502400551510719,-0.17484630458056927,0.0,0.0,0.0
1,61,TENX99,10004,112x014,6582,52706,0.1556005522608757,0.019037101733736198,-0.0998256964609027,0.2,0.0,0.0561185359954834
1,62,TENX99,8122,093x051,23994,43765,0.15553205609321594,0.015779614864242772,-0.13063699640333654,0.2,0.0,0.061380937695503235
1,63,TENX99,7803,090x035,16465,42353,0.15540191531181335,0.011953043749266014,-0.1900954380631447,0.1,0.0,0.02899722158908844
1,64,TENX99,20268,213x091,42818,100236,0.1553865224123001,0.007711978233979497,-0.020596656017005444,0.1,0.0,0.04047064185142517
1,65,TENX99,8541,097x066,31053,45647,0.15529264956712724,0.006483919484447981,-0.07335826903581619,0.0,0.0,0.0
1,66,TENX99,17657,187x010,4700,88000,0.15528396517038345,0.009347324134395164,-0.1313645839691162,0.0,0.0,0.0
1,67,TENX99,6547,077x036,16935,36236,0.1551886737346649,0.024090007691501325,-0.12316648624837398,0.3,0.1,0.12141894996166229
1,68,TENX99,1630,028x035,16465,13177,0.15516196936368942,0.011159280582341582,-0.13256206586956978,0.0,0.0,0.0
1,69,TENX99,391,014x048,22582,6589,0.15515295714139937,0.010917094022811283,-0.18277922905981542,0.0,0.0,0.0
1,70,TENX99,7946,091x077,36229,42824,0.1550780028104782,0.007888466922021577,-0.03793689161539078,0.0,0.0,0.0
1,71,TENX99,7938,091x069,32465,42824,0.1550732284784317,0.010477673011756356,-0.15596999675035478,0.0,0.0,0.0
1,72,TENX99,8946,101x067,31524,47530,0.1549983315169811,0.013071671215960498,-0.135236806422472,0.1,0.0,0.03180423378944397
1,73,TENX99,15180,162x092,43288,76236,0.15483394563198088,0.018549660491314103,-0.15934026390314102,0.1,0.0,0.041331934928894046
1,74,TENX99,649,018x031,14582,8471,0.1548191487789154,0.011467992508847533,-0.13465681076049804,0.0,0.0,0.0
1,75,TENX99,7119,083x039,18347,39059,0.15467932522296907,0.011273001196491097,-0.08738717399537563,0.0,0.0,0.0
1,76,TENX99,6844,080x042,19759,37647,0.1546776384115219,0.010657080565622564,-0.11905233524739742,0.0,0.0,0.0
1,77,TENX99,10117,113x025,11759,53177,0.15463697016239167,0.012895062871858784,-0.20358639620244504,0.0,0.0,0.0
1,78,TENX99,8538,097x063,29641,45647,0.15462026596069336,0.01177329738259582,-0.004860663041472435,0.1,0.0,0.029019540548324584
1,79,TENX99,16945,180x013,6112,84706,0.15461435467004775,0.013595093805253547,-0.1569995880126953,0.0,0.0,0.0
1,80,TENX99,1647,028x052,24465,13177,0.15458195954561232,0.007961599705444227,-0.07895963340997696,0.0,0.0,0.0
1,81,TENX99,17865,189x013,6112,88941,0.15453580021858215,0.013714930676393957,-0.04614313691854477,0.0,0.0,0.0
1,82,TENX99,8432,096x058,27288,45177,0.15452991276979447,0.00848770064597504,-0.0499275978654623,0.0,0.0,0.0
1,83,TENX99,20322,214x100,47053,100706,0.15452643036842345,0.01015163994635615,-0.13627668507397175,0.0,0.0,0.0
1,84,TENX99,10404,116x009,4229,54589,0.1544731691479683,0.018207766690485364,-0.11823103409260512,0.1,0.0,0.03810639381408691
1,85,TENX99,8029,092x059,27759,43294,0.15446836352348328,0.007581900128237029,-0.021246668696403504,0.0,0.0,0.0
1,86,TENX99,523,016x053,24935,7530,0.1544527679681778,0.011334327775417432,-0.14220889210700988,0.1,0.0,0.02793820798397064
1,87,TENX99,11743,129x034,15994,60706,0.15442678481340408,0.01051715376323664,-0.07354579456150531,0.0,0.0,0.0
1,88,TENX99,19101,201x025,11759,94589,0.15441698133945464,0.011569139417134269,-0.10954102277755737,0.0,0.0,0.0
1,89,TENX99,13522,146x071,33406,68706,0.15437923669815062,0.012320673858000036,-0.03852638080716133,0.0,0.0,0.0
1,90,TENX99,11607,127x101,47524,59765,0.154378242790699,0.010659556754693246,-0.07670150846242904,0.0,0.0,0.0
1,91,TENX99,20012,210x032,15053,98824,0.15435410141944886,0.01050488229747961,-0.14017998185008765,0.1,0.0,0.028942903876304625
1,92,TENX99,7443,086x078,36700,40471,0.15432395339012145,0.00982516686123593,-0.06735828705132008,0.0,0.0,0.0
1,93,TENX99,7422,086x056,26347,40471,0.1542742893099785,0.009652706472999952,-0.07536734640598297,0.0,0.0,0.0
1,94,TENX99,7783,090x015,7053,42353,0.15420643091201783,0.010459530533357181,-0.035205327346920966,0.2,0.0,0.05690521001815796
1,95,TENX99,9043,102x063,29641,48000,0.15420176833868027,0.01009871327214168,-0.22622331716120242,0.2,0.0,0.07144997119903565
1,96,TENX99,8345,095x072,33877,44706,0.15419395565986632,0.00873470090726715,-0.10284284017980098,0.3,0.0,0.0927082508802414
1,97,TENX99,6867,080x065,30582,37647,0.15419200509786607,0.017427888144039914,-0.11388407088816166,0.2,0.0,0.059683391451835634
1,98,TENX99,9338,105x055,25877,49412,0.1541789472103119,0.012557451805204732,-0.017602839693427085,0.2,0.0,0.06257398128509521
1,99,TENX99,10320,115x026,12229,54118,0.15416833013296127,0.008536056008922025,-0.029065456986427308,0.0,0.0,0.0
1,100,TENX99,11608,127x102,47994,59765,0.1541622146964073,0.017320677123136292,-0.0652978379279375,0.0,0.0,0.0
1,101,TENX99,8244,094x072,33877,44236,0.1541249006986618,0.005898878428024256,-0.1416695959866047,0.1,0.0,0.030657386779785155
1,102,TENX99,8732,099x055,25877,46589,0.15411906838417053,0.010106902859323254,-0.02708945460617542,0.0,0.0,0.0
1,103,TENX99,10964,121x064,30112,56941,0.15410684794187546,0.015620971211514997,-0.11174516342580318,0.0,0.0,0.0
1,104,TENX99,446,015x041,19288,7059,0.15409872233867644,0.008349379412617678,-0.0685212854295969,0.0,0.0,0.0
1,105,TENX99,18623,196x057,26818,92236,0.15409689992666245,0.01156606317469099,-0.06280274577438831,0.0,0.0,0.0
1,106,TENX99,19834,208x053,24935,97883,0.15409406572580336,0.016290211086853894,-0.08658105432987213,0.0,0.0,0.0
1,107,TENX99,11509,127x003,1406,59765,0.1539621353149414,0.013086978594174195,-0.17280974965542556,0.0,0.0,0.0
1,108,TENX99,7441,086x076,35759,40471,0.15395395010709761,0.015995756952982443,-0.06982438433915376,0.3,0.0,0.11351152062416077
1,109,TENX99,8943,101x064,30112,47530,0.15383728146553038,0.008673306986562563,-0.1852376688271761,0.0,0.0,0.0
1,110,TENX99,8846,100x068,31994,47059,0.15382832288742065,0.010312759247921572,-0.159126116335392,0.2,0.0,0.06046679019927979
1,111,TENX99,8642,098x066,31053,46118,0.15382338166236878,0.011563772545822132,-0.10886192470788955,0.1,0.0,0.036260387301445006
1,112,TENX99,16661,177x035,16465,83294,0.1537457138299942,0.010712362735560423,-0.14027265943586825,0.0,0.0,0.0
1,113,TENX99,7524,087x058,27288,40941,0.15374467223882676,0.009520198610596909,-0.02701553925871849,0.0,0.0,0.0
1,114,TENX99,19982,210x002,935,98824,0.15373871922492982,0.012757459008408982,-0.03698716796934605,0.0,0.0,0.0
1,115,TENX99,96,006x089,41877,2824,0.1537196472287178,0.01176592762985144,-0.08427436128258706,0.0,0.0,0.0
1,116,TENX99,7426,086x060,28229,40471,0.15368997752666474,0.012161470828446388,-0.09185136985033751,0.0,0.0,0.0
1,117,TENX99,15298,164x005,2347,77177,0.15368421077728273,0.010610418369054474,-0.05870377533137798,0.0,0.0,0.0
1,118,TENX99,6521,077x010,4700,36236,0.1536521703004837,0.012677425667459288,-0.25432971864938736,0.0,0.0,0.0
1,119,TENX99,5404,065x104,48935,30589,0.15361845046281813,0.010566652922776462,-0.3129119947552681,0.0,0.0,0.0
1,120,TENX99,7727,089x060,28229,41883,0.15360300987958908,0.011898444712973605,-0.025529944896698,0.1,0.0,0.03237963318824768
1,121,TENX99,15725,168x020,9406,79059,0.15353059619665146,0.010485789427250503,-0.08204104267060756,0.0,0.0,0.0
1,122,TENX99,330,012x094,44229,5647,0.15350318998098372,0.006892484079553589,-0.059162186458706856,0.0,0.0,0.0
1,123,TENX99,10267,114x074,34818,53647,0.1534992277622223,0.007991709801088678,-0.03473718017339707,0.0,0.0,0.0
1,124,TENX99,10963,121x063,29641,56941,0.15346169620752334,0.006869663501173646,-0.035394365713000295,0.0,0.0,0.0
1,125,TENX99,8033,092x063,29641,43294,0.15345459580421447,0.007034152892695689,-0.09002201948314906,0.0,0.0,0.0
1,126,TENX99,7307,085x038,17877,40000,0.15345126241445542,0.011876042002028943,-0.07481659576296806,0.0,0.0,0.0
1,127,TENX99,19898,209x017,7994,98353,0.15345027595758437,0.013279408741776067,-0.06196306943893433,0.0,0.0,0.0
1,128,TENX99,5707,068x104,48935,32000,0.1534441813826561,0.00921160652667328,-0.1776345083490014,0.0,0.0,0.0
1,129,TENX99,6740,079x032,15053,37177,0.1534438341856003,0.012199526865168505,-0.18875303715467454,0.1,0.0,0.02971760928630829
1,130,TENX99,8741,099x064,30112,46589,0.1534418910741806,0.013225728777722044,-0.14923905879259108,0.2,0.0,0.06606610715389252
1,131,TENX99,19984,210x004,1877,98824,0.15341775864362717,0.008863670850561795,-0.0596037145704031,0.0,0.0,0.0
1,132,TENX99,1523,027x028,13171,12706,0.15338675677776337,0.0069054294981820445,-0.09704910777509212,0.0,0.0,0.0
1,133,TENX99,13535,146x084,39524,68706,0.15338532030582427,0.01177835512683828,-0.21146987453103067,0.0,0.0,0.0
1,134,TENX99,9649,108x063,29641,50824,0.15334174931049346,0.011466554381394883,-0.10710152387619018,0.1,0.0,0.026672208309173585
1,135,TENX99,1173,023x073,34347,10824,0.15332737118005751,0.009093128122102025,-0.28739069402217865,0.0,0.0,0.0
1,136,TENX99,1008,022x006,2818,10353,0.15330490469932556,0.010383929672086628,0.01035648286342621,0.1,0.0,0.027977964282035826
1,137,TENX99,1210,024x012,5641,11294,0.15327989012002946,0.014904779590690807,-0.049553837068378924,0.0,0.0,0.0
1,138,TENX99,8641,098x065,30582,46118,0.15327345281839372,0.011245641523894706,-0.10711697302758694,0.0,0.0,0.0
1,139,TENX99,6693,078x086,40465,36706,0.15323123782873155,0.016750028549949142,-0.2888490840792656,0.0,0.0,0.0
1,140,TENX99,8840,100x062,29171,47059,0.1531904697418213,0.013609186736500812,-0.13347006402909756,0.2,0.0,0.06278598904609681
1,141,TENX99,19626,206x045,21171,96941,0.15318533778190613,0.012757046006301708,-0.05381353907287121,0.0,0.0,0.0
1,142,TENX99,7519,087x053,24935,40941,0.1531835064291954,0.010997907765192378,-0.1505550116300583,0.1,0.0,0.028328397870063783
1,143,TENX99,9242,104x060,28229,48941,0.15315656810998918,0.011737117823576313,-0.12718964777886868,0.0,0.0,0.0
1,144,TENX99,11654,128x047,22112,60236,0.1531546398997307,0.009572923887006445,-0.25371145606040957,0.0,0.0,0.0
1,145,TENX99,20048,210x068,31994,98824,0.15303450226783752,0.014712107439366252,0.0005767820402979851,0.0,0.0,0.0
1,146,TENX99,6805,079x104,48935,37177,0.15301690101623536,0.012650485490857196,-0.08173227496445179,0.0,0.0,0.0
1,147,TENX99,20230,213x053,24935,100236,0.15300413072109223,0.010159724348946677,-0.05970340743660927,0.2,0.0,0.062275427579879764
1,148,TENX99,10106,113x014,6582,53177,0.15300256609916688,0.016269615618343315,-0.05469957143068314,0.0,0.0,0.0
1,149,TENX99,7212,084x040,18818,39530,0.1529928833246231,0.010595054535337123,-0.05262235030531883,0.0,0.0,0.0
1,150,TENX99,9037,102x057,26818,48000,0.1529849261045456,0.005770413703548079,-0.032322747819125655,0.0,0.0,0.0
1,151,TENX99,16843,179x013,6112,84236,0.1529673919081688,0.011876023091929394,-0.07483528051525354,0.0,0.0,0.0
1,152,TENX99,20085,211x014,6582,99294,0.152956423163414,0.0110880724401577,0.03117155861109495,0.0,0.0,0.0
1,153,TENX99,12689,138x061,28700,64941,0.15295529663562774,0.010298816395301993,-0.08557934910058976,0.0,0.0,0.0
1,154,TENX99,14411,155x042,19759,72941,0.15292566269636154,0.008220082645416217,-0.06838011257350445,0.0,0.0,0.0
1,155,TENX99,5365,065x065,30582,30589,0.152893728017807,0.011467522320041728,-0.07797194384038449,0.0,0.0,0.0
1,156,TENX99,20400,217x072,33877,102118,0.15289033949375153,0.008823464956254452,-0.07433517202734947,0.0,0.0,0.0
1,157,TENX99,7505,087x039,18347,40941,0.15287944674491882,0.011864010538451167,-0.09874239340424537,0.1,0.0,0.028587853908538817
1,158,TENX99,17300,183x062,29171,86118,0.152857181429863,0.0053617143537196205,-0.1445968382060528,0.0,0.0,0.0
1,159,TENX99,769,019x060,28229,8941,0.15278725624084472,0.01231997547392135,-0.09785885885357856,0.0,0.0,0.0
1,160,TENX99,7283,085x014,6582,40000,0.15278488993644715,0.01171244250614015,-0.10111699402332305,0.0,0.0,0.0
1,161,TENX99,101,006x094,44229,2824,0.15276547223329545,0.00977279769812866,-0.09937046505510808,0.0,0.0,0.0
1,162,TENX99,19424,204x045,21171,96000,0.15276028960943222,0.00986310858910151,-0.20805669762194157,0.0,0.0,0.0
1,163,TENX99,8333,095x060,28229,44706,0.15274665057659148,0.015414614757423287,-0.16438408717513084,0.0,0.0,0.0
1,164,TENX99,8130,093x059,27759,43765,0.15272928327322005,0.006139027450613122,-0.06050423122942448,0.0,0.0,0.0
1,165,TENX99,8809,100x031,14582,47059,0.15272230207920073,0.0077008052864788595,-0.1271624106913805,0.0,0.0,0.0
1,166,TENX99,9445,106x061,28700,49883,0.1527218297123909,0.013375471494647259,-0.16491807159036398,0.2,0.0,0.06488763093948365
1,167,TENX99,19618,206x037,17406,96941,0.1527206137776375,0.014182334671098189,0.05514181517064572,0.0,0.0,0.0
1,168,TENX99,7427,086x061,28700,40471,0.15271450132131575,0.008079092270841613,-0.10120645314455032,0.0,0.0,0.0
1,169,TENX99,2338,035x043,20229,16471,0.15266906470060349,0.012890408891739997,-0.1464385736733675,0.0,0.0,0.0
1,170,TENX99,11180,123x078,36700,57883,0.15265973955392836,0.012768858802732165,-0.030960874259471895,0.0,0.0,0.0
1,171,TENX99,10356,115x062,29171,54118,0.15265697836875916,0.010145780114036494,-0.04669277854263783,0.1,0.0,0.029849299788475038
1,172,TENX99,14595,157x020,9406,73883,0.1526503160595894,0.015772448362915727,-0.11865790076553821,0.0,0.0,0.0
1,173,TENX99,7306,085x037,17406,40000,0.15264092087745668,0.010204459035655459,-0.07215378917753697,0.2,0.0,0.05712360441684723
1,174,TENX99,7139,083x059,27759,39059,0.15263619422912597,0.011371644398610206,-0.12920847423374654,0.0,0.0,0.0
1,175,TENX99,7281,085x012,5641,40000,0.1526355877518654,0.010831795035111736,-0.20435096472501754,0.0,0.0,0.0
1,176,TENX99,16870,179x040,18818,84236,0.1526281476020813,0.015535563600774948,-0.040632047690451145,0.0,0.0,0.0
1,177,TENX99,9743,109x056,26347,51294,0.1526172935962677,0.011885409524016644,-0.11966132745146751,0.1,0.0,0.030992662906646727
1,178,TENX99,8031,092x061,28700,43294,0.15260419845581055,0.008170879018240235,-0.08421576265245675,0.1,0.0,0.028310030698776245
1,179,TENX99,18811,198x041,19288,93177,0.1526012673974037,0.011171559864925249,-0.2706948064267635,0.0,0.0,0.0
1,180,TENX99,16672,177x046,21641,83294,0.1525963857769966,0.009204192916512916,-0.044121424108743666,0.0,0.0,0.0
1,181,TENX99,16319,173x101,47524,81412,0.15255879312753678,0.013852460489912687,-0.14814936686307192,0.0,0.0,0.0
1,182,TENX99,17628,186x084,39524,87530,0.15252895802259445,0.00872251842148329,-0.05269792135804892,0.0,0.0,0.0
1,183,TENX99,9443,106x059,27759,49883,0.15251358300447465,0.007388417921338448,-0.1334242258220911,0.0,0.0,0.0
1,184,TENX99,11642,128x035,16465,60236,0.1525129720568657,0.0056651183080517475,-0.05805381294339895,0.1,0.0,0.030634799599647523
1,185,TENX99,7141,083x061,28700,39059,0.1525024726986885,0.009068512747713156,-0.08450542986392975,0.1,0.0,0.030743253231048585
1,186,TENX99,19247,202x070,32935,95059,0.15248381197452546,0.009814355129843334,-0.21598337441682816,0.1,0.0,0.028502306342124938
1,187,TENX99,7636,088x070,32935,41412,0.15248236507177354,0.013890976036129403,-0.12768054343760013,0.0,0.0,0.0
1,188,TENX99,10080,112x090,42347,52706,0.15247634798288345,0.009455732704081728,-0.06493650525808334,0.0,0.0,0.0
1,189,TENX99,17856,189x004,1877,88941,0.1524756744503975,0.016445910623223346,-0.08298565167933702,0.0,0.0,0.0
1,190,TENX99,10869,120x070,32935,56471,0.15246084779500962,0.01078843755730432,-0.09707400109618902,0.2,0.0,0.059665444493293765
1,191,TENX99,7843,090x075,35288,42353,0.15244488567113876,0.010326860274205804,-0.14724894165992736,0.1,0.0,0.030664509534835814
1,192,TENX99,7576,088x010,4700,41412,0.15244248658418655,0.010718950178795178,-0.1394218247383833,0.0,0.0,0.0
1,193,TENX99,7826,090x058,27288,42353,0.1524316444993019,0.00945436059510421,-0.09722357243299484,0.0,0.0,0.0
1,194,TENX99,16828,178x100,47053,83765,0.15241727530956267,0.009003105611108392,-0.034482807479798795,0.0,0.0,0.0
1,195,TENX99,3799,049x104,48935,23059,0.1524146765470505,0.008743742731697979,-0.07190025765448808,0.1,0.0,0.028775855898857117
1,196,TENX99,8936,101x057,26818,47530,0.1524096205830574,0.007345137945952204,-0.07277845777571201,0.0,0.0,0.0
1,197,TENX99,8441,096x067,31524,45177,0.15238969698548316,0.016270219340369204,-0.06965107284486294,0.1,0.0,0.04505567252635956
1,198,TENX99,20210,212x086,40465,99765,0.15238427370786667,0.009605116118609196,-0.08834631890058517,0.0,0.0,0.0
1,199,TENX99,7942,091x073,34347,42824,0.15237754136323928,0.0041703683720558235,-0.07273090369999409,0.2,0.0,0.06640654504299164
1,200,TENX99,12439,136x016,7524,64000,0.15236754566431046,0.009478186790787893,-0.15977190099656582,0.0,0.0,0.0
1,201,TENX99,3690,048x095,44700,22589,0.15226645022630692,0.01141276147031611,-0.06104978360235691,0.0,0.0,0.0
1,202,TENX99,8241,094x069,32465,44236,0.1522612452507019,0.010363035888400363,-0.11288225464522839,0.2,0.0,0.06602856814861298
1,203,TENX99,10310,115x016,7524,54118,0.15224935561418534,0.011371297745014044,-0.15749684423208238,0.1,0.0,0.026828283071517946
1,204,TENX99,17403,184x063,29641,86589,0.15223033130168914,0.008471173465664955,-0.07081798762083054,0.0,0.0,0.0
1,205,TENX99,7406,086x040,18818,40471,0.15222919583320618,0.01362423130176989,0.021779436990618704,0.0,0.0,0.0
1,206,TENX99,9598,108x012,5641,50824,0.15218811929225923,0.015005552095996794,-0.12439122088253499,0.0,0.0,0.0
1,207,TENX99,12333,135x012,5641,63530,0.15218105763196946,0.006348502801028687,-0.14416682310402393,0.0,0.0,0.0
1,208,TENX99,8446,096x072,33877,45177,0.15217843800783157,0.010229315942085449,-0.21515800692141057,0.2,0.0,0.07561948001384736
1,209,TENX99,17215,182x079,37171,85647,0.15217202603816987,0.015887696919344302,-0.005767006799578667,0.1,0.0,0.036763864755630496
1,210,TENX99,2799,040x004,1877,18824,0.1521650731563568,0.017128967815079735,-0.25653059482574464,0.0,0.0,0.0
1,211,TENX99,10464,116x069,32465,54589,0.15214790105819703,0.014920993859070057,-0.023788366839289664,0.0,0.0,0.0
1,212,TENX99,8440,096x066,31053,45177,0.15213146209716796,0.010166255042729284,-0.13365576192736625,0.1,0.0,0.03558785617351532
1,213,TENX99,9357,105x074,34818,49412,0.15210258066654206,0.00785599337595829,-0.11906305458396674,0.0,0.0,0.0
1,214,TENX99,7337,085x072,33877,40000,0.15209790617227553,0.005896663099163263,-0.14688681960105895,0.0,0.0,0.0
1,215,TENX99,14517,156x045,21171,73412,0.152097487449646,0.012771065063178341,-0.07117911670356988,0.0,0.0,0.0
1,216,TENX99,19974,209x093,43759,98353,0.15209488123655318,0.009942376681599783,-0.12373984456062317,0.0,0.0,0.0
1,217,TENX99,6839,080x037,17406,37647,0.15209416449069976,0.009196011618080521,-0.09011366050690413,0.0,0.0,0.0
1,218,TENX99,8532,097x057,26818,45647,0.15206230729818343,0.011125009273516492,-0.04358578249812126,0.0,0.0,0.0
1,219,TENX99,11653,128x046,21641,60236,0.15204855501651765,0.008878876477417667,-0.10577339231967926,0.0,0.0,0.0
1,220,TENX99,522,016x052,24465,7530,0.15200596898794175,0.007939238477924188,-0.13739223554730415,0.0,0.0,0.0
1,221,TENX99,7330,085x061,28700,40000,0.1520022675395012,0.009312999608103624,-0.0871432788670063,0.2,0.0,0.060963234305381774
1,222,TENX99,605,017x067,31524,8000,0.15195843428373337,0.009155398280908889,-0.20979370437562467,0.0,0.0,0.0
1,223,TENX99,19893,209x012,5641,98353,0.15195568948984145,0.011618894448031485,-0.10655479431152344,0.0,0.0,0.0
1,224,TENX99,6543,077x032,15053,36236,0.1519404724240303,0.012228735524490369,-0.0597938684746623,0.2,0.0,0.05927894413471222
1,225,TENX99,16216,172x100,47053,80941,0.15191066563129424,0.011980368068673178,-0.09763994999229908,0.0,0.0,0.0
1,226,TENX99,9238,104x056,26347,48941,0.1519079640507698,0.011571310994251143,-0.12170485891401768,0.0,0.0,0.0
1,227,TENX99,10513,117x017,7994,55059,0.15189729481935502,0.009460009774662496,-0.11044067330658436,0.0,0.0,0.0
1,228,TENX99,7642,088x076,35759,41412,0.15186499506235124,0.008058172393426283,-0.10596129111945629,0.1,0.0,0.03318319022655487
1,229,TENX99,11555,127x049,23053,59765,0.1518515646457672,0.006599165363482623,-0.23530145287513732,0.0,0.0,0.0
1,230,TENX99,18943,199x071,33406,93647,0.15184299945831298,0.007494803660472951,-0.058077522367238996,0.0,0.0,0.0
1,231,TENX99,19013,200x039,18347,94118,0.15183869153261184,0.009984809366185949,-0.11908206753432751,0.0,0.0,0.0
1,232,TENX99,18023,190x069,32465,89412,0.15183541774749756,0.01679146176703394,-0.10438844785094262,0.0,0.0,0.0
1,233,TENX99,20365,216x068,31994,101647,0.15183482617139815,0.010870677533639806,-0.08511130176484585,0.0,0.0,0.0
1,234,TENX99,766,019x057,26818,8941,0.15183280557394027,0.012304785292232742,-0.17874370515346527,0.0,0.0,0.0
1,235,TENX99,1681,028x086,40465,13177,0.15182704627513885,0.006124595165817994,-0.17757811769843102,0.0,0.0,0.0
1,236,TENX99,8542,097x067,31524,45647,0.15182556062936783,0.004090283477766381,-0.0724585622549057,0.0,0.0,0.0
1,237,TENX99,7941,091x072,33877,42824,0.1518162950873375,0.015795117818483733,-0.05315827820450068,0.1,0.0,0.03693932890892029
1,238,TENX99,19688,207x007,3288,97412,0.15181293785572053,0.004504532742458911,-0.2062867820262909,0.0,0.0,0.0
1,239,TENX99,20160,211x097,45641,99294,0.15180910676717757,0.009817253074509348,-0.12199160233139991,0.0,0.0,0.0
1,240,TENX99,12564,137x039,18347,64471,0.15180416107177735,0.010160831938324084,0.008099666237831116,0.0,0.0,0.0
1,241,TENX99,16370,174x050,23524,81883,0.1517951875925064,0.013462742726130425,-0.09190878681838513,0.0,0.0,0.0
1,242,TENX99,8938,101x059,27759,47530,0.15179287046194076,0.00752014558796806,-0.009271082282066346,0.0,0.0,0.0
1,243,TENX99,7711,089x044,20700,41883,0.15177621096372604,0.012126365714739094,-0.12724025174975395,0.0,0.0,0.0
1,244,TENX99,19528,205x048,22582,96471,0.15177279859781265,0.00903523432880802,-0.1941800933331251,0.0,0.0,0.0
1,245,TENX99,8051,092x081,38112,43294,0.1517702654004097,0.012743658509497538,-0.051126727275550364,0.0,0.0,0.0
1,246,TENX99,13247,143x104,48935,67294,0.15176697075366974,0.010150815188232668,-0.16472658105194568,0.0,0.0,0.0
1,247,TENX99,7842,090x074,34818,42353,0.15176118910312653,0.01347923133866481,-0.1770932801067829,0.1,0.0,0.035490173101425174
1,248,TENX99,8278,095x005,2347,44706,0.15175956785678862,0.011813538828219325,-0.10641805119812489,0.0,0.0,0.0
1,249,TENX99,1053,022x051,23994,10353,0.15175579041242598,0.0062796240479988255,-0.1118234595283866,0.0,0.0,0.0
1,250,TENX99,19110,201x034,15994,94589,0.15175348818302153,0.00891323512099037,-0.17668358981609344,0.0,0.0,0.0
1,251,TENX99,17586,186x042,19759,87530,0.1517506793141365,0.006506800578018372,-0.1802302099764347,0.0,0.0,0.0
1,252,TENX99,16572,176x048,22582,82824,0.15173339545726777,0.012317763689954759,0.03506808392703533,0.0,0.0,0.0
1,253,TENX99,6741,079x033,15524,37177,0.15172972828149794,0.009269178771404242,-0.11748950108885765,0.0,0.0,0.0
1,254,TENX99,8545,097x070,32935,45647,0.15170948803424836,0.010786404053322922,-0.12790610529482366,0.0,0.0,0.0
1,255,TENX99,771,019x062,29171,8941,0.15167571008205413,0.009693402700391393,-0.09517653286457062,0.0,0.0,0.0
1,256,TENX99,14434,155x065,30582,72941,0.15167423337697983,0.008799425431901207,-0.06569648273289204,0.0,0.0,0.0
2,1,TENX99,4300,055x004,1877,25883,0.3427621006965637,0.07606226092618563,0.7405012898147106,1.0,1.0,0.6483232736587524
2,2,TENX99,8580,098x004,1877,46118,0.3422093063592911,0.08295156114067075,0.7403234481811524,1.0,1.0,0.6379801392555237
2,3,TENX99,18974,200x000,-5,94118,0.34188429862260816,0.08217661028612593,0.7157942220568657,1.0,0.9,0.6384709298610687
2,4,TENX99,12186,133x069,32465,62589,0.34187395572662355,0.08519682748241787,0.6886251015588641,1.0,0.9,0.6296451389789581
2,5,TENX99,8185,094x013,6112,44236,0.33873929679393766,0.08258183065276223,0.7541622281074524,1.0,0.8,0.6090511828660965
2,6,TENX99,13939,150x080,37641,70589,0.3386066660284996,0.08569257410775322,0.7494234308600426,1.0,0.8,0.6214616775512696
2,7,TENX99,19514,205x034,15994,96471,0.3374031111598015,0.09364516317288597,0.7531972199678421,1.0,0.6,0.6053513437509537
2,8,TENX99,15614,167x012,5641,78589,0.3369836792349815,0.08589498831394739,0.8631572991609573,1.0,0.9,0.6197695285081863
2,9,TENX99,4917,061x021,9877,28706,0.33649245351552964,0.08333190689265844,0.6939533814787865,1.0,0.9,0.6224465161561966
2,10,TENX99,18840,198x070,32935,93177,0.335938423871994,0.0775447151501703,0.7311172053217888,1.0,0.8,0.6138937056064606
2,11,TENX99,6173,073x066,31053,34353,0.33548967689275744,0.08323050019684577,0.8619430273771286,1.0,0.9,0.6264928907155991
2,12,TENX99,20537,223x097,45641,104941,0.33510136902332305,0.082191876387034,0.7564438804984093,1.0,0.8,0.6096879690885544
2,13,TENX99,20111,211x048,22582,99294,0.3335163533687592,0.08351093613119667,0.7123111233115196,1.0,1.0,0.6300592303276062
2,14,TENX99,6899,081x004,1877,38118,0.3334321141242981,0.08744156816867013,0.7408521240577102,1.0,0.7,0.6074057906866074
2,15,TENX99,18566,196x000,-5,92236,0.3332121014595032,0.08198597159425293,0.6854112118482589,1.0,0.8,0.6144570946693421
2,16,TENX99,15716,168x011,5171,79059,0.3327104687690735,0.08698208399061948,0.9102302014827728,1.0,0.8,0.6155130177736282
2,17,TENX99,11340,125x036,16935,58824,0.3325857907533646,0.07591810295481735,0.7151026777923107,1.0,1.0,0.6299227833747864
2,18,TENX99,18260,193x000,-5,90824,0.3325685620307922,0.09066319419149435,0.7559221118688584,1.0,0.8,0.6131286680698395
2,19,TENX99,20526,222x098,46112,104471,0.3323561742901802,0.0895245433164474,0.72210413813591,1.0,0.8,0.6142471462488175
2,20,TENX99,19710,207x029,13641,97412,0.3322486937046051,0.08208544214452874,0.7059285923838615,1.0,1.0,0.6274551451206207
2,21,TENX99,15999,170x088,41406,80000,0.3321523666381836,0.08395224389397876,0.7499753430485725,1.0,0.6,0.6000785291194916
2,22,TENX99,20235,213x058,27288,100236,0.3316233307123184,0.08863210272110801,0.7894831687211991,1.0,0.8,0.6125350654125213
2,23,TENX99,8479,097x004,1877,45647,0.33089413195848466,0.08486987330532707,0.6745674833655357,1.0,0.7,0.6127260029315948
2,24,TENX99,14044,151x083,39053,71059,0.33072399646043776,0.0857518118289552,0.8587593555450439,1.0,0.8,0.6128997951745987
2,25,TENX99,14470,155x101,47524,72941,0.3306615546345711,0.09152831117037817,0.703277937322855,1.0,0.5,0.5950744599103928
2,26,TENX99,1627,028x032,15053,13177,0.3305482342839241,0.08549937158872148,0.7631571009755135,1.0,0.8,0.61871118247509
2,27,TENX99,17561,186x017,7994,87530,0.3305117219686508,0.08100099423322266,0.7181420803070069,1.0,0.8,0.6207774370908737
2,28,TENX99,11408,126x003,1406,59294,0.3304723799228668,0.09510490805797712,0.7247069716453552,1.0,0.6,0.6009602338075638
2,29,TENX99,7987,092x017,7994,43294,0.3302271902561188,0.08502858777860534,0.7408958047628402,1.0,0.7,0.6064918875694275
2,30,TENX99,8784,100x006,2818,47059,0.3301024526357651,0.0871039672521217,0.7444275975227356,1.0,0.7,0.6136174529790879
2,31,TENX99,20470,219x092,43288,103059,0.330045773088932,0.09214632483237421,0.7564414799213409,1.0,0.6,0.5980548948049546
2,32,TENX99,18933,199x061,28700,93647,0.33003016710281374,0.08115122866988225,0.7731602221727372,1.0,0.9,0.6267871022224426
2,33,TENX99,14412,155x043,20229,72941,0.3299257501959801,0.07776572315094715,0.8337650150060654,1.0,0.9,0.6124373793601989
2,34,TENX99,3513,047x018,8465,22118,0.3297627687454224,0.07485842811558883,0.774969008564949,1.0,0.8,0.6259741395711899
2,35,TENX99,17136,181x102,47994,85177,0.3296158567070961,0.0760480874655404,0.6293608710169792,1.0,1.0,0.6254055082798005
2,36,TENX99,3923,051x027,12700,24000,0.3295410469174385,0.08502847586598629,0.7696582615375519,1.0,0.7,0.6127107560634613
2,37,TENX99,15089,161x103,48465,75765,0.3293386548757553,0.0836699918680003,0.5549986867234111,1.0,0.8,0.6053433030843735
2,38,TENX99,10420,116x025,11759,54589,0.32930532693862913,0.0872375725796527,0.5892035350203514,1.0,0.9,0.6386403441429138
2,39,TENX99,8524,097x049,23053,45647,0.3291594788432121,0.08812384335708959,0.6967747673392296,1.0,0.7,0.6094870924949646
2,40,TENX99,16449,175x027,12700,82353,0.3291550844907761,0.07652628650400434,0.7806651026010514,1.0,0.9,0.612530842423439
2,41,TENX99,1823,030x028,13171,14118,0.32911072969436644,0.0856392712592621,0.7220552891492844,1.0,0.8,0.6136082649230957
2,42,TENX99,7176,084x004,1877,39530,0.32906354814767835,0.08470602960555766,0.5821806371212006,1.0,0.8,0.6165437251329422
2,43,TENX99,10214,114x021,9877,53647,0.3290486693382263,0.08043060621785912,0.6807259246706963,1.0,1.0,0.6407500624656677
2,44,TENX99,5324,065x024,11288,30589,0.32893304377794264,0.08723843157055593,0.7511172115802764,1.0,0.9,0.6223331719636918
2,45,TENX99,9791,109x104,48935,51294,0.32891385108232496,0.07391242493043262,0.6617825835943222,1.0,0.9,0.6136110007762909
2,46,TENX99,19201,202x024,11288,95059,0.32885378152132033,0.08039569814153244,0.7529719978570938,1.0,0.8,0.6279411405324936
2,47,TENX99,20515,222x087,40935,104471,0.32877468764781953,0.09233396392654972,0.5820950655266642,1.0,0.6,0.6121094077825546
2,48,TENX99,20403,217x075,35288,102118,0.32875385880470276,0.0877791579826726,0.7036780714988708,1.0,0.7,0.6108602464199067
2,49,TENX99,17381,184x041,19288,86589,0.32874079048633575,0.08961255442799278,0.6545926056802273,1.0,0.6,0.600431489944458
2,50,TENX99,16933,180x001,465,84706,0.3287369355559349,0.079387970029456,0.5615236319601535,1.0,0.8,0.6166481077671051
2,51,TENX99,18688,197x020,9406,92706,0.32861366420984267,0.08608216274344134,0.6566021202132106,1.0,0.6,0.6077261060476303
2,52,TENX99,14928,160x044,20700,75294,0.3285785585641861,0.08604031127064435,0.7351697534322739,1.0,0.8,0.618780967593193
2,53,TENX99,20493,220x095,44700,103530,0.32853429317474364,0.0771234527639016,0.7325051479041577,1.0,0.7,0.6007351964712143
2,54,TENX99,10710,119x012,5641,56000,0.32846593409776687,0.08238256962770735,0.6772138804197312,1.0,0.6,0.6001502484083175
2,55,TENX99,3341,045x046,21641,21177,0.32834598422050476,0.07698554823266196,0.6480781629681587,1.0,0.6,0.5957928001880646
2,56,TENX99,15498,165x102,47994,77647,0.32832259982824324,0.08393883569668646,0.6384698763489723,1.0,0.8,0.6136435031890869
2,57,TENX99,20292,214x070,32935,100706,0.32831430435180664,0.07456900693885928,0.7471561849117279,1.0,0.8,0.6213374346494674
2,58,TENX99,20172,212x048,22582,99765,0.3282469570636749,0.08179085460664712,0.7007475644350052,1.0,0.9,0.6200299859046936
2,59,TENX99,15819,169x011,5171,79530,0.32812693864107134,0.07834378328910141,0.8040626645088196,1.0,0.8,0.6147437065839767
2,60,TENX99,10877,120x078,36700,56471,0.3277031973004341,0.08630905915604592,0.7393088549375534,1.0,0.7,0.6145117491483688
2,61,TENX99,14010,151x049,23053,71059,0.32763430178165437,0.08739031174173574,0.8073559165000915,1.0,0.7,0.5920779645442963
2,62,TENX99,20324,215x062,29171,101177,0.3276105061173439,0.07768132233021846,0.6968911647796631,1.0,0.9,0.6259470462799073
2,63,TENX99,14781,158x103,48465,74353,0.327606201171875,0.08169721378434677,0.7125482246279716,1.0,0.8,0.6198189049959183
2,64,TENX99,11880,130x069,32465,61177,0.3276043847203255,0.07960715910128552,0.837538406252861,1.0,0.8,0.6035370856523514
2,65,TENX99,12355,135x034,15994,63530,0.3275531128048897,0.08867594623389226,0.7281945072114467,1.0,0.7,0.6019576519727707
2,66,TENX99,12737,139x006,2818,65412,0.3275183722376823,0.08162698225833069,0.8610391691327095,1.0,0.7,0.6063440710306167
2,67,TENX99,15828,169x020,9406,79530,0.32751316875219344,0.0780773670200326,0.7267206519842148,1.0,0.9,0.6143902122974396
2,68,TENX99,11831,130x020,9406,61177,0.3274758130311966,0.09320217750882921,0.7501601725816727,1.0,0.6,0.595740669965744
2,69,TENX99,19234,202x057,26818,95059,0.3273730561137199,0.08365643593485048,0.696193553507328,1.0,0.7,0.6164233326911926
2,70,TENX99,20498,221x084,39524,104000,0.32729767858982084,0.08112253743750275,0.6634993568062783,1.0,1.0,0.6383485972881318
2,71,TENX99,603,017x065,30582,8000,0.327286522090435,0.0877672336321073,0.7325443387031555,1.0,0.6,0.5931865066289902
2,72,TENX99,7690,089x023,10818,41883,0.3272750273346901,0.08769237612581274,0.7439715728163719,1.0,0.8,0.6161737024784089
2,73,TENX99,20035,210x055,25877,98824,0.32718235105276106,0.07300019999325824,0.6816921889781952,1.0,1.0,0.6274945855140686
2,74,TENX99,20477,219x099,46582,103059,0.3271696731448174,0.08345570327684601,0.6880745008587837,1.0,0.8,0.6056210815906524
2,75,TENX99,6479,076x069,32465,35765,0.3269120380282402,0.07795099221325283,0.6983300447463989,1.0,0.8,0.6001206278800965
2,76,TENX99,12079,132x064,30112,62118,0.32679145187139513,0.08467909886279829,0.74637441188097,1.0,0.7,0.6046348363161087
2,77,TENX99,10903,121x003,1406,56941,0.3267595663666725,0.07999405889876325,0.4807418892160058,1.0,0.8,0.6210592895746231
2,78,TENX99,16207,172x091,42818,80941,0.3267595112323761,0.09030411426793157,0.6780661165714263,1.0,0.6,0.5937115877866745
2,79,TENX99,2697,038x102,47994,17883,0.3267019435763359,0.0835375529790291,0.7036225304007531,1.0,0.6,0.6044287621974945
2,80,TENX99,11061,122x060,28229,57412,0.3266813740134239,0.07479732448572624,0.6947496831417084,1.0,0.9,0.6168635308742523
2,81,TENX99,14726,158x048,22582,74353,0.32665969580411913,0.09176060852481777,0.6605294153094292,1.0,0.7,0.5967123180627822
2,82,TENX99,1132,023x032,15053,10824,0.3266173809766769,0.07769151299340507,0.6701226100325585,1.0,0.9,0.6256177961826325
2,83,TENX99,19288,203x010,4700,95530,0.3265615314245224,0.08852067623493984,0.767385932803154,1.0,0.9,0.6274872779846191
2,84,TENX99,19391,204x012,5641,96000,0.32636948525905607,0.07679335869085228,0.8247248291969299,1.0,1.0,0.6432964563369751
2,85,TENX99,2732,039x037,17406,18353,0.32634918838739396,0.08370052102987363,0.6901857703924179,1.0,0.9,0.6209273964166642
2,86,TENX99,18483,195x019,8935,91765,0.326311057806015,0.08374895179665019,0.6066577740013599,1.0,0.7,0.6029673337936401
2,87,TENX99,15726,168x021,9877,79059,0.32625960409641264,0.06821549930353496,0.5902866274118423,1.0,0.9,0.6056289374828339
2,88,TENX99,20019,210x039,18347,98824,0.32623096406459806,0.0842465710945487,0.6038131907582283,1.0,0.8,0.6094965547323227
2,89,TENX99,2062,032x067,31524,15059,0.32619031965732576,0.0863552329356133,0.6836489468812943,1.0,0.6,0.5818568170070648
2,90,TENX99,5311,065x011,5171,30589,0.3260119900107384,0.08628392463319978,0.7437239408493042,1.0,0.7,0.6020733892917634
2,91,TENX99,10138,113x046,21641,53177,0.32588747441768645,0.08603673322065698,0.8634465634822845,1.0,0.7,0.6079365730285644
2,92,TENX99,18839,198x069,32465,93177,0.32588694244623184,0.08745795413738737,0.7756738126277923,0.9,0.9,0.5674720942974091
2,93,TENX99,19081,201x005,2347,94589,0.3258459955453873,0.08274855752171512,0.7528228670358658,1.0,0.8,0.6115599274635315
2,94,TENX99,20472,219x094,44229,103059,0.32582611292600633,0.08767668526057755,0.6646599113941193,1.0,0.5,0.5891369432210922
2,95,TENX99,5304,065x004,1877,30589,0.3257875621318817,0.08000447250081963,0.7214186169207096,1.0,0.8,0.614122885465622
2,96,TENX99,9890,110x102,47994,51765,0.32572136223316195,0.08237087703594641,0.7316289775073528,1.0,0.5,0.5914071828126908
2,97,TENX99,12811,139x080,37641,65412,0.32566509693861007,0.08584054959559098,0.6457472786307334,1.0,0.5,0.5700695663690567
2,98,TENX99,11161,123x059,27759,57883,0.32565255612134936,0.08223141153349901,0.8141189783811569,1.0,0.7,0.6127489238977433
2,99,TENX99,6031,072x025,11759,33883,0.32552464455366137,0.08514451326317875,0.720452943444252,1.0,0.6,0.6019225060939789
2,100,TENX99,10033,112x043,20229,52706,0.3254964351654053,0.08697744542574223,0.7380883201956749,1.0,0.6,0.5962702125310898
2,101,TENX99,1527,027x032,15053,12706,0.3254909962415695,0.08881074387946283,0.6623387321829796,1.0,0.8,0.6168444961309433
2,102,TENX99,18871,198x101,47524,93177,0.3253971830010414,0.07784554041249914,0.7347251087427139,1.0,0.9,0.6301919102668763
2,103,TENX99,2999,042x004,1877,19765,0.3253533154726028,0.06808070253403425,0.6010351091623306,1.0,0.9,0.6236431211233139
2,104,TENX99,478,015x073,34347,7059,0.3253083348274231,0.08001174152242907,0.6363019146025181,1.0,0.7,0.6082233846187591
2,105,TENX99,11960,131x047,22112,61647,0.3252942144870758,0.08552725613642272,0.6542497843503952,1.0,0.6,0.601830568909645
2,106,TENX99,20456,219x078,36700,103059,0.32524950355291365,0.07281795905036177,0.6905435383319855,1.0,1.0,0.6312829673290252
2,107,TENX99,17039,181x005,2347,85177,0.3252239853143692,0.07502393668698254,0.7878425136208534,1.0,1.0,0.6272758960723877
2,108,TENX99,1172,023x072,33877,10824,0.3252178654074669,0.08001005909217566,0.7493412166833877,1.0,0.7,0.6085961133241653
2,109,TENX99,20021,210x041,19288,98824,0.32512251287698746,0.08925088867295097,0.7654492348432541,1.0,0.5,0.5929779529571533
2,110,TENX99,20123,211x060,28229,99294,0.32508853226900103,0.07761066605438094,0.5984385468065738,1.0,1.0,0.6354047596454621
2,111,TENX99,18855,198x085,39994,93177,0.3250544503331184,0.09214097729214507,0.8166562274098397,1.0,0.6,0.5930869549512863
2,112,TENX99,5708,069x004,1877,32471,0.3250077649950981,0.07407524032585372,0.5875426270067692,1.0,0.6,0.5745867878198624
2,113,TENX99,18939,199x067,31524,93647,0.3249331578612328,0.08320922002290117,0.6781550392508506,1.0,0.8,0.6252750486135483
2,114,TENX99,9190,104x008,3759,48941,0.32485120445489885,0.08668978267495936,0.6749357642605901,1.0,0.8,0.6071578115224838
2,115,TENX99,18641,196x075,35288,92236,0.3248064413666725,0.08240641136266919,0.810067680478096,1.0,0.5,0.5871782153844833
2,116,TENX99,19927,209x046,21641,98353,0.32478778064250946,0.08061686929274128,0.6017209883779288,1.0,0.9,0.6260158032178879
2,117,TENX99,7097,083x017,7994,39059,0.32474922835826875,0.08165193092449549,0.6288545377552509,1.0,0.7,0.6041725039482116
2,118,TENX99,10297,115x003,1406,54118,0.32468630373477936,0.07815264751183294,0.5874044127762318,1.0,0.9,0.6205289304256439
2,119,TENX99,18887,199x015,7053,93647,0.3246443435549736,0.08242112259132257,0.7062081344425678,1.0,0.7,0.6111028969287873
2,120,TENX99,18872,199x000,-5,93647,0.3246105030179024,0.08984422563910154,0.6125085160136223,1.0,0.7,0.6051239013671875
2,121,TENX99,9438,106x054,25406,49883,0.32458428144454954,0.06792920664496115,0.5886699959635735,1.0,1.0,0.6365402579307556
2,122,TENX99,15188,162x100,47053,76236,0.32443744093179705,0.09026819952632392,0.7366179153323174,1.0,0.7,0.5946109265089035
2,123,TENX99,18069,191x013,6112,89883,0.324417781829834,0.07761525912207236,0.6702803917229175,1.0,0.9,0.6164475500583648
2,124,TENX99,16102,171x088,41406,80471,0.3244150415062904,0.08230629938506932,0.6892062842845916,1.0,0.6,0.587046018242836
2,125,TENX99,762,019x053,24935,8941,0.3243834421038628,0.07993823013126632,0.6877289563417435,1.0,0.8,0.6053356528282166
2,126,TENX99,20545,224x095,44700,105412,0.32435585260391236,0.07569401201753526,0.7235362030565738,1.0,0.6,0.5861904740333557
2,127,TENX99,13153,143x010,4700,67294,0.32434564679861067,0.08728314702672432,0.6863082215189934,1.0,0.6,0.596164208650589
2,128,TENX99,11485,126x080,37641,59294,0.32431022375822066,0.08505128610147696,0.8126549273729324,1.0,1.0,0.6238834977149963
2,129,TENX99,20491,220x093,43759,103530,0.32429697513580324,0.08462297058124721,0.7563450485467911,1.0,0.5,0.5884025305509567
2,130,TENX99,1707,029x012,5641,13647,0.32426161915063856,0.08044751091010954,0.7117500320076943,1.0,0.9,0.625100490450859
2,131,TENX99,8213,094x041,19288,44236,0.32422896921634675,0.07600664890264372,0.6797666236758232,1.0,0.9,0.6070338249206543
2,132,TENX99,10110,113x018,8465,53177,0.3242218032479286,0.07642974131528246,0.5999625228345394,1.0,0.9,0.6368046283721924
2,133,TENX99,7908,091x039,18347,42824,0.32420638054609296,0.07439573412375369,0.7605365961790085,1.0,1.0,0.6271772265434266
2,134,TENX99,18876,199x004,1877,93647,0.3242016449570656,0.08423741107059632,0.750981231033802,1.0,0.6,0.6039548516273499
2,135,TENX99,12330,135x009,4229,63530,0.32417785823345185,0.08243394721180862,0.835060715675354,1.0,0.6,0.6041120529174805
2,136,TENX99,15296,164x003,1406,77177,0.3241589397192001,0.07808273573526912,0.7392080694437027,1.0,0.8,0.6155535817146301
2,137,TENX99,20112,211x049,23053,99294,0.32413072884082794,0.0897544794797327,0.6462586879730224,1.0,0.7,0.6196113735437393
2,138,TENX99,15303,164x010,4700,77177,0.32405976504087447,0.08906365217141322,0.7080548420548439,1.0,0.6,0.590543270111084
2,139,TENX99,16637,177x011,5171,83294,0.32403079718351363,0.08678621614797713,0.7123424038290977,1.0,0.6,0.5971765160560608
2,140,TENX99,16542,176x018,8465,82824,0.3240057334303856,0.08351766010821654,0.700192253291607,1.0,0.8,0.6126159697771072
2,141,TENX99,5764,069x060,28229,32471,0.3239496544003487,0.0871276560753029,0.7004002347588539,1.0,0.8,0.6084367722272873
2,142,TENX99,20184,212x060,28229,99765,0.32394636124372483,0.06886901606644252,0.8525617301464081,1.0,1.0,0.6366399168968201
2,143,TENX99,18794,198x024,11288,93177,0.3239355444908142,0.08298694791674509,0.7152900502085686,1.0,0.8,0.6091013193130493
2,144,TENX99,12939,141x002,935,66353,0.3238853007555008,0.08226816641027812,0.5890497237443924,1.0,0.8,0.6101312458515167
2,145,TENX99,19742,207x061,28700,97412,0.32386660724878313,0.08430910618976205,0.7945817917585373,1.0,0.8,0.6103447258472443
2,146,TENX99,16423,175x001,465,82353,0.32382346838712694,0.07951839799696815,0.7110784471035003,0.9,0.9,0.5749458193778991
2,147,TENX99,18077,191x021,9877,89883,0.32377840429544447,0.08275614098010638,0.7617890909314156,1.0,0.6,0.5940620064735412
2,148,TENX99,18908,199x036,16935,93647,0.32368678897619246,0.08573409827375474,0.6599857553839683,1.0,0.6,0.5809693396091461
2,149,TENX99,18074,191x018,8465,89883,0.3236734926700592,0.08583112343251145,0.7790149629116059,1.0,0.7,0.6182941436767578
2,150,TENX99,19934,209x053,24935,98353,0.3236630216240883,0.08769297501060308,0.6764983333647251,0.9,0.8,0.5711135476827621
2,151,TENX99,20464,219x086,40465,103059,0.3236488938331604,0.08108733402728859,0.8024840965867043,1.0,0.7,0.5990914106369019
2,152,TENX99,12950,141x013,6112,66353,0.3236015111207962,0.08587071276410069,0.79762704372406,1.0,0.6,0.5991107910871506
2,153,TENX99,11780,129x071,33406,60706,0.32360064834356306,0.08849476486185366,0.6339782506227494,1.0,0.6,0.6024453192949295
2,154,TENX99,18379,194x017,7994,91294,0.32359704226255415,0.0750904098542563,0.6742104843258858,1.0,0.9,0.6083422720432281
2,155,TENX99,1910,031x015,7053,14589,0.32359483540058137,0.08358542996467613,0.7038917854428292,1.0,0.6,0.5881324738264084
2,156,TENX99,3800,050x004,1877,23530,0.32359190583229064,0.07280775468684415,0.5432596281170845,1.0,0.9,0.6201673090457916
2,157,TENX99,2919,041x024,11288,19294,0.32358921468257906,0.08670687109507912,0.7331380352377892,1.0,0.8,0.6015135914087295
2,158,TENX99,15790,168x085,39994,79059,0.3235737711191177,0.08189153238924252,0.7051200568675995,1.0,0.8,0.6107746690511704
2,159,TENX99,10917,121x017,7994,56941,0.3235565394163132,0.08682480326689239,0.7039432935416698,1.0,0.5,0.5970281034708023
2,160,TENX99,12836,140x002,935,65883,0.3235490292310715,0.07798320711833552,0.531175172328949,1.0,0.8,0.6063416242599488
2,161,TENX99,19207,202x030,14112,95059,0.3235482841730118,0.08753177139262658,0.7433675676584244,1.0,0.6,0.5928158432245254
2,162,TENX99,641,018x023,10818,8471,0.32354466468095777,0.07949801117613714,0.49046162888407707,1.0,0.9,0.6341989904642105
2,163,TENX99,11875,130x064,30112,61177,0.3235318407416344,0.07631672630991265,0.8277015969157219,1.0,0.9,0.6139375805854798
2,164,TENX99,5561,067x059,27759,31530,0.3235252097249031,0.08380100752435633,0.7036012798547745,1.0,0.8,0.6119165629148483
2,165,TENX99,19701,207x020,9406,97412,0.32343211621046064,0.07999153591788927,0.7581673115491867,1.0,0.8,0.6184662282466888
2,166,TENX99,12093,132x078,36700,62118,0.3233455032110214,0.08959305501125893,0.7710177719593048,1.0,0.6,0.5993112593889236
2,167,TENX99,8986,102x006,2818,48000,0.32331523597240447,0.08998364226257659,0.703273206949234,1.0,0.5,0.5832714140415192
2,168,TENX99,12747,139x016,7524,65412,0.32330681681632994,0.08203731247775421,0.763861620426178,1.0,0.5,0.5935949981212616
2,169,TENX99,10451,116x056,26347,54589,0.32329063266515734,0.09084415221719251,0.7682827770709991,1.0,0.5,0.6098950773477554
2,170,TENX99,20028,210x048,22582,98824,0.32322490960359573,0.08900984764804347,0.7247404113411904,1.0,0.8,0.6105741083621978
2,171,TENX99,8858,100x080,37641,47059,0.32319575995206834,0.07962932967618228,0.6739678792655468,1.0,0.8,0.6174370855093002
2,172,TENX99,20540,224x090,42347,105412,0.32313618063926697,0.07484470213670694,0.5328145891427993,1.0,1.0,0.6370088398456574
2,173,TENX99,15941,170x030,14112,80000,0.32312495112419126,0.08690811021334993,0.6906224668025971,1.0,0.5,0.5869038820266723
2,174,TENX99,4603,058x008,3759,27294,0.32303241044282915,0.09367482015698049,0.6407361075282096,1.0,0.7,0.6027530074119568
2,175,TENX99,16641,177x015,7053,83294,0.32291865050792695,0.07488029160381159,0.7152359902858734,1.0,0.9,0.6159830868244172
2,176,TENX99,19841,208x060,28229,97883,0.32291202545166015,0.08162967387119412,0.7416067197918892,1.0,0.8,0.6151069730520249
2,177,TENX99,20538,223x098,46112,104941,0.3228772893548012,0.08434529837430138,0.6544632270932198,1.0,0.5,0.5812968850135803
2,178,TENX99,18929,199x057,26818,93647,0.32287676334381105,0.0890334139686624,0.6533702343702317,1.0,0.6,0.6032003849744797
2,179,TENX99,2298,034x103,48465,16000,0.3228728577494621,0.07691821352020865,0.5447080299258232,0.9,0.9,0.5700682699680328
2,180,TENX99,14115,152x052,24465,71530,0.32284355312585833,0.07733565586046753,0.7892593145370483,1.0,0.8,0.6157916367053986
2,181,TENX99,18416,194x054,25406,91294,0.32283812910318377,0.09235042446243252,0.6446299649775028,1.0,0.5,0.5876747369766235
2,182,TENX99,13730,148x075,35288,69647,0.32277632802724837,0.08881282497616727,0.744734811782837,1.0,0.6,0.5932476282119751
2,183,TENX99,17035,181x001,465,85177,0.3227400779724121,0.08343527639090047,0.6539186879992485,1.0,0.6,0.5933499902486801
2,184,TENX99,2430,036x035,16465,16941,0.3227229371666908,0.08114939849570071,0.7180362075567246,0.9,0.7,0.5632912188768386
2,185,TENX99,17114,181x080,37641,85177,0.32272106111049653,0.08494709562029092,0.6895846486091614,1.0,0.5,0.5763191103935241
2,186,TENX99,6578,077x067,31524,36236,0.32270999997854233,0.08274198692231416,0.7115817114710807,1.0,1.0,0.6255658328533172
2,187,TENX99,19036,200x062,29171,94118,0.32267300188541415,0.0811996596146904,0.6650500632822514,1.0,0.8,0.6148488759994507
2,188,TENX99,11327,125x023,10818,58824,0.3226639688014984,0.08776045706056047,0.7745127603411674,1.0,0.8,0.5922662347555161
2,189,TENX99,8692,099x015,7053,46589,0.3226543113589287,0.08106146328659632,0.6099507331848144,1.0,0.9,0.6214624643325806
2,190,TENX99,1431,026x036,16935,12236,0.3226501986384392,0.0890520059595745,0.7012197196483612,1.0,0.6,0.5976223081350327
2,191,TENX99,7379,086x013,6112,40471,0.3226128235459328,0.08053843052078816,0.7318497419357299,1.0,0.6,0.5850693643093109
2,192,TENX99,2822,040x027,12700,18824,0.3225978136062622,0.0773360585872058,0.6690925285220146,1.0,0.7,0.6007268488407135
2,193,TENX99,14341,154x074,34818,72471,0.32259625643491746,0.09242211165684307,0.7758296757936478,1.0,0.6,0.6026597172021866
2,194,TENX99,17580,186x036,16935,87530,0.3225835025310516,0.08805662816317256,0.8152970463037491,0.9,0.6,0.5527066886425018
2,195,TENX99,12644,138x016,7524,64941,0.3225817084312439,0.08511396709430423,0.6736086219549179,1.0,0.6,0.5886700719594955
2,196,TENX99,6413,075x104,48935,35294,0.3225509703159332,0.07783177738330686,0.5697790659964085,1.0,0.8,0.6102240234613419
2,197,TENX99,8625,098x049,23053,46118,0.32253999412059786,0.08802181246289383,0.6615141943097115,1.0,0.7,0.600219213962555
2,198,TENX99,20334,215x072,33877,101177,0.32252095490694044,0.08644786231459266,0.6487331137061119,1.0,0.7,0.5992885172367096
2,199,TENX99,4708,059x013,6112,27765,0.32240437120199206,0.08146532523867595,0.6521227911114693,1.0,0.7,0.5934339821338653
2,200,TENX99,19444,204x065,30582,96000,0.32238359898328783,0.08745795262391612,0.6759216845035553,1.0,0.8,0.6148282527923584
2,201,TENX99,8190,094x018,8465,44236,0.322327746450901,0.08507698758532345,0.7580903828144073,1.0,0.7,0.5921301066875457
2,202,TENX99,13909,150x050,23524,70589,0.32232330441474916,0.08909971535322204,0.7341219067573548,1.0,0.5,0.5808872401714325
2,203,TENX99,17484,185x042,19759,87059,0.3222996413707733,0.0848811273525446,0.677863246947527,1.0,0.5,0.5780328780412674
2,204,TENX99,19981,209x100,47053,98353,0.3222736582159996,0.07866174628471362,0.7037824301049114,1.0,0.8,0.6183011353015899
2,205,TENX99,13041,141x104,48935,66353,0.32226618379354477,0.07901783773209861,0.6252965569496155,1.0,0.7,0.6166517525911331
2,206,TENX99,14452,155x083,39053,72941,0.32226518243551255,0.08505318868516347,0.7084357768297196,1.0,0.5,0.57431460916996
2,207,TENX99,16728,177x102,47994,83294,0.32212101817131045,0.07750640897387262,0.6862867526710034,1.0,0.7,0.5901421755552292
2,208,TENX99,20436,218x081,38112,102589,0.32206611037254335,0.08522946587662285,0.6180931717157364,1.0,0.8,0.6029168486595153
2,209,TENX99,20490,220x092,43288,103530,0.32206095606088636,0.08415126776439283,0.7419857800006866,0.9,0.7,0.5586686879396439
2,210,TENX99,6212,074x004,1877,34824,0.32205471098423005,0.09061587446201601,0.6626417562365532,1.0,0.5,0.5922730505466461
2,211,TENX99,17709,187x062,29171,88000,0.3220459908246994,0.09131626317605214,0.8133837938308716,1.0,0.5,0.5875590562820434
2,212,TENX99,10302,115x008,3759,54118,0.32202313989400866,0.07320717816832416,0.7601603448390961,1.0,0.8,0.6182184249162674
2,213,TENX99,12691,138x063,29641,64941,0.3219459101557732,0.08583201416109741,0.6244593635201454,1.0,0.7,0.6171642392873764
2,214,TENX99,12432,136x009,4229,64000,0.32191389352083205,0.07872696880645057,0.7150986149907113,1.0,0.5,0.5785964965820313
2,215,TENX99,11021,122x020,9406,57412,0.32185734808444977,0.0788958722254523,0.669234199821949,1.0,0.7,0.600965541601181
2,216,TENX99,16631,177x005,2347,83294,0.3218411058187485,0.07621740769902789,0.7642742305994034,1.0,0.8,0.6173556923866272
2,217,TENX99,14249,153x084,39524,72000,0.321841099858284,0.08833711484661369,0.7792540520429612,1.0,0.7,0.5998368501663208
2,218,TENX99,11379,125x075,35288,58824,0.32183537930250167,0.08283556144633657,0.7259195117279887,0.9,0.8,0.5664746671915054
2,219,TENX99,10414,116x019,8935,54589,0.32182410508394244,0.08002163523133862,0.6099851310253144,1.0,0.8,0.6193007409572602
2,220,TENX99,9432,106x048,22582,49883,0.3218199089169502,0.08087380287754964,0.7156421408057213,1.0,0.7,0.5954968124628067
2,221,TENX99,10215,114x022,10347,53647,0.3217746660113335,0.07874578322533976,0.5098933393135667,1.0,0.9,0.6261728465557098
2,222,TENX99,18686,197x018,8465,92706,0.3217580497264862,0.06519463551379888,0.7454189509153366,1.0,1.0,0.6358543932437897
2,223,TENX99,126,007x089,41877,3294,0.32171938121318816,0.08400655785120915,0.7464459300041199,1.0,0.8,0.605118191242218
2,224,TENX99,12666,138x038,17877,64941,0.32171283960342406,0.08287377290066997,0.776620164513588,1.0,0.8,0.6062159657478332
2,225,TENX99,18606,196x040,18818,92236,0.32170135974884034,0.09063383158748295,0.7704037949442863,1.0,0.6,0.5990626752376557
2,226,TENX99,7570,088x004,1877,41412,0.3216657891869545,0.06436022870477837,0.5577331349253655,1.0,0.9,0.6270637661218643
2,227,TENX99,6419,076x009,4229,35765,0.3216515243053436,0.08725979251768017,0.72020303606987,1.0,0.7,0.6056924551725388
2,228,TENX99,17277,183x039,18347,86118,0.32161194533109666,0.0807685407479775,0.560754805803299,1.0,0.6,0.5877971321344375
2,229,TENX99,20163,211x100,47053,99294,0.3215603992342949,0.07763427713347143,0.5961213394999504,1.0,0.9,0.618965956568718
2,230,TENX99,1938,031x043,20229,14589,0.3215454012155533,0.08429351354813917,0.8342802345752716,1.0,0.6,0.6024832010269165
2,231,TENX99,10010,112x020,9406,52706,0.32150490432977674,0.07693321472592747,0.5771993987262249,1.0,1.0,0.6355875611305237
2,232,TENX99,18583,196x017,7994,92236,0.3214640557765961,0.09520951146489087,0.659236766397953,1.0,0.5,0.5796108335256577
2,233,TENX99,11385,125x081,38112,58824,0.32138965278863907,0.08886419783151327,0.6988776072859764,1.0,0.5,0.5957416474819184
2,234,TENX99,6664,078x052,24465,36706,0.32138728350400925,0.08205315537045836,0.6386229008436203,1.0,0.8,0.6059050142765046
2,235,TENX99,10019,112x029,13641,52706,0.3213740482926369,0.07883900010296058,0.6981212213635445,0.9,0.9,0.5743733942508698
2,236,TENX99,13662,148x007,3288,69647,0.3213705286383629,0.07670896217462946,0.6598171114921569,1.0,0.7,0.6091927826404572
2,237,TENX99,12605,137x080,37641,64471,0.3213634818792343,0.0831058294100003,0.7100400045514107,1.0,0.6,0.5780091345310211
2,238,TENX99,20452,218x097,45641,102589,0.3213304579257965,0.08638371976270423,0.8061092033982277,1.0,0.5,0.5824317783117294
2,239,TENX99,14350,154x083,39053,72471,0.3213241145014763,0.08141619244182156,0.7068985432386399,1.0,0.6,0.5784000366926193
2,240,TENX99,12741,139x010,4700,65412,0.32131019085645673,0.08846567255439707,0.7210207715630531,1.0,0.6,0.5987668603658676
2,241,TENX99,1726,029x031,14582,13647,0.32130160480737685,0.08860110699957183,0.7117846265435219,1.0,0.6,0.589995926618576
2,242,TENX99,18524,195x060,28229,91765,0.32129347026348115,0.0904220186303302,0.6642258301377296,1.0,0.6,0.5937578558921814
2,243,TENX99,18937,199x065,30582,93647,0.3212648794054985,0.0844431995973699,0.6464195281267167,1.0,0.5,0.5776990294456482
2,244,TENX99,16601,176x077,36229,82824,0.3212252348661423,0.08005279379701355,0.5683545976877212,1.0,0.6,0.5934084624052047
2,245,TENX99,7085,083x005,2347,39059,0.32121223360300066,0.08579298490811953,0.6762262806296349,1.0,0.7,0.5998458743095398
2,246,TENX99,8658,098x082,38582,46118,0.32121113538742063,0.07836402536573744,0.5639075526967645,1.0,0.9,0.6206163227558136
2,247,TENX99,5664,068x061,28700,32000,0.32120802700519563,0.08448848087897652,0.6484836352989077,1.0,0.7,0.6112709134817124
2,248,TENX99,19516,205x036,16935,96471,0.3211463138461113,0.07911008605069048,0.5152423948049545,1.0,0.9,0.6272289276123046
2,249,TENX99,12199,133x082,38582,62589,0.3211460366845131,0.08685397472751184,0.6524083316326141,1.0,0.5,0.5834740459918976
2,250,TENX99,2499,037x004,1877,17412,0.3211454004049301,0.083892000621206,0.5974255181849003,1.0,0.7,0.6017375707626342
2,251,TENX99,7986,092x016,7524,43294,0.3211234509944916,0.09103136629768913,0.6107937928289175,1.0,0.6,0.590745809674263
2,252,TENX99,14338,154x071,33406,72471,0.32110557407140733,0.08884938318644646,0.641136945784092,1.0,0.6,0.6077023327350617
2,253,TENX99,7183,084x011,5171,39530,0.3210704684257507,0.08394913459955156,0.6630669631063938,1.0,0.6,0.5944594502449035
2,254,TENX99,11881,130x070,32935,61177,0.32105140537023547,0.09603227277843625,0.7925216883420945,1.0,0.5,0.5847509145736695
2,255,TENX99,19810,208x029,13641,97883,0.32103835195302965,0.09038380461507425,0.692086573690176,1.0,0.6,0.6073261559009552
2,256,TENX99,20447,218x092,43288,102589,0.3210185348987579,0.09333486541833146,0.7117961335927248,0.9,0.5,0.5358611643314362
3,1,TENX99,7540,087x075,35288,40941,0.13515575751662254,0.10345875762909959,-0.6300421006977558,0.4,0.2,0.20310814976692199
3,2,TENX99,15104,162x016,7524,76236,0.12923691868782045,0.09501164119293502,-0.5140568852424622,0.2,0.2,0.11911816000938416
3,3,TENX99,7741,089x074,34818,41883,0.12466953042894602,0.08160884073112185,-0.566284890472889,0.4,0.0,0.1730344384908676
3,4,TENX99,13459,146x008,3759,68706,0.12459811940789223,0.10712919858862333,-0.5508617758750916,0.2,0.2,0.12085086703300477
3,5,TENX99,10539,117x043,20229,55059,0.12076783925294876,0.0711684810613641,-0.3493376776576042,0.3,0.2,0.1297962784767151
3,6,TENX99,5992,071x087,40935,33412,0.12021411694586277,0.06180134085543779,-0.6423187799751758,0.1,0.0,0.04937064051628113
3,7,TENX99,4968,061x072,33877,28706,0.11930933706462384,0.06227086321803282,-0.4834249198436737,0.1,0.0,0.04925358593463898
3,8,TENX99,7504,087x038,17877,40941,0.11853156965225935,0.06292170313058407,-0.49943810552358625,0.4,0.0,0.13577754497528077
3,9,TENX99,14069,152x006,2818,71530,0.1183300830423832,0.07623408592584058,-0.5320834722369909,0.2,0.2,0.10080063343048096
3,10,TENX99,2233,034x038,17877,16000,0.11765793263912201,0.0507070183723501,-0.5974455296993255,0.1,0.0,0.044193482398986815
3,11,TENX99,13561,147x008,3759,69177,0.11713390536606312,0.09032072446537581,-0.6021470226347446,0.2,0.2,0.1108415424823761
3,12,TENX99,20152,211x089,41877,99294,0.1169394638389349,0.06712406443304245,-0.6452390039339662,0.5,0.0,0.18991985619068147
3,13,TENX99,15049,161x063,29641,75765,0.11684181913733482,0.10539448054710923,-0.6364694654941558,0.2,0.2,0.11705290079116822
3,14,TENX99,10316,115x022,10347,54118,0.11620502974838018,0.0721904787497531,-0.7055743519216776,0.4,0.0,0.1645382285118103
3,15,TENX99,7839,090x071,33406,42353,0.11599826086312533,0.08407940604793208,-0.8282527267932892,0.4,0.1,0.16869844496250153
3,16,TENX99,3945,051x049,23053,24000,0.11598605066537857,0.04530626152734305,-0.44296765699982643,0.2,0.0,0.07057257890701293
3,17,TENX99,11275,124x072,33877,58353,0.11544748283922672,0.08728498592935618,-0.6486658297479153,0.3,0.1,0.13319770991802216
3,18,TENX99,11,002x090,42347,941,0.11478582136332989,0.06633911763454896,-0.6645586706697941,0.5,0.0,0.19120271801948546
3,19,TENX99,8861,100x083,39053,47059,0.11420604698359967,0.05572491625585961,-0.5198478028178215,0.4,0.0,0.14159343838691713
3,20,TENX99,7056,082x077,36229,38589,0.11358965262770652,0.08567435093832224,-0.5851080223917962,0.3,0.1,0.13970693945884705
3,21,TENX99,16598,176x074,34818,82824,0.11339955292642116,0.04418635454320187,-0.45743428114801643,0.1,0.0,0.03566412925720215
3,22,TENX99,9342,105x059,27759,49412,0.11319531882181763,0.08456989021181262,-0.8277306478470564,0.3,0.2,0.14229083359241484
3,23,TENX99,19517,205x037,17406,96471,0.11211969405412674,0.02544912491746358,-0.48575896620750425,0.1,0.0,0.029638567566871644
3,24,TENX99,11847,130x036,16935,61177,0.11207578089088202,0.067788124188979,-0.6872804045677186,0.2,0.0,0.08689546585083008
3,25,TENX99,17664,187x017,7994,88000,0.11194455064833164,0.07800159036502227,-0.5058971770107746,0.2,0.0,0.09843108654022217
3,26,TENX99,4770,059x075,35288,27765,0.11182641088962555,0.05913214324667484,-0.5817452847957612,0.1,0.0,0.04668186902999878
3,27,TENX99,20341,215x079,37171,101177,0.11111025568097829,0.08017481944176963,-0.7576294302940368,0.2,0.2,0.10946720838546753
3,28,TENX99,9646,108x060,28229,50824,0.11106179878115655,0.062029280979166906,-0.5709791406989098,0.3,0.0,0.1090809941291809
3,29,TENX99,10984,121x084,39524,56941,0.11071370951831341,0.05022565354699957,-0.508725218102336,0.3,0.0,0.1000995695590973
3,30,TENX99,17469,185x027,12700,87059,0.11066741794347763,0.0926648776759674,-0.7846123576164246,0.2,0.2,0.11334121227264404
3,31,TENX99,12047,132x032,15053,62118,0.11065898351371288,0.03735298628530492,-0.4335927374660969,0.0,0.0,0.0
3,32,TENX99,7410,086x044,20700,40471,0.1105956133455038,0.04759364254997822,-0.4722715076059103,0.3,0.0,0.09714253842830659
3,33,TENX99,9731,109x044,20700,51294,0.11010838188230991,0.04235616162452166,-0.5392732113599777,0.0,0.0,0.0
3,34,TENX99,9447,106x063,29641,49883,0.11009235065430403,0.07310689137098864,-0.7528872810304165,0.3,0.0,0.13420398235321046
3,35,TENX99,2154,033x059,27759,15530,0.10954538732767105,0.060330350556958234,-0.5317765537649393,0.2,0.0,0.07878869175910949
3,36,TENX99,17646,186x102,47994,87530,0.10944213438779116,0.06366664189385213,-0.7398987738415599,0.4,0.0,0.15563751757144928
3,37,TENX99,5747,069x043,20229,32471,0.10938360877335071,0.08205433177319413,-0.6501725196838379,0.2,0.2,0.10535258650779725
3,38,TENX99,1016,022x014,6582,10353,0.10934201292693616,0.04993537694814814,-0.6280979257076978,0.2,0.0,0.06620447635650635
3,39,TENX99,7781,090x013,6112,42353,0.10924135819077492,0.0877816459946874,-0.9776502799242734,0.2,0.1,0.10673294961452484
3,40,TENX99,7536,087x071,33406,40941,0.10920502431690693,0.060402849754545525,-0.6891261547803879,0.3,0.0,0.11464113295078278
3,41,TENX99,1861,030x066,31053,14118,0.10886568464338779,0.08304277955390901,-0.7950352447107434,0.3,0.1,0.12237910330295562
3,42,TENX99,19581,206x000,-5,96941,0.10875177793204785,0.11019526745891195,-0.8798134386539459,0.2,0.2,0.12050969004631043
3,43,TENX99,3566,047x071,33406,22118,0.1087245974689722,0.062379137729203095,-0.6986654132604599,0.2,0.0,0.08185448944568634
3,44,TENX99,4979,061x083,39053,28706,0.10834681373089552,0.07718219774319808,-0.6862515721470117,0.3,0.0,0.1280795842409134
3,45,TENX99,19657,206x076,35759,96941,0.1081984993070364,0.05006332409387945,-0.5981082506477833,0.0,0.0,0.0
3,46,TENX99,7768,089x101,47524,41883,0.10801555886864662,0.0777891459875998,-0.7200665354728699,0.2,0.1,0.10631327331066132
3,47,TENX99,6471,076x061,28700,35765,0.10784799586981535,0.10764477479037701,-0.8146784037351609,0.2,0.2,0.12104884386062623
3,48,TENX99,6567,077x056,26347,36236,0.10705154929310083,0.06828470339128195,-0.6709908276796341,0.2,0.0,0.08120431602001191
3,49,TENX99,6444,076x034,15994,35765,0.10697632022202015,0.06645732408978579,-0.6438365057110786,0.1,0.0,0.0469114750623703
3,50,TENX99,10974,121x074,34818,56941,0.10681587718427181,0.06340817159450454,-0.6366051197052002,0.2,0.0,0.07559648454189301
3,51,TENX99,11194,123x092,43288,57883,0.10675187259912491,0.05521981486785272,-0.6264050781726838,0.2,0.0,0.07164493501186371
3,52,TENX99,1715,029x020,9406,13647,0.10671977810561657,0.08819651528217418,-0.844460666179657,0.2,0.2,0.11008065938949585
3,53,TENX99,9545,107x060,28229,50353,0.10659624049440027,0.08090832087030782,-0.9022176705300808,0.3,0.1,0.13451891839504243
3,54,TENX99,2241,034x046,21641,16000,0.1065354622900486,0.06766089575793523,-0.6177015736699104,0.2,0.0,0.07789822816848754
3,55,TENX99,16877,179x047,22112,84236,0.10645683333277703,0.08615631071827497,-0.7393514722585678,0.2,0.2,0.10965505838394166
3,56,TENX99,10211,114x018,8465,53647,0.10640325546264648,0.07871437751848565,-0.9113207399845124,0.3,0.1,0.13106946647167206
3,57,TENX99,11566,127x060,28229,59765,0.10601750276982784,0.049831684218655664,-0.615925919264555,0.1,0.0,0.03597854673862457
3,58,TENX99,8038,092x068,31994,43294,0.10594628527760505,0.0624727335210733,-0.7239982426166535,0.2,0.0,0.08030937612056732
3,59,TENX99,9345,105x062,29171,49412,0.1058094460517168,0.07632813840683934,-0.7597535595297813,0.2,0.0,0.09015986025333404
3,60,TENX99,10985,121x085,39994,56941,0.10564265120774508,0.07945937547018035,-0.7227674894034862,0.1,0.1,0.05380895733833313
3,61,TENX99,170,008x100,47053,3765,0.10554482415318489,0.09205521844138664,-0.8512087106704712,0.2,0.2,0.11257871389389038
3,62,TENX99,10175,113x083,39053,53177,0.10552714243531228,0.05205866756089177,-0.5852047212421894,0.2,0.0,0.0715402454137802
3,63,TENX99,14448,155x079,37171,72941,0.1055164149031043,0.11868089160735946,-0.8004362285137177,0.2,0.2,0.12418933510780335
3,64,TENX99,4565,057x070,32935,26824,0.10547296414151788,0.10394309564714334,-0.8814700363203883,0.3,0.1,0.14227924644947051
3,65,TENX99,3797,049x102,47994,23059,0.10525206681340933,0.05195088220520596,-0.7089352078735829,0.1,0.0,0.04236199557781219
3,66,TENX99,2663,038x068,31994,17883,0.10506508685648441,0.045700082158201344,-0.5774085260927677,0.3,0.0,0.10030893683433532
3,67,TENX99,11391,125x087,40935,58824,0.10502007193863391,0.05345217978672135,-0.7338241472840309,0.2,0.0,0.0647083878517151
3,68,TENX99,19020,200x046,21641,94118,0.10501610971987248,0.07359203654142948,-0.7131299994885921,0.2,0.2,0.10149818658828735
3,69,TENX99,6255,074x047,22112,34824,0.10495843105018139,0.0805773214401301,-0.7635392177850008,0.1,0.1,0.05240929126739502
3,70,TENX99,8039,092x069,32465,43294,0.10493829175829887,0.06683089692418055,-0.7879311718046665,0.3,0.0,0.12029385268688202
3,71,TENX99,6747,079x039,18347,37177,0.10488559678196907,0.04362663877163754,-0.6267211250960827,0.4,0.0,0.1235579252243042
3,72,TENX99,7478,087x012,5641,40941,0.10469751060009003,0.03382332439582065,-0.5480696938931942,0.0,0.0,0.0
3,73,TENX99,537,016x067,31524,7530,0.10462883003056049,0.07264356134238578,-0.7686948597431182,0.2,0.1,0.10272619128227234
3,74,TENX99,7403,086x037,17406,40471,0.10459769200533628,0.05586565792928213,-0.6713772684335708,0.3,0.0,0.10628818571567536
3,75,TENX99,15972,170x061,28700,80000,0.10454880557954312,0.06933139282925097,-0.8414587177336216,0.1,0.1,0.053719907999038696
3,76,TENX99,17707,187x060,28229,88000,0.10442001670598984,0.05728586496251887,-0.6121472477912903,0.1,0.0,0.046169441938400266
3,77,TENX99,1287,024x089,41877,11294,0.10439245365560054,0.0595099855872424,-0.6511867702007293,0.1,0.0,0.0482702225446701
3,78,TENX99,17947,189x095,44700,88941,0.10433113276958465,0.07167840868195566,-0.7044562071561813,0.2,0.1,0.09800074398517608
3,79,TENX99,7519,087x053,24935,40941,0.10404349714517594,0.06229519318047566,-0.7627471663057804,0.2,0.0,0.07905035316944123
3,80,TENX99,12292,134x073,34347,63059,0.10401352308690548,0.05015494799639404,-0.617350447177887,0.1,0.0,0.03506767749786377
3,81,TENX99,14382,155x013,6112,72941,0.10386117845773697,0.10205403366227067,-0.9201814860105515,0.2,0.2,0.11802228689193725
3,82,TENX99,3556,047x061,28700,22118,0.10385067015886307,0.05527580954309112,-0.7229375313967467,0.2,0.0,0.0734892189502716
3,83,TENX99,7074,082x095,44700,38589,0.10375094134360552,0.053318047546566355,-0.6522477835416793,0.1,0.0,0.04027487635612488
3,84,TENX99,16139,172x023,10818,80941,0.10350581146776676,0.05520137420453476,-0.5343487322330475,0.1,0.0,0.04995849132537842
3,85,TENX99,7659,088x093,43759,41412,0.10334853492677212,0.06891464238628257,-0.7564753847196698,0.2,0.0,0.08444964289665222
3,86,TENX99,8187,094x015,7053,44236,0.10329829268157482,0.0508983954950082,-0.6002950288355351,0.3,0.0,0.0978323757648468
3,87,TENX99,7503,087x037,17406,40941,0.1032660260796547,0.048908020573186016,-0.6760416552424431,0.3,0.0,0.09660118818283081
3,88,TENX99,10682,118x085,39994,55530,0.10299034733325244,0.058732035789173374,-0.6754575803875923,0.2,0.0,0.08054229021072387
3,89,TENX99,8657,098x081,38112,46118,0.10282810591161251,0.10603798581938984,-0.822601705789566,0.2,0.2,0.11456789374351502
3,90,TENX99,10269,114x076,35759,53647,0.10264800824224948,0.0630176035620416,-0.6518400005996228,0.2,0.0,0.08333480954170228
3,91,TENX99,16396,174x076,35759,81883,0.10264712981879712,0.03658713105639072,-0.5298031166195869,0.0,0.0,0.0
3,92,TENX99,10296,114x103,48465,53647,0.10258450731635094,0.06149525672351063,-0.6326498717069626,0.2,0.0,0.09503697454929352
3,93,TENX99,1532,027x037,17406,12706,0.10249452311545611,0.04823820055907187,-0.6539795398712158,0.1,0.0,0.034815225005149844
3,94,TENX99,12269,134x050,23524,63059,0.10247335471212864,0.057714036279373465,-0.6289882184937596,0.2,0.0,0.09557589292526245
3,95,TENX99,17615,186x071,33406,87530,0.10230136178433895,0.07553873979951636,-0.8504305876791477,0.2,0.1,0.10340729057788849
3,96,TENX99,9468,106x084,39524,49883,0.10227806307375431,0.05362913848859363,-0.6322652656584978,0.3,0.0,0.1108502745628357
3,97,TENX99,5952,071x047,22112,33412,0.10223686713725329,0.053806013329156396,-0.6803685497492552,0.2,0.0,0.07243086397647858
3,98,TENX99,6457,076x047,22112,35765,0.10211128257215023,0.07881447584435042,-0.674572229385376,0.2,0.0,0.0864578902721405
3,99,TENX99,14108,152x045,21171,71530,0.10191014185547828,0.03193537998955363,-0.5493037432432175,0.1,0.0,0.033549758791923526
3,100,TENX99,4378,055x082,38582,25883,0.10176253505051136,0.05608475822147021,-0.6458978019654751,0.2,0.0,0.07073138058185577
3,101,TENX99,11818,130x007,3288,61177,0.10174816930666566,0.0499860634785665,-0.7692548699676991,0.3,0.0,0.09186332225799561
3,102,TENX99,5680,068x077,36229,32000,0.10173484347760678,0.02817469368363551,-0.5212490051984787,0.0,0.0,0.0
3,103,TENX99,61,005x079,37171,2353,0.10155189465731382,0.06954797366226506,-0.8633583843708038,0.2,0.0,0.08720658123493194
3,104,TENX99,11751,129x042,19759,60706,0.10148992780596018,0.07400985616780666,-0.832966112345457,0.2,0.0,0.08082192242145539
3,105,TENX99,20075,210x095,44700,98824,0.10146041736006736,0.06787730862707948,-0.630853833258152,0.1,0.1,0.05185474157333374
3,106,TENX99,5403,065x103,48465,30589,0.10127482507377863,0.06579587098389426,-0.7533802919089794,0.0,0.0,0.0
3,107,TENX99,1335,025x039,18347,11765,0.10125726871192456,0.040874814957220014,-0.7224196195602417,0.1,0.0,0.041067260503768924
3,108,TENX99,1598,027x103,48465,12706,0.10111845955252648,0.053643171917523574,-0.7481254847720266,0.3,0.0,0.10030625462532043
3,109,TENX99,5648,068x045,21171,32000,0.10095298681408167,0.04980613626197209,-0.6095182307064533,0.3,0.0,0.1003515213727951
3,110,TENX99,10941,121x041,19288,56941,0.1009424477815628,0.026700798804491763,-0.4592737711966038,0.0,0.0,0.0
3,111,TENX99,16413,174x093,43759,81883,0.10087130554020404,0.07605660117899078,-0.7337111413478852,0.2,0.1,0.10322602987289428
3,112,TENX99,9474,106x090,42347,49883,0.10086582116782665,0.06735269488212817,-0.8951630145311356,0.1,0.1,0.05152231454849243
3,113,TENX99,5741,069x037,17406,32471,0.10075372904539108,0.05607475322625973,-0.5470389634370804,0.2,0.1,0.09375951290130616
3,114,TENX99,1530,027x035,16465,12706,0.10061876866966486,0.05928705355465774,-0.7308947000652551,0.1,0.0,0.041916105151176455
3,115,TENX99,16937,180x005,2347,84706,0.10061814114451409,0.04338682213832311,-0.6194379687309265,0.0,0.0,0.0
3,116,TENX99,3132,043x037,17406,20236,0.10055326372385025,0.05900358524934755,-0.7132637435570359,0.1,0.0,0.049197959899902347
3,117,TENX99,4499,057x004,1877,26824,0.10029598698019981,0.0568809803771063,-0.8087519330903887,0.3,0.0,0.10455488860607147
3,118,TENX99,9441,106x057,26818,49883,0.10023879278451205,0.07028310048723468,-0.8091962747275829,0.2,0.0,0.08987835347652436
3,119,TENX99,13428,145x079,37171,68236,0.10002934262156486,0.01610130967316049,-0.5150458157062531,0.0,0.0,0.0
3,120,TENX99,9539,107x054,25406,50353,0.1000279643572867,0.06320895843019625,-0.8093144714832305,0.1,0.0,0.04393376708030701
3,121,TENX99,62,005x080,37641,2353,0.10002391571179033,0.0784553232811891,-0.9648335311561823,0.2,0.1,0.08913086652755738
3,122,TENX99,8470,096x096,45171,45177,0.09998277816921472,0.059790308389287575,-0.6824828043580056,0.2,0.0,0.07961340844631196
3,123,TENX99,12,002x091,42818,941,0.099920504540205,0.0588687283212044,-0.8038622912019491,0.3,0.0,0.11407957077026368
3,124,TENX99,9032,102x052,24465,48000,0.09965343652293086,0.06395538967854585,-0.7848079808056354,0.2,0.0,0.07069565951824189
3,125,TENX99,7115,083x035,16465,39059,0.09960890915244817,0.051376998344794624,-0.7251786382868886,0.2,0.0,0.06868634521961212
3,126,TENX99,10609,118x012,5641,55530,0.0995276428759098,0.09040311934000071,-0.7835431545972824,0.2,0.2,0.1095608115196228
3,127,TENX99,7740,089x073,34347,41883,0.09951196257025004,0.06758176413233798,-0.8109547760337591,0.3,0.0,0.12025314569473267
3,128,TENX99,11797,129x088,41406,60706,0.09949778486043215,0.034816121500041236,-0.6304101467132568,0.0,0.0,0.0
3,129,TENX99,9546,107x061,28700,50353,0.0994195407256484,0.06913076855850514,-0.887313249707222,0.3,0.0,0.11510435938835144
3,130,TENX99,13052,142x012,5641,66824,0.09938522372394801,0.07234513838879016,-0.7602495059370995,0.2,0.0,0.0983461856842041
3,131,TENX99,6911,081x016,7524,38118,0.09935882091522216,0.06410521273749888,-0.6513727888464927,0.2,0.0,0.0758565455675125
3,132,TENX99,7626,088x060,28229,41412,0.09935251101851464,0.056232833028954675,-0.7767419248819352,0.2,0.0,0.07987270951271057
3,133,TENX99,8084,093x013,6112,43765,0.09935061149299144,0.0387737895348672,-0.5733695738017559,0.1,0.0,0.033003616333007815
3,134,TENX99,7670,088x104,48935,41412,0.09928547600284218,0.06428327812285821,-0.8201650904491544,0.2,0.0,0.08126991391181945
3,135,TENX99,19431,204x052,24465,96000,0.0992156739346683,0.05100404682883334,-0.7924159407615662,0.3,0.0,0.09855885207653045
3,136,TENX99,14209,153x044,20700,72000,0.09915006570518017,0.0496836103849074,-0.5949433837085962,0.1,0.0,0.03876641988754272
3,137,TENX99,8845,100x067,31524,47059,0.09909724835306406,0.06697913922187824,-0.8490218847990036,0.3,0.0,0.1165484607219696
3,138,TENX99,8859,100x081,38112,47059,0.09904939197003841,0.05328278075818837,-0.742480956017971,0.2,0.0,0.07315975725650788
3,139,TENX99,20364,216x067,31524,101647,0.0989886250346899,0.05796765538919563,-0.7799752354621887,0.1,0.0,0.045954206585884096
3,140,TENX99,20232,213x055,25877,100236,0.09894141852855683,0.08592666112293672,-0.9077929139137269,0.2,0.1,0.1022976279258728
3,141,TENX99,16307,173x089,41877,81412,0.09893348347395658,0.08553147952427012,-0.8412258148193359,0.2,0.1,0.10623792707920074
3,142,TENX99,3043,042x048,22582,19765,0.09893326126039029,0.0509806747968438,-0.5777660969644784,0.3,0.0,0.09909988641738891
3,143,TENX99,10104,113x012,5641,53177,0.09868981614708901,0.04268950102153798,-0.685404109954834,0.0,0.0,0.0
3,144,TENX99,6287,074x079,37171,34824,0.09862256050109863,0.0376972699087718,-0.5639352556318045,0.1,0.0,0.031938406825065616
3,145,TENX99,20217,212x093,43759,99765,0.09859656020998955,0.05086036323977859,-0.6368734382092953,0.2,0.0,0.06775864362716674
3,146,TENX99,806,019x097,45641,8941,0.09852231740951538,0.0521097488624336,-0.8130807671695948,0.0,0.0,0.0
3,147,TENX99,7842,090x074,34818,42353,0.09846343584358692,0.0662957327306428,-0.8777651768177748,0.3,0.0,0.1185087651014328
3,148,TENX99,18797,198x027,12700,93177,0.09846171028912068,0.08008860057350196,-0.8813158065080643,0.2,0.1,0.10253721177577972
3,149,TENX99,1466,026x071,33406,12236,0.09834217578172684,0.056945924388905646,-0.7195529747754336,0.1,0.0,0.048272281885147095
3,150,TENX99,1528,027x033,15524,12706,0.09833633676171302,0.05818278030382333,-0.7536484573036433,0.2,0.0,0.0683301031589508
3,151,TENX99,10613,118x016,7524,55530,0.09831856898963451,0.038721386557399845,-0.6397532016038895,0.0,0.0,0.0
3,152,TENX99,516,016x046,21641,7530,0.09819378163665533,0.058113262596236906,-0.7701903834939003,0.1,0.0,0.04230228364467621
3,153,TENX99,20045,210x065,30582,98824,0.09808365274220705,0.04604094569288057,-0.5760783553123474,0.2,0.0,0.06178829371929169
3,154,TENX99,1667,028x072,33877,13177,0.09802791066467761,0.04033780818771434,-0.6506246838718652,0.2,0.0,0.06277579665184022
3,155,TENX99,16341,174x021,9877,81883,0.09802616052329541,0.039875918269660006,-0.6294494133442641,0.1,0.0,0.030718985199928283
3,156,TENX99,7288,085x019,8935,40000,0.09801698457449674,0.05634987780168668,-0.7337680116295815,0.1,0.0,0.0446552038192749
3,157,TENX99,9645,108x059,27759,50824,0.09800948211923241,0.07770635033103024,-0.9623471006751061,0.2,0.1,0.09651797711849212
3,158,TENX99,8044,092x074,34818,43294,0.09798858594149351,0.07034759518320532,-0.9150355873629451,0.3,0.0,0.11996226310729981
3,159,TENX99,6798,079x097,45641,37177,0.09794519804418086,0.04941909109303265,-0.7322793357074261,0.2,0.0,0.07389567494392395
3,160,TENX99,11183,123x081,38112,57883,0.09772481806576253,0.03065009536763217,-0.5552603162825107,0.0,0.0,0.0
3,161,TENX99,8844,100x066,31053,47059,0.0976831803098321,0.07405210503131349,-0.88846984654665,0.3,0.1,0.12115225195884705
3,162,TENX99,5404,065x104,48935,30589,0.09768189378082752,0.043454797244554345,-0.8564413253217935,0.1,0.0,0.04051243960857391
3,163,TENX99,11438,126x033,15524,59294,0.09768043272197247,0.03227813110507002,-0.5698041155934334,0.1,0.0,0.026156687736511232
3,164,TENX99,9844,110x056,26347,51765,0.09763344135135413,0.06504820299826246,-0.9015544086694718,0.3,0.0,0.10961169898509979
3,165,TENX99,3326,045x031,14582,21177,0.0975680898874998,0.055550027283744474,-0.6404170133173466,0.1,0.0,0.04961824417114258
3,166,TENX99,11573,127x067,31524,59765,0.09751581493765116,0.0644646445791421,-0.6760128468275071,0.3,0.0,0.1033874899148941
3,167,TENX99,11328,125x024,11288,58824,0.09734564777463675,0.08372311761961428,-0.8986885607242584,0.2,0.1,0.10136435329914092
3,168,TENX99,8058,092x088,41406,43294,0.09726251568645239,0.05808816525801773,-0.6967822968959808,0.1,0.1,0.050437992811203
3,169,TENX99,6192,073x085,39994,34353,0.09717886727303267,0.046478153374199485,-0.6643520262092352,0.1,0.0,0.03541299998760224
3,170,TENX99,11063,122x062,29171,57412,0.09708069711923599,0.035817973862797864,-0.6721233278512955,0.1,0.0,0.033356773853302005
3,171,TENX99,9567,107x082,38582,50353,0.0970562070608139,0.05964337376665471,-0.7591250205412508,0.2,0.0,0.07814882695674896
3,172,TENX99,19232,202x055,25877,95059,0.09696238152682782,0.05350146276388271,-0.6401516944169998,0.1,0.0,0.04789006412029266
3,173,TENX99,18080,191x024,11288,89883,0.09690282586961985,0.05033185427008535,-0.7580526448786259,0.1,0.0,0.03179163336753845
3,174,TENX99,951,021x047,22112,9883,0.09678474916145205,0.07924098094056091,-0.9601929537951946,0.1,0.1,0.05068234801292419
3,175,TENX99,11954,131x041,19288,61647,0.09673774093389512,0.05414921803541432,-0.6345480196177959,0.2,0.0,0.0631616473197937
3,176,TENX99,2359,035x064,30112,16471,0.09654015712440014,0.045461858895886297,-0.7324116937816143,0.0,0.0,0.0
3,177,TENX99,19394,204x015,7053,96000,0.09651432214304805,0.06188699152012298,-0.7158552020788193,0.3,0.0,0.1083719253540039
3,178,TENX99,2423,036x028,13171,16941,0.09639164619147778,0.058106267787332355,-0.7235007002949715,0.1,0.0,0.04837130010128021
3,179,TENX99,15641,167x039,18347,78589,0.09637346547096967,0.05732751953188456,-0.7621328465640544,0.1,0.0,0.04451406002044678
3,180,TENX99,10200,114x007,3288,53647,0.09633901827037335,0.04715618291367251,-0.7263164862990379,0.2,0.0,0.06259427666664123
3,181,TENX99,7416,086x050,23524,40471,0.09625291489064694,0.041036578845753645,-0.7054798834025859,0.2,0.0,0.06288064122200013
3,182,TENX99,10895,120x096,45171,56471,0.09624607171863317,0.05241909967753882,-0.729061609134078,0.2,0.0,0.06414766013622283
3,183,TENX99,6792,079x091,42818,37177,0.09616153351962567,0.07416502516023767,-0.82565279006958,0.2,0.1,0.10321082174777985
3,184,TENX99,16632,177x006,2818,83294,0.0960795171558857,0.05433413769472676,-0.7980837062001228,0.2,0.0,0.06507631540298461
3,185,TENX99,8740,099x063,29641,46589,0.09605950731784105,0.06673067793858849,-0.8632456220686435,0.2,0.0,0.08299280405044555
3,186,TENX99,3391,045x096,45171,21177,0.0960240501910448,0.062059755031417224,-0.6139218777418136,0.2,0.0,0.09664291739463807
3,187,TENX99,7630,088x064,30112,41412,0.09598590922541916,0.07000233619572657,-1.0586795300245284,0.3,0.0,0.11581932306289673
3,188,TENX99,10725,119x027,12700,56000,0.09592712447047233,0.07295925362157764,-0.7848795890808106,0.1,0.1,0.05286765694618225
3,189,TENX99,12060,132x045,21171,62118,0.09591334834694862,0.052087868959728424,-0.6331235021352768,0.1,0.0,0.04571276009082794
3,190,TENX99,13875,150x016,7524,70589,0.09587458148598671,0.0554333173849591,-0.6608748972415924,0.1,0.0,0.04363721907138825
3,191,TENX99,10169,113x077,36229,53177,0.09576712772250176,0.055241429467680174,-0.9538068786263466,0.2,0.0,0.07757993638515473
3,192,TENX99,4462,056x067,31524,26353,0.095728874579072,0.05588746361525922,-0.7731810636818409,0.2,0.0,0.06879616975784301
3,193,TENX99,14520,156x048,22582,73412,0.09569548815488815,0.045678244097575406,-0.693338779360056,0.1,0.0,0.03292523920536041
3,194,TENX99,6644,078x032,15053,36706,0.09567673224955797,0.060198633217182204,-0.8110788658261299,0.3,0.0,0.10136809349060058
3,195,TENX99,11744,129x035,16465,60706,0.0956753496080637,0.06451520832495697,-0.8294311385601759,0.3,0.0,0.1141463577747345
3,196,TENX99,20058,210x078,36700,98824,0.0956510191783309,0.07256206487411594,-0.8589391678571701,0.1,0.1,0.05059072971343994
3,197,TENX99,15357,164x064,30112,77177,0.09561246261000633,0.04087533244815784,-0.7028167344629764,0.0,0.0,0.0
3,198,TENX99,11749,129x040,18818,60706,0.09555974770337343,0.03362822647059116,-0.6174448519945145,0.0,0.0,0.0
3,199,TENX99,811,019x102,47994,8941,0.09552811458706856,0.026828602775458944,-0.716417795419693,0.0,0.0,0.0
3,200,TENX99,19640,206x059,27759,96941,0.0955146098509431,0.06012126965080077,-0.7662056205794215,0.2,0.0,0.09130092561244965
3,201,TENX99,17648,187x001,465,88000,0.09549867138266563,0.03842113634613012,-0.6235713329166174,0.1,0.0,0.043680763244628905
3,202,TENX99,8205,094x033,15524,44236,0.09549272898584604,0.045002444104276396,-0.6920559875667095,0.2,0.0,0.0666091114282608
3,203,TENX99,3031,042x036,16935,19765,0.09548181481659412,0.07648712997492509,-0.8443393528461456,0.2,0.1,0.10166358053684235
3,204,TENX99,4390,055x094,44229,25883,0.09546703360974788,0.04110878508164277,-0.7659325454384088,0.0,0.0,0.0
3,205,TENX99,9151,103x070,32935,48471,0.09541599387302994,0.062000616796427536,-0.9302508920431137,0.2,0.0,0.07327632308006286
3,206,TENX99,13956,150x097,45641,70589,0.09540507048368455,0.0324177640759104,-0.5582700841128826,0.0,0.0,0.0
3,207,TENX99,7814,090x046,21641,42353,0.09539601597934962,0.057008040328349156,-0.8779319949448109,0.3,0.0,0.10304123461246491
3,208,TENX99,5635,068x032,15053,32000,0.09538630973547697,0.07756032725873045,-0.724006649851799,0.2,0.2,0.10542003512382507
3,209,TENX99,12119,132x104,48935,62118,0.09537421129643917,0.059058182042056484,-0.7068659238517284,0.3,0.0,0.10396645069122315
3,210,TENX99,9768,109x081,38112,51294,0.09533383678644895,0.05350952454776643,-0.7081857051700353,0.2,0.0,0.07078803777694702
3,211,TENX99,9081,102x101,47524,48000,0.0952964823693037,0.04288541442655292,-0.6762920424342156,0.1,0.0,0.030502369999885558
3,212,TENX99,8929,101x050,23524,47530,0.09527389910072089,0.06582897990913046,-0.7277896635234355,0.2,0.0,0.09408392906188964
3,213,TENX99,7985,092x015,7053,43294,0.09519308283925057,0.03834965917443695,-0.6198818296194076,0.1,0.0,0.0329165905714035
3,214,TENX99,16913,179x083,39053,84236,0.09518289305269718,0.04071329612924912,-0.6127384528517723,0.1,0.0,0.042355841398239134
3,215,TENX99,16818,178x090,42347,83765,0.09513073228299618,0.0574892638280055,-0.7498215448111296,0.1,0.0,0.04171500205993652
3,216,TENX99,11699,128x092,43288,60236,0.09512765454128384,0.0674839939278382,-0.7679721549153328,0.1,0.0,0.04613079428672791
3,217,TENX99,18363,194x001,465,91294,0.09510561041533946,0.04875577819658834,-0.7811483204364776,0.1,0.0,0.04865869879722595
3,218,TENX99,12547,137x022,10347,64471,0.09499224089086056,0.041233534407675465,-0.6312704540789127,0.1,0.0,0.033154350519180295
3,219,TENX99,4422,056x027,12700,26353,0.09498726390302181,0.03342227581178189,-0.7177398264408111,0.0,0.0,0.0
3,220,TENX99,8940,101x061,28700,47530,0.09497511144727469,0.06680251102767662,-1.010679116845131,0.2,0.0,0.08306600451469422
3,221,TENX99,9643,108x057,26818,50824,0.09492236180230976,0.06820925573560331,-0.852019015327096,0.3,0.0,0.11548934578895569
3,222,TENX99,3199,044x004,1877,20706,0.0949099225923419,0.06136112126498401,-0.8650339812040329,0.3,0.0,0.10268986523151398
3,223,TENX99,1304,025x008,3759,11765,0.094878638535738,0.049475373622414345,-0.7210640974342823,0.2,0.0,0.07254563271999359
3,224,TENX99,841,020x035,16465,9412,0.09485415490344166,0.05335867055425848,-0.7482847362756729,0.2,0.0,0.06833668947219848
3,225,TENX99,14428,155x059,27759,72941,0.09485340565443039,0.102003625743548,-1.1106563568115235,0.2,0.2,0.11516467928886413
3,226,TENX99,650,018x032,15053,8471,0.09459058977663518,0.07386444392720101,-0.9572909861803055,0.2,0.1,0.08634276688098907
3,227,TENX99,10771,119x073,34347,56000,0.0945828864350915,0.068610067502901,-0.986420351266861,0.2,0.0,0.09035655558109283
3,228,TENX99,10285,114x092,43288,53647,0.09455328080803156,0.04280093091037992,-0.6801050528883934,0.2,0.0,0.06466274857521057
3,229,TENX99,19894,209x013,6112,98353,0.09453593343496322,0.05101673660549197,-0.7184176206588745,0.3,0.0,0.09318032264709472
3,230,TENX99,6193,073x086,40465,34353,0.09452545344829559,0.09712206711704148,-0.9439370520412922,0.2,0.2,0.11339476108551025
3,231,TENX99,9241,104x059,27759,48941,0.09451306164264679,0.06165831019273839,-0.9679485864937305,0.2,0.0,0.07851270735263824
3,232,TENX99,7413,086x047,22112,40471,0.09443838186562062,0.03671871656440277,-0.612861417979002,0.2,0.0,0.060018342733383176
3,233,TENX99,17875,189x023,10818,88941,0.09442710988223553,0.04342656948997442,-0.6436607375741005,0.0,0.0,0.0
3,234,TENX99,8333,095x060,28229,44706,0.09441831354051829,0.03758042527763611,-0.7358539186418056,0.1,0.0,0.0332960844039917
3,235,TENX99,9343,105x060,28229,49412,0.09439392276108265,0.07996456163462533,-1.050724808871746,0.2,0.1,0.09157727360725403
3,236,TENX99,7943,091x074,34818,42824,0.09437703415751457,0.07126304677540826,-0.8566505312919617,0.2,0.0,0.08181976675987243
3,237,TENX99,10615,118x018,8465,55530,0.09436143040657044,0.04305152814421438,-0.7922675691545009,0.0,0.0,0.0
3,238,TENX99,8153,093x082,38582,43765,0.09435866791754961,0.05111739629735358,-0.7036499984562397,0.2,0.0,0.0660169392824173
3,239,TENX99,7784,090x016,7524,42353,0.09434232246130705,0.04841216004526539,-0.7982505545020103,0.1,0.0,0.034350186586380005
3,240,TENX99,18434,194x072,33877,91294,0.09426000267267227,0.019186169675741237,-0.6332127004861832,0.0,0.0,0.0
3,241,TENX99,7208,084x036,16935,39530,0.09425874138250948,0.06452773684786585,-0.9164071524515748,0.3,0.0,0.10666525661945343
3,242,TENX99,6680,078x073,34347,36706,0.09423364792019129,0.06092587553544314,-0.8743680283427239,0.3,0.0,0.10668691396713256
3,243,TENX99,19604,206x023,10818,96941,0.09422682523727417,0.03961665463127051,-0.659510312974453,0.0,0.0,0.0
3,244,TENX99,3419,046x024,11288,21647,0.09421356469392776,0.05018631820891631,-0.7205070100724698,0.1,0.0,0.045502576231956485
3,245,TENX99,291,012x055,25877,5647,0.09420649558305741,0.04003354388145737,-0.7011570803821087,0.2,0.0,0.06068424582481384
3,246,TENX99,10052,112x062,29171,52706,0.09419429404661059,0.06503389489212362,-0.9668563686311245,0.2,0.0,0.07662530839443207
3,247,TENX99,9829,110x041,19288,51765,0.09417371898889541,0.057671167773833604,-0.836117023974657,0.2,0.1,0.09328779280185699
3,248,TENX99,19709,207x028,13171,97412,0.09417123943567277,0.042462195659697125,-0.6735582858324051,0.0,0.0,0.0
3,249,TENX99,3542,047x047,22112,22118,0.09414030276238919,0.046780988588428864,-0.7014926128089428,0.1,0.0,0.03376463055610657
3,250,TENX99,19365,203x087,40935,95530,0.09412367381155491,0.028006334456015535,-0.6163984119892121,0.0,0.0,0.0
3,251,TENX99,8152,093x081,38112,43765,0.09406637102365493,0.04039819883665076,-0.6292731367051602,0.1,0.0,0.03473542034626007
3,252,TENX99,14322,154x055,25877,72471,0.09400483630597592,0.04667623663076701,-0.7135637134313584,0.1,0.0,0.03925386667251587
3,253,TENX99,9240,104x058,27288,48941,0.0939805124886334,0.0655975405230758,-0.8504195611923933,0.3,0.0,0.11344259977340698
3,254,TENX99,14540,156x068,31994,73412,0.09396832957863807,0.03259957055004014,-0.6881680361926555,0.0,0.0,0.0
3,255,TENX99,14576,157x001,465,73883,0.09386736676096916,0.05820886016760755,-0.8716421224176883,0.2,0.0,0.07316109240055084
3,256,TENX99,17021,180x089,41877,84706,0.0938154723495245,0.054882690345850124,-0.6797888725996017,0.2,0.0,0.06674758791923523
4,1,TENX99,10901,120x102,47994,56471,0.24044007956981658,0.05912778653621629,0.4102775948122144,1.0,0.5,0.4877730518579483
4,2,TENX99,11002,121x102,47994,56941,0.23545569330453872,0.05995345175649379,0.30825397968292234,1.0,0.5,0.5018513411283493
4,3,TENX99,9867,110x079,37171,51765,0.23396187722682954,0.06278536078110586,0.43881828505545856,0.9,0.5,0.4591648608446121
4,4,TENX99,10687,118x090,42347,55530,0.2337565615773201,0.06556241022122461,0.29243071004748344,0.8,0.5,0.41859598457813263
4,5,TENX99,10584,117x088,41406,55059,0.23358186185359955,0.06030126200400188,0.33074543103575704,0.9,0.5,0.45503474175930025
4,6,TENX99,9363,105x080,37641,49412,0.23301339894533157,0.059990313943644805,0.34015430361032484,1.0,0.5,0.4813340246677399
4,7,TENX99,10684,118x087,40935,55530,0.23260665237903594,0.06096244952285378,0.44887365251779554,1.0,0.5,0.47450944483280183
4,8,TENX99,10594,117x098,46112,55059,0.232355335354805,0.05604277339731535,0.2816191703081131,1.0,0.5,0.48302732706069945
4,9,TENX99,10586,117x090,42347,55059,0.2321008026599884,0.05811945171498,0.40594491735100746,1.0,0.5,0.47121064364910126
4,10,TENX99,9463,106x079,37171,49883,0.23191057443618773,0.06043112869209007,0.3508247246965766,0.9,0.5,0.46943079233169555
4,11,TENX99,6975,081x088,41406,38118,0.23132771253585815,0.05903421068979547,0.36557526178658006,1.0,0.5,0.4702581763267517
4,12,TENX99,10690,118x093,43759,55530,0.23072017580270768,0.062498262948959694,0.37697359584271906,0.7,0.5,0.38225676119327545
4,13,TENX99,8966,101x087,40935,47530,0.22965794503688813,0.06192256779288347,0.41845598369836806,0.9,0.5,0.4365771412849426
4,14,TENX99,4959,061x063,29641,28706,0.2293584853410721,0.06129121192143372,0.37930977568030355,0.9,0.5,0.41434514820575713
4,15,TENX99,8872,100x094,44229,47059,0.2285568431019783,0.06010492613359731,0.4000169327482581,0.9,0.5,0.4343864291906357
4,16,TENX99,9361,105x078,36700,49412,0.22849343717098236,0.0571514152973468,0.37281425967812537,1.0,0.5,0.48646989166736604
4,17,TENX99,17480,185x038,17877,87059,0.22767823338508605,0.059949971978678095,0.3683523839339614,0.9,0.5,0.4379570037126541
4,18,TENX99,9666,108x080,37641,50824,0.22736915498971938,0.05930166602005163,0.3201612912118435,0.9,0.5,0.4459060877561569
4,19,TENX99,10887,120x088,41406,56471,0.2270954966545105,0.06220982364690616,0.29157084971666336,1.0,0.5,0.47698563933372495
4,20,TENX99,6976,081x089,41877,38118,0.22676732391119003,0.05867920999455631,0.3236860126256943,1.0,0.5,0.4732301950454712
4,21,TENX99,10787,119x089,41877,56000,0.2267133429646492,0.06044304203312387,0.2352885812520981,0.9,0.5,0.45614499449729917
4,22,TENX99,9175,103x094,44229,48471,0.22668948471546174,0.061341567242913904,0.2644179202616215,1.0,0.5,0.48414523899555206
4,23,TENX99,8463,096x089,41877,45177,0.22642155587673188,0.060235813815497335,0.3325577300041914,0.8,0.5,0.3882595211267471
4,24,TENX99,7166,083x095,44700,39059,0.2263386219739914,0.05795472757200599,0.4083982102572918,0.9,0.5,0.44434980154037473
4,25,TENX99,8865,100x087,40935,47059,0.22627327144145964,0.05813621034536794,0.22990271970629692,0.9,0.5,0.4438389867544174
4,26,TENX99,11400,125x096,45171,58824,0.2262638971209526,0.06550786239630786,0.21977976523339748,0.8,0.5,0.3999836891889572
4,27,TENX99,10694,118x097,45641,55530,0.2261566162109375,0.058411954011092324,0.3855961188673973,0.6,0.5,0.3130117207765579
4,28,TENX99,9661,108x075,35288,50824,0.22615282833576203,0.060500092148837906,0.2917920148000121,0.9,0.5,0.4319504827260971
4,29,TENX99,9360,105x077,36229,49412,0.22602081149816514,0.055929670759448026,0.2956649545580149,0.9,0.5,0.44114474654197694
4,30,TENX99,7066,082x087,40935,38589,0.22575670182704927,0.06200444100793252,0.31599485501646996,0.9,0.5,0.4284139215946198
4,31,TENX99,8773,099x096,45171,46589,0.22564929872751235,0.05428546078753051,0.24492912739515305,0.7,0.5,0.35583585500717163
4,32,TENX99,9566,107x081,38112,50353,0.22471118569374085,0.06040211835549193,0.28894028570502994,1.0,0.5,0.462859708070755
4,33,TENX99,10569,117x073,34347,55059,0.22416417002677919,0.06226394628784605,0.3637968093156815,0.9,0.5,0.4674434244632721
4,34,TENX99,9476,106x092,43288,49883,0.22415397614240645,0.06161016898824557,0.33770766928792,0.9,0.5,0.4281038224697113
4,35,TENX99,9259,104x077,36229,48941,0.22394250631332396,0.05777380373083683,0.3321036951616406,0.9,0.5,0.44508181810379027
4,36,TENX99,9564,107x079,37171,50353,0.22377287596464157,0.05939474811797571,0.302796627394855,0.9,0.5,0.438971683382988
4,37,TENX99,8264,094x092,43288,44236,0.22364825755357742,0.06085912182329216,0.3337171383202076,0.7,0.5,0.35517781376838686
4,38,TENX99,9371,105x088,41406,49412,0.22359419763088226,0.061038438800397735,0.31693352535367014,0.9,0.5,0.4180157482624054
4,39,TENX99,8364,095x091,42818,44706,0.22340504974126815,0.05859515654779266,0.2890724722296,0.9,0.5,0.4179822146892548
4,40,TENX99,10686,118x089,41877,55530,0.22312683314085008,0.05685038416053578,0.16546064727008342,1.0,0.5,0.4648304671049118
4,41,TENX99,11376,125x072,33877,58824,0.22296542376279832,0.06254341461571088,0.38437684774398806,0.9,0.5,0.41762402653694153
4,42,TENX99,11197,123x095,44700,57883,0.22286337018013,0.05908434880139679,0.34458874017000196,0.7,0.5,0.3536657512187958
4,43,TENX99,10671,118x074,34818,55530,0.22268443405628205,0.05640730854024951,0.28699007984250785,0.7,0.5,0.3649639129638672
4,44,TENX99,1601,028x006,2818,13177,0.22264365404844283,0.057311306600015266,0.2486216977238655,0.8,0.5,0.3893334597349167
4,45,TENX99,8663,098x087,40935,46118,0.22261088192462922,0.06456889924645937,0.3730032257735729,1.0,0.5,0.44740650057792664
4,46,TENX99,10688,118x091,42818,55530,0.22252879291772842,0.06110683854704042,0.33255811035633087,0.9,0.5,0.4264985591173172
4,47,TENX99,3266,044x071,33406,20706,0.2225109502673149,0.06075717105091465,0.33325827233493327,0.9,0.5,0.4175147473812103
4,48,TENX99,11003,121x103,48465,56941,0.22244260162115098,0.06073056080121818,0.35540478602051734,0.9,0.5,0.4363761305809021
4,49,TENX99,7460,086x095,44700,40471,0.22196064889431,0.06268330249658224,0.34346236009150743,0.9,0.5,0.4238514840602875
4,50,TENX99,8565,097x090,42347,45647,0.22173189818859101,0.05880689810369213,0.3329806562513113,0.9,0.5,0.42109411060810087
4,51,TENX99,7656,088x090,42347,41412,0.221654212474823,0.05952001378222763,0.31701502613723276,1.0,0.5,0.4432180434465408
4,52,TENX99,10683,118x086,40465,55530,0.22164198458194734,0.0615322679088233,0.3009898394346237,0.9,0.5,0.41985470354557036
4,53,TENX99,11000,121x100,47053,56941,0.2215358003973961,0.05773741513134639,0.3195232577621937,1.0,0.5,0.44926403760910033
4,54,TENX99,10799,119x101,47524,56000,0.22153488248586656,0.057004238609509074,0.2851297169923782,0.8,0.5,0.38892575800418855
4,55,TENX99,9462,106x078,36700,49883,0.22153251469135285,0.05643111734929597,0.30426231734454634,0.8,0.5,0.3890905618667603
4,56,TENX99,19094,201x018,8465,94589,0.22117068618535995,0.056330700354986246,0.3267931718379259,0.9,0.5,0.43423030376434324
4,57,TENX99,8363,095x090,42347,44706,0.221124504506588,0.05938285792007391,0.24172936379909515,0.6,0.5,0.31372401118278503
4,58,TENX99,10190,113x098,46112,53177,0.22093960344791413,0.054093373462373986,0.2526344310492277,0.7,0.5,0.3482421964406967
4,59,TENX99,3039,042x044,20700,19765,0.22083273082971572,0.06405090488356378,0.2734131343662739,0.9,0.5,0.41537382900714875
4,60,TENX99,11396,125x092,43288,58824,0.22053422778844833,0.061406772965769935,0.28279787227511405,0.9,0.5,0.4364664971828461
4,61,TENX99,3240,044x045,21171,20706,0.22051298767328262,0.06353465303891694,0.3444018952548504,0.7,0.5,0.34811716377735136
4,62,TENX99,9978,111x089,41877,52236,0.22046922743320466,0.057807701301235165,0.27331780511885884,0.9,0.5,0.4274915546178818
4,63,TENX99,9864,110x076,35759,51765,0.22044073194265365,0.05655364587625285,0.32519417591392996,0.9,0.5,0.4304001271724701
4,64,TENX99,7267,084x099,46582,39530,0.22041147202253342,0.058589723505191635,0.3426632508635521,0.9,0.5,0.4057565242052078
4,65,TENX99,3142,043x047,22112,20236,0.22026249319314956,0.05970462031276868,0.24276574775576593,1.0,0.5,0.44324531555175783
4,66,TENX99,3460,046x065,30582,21647,0.22025203853845596,0.06316409534068083,0.36166212856769564,0.6,0.5,0.32093179523944854
4,67,TENX99,5945,071x040,18818,33412,0.22007693201303483,0.055823690880206174,0.32005497682839634,0.5,0.5,0.2750653624534607
4,68,TENX99,12526,136x103,48465,64000,0.22006371468305588,0.06603455167641721,0.3065510082989931,0.8,0.5,0.3820304960012436
4,69,TENX99,10786,119x088,41406,56000,0.2199439063668251,0.05651074274071075,0.3082598611712456,0.8,0.5,0.3987023413181305
4,70,TENX99,11406,125x102,47994,58824,0.21980680972337724,0.059195762647765535,0.23204795867204667,0.9,0.5,0.42081923186779024
4,71,TENX99,585,017x047,22112,8000,0.21976342052221298,0.05496629785923539,0.32914538830518725,1.0,0.5,0.4597468972206116
4,72,TENX99,2966,041x071,33406,19294,0.21967871040105819,0.06343690378674702,0.2917882688343525,0.8,0.5,0.3809512972831726
4,73,TENX99,11499,126x094,44229,59294,0.21947418600320817,0.06334511580179189,0.3200779378414154,0.8,0.5,0.39595587849617003
4,74,TENX99,10893,120x094,44229,56471,0.2194426417350769,0.06096663119944609,0.227565929107368,0.9,0.5,0.40548489391803744
4,75,TENX99,1803,030x008,3759,14118,0.21944214552640914,0.05738850253922258,0.23888546451926232,0.8,0.5,0.38866539001464845
4,76,TENX99,10598,117x102,47994,55059,0.2194136470556259,0.05654195597327245,0.27981809750199316,0.9,0.5,0.4302666038274765
4,77,TENX99,10899,120x100,47053,56471,0.21937090009450913,0.05876925010572055,0.17211153209209443,0.8,0.5,0.4084243655204773
4,78,TENX99,9568,107x083,39053,50353,0.2193118467926979,0.06099252530541467,0.34539715349674227,0.9,0.5,0.42787574231624603
4,79,TENX99,8775,099x098,46112,46589,0.21924958676099776,0.058547198297432525,0.28791014216840266,0.9,0.5,0.4180373728275299
4,80,TENX99,10998,121x098,46112,56941,0.2191864475607872,0.06017857433317318,0.34983912017196417,0.8,0.5,0.39476741254329684
4,81,TENX99,11403,125x099,46582,58824,0.21916792839765548,0.05882454848176461,0.31735668443143367,0.8,0.5,0.3824637085199356
4,82,TENX99,2203,034x008,3759,16000,0.2191333830356598,0.057201603612407614,0.18026124313473701,1.0,0.5,0.4608700305223465
4,83,TENX99,10568,117x072,33877,55059,0.21895263344049454,0.05934069644721457,0.2540200352668762,0.9,0.5,0.4421001225709915
4,84,TENX99,9869,110x081,38112,51765,0.2189277946949005,0.06272244549644218,0.37435842379927636,1.0,0.5,0.43834441602230073
4,85,TENX99,11598,127x092,43288,59765,0.21887260526418686,0.057357399872676025,0.26764275655150416,0.8,0.5,0.39744695723056794
4,86,TENX99,4566,057x071,33406,26824,0.21876871436834336,0.05300104809800946,0.261896094866097,0.5,0.5,0.2716207206249237
4,87,TENX99,10789,119x091,42818,56000,0.2187362089753151,0.06281051571633386,0.3204897601157427,0.7,0.5,0.3449061900377274
4,88,TENX99,3346,045x051,23994,21177,0.21860387474298476,0.054830172185573664,0.3738750319927931,0.7,0.5,0.3460686653852463
4,89,TENX99,9169,103x088,41406,48471,0.2185579553246498,0.05807825559702503,0.3746269650757313,0.8,0.5,0.39818133115768434
4,90,TENX99,9260,104x078,36700,48941,0.21851464807987214,0.05478400822093072,0.24195226691663266,1.0,0.5,0.4657687067985535
4,91,TENX99,9563,107x078,36700,50353,0.21850735396146775,0.06196157437278389,0.36285637244582175,0.7,0.5,0.3514998465776443
4,92,TENX99,11646,128x039,18347,60236,0.2184101700782776,0.06252279195513717,0.3122406642884016,0.7,0.5,0.3523517906665802
4,93,TENX99,10898,120x099,46582,56471,0.21838315427303315,0.05652721362338451,0.28829167373478415,0.8,0.5,0.38860673606395724
4,94,TENX99,11502,126x097,45641,59294,0.21837428510189055,0.058935697063524896,0.1897333510220051,0.9,0.5,0.4188560664653778
4,95,TENX99,11401,125x097,45641,58824,0.21833495795726776,0.060496224189839735,0.34750249460339544,0.7,0.5,0.34193627536296844
4,96,TENX99,3752,049x057,26818,23059,0.21832021027803422,0.061508828654410284,0.4164317276328802,0.9,0.5,0.41086224615573885
4,97,TENX99,10498,116x103,48465,54589,0.2182554304599762,0.05799534193678737,0.30695463009178636,0.8,0.5,0.37775114476680755
4,98,TENX99,11103,122x102,47994,57412,0.21799973547458648,0.05751648682610421,0.3341151803731918,0.9,0.5,0.4300291478633881
4,99,TENX99,9467,106x083,39053,49883,0.21796589940786362,0.06235211995791834,0.24707241989672185,0.8,0.5,0.3822014659643173
4,100,TENX99,8667,098x091,42818,46118,0.21784522831439973,0.06119019452453434,0.27267585657536986,0.9,0.5,0.41562042236328123
4,101,TENX99,3543,047x048,22582,22118,0.21782904714345933,0.057937261287474534,0.23770817499607802,0.9,0.5,0.4317754954099655
4,102,TENX99,10792,119x094,44229,56000,0.2177293762564659,0.05832780704628111,0.280654726549983,0.7,0.5,0.34355200827121735
4,103,TENX99,8563,097x088,41406,45647,0.21770285665988923,0.05273765427925811,0.298707415163517,0.5,0.5,0.27787462472915647
4,104,TENX99,91,006x084,39524,2824,0.217693293094635,0.06194140126034675,0.25328501462936404,0.8,0.5,0.36737969517707825
4,105,TENX99,3563,047x068,31994,22118,0.2176757425069809,0.06026677019556147,0.35345492139458656,0.6,0.5,0.3124085068702698
4,106,TENX99,3151,043x056,26347,20236,0.21758975833654404,0.051363264013382565,0.3437342632561922,0.8,0.5,0.385839456319809
4,107,TENX99,13038,141x101,47524,66353,0.21739596575498582,0.058955208603832396,0.22898492440581322,0.7,0.5,0.3559922218322754
4,108,TENX99,9461,106x077,36229,49883,0.21738171577453613,0.057772293269467125,0.2648678123950958,0.9,0.5,0.43323677182197573
4,109,TENX99,11397,125x093,43759,58824,0.21737297624349594,0.06112097384459355,0.20345394536852837,0.9,0.5,0.4146714866161346
4,110,TENX99,9968,111x079,37171,52236,0.21734843254089356,0.05525086197245126,0.31428080797195435,0.7,0.5,0.3676133781671524
4,111,TENX99,9887,110x099,46582,51765,0.2173283189535141,0.054170308582585945,0.2667844481766224,0.9,0.5,0.41876924932003023
4,112,TENX99,11809,129x100,47053,60706,0.21729589998722076,0.06209720760950541,0.24290317203849554,0.9,0.5,0.41019182503223417
4,113,TENX99,10469,116x074,34818,54589,0.21729124784469606,0.06116403296577404,0.27540676593780516,0.6,0.5,0.32349241971969606
4,114,TENX99,11808,129x099,46582,60706,0.21722922921180726,0.05489721124889121,0.23588285148143767,0.7,0.5,0.3377369612455368
4,115,TENX99,9665,108x079,37171,50824,0.2171474814414978,0.05804112363316901,0.31842663828283546,0.8,0.5,0.3979728430509567
4,116,TENX99,3443,046x048,22582,21647,0.2170579433441162,0.057472033994958566,0.2665618985891342,0.9,0.5,0.42239692211151125
4,117,TENX99,1960,031x065,30582,14589,0.2168937787413597,0.054313074740909094,0.27639579866081476,0.9,0.5,0.4177774220705032
4,118,TENX99,10587,117x091,42818,55059,0.21685436069965364,0.061430406837557384,0.22304164730012416,1.0,0.5,0.4508242726325989
4,119,TENX99,5901,070x096,45171,32941,0.2167958900332451,0.06047062086033193,0.28317140359431503,0.6,0.5,0.3104347974061966
4,120,TENX99,9761,109x074,34818,51294,0.2167692244052887,0.06435542734268317,0.33283644653856753,0.7,0.5,0.3583346515893936
4,121,TENX99,9261,104x079,37171,48941,0.21669797450304032,0.057891584766317825,0.2283860608935356,0.8,0.5,0.3842617481946945
4,122,TENX99,11405,125x101,47524,58824,0.21667228043079376,0.05759595086584394,0.13865891396999358,0.9,0.5,0.41433713436126707
4,123,TENX99,3259,044x064,30112,20706,0.21655130237340928,0.06356489459670418,0.33105112612247467,0.8,0.5,0.3734275847673416
4,124,TENX99,10274,114x081,38112,53647,0.21652630269527434,0.0542005149246343,0.24999891668558122,0.7,0.5,0.34678137898445127
4,125,TENX99,8666,098x090,42347,46118,0.21652195006608962,0.055738757301505036,0.22888790238648654,0.7,0.5,0.3421072006225586
4,126,TENX99,9364,105x081,38112,49412,0.21650354117155074,0.057962450840470026,0.2599229883402586,0.7,0.5,0.35452253818511964
4,127,TENX99,2941,041x046,21641,19294,0.21644352823495866,0.05947907057616729,0.276989627815783,1.0,0.5,0.4375083416700363
4,128,TENX99,8465,096x091,42818,45177,0.2163522273302078,0.05487744065610841,0.26443167999386785,0.7,0.5,0.3460538387298584
4,129,TENX99,11811,129x102,47994,60706,0.2163008853793144,0.06237946358981313,0.2167890142649412,0.9,0.4,0.41981638967990875
4,130,TENX99,11305,124x102,47994,58353,0.21625161170959473,0.05170830211218616,0.373620992153883,0.8,0.5,0.39883256554603574
4,131,TENX99,11094,122x093,43759,57412,0.21622645929455758,0.06255796141355598,0.28159002084285023,0.7,0.4,0.3520798534154892
4,132,TENX99,10897,120x098,46112,56471,0.21617685556411742,0.058972152736807004,0.18110964745283126,0.7,0.5,0.35851295590400695
4,133,TENX99,2384,035x089,41877,16471,0.2161718413233757,0.055337832484834204,0.22336134538054467,0.7,0.5,0.3536868989467621
4,134,TENX99,3062,042x067,31524,19765,0.21611627340316772,0.059394300195313686,0.24844767451286315,0.8,0.5,0.385120090842247
4,135,TENX99,10593,117x097,45641,55059,0.21608258038759232,0.06030833228536938,0.2752204440534115,0.8,0.5,0.38675421178340913
4,136,TENX99,8148,093x077,36229,43765,0.21606555134057998,0.05745241421239828,0.37505805529654024,0.7,0.5,0.32792351543903353
4,137,TENX99,7654,088x088,41406,41412,0.21602663695812224,0.058929051926902294,0.3060784079134464,0.9,0.5,0.41459752023220064
4,138,TENX99,1703,029x008,3759,13647,0.21599547415971757,0.058062780239548674,0.3131418710574508,0.7,0.5,0.34760673642158507
4,139,TENX99,9879,110x091,42818,51765,0.2159134864807129,0.056158785603431176,0.4059901241213083,0.6,0.5,0.29517276883125304
4,140,TENX99,3661,048x066,31053,22589,0.2158877432346344,0.06429072824995152,0.33277776911854745,0.8,0.5,0.3744728833436966
4,141,TENX99,12015,131x102,47994,61647,0.21583822071552278,0.06134974494784978,0.2908957926556468,0.5,0.5,0.2826994299888611
4,142,TENX99,8427,096x053,24935,45177,0.21580617874860764,0.0591218056206966,0.2448768585920334,0.5,0.5,0.27564032673835753
4,143,TENX99,7067,082x088,41406,38589,0.21579035073518754,0.05292054083202358,0.21605735160410405,0.7,0.5,0.3408000648021698
4,144,TENX99,11304,124x101,47524,58353,0.21575595289468766,0.054391030727731986,0.24801820367574692,0.9,0.5,0.4305217623710632
4,145,TENX99,8877,100x099,46582,47059,0.21573918163776398,0.05569541735942191,0.2960095498710871,0.7,0.5,0.3503186196088791
4,146,TENX99,10186,113x094,44229,53177,0.2156966120004654,0.0572982686158803,0.21216263324022294,0.6,0.5,0.30436324775218965
4,147,TENX99,9683,108x097,45641,50824,0.21565766185522078,0.06031267025738126,0.29381440579891205,0.7,0.5,0.3385675668716431
4,148,TENX99,6,001x097,45641,471,0.21565138548612595,0.05818523747642696,0.36710632108151914,0.9,0.5,0.4120409846305847
4,149,TENX99,10595,117x099,46582,55059,0.2156469166278839,0.05819925401061509,0.3043149322271347,0.8,0.5,0.38773557245731355
4,150,TENX99,9577,107x092,43288,50353,0.21560762077569962,0.05905389716362379,0.27744611725211143,0.7,0.5,0.35277543067932127
4,151,TENX99,10685,118x088,41406,55530,0.21559641212224961,0.05297601264955201,0.13521973937749862,0.9,0.5,0.4209852397441864
4,152,TENX99,10596,117x100,47053,55059,0.21552020013332368,0.053912736242448196,0.22877378351986408,0.5,0.5,0.2784270763397217
4,153,TENX99,9561,107x076,35759,50353,0.21549708694219588,0.06161559742417069,0.31561986822634935,0.7,0.5,0.3550610512495041
4,154,TENX99,9868,110x080,37641,51765,0.21542794406414031,0.058984888590324615,0.16618381924927234,0.9,0.5,0.42061723172664645
4,155,TENX99,10591,117x095,44700,55059,0.2154186487197876,0.05791837708272471,0.28915387801826,1.0,0.5,0.4437240242958069
4,156,TENX99,10785,119x087,40935,56000,0.21540541648864747,0.060209179786751756,0.20040180403739213,0.9,0.5,0.411213806271553
4,157,TENX99,2840,040x045,21171,18824,0.21540045440196992,0.06141944044285409,0.3085946263745427,0.6,0.5,0.31500114500522614
4,158,TENX99,9881,110x093,43759,51765,0.2153782680630684,0.059250004951031714,0.3250683506950736,0.8,0.5,0.3680044591426849
4,159,TENX99,1802,030x007,3288,14118,0.21530416905879973,0.057878682060728916,0.26864076480269433,0.9,0.5,0.4184198021888733
4,160,TENX99,10467,116x072,33877,54589,0.21530089378356934,0.061348460907299195,0.3097912076860666,0.9,0.5,0.41956756114959715
4,161,TENX99,10691,118x094,44229,55530,0.2152075633406639,0.05845527886551594,0.33657346069812777,0.8,0.5,0.3799065202474594
4,162,TENX99,9785,109x098,46112,51294,0.21519961059093476,0.05438951894476697,0.31354084592312575,0.9,0.5,0.41148799657821655
4,163,TENX99,4862,060x067,31524,28236,0.2151702180504799,0.05530502793340564,0.3922315128147602,1.0,0.5,0.4341002911329269
4,164,TENX99,5653,068x050,23524,32000,0.21513404250144957,0.05836331886720213,0.2636694498360157,0.9,0.5,0.4100866258144379
4,165,TENX99,10289,114x096,45171,53647,0.2150275930762291,0.05936524365558406,0.25831368938088417,0.8,0.5,0.370578795671463
4,166,TENX99,9460,106x076,35759,49883,0.21487631499767304,0.05445615344859738,0.3458939468488097,0.8,0.5,0.3821144998073578
4,167,TENX99,8471,096x097,45641,45177,0.21474192589521407,0.05732167784414148,0.32132594883441923,0.8,0.5,0.37579317986965177
4,168,TENX99,13677,148x022,10347,69647,0.21472497284412384,0.059630888353103165,0.23957088477909566,0.8,0.5,0.3853931039571762
4,169,TENX99,9765,109x078,36700,51294,0.2147005945444107,0.05567471645209106,0.24200233072042465,0.9,0.5,0.43152457773685454
4,170,TENX99,10996,121x096,45171,56941,0.21469633057713508,0.05836407699544226,0.30938388481736184,0.9,0.4,0.4157826840877533
4,171,TENX99,12772,139x041,19288,65412,0.21465110331773757,0.055898226640152024,0.3853245534002781,0.7,0.5,0.3318238139152527
4,172,TENX99,10497,116x102,47994,54589,0.2146245449781418,0.059552453279691574,0.3105943089351058,0.8,0.5,0.3843115299940109
4,173,TENX99,4763,059x068,31994,27765,0.2145850330591202,0.05702732735969323,0.33194563873112204,0.7,0.5,0.3406971275806427
4,174,TENX99,7668,088x102,47994,41412,0.21454351842403413,0.05639998199324323,0.19248850978910922,0.7,0.5,0.34591355323791506
4,175,TENX99,9865,110x077,36229,51765,0.21448663771152496,0.06149696025121197,0.27977296635508536,0.7,0.4,0.34708099663257597
4,176,TENX99,4162,053x066,31053,24941,0.21448619812726974,0.058608382414346745,0.213062646612525,0.6,0.5,0.31945109367370605
4,177,TENX99,7669,088x103,48465,41412,0.21448348164558412,0.05297803028471407,0.24273153077811002,0.6,0.5,0.31254137456417086
4,178,TENX99,11192,123x090,42347,57883,0.21448117345571518,0.057188232088363156,0.3323806896805763,0.5,0.5,0.27692251205444335
4,179,TENX99,13914,150x055,25877,70589,0.21443646401166916,0.05719127538660856,0.37092806994915006,0.5,0.5,0.272426563501358
4,180,TENX99,9786,109x099,46582,51294,0.21443317830562592,0.052816719003475426,0.2337013494223356,0.6,0.5,0.3157241463661194
4,181,TENX99,9464,106x080,37641,49883,0.21442707479000092,0.05699817126276384,0.3482883755117655,0.7,0.5,0.3427133232355118
4,182,TENX99,20,002x099,46582,941,0.21442192196846008,0.05967237546318182,0.19156806096434592,0.9,0.5,0.40069655478000643
4,183,TENX99,11697,128x090,42347,60236,0.21440240889787673,0.0590127959079147,0.22401270996779205,0.8,0.5,0.38408643305301665
4,184,TENX99,9116,103x035,16465,48471,0.21437815129756926,0.05727942521008516,0.17282908633351327,0.6,0.5,0.31711807250976565
4,185,TENX99,3462,046x067,31524,21647,0.2143593415617943,0.05739576056723314,0.24525360390543938,0.9,0.5,0.41107616424560545
4,186,TENX99,4377,055x081,38112,25883,0.21426323503255845,0.057269155450633255,0.44225072376430036,0.6,0.5,0.30532462894916534
4,187,TENX99,3565,047x070,32935,22118,0.21418142765760423,0.05579691438552457,0.2660516917705536,0.7,0.5,0.33764521181583407
4,188,TENX99,10180,113x088,41406,53177,0.2141188621520996,0.05603424302935444,0.2602099096402526,0.6,0.5,0.3027466684579849
4,189,TENX99,10496,116x101,47524,54589,0.21408893018960953,0.05588250613430198,0.28741323202848434,0.6,0.5,0.3152057647705078
4,190,TENX99,5957,071x052,24465,33412,0.21408295631408691,0.05278047766610766,0.3335018323734403,0.5,0.5,0.27854785323143005
4,191,TENX99,10791,119x093,43759,56000,0.2140512064099312,0.06124859623052457,0.3308732230216265,0.6,0.5,0.314529812335968
4,192,TENX99,10696,118x099,46582,55530,0.2140256255865097,0.04873794457530936,0.18610819876194,0.5,0.5,0.27401347160339357
4,193,TENX99,10772,119x074,34818,56000,0.21400317847728728,0.05312891214828134,0.23758432492613793,0.8,0.5,0.39658844769001006
4,194,TENX99,10374,115x080,37641,54118,0.21399689465761185,0.058896016743816074,0.2593538351356983,0.9,0.5,0.4180071622133255
4,195,TENX99,4191,053x095,44700,24941,0.21398522108793258,0.05847644715742384,0.22479929644614458,0.6,0.5,0.30774740874767303
4,196,TENX99,5336,065x036,16935,30589,0.21397152096033095,0.05835916021603775,0.32000300511717794,0.8,0.5,0.3605217784643173
4,197,TENX99,11407,125x103,48465,58824,0.2139216646552086,0.05563111598215436,0.1790848460048437,0.8,0.5,0.39370488524436953
4,198,TENX99,8406,096x032,15053,45177,0.2137104630470276,0.05780565060500933,0.32217466570436953,0.7,0.4,0.3304017007350922
4,199,TENX99,10077,112x087,40935,52706,0.21367318779230118,0.05668736100702386,0.3258062440901995,0.8,0.5,0.36469497680664065
4,200,TENX99,3853,050x057,26818,23530,0.21362971961498262,0.05718817174687391,0.27009228654205797,0.7,0.5,0.3423020988702774
4,201,TENX99,10592,117x096,45171,55059,0.21360914409160614,0.05745056236418702,0.31715680547058583,0.9,0.5,0.3920856535434723
4,202,TENX99,10801,119x103,48465,56000,0.2136036366224289,0.057484080997636085,0.18944462835788728,0.8,0.5,0.36772422194480897
4,203,TENX99,10165,113x073,34347,53177,0.21358696967363358,0.05481056993583958,0.3133828531950712,0.5,0.5,0.28387590050697326
4,204,TENX99,11091,122x090,42347,57412,0.21334539949893952,0.055639732968985056,0.3105463821440935,0.6,0.5,0.2944602817296982
4,205,TENX99,8266,094x094,44229,44236,0.21326616406440735,0.05997173907481211,0.1983143612742424,0.7,0.5,0.35295472741127015
4,206,TENX99,10581,117x085,39994,55059,0.21326301246881485,0.05471701517020238,0.26161783561110497,0.7,0.5,0.3407249391078949
4,207,TENX99,8668,098x092,43288,46118,0.21324841529130936,0.05521241040007587,0.22652425449341534,0.8,0.5,0.36975803375244143
4,208,TENX99,10583,117x087,40935,55059,0.21324749141931534,0.054111528271095985,0.18249260485172272,0.8,0.5,0.36712968051433564
4,209,TENX99,6702,078x095,44700,36706,0.21323601603507997,0.055739181144589776,0.28899109922349453,0.9,0.5,0.4170623332262039
4,210,TENX99,5047,062x050,23524,29177,0.2132335677742958,0.05474847144209606,0.3241487812250853,0.5,0.5,0.2709927916526794
4,211,TENX99,11497,126x092,43288,59294,0.21316723972558976,0.06026054663950374,0.29867270924150946,0.8,0.5,0.3736439883708954
4,212,TENX99,7158,083x087,40935,39059,0.2130933403968811,0.06189802660886811,0.23424511812627316,0.9,0.5,0.40570869743824006
4,213,TENX99,8866,100x088,41406,47059,0.21308554261922835,0.05411151352729596,0.20491411425173284,0.7,0.5,0.3500073879957199
4,214,TENX99,10074,112x084,39524,52706,0.21307363659143447,0.06153440528460102,0.40191743411123754,0.7,0.5,0.33855436444282533
4,215,TENX99,7961,091x092,43288,42824,0.21301727443933488,0.05751904173699998,0.2193136714398861,0.7,0.5,0.34165789783000944
4,216,TENX99,11704,128x097,45641,60236,0.21300122290849685,0.05939200053660643,0.2694226637482643,0.9,0.4,0.3991816580295563
4,217,TENX99,10485,116x090,42347,54589,0.21299877166748046,0.05821742667085666,0.27202504109591247,0.6,0.4,0.3082565933465958
4,218,TENX99,11306,124x103,48465,58353,0.21295893043279648,0.06047951697472909,0.2641363427042961,0.8,0.5,0.38800798952579496
4,219,TENX99,11395,125x091,42818,58824,0.21294639110565186,0.0595184185375954,0.36843296587467195,0.9,0.4,0.40314723253250123
4,220,TENX99,11802,129x093,43759,60706,0.2128465250134468,0.05647219204744983,0.18542710170149804,1.0,0.5,0.44376803934574127
4,221,TENX99,9880,110x092,43288,51765,0.21284563094377518,0.05689763727350248,0.2267173405736685,0.8,0.5,0.36630367040634154
4,222,TENX99,9767,109x080,37641,51294,0.2127777874469757,0.055432001653531675,0.2756144691258669,0.9,0.4,0.4146006226539612
4,223,TENX99,12113,132x098,46112,62118,0.21274880021810533,0.05449886166121231,0.29649227000772954,0.7,0.5,0.3280260592699051
4,224,TENX99,10588,117x092,43288,55059,0.21267960518598555,0.0541687931068623,0.26487766280770303,0.5,0.5,0.27302011251449587
4,225,TENX99,6984,081x097,45641,38118,0.21263617128133774,0.05747122478918263,0.1430028684437275,0.8,0.5,0.3904264152050018
4,226,TENX99,4192,053x096,45171,24941,0.21260942965745927,0.0565190109594504,0.25028877779841424,0.5,0.5,0.27613325715065
4,227,TENX99,8673,098x097,45641,46118,0.21260708272457124,0.05677984060082239,0.28043362870812416,0.6,0.5,0.31402674615383147
4,228,TENX99,8672,098x096,45171,46118,0.21257618069648743,0.058125910920910434,0.20433547385036946,0.7,0.5,0.34008969366550446
4,229,TENX99,7452,086x087,40935,40471,0.21254910230636598,0.0581883706634365,0.29741440434008837,0.6,0.5,0.3081526726484299
4,230,TENX99,12323,134x104,48935,63059,0.21253796070814132,0.05984864952741674,0.2906874608248472,0.5,0.5,0.27938020825386045
4,231,TENX99,7556,087x091,42818,40941,0.21253658682107926,0.06100110287556751,0.2141677251085639,0.8,0.5,0.37893410623073576
4,232,TENX99,86,006x079,37171,2824,0.21250244081020356,0.06580076447548394,0.19698641076683998,0.7,0.5,0.3470838814973831
4,233,TENX99,10900,120x101,47524,56471,0.21246522963047026,0.057369788981887535,0.18826794251799583,0.7,0.5,0.35987851619720457
4,234,TENX99,10389,115x095,44700,54118,0.2124415472149849,0.054661400528545345,0.3267442934215069,0.5,0.5,0.27287039160728455
4,235,TENX99,1604,028x009,4229,13177,0.21235644370317458,0.057966888165513396,0.23512344174087046,0.7,0.4,0.3414407730102539
4,236,TENX99,3243,044x048,22582,20706,0.2123254969716072,0.05984046813945874,0.16909517869353294,0.7,0.5,0.3391088992357254
4,237,TENX99,11205,123x103,48465,57883,0.2122942954301834,0.059471526440880856,0.18925930187106133,0.9,0.5,0.42819505035877226
4,238,TENX99,3861,050x065,30582,23530,0.2122908875346184,0.05651885952312299,0.30428216345608233,0.6,0.5,0.3037544786930084
4,239,TENX99,10889,120x090,42347,56471,0.21228141337633133,0.05709955454311974,0.23602093514055014,0.6,0.5,0.31025188565254214
4,240,TENX99,11298,124x095,44700,58353,0.21221619993448257,0.05749332019598376,0.3465744085609913,0.7,0.5,0.346015402674675
4,241,TENX99,3144,043x049,23053,20236,0.21220298558473588,0.05955604656997576,0.30507192872464656,0.7,0.5,0.34132314324378965
4,242,TENX99,2654,038x059,27759,17883,0.21219290047883987,0.05684468950661068,0.228153433278203,0.6,0.5,0.30062086284160616
4,243,TENX99,3760,049x065,30582,23059,0.2121216967701912,0.05812956737142667,0.2627090845257044,0.6,0.5,0.30674475729465484
4,244,TENX99,8769,099x092,43288,46589,0.21211149394512177,0.05562857546182428,0.19074658825993537,0.7,0.5,0.3356314778327942
4,245,TENX99,11088,122x087,40935,57412,0.2121053397655487,0.05998212306265488,0.27818440571427344,0.6,0.5,0.30719684064388275
4,246,TENX99,145,008x075,35288,3765,0.21205812692642212,0.057983758489314814,0.24018634669482708,0.7,0.4,0.329223769903183
4,247,TENX99,7655,088x089,41877,41412,0.2120370715856552,0.055833592803995864,0.2386465197429061,0.8,0.5,0.37104426622390746
4,248,TENX99,6263,074x055,25877,34824,0.2120140478014946,0.06005353443071448,0.26164038516581056,0.9,0.5,0.402006733417511
4,249,TENX99,9115,103x034,15994,48471,0.21195546984672547,0.060709030174885034,0.259886484593153,0.8,0.5,0.3730734407901764
4,250,TENX99,10991,121x091,42818,56941,0.21186826825141908,0.053688699571967174,0.2584559414535761,0.9,0.5,0.40350141525268557
4,251,TENX99,19716,207x035,16465,97412,0.21181948035955428,0.050920376373599606,0.28672728650271895,0.5,0.4,0.26444151997566223
4,252,TENX99,10670,118x073,34347,55530,0.21181008964776993,0.06312579393685573,0.29275950118899347,0.6,0.4,0.31912036538124083
4,253,TENX99,2641,038x046,21641,17883,0.211776202917099,0.060251901158939636,0.34856960996985437,0.9,0.5,0.40770561397075655
4,254,TENX99,10366,115x072,33877,54118,0.21174965053796768,0.05662079918712326,0.2752893194556236,0.6,0.5,0.3115358054637909
4,255,TENX99,8560,097x085,39994,45647,0.2117264226078987,0.059250376215523363,0.2776494139805436,0.7,0.5,0.3269217759370804
4,256,TENX99,8662,098x086,40465,46118,0.21169579923152923,0.05963671239863924,0.28886065520346166,0.8,0.5,0.36379442512989046
5,1,TENX99,14473,156x001,465,73412,0.20592122822999953,0.026488211037196226,0.23891617516055702,0.9,0.3,0.4169181138277054
5,2,TENX99,9442,106x058,27288,49883,0.2022222712635994,0.02075517178660742,0.22936905873939395,0.9,0.2,0.39680429697036745
5,3,TENX99,9444,106x060,28229,49883,0.2021201342344284,0.021248779373068242,0.11561455614864827,0.9,0.1,0.4092769056558609
5,4,TENX99,20072,210x092,43288,98824,0.20169688165187835,0.021431961126660785,0.20512214982882143,1.0,0.2,0.4442616105079651
5,5,TENX99,19971,209x090,42347,98353,0.2013593465089798,0.026093153186913177,0.18492148779332637,0.9,0.2,0.3899189233779907
5,6,TENX99,9544,107x059,27759,50353,0.19757414907217025,0.024606684640208015,0.19296729760244488,0.8,0.2,0.36325503289699557
5,7,TENX99,9244,104x062,29171,48941,0.1974809303879738,0.02441947452574892,0.1860555622726679,0.5,0.2,0.24668279588222503
5,8,TENX99,9142,103x061,28700,48471,0.19681866616010665,0.026300708021253602,0.0704865570180118,0.9,0.3,0.4101149171590805
5,9,TENX99,10212,114x019,8935,53647,0.1968032717704773,0.027665419577563428,0.13486734088510274,0.9,0.3,0.40867159366607664
5,10,TENX99,9441,106x057,26818,49883,0.19525680392980577,0.028412728516708296,0.1577396560460329,0.8,0.2,0.3693690687417984
5,11,TENX99,9343,105x060,28229,49412,0.19354650527238845,0.031166117359152392,0.05024753212928772,0.8,0.2,0.36833625137805937
5,12,TENX99,8033,092x063,29641,43294,0.19328107833862304,0.02195669044238522,0.1353751566261053,0.8,0.3,0.3407701104879379
5,13,TENX99,10771,119x073,34347,56000,0.19305313974618912,0.024730417193893784,0.10630246018990874,0.8,0.0,0.3659659504890442
5,14,TENX99,9242,104x060,28229,48941,0.19209466874599457,0.026264539583282117,0.09277428053319454,0.6,0.3,0.2831631064414978
5,15,TENX99,9141,103x060,28229,48471,0.19203498363494872,0.0232012312739417,0.15255586113780736,0.9,0.1,0.3774092346429825
5,16,TENX99,8742,099x065,30582,46589,0.19157391786575317,0.02296733704768528,0.013236160296946764,0.6,0.1,0.2748445004224777
5,17,TENX99,173,009x067,31524,4236,0.1905927523970604,0.023132195816228752,0.22351936008781195,0.5,0.0,0.1786429762840271
5,18,TENX99,9443,106x059,27759,49883,0.1899678885936737,0.01965416840346084,0.08197848880663514,0.7,0.1,0.3031510293483734
5,19,TENX99,9243,104x061,28700,48941,0.18976755142211915,0.021180862576169655,0.2010918479412794,0.7,0.1,0.30954928398132325
5,20,TENX99,10317,115x023,10818,54118,0.18966683000326157,0.025398656838850963,0.054314104933291675,0.7,0.1,0.3064675837755203
5,21,TENX99,9344,105x061,28700,49412,0.18961845934391022,0.02295108266560927,0.15160151682794093,0.8,0.0,0.3139550179243088
5,22,TENX99,7781,090x013,6112,42353,0.18904589265584945,0.030537743921029713,-0.0402791902422905,0.7,0.3,0.3179822117090225
5,23,TENX99,7641,088x075,35288,41412,0.18901565968990325,0.02556580570229335,-0.015996017772704364,0.4,0.0,0.1716690957546234
5,24,TENX99,721,019x012,5641,8941,0.18889999091625215,0.019340018673610637,0.1393292156048119,0.5,0.0,0.2102665513753891
5,25,TENX99,17749,187x102,47994,88000,0.1884792998433113,0.025049374246458842,0.1794519480317831,0.5,0.0,0.22274243831634521
5,26,TENX99,19393,204x014,6582,96000,0.18834022879600526,0.019899973407479312,0.11609511775895953,0.4,0.0,0.1722698450088501
5,27,TENX99,23,003x085,39994,1412,0.188214111328125,0.021187521448514074,0.07770478846505284,0.8,0.0,0.3518017828464508
5,28,TENX99,9245,104x063,29641,48941,0.1872437670826912,0.024609518455463424,0.04229221697896719,0.6,0.0,0.2477877914905548
5,29,TENX99,20214,212x090,42347,99765,0.18722126483917237,0.021036041922151315,0.11038672653958201,0.6,0.1,0.24820007085800172
5,30,TENX99,19973,209x092,43288,98353,0.18704666197299957,0.020107991664920485,0.11475126147270202,0.6,0.0,0.24082968533039092
5,31,TENX99,9342,105x059,27759,49412,0.18694597482681274,0.02793279406210877,0.019665279239416123,0.7,0.1,0.32659295201301575
5,32,TENX99,7840,090x072,33877,42353,0.1853543221950531,0.022911019768647622,0.046372166369110346,0.4,0.0,0.16974243819713591
5,33,TENX99,3499,047x004,1877,22118,0.1850471317768097,0.020478185102635216,0.11951490668579937,0.5,0.0,0.19629326462745667
5,34,TENX99,10213,114x020,9406,53647,0.1845792219042778,0.02417036576472646,0.12016784492880106,0.4,0.0,0.1681966871023178
5,35,TENX99,9446,106x062,29171,49883,0.1843407392501831,0.024124448887527964,0.03589153811335564,0.5,0.0,0.18482112884521484
5,36,TENX99,10870,120x071,33406,56471,0.18418479710817337,0.0206526319675666,0.12053775927051902,0.5,0.1,0.19032422304153443
5,37,TENX99,9341,105x058,27288,49412,0.1837654322385788,0.0249414828479931,0.08074264042079449,0.5,0.0,0.21512943506240845
5,38,TENX99,10313,115x019,8935,54118,0.18353240340948104,0.024528640384265735,0.10113789793103933,0.5,0.0,0.21291224360466005
5,39,TENX99,9041,102x061,28700,48000,0.18269595354795456,0.023165276458437335,0.0022705072537064553,0.3,0.0,0.1236003190279007
5,40,TENX99,14885,160x001,465,75294,0.18250333070755004,0.021559495854558193,0.03165330942720175,0.3,0.0,0.10223504602909088
5,41,TENX99,8744,099x067,31524,46589,0.1823483407497406,0.021449966869914034,0.0870084073394537,0.2,0.0,0.07006779015064239
5,42,TENX99,8941,101x062,29171,47530,0.18227258771657945,0.024592012374758915,0.09404466897249222,0.6,0.0,0.2236994504928589
5,43,TENX99,9345,105x062,29171,49412,0.18209339380264283,0.02984941610701769,0.16037183245643974,0.6,0.2,0.25942687392234803
5,44,TENX99,10671,118x074,34818,55530,0.18195852190256118,0.02026272924019003,0.11188434641808272,0.3,0.0,0.1277967154979706
5,45,TENX99,19873,208x092,43288,97883,0.18152918964624404,0.01843120167305962,0.017885568970814347,0.2,0.0,0.06442947387695312
5,46,TENX99,10165,113x073,34347,53177,0.18054628670215606,0.016579787456930253,0.17518984777852892,0.4,0.0,0.1471701294183731
5,47,TENX99,10670,118x073,34347,55530,0.18017472326755524,0.02408811201085345,0.16746394457295538,0.5,0.0,0.21009164452552795
5,48,TENX99,8839,100x061,28700,47059,0.17979475110769272,0.02145849920379345,0.017591959796845913,0.3,0.0,0.10214427411556244
5,49,TENX99,16241,173x023,10818,81412,0.17936725169420242,0.019902283462400673,0.04694012710824609,0.1,0.0,0.042017558217048646
5,50,TENX99,11298,124x095,44700,58353,0.1791633903980255,0.020146820593915146,0.20782882049679757,0.2,0.0,0.087158203125
5,51,TENX99,7627,088x061,28700,41412,0.179011769592762,0.02238207861744212,0.055285338312387466,0.5,0.0,0.18101102709770203
5,52,TENX99,9543,107x058,27288,50353,0.17868612557649613,0.02309655428481536,0.056660649925470354,0.4,0.0,0.16087405383586884
5,53,TENX99,7742,089x075,35288,41883,0.17803594172000886,0.022234030059869844,0.09072353458032012,0.3,0.0,0.12143681347370147
5,54,TENX99,20216,212x092,43288,99765,0.17795916497707367,0.023087670425872835,-0.02189791090786457,0.3,0.0,0.13038553893566132
5,55,TENX99,7207,084x035,16465,39530,0.1777905821800232,0.020510527394684164,0.13956929855048655,0.4,0.0,0.13226336240768433
5,56,TENX99,9241,104x059,27759,48941,0.1776259258389473,0.023297150650955955,-0.06324466690421104,0.3,0.1,0.12197785079479218
5,57,TENX99,20268,213x091,42818,100236,0.17710262835025786,0.022900647027341854,0.10296121314167976,0.3,0.0,0.11758731901645661
5,58,TENX99,9968,111x079,37171,52236,0.17662653625011443,0.015383064089975041,0.13586263405159116,0.4,0.0,0.15133799910545348
5,59,TENX99,8143,093x072,33877,43765,0.17644935995340347,0.025526805592099,0.027847138606011866,0.5,0.0,0.20915270745754241
5,60,TENX99,209,010x065,30582,4706,0.17643506675958634,0.01806592894170534,0.0663605771958828,0.2,0.0,0.06820106208324432
5,61,TENX99,725,019x016,7524,8941,0.17625196874141694,0.021871302317197947,-0.000811149924993515,0.3,0.0,0.10588335692882538
5,62,TENX99,8943,101x064,30112,47530,0.17624460458755492,0.0181044293400021,-0.053038059175014494,0.2,0.0,0.08405295014381409
5,63,TENX99,19974,209x093,43759,98353,0.17607247978448867,0.020658402052618336,0.01796431839466095,0.3,0.0,0.11270369589328766
5,64,TENX99,10569,117x073,34347,55059,0.1758734479546547,0.02213619152909077,0.15364008178003133,0.4,0.0,0.16232969164848327
5,65,TENX99,9867,110x079,37171,51765,0.175793294608593,0.018462063974968093,0.18393730260431768,0.2,0.0,0.08224527835845948
5,66,TENX99,8240,094x068,31994,44236,0.17572930157184602,0.017383347576786137,0.02224004892632365,0.2,0.0,0.08435576856136322
5,67,TENX99,7739,089x072,33877,41883,0.17567831575870513,0.024938325816321286,0.08191139958798885,0.1,0.0,0.03511647880077362
5,68,TENX99,8842,100x064,30112,47059,0.1755734071135521,0.01798569903796341,0.004251139983534813,0.4,0.0,0.14978878498077391
5,69,TENX99,10211,114x018,8465,53647,0.1755662143230438,0.024791609885981492,-0.1016365485265851,0.1,0.0,0.034316256642341614
5,70,TENX99,7538,087x073,34347,40941,0.17546407878398895,0.020671173797622497,0.01070745624601841,0.0,0.0,0.0
5,71,TENX99,7023,082x035,16465,38589,0.17520875930786134,0.022993116884678196,-0.04296121718361974,0.3,0.0,0.12563908696174622
5,72,TENX99,8637,098x061,28700,46118,0.1750810280442238,0.018057406613462182,0.11318109165877104,0.0,0.0,0.0
5,73,TENX99,7941,091x072,33877,42824,0.17507203966379165,0.019569957420119213,0.08822245728224516,0.4,0.0,0.14307676255702972
5,74,TENX99,8244,094x072,33877,44236,0.1750280812382698,0.021643641972093477,-0.021455039363354446,0.5,0.0,0.19162291884422303
5,75,TENX99,8342,095x069,32465,44706,0.17498542368412018,0.018830676445194115,-0.11360037326812744,0.3,0.0,0.12459425032138824
5,76,TENX99,9445,106x061,28700,49883,0.17486564964056014,0.021039835093859174,-0.032441023737192154,0.1,0.0,0.03127777576446533
5,77,TENX99,8044,092x074,34818,43294,0.17467034608125687,0.02490335323273136,-0.0229220699518919,0.2,0.0,0.0825010746717453
5,78,TENX99,9447,106x063,29641,49883,0.17431661635637283,0.026232517393571443,-0.006744507420808077,0.3,0.0,0.11710560619831085
5,79,TENX99,10469,116x074,34818,54589,0.17423185259103774,0.01934534102284796,0.08944423831999301,0.3,0.0,0.11537027359008789
5,80,TENX99,7638,088x072,33877,41412,0.17408646047115325,0.017870981478677925,0.12834676569327713,0.0,0.0,0.0
5,81,TENX99,14214,153x049,23053,72000,0.17389296889305114,0.021079830208999416,-0.0015201162546873092,0.2,0.0,0.05936107635498047
5,82,TENX99,723,019x014,6582,8941,0.17381875067949296,0.02058225627668252,0.010492320358753204,0.2,0.0,0.06728103458881378
5,83,TENX99,0,000x099,46582,0,0.17372310310602188,0.023150405224784447,-0.016340900957584382,0.2,0.0,0.07438511550426483
5,84,TENX99,9140,103x059,27759,48471,0.17368412762880325,0.02378963747719989,0.07723583467304707,0.2,0.0,0.06957373023033142
5,85,TENX99,10970,121x070,32935,56941,0.17364920675754547,0.02130938188142303,0.2220756806433201,0.2,0.0,0.058830276131629944
5,86,TENX99,10668,118x071,33406,55530,0.17345489859580993,0.01788918907215225,0.07857981296256185,0.3,0.0,0.09680593013763428
5,87,TENX99,10690,118x093,43759,55530,0.17341047674417495,0.016693395107661005,0.12413705587387085,0.3,0.0,0.1214724212884903
5,88,TENX99,9545,107x060,28229,50353,0.1733960047364235,0.026861649703646507,-0.06026769727468491,0.3,0.0,0.12665716409683228
5,89,TENX99,8242,094x070,32935,44236,0.1733651116490364,0.019477542377058166,-0.03815770680084825,0.4,0.0,0.1339520126581192
5,90,TENX99,7839,090x071,33406,42353,0.17312951385974884,0.028591463359069064,-0.11666832566261291,0.5,0.0,0.21648114621639253
5,91,TENX99,8142,093x071,33406,43765,0.1730569913983345,0.019658445745817047,0.0007942706346511841,0.3,0.0,0.10472565591335296
5,92,TENX99,9463,106x079,37171,49883,0.17301786988973616,0.016771002116680443,0.0880473792552948,0.3,0.0,0.11641243994235992
5,93,TENX99,7942,091x073,34347,42824,0.17294345647096634,0.019925359015247304,0.047611637692898515,0.2,0.0,0.07027007043361663
5,94,TENX99,7227,084x055,25877,39530,0.172865828871727,0.01734780545694151,0.03758917069062591,0.0,0.0,0.0
5,95,TENX99,7216,084x044,20700,39530,0.1728133350610733,0.02277854796935977,0.028992892522364856,0.1,0.0,0.03187860548496246
5,96,TENX99,19872,208x091,42818,97883,0.17263396978378295,0.020325647427627144,0.08789390753954648,0.0,0.0,0.0
5,97,TENX99,7241,084x073,34347,39530,0.1726083680987358,0.020165065120394145,0.05715991705656052,0.2,0.0,0.07851088047027588
5,98,TENX99,6359,075x050,23524,35294,0.1724325269460678,0.020768664985846157,0.06819544546306133,0.3,0.0,0.09821787476539612
5,99,TENX99,9845,110x057,26818,51765,0.17241015434265136,0.020366196021350133,0.12286829967051745,0.2,0.0,0.060457319021224976
5,100,TENX99,20071,210x091,42818,98824,0.17240791022777557,0.022432209889277067,0.06068537193350494,0.1,0.0,0.03324948251247406
5,101,TENX99,9744,109x057,26818,51294,0.17209842056035995,0.020085125126439604,0.01631641611456871,0.3,0.0,0.09526776671409606
5,102,TENX99,10167,113x075,35288,53177,0.1720118209719658,0.02016788507483304,0.14811206553131342,0.1,0.0,0.03527767062187195
5,103,TENX99,19972,209x091,42818,98353,0.17198759615421294,0.022395202516945333,-0.13677904047071934,0.0,0.0,0.0
5,104,TENX99,12323,134x104,48935,63059,0.1719463586807251,0.018000590984973065,0.11428013634867966,0.4,0.0,0.14240158796310426
5,105,TENX99,8942,101x063,29641,47530,0.17181864380836487,0.018541398368617557,-0.09638366028666497,0.1,0.0,0.035087138414382935
5,106,TENX99,7539,087x074,34818,40941,0.17177970558404923,0.01701197702575873,0.08045027405023575,0.0,0.0,0.0
5,107,TENX99,9964,111x075,35288,52236,0.17168827652931212,0.022523532341747927,0.06227720370516181,0.0,0.0,0.0
5,108,TENX99,20069,210x089,41877,98824,0.17168405055999755,0.022844986351414947,0.012615829706192017,0.3,0.0,0.10944588482379913
5,109,TENX99,8245,094x073,34347,44236,0.17153823524713516,0.019007264976929124,0.01765347719192505,0.5,0.0,0.16545930206775666
5,110,TENX99,8745,099x068,31994,46589,0.17151141464710234,0.023853464299456457,-0.08494987562298775,0.3,0.0,0.10953103601932526
5,111,TENX99,19192,202x015,7053,95059,0.1713750809431076,0.017634454534782004,0.07646810747683049,0.1,0.0,0.03334436118602753
5,112,TENX99,9246,104x064,30112,48941,0.17131771743297577,0.023785345183397956,-5.47223724424839e-05,0.1,0.0,0.04349806308746338
5,113,TENX99,8145,093x074,34818,43765,0.171242393553257,0.01982581941683779,0.15745131745934487,0.3,0.0,0.09496837258338928
5,114,TENX99,11064,122x063,29641,57412,0.17108968049287795,0.020563696977017026,0.012958449404686689,0.0,0.0,0.0
5,115,TENX99,9564,107x079,37171,50353,0.17106558829545976,0.01487920240662077,0.06627049194648862,0.1,0.0,0.03796269595623016
5,116,TENX99,7135,083x055,25877,39059,0.17104402482509612,0.018479202464183497,0.09784629661589861,0.0,0.0,0.0
5,117,TENX99,20155,211x092,43288,99294,0.17102551758289336,0.023599886656394578,0.08900281125679613,0.3,0.0,0.11879431307315827
5,118,TENX99,8731,099x054,25406,46589,0.17090473920106888,0.018950482304394264,0.09156919904053211,0.1,0.0,0.03153816163539887
5,119,TENX99,6931,081x036,16935,38118,0.17088625729084014,0.020146049375451138,0.0028991677798330786,0.0,0.0,0.0
5,120,TENX99,8241,094x069,32465,44236,0.170804862678051,0.018520842920979306,-0.001490427553653717,0.2,0.0,0.06476313769817352
5,121,TENX99,10769,119x071,33406,56000,0.17077857553958892,0.0188878041471682,0.12275805380195379,0.2,0.0,0.06726211607456208
5,122,TENX99,6009,071x104,48935,33412,0.17019558548927308,0.02151838234950812,0.035983520373702046,0.3,0.0,0.10001929998397827
5,123,TENX99,8043,092x073,34347,43294,0.1701611176133156,0.02027213010748612,-0.05329220928251743,0.2,0.0,0.06637355983257294
5,124,TENX99,2,000x101,47524,0,0.17010878771543503,0.02327295108965366,-0.062055140361189844,0.1,0.0,0.03549278676509857
5,125,TENX99,8443,096x069,32465,45177,0.16992383748292922,0.016318360323878858,0.06677744388580323,0.0,0.0,0.0
5,126,TENX99,7740,089x073,34347,41883,0.16991177797317505,0.022676180959194124,0.017368348222225903,0.1,0.0,0.03260052800178528
5,127,TENX99,8641,098x065,30582,46118,0.1696610301733017,0.019284116102936236,-0.009611555188894273,0.1,0.0,0.03180825710296631
5,128,TENX99,20215,212x091,42818,99765,0.16950799971818925,0.019695949946787555,0.09714825684204698,0.1,0.0,0.03221893310546875
5,129,TENX99,8343,095x070,32935,44706,0.16949164271354675,0.019515056858214672,0.05016778558492661,0.3,0.0,0.09483037889003754
5,130,TENX99,10584,117x088,41406,55059,0.16948502957820893,0.015494837775658318,0.04010408967733383,0.1,0.0,0.04088859260082245
5,131,TENX99,9459,106x075,35288,49883,0.16948231309652328,0.01977731009116655,0.10408393638208509,0.0,0.0,0.0
5,132,TENX99,10065,112x075,35288,52706,0.16938745081424714,0.019346826598499185,0.011119353771209716,0.1,0.0,0.043949741125106814
5,133,TENX99,11691,128x084,39524,60236,0.16929541528224945,0.01584318426823972,0.004453016817569733,0.0,0.0,0.0
5,134,TENX99,10069,112x079,37171,52706,0.1692715674638748,0.01815420122440032,0.026305460929870607,0.2,0.0,0.08033306896686554
5,135,TENX99,6544,077x033,15524,36236,0.16920287758111954,0.01975604098273564,-0.06311598531901837,0.1,0.0,0.030696719884872437
5,136,TENX99,8743,099x066,31053,46589,0.16915553510189058,0.023432772085393037,-0.10419434905052186,0.3,0.0,0.10831330120563507
5,137,TENX99,20070,210x090,42347,98824,0.16908344626426697,0.019891596122670562,0.03526120176538825,0.0,0.0,0.0
5,138,TENX99,9648,108x062,29171,50824,0.16906354576349258,0.016972694523601405,0.005440537352114916,0.1,0.0,0.03312219679355621
5,139,TENX99,9660,108x074,34818,50824,0.1690450757741928,0.016675194365646965,0.01271059326827526,0.0,0.0,0.0
5,140,TENX99,7649,088x083,39053,41412,0.1690323069691658,0.01837428406812018,-0.05533284023404121,0.1,0.0,0.032634133100509645
5,141,TENX99,650,018x032,15053,8471,0.16901157796382904,0.023725519016096222,-0.0029714672826230528,0.2,0.0,0.06354370713233948
5,142,TENX99,8341,095x068,31994,44706,0.16898996233940125,0.022097718738091476,-0.035424796119332316,0.0,0.0,0.0
5,143,TENX99,6849,080x047,22112,37647,0.16892000287771225,0.020666381551496235,0.10357908569276333,0.2,0.0,0.07498273849487305
5,144,TENX99,17646,186x102,47994,87530,0.1687746077775955,0.026067004286208527,-0.09577967496588827,0.2,0.0,0.07552323043346405
5,145,TENX99,10265,114x072,33877,53647,0.16838588565587997,0.01751340274715766,0.028559686988592146,0.2,0.0,0.06610414087772369
5,146,TENX99,7139,083x059,27759,39059,0.16830895841121674,0.01778154695827382,-0.03435835782438516,0.0,0.0,0.0
5,147,TENX99,7741,089x074,34818,41883,0.16822723895311356,0.029313537742771803,0.015710441581904887,0.3,0.0,0.12488218545913696
5,148,TENX99,9563,107x078,36700,50353,0.1681775704026222,0.021326024642016706,0.13479200657457113,0.1,0.0,0.04175610542297363
5,149,TENX99,20153,211x090,42347,99294,0.16815620809793472,0.022149078343709352,-0.00031881555914878843,0.1,0.0,0.03087613582611084
5,150,TENX99,8042,092x072,33877,43294,0.16813993752002715,0.01940514860564822,0.026027855277061463,0.0,0.0,0.0
5,151,TENX99,8339,095x066,31053,44706,0.16810630559921264,0.015815375912767184,-0.10298250019550323,0.0,0.0,0.0
5,152,TENX99,7707,089x040,18818,41883,0.16805545687675477,0.0212288645769893,-0.05563975460827351,0.1,0.0,0.034456858038902284
5,153,TENX99,10168,113x076,35759,53177,0.16803831607103348,0.020378078151421623,0.04419006928801537,0.1,0.0,0.03284117579460144
5,154,TENX99,20213,212x089,41877,99765,0.16801694184541702,0.018722984183528496,0.051248560473322866,0.4,0.0,0.11803407669067383
5,155,TENX99,9645,108x059,27759,50824,0.16800878793001175,0.025931520886174945,-0.07223487868905068,0.2,0.0,0.06189646124839783
5,156,TENX99,7629,088x063,29641,41412,0.1679498001933098,0.020271028094354444,0.011576315760612488,0.1,0.0,0.046485844254493716
5,157,TENX99,11002,121x102,47994,56941,0.16783995777368546,0.01685627241621472,-0.001676013320684433,0.1,0.0,0.038659167289733884
5,158,TENX99,19190,202x013,6112,95059,0.1677854388952255,0.016575870873728017,0.10582093363627791,0.2,0.0,0.0657868206501007
5,159,TENX99,6937,081x042,19759,38118,0.16778329163789749,0.021090183907946827,-0.011412540543824434,0.1,0.0,0.030767479538917543
5,160,TENX99,12425,135x104,48935,63530,0.16770194917917253,0.01990853260346341,-0.0563875887542963,0.3,0.0,0.10105061531066895
5,161,TENX99,8266,094x094,44229,44236,0.16766691505908965,0.016215594980712913,-0.00564112514257431,0.0,0.0,0.0
5,162,TENX99,140,008x070,32935,3765,0.16734217703342438,0.020285834750169093,-0.18509947806596755,0.0,0.0,0.0
5,163,TENX99,8344,095x071,33406,44706,0.1672974407672882,0.02027991795942984,-0.12833301573991776,0.1,0.0,0.04825678169727325
5,164,TENX99,8966,101x087,40935,47530,0.16728966534137726,0.01709598469170123,0.134096122905612,0.0,0.0,0.0
5,165,TENX99,9043,102x063,29641,48000,0.16720150411128998,0.01566606302040591,-0.14754242822527885,0.1,0.0,0.032430267333984374
5,166,TENX99,7640,088x074,34818,41412,0.1671055004000664,0.02250551496661936,-0.12490098252892494,0.1,0.0,0.031521272659301755
5,167,TENX99,11304,124x101,47524,58353,0.16709717959165574,0.018562308360190898,0.01916804611682892,0.1,0.0,0.035738542675971985
5,168,TENX99,7542,087x077,36229,40941,0.16704178899526595,0.02235869661507006,-0.06719719576649368,0.1,0.0,0.03103320598602295
5,169,TENX99,6838,080x036,16935,37647,0.16701118052005767,0.019630687309159376,-0.030559885688126086,0.0,0.0,0.0
5,170,TENX99,19293,203x015,7053,95530,0.16699370592832566,0.019101043931358214,0.14113040529191495,0.1,0.0,0.04224274754524231
5,171,TENX99,6350,075x041,19288,35294,0.16697438359260558,0.019042044193427414,0.11570421224460006,0.1,0.0,0.04126937687397003
5,172,TENX99,9568,107x083,39053,50353,0.1669669806957245,0.01841109076195012,0.10648886263370513,0.1,0.0,0.03201715648174286
5,173,TENX99,7639,088x073,34347,41412,0.1669662818312645,0.020811980609510287,-0.09515495300292968,0.1,0.0,0.028816017508506774
5,174,TENX99,8442,096x068,31994,45177,0.16695539504289628,0.015304845564692103,0.013255952205508948,0.0,0.0,0.0
5,175,TENX99,7527,087x062,29171,40941,0.16682573407888412,0.01948439768154065,0.06302336519584059,0.3,0.0,0.09926154017448426
5,176,TENX99,7305,085x036,16935,40000,0.16676077246665955,0.025492345390668084,-0.11568601876497268,0.2,0.0,0.0592851310968399
5,177,TENX99,9665,108x079,37171,50824,0.16670759916305541,0.018495745502480412,0.08482916429638862,0.0,0.0,0.0
5,178,TENX99,20156,211x093,43759,99294,0.16667581498622894,0.020803307615642093,-0.17647783504799008,0.1,0.0,0.03245529234409332
5,179,TENX99,8466,096x092,43288,45177,0.1666559860110283,0.020391274508422402,0.023631497099995614,0.1,0.0,0.031197774410247802
5,180,TENX99,9460,106x076,35759,49883,0.16660670042037964,0.01650471734268999,0.11940672779455781,0.0,0.0,0.0
5,181,TENX99,8041,092x071,33406,43294,0.1665021538734436,0.018935353608475654,-0.04695122055709362,0.1,0.0,0.0449028491973877
5,182,TENX99,10056,112x066,31053,52706,0.16644120812416077,0.019549260855794538,0.1485971556045115,0.0,0.0,0.0
5,183,TENX99,10112,113x020,9406,53177,0.16635440289974213,0.020411033863279603,0.09082138072699308,0.3,0.0,0.08390352725982667
5,184,TENX99,9862,110x074,34818,51765,0.16630262285470962,0.019936551977888548,0.0045481138862669464,0.0,0.0,0.0
5,185,TENX99,1,000x100,47053,0,0.16629820317029953,0.01775069073724317,-0.07937961518764496,0.0,0.0,0.0
5,186,TENX99,8939,101x060,28229,47530,0.16629430502653123,0.01758962098172976,0.03759150467813015,0.0,0.0,0.0
5,187,TENX99,7930,091x061,28700,42824,0.1662889301776886,0.019796136340815795,0.02828035652637482,0.0,0.0,0.0
5,188,TENX99,8140,093x069,32465,43765,0.16627928018569946,0.015933433358596497,-0.07698006369173527,0.0,0.0,0.0
5,189,TENX99,8843,100x065,30582,47059,0.16611284464597703,0.021664837658989564,-0.13102762410417199,0.0,0.0,0.0
5,190,TENX99,6090,072x084,39524,33883,0.16609972715377808,0.0168679264169866,0.16802680101245643,0.0,0.0,0.0
5,191,TENX99,10570,117x074,34818,55059,0.16606946140527726,0.016167111740570336,0.015405556559562683,0.1,0.0,0.03200508654117584
5,192,TENX99,7233,084x061,28700,39530,0.16587053686380387,0.019256990677785028,-0.02845222782343626,0.0,0.0,0.0
5,193,TENX99,812,020x006,2818,9412,0.1658467322587967,0.021958422071339318,0.0282886516302824,0.2,0.0,0.06750389337539672
5,194,TENX99,25,003x087,40935,1412,0.16582828164100646,0.020889790008148543,-0.035471621342003344,0.1,0.0,0.03539920449256897
5,195,TENX99,6753,079x045,21171,37177,0.16577878594398499,0.01798338916494483,-0.008883041515946388,0.0,0.0,0.0
5,196,TENX99,10039,112x049,23053,52706,0.16569783687591552,0.015329068129917339,0.15522215105593204,0.0,0.0,0.0
5,197,TENX99,3537,047x042,19759,22118,0.1656842991709709,0.017020628436806063,-0.1025194002315402,0.0,0.0,0.0
5,198,TENX99,10152,113x060,28229,53177,0.1656438022851944,0.022631249434300792,-0.03287968272343278,0.0,0.0,0.0
5,199,TENX99,8840,100x062,29171,47059,0.1656220778822899,0.019967275099173277,-0.05875580767169595,0.3,0.0,0.10591123700141906
5,200,TENX99,20161,211x098,46112,99294,0.16561404317617417,0.016987750426692563,-0.009791230875998735,0.0,0.0,0.0
5,201,TENX99,8340,095x067,31524,44706,0.1655179366469383,0.016220002426912614,-0.1508919283747673,0.0,0.0,0.0
5,202,TENX99,7833,090x065,30582,42353,0.16545828133821489,0.015818458510203273,-0.058554595708847045,0.0,0.0,0.0
5,203,TENX99,724,019x015,7053,8941,0.1654496267437935,0.019553586905652565,-0.09693183107301592,0.0,0.0,0.0
5,204,TENX99,9143,103x062,29171,48471,0.16544948816299437,0.02090735317281315,-0.13144923709332942,0.3,0.0,0.09960820972919464
5,205,TENX99,9763,109x076,35759,51294,0.16542718410491944,0.020219201696636338,-0.024376021325588228,0.2,0.0,0.06705460250377655
5,206,TENX99,8134,093x063,29641,43765,0.1653832882642746,0.017886020512739582,0.04745005564764142,0.1,0.0,0.030282416939735414
5,207,TENX99,6448,076x038,17877,35765,0.16529451161623002,0.018924130610131384,0.1290947813540697,0.1,0.0,0.031873118877410886
5,208,TENX99,9969,111x080,37641,52236,0.1652504548430443,0.016924991434722654,-0.001265070214867592,0.0,0.0,0.0
5,209,TENX99,20226,213x049,23053,100236,0.16516954600811004,0.02297903004186967,-0.03263539732433855,0.2,0.0,0.06154132485389709
5,210,TENX99,7832,090x064,30112,42353,0.1650934711098671,0.016562193778966876,0.02826465489342809,0.0,0.0,0.0
5,211,TENX99,11165,123x063,29641,57883,0.1650329813361168,0.02024178976698947,0.10189986703917384,0.0,0.0,0.0
5,212,TENX99,2753,039x058,27288,18353,0.16495997607707977,0.0184694549331377,0.05292137786746025,0.0,0.0,0.0
5,213,TENX99,9760,109x073,34347,51294,0.16489553302526475,0.01786558177757122,0.022736145928502084,0.0,0.0,0.0
5,214,TENX99,10063,112x073,34347,52706,0.1648047000169754,0.01789283986091559,0.14808302987366914,0.0,0.0,0.0
5,215,TENX99,7728,089x061,28700,41883,0.1647191032767296,0.01923661921298378,0.07453603222966194,0.1,0.0,0.03220537006855011
5,216,TENX99,7631,088x065,30582,41412,0.164609394967556,0.020421178694117074,-0.02064370606094599,0.0,0.0,0.0
5,217,TENX99,7628,088x062,29171,41412,0.164595165848732,0.017886840067910664,0.07514647245407105,0.1,0.0,0.029635709524154664
5,218,TENX99,9040,102x060,28229,48000,0.16458917483687402,0.02355399392916298,-0.04154604896903038,0.1,0.0,0.032082220911979674
5,219,TENX99,20166,212x042,19759,99765,0.1645492807030678,0.016152574308527668,-0.0420683704316616,0.3,0.0,0.09489353001117706
5,220,TENX99,7511,087x045,21171,40941,0.1644652634859085,0.01624010395622742,-0.040707322070375085,0.0,0.0,0.0
5,221,TENX99,6930,081x035,16465,38118,0.16440307945013047,0.02106979047530972,-0.03300348958000541,0.1,0.0,0.04165869951248169
5,222,TENX99,11205,123x103,48465,57883,0.16440198421478272,0.017287862127710423,-0.03155282130464911,0.0,0.0,0.0
5,223,TENX99,2541,037x046,21641,17412,0.16437415778636932,0.018781545973668226,0.04232927495613694,0.0,0.0,0.0
5,224,TENX99,10899,120x100,47053,56471,0.16430454403162004,0.01828190397954333,-0.08668035808950662,0.0,0.0,0.0
5,225,TENX99,8440,096x066,31053,45177,0.16425048112869262,0.01831254720699507,-0.061078394390642644,0.0,0.0,0.0
5,226,TENX99,19147,201x071,33406,94589,0.16422973126173018,0.020231060196938266,0.155240283254534,0.0,0.0,0.0
5,227,TENX99,6680,078x073,34347,36706,0.1642199710011482,0.02317065068817438,-0.06387482509016991,0.1,0.0,0.045241928100585936
5,228,TENX99,8040,092x070,32935,43294,0.1642141118645668,0.018293383684384577,0.015325263515114785,0.0,0.0,0.0
5,229,TENX99,10900,120x101,47524,56471,0.16419526934623718,0.0167344997448817,-0.037621269654482606,0.0,0.0,0.0
5,230,TENX99,9644,108x058,27288,50824,0.16416817307472228,0.019669520295497962,-0.0205586239695549,0.0,0.0,0.0
5,231,TENX99,16242,173x024,11288,81412,0.16412361711263657,0.014419666588982383,-0.016679302975535392,0.0,0.0,0.0
5,232,TENX99,7330,085x061,28700,40000,0.16412300765514373,0.020746972000709504,-0.016627101972699166,0.0,0.0,0.0
5,233,TENX99,10560,117x064,30112,55059,0.16404828578233718,0.018698420795816344,0.0355306941550225,0.0,0.0,0.0
5,234,TENX99,11744,129x035,16465,60706,0.16404566168785095,0.02185055528373998,0.004171532765030861,0.1,0.0,0.032791811227798465
5,235,TENX99,722,019x013,6112,8941,0.1640190750360489,0.019328601724695377,-0.11324169961735606,0.0,0.0,0.0
5,236,TENX99,9339,105x056,26347,49412,0.1640135705471039,0.018675161175279408,-0.014252837747335434,0.0,0.0,0.0
5,237,TENX99,19875,208x094,44229,97883,0.16400956660509108,0.017532076716844366,0.0019288405776023865,0.0,0.0,0.0
5,238,TENX99,9962,111x073,34347,52236,0.1639842227101326,0.016257195228920454,0.14450369905680419,0.0,0.0,0.0
5,239,TENX99,211,010x067,31524,4706,0.16394724249839782,0.018937850241769628,0.11926844939589501,0.0,0.0,0.0
5,240,TENX99,7526,087x060,28229,40941,0.16394006460905075,0.020034020721447297,-0.05926708374172449,0.0,0.0,0.0
5,241,TENX99,7838,090x070,32935,42353,0.16391541361808776,0.023413520603261614,-0.09913544179871678,0.2,0.0,0.05892166793346405
5,242,TENX99,8871,100x093,43759,47059,0.16385254561901091,0.01665143133771243,-0.001998795196413994,0.0,0.0,0.0
5,243,TENX99,9546,107x061,28700,50353,0.16381080746650695,0.02341145712152278,-0.07984060533344746,0.2,0.0,0.06694599092006684
5,244,TENX99,7142,083x071,33406,39059,0.16374847590923308,0.0217361113512082,-0.016118988022208215,0.1,0.0,0.03260031938552856
5,245,TENX99,10887,120x088,41406,56471,0.1636713668704033,0.016527527627127236,-0.003248637169599533,0.0,0.0,0.0
5,246,TENX99,6554,077x043,20229,36236,0.16363126784563065,0.01806132516887205,0.06918995706364513,0.1,0.0,0.03262181282043457
5,247,TENX99,9567,107x082,38582,50353,0.1636168360710144,0.02253719160846453,-0.003255164623260498,0.1,0.0,0.04424154460430145
5,248,TENX99,10481,116x086,40465,54589,0.1636164516210556,0.018674345413848787,-0.009754512086510658,0.0,0.0,0.0
5,249,TENX99,8139,093x068,31994,43765,0.16356676518917085,0.015539454650934727,-0.11035377886146307,0.0,0.0,0.0
5,250,TENX99,7727,089x060,28229,41883,0.16353633105754853,0.018376883772137087,0.03369080759584904,0.1,0.0,0.032156753540039065
5,251,TENX99,10672,118x075,35288,55530,0.16346146613359452,0.01629326471879179,0.023870399221777916,0.0,0.0,0.0
5,252,TENX99,8141,093x070,32935,43765,0.16344241052865982,0.016963902712083968,-0.031787479668855666,0.1,0.0,0.030365490913391115
5,253,TENX99,10770,119x072,33877,56000,0.16334947049617768,0.017101696302229203,0.07172562489286065,0.0,0.0,0.0
5,254,TENX99,7525,087x059,27759,40941,0.16332572251558303,0.01825989344683077,0.0077094326727092264,0.0,0.0,0.0
5,255,TENX99,7522,087x056,26347,40941,0.16330334097146987,0.017787636850865114,-0.002534027397632599,0.0,0.0,0.0
5,256,TENX99,17584,186x040,18818,87530,0.16326910853385926,0.018751097644961204,-0.01302180476486683,0.0,0.0,0.0
