expert_id,rank,sample_id,patch_index,barcode,coord_x,coord_y,affinity_score,affinity_score_sd,mean_logit,actual_top2_frequency,actual_top1_frequency,actual_mean_route_weight
0,1,MEND158,913,CATGATACGGTGAAAC-1,8039,13262,0.2434883803129196,0.012511081474604906,0.22508582510054112,1.0,0.6,0.5127812802791596
0,2,MEND158,52,AACAGGTAGTATGGAT-1,11264,9163,0.2407899409532547,0.009082492362075766,0.17794192042201756,1.0,0.7,0.5215366393327713
0,3,MEND158,2204,GTGCCCGTTCGGATTC-1,8824,7645,0.2400491267442703,0.01020510617124252,0.17750416547060013,1.0,0.5,0.508891549706459
0,4,MEND158,2384,TACTCGTTTGAATCAA-1,8911,12655,0.23698337227106095,0.011058791376691274,0.2386997140944004,1.0,0.5,0.504694613814354
0,5,MEND158,1662,GAGTGTGCGGTACCCA-1,9085,8404,0.23680191934108735,0.0112240076608459,0.28830153979361056,0.8,0.6,0.41533262431621554
0,6,MEND158,2303,TAACTATCGAAGGTCC-1,4379,5367,0.23679447174072266,0.0061056913129480936,0.1818451803177595,1.0,0.5,0.5166603416204453
0,7,MEND158,2748,TGAGTTAAAGACATTC-1,11177,9011,0.23646232187747956,0.012623572162064958,0.2772775410674512,1.0,0.5,0.5100243270397187
0,8,MEND158,1534,GAAATTCACATCGCTG-1,5686,3697,0.23634735196828843,0.00650577955129041,0.1627610983327031,0.9,0.5,0.4536330848932266
0,9,MEND158,1757,GCAGTTCGATCCGAGC-1,11700,10226,0.2354193925857544,0.011356293891280456,0.24506325982511043,1.0,0.5,0.4991933166980743
0,10,MEND158,2836,TGGCTACACTCTACCT-1,10131,11440,0.23451439738273622,0.014734487200581799,0.2594968626275659,1.0,0.5,0.5102844655513763
0,11,MEND158,2332,TACAAGGGCTTCTTTA-1,9608,12047,0.23441745042800904,0.015479127521634668,0.23746207728981972,1.0,0.5,0.4822647154331207
0,12,MEND158,1970,GGCCTGCTTCTCCCGA-1,11264,10681,0.23426878303289414,0.007670637109198132,0.2561587758362293,0.6,0.5,0.3179361939430237
0,13,MEND158,675,ATGCACGCGCTGTTCA-1,2374,10681,0.2342001959681511,0.008414369739464196,0.21265411451458932,1.0,0.5,0.5085955888032914
0,14,MEND158,1579,GACAGCCAGACCTGAC-1,8911,8100,0.2327701523900032,0.012292906676870502,0.17996714189648627,0.9,0.6,0.4715209275484085
0,15,MEND158,90,AACTGAGTTATACTGA-1,12484,9466,0.23275429308414458,0.00974820283048782,0.1250642666593194,1.0,0.5,0.5065548568964005
0,16,MEND158,2827,TGGCAATGGGACGGCG-1,10654,9922,0.2326028361916542,0.011780010198311026,0.15084573421627284,1.0,0.5,0.501821106672287
0,17,MEND158,2275,GTTTCAAACGAGTTGT-1,10915,10985,0.23227407783269882,0.009941909950307228,0.27316533364355566,1.0,0.5,0.49848251342773436
0,18,MEND158,2542,TCAGCGCACGCCGTTT-1,8388,12958,0.23206209689378737,0.012200950348611617,0.19640974942594766,0.7,0.6,0.35999720096588134
0,19,MEND158,2348,TACCGAATAATTGTAA-1,9521,11896,0.23197249919176102,0.011071167764131732,0.2756201583892107,0.9,0.6,0.4632783979177475
0,20,MEND158,1849,GCGTCGTAACATGGTC-1,8039,12958,0.2316909208893776,0.011268283890779092,0.08086858354508877,0.7,0.5,0.36104606091976166
0,21,MEND158,280,ACGACTGGTCATACTC-1,4379,11440,0.2315215453505516,0.008083651697886676,0.17932164892554284,1.0,0.5,0.5138508528470993
0,22,MEND158,2091,GGTTTCAATCGGTCAG-1,9347,6734,0.2314223825931549,0.010855893852726567,0.1995734551921487,1.0,0.5,0.49859767854213716
0,23,MEND158,343,ACTGAATGGCGAAAGT-1,8649,8859,0.2311119794845581,0.011724549246447127,0.1660941421985626,0.8,0.6,0.4089699864387512
0,24,MEND158,366,ACTTGTTACCGGATCA-1,6383,13110,0.2310838744044304,0.01272228315579469,0.17403582558035852,0.9,0.5,0.43390861749649046
0,25,MEND158,257,ACCCTCCCTTGCTATT-1,8737,9011,0.23073911368846894,0.011887813193687652,0.1988804455846548,0.7,0.5,0.35844417810440066
0,26,MEND158,1312,CGTTAAACTAGTTAGG-1,11090,9163,0.2305773228406906,0.011682660915300845,0.14578291941434146,0.7,0.6,0.36736309826374053
0,27,MEND158,2433,TAGGTGCTCGCCTAGC-1,8911,7796,0.23031172156333923,0.013361402332717539,0.2148432068526745,0.7,0.5,0.3594390392303467
0,28,MEND158,939,CCAACTTGATAGATCC-1,12136,8859,0.23010281026363372,0.006319113352862855,0.11580040436238051,0.9,0.5,0.4519967406988144
0,29,MEND158,2375,TACGGGTAATAACATA-1,9085,12655,0.22984818667173385,0.012801101008899496,0.23137536216527224,0.8,0.5,0.4055943787097931
0,30,MEND158,1399,CTCGCATTGCATAGCC-1,2461,10833,0.2297177255153656,0.009448646356886197,0.08695061737671494,1.0,0.5,0.5065390080213547
0,31,MEND158,2436,TAGGTTCTGCTGAGAA-1,6819,12655,0.22947061359882354,0.012509091927213457,0.21538231670856475,1.0,0.5,0.45934660732746124
0,32,MEND158,1710,GATTAACCGAAAGCCC-1,9521,10074,0.22856921702623367,0.014157189425042306,0.2045973440632224,1.0,0.5,0.4531722038984299
0,33,MEND158,1182,CGATCGAGAAGCACCA-1,6993,12958,0.22850455343723297,0.009180170699803298,0.20459161549806595,1.0,0.5,0.4834770649671555
0,34,MEND158,3074,TTGTCTCGGCAAGATG-1,4989,13110,0.22849569618701934,0.011118463902723766,0.09213479068130255,1.0,0.5,0.5138108491897583
0,35,MEND158,359,ACTTCCATGCGGGACA-1,8824,10985,0.22805027514696122,0.009874474675048891,0.13469084203243256,1.0,0.5,0.4999455451965332
0,36,MEND158,2062,GGTCTCCGTCCAGGTT-1,10218,11288,0.22798586636781693,0.0171724452929946,0.12056747190654278,0.9,0.5,0.4417118430137634
0,37,MEND158,1104,CCTCGGACCGGGATAG-1,8824,7948,0.22778260856866836,0.00981045797402015,0.07944529950618744,1.0,0.5,0.5051261484622955
0,38,MEND158,317,ACTACAAAGAGAGGTG-1,5686,12503,0.227489697933197,0.00523301184151496,0.2296390887349844,1.0,0.5,0.505212876200676
0,39,MEND158,1686,GATCGCTATATCTCAG-1,3594,10985,0.22748826295137406,0.007981847324032423,0.09419895485043525,0.8,0.5,0.41062337160110474
0,40,MEND158,1895,GCTGCTAAGTAGTCGA-1,6296,10226,0.22747693061828614,0.00913139563578848,0.12585612554103137,0.7,0.5,0.3572623074054718
0,41,MEND158,575,ATAATCTTGGAGAACC-1,8126,10985,0.22735470682382583,0.010502910039271434,0.11190232969820499,1.0,0.5,0.4860528320074081
0,42,MEND158,642,ATCCCATTTCCGTGGG-1,6383,12503,0.2273492321372032,0.009960758991935678,0.20658233854919672,1.0,0.5,0.48941166400909425
0,43,MEND158,1193,CGCACGTCTGTTTATG-1,4205,12047,0.22719098329544068,0.014058852999575102,0.2303765319287777,1.0,0.5,0.4758758872747421
0,44,MEND158,2470,TATCCATCTCGGTTAG-1,2897,10985,0.22693193852901458,0.013653989716946787,0.061883927695453166,1.0,0.5,0.5038151472806931
0,45,MEND158,1457,CTGGTAACACATAGAA-1,9085,8100,0.22679162472486497,0.011112967759049347,0.26145083606243136,0.5,0.5,0.25916461944580077
0,46,MEND158,1633,GAGCGCAAATACTCCG-1,10741,9466,0.22676581144332886,0.012591265208931609,0.1487967984750867,1.0,0.5,0.48238318264484403
0,47,MEND158,1261,CGGGAATATAGTATAC-1,10567,8859,0.22651428431272508,0.010611781402161386,0.2018741074949503,1.0,0.5,0.5013324677944183
0,48,MEND158,772,CAAGTAAGTGATAGAC-1,6035,12199,0.22642136216163636,0.011032972297154114,0.05083403754979372,0.9,0.5,0.4529401361942291
0,49,MEND158,1438,CTGCGGGTGAAATGTT-1,3420,6430,0.2263776332139969,0.00900897949181622,0.09654716309159994,0.8,0.4,0.4086994528770447
0,50,MEND158,638,ATCCACATCGACAGAA-1,7691,11136,0.22637661695480346,0.009115701546014338,0.23056042101234198,1.0,0.5,0.49238249063491824
0,51,MEND158,1888,GCTGAACTCTCCAGGG-1,11874,7796,0.22628501802682877,0.005571502596699048,0.15718431696295737,0.5,0.5,0.2594344437122345
0,52,MEND158,3011,TTGAACGAATCCTTTG-1,3246,4608,0.2261740267276764,0.014941956663736738,0.18915658500045537,0.9,0.5,0.45074780881404874
0,53,MEND158,2009,GGGCACGTAGTACTGT-1,5599,12351,0.22600552141666413,0.008159360817473907,0.18226919546723366,1.0,0.5,0.5083457350730896
0,54,MEND158,1223,CGCGGGAATTCCTTTC-1,8737,12655,0.22595413774251938,0.011575771836059312,0.22191570810973643,0.8,0.5,0.3977827399969101
0,55,MEND158,1676,GATATTGAGATTGGCG-1,10131,6885,0.22571475207805633,0.00852578573778684,0.1852529814466834,0.9,0.5,0.4565159112215042
0,56,MEND158,2979,TTCGAACGAAACATGC-1,5076,12958,0.22559151500463487,0.008259235190609488,0.16422842871397733,0.8,0.5,0.39205287098884584
0,57,MEND158,2356,TACCTCAGTTGTCTGT-1,5773,10833,0.22558412253856658,0.014313783991315701,0.1262093131430447,1.0,0.5,0.47153385877609255
0,58,MEND158,1213,CGCCTTTAGCATGCTC-1,11613,8555,0.2255786493420601,0.01145378193553116,0.15536180399358274,0.9,0.5,0.4566850960254669
0,59,MEND158,2562,TCCACATCGTATATTG-1,7255,12199,0.2254123017191887,0.01103393404728449,0.12540953941643238,0.7,0.5,0.3598531663417816
0,60,MEND158,1568,GAATTTCTCGCTGCAG-1,4030,5975,0.2254103571176529,0.01492869566566069,0.28590847589075563,0.8,0.5,0.40624749958515166
0,61,MEND158,1203,CGCCCAGCGTTTCACG-1,9172,11592,0.2252008318901062,0.012198614918790391,0.14180754199624063,1.0,0.5,0.4921488016843796
0,62,MEND158,2609,TCCTGCAGCCGCCAAT-1,8126,13414,0.22514314353466033,0.011600839607206568,0.2689677804708481,0.8,0.5,0.40925953090190886
0,63,MEND158,1241,CGGAACGTAAACATAG-1,5338,8859,0.22498420923948287,0.014389153412013378,0.27135403770953415,1.0,0.5,0.4531338632106781
0,64,MEND158,1762,GCATGCTAATAACGAT-1,9695,11896,0.22497156858444214,0.011883392175323014,0.11444496177136898,0.8,0.5,0.40773384273052216
0,65,MEND158,1863,GCTAGAGTAGAGATGT-1,9782,10226,0.22485492527484893,0.013704830948544725,0.1427081599831581,0.9,0.5,0.4376292824745178
0,66,MEND158,3048,TTGCGTAGTTTGAGGA-1,3072,5519,0.2248469650745392,0.011858442614691567,0.21801572907716035,1.0,0.5,0.4848749369382858
0,67,MEND158,2093,GGTTTGTGACCTGAGG-1,10567,10985,0.22469840198755264,0.009806623493188192,0.08787764189764857,0.9,0.5,0.4441200941801071
0,68,MEND158,942,CCAAGGAACAGAGAGG-1,5599,3849,0.22445670515298843,0.009277895813670061,0.3064368598163128,0.6,0.5,0.3072014510631561
0,69,MEND158,1510,CTTTAGGAACACTGTT-1,8998,7948,0.22443148344755173,0.014575143767229556,0.1418224511668086,0.8,0.5,0.4026177763938904
0,70,MEND158,218,ACAGGCACGGATCCTT-1,9695,12199,0.22442528903484343,0.007443205596300085,0.15807660836726428,0.5,0.5,0.26415601968765257
0,71,MEND158,181,AATTGCAGCAATCGAC-1,10305,11440,0.22441583573818208,0.012205738371342076,0.124656543135643,0.9,0.5,0.44128431379795074
0,72,MEND158,708,ATGTTGATTAGAGACT-1,9434,12047,0.22424767017364503,0.009967437904636464,0.13457201961427928,0.7,0.5,0.35857356488704684
0,73,MEND158,2263,GTTCTTGTAACTCAAT-1,6732,13110,0.22419550865888596,0.010855751713290476,0.16540178060531616,0.9,0.5,0.4449325531721115
0,74,MEND158,843,CAGAATATTCGTTATC-1,12223,9315,0.22413913905620575,0.010873395100842202,0.20853767730295658,1.0,0.5,0.49134981632232666
0,75,MEND158,45,AACAACTGGTAGTTGC-1,5076,5975,0.22390415221452714,0.00979665439882426,0.1695483960211277,0.5,0.5,0.26132044196128845
0,76,MEND158,2017,GGGCCCTACGAAAGGG-1,2810,7493,0.22385543286800386,0.011906575404696812,0.15201870836317538,1.0,0.5,0.49536930322647094
0,77,MEND158,2416,TAGCGTCCGGTGTGGT-1,8126,9770,0.22370727658271788,0.015006244023708884,0.13780088759958745,0.9,0.3,0.4109943151473999
0,78,MEND158,1727,GCAACAGCAGTATGCG-1,10654,8707,0.22366682887077333,0.0111417392193575,0.10610934514552355,1.0,0.5,0.47774805724620817
0,79,MEND158,1823,GCGCATCCAGTCAGCA-1,9695,6126,0.22366232573986053,0.013231623532131087,0.1771161962300539,0.8,0.5,0.39410613775253295
0,80,MEND158,22,AAAGGCTACGGACCAT-1,6122,11136,0.22362565994262695,0.009958779505318116,0.2676148314028978,0.8,0.5,0.3921795040369034
0,81,MEND158,3025,TTGACTATTGTCCGGC-1,10480,8707,0.22360899150371552,0.012385196057457469,0.18292170092463494,1.0,0.5,0.47044484615325927
0,82,MEND158,2897,TGTTGCCGTCGTCCCA-1,12048,8707,0.2236058920621872,0.01050533385369552,0.22962128482758998,1.0,0.5,0.4876731336116791
0,83,MEND158,1394,CTCCTGTTCAAGGCAG-1,11613,10074,0.22351448684930803,0.011011566245511457,0.12624258669093252,0.8,0.5,0.4052774697542191
0,84,MEND158,1282,CGGTTGGGCAGGGTCC-1,7952,12807,0.22328197062015534,0.013269466363816526,0.11856758035719395,0.9,0.5,0.43891221284866333
0,85,MEND158,795,CACAGGGCCATATAGT-1,9870,10377,0.2232754185795784,0.009816749963729818,0.1305688887834549,0.8,0.5,0.4033781260251999
0,86,MEND158,759,CAACCTACCGAGCAGT-1,10392,10985,0.22326921671628952,0.013859022146598886,0.1109221501275897,1.0,0.4,0.45546149611473086
0,87,MEND158,2869,TGTCCACGGCTCAACT-1,10218,11592,0.22320013642311096,0.01100759285205188,0.09073047563433648,0.9,0.5,0.4438561797142029
0,88,MEND158,1591,GACCGCGTCTGACGTG-1,11177,9315,0.2231983482837677,0.011367857375651188,0.13538091741502284,1.0,0.5,0.49391535520553587
0,89,MEND158,238,ACCACACGGTTGATGG-1,8301,13110,0.2231177493929863,0.010939741611367708,0.2213583065196872,0.5,0.3,0.2516476660966873
0,90,MEND158,2131,GTATTCTGAGAAACGA-1,4727,9011,0.22295113950967788,0.008807532343011569,0.11200306434184312,0.9,0.5,0.4524273931980133
0,91,MEND158,2463,TATATCAAAGTGATCT-1,4640,12503,0.22292758524417877,0.01110292486924774,0.21114731058478356,0.9,0.5,0.43673057556152345
0,92,MEND158,2408,TAGATGGTTCCTTACT-1,9870,10681,0.22286649346351622,0.0073122668261020075,0.08367645423859357,1.0,0.5,0.4832124948501587
0,93,MEND158,1516,CTTTGCTGTCATGGAT-1,12048,9011,0.2226824000477791,0.010337389485624397,0.1530524894595146,0.6,0.5,0.3149791479110718
0,94,MEND158,1920,GGAACTTTGGCGATTA-1,11003,10833,0.22252320498228073,0.011091828100833126,0.17325520589947702,1.0,0.5,0.4736455410718918
0,95,MEND158,658,ATCTCCCACGGAATAT-1,10828,10833,0.22249296605587005,0.009283306841764786,0.19933358430862427,0.5,0.5,0.26246823072433473
0,96,MEND158,2676,TCTATCCGATTGCACA-1,8824,12807,0.22234019488096238,0.008318395675476695,0.22204581536352636,0.6,0.2,0.2966748535633087
0,97,MEND158,2124,GTATCCTTTGGTAACC-1,9434,11440,0.2222712442278862,0.013595694307900027,0.1302387802861631,1.0,0.5,0.46064248979091643
0,98,MEND158,2324,TAATCAACCAAATGGG-1,12310,9466,0.22226776778697968,0.004362859530466995,0.09589802287518978,0.5,0.4,0.2517856776714325
0,99,MEND158,2293,TAAATTGTGGGTAAAG-1,7865,12958,0.2222480908036232,0.010124072522467675,0.23820148985832929,0.5,0.5,0.26047706604003906
0,100,MEND158,2205,GTGCCGCTTCAAAGGT-1,5250,8404,0.22218189090490342,0.010628366437433041,0.12509272582828998,0.8,0.5,0.3894813030958176
0,101,MEND158,2969,TTCCATCGACAGCGTG-1,10741,10985,0.22210298329591752,0.011533362458727296,0.23047811929136514,0.5,0.3,0.2532718688249588
0,102,MEND158,2730,TGACATCGAGCGGACC-1,10218,7037,0.22208373248577118,0.00944791431124086,0.25569116193801167,0.5,0.5,0.2561616897583008
0,103,MEND158,1015,CCCTACTTGAACAATG-1,8911,12351,0.22205988615751265,0.009248405376879208,0.11331667751073837,0.5,0.5,0.266253924369812
0,104,MEND158,2884,TGTGGTAGGGTGCCTT-1,12310,9770,0.2220000445842743,0.008348236386482868,0.18873537741601468,0.9,0.5,0.4502291977405548
0,105,MEND158,2678,TCTATGCTATAACGAC-1,9608,11440,0.22181188464164733,0.011477059921051753,0.15488334447145463,1.0,0.5,0.4688360422849655
0,106,MEND158,3014,TTGAAGGATGGGCGCC-1,2461,11136,0.22179215401411057,0.009700313692407661,0.17567851757630706,0.9,0.5,0.4526316404342651
0,107,MEND158,1931,GGACTCTTTGACTAAG-1,8649,12503,0.22176305949687958,0.010769526702677177,0.15922671183943748,1.0,0.5,0.4703882485628128
0,108,MEND158,2354,TACCTACTCCCAGTAT-1,6819,10529,0.2217521294951439,0.010035420132448722,0.1141366945579648,0.6,0.5,0.30373465418815615
0,109,MEND158,514,AGTATAATACTAGGCA-1,4292,5519,0.22165403962135316,0.009284750058820953,0.18139663003385068,0.7,0.5,0.3625122785568237
0,110,MEND158,1486,CTTAGTTGAGGAATCG-1,4292,11896,0.2216150552034378,0.01603140925000626,0.12404716443270444,0.8,0.5,0.3995653450489044
0,111,MEND158,984,CCATGGCAAACGCTCA-1,4902,12958,0.22152607440948485,0.012068523172046345,0.08162596337497234,1.0,0.5,0.4738514363765717
0,112,MEND158,1053,CCGCGTAGGTAAGGGC-1,3333,6278,0.22135448455810547,0.011184991008370402,0.08978963624686002,0.7,0.4,0.3530020654201508
0,113,MEND158,687,ATGGACTGCTTAGTTG-1,4815,13110,0.22133125364780426,0.011999261717217904,0.19442294780164956,0.9,0.5,0.44879803955554964
0,114,MEND158,603,ATATAACACGGGCGCA-1,9608,11744,0.22132150828838348,0.013806506512586383,0.22934099603444338,0.8,0.5,0.402819961309433
0,115,MEND158,693,ATGGGCCTCGGCCTCT-1,9347,8555,0.22125964164733886,0.010734981049299425,0.11121872458606959,1.0,0.5,0.48088922798633577
0,116,MEND158,3062,TTGGGAAGACGAGCCG-1,6993,12047,0.22117583602666854,0.011468445995117047,0.20007275454699994,0.8,0.5,0.3881151735782623
0,117,MEND158,303,ACGGGAGTGTCGGCCC-1,3594,8859,0.22117122411727905,0.011295144069091108,0.1265130616724491,0.8,0.5,0.3893508970737457
0,118,MEND158,2135,GTCAACCAGGCCTATA-1,10392,11592,0.22104447782039643,0.006889550623759703,0.09348787292838097,0.7,0.5,0.36314128935337064
0,119,MEND158,981,CCATGCCCTAGATTTC-1,9957,10226,0.22100806683301927,0.008600992949280042,0.16841226667165757,0.6,0.5,0.30490390956401825
0,120,MEND158,2231,GTGTACGAACCGTTCC-1,12484,8252,0.22094400972127914,0.008798870296435078,0.18759391065686942,0.5,0.5,0.2569457471370697
0,121,MEND158,2340,TACATGACCTTATCCG-1,1851,5215,0.22069364041090012,0.012797778171682728,0.2092739598825574,0.8,0.5,0.4012404978275299
0,122,MEND158,749,ATTTGTCTTGGGAGCT-1,8737,7796,0.22066639363765717,0.010181628070849876,0.16843459717929363,1.0,0.5,0.48416883647441866
0,123,MEND158,1590,GACCGATTAAATATGT-1,2810,12047,0.22058944553136825,0.014799455143363238,0.18333807084709405,0.8,0.5,0.387286850810051
0,124,MEND158,1685,GATCGCTACCCGATTT-1,9957,9315,0.2205878511071205,0.012541980713291974,0.06511742379516364,0.9,0.5,0.44106329381465914
0,125,MEND158,1162,CGAGAGCTTTCACTAC-1,9085,11440,0.2205766811966896,0.01180099187062055,0.11264275908470153,1.0,0.5,0.47353399395942686
0,126,MEND158,2141,GTCATGCGCGAGGGCT-1,9957,11440,0.22053819745779038,0.011152779988106345,0.20366477565839886,0.5,0.5,0.2613086402416229
0,127,MEND158,217,ACAGCGACATTCTCAT-1,10044,10681,0.22050175070762634,0.01106836644502843,0.12631806917488575,1.0,0.5,0.47259947955608367
0,128,MEND158,893,CATAGAGGAGATACTA-1,8998,12199,0.22042667716741562,0.01081444618200757,0.21099856505170464,0.5,0.5,0.2590234875679016
0,129,MEND158,86,AACTCCAGAGCGTGTT-1,9434,10833,0.22042133510112763,0.01536443943708986,0.17871970869600773,0.7,0.5,0.36059950292110443
0,130,MEND158,870,CAGTAATCCCTCCCAG-1,3594,4912,0.2203082710504532,0.009294448519380827,0.2348918338306248,0.7,0.5,0.3624924927949905
0,131,MEND158,2717,TGAAAGGACCTGACTC-1,8649,7037,0.22026168704032897,0.009248310026758032,0.17532452531158924,1.0,0.5,0.4747782528400421
0,132,MEND158,3043,TTGCCGCTTTCTAGTA-1,8214,11136,0.220235238969326,0.007075462280911699,0.13018698934465647,0.5,0.3,0.25218061804771424
0,133,MEND158,2659,TCGTGTATTGGTCACG-1,11613,9770,0.22023014426231385,0.009605519525080144,0.15400853455066682,0.9,0.5,0.44730390012264254
0,134,MEND158,386,AGACCCACCGCTGATC-1,7081,9163,0.22019948363304137,0.011913719413951104,0.19270091131329536,0.9,0.5,0.4454011797904968
0,135,MEND158,2207,GTGCGAAATCGAACAC-1,5163,8555,0.22017491161823272,0.010433329155562174,0.05233993828296661,1.0,0.5,0.46833533644676206
0,136,MEND158,1937,GGAGCGAGGCCTACTT-1,7429,11896,0.22017449587583543,0.010273313541834746,0.20324168726801872,0.6,0.5,0.307150262594223
0,137,MEND158,698,ATGTACGATGACGTCG-1,6993,11744,0.22009360641241074,0.012856429503582812,0.23514599949121476,0.8,0.4,0.3886039227247238
0,138,MEND158,1768,GCCACAATTTAAGGAC-1,4815,8555,0.22008914798498153,0.0094543601005909,0.01740654855966568,1.0,0.5,0.46487596333026887
0,139,MEND158,841,CAGAACTTAGCCCTCT-1,8824,9770,0.22002647966146469,0.01050760209182963,0.17202958408743144,0.8,0.5,0.3912265807390213
0,140,MEND158,2137,GTCACTCTCCAAATCT-1,4117,5215,0.21996134966611863,0.014614885648230965,0.19481303840875625,1.0,0.4,0.45423640608787536
0,141,MEND158,2592,TCCGCTTATCCCATTA-1,6993,9315,0.2199445530772209,0.008242096329636503,0.06524093002080918,1.0,0.5,0.48310731053352357
0,142,MEND158,656,ATCTACCATCTGCTCC-1,9085,12351,0.21979155242443085,0.00873835007883708,0.06299111302942037,0.7,0.5,0.35630946755409243
0,143,MEND158,1444,CTGGAAGACACGGTGG-1,9085,9315,0.21962638348340988,0.009758101528902385,0.18329189196228982,0.5,0.5,0.25549931526184083
0,144,MEND158,327,ACTCAAGTGCAAGGCT-1,8911,10833,0.21956241726875306,0.016113431614253767,0.1411185771226883,0.8,0.5,0.3871529459953308
0,145,MEND158,1499,CTTCTGGGCGTACCTA-1,4379,11744,0.21947258412837983,0.008727697160772579,0.11640794724225997,0.8,0.5,0.3913694381713867
0,146,MEND158,1243,CGGACCTTTACGTCCC-1,7604,12503,0.21943796128034593,0.010520568033287197,0.08697980642318726,1.0,0.5,0.4604071468114853
0,147,MEND158,2265,GTTGAGTCCCGCCGGT-1,8214,9618,0.2193893387913704,0.009242930334902205,0.11954278312623501,0.9,0.5,0.43338944017887115
0,148,MEND158,1435,CTGCCTTTCTAGTAAA-1,9521,11288,0.21929588317871093,0.01343600917597033,0.17351721096783876,0.9,0.3,0.4099540889263153
0,149,MEND158,1398,CTCGCACCTATATAGT-1,7342,5367,0.21922497004270552,0.012133786752090363,0.20236711576581,0.6,0.5,0.3121270567178726
0,150,MEND158,187,ACAAATCGCACCGAAT-1,8562,9315,0.2192024201154709,0.013026137198596584,0.24249409772455693,0.7,0.5,0.34154612123966216
0,151,MEND158,2996,TTCTAGGCCAATTGTG-1,5250,5064,0.21919185519218445,0.010376400340677107,0.2137776967138052,0.6,0.5,0.30383252799510957
0,152,MEND158,1029,CCCTGGGAGGGATCCT-1,7691,13262,0.21918483972549438,0.007352575235681532,0.19912472516298294,0.6,0.5,0.30698012709617617
0,153,MEND158,2125,GTATCTCAGTCTTGAC-1,3333,10529,0.219179368019104,0.005702693504338129,0.043521125614643094,1.0,0.5,0.4858087688684464
0,154,MEND158,1874,GCTCAATCCGTTTATT-1,4466,9770,0.21913641691207886,0.014622603410375388,0.10244906097650527,0.9,0.5,0.42338756918907167
0,155,MEND158,206,ACACATTTCCGTAGAC-1,7255,12807,0.21909745186567306,0.008039687395041304,0.14580779615789652,1.0,0.5,0.4855109930038452
0,156,MEND158,1550,GAAGCTTGCTGACCGC-1,4466,6126,0.2190959259867668,0.008435707175674708,0.17437605429440736,0.6,0.5,0.31454434990882874
0,157,MEND158,2380,TACTACGTGCAATGCG-1,8824,12503,0.2190895274281502,0.011015409871431165,0.16522187385708093,0.6,0.1,0.2932374864816666
0,158,MEND158,66,AACCTCGCTTTAGCCC-1,8562,11136,0.21898614764213561,0.010297531933210046,0.15601866589859129,0.7,0.5,0.34098185896873473
0,159,MEND158,2833,TGGCCGTATATTGACC-1,4727,5671,0.218959279358387,0.00731671848044184,0.12896644193679094,0.7,0.5,0.36236745715141294
0,160,MEND158,2301,TAACCTAGGGAGTCCA-1,10654,10833,0.2189081206917763,0.01325879547968862,0.1089767837896943,0.9,0.5,0.43774730563163755
0,161,MEND158,1785,GCCCTGAGGATGGGCT-1,7865,12047,0.21885198652744292,0.008286034122154583,0.14322559684515,0.5,0.5,0.2602035403251648
0,162,MEND158,194,ACAAGGATGCTTTAGG-1,8998,10985,0.21883929371833802,0.013905889154764919,0.1448447337374091,0.8,0.5,0.4018807798624039
0,163,MEND158,422,AGCAGCCAGATGAATA-1,6471,10226,0.21882191747426988,0.00987205814648329,0.12816015630960464,1.0,0.5,0.4826923429965973
0,164,MEND158,226,ACATCCTGGTAACTGT-1,10305,8100,0.21878855377435685,0.01327533313989894,0.22361515648663044,0.8,0.5,0.380245703458786
0,165,MEND158,1562,GAATGCGAATCGGTTC-1,7429,11288,0.21873561888933182,0.006412704478286164,0.1674481112509966,0.6,0.5,0.3060864478349686
0,166,MEND158,427,AGCCACAGGTTACCCG-1,9172,11288,0.2186949372291565,0.0137660492587739,0.16042772699147462,0.5,0.5,0.2590769112110138
0,167,MEND158,1769,GCCACTCAGAGCGCGA-1,9695,10681,0.21857968717813492,0.013513845974853183,0.051316764764487745,1.0,0.5,0.44575005769729614
0,168,MEND158,1105,CCTCGGATGCTACCTG-1,2287,6582,0.21854948103427888,0.008761140853665382,0.1490805773064494,0.8,0.5,0.40009104311466215
0,169,MEND158,829,CACTACGGGAGCTGCC-1,10741,10681,0.2184688851237297,0.01345592428881927,0.1732823796570301,0.9,0.5,0.43225759267807007
0,170,MEND158,867,CAGGCCGTTTGGGTGT-1,5163,7645,0.21846254020929337,0.014484778212118335,0.20533806644380093,0.9,0.5,0.4331524699926376
0,171,MEND158,508,AGTACAGAAGCTTATA-1,8126,12503,0.21842937171459198,0.01119879038192644,0.08442223146557808,0.7,0.5,0.3564633011817932
0,172,MEND158,1134,CCTTGACCACTTTATT-1,10915,10074,0.21840049624443053,0.007636919941052631,0.1397128850221634,0.5,0.4,0.25399385690689086
0,173,MEND158,2157,GTCCTACGAATAGTCT-1,9347,9770,0.2183890998363495,0.009286491550699376,0.12836807649582624,0.5,0.5,0.26074533462524413
0,174,MEND158,1425,CTGATAGTGTATCTCA-1,2810,6582,0.21831172108650207,0.013099754221351768,0.22706991881132127,0.8,0.5,0.4017630785703659
0,175,MEND158,2048,GGTACTAAGTGCTTTG-1,12136,9466,0.21830220073461531,0.018061740199421597,0.02278993334621191,0.7,0.5,0.3559450417757034
0,176,MEND158,2619,TCGAATCGCAGGGTAG-1,6035,13110,0.21818723082542418,0.011882932379201612,0.13126860074698926,0.8,0.5,0.39427061975002287
0,177,MEND158,1032,CCGAACACTGGGCCTC-1,2984,8404,0.218185493350029,0.01031186942662174,0.1575610764324665,1.0,0.5,0.46751374900341036
0,178,MEND158,1307,CGTGGAAGCCTCGTAC-1,11874,9011,0.2180778533220291,0.009470515233196804,0.2242238724604249,0.6,0.5,0.30891461968421935
0,179,MEND158,835,CACTCTTCTGCTAGCC-1,10218,10681,0.2180634468793869,0.012660981409449637,0.021000228822231293,0.9,0.5,0.42154575884342194
0,180,MEND158,1941,GGATCCGGAATATACT-1,8562,6885,0.2180608719587326,0.00884253730344928,0.035477956384420396,0.8,0.5,0.40190228521823884
0,181,MEND158,982,CCATGCCTGTTTAGTA-1,6035,7037,0.21802569180727005,0.008426253797092977,0.16140397563576697,0.9,0.5,0.4310265213251114
0,182,MEND158,1739,GCACACAGCTATTACC-1,7516,12655,0.21802013069391252,0.008190258314778119,0.0011234350502490997,1.0,0.5,0.4849020779132843
0,183,MEND158,2335,TACACCTCTTCGAATC-1,9347,12503,0.21797294467687606,0.007044530723663759,0.1520858433097601,0.9,0.5,0.44844363927841185
0,184,MEND158,1582,GACATCCGTCGAACTG-1,7604,11592,0.21796353608369828,0.008857892500613761,0.12765953987836837,0.6,0.0,0.2937618762254715
0,185,MEND158,2915,TTAATTGCTTTGGGTG-1,8039,11136,0.21792628318071366,0.011123715231582664,0.06766324881464243,0.8,0.5,0.3883284777402878
0,186,MEND158,1638,GAGCTCAACATGAGCG-1,7429,12807,0.2179166465997696,0.012362589632718137,0.10435977028682827,1.0,0.5,0.4612991243600845
0,187,MEND158,2522,TCAATACGCCGTCATG-1,6732,11288,0.21787191927433014,0.009982573219175806,0.07854209169745445,0.6,0.5,0.30381440818309785
0,188,MEND158,2420,TAGCTAGTGATGATGG-1,5599,10833,0.21786418408155442,0.013750550435697416,0.07857748735696077,1.0,0.4,0.44506156742572783
0,189,MEND158,1130,CCTTCAGTTAAAGTGA-1,5512,10985,0.21781529784202575,0.011469396329431785,0.12428932711482048,1.0,0.5,0.4560702443122864
0,190,MEND158,2023,GGGCGGGTTCCCTACG-1,4640,8252,0.2178099647164345,0.012188917630236235,0.03995495419949293,0.8,0.5,0.39621078670024873
0,191,MEND158,231,ACATTAGTTTATATCC-1,6732,9466,0.21769603937864304,0.01298896679001261,0.2508942475542426,0.6,0.5,0.31066357493400576
0,192,MEND158,1925,GGACACCTCGGTGTTG-1,6906,13110,0.2176423951983452,0.009130110672274221,0.15271270498633385,1.0,0.5,0.46929420828819274
0,193,MEND158,695,ATGGTATTGGGAACCG-1,6732,12807,0.2175696924328804,0.010988817114369326,0.03856641091406345,0.7,0.5,0.34324452877044676
0,194,MEND158,1871,GCTATCGCGGCGCAAC-1,3507,4760,0.21753949522972107,0.007728703534905586,0.1651427974924445,0.6,0.5,0.3115281254053116
0,195,MEND158,1041,CCGATCTCAACCTTAT-1,10218,7341,0.21753596663475036,0.01072085140801116,0.09489023722708226,0.7,0.5,0.35726007223129275
0,196,MEND158,2404,TAGAGGGAGTTTATCT-1,7081,12807,0.21753493547439576,0.009054001640862607,0.09689156077802182,0.8,0.5,0.3910785257816315
0,197,MEND158,2524,TCACAGCAAACTCGAA-1,5686,9466,0.21748052090406417,0.012621017298558128,0.09547501057386398,1.0,0.5,0.456494665145874
0,198,MEND158,2255,GTTCCAGTCTGACCAT-1,6035,4304,0.21738515347242354,0.009486628958169145,0.1256132647395134,0.7,0.5,0.36068991124629973
0,199,MEND158,1093,CCTATGGCTCCTAGTG-1,3507,11136,0.21732334047555923,0.013215051005832852,0.1664887670427561,0.5,0.4,0.2551358550786972
0,200,MEND158,2724,TGAATGTCAGCCGGCC-1,10915,8859,0.2172965571284294,0.00960450444269138,0.09732746221125126,1.0,0.5,0.4794565737247467
0,201,MEND158,1611,GACTCGCGGGAATGAC-1,9782,5975,0.21729229241609574,0.009966703946571284,0.20465104319155217,0.9,0.5,0.4399950295686722
0,202,MEND158,2383,TACTCGGCACGCCGGG-1,2810,7189,0.2172769233584404,0.008318273976271915,0.2142601151019335,0.6,0.5,0.3121636837720871
0,203,MEND158,2232,GTGTATATCAGCGGGC-1,8039,10529,0.2172172412276268,0.011075385533678789,0.09707333948463201,0.8,0.5,0.4010584086179733
0,204,MEND158,2812,TGCTTAGAGAGAATGC-1,3682,11136,0.2171796202659607,0.010563706275659819,0.18903039414435624,0.6,0.5,0.31311638951301574
0,205,MEND158,2504,TATTTGATTTGCACAG-1,11700,9922,0.21716560125350953,0.009594123334068025,0.10694008320569992,0.9,0.5,0.43939622640609743
0,206,MEND158,2661,TCGTGTTCGACCACAA-1,10567,10377,0.21712591946125032,0.009801325880429479,0.15958473049104213,1.0,0.5,0.46078409254550934
0,207,MEND158,2886,TGTGTAGTAGCACGTG-1,11525,10529,0.21711283624172212,0.008399216557969911,0.041408156603574754,0.6,0.5,0.3022416889667511
0,208,MEND158,2323,TAATATTGAAATTCGC-1,5512,4304,0.2171024739742279,0.014063892755914277,0.1220958560705185,0.6,0.5,0.30336360037326815
0,209,MEND158,2882,TGTGGCGGGCTTCTGG-1,6558,11592,0.21706358343362808,0.009619700359143663,0.17362300716340542,1.0,0.5,0.46787427365779877
0,210,MEND158,3032,TTGATGCCGCTCGTCG-1,4379,12351,0.21701829880475998,0.008524320957200997,0.1279095321893692,0.9,0.5,0.4315245091915131
0,211,MEND158,2566,TCCAGCGCTATAAGCG-1,11525,9618,0.21701426208019256,0.007620490944687694,0.20676534287631512,0.9,0.5,0.44051785171031954
0,212,MEND158,1985,GGCGTCCTATCCGCTG-1,4292,6430,0.21699994653463364,0.007892279829993435,0.06019124556332826,0.9,0.5,0.4444394737482071
0,213,MEND158,2294,TAAATTTAGTAACACC-1,4815,12503,0.21698520183563233,0.012521344392611966,0.0720377117395401,0.7,0.5,0.35230557024478915
0,214,MEND158,542,AGTGCACGCTTAAGAA-1,9782,9618,0.2169790744781494,0.014553333818011544,0.12412485908716916,0.9,0.4,0.4281805008649826
0,215,MEND158,1763,GCATGGGTACTGACGC-1,1677,7948,0.21697202175855637,0.01090859435009065,0.12491655983030796,0.9,0.5,0.44325740039348605
0,216,MEND158,2660,TCGTGTCACGCTGACA-1,3420,8252,0.2169310376048088,0.007838081143444385,0.1764761433005333,0.6,0.5,0.31188707053661346
0,217,MEND158,1856,GCTAAGTAGTTTCTCT-1,8388,6885,0.21691994816064836,0.011891022380217546,0.18315314501523972,1.0,0.4,0.45027164816856385
0,218,MEND158,212,ACACGTAGGCCACAAG-1,11003,10529,0.21689767241477967,0.011716676098766149,0.0966731358319521,1.0,0.5,0.4589965283870697
0,219,MEND158,160,AATCTAGGTTTACTTG-1,2810,9618,0.21689105331897734,0.007826038713267104,0.16184297781437634,1.0,0.5,0.4718871504068375
0,220,MEND158,47,AACAATTACTCTACGC-1,3594,6126,0.21685100346803665,0.007729988602647946,0.1788056693971157,0.5,0.4,0.2539448916912079
0,221,MEND158,1118,CCTGCGTTCTACGCTT-1,2636,6582,0.21681978106498717,0.012502415468604883,0.19553352296352386,1.0,0.5,0.4781205773353577
0,222,MEND158,1583,GACATCGATTTATAAC-1,5773,9618,0.2167409583926201,0.012901103725717141,0.17274098126217724,0.9,0.5,0.42790902256965635
0,223,MEND158,1865,GCTAGCGATAGGTCTT-1,3507,11744,0.2167258307337761,0.011545755389984343,0.10362656377255916,0.6,0.5,0.30796587467193604
0,224,MEND158,492,AGGGTGCTCTCGAGGG-1,9434,6885,0.21669826060533523,0.010170602876191913,0.1760186728090048,0.7,0.5,0.35136241614818575
0,225,MEND158,2732,TGACCAAATCTTAAAC-1,6819,11744,0.21659796833992004,0.009040888676446056,0.028211900778114796,0.8,0.5,0.39844951033592224
0,226,MEND158,55,AACATTGTGACTCGAG-1,5948,11440,0.2165374740958214,0.011347152368751617,0.10507348030805588,1.0,0.5,0.4630238860845566
0,227,MEND158,2130,GTATTAAGGCGTCTAA-1,3682,4760,0.21652283221483232,0.011762767016837442,0.13171665780246258,0.9,0.5,0.4479020804166794
0,228,MEND158,2328,TAATTACGTCAGTAGA-1,10305,11136,0.21651581227779387,0.008472563279202957,0.09058979079127312,0.5,0.5,0.2559626281261444
0,229,MEND158,1010,CCCGGTGTATCGGAAT-1,2897,9770,0.2164982005953789,0.008239686272813606,0.11343814954161643,1.0,0.5,0.47217798233032227
0,230,MEND158,373,AGAACCCAGCGTGACA-1,12223,8404,0.21645108610391617,0.010841035605306823,0.10722111985087394,0.7,0.5,0.35244167745113375
0,231,MEND158,1188,CGCAAACACGAGTTAC-1,4640,5823,0.21644448190927507,0.010046099800780101,0.17412440832704307,0.7,0.5,0.3540250688791275
0,232,MEND158,2498,TATTCAATTCTAATCC-1,7865,6885,0.21643814146518708,0.010778026557550006,0.0638098068535328,0.8,0.5,0.3980712860822678
0,233,MEND158,54,AACATTGAAGTTGATC-1,3420,11896,0.21642902940511705,0.009936524248712789,0.159670852124691,1.0,0.5,0.48087281584739683
0,234,MEND158,2012,GGGCAGAGCAATCGTT-1,6645,10529,0.21642751544713973,0.009257188370584882,0.03925930559635162,0.5,0.5,0.26424773335456847
0,235,MEND158,1191,CGCAATTCTACAATAA-1,3856,5671,0.2164097771048546,0.011565003114315874,0.1527017831802368,0.7,0.5,0.3485327214002609
0,236,MEND158,1249,CGGATCCTCAAGGACT-1,8388,10833,0.21640331894159318,0.009969408760239152,0.20929945297539235,0.8,0.5,0.39286976754665376
0,237,MEND158,1264,CGGGAGTATACCGCCG-1,2723,4608,0.2163604885339737,0.0077802509019270815,0.03361589200794697,0.5,0.5,0.26375049352645874
0,238,MEND158,744,ATTGTTCAACGATCCG-1,12136,9770,0.21634155809879302,0.012508939635833325,0.13555221185088157,0.7,0.5,0.35338876247406004
0,239,MEND158,648,ATCGACTCTTTCCGTT-1,6732,5215,0.2163202852010727,0.009917913568857194,0.1305732447654009,0.5,0.5,0.2678947448730469
0,240,MEND158,193,ACAAGGACAAGAGGTT-1,4640,6126,0.21631513237953187,0.009756102505702816,0.19737892784178257,0.6,0.5,0.3092927813529968
0,241,MEND158,1252,CGGCAAACATCGTGCG-1,7168,9618,0.21630786955356598,0.01251469701815645,0.13425920717418194,0.8,0.5,0.38326708376407626
0,242,MEND158,1971,GGCCTTTGCAACTGGC-1,2113,7189,0.21627140194177627,0.00649693874676702,0.20141185075044632,0.5,0.5,0.25752251148223876
0,243,MEND158,2528,TCACATCTTATCTGAT-1,3159,5975,0.21626963019371032,0.009669936912076417,0.18628579583019017,0.8,0.5,0.397067129611969
0,244,MEND158,39,AAATGGTCAATGTGCC-1,5860,6734,0.21626420468091964,0.00963169750931567,0.1096613086760044,0.8,0.5,0.394296458363533
0,245,MEND158,234,ACCAACGCTTATTTAT-1,5686,9770,0.21623645573854447,0.01379484890104805,0.06686549261212349,0.8,0.5,0.38781486749649047
0,246,MEND158,2027,GGGCGTTTACATTCAT-1,3682,11744,0.21623616814613342,0.01269244909203003,0.10980081837624311,0.9,0.5,0.4447709172964096
0,247,MEND158,888,CATACGAACTAGCTGG-1,4117,11592,0.21622661352157593,0.009939257073783745,0.1518528388813138,0.7,0.5,0.35172042846679685
0,248,MEND158,250,ACCCGAGCGAAATTAC-1,3943,10985,0.2161850154399872,0.010816425505596876,0.01831557899713516,0.8,0.5,0.41151051223278046
0,249,MEND158,566,ATAAATATTAGCAGCT-1,3856,7493,0.2161599576473236,0.009290167180013938,0.1472730256617069,0.9,0.5,0.4294698894023895
0,250,MEND158,587,ATACGTTATGCACGGA-1,6906,11288,0.21614553034305573,0.010309702192303134,0.1565739566460252,0.6,0.5,0.3074781775474548
0,251,MEND158,2277,GTTTCTAGAGGCGCGG-1,9521,12199,0.21613627523183823,0.011372369180618942,0.04835858792066574,0.6,0.5,0.3031775563955307
0,252,MEND158,2696,TCTGCATACCTTGCTT-1,10044,10985,0.21613398641347886,0.00791174089842319,0.12132908068597317,0.8,0.5,0.3948059231042862
0,253,MEND158,927,CATGTCTCATTTATGG-1,8824,9163,0.21611418277025224,0.010681991432639083,0.1388431169092655,1.0,0.5,0.46825788617134095
0,254,MEND158,435,AGCCCTGTCGCACCGT-1,11961,7948,0.21600393503904342,0.008091642536593622,0.11548093184828759,0.5,0.5,0.26179699301719667
0,255,MEND158,2883,TGTGGCTCCCACCAAC-1,11700,8404,0.2159922704100609,0.0094085120610903,0.05325650200247765,0.7,0.5,0.35341587066650393
0,256,MEND158,2172,GTCTAGTGAGCCGCTT-1,9434,11744,0.21597750633955,0.01265844215395032,0.15327625162899494,0.7,0.5,0.3441950619220734
1,1,MEND158,1014,CCCGTTTCGCAGATGT-1,10654,9618,0.16063817888498305,0.015393315355922943,-0.29551146626472474,0.0,0.0,0.0
1,2,MEND158,1675,GATATGGATTACGCGG-1,2984,5975,0.1588876113295555,0.014741061915888117,-0.20917440466582776,0.0,0.0,0.0
1,3,MEND158,2608,TCCTCTCCAGTTGTCC-1,3159,6278,0.15806141197681428,0.014967978431264926,-0.13217982649803162,0.0,0.0,0.0
1,4,MEND158,2567,TCCAGGCAGGACGATC-1,6296,12655,0.1573075085878372,0.01823248375059555,-0.21540736705064772,0.0,0.0,0.0
1,5,MEND158,1447,CTGGCATCCGAATGAG-1,3682,9011,0.15674598067998885,0.016155200119831382,-0.18192695900797845,0.0,0.0,0.0
1,6,MEND158,1031,CCGAAAGTGGTGAGCA-1,3769,4304,0.15663839280605316,0.01943913354984872,-0.1362364448606968,0.1,0.0,0.04994510412216187
1,7,MEND158,258,ACCGAAGAGTCTGGTT-1,2374,10377,0.15640797466039658,0.01555303374794917,-0.1392427135258913,0.0,0.0,0.0
1,8,MEND158,726,ATTCAGTAGCAGGGTC-1,3594,5823,0.15588890314102172,0.013996857035904605,-0.21829782724380492,0.0,0.0,0.0
1,9,MEND158,397,AGAGATCTCTAAAGCG-1,2984,7796,0.15587868094444274,0.011813349904872346,-0.09595940373837948,0.0,0.0,0.0
1,10,MEND158,1807,GCGAAACTTAACTGGA-1,8562,8404,0.15581341236829757,0.012283967545634935,-0.35933429598808286,0.1,0.0,0.04502776861190796
1,11,MEND158,3038,TTGCATGCTGATCACG-1,4466,7948,0.15546779036521913,0.012401796000570165,-0.17233674861490728,0.0,0.0,0.0
1,12,MEND158,677,ATGCATGATCCAGGAT-1,7081,5519,0.15527321994304658,0.010389858530745078,-0.2871048528701067,0.0,0.0,0.0
1,13,MEND158,916,CATGCACATGAGAGGC-1,3246,12807,0.1551004931330681,0.013447555958582665,-0.1604174567386508,0.0,0.0,0.0
1,14,MEND158,1326,CTAAAGAATGCCTACT-1,4553,7189,0.15466783195734024,0.013919354991439316,-0.24224084615707397,0.0,0.0,0.0
1,15,MEND158,2772,TGCAGGATCGGCAAAG-1,7865,5367,0.15457803308963775,0.013891597607879155,-0.2626754820346832,0.0,0.0,0.0
1,16,MEND158,2802,TGCGTCATGACTGAGC-1,3246,9770,0.15456693470478058,0.011886645345633046,-0.17678993716835975,0.0,0.0,0.0
1,17,MEND158,631,ATCATAGATCGACGAG-1,5250,12958,0.1543596550822258,0.014584160045683407,-0.2258454903960228,0.0,0.0,0.0
1,18,MEND158,2428,TAGGGAGCTTGGGATG-1,9782,7189,0.1543188139796257,0.011078946744435717,-0.31452704071998594,0.0,0.0,0.0
1,19,MEND158,1977,GGCGCGTTCGAGTTTA-1,6558,8859,0.15417954623699187,0.01624354693449322,-0.2168762255460024,0.0,0.0,0.0
1,20,MEND158,1616,GACTGCTGGTGAGAAA-1,4815,11896,0.15415182411670686,0.012217404654454788,-0.20885185096412898,0.0,0.0,0.0
1,21,MEND158,2320,TAATAGAACAGAGTTA-1,4727,9315,0.1541380137205124,0.011646484429334254,-0.28508352003991605,0.0,0.0,0.0
1,22,MEND158,387,AGACCCGCCCTCCTCG-1,6296,5671,0.15406028926372528,0.014441745923252316,-0.1997745856642723,0.0,0.0,0.0
1,23,MEND158,2917,TTACATGCCACAACTA-1,10392,7948,0.1540018141269684,0.014221410743649722,-0.26798374615609644,0.0,0.0,0.0
1,24,MEND158,1495,CTTCGGCCAATTGTTT-1,11003,9315,0.15396860837936402,0.013198328546766976,-0.3528963282704353,0.0,0.0,0.0
1,25,MEND158,1409,CTCTACACTGGCGATT-1,2897,8252,0.15379443913698196,0.015022583454499056,-0.2604643002152443,0.0,0.0,0.0
1,26,MEND158,1851,GCGTGGTACTGGGTTA-1,9695,7037,0.15376116782426835,0.013226100081307843,-0.24380164928734302,0.0,0.0,0.0
1,27,MEND158,2219,GTGGCCGGTTTCTCGG-1,2287,12047,0.1535871520638466,0.018799436136204415,-0.30575661063194276,0.1,0.0,0.04763073921203613
1,28,MEND158,2312,TAAGGCTGAATCCCTC-1,9870,8555,0.15350471138954164,0.014948529621500539,-0.18514540679752828,0.0,0.0,0.0
1,29,MEND158,3046,TTGCGGAAAGCTGCCC-1,5076,13262,0.1534288853406906,0.014715456235032268,-0.3425244644284248,0.0,0.0,0.0
1,30,MEND158,2842,TGGGCAATAGTTGGGT-1,10828,8707,0.1534242585301399,0.014297304108505646,-0.26149569600820544,0.0,0.0,0.0
1,31,MEND158,1199,CGCCAAGAAGCCGAGT-1,2897,7645,0.15338967889547347,0.00911956172208747,-0.25845611803233626,0.0,0.0,0.0
1,32,MEND158,2117,GTAGCTTCCTCTTGTT-1,9172,6430,0.15337739437818526,0.016361988321032788,-0.2525845006108284,0.0,0.0,0.0
1,33,MEND158,324,ACTATCTGCCCGCGTA-1,11264,9770,0.15337458699941636,0.013979456466010615,-0.20800963938236236,0.0,0.0,0.0
1,34,MEND158,1061,CCGGCACGACCGTTTC-1,11090,7037,0.153144770860672,0.010931478537796325,-0.22951291203498841,0.0,0.0,0.0
1,35,MEND158,1914,GGAAAGTCTTGATTGT-1,5163,13110,0.15306589156389236,0.016583676778922692,-0.2313153252005577,0.0,0.0,0.0
1,36,MEND158,626,ATCACTTCATCCTCGC-1,7255,4912,0.1530640110373497,0.017043243001976346,-0.25191516112536194,0.0,0.0,0.0
1,37,MEND158,1310,CGTGTCCCATTCGCGA-1,4902,5975,0.15294651091098785,0.015470065802721847,-0.12999545522034167,0.0,0.0,0.0
1,38,MEND158,1423,CTGAGAAAGTTCGGCG-1,11613,9163,0.15290828794240952,0.014082221886362016,-0.20746748447418212,0.0,0.0,0.0
1,39,MEND158,2793,TGCGAATATGGGATTT-1,2549,8555,0.15281630754470826,0.016118953423733984,-0.25756228491663935,0.0,0.0,0.0
1,40,MEND158,3033,TTGATGTGTAGTCCCG-1,9259,5367,0.15278010964393615,0.0196634827090913,-0.19012149311602117,0.0,0.0,0.0
1,41,MEND158,1573,GACACCCAAAGACGCG-1,4640,13110,0.15257254987955093,0.017839117205229862,-0.2579325970262289,0.0,0.0,0.0
1,42,MEND158,1942,GGATCTACCGTTCGTC-1,4117,13414,0.15254300385713576,0.011896628760859103,-0.27567920833826065,0.0,0.0,0.0
1,43,MEND158,1693,GATCTCGACGCTGTGG-1,11700,9315,0.15253506749868392,0.014304794138238257,-0.2958826918154955,0.0,0.0,0.0
1,44,MEND158,1308,CGTGGCCGAATATCTA-1,10218,8859,0.15249770432710646,0.011057658720164823,-0.25097716934978964,0.0,0.0,0.0
1,45,MEND158,2216,GTGGAGCGTTTACCGA-1,2810,10529,0.15245273783802987,0.018313595589145398,-0.0868456520140171,0.0,0.0,0.0
1,46,MEND158,170,AATGTGCTAATCTGAG-1,4205,11744,0.15238446816802026,0.018054599255198374,-0.25269823223352433,0.0,0.0,0.0
1,47,MEND158,21,AAAGGCCCTATAATAC-1,3333,11744,0.15238368436694144,0.017084246612481698,-0.18668454475700855,0.0,0.0,0.0
1,48,MEND158,2027,GGGCGTTTACATTCAT-1,3682,11744,0.15237924158573152,0.014750488711955374,-0.24326524790376425,0.0,0.0,0.0
1,49,MEND158,93,AACTTTACGGGAGCTT-1,2026,6430,0.15228613391518592,0.01634807020177014,-0.24233595225960017,0.0,0.0,0.0
1,50,MEND158,833,CACTCGGTTAGGAGGA-1,2549,7037,0.15228141248226165,0.010617405930055005,-0.2940316565334797,0.0,0.0,0.0
1,51,MEND158,2790,TGCCTGACATCGGTCA-1,3159,4153,0.15227476209402085,0.01405488169491984,-0.247496035695076,0.0,0.0,0.0
1,52,MEND158,2171,GTCTACTCAATTACAA-1,2549,7341,0.1522568240761757,0.012349937619738922,-0.14759483747184277,0.0,0.0,0.0
1,53,MEND158,1098,CCTCACCTTAGCATCG-1,9870,5823,0.15221014469861985,0.01985996669727088,-0.2123820438981056,0.1,0.0,0.04736126959323883
1,54,MEND158,1089,CCTATATCGTGTCACG-1,2287,10833,0.15212631970643997,0.013834529771103943,-0.34644814431667326,0.0,0.0,0.0
1,55,MEND158,3028,TTGAGCAGCCCACGGT-1,11525,8404,0.1521102726459503,0.014488932274479322,-0.25924840308725833,0.0,0.0,0.0
1,56,MEND158,2239,GTTAACTATGTTGTCA-1,11090,8252,0.15205177366733552,0.015230938456484948,-0.22858718000352382,0.0,0.0,0.0
1,57,MEND158,599,ATAGTGAAGCGTTCTC-1,6383,7948,0.152020912617445,0.019777163365309585,-0.2050290135666728,0.0,0.0,0.0
1,58,MEND158,2466,TATATGCTGGGTTGCC-1,2026,5215,0.15194984003901482,0.017979516694566502,-0.21414792388677598,0.0,0.0,0.0
1,59,MEND158,2549,TCATACTTACAGATCC-1,3507,5064,0.15192262902855874,0.013659000862235487,-0.27886537462472916,0.0,0.0,0.0
1,60,MEND158,887,CATACCCGTACCCAGT-1,4117,7341,0.1518610417842865,0.012808582524577285,-0.23223126158118249,0.0,0.0,0.0
1,61,MEND158,2791,TGCCTGATCAAACGAT-1,7516,4760,0.15182870775461196,0.014290905001909559,-0.2624639142304659,0.0,0.0,0.0
1,62,MEND158,213,ACACTCCAATGTCACT-1,2897,4304,0.15181523635983468,0.014708651002058792,-0.15241998452693223,0.0,0.0,0.0
1,63,MEND158,368,ACTTTCCTATAGCTTC-1,6819,5975,0.1517783872783184,0.015204145545726777,-0.20725341513752937,0.0,0.0,0.0
1,64,MEND158,2674,TCTAGTGATATCGTGG-1,9957,8404,0.15173016637563705,0.018574646873547793,-0.340235298126936,0.0,0.0,0.0
1,65,MEND158,363,ACTTGGGCTTTCGCCA-1,7952,13414,0.1517250694334507,0.016237318562357262,-0.20218061618506908,0.0,0.0,0.0
1,66,MEND158,233,ACCAACCGCACTCCAC-1,9870,11592,0.15162144899368285,0.012399937282876148,-0.2654977187514305,0.0,0.0,0.0
1,67,MEND158,1045,CCGCACGTGACCTCGG-1,3682,5975,0.15159538090229036,0.016207349597984665,-0.15479480419307948,0.0,0.0,0.0
1,68,MEND158,491,AGGGTGCCGTTCTTTA-1,4292,11592,0.15159415304660798,0.01892651766263779,-0.29622356668114663,0.0,0.0,0.0
1,69,MEND158,1140,CGAACCCGCATGCGTC-1,5686,9163,0.1515730634331703,0.01202391001130053,-0.26790625005960467,0.0,0.0,0.0
1,70,MEND158,422,AGCAGCCAGATGAATA-1,6471,10226,0.15150882974267005,0.013941006376011042,-0.24287577979266645,0.0,0.0,0.0
1,71,MEND158,225,ACATCCCGGCCATACG-1,6383,10074,0.15146636292338372,0.013625411245594379,-0.206270931661129,0.0,0.0,0.0
1,72,MEND158,1106,CCTCGGTTTCCTTGCC-1,4727,12351,0.1513868384063244,0.018319804237816144,-0.28983527421951294,0.0,0.0,0.0
1,73,MEND158,1296,CGTCGGATAGTGTTGA-1,9782,6885,0.15137898474931716,0.012051495814619548,-0.29235123135149477,0.0,0.0,0.0
1,74,MEND158,1772,GCCATCGAGCTGCGTG-1,5512,9770,0.15137278586626052,0.0100033391747483,-0.2758533775806427,0.0,0.0,0.0
1,75,MEND158,312,ACGTTATTGGTCACTC-1,2549,4608,0.15134817212820054,0.018993391686066417,-0.24671100862324238,0.0,0.0,0.0
1,76,MEND158,1876,GCTCATTGATCATATC-1,5599,12958,0.15134644284844398,0.020405276440303707,-0.17540087997913362,0.1,0.0,0.04587430953979492
1,77,MEND158,1502,CTTGCAACCGCCTCCT-1,3594,8252,0.1513422816991806,0.01692567539017507,-0.2725260466337204,0.0,0.0,0.0
1,78,MEND158,29,AAAGTTGACTCCCGTA-1,9782,8100,0.15132467299699784,0.013779130359921165,-0.2637851133942604,0.0,0.0,0.0
1,79,MEND158,2734,TGACGAATATTTCCCT-1,3333,8404,0.15126569271087648,0.014694847514888969,-0.224470691755414,0.0,0.0,0.0
1,80,MEND158,2738,TGAGACGTACCTCTCA-1,1851,7645,0.15126509144902228,0.017078262831025363,-0.217890465259552,0.0,0.0,0.0
1,81,MEND158,1230,CGCTCTCCGTAGATTA-1,4640,6734,0.15125184655189514,0.01457773941387514,-0.1844453491270542,0.1,0.0,0.04524978697299957
1,82,MEND158,2213,GTGCTTACATCAGCGC-1,11525,8707,0.1512143075466156,0.01406395942690174,-0.30806702822446824,0.0,0.0,0.0
1,83,MEND158,1002,CCCGACCATAGTCCGC-1,7865,4760,0.15119208842515947,0.015564082705067435,-0.2770255457609892,0.0,0.0,0.0
1,84,MEND158,2398,TAGAATAGCCGATGAA-1,10131,11136,0.15118646547198294,0.016950498432872045,-0.3534702718257904,0.0,0.0,0.0
1,85,MEND158,436,AGCCCTTGGACATCCC-1,11613,10377,0.15116920173168183,0.016087508287937136,-0.21726940311491488,0.0,0.0,0.0
1,86,MEND158,2430,TAGGTCGCCGGAACTG-1,10131,6582,0.15116487070918083,0.016511704173805607,-0.35959953516721727,0.0,0.0,0.0
1,87,MEND158,2125,GTATCTCAGTCTTGAC-1,3333,10529,0.15116410702466965,0.014855834449037097,-0.33251475244760514,0.0,0.0,0.0
1,88,MEND158,381,AGAATAAATCTTCAGG-1,2374,7341,0.15111029148101807,0.01496522028065607,-0.2405879782512784,0.0,0.0,0.0
1,89,MEND158,386,AGACCCACCGCTGATC-1,7081,9163,0.15109758228063583,0.012669912836573347,-0.18592330552637576,0.0,0.0,0.0
1,90,MEND158,1127,CCTGTCGCCCGTAAAT-1,6819,7189,0.1510951578617096,0.012605819800711984,-0.24653851836919785,0.0,0.0,0.0
1,91,MEND158,1907,GCTTCCGTCCCTAGAC-1,8126,6126,0.15108760446310043,0.01480434400236867,-0.1762187084183097,0.0,0.0,0.0
1,92,MEND158,630,ATCAGTAGGCAGGGAT-1,8998,5215,0.15108324587345123,0.012252684994631878,-0.2252400867640972,0.0,0.0,0.0
1,93,MEND158,1683,GATCGACACTATCTGA-1,5512,5823,0.15106336250901223,0.018191123926795987,-0.17812206968665123,0.0,0.0,0.0
1,94,MEND158,1712,GATTAGAAACAAGCGT-1,5338,13110,0.15105844512581826,0.016899017541470048,-0.359170525893569,0.0,0.0,0.0
1,95,MEND158,1225,CGCTACGGGACATTTA-1,5599,7493,0.15104978978633882,0.012794093341832347,-0.298526531457901,0.0,0.0,0.0
1,96,MEND158,180,AATTGAACGCTCTGGT-1,8649,8555,0.1510252632200718,0.014842339836847764,-0.29091818258166313,0.0,0.0,0.0
1,97,MEND158,1606,GACTAAGTAGGCTCAC-1,5163,5823,0.150951074808836,0.014644399233064381,-0.22515083029866217,0.0,0.0,0.0
1,98,MEND158,1117,CCTGCCCGTTGTCTAG-1,2200,7037,0.1509415403008461,0.013182695878388842,-0.1375997494906187,0.0,0.0,0.0
1,99,MEND158,1,AAACACCAATAACTGC-1,3072,10681,0.15092711448669432,0.016864590253916373,-0.19665662571787834,0.0,0.0,0.0
1,100,MEND158,203,ACACAAAGACGGGTGG-1,6296,5367,0.15092579573392867,0.01710825423498751,-0.2367739301174879,0.0,0.0,0.0
1,101,MEND158,383,AGACAGCTCAGAATCC-1,2461,5064,0.15089283287525176,0.01673278398871356,-0.15230915136635303,0.0,0.0,0.0
1,102,MEND158,635,ATCCAACGCAGTCATA-1,4640,5519,0.15088996961712836,0.017305636106558615,-0.2941181272268295,0.0,0.0,0.0
1,103,MEND158,1424,CTGAGCAAGTAACAAG-1,3594,4001,0.150868783891201,0.011922922007014735,-0.3356401950120926,0.0,0.0,0.0
1,104,MEND158,794,CACAGCACCCACGGCA-1,6558,6430,0.15085736513137818,0.012105471692578869,-0.27095008492469785,0.0,0.0,0.0
1,105,MEND158,2148,GTCCCAACGTAAAGTA-1,7778,6734,0.15079891681671143,0.01311540650311329,-0.2587275363504887,0.0,0.0,0.0
1,106,MEND158,2255,GTTCCAGTCTGACCAT-1,6035,4304,0.15077695846557618,0.01733089323378066,-0.24619538336992264,0.0,0.0,0.0
1,107,MEND158,268,ACCGGTCAGGTACACC-1,2723,10681,0.15077389031648636,0.01478987428291748,-0.26060050930827855,0.0,0.0,0.0
1,108,MEND158,2825,TGGCAACTCGCGCGCC-1,8911,5064,0.15077205747365952,0.012977044452478614,-0.2363681398332119,0.0,0.0,0.0
1,109,MEND158,1128,CCTGTTCAACCTCGGG-1,5860,12503,0.15076352804899215,0.014516821502987167,-0.3353667423129082,0.0,0.0,0.0
1,110,MEND158,28,AAAGTGTGATTTATCT-1,9608,8404,0.15076121911406518,0.01742121979865327,-0.2873083308339119,0.0,0.0,0.0
1,111,MEND158,1763,GCATGGGTACTGACGC-1,1677,7948,0.1507433369755745,0.016460552186413326,-0.24410193115472795,0.0,0.0,0.0
1,112,MEND158,1530,GAAATACTAAACGTTT-1,3333,4456,0.15069964081048964,0.016313696251357757,-0.17017903476953505,0.0,0.0,0.0
1,113,MEND158,421,AGCAGAAGGAGAAAGA-1,7342,11440,0.15065510347485542,0.018580685799940884,-0.3394471131265163,0.0,0.0,0.0
1,114,MEND158,501,AGGTCAGGTGAGAGTG-1,3159,8707,0.15064534917473793,0.01581207426020277,-0.2499811951071024,0.0,0.0,0.0
1,115,MEND158,2785,TGCCGGATGTACGAGC-1,4379,11136,0.15062294751405716,0.02011234913458903,-0.19755799807608126,0.0,0.0,0.0
1,116,MEND158,47,AACAATTACTCTACGC-1,3594,6126,0.1506026118993759,0.01629674648644823,-0.19101469162851573,0.0,0.0,0.0
1,117,MEND158,413,AGCAAAGGCCGCTAGT-1,7691,10833,0.15056269317865373,0.015634128212437873,-0.2867789026349783,0.0,0.0,0.0
1,118,MEND158,2370,TACGCTATAGAAACCT-1,10480,6885,0.15055976659059525,0.011345933092102712,-0.27056978084146976,0.0,0.0,0.0
1,119,MEND158,1448,CTGGCGCACAGGTCTG-1,9172,7341,0.15053635686635972,0.013553476172346406,-0.3423014432191849,0.0,0.0,0.0
1,120,MEND158,1793,GCCGGTCGTATCTCTC-1,6122,12351,0.1505277156829834,0.013205073508321504,-0.33416636735200883,0.0,0.0,0.0
1,121,MEND158,1048,CCGCCGTTGAGGATAA-1,11787,8555,0.1505233272910118,0.01406988777210488,-0.2696160148829222,0.0,0.0,0.0
1,122,MEND158,277,ACCTCGAACTTATGCT-1,2723,11592,0.15051083415746688,0.015295481869236394,-0.27718013860285284,0.0,0.0,0.0
1,123,MEND158,776,CAATACGAGAGTCTGA-1,11874,8404,0.1504930302500725,0.013484517397028883,-0.18442425224930048,0.0,0.0,0.0
1,124,MEND158,2178,GTCTCCTGCCAGTATG-1,2549,10681,0.1504890464246273,0.017516283943582282,-0.12134562581777572,0.0,0.0,0.0
1,125,MEND158,1730,GCAAGAATTCCTTGGC-1,4553,8404,0.15047450736165047,0.01678560909134944,-0.21912281922996044,0.0,0.0,0.0
1,126,MEND158,550,AGTGTGGTCTATTGTG-1,3420,4912,0.15046509504318237,0.013779470636653229,-0.23522772081196308,0.0,0.0,0.0
1,127,MEND158,1474,CTTAAATAAGACCCAT-1,2200,5519,0.1504573106765747,0.01511930874495058,-0.22914590500295162,0.0,0.0,0.0
1,128,MEND158,2735,TGACGATGCACTAGAA-1,9695,7341,0.15042643547058104,0.01442865239488637,-0.2412342458963394,0.0,0.0,0.0
1,129,MEND158,1951,GGATTTCACTTCTATA-1,8649,6430,0.15040067583322525,0.013532532708413517,-0.23090412877500058,0.0,0.0,0.0
1,130,MEND158,139,AAGTTCGGCCAACAGG-1,4379,8707,0.15030962377786636,0.010260608949774765,-0.3838309496641159,0.0,0.0,0.0
1,131,MEND158,1154,CGACCGTTGGTATTCG-1,3769,13110,0.15025220960378646,0.011766307560070846,-0.4785150945186615,0.0,0.0,0.0
1,132,MEND158,362,ACTTGGGACCCGGTGG-1,5686,6126,0.15019451379776,0.011247424320125696,-0.25595401749014857,0.0,0.0,0.0
1,133,MEND158,1725,GCAAATGAGGACACTT-1,1851,7948,0.15018732994794845,0.01680113393570248,-0.20907479375600815,0.0,0.0,0.0
1,134,MEND158,1261,CGGGAATATAGTATAC-1,10567,8859,0.1501859463751316,0.019460575701375868,-0.21697695404291154,0.1,0.0,0.04348326325416565
1,135,MEND158,757,CAAATCTCTCACAAGG-1,3507,8404,0.15018124729394913,0.01500124853065942,-0.27385421879589555,0.0,0.0,0.0
1,136,MEND158,817,CACCTAATCAGTTTAC-1,7691,4760,0.1501725733280182,0.012944677607320544,-0.3293928761035204,0.0,0.0,0.0
1,137,MEND158,2672,TCTAGCATGCCCAGAA-1,7168,9011,0.15009158551692964,0.014134980150406817,-0.2907851204276085,0.0,0.0,0.0
1,138,MEND158,1893,GCTGCGAAGAATTATT-1,5425,12958,0.15008101612329483,0.01565949856318177,-0.25253450833261015,0.0,0.0,0.0
1,139,MEND158,2223,GTGGGAAGACTGAATC-1,2723,8555,0.15004569441080093,0.020208306658489043,-0.328430212661624,0.0,0.0,0.0
1,140,MEND158,349,ACTGTAGCACTTTGGA-1,4815,5823,0.15003710314631463,0.022120901348467868,-0.27921835519373417,0.0,0.0,0.0
1,141,MEND158,2300,TAACCTACCGTCCGAG-1,10218,6734,0.15000237822532653,0.01368727107825253,-0.22493858262896538,0.0,0.0,0.0
1,142,MEND158,1652,GAGTAAACCGGAAAGT-1,11613,9466,0.14998257532715797,0.013347924759689331,-0.3409091591835022,0.0,0.0,0.0
1,143,MEND158,1782,GCCCGTTCACACAATT-1,4815,13414,0.14997194111347198,0.014697897872244847,-0.2921747460961342,0.0,0.0,0.0
1,144,MEND158,2888,TGTGTCGCGAGTTGCA-1,4553,5367,0.1499482922255993,0.021076261874962466,-0.15178033858537673,0.0,0.0,0.0
1,145,MEND158,271,ACCTAAGTACCTTTCA-1,4030,9315,0.14994630813598633,0.012610838614628183,-0.1865992672741413,0.0,0.0,0.0
1,146,MEND158,923,CATGGTAAGTAGCGTT-1,7778,8555,0.14987708479166031,0.014424198589644907,-0.29975522197782994,0.0,0.0,0.0
1,147,MEND158,1992,GGCTGTCCTACTGCGG-1,5773,13262,0.149863538146019,0.013853368680577094,-0.34598419852554796,0.0,0.0,0.0
1,148,MEND158,2730,TGACATCGAGCGGACC-1,10218,7037,0.14982389509677888,0.017737833742570135,-0.14415088817477226,0.0,0.0,0.0
1,149,MEND158,1579,GACAGCCAGACCTGAC-1,8911,8100,0.1497928574681282,0.01252285504383347,-0.2629198431968689,0.0,0.0,0.0
1,150,MEND158,229,ACATCGTATGCAATGG-1,8475,8555,0.14976997748017312,0.016935028104305912,-0.2720715217292309,0.0,0.0,0.0
1,151,MEND158,2110,GTACTGGAGTTAGACC-1,8475,6734,0.14976080507040024,0.010341474253400809,-0.24853108040988445,0.0,0.0,0.0
1,152,MEND158,1079,CCGTTTCCTTTCCGTG-1,5425,13262,0.14974475130438805,0.014213735011359212,-0.20651602633297445,0.0,0.0,0.0
1,153,MEND158,1437,CTGCGATTTCGAGATT-1,6645,12655,0.1497399926185608,0.015123084810896522,-0.2585030872374773,0.0,0.0,0.0
1,154,MEND158,1092,CCTATGAAGTGGTGCC-1,11090,7341,0.14972957074642182,0.011982494671702756,-0.33817069232463837,0.0,0.0,0.0
1,155,MEND158,1532,GAAATCTGACCAAGTT-1,1590,4456,0.14971799850463868,0.01301656105681093,-0.19348062239587308,0.0,0.0,0.0
1,156,MEND158,300,ACGGCCAACATGGACT-1,6209,9770,0.14971336722373962,0.013828846764137393,-0.25456424057483673,0.0,0.0,0.0
1,157,MEND158,3041,TTGCCCTGATCACGGG-1,4379,7189,0.14963896721601486,0.013405167473450951,-0.3194530189037323,0.0,0.0,0.0
1,158,MEND158,2477,TATCTACCACAGCGGG-1,6645,8100,0.1496205635368824,0.01580631867678828,-0.296869607642293,0.0,0.0,0.0
1,159,MEND158,953,CCACGAATTTAACCTC-1,10915,7948,0.14961647540330886,0.010608490152849833,-0.23156849276274444,0.0,0.0,0.0
1,160,MEND158,2532,TCACGCATTGTAGATC-1,5686,6734,0.14960205554962158,0.013016784660467975,-0.2565136969089508,0.0,0.0,0.0
1,161,MEND158,2095,GTAACATCTAAGATAA-1,11003,10226,0.14956905022263528,0.018644181561612717,-0.2594703745096922,0.0,0.0,0.0
1,162,MEND158,2708,TCTTCCCATGGGCACA-1,9782,6582,0.14956858158111572,0.013548459825101368,-0.3152453374117613,0.0,0.0,0.0
1,163,MEND158,1917,GGAACCTTGACTCTGC-1,3246,10681,0.1495114155113697,0.01663226937302474,-0.2658266633749008,0.0,0.0,0.0
1,164,MEND158,1765,GCATTGACTTGCGGAA-1,1764,9315,0.14948548898100852,0.01418729842768869,-0.29334553629159926,0.0,0.0,0.0
1,165,MEND158,417,AGCACCAGTACTCACG-1,7081,5823,0.14945472180843353,0.01709595219940867,-0.12994467560201883,0.0,0.0,0.0
1,166,MEND158,1051,CCGCGGAATGCGTCAC-1,5338,9466,0.14943130016326905,0.009151981108924996,-0.3005421727895737,0.0,0.0,0.0
1,167,MEND158,1789,GCCGCACTCCGTTTCA-1,11961,8252,0.14940129294991494,0.015703708813908313,-0.33666776716709135,0.0,0.0,0.0
1,168,MEND158,2475,TATCGATGATTAAACG-1,5686,5215,0.14939849823713303,0.014052162643269634,-0.12852874025702477,0.0,0.0,0.0
1,169,MEND158,2285,GTTTGTTAGCCAAGTA-1,1677,9770,0.14939537197351455,0.02378279893595286,-0.24474296048283578,0.1,0.0,0.04556951522827148
1,170,MEND158,2080,GGTTAGCTATATGTCT-1,8998,8859,0.149374558031559,0.01756733401501837,-0.2916668191552162,0.0,0.0,0.0
1,171,MEND158,2103,GTACACTTACCTGAAG-1,6993,7189,0.14937397986650466,0.013771250793967165,-0.2880304653197527,0.0,0.0,0.0
1,172,MEND158,182,AATTGCGTGGATTACA-1,2200,11896,0.14937250912189484,0.014952663359744815,-0.19706426560878754,0.0,0.0,0.0
1,173,MEND158,1050,CCGCGATTTGGTAGGT-1,2200,7645,0.14935194998979567,0.019622907261702172,-0.29035910330712794,0.1,0.0,0.04509885311126709
1,174,MEND158,351,ACTGTCTTCTTTAGAA-1,6993,6278,0.14934135228395462,0.012888450797953034,-0.34273997843265536,0.0,0.0,0.0
1,175,MEND158,1460,CTGGTGAATGGGCCTA-1,3072,11592,0.14927995055913926,0.013590475201690839,-0.3760889548808336,0.0,0.0,0.0
1,176,MEND158,743,ATTGTCTGTTTCATGT-1,6035,12503,0.14927441924810408,0.010689942020291573,-0.35533622577786445,0.0,0.0,0.0
1,177,MEND158,1331,CTAACAGCACAATAAC-1,1503,10985,0.1492238812148571,0.013852379572247222,-0.2352264566347003,0.0,0.0,0.0
1,178,MEND158,2978,TTCCTTTCTGTGTTGC-1,3594,3394,0.14921875,0.015078698687286425,-0.2532239567488432,0.0,0.0,0.0
1,179,MEND158,2311,TAAGGCCCGTCACCCT-1,7516,11136,0.14918852150440215,0.016037739060139677,-0.22007184214890002,0.0,0.0,0.0
1,180,MEND158,646,ATCCTTCTGAAAGAAC-1,12397,9011,0.14914484024047853,0.019820957996607637,-0.33544005099684,0.0,0.0,0.0
1,181,MEND158,2579,TCCCGTGTGCAATTTG-1,8388,8404,0.1491073302924633,0.016151819941884762,-0.19756441190838814,0.0,0.0,0.0
1,182,MEND158,2470,TATCCATCTCGGTTAG-1,2897,10985,0.1490902215242386,0.011498036292522638,-0.35948391258716583,0.0,0.0,0.0
1,183,MEND158,296,ACGGAATTTAGCAAAT-1,3769,4001,0.14908774122595786,0.015367789498761988,-0.11708336919546128,0.0,0.0,0.0
1,184,MEND158,2636,TCGCTCGATATATTCC-1,6906,6126,0.1490810327231884,0.016948777141165446,-0.2741155579686165,0.0,0.0,0.0
1,185,MEND158,2443,TAGTCCGTATGCATAA-1,2549,4001,0.14906771332025529,0.01390583442751868,-0.2448001116514206,0.0,0.0,0.0
1,186,MEND158,3074,TTGTCTCGGCAAGATG-1,4989,13110,0.14905566424131395,0.013872176665964443,-0.3385192394256592,0.0,0.0,0.0
1,187,MEND158,2805,TGCTATGGCAAAGGGA-1,3682,12351,0.14903463721275328,0.015120039741090559,-0.31592994928359985,0.0,0.0,0.0
1,188,MEND158,2898,TGTTGTCAAGAAGTCT-1,8562,5367,0.14902705177664757,0.01827861886331183,-0.12835946381092073,0.0,0.0,0.0
1,189,MEND158,1517,CTTTGGCGCTTTATAC-1,2984,6582,0.14902294650673867,0.015813168460986016,-0.3341680847108364,0.0,0.0,0.0
1,190,MEND158,1998,GGGACAGAGTTACTCC-1,3072,10377,0.14901114478707314,0.021044795598180833,-0.28159436881542205,0.0,0.0,0.0
1,191,MEND158,1948,GGATGTCCTTACCGCA-1,9347,7037,0.14899590238928795,0.018777342824857077,-0.31307735554873944,0.0,0.0,0.0
1,192,MEND158,315,ACGTTCTGTACAAGTC-1,9695,11592,0.14899185597896575,0.01570987791257703,-0.3244758937507868,0.0,0.0,0.0
1,193,MEND158,1350,CTACTGCCACCTGACC-1,6906,5823,0.14898647591471673,0.012838833668921933,-0.20887741446495056,0.0,0.0,0.0
1,194,MEND158,2557,TCCAACTCAGCTATCT-1,9347,11896,0.14897463321685792,0.012777636905296074,-0.24698676429688932,0.0,0.0,0.0
1,195,MEND158,1357,CTAGGGATAGGGACAA-1,5163,12503,0.1489599421620369,0.015496828231954463,-0.3032287172973156,0.0,0.0,0.0
1,196,MEND158,405,AGATACTCAAGATCGA-1,8562,8707,0.14892696738243102,0.012041745712675918,-0.3000987470149994,0.0,0.0,0.0
1,197,MEND158,2120,GTAGTTCGAAGGCGAA-1,4815,11592,0.14892103970050813,0.014523313030118955,-0.35645823180675507,0.0,0.0,0.0
1,198,MEND158,1509,CTTTACCGAATAGTAG-1,8737,9315,0.14890983700752258,0.014005084443953618,-0.2896463185548782,0.0,0.0,0.0
1,199,MEND158,2761,TGCAAACGTACTAGTT-1,5686,13414,0.14889644235372543,0.015405567622676267,-0.22788515388965608,0.0,0.0,0.0
1,200,MEND158,3084,TTGTTCAGTGTGCTAC-1,6993,5367,0.14888303652405738,0.018623356438066552,-0.33202760815620425,0.0,0.0,0.0
1,201,MEND158,333,ACTCCCTAATGCTAAA-1,7429,10377,0.14885366708040237,0.012871435666913787,-0.2612677490338683,0.0,0.0,0.0
1,202,MEND158,291,ACGCCGCTAGACGACC-1,7604,8252,0.14885326474905014,0.017668924860345457,-0.35194315016269684,0.0,0.0,0.0
1,203,MEND158,1850,GCGTCTCTGCATTGGG-1,4989,7645,0.1488271377980709,0.01718196781275506,-0.1528980664908886,0.0,0.0,0.0
1,204,MEND158,730,ATTCCCGAAGGTACAG-1,1416,10833,0.14880798906087875,0.012767072859134506,-0.15409689769148827,0.0,0.0,0.0
1,205,MEND158,17,AAACTGCTGGCTCCAA-1,7255,8555,0.14879946634173394,0.014311000844524798,-0.23837897852063178,0.0,0.0,0.0
1,206,MEND158,2602,TCCTACATCCACGGCC-1,8737,8707,0.14879541248083114,0.01644357808605255,-0.2703705355525017,0.0,0.0,0.0
1,207,MEND158,2079,GGTTACCGCTCCCTAC-1,5250,13262,0.1487876631319523,0.01697421582292991,-0.2940345074981451,0.0,0.0,0.0
1,208,MEND158,3031,TTGATCTAACTTTGTC-1,5512,6126,0.14878742694854735,0.015352007154063383,-0.19480202831327914,0.0,0.0,0.0
1,209,MEND158,579,ATACCTAACCAAGAAA-1,6993,10529,0.14878246039152146,0.0157103205983132,-0.12949069403111935,0.0,0.0,0.0
1,210,MEND158,2302,TAACGCTTTGAGAGCG-1,3943,5823,0.14878147691488267,0.01650589963153312,-0.16583225093781948,0.1,0.0,0.04520376324653626
1,211,MEND158,1185,CGATTAAATATCTCCT-1,6819,10226,0.14877519458532334,0.01155961185519275,-0.20003564655780792,0.0,0.0,0.0
1,212,MEND158,3015,TTGAATATGGACTTTC-1,8039,6885,0.14877391755580902,0.0097974559998146,-0.24360271580517293,0.0,0.0,0.0
1,213,MEND158,1041,CCGATCTCAACCTTAT-1,10218,7341,0.14876108467578888,0.017990625546348,-0.2918372772634029,0.0,0.0,0.0
1,214,MEND158,1466,CTGTATGGTGTAGAAA-1,4205,4760,0.14875199049711227,0.012763654357714913,-0.13606717344373465,0.0,0.0,0.0
1,215,MEND158,246,ACCCAACGCCCGTGGC-1,8911,6278,0.14874248206615448,0.01681940584065399,-0.1877322506159544,0.0,0.0,0.0
1,216,MEND158,2202,GTGCAGCGTAGAGTAG-1,12223,9618,0.1487342193722725,0.01165892662647718,-0.30754245817661285,0.0,0.0,0.0
1,217,MEND158,2030,GGGCTCATCGAACCCA-1,9172,5519,0.1487307846546173,0.013673801190411226,-0.1371980279684067,0.0,0.0,0.0
1,218,MEND158,1786,GCCGAAATTCCTACGT-1,5338,7037,0.1487269103527069,0.014388379718961706,-0.24569034148007632,0.0,0.0,0.0
1,219,MEND158,2897,TGTTGCCGTCGTCCCA-1,12048,8707,0.14872222095727922,0.015002206815833372,-0.18224629312753676,0.0,0.0,0.0
1,220,MEND158,1165,CGAGCACTTCAAGTTT-1,3594,5215,0.14872140884399415,0.013159952296699303,-0.1996736066415906,0.0,0.0,0.0
1,221,MEND158,308,ACGTCTCGTTCCGGGA-1,1939,8404,0.14871848672628402,0.014462923290761468,-0.1555494237691164,0.0,0.0,0.0
1,222,MEND158,2303,TAACTATCGAAGGTCC-1,4379,5367,0.14870745241641997,0.012935914908702172,-0.28685415759682653,0.0,0.0,0.0
1,223,MEND158,1207,CGCCGCCCATGCCTGT-1,8649,7645,0.14870351701974868,0.011601205060661653,-0.18460486102849244,0.0,0.0,0.0
1,224,MEND158,526,AGTCGGCTCAACTTTA-1,3420,8859,0.1486891396343708,0.01855971589717718,-0.3606922920793295,0.0,0.0,0.0
1,225,MEND158,454,AGCTAAGTACGCAGGC-1,8911,11440,0.14868631362915039,0.014672093289545905,-0.31692798584699633,0.0,0.0,0.0
1,226,MEND158,2169,GTCGTCAATTATAAGG-1,5338,3394,0.14867948442697526,0.012835239926401846,-0.19855088293552398,0.0,0.0,0.0
1,227,MEND158,2450,TAGTGTCAGAAACGGC-1,3072,4912,0.14867003560066222,0.019992903739031,-0.19158285465091468,0.0,0.0,0.0
1,228,MEND158,1177,CGATAGCGATACAGTG-1,2287,11744,0.1486663654446602,0.014691630995739627,-0.20567973852157592,0.0,0.0,0.0
1,229,MEND158,584,ATACGGTGAAGATGCA-1,2374,6734,0.1486624523997307,0.018279337934349736,-0.21371967308223247,0.0,0.0,0.0
1,230,MEND158,1607,GACTACAAAGCGGTGG-1,3246,9163,0.14866005927324294,0.013828250182706177,-0.21973458118736744,0.0,0.0,0.0
1,231,MEND158,2024,GGGCGGTCCTATTGTC-1,3856,3849,0.1486470729112625,0.015947053937949138,-0.2926974087953568,0.0,0.0,0.0
1,232,MEND158,2369,TACGCCTCCATTCCGA-1,6558,10074,0.14863974303007127,0.015621838511379374,-0.15028770528733731,0.0,0.0,0.0
1,233,MEND158,1113,CCTGAATATTTACATA-1,7604,5215,0.14860834628343583,0.017849002824424996,-0.19586202017962934,0.0,0.0,0.0
1,234,MEND158,2333,TACAAGTCTCGTGCAT-1,3769,6430,0.14859216585755347,0.01650821846749338,-0.2344530213624239,0.0,0.0,0.0
1,235,MEND158,461,AGCTTGATCTTAACTT-1,3420,7948,0.14858890622854232,0.013043248627999358,-0.25990086048841476,0.0,0.0,0.0
1,236,MEND158,2525,TCACAGGAGAATAAGA-1,5686,10074,0.14858444407582283,0.015367009459341026,-0.1655754778534174,0.0,0.0,0.0
1,237,MEND158,2668,TCTACCGTCCACAAGC-1,7255,5823,0.14857814311981202,0.016129981248703972,-0.22286901623010635,0.0,0.0,0.0
1,238,MEND158,281,ACGAGGATACCACTCT-1,2984,9315,0.14857059568166733,0.014816044029729886,-0.2611164631322026,0.0,0.0,0.0
1,239,MEND158,1155,CGACCTACTAGACAAT-1,1416,8707,0.1485672824084759,0.014288853055882525,-0.22883264012634755,0.0,0.0,0.0
1,240,MEND158,2570,TCCATCAATACTAATC-1,2636,11440,0.14855847582221032,0.01940390108663947,-0.2059853259474039,0.0,0.0,0.0
1,241,MEND158,621,ATCAAGATCCCAGGAC-1,6471,12655,0.14854761064052582,0.013597430446357401,-0.25193730406463144,0.0,0.0,0.0
1,242,MEND158,2359,TACCTTAAGATTTCCC-1,3943,9163,0.14852960854768754,0.016177650909342242,-0.06348346322774887,0.0,0.0,0.0
1,243,MEND158,1037,CCGACAAAGGGAGTGC-1,3246,6734,0.1485168755054474,0.013989821411066977,-0.31255439966917037,0.0,0.0,0.0
1,244,MEND158,914,CATGATGCACAATTCT-1,7429,4912,0.14851558804512024,0.013544050549240056,-0.20686439089477063,0.0,0.0,0.0
1,245,MEND158,2546,TCAGTACTGACCCGCG-1,4379,5671,0.1485135406255722,0.01584825663940985,-0.19293427355587484,0.0,0.0,0.0
1,246,MEND158,1755,GCAGGACTATAGAATA-1,4640,7037,0.1485119104385376,0.01744941634390252,-0.2947226628661156,0.0,0.0,0.0
1,247,MEND158,1368,CTATCACAACGCTGGA-1,8214,12958,0.14849603027105332,0.01573589563626602,-0.25778738707304,0.0,0.0,0.0
1,248,MEND158,2794,TGCGACACCCTAGTGC-1,5425,8707,0.14846857637166977,0.01126763602246158,-0.3275846544653177,0.0,0.0,0.0
1,249,MEND158,1058,CCGGAAGTTATCAGTC-1,12484,9163,0.14845479875802994,0.015670423724074053,-0.23947869911789893,0.0,0.0,0.0
1,250,MEND158,1819,GCGATGTCTGTGCTTG-1,1416,4456,0.1484482392668724,0.01754951779537523,-0.1853223919868469,0.0,0.0,0.0
1,251,MEND158,1598,GACGCATACCCGTCGG-1,1939,11440,0.14844222068786622,0.015775509907535602,-0.15716303884983063,0.0,0.0,0.0
1,252,MEND158,1091,CCTATCTATATCGGAA-1,8126,4608,0.14843812733888626,0.014092551746351106,-0.24732359535992146,0.0,0.0,0.0
1,253,MEND158,1739,GCACACAGCTATTACC-1,7516,12655,0.1484169140458107,0.01210698756748083,-0.3861647412180901,0.0,0.0,0.0
1,254,MEND158,1046,CCGCATGTGGTACGAT-1,7168,10226,0.14841508716344834,0.01403966950979775,-0.24187045134603977,0.0,0.0,0.0
1,255,MEND158,1944,GGATCTTGACTCAACC-1,2897,9466,0.14840382635593413,0.013714380354528682,-0.3310582309961319,0.0,0.0,0.0
1,256,MEND158,1217,CGCGAGTCTGCCGGGT-1,3159,9618,0.14840245246887207,0.014107316910357801,-0.21600028462707996,0.0,0.0,0.0
2,1,MEND158,2053,GGTATAGTGACACATA-1,11351,6885,0.17638005912303925,0.011161921749681381,-0.022196402400732042,0.0,0.0,0.0
2,2,MEND158,1842,GCGGTCCCTAGACGCA-1,5338,3697,0.1738644689321518,0.011224844847561043,-0.022966813668608664,0.1,0.0,0.04970210790634155
2,3,MEND158,901,CATCCAATATAGTTTG-1,2984,11744,0.1735314577817917,0.012333256110464017,-0.02476943228393793,0.0,0.0,0.0
2,4,MEND158,2169,GTCGTCAATTATAAGG-1,5338,3394,0.17328394055366517,0.01194861579873233,-0.04402848221361637,0.0,0.0,0.0
2,5,MEND158,1497,CTTCTATGTTGAAGTA-1,3856,8707,0.17308153510093688,0.011788134164160916,-0.15113107096403838,0.0,0.0,0.0
2,6,MEND158,1940,GGATCAGAGCCATCAG-1,1503,8252,0.17300751507282258,0.01001763081287326,-0.040797406993806365,0.0,0.0,0.0
2,7,MEND158,1987,GGCTATTAAGTTGTAT-1,4989,6734,0.17276261895895004,0.017664756100759862,-0.06770629808306694,0.2,0.0,0.09194340705871581
2,8,MEND158,1409,CTCTACACTGGCGATT-1,2897,8252,0.17249378859996795,0.01251171672038906,-0.14344328567385672,0.0,0.0,0.0
2,9,MEND158,2278,GTTTCTGCAGTCTCCC-1,7691,7796,0.1722867876291275,0.009487651849204361,-0.07555790394544601,0.0,0.0,0.0
2,10,MEND158,1474,CTTAAATAAGACCCAT-1,2200,5519,0.17219769358634948,0.010396690871872139,-0.09077470358461141,0.1,0.0,0.04869060218334198
2,11,MEND158,854,CAGCAGTCCAGACTAT-1,10131,9315,0.172162726521492,0.010971601598453787,-0.09068591520190239,0.0,0.0,0.0
2,12,MEND158,2832,TGGCCAATTTGGTACT-1,2374,9163,0.172149395942688,0.014968806278231493,0.002689886838197708,0.1,0.0,0.0415006548166275
2,13,MEND158,308,ACGTCTCGTTCCGGGA-1,1939,8404,0.17214404344558715,0.012150239064936967,-0.007058206200599671,0.0,0.0,0.0
2,14,MEND158,51,AACAGGATGGGCCGCG-1,4117,6126,0.17201766967773438,0.0103247055224201,-0.08988641668111086,0.0,0.0,0.0
2,15,MEND158,1195,CGCAGGCGATCCAAAC-1,10305,9618,0.1719382882118225,0.012223095006911868,-0.265258495695889,0.2,0.0,0.07607288062572479
2,16,MEND158,528,AGTCGTATAAAGCAGA-1,8475,11592,0.17131173461675644,0.007926978251474558,-0.060558991879224776,0.0,0.0,0.0
2,17,MEND158,560,AGTTTGCACCTGCCTC-1,7865,10529,0.17084174901247023,0.009848804500213342,-0.14200053960084916,0.0,0.0,0.0
2,18,MEND158,1046,CCGCATGTGGTACGAT-1,7168,10226,0.17062076181173325,0.005563150330033441,-0.09845129027962685,0.0,0.0,0.0
2,19,MEND158,1078,CCGTTCCGAATCTCGG-1,3333,7796,0.1702859491109848,0.007884939111003455,-0.12794423028826712,0.0,0.0,0.0
2,20,MEND158,467,AGGATATAGGGATTTA-1,9782,8707,0.17017851769924164,0.008786775892905262,-0.16996154338121414,0.0,0.0,0.0
2,21,MEND158,44,AAATTTGCGGGTGTGG-1,4292,8859,0.17010478675365448,0.013627364145075696,-0.15460621621459722,0.0,0.0,0.0
2,22,MEND158,2450,TAGTGTCAGAAACGGC-1,3072,4912,0.16998023241758348,0.01345329184421253,-0.050720677524805066,0.0,0.0,0.0
2,23,MEND158,1741,GCACAGCACGGGCCGA-1,5076,12655,0.16985976547002793,0.01711087559461334,-0.11213806290179491,0.0,0.0,0.0
2,24,MEND158,2810,TGCTGGTTGGACAATT-1,4989,4912,0.16969348788261412,0.008219535863984297,-0.16453928351402283,0.0,0.0,0.0
2,25,MEND158,2236,GTGTTACTATGCGTCC-1,7952,7948,0.16934171915054322,0.013499273966817394,-0.1670513316988945,0.0,0.0,0.0
2,26,MEND158,1613,GACTGCAAATCGAGCT-1,7952,10681,0.16932502686977385,0.021019160957814337,-0.1679115280508995,0.2,0.1,0.093059840798378
2,27,MEND158,1276,CGGTGCAGATAGAACG-1,4553,8100,0.1693218857049942,0.007289185107829685,-0.07299244552850723,0.0,0.0,0.0
2,28,MEND158,1049,CCGCCTTGCGATGTCG-1,2026,8252,0.16918173283338547,0.015895611326814038,-0.11064617298543453,0.1,0.0,0.047880557179450986
2,29,MEND158,1190,CGCAATTAGGGTAATA-1,5250,5975,0.16917434632778167,0.005596102250835761,-0.1268150132149458,0.0,0.0,0.0
2,30,MEND158,928,CATTATCCCATTAACG-1,4117,11896,0.16907003223896028,0.013142848027554733,0.05140505935996771,0.0,0.0,0.0
2,31,MEND158,35,AAATCGTGTACCACAA-1,6296,8404,0.16906120181083678,0.009513059176433863,-0.10696775913238525,0.0,0.0,0.0
2,32,MEND158,945,CCAATTGAATGTTAAT-1,5425,4760,0.16905939280986787,0.010472922477749967,-0.07730513140559196,0.0,0.0,0.0
2,33,MEND158,1501,CTTGAGTTAGGGTAAT-1,9521,7645,0.16902945339679717,0.008561365866520038,-0.03008045256137848,0.0,0.0,0.0
2,34,MEND158,1145,CGAAGTTGCTCTGTGT-1,4466,6734,0.16888866424560547,0.007432371628046799,-0.07186559811234475,0.0,0.0,0.0
2,35,MEND158,937,CCAACCTTATGTAACT-1,4989,11896,0.16886527836322784,0.009794342563620011,-0.033184590935707095,0.0,0.0,0.0
2,36,MEND158,2854,TGGTCGTGCAAGGCAA-1,2026,7948,0.1688588798046112,0.006754400290728785,-0.1284922778606415,0.0,0.0,0.0
2,37,MEND158,1976,GGCGCGGAGATCTTTC-1,8911,10529,0.16881850659847258,0.011653206369563305,-0.06654113437980413,0.0,0.0,0.0
2,38,MEND158,108,AAGCCGAAGCGGTTTA-1,10741,9163,0.16881605237722397,0.007845410537340667,-0.15772498697042464,0.0,0.0,0.0
2,39,MEND158,914,CATGATGCACAATTCT-1,7429,4912,0.16879681646823883,0.00859709185449258,-0.07567078303545713,0.0,0.0,0.0
2,40,MEND158,673,ATGATGCAATGGTACA-1,5773,8404,0.16877212524414062,0.009402075262362404,-0.17260201573371886,0.0,0.0,0.0
2,41,MEND158,2688,TCTCGTGTTACGAGGA-1,1851,8555,0.16875039786100388,0.009502492878762944,-0.1350392483174801,0.0,0.0,0.0
2,42,MEND158,2800,TGCGGAGTAAAGGTGC-1,7516,5064,0.16871828436851502,0.008726210952418045,-0.01011822149157524,0.0,0.0,0.0
2,43,MEND158,2781,TGCCACCTGGCGAAAC-1,8039,4760,0.1687057286500931,0.005841197963081499,-0.03843683749437332,0.0,0.0,0.0
2,44,MEND158,2943,TTATATTTGGCAATCC-1,6993,5671,0.16864953339099883,0.008244266485179374,-0.04077147524803877,0.0,0.0,0.0
2,45,MEND158,61,AACCCGAGCAGAATCG-1,11264,10377,0.1686089426279068,0.013593053787555787,-0.1607699513435364,0.2,0.0,0.09030053913593292
2,46,MEND158,2100,GTAAGTCCACACTCTA-1,11787,8252,0.16860285103321077,0.00929410901939954,-0.10192786455154419,0.0,0.0,0.0
2,47,MEND158,2576,TCCCGCGTACTCCTGG-1,7429,5823,0.16848264038562774,0.0057364360891532604,-0.11851700972765684,0.0,0.0,0.0
2,48,MEND158,825,CACGTCGGCAACCTCT-1,4640,9163,0.16846485435962677,0.013363364073717616,-0.09394608978182077,0.0,0.0,0.0
2,49,MEND158,649,ATCGCACGCCGGGAGA-1,6383,5519,0.1681709960103035,0.010345341153764757,-0.05706234350800514,0.0,0.0,0.0
2,50,MEND158,127,AAGTAGAAGACCGGGT-1,5512,4608,0.16815844923257828,0.008558800871941896,-0.15420424938201904,0.0,0.0,0.0
2,51,MEND158,2484,TATGCTCCCTACTTAC-1,6732,5519,0.16809093505144118,0.013934949275509133,-0.1912390932440758,0.0,0.0,0.0
2,52,MEND158,512,AGTAGAAGGCGCCTCA-1,6819,12351,0.16783250570297242,0.012583950834381857,-0.053747997432947156,0.0,0.0,0.0
2,53,MEND158,777,CAATACGCTCTGAGGC-1,2287,7796,0.1676668182015419,0.008697443553492716,0.015634626895189286,0.0,0.0,0.0
2,54,MEND158,1726,GCAACACACTAGAACT-1,2810,8707,0.16757978349924088,0.011342999165588983,-0.1215814121067524,0.0,0.0,0.0
2,55,MEND158,2689,TCTCTCGCCGCACATA-1,11438,10074,0.16755608469247818,0.009105588393240997,-0.13334425091743468,0.0,0.0,0.0
2,56,MEND158,2719,TGAACTGCTATGACTT-1,1503,7645,0.1675553098320961,0.009446681195705428,-0.1005993414670229,0.0,0.0,0.0
2,57,MEND158,677,ATGCATGATCCAGGAT-1,7081,5519,0.16753591299057008,0.012729508422610563,-0.21177614890038968,0.0,0.0,0.0
2,58,MEND158,1292,CGTCAGCTATTTACTC-1,2374,4304,0.167519511282444,0.009407685509456625,-0.15564733799546956,0.0,0.0,0.0
2,59,MEND158,351,ACTGTCTTCTTTAGAA-1,6993,6278,0.16751888692378997,0.0137937742280243,-0.22748831361532212,0.1,0.0,0.04780297875404358
2,60,MEND158,2173,GTCTATACACGCATGG-1,5773,12958,0.167493012547493,0.011331567999235787,-0.03238278925418854,0.0,0.0,0.0
2,61,MEND158,2580,TCCCTGGCGTATTAAC-1,2984,10529,0.16745698302984238,0.011466638925121097,-0.062393818981945515,0.0,0.0,0.0
2,62,MEND158,3061,TTGGCCATCTTGCGCT-1,3246,4304,0.16737472116947175,0.01239854130343151,0.01113716121762991,0.0,0.0,0.0
2,63,MEND158,2372,TACGCTGCTGTGTTAA-1,3507,12047,0.167330764234066,0.011168126989185937,-0.21008842838928105,0.0,0.0,0.0
2,64,MEND158,1758,GCATACGAGGTCTTTA-1,2636,7493,0.16719510704278945,0.00709392874944947,-0.07564523592591285,0.0,0.0,0.0
2,65,MEND158,684,ATGCTTAGGAGTTGAT-1,11177,10226,0.16718828231096267,0.007802189656636563,-0.15964820683002473,0.0,0.0,0.0
2,66,MEND158,741,ATTGGATTACAGCGTA-1,10305,9922,0.16715517342090608,0.00875396841841615,-0.14167437460273505,0.0,0.0,0.0
2,67,MEND158,2432,TAGGTGAGCCCTACTC-1,4292,6126,0.16712747663259506,0.011464404649564212,-0.01703055128455162,0.0,0.0,0.0
2,68,MEND158,1381,CTCAACTAACCCGGAT-1,8824,11288,0.16708308458328247,0.010784248647802967,-0.16659901440143585,0.0,0.0,0.0
2,69,MEND158,2722,TGAATACCGACGCGTA-1,8562,11744,0.16706550866365433,0.010071491162451878,-0.08387654405087233,0.0,0.0,0.0
2,70,MEND158,284,ACGATCATACATAGAG-1,6906,5519,0.16704168021678925,0.01022431612188086,-0.11543585136532783,0.0,0.0,0.0
2,71,MEND158,2182,GTCTGTAGGTTGAACA-1,4815,12807,0.1670237213373184,0.011365663827690657,-0.015052961558103562,0.0,0.0,0.0
2,72,MEND158,923,CATGGTAAGTAGCGTT-1,7778,8555,0.1669562891125679,0.01625035048162216,-0.1914698312059045,0.1,0.1,0.05005198121070862
2,73,MEND158,754,CAAACTCGCGACGCCG-1,11090,8555,0.1669162169098854,0.009839882343839217,-0.02085866928100586,0.0,0.0,0.0
2,74,MEND158,1782,GCCCGTTCACACAATT-1,4815,13414,0.16690568029880523,0.009824938943603046,-0.18198606390506028,0.0,0.0,0.0
2,75,MEND158,420,AGCACTTAAGGACGCC-1,4466,6430,0.1668572783470154,0.013865226271963323,-0.12215286865830421,0.0,0.0,0.0
2,76,MEND158,357,ACTTCAGGCTGATCCC-1,8475,9466,0.16682193279266358,0.007950243602467256,-0.24614055454730988,0.0,0.0,0.0
2,77,MEND158,1398,CTCGCACCTATATAGT-1,7342,5367,0.16681172847747802,0.012704979939654823,-0.07222679425030946,0.0,0.0,0.0
2,78,MEND158,2851,TGGTAGAATATATGGG-1,10131,9011,0.16676729917526245,0.010500323382565553,-0.1863691296428442,0.0,0.0,0.0
2,79,MEND158,3028,TTGAGCAGCCCACGGT-1,11525,8404,0.16662792414426802,0.012770065741468951,-0.16645068917423486,0.0,0.0,0.0
2,80,MEND158,2534,TCACGGTCATCGCACA-1,5338,5215,0.16661169826984407,0.01009598856271455,-0.030065092258155346,0.0,0.0,0.0
2,81,MEND158,2136,GTCAAGCGGACTCGGG-1,8126,7645,0.166603621840477,0.007855293463929275,-0.10266475509852171,0.0,0.0,0.0
2,82,MEND158,2737,TGACTCCGAATCATAC-1,2810,11136,0.16659894287586213,0.00837886697553766,-0.06315626353025436,0.0,0.0,0.0
2,83,MEND158,1719,GATTTGCGCTAACACC-1,5860,13110,0.16659426391124726,0.012404328283909031,-0.09998637065291405,0.0,0.0,0.0
2,84,MEND158,1359,CTAGGTTCGGACGTGA-1,7516,10529,0.16658625304698943,0.007404688976854824,-0.15660984087735413,0.0,0.0,0.0
2,85,MEND158,275,ACCTCCGCCCTCGCTG-1,10741,10074,0.1665557861328125,0.010801594741102465,-0.01237870380282402,0.0,0.0,0.0
2,86,MEND158,705,ATGTTACGAGCAATAC-1,3943,4001,0.16654138267040253,0.009779392339232779,0.02186618745326996,0.0,0.0,0.0
2,87,MEND158,2867,TGTATAACAGATCCTG-1,8301,6126,0.1665046200156212,0.0048487167244421914,-0.10718640591949224,0.0,0.0,0.0
2,88,MEND158,2582,TCCGAACGTTGCCGCT-1,11961,9466,0.16645439118146896,0.007029535407603437,-0.13712904136627913,0.0,0.0,0.0
2,89,MEND158,2922,TTACTAAAGGACTTTA-1,8214,9011,0.166439288854599,0.008018837675230093,-0.08669215366244316,0.0,0.0,0.0
2,90,MEND158,2952,TTATTATCTGGAAGGC-1,11961,10074,0.16643677949905394,0.014265160085681705,-0.14886533617973327,0.0,0.0,0.0
2,91,MEND158,2142,GTCATGGACATGACTA-1,6819,5671,0.16637218445539476,0.007703304291636222,-0.05078230202198029,0.0,0.0,0.0
2,92,MEND158,145,AATACCGGAGGGCTGT-1,4640,11896,0.16635388880968094,0.012355604283101755,-0.10105820149183273,0.0,0.0,0.0
2,93,MEND158,1642,GAGGATAAACAGTGCT-1,11351,7796,0.1663498744368553,0.01406871838706646,-0.11645463183522224,0.0,0.0,0.0
2,94,MEND158,2193,GTGAGGACACTTAAGG-1,8126,7948,0.16634582728147507,0.006377309999854913,-0.14220699276775123,0.0,0.0,0.0
2,95,MEND158,1826,GCGCGGTCTAGTAACT-1,6645,12047,0.166336552798748,0.01307623406222757,-0.08848244696855545,0.0,0.0,0.0
2,96,MEND158,2345,TACCAGAAGTAGGTTC-1,5860,9163,0.16633634716272355,0.014535178243777083,-0.14324531955644487,0.0,0.0,0.0
2,97,MEND158,2138,GTCAGAATAGTCTATG-1,4205,6278,0.16631219387054444,0.008030338603485574,-0.0760515782982111,0.0,0.0,0.0
2,98,MEND158,2892,TGTTCATAAATGTGCT-1,2113,5671,0.16631149351596833,0.014882049667445347,-0.060051694698631766,0.0,0.0,0.0
2,99,MEND158,2842,TGGGCAATAGTTGGGT-1,10828,8707,0.16630567759275436,0.012418272661157257,-0.17921153753995894,0.1,0.0,0.03521113097667694
2,100,MEND158,765,CAAGAGGGCGGAGTAC-1,7865,8707,0.16629786938428878,0.007312463192701773,-0.17665518969297409,0.0,0.0,0.0
2,101,MEND158,1541,GAACGCGGGTCACACG-1,11351,9011,0.16627849042415618,0.011632395920474894,-0.1889553599059582,0.0,0.0,0.0
2,102,MEND158,302,ACGGCTGGATGTAGAA-1,2374,10985,0.16627743542194368,0.013673240958629176,-0.04034960493445396,0.0,0.0,0.0
2,103,MEND158,3083,TTGTTAGCAAATTCGA-1,5076,5064,0.16627713590860366,0.007799592024221567,-0.18772132992744445,0.0,0.0,0.0
2,104,MEND158,1671,GATAGGTGTCCCGGGC-1,12136,7645,0.1662698954343796,0.01577937454360186,-0.04236728549003601,0.1,0.0,0.047880804538726805
2,105,MEND158,1747,GCAGACCCAGCACGTA-1,10392,7645,0.16625792682170867,0.009045536487267473,-0.16177840493619441,0.0,0.0,0.0
2,106,MEND158,1226,CGCTAGAGACCGCTGC-1,10218,7645,0.16623301208019256,0.004357373183641319,-0.10939134433865547,0.0,0.0,0.0
2,107,MEND158,738,ATTGCCTTTATGTTTG-1,8737,11440,0.16622304171323776,0.013148047509090476,-0.1968232922255993,0.0,0.0,0.0
2,108,MEND158,1991,GGCTGAAATAGCAAAG-1,8301,9163,0.16621346771717072,0.00862241200577295,-0.181319734826684,0.0,0.0,0.0
2,109,MEND158,1725,GCAAATGAGGACACTT-1,1851,7948,0.16618766337633134,0.017658089960577397,-0.10668127909302712,0.2,0.0,0.08975730836391449
2,110,MEND158,543,AGTGCGTAGCTCGTAA-1,5076,8707,0.16613078713417054,0.008646054286788938,-0.12224656865000724,0.0,0.0,0.0
2,111,MEND158,1576,GACACTGGAACCCGAT-1,11003,9618,0.16609654873609542,0.015871324815908548,-0.18583232760429383,0.0,0.0,0.0
2,112,MEND158,2881,TGTGGCAAAGCGTATG-1,8998,6126,0.1660609796643257,0.008577544178882521,-0.13109268750995398,0.0,0.0,0.0
2,113,MEND158,403,AGATAACTTCAGGGCC-1,5250,6582,0.1660071536898613,0.008929867047967423,-0.09857454150915146,0.0,0.0,0.0
2,114,MEND158,2475,TATCGATGATTAAACG-1,5686,5215,0.16598340421915053,0.014306798161239908,-0.022582698985934256,0.0,0.0,0.0
2,115,MEND158,4,AAACAGTGTTCCTGGG-1,5163,12807,0.16596736162900924,0.010092219323236205,-0.05197765380144119,0.0,0.0,0.0
2,116,MEND158,670,ATGAGGAGTGTTAATC-1,4466,5519,0.16596563011407853,0.0069309193333516525,0.004515431821346283,0.0,0.0,0.0
2,117,MEND158,2901,TGTTTGAGATCGTCAG-1,11438,9163,0.1659577712416649,0.008008709638950843,-0.1762214794754982,0.0,0.0,0.0
2,118,MEND158,546,AGTGGCGTCTGAAGGT-1,8911,11136,0.1659455642104149,0.011535003491617379,-0.2026602029800415,0.0,0.0,0.0
2,119,MEND158,1787,GCCGACCCACGACTGC-1,4030,11136,0.16592791378498079,0.01267062303397893,-0.12388610318303109,0.0,0.0,0.0
2,120,MEND158,2034,GGGTACTTCATGAACT-1,4815,7341,0.16592604517936707,0.010744512781583,-0.13607794791460037,0.0,0.0,0.0
2,121,MEND158,2122,GTATCAAACGTTAGCT-1,9870,10074,0.16592094600200652,0.006410254727159682,-0.2049423910677433,0.0,0.0,0.0
2,122,MEND158,223,ACATAAGTCGTGGTGA-1,2200,10681,0.1658908858895302,0.013942251558769811,-0.2714100232347846,0.0,0.0,0.0
2,123,MEND158,2506,TCAAACTTAGATTGTT-1,7081,6430,0.1658903107047081,0.014256204243017778,-0.15513951051980257,0.0,0.0,0.0
2,124,MEND158,925,CATGGTCTAGATACCG-1,7168,5671,0.1658523127436638,0.008303836244318215,-0.11162332855165005,0.0,0.0,0.0
2,125,MEND158,1735,GCACAAACGAGGCGTG-1,11351,8707,0.16576332449913025,0.011752540812528502,-0.12167800422757864,0.0,0.0,0.0
2,126,MEND158,1620,GAGACTTCGCGACCGA-1,6383,9770,0.16568682044744493,0.009233470254845926,-0.07393839284777641,0.0,0.0,0.0
2,127,MEND158,2751,TGATCACCACACTGAC-1,5860,12199,0.16568216532468796,0.01390324791746091,-0.23378072455525398,0.0,0.0,0.0
2,128,MEND158,2649,TCGGGCCGTCGTGGTA-1,9085,7796,0.16567356884479523,0.010534564819746997,-0.08555541187524796,0.0,0.0,0.0
2,129,MEND158,2585,TCCGATGACTGAGCTC-1,8039,5064,0.16567295789718628,0.0131882119237864,-0.06397444363683462,0.0,0.0,0.0
2,130,MEND158,2716,TCTTTAGAGTCTAACA-1,11351,9315,0.16565479934215546,0.013717429544116172,-0.08762615639716387,0.0,0.0,0.0
2,131,MEND158,176,AATTCATTGTCATGCA-1,2200,11288,0.16562907695770263,0.007136002429141418,-0.20951274670660497,0.0,0.0,0.0
2,132,MEND158,2779,TGCCAATGGGTACTCT-1,5948,9922,0.16560297310352326,0.012404232964619497,-0.09390837848186492,0.0,0.0,0.0
2,133,MEND158,2021,GGGCGATATGTGTGAA-1,6471,5975,0.16557945162057877,0.008327003905973702,-0.06612511947751046,0.0,0.0,0.0
2,134,MEND158,2826,TGGCAAGCACAAGTCG-1,6296,11744,0.16557543724775314,0.014218609020836593,-0.11154221892356872,0.0,0.0,0.0
2,135,MEND158,1955,GGCAAGGCGAAATAGC-1,7429,8555,0.16556960195302964,0.014916076879567522,-0.20906788632273673,0.0,0.0,0.0
2,136,MEND158,1260,CGGCTCTAAAGCTGCA-1,11003,8707,0.1655624255537987,0.011444546096982556,-0.09106107782572508,0.0,0.0,0.0
2,137,MEND158,1344,CTACGATCCTATCCTA-1,3072,12199,0.16554338485002518,0.011990179758898758,-0.11484684124588966,0.0,0.0,0.0
2,138,MEND158,1493,CTTCCGCTCCGTGAAG-1,5773,10226,0.16554116159677507,0.008473674896421153,-0.09547484721988439,0.0,0.0,0.0
2,139,MEND158,2978,TTCCTTTCTGTGTTGC-1,3594,3394,0.16551046073436737,0.014565224718524391,-0.14851901382207872,0.0,0.0,0.0
2,140,MEND158,2119,GTAGTCTACGATATTG-1,8126,11288,0.165499684214592,0.006926704765983326,-0.17897584717720746,0.0,0.0,0.0
2,141,MEND158,1337,CTAATTCGCACGCGCT-1,4379,5975,0.16549929231405258,0.009978821002914633,-0.09118249639868736,0.0,0.0,0.0
2,142,MEND158,3056,TTGGACCATCTGGCAA-1,10567,9466,0.16549373418092728,0.010607623117494464,-0.15240062028169632,0.0,0.0,0.0
2,143,MEND158,1472,CTGTTGGCTCTTCTGA-1,1590,4760,0.1654851645231247,0.009405140758527499,-0.01685896310955286,0.0,0.0,0.0
2,144,MEND158,1389,CTCCCAATGAGTCGCG-1,11438,9466,0.1654699757695198,0.010862781574696518,-0.11579559743404388,0.0,0.0,0.0
2,145,MEND158,1805,GCCTTTGTCAGTGGAC-1,2287,11440,0.1653868928551674,0.013604461344662823,-0.1837232695892453,0.0,0.0,0.0
2,146,MEND158,1411,CTCTAGCCCTCGGAAA-1,9259,11744,0.16538236886262894,0.008572079404031291,-0.15567750260233879,0.0,0.0,0.0
2,147,MEND158,2358,TACCTGCTGCACTGTG-1,3333,5975,0.16537940353155137,0.011077209723530929,-0.11077437996864319,0.0,0.0,0.0
2,148,MEND158,1376,CTATGTGAGTCACGGC-1,2897,8555,0.1653415635228157,0.012892004691377306,-0.01694559250026941,0.0,0.0,0.0
2,149,MEND158,690,ATGGCAGCATTACGAT-1,2984,11440,0.16533587574958802,0.009813300261757954,-0.10368963228538633,0.0,0.0,0.0
2,150,MEND158,1271,CGGTACTAGAATCAAA-1,8649,8252,0.16532982736825944,0.009706316682057558,-0.13481298983097076,0.0,0.0,0.0
2,151,MEND158,2944,TTATCCGGGATCTATA-1,8998,9466,0.1653173729777336,0.007648794545553907,-0.24736804142594337,0.0,0.0,0.0
2,152,MEND158,544,AGTGCTAAACACAGCA-1,9347,10985,0.1653130903840065,0.013593529010265438,-0.14345266614109278,0.0,0.0,0.0
2,153,MEND158,2014,GGGCAGTCAACGCCAA-1,8301,12199,0.16529507637023927,0.004959893590361329,-0.11771764755249023,0.0,0.0,0.0
2,154,MEND158,1052,CCGCGGGTACGAAGAA-1,3682,6582,0.16527581661939622,0.00905992212499962,-0.10121520925313235,0.0,0.0,0.0
2,155,MEND158,1417,CTCTTCTATTGACTGG-1,10131,8707,0.1652471899986267,0.014935395334422459,-0.1535383328795433,0.0,0.0,0.0
2,156,MEND158,2102,GTAATCTGATTCTTCG-1,5250,9315,0.16522334814071654,0.014286735964678764,-0.06454007402062416,0.0,0.0,0.0
2,157,MEND158,505,AGGTTCTCCTTTCCGG-1,2113,11744,0.16519443690776825,0.008919331894338748,-0.01999863311648369,0.0,0.0,0.0
2,158,MEND158,1523,GAAACCGAATTACCTT-1,5860,8555,0.16519431471824647,0.009754371654164807,-0.17928540529683232,0.0,0.0,0.0
2,159,MEND158,276,ACCTCCGTTATTCACC-1,11177,6885,0.16518033891916276,0.009754961572629107,-0.21232525408267974,0.0,0.0,0.0
2,160,MEND158,798,CACAGTTCGCTTCCCA-1,11351,9922,0.16517727226018905,0.014603833818700488,-0.08865119144320488,0.0,0.0,0.0
2,161,MEND158,2133,GTCAAAGAAGTGGTGT-1,2984,10226,0.1651673823595047,0.011245874947238672,-0.08917376101016998,0.0,0.0,0.0
2,162,MEND158,2525,TCACAGGAGAATAAGA-1,5686,10074,0.16515559554100037,0.012758518478757605,-0.057352546602487564,0.0,0.0,0.0
2,163,MEND158,904,CATCGCCCGCGGCCAA-1,5250,3849,0.16513074934482574,0.010161640125421478,-0.05075044259428978,0.0,0.0,0.0
2,164,MEND158,1915,GGAACCCGAACAAGAA-1,2200,5215,0.16512992084026337,0.008709815290895095,-0.061566255241632464,0.0,0.0,0.0
2,165,MEND158,1201,CGCCATCCGATTATGA-1,8388,5367,0.16510067284107208,0.011061177120408234,-0.07432586066424847,0.0,0.0,0.0
2,166,MEND158,2613,TCCTTGTCCTTTAATT-1,7429,12199,0.16509924381971358,0.012911972571545789,-0.12502256259322167,0.0,0.0,0.0
2,167,MEND158,717,ATTACTAGCCTCTTGC-1,5250,4456,0.16507315635681152,0.010221440781839931,-0.10601961351931095,0.0,0.0,0.0
2,168,MEND158,1428,CTGCACCTGGAACCGC-1,5686,4001,0.165002678334713,0.008275700400751537,-0.158664308488369,0.0,0.0,0.0
2,169,MEND158,300,ACGGCCAACATGGACT-1,6209,9770,0.16496465653181075,0.0068972591212233866,-0.15415112730115652,0.0,0.0,0.0
2,170,MEND158,483,AGGCTTGCTAGACACC-1,2984,5367,0.16494966745376588,0.008999352174348347,-0.12025243490934372,0.0,0.0,0.0
2,171,MEND158,1569,GACAAACATATGCAGG-1,10131,8404,0.16490258723497392,0.011329430992190581,-0.18805845603346824,0.0,0.0,0.0
2,172,MEND158,2298,TAACATACAATGTGGG-1,7516,7493,0.16489252150058747,0.012032030985486997,-0.08362905606627465,0.0,0.0,0.0
2,173,MEND158,608,ATATCAATTCCAGCCT-1,1939,10226,0.16489076614379883,0.0076060830609985895,-0.09443635195493698,0.0,0.0,0.0
2,174,MEND158,224,ACATCAGCTGGGACGC-1,2461,6582,0.1648803636431694,0.01451644918330683,-0.16851879209280013,0.0,0.0,0.0
2,175,MEND158,1237,CGCTTTCCGCCAAGGT-1,8126,12807,0.16486615538597107,0.008144854627109128,-0.16593113169074059,0.0,0.0,0.0
2,176,MEND158,1021,CCCTCATTCTGGAATT-1,5250,4153,0.1648467093706131,0.02196028043507863,-0.057984691299498084,0.1,0.1,0.05016461610794067
2,177,MEND158,1350,CTACTGCCACCTGACC-1,6906,5823,0.16482482552528382,0.014856697917442659,-0.10849660579115153,0.0,0.0,0.0
2,178,MEND158,1639,GAGCTCTCGGACCTAA-1,4292,4001,0.16479021310806274,0.00803646417852757,-0.18730252273380757,0.0,0.0,0.0
2,179,MEND158,702,ATGTCTTGTTTGACTC-1,4379,12958,0.16477590650320054,0.008687952646937789,-0.07469750791788102,0.0,0.0,0.0
2,180,MEND158,861,CAGCTCTGGGCTCACT-1,4466,12807,0.1647743761539459,0.010733086649509787,-0.05150979701429605,0.0,0.0,0.0
2,181,MEND158,2778,TGCCAAAGTCAGACTT-1,3072,8252,0.16476193219423294,0.006137670039231968,-0.22093025967478752,0.0,0.0,0.0
2,182,MEND158,2085,GGTTCTACTCGTCTGA-1,10567,7645,0.16475079208612442,0.008000481649528195,-0.1936695620417595,0.0,0.0,0.0
2,183,MEND158,2593,TCCGGCCTAGCGTACA-1,9957,5975,0.16474827080965043,0.011726928661274148,-0.010594960302114487,0.0,0.0,0.0
2,184,MEND158,2363,TACGAGAACTTCACGT-1,4815,7037,0.16473605185747148,0.009052997655827797,-0.059767435491085055,0.0,0.0,0.0
2,185,MEND158,2167,GTCGTACCATCTCGGG-1,6819,8707,0.1647205352783203,0.013440858779452978,-0.054378839954733846,0.0,0.0,0.0
2,186,MEND158,2452,TATAAGTGAGGATAGC-1,4815,4912,0.16472042798995973,0.014050627383564402,-0.06484780758619309,0.0,0.0,0.0
2,187,MEND158,1776,GCCCGAGAGTCTAAAT-1,2287,11136,0.16471510082483293,0.017165931758544518,-0.09205377027392388,0.0,0.0,0.0
2,188,MEND158,596,ATAGGCGGCTATAGAA-1,4292,8252,0.16471315622329713,0.008236685390436522,-0.08217941801995039,0.0,0.0,0.0
2,189,MEND158,1659,GAGTCCGCTTACCGGA-1,6471,8707,0.1647006541490555,0.011500699610351146,-0.028397806733846665,0.0,0.0,0.0
2,190,MEND158,761,CAACGCGATGAGCCAA-1,4553,12958,0.16468186378479005,0.013104184477511962,-0.01610175147652626,0.0,0.0,0.0
2,191,MEND158,713,ATTAATGAACCAGTCG-1,8301,5215,0.16467730402946473,0.008904328037674937,-0.03560478147119284,0.0,0.0,0.0
2,192,MEND158,2320,TAATAGAACAGAGTTA-1,4727,9315,0.16466474086046218,0.011326592902209508,-0.21860155686736107,0.0,0.0,0.0
2,193,MEND158,1589,GACCGACTGAAGCGTC-1,3333,6885,0.16464387327432634,0.007049451864450291,-0.2854045510292053,0.0,0.0,0.0
2,194,MEND158,2291,TAAAGTGCACGTCTCG-1,5773,12655,0.16463810950517654,0.016320406569506028,-0.1621304528787732,0.0,0.0,0.0
2,195,MEND158,1693,GATCTCGACGCTGTGG-1,11700,9315,0.16463537514209747,0.009206132728259795,-0.21636629905551671,0.0,0.0,0.0
2,196,MEND158,536,AGTGACCTACTTTACG-1,5948,8404,0.16460603773593901,0.011977482735286748,-0.11264981776475906,0.0,0.0,0.0
2,197,MEND158,909,CATCTTACACCACCTC-1,10044,7341,0.1645983189344406,0.010870269910260192,-0.1766312800347805,0.0,0.0,0.0
2,198,MEND158,2543,TCAGGGCGCAAACTCG-1,2810,5064,0.16458663642406463,0.008576194934290935,-0.14002298079431058,0.0,0.0,0.0
2,199,MEND158,3084,TTGTTCAGTGTGCTAC-1,6993,5367,0.16453971117734909,0.010803731638773621,-0.2261851280927658,0.0,0.0,0.0
2,200,MEND158,836,CACTGACGATTGTGGA-1,5860,11592,0.1645363375544548,0.006896555773474027,-0.1139292486011982,0.0,0.0,0.0
2,201,MEND158,757,CAAATCTCTCACAAGG-1,3507,8404,0.16451597660779954,0.011482069482057301,-0.18013711124658585,0.0,0.0,0.0
2,202,MEND158,949,CCACATACTGCACCCA-1,11700,9618,0.16451347172260283,0.005021954969662281,0.0027611533179879187,0.0,0.0,0.0
2,203,MEND158,2311,TAAGGCCCGTCACCCT-1,7516,11136,0.16449445188045503,0.01121571481632036,-0.11875276565551758,0.0,0.0,0.0
2,204,MEND158,1982,GGCGGTAGGATCATTG-1,7429,6430,0.16445693075656892,0.01185244194039967,-0.2991703156381845,0.0,0.0,0.0
2,205,MEND158,2340,TACATGACCTTATCCG-1,1851,5215,0.16444990485906602,0.011148218030253603,-0.08559341281652451,0.0,0.0,0.0
2,206,MEND158,2482,TATGACCTTGCGCTGG-1,1416,9011,0.1644387349486351,0.011646587911350805,-0.15410985928028823,0.0,0.0,0.0
2,207,MEND158,2007,GGGATTTACCGCACCT-1,9259,8100,0.16442552506923674,0.00853576594584975,-0.20439953356981277,0.0,0.0,0.0
2,208,MEND158,2284,GTTTGGTGATCGGTGC-1,4727,11744,0.16438572704792023,0.0061808941085256825,0.013355124741792679,0.0,0.0,0.0
2,209,MEND158,82,AACGTTATCAGCACCT-1,2287,5064,0.16438552886247634,0.007010714017558214,-0.16974953785538674,0.0,0.0,0.0
2,210,MEND158,235,ACCAAGAACGCGTGTC-1,5686,4304,0.16438239365816115,0.011205699774246972,-0.07689637951552868,0.0,0.0,0.0
2,211,MEND158,2812,TGCTTAGAGAGAATGC-1,3682,11136,0.1643801063299179,0.004171053500612134,-0.0886525608599186,0.0,0.0,0.0
2,212,MEND158,2260,GTTCGGATCGGGAACA-1,11003,8404,0.16433120965957643,0.012576315392155734,-0.16812353003770114,0.0,0.0,0.0
2,213,MEND158,1209,CGCCGTCTACCCATCG-1,12048,7493,0.16432782113552094,0.011523116885814592,-0.030566477775573732,0.0,0.0,0.0
2,214,MEND158,760,CAACGACCCGTTTACA-1,5773,4760,0.16430843621492386,0.012805184346041222,-0.15906273908913135,0.0,0.0,0.0
2,215,MEND158,365,ACTTGTGGATGGAACG-1,10828,9618,0.16426294296979904,0.013782278294237523,-0.11183724235743284,0.0,0.0,0.0
2,216,MEND158,1139,CGAACAGTATGGGCGT-1,9782,9315,0.16424175947904587,0.009461642239603697,-0.051938158087432386,0.0,0.0,0.0
2,217,MEND158,837,CACTGTCCAAGTGAGA-1,5163,4608,0.16419143229722977,0.007330708680384196,-0.15398050788789988,0.0,0.0,0.0
2,218,MEND158,2752,TGATCAGGGAACTGCT-1,3507,8100,0.16419100463390351,0.009925680064289169,-0.16554488576948642,0.0,0.0,0.0
2,219,MEND158,2556,TCATTTAGAAGTGTGA-1,11003,9922,0.16417536586523057,0.01092291773709713,-0.017237721383571623,0.0,0.0,0.0
2,220,MEND158,250,ACCCGAGCGAAATTAC-1,3943,10985,0.16416817307472228,0.0141102170769605,-0.25933756195008756,0.1,0.0,0.04569255411624908
2,221,MEND158,2229,GTGGTTTCCGCCTTTC-1,4205,8100,0.16416134238243102,0.01190363792615011,-0.15552887199446558,0.0,0.0,0.0
2,222,MEND158,1681,GATCCTAAATCGGGAC-1,9695,5823,0.1641356572508812,0.00615141122583252,-0.1237448588013649,0.0,0.0,0.0
2,223,MEND158,1378,CTATTTGCTTGGAGGA-1,6993,12351,0.16413218677043914,0.00927973788137182,-0.271416874974966,0.0,0.0,0.0
2,224,MEND158,1557,GAATAGACGCGACCCA-1,9434,8100,0.1641163170337677,0.008670105094306388,-0.11453527882695198,0.0,0.0,0.0
2,225,MEND158,545,AGTGCTTGCACGAATA-1,9172,7948,0.16408461928367615,0.010237895023311636,-0.11620767936110496,0.0,0.0,0.0
2,226,MEND158,2057,GGTCCACGTCTATTTG-1,3594,12807,0.16405586898326874,0.007494644491867685,-0.13176807276904584,0.0,0.0,0.0
2,227,MEND158,808,CACCCACACGTCACCC-1,5163,4304,0.16404837965965272,0.012436301101181406,-0.12639880701899528,0.1,0.0,0.04862339794635773
2,228,MEND158,63,AACCCTACTGTCAATA-1,9782,7796,0.16402924209833145,0.008741321021069642,-0.048972849547863004,0.0,0.0,0.0
2,229,MEND158,2355,TACCTATCCCTAGAGG-1,1590,7796,0.16402851343154906,0.013661146279216593,-0.11109472960233688,0.0,0.0,0.0
2,230,MEND158,340,ACTCTCTGACTTAGGT-1,8214,8100,0.16402769833803177,0.012925011597711016,-0.12991390749812126,0.0,0.0,0.0
2,231,MEND158,733,ATTCGTGCTATCTCTT-1,11003,8100,0.16397824585437776,0.0038933757361548195,-0.20001039430499076,0.0,0.0,0.0
2,232,MEND158,2171,GTCTACTCAATTACAA-1,2549,7341,0.16396975368261338,0.009808196914668717,-0.07213305234909058,0.0,0.0,0.0
2,233,MEND158,2252,GTTCACAGGAGTCTAG-1,4379,6582,0.163963682949543,0.007876958608212269,-0.04882143810391426,0.0,0.0,0.0
2,234,MEND158,2020,GGGCGAATTTCTCCAC-1,2026,4304,0.16391110122203828,0.008118655631056508,-0.04433487243950367,0.0,0.0,0.0
2,235,MEND158,879,CAGTTCCGCGGGTCGA-1,3682,5671,0.16389551460742952,0.008223319835060968,-0.19494731836020945,0.0,0.0,0.0
2,236,MEND158,2908,TTAACTTCAGGTAGGA-1,3682,8707,0.16389165222644805,0.009600268152922963,-0.11903776153922081,0.0,0.0,0.0
2,237,MEND158,873,CAGTCGGCCTAGATAT-1,1677,8555,0.16389149129390718,0.013497918694983985,-0.15926560815423726,0.0,0.0,0.0
2,238,MEND158,1542,GAACGTCTCATGGTCG-1,8998,6430,0.16388679146766663,0.007296728523866227,-0.2246391236782074,0.0,0.0,0.0
2,239,MEND158,2514,TCAACGAGGAGACAAA-1,6296,8100,0.16386212408542633,0.011290793253050976,-0.19996631145477295,0.0,0.0,0.0
2,240,MEND158,152,AATATTGGAGTATTGA-1,3333,7189,0.16383373588323594,0.013566166322742754,-0.0799051245674491,0.0,0.0,0.0
2,241,MEND158,1510,CTTTAGGAACACTGTT-1,8998,7948,0.1638313427567482,0.014704870250869768,-0.17509745750576258,0.0,0.0,0.0
2,242,MEND158,1319,CGTTGAGCGACCGTCG-1,7865,8404,0.1638278767466545,0.00861787047316837,-0.13215959090739487,0.0,0.0,0.0
2,243,MEND158,2704,TCTTACGGCATCCGAC-1,3943,5519,0.16381189376115798,0.009190051980861471,-0.21321117281913757,0.0,0.0,0.0
2,244,MEND158,1173,CGAGTTCTGTCCCACC-1,8824,5823,0.16380587220191956,0.009850213074372319,-0.11815451718866825,0.0,0.0,0.0
2,245,MEND158,1511,CTTTAGTGCTATTATT-1,6993,8404,0.16379995346069337,0.007904703428946204,-0.14563466347754,0.0,0.0,0.0
2,246,MEND158,2227,GTGGTGATGGTTTGTG-1,12397,9922,0.1637832924723625,0.010268090796328013,-0.05252446234226227,0.0,0.0,0.0
2,247,MEND158,983,CCATGCTCTGCAGGAA-1,5163,4912,0.1637820765376091,0.01170981055173037,-0.22249715384095908,0.0,0.0,0.0
2,248,MEND158,1020,CCCTCAGATCGAGAAC-1,3682,12655,0.16377538740634917,0.014382727800560907,-0.2352278634905815,0.0,0.0,0.0
2,249,MEND158,1478,CTTACACTGGGAAATA-1,5599,4153,0.16377154290676116,0.02028959252897066,-0.1702112503349781,0.2,0.1,0.09194985926151275
2,250,MEND158,2642,TCGGAGAGTATCGGGA-1,3420,8555,0.16375532895326614,0.010091515405150856,-0.14765368755906821,0.0,0.0,0.0
2,251,MEND158,559,AGTTGCTGACTGATAT-1,2984,4153,0.16375127881765367,0.0147794775651269,-0.010679814778268338,0.0,0.0,0.0
2,252,MEND158,2762,TGCAAAGTTCGTCTGT-1,6558,12503,0.16375063210725785,0.012306216960007428,-0.06896754764020444,0.0,0.0,0.0
2,253,MEND158,682,ATGCTCAGTGTTGCAT-1,3943,4912,0.16373174488544465,0.007444460133100113,-0.1398928204551339,0.0,0.0,0.0
2,254,MEND158,1744,GCACTAGTCGCGCTAT-1,5163,3697,0.1637295439839363,0.011987030380826737,-0.09077377337962389,0.0,0.0,0.0
2,255,MEND158,1857,GCTAATACCGAATGCC-1,5512,4912,0.16371236741542816,0.008247260743814157,-0.13716533593833447,0.0,0.0,0.0
2,256,MEND158,1514,CTTTGACGTCGCTTCT-1,1416,8404,0.16369816660881042,0.009585672229648652,-0.13896056711673738,0.0,0.0,0.0
3,1,MEND158,2538,TCAGACGCTATAGAAG-1,7691,9011,0.09167905915528536,0.07299142353343864,-1.2523186661303043,0.1,0.1,0.05198695063591004
3,2,MEND158,1408,CTCGTTACGGCTACCA-1,4902,12351,0.08607780132442713,0.060195641654905714,-1.218548196554184,0.0,0.0,0.0
3,3,MEND158,1190,CGCAATTAGGGTAATA-1,5250,5975,0.0829509848728776,0.06342390098539206,-1.2808407306671143,0.0,0.0,0.0
3,4,MEND158,2201,GTGCACCAGCTTCAAC-1,6122,11744,0.08240855038166046,0.06526364058542057,-1.4368721455335618,0.1,0.1,0.05014339685440063
3,5,MEND158,2893,TGTTCCGCTTCCATGA-1,5250,7189,0.08224772273097188,0.07004892412511927,-1.4940880119800568,0.2,0.1,0.10310281217098236
3,6,MEND158,2680,TCTCAAATCAATCGGG-1,9172,12503,0.0813341399654746,0.06054315731430316,-1.2717311352491378,0.1,0.0,0.047781383991241454
3,7,MEND158,525,AGTCGGCCCAAACGAC-1,4815,5519,0.08130189930088819,0.07628833981317405,-1.3405008643865586,0.1,0.1,0.05762202143669128
3,8,MEND158,1938,GGAGGCCGAAGTCGTC-1,11525,7796,0.08112291963770986,0.06960214089230635,-1.523794749379158,0.1,0.1,0.05294101238250733
3,9,MEND158,673,ATGATGCAATGGTACA-1,5773,8404,0.08082501515746117,0.06220862227199263,-1.3504701495170592,0.0,0.0,0.0
3,10,MEND158,2190,GTGACTTCAGTAGTGC-1,5773,8707,0.07999318665824831,0.078218220498688,-1.5654635548591613,0.1,0.1,0.059329092502593994
3,11,MEND158,362,ACTTGGGACCCGGTGG-1,5686,6126,0.07993872086517513,0.0658852029213046,-1.3967032849788665,0.1,0.1,0.051910418272018435
3,12,MEND158,2159,GTCCTTCTACAACCCA-1,1939,5064,0.07976639717817306,0.06575908685481623,-1.4374505490064622,0.1,0.1,0.05041213631629944
3,13,MEND158,430,AGCCCATACATGTAAG-1,3682,8100,0.07946333917789161,0.06319521325383098,-1.407704010605812,0.1,0.0,0.04955882728099823
3,14,MEND158,682,ATGCTCAGTGTTGCAT-1,3943,4912,0.0790407536085695,0.06972141840120759,-1.4573425471782684,0.1,0.1,0.05126485824584961
3,15,MEND158,3058,TTGGATATCGTCTACG-1,5948,9011,0.07880013501271606,0.06659978976514773,-1.535585406422615,0.0,0.0,0.0
3,16,MEND158,2872,TGTCCTAAGTCACCGC-1,4030,6885,0.07849058508872986,0.06390439886066883,-1.4834879130125045,0.0,0.0,0.0
3,17,MEND158,1053,CCGCGTAGGTAAGGGC-1,3333,6278,0.07844787505455315,0.07153422588819634,-1.535657560825348,0.1,0.1,0.05227888226509094
3,18,MEND158,2923,TTACTATCGGCTTCTC-1,2810,6885,0.07835101839154959,0.0632573863839126,-1.3819975703954697,0.0,0.0,0.0
3,19,MEND158,3045,TTGCGCTCTCTCGCTT-1,1764,5064,0.0783409028314054,0.06074688341458509,-1.4735073804855348,0.0,0.0,0.0
3,20,MEND158,2861,TGTAATGACCACAATA-1,2636,7189,0.07830764981918037,0.07115295705857905,-1.6654404670000076,0.1,0.1,0.05311393737792969
3,21,MEND158,2152,GTCCGGACCTGAAATT-1,9085,9922,0.07792641734704375,0.05807296535435031,-1.3094037473201752,0.0,0.0,0.0
3,22,MEND158,431,AGCCCGCAACAAGCAG-1,6122,12047,0.07777784448117017,0.0654752650201212,-1.3913167506456374,0.1,0.1,0.05099889039993286
3,23,MEND158,2945,TTATCCTCAAGGAATA-1,2984,9618,0.07775131510570646,0.05878419326797676,-1.3303456217050553,0.0,0.0,0.0
3,24,MEND158,1967,GGCCGGCGTCTGCTAT-1,8301,11592,0.07757300236262381,0.06283491280249656,-1.4270743280649185,0.1,0.1,0.05203857421875
3,25,MEND158,16,AAACTCGGTTCGCAAT-1,7516,11744,0.0773614551872015,0.05264149915013146,-1.2578252017498017,0.0,0.0,0.0
3,26,MEND158,743,ATTGTCTGTTTCATGT-1,6035,12503,0.07719714059494436,0.0629775407172066,-1.5220516175031662,0.0,0.0,0.0
3,27,MEND158,97,AAGACTGCAAGCTACT-1,7342,7189,0.07719545401632785,0.06987019710168763,-1.5618224799633027,0.1,0.1,0.05704677104949951
3,28,MEND158,2050,GGTAGACCGTTGGGCG-1,6035,9770,0.07714509861543775,0.06244542365273798,-1.3271057475358248,0.1,0.1,0.05306355357170105
3,29,MEND158,178,AATTCGATTCGAGGAT-1,8039,11744,0.07708202563226223,0.05584608023983144,-1.3044723600149155,0.0,0.0,0.0
3,30,MEND158,1415,CTCTGCAGGCATTCTT-1,3420,12503,0.07702037980780005,0.06278364384739363,-1.565049797296524,0.0,0.0,0.0
3,31,MEND158,1147,CGAATGAAGTCATTGC-1,3159,11136,0.0766436557751149,0.06651695979426352,-1.6022956728935243,0.1,0.1,0.05045661926269531
3,32,MEND158,2230,GTGTACCTTGGCTACG-1,8214,5671,0.07663204525597393,0.06175528494352464,-1.363828757405281,0.1,0.0,0.04828471839427948
3,33,MEND158,2402,TAGACTCAGTTGGCCT-1,2636,12351,0.07619280898943544,0.0599992014917138,-1.5011940360069276,0.0,0.0,0.0
3,34,MEND158,1476,CTTAATCGACTTAGTA-1,6993,13262,0.07619046457111836,0.062250901856557336,-1.532972064614296,0.0,0.0,0.0
3,35,MEND158,1592,GACCGTGCTGACGGTG-1,5948,7796,0.0760548478923738,0.057992519413515256,-1.3245842963457108,0.0,0.0,0.0
3,36,MEND158,663,ATCTGGGCTGTTCTTG-1,7429,10985,0.07604659697972238,0.062187156873769266,-1.3767177224159242,0.1,0.0,0.04902618825435638
3,37,MEND158,833,CACTCGGTTAGGAGGA-1,2549,7037,0.07602327335625887,0.07295852399438213,-1.6949541479349137,0.1,0.1,0.053587162494659425
3,38,MEND158,1631,GAGCATCAACAACTTG-1,4030,11440,0.07600979749113321,0.058829595193402834,-1.4010585837066174,0.1,0.0,0.047102487087249754
3,39,MEND158,311,ACGTTAGATTTGCCCG-1,4815,7645,0.07600337183102965,0.06427163118253981,-1.4148712575435638,0.1,0.0,0.0491146445274353
3,40,MEND158,2032,GGGCTGGTTAGTCGCG-1,5860,6430,0.07581826853565872,0.061633782486798745,-1.395944717526436,0.1,0.1,0.052249598503112796
3,41,MEND158,1149,CGAATGGTAGGTCGTC-1,3943,12807,0.07581450240686535,0.06952390762337973,-1.6412555962800979,0.1,0.1,0.05363786220550537
3,42,MEND158,1572,GACACAAGGGAAGAAA-1,7691,6278,0.07581048244610429,0.05959294415524284,-1.434208759665489,0.0,0.0,0.0
3,43,MEND158,971,CCAGTCTAGACGGCGC-1,8911,5367,0.07577023329213262,0.06345713229201827,-1.4993544936180114,0.1,0.0,0.047459501028060916
3,44,MEND158,2429,TAGGTCCAAGTAAGGA-1,3420,6126,0.07576663373038173,0.05913701692846043,-1.4270692765712738,0.0,0.0,0.0
3,45,MEND158,3036,TTGCAAGAAGACTCCT-1,7342,12351,0.07571368836797773,0.06344449235391347,-1.58680619597435,0.1,0.0,0.04899824559688568
3,46,MEND158,2335,TACACCTCTTCGAATC-1,9347,12503,0.07570769842714072,0.061741272377150554,-1.4079883605241776,0.1,0.0,0.0468949943780899
3,47,MEND158,2698,TCTGCTTAGAACAAGC-1,12397,9315,0.07554962583817541,0.06465314668863925,-1.43567617777735,0.1,0.1,0.051451480388641356
3,48,MEND158,2600,TCCTAAATTGGGAAGC-1,7516,10226,0.07553262980654836,0.056818696896945194,-1.402638691663742,0.1,0.0,0.04824589490890503
3,49,MEND158,179,AATTCTAGAGTTAGGC-1,6906,9163,0.07552987802773714,0.0677604317421509,-1.5602723747491836,0.1,0.1,0.05402997136116028
3,50,MEND158,2009,GGGCACGTAGTACTGT-1,5599,12351,0.07545515452511609,0.06271448628427534,-1.4217786192893982,0.1,0.0,0.04506025910377502
3,51,MEND158,1832,GCGCTTAAATAATTGG-1,9172,10377,0.07540513891726733,0.05327783719383289,-1.2234486162662506,0.0,0.0,0.0
3,52,MEND158,1430,CTGCAGAGAATCAGAG-1,10218,10985,0.07537810010835529,0.05668869101723194,-1.4850008130073546,0.0,0.0,0.0
3,53,MEND158,313,ACGTTCACTATGCCGC-1,4727,12958,0.07522040233016014,0.0627400647801508,-1.4889500707387924,0.1,0.0,0.04818626642227173
3,54,MEND158,358,ACTTCCAGTGGAAGCT-1,1677,10377,0.07501536989584565,0.057826825589566894,-1.5048391938209533,0.0,0.0,0.0
3,55,MEND158,1051,CCGCGGAATGCGTCAC-1,5338,9466,0.07488784296438097,0.05872237888781519,-1.4568188607692718,0.0,0.0,0.0
3,56,MEND158,1989,GGCTCGCGTTGAGGTA-1,9521,6430,0.07474686075001954,0.061888308938418644,-1.4954448997974397,0.1,0.0,0.04900254905223846
3,57,MEND158,2799,TGCGGACTTGACTCCG-1,8039,12047,0.07458833013661206,0.06580411524550711,-1.5623020954430102,0.1,0.1,0.051875132322311404
3,58,MEND158,983,CCATGCTCTGCAGGAA-1,5163,4912,0.0744803517125547,0.057732158720074735,-1.4847322404384613,0.0,0.0,0.0
3,59,MEND158,1321,CGTTGTAAACGTCAGG-1,2549,4912,0.07447729129344224,0.05823414795782784,-1.3224619209766388,0.0,0.0,0.0
3,60,MEND158,2573,TCCCAAAGCCCTAAAT-1,11613,7645,0.07447099797427655,0.05842448570008738,-1.5480018854141235,0.0,0.0,0.0
3,61,MEND158,335,ACTCCGGCCGACCACT-1,9259,12351,0.07442398858256638,0.06324018857863012,-1.5673197835683823,0.0,0.0,0.0
3,62,MEND158,1181,CGATCCTCGCAACATA-1,4902,11744,0.07435252284631133,0.058449960048976256,-1.418600285053253,0.0,0.0,0.0
3,63,MEND158,60,AACCCGACAACCCGTG-1,5163,11896,0.07425173167139291,0.05399592761710149,-1.436426329612732,0.0,0.0,0.0
3,64,MEND158,1062,CCGGCCGCGAGCATAT-1,1590,10529,0.07416299609467387,0.061255830194614606,-1.5516985386610032,0.0,0.0,0.0
3,65,MEND158,357,ACTTCAGGCTGATCCC-1,8475,9466,0.07415478248149157,0.059254370117420546,-1.5295586198568345,0.0,0.0,0.0
3,66,MEND158,2107,GTACGTTTGCCCGTCA-1,7342,8404,0.0741287355311215,0.058855471126892545,-1.489024171233177,0.1,0.0,0.048249953985214235
3,67,MEND158,2398,TAGAATAGCCGATGAA-1,10131,11136,0.07411451009102166,0.06683615476203082,-1.6130627140402793,0.1,0.1,0.055048757791519166
3,68,MEND158,2552,TCATCCTCAGCTGCTT-1,9259,12047,0.07390489159151911,0.06562400448070001,-1.6532234966754913,0.1,0.1,0.05116128921508789
3,69,MEND158,81,AACGTGCGAAAGTCTC-1,7865,7189,0.07386971972882747,0.059665618514625256,-1.4117661446332932,0.0,0.0,0.0
3,70,MEND158,2313,TAAGGGCCTGTCCGAT-1,9695,10377,0.07382921045646071,0.058418611563649685,-1.4368068784475327,0.1,0.0,0.04958671629428864
3,71,MEND158,428,AGCCACTCCCGTGCTT-1,8475,5215,0.07380982493050396,0.06375887214475437,-1.5969484508037568,0.0,0.0,0.0
3,72,MEND158,1724,GCAAATATTACGCTTT-1,4989,7037,0.07358691105619072,0.06377677723854513,-1.5868002779781818,0.1,0.1,0.0537144660949707
3,73,MEND158,1180,CGATCCGACCCAGTGC-1,5773,7493,0.07350333901122212,0.06362016660161952,-1.5294660449028015,0.0,0.0,0.0
3,74,MEND158,1605,GACGTTGCTCGGCGGC-1,4117,12807,0.07345162266865372,0.06487370751683684,-1.6086996048688889,0.1,0.0,0.04964759945869446
3,75,MEND158,442,AGCGACCAACGATATT-1,6209,5519,0.0733786572702229,0.05948656217788833,-1.498600721359253,0.0,0.0,0.0
3,76,MEND158,2077,GGTGTTGGGCGTCTTA-1,12136,9163,0.07336644120514393,0.06229384433456521,-1.5718181133270264,0.0,0.0,0.0
3,77,MEND158,2067,GGTGATAAGGAGCAGT-1,8301,7341,0.07332458402961492,0.05790511331722401,-1.4487300038337707,0.0,0.0,0.0
3,78,MEND158,1183,CGATCTGTTGGAGGAC-1,3507,8707,0.07317406276706606,0.06511891068210311,-1.5636542409658432,0.0,0.0,0.0
3,79,MEND158,3020,TTGACCAGGAACAACT-1,8388,11440,0.07303326684050263,0.06298981439885579,-1.5586841225624084,0.0,0.0,0.0
3,80,MEND158,3023,TTGACGCTCCATGAGC-1,10218,7948,0.07301760176196695,0.059165728243532154,-1.5652574717998504,0.0,0.0,0.0
3,81,MEND158,907,CATCTAGTGAAGGGAA-1,11961,8555,0.07301714522764087,0.062285029373341155,-1.5319008946418762,0.0,0.0,0.0
3,82,MEND158,319,ACTACCAGCTCTCTGG-1,4989,5519,0.07293375469744205,0.061508053746745735,-1.569093894958496,0.1,0.0,0.04771350622177124
3,83,MEND158,2418,TAGCTAAGTCCGGGAG-1,6383,6126,0.07284551314078272,0.059807584035307955,-1.464549270272255,0.0,0.0,0.0
3,84,MEND158,1994,GGGAACGGGAGGTTAG-1,4640,7645,0.07284366693347692,0.06051340349787911,-1.522223311662674,0.0,0.0,0.0
3,85,MEND158,1795,GCCGTGGAAGAAATGT-1,11438,7645,0.0727547767572105,0.0639003857706121,-1.7191866636276245,0.1,0.0,0.049457281827926636
3,86,MEND158,1225,CGCTACGGGACATTTA-1,5599,7493,0.07268737070262432,0.059467759401126634,-1.5429527759552002,0.1,0.0,0.049232152104377744
3,87,MEND158,2259,GTTCGCTGAGACGTCT-1,10915,9770,0.07265487546101213,0.061977572913313295,-1.5408639132976532,0.0,0.0,0.0
3,88,MEND158,897,CATAGTCCACAAGAAC-1,4117,8555,0.07263072705827653,0.05987793027412228,-1.4779865175485611,0.0,0.0,0.0
3,89,MEND158,1629,GAGCACCTGTGTCCAG-1,8388,10529,0.07249857736751437,0.05779034984218968,-1.5482362270355225,0.0,0.0,0.0
3,90,MEND158,1677,GATCAACATAAAGGGA-1,4553,11136,0.0724931632168591,0.06254847891128926,-1.6809336841106415,0.0,0.0,0.0
3,91,MEND158,1616,GACTGCTGGTGAGAAA-1,4815,11896,0.07228277015965431,0.06461828157204567,-1.5701757609844207,0.1,0.1,0.051792758703231814
3,92,MEND158,2633,TCGCGTAGCAGTGTCC-1,10044,10377,0.07227500043809414,0.052783573548442604,-1.4036580115556716,0.0,0.0,0.0
3,93,MEND158,1461,CTGGTTCGCGAGCTAC-1,12223,8100,0.0722302499692887,0.06220729494919881,-1.6451524913311004,0.0,0.0,0.0
3,94,MEND158,1577,GACAGAGGTCTTCAGT-1,7255,13414,0.07210001479834319,0.06264760967437892,-1.6240938872098922,0.0,0.0,0.0
3,95,MEND158,684,ATGCTTAGGAGTTGAT-1,11177,10226,0.07208138862624765,0.05974387121224179,-1.499945655465126,0.0,0.0,0.0
3,96,MEND158,2998,TTCTCTTACAGGTGAT-1,2113,11136,0.07207892660517246,0.06607256683019123,-1.641329963505268,0.1,0.1,0.05167021155357361
3,97,MEND158,2985,TTCGCGCGCCATACGA-1,5512,10681,0.07205711994320155,0.056361674518888835,-1.4847004204988479,0.0,0.0,0.0
3,98,MEND158,2934,TTAGCTCTGTAATCCG-1,2723,6430,0.07204853957518935,0.05966098082119303,-1.5170255094766616,0.0,0.0,0.0
3,99,MEND158,1292,CGTCAGCTATTTACTC-1,2374,4304,0.07192649813368916,0.053925667742986176,-1.4122322380542756,0.0,0.0,0.0
3,100,MEND158,1916,GGAACCGTGTAAATTG-1,5512,9163,0.07192512825131417,0.06374920437322089,-1.6849738538265229,0.1,0.1,0.05025169849395752
3,101,MEND158,316,ACGTTGTCGTTGAAAG-1,4117,13110,0.07185710179619491,0.06741701210662893,-1.5791987292468548,0.1,0.1,0.05625470876693726
3,102,MEND158,3049,TTGCGTCGGCCAACCG-1,4989,9466,0.07184108844958245,0.06143881957076574,-1.6316727191209792,0.0,0.0,0.0
3,103,MEND158,2591,TCCGCTGTCATCCCGG-1,8475,8859,0.07171390112489462,0.05973096212502398,-1.4424204766750335,0.1,0.1,0.051648467779159546
3,104,MEND158,2648,TCGGGATTCAAACATA-1,2723,7645,0.07171152932569384,0.05862737895038814,-1.4526655793190002,0.0,0.0,0.0
3,105,MEND158,951,CCACCAACTTTACTGT-1,4902,9618,0.07170944283716381,0.059623347077041845,-1.5880458921194076,0.0,0.0,0.0
3,106,MEND158,2665,TCTAACTGTATGTAAA-1,2374,5823,0.07169573064893484,0.05902627990801247,-1.52176473736763,0.0,0.0,0.0
3,107,MEND158,1465,CTGTAGTGAGGATCGA-1,5163,12199,0.07161477017216385,0.06021295993571987,-1.5130196511745453,0.0,0.0,0.0
3,108,MEND158,1997,GGGAAGGGCTTTCTCA-1,8998,11288,0.07159641277976334,0.05689223117898298,-1.4966511607170105,0.0,0.0,0.0
3,109,MEND158,454,AGCTAAGTACGCAGGC-1,8911,11440,0.07158078588545322,0.05972465868654389,-1.5755042552947998,0.1,0.0,0.04718884825706482
3,110,MEND158,1866,GCTAGCTTGAATAGCT-1,5250,9618,0.07154773036018014,0.06596331959006568,-1.5944563381373882,0.1,0.1,0.051233971118927
3,111,MEND158,1948,GGATGTCCTTACCGCA-1,9347,7037,0.07150416746735573,0.05607242659201319,-1.4973033547401429,0.0,0.0,0.0
3,112,MEND158,398,AGAGCAGTTATGAGAC-1,3072,6126,0.07147545916959644,0.058971238484532854,-1.5490618795156479,0.0,0.0,0.0
3,113,MEND158,548,AGTGGTGTTACCCGTG-1,2200,8859,0.07141792783513665,0.05905739452902019,-1.661069357395172,0.0,0.0,0.0
3,114,MEND158,2269,GTTGGATTTGCGTTGG-1,5773,7189,0.07138797107618303,0.06274583580874087,-1.5260402224957943,0.1,0.0,0.04998679459095001
3,115,MEND158,1602,GACGGTCAATAGAAGC-1,10131,6278,0.07137744911015034,0.06015642026156621,-1.5578088283538818,0.1,0.1,0.05008772015571594
3,116,MEND158,1626,GAGATCTTCCATGACA-1,8126,8555,0.07123794052749872,0.05839056190511697,-1.488743993639946,0.0,0.0,0.0
3,117,MEND158,621,ATCAAGATCCCAGGAC-1,6471,12655,0.07122699045576156,0.0628300054747331,-1.6292703241109847,0.0,0.0,0.0
3,118,MEND158,2274,GTTTATGGGATTTAGA-1,2113,5064,0.07120377058163285,0.062446679727099746,-1.6498772114515305,0.0,0.0,0.0
3,119,MEND158,1794,GCCGTCGGTTTCGGGC-1,4989,12503,0.07120330138131976,0.05679080318360411,-1.4927447497844697,0.0,0.0,0.0
3,120,MEND158,2754,TGATCTCCGGCGCCAG-1,5773,5975,0.07111502336338163,0.0578211006038249,-1.515805435180664,0.0,0.0,0.0
3,121,MEND158,1764,GCATTCGAAATGAACA-1,2636,5975,0.07102744779549539,0.06347189791447296,-1.524585947394371,0.1,0.1,0.05022895932197571
3,122,MEND158,1644,GAGGCCTGTTGATACA-1,10741,11288,0.07097674468532204,0.06213113918589562,-1.6069220840930938,0.0,0.0,0.0
3,123,MEND158,733,ATTCGTGCTATCTCTT-1,11003,8100,0.0709565739147365,0.05683550000414806,-1.539601707458496,0.0,0.0,0.0
3,124,MEND158,1128,CCTGTTCAACCTCGGG-1,5860,12503,0.07092646514065563,0.0595785050925935,-1.6821519523859023,0.0,0.0,0.0
3,125,MEND158,1589,GACCGACTGAAGCGTC-1,3333,6885,0.07090846649371088,0.07144166670104668,-1.8107629239559173,0.1,0.1,0.0557608962059021
3,126,MEND158,1487,CTTATGCGCTCAGGGC-1,2374,8252,0.07087805438786746,0.056863120516504294,-1.5598652690649033,0.0,0.0,0.0
3,127,MEND158,1885,GCTCTATGTTACGTGC-1,4902,5671,0.07080380390398204,0.05768316264967657,-1.5318050265312195,0.1,0.0,0.047749918699264524
3,128,MEND158,1131,CCTTCGTATAGAATCC-1,6732,12199,0.07078469977714122,0.05907328692552674,-1.585940808057785,0.0,0.0,0.0
3,129,MEND158,2455,TATACGCGTCATCACT-1,7342,10833,0.07076792754232883,0.055971587672760455,-1.5761466115713119,0.0,0.0,0.0
3,130,MEND158,2764,TGCAACTACTGGTTGA-1,9347,12199,0.0707657068502158,0.05896179457525768,-1.6604223757982255,0.0,0.0,0.0
3,131,MEND158,176,AATTCATTGTCATGCA-1,2200,11288,0.07074464247561991,0.05776921554800857,-1.5845238000154496,0.0,0.0,0.0
3,132,MEND158,1639,GAGCTCTCGGACCTAA-1,4292,4001,0.070743766753003,0.06096959928623001,-1.561551007628441,0.0,0.0,0.0
3,133,MEND158,348,ACTGTACGATACACAT-1,8214,6278,0.0706836950033903,0.05841699502666443,-1.4580642849206924,0.1,0.0,0.04764129817485809
3,134,MEND158,2833,TGGCCGTATATTGACC-1,4727,5671,0.07067404175177217,0.06030800280277771,-1.573566374182701,0.1,0.0,0.045996364951133725
3,135,MEND158,2421,TAGCTCGCCTGATAAC-1,6471,9315,0.07067283666692674,0.0601939140573498,-1.664664512872696,0.0,0.0,0.0
3,136,MEND158,2222,GTGGGAACAAACCGGG-1,5512,12503,0.07066354653798043,0.05979646077070572,-1.6199177265167237,0.0,0.0,0.0
3,137,MEND158,636,ATCCAATGGAGGGTCC-1,3769,8252,0.07064800905063748,0.059196463020426277,-1.5938443332910537,0.0,0.0,0.0
3,138,MEND158,605,ATATACGCTCGTGACG-1,10828,11136,0.07057511191815138,0.05796995001182841,-1.5763373643159866,0.1,0.0,0.04830375909805298
3,139,MEND158,510,AGTACGGGCACCTGGC-1,8301,5519,0.07053145514801144,0.057543091829040306,-1.6456475973129272,0.0,0.0,0.0
3,140,MEND158,354,ACTTATACTTACCCGG-1,9259,7189,0.07052939366549253,0.061416511168441705,-1.5443934038281442,0.1,0.1,0.05011337995529175
3,141,MEND158,2320,TAATAGAACAGAGTTA-1,4727,9315,0.07048525516875088,0.0602763223575838,-1.6369289994239806,0.0,0.0,0.0
3,142,MEND158,940,CCAAGAAAGTGGGCGA-1,5948,9618,0.0704102043993771,0.052389227716106004,-1.493506023287773,0.0,0.0,0.0
3,143,MEND158,133,AAGTGCAAAGGTAGAC-1,2287,5975,0.07038995563052594,0.05634547087916743,-1.4735887408256532,0.0,0.0,0.0
3,144,MEND158,819,CACCTTGGCGCCTTTG-1,10392,8252,0.07038515927270055,0.05901121611683857,-1.7189970523118974,0.0,0.0,0.0
3,145,MEND158,2951,TTATTAGAGCGTGTTC-1,7516,8707,0.07033781786449253,0.05838654705988537,-1.5029737532138825,0.0,0.0,0.0
3,146,MEND158,2723,TGAATGAGTGTTTCCC-1,5773,11744,0.0703223089221865,0.0583053245343677,-1.4810654133558274,0.0,0.0,0.0
3,147,MEND158,344,ACTGCCCGCCATTCTC-1,4030,12047,0.07031261064112186,0.05791885370868033,-1.5406682282686233,0.0,0.0,0.0
3,148,MEND158,3046,TTGCGGAAAGCTGCCC-1,5076,13262,0.07031185254454612,0.05929287503909895,-1.7302527487277986,0.0,0.0,0.0
3,149,MEND158,2061,GGTCTCCAAGTAGTGC-1,12310,9163,0.07029307291377336,0.05852492218559852,-1.5407351493835448,0.0,0.0,0.0
3,150,MEND158,1326,CTAAAGAATGCCTACT-1,4553,7189,0.07028480665758252,0.05684759566875585,-1.5310602962970734,0.0,0.0,0.0
3,151,MEND158,2361,TACGACGCTTGCTGCG-1,6122,8707,0.07026570518501103,0.0610062980897653,-1.5020835727453232,0.0,0.0,0.0
3,152,MEND158,1894,GCTGCGCCTCCCACGT-1,1503,4912,0.07022156631574035,0.05694989483240458,-1.6502223312854767,0.0,0.0,0.0
3,153,MEND158,91,AACTTCTGCGTCTATC-1,2984,4456,0.07019685246050358,0.06389073309551464,-1.5557273287326097,0.1,0.1,0.05114811658859253
3,154,MEND158,2372,TACGCTGCTGTGTTAA-1,3507,12047,0.07017338825389743,0.060109936164393155,-1.5900952845811844,0.1,0.1,0.05121035575866699
3,155,MEND158,2514,TCAACGAGGAGACAAA-1,6296,8100,0.07011800985783338,0.06090421687949759,-1.636629357933998,0.0,0.0,0.0
3,156,MEND158,3042,TTGCCGCAGACCTACA-1,2984,11136,0.07009086455218494,0.05682334792516633,-1.645284402370453,0.0,0.0,0.0
3,157,MEND158,2096,GTAACTGCCCAAGGAG-1,5425,11744,0.07008882965892553,0.057070318428507016,-1.5289236426353454,0.0,0.0,0.0
3,158,MEND158,812,CACCGCCAGAAGGTTT-1,6558,5823,0.07005832120776176,0.059798763060404325,-1.542069536447525,0.0,0.0,0.0
3,159,MEND158,3017,TTGAATTCACGTGAGG-1,9870,7645,0.07005813494324684,0.05719536718830605,-1.5711048394441605,0.0,0.0,0.0
3,160,MEND158,808,CACCCACACGTCACCC-1,5163,4304,0.07003104002214969,0.06041889314434293,-1.5837670385837554,0.0,0.0,0.0
3,161,MEND158,2604,TCCTATCATAGGTAAC-1,11874,8707,0.0700041834032163,0.0653907931759103,-1.6475726068019867,0.0,0.0,0.0
3,162,MEND158,2870,TGTCCGCAAACAATTC-1,5860,12807,0.06998937116004526,0.06384070346432727,-1.5043585196137428,0.1,0.1,0.05169599056243897
3,163,MEND158,1017,CCCTAGGCAACAAGAG-1,1677,8859,0.06995065500959755,0.05768942660733935,-1.5429264098405837,0.0,0.0,0.0
3,164,MEND158,1438,CTGCGGGTGAAATGTT-1,3420,6430,0.06994264465756714,0.06721942392781365,-1.704888641089201,0.1,0.1,0.05104356408119202
3,165,MEND158,1712,GATTAGAAACAAGCGT-1,5338,13110,0.06989913042634725,0.05638369544904283,-1.6528127849102021,0.0,0.0,0.0
3,166,MEND158,1540,GAACCTTTAACGATCC-1,8301,11288,0.06986654000356793,0.05689553379387299,-1.523059856891632,0.0,0.0,0.0
3,167,MEND158,1921,GGAAGGACACCGTATA-1,8649,12807,0.06980801234021783,0.06330442431084937,-1.5382859259843826,0.1,0.1,0.05066472291946411
3,168,MEND158,1286,CGTAACTTCGACACTT-1,5773,12047,0.06980201415717602,0.058579526383231294,-1.5823821306228638,0.0,0.0,0.0
3,169,MEND158,3082,TTGTGTTTCCCGAAAG-1,6558,9466,0.06978179207071662,0.05338221399300062,-1.4754894226789474,0.0,0.0,0.0
3,170,MEND158,2825,TGGCAACTCGCGCGCC-1,8911,5064,0.06977677489630878,0.05960701329557197,-1.6061730653047561,0.0,0.0,0.0
3,171,MEND158,280,ACGACTGGTCATACTC-1,4379,11440,0.06977340448647737,0.058854757125854806,-1.5220469325780868,0.1,0.0,0.0463995635509491
3,172,MEND158,917,CATGCCAACTCGCAAA-1,3246,8252,0.06974831675179302,0.05974710281411627,-1.5036340415477754,0.0,0.0,0.0
3,173,MEND158,3027,TTGAGAGTACTGCTAA-1,4727,8404,0.06971529610455036,0.059007965573711324,-1.612131005525589,0.0,0.0,0.0
3,174,MEND158,1815,GCGAGAGTTGCGTCCA-1,10741,6734,0.06967789307236671,0.056408503876608736,-1.4862560272216796,0.0,0.0,0.0
3,175,MEND158,2795,TGCGACGGCCGAACGT-1,4205,10833,0.06956719639711081,0.058568058703984224,-1.6188579350709915,0.0,0.0,0.0
3,176,MEND158,625,ATCACGTGCTAATTAA-1,4553,8707,0.06954888557083905,0.0572237556261977,-1.549061694741249,0.1,0.0,0.047393277287483215
3,177,MEND158,2614,TCCTTTAAATCCGCTT-1,9434,10226,0.0695412733592093,0.052976234723276956,-1.5114614903926848,0.0,0.0,0.0
3,178,MEND158,2428,TAGGGAGCTTGGGATG-1,9782,7189,0.06948588802479208,0.058035515152854766,-1.6345286518335342,0.0,0.0,0.0
3,179,MEND158,159,AATCGTGAGCCGAGCA-1,8649,11896,0.06947453171014786,0.05950402800646465,-1.5513301104307176,0.0,0.0,0.0
3,180,MEND158,2843,TGGGCAGGCCACCGCA-1,11525,9922,0.06947096176445484,0.05738001116225613,-1.586419016122818,0.0,0.0,0.0
3,181,MEND158,1488,CTTATGTTGACTACCA-1,3769,3697,0.06946664955466986,0.05553757912264398,-1.5532579451799393,0.0,0.0,0.0
3,182,MEND158,239,ACCACCAATGTAACAA-1,10741,7948,0.06945391641929746,0.05770759759962808,-1.6137592792510986,0.0,0.0,0.0
3,183,MEND158,277,ACCTCGAACTTATGCT-1,2723,11592,0.06944983596913516,0.05893550661040049,-1.6384859323501586,0.1,0.0,0.04685771763324738
3,184,MEND158,1598,GACGCATACCCGTCGG-1,1939,11440,0.06941965566948056,0.05484988911940233,-1.3555633813142776,0.0,0.0,0.0
3,185,MEND158,1645,GAGGCTATCAAAGTCG-1,3769,7037,0.06939825848676265,0.05709409461028261,-1.4994836419820785,0.1,0.0,0.04854370355606079
3,186,MEND158,2540,TCAGCAGTAGGCCCTG-1,4989,10985,0.06938819554634393,0.05517861823052654,-1.4247525781393051,0.0,0.0,0.0
3,187,MEND158,600,ATAGTTCCACCCACTC-1,10305,7493,0.06920944871380925,0.0596880035438424,-1.60201798081398,0.0,0.0,0.0
3,188,MEND158,503,AGGTGTATCGCCATGA-1,2897,7341,0.06916298349387943,0.06291120533003462,-1.6198571383953095,0.1,0.1,0.05097776055335999
3,189,MEND158,1655,GAGTATACCCTAATCA-1,4030,12351,0.06911785625852644,0.05822684361591195,-1.576249760389328,0.0,0.0,0.0
3,190,MEND158,1424,CTGAGCAAGTAACAAG-1,3594,4001,0.06910676029510796,0.0628409013466467,-1.7504772901535035,0.1,0.1,0.05185725688934326
3,191,MEND158,1108,CCTCTACAAGGATTGG-1,3769,11896,0.06910624781157822,0.06182378985768953,-1.6850198745727538,0.0,0.0,0.0
3,192,MEND158,2079,GGTTACCGCTCCCTAC-1,5250,13262,0.0691031667869538,0.05973873819089059,-1.629982018470764,0.1,0.1,0.050586152076721194
3,193,MEND158,2349,TACCGCGGACTTGCAG-1,9870,6734,0.06902785431593657,0.05849713488704215,-1.5605136543512343,0.0,0.0,0.0
3,194,MEND158,1262,CGGGAATTTATGTAAA-1,7081,8555,0.0689814617857337,0.054281896658491285,-1.5601419687271119,0.0,0.0,0.0
3,195,MEND158,250,ACCCGAGCGAAATTAC-1,3943,10985,0.06897985627874732,0.05722291583796072,-1.6342302531003952,0.0,0.0,0.0
3,196,MEND158,751,CAAACCCTCCGGCGGG-1,7516,12351,0.06888227323070169,0.05723512382634328,-1.6404060393571853,0.1,0.1,0.05077849626541138
3,197,MEND158,2626,TCGATTTACGAAACGA-1,7342,13262,0.06888213525526225,0.06259370971017068,-1.5442447476089,0.1,0.1,0.051895350217819214
3,198,MEND158,2202,GTGCAGCGTAGAGTAG-1,12223,9618,0.06886833282187581,0.05852611629081411,-1.6301755487918854,0.0,0.0,0.0
3,199,MEND158,1490,CTTCACGCCCTGGTAC-1,3246,12503,0.06884124013595283,0.05932321749853741,-1.5486810475587844,0.0,0.0,0.0
3,200,MEND158,2287,TAAACGTCGTCAATGA-1,2461,4456,0.06883696871809661,0.056815768398197575,-1.566109400987625,0.0,0.0,0.0
3,201,MEND158,725,ATTCACTGATGTTGGA-1,7342,10226,0.06880275602452457,0.05543640687040559,-1.5654932469129563,0.0,0.0,0.0
3,202,MEND158,1758,GCATACGAGGTCTTTA-1,2636,7493,0.06879022880457342,0.05762409259862349,-1.5262515366077423,0.0,0.0,0.0
3,203,MEND158,1793,GCCGGTCGTATCTCTC-1,6122,12351,0.06878500217571855,0.056063232622778,-1.6040980160236358,0.0,0.0,0.0
3,204,MEND158,1791,GCCGCTTGTGAGAAAC-1,4902,7189,0.06877787420526146,0.05644527150766709,-1.6137518048286439,0.0,0.0,0.0
3,205,MEND158,914,CATGATGCACAATTCT-1,7429,4912,0.0687564586289227,0.059372887174656434,-1.574672332406044,0.0,0.0,0.0
3,206,MEND158,2752,TGATCAGGGAACTGCT-1,3507,8100,0.06874913601204753,0.057624961549315755,-1.6147028625011444,0.0,0.0,0.0
3,207,MEND158,1042,CCGATTCGAGGGACCC-1,3159,7493,0.06871908530592918,0.05662443362600767,-1.5966078639030457,0.0,0.0,0.0
3,208,MEND158,2731,TGACATGTAACGTGAC-1,6906,12199,0.06871632449328899,0.05565332258587345,-1.6270455181598664,0.0,0.0,0.0
3,209,MEND158,519,AGTCAACACCACCATC-1,5512,7948,0.06871103094890714,0.05797431601565048,-1.473467680811882,0.0,0.0,0.0
3,210,MEND158,2482,TATGACCTTGCGCTGG-1,1416,9011,0.06869454695843161,0.058092312358379486,-1.5714205652475357,0.0,0.0,0.0
3,211,MEND158,1966,GGCCGAGACTCTGGTG-1,4205,11136,0.06866264757700265,0.06460241067574392,-1.7134476751089096,0.0,0.0,0.0
3,212,MEND158,1257,CGGCCAGAGCGACCAT-1,5686,11896,0.06858226913027465,0.05650733789886277,-1.6296651273965836,0.0,0.0,0.0
3,213,MEND158,2026,GGGCGTGGTTTCCCAG-1,8475,10985,0.06857145563699305,0.05414613786008602,-1.5991113364696503,0.0,0.0,0.0
3,214,MEND158,788,CACAATGAGCTGCTAT-1,5773,8100,0.06854836433194578,0.060337385982706306,-1.6456198126077652,0.0,0.0,0.0
3,215,MEND158,1314,CGTTATCATACTTCCA-1,1503,8555,0.06849749283865095,0.06042180463328114,-1.62417214512825,0.0,0.0,0.0
3,216,MEND158,2547,TCAGTAGGGACTATAA-1,5599,8707,0.06845636991783977,0.05117421876365853,-1.4657113283872605,0.0,0.0,0.0
3,217,MEND158,677,ATGCATGATCCAGGAT-1,7081,5519,0.06845622695982456,0.0586350264555454,-1.6307092189788819,0.0,0.0,0.0
3,218,MEND158,1965,GGCCCTCACCCACTTA-1,3420,7341,0.06843854002654552,0.06165106664268292,-1.5777290910482407,0.0,0.0,0.0
3,219,MEND158,118,AAGGCAGGCTGTCTCC-1,11700,8100,0.06842274721711875,0.057452620990054,-1.5847253233194352,0.0,0.0,0.0
3,220,MEND158,1327,CTAAAGGATGAGATAC-1,7081,13414,0.06842228462919593,0.06081075869952592,-1.635689416527748,0.0,0.0,0.0
3,221,MEND158,1550,GAAGCTTGCTGACCGC-1,4466,6126,0.06842113886959851,0.05925388886583354,-1.571440476179123,0.1,0.0,0.04691345989704132
3,222,MEND158,287,ACGCAAACTAATAGAT-1,5512,11288,0.06841616872698068,0.05830657895444027,-1.6523768186569214,0.1,0.0,0.04936737716197968
3,223,MEND158,351,ACTGTCTTCTTTAGAA-1,6993,6278,0.06841410235501826,0.05572729845490258,-1.6480734705924989,0.0,0.0,0.0
3,224,MEND158,2816,TGGAAGGATAAAGATG-1,7342,4760,0.06838769488967955,0.06352339331658921,-1.7162453681230545,0.1,0.1,0.051214343309402464
3,225,MEND158,1942,GGATCTACCGTTCGTC-1,4117,13414,0.0683814131654799,0.05811747962804381,-1.6793161511421204,0.0,0.0,0.0
3,226,MEND158,2954,TTCAACGACCCGACCG-1,5599,4760,0.06831887839362025,0.0621800407752781,-1.6450338982045651,0.1,0.1,0.05144516825675964
3,227,MEND158,992,CCCAAGTCATTACACT-1,9782,12047,0.06831503896974027,0.052529957402789956,-1.5002238780260087,0.0,0.0,0.0
3,228,MEND158,1061,CCGGCACGACCGTTTC-1,11090,7037,0.06829629158601165,0.05769348607219763,-1.5858931362628936,0.0,0.0,0.0
3,229,MEND158,111,AAGCGTCCCTCATCGA-1,4466,10377,0.06828932948410511,0.059342895435631794,-1.5904096126556397,0.0,0.0,0.0
3,230,MEND158,1378,CTATTTGCTTGGAGGA-1,6993,12351,0.06824431717395782,0.058132084862212795,-1.7215664267539978,0.0,0.0,0.0
3,231,MEND158,3090,TTGTTTCCATACAACT-1,3769,8555,0.06823662831448019,0.058219629862016974,-1.7377858936786652,0.0,0.0,0.0
3,232,MEND158,1798,GCCTATAGTGTCAGGG-1,9347,6126,0.06822625086642801,0.05783584897770968,-1.5948979049921035,0.0,0.0,0.0
3,233,MEND158,1828,GCGCTAATTGAATAGA-1,7516,6885,0.06822618333389982,0.060987574230149486,-1.834094649553299,0.0,0.0,0.0
3,234,MEND158,2747,TGAGTGGTCCGTGACG-1,8737,6278,0.06820810567587614,0.05191113270844344,-1.555078861117363,0.0,0.0,0.0
3,235,MEND158,877,CAGTGTTAATCTCTCA-1,2810,12351,0.06820119544863701,0.05367276562652964,-1.6428328573703765,0.0,0.0,0.0
3,236,MEND158,522,AGTCAGCCACCGCCTG-1,3856,4153,0.06818906306289137,0.056420529486693,-1.5033807426691055,0.0,0.0,0.0
3,237,MEND158,1002,CCCGACCATAGTCCGC-1,7865,4760,0.0681362864561379,0.06086624257162666,-1.686167523264885,0.1,0.1,0.051352274417877194
3,238,MEND158,1351,CTAGATGTGAGTGTAA-1,10392,6734,0.06811591386795043,0.057628490449495286,-1.6794179499149322,0.0,0.0,0.0
3,239,MEND158,2113,GTAGAGGGAGACAAGT-1,4117,9466,0.06811280399560929,0.05407101051174812,-1.4711751908063888,0.0,0.0,0.0
3,240,MEND158,2874,TGTCGTTATCACATAT-1,2723,10985,0.06811259314417839,0.054794656413666765,-1.5985404074192047,0.0,0.0,0.0
3,241,MEND158,2125,GTATCTCAGTCTTGAC-1,3333,10529,0.06808054456487297,0.057627033290239466,-1.718712365627289,0.0,0.0,0.0
3,242,MEND158,2549,TCATACTTACAGATCC-1,3507,5064,0.0680678244214505,0.05599291321378008,-1.5963466346263886,0.0,0.0,0.0
3,243,MEND158,1073,CCGTAGGGTTGTTTAC-1,10480,10833,0.06805858430452645,0.06225276830950753,-1.706119180470705,0.1,0.1,0.051566725969314574
3,244,MEND158,730,ATTCCCGAAGGTACAG-1,1416,10833,0.06803615307435393,0.05331911460627681,-1.4231115847826004,0.0,0.0,0.0
3,245,MEND158,2599,TCCTAAAGATTCAGAC-1,8737,12047,0.06803166694007814,0.07445111197257809,-1.6832703948020935,0.1,0.1,0.058783715963363646
3,246,MEND158,1107,CCTCTAATCTGCCAAG-1,7778,5215,0.06800976935774088,0.05708959580626345,-1.5264518022537232,0.0,0.0,0.0
3,247,MEND158,578,ATACCACGGGCAACTT-1,3943,7037,0.06799204973503947,0.059031558654256286,-1.66204534471035,0.0,0.0,0.0
3,248,MEND158,778,CAATATTCTTGACCTA-1,4902,9922,0.06796375042758881,0.056633670290617985,-1.5149053782224655,0.0,0.0,0.0
3,249,MEND158,167,AATGGTCCACCGTTCA-1,2810,6278,0.06793863279744983,0.0548085182569119,-1.6116038620471955,0.0,0.0,0.0
3,250,MEND158,899,CATATGTCAGGCTACG-1,3507,9011,0.06792715163901449,0.05670317503496597,-1.607980066537857,0.0,0.0,0.0
3,251,MEND158,1751,GCAGCACACAGCCCAG-1,5076,7493,0.06782465293072164,0.05855674101061485,-1.523841494321823,0.0,0.0,0.0
3,252,MEND158,806,CACCAGTCAGCATGCA-1,3333,10833,0.06781637696549296,0.05929068912358776,-1.6888741940259933,0.0,0.0,0.0
3,253,MEND158,1531,GAAATATCACCATCAG-1,3420,6734,0.0677716129925102,0.05742418514679467,-1.634368821978569,0.0,0.0,0.0
3,254,MEND158,1606,GACTAAGTAGGCTCAC-1,5163,5823,0.0677327116485685,0.05690998292756262,-1.568873792886734,0.0,0.0,0.0
3,255,MEND158,1684,GATCGCGGGCTCTCCA-1,5948,7189,0.06773188859224319,0.05150754656053463,-1.4428087174892426,0.0,0.0,0.0
3,256,MEND158,2446,TAGTCTAACAACGAGA-1,4379,7796,0.06769206982571632,0.05993977644081511,-1.6490878283977508,0.1,0.0,0.049886861443519594
4,1,MEND158,1983,GGCGGTTTGCCGGTGC-1,2374,4001,0.3109836205840111,0.07072178429124688,0.5329514989629388,1.0,1.0,0.597415441274643
4,2,MEND158,691,ATGGCAGCCGAGAAAC-1,2200,6734,0.3077822834253311,0.07024897718393348,0.5646041870117188,1.0,1.0,0.5909728765487671
4,3,MEND158,1836,GCGGCAAAGTATTGCC-1,3769,10681,0.29778543412685393,0.06434520822497287,0.45677525177598,1.0,1.0,0.5935832023620605
4,4,MEND158,1597,GACGATATCACTGGGT-1,4379,12655,0.2968159392476082,0.06857588339333102,0.548511129617691,1.0,0.8,0.5720837235450744
4,5,MEND158,2811,TGCTGTTGAAGAACTC-1,7168,7493,0.2945242464542389,0.06664190336755293,0.4286585010588169,1.0,1.0,0.5979688286781311
4,6,MEND158,1239,CGGAAAGAATCAAACG-1,5599,10529,0.29407414942979815,0.06369949778776574,0.42546701841056345,1.0,1.0,0.5774926781654358
4,7,MEND158,993,CCCAATGAGATTTGCA-1,4902,10833,0.2939368337392807,0.0665727434926574,0.4208341486752033,1.0,1.0,0.5928336322307587
4,8,MEND158,2988,TTCGGGCGCTAGTCTT-1,4640,10074,0.29330514520406725,0.0666792083018977,0.5337641645222903,1.0,1.0,0.5773611724376678
4,9,MEND158,1442,CTGCTTGGCGATAGCT-1,7952,9770,0.2932263284921646,0.05972064114837103,0.5713706828653813,1.0,0.9,0.5794380575418472
4,10,MEND158,1635,GAGCGCTGTTAGGTAA-1,3420,10985,0.2929429292678833,0.06016687606548454,0.39720574431121347,1.0,1.0,0.6028936564922333
4,11,MEND158,1156,CGACGCATCCGTACCT-1,2287,9315,0.2926783561706543,0.05969672743249271,0.4043129660189152,1.0,1.0,0.5743019044399261
4,12,MEND158,2862,TGTACCTACACGAGGG-1,9347,10681,0.29241745322942736,0.06083469662375949,0.48018803000450133,1.0,1.0,0.582811152935028
4,13,MEND158,1692,GATCTAACCGTATTCA-1,1939,9618,0.29207739382982256,0.06381156311004627,0.43354478664696217,1.0,0.8,0.5738043993711471
4,14,MEND158,2063,GGTCTCTGAATGGACT-1,4379,9618,0.2916948154568672,0.06634415752714169,0.37638152539730074,1.0,1.0,0.5905035376548767
4,15,MEND158,1519,CTTTGGGATTGTTGCA-1,5250,11136,0.29116547405719756,0.06465927897162872,0.44123456366360186,1.0,1.0,0.5823089420795441
4,16,MEND158,468,AGGATCACGCGATCTG-1,2810,9011,0.2909839183092117,0.06169473584492998,0.5602742075920105,1.0,0.8,0.5738916009664535
4,17,MEND158,3000,TTCTGCCGCGCCTAGA-1,7429,9163,0.2902839928865433,0.06451592118157956,0.4449875447899103,1.0,1.0,0.5742254078388214
4,18,MEND158,433,AGCCCGGTAGCCTGTA-1,5686,10985,0.2892305076122284,0.05991411944930678,0.43604551628232,1.0,0.8,0.5688726246356964
4,19,MEND158,1142,CGAACGGCCGGACAAC-1,2723,8859,0.28776786774396895,0.06455786027962944,0.48315050527453424,1.0,0.5,0.565824568271637
4,20,MEND158,815,CACCGTTAGGGATCAC-1,4640,9770,0.2870000258088112,0.06538132297840996,0.5948837820440531,1.0,0.9,0.5699311017990112
4,21,MEND158,2272,GTTGTCGTGTTAGTTG-1,5512,4001,0.28612632751464845,0.06415523960489905,0.39163646623492243,1.0,1.0,0.5869701147079468
4,22,MEND158,153,AATCAGGTTTCATTTA-1,4292,12199,0.28601458817720415,0.06283447160001988,0.34843471422791483,1.0,0.8,0.5669522851705551
4,23,MEND158,2483,TATGATCTTCTCTTTA-1,9259,10529,0.28560822159051896,0.055450928520297725,0.3450129462406039,1.0,1.0,0.5796446859836578
4,24,MEND158,1410,CTCTACATCCTGCGTG-1,7168,12655,0.28552680760622023,0.06472584636057889,0.3373574301600456,1.0,0.7,0.5623161941766739
4,25,MEND158,136,AAGTGCTTCTCTATTG-1,4640,12199,0.2847360521554947,0.061520421939544684,0.3712758656591177,1.0,0.9,0.5705014735460281
4,26,MEND158,1643,GAGGCCCGACTCCGCA-1,3420,10074,0.2846640169620514,0.06537051612205243,0.5656527325510978,1.0,0.9,0.5777698338031769
4,27,MEND158,511,AGTACTCTTATGCCCA-1,9085,10226,0.2844774559140205,0.06433317991316949,0.3512755841016769,1.0,0.8,0.5782472342252731
4,28,MEND158,1545,GAAGAAACGATATTGT-1,3943,10681,0.2844757974147797,0.06128035305284455,0.37007507160305975,1.0,0.9,0.5669823676347733
4,29,MEND158,2914,TTAATGTAGACCAGGT-1,7342,6278,0.28369445353746414,0.06219429888935324,0.41465612780302763,1.0,0.9,0.5728656202554703
4,30,MEND158,1115,CCTGACCACCGATGGT-1,6732,8555,0.28356605768203735,0.06172291968799219,0.26853072121739385,1.0,1.0,0.580550342798233
4,31,MEND158,2912,TTAAGGCCCGTACTTT-1,3594,10681,0.2835507705807686,0.06649145427427387,0.4289416342973709,1.0,0.7,0.5626547932624817
4,32,MEND158,1172,CGAGTGAAGGTACCAG-1,3943,10074,0.2832957595586777,0.06562470005402199,0.4053260231390595,1.0,0.9,0.5749710023403167
4,33,MEND158,1882,GCTCGCTCATGTCCAA-1,10044,7948,0.2822882801294327,0.0667299504042001,0.4276726100593805,1.0,0.7,0.5666506946086883
4,34,MEND158,2416,TAGCGTCCGGTGTGGT-1,8126,9770,0.28222173601388933,0.056011969103533746,0.3525109633803368,1.0,0.7,0.5523061335086823
4,35,MEND158,2249,GTTATATTATCTCCCT-1,6296,9011,0.281994192302227,0.06565258440881042,0.41053207963705063,1.0,1.0,0.5732186377048493
4,36,MEND158,99,AAGAGCTCTTTATCGG-1,8126,7037,0.2819333627820015,0.06239353817626932,0.30031228363513945,1.0,0.8,0.5682448267936706
4,37,MEND158,2417,TAGCGTTGGGTCTTAC-1,7342,7493,0.2819164678454399,0.05978914146592445,0.32032768055796623,1.0,0.9,0.571783447265625
4,38,MEND158,1555,GAAGTGATTTATCGTG-1,5512,7645,0.28169419467449186,0.06878033410638291,0.41390785165131094,1.0,0.9,0.5705928325653076
4,39,MEND158,1096,CCTATGTCCACTCCAC-1,9434,11136,0.28148059695959093,0.05909369943483909,0.4464274249970913,1.0,0.8,0.5646619468927383
4,40,MEND158,729,ATTCCCACATAAACAA-1,3507,5671,0.2814201921224594,0.06615205152961931,0.44391018003225324,1.0,0.6,0.5602879852056504
4,41,MEND158,1710,GATTAACCGAAAGCCC-1,9521,10074,0.28141372054815295,0.05480028482781536,0.3954936802387238,1.0,0.5,0.5468278050422668
4,42,MEND158,667,ATGACGCGTTCTATCC-1,4030,9618,0.2812995731830597,0.06290154465051365,0.4006999280303717,1.0,1.0,0.5825424194335938
4,43,MEND158,101,AAGAGGCATGGATCGC-1,8388,7189,0.28126620799303054,0.06584585636544987,0.351008241251111,1.0,0.8,0.5688763707876205
4,44,MEND158,1854,GCTAACTGAAGTCTGA-1,9085,10529,0.28118294924497605,0.059800626398084464,0.3899201527237892,1.0,1.0,0.5765514492988586
4,45,MEND158,1103,CCTCGCGCTGTGCGAT-1,6558,10377,0.28090888261795044,0.059553221559812096,0.4051115706562996,1.0,0.9,0.5735784381628036
4,46,MEND158,1197,CGCATGGTGCGATGCT-1,7168,7796,0.2808366879820824,0.061238702585679525,0.40600475296378136,1.0,0.9,0.5706423908472061
4,47,MEND158,2574,TCCCAGCTTTAGTCTG-1,6296,6885,0.28077536076307297,0.06344657646360577,0.3394273232668638,1.0,0.8,0.5663163602352143
4,48,MEND158,205,ACACATGATCAAATCT-1,2810,10833,0.2803361564874649,0.07015371486032247,0.3438618006184697,1.0,0.8,0.5724399536848068
4,49,MEND158,653,ATCGTGGAAAGTCTGG-1,3420,11288,0.2802169397473335,0.06346900098721227,0.29736767932772634,1.0,0.7,0.5579411715269089
4,50,MEND158,857,CAGCGATTCCCTTCAA-1,5163,9770,0.28020508140325545,0.06540813332095965,0.45460525155067444,1.0,1.0,0.5721530377864837
4,51,MEND158,3007,TTCTTGGACGATCTGC-1,4205,9618,0.28012286573648454,0.05960463881209905,0.37110487259924413,1.0,1.0,0.5820829629898071
4,52,MEND158,157,AATCGCCTCAGCGCCA-1,8301,7645,0.2800722822546959,0.06179815289805832,0.4353930214419961,1.0,1.0,0.582913213968277
4,53,MEND158,3071,TTGTAATCCGTACTCG-1,6209,7037,0.2798854857683182,0.06799135870954962,0.37393026500940324,1.0,0.7,0.55737806558609
4,54,MEND158,2359,TACCTTAAGATTTCCC-1,3943,9163,0.2798155561089516,0.063109259125628,0.5497947350144387,1.0,0.8,0.573034018278122
4,55,MEND158,647,ATCGACCCAATACAGA-1,6906,8252,0.2798038721084595,0.058063670366915114,0.27700610384345054,1.0,1.0,0.5810459852218628
4,56,MEND158,1435,CTGCCTTTCTAGTAAA-1,9521,11288,0.2795497328042984,0.058388836231001086,0.3962906006723642,1.0,0.7,0.5534865856170654
4,57,MEND158,2489,TATGGTCTGAGTAACA-1,6471,7189,0.27948827892541883,0.062274817342391174,0.30341088101267816,1.0,0.9,0.5720167547464371
4,58,MEND158,1246,CGGAGCATGGCGATCC-1,7255,7645,0.27925881594419477,0.06114530929814367,0.4086369384080172,1.0,1.0,0.5700846314430237
4,59,MEND158,1074,CCGTATCTCGTCGTAG-1,3769,9770,0.27924675196409227,0.06303795030127411,0.387228325009346,1.0,0.6,0.5573480397462844
4,60,MEND158,2420,TAGCTAGTGATGATGG-1,5599,10833,0.2792392760515213,0.06204385979005277,0.3036584332585335,1.0,0.6,0.5549384325742721
4,61,MEND158,2928,TTAGAATAAGGGTCGG-1,5338,10985,0.27902373373508454,0.065471436880509,0.4070799436420202,1.0,0.7,0.5674224346876144
4,62,MEND158,852,CAGATGTTTGTCCCAA-1,1590,9618,0.27897655963897705,0.06252755068876806,0.37719193771481513,1.0,0.9,0.5676075249910355
4,63,MEND158,2016,GGGCCCGTCTTAAACA-1,5948,8100,0.2789506122469902,0.06268513010549341,0.3468875605612993,1.0,0.7,0.5657473802566528
4,64,MEND158,1896,GCTGCTACTGCGTAGC-1,7952,9466,0.2788641914725304,0.06132552898723499,0.3311736352741718,1.0,0.9,0.5646476149559021
4,65,MEND158,92,AACTTGCCCGTATGCA-1,3769,6126,0.2787742897868156,0.06575778791633748,0.37310233898460865,1.0,0.8,0.5647355496883393
4,66,MEND158,215,ACACTGGGACAGTCGT-1,11438,10681,0.2787067532539368,0.06327489970561789,0.3411608386784792,1.0,1.0,0.5798180103302002
4,67,MEND158,1769,GCCACTCAGAGCGCGA-1,9695,10681,0.27869309931993486,0.05916155815473373,0.2731817042455077,1.0,0.5,0.5542499244213104
4,68,MEND158,1469,CTGTGGTCGGGAGATA-1,9172,10074,0.2784576416015625,0.06368979101379299,0.2922217078506947,1.0,0.9,0.5775876373052597
4,69,MEND158,412,AGATTCACAACCGATA-1,2549,9770,0.2783714711666107,0.06525780650279771,0.423928302899003,1.0,0.9,0.5713401108980178
4,70,MEND158,1241,CGGAACGTAAACATAG-1,5338,8859,0.2783214196562767,0.059221852271705705,0.46298175379633905,1.0,0.5,0.5468661546707153
4,71,MEND158,2003,GGGAGGATGCCCGAAA-1,5860,7341,0.27780117392539977,0.06628680530557432,0.43192105889320376,1.0,0.7,0.5665931552648544
4,72,MEND158,13,AAACGAGACGGTTGAT-1,8301,7037,0.27769051641225817,0.06348268870028292,0.3760839018970728,1.0,0.6,0.5587425172328949
4,73,MEND158,59,AACCCATCCCATGATC-1,2636,10226,0.277566534280777,0.0643248061124322,0.4304760364815593,1.0,0.8,0.5616557151079178
4,74,MEND158,748,ATTTGCGCGAGTAGCT-1,4117,9770,0.2775183439254761,0.062181597491618626,0.4163367830216885,1.0,1.0,0.573404335975647
4,75,MEND158,169,AATGTGCCCGAGGTGT-1,3769,10074,0.27751728147268295,0.06321845034930829,0.4088426910340786,1.0,0.6,0.5614943504333496
4,76,MEND158,1309,CGTGGTACCCAAAGGC-1,5076,11744,0.27742950320243837,0.06217356570038414,0.4265983920544386,1.0,0.9,0.5703499555587769
4,77,MEND158,2347,TACCATGTATTGATTT-1,12223,9011,0.27728894352912903,0.0684945582650464,0.42425891757011414,1.0,1.0,0.5757904052734375
4,78,MEND158,1827,GCGCGTCATTGGTACA-1,8649,10377,0.27725770175457,0.06355445661452956,0.3444977607578039,1.0,1.0,0.5802944839000702
4,79,MEND158,2419,TAGCTAGAAGGCATGA-1,5860,9466,0.27697132974863053,0.06024831717777933,0.3965921465307474,1.0,0.6,0.5559820055961608
4,80,MEND158,2436,TAGGTTCTGCTGAGAA-1,6819,12655,0.2766667068004608,0.05873862709571365,0.3813155822455883,1.0,0.5,0.5406534016132355
4,81,MEND158,944,CCAATGTCACAGCAAG-1,5686,7341,0.2766285702586174,0.06292178900364942,0.49428229555487635,1.0,0.8,0.5628244578838348
4,82,MEND158,2876,TGTGAGACTAGCCCAA-1,6906,10681,0.2764234930276871,0.05863016474586033,0.279857499152422,1.0,1.0,0.5709019184112549
4,83,MEND158,1159,CGAGACCCTAGAGTGT-1,6732,8252,0.2764100030064583,0.06271044519273185,0.4419539950788021,1.0,0.8,0.5653793156147003
4,84,MEND158,616,ATATTCCACATAGTGA-1,8126,9466,0.2762888059020042,0.0614190729027253,0.44717158898711207,1.0,0.9,0.567014542222023
4,85,MEND158,2008,GGGCAACCGCACGTGC-1,3072,10074,0.27617542147636415,0.06276260022902073,0.37464221715927126,1.0,1.0,0.5744938969612121
4,86,MEND158,1880,GCTCCTGACATACTGG-1,4205,10226,0.2761346235871315,0.05953622484609445,0.3423933543264866,1.0,0.9,0.5614675134420395
4,87,MEND158,1600,GACGCTTGCTTCTAAA-1,4553,7493,0.2758194640278816,0.06573901339675906,0.40366930738091467,1.0,0.9,0.5665962666273117
4,88,MEND158,706,ATGTTCCTGCCCACCT-1,2113,4153,0.27578235417604446,0.05899755852046502,0.44720811285078527,1.0,0.9,0.5653040260076523
4,89,MEND158,2072,GGTGGACTGCTCTGGC-1,8824,10074,0.27545411288738253,0.06050544853888453,0.3678748574107885,1.0,0.7,0.5585134714841843
4,90,MEND158,1450,CTGGCTGATTCATCCT-1,9782,8404,0.2752558782696724,0.06364408927178962,0.2873317515477538,0.9,0.7,0.5148585915565491
4,91,MEND158,759,CAACCTACCGAGCAGT-1,10392,10985,0.27523515075445176,0.06575770872507851,0.29320857524871824,1.0,0.6,0.5445384979248047
4,92,MEND158,2092,GGTTTGAGTGCTGGAA-1,5076,3545,0.27513185888528824,0.06557219101056548,0.3820770375430584,1.0,0.8,0.5688780516386032
4,93,MEND158,2143,GTCATTAGAGCGAACG-1,7255,7341,0.2751099646091461,0.06190934498502563,0.3474839352071285,1.0,0.8,0.5677099913358689
4,94,MEND158,2667,TCTACCCAATAGAGAG-1,10654,10226,0.27494238018989564,0.0610098235670192,0.38348472975194453,1.0,0.6,0.5600092202425003
4,95,MEND158,924,CATGGTATTAGTTTGT-1,2026,10681,0.27487416863441466,0.06414088175642925,0.23144551292061805,1.0,0.7,0.558864888548851
4,96,MEND158,2964,TTCATGGCGCAACAGG-1,7952,4608,0.27458294183015824,0.06345965727617989,0.4719067635014653,1.0,0.9,0.5612344622612
4,97,MEND158,1208,CGCCGCGTTCTGAACG-1,5338,12807,0.2745413899421692,0.06080254692861038,0.3959413003176451,1.0,0.6,0.555053499341011
4,98,MEND158,305,ACGTAGATTGCTGATG-1,7255,6734,0.2744565024971962,0.06096307889710192,0.35729975812137127,1.0,0.8,0.5671949654817581
4,99,MEND158,110,AAGCGCAGGGCTTTGA-1,7778,11896,0.27442214637994766,0.057038533403439215,0.40632703974843026,1.0,0.9,0.5718828827142716
4,100,MEND158,1737,GCACAAGTGGATCATA-1,1939,4153,0.27421913743019105,0.06159813943964145,0.491196988709271,1.0,1.0,0.570144098997116
4,101,MEND158,249,ACCCATTTGTCCCTCT-1,10131,10833,0.2741630241274834,0.06272926714487563,0.24730041846632958,1.0,0.7,0.5595160096883773
4,102,MEND158,394,AGAGAAACACCAGAAA-1,4379,12047,0.2741288527846336,0.06369801544487057,0.26881869956851007,1.0,0.9,0.571395018696785
4,103,MEND158,640,ATCCAGGATTCGTGAA-1,5425,7796,0.2741039916872978,0.06680049585205636,0.3735973801463842,1.0,0.9,0.5677777975797653
4,104,MEND158,700,ATGTCATAATAAACGA-1,6906,13414,0.27407050132751465,0.06101618583105085,0.4393169850111008,1.0,0.7,0.5602676898241044
4,105,MEND158,2127,GTATCTTTCATAACCA-1,7168,8707,0.2739663630723953,0.06340617851973974,0.30402763150632384,1.0,1.0,0.570031589269638
4,106,MEND158,1856,GCTAAGTAGTTTCTCT-1,8388,6885,0.2738659158349037,0.06673140411124943,0.38725378960371015,1.0,0.6,0.5497283458709716
4,107,MEND158,377,AGAAGGTACACTTCAC-1,2636,9618,0.2738019093871117,0.06487910831511443,0.47286692522466184,1.0,0.6,0.5514256745576859
4,108,MEND158,2493,TATGTCTCATTGTGCC-1,8562,6278,0.2737350344657898,0.06351227393482523,0.28901283591985705,1.0,0.8,0.5663648873567582
4,109,MEND158,37,AAATGACTGATCAAAC-1,6645,13262,0.27346595376729965,0.06284141407070949,0.20591789856553078,1.0,0.6,0.5559266716241836
4,110,MEND158,2675,TCTAGTTATCAGAAGA-1,6122,6885,0.2734330028295517,0.06385329233274491,0.3113978624343872,1.0,0.8,0.5660632073879241
4,111,MEND158,2405,TAGAGGTTCTACTTGT-1,9782,9922,0.27338450103998185,0.058631073723500154,0.42558738198131324,1.0,0.9,0.5692457824945449
4,112,MEND158,2258,GTTCGCCATAAGTGCC-1,6035,7341,0.27335316240787505,0.0673834656966713,0.42345748990774157,1.0,0.7,0.5602893590927124
4,113,MEND158,611,ATATCTTAGGGCCTTC-1,6732,7037,0.2732857450842857,0.06443389916115323,0.3828814059495926,1.0,0.6,0.5591109335422516
4,114,MEND158,3088,TTGTTTCACATCCAGG-1,5076,10529,0.27317116111516954,0.06342109654573831,0.4116612859070301,1.0,0.7,0.5566866487264633
4,115,MEND158,1733,GCAAGTGTAAAGCATG-1,5338,11896,0.27313789874315264,0.06112552402591079,0.2729318138211966,1.0,0.7,0.5597510218620301
4,116,MEND158,1586,GACCAGAGCCCTGTAG-1,5512,6430,0.2731367886066437,0.06254451553660864,0.34831214472651484,1.0,0.8,0.564803609251976
4,117,MEND158,350,ACTGTCCAGGATTATA-1,6209,6734,0.2730765402317047,0.060190149005851616,0.3936307379975915,1.0,0.8,0.5640245646238327
4,118,MEND158,1999,GGGACCCGTATATCTT-1,6035,10377,0.27305365204811094,0.058513699334005534,0.40482923574745655,1.0,0.7,0.5585096120834351
4,119,MEND158,304,ACGTACTTTGGCACGG-1,4205,12351,0.27297094464302063,0.0625267571603319,0.3586522709578276,1.0,0.6,0.5517677307128906
4,120,MEND158,890,CATACTATGTAATTGT-1,5599,7189,0.2728146597743034,0.06269962376953504,0.39664117693901063,1.0,0.7,0.5714436858892441
4,121,MEND158,1008,CCCGGGTCGTTCAGGG-1,6383,11592,0.2727656215429306,0.06580291572877722,0.40950083248317243,1.0,0.8,0.5624101996421814
4,122,MEND158,2299,TAACATACACGCGATC-1,3594,10074,0.2727614864706993,0.06396367149015626,0.4532803323119879,1.0,0.6,0.5535750478506088
4,123,MEND158,1840,GCGGGCAGACGGGTGA-1,7429,13110,0.27266632616519926,0.06463396894403824,0.35319013744592664,1.0,0.8,0.5601464033126831
4,124,MEND158,1400,CTCGCCGAATGTAGGG-1,6993,10833,0.272605849802494,0.060912661834859584,0.3148198969662189,1.0,1.0,0.5653776049613952
4,125,MEND158,2641,TCGGACGCCCAGCCCA-1,8301,6734,0.27248970717191695,0.06170639123488953,0.3400610085576773,1.0,0.7,0.5618314564228057
4,126,MEND158,629,ATCAGCTCGTCCACTA-1,2723,9163,0.27244606912136077,0.05808785474280558,0.2302081972360611,1.0,1.0,0.5703223347663879
4,127,MEND158,1945,GGATGAAGATCGCTGA-1,9608,8100,0.27238267511129377,0.06700263502890812,0.28849114999175074,1.0,0.7,0.5681122452020645
4,128,MEND158,2971,TTCCGCGTGAGGCGAT-1,6993,8707,0.2722914755344391,0.06448902301261036,0.39804001674056055,0.9,0.8,0.5139990031719208
4,129,MEND158,1039,CCGACGGGCATGAGGT-1,3682,9922,0.27224493622779844,0.05904871618477093,0.42387495301663874,1.0,0.6,0.5565399736166
4,130,MEND158,2137,GTCACTCTCCAAATCT-1,4117,5215,0.2722171515226364,0.06339535094131189,0.38214704655110837,1.0,0.6,0.5457635939121246
4,131,MEND158,716,ATTACGCGCTGGCAGG-1,4030,7796,0.2722163662314415,0.06585192573739636,0.35551601499319074,1.0,0.8,0.5597734987735749
4,132,MEND158,3040,TTGCCATAGCCCGCTC-1,3507,9922,0.272049617767334,0.05987092834126952,0.3476123983040452,1.0,0.8,0.5624617487192154
4,133,MEND158,9,AAACCGTTCGTCCAGG-1,5076,9618,0.2720455780625343,0.06397420415178894,0.2831408347934484,1.0,0.7,0.5603749334812165
4,134,MEND158,2046,GGTACAAACATGCTAT-1,6122,7796,0.27196500152349473,0.06273954713149281,0.37645074650645255,1.0,0.6,0.5569944500923156
4,135,MEND158,391,AGACGACGATGCCGCT-1,4292,9770,0.2719300016760826,0.05936029529593208,0.42265442609786985,1.0,0.7,0.5623387902975082
4,136,MEND158,645,ATCCTGCGTGGAATGG-1,5512,8555,0.2717790648341179,0.05940287019449347,0.4086158756166697,1.0,0.7,0.5655104219913483
4,137,MEND158,2013,GGGCAGGATTTCTGTG-1,2026,11592,0.27174256145954134,0.06236584019712815,0.44179732650518416,1.0,1.0,0.565527880191803
4,138,MEND158,2955,TTCAATACTCTGAATC-1,8911,7493,0.2716256245970726,0.06334633041166261,0.4040263393893838,1.0,0.6,0.547971659898758
4,139,MEND158,164,AATGACAGCAATGTCT-1,4030,9011,0.27143290638923645,0.06337874791002732,0.3313355021178722,1.0,0.6,0.5530114352703095
4,140,MEND158,100,AAGAGGATGTACGCGA-1,3943,7645,0.2711988866329193,0.06064679892349411,0.4070048287510872,1.0,0.6,0.557157626748085
4,141,MEND158,346,ACTGCTCGGAAGGATG-1,2200,9770,0.2711112260818481,0.06414536459546268,0.39134002700448034,1.0,0.7,0.5548189103603363
4,142,MEND158,2560,TCCAATAAAGGCTACC-1,6035,11288,0.2710867926478386,0.06166700529851099,0.4003094881772995,0.8,0.8,0.4548695385456085
4,143,MEND158,557,AGTTGACATCGGCTGG-1,3682,3242,0.2709044933319092,0.05981818636167064,0.4085485577583313,1.0,1.0,0.562973928451538
4,144,MEND158,2597,TCCGTTAAGCTAATAT-1,10131,9618,0.2708323448896408,0.06661226876377066,0.24266219288110732,1.0,0.6,0.5539763540029525
4,145,MEND158,2282,GTTTGGGTTTCGCCCG-1,9347,11288,0.2707667276263237,0.05792114192044986,0.401242133975029,1.0,0.6,0.5547328114509582
4,146,MEND158,1912,GGAAACTAAATGGGCC-1,10305,10833,0.2706922098994255,0.057536913678059874,0.3364437445998192,1.0,0.5,0.5491606682538986
4,147,MEND158,558,AGTTGACGGTCCTTGC-1,6906,11592,0.27066967636346817,0.06097543909225041,0.30053350850939753,1.0,0.7,0.5551112025976181
4,148,MEND158,2695,TCTGATGTATTCTGTC-1,8649,9466,0.2705853939056396,0.06144545290276129,0.3553650967776775,0.8,0.7,0.4530248463153839
4,149,MEND158,2558,TCCAACTTTAAATTCT-1,4902,7796,0.270577198266983,0.057692960819567866,0.37546292059123515,1.0,0.9,0.5613031059503555
4,150,MEND158,1587,GACCCAATTATGATAC-1,3159,9922,0.27053097188472747,0.06457177011107033,0.2825348749756813,1.0,0.6,0.553255957365036
4,151,MEND158,1153,CGACCCTTAACGCCGG-1,2461,9011,0.2704426825046539,0.06327125375816793,0.3999078631401062,1.0,0.6,0.5507264852523803
4,152,MEND158,1598,GACGCATACCCGTCGG-1,1939,11440,0.27031323611736296,0.06353951429395108,0.41995313465595246,1.0,0.9,0.5661827981472015
4,153,MEND158,2913,TTAAGTATTGTTATCC-1,9259,11440,0.27025986462831497,0.05893273135634448,0.2567685641348362,1.0,0.6,0.5573859184980392
4,154,MEND158,2603,TCCTAGCAAAGAAGCT-1,4989,7948,0.2702524185180664,0.06191489247314197,0.28979426100850103,1.0,0.7,0.5627013802528381
4,155,MEND158,2155,GTCCGTTAGAGGGCCT-1,8214,13262,0.27025156021118163,0.06478758882977702,0.27170240581035615,1.0,0.6,0.5598735511302948
4,156,MEND158,858,CAGCGCCAACACGATA-1,1851,7341,0.2702214702963829,0.06284393177193895,0.38365752100944517,1.0,1.0,0.5711598455905914
4,157,MEND158,1868,GCTAGTAGAGCTTGTA-1,7081,7645,0.2701386198401451,0.06156505732115438,0.39068459495902064,1.0,0.8,0.5649779975414276
4,158,MEND158,5,AAACATTTCCCGGATT-1,9870,10985,0.27011858820915224,0.0609445677585181,0.38396533615887163,1.0,0.5,0.5517747282981873
4,159,MEND158,2145,GTCCAATATTTAGCCT-1,6035,11592,0.27002822160720824,0.062330133860181894,0.3238240361213684,1.0,0.7,0.5619662225246429
4,160,MEND158,1653,GAGTAAGGCCACGGGA-1,2636,9011,0.2698948085308075,0.0619046667118987,0.36912784948945043,1.0,0.5,0.5496293276548385
4,161,MEND158,123,AAGGGACTATGCATTC-1,3682,10833,0.2698728799819946,0.0576972430270162,0.23627674877643584,1.0,0.7,0.5536489516496659
4,162,MEND158,1289,CGTATTAAGAGATCTA-1,6122,6582,0.26983871310949326,0.06159734918091588,0.35593276396393775,1.0,0.6,0.5562705010175705
4,163,MEND158,237,ACCACAAGTTTCTATC-1,6122,6278,0.26976577937602997,0.061313104942369225,0.4039990149438381,1.0,0.8,0.5642335325479507
4,164,MEND158,310,ACGTTAATGTCGAAGA-1,7429,7948,0.2695974797010422,0.061013203720110674,0.21196529269218445,1.0,0.8,0.5612414509057999
4,165,MEND158,613,ATATGTCTAGAGCGTG-1,7342,12958,0.2695950001478195,0.059135475536347376,0.4030676171183586,0.9,0.7,0.5035266220569611
4,166,MEND158,326,ACTATTTCCGGGCCCA-1,4989,10681,0.26956626772880554,0.06321525156437886,0.4063629776239395,1.0,0.7,0.5561913520097732
4,167,MEND158,750,ATTTGTTCCAGGGCTC-1,7604,4608,0.2695658877491951,0.06065652835812457,0.3287819527089596,1.0,0.5,0.5583291113376617
4,168,MEND158,2910,TTAAGATAGGATTGAC-1,10218,8252,0.26952867656946183,0.06159475177856105,0.4321659058332443,1.0,0.6,0.5514723241329194
4,169,MEND158,2635,TCGCTACTGGCTTTGA-1,7778,11592,0.26952848881483077,0.056316045178757025,0.30549414940178393,1.0,0.8,0.559352171421051
4,170,MEND158,651,ATCGGAGACAGACGGC-1,8039,9618,0.2695058315992355,0.055945544029700346,0.35310542285442353,1.0,0.7,0.5553816795349121
4,171,MEND158,396,AGAGAAGGAGTACAAT-1,4379,10529,0.26935549527406694,0.06153796204667545,0.2609380554407835,1.0,1.0,0.5694326639175415
4,172,MEND158,1136,CCTTTAAGGGAGCACT-1,5773,10529,0.2691549301147461,0.059127213244990595,0.2968410186469555,1.0,0.6,0.5532385826110839
4,173,MEND158,2984,TTCGCCGCTCGCGCTA-1,2200,10377,0.26900780498981475,0.062230601426453286,0.39062907714396716,1.0,0.6,0.5601228147745132
4,174,MEND158,1922,GGAATGCGCTAGCGTG-1,8562,6582,0.2689637437462807,0.06560610882061564,0.3776163123548031,1.0,0.6,0.5557130664587021
4,175,MEND158,3080,TTGTGGTGGTACTAAG-1,9695,11288,0.26891164630651476,0.05915547838221718,0.2850349560379982,1.0,0.5,0.5485173612833023
4,176,MEND158,709,ATGTTGTAGTCTGTTT-1,5512,11592,0.2688711866736412,0.06481408794994246,0.3858075650408864,1.0,0.6,0.5559104591608047
4,177,MEND158,1950,GGATTGCTGTGACTCC-1,8737,10833,0.26884335875511167,0.05979415377213251,0.31241134032607076,1.0,0.5,0.5520462393760681
4,178,MEND158,1527,GAAAGCAGTGCACTTT-1,6122,10226,0.268816177546978,0.056288409116261734,0.332029502466321,1.0,0.5,0.5471961110830307
4,179,MEND158,809,CACCCGGTTTGTGACT-1,4815,9770,0.2686707407236099,0.0648619599461226,0.403113029524684,0.9,0.9,0.5143232405185699
4,180,MEND158,2687,TCTCGGCTCCAGGACT-1,3420,3697,0.2686274379491806,0.06168538893763987,0.4426485527306795,1.0,0.7,0.5583952754735947
4,181,MEND158,2367,TACGCCGAGGGTACCC-1,4379,10226,0.2685886546969414,0.0565301939643883,0.28217233195900915,1.0,0.8,0.5579317599534989
4,182,MEND158,1792,GCCGGGTTAGGGTCGC-1,6558,7948,0.2684503078460693,0.05807125762957704,0.32097783461213114,1.0,0.5,0.5545921206474305
4,183,MEND158,696,ATGGTATTTACTGATT-1,2549,12199,0.268435937166214,0.061382373342012284,0.35894587114453314,1.0,1.0,0.5581867873668671
4,184,MEND158,1222,CGCGGGAATTAGGCAG-1,8388,5975,0.2683861792087555,0.0621076968190884,0.32836058996617795,1.0,0.6,0.5575282394886016
4,185,MEND158,1817,GCGAGGCCCGAGCAGA-1,5512,7341,0.2683802142739296,0.06153615961889873,0.17614666149020194,1.0,0.8,0.5598962903022766
4,186,MEND158,154,AATCATGTAAAGACTC-1,9957,9922,0.2683076038956642,0.06281280282945334,0.44736636616289616,1.0,0.7,0.5548562407493591
4,187,MEND158,1018,CCCTATGTAGAGCAGA-1,3507,10833,0.26829232573509215,0.05947157777914873,0.45057987570762636,0.9,0.8,0.5058258950710297
4,188,MEND158,187,ACAAATCGCACCGAAT-1,8562,9315,0.26823466569185256,0.060230524076313824,0.4203146122395992,1.0,0.5,0.5419385015964509
4,189,MEND158,973,CCAGTGTACAGACCGA-1,2984,12655,0.26817349493503573,0.06557561629750223,0.34987970665097234,1.0,0.7,0.55097815990448
4,190,MEND158,2902,TTAAACCTGGTTCCTT-1,2461,5671,0.26816676259040834,0.06717322615676152,0.251246327906847,1.0,0.6,0.5564403295516968
4,191,MEND158,778,CAATATTCTTGACCTA-1,4902,9922,0.2681389108300209,0.06459715761265535,0.3310875963419676,1.0,0.8,0.5655896812677383
4,192,MEND158,2457,TATAGAGTCGCTTGAA-1,5425,11440,0.26813692003488543,0.06867935612341627,0.39421817287802696,1.0,0.6,0.5552238047122955
4,193,MEND158,816,CACCGTTGCGCGATAT-1,3943,8859,0.2680471926927567,0.06002312903046815,0.3299637380987406,1.0,0.6,0.5553318142890931
4,194,MEND158,478,AGGCCTGAGAATCTCG-1,9085,11136,0.2680331289768219,0.06005614242992771,0.325712725892663,1.0,0.5,0.5514111459255219
4,195,MEND158,3079,TTGTGGTAGGAGGGAT-1,3856,9315,0.26795374006032946,0.060341529978416304,0.32044285237789155,1.0,0.6,0.5563298970460892
4,196,MEND158,2124,GTATCCTTTGGTAACC-1,9434,11440,0.26786997467279433,0.06161696647250852,0.2913240224123001,1.0,0.5,0.5393575012683869
4,197,MEND158,1754,GCAGGAACTTAGATCT-1,2723,9770,0.26785472333431243,0.06329205046908935,0.35596815794706343,1.0,0.7,0.5598393380641937
4,198,MEND158,2523,TCACAAACCGAGGTAC-1,9695,10985,0.2677366301417351,0.06017996891433491,0.33329934924840926,1.0,0.5,0.552868378162384
4,199,MEND158,1407,CTCGTGGCACTGAAAG-1,6471,13262,0.26772382110357285,0.060630860417331754,0.4167593078687787,1.0,0.6,0.5439660429954529
4,200,MEND158,2590,TCCGCGGCCCAATGAA-1,10044,9770,0.26768612414598464,0.06384332994290716,0.2762109532952309,1.0,0.9,0.5632974028587341
4,201,MEND158,2336,TACAGAAACGGTGGGC-1,8824,10681,0.26763326674699783,0.06037279190487423,0.38027583099901674,1.0,0.8,0.5542690843343735
4,202,MEND158,2084,GGTTCGGATTATACTA-1,2026,7645,0.26761907935142515,0.058424796484597155,0.37407274469733237,1.0,0.5,0.5504766374826431
4,203,MEND158,2058,GGTCGGCCAGGAGCTT-1,8737,6582,0.26757860332727434,0.06378766936480655,0.3289329960942268,1.0,0.5,0.5489082276821137
4,204,MEND158,2409,TAGATTCAAAGTGCGG-1,4815,12199,0.26748505532741546,0.06062167563413332,0.2949087779968977,1.0,0.7,0.5565205574035644
4,205,MEND158,2462,TATATATCGAGAAATG-1,3856,10833,0.26743980348110197,0.060721394484580866,0.27067209631204603,1.0,0.6,0.5457974284887314
4,206,MEND158,2319,TAATACTAGAACAGAC-1,8126,12199,0.2673804938793182,0.0595759575905663,0.35898225419223306,1.0,0.7,0.5531114012002945
4,207,MEND158,864,CAGGATATATCGTTGT-1,6645,8404,0.26726888567209245,0.06153560165216393,0.2934477172791958,1.0,0.8,0.5632608532905579
4,208,MEND158,2524,TCACAGCAAACTCGAA-1,5686,9466,0.26724629700183866,0.0647812387420215,0.2738018225878477,1.0,0.5,0.5435053378343582
4,209,MEND158,2435,TAGGTTCGAGTTCGTC-1,7255,7037,0.2671758785843849,0.06906271502352987,0.291141789406538,0.8,0.6,0.455657422542572
4,210,MEND158,1130,CCTTCAGTTAAAGTGA-1,5512,10985,0.2671301618218422,0.060070128748367056,0.30401546582579614,1.0,0.5,0.5439297318458557
4,211,MEND158,1380,CTCAAACCACTGCCCG-1,4902,11440,0.2670614391565323,0.060338756793975594,0.3701631180942059,1.0,0.6,0.5535674631595612
4,212,MEND158,1952,GGCAAAGGCGCCAATA-1,4379,9922,0.26703410893678664,0.05883335844684705,0.4511730670928955,1.0,0.7,0.5514260292053222
4,213,MEND158,940,CCAAGAAAGTGGGCGA-1,5948,9618,0.2667969211935997,0.058977123391340515,0.18790174499154091,1.0,0.8,0.561296534538269
4,214,MEND158,2797,TGCGCAAAGCATTTGG-1,7255,6430,0.26674493551254275,0.05841035720345919,0.3887586735188961,1.0,0.6,0.5505644053220748
4,215,MEND158,1109,CCTCTATCGATTAGCA-1,3682,9618,0.2666920691728592,0.06169345064130123,0.3124831311404705,0.9,0.9,0.5082297801971436
4,216,MEND158,2868,TGTATGGCGCAGACAG-1,9521,8252,0.2665663599967957,0.06589945812441886,0.3651716150343418,0.9,0.7,0.502162292599678
4,217,MEND158,1887,GCTCTTTCCGCTAGTG-1,6122,11440,0.2664855971932411,0.057746865909913674,0.3042173430323601,1.0,0.7,0.5538390457630158
4,218,MEND158,1294,CGTCGCATGTGAGCCA-1,8126,11592,0.2662720948457718,0.05718662738625352,0.21596909128129482,1.0,0.6,0.5508817344903946
4,219,MEND158,1661,GAGTGTCAACCAGAAA-1,8649,11288,0.26622822135686874,0.062217005897685564,0.22823806330561638,1.0,0.6,0.551979598402977
4,220,MEND158,1166,CGAGCGTTGATCAGCC-1,5425,3545,0.2661580517888069,0.06357857450600259,0.4888422530144453,1.0,0.8,0.5629527151584626
4,221,MEND158,2195,GTGAGTGGTACAACGC-1,6296,9618,0.2661520466208458,0.06223318527263807,0.2315401129424572,1.0,0.8,0.5634141951799393
4,222,MEND158,2554,TCATCGATGGTCCCAA-1,3943,10377,0.2661319747567177,0.057072614321406756,0.32316295728087424,1.0,0.7,0.5537830829620362
4,223,MEND158,36,AAATCTAGCCCTGCTA-1,10218,9770,0.2661280706524849,0.06491273879590642,0.2647026039659977,1.0,0.8,0.5593679249286652
4,224,MEND158,2645,TCGGCGTACTGCACAA-1,2549,9163,0.2660777270793915,0.05954028605904562,0.2408027295023203,1.0,0.5,0.5471308141946792
4,225,MEND158,380,AGAAGTGATTCGTGAT-1,3856,9011,0.2660687997937202,0.06089022313235827,0.28851843625307083,1.0,0.6,0.5544909536838531
4,226,MEND158,2992,TTCGTGCATGTTATAG-1,6732,13414,0.26587713658809664,0.060200277230034974,0.25905258357524874,1.0,0.8,0.5558307826519012
4,227,MEND158,933,CATTTGAGTGGTACGT-1,5599,9315,0.26580205410718916,0.06253600189226421,0.39382816962897776,1.0,0.6,0.5475899845361709
4,228,MEND158,404,AGATACCGGTGTTCAC-1,4727,7796,0.26579577922821046,0.06229635750677917,0.32252861000597477,1.0,0.8,0.5534106969833374
4,229,MEND158,2798,TGCGCCGTTAATAACG-1,12136,7948,0.2657433271408081,0.062299671638383,0.2621511682868004,1.0,0.9,0.5627797544002533
4,230,MEND158,1298,CGTCGTCCTTCGCGAA-1,8039,10226,0.2657012060284615,0.05922831575585728,0.32292979657649995,0.9,0.6,0.49575118720531464
4,231,MEND158,2112,GTAGACACGCCTGACT-1,7255,11288,0.26564145684242246,0.05933770048764665,0.4436733903363347,1.0,0.6,0.5494104444980621
4,232,MEND158,2238,GTTAACATCACTTAAA-1,7778,10074,0.2656037762761116,0.06080078407010331,0.2545562103390694,1.0,0.5,0.5568339020013809
4,233,MEND158,2832,TGGCCAATTTGGTACT-1,2374,9163,0.2655075088143349,0.05764523812884539,0.4159643793478608,1.0,0.6,0.5507241606712341
4,234,MEND158,1628,GAGATGGGAGTCGACA-1,7691,9618,0.2654830738902092,0.06675097652430571,0.30845272317528727,0.9,0.6,0.5053946197032928
4,235,MEND158,1743,GCACGCCTACTTAGAT-1,4815,10074,0.2654423102736473,0.06614853477040679,0.3399532068520784,0.9,0.6,0.5057746857404709
4,236,MEND158,1116,CCTGAGAATAAATGCA-1,4292,12503,0.26541949808597565,0.06034528772399019,0.4263737190514803,0.8,0.7,0.4478993326425552
4,237,MEND158,840,CACTTCGTCTTATCTC-1,2636,3849,0.2653234228491783,0.06295874979074624,0.348630391061306,1.0,0.6,0.5583511173725129
4,238,MEND158,1543,GAACGTTAGGAAGACG-1,2723,6734,0.2653205439448357,0.06370556549145404,0.31421300657093526,1.0,0.6,0.5495209634304047
4,239,MEND158,1256,CGGCCACGCACAAAGT-1,6558,7037,0.2652966037392616,0.062376140332996814,0.3032471353188157,1.0,0.9,0.5590516299009323
4,240,MEND158,1927,GGACCTCTAGGCCGCC-1,4030,10529,0.2652561292052269,0.05916910509429247,0.19460594430565833,1.0,0.9,0.5618126362562179
4,241,MEND158,228,ACATCGGTCAGCCGCG-1,4640,7948,0.2651784881949425,0.0630227511313771,0.3826685093343258,1.0,0.7,0.5559720665216445
4,242,MEND158,2228,GTGGTGGCCAAGTGAA-1,8301,8555,0.2651420161128044,0.062466955916742437,0.2641151912510395,1.0,0.5,0.5595105171203614
4,243,MEND158,735,ATTGATCACCACATTT-1,2113,9618,0.26507797092199326,0.06425018908797137,0.4633063467219472,0.7,0.7,0.40215328335762024
4,244,MEND158,38,AAATGGCCCGTGCCCT-1,2897,9163,0.2650687724351883,0.05902005466572336,0.31404554545879365,1.0,0.5,0.5526304036378861
4,245,MEND158,885,CATACACAAAGTCAGC-1,1416,10226,0.26504833698272706,0.05971977632212214,0.3092429779469967,1.0,0.7,0.551005020737648
4,246,MEND158,769,CAAGGATCGCATGTTC-1,7342,7796,0.2649920150637627,0.06131066419524639,0.2542535811662674,1.0,0.7,0.5577329248189926
4,247,MEND158,327,ACTCAAGTGCAAGGCT-1,8911,10833,0.26498382836580275,0.06254533813685278,0.30407939702272413,1.0,0.5,0.538419508934021
4,248,MEND158,226,ACATCCTGGTAACTGT-1,10305,8100,0.2649741992354393,0.05811328247280511,0.39242373406887054,1.0,0.5,0.5395379871129989
4,249,MEND158,2211,GTGCTCAAGTACTGTC-1,5948,6885,0.26496088206768037,0.0634629946027894,0.38286868408322333,1.0,0.6,0.5471972733736038
4,250,MEND158,2147,GTCCATTACTGCTACG-1,10654,8100,0.2649445071816444,0.06340640443526847,0.2624037805944681,1.0,0.5,0.552909129858017
4,251,MEND158,2393,TACTTGTTAGTAGTCC-1,8998,7341,0.2648847445845604,0.06418780401596338,0.4649458147585392,1.0,0.6,0.5520664006471634
4,252,MEND158,766,CAAGATATTATAACGT-1,9172,8555,0.2648434221744537,0.062513206839896,0.300787241011858,1.0,0.6,0.556470537185669
4,253,MEND158,828,CACTAAAGTTGCCTAT-1,5860,7037,0.26481800973415376,0.06256965302526342,0.34064234271645544,1.0,0.8,0.5564424097537994
4,254,MEND158,479,AGGCGGTTTGTCCCGC-1,2897,10681,0.264771831035614,0.06749005016879711,0.34981933459639547,1.0,0.5,0.5416751086711884
4,255,MEND158,105,AAGCACCCTGCGTATC-1,7778,10681,0.2647650197148323,0.06543975954229805,0.3730547370389104,1.0,0.6,0.543357327580452
4,256,MEND158,286,ACGATGCATATGTTAT-1,5163,7341,0.26475809812545775,0.06511041392315867,0.20961599051952362,0.9,0.9,0.5113706648349762
5,1,MEND158,2507,TCAAAGAGCTATCTGT-1,1851,9163,0.255115906894207,0.014378950270514895,0.29058789713308214,1.0,0.7,0.5264343678951263
5,2,MEND158,2180,GTCTGCCGACTCGACG-1,8998,12807,0.2527664840221405,0.019250452922173266,0.3190898019820452,1.0,0.9,0.5228742808103561
5,3,MEND158,125,AAGGTATCCTAATATA-1,8475,5519,0.2525062546133995,0.02052448564978964,0.38877494893968106,1.0,0.8,0.534097209572792
5,4,MEND158,823,CACGCAGCGAGGCTTT-1,5163,6430,0.2522973448038101,0.018423053970613314,0.3541644632816315,1.0,0.8,0.5272747963666916
5,5,MEND158,1124,CCTGTACTCACGCCCA-1,3507,7796,0.2521063327789307,0.020130302763251062,0.3064175467938185,1.0,1.0,0.5276846885681152
5,6,MEND158,1454,CTGGGCCTGCTATATC-1,4030,8404,0.2505903199315071,0.021095877200043654,0.4258482911624014,1.0,0.8,0.5214573800563812
5,7,MEND158,1921,GGAAGGACACCGTATA-1,8649,12807,0.2505352273583412,0.02059572576336237,0.34319502860307693,1.0,0.7,0.5108794957399369
5,8,MEND158,398,AGAGCAGTTATGAGAC-1,3072,6126,0.25011040568351744,0.024147827906222,0.22010088786482812,1.0,1.0,0.5330718338489533
5,9,MEND158,848,CAGAGCATGAGCTTGC-1,7516,5671,0.250023727118969,0.01603460501857324,0.43372934088110926,1.0,0.6,0.5181928366422653
5,10,MEND158,48,AACACACGCTCGCCGC-1,9521,9466,0.24964860528707505,0.01446547987195133,0.2841072384268045,1.0,0.7,0.5162763655185699
5,11,MEND158,1462,CTGGTTTCGAGCAAGA-1,9085,8707,0.24958471804857255,0.016345474528577958,0.2515371447429061,1.0,0.6,0.524665480852127
5,12,MEND158,2410,TAGATTCCTGGTTATT-1,3159,6582,0.24957556873559952,0.01922635835192417,0.36634924784302714,1.0,1.0,0.5175259709358215
5,13,MEND158,282,ACGAGGTTTACAACGT-1,2549,10377,0.2491980627179146,0.015497192805562042,0.3080389857292175,1.0,0.7,0.5185256004333496
5,14,MEND158,2290,TAAAGCGTTAGGAGAA-1,9085,5975,0.24906761348247528,0.015140543157121898,0.4091524069197476,1.0,0.7,0.5168176114559173
5,15,MEND158,707,ATGTTCGTCGACCCAC-1,2636,6885,0.2490334242582321,0.020339600184613924,0.28183603659272194,1.0,0.9,0.5312051743268966
5,16,MEND158,2011,GGGCAGACGTCACTGC-1,1764,9011,0.2489391952753067,0.018030742304292958,0.19139633569866418,1.0,0.9,0.5286880195140838
5,17,MEND158,988,CCATTCCCTGCCCACA-1,4815,6734,0.24869759529829025,0.01834860504165226,0.3146600164938718,1.0,0.9,0.5283803910017013
5,18,MEND158,1362,CTAGTGAAGGACAGGA-1,4727,6885,0.2481147900223732,0.019449357407703823,0.36072093518450854,1.0,0.7,0.5140249729156494
5,19,MEND158,2380,TACTACGTGCAATGCG-1,8824,12503,0.24739052951335908,0.0197659964471625,0.2847265262156725,1.0,0.7,0.5120826452970505
5,20,MEND158,115,AAGGAGCGGTTGGTGC-1,5599,5975,0.24674176573753356,0.019080779468312804,0.4102342613041401,1.0,0.9,0.5184731364250184
5,21,MEND158,2391,TACTGGACAGCTCGGC-1,3594,7037,0.24673182517290115,0.01660495353345078,0.2578931525349617,1.0,0.7,0.5145596951246262
5,22,MEND158,3091,TTGTTTGTATTACACG-1,4989,12807,0.24655939936637877,0.02158345191206016,0.2744317663833499,1.0,0.9,0.5291217237710952
5,23,MEND158,875,CAGTGAATAAATGACT-1,8649,5519,0.24647700637578965,0.014359140921576688,0.29575052885338665,1.0,0.8,0.5186198621988296
5,24,MEND158,2052,GGTAGTGCTCGCACCA-1,7691,6885,0.24615404903888702,0.019424728518737527,0.365143736731261,1.0,0.8,0.5219908595085144
5,25,MEND158,1201,CGCCATCCGATTATGA-1,8388,5367,0.2460605263710022,0.018879731980016065,0.32421472342684865,1.0,0.8,0.5257805675268173
5,26,MEND158,414,AGCAACATATCTTATT-1,9521,7948,0.24604016691446304,0.016520404979668064,0.328716904297471,1.0,0.6,0.5066790491342544
5,27,MEND158,2424,TAGGCATGTTACGCCA-1,8824,5215,0.24600757509469987,0.01731721737676261,0.3088999927043915,1.0,0.6,0.5073040723800659
5,28,MEND158,1577,GACAGAGGTCTTCAGT-1,7255,13414,0.2457041099667549,0.02199003246295681,0.23503134213387966,1.0,1.0,0.5219095051288605
5,29,MEND158,2649,TCGGGCCGTCGTGGTA-1,9085,7796,0.24549074620008468,0.015045013708188946,0.3078651195857674,1.0,0.7,0.5189330071210861
5,30,MEND158,260,ACCGACTGAGTCCCAC-1,7168,5975,0.24528807401657104,0.021384119105381457,0.3599439635872841,1.0,0.9,0.5235884755849838
5,31,MEND158,1689,GATCGGCGATAAGTCG-1,2636,4760,0.24528568387031555,0.016611530868640378,0.2733977325260639,1.0,0.8,0.5189915418624877
5,32,MEND158,321,ACTACGCGTTAGAATT-1,6296,10833,0.2451864406466484,0.020892594321834674,0.28660809695720674,1.0,0.6,0.5065158814191818
5,33,MEND158,2676,TCTATCCGATTGCACA-1,8824,12807,0.24517920911312102,0.022620767094134377,0.31608106233179567,0.9,0.8,0.4621642857789993
5,34,MEND158,2390,TACTGCATGATTAAAT-1,5860,13414,0.245003142952919,0.017934930876527137,0.30918751885183154,1.0,0.9,0.5217948943376541
5,35,MEND158,72,AACGATATGTCAACTG-1,8039,5367,0.24480469077825545,0.016449892798693536,0.3036761719733477,1.0,0.5,0.5121229708194732
5,36,MEND158,2599,TCCTAAAGATTCAGAC-1,8737,12047,0.24472798854112626,0.022749836824368964,0.3327983759343624,1.0,0.6,0.5011253446340561
5,37,MEND158,1767,GCCAAGAATACTTCTG-1,2287,8707,0.2444891154766083,0.016226078501505613,0.24790202248841525,1.0,0.6,0.5141786128282547
5,38,MEND158,2025,GGGCGTCACCACGTAA-1,5773,9011,0.2444063112139702,0.02301831299645943,0.32450054632499814,1.0,0.8,0.521100041270256
5,39,MEND158,3008,TTCTTGGAGTAATGAG-1,8301,4912,0.24427981674671173,0.021928298991564975,0.3304688918404281,1.0,0.8,0.5160390913486481
5,40,MEND158,183,ACAAACCATGCGTCCT-1,2810,11440,0.24426997900009156,0.016554545169744198,0.3969849695451558,1.0,0.8,0.5177115440368653
5,41,MEND158,1354,CTAGCCCGGGAGACGA-1,4640,13414,0.24412555992603302,0.017150970128544867,0.3348736778832972,1.0,0.8,0.5209209769964218
5,42,MEND158,2352,TACCGTAGGTTAACTA-1,6383,10681,0.24411701560020446,0.016258674954773508,0.2769638508558273,1.0,0.7,0.5102790027856827
5,43,MEND158,1957,GGCACTCAGCCGACCC-1,12136,10074,0.24388301074504853,0.017876439424803672,0.30382114788517356,1.0,0.6,0.5175444394350052
5,44,MEND158,3021,TTGACCATGTTCTCCG-1,8214,5367,0.24371673166751862,0.01823115020039183,0.11023538811132312,1.0,0.8,0.5189910233020782
5,45,MEND158,2922,TTACTAAAGGACTTTA-1,8214,9011,0.24364913254976273,0.0192793617080095,0.29250638037919996,1.0,0.7,0.5208390355110168
5,46,MEND158,1242,CGGACCTCTGTAGTTA-1,5948,13262,0.2430992305278778,0.014796078601545257,0.2956849020905793,1.0,0.5,0.5039437264204025
5,47,MEND158,94,AAGAAGGATCAGTTAG-1,3594,3697,0.24277509301900863,0.014566810746825403,0.33661877252161504,1.0,0.8,0.5164456158876419
5,48,MEND158,374,AGAACCCTCAATTGGG-1,2200,10985,0.24262921661138534,0.01638679811838784,0.2721079775132239,1.0,0.8,0.51837637424469
5,49,MEND158,2973,TTCCGGTATCTGTGTC-1,11438,7948,0.24239751398563386,0.018492054703560995,0.28143169088289144,1.0,0.9,0.5170659750699997
5,50,MEND158,1915,GGAACCCGAACAAGAA-1,2200,5215,0.24215307980775833,0.013368875949649481,0.32115479074418546,1.0,0.8,0.5199002087116241
5,51,MEND158,2642,TCGGAGAGTATCGGGA-1,3420,8555,0.24199225455522538,0.019833876761272073,0.24147520698606967,1.0,0.8,0.5208965420722962
5,52,MEND158,2887,TGTGTCGAAGTCGAGG-1,1416,8100,0.24183459728956222,0.018103352822867663,0.24183753011748194,1.0,0.7,0.512958100438118
5,53,MEND158,1263,CGGGAGCTTCAGTGTA-1,9347,9163,0.24168676733970643,0.017670006781888917,0.1740466899238527,1.0,0.6,0.5211081653833389
5,54,MEND158,283,ACGATACATAGAACTA-1,8388,5064,0.24163820892572402,0.014552714543480666,0.4645373344421387,1.0,0.6,0.5093297779560089
5,55,MEND158,1679,GATCCCTTTATACTGC-1,6645,5975,0.24152470380067825,0.015728999308854838,0.3298281777650118,1.0,0.6,0.5140228271484375
5,56,MEND158,1651,GAGGTCCGTTCGCTGT-1,4379,13262,0.24150848239660264,0.01954243141438101,0.27238739039748905,1.0,0.8,0.5191320985555649
5,57,MEND158,2930,TTAGAGGGATATACAG-1,1416,9315,0.24134738743305206,0.016110091832292128,0.1209063608199358,1.0,0.9,0.5147931098937988
5,58,MEND158,1327,CTAAAGGATGAGATAC-1,7081,13414,0.24132949113845825,0.019868426821745774,0.2747123796492815,1.0,0.6,0.5071540027856827
5,59,MEND158,2979,TTCGAACGAAACATGC-1,5076,12958,0.24122891277074815,0.024508961172292437,0.2266861882992089,1.0,0.5,0.5131293475627899
5,60,MEND158,2086,GGTTGTGCTCTTGTCC-1,2287,5367,0.2411908760666847,0.018140205870823784,0.3333852006588131,1.0,0.6,0.5061221718788147
5,61,MEND158,2513,TCAACATCGACCGAGA-1,2810,8404,0.24118256866931914,0.019819373331946943,0.00016475897282361985,1.0,0.9,0.5234331607818603
5,62,MEND158,2946,TTATCGCCTGCGAAGC-1,2897,5823,0.2411085084080696,0.02104343624166687,0.215889385715127,1.0,0.7,0.5158474832773209
5,63,MEND158,2770,TGCAGATCGTCCTAGG-1,2984,8100,0.24108402878046037,0.01874970780567214,0.15523293055593967,1.0,0.7,0.5131944924592972
5,64,MEND158,2705,TCTTACTTATGCCTCT-1,9521,8555,0.2409500300884247,0.019604936869272248,0.4138628519140184,1.0,0.7,0.5142111241817474
5,65,MEND158,1504,CTTGGCCAAGCTGGGA-1,6383,10985,0.2409439355134964,0.01578131414459228,0.22226785942912103,1.0,0.5,0.5066144227981567
5,66,MEND158,1161,CGAGAGCGCGTAGATA-1,2026,8555,0.24089688807725906,0.015051931645409121,0.19719799403101207,1.0,0.7,0.5122010946273804
5,67,MEND158,2479,TATCTGAGCCGATATT-1,2113,11440,0.24085434675216674,0.01641039902508982,0.3222753851674497,1.0,0.7,0.5130109369754792
5,68,MEND158,95,AAGACCAAATAACTCA-1,1939,11136,0.24080924987792968,0.017751591455886975,0.2730882529169321,1.0,0.6,0.5083815366029739
5,69,MEND158,1179,CGATCCACCATTGTTG-1,6122,12655,0.24080308824777602,0.01413900401972982,0.25562230199575425,1.0,0.7,0.5140032410621643
5,70,MEND158,1364,CTAGTTGGGCCCGGTA-1,7342,5671,0.24075352847576142,0.019850350844056914,0.23333302680402995,1.0,0.9,0.5117134362459183
5,71,MEND158,1480,CTTAGATGTTTCATCC-1,7691,12958,0.2407007783651352,0.012023136059122579,0.2138072706758976,1.0,0.5,0.4987795323133469
5,72,MEND158,2215,GTGGACGCATTTGTCC-1,6993,10226,0.24067918956279755,0.013902587908537415,0.31183296712115405,1.0,0.5,0.5014444142580032
5,73,MEND158,1688,GATCGGATAGAACCAT-1,2549,7948,0.24057576656341553,0.01708046758937498,0.26571347266435624,1.0,0.6,0.5067885994911194
5,74,MEND158,833,CACTCGGTTAGGAGGA-1,2549,7037,0.24049939066171647,0.02676586377824585,0.1588716421276331,0.9,0.9,0.47751803398132325
5,75,MEND158,4,AAACAGTGTTCCTGGG-1,5163,12807,0.24047899693250657,0.02085526728102665,0.31697958689183,1.0,0.9,0.5215279191732407
5,76,MEND158,1078,CCGTTCCGAATCTCGG-1,3333,7796,0.24045944809913636,0.01984775404068657,0.21481740586459636,1.0,0.9,0.5167278468608856
5,77,MEND158,2440,TAGTAGTTGCCGGACA-1,7778,13414,0.24020255357027054,0.016040042483676804,0.127144617959857,1.0,1.0,0.5126654863357544
5,78,MEND158,2030,GGGCTCATCGAACCCA-1,9172,5519,0.24013435542583467,0.015695750515279962,0.34397768676280976,1.0,0.6,0.5213172823190689
5,79,MEND158,2309,TAAGGCAACATAAGAT-1,7604,5519,0.24008339494466782,0.0167553460374392,0.25887610875070094,1.0,0.6,0.5124000579118728
5,80,MEND158,2926,TTACTGGGATATTTCA-1,6122,8404,0.23993760198354722,0.014866537248371415,0.24701372953131795,1.0,0.6,0.5080887854099274
5,81,MEND158,510,AGTACGGGCACCTGGC-1,8301,5519,0.23991145342588424,0.018846179245382743,0.11116977129131556,1.0,0.9,0.5218445122241974
5,82,MEND158,1636,GAGCGGAATGCGGTGT-1,5599,12047,0.23989867120981218,0.017012241271712646,0.34564901823177935,1.0,0.6,0.5072878122329711
5,83,MEND158,1617,GACTTTCGAGCGGTTC-1,7604,13414,0.2398694634437561,0.016048934335298567,0.11806643977761269,1.0,0.7,0.510866391658783
5,84,MEND158,713,ATTAATGAACCAGTCG-1,8301,5215,0.2398149251937866,0.014159844083572985,0.340051406621933,1.0,0.6,0.5077451795339585
5,85,MEND158,423,AGCAGTCGAAGCATGC-1,8737,12958,0.23969115912914277,0.01443674707295692,0.2690406515263021,1.0,0.5,0.49690224826335905
5,86,MEND158,2349,TACCGCGGACTTGCAG-1,9870,6734,0.2396368205547333,0.018292099633929634,0.3020571280270815,1.0,0.6,0.512534287571907
5,87,MEND158,2866,TGTAGTGATCTATAAT-1,4292,7037,0.2395542487502098,0.018540275455884103,0.3477450978010893,1.0,0.6,0.5018844962120056
5,88,MEND158,2403,TAGAGATCATGCAACT-1,3682,8404,0.23953688591718675,0.010727289678276042,0.3211215194314718,1.0,0.5,0.49730818569660185
5,89,MEND158,2068,GGTGCATAAATGATTA-1,5512,11896,0.23950174152851106,0.011292747168718828,0.36098907655104995,1.0,0.5,0.49615385234355924
5,90,MEND158,2900,TGTTTCTGAAGCGTGC-1,2026,11288,0.23931119441986085,0.01780055614641855,0.2610419876873493,1.0,0.6,0.5058242946863174
5,91,MEND158,2188,GTGACCGCACACTACG-1,9347,7645,0.2392570421099663,0.017622571931475012,0.35040921634063127,1.0,0.7,0.5143713742494583
5,92,MEND158,790,CACACAGCTTGCGCTC-1,11438,8859,0.23914121240377426,0.018594148435932344,0.2604230912402272,1.0,0.9,0.5156119674444198
5,93,MEND158,1582,GACATCCGTCGAACTG-1,7604,11592,0.2391398385167122,0.016395330181738815,0.21883602337911726,1.0,0.7,0.5036217093467712
5,94,MEND158,2977,TTCCTCTGCCCGAATA-1,2723,7037,0.23910067677497865,0.022846956592767878,0.21587226241827012,1.0,0.5,0.5012713849544526
5,95,MEND158,117,AAGGATGAGGGACCTC-1,8998,5823,0.2390288904309273,0.021208440281387707,0.24434216544032097,1.0,0.7,0.5156877219676972
5,96,MEND158,1861,GCTACTATAGTAGAGT-1,9608,9315,0.23897930681705476,0.018127284273388892,0.2988452801015228,1.0,0.7,0.5092306703329086
5,97,MEND158,2898,TGTTGTCAAGAAGTCT-1,8562,5367,0.23896787464618682,0.020099236114789264,0.34820036627352235,1.0,0.7,0.5070201247930527
5,98,MEND158,2051,GGTAGGCCAATATCAC-1,6122,12958,0.23887005150318147,0.01994522070135194,0.21893274784088135,1.0,0.7,0.5034439444541932
5,99,MEND158,2970,TTCCCGGCGCCAATAG-1,2461,8707,0.23879780769348144,0.01821882193315949,0.17910174168646337,1.0,0.7,0.5129210203886032
5,100,MEND158,238,ACCACACGGTTGATGG-1,8301,13110,0.23873999565839768,0.01181175530786367,0.28903561271727085,1.0,0.4,0.49663310647010805
5,101,MEND158,481,AGGCTTAAGTTGCACA-1,7429,13414,0.23869623988866806,0.016369917031189733,0.2280611950904131,1.0,0.8,0.5144656360149383
5,102,MEND158,2314,TAAGGGCTGGGAGAGG-1,2984,6885,0.23868821263313295,0.02501338952305239,0.2242494396865368,1.0,0.8,0.5142635732889176
5,103,MEND158,938,CCAACGATGCACTGAT-1,4640,6430,0.23865471184253692,0.017720596025986298,0.30968643352389336,1.0,0.7,0.5026185899972916
5,104,MEND158,1779,GCCCGCGCGTAAACGG-1,4989,9163,0.23862624913454056,0.016467006210781038,0.25076379142701627,1.0,0.7,0.5144956320524215
5,105,MEND158,506,AGGTTGAGGCACGCTT-1,7865,5064,0.23861574083566667,0.013994042941453386,0.32792994724586605,1.0,0.6,0.5031207799911499
5,106,MEND158,1397,CTCGAGGTCGAACAGT-1,6558,6126,0.23851804435253143,0.019492520882954924,0.2430611180141568,1.0,0.7,0.5067957729101181
5,107,MEND158,2176,GTCTCAAGGCCCGGCT-1,7168,10833,0.23850698173046112,0.016486600073460162,0.2102918978780508,1.0,0.5,0.49157320857048037
5,108,MEND158,273,ACCTACAGTATGTGGT-1,11264,7948,0.23850538730621337,0.01487404620837541,0.3669905737042427,1.0,0.6,0.5036917179822922
5,109,MEND158,1343,CTACGACTAGCTATAA-1,3507,7493,0.238404743373394,0.014818452530613643,0.2698270957916975,1.0,0.7,0.5089202553033829
5,110,MEND158,1412,CTCTATTTGGCTGCAG-1,7342,9011,0.23835125863552092,0.01474070506339263,0.14931047186255456,1.0,0.6,0.5000411599874497
5,111,MEND158,1894,GCTGCGCCTCCCACGT-1,1503,4912,0.23832866847515105,0.019529633605133614,0.11784556433558464,1.0,0.9,0.5166377633810043
5,112,MEND158,873,CAGTCGGCCTAGATAT-1,1677,8555,0.23830633163452147,0.018262380123262464,0.21544428411871194,1.0,0.9,0.5171481370925903
5,113,MEND158,771,CAAGGTCCTATAGGCT-1,11003,6885,0.23827906101942062,0.019234561438049424,0.25852641798555853,1.0,0.7,0.5146255642175674
5,114,MEND158,1148,CGAATGACGCATAATG-1,6383,11288,0.23827853351831435,0.012318868468637667,0.214464907720685,1.0,0.6,0.4972901463508606
5,115,MEND158,1828,GCGCTAATTGAATAGA-1,7516,6885,0.2382594108581543,0.021214224562931327,0.10333449095487594,1.0,0.9,0.5177065104246139
5,116,MEND158,1044,CCGCACACGAACGTGT-1,12136,8555,0.2381735250353813,0.01647827222161847,0.26078597754240035,1.0,0.5,0.4940973162651062
5,117,MEND158,2728,TGACAGGACAAGTCCA-1,2200,10074,0.2381315767765045,0.017341506871408896,0.3035151995718479,1.0,0.7,0.5047418951988221
5,118,MEND158,1537,GAACAGATTACTAAAT-1,7604,10377,0.23804000169038772,0.015759427980086196,0.29908207901753486,1.0,0.7,0.5075928688049316
5,119,MEND158,470,AGGCAGATGCGTAAAC-1,8911,5671,0.23800017237663268,0.02005876899349351,0.11582206189632416,1.0,0.7,0.511825543642044
5,120,MEND158,1060,CCGGAGCGTACTTTCT-1,6296,10529,0.23793108463287355,0.01789726424271548,0.3016815926413983,1.0,0.5,0.5112192034721375
5,121,MEND158,555,AGTTCCTACAGAATTA-1,5773,6278,0.23788440376520156,0.01675496188229807,0.14974393770098687,1.0,0.7,0.507403826713562
5,122,MEND158,207,ACACCGGTCTGACCGC-1,2897,11592,0.2378685250878334,0.01986163626662095,0.26661011278629304,1.0,0.8,0.5100807309150696
5,123,MEND158,1647,GAGGGCGCAGCTCTGC-1,9172,5823,0.23786850571632384,0.017849361145054372,0.09278991166502237,1.0,0.7,0.5119604587554931
5,124,MEND158,805,CACCACGCCACACAGA-1,2113,7796,0.23783678114414214,0.02045728366401529,0.16882811719551682,1.0,0.7,0.5089232742786407
5,125,MEND158,689,ATGGATTGACCAAACG-1,6732,5823,0.23781711608171463,0.016164881404787487,0.34254442201927304,1.0,0.6,0.5098273545503617
5,126,MEND158,764,CAACTGCTCATCCGAT-1,6209,10681,0.23767364025115967,0.01749301832885225,0.2159100852906704,1.0,0.5,0.49574753642082214
5,127,MEND158,2142,GTCATGGACATGACTA-1,6819,5671,0.2376575618982315,0.01458733769525897,0.30500576361082493,1.0,0.5,0.5052634865045548
5,128,MEND158,2516,TCAACGCGACCGGCAG-1,3420,7645,0.2376161992549896,0.020164594828245567,0.25380413364619014,1.0,0.7,0.5132548362016678
5,129,MEND158,2362,TACGACTGCCTCTTAG-1,7168,8404,0.2375716522336006,0.017662929339199742,0.23871429711580278,1.0,0.7,0.5078290641307831
5,130,MEND158,2002,GGGAGCGACCGTAGTG-1,8911,12047,0.2374587818980217,0.01078194875077076,0.21713614123873412,1.0,0.5,0.49620957374572755
5,131,MEND158,1013,CCCGTGAGGGCGGTGA-1,1764,8404,0.2374223455786705,0.019700090790628004,0.21401870478875934,1.0,0.8,0.5106150835752488
5,132,MEND158,2191,GTGAGATAACCTTATA-1,4989,12199,0.23741223216056823,0.019334412040521085,0.21497288793325425,1.0,0.8,0.5129153460264206
5,133,MEND158,878,CAGTTCAAATTGACAC-1,5860,6126,0.23739467263221742,0.016812193103511994,0.2990709011442959,1.0,0.5,0.4987770617008209
5,134,MEND158,2727,TGACAACTTAAAGGTG-1,4466,13414,0.2373671755194664,0.015421633786065751,0.23952499777078629,1.0,0.5,0.5030318766832351
5,135,MEND158,1580,GACAGGCACACACTAT-1,3333,7493,0.23733463734388352,0.01583487828321878,0.3261177503503859,1.0,0.5,0.5028591126203537
5,136,MEND158,440,AGCCTTAAAGCGGAAG-1,2723,4912,0.23732955008745193,0.018101848132498773,0.20870567271485924,1.0,0.6,0.5033409327268601
5,137,MEND158,1238,CGCTTTCTTGCATTCG-1,8824,6430,0.23721071630716323,0.01446969972908585,0.20382955782115458,1.0,0.5,0.5007331252098084
5,138,MEND158,2772,TGCAGGATCGGCAAAG-1,7865,5367,0.23708989322185517,0.018615984830478133,0.16612290851771833,1.0,0.8,0.520736014842987
5,139,MEND158,758,CAAATGTCCTTCCGTG-1,6035,8555,0.23708170801401138,0.012772769043286409,0.2362933661788702,1.0,0.5,0.4956887036561966
5,140,MEND158,2743,TGAGGCATGTACTGTG-1,2113,10226,0.23707083165645598,0.015521437102053039,0.3361162035726011,1.0,0.5,0.5026222139596939
5,141,MEND158,1110,CCTCTCTCCCATCTAG-1,4553,6885,0.23701915442943572,0.017956151761432462,0.2737231685779989,1.0,0.6,0.5083900779485703
5,142,MEND158,1145,CGAAGTTGCTCTGTGT-1,4466,6734,0.2368606761097908,0.021881905547471624,0.2629759260453284,1.0,0.8,0.5176533997058869
5,143,MEND158,1185,CGATTAAATATCTCCT-1,6819,10226,0.23681501001119615,0.020484344767519164,0.2641997529193759,1.0,0.8,0.5151885539293289
5,144,MEND158,2501,TATTCCTCCGCCCACT-1,4205,9011,0.2367917537689209,0.016166265514820848,0.2739476160146296,1.0,0.5,0.5115284770727158
5,145,MEND158,1164,CGAGATTTCGCTCGGG-1,11525,8100,0.23676901310682297,0.01818978859395833,0.3044719845056534,1.0,0.5,0.5029123425483704
5,146,MEND158,1138,CGAAACGCAATTCATG-1,4292,7948,0.2366957426071167,0.014900741743232715,0.269229044765234,1.0,0.6,0.5071154624223709
5,147,MEND158,408,AGATGATGGAGTCTGG-1,10654,6885,0.23669054359197617,0.019633232484300194,0.24904991379007696,1.0,0.8,0.5095955967903137
5,148,MEND158,318,ACTACATCCCGACAAG-1,2897,11288,0.2366849347949028,0.011891165016621855,0.28201797911897303,1.0,0.5,0.4891946643590927
5,149,MEND158,1446,CTGGATTTACACTTGA-1,6209,9163,0.23665352761745453,0.017429177615284914,0.24962912471964954,1.0,0.5,0.5029666721820831
5,150,MEND158,1122,CCTGGTCGAATGTGGG-1,7429,10681,0.23659490495920182,0.016887392990094795,0.10805159779265523,1.0,0.5,0.5039619684219361
5,151,MEND158,2427,TAGGCTAAAGTGGCAC-1,10044,11592,0.23651366233825682,0.015214143871879143,0.15812255442142487,1.0,0.6,0.505317997932434
5,152,MEND158,1244,CGGACGTTACTTGAAG-1,1939,8100,0.2364598497748375,0.014287576396774367,0.21018382706679403,1.0,0.6,0.5019576340913773
5,153,MEND158,591,ATAGACGAAGAGAAAG-1,5338,6734,0.23632135689258577,0.014284559714671036,0.2059818346053362,1.0,0.6,0.5015362173318862
5,154,MEND158,2108,GTACTAAGATTTGGAG-1,6209,5823,0.2362978383898735,0.016256347033051628,0.3579087262041867,1.0,0.6,0.5028551518917084
5,155,MEND158,341,ACTCTTGTATAGTAAC-1,7516,7189,0.23629591166973113,0.014329032805836845,0.16597343822941185,1.0,0.6,0.5057024329900741
5,156,MEND158,949,CCACATACTGCACCCA-1,11700,9618,0.2362821578979492,0.01782428399419678,0.362427344173193,1.0,0.5,0.5064091384410858
5,157,MEND158,2870,TGTCCGCAAACAATTC-1,5860,12807,0.2362799897789955,0.019928662650794408,0.3134713277220726,1.0,0.6,0.5123799592256546
5,158,MEND158,2182,GTCTGTAGGTTGAACA-1,4815,12807,0.23627017438411713,0.016210793904616508,0.3318227267824113,1.0,0.6,0.5068478494882583
5,159,MEND158,1431,CTGCCAAGGTTGGAAG-1,8126,4912,0.23623939752578735,0.017896313735008856,0.2934306155890226,1.0,0.6,0.5039871305227279
5,160,MEND158,2875,TGTGACTACGCCAGTC-1,7778,4912,0.23617451637983322,0.021058716307914675,0.23138001337647437,1.0,0.8,0.5135250568389893
5,161,MEND158,583,ATACGGGTTTCGATTG-1,8562,5064,0.23616831600666047,0.013958666593594678,0.32198200523853304,1.0,0.5,0.4911550462245941
5,162,MEND158,1987,GGCTATTAAGTTGTAT-1,4989,6734,0.23610276728868484,0.01865819181049188,0.24674101434648038,1.0,0.9,0.5198388457298279
5,163,MEND158,2105,GTACGACGGCGCTGCG-1,3682,3545,0.2361026644706726,0.017593545508911568,0.22853857800364494,1.0,0.6,0.5100915670394898
5,164,MEND158,2505,TCAAACAACCGCGTCG-1,6645,5367,0.23610035330057144,0.017919746047742602,0.20164842139929534,1.0,0.7,0.5072662919759751
5,165,MEND158,2085,GGTTCTACTCGTCTGA-1,10567,7645,0.23578966408967972,0.013950605330298502,0.16422222331166267,1.0,0.5,0.5075888574123383
5,166,MEND158,148,AATAGGCACGACCCTT-1,4292,13414,0.23575247973203659,0.015929684237723982,0.23647871762514114,1.0,0.6,0.4944592922925949
5,167,MEND158,1713,GATTCCCTTGTCGCAG-1,7255,5519,0.2357332304120064,0.015414468549963053,0.3424431174993515,1.0,0.5,0.4923952788114548
5,168,MEND158,2768,TGCAGAACTATATCGT-1,3333,8100,0.23573078364133834,0.020570022822438524,0.21043560691177846,1.0,0.7,0.5094483017921447
5,169,MEND158,1534,GAAATTCACATCGCTG-1,5686,3697,0.2357279747724533,0.020700659669626822,0.15667445184662937,1.0,0.5,0.49773868918418884
5,170,MEND158,818,CACCTTGCGAAACTCG-1,8737,5367,0.23567819148302077,0.013405447402293082,0.15781923048198224,1.0,0.6,0.5079167395830154
5,171,MEND158,332,ACTCCCGAATTCGTTT-1,10480,6582,0.23566990345716476,0.015256306207339292,0.2273124920204282,1.0,0.7,0.4984310507774353
5,172,MEND158,246,ACCCAACGCCCGTGGC-1,8911,6278,0.23565051704645157,0.017936162841184447,0.2762002758681774,1.0,0.7,0.5153009623289109
5,173,MEND158,520,AGTCAAGATGACACTT-1,9259,9011,0.23559669852256776,0.015271127682721848,0.218486731313169,1.0,0.5,0.49588364362716675
5,174,MEND158,2939,TTAGTAGGGCGGCGGG-1,3682,6885,0.23557392805814742,0.018057560096928472,0.2209891096688807,1.0,0.6,0.5048567146062851
5,175,MEND158,2857,TGGTGATCGTATTTGT-1,2810,5671,0.23553467094898223,0.015830839603398098,0.21280818991363049,1.0,0.5,0.5033257395029068
5,176,MEND158,2208,GTGCGACAGGGAGTGT-1,10131,7189,0.23552416414022445,0.018232483340299612,0.24408636875450612,1.0,0.7,0.5014652073383331
5,177,MEND158,2809,TGCTCTTGAGAGTTTG-1,7516,11440,0.2355129525065422,0.015506526696404784,0.23202048540115355,1.0,0.6,0.4990257382392883
5,178,MEND158,869,CAGGCGCCATGCTAGG-1,7778,9163,0.23547858446836473,0.014769868681444477,0.231515846401453,1.0,0.6,0.5002338647842407
5,179,MEND158,2571,TCCCAAACATCCTCTA-1,4466,13110,0.23544019162654878,0.017737334608146235,0.22752571180462838,1.0,0.7,0.5025541126728058
5,180,MEND158,2324,TAATCAACCAAATGGG-1,12310,9466,0.23543138653039933,0.018047078312652665,0.15069763138890266,1.0,0.4,0.4981365889310837
5,181,MEND158,1350,CTACTGCCACCTGACC-1,6906,5823,0.2353806585073471,0.01749050818776408,0.24953937977552415,1.0,0.9,0.5160053730010986
5,182,MEND158,364,ACTTGTAGTCCCTTCA-1,2287,8404,0.23536218851804733,0.016211790047315194,0.2502692530862987,1.0,0.6,0.4884872853755951
5,183,MEND158,450,AGCGGGTCTGACACTC-1,7168,11744,0.2352108985185623,0.015127724842236567,0.247786654997617,1.0,0.5,0.49260463416576383
5,184,MEND158,2670,TCTAGCAATCTCCGCC-1,4030,8707,0.23517709076404572,0.015128997612136973,0.2605461794883013,1.0,0.5,0.5000615298748017
5,185,MEND158,1760,GCATCGGCCGTGTAGG-1,10392,9163,0.2351344883441925,0.015960692281537445,0.19378734566271305,1.0,0.6,0.504194226861
5,186,MEND158,354,ACTTATACTTACCCGG-1,9259,7189,0.23513076901435853,0.018138964137058837,0.237165816873312,1.0,0.6,0.5068074613809586
5,187,MEND158,1722,GCAAACGTCGCCAGGT-1,11613,8859,0.23511577248573304,0.01479278205598896,0.34139469703659414,1.0,0.7,0.49716827273368835
5,188,MEND158,2853,TGGTCGATATACCTCT-1,4640,12807,0.23509874790906907,0.020593509557298863,0.1126941554248333,1.0,0.6,0.49635321497917173
5,189,MEND158,2422,TAGCTGATGTGAAGCG-1,2287,8100,0.23507096171379088,0.022519418073941876,0.28266585944220424,1.0,0.6,0.5057602137327194
5,190,MEND158,209,ACACCTTACTACTTGC-1,11090,7948,0.2348673403263092,0.015241194968142914,0.27515853485092523,1.0,0.5,0.5008278816938401
5,191,MEND158,2925,TTACTCTGGTACGTAC-1,4117,8252,0.2348656788468361,0.018933052763270022,0.32301945574581625,1.0,0.5,0.5011157542467117
5,192,MEND158,1226,CGCTAGAGACCGCTGC-1,10218,7645,0.2348422199487686,0.016121955612140484,0.2341412833891809,1.0,0.6,0.5077203571796417
5,193,MEND158,1728,GCAACCACGGCCGCGT-1,3943,8252,0.23483567386865617,0.015001545973144034,0.1851314850151539,1.0,0.6,0.5035851091146469
5,194,MEND158,3033,TTGATGTGTAGTCCCG-1,9259,5367,0.23481423705816268,0.013572188559774198,0.24709654711186885,1.0,0.5,0.501374477148056
5,195,MEND158,1206,CGCCGACTATTCGCTA-1,1851,7037,0.2347259983420372,0.021470664345005313,0.2546890963800251,1.0,0.5,0.49706739783287046
5,196,MEND158,2019,GGGCCTAAATGGGCTA-1,2200,8555,0.23471063375473022,0.020327667239191025,0.17507205046713353,1.0,0.7,0.5112306177616119
5,197,MEND158,1949,GGATTAATCATGGACC-1,7952,12503,0.23462318629026413,0.010472019347588627,0.2215536397881806,1.0,0.5,0.49179584681987765
5,198,MEND158,2353,TACCGTGCCTCGGACC-1,7429,9466,0.23459412455558776,0.016343353263323507,0.18610625974833966,1.0,0.8,0.5108647912740707
5,199,MEND158,2577,TCCCGGGTGTGCTGCT-1,4379,6885,0.23456275463104248,0.01984556487243217,0.24996084496378898,1.0,0.6,0.5020881444215775
5,200,MEND158,1384,CTCACTTGGCTGGTAA-1,3682,7796,0.234469872713089,0.01715739052387783,0.20802902914583682,1.0,0.5,0.49498368203639986
5,201,MEND158,1467,CTGTCAAATGGCTCGG-1,8649,5215,0.23446149080991746,0.01705954098170787,0.16875959997996687,1.0,0.6,0.49580090045928954
5,202,MEND158,2850,TGGTAAGCAGGATTGA-1,2374,7948,0.23441262394189835,0.017290665715640058,0.2523066259920597,1.0,0.5,0.49677473604679107
5,203,MEND158,902,CATCCGCAGGCCCGAA-1,2723,4001,0.23435196727514268,0.01630733053242052,0.29069683509878813,1.0,0.6,0.5025964260101319
5,204,MEND158,65,AACCGCTAAGGGATGC-1,9434,8707,0.2343440905213356,0.014959713541909829,0.27748060822486875,1.0,0.5,0.49006861746311187
5,205,MEND158,1565,GAATGTTGGGTAATCT-1,7429,5215,0.23432425856590272,0.016156419062659768,0.2569824390113354,1.0,0.6,0.49737058877944945
5,206,MEND158,1947,GGATGCTGGCGTTCCT-1,3072,7645,0.23429941833019258,0.01719229693969757,0.22855407148599624,1.0,0.7,0.5109772503376007
5,207,MEND158,301,ACGGCGACGATGGGAA-1,8126,9163,0.2342586785554886,0.015432804524936259,0.1726533841341734,1.0,0.5,0.5048635125160217
5,208,MEND158,1479,CTTACATAGATTTCTT-1,8562,12958,0.23419899344444275,0.018613290621853216,0.322449834831059,1.0,0.6,0.49798655807971953
5,209,MEND158,2021,GGGCGATATGTGTGAA-1,6471,5975,0.23416769057512282,0.014210091671659358,0.27985456557944416,1.0,0.5,0.5022364616394043
5,210,MEND158,1280,CGGTTGACCTGGCATA-1,3594,7645,0.23414389193058013,0.016165210670584424,0.18280867226421832,1.0,0.6,0.5032331466674804
5,211,MEND158,2412,TAGCAGTATGACTAAA-1,9957,11744,0.23413661867380142,0.017371517281147195,0.20000675097107887,1.0,0.6,0.4890970915555954
5,212,MEND158,2616,TCGAAATTTAGGACCA-1,5338,6126,0.23391443192958833,0.02322056030620149,0.26862247847020626,1.0,0.6,0.5070694983005524
5,213,MEND158,1453,CTGGGATACGCTACCC-1,11613,7341,0.23386823236942292,0.019140318306068042,0.3279438681900501,1.0,0.5,0.49584118127822874
5,214,MEND158,2969,TTCCATCGACAGCGTG-1,10741,10985,0.2338561624288559,0.015724286584158628,0.2811113270930946,1.0,0.2,0.4917802423238754
5,215,MEND158,1883,GCTCGGAATTTAAAGC-1,8737,5064,0.23383878767490388,0.016606619259265498,0.1449524462223053,1.0,0.4,0.49374965727329256
5,216,MEND158,1458,CTGGTAACGAGCTCTT-1,9870,6126,0.23383568674325944,0.019789406638798558,0.21360832415521144,1.0,0.6,0.5058662176132203
5,217,MEND158,856,CAGCCTCCTGCAGAGG-1,8126,5215,0.23381981551647185,0.017424960189108475,0.1390557460486889,1.0,0.7,0.5045699775218964
5,218,MEND158,1411,CTCTAGCCCTCGGAAA-1,9259,11744,0.23378605991601945,0.015829963677964267,0.1895674716681242,1.0,0.5,0.507641825079918
5,219,MEND158,2140,GTCATGCACCTCCGTT-1,6732,6126,0.23377693444490433,0.017227342412784407,0.28345499308779837,1.0,0.4,0.48550951182842256
5,220,MEND158,2940,TTAGTTATTCGTGGCA-1,9347,8859,0.23372800797224044,0.01622256947746869,0.1467371078208089,1.0,0.5,0.4963477313518524
5,221,MEND158,1114,CCTGACAAACTCGCGC-1,1677,4608,0.2337067559361458,0.019264187141106403,0.23420846424996852,1.0,0.7,0.49888953268527986
5,222,MEND158,1753,GCAGCTGTCAACGCAT-1,8998,12503,0.23368092477321625,0.013799328410532535,0.2063013171777129,1.0,0.7,0.5020127475261689
5,223,MEND158,1961,GGCATACAGGTAGCGG-1,4205,6885,0.23365138471126556,0.016635496382572244,0.22439544051885604,1.0,0.6,0.49762281179428103
5,224,MEND158,941,CCAAGCGTAACTCGTA-1,7604,6734,0.2336161404848099,0.018046481839947205,0.2519167210906744,1.0,0.8,0.5038490265607833
5,225,MEND158,1488,CTTATGTTGACTACCA-1,3769,3697,0.23357313126325607,0.018454369476157535,0.17129743155092,1.0,0.7,0.5114474028348923
5,226,MEND158,2074,GGTGGGATTAGGTCCC-1,4205,13262,0.23356784731149674,0.013330503397278537,0.342842991091311,1.0,0.5,0.4908157140016556
5,227,MEND158,1457,CTGGTAACACATAGAA-1,9085,8100,0.233559949696064,0.019635160260462727,0.28855467289686204,1.0,0.3,0.49185500741004945
5,228,MEND158,822,CACGCACAGCGCAGCT-1,7691,5367,0.23346967995166779,0.017750694876341754,0.21515325242653488,1.0,0.7,0.5094299167394638
5,229,MEND158,1372,CTATGAACACCTTGCC-1,3856,12655,0.23346380442380904,0.01463341975513097,0.15863663777709008,1.0,0.5,0.49327267408370973
5,230,MEND158,256,ACCCTATGCCATATCG-1,4902,10226,0.23338668048381805,0.012296104674655643,0.28012108206748965,1.0,0.5,0.4866971433162689
5,231,MEND158,636,ATCCAATGGAGGGTCC-1,3769,8252,0.23338623642921447,0.018122070515719686,0.14556651525199413,1.0,0.7,0.513258284330368
5,232,MEND158,2765,TGCAAGAATGACGTAA-1,6645,6278,0.2333531677722931,0.016098901538513778,0.2902965950779617,1.0,0.5,0.48993383049964906
5,233,MEND158,1615,GACTGCGGCACGTGTA-1,2723,5823,0.23330865204334258,0.019501280113609586,0.20864446740597486,1.0,0.7,0.5089385569095611
5,234,MEND158,2104,GTACAGAGGCAAGGGT-1,8649,7341,0.23330453187227249,0.016742096398192262,0.23575765192508696,1.0,0.5,0.49487861096858976
5,235,MEND158,418,AGCACTACCGGCCTGT-1,3159,6885,0.23328778594732286,0.01833982103281454,0.3104306516237557,1.0,0.8,0.5101632475852966
5,236,MEND158,2042,GGGTTCAGACGAACAA-1,3072,4608,0.23326454162597657,0.014715438141965222,0.26486831801012156,1.0,0.5,0.495916011929512
5,237,MEND158,2682,TCTCCAACGTAGGTTA-1,8214,4760,0.23326268941164016,0.015983365441851274,0.30964876860380175,1.0,0.5,0.4929998964071274
5,238,MEND158,2361,TACGACGCTTGCTGCG-1,6122,8707,0.23322350680828094,0.019427578701119195,0.28968021981418135,1.0,0.6,0.509594377875328
5,239,MEND158,395,AGAGAACCGTCTAGGA-1,9085,5671,0.2332051083445549,0.01577606464401279,0.1454188134521246,1.0,0.8,0.5156511157751084
5,240,MEND158,128,AAGTAGTGACGCGAGG-1,4117,6734,0.2331872746348381,0.016702055573773116,0.249686705134809,1.0,0.6,0.4952457010746002
5,241,MEND158,262,ACCGATATTTAATCAT-1,11874,9922,0.23314791023731232,0.016767983791051957,0.25731227789074185,1.0,0.6,0.5013443529605865
5,242,MEND158,595,ATAGCCTCAGTACCCA-1,2636,4456,0.23306711614131928,0.01535318436679373,0.12210856974124909,1.0,0.5,0.4948281317949295
5,243,MEND158,2752,TGATCAGGGAACTGCT-1,3507,8100,0.2330504208803177,0.0197576960754174,0.18295603953301906,1.0,0.8,0.5125731199979782
5,244,MEND158,2859,TGGTTAACTTACATTT-1,2113,10833,0.23304240852594377,0.014533749701742416,0.3127919901162386,1.0,0.6,0.4993301838636398
5,245,MEND158,1420,CTGAATCCGAGACCTC-1,6035,8859,0.23287200927734375,0.024295302275007147,0.24373941272497177,1.0,0.7,0.5029629081487655
5,246,MEND158,64,AACCGAGCTTGGTCAT-1,7516,5367,0.232857446372509,0.014848367354790285,0.24569311244413256,1.0,0.5,0.5007186114788056
5,247,MEND158,3078,TTGTGCGGAAGCGGAT-1,1590,10833,0.23284449875354768,0.015197798787203235,0.19612815119326116,1.0,0.5,0.49689083099365233
5,248,MEND158,2848,TGGGTTCCCGGACGGA-1,1416,4760,0.2327932745218277,0.016180166462976937,0.13466788558289408,1.0,0.5,0.4992358684539795
5,249,MEND158,1376,CTATGTGAGTCACGGC-1,2897,8555,0.23279290199279784,0.017556380160593937,0.3256684012711048,1.0,0.6,0.49636556804180143
5,250,MEND158,392,AGACTAGCCTTCCAGA-1,5425,5975,0.232773457467556,0.01711098970227122,0.1709841437637806,1.0,0.5,0.4968839079141617
5,251,MEND158,886,CATACACGGTTCCCAC-1,6209,10985,0.232758030295372,0.013380844806196198,0.2461617413908243,1.0,0.5,0.4871424436569214
5,252,MEND158,91,AACTTCTGCGTCTATC-1,2984,4456,0.2326641395688057,0.023768289274728654,0.22217058353126048,1.0,0.8,0.5134695827960968
5,253,MEND158,571,ATAAGTTACCGCGACG-1,5948,8707,0.23264852911233902,0.017647648478379765,0.14791775718331338,1.0,0.7,0.5102417886257171
5,254,MEND158,784,CAATTAAGGGTGATGA-1,7081,6126,0.2325749471783638,0.018226845025434008,0.19839357323944568,1.0,0.6,0.4929873883724213
5,255,MEND158,2637,TCGCTGCCAATGCTGT-1,8388,12047,0.23257485777139664,0.01456285586814762,0.21413731332868338,1.0,0.6,0.4968399882316589
5,256,MEND158,3023,TTGACGCTCCATGAGC-1,10218,7948,0.23257063329219818,0.018908749881536947,0.09602820426225663,1.0,0.7,0.5073616683483124
