expert_id,rank,sample_id,patch_index,barcode,coord_x,coord_y,affinity_score,affinity_score_sd,mean_logit,actual_top2_frequency,actual_top1_frequency,actual_mean_route_weight
0,1,MEND156,3221,TGCGACACCCTAGTGC-1,5352,8730,0.23101955503225327,0.013114690374501607,0.1607189755886793,0.9,0.5,0.43778087496757506
0,2,MEND156,1301,CCTGCTATTTGAGAAG-1,5701,5697,0.22925034612417222,0.010244065802606858,0.3330882679671049,0.6,0.5,0.31281966269016265
0,3,MEND156,3493,TTGCCGCTTTCTAGTA-1,8144,11156,0.22911954224109649,0.014613679714705063,0.22476556226611139,1.0,0.5,0.46686514019966124
0,4,MEND156,1668,CTGCGATTTCGAGATT-1,6573,12672,0.22907571792602538,0.012612302761332735,0.17862293273210525,0.8,0.5,0.3978317707777023
0,5,MEND156,468,AGATAATCACACCTAT-1,2472,13430,0.22820098251104354,0.009258845957460257,0.12122798189520836,0.7,0.5,0.35480165779590606
0,6,MEND156,1413,CGCGGGAATTAGGCAG-1,8319,6000,0.2279467537999153,0.010965645024674774,0.10587348341941834,0.7,0.5,0.3473971962928772
0,7,MEND156,3399,TTCAAAGTCTCTAGCC-1,7882,7062,0.2273690730333328,0.010067585907247281,0.10316541641950608,0.7,0.5,0.35783824026584626
0,8,MEND156,290,ACCCGTGTCATCAGTA-1,6050,10549,0.22729804515838622,0.017007933156174476,0.20852815136313438,1.0,0.5,0.4523823022842407
0,9,MEND156,3204,TGCCAAAGTCAGACTT-1,2995,8275,0.22727783322334288,0.009615279795775733,0.11329162251204253,0.9,0.5,0.45186788141727446
0,10,MEND156,725,ATATGTCTCCCTAGCC-1,9802,7062,0.2267719954252243,0.013239058306903065,0.14487594366073608,0.8,0.5,0.4085660934448242
0,11,MEND156,2237,GGATTTCACTTCTATA-1,8580,6455,0.2267630949616432,0.008997658676413446,0.11176825799047947,0.5,0.5,0.25524874329566954
0,12,MEND156,3348,TTAAGATAGGATTGAC-1,10151,8275,0.2266246572136879,0.012977114810364147,0.14565168162807823,0.6,0.5,0.30312140882015226
0,13,MEND156,3201,TGCATATGTCTGTCAC-1,8755,7062,0.2264849901199341,0.013425333262851653,0.16542310882359743,0.9,0.5,0.42477810978889463
0,14,MEND156,1948,GATCGCTGTGGTGCGT-1,2908,12369,0.22631431967020035,0.008980041509791394,0.06774242538958788,0.7,0.5,0.362240931391716
0,15,MEND156,1978,GCAAACCTTGGCCATA-1,7184,10398,0.22629891484975814,0.013854939745922397,0.2350024413317442,0.9,0.5,0.4108750730752945
0,16,MEND156,2793,TAGGTTCTGCTGAGAA-1,6748,12672,0.22500886470079423,0.013265432966158815,0.27912815324962137,1.0,0.5,0.46348221600055695
0,17,MEND156,44,AAATGACTGATCAAAC-1,6573,13279,0.22483427822589874,0.013356235948054886,0.17905861623585223,0.8,0.5,0.4004618525505066
0,18,MEND156,2591,GTTCTTGTAACTCAAT-1,6661,13127,0.22474065721035003,0.012498010634117313,0.17279045488685368,0.9,0.5,0.43802054822444914
0,19,MEND156,2710,TACGCCTCCATTCCGA-1,6486,10094,0.2247065931558609,0.014600150590786126,0.1844258476048708,1.0,0.4,0.4483987867832184
0,20,MEND156,538,AGCTGAAGTAAACCAA-1,8668,4787,0.22433043122291565,0.013364106927666937,0.09235188290476799,0.8,0.5,0.3988935112953186
0,21,MEND156,235,ACACGAGACTCCTTCT-1,7533,6455,0.22432917803525926,0.008482306863495768,0.08794444501399994,0.6,0.5,0.3109449088573456
0,22,MEND156,3373,TTAGAGTTTAGAAGGA-1,8842,8730,0.22431537210941316,0.006294482023040596,0.1339474007487297,0.5,0.5,0.258521181344986
0,23,MEND156,1590,CTATTCATGTGTCCCA-1,6748,9639,0.22430902272462844,0.017417483836804408,0.1697142243385315,1.0,0.3,0.44215249717235566
0,24,MEND156,1012,CAGGCAGTCTTACCAG-1,8755,11611,0.22421443611383438,0.013533313531943418,0.19410300897434354,0.9,0.5,0.421342533826828
0,25,MEND156,2556,GTGTATATCAGCGGGC-1,7970,10549,0.22379387617111207,0.008774112765033872,0.1604404266923666,0.7,0.5,0.347425776720047
0,26,MEND156,1787,GAAGCTCGGACCCGTC-1,3170,10094,0.22347666919231415,0.011181870419241994,0.15378593970090151,0.7,0.5,0.36589705646038057
0,27,MEND156,807,ATGGAGCAGGCCGTGA-1,7097,7213,0.22347555607557296,0.013063796652881439,0.09532836191356182,0.6,0.5,0.3103851616382599
0,28,MEND156,599,AGGTTCTCCTTTCCGG-1,2035,11762,0.22340431362390517,0.011565476927463939,0.04893898069858551,1.0,0.5,0.4704404085874557
0,29,MEND156,1698,CTGTACTTCTTAGCAT-1,5788,7668,0.22337493747472764,0.008468773960822918,0.003740089014172554,0.6,0.5,0.30825999975204466
0,30,MEND156,3208,TGCCAGTACGTGGAGA-1,7533,9488,0.22336769551038743,0.009369095188819525,0.18915908113121987,0.9,0.5,0.4343362361192703
0,31,MEND156,1497,CGTCGGGTCTAAGCGC-1,3257,9943,0.2231156498193741,0.012088635592028385,0.05493980832397938,0.7,0.6,0.37020442485809324
0,32,MEND156,464,AGAGTAAACTTCACTA-1,10587,9033,0.22306998819112778,0.009647830438051244,0.044227066822350024,0.8,0.5,0.4004343420267105
0,33,MEND156,3439,TTCGTGCATGTTATAG-1,6661,13430,0.22241455167531968,0.009560333583698784,0.11370067652314901,0.6,0.5,0.30562481880187986
0,34,MEND156,3222,TGCGACGGCCGAACGT-1,4130,10853,0.2222471997141838,0.014537375266817964,0.23539629839360715,0.8,0.5,0.38990667164325715
0,35,MEND156,1067,CATGCCAACTCGCAAA-1,3170,8275,0.22222160845994948,0.011800765830250807,0.16355721578001975,0.6,0.5,0.31339492797851565
0,36,MEND156,2760,TAGATTCAAAGTGCGG-1,4741,12217,0.22187278121709825,0.008534842839229935,0.14834574181586505,0.6,0.4,0.303373259305954
0,37,MEND156,3491,TTGCCCTGATCACGGG-1,4304,7213,0.22170330286026002,0.010270367457102,0.2261230330914259,0.8,0.5,0.400427383184433
0,38,MEND156,424,ACTTGTTACCGGATCA-1,6311,13127,0.2214079976081848,0.008810276084310436,0.19432487292215228,0.6,0.5,0.3018446803092957
0,39,MEND156,1793,GAAGTCTCCCTAGCGA-1,9278,7365,0.22131651788949966,0.008834627736778735,0.08874243656173349,0.6,0.5,0.3124137490987778
0,40,MEND156,2059,GCCGCATTAGTCCGGC-1,2821,7062,0.2213044911623001,0.00911533474523574,0.09961945656687021,0.7,0.5,0.3502120584249496
0,41,MEND156,2252,GGCATTGAACATCTCA-1,6399,12975,0.22129126787185668,0.00699030167163204,0.15172920227050782,0.5,0.0,0.2449647843837738
0,42,MEND156,1160,CCCAGGAAGAATTCGA-1,7097,12975,0.22062143236398696,0.016239068261011378,0.18137347903102635,0.8,0.5,0.3833915740251541
0,43,MEND156,3190,TGCAACTACTGGTTGA-1,9278,12217,0.22058594673871995,0.007925404832571413,0.1550898676738143,0.5,0.0,0.243575382232666
0,44,MEND156,3097,TCTGAATTCCGTACAA-1,9540,6910,0.2205188974738121,0.011224472945161016,0.012874854356050491,0.9,0.6,0.4438729226589203
0,45,MEND156,2890,TCACAAACCGAGGTAC-1,9628,11004,0.22047995328903197,0.013301833022013517,0.07099814713001251,0.5,0.5,0.2559741199016571
0,46,MEND156,845,ATTATCGGAATGTACG-1,6311,12217,0.2204301118850708,0.014664271718623147,0.16791003681719302,0.8,0.5,0.3836513966321945
0,47,MEND156,2308,GGGCAACCGCACGTGC-1,2995,10094,0.220425745844841,0.008946765914142073,0.1750364338979125,0.6,0.5,0.30628555119037626
0,48,MEND156,1671,CTGCTCTGACGGCAAA-1,7010,13127,0.22042441964149476,0.010844222162696905,0.036522526666522025,0.6,0.5,0.31154664158821105
0,49,MEND156,1369,CGATCCGACCCAGTGC-1,5701,7517,0.2204236462712288,0.012395495810630722,0.08738225270062686,0.6,0.5,0.3081755846738815
0,50,MEND156,1246,CCGTATCTCGTCGTAG-1,3694,9791,0.22035919576883317,0.009799045953100896,-0.009698698669672013,0.7,0.5,0.35474297106266023
0,51,MEND156,1523,CGTTGAATACCGCGCT-1,8057,10398,0.2203514114022255,0.009248846628175888,0.13305540792644024,0.8,0.5,0.38463932275772095
0,52,MEND156,2797,TAGTCCCGGAGACCAC-1,5526,11762,0.22034249156713487,0.009999972396532782,0.07805703105404974,0.5,0.4,0.25350031554698943
0,53,MEND156,1802,GAATGCGAATCGGTTC-1,7359,11307,0.22032907158136367,0.008899205234394752,0.08910391479730606,0.7,0.5,0.3447987258434296
0,54,MEND156,453,AGACGCCCACTTCGCC-1,11809,10853,0.2203277289867401,0.006240546498564114,0.05934013985097408,0.5,0.4,0.24983557164669037
0,55,MEND156,1955,GATCTTGGAGGGCATA-1,7446,8426,0.22019176483154296,0.01036244699963506,0.12330449223518372,1.0,0.3,0.4384760707616806
0,56,MEND156,1335,CGAATGACGCATAATG-1,6311,11307,0.22017476260662078,0.011647788141463394,0.15275482684373856,0.7,0.5,0.3529091447591782
0,57,MEND156,1142,CCATCTCACCAGTGAA-1,9889,7517,0.22016588151454924,0.012465031432161247,0.006872127950191498,0.7,0.5,0.3612129896879196
0,58,MEND156,2631,TAACAGGTTCCCTTAG-1,6573,12975,0.22014302760362625,0.010457851035936168,0.2086547665297985,0.5,0.5,0.2641769051551819
0,59,MEND156,912,CAAGTGTGGTTGCAAA-1,9540,7820,0.22010695636272432,0.00801135065144185,0.19175410643219948,0.5,0.5,0.2584427833557129
0,60,MEND156,1363,CGAGTTTATCGGACTG-1,9453,7365,0.2201021581888199,0.008455274826350914,0.01981808915734291,0.6,0.5,0.30553344786167147
0,61,MEND156,2331,GGGCTATGATCGATGG-1,5788,10398,0.21989153921604157,0.011300720231765251,0.15319862626492978,0.6,0.5,0.31204732060432433
0,62,MEND156,1743,CTTGTTGCTGAGTCAA-1,8319,7517,0.21978933364152908,0.01287594007922524,0.20044852942228317,0.9,0.5,0.4390648901462555
0,63,MEND156,613,AGTATACACAGCGACA-1,5526,11459,0.21977842152118682,0.005749959821746384,0.211078692227602,0.6,0.5,0.3045003265142441
0,64,MEND156,1839,GACGACGATCCGCGTT-1,7446,9639,0.21977840662002562,0.010330681682105469,0.17283687330782413,0.9,0.4,0.40609242022037506
0,65,MEND156,1796,GAATAGACGCGACCCA-1,9366,8123,0.219746994972229,0.011907164886016888,0.20236266292631627,0.6,0.3,0.29501650035381316
0,66,MEND156,2759,TAGATGGTTCCTTACT-1,9802,10701,0.21971253156661988,0.009037546162784342,0.05900099463760853,0.5,0.3,0.25033276081085204
0,67,MEND156,2070,GCCTCATCTGGAAATA-1,9628,7971,0.2195974975824356,0.012354130278935125,0.22575461082160472,0.5,0.5,0.2578847944736481
0,68,MEND156,483,AGCAACATATCTTATT-1,9453,7971,0.2195461481809616,0.009336330004044002,0.06161580886691809,0.9,0.5,0.4442802906036377
0,69,MEND156,3196,TGCAGCTACGTACTTC-1,2734,8123,0.21941668689250945,0.007329963587566407,0.17561546079814433,0.7,0.5,0.3481444776058197
0,70,MEND156,3407,TTCAGGCGTCAAAGCC-1,2734,7820,0.21932503283023835,0.008127931750480674,0.09332202058285474,0.7,0.5,0.35438465774059297
0,71,MEND156,2684,TACCAGAAGTAGGTTC-1,5788,9185,0.21920668333768845,0.012756703166681342,0.09810170382261277,0.8,0.5,0.3831878572702408
0,72,MEND156,2098,GCGCTATGCCGAGGCA-1,5439,8275,0.2191573977470398,0.010983302339397769,0.21618514079600573,0.7,0.5,0.34511797726154325
0,73,MEND156,1475,CGGTTATCCAACAGTG-1,9889,6303,0.21907123923301697,0.009697298331016168,-0.023952487111091613,1.0,0.5,0.48877753913402555
0,74,MEND156,956,CACCGGTAGAGACATT-1,2734,11762,0.219056336581707,0.010304354524499555,0.22969134002923966,0.5,0.5,0.2544712543487549
0,75,MEND156,493,AGCATATCAATATGCT-1,9628,9488,0.21900249570608138,0.014390643086869416,0.1492669962346554,0.7,0.5,0.3478854537010193
0,76,MEND156,3316,TGTGCCGGTGCCGGAA-1,9802,9791,0.21894953697919844,0.0090289264507765,0.18006204031407833,0.5,0.4,0.25178095400333406
0,77,MEND156,480,AGATTATAGGACGTTT-1,6050,7213,0.21882552653551102,0.01315312716577456,0.21956811472773552,0.9,0.5,0.41548977196216585
0,78,MEND156,2296,GGGACAGAGTTACTCC-1,2995,10398,0.21871935278177262,0.013183261227252288,0.17777787521481514,0.5,0.3,0.2527460873126984
0,79,MEND156,1901,GAGGGCGCAGCTCTGC-1,9104,5849,0.21869333684444428,0.012339268678054191,0.15296134799718858,0.8,0.5,0.3949995875358582
0,80,MEND156,3445,TTCTATTAAACGCAGC-1,6137,11914,0.2185737431049347,0.010832638474006442,-0.004270781483501196,0.5,0.4,0.2545594245195389
0,81,MEND156,3401,TTCACGAAAGGATCAC-1,6050,7517,0.21853286921977996,0.013994100603826878,0.1417786568403244,0.7,0.5,0.3487833678722382
0,82,MEND156,1832,GACCGACTGAAGCGTC-1,3257,6910,0.2185080423951149,0.012704006077540986,0.017934182845056056,0.7,0.5,0.3536920130252838
0,83,MEND156,3047,TCGGGAACGTGCCTAG-1,10849,6455,0.21848043501377107,0.01154670994945093,0.2185586966574192,0.6,0.5,0.30950933396816255
0,84,MEND156,369,ACGTTCTGTACAAGTC-1,9628,11611,0.21845076084136963,0.006585072521321959,0.08257196303457022,0.5,0.0,0.240984183549881
0,85,MEND156,410,ACTTATACTTACCCGG-1,9191,7213,0.2184285491704941,0.01150545260129513,0.21723349653184415,0.6,0.5,0.31131299734115603
0,86,MEND156,566,AGGCCTGAGAATCTCG-1,9017,11156,0.21827509701251985,0.013344545005631639,0.16636328883469104,0.7,0.5,0.3371564209461212
0,87,MEND156,1158,CCCAGAGGAGGGCGTA-1,10500,4939,0.2181792214512825,0.0075799097667980635,0.0781417228281498,0.5,0.5,0.25983273386955263
0,88,MEND156,1242,CCGGTTTGTAATTGTG-1,5002,10246,0.21810515075922013,0.011096027614985165,0.04475230742245913,0.7,0.5,0.3443946182727814
0,89,MEND156,2453,GTCATTGCATTGACCC-1,2821,6455,0.21784975677728652,0.010910584441654133,0.19209272945299743,0.5,0.4,0.253194198012352
0,90,MEND156,200,AATTCCAAGCATGTAC-1,6399,11762,0.2178326204419136,0.011100777750729832,0.2724429899826646,0.6,0.5,0.3056141197681427
0,91,MEND156,1035,CATACACGGTTCCCAC-1,6137,11004,0.21772967427968978,0.011237363773527817,0.2252656971104443,0.8,0.5,0.36746518313884735
0,92,MEND156,1009,CAGCTTAGTAGGTAGC-1,3781,6607,0.2177148550748825,0.008479186604084137,0.2079738206230104,0.5,0.5,0.2581668496131897
0,93,MEND156,2387,GGTTAGCTATATGTCT-1,8929,8881,0.2177076980471611,0.010831354760252852,0.04869965799152851,0.9,0.5,0.4328706294298172
0,94,MEND156,281,ACCCATTTGTCCCTCT-1,10064,10853,0.21767661571502686,0.009775923959099493,0.1811684684827924,0.5,0.3,0.2506829619407654
0,95,MEND156,188,AATGTATGGCACTGTA-1,2123,11611,0.2176452800631523,0.0138289445524719,0.13181774578988553,0.7,0.5,0.3556865006685257
0,96,MEND156,1174,CCCGGTGTATCGGAAT-1,2821,9791,0.21763815879821777,0.00856615938338974,0.12286032000556588,0.5,0.5,0.2613564729690552
0,97,MEND156,1764,GAAAGCAGTGCACTTT-1,6050,10246,0.21763075441122054,0.015826532097388456,0.10086564440280199,0.9,0.4,0.4134190857410431
0,98,MEND156,75,AACCTCGCTTTAGCCC-1,8493,11156,0.21754325479269027,0.006313292708486379,0.123707433976233,0.5,0.0,0.24416276812553406
0,99,MEND156,1353,CGAGAGGGTAGCCGCG-1,10413,10246,0.21746807247400285,0.007923467795976958,0.13895397670567036,0.5,0.5,0.2547403573989868
0,100,MEND156,2855,TATTACCATCCTGCTT-1,9715,7517,0.21741023808717727,0.009285517715181374,0.12310882154852151,0.5,0.5,0.25743435621261596
0,101,MEND156,380,ACTATTTCCGGGCCCA-1,4915,10701,0.217317596077919,0.010013809595040304,-0.05980863086879253,1.0,0.5,0.47257671058177947
0,102,MEND156,1327,CGAACGGCCGGACAAC-1,2646,8881,0.21730794608592988,0.006720719666341537,0.032494190335273745,0.6,0.5,0.31166833341121675
0,103,MEND156,2264,GGCCTTTGCAACTGGC-1,2035,7213,0.2172149121761322,0.010691575544781038,0.13379216864705085,0.6,0.5,0.3072316229343414
0,104,MEND156,2276,GGCGGTAGGATCATTG-1,7359,6455,0.2171912595629692,0.012424538686905386,0.12928703762590885,0.7,0.5,0.349768602848053
0,105,MEND156,1728,CTTCCGCTCCGTGAAG-1,5701,10246,0.2171583041548729,0.010584165843585852,0.24054552167654036,0.9,0.5,0.42963816225528717
0,106,MEND156,1207,CCGATATGACGTAAGG-1,12420,10094,0.21712163984775543,0.007466683295928544,0.01732906810939312,0.5,0.5,0.2550374329090118
0,107,MEND156,782,ATCTGGGCTGTTCTTG-1,7359,11004,0.21710871607065202,0.0069362629749272755,0.10502138119190932,0.5,0.5,0.2521711587905884
0,108,MEND156,207,ACAAACCATGCGTCCT-1,2734,11459,0.2170388787984848,0.01091274097319032,0.04157982617616653,0.9,0.5,0.4262769430875778
0,109,MEND156,2187,GGAAACCTTGTTGAAT-1,10587,4787,0.2168409928679466,0.008476130997842201,0.050999199971556664,0.5,0.5,0.2676390647888184
0,110,MEND156,3036,TCGCTTTAAACGTTTG-1,8929,5545,0.21681297123432158,0.00968313247355031,0.16746909357607365,0.5,0.3,0.2500861167907715
0,111,MEND156,1954,GATCTGCTATCTAAGG-1,6224,11156,0.21679190248250962,0.009822245772281323,0.10439170822501183,0.8,0.5,0.3872500479221344
0,112,MEND156,815,ATGGGCCTCGGCCTCT-1,9278,8578,0.2167901188135147,0.011793004877460588,0.1444819403812289,0.5,0.4,0.2533831298351288
0,113,MEND156,2271,GGCGCGGAGATCTTTC-1,8842,10549,0.21678135097026824,0.012153196158122636,-0.0002560105174779892,0.6,0.5,0.29999534487724305
0,114,MEND156,352,ACGGGAGTGTCGGCCC-1,3519,8881,0.2167806878685951,0.014363224968890444,0.1699208433739841,0.8,0.5,0.3909676343202591
0,115,MEND156,3389,TTATCCGGGATCTATA-1,8929,9488,0.2167462006211281,0.011755809132178427,0.17791220545768738,0.8,0.5,0.39358067214488984
0,116,MEND156,1136,CCAGTTCGGTAACTCA-1,9104,12824,0.21672194004058837,0.010440444140346354,0.2159949902445078,0.5,0.2,0.24847054481506348
0,117,MEND156,2439,GTATGTGGGTCTAGTT-1,9366,7517,0.21668855249881744,0.012421191852239617,0.277155507914722,0.5,0.3,0.2519589215517044
0,118,MEND156,3377,TTAGCTAATACGATCT-1,9889,5090,0.21664710640907286,0.009886836321784779,0.07972203418612481,0.5,0.5,0.2584904968738556
0,119,MEND156,890,CAAATCTCTCACAAGG-1,3432,8426,0.2165936380624771,0.0068148377044941685,0.0772999633103609,0.6,0.5,0.3021547943353653
0,120,MEND156,1869,GAGACTTCGCGACCGA-1,6311,9791,0.21644356697797776,0.012059483760165076,0.187987969070673,0.6,0.4,0.295765221118927
0,121,MEND156,605,AGTAATTTGCAAGCGT-1,2123,12217,0.216401806473732,0.011801872409763063,0.09834630787372589,0.8,0.5,0.39637297093868257
0,122,MEND156,2849,TATGTAAAGTGCTTAA-1,5177,11762,0.21638022363185883,0.01196499401179514,0.08910389095544816,0.7,0.5,0.3416949063539505
0,123,MEND156,3242,TGCTTAGAGAGAATGC-1,3606,11156,0.21635105609893798,0.01220550275535353,0.09253474371507764,0.7,0.5,0.345670560002327
0,124,MEND156,2596,GTTGCCCTAACGGGTG-1,2646,12824,0.21634972989559173,0.010063005360338023,0.09880164954811335,0.5,0.2,0.2502066731452942
0,125,MEND156,1465,CGGTACTAGAATCAAA-1,8580,8275,0.2163389354944229,0.010622492696213688,0.07651595771312714,0.6,0.5,0.30459280908107755
0,126,MEND156,647,AGTGCTAAACACAGCA-1,9278,11004,0.2162513628602028,0.008397812285874693,0.16332975728437304,0.5,0.1,0.24934523105621337
0,127,MEND156,2390,GGTTCCGTACGACTAA-1,4915,13430,0.2161661684513092,0.00978658016999538,0.08090872913599015,0.5,0.3,0.25149444341659544
0,128,MEND156,2490,GTCTCCGCCTCAATAC-1,6661,12520,0.216084086894989,0.008097455722557111,0.12077799122780561,0.5,0.4,0.255074805021286
0,129,MEND156,2846,TATGGGTACGTATCGT-1,6399,6607,0.21603423953056336,0.011871250817390952,0.19536440223455429,0.5,0.0,0.239629265666008
0,130,MEND156,2314,GGGCAGTCAACGCCAA-1,8231,12217,0.2159823402762413,0.006428643387765376,0.15408859448507428,0.5,0.5,0.259728866815567
0,131,MEND156,1765,GAAAGCCCTTTGGACC-1,3170,7062,0.21594403237104415,0.01335863073050636,0.058561017364263536,0.9,0.5,0.4262248069047928
0,132,MEND156,1649,CTGACATAGAAATAGA-1,11722,9488,0.21593545377254486,0.006952057854185408,0.07087467033416033,0.5,0.1,0.24883158206939698
0,133,MEND156,1071,CATGGGTATGCCTTAT-1,8493,10246,0.21586841940879822,0.0046309108878937145,0.13058426771312953,0.5,0.0,0.23799524009227752
0,134,MEND156,1684,CTGGCTGGTTGTCAGT-1,6224,9943,0.2158517673611641,0.015391465637943864,0.20902760345488786,0.4,0.4,0.20774892568588257
0,135,MEND156,2415,GTACGTTTGCCCGTCA-1,7271,8426,0.21584710627794265,0.008598492791737805,0.13152260854840278,0.5,0.5,0.2556965947151184
0,136,MEND156,972,CACTAAAGTTGCCTAT-1,5788,7062,0.21580806523561477,0.010299944162548,0.15211793985217809,0.8,0.5,0.39540805518627165
0,137,MEND156,3496,TTGCGCACAACCACGT-1,10587,13279,0.21580200493335724,0.009466065259486005,0.16396789252758026,0.6,0.5,0.2994085669517517
0,138,MEND156,1559,CTACTGCCACCTGACC-1,6835,5849,0.21579784899950027,0.011031406795312301,0.04642131477594376,0.9,0.5,0.4324615389108658
0,139,MEND156,341,ACGCTAGTGATACACT-1,10064,6000,0.21579370647668839,0.011451967304290146,0.10309247300028801,0.5,0.1,0.24822076559066772
0,140,MEND156,329,ACGATGCATATGTTAT-1,5090,7365,0.21572796553373336,0.011379322565041969,0.267122115008533,0.8,0.5,0.3836106866598129
0,141,MEND156,739,ATCAGAAGCTGGTTGC-1,1774,13430,0.21571153104305268,0.006786090818381805,0.03110031262040138,0.5,0.3,0.25240713357925415
0,142,MEND156,3248,TGGACGCAATCCAGCC-1,3083,10549,0.21569827944040298,0.01216011614452623,0.16103727463632822,0.8,0.5,0.3816260814666748
0,143,MEND156,3322,TGTGGTAGGGTGCCTT-1,12246,9791,0.21565973311662673,0.005262991272613844,0.1413152592256665,0.5,0.4,0.2524940222501755
0,144,MEND156,2810,TATACGCGTCATCACT-1,7271,10853,0.2156485840678215,0.009297314194078553,0.07915676943957806,0.5,0.0,0.24160317480564117
0,145,MEND156,2352,GGTACCATTAAGACGG-1,10500,6152,0.21564280688762666,0.011552620450974042,0.11566953752189875,0.8,0.5,0.39760961830616
0,146,MEND156,919,CAATGCGAGAAGTATC-1,8493,9943,0.2156372755765915,0.007688664449968647,0.0979443471878767,0.5,0.1,0.24901748895645143
0,147,MEND156,3138,TGAATACCGACGCGTA-1,8493,11762,0.21559687554836274,0.008721810280194846,0.08538134796544909,0.5,0.2,0.2489698886871338
0,148,MEND156,2529,GTGCGACAGGGAGTGT-1,10064,7213,0.21555651277303695,0.009600433612805158,0.07654762230813503,0.5,0.5,0.2567384600639343
0,149,MEND156,632,AGTCTCACAAGACTAC-1,3955,9943,0.21549203097820283,0.014223145306886918,0.15275458358228206,0.5,0.5,0.26037768125534055
0,150,MEND156,2236,GGATTGCTGTGACTCC-1,8668,10853,0.21546611338853836,0.01287102911673522,0.10415395740419627,0.8,0.5,0.38021607995033263
0,151,MEND156,954,CACCGCGTCCACTCTA-1,10413,4181,0.2154642552137375,0.013189567865069467,0.08073289170861245,0.6,0.5,0.30473141074180604
0,152,MEND156,72,AACCCTACTGTCAATA-1,9715,7820,0.2153920441865921,0.009084827335470355,0.10607507564127445,0.5,0.5,0.26287429332733153
0,153,MEND156,3490,TTGCCATAGCCCGCTC-1,3432,9943,0.21533204466104508,0.012747240616856855,0.0627209734171629,0.7,0.5,0.35055952072143554
0,154,MEND156,3340,TTAAAGGCGATGCTCG-1,5613,12824,0.21528979688882827,0.011226291944676989,0.16636715941131114,0.5,0.2,0.24787683486938478
0,155,MEND156,610,AGTACTCTTATGCCCA-1,9017,10246,0.21526063978672028,0.011568681953518883,0.18300366308540106,0.5,0.4,0.25005697309970853
0,156,MEND156,228,ACACACCAGGACCAGT-1,9191,8426,0.2152445822954178,0.009124571461816097,0.10845991708338261,0.5,0.4,0.2527004241943359
0,157,MEND156,3383,TTAGTAGGGCGGCGGG-1,3606,6910,0.21515646874904631,0.007378932754051442,0.1494427865371108,0.5,0.4,0.25237776935100553
0,158,MEND156,2372,GGTCTTGAGCGCTCTT-1,7010,11611,0.2151302307844162,0.0066122899278062775,0.13674910198897122,0.5,0.5,0.2606121778488159
0,159,MEND156,2009,GCAGCACACAGCCCAG-1,5002,7517,0.21511344313621522,0.007934055379809917,0.16973568722605706,0.5,0.5,0.26137652397155764
0,160,MEND156,3382,TTAGTAAACCTGCTCT-1,9540,11156,0.21508867740631105,0.008053285365937817,0.11807686761021614,0.5,0.3,0.24924030601978303
0,161,MEND156,1277,CCTCACCTGAGGGAGC-1,10238,6000,0.21508773565292358,0.006195104406426192,0.10767806023359298,0.5,0.5,0.257546991109848
0,162,MEND156,386,ACTCCCGAATTCGTTT-1,10413,6607,0.2150691494345665,0.010079704503221312,0.11762620601803064,0.5,0.5,0.25863322615623474
0,163,MEND156,2463,GTCCGGGTTCACATTA-1,7533,12217,0.21506075710058212,0.009457211464095863,0.000764169730246067,0.5,0.1,0.24742473363876344
0,164,MEND156,19,AAACTCGTGATATAAG-1,11198,5242,0.21496133357286454,0.00999101932300893,0.09670611172914505,0.7,0.5,0.35447803139686584
0,165,MEND156,1420,CGCTACGGGACATTTA-1,5526,7517,0.21495720446109773,0.013061936606296889,0.17628092411905527,0.6,0.5,0.30726471841335296
0,166,MEND156,711,ATATAAAGCGCTCGTG-1,7271,10549,0.2149215891957283,0.009135467878063052,0.12750183576717972,0.5,0.3,0.2529002964496613
0,167,MEND156,523,AGCGGGTCTGACACTC-1,7097,11762,0.21490831524133683,0.0064926967920553285,0.13379180170595645,0.5,0.3,0.2499106913805008
0,168,MEND156,3528,TTGTCTCGGCAAGATG-1,4915,13127,0.21487143486738206,0.014217191929210985,0.0351370457559824,0.8,0.4,0.38273643851280215
0,169,MEND156,1860,GACTCTAGAGTTCCAA-1,6224,12975,0.2148637518286705,0.010754598812355467,0.09318931438028813,0.6,0.4,0.2960162669420242
0,170,MEND156,2376,GGTGCATAAATGATTA-1,5439,11914,0.21481156945228577,0.007997257327948617,0.07770468406379223,0.5,0.0,0.24350475668907165
0,171,MEND156,1650,CTGACTGCGCAGCTCG-1,10151,6455,0.21479671001434325,0.011511971199250326,0.022799478471279146,0.6,0.5,0.30384875237941744
0,172,MEND156,451,AGACGAAGTGCCGGTC-1,9802,9185,0.21477156281471252,0.008981496692613763,0.11454538516700268,0.5,0.3,0.251841202378273
0,173,MEND156,641,AGTGAGTCGAATTAAC-1,10849,11914,0.21475612968206406,0.01260146299067833,0.21177817434072493,0.5,0.0,0.24020730555057526
0,174,MEND156,2297,GGGACCCGTATATCTT-1,5962,10398,0.21468982398509978,0.015211823613204374,0.13046097848564386,1.0,0.0,0.42485693395137786
0,175,MEND156,11,AAACCTAAGCAGCCGG-1,8580,11611,0.21468648165464402,0.00909523942665552,0.04917757380753755,0.5,0.1,0.2464228391647339
0,176,MEND156,1382,CGCACGTGCGCTATCA-1,9977,7668,0.21468560248613358,0.00841177307473829,0.1474931137636304,0.5,0.2,0.24840860366821288
0,177,MEND156,769,ATCGGAGACAGACGGC-1,7970,9639,0.21464793831110002,0.011459278807156475,0.08811832182109355,0.6,0.5,0.3002267420291901
0,178,MEND156,3194,TGCAGAGTACCGAGCA-1,5352,7517,0.21461062580347062,0.00946263887660848,0.066360355168581,0.5,0.5,0.26202781200408937
0,179,MEND156,1103,CCACACTGAGATATTA-1,5613,7668,0.21460970342159272,0.011333182571693478,0.13177671171724797,0.6,0.5,0.3011633664369583
0,180,MEND156,1442,CGGATGAATGCTGTGA-1,3257,12369,0.2146070793271065,0.007873393334527846,0.07237298935651779,0.5,0.5,0.2571806192398071
0,181,MEND156,3351,TTAAGTATTGTTATCC-1,9191,11459,0.2145454004406929,0.013858807368285098,0.07966755321249366,0.9,0.4,0.4138789564371109
0,182,MEND156,979,CACTCTTCTGCTAGCC-1,10151,10701,0.21447722911834716,0.009009308545542724,0.11632351819425821,0.8,0.5,0.38520850241184235
0,183,MEND156,1430,CGCTTGGACGGATAGA-1,11547,11307,0.21441944688558578,0.00998265119016884,-0.001686992682516575,0.5,0.3,0.2506882756948471
0,184,MEND156,953,CACCGCCAGAAGGTTT-1,6486,5849,0.2144053727388382,0.010834246752762674,0.06901500280946493,0.5,0.5,0.261604380607605
0,185,MEND156,65,AACATTGTGACTCGAG-1,5875,11459,0.21439571529626847,0.01230563571648275,0.07032136544585228,0.9,0.4,0.4075380861759186
0,186,MEND156,2171,GCTGTATTACTGGCCC-1,4653,8730,0.2143853023648262,0.012743242463095439,0.11297118980437518,0.6,0.5,0.3087767422199249
0,187,MEND156,496,AGCCAAGCTTTGTGTC-1,6399,11459,0.21437808126211166,0.015017115117433357,0.18616041205823422,0.7,0.2,0.3227091670036316
0,188,MEND156,2254,GGCCCAGCTGGTTTGC-1,7795,12369,0.21434357315301894,0.0068349765985193985,0.2215276502072811,0.5,0.0,0.24438627064228058
0,189,MEND156,2941,TCCAGATGTACGCCAA-1,11286,5394,0.21433638632297516,0.012618459564102204,0.12501628007739782,0.5,0.5,0.25817970633506776
0,190,MEND156,1985,GCAACAGCAGTATGCG-1,10587,8730,0.2143349289894104,0.008236768415447671,0.07446099566295743,0.6,0.5,0.30979633927345274
0,191,MEND156,147,AAGTGCTTCTCTATTG-1,4566,12217,0.21431458443403245,0.009869105763432445,0.1318523172289133,0.5,0.4,0.2548818737268448
0,192,MEND156,1304,CCTGGTCGAATGTGGG-1,7359,10701,0.21428517401218414,0.00794106753671259,0.08095853067934514,0.5,0.5,0.25539315342903135
0,193,MEND156,3400,TTCAATACTCTGAATC-1,8842,7517,0.2142713859677315,0.011433213897800013,0.05869251880794764,0.6,0.5,0.3118127644062042
0,194,MEND156,1068,CATGCGACCAGTTTAA-1,9889,5697,0.21425054222345352,0.006037768579967355,0.17137131094932556,0.5,0.5,0.2573216736316681
0,195,MEND156,3230,TGCGTACGGCTAATTG-1,10151,11914,0.21424906700849533,0.01182625702060107,0.11981054041534663,0.5,0.0,0.24236809611320495
0,196,MEND156,1880,GAGATGGGAGTCGACA-1,7620,9639,0.2142022207379341,0.010869657007293615,0.0222296392545104,0.7,0.4,0.3416655629873276
0,197,MEND156,1630,CTCGTGGCACTGAAAG-1,6399,13279,0.21415360271930695,0.008204683414774741,0.09672611225396395,0.5,0.0,0.24235181510448456
0,198,MEND156,3263,TGGCGACTGCTCCAAA-1,5439,10094,0.21413314044475557,0.014347005244245295,0.06448259335011244,1.0,0.4,0.4423976749181747
0,199,MEND156,71,AACCCGCTGTATTCCA-1,6486,13127,0.21408132761716842,0.007437358840638101,0.1650327116250992,0.5,0.0,0.24743815660476684
0,200,MEND156,95,AACTCAAGTTAATTGC-1,5177,7517,0.2140711158514023,0.00824853501301766,-0.054529535584151745,0.6,0.5,0.3032039076089859
0,201,MEND156,607,AGTACATCATTTATCA-1,10849,6152,0.21406111121177673,0.012950138362192474,0.0872233521193266,0.7,0.5,0.34978562891483306
0,202,MEND156,2125,GCTAACTGAAGTCTGA-1,9017,10549,0.2140206441283226,0.010416575500556894,0.11626198720186949,0.8,0.5,0.38354339003562926
0,203,MEND156,754,ATCCAGGATTCGTGAA-1,5352,7820,0.21399037390947342,0.012170733720304028,0.010666473209857941,0.6,0.5,0.3057326704263687
0,204,MEND156,2531,GTGCTATCCAGCTGGA-1,7097,13279,0.2138715296983719,0.013173364385747788,0.12279566079378128,0.6,0.4,0.29973678588867186
0,205,MEND156,1331,CGAAGGGTTTCAGATT-1,2559,11762,0.21381069868803024,0.013375232185841506,0.12084404528141021,0.6,0.5,0.3054929167032242
0,206,MEND156,594,AGGTGCACGTCCACAT-1,10413,12369,0.2138086289167404,0.00798195877624831,0.1360287556424737,0.5,0.2,0.2502609819173813
0,207,MEND156,67,AACCATAGGGTTGAAC-1,2297,11611,0.2137901708483696,0.015097799501146831,0.05600644834339619,0.9,0.4,0.4168861508369446
0,208,MEND156,1592,CTATTTGGTTACGGAT-1,8493,7213,0.213766847550869,0.00597238712548056,0.044321485608816144,0.5,0.5,0.26011660099029543
0,209,MEND156,3031,TCGCTACTGGCTTTGA-1,7708,11611,0.21374659836292267,0.008147973615630749,0.17708991877734662,0.5,0.2,0.2509990483522415
0,210,MEND156,452,AGACGACGATGCCGCT-1,4217,9791,0.21370334625244142,0.015739231712492946,0.16894806614145635,0.6,0.5,0.3036997735500336
0,211,MEND156,390,ACTCCGGCCGACCACT-1,9191,12369,0.21368936002254485,0.006464319163265396,0.17335156835615634,0.5,0.0,0.23913421630859374
0,212,MEND156,1689,CTGGGTAGGCAGTTAA-1,8231,8275,0.21368740797042846,0.008697960365421888,0.13706534616649152,0.6,0.5,0.3072219520807266
0,213,MEND156,1192,CCCTGCGCTACGCATA-1,3432,6910,0.21367586255073548,0.010148595136664832,0.018591729179024696,0.5,0.5,0.2551244258880615
0,214,MEND156,1078,CATGTCTCATTTATGG-1,8755,9185,0.21366351544857026,0.009753237841181683,0.06946650203317403,0.5,0.4,0.25278588831424714
0,215,MEND156,2436,GTATCTCGGGCGCTTT-1,2995,12520,0.2136448860168457,0.007781086713755525,0.16758729387074708,0.5,0.2,0.2506775498390198
0,216,MEND156,642,AGTGATAACCTGCGCG-1,9104,10701,0.21363770067691804,0.01205386291716431,0.15299248993396758,0.5,0.5,0.25650580525398253
0,217,MEND156,1290,CCTCTATCGATTAGCA-1,3606,9639,0.21356528997421265,0.010218588635189452,0.16679594218730925,0.5,0.5,0.2552733182907104
0,218,MEND156,867,ATTGCCTTTATGTTTG-1,8668,11459,0.21355964094400406,0.009195127902489386,0.24223586674779654,0.5,0.3,0.25015462636947633
0,219,MEND156,2693,TACCGTGCCTCGGACC-1,7359,9488,0.21354860961437225,0.010443945103528194,0.13717094175517558,0.6,0.5,0.30414142906665803
0,220,MEND156,839,ATTACGCGCTGGCAGG-1,3955,7820,0.2135466992855072,0.012773134386956283,0.14307027999311686,0.6,0.5,0.30486985146999357
0,221,MEND156,530,AGCTAGAAGCAGAAGT-1,9977,4939,0.21349093466997146,0.012160015802969866,0.21542098000645638,0.5,0.5,0.2585911095142365
0,222,MEND156,3247,TGGACCAATCTAAGAT-1,8319,11156,0.21346397697925568,0.010303001188378173,0.10890860967338085,0.5,0.1,0.24762156903743743
0,223,MEND156,843,ATTAGGCGATGCTTTC-1,7533,7365,0.21346109956502915,0.01173741661744707,0.10786175243556499,0.5,0.5,0.26368309259414674
0,224,MEND156,2753,TAGAGATCATGCAACT-1,3606,8426,0.21345843374729156,0.007748303752098668,0.0980493701994419,0.5,0.5,0.262561970949173
0,225,MEND156,1020,CAGTACATTCTCTAAA-1,10238,4787,0.21342678219079972,0.007929205888181705,0.11995543269440531,0.6,0.5,0.31021867096424105
0,226,MEND156,3019,TCGCACCAGGAGGCAG-1,8319,9336,0.21342153251171112,0.009626950363144449,0.1023339219391346,0.6,0.4,0.29937111139297484
0,227,MEND156,1281,CCTCCTAGCTAGAGTC-1,2472,11914,0.21341267228126526,0.005661034308929612,0.01436772160232067,0.5,0.0,0.246895432472229
0,228,MEND156,1674,CTGCTTGGCGATAGCT-1,7882,9791,0.21340950578451157,0.00998547321089709,0.14220892507582902,0.5,0.5,0.25914490818977354
0,229,MEND156,3472,TTGACGCTCCATGAGC-1,10151,7971,0.21339170038700103,0.010778005962646534,0.051238554529845715,0.5,0.5,0.26010414958000183
0,230,MEND156,1861,GACTGCAAATCGAGCT-1,7882,10701,0.21338751763105393,0.010323868007611979,-0.012963571771979331,0.5,0.5,0.25993221402168276
0,231,MEND156,202,AATTCTAGAGTTAGGC-1,6835,9185,0.21338105499744414,0.011237534546661567,0.14866650365293027,0.6,0.4,0.3019104927778244
0,232,MEND156,3310,TGTCGTGGGTATAGGC-1,7184,13127,0.213379430770874,0.012675646092105988,0.08300177920609712,0.7,0.5,0.33979547917842867
0,233,MEND156,2666,TAATTCCAATGCTTCA-1,11896,11611,0.21335169970989226,0.012100793465543444,0.11542365914210677,0.5,0.5,0.25509499907493594
0,234,MEND156,3537,TTGTGGTGGTACTAAG-1,9628,11307,0.21334751099348068,0.010374859606099261,0.12574798073619603,0.6,0.5,0.30283587872982026
0,235,MEND156,1045,CATAGTCAAATACATA-1,9453,11611,0.213339863717556,0.007070937612388053,0.14178114235401154,0.5,0.0,0.23700113594532013
0,236,MEND156,1531,CGTTTCGCTCATTACA-1,5613,7062,0.21333772093057632,0.010210684174636863,0.06171577023342252,0.9,0.4,0.42938885390758513
0,237,MEND156,2126,GCTAAGCCCAGTATGC-1,10762,12975,0.21333470791578293,0.008986321438334537,0.05401011314243078,0.6,0.2,0.29364662766456606
0,238,MEND156,1076,CATGGTTTATTAATCA-1,10326,12217,0.21327597945928572,0.009557976618727254,0.04405766725540161,0.5,0.4,0.2519721001386642
0,239,MEND156,753,ATCCAGAGCAACAACC-1,5875,9336,0.21326989978551864,0.008240187648318034,0.10875379499047995,0.5,0.5,0.2583803415298462
0,240,MEND156,1471,CGGTCCGTCGCAAGCC-1,5788,11307,0.21326972544193268,0.012040629344881796,0.20857467353343964,0.5,0.4,0.25585690438747405
0,241,MEND156,831,ATGTTGTAGTCTGTTT-1,5439,11611,0.21323661357164383,0.007988797297114242,-0.026072645932435988,0.5,0.4,0.252829846739769
0,242,MEND156,2281,GGCTATTAAGTTGTAT-1,4915,6758,0.21323010623455046,0.006272620763552512,0.13410748951137066,0.5,0.5,0.25354081988334654
0,243,MEND156,2240,GGCAAGCCAGGGATAG-1,11896,4332,0.21322772055864334,0.009867245840907706,0.10673411060124635,0.6,0.5,0.3061310976743698
0,244,MEND156,1792,GAAGTCAGTTGCACTA-1,6399,9639,0.21315790265798568,0.009228263575148752,0.12581181563436986,0.7,0.4,0.34304316639900206
0,245,MEND156,698,ATACTGCCTTACACCG-1,8668,10549,0.21314965337514877,0.01378404628902027,0.1960361311212182,0.5,0.4,0.25410154163837434
0,246,MEND156,773,ATCGTTAGCTAGCGGA-1,9889,10549,0.2131052166223526,0.009755038413231606,0.1165062140673399,0.8,0.3,0.3692632019519806
0,247,MEND156,2880,TCAACTAACGTATAAC-1,2995,6455,0.21310000121593475,0.010259053572710295,0.1231488898396492,0.5,0.4,0.2575072407722473
0,248,MEND156,2243,GGCAATAGTCAATGAG-1,7446,6303,0.21304234862327576,0.007816164888338282,0.08296952433884144,0.5,0.5,0.26593945026397703
0,249,MEND156,853,ATTCATCGTTGAGGCA-1,9104,11004,0.21300481855869294,0.009436561042937015,0.08554936144500971,0.5,0.5,0.2594041168689728
0,250,MEND156,494,AGCATCATTTCGAAAG-1,2995,9791,0.2129921644926071,0.00885919496624741,0.18927500573918224,0.5,0.5,0.26145936250686647
0,251,MEND156,1316,CCTTCGTATAGAATCC-1,6661,12217,0.21298506557941438,0.010388087344229654,0.008598922193050385,0.9,0.5,0.4132673442363739
0,252,MEND156,2193,GGAACCTTGACTCTGC-1,3170,10701,0.21298064887523652,0.01288379699379112,-0.01898349039256573,0.7,0.4,0.3381018817424774
0,253,MEND156,187,AATGCACCAAGCAATG-1,9802,4636,0.2129026770591736,0.011241816068084139,0.12070009205490351,0.5,0.5,0.26178890466690063
0,254,MEND156,3483,TTGATGTGTAGTCCCG-1,9191,5394,0.21287168115377425,0.010126929095419932,0.12043484412133694,0.7,0.5,0.3472896009683609
0,255,MEND156,269,ACCACAAGTTTCTATC-1,6050,6303,0.21285001933574677,0.013297639476709984,0.0718231549486518,1.0,0.4,0.4527428984642029
0,256,MEND156,2919,TCATAAGTCCAAGAAG-1,12158,11156,0.212847700715065,0.008463310314127554,0.06101490445435047,0.5,0.2,0.2489899516105652
1,1,MEND156,1219,CCGCGCAAGATACCCA-1,1599,11307,0.15523574203252793,0.010894487908720807,-0.18059309758245945,0.0,0.0,0.0
1,2,MEND156,758,ATCCTACCTAAGCTCT-1,5526,8426,0.15209975838661194,0.012111238627806506,-0.23853471130132675,0.0,0.0,0.0
1,3,MEND156,2229,GGATGACGCGAGTTTA-1,5264,7365,0.15204401090741157,0.016810680863801098,-0.3182374995201826,0.0,0.0,0.0
1,4,MEND156,2730,TACTCGGCACGCCGGG-1,2734,7213,0.15150576382875441,0.01463958952344545,-0.29006003476679326,0.0,0.0,0.0
1,5,MEND156,2783,TAGGCGGCTGCAAAGA-1,2472,11611,0.15147841796278955,0.012961408270318813,-0.3075234696269035,0.0,0.0,0.0
1,6,MEND156,1117,CCACTGGTGGCTGGTT-1,3170,7668,0.15092333853244783,0.010532066468723992,-0.25002117156982423,0.0,0.0,0.0
1,7,MEND156,1303,CCTGGCTAGACCCGCC-1,5090,6152,0.15053158700466157,0.012914644344026895,-0.25929599776864054,0.0,0.0,0.0
1,8,MEND156,1788,GAAGCTTGCTGACCGC-1,4392,6152,0.15050818026065826,0.01419287849236785,-0.3291586674749851,0.0,0.0,0.0
1,9,MEND156,1113,CCACGGTGCCCGGTAG-1,10675,7062,0.15050513595342635,0.012042363663653969,-0.24284162297844886,0.0,0.0,0.0
1,10,MEND156,821,ATGTACATGCGGTGAG-1,11111,11459,0.1504710391163826,0.010356462522776881,-0.26530036218464376,0.0,0.0,0.0
1,11,MEND156,1785,GAAGCCTGCACATTCC-1,6661,11004,0.15016327500343324,0.014015492641796143,-0.3277852460741997,0.0,0.0,0.0
1,12,MEND156,23,AAAGAATGACCTTAGA-1,1512,11459,0.15004814490675927,0.018305453004456105,-0.22876990735530853,0.0,0.0,0.0
1,13,MEND156,3132,TCTTTCATCCGTCCTT-1,1686,11762,0.1500471591949463,0.009139935219383463,-0.22571211345493794,0.0,0.0,0.0
1,14,MEND156,2815,TATAGGGTACTCATGA-1,3083,7213,0.14991518557071687,0.013097256982268077,-0.33920110315084456,0.0,0.0,0.0
1,15,MEND156,207,ACAAACCATGCGTCCT-1,2734,11459,0.14983737617731094,0.011516543891211714,-0.330730140209198,0.0,0.0,0.0
1,16,MEND156,681,ATACAGCGTCCACTGA-1,1337,12975,0.1496931716799736,0.01048281254462216,-0.20388416647911073,0.0,0.0,0.0
1,17,MEND156,2946,TCCATCAATACTAATC-1,2559,11459,0.14908457100391387,0.010631383893418302,-0.31745884865522384,0.0,0.0,0.0
1,18,MEND156,1300,CCTGCTACAACCATAC-1,10675,13430,0.14888792335987092,0.014719808310315812,-0.24984113425016402,0.0,0.0,0.0
1,19,MEND156,1979,GCAAACGTAAGCGACC-1,1774,12217,0.148850716650486,0.01301069512717909,-0.3284915030002594,0.0,0.0,0.0
1,20,MEND156,3078,TCTAGTTATCAGAAGA-1,6050,6910,0.1488052487373352,0.013598228825440681,-0.2608601560816169,0.0,0.0,0.0
1,21,MEND156,1152,CCCAAACATGCTGCTC-1,9017,6910,0.14873213768005372,0.009957679940281785,-0.30462848842144014,0.0,0.0,0.0
1,22,MEND156,2516,GTGATCAAGCGTGCAC-1,3694,11611,0.1486501231789589,0.01024251868809476,-0.35542229264974595,0.0,0.0,0.0
1,23,MEND156,3147,TGACAGAAATCTTGCT-1,1861,12672,0.14861352518200874,0.01633571078343903,-0.3064096957445145,0.0,0.0,0.0
1,24,MEND156,3236,TGCTCCACAGTTCTTA-1,9628,8578,0.14857101291418076,0.016480564525152768,-0.18430455699563025,0.0,0.0,0.0
1,25,MEND156,990,CAGAGCGATGGATGCT-1,12158,12369,0.1485590636730194,0.01625344309556126,-0.34766771346330644,0.0,0.0,0.0
1,26,MEND156,600,AGGTTGAGGCACGCTT-1,7795,5090,0.14840332716703414,0.012477203394465257,-0.2724608853459358,0.0,0.0,0.0
1,27,MEND156,2667,TAATTGCGCTGATTAC-1,1774,12520,0.14837721437215806,0.010923960513428891,-0.3126797884702682,0.0,0.0,0.0
1,28,MEND156,2227,GGATCTTGACTCAACC-1,2821,9488,0.14837126582860946,0.01833808718358947,-0.23147765472531318,0.0,0.0,0.0
1,29,MEND156,1714,CTTAGCCTTCCACATG-1,8144,5090,0.14830997958779335,0.013338043308650157,-0.309140981733799,0.0,0.0,0.0
1,30,MEND156,2422,GTAGAGGGAGACAAGT-1,4043,9488,0.1482354462146759,0.012696546467893513,-0.22087910808622838,0.0,0.0,0.0
1,31,MEND156,1477,CGGTTGACCTGGCATA-1,3519,7668,0.14819620102643966,0.013520199536598785,-0.2726010888814926,0.0,0.0,0.0
1,32,MEND156,1074,CATGGTATTAGTTTGT-1,1948,10701,0.14807058721780778,0.009886706086664497,-0.3064995750784874,0.0,0.0,0.0
1,33,MEND156,1341,CGACCCTTAACGCCGG-1,2385,9033,0.14800375401973725,0.012082779050330473,-0.2922607962042093,0.0,0.0,0.0
1,34,MEND156,3387,TTATATACGCTGTCAC-1,7795,7517,0.1478938490152359,0.015813007074929174,-0.38354479521512985,0.0,0.0,0.0
1,35,MEND156,2448,GTCATCCCAAACTCAC-1,3344,13430,0.1478605531156063,0.017182813942262013,-0.18115647397935392,0.0,0.0,0.0
1,36,MEND156,1592,CTATTTGGTTACGGAT-1,8493,7213,0.14786029160022734,0.009891099919749654,-0.32612070329487325,0.0,0.0,0.0
1,37,MEND156,2397,GGTTTACAATCTCAAT-1,7708,5545,0.1478203259408474,0.01249783031450379,-0.23766367677599193,0.0,0.0,0.0
1,38,MEND156,3513,TTGGGAAGACGAGCCG-1,6922,12066,0.147775599360466,0.015011031848875969,-0.3550108462572098,0.0,0.0,0.0
1,39,MEND156,3335,TGTTGCCGTCGTCCCA-1,11984,8730,0.14774349927902222,0.010330232519891545,-0.20453500002622604,0.0,0.0,0.0
1,40,MEND156,1575,CTAGTTGGGCCCGGTA-1,7271,5697,0.14773904383182526,0.009917753296442525,-0.37156680822372434,0.0,0.0,0.0
1,41,MEND156,2843,TATGGCCCGGCCTCGC-1,3955,6303,0.14772437065839766,0.013264375793694057,-0.39175228141248225,0.0,0.0,0.0
1,42,MEND156,1241,CCGGTATCTGGCGACT-1,8755,13430,0.14769726768136024,0.01282699661394703,-0.15667374841868878,0.0,0.0,0.0
1,43,MEND156,3540,TTGTTCAGTGTGCTAC-1,6922,5394,0.1476756900548935,0.013381520209916457,-0.13359038420021535,0.0,0.0,0.0
1,44,MEND156,2320,GGGCCTAAATGGGCTA-1,2123,8578,0.14767338186502457,0.012888048351240557,-0.31606991589069366,0.0,0.0,0.0
1,45,MEND156,307,ACCGGTCAGGTACACC-1,2646,10701,0.14749738126993178,0.018016291943883076,-0.21607996784150602,0.0,0.0,0.0
1,46,MEND156,3127,TCTTGGTAACACCAAA-1,7010,4939,0.14748741090297698,0.013257081117569984,-0.19706239737570286,0.0,0.0,0.0
1,47,MEND156,2524,GTGCCATCACACGGTG-1,4304,8123,0.14744851216673852,0.013953858081951665,-0.26131674759089946,0.0,0.0,0.0
1,48,MEND156,3220,TGCGAATATGGGATTT-1,2472,8578,0.1474057301878929,0.01201043928742358,-0.3427789002656937,0.0,0.0,0.0
1,49,MEND156,2446,GTCACTCATGAGCGAT-1,1425,11914,0.14740138351917267,0.015734427871877378,-0.2163709856569767,0.0,0.0,0.0
1,50,MEND156,803,ATGCTTAGGAGTTGAT-1,11111,10246,0.14738409370183944,0.010291318869311377,-0.37614765465259553,0.0,0.0,0.0
1,51,MEND156,690,ATACGGAACGTCGTTT-1,3257,10246,0.14737774133682252,0.013003177556543389,-0.18701887540519238,0.0,0.0,0.0
1,52,MEND156,485,AGCACACGTTTAGACT-1,3606,12066,0.14731794446706772,0.011495167216819572,-0.366471048630774,0.0,0.0,0.0
1,53,MEND156,254,ACATCGATCGTTTACC-1,6748,8123,0.14730534106492996,0.01709687297706744,-0.3046930838376284,0.0,0.0,0.0
1,54,MEND156,2213,GGAGACCATCTACATA-1,2035,9336,0.14725096374750138,0.015254813337450327,-0.1954042859375477,0.0,0.0,0.0
1,55,MEND156,284,ACCCGGAAACTCCCAG-1,7010,10398,0.14717757925391198,0.015830055375672447,-0.33671864680945873,0.0,0.0,0.0
1,56,MEND156,142,AAGTCTTCTGTGGCCT-1,1599,7668,0.14690327346324922,0.014526450132348124,-0.33601621687412264,0.0,0.0,0.0
1,57,MEND156,2528,GTGCGAAATCGAACAC-1,5090,8578,0.14689325988292695,0.014410285649841951,-0.32186469733715056,0.0,0.0,0.0
1,58,MEND156,3416,TTCCCGGCGCCAATAG-1,2385,8730,0.14684798419475556,0.012526690430988165,-0.29224255345761774,0.0,0.0,0.0
1,59,MEND156,2532,GTGCTCAAGTACTGTC-1,5875,6910,0.14675219506025314,0.011729843078302236,-0.3545616164803505,0.0,0.0,0.0
1,60,MEND156,1354,CGAGATTTCGCTCGGG-1,11460,8123,0.146749110519886,0.014421684732214052,-0.18616153076291084,0.0,0.0,0.0
1,61,MEND156,557,AGGATTGCTTACGACA-1,11809,6303,0.1467325881123543,0.015576348037439434,-0.34296966940164564,0.0,0.0,0.0
1,62,MEND156,1006,CAGCTCGACAAGTTAA-1,9191,6000,0.14673125967383385,0.014987768740796345,-0.3526152968406677,0.0,0.0,0.0
1,63,MEND156,3488,TTGCATGCTGATCACG-1,4392,7971,0.14671933874487877,0.011340517734925169,-0.24441067315638065,0.0,0.0,0.0
1,64,MEND156,10,AAACCGTTCGTCCAGG-1,5002,9639,0.1466198444366455,0.010407372066310332,-0.32100188732147217,0.0,0.0,0.0
1,65,MEND156,3040,TCGGAGTACATGAGTA-1,7795,6607,0.14659929275512695,0.009635707518038534,-0.31641875654459,0.0,0.0,0.0
1,66,MEND156,1562,CTAGCATAGTATAATG-1,7097,6910,0.1465924009680748,0.01838447531381519,-0.3372566029429436,0.0,0.0,0.0
1,67,MEND156,55,AACAATTACTCTACGC-1,3519,6152,0.14657758474349974,0.009386527049811433,-0.30160414054989815,0.0,0.0,0.0
1,68,MEND156,3261,TGGCCAAACTGAAGTA-1,7970,6000,0.14653878211975097,0.011620794456682102,-0.3254553094506264,0.0,0.0,0.0
1,69,MEND156,1531,CGTTTCGCTCATTACA-1,5613,7062,0.14652369618415834,0.011244202825352007,-0.3157881565392017,0.0,0.0,0.0
1,70,MEND156,2877,TCAACGAGGAGACAAA-1,6224,8123,0.1464899092912674,0.0116914059458068,-0.36233445852994917,0.0,0.0,0.0
1,71,MEND156,2218,GGAGGCCGAAGTCGTC-1,11460,7820,0.146380003541708,0.013745445450876899,-0.22720430921763182,0.0,0.0,0.0
1,72,MEND156,2081,GCGACCCAACCATCTG-1,4217,10701,0.14637216180562973,0.01327952311945859,-0.31878149770200254,0.0,0.0,0.0
1,73,MEND156,1745,CTTTAATATTGGTCGA-1,7708,9488,0.14634839072823524,0.017905833832799523,-0.278984534740448,0.0,0.0,0.0
1,74,MEND156,1747,CTTTAGGAACACTGTT-1,8929,7971,0.14633134454488755,0.013662567128270364,-0.32679940573871136,0.0,0.0,0.0
1,75,MEND156,1663,CTGCCATGCATCACAT-1,6748,7820,0.1463257372379303,0.013752598882984256,-0.35124869346618653,0.0,0.0,0.0
1,76,MEND156,3301,TGTAGTGATCTATAAT-1,4217,7062,0.14626604318618774,0.013338810194548117,-0.18887829072773457,0.0,0.0,0.0
1,77,MEND156,771,ATCGGTTACCTAGTAA-1,2035,6910,0.14625572115182878,0.015269117016884675,-0.2305365890264511,0.0,0.0,0.0
1,78,MEND156,168,AATATTGGAGTATTGA-1,3257,7213,0.14622237905859947,0.012451428343063538,-0.28720940798521044,0.0,0.0,0.0
1,79,MEND156,1359,CGAGGGTATCCAGGTG-1,6573,11459,0.14620811492204666,0.011052727146676296,-0.2859973706305027,0.0,0.0,0.0
1,80,MEND156,1268,CCTATATCGTGTCACG-1,2210,10853,0.14618622958660127,0.013416639471414577,-0.3299567922949791,0.0,0.0,0.0
1,81,MEND156,1049,CATATAGGTACAGTCA-1,6137,8275,0.14617377370595933,0.017163761752714564,-0.35169893614947795,0.0,0.0,0.0
1,82,MEND156,2995,TCCTCCTAAGACATTC-1,3170,8881,0.14612699598073958,0.011967578718928668,-0.28885127454996107,0.0,0.0,0.0
1,83,MEND156,646,AGTGCGTAGCTCGTAA-1,5002,8730,0.1460984617471695,0.014168588294633943,-0.1857971992343664,0.0,0.0,0.0
1,84,MEND156,1327,CGAACGGCCGGACAAC-1,2646,8881,0.14609402865171434,0.011618435560290455,-0.3673789381980896,0.0,0.0,0.0
1,85,MEND156,1047,CATAGTGGGCACGCCT-1,12246,12520,0.14606962949037552,0.016425550501431536,-0.29672256410121917,0.0,0.0,0.0
1,86,MEND156,966,CACGCGGAACTGTTGC-1,9889,8123,0.1460474893450737,0.009491528624593884,-0.3528549835085869,0.0,0.0,0.0
1,87,MEND156,2789,TAGGTGAGCCCTACTC-1,4217,6152,0.14604200422763824,0.012395455580235647,-0.2745689760893583,0.0,0.0,0.0
1,88,MEND156,2141,GCTATAAGGGCCAGGA-1,10849,13127,0.1459956496953964,0.009535482545723648,-0.26282768361270425,0.0,0.0,0.0
1,89,MEND156,1190,CCCTGACTAACAAATT-1,2385,7517,0.1459728389978409,0.012138610565927023,-0.33797614425420763,0.0,0.0,0.0
1,90,MEND156,430,ACTTTGTCGACGCACT-1,11809,10246,0.14595532268285752,0.011532116514323473,-0.2901284798979759,0.0,0.0,0.0
1,91,MEND156,1717,CTTAGTAGGCCTACAG-1,10238,6607,0.14589359387755393,0.015185725206806664,-0.42738297283649446,0.0,0.0,0.0
1,92,MEND156,1462,CGGGTGTACCCATTTA-1,8842,6607,0.14588263928890227,0.017573815843923223,-0.13121343068778515,0.0,0.0,0.0
1,93,MEND156,1549,CTACACTCGCAGATGG-1,10151,10398,0.14587823376059533,0.013799759393835024,-0.1756953552365303,0.0,0.0,0.0
1,94,MEND156,3528,TTGTCTCGGCAAGATG-1,4915,13127,0.14587757959961892,0.015010273583194593,-0.35539776980876925,0.0,0.0,0.0
1,95,MEND156,2691,TACCGGTCGTTTCCAT-1,4304,8426,0.14585096538066863,0.012839366035128965,-0.26018405333161354,0.0,0.0,0.0
1,96,MEND156,205,AATTGCGTGGATTACA-1,2123,11914,0.14584264010190964,0.015822251116938964,-0.24866712540388108,0.0,0.0,0.0
1,97,MEND156,1380,CGCACATGTCCACTAC-1,8929,7668,0.14581077694892883,0.012509888233345303,-0.29113158490508795,0.0,0.0,0.0
1,98,MEND156,3432,TTCGGACTGGGCATGG-1,1861,12066,0.14581045135855675,0.018604236964907515,-0.3290681544691324,0.0,0.0,0.0
1,99,MEND156,3057,TCGTCAAGTACGCGCA-1,4653,10246,0.14579790458083153,0.010602489793619366,-0.30544617734849455,0.0,0.0,0.0
1,100,MEND156,1031,CATAACGGACAGTCGT-1,9540,7213,0.1457570344209671,0.014650504074706512,-0.3253878325223923,0.0,0.0,0.0
1,101,MEND156,3011,TCGACTGACGATGGCT-1,11722,13127,0.1457434095442295,0.011591011392794897,-0.347452686727047,0.0,0.0,0.0
1,102,MEND156,3397,TTATTATCTGGAAGGC-1,11896,10094,0.14573620408773422,0.017450032575295787,-0.3108884781599045,0.0,0.0,0.0
1,103,MEND156,36,AAATACCTATAAGCAT-1,7359,8881,0.1457350119948387,0.01416514809736995,-0.2555753502994776,0.0,0.0,0.0
1,104,MEND156,609,AGTACGGGCACCTGGC-1,8231,5545,0.1457256443798542,0.017647948323234876,-0.36714186668396,0.0,0.0,0.0
1,105,MEND156,1833,GACCGATTAAATATGT-1,2734,12066,0.14571175277233123,0.013788020153492854,-0.3653766974806786,0.0,0.0,0.0
1,106,MEND156,2739,TACTGGACAGCTCGGC-1,3519,7062,0.1456800378859043,0.01664248879480052,-0.2044849332422018,0.0,0.0,0.0
1,107,MEND156,2897,TCACGATGTCCGTGGA-1,3781,9639,0.14567425847053528,0.014600736097860553,-0.40702728778123853,0.0,0.0,0.0
1,108,MEND156,942,CACATTTCTTGTCAGA-1,10762,8426,0.14558370858430864,0.01191060864819308,-0.3351502239704132,0.0,0.0,0.0
1,109,MEND156,422,ACTTGTAGTCCCTTCA-1,2210,8426,0.1455662652850151,0.017457033365512364,-0.2704310504719615,0.0,0.0,0.0
1,110,MEND156,3544,TTGTTTCATTAGTCTA-1,3955,10853,0.1455615431070328,0.010775538145695257,-0.3571921929717064,0.0,0.0,0.0
1,111,MEND156,1921,GAGTTGATGGCAATTT-1,2995,9488,0.14555757790803908,0.011568394513957539,-0.2959767892956734,0.0,0.0,0.0
1,112,MEND156,2336,GGGTATGTATGCACTT-1,3781,6000,0.14554230570793153,0.0109202188572802,-0.3741559684276581,0.0,0.0,0.0
1,113,MEND156,787,ATCTTGACTTGTCCAA-1,10762,6303,0.14551358968019484,0.011544737023291072,-0.20488089919090272,0.0,0.0,0.0
1,114,MEND156,626,AGTCGGCTCAACTTTA-1,3344,8881,0.14547979086637497,0.010191233361068435,-0.29447800349444153,0.0,0.0,0.0
1,115,MEND156,2066,GCCTATAGTGTCAGGG-1,9278,6152,0.14545460045337677,0.014405469897724059,-0.29444137699902057,0.0,0.0,0.0
1,116,MEND156,5,AAACATGGTGAGAGGA-1,1337,11156,0.1454281374812126,0.015202034403444933,-0.28089826703071596,0.0,0.0,0.0
1,117,MEND156,2035,GCCACTCCTTACGGTA-1,11722,10094,0.14541729986667634,0.018920987003042747,-0.20842335224151612,0.0,0.0,0.0
1,118,MEND156,1695,CTGGTGAATGGGCCTA-1,2995,11611,0.14539996460080146,0.013634865496373156,-0.35880179703235626,0.0,0.0,0.0
1,119,MEND156,596,AGGTGTATCGCCATGA-1,2821,7365,0.14536592811346055,0.01063104087048093,-0.3455957293510437,0.0,0.0,0.0
1,120,MEND156,1813,GACACAAGGGAAGAAA-1,7620,6303,0.14535726606845856,0.006923565492775786,-0.4001333434134722,0.0,0.0,0.0
1,121,MEND156,2010,GCAGCCTATATCACAT-1,11198,7062,0.14534553438425063,0.012114201438116787,-0.3329117923974991,0.0,0.0,0.0
1,122,MEND156,2214,GGAGACGACACCTTTG-1,7184,8275,0.14534300342202186,0.012636618368125562,-0.3725737139582634,0.0,0.0,0.0
1,123,MEND156,100,AACTTGCCCGTATGCA-1,3694,6152,0.1453329101204872,0.011098311158589242,-0.4373873695731163,0.0,0.0,0.0
1,124,MEND156,3530,TTGTGAGGCATGACGC-1,2472,8275,0.14530750513076782,0.017931046373607065,-0.26836372055113317,0.0,0.0,0.0
1,125,MEND156,2863,TATTGCCGGGCTTGTA-1,11198,11914,0.14527105391025544,0.01440232618364481,-0.40835798233747483,0.0,0.0,0.0
1,126,MEND156,3270,TGGGCAGGCCACCGCA-1,11460,9943,0.1452592670917511,0.017720384965861938,-0.2574052646756172,0.0,0.0,0.0
1,127,MEND156,515,AGCGACTTTGAAGACA-1,5264,13430,0.14524791538715362,0.014781300329950276,-0.3123328223824501,0.0,0.0,0.0
1,128,MEND156,1731,CTTCGTAGATAGGTGA-1,5264,7668,0.14522845447063445,0.013394080811317724,-0.37209493219852446,0.0,0.0,0.0
1,129,MEND156,1501,CGTGAAGTTAATTCAC-1,6224,7820,0.14522748589515685,0.014867394827197861,-0.25709010660648346,0.0,0.0,0.0
1,130,MEND156,3199,TGCAGTGGTAGGGAAC-1,3083,12066,0.1451806381344795,0.014376033995828505,-0.31222568787634375,0.0,0.0,0.0
1,131,MEND156,1408,CGCGAGTCTGCCGGGT-1,3083,9639,0.14516311511397362,0.011100827178204485,-0.33459933698177335,0.0,0.0,0.0
1,132,MEND156,1166,CCCGAAGTTTCGCGAA-1,2297,8578,0.14515715688467026,0.013092954017445157,-0.29185078144073484,0.0,0.0,0.0
1,133,MEND156,3118,TCTTAGAGCTCCAATT-1,10762,7820,0.14511314481496812,0.017259400077378015,-0.22555781789124013,0.0,0.0,0.0
1,134,MEND156,1845,GACGGGCATCGAATTT-1,10675,13127,0.14509939551353454,0.010930607930570196,-0.3402787555009127,0.0,0.0,0.0
1,135,MEND156,2632,TAACATACAATGTGGG-1,7446,7517,0.1450806587934494,0.015100865368317536,-0.33325421921908854,0.0,0.0,0.0
1,136,MEND156,2947,TCCATTCCCACTAGAG-1,12333,4484,0.14507760629057884,0.015553460145194589,-0.2708406191319227,0.0,0.0,0.0
1,137,MEND156,3505,TTGGAAGAATACAGTC-1,3432,9336,0.14505949541926383,0.015610903852874355,-0.37852158546447756,0.0,0.0,0.0
1,138,MEND156,1506,CGTGCCCTCCCGAAGA-1,8057,8275,0.14504535123705864,0.012676966174414083,-0.29000804722309115,0.0,0.0,0.0
1,139,MEND156,2880,TCAACTAACGTATAAC-1,2995,6455,0.14503912404179573,0.017470106430141397,-0.26824266873300073,0.0,0.0,0.0
1,140,MEND156,2909,TCAGCAAATGCATCTC-1,7708,6455,0.14501817673444747,0.014605851514506963,-0.21560033708810805,0.0,0.0,0.0
1,141,MEND156,219,ACAAGGGCAGGCTCTG-1,7970,8426,0.14499810189008713,0.009354503514401433,-0.2828552696853876,0.0,0.0,0.0
1,142,MEND156,1944,GATCGACACTATCTGA-1,5439,5849,0.14498842805624007,0.013859027684745884,-0.28487247973680496,0.0,0.0,0.0
1,143,MEND156,2049,GCCCGTAATACCTTCT-1,8231,5849,0.14498042762279512,0.015917347587158796,-0.299870702624321,0.0,0.0,0.0
1,144,MEND156,1582,CTATCGACGAAATACA-1,9453,9791,0.1449724942445755,0.015641711309375125,-0.2726930670440197,0.0,0.0,0.0
1,145,MEND156,834,ATTAATACTACGCGGG-1,7097,5090,0.14494962468743325,0.01361093993254388,-0.37588448226451876,0.0,0.0,0.0
1,146,MEND156,2820,TATATCCCTGGGAGGA-1,9889,7213,0.1449342429637909,0.012105994363224551,-0.34324724078178404,0.0,0.0,0.0
1,147,MEND156,1247,CCGTATTAGCGCAGTT-1,11024,4332,0.1449291706085205,0.01206084599621302,-0.27577518820762636,0.0,0.0,0.0
1,148,MEND156,2857,TATTCAATTCTAATCC-1,7795,6910,0.14492615014314653,0.013613441031487752,-0.3267819434404373,0.0,0.0,0.0
1,149,MEND156,2553,GTGGTTTCCGCCTTTC-1,4130,8123,0.1449254035949707,0.01549551394217048,-0.4303733348846436,0.0,0.0,0.0
1,150,MEND156,2966,TCCCTGGCTCGCTGGA-1,3694,6758,0.14488493353128434,0.012168474965791607,-0.2830791175365448,0.0,0.0,0.0
1,151,MEND156,1348,CGAGACCCTAGAGTGT-1,6661,8275,0.1448727086186409,0.015029122476120949,-0.252752136439085,0.0,0.0,0.0
1,152,MEND156,3481,TTGATCTAACTTTGTC-1,5439,6152,0.1448681890964508,0.016788104757907957,-0.2865554191172123,0.0,0.0,0.0
1,153,MEND156,1132,CCAGTCAAATCTCTTA-1,2035,8123,0.14481381177902222,0.012976798903347438,-0.26788063943386076,0.0,0.0,0.0
1,154,MEND156,2839,TATGATCCGGCACGCC-1,11111,5697,0.14478028267621995,0.012954660154133421,-0.35813016891479493,0.0,0.0,0.0
1,155,MEND156,1063,CATGATCGCTTTGAGA-1,11460,11762,0.14475529938936232,0.01328694906110077,-0.31747606992721555,0.0,0.0,0.0
1,156,MEND156,2185,GCTTTCAGAGGAGGTG-1,9628,6758,0.1447541207075119,0.012996737421039281,-0.38649176955223086,0.0,0.0,0.0
1,157,MEND156,1124,CCAGCCTGGACCAATA-1,7010,7365,0.14472202807664872,0.01708989163539435,-0.34400265365839006,0.0,0.0,0.0
1,158,MEND156,1459,CGGGCAGCTAAACCGC-1,6224,6607,0.14471729844808578,0.01443345077609033,-0.396514767408371,0.0,0.0,0.0
1,159,MEND156,677,ATAAGTTACCGCGACG-1,5875,8730,0.14470817819237708,0.011089989543813805,-0.21923162341117858,0.0,0.0,0.0
1,160,MEND156,2547,GTGGGCTTAGACACAC-1,4741,6152,0.1446862481534481,0.011689619114647342,-0.33056126087903975,0.0,0.0,0.0
1,161,MEND156,648,AGTGCTTGCACGAATA-1,9104,7971,0.1446843385696411,0.01343567274105035,-0.27529233545064924,0.0,0.0,0.0
1,162,MEND156,931,CACAGAGACGAGGACG-1,3083,11459,0.14466664120554923,0.01619236721608718,-0.3762670993804932,0.0,0.0,0.0
1,163,MEND156,1411,CGCGCCCGACTTAATA-1,7882,4939,0.14464163333177565,0.015726847295194326,-0.2605617895722389,0.0,0.0,0.0
1,164,MEND156,2011,GCAGCTGTCAACGCAT-1,8929,12520,0.14463921785354614,0.014016884801291494,-0.2456374280154705,0.0,0.0,0.0
1,165,MEND156,2630,TAACAGCGTTTGTGCT-1,4566,11307,0.1446309506893158,0.012712473668513316,-0.1407958373427391,0.0,0.0,0.0
1,166,MEND156,1015,CAGGCGCACGGTGGTC-1,3781,10246,0.14462620317935942,0.010405740699748867,-0.40131614953279493,0.0,0.0,0.0
1,167,MEND156,222,ACAATCCATTTAAACC-1,4130,7213,0.14462154731154442,0.01721142415654448,-0.35433889329433443,0.0,0.0,0.0
1,168,MEND156,3404,TTCACTTCCTAGAACG-1,5788,11914,0.1446035087108612,0.012014636605434026,-0.36665995270013807,0.0,0.0,0.0
1,169,MEND156,1595,CTCACACGCAAGCCTA-1,11984,4484,0.14458873569965364,0.012536141640705474,-0.22173336893320084,0.0,0.0,0.0
1,170,MEND156,1809,GACAAACATATGCAGG-1,10064,8426,0.14457824677228928,0.012860160455286901,-0.21448287405073643,0.0,0.0,0.0
1,171,MEND156,3092,TCTCGTGTTACGAGGA-1,1774,8578,0.1445761278271675,0.011562981847931466,-0.21898142620921135,0.0,0.0,0.0
1,172,MEND156,2425,GTAGCTCCGGGAGGCT-1,4566,11611,0.14455583095550537,0.01560441523058868,-0.3021993592381477,0.0,0.0,0.0
1,173,MEND156,3498,TTGCGGAAAGCTGCCC-1,5002,13279,0.14453802555799483,0.0143169952798749,-0.3920175775885582,0.0,0.0,0.0
1,174,MEND156,1029,CAGTTCAAATTGACAC-1,5788,6152,0.14453574046492576,0.015209890528354834,-0.3351293906569481,0.0,0.0,0.0
1,175,MEND156,1088,CATTGCGGGTCAATTC-1,11373,5545,0.14451785981655121,0.013677575730512611,-0.31398183554410936,0.0,0.0,0.0
1,176,MEND156,1234,CCGGCCGCGAGCATAT-1,1512,10549,0.14443563893437386,0.020240427021733055,-0.18245730102062224,0.0,0.0,0.0
1,177,MEND156,3151,TGACATGTAACGTGAC-1,6835,12217,0.1444252163171768,0.017829452165494825,-0.3342678099870682,0.0,0.0,0.0
1,178,MEND156,3436,TTCGGTACTGTAGAGG-1,6835,11914,0.14441893845796586,0.012053365206646195,-0.3671983376145363,0.0,0.0,0.0
1,179,MEND156,3039,TCGGAGAGTATCGGGA-1,3344,8578,0.14441484659910203,0.012918772173367525,-0.30220129899680614,0.0,0.0,0.0
1,180,MEND156,813,ATGGCGGAATAGTCGC-1,12158,6910,0.14440318942070007,0.015175181609574682,-0.30939090996980667,0.0,0.0,0.0
1,181,MEND156,384,ACTCCAATATCATCAT-1,3868,11307,0.14439977556467057,0.012360650049655269,-0.3156793672591448,0.0,0.0,0.0
1,182,MEND156,2246,GGCACTCCACTGGGCA-1,5352,6910,0.14436648264527321,0.012576312847933771,-0.31323721408843996,0.0,0.0,0.0
1,183,MEND156,1913,GAGTCAGACCAGAATC-1,5526,10246,0.14436340928077698,0.0112978508003724,-0.2486816354095936,0.0,0.0,0.0
1,184,MEND156,1204,CCGACGGGCATGAGGT-1,3606,9943,0.14432024732232093,0.01742523168790273,-0.30615522637963294,0.0,0.0,0.0
1,185,MEND156,993,CAGATACTAACATAGT-1,5352,5697,0.14431547075510026,0.009544568305569847,-0.4168925739824772,0.0,0.0,0.0
1,186,MEND156,878,ATTTCCGGGTTCTGCG-1,4392,10094,0.14430442228913307,0.014515935650954942,-0.28121002316474913,0.0,0.0,0.0
1,187,MEND156,3374,TTAGCATCCCTCACGT-1,1425,12824,0.1443016119301319,0.014181179280990355,-0.34588867872953416,0.0,0.0,0.0
1,188,MEND156,1094,CCAACGATGCACTGAT-1,4566,6455,0.14429779946804047,0.013811182718939573,-0.3608996123075485,0.0,0.0,0.0
1,189,MEND156,1295,CCTGACCACCGATGGT-1,6661,8578,0.14426935240626335,0.01213475121743087,-0.2732953906059265,0.0,0.0,0.0
1,190,MEND156,551,AGGAGCGTTTATTATC-1,11373,13430,0.14426535218954087,0.019383416071937956,-0.21799232736229895,0.0,0.0,0.0
1,191,MEND156,2612,GTTTCTTGTTAGAGCT-1,1599,12824,0.14425240233540534,0.013956396649533374,-0.3290945515036583,0.0,0.0,0.0
1,192,MEND156,863,ATTGACCGGCGATGAC-1,11286,4787,0.14425041228532792,0.016218463447160488,-0.311164864897728,0.0,0.0,0.0
1,193,MEND156,2814,TATAGCTATTATCTCT-1,1512,13279,0.1442481443285942,0.013407817446991007,-0.32855804041028025,0.0,0.0,0.0
1,194,MEND156,810,ATGGCAGCATTACGAT-1,2908,11459,0.1442394308745861,0.014177380046852091,-0.28856629878282547,0.0,0.0,0.0
1,195,MEND156,3327,TGTGTTCGTATCCAAG-1,3170,6455,0.14419796094298362,0.012901907279564901,-0.3517885893583298,0.0,0.0,0.0
1,196,MEND156,1022,CAGTAGCCCACGCGGT-1,9278,5545,0.14418458491563796,0.00760805973014139,-0.3425115987658501,0.0,0.0,0.0
1,197,MEND156,1025,CAGTCTGTATACTGGG-1,7097,8123,0.14417849332094193,0.010667745698545616,-0.35345005691051484,0.0,0.0,0.0
1,198,MEND156,1572,CTAGTCACGTCTTAAG-1,7359,7365,0.14417675361037255,0.011528472886657695,-0.21405668277293444,0.0,0.0,0.0
1,199,MEND156,1340,CGACAGTTCGCGTTAT-1,5002,7213,0.14417185634374619,0.012567521992780372,-0.30920025557279585,0.0,0.0,0.0
1,200,MEND156,1315,CCTTCCGCAACGCTGC-1,2646,12520,0.14412135630846024,0.014918191594372602,-0.25960749574005604,0.0,0.0,0.0
1,201,MEND156,742,ATCAGCTCGTCCACTA-1,2646,9185,0.14410478100180626,0.016904453871302873,-0.28222044501453636,0.0,0.0,0.0
1,202,MEND156,2862,TATTGACATTTCTGCC-1,11547,7062,0.14409256130456924,0.009531557742839623,-0.23676337897777558,0.0,0.0,0.0
1,203,MEND156,2644,TAAGGCATAACATCAA-1,5613,10398,0.14408097565174102,0.017292522060632042,-0.3087799333035946,0.0,0.0,0.0
1,204,MEND156,21,AAACTTAATTGCACGC-1,2385,11459,0.144064312428236,0.014385770128552869,-0.29219491221010685,0.0,0.0,0.0
1,205,MEND156,3259,TGGCAGCAGTAATAGT-1,6661,7668,0.1440601631999016,0.01126517151884643,-0.38074394315481186,0.0,0.0,0.0
1,206,MEND156,1440,CGGAGTTTGAGAGACA-1,4304,6303,0.1440569832921028,0.013391597876569662,-0.25750855803489686,0.0,0.0,0.0
1,207,MEND156,893,CAACACATCTCCTGCC-1,11809,6607,0.1440519906580448,0.013814900437839152,-0.3488214313983917,0.0,0.0,0.0
1,208,MEND156,754,ATCCAGGATTCGTGAA-1,5352,7820,0.14405090361833572,0.009997237073772076,-0.3860114565119147,0.0,0.0,0.0
1,209,MEND156,76,AACCTGTCACGGAATT-1,11635,7213,0.14404411241412163,0.01294659725819176,-0.2070038713514805,0.0,0.0,0.0
1,210,MEND156,3124,TCTTCTATAACCCGCC-1,10675,8578,0.14403512999415397,0.019283776461393013,-0.3135094106197357,0.0,0.0,0.0
1,211,MEND156,770,ATCGGCAAGCAGTCCA-1,9715,4787,0.14402765035629272,0.01793306044703575,-0.28617369681596755,0.0,0.0,0.0
1,212,MEND156,1189,CCCTGAAATGAGTTGA-1,4741,6455,0.1440237320959568,0.016995417839346307,-0.27369366846978666,0.0,0.0,0.0
1,213,MEND156,3395,TTATGATCTTAACGAA-1,8493,7517,0.14400661140680313,0.009914669979257554,-0.3667657792568207,0.0,0.0,0.0
1,214,MEND156,54,AACAATACATTGTCGA-1,4566,11004,0.14399553015828132,0.013064610323087979,-0.2651094313710928,0.0,0.0,0.0
1,215,MEND156,3333,TGTTCTCATACTATAG-1,12420,12520,0.14398662596940995,0.011016480737900571,-0.30548383593559264,0.0,0.0,0.0
1,216,MEND156,1366,CGATAGCGATACAGTG-1,2210,11762,0.14396506696939468,0.01578469384324759,-0.2549091950058937,0.0,0.0,0.0
1,217,MEND156,842,ATTAGATTCCTCAGCA-1,10500,5545,0.14396322146058083,0.013189483825913718,-0.3317287679761648,0.0,0.0,0.0
1,218,MEND156,1291,CCTCTCTCCCATCTAG-1,4479,6910,0.14396293014287947,0.01450212489119243,-0.22456165999174119,0.0,0.0,0.0
1,219,MEND156,2270,GGCGCATGAATTGATG-1,6050,8123,0.14396133720874787,0.016147809769946005,-0.2697634145617485,0.0,0.0,0.0
1,220,MEND156,740,ATCAGACGGCACGCCG-1,5002,8426,0.14395772963762282,0.012626334780979876,-0.330143529176712,0.0,0.0,0.0
1,221,MEND156,1468,CGGTCAAGTGGGAACC-1,8319,5697,0.14392439052462577,0.01439804236502583,-0.21025922000408173,0.0,0.0,0.0
1,222,MEND156,3450,TTCTGCGAGCGCCCTT-1,2821,6758,0.14392142444849015,0.01182172652290346,-0.3239199087023735,0.0,0.0,0.0
1,223,MEND156,936,CACAGTTCGCTTCCCA-1,11286,9943,0.14391131997108458,0.012673510056857741,-0.23706281147897243,0.0,0.0,0.0
1,224,MEND156,1989,GCAAGCTGGAAACCGC-1,1512,9943,0.14389296621084213,0.01208973062724333,-0.14867891632020475,0.0,0.0,0.0
1,225,MEND156,1607,CTCATTTGATGGGCGG-1,6748,5090,0.14389229640364648,0.012245754879292773,-0.3527143359184265,0.0,0.0,0.0
1,226,MEND156,3461,TTGAAGAATTCCCAGG-1,5701,6607,0.14388521164655685,0.016844589832596398,-0.3168243061751127,0.0,0.0,0.0
1,227,MEND156,474,AGATCGTGCATAAGAT-1,9802,4939,0.14388108476996422,0.014367005740399874,-0.3841657966375351,0.0,0.0,0.0
1,228,MEND156,2006,GCAGACCCAGCACGTA-1,10326,7668,0.1438629575073719,0.012974987395093377,-0.20597354881465435,0.0,0.0,0.0
1,229,MEND156,825,ATGTCTTGTTTGACTC-1,4304,12975,0.1438569501042366,0.012873376611417972,-0.20576795972883702,0.0,0.0,0.0
1,230,MEND156,1018,CAGTAACTATTTATTG-1,10151,4636,0.14383965656161307,0.01727691352681583,-0.30441576316952706,0.0,0.0,0.0
1,231,MEND156,108,AAGAGCTCTTTATCGG-1,8057,7062,0.14382412731647493,0.017320426274110606,-0.3393256992101669,0.0,0.0,0.0
1,232,MEND156,900,CAACGTGGTGGAGTCT-1,11198,10094,0.14381590411067008,0.013705413309014211,-0.33838884681463244,0.0,0.0,0.0
1,233,MEND156,1169,CCCGATAGCCTCGCCT-1,12420,7365,0.14381152838468553,0.012028762249403734,-0.3166304469108582,0.0,0.0,0.0
1,234,MEND156,2305,GGGATGGACCCGCGTC-1,1774,11611,0.14378842264413833,0.012685249262464306,-0.3081227570772171,0.0,0.0,0.0
1,235,MEND156,1347,CGACTTTGTATAGCCT-1,10849,6758,0.14378703236579896,0.010824031251542349,-0.4364747554063797,0.0,0.0,0.0
1,236,MEND156,2306,GGGATGGTCGTAACCG-1,5090,8881,0.14376678317785263,0.012667722558374781,-0.24204536601901055,0.0,0.0,0.0
1,237,MEND156,164,AATAGTCCGTCCCGAC-1,6311,10398,0.14376135617494584,0.008769640998135634,-0.3113917658105493,0.0,0.0,0.0
1,238,MEND156,1514,CGTGTGTTAAACCCTG-1,11460,6607,0.1437503643333912,0.011636866380266493,-0.16987529657781125,0.0,0.0,0.0
1,239,MEND156,3420,TTCCGGTATCTGTGTC-1,11373,7971,0.1437426172196865,0.014052608030424038,-0.23998869806528092,0.0,0.0,0.0
1,240,MEND156,160,AATAGAACAGAGTGGC-1,5352,9639,0.14374223500490188,0.01148430640509568,-0.3419067719951272,0.0,0.0,0.0
1,241,MEND156,45,AAATGATTCGATCAGC-1,11024,4939,0.1437351807951927,0.0135845165206174,-0.2027643583714962,0.0,0.0,0.0
1,242,MEND156,2875,TCAACATCGACCGAGA-1,2734,8426,0.1437300905585289,0.011090649476384664,-0.28949165940284727,0.0,0.0,0.0
1,243,MEND156,3014,TCGAGGGCAACAGACG-1,11722,10398,0.1437229685485363,0.016930281781235516,-0.18675848394632338,0.0,0.0,0.0
1,244,MEND156,861,ATTGAAGATCTTAGTG-1,5613,6455,0.14370322972536087,0.017390890096587848,-0.29572163224220277,0.0,0.0,0.0
1,245,MEND156,1826,GACATTTCGCCCAGCC-1,2734,12672,0.1436916820704937,0.015892895863811776,-0.3785383939743042,0.0,0.0,0.0
1,246,MEND156,1174,CCCGGTGTATCGGAAT-1,2821,9791,0.1436896540224552,0.010702938256541852,-0.29440232664346694,0.0,0.0,0.0
1,247,MEND156,1271,CCTATGGCTCCTAGTG-1,3432,11156,0.143681288510561,0.011763399410070688,-0.32187316119670867,0.0,0.0,0.0
1,248,MEND156,3041,TCGGAGTCCTGGTTGC-1,1686,12672,0.14367596060037613,0.019888091620117575,-0.23432017620652915,0.0,0.0,0.0
1,249,MEND156,2777,TAGCTGATGTGAAGCG-1,2210,8123,0.14366647452116013,0.012875225286525755,-0.2521655850112438,0.0,0.0,0.0
1,250,MEND156,1212,CCGCACGTGACCTCGG-1,3606,6000,0.14366147592663764,0.01215863653920943,-0.29525982923805716,0.0,0.0,0.0
1,251,MEND156,2014,GCAGGTAGAGTATGGT-1,9540,4484,0.1436561867594719,0.018053226907895622,-0.26352163664996625,0.0,0.0,0.0
1,252,MEND156,3533,TTGTGCGGAAGCGGAT-1,1512,10853,0.14365228042006492,0.012815068638967076,-0.2923896864056587,0.0,0.0,0.0
1,253,MEND156,561,AGGCATTGTCGTAGGG-1,9977,9185,0.1436421401798725,0.01213311450419751,-0.36270801573991773,0.0,0.0,0.0
1,254,MEND156,795,ATGCACTACCGCATTG-1,5264,5849,0.14363777562975882,0.016451797552749656,-0.24216154273599386,0.0,0.0,0.0
1,255,MEND156,301,ACCGATATTTAATCAT-1,11809,9943,0.14363184943795204,0.01682574051369927,-0.3310937136411667,0.0,0.0,0.0
1,256,MEND156,2513,GTGAGGACACTTAAGG-1,8057,7971,0.14362039491534234,0.012903137849237035,-0.37897352017462255,0.0,0.0,0.0
2,1,MEND156,3226,TGCGCGATTAACGGAG-1,4915,5849,0.16734178811311723,0.012170450725670709,-0.06941786780953407,0.0,0.0,0.0
2,2,MEND156,2600,GTTGGATTCAGTGGCT-1,9715,4181,0.16451481878757476,0.011982823955397244,-0.053877761028707026,0.0,0.0,0.0
2,3,MEND156,1963,GATGCTGTATTTCATC-1,7882,8275,0.16327734887599946,0.010429496632242167,-0.20890770703554154,0.0,0.0,0.0
2,4,MEND156,767,ATCGCTGCGTGCAGCA-1,11024,5242,0.16272195130586625,0.009474246525977404,-0.20355156660079957,0.0,0.0,0.0
2,5,MEND156,485,AGCACACGTTTAGACT-1,3606,12066,0.16234873235225677,0.01009071061033652,-0.26824113726615906,0.0,0.0,0.0
2,6,MEND156,1167,CCCGACCATAGTCCGC-1,7795,4787,0.16218524873256684,0.013411260048500491,-0.05389208719134331,0.0,0.0,0.0
2,7,MEND156,3051,TCGGTCCCGACAATAG-1,3344,10398,0.16214497685432433,0.009290262144832044,-0.25565972458571196,0.0,0.0,0.0
2,8,MEND156,3523,TTGTAAGGCCAGTTGG-1,8406,5849,0.16204719990491867,0.009483194550087516,-0.18644907101988792,0.0,0.0,0.0
2,9,MEND156,2400,GGTTTGCGAACACGTA-1,12071,4029,0.16194071620702744,0.013153518120419894,-0.15876002926379443,0.0,0.0,0.0
2,10,MEND156,3139,TGAATATGCTATAAAC-1,11286,4181,0.16166070252656936,0.005947978030132512,-0.1699993010610342,0.0,0.0,0.0
2,11,MEND156,174,AATCGCGCAGAGGACT-1,11286,8123,0.1616515189409256,0.0062585237588570625,-0.14026032388210297,0.0,0.0,0.0
2,12,MEND156,410,ACTTATACTTACCCGG-1,9191,7213,0.16162672489881516,0.017864265646068172,-0.08849499393254519,0.0,0.0,0.0
2,13,MEND156,1644,CTCTTCTATTGACTGG-1,10064,8730,0.1613898903131485,0.00800269481889719,-0.08913390710949898,0.0,0.0,0.0
2,14,MEND156,1411,CGCGCCCGACTTAATA-1,7882,4939,0.16137323379516602,0.008832054858550145,-0.14646960087120534,0.0,0.0,0.0
2,15,MEND156,697,ATACTAGCATGACCCT-1,6661,4939,0.1610451817512512,0.005223321240731211,-0.18273690193891526,0.0,0.0,0.0
2,16,MEND156,2504,GTGAAGTCACGACTCG-1,1948,9185,0.16095524579286574,0.009940075747109473,-0.011921459250152111,0.0,0.0,0.0
2,17,MEND156,1731,CTTCGTAGATAGGTGA-1,5264,7668,0.16086311936378478,0.014346581324842721,-0.2692766373977065,0.0,0.0,0.0
2,18,MEND156,2882,TCAAGAAATACTAGCT-1,10762,6910,0.16084356158971785,0.008891220201781699,-0.17978071607649326,0.0,0.0,0.0
2,19,MEND156,282,ACCCGAGCGAAATTAC-1,3868,11004,0.1605544999241829,0.009356209823437546,-0.16745289769023658,0.0,0.0,0.0
2,20,MEND156,100,AACTTGCCCGTATGCA-1,3694,6152,0.16053755432367325,0.014257272944444,-0.33898564130067826,0.0,0.0,0.0
2,21,MEND156,3498,TTGCGGAAAGCTGCCC-1,5002,13279,0.16049447357654573,0.00686917153313395,-0.28329951614141463,0.0,0.0,0.0
2,22,MEND156,976,CACTCGAGCTGAACAA-1,7795,9033,0.1604907274246216,0.004690594879177683,-0.18440460972487926,0.0,0.0,0.0
2,23,MEND156,3301,TGTAGTGATCTATAAT-1,4217,7062,0.16042356193065643,0.009081402588901966,-0.09387233927845955,0.0,0.0,0.0
2,24,MEND156,2730,TACTCGGCACGCCGGG-1,2734,7213,0.1602156490087509,0.007863466639331521,-0.23058062307536603,0.0,0.0,0.0
2,25,MEND156,422,ACTTGTAGTCCCTTCA-1,2210,8426,0.16014040410518646,0.009780511644166014,-0.16932591293007135,0.0,0.0,0.0
2,26,MEND156,3299,TGTAGCCATCCCATTC-1,11111,11156,0.1600271940231323,0.011065663186830653,-0.16870472999289632,0.0,0.0,0.0
2,27,MEND156,1833,GACCGATTAAATATGT-1,2734,12066,0.1599672794342041,0.009959344100640343,-0.2692787818610668,0.0,0.0,0.0
2,28,MEND156,1360,CGAGTACTAAAGAGGA-1,4392,8578,0.1599157229065895,0.008412812671391936,-0.1481608422473073,0.0,0.0,0.0
2,29,MEND156,922,CAATTAAGGGTGATGA-1,7010,6152,0.1598701670765877,0.01619932198283043,-0.14176491983234882,0.1,0.0,0.0410797119140625
2,30,MEND156,2167,GCTGGCATATTCACCT-1,4043,6455,0.15968814939260484,0.006833024693821322,-0.1699578881263733,0.0,0.0,0.0
2,31,MEND156,317,ACCTCGAACTTATGCT-1,2646,11611,0.15967382341623307,0.009406061327933044,-0.12073120214045048,0.0,0.0,0.0
2,32,MEND156,475,AGATCTCAGGTGTGAT-1,7882,6152,0.15953945964574814,0.003923560772307828,-0.18543570768088102,0.0,0.0,0.0
2,33,MEND156,2250,GGCATACAGGTAGCGG-1,4130,6910,0.1592493936419487,0.008296671200541263,-0.2042416725307703,0.0,0.0,0.0
2,34,MEND156,444,AGAATTATGGATTCGA-1,9889,6607,0.15922600030899048,0.010466745951430904,-0.1580647386610508,0.0,0.0,0.0
2,35,MEND156,1518,CGTTATCATACTTCCA-1,1425,8578,0.1591951534152031,0.00593400061582096,-0.2263045497238636,0.0,0.0,0.0
2,36,MEND156,1077,CATGTAAGAGACATTT-1,9191,9943,0.15917029231786728,0.010802999300269777,-0.04649651572108269,0.0,0.0,0.0
2,37,MEND156,2145,GCTCAATCCGTTTATT-1,4392,9791,0.15913117825984954,0.009378206988573069,-0.2116848159581423,0.0,0.0,0.0
2,38,MEND156,393,ACTCGTAACCCGTCCT-1,3344,9185,0.15905152261257172,0.015513495899965198,-0.27763413488864896,0.0,0.0,0.0
2,39,MEND156,1584,CTATCGGGTCTCAACA-1,7359,7062,0.15899427831172944,0.012922840064836594,-0.2448956025764346,0.0,0.0,0.0
2,40,MEND156,2340,GGGTCCTTGGAAGAAG-1,2297,12520,0.1589813008904457,0.010719195181685102,-0.2201524494215846,0.0,0.0,0.0
2,41,MEND156,3132,TCTTTCATCCGTCCTT-1,1686,11762,0.15893404185771942,0.009870433732612836,-0.1681927802041173,0.0,0.0,0.0
2,42,MEND156,1260,CCTACATTCACAGACG-1,4217,9488,0.15892963111400604,0.015057619996544768,-0.12086723577231169,0.1,0.0,0.04177771806716919
2,43,MEND156,2060,GCCGCTTGTGAGAAAC-1,4828,7213,0.1588325172662735,0.005812481110358446,-0.17419629823416471,0.0,0.0,0.0
2,44,MEND156,2452,GTCATTAGAGCGAACG-1,7184,7365,0.15882608592510222,0.010350586112998904,-0.2816754125058651,0.0,0.0,0.0
2,45,MEND156,2282,GGCTCCTCCACCTGTT-1,4392,10701,0.15879586338996887,0.006823542236784663,-0.13260550685226918,0.0,0.0,0.0
2,46,MEND156,477,AGATGATGGAGTCTGG-1,10587,6910,0.15878943502902984,0.005124515783609477,-0.1863995848223567,0.0,0.0,0.0
2,47,MEND156,1434,CGGAACGTAAACATAG-1,5264,8881,0.1587299481034279,0.006462383405169651,-0.1159349262714386,0.0,0.0,0.0
2,48,MEND156,2013,GCAGGACTATAGAATA-1,4566,7062,0.15871103405952453,0.010996776179231536,-0.12100885231047868,0.0,0.0,0.0
2,49,MEND156,2307,GGGATTTACCGCACCT-1,9191,8123,0.15870678275823594,0.0120523558552452,-0.1589489236474037,0.0,0.0,0.0
2,50,MEND156,574,AGGGAGACATACTTCG-1,11198,6152,0.1586838185787201,0.014168198034642402,-0.12500501647591591,0.0,0.0,0.0
2,51,MEND156,965,CACGCAGCGAGGCTTT-1,5090,6455,0.15864698439836503,0.008537378443534676,-0.17785577084869147,0.0,0.0,0.0
2,52,MEND156,2686,TACCATGTATTGATTT-1,12158,9033,0.1585841104388237,0.010016850799901259,-0.14893769547343255,0.0,0.0,0.0
2,53,MEND156,3423,TTCCTCTGCCCGAATA-1,2646,7062,0.15853471755981446,0.009670548393316526,-0.3058489829301834,0.0,0.0,0.0
2,54,MEND156,1299,CCTGCGTTCTACGCTT-1,2559,6607,0.15851896107196808,0.009880124831738104,-0.1999189168214798,0.0,0.0,0.0
2,55,MEND156,1500,CGTGAACTGACCCGAT-1,1512,12975,0.1584416151046753,0.0092649533232971,-0.11813546922057867,0.0,0.0,0.0
2,56,MEND156,3542,TTGTTGTGTGTCAAGA-1,8057,6455,0.1583855703473091,0.011108124402950864,-0.20172633100301027,0.0,0.0,0.0
2,57,MEND156,259,ACATGGCGCCAAAGTA-1,10413,7820,0.15836360156536103,0.014820694321877187,-0.12384910713881254,0.0,0.0,0.0
2,58,MEND156,3392,TTATCTGTATCATAAC-1,6573,5090,0.1583152875304222,0.013649092085496205,-0.19628187287598847,0.0,0.0,0.0
2,59,MEND156,3071,TCTACCGTCCACAAGC-1,7184,5849,0.15823940187692642,0.011454880549705471,-0.04751112591475248,0.0,0.0,0.0
2,60,MEND156,3076,TCTAGGTGGCGACGCT-1,9977,6152,0.15823213309049605,0.012073664488688905,-0.2209891675040126,0.0,0.0,0.0
2,61,MEND156,3317,TGTGCTTTACGTAAGA-1,2908,7213,0.1582086831331253,0.005544633394701918,-0.2817094137892127,0.0,0.0,0.0
2,62,MEND156,1139,CCATAGAGGCTGCCAG-1,1686,10853,0.15820337384939193,0.00873332794344594,-0.07478908747434616,0.0,0.0,0.0
2,63,MEND156,2525,GTGCCCGTTCGGATTC-1,8755,7668,0.15814552456140518,0.00903395859475704,-0.184470534324646,0.0,0.0,0.0
2,64,MEND156,2678,TACATAGGCATACACC-1,6573,7820,0.1580537661910057,0.012784317532554814,-0.2068912025541067,0.0,0.0,0.0
2,65,MEND156,3125,TCTTGATGCGTAGCGA-1,7271,6607,0.15802971720695497,0.0047181829290285976,-0.21200804710388182,0.0,0.0,0.0
2,66,MEND156,3289,TGGTTTAAACGTGGGT-1,11111,5394,0.15800022780895234,0.011858242547026,-0.17718286365270614,0.0,0.0,0.0
2,67,MEND156,2158,GCTGAACTCTCCAGGG-1,11809,7820,0.15796660482883454,0.009373172004576038,-0.04357162658125162,0.0,0.0,0.0
2,68,MEND156,2951,TCCCAAAGCCCTAAAT-1,11547,7668,0.15788962841033935,0.009941573346926441,-0.13495374312624336,0.0,0.0,0.0
2,69,MEND156,1228,CCGCTTGCTGACATGG-1,11198,5849,0.1578887790441513,0.010510476590360389,-0.19439940769225358,0.0,0.0,0.0
2,70,MEND156,2865,TATTTGTTACCCTTTA-1,5352,5394,0.1578650012612343,0.009557278483097271,-0.12642623856663704,0.0,0.0,0.0
2,71,MEND156,1127,CCAGCTGATGGTACTT-1,3170,7365,0.15781393945217131,0.01337998857268489,-0.2453321736305952,0.0,0.0,0.0
2,72,MEND156,3198,TGCAGTGAGGCTCGGG-1,11896,4029,0.1577888771891594,0.014804808362715043,-0.05356830898672342,0.0,0.0,0.0
2,73,MEND156,3059,TCGTGTACTATGGATG-1,8057,8881,0.15778144747018813,0.01602386770328265,-0.04520744383335114,0.0,0.0,0.0
2,74,MEND156,3526,TTGTCACCGCGGTATC-1,1774,9791,0.15777668952941895,0.006958676566163704,-0.13740483820438384,0.0,0.0,0.0
2,75,MEND156,452,AGACGACGATGCCGCT-1,4217,9791,0.15773993358016014,0.016719327135690444,-0.13800825998187066,0.0,0.0,0.0
2,76,MEND156,620,AGTCCATTGGCTGATG-1,10064,8123,0.15770021975040435,0.0051070392205780635,-0.2710374964401126,0.0,0.0,0.0
2,77,MEND156,2092,GCGCATCCAGTCAGCA-1,9628,6152,0.15767747014760972,0.011032816580305424,-0.17212479282170534,0.0,0.0,0.0
2,78,MEND156,974,CACTCAAGAGCTATGG-1,6311,7668,0.15760472863912584,0.00562518699418996,-0.2801565021276474,0.0,0.0,0.0
2,79,MEND156,3472,TTGACGCTCCATGAGC-1,10151,7971,0.157599601149559,0.010728799252792269,-0.25292204022407533,0.0,0.0,0.0
2,80,MEND156,519,AGCGCGGGTGCCAATG-1,9366,5394,0.1575571447610855,0.014713578297783782,-0.1957177571952343,0.0,0.0,0.0
2,81,MEND156,43,AAATCTGCCCGCGTCC-1,1599,12520,0.15746962130069733,0.012559633972610328,-0.1297148957848549,0.0,0.0,0.0
2,82,MEND156,3387,TTATATACGCTGTCAC-1,7795,7517,0.1574486181139946,0.008977918506283464,-0.31672338377684356,0.0,0.0,0.0
2,83,MEND156,827,ATGTGCATCCGACGCA-1,6311,5242,0.15744667500257492,0.011533422203050541,-0.1445240817964077,0.0,0.0,0.0
2,84,MEND156,1540,CTAACAGCACAATAAC-1,1425,11004,0.15743992626667022,0.013673953897599156,-0.12083787601441145,0.0,0.0,0.0
2,85,MEND156,2161,GCTGAGGCGTGAGTAT-1,6922,7820,0.15739705115556718,0.011440256424029441,-0.2203146144747734,0.0,0.0,0.0
2,86,MEND156,788,ATCTTTCGTATAACCA-1,11809,5697,0.15736495107412338,0.014121660724733006,-0.13352560196071864,0.0,0.0,0.0
2,87,MEND156,3098,TCTGACGGGCTAACCC-1,11809,6000,0.1573253571987152,0.013537849292990364,-0.18116004578769207,0.0,0.0,0.0
2,88,MEND156,3283,TGGTCTGTTGGGCGTA-1,3868,7365,0.15732156932353974,0.007282174071018843,-0.17259110640734435,0.0,0.0,0.0
2,89,MEND156,3292,TGTACCCGACCCTAAT-1,1948,11914,0.1572930783033371,0.004592330117205002,-0.2493417553603649,0.0,0.0,0.0
2,90,MEND156,2057,GCCGATTGGCCAAGCT-1,6661,7971,0.1572848916053772,0.013655421074608116,-0.24828303828835488,0.0,0.0,0.0
2,91,MEND156,1852,GACTAAGATCATGCAC-1,5962,5242,0.1572784662246704,0.014171416670063016,-0.11780898347496986,0.0,0.0,0.0
2,92,MEND156,3157,TGACTCCGAATCATAC-1,2734,11156,0.15727803707122803,0.007124861156262293,-0.23623776584863662,0.0,0.0,0.0
2,93,MEND156,423,ACTTGTGGATGGAACG-1,10762,9639,0.1572757437825203,0.0068114922065519905,-0.1946929633617401,0.0,0.0,0.0
2,94,MEND156,5,AAACATGGTGAGAGGA-1,1337,11156,0.15723802596330644,0.008344775823415865,-0.198665888980031,0.0,0.0,0.0
2,95,MEND156,2313,GGGCAGGATTTCTGTG-1,1948,11611,0.1572167307138443,0.008901018495343287,-0.2587123900651932,0.0,0.0,0.0
2,96,MEND156,2361,GGTCAAGACTACTTCG-1,10500,9791,0.15721444487571717,0.012596280331974147,-0.16783691020682454,0.0,0.0,0.0
2,97,MEND156,2646,TAAGGCTGAATCCCTC-1,9802,8578,0.15718992352485656,0.010671942018257078,-0.06796960178762675,0.0,0.0,0.0
2,98,MEND156,3363,TTACTATCGGCTTCTC-1,2734,6910,0.15718457102775574,0.012668935071672096,-0.17229235023260117,0.0,0.0,0.0
2,99,MEND156,1695,CTGGTGAATGGGCCTA-1,2995,11611,0.15717367827892303,0.014557588757261581,-0.28076334819197657,0.0,0.0,0.0
2,100,MEND156,392,ACTCGCGATCTGACGC-1,12333,8123,0.15716979950666427,0.012277701158511019,-0.060031506419181827,0.0,0.0,0.0
2,101,MEND156,1264,CCTAGGCGTAGCGATC-1,9017,7213,0.15714940577745437,0.013854130331480259,-0.1712507963180542,0.0,0.0,0.0
2,102,MEND156,332,ACGCATACGTTTACTA-1,10238,10246,0.15713387578725815,0.008378398086799185,-0.14990432243794202,0.0,0.0,0.0
2,103,MEND156,3290,TGTAAGACTGATAAGA-1,1337,11762,0.15710502862930298,0.009210913026957486,-0.16373583506792783,0.0,0.0,0.0
2,104,MEND156,2751,TAGACTACCTAGCGTT-1,10413,7517,0.15709395557641984,0.012924412647936291,-0.20162188857793809,0.0,0.0,0.0
2,105,MEND156,854,ATTCCCGAAGGTACAG-1,1337,10853,0.15708518624305726,0.00877647465172235,-0.1831199439242482,0.0,0.0,0.0
2,106,MEND156,311,ACCTAATCGACTTCCT-1,3955,6607,0.1570557177066803,0.014178004211689008,-0.13198882043361665,0.0,0.0,0.0
2,107,MEND156,2574,GTTATAATACGGTGAA-1,10675,9791,0.15703391134738923,0.0066342898402904655,-0.13398031797260046,0.0,0.0,0.0
2,108,MEND156,1022,CAGTAGCCCACGCGGT-1,9278,5545,0.1570313185453415,0.012641680042064575,-0.2590736525133252,0.0,0.0,0.0
2,109,MEND156,3207,TGCCACCTGGCGAAAC-1,7970,4787,0.15700201243162154,0.01222481445325538,-0.11328475698828697,0.0,0.0,0.0
2,110,MEND156,763,ATCGACTCTTTCCGTT-1,6661,5242,0.15699281245470048,0.011812930227457339,-0.2235237119719386,0.0,0.0,0.0
2,111,MEND156,656,AGTTAAACACTTGCGA-1,5177,7820,0.15699128955602645,0.008371681328238656,-0.2004963492974639,0.0,0.0,0.0
2,112,MEND156,3424,TTCGAACGAAACATGC-1,5002,12975,0.15698505342006683,0.010749647528903158,-0.30940171033144,0.0,0.0,0.0
2,113,MEND156,792,ATGAGGGCAGCGGCTA-1,11809,8123,0.15698009431362153,0.009424449569812131,-0.17274876087903976,0.0,0.0,0.0
2,114,MEND156,1253,CCGTTCCGAATCTCGG-1,3257,7820,0.15696646720170976,0.005990803883519418,-0.19467250294983388,0.0,0.0,0.0
2,115,MEND156,808,ATGGATCCGGCGTCCG-1,8231,4636,0.15696125626564025,0.0081971688870138,-0.14475467130541803,0.0,0.0,0.0
2,116,MEND156,1491,CGTCAAATGGTCGCAG-1,12158,4787,0.15690286904573442,0.009044087465937654,-0.18953172992914916,0.0,0.0,0.0
2,117,MEND156,117,AAGCCGAAGCGGTTTA-1,10675,9185,0.1568767547607422,0.01010553751352416,-0.1003549700602889,0.0,0.0,0.0
2,118,MEND156,2725,TACGTTTACCGGCAAT-1,4130,7820,0.15687025636434554,0.015604436951601372,-0.1603312214836478,0.0,0.0,0.0
2,119,MEND156,2787,TAGGTCGCCGGAACTG-1,10064,6607,0.15684629529714583,0.010664203421759088,-0.21282600630074738,0.0,0.0,0.0
2,120,MEND156,2478,GTCGTATTGGCGTACA-1,9628,4636,0.1568312719464302,0.007157185023451835,-0.20525197312235832,0.0,0.0,0.0
2,121,MEND156,2917,TCAGTAGGGACTATAA-1,5526,8730,0.15678549855947493,0.010439321501671654,-0.06682260688394308,0.0,0.0,0.0
2,122,MEND156,3093,TCTCTCGCCGCACATA-1,11373,10094,0.15672685354948043,0.008174319663606974,-0.1556787509471178,0.0,0.0,0.0
2,123,MEND156,958,CACCGTTAGGGATCAC-1,4566,9791,0.15670043379068374,0.015377927488333193,-0.09975925832986832,0.0,0.0,0.0
2,124,MEND156,1509,CGTGGCCGAATATCTA-1,10151,8881,0.15664733797311783,0.006192463129754387,-0.1382294690236449,0.0,0.0,0.0
2,125,MEND156,2501,GTGAACTCCCATTCGA-1,10413,6303,0.1566154256463051,0.010997876809925923,-0.1758306248113513,0.0,0.0,0.0
2,126,MEND156,1576,CTATAAGAGCCAATCG-1,10064,5697,0.15661333054304122,0.009905111551094808,-0.26739045046269894,0.0,0.0,0.0
2,127,MEND156,612,AGTAGGAAGGAAGTTG-1,9889,4181,0.15661220848560334,0.010840311728667253,-0.11374131720513106,0.0,0.0,0.0
2,128,MEND156,836,ATTACATGTCAGTCTT-1,10762,9336,0.15658531785011293,0.01331590883071828,-0.20037774052470922,0.0,0.0,0.0
2,129,MEND156,1036,CATACCCGTACCCAGT-1,4043,7365,0.1565582737326622,0.01259852143028984,-0.33727637212723494,0.0,0.0,0.0
2,130,MEND156,3444,TTCTATGCCTTTCGCA-1,11896,6152,0.15655349045991898,0.0109103060280767,-0.2769507793709636,0.0,0.0,0.0
2,131,MEND156,1331,CGAAGGGTTTCAGATT-1,2559,11762,0.15652695298194885,0.011172602193302713,-0.1916637398302555,0.0,0.0,0.0
2,132,MEND156,2815,TATAGGGTACTCATGA-1,3083,7213,0.15648505240678787,0.007645220829810379,-0.2935634471476078,0.0,0.0,0.0
2,133,MEND156,2950,TCCCAAAGACGAAGGA-1,6573,5697,0.1564820185303688,0.012836045815770726,-0.20569655746221543,0.0,0.0,0.0
2,134,MEND156,3367,TTACTGTCTAGAGCTC-1,11373,4636,0.15646589398384095,0.011191138057515416,-0.12353847492486239,0.0,0.0,0.0
2,135,MEND156,2946,TCCATCAATACTAATC-1,2559,11459,0.15645053535699843,0.010054982217534755,-0.26883832439780236,0.0,0.0,0.0
2,136,MEND156,2772,TAGCTAAGTCCGGGAG-1,6311,6152,0.15641522854566575,0.0055598687795331845,-0.2671077288687229,0.0,0.0,0.0
2,137,MEND156,3056,TCGTATTACCCATTGC-1,3519,7365,0.15638567507266998,0.00786313123199469,-0.17975287083536387,0.0,0.0,0.0
2,138,MEND156,3203,TGCATGTGGTAATCTA-1,8406,6152,0.1563311770558357,0.011014292269593322,-0.2591957239434123,0.0,0.0,0.0
2,139,MEND156,3178,TGATCTATCACACTCT-1,9366,12672,0.15631513446569442,0.01059977884539471,-0.15222066417336463,0.0,0.0,0.0
2,140,MEND156,3426,TTCGCACTCGCGTGCT-1,5264,5545,0.15630329996347428,0.00924785742339022,-0.07144150491803884,0.0,0.0,0.0
2,141,MEND156,829,ATGTTCGTCGACCCAC-1,2559,6910,0.15627817213535308,0.01217117732847787,-0.11233541816473007,0.0,0.0,0.0
2,142,MEND156,1934,GATATGCGGTAGCCAA-1,9278,4636,0.1562665119767189,0.008784938580198062,-0.11986132618039846,0.0,0.0,0.0
2,143,MEND156,2735,TACTGAACAGATTTAG-1,5177,10246,0.15626002699136735,0.009298218460084324,-0.23613003632053733,0.0,0.0,0.0
2,144,MEND156,489,AGCACTTAAGGACGCC-1,4392,6455,0.156254780292511,0.009607612927400441,-0.2699249530211091,0.0,0.0,0.0
2,145,MEND156,253,ACATCCTGGTAACTGT-1,10238,8123,0.1562269523739815,0.008508771524757668,-0.3121590457856655,0.0,0.0,0.0
2,146,MEND156,2424,GTAGCGGCTATACACT-1,7359,7668,0.15620247423648834,0.007458671591605402,-0.22700630947947503,0.0,0.0,0.0
2,147,MEND156,366,ACGTTCACTATGCCGC-1,4653,12975,0.15618424713611603,0.014439249920012154,-0.15793712604790927,0.0,0.0,0.0
2,148,MEND156,2959,TCCCGGGTGTGCTGCT-1,4304,6910,0.15617428869009017,0.01255194313502171,-0.21640683114528655,0.0,0.0,0.0
2,149,MEND156,3110,TCTGGCGCAAGCCGGG-1,1861,6910,0.15617025792598724,0.007263276786769909,-0.10358836948871612,0.0,0.0,0.0
2,150,MEND156,233,ACACCGGTCTGACCGC-1,2821,11611,0.15616372525691985,0.012483419319123033,-0.08719112500548362,0.0,0.0,0.0
2,151,MEND156,882,CAAACCAGGTCTGCAT-1,1337,7213,0.15615044087171553,0.01402707215310657,-0.2596296386793256,0.0,0.0,0.0
2,152,MEND156,1535,CTAAAGAATGCCTACT-1,4479,7213,0.15614746510982513,0.008435912185705129,-0.20003323014825583,0.0,0.0,0.0
2,153,MEND156,3068,TCTAATACTGCCTCAG-1,3519,10398,0.15614712983369827,0.00949020757360298,-0.192767433822155,0.0,0.0,0.0
2,154,MEND156,1944,GATCGACACTATCTGA-1,5439,5849,0.15613048374652863,0.007689278027964518,-0.20735180079936982,0.0,0.0,0.0
2,155,MEND156,1558,CTACTCTAGGCCCGGC-1,3519,6455,0.1561271443963051,0.007256462326993631,-0.32756356336176395,0.0,0.0,0.0
2,156,MEND156,72,AACCCTACTGTCAATA-1,9715,7820,0.15612385421991348,0.010697840728646154,-0.21720483377575875,0.0,0.0,0.0
2,157,MEND156,750,ATCCAATGGAGGGTCC-1,3694,8275,0.15609254240989684,0.013962547440726324,-0.2740189826115966,0.0,0.0,0.0
2,158,MEND156,2398,GGTTTAGCCTTTCTTG-1,10238,8730,0.1560920536518097,0.008904660903110892,0.011815373227000237,0.0,0.0,0.0
2,159,MEND156,3142,TGAATGTCAGCCGGCC-1,10849,8881,0.1560727462172508,0.006713743410536623,-0.2232364896684885,0.0,0.0,0.0
2,160,MEND156,2439,GTATGTGGGTCTAGTT-1,9366,7517,0.1560617506504059,0.00898338844902984,-0.05099657326936722,0.0,0.0,0.0
2,161,MEND156,2406,GTAAGCGGGCAGTCAG-1,6835,5242,0.15604798942804338,0.006947669857934299,-0.3340178465470672,0.0,0.0,0.0
2,162,MEND156,2070,GCCTCATCTGGAAATA-1,9628,7971,0.15604299306869507,0.01068429126461423,-0.11668058689683676,0.0,0.0,0.0
2,163,MEND156,2590,GTTCGTCTGGGTCCCT-1,11722,4939,0.15602694749832152,0.008878650327544526,-0.09393442869186401,0.0,0.0,0.0
2,164,MEND156,2462,GTCCGGCTGAATTGCG-1,5875,6000,0.15600204169750215,0.008809780404965623,-0.15350276827812195,0.0,0.0,0.0
2,165,MEND156,1843,GACGCCGTAAAGGCTA-1,6050,9943,0.15598318874835967,0.00682577687913979,-0.23377343453466892,0.0,0.0,0.0
2,166,MEND156,1064,CATGATGCACAATTCT-1,7359,4939,0.15597206205129624,0.0057697161720917595,-0.22888860236853362,0.0,0.0,0.0
2,167,MEND156,30,AAAGTAGCATTGCTCA-1,3694,9488,0.1559442713856697,0.011378151253819063,-0.23569972850382329,0.0,0.0,0.0
2,168,MEND156,2838,TATGACCTTGCGCTGG-1,1337,9033,0.1559243083000183,0.008645320152138406,-0.09271347057074308,0.0,0.0,0.0
2,169,MEND156,1121,CCAGAAAGCAACTCAT-1,4479,9639,0.15589041113853455,0.009446825859015306,-0.15590242836624385,0.0,0.0,0.0
2,170,MEND156,3106,TCTGCGAATCGTTCGC-1,12071,4332,0.15588300228118895,0.004621706370096002,-0.24599888008087872,0.0,0.0,0.0
2,171,MEND156,1162,CCCAGTAAACTTGGGA-1,2385,9639,0.15586821883916854,0.00608541687993435,-0.15598364174365997,0.0,0.0,0.0
2,172,MEND156,583,AGGGTGCTCTCGAGGG-1,9366,6910,0.15585754066705704,0.008661548369532026,-0.09871970787644387,0.0,0.0,0.0
2,173,MEND156,1460,CGGGCCTTCTTTGTAA-1,6137,7971,0.15584802478551865,0.004410281315072203,-0.22601400837302207,0.0,0.0,0.0
2,174,MEND156,2632,TAACATACAATGTGGG-1,7446,7517,0.15580962151288985,0.014194745673091192,-0.26019829139113426,0.0,0.0,0.0
2,175,MEND156,1075,CATGGTCTAGATACCG-1,7097,5697,0.15580247044563295,0.012121701196085423,-0.27832216694951056,0.0,0.0,0.0
2,176,MEND156,1982,GCAAATATTACGCTTT-1,4915,7062,0.1557801067829132,0.009686965474244158,-0.10151189342141151,0.0,0.0,0.0
2,177,MEND156,3229,TGCGTAAGAACCTGAT-1,5090,8275,0.15576700121164322,0.012601450864241808,-0.2036856895312667,0.0,0.0,0.0
2,178,MEND156,983,CAGAATAACACACGGA-1,11024,10094,0.15576184689998626,0.012387396003775777,-0.10645020455121994,0.0,0.0,0.0
2,179,MEND156,2445,GTCAATGCTATAATTT-1,11809,5090,0.15573364049196242,0.007654249693922412,-0.08690050635486841,0.0,0.0,0.0
2,180,MEND156,1480,CGGTTTACTGAACATT-1,1512,11762,0.1557208016514778,0.014191370698763087,-0.15172677654772998,0.0,0.0,0.0
2,181,MEND156,724,ATATGTCTAGAGCGTG-1,7271,12975,0.15570155680179595,0.007394368431529182,-0.3140325598418713,0.0,0.0,0.0
2,182,MEND156,3175,TGATCAGGGAACTGCT-1,3432,8123,0.15569865107536315,0.011643047694338637,-0.2578350992873311,0.0,0.0,0.0
2,183,MEND156,547,AGGACGACCCATTAGA-1,5264,8275,0.15568477809429168,0.005452856462509878,-0.12564705442637206,0.0,0.0,0.0
2,184,MEND156,320,ACGACCCATGAGTTGC-1,12246,10701,0.15566395223140717,0.00808700066951661,-0.15749080628156661,0.0,0.0,0.0
2,185,MEND156,2642,TAAGCGCGAATCAAAT-1,3519,11611,0.1556616246700287,0.013400866917819675,-0.07996473908424377,0.0,0.0,0.0
2,186,MEND156,1680,CTGGCATCCGAATGAG-1,3606,9033,0.15562955439090728,0.010715244161685924,-0.12585514262318612,0.0,0.0,0.0
2,187,MEND156,2109,GCGGGCAGACGGGTGA-1,7359,13127,0.15562906712293625,0.013916044026182413,-0.1575659543275833,0.0,0.0,0.0
2,188,MEND156,1989,GCAAGCTGGAAACCGC-1,1512,9943,0.15562241822481154,0.009786983655047323,-0.06871664896607399,0.0,0.0,0.0
2,189,MEND156,2700,TACCTTAAGATTTCCC-1,3868,9185,0.15558232516050338,0.007101206848598074,-0.08091053310781718,0.0,0.0,0.0
2,190,MEND156,2156,GCTCTCGGGTACCGAA-1,6399,5697,0.15557852238416672,0.011676920884240759,-0.1748870687559247,0.0,0.0,0.0
2,191,MEND156,1513,CGTGTCTCGTTACGAC-1,4304,10853,0.15557378083467482,0.012399699633275845,-0.31458133459091187,0.0,0.0,0.0
2,192,MEND156,1616,CTCGAGACATACGATA-1,1948,10094,0.15556164979934692,0.016119620840802224,-0.1477132596075535,0.0,0.0,0.0
2,193,MEND156,1409,CGCGCAAATGTCCAGA-1,3432,10246,0.1555388316512108,0.01269702193485781,-0.2703656764701009,0.0,0.0,0.0
2,194,MEND156,2857,TATTCAATTCTAATCC-1,7795,6910,0.15550758689641953,0.013672011429019346,-0.25577968806028367,0.0,0.0,0.0
2,195,MEND156,112,AAGATGGCACCGGACC-1,4741,10701,0.1554993525147438,0.012293666759077178,-0.25230113714933394,0.0,0.0,0.0
2,196,MEND156,1227,CCGCTTACCTCACTCT-1,4392,8881,0.15549691319465636,0.011318083724955031,-0.17961562499403955,0.0,0.0,0.0
2,197,MEND156,678,ATAATAGCTGTTGAAT-1,6835,8881,0.15546957552433013,0.010217965197845208,-0.1278297746554017,0.0,0.0,0.0
2,198,MEND156,3503,TTGCTCCCATACCGGA-1,7620,5090,0.1554689347743988,0.009307871159108028,-0.09352415408939123,0.0,0.0,0.0
2,199,MEND156,3054,TCGTAAGCTCCGAGGA-1,10587,4181,0.15546268820762635,0.008714197648154298,-0.1999346934258938,0.0,0.0,0.0
2,200,MEND156,1665,CTGCCTTTAATACCTT-1,3781,11459,0.1554580956697464,0.011771773902450546,-0.24578888881951572,0.0,0.0,0.0
2,201,MEND156,1810,GACAACGACCATTGAA-1,8057,5545,0.1554517537355423,0.008845617256455815,-0.1968352183699608,0.0,0.0,0.0
2,202,MEND156,2823,TATCACTTCGAGTAAC-1,9977,4332,0.15544871538877486,0.01102378211939976,-0.26810543388128283,0.0,0.0,0.0
2,203,MEND156,2121,GCGTCTCTGCATTGGG-1,4915,7668,0.15544645339250565,0.007676171951102199,-0.33267448414117096,0.0,0.0,0.0
2,204,MEND156,2597,GTTGCGCTAACATTAC-1,11722,7971,0.15542481243610382,0.011627879151697326,-0.07590317130088806,0.0,0.0,0.0
2,205,MEND156,256,ACATCGGTCAGCCGCG-1,4566,7971,0.1554063305258751,0.009596597096616867,-0.14332321770489215,0.0,0.0,0.0
2,206,MEND156,1097,CCAAGCGTAACTCGTA-1,7533,6758,0.15539998412132264,0.010936385758730582,-0.24372273869812489,0.0,0.0,0.0
2,207,MEND156,1639,CTCTCACAATCGATGA-1,7446,6607,0.15539086163043975,0.009642142758626019,-0.16332510244101286,0.0,0.0,0.0
2,208,MEND156,362,ACGTCTCGTTCCGGGA-1,1861,8426,0.15538337528705598,0.011083875868263133,-0.03905457016080618,0.0,0.0,0.0
2,209,MEND156,2283,GGCTCGCGTTGAGGTA-1,9453,6455,0.15536091476678848,0.010018781020051359,-0.14626586362719535,0.0,0.0,0.0
2,210,MEND156,2,AAACAGCTTTCAGAAG-1,2123,8275,0.15535979568958283,0.011012315599585092,-0.24223233833909036,0.0,0.0,0.0
2,211,MEND156,3490,TTGCCATAGCCCGCTC-1,3432,9943,0.15535490959882736,0.008504676968593338,-0.26350621655583384,0.0,0.0,0.0
2,212,MEND156,2681,TACATTTCTAACGTGC-1,6137,7668,0.155354106426239,0.01445294366571699,-0.18979514613747597,0.0,0.0,0.0
2,213,MEND156,2274,GGCGGAGTAATATTAG-1,5352,6607,0.15532141029834748,0.01389688213405455,-0.22609309777617453,0.0,0.0,0.0
2,214,MEND156,664,AGTTTATGTAAAGACA-1,11896,5545,0.15531588047742845,0.008698065828738305,-0.1511388711631298,0.0,0.0,0.0
2,215,MEND156,3330,TGTTCCGCTTCCATGA-1,5177,7213,0.15528876036405564,0.009708205955372685,-0.06634787768125534,0.0,0.0,0.0
2,216,MEND156,3163,TGAGCTCAACTGTATA-1,12158,10549,0.15527927726507187,0.011666269646552964,-0.07127919532358647,0.0,0.0,0.0
2,217,MEND156,3195,TGCAGATCGTCCTAGG-1,2908,8123,0.15525192469358445,0.012133150369600495,-0.16451266799122094,0.0,0.0,0.0
2,218,MEND156,3456,TTCTTGGACGATCTGC-1,4130,9639,0.15525177717208863,0.008390221850210678,-0.23622026676312088,0.0,0.0,0.0
2,219,MEND156,1440,CGGAGTTTGAGAGACA-1,4304,6303,0.15522726476192475,0.011817839038981873,-0.1815343677997589,0.0,0.0,0.0
2,220,MEND156,2100,GCGCTGCTTTGCATTT-1,9540,6000,0.15519914478063584,0.010595889236062157,-0.2130538634955883,0.0,0.0,0.0
2,221,MEND156,1334,CGAATGAAGTCATTGC-1,3083,11156,0.15519255101680757,0.009455938693160987,-0.2290904031135142,0.0,0.0,0.0
2,222,MEND156,2154,GCTCGGAATTTAAAGC-1,8668,5090,0.15518932938575744,0.01011404435041935,-0.16246143877506256,0.0,0.0,0.0
2,223,MEND156,1768,GAAATGGCGGTGTTAG-1,5875,6303,0.15517859607934953,0.010116965905863739,-0.15041591227054596,0.0,0.0,0.0
2,224,MEND156,1949,GATCGGATAGAACCAT-1,2472,7971,0.15517089739441872,0.016266421945620644,-0.19486788902431726,0.0,0.0,0.0
2,225,MEND156,467,AGATAACTTCAGGGCC-1,5177,6607,0.15516544431447982,0.011768605340074135,-0.24067825600504875,0.0,0.0,0.0
2,226,MEND156,803,ATGCTTAGGAGTTGAT-1,11111,10246,0.15516276508569718,0.010778974270756352,-0.32475940734148023,0.0,0.0,0.0
2,227,MEND156,3113,TCTGTGCCATCATAGT-1,8319,6607,0.1551613539457321,0.00966689339954299,-0.2658060550689697,0.0,0.0,0.0
2,228,MEND156,2934,TCCAATGCGTCGCCGC-1,1425,11611,0.1551388159394264,0.012641052719403544,-0.1695033349096775,0.0,0.0,0.0
2,229,MEND156,12,AAACCTCATGAAGTTG-1,2995,7365,0.155118727684021,0.01150045943054682,-0.2512037670239806,0.0,0.0,0.0
2,230,MEND156,2044,GCCCGACTTCTTCCCG-1,3519,9185,0.15511603355407716,0.013666694844927005,-0.18881181944161654,0.0,0.0,0.0
2,231,MEND156,1948,GATCGCTGTGGTGCGT-1,2908,12369,0.15509213954210282,0.010833377458176923,-0.3118406355381012,0.0,0.0,0.0
2,232,MEND156,2856,TATTATGTTTGCCTGC-1,2821,10398,0.15508995205163956,0.018365959780771556,-0.1033423475921154,0.0,0.0,0.0
2,233,MEND156,3400,TTCAATACTCTGAATC-1,8842,7517,0.1550803855061531,0.008201954441606102,-0.2646018125116825,0.0,0.0,0.0
2,234,MEND156,921,CAATGTGCCAACCCTT-1,11373,7365,0.15506235212087632,0.007674104147718677,-0.20052993278950454,0.0,0.0,0.0
2,235,MEND156,1234,CCGGCCGCGAGCATAT-1,1512,10549,0.15503650903701782,0.011802104330574823,-0.10439567901194095,0.0,0.0,0.0
2,236,MEND156,2388,GGTTAGGCTTGGAGAA-1,4479,6000,0.1550246775150299,0.01023520525457196,-0.17711265273392202,0.0,0.0,0.0
2,237,MEND156,1340,CGACAGTTCGCGTTAT-1,5002,7213,0.15502080470323562,0.0091435866395314,-0.23454967588186265,0.0,0.0,0.0
2,238,MEND156,438,AGAAGGTACACTTCAC-1,2559,9639,0.15500047206878662,0.010167590930673825,-0.237040164321661,0.0,0.0,0.0
2,239,MEND156,2133,GCTAGACCGTCTACTG-1,10413,8123,0.15497760325670243,0.008629892227924657,-0.2190715789794922,0.0,0.0,0.0
2,240,MEND156,280,ACCCATCTTGAGGGTA-1,4566,7365,0.15496929436922074,0.008795846844071805,-0.19919202271848918,0.0,0.0,0.0
2,241,MEND156,3346,TTAACTTCAGGTAGGA-1,3606,8730,0.15496684610843658,0.01390819523959175,-0.19835798237472774,0.0,0.0,0.0
2,242,MEND156,2506,GTGACCGCACACTACG-1,9278,7668,0.1549634665250778,0.010490789521788292,-0.25418965630233287,0.0,0.0,0.0
2,243,MEND156,989,CAGAGCATGAGCTTGC-1,7446,5697,0.1549524649977684,0.012303622258638956,-0.24229239001870156,0.0,0.0,0.0
2,244,MEND156,2814,TATAGCTATTATCTCT-1,1512,13279,0.1549319565296173,0.012692843229238186,-0.25623347628861665,0.0,0.0,0.0
2,245,MEND156,1212,CCGCACGTGACCTCGG-1,3606,6000,0.15491056591272354,0.010029890637044762,-0.21837680265307427,0.0,0.0,0.0
2,246,MEND156,52,AAATTTGCGGGTGTGG-1,4217,8881,0.15490894317626952,0.010801729240093665,-0.2646364476531744,0.0,0.0,0.0
2,247,MEND156,687,ATACGAAGGCTTTCCA-1,12071,7365,0.15490823090076447,0.012009366921214529,-0.2614640910178423,0.0,0.0,0.0
2,248,MEND156,1422,CGCTATTCTTAGGCTC-1,6573,7517,0.15489541739225388,0.012493005311436411,-0.1960305742919445,0.0,0.0,0.0
2,249,MEND156,2953,TCCCACTCTCTTCCGG-1,10675,6455,0.15488590449094772,0.008951006092307048,-0.14693265855312349,0.0,0.0,0.0
2,250,MEND156,621,AGTCCCGCCTTTAATT-1,9453,4332,0.15480020344257356,0.00588138827517443,-0.21817683801054955,0.0,0.0,0.0
2,251,MEND156,593,AGGTCGCGGAGTTACT-1,10413,5697,0.15479748100042343,0.009373817094869747,-0.03347919639199972,0.0,0.0,0.0
2,252,MEND156,2379,GGTGGAGGTTGATACG-1,11984,8426,0.15479716360569,0.01217435015816605,-0.19470794592052698,0.0,0.0,0.0
2,253,MEND156,3303,TGTATACGGATGATGA-1,12246,5545,0.15477033704519272,0.013452368132094763,-0.29486400466412305,0.0,0.0,0.0
2,254,MEND156,1058,CATCTTACACCACCTC-1,9977,7365,0.15476353764533995,0.012240416223471882,-0.21481618247926235,0.0,0.0,0.0
2,255,MEND156,319,ACGAAATGGGCGGCAC-1,3432,6607,0.15475693643093108,0.008383973187255964,-0.19416436087340117,0.0,0.0,0.0
2,256,MEND156,2770,TAGCGTCGAATATTGA-1,1686,6910,0.15473538488149643,0.01130038036195815,-0.2391308940947056,0.0,0.0,0.0
3,1,MEND156,2581,GTTCCCGTAAACATAT-1,11722,10701,0.10306050609797239,0.07286265187390453,-1.0000279709696769,0.2,0.1,0.09930735528469085
3,2,MEND156,2966,TCCCTGGCTCGCTGGA-1,3694,6758,0.09991064984351397,0.09580725612070047,-1.325410088710487,0.2,0.1,0.11271591782569886
3,3,MEND156,3010,TCGACATAGCGTAGCG-1,3955,12672,0.09675158997997642,0.0805544936533387,-1.1746886372566223,0.1,0.1,0.058686137199401855
3,4,MEND156,333,ACGCATTCGTGAGTAC-1,6661,6758,0.0963478123769164,0.07469772627513263,-1.1355698324739933,0.1,0.1,0.052879875898361205
3,5,MEND156,1691,CTGGTAAAGACTTACA-1,9977,12520,0.09429570510983468,0.07204821987638198,-1.181094792485237,0.2,0.0,0.08844369351863861
3,6,MEND156,2844,TATGGCTAGGCTAATT-1,12246,5849,0.09406295716762543,0.09382648338283173,-1.356454274058342,0.1,0.1,0.06395150423049926
3,7,MEND156,3430,TTCGCTAGGAAGTTGT-1,11547,7971,0.09294238975271582,0.07171568100111472,-1.2059938807040453,0.2,0.0,0.096440127491951
3,8,MEND156,555,AGGATATCCGACTGCA-1,9628,12520,0.09281558990478515,0.06179162793760903,-1.1081016272306443,0.0,0.0,0.0
3,9,MEND156,277,ACCATCCGCCAACTAG-1,2385,8426,0.0925818451680243,0.07310833739679964,-1.1359660886228085,0.1,0.1,0.054000723361969
3,10,MEND156,546,AGGACATCGGCACACT-1,11984,12066,0.09171318300068379,0.07112802160514793,-1.3414031118154526,0.1,0.0,0.04451555907726288
3,11,MEND156,3011,TCGACTGACGATGGCT-1,11722,13127,0.09165661954320967,0.07414854524861637,-1.2924089670181274,0.1,0.1,0.05188547968864441
3,12,MEND156,2924,TCATCGATGGTCCCAA-1,3868,10398,0.09155211844481528,0.07449504302907214,-1.2556202119216322,0.2,0.2,0.10348079204559327
3,13,MEND156,2930,TCCAACTCAGCTATCT-1,9278,11914,0.09099592454731464,0.06863576205077666,-1.1695202201604844,0.2,0.0,0.09208109378814697
3,14,MEND156,848,ATTATTCAGAGTCACT-1,9802,11914,0.09093462899327279,0.0665115141098203,-1.1923017919063568,0.1,0.0,0.04778483510017395
3,15,MEND156,1112,CCACGGCAGGTGTAGG-1,4043,12520,0.09089291896671056,0.061646115458272394,-1.2085835069417954,0.0,0.0,0.0
3,16,MEND156,176,AATCGTGAGCCGAGCA-1,8580,11914,0.0906321495771408,0.07214129014577116,-1.2089446276426314,0.0,0.0,0.0
3,17,MEND156,577,AGGGCTGCAGTTACAG-1,7010,7062,0.08990203822031617,0.07599283143203645,-1.375777041912079,0.2,0.2,0.10120876431465149
3,18,MEND156,340,ACGCTACTGAATGGGC-1,11809,12975,0.08963937545195222,0.06391658373395376,-1.1753845363855362,0.0,0.0,0.0
3,19,MEND156,2273,GGCGCTTCATTCCCTG-1,7533,11914,0.08960914164781571,0.06686679433126153,-1.227513000369072,0.0,0.0,0.0
3,20,MEND156,2198,GGACAACCATGAAGCC-1,10238,12369,0.08897178824990988,0.0633718555962975,-1.1910775631666184,0.0,0.0,0.0
3,21,MEND156,2023,GCATGCTAATAACGAT-1,9628,11914,0.08887970633804798,0.07271371622081962,-1.3430032446980475,0.1,0.1,0.05345550775527954
3,22,MEND156,2893,TCACAGGGAATCGCAA-1,8231,8881,0.08868793854489923,0.06747765618474855,-1.2608719915151596,0.2,0.0,0.09302051067352295
3,23,MEND156,672,ATAACGCCGGAGGGTC-1,8406,7062,0.0884955302812159,0.06577748396438271,-1.2264543674886226,0.1,0.1,0.05245402455329895
3,24,MEND156,3484,TTGATTAGCTGTTTCT-1,4304,9033,0.08843929450958968,0.07005980496696425,-1.3522383242845535,0.1,0.1,0.05191062688827515
3,25,MEND156,2884,TCAAGCTGCCTTGAAA-1,12333,6000,0.08836180483922362,0.07610940309959618,-1.2801283359527589,0.1,0.1,0.05646306276321411
3,26,MEND156,906,CAAGCGGCACATAATT-1,7620,9943,0.08826827956363559,0.07596484777636439,-1.5193515338003636,0.1,0.1,0.05500020980834961
3,27,MEND156,484,AGCAACCGAAAGTAAT-1,3083,10246,0.08800763608887792,0.06756371062519334,-1.3441340290009975,0.2,0.1,0.10048170685768128
3,28,MEND156,1370,CGATCCTCGCAACATA-1,4828,11762,0.08785199634730816,0.0748548885873234,-1.2837077736854554,0.2,0.1,0.09863726198673248
3,29,MEND156,2315,GGGCATGCATGTCGAG-1,6137,12824,0.08777952380478382,0.06372021477381247,-1.2289608716964722,0.0,0.0,0.0
3,30,MEND156,993,CAGATACTAACATAGT-1,5352,5697,0.08772815056145192,0.0690404917260655,-1.3661685794591905,0.1,0.0,0.04692792892456055
3,31,MEND156,3072,TCTACGCACGATCTCC-1,3868,13127,0.08736464018002152,0.07524456924926581,-1.3117914818227292,0.1,0.1,0.055272471904754636
3,32,MEND156,3114,TCTGTTACCCAGCATA-1,4392,9488,0.08690623207949102,0.0837758122224169,-1.4408729016780852,0.1,0.1,0.05885615348815918
3,33,MEND156,633,AGTCTTCTCCTCAAAT-1,7097,5394,0.08658618833869695,0.07178458443725413,-1.220988291501999,0.1,0.1,0.05902416110038757
3,34,MEND156,2713,TACGCTCGGTATTGGA-1,11198,11004,0.08652440924197435,0.0724819461489287,-1.3687988430261613,0.0,0.0,0.0
3,35,MEND156,193,AATTAAAGGTCGGCGT-1,5701,7820,0.08642459344118833,0.0700230825094136,-1.2731319069862366,0.1,0.0,0.04737987518310547
3,36,MEND156,2507,GTGACCTAAAGAATAA-1,12158,6303,0.0862963785417378,0.07299790063835725,-1.3869290955364704,0.1,0.1,0.0514340341091156
3,37,MEND156,1813,GACACAAGGGAAGAAA-1,7620,6303,0.08618997153826058,0.06844182463511672,-1.3867718622088432,0.1,0.1,0.05165240168571472
3,38,MEND156,393,ACTCGTAACCCGTCCT-1,3344,9185,0.08615290680900216,0.07031212978923561,-1.3691983610391616,0.2,0.0,0.09530509114265442
3,39,MEND156,3391,TTATCTGACATTAGGA-1,2035,8730,0.0860327851260081,0.07000884764910024,-1.427738255262375,0.1,0.0,0.04985140264034271
3,40,MEND156,1963,GATGCTGTATTTCATC-1,7882,8275,0.08585646022111178,0.06309338718366933,-1.2375081807374955,0.0,0.0,0.0
3,41,MEND156,2135,GCTAGCAACGCACCTA-1,9889,13279,0.08575408635661005,0.06444107225832668,-1.1900923185050487,0.1,0.0,0.0459397941827774
3,42,MEND156,828,ATGTGGACATCTTGAT-1,7533,8881,0.08575054481625558,0.0686314516695082,-1.3242054045200349,0.0,0.0,0.0
3,43,MEND156,1161,CCCAGGTCTGAAGGCT-1,11024,9791,0.08571236608549952,0.07544099990019264,-1.3988185815513134,0.2,0.0,0.09653230905532836
3,44,MEND156,742,ATCAGCTCGTCCACTA-1,2646,9185,0.08563047498464585,0.06681366151572461,-1.278410592675209,0.0,0.0,0.0
3,45,MEND156,1220,CCGCGGAATGCGTCAC-1,5264,9488,0.08520067888312041,0.07134251638887902,-1.4264931380748749,0.2,0.0,0.09838070571422577
3,46,MEND156,1918,GAGTGTCAACCAGAAA-1,8580,11307,0.08506539911031723,0.06366487781086538,-1.2503122963011264,0.1,0.1,0.05132759213447571
3,47,MEND156,79,AACGACCTCCTAGCCG-1,11722,12520,0.0849689818918705,0.06792099058291906,-1.3250198781490325,0.0,0.0,0.0
3,48,MEND156,1897,GAGGCCTGTTGATACA-1,10675,11307,0.08487217389047146,0.05971416525574834,-1.193765076994896,0.0,0.0,0.0
3,49,MEND156,1785,GAAGCCTGCACATTCC-1,6661,11004,0.08484685029834509,0.060511348127954875,-1.2587191253900527,0.1,0.0,0.04949395954608917
3,50,MEND156,318,ACCTGCGTGTCATGTT-1,2908,8730,0.08484406690113247,0.07829718642484335,-1.3918353974819184,0.1,0.1,0.05706300735473633
3,51,MEND156,584,AGGGTTCAGACGGTCC-1,5264,12217,0.08478082800284029,0.06615434118193693,-1.2966024816036223,0.0,0.0,0.0
3,52,MEND156,3152,TGACCAAATCTTAAAC-1,6748,11762,0.08470325614325702,0.06817590018695915,-1.2278885498642922,0.0,0.0,0.0
3,53,MEND156,482,AGCAAAGGCCGCTAGT-1,7620,10853,0.08458359446376562,0.07178206881312502,-1.4194506464526058,0.1,0.1,0.05249022245407105
3,54,MEND156,1885,GAGCGCAAATACTCCG-1,10675,9488,0.08432116219773889,0.06514858151916998,-1.2586273729801178,0.0,0.0,0.0
3,55,MEND156,1607,CTCATTTGATGGGCGG-1,6748,5090,0.08427401594817638,0.06844091557863873,-1.37996861115098,0.1,0.1,0.050138342380523684
3,56,MEND156,1990,GCAAGTGTAAAGCATG-1,5264,11914,0.0841240688227117,0.0613790638841487,-1.2106683045625686,0.0,0.0,0.0
3,57,MEND156,840,ATTACGGGCTACGGTT-1,1686,12066,0.08410266749560832,0.06688517755950166,-1.2855067618191243,0.1,0.0,0.046906599402427675
3,58,MEND156,1272,CCTATGGGTTACCGTC-1,7359,6152,0.08399235703982413,0.07167696405487928,-1.3757664278149604,0.1,0.0,0.049122491478919984
3,59,MEND156,2001,GCACGCCGATTCCCGC-1,7970,12672,0.08387852115556597,0.06730312373228448,-1.3416509598493576,0.1,0.0,0.0477734625339508
3,60,MEND156,1084,CATTCCCATTCCGTCG-1,11635,6607,0.08384790010750294,0.06670545116065446,-1.3368744939565658,0.1,0.0,0.04669825434684753
3,61,MEND156,961,CACCTTGGCGCCTTTG-1,10326,8275,0.08376125376671553,0.06582600979710566,-1.4419638335704803,0.1,0.0,0.04968646764755249
3,62,MEND156,944,CACCACGCCACACAGA-1,2035,7820,0.0835308232344687,0.06444821560895637,-1.3006554871797562,0.0,0.0,0.0
3,63,MEND156,2363,GGTCCACGTCTATTTG-1,3519,12824,0.0833261770196259,0.06705905647490046,-1.2552411498501896,0.1,0.1,0.050066697597503665
3,64,MEND156,2741,TACTTAAACATGTACA-1,10762,11762,0.08330339221283793,0.06088522305127475,-1.2492419600486755,0.0,0.0,0.0
3,65,MEND156,777,ATCTCCCACGGAATAT-1,10762,10853,0.08311260845512151,0.06524372152923667,-1.3753843039274216,0.1,0.1,0.05003819465637207
3,66,MEND156,1997,GCACACGCCCATGGTC-1,2210,6910,0.08302663117647172,0.06379580205380268,-1.2543217692524196,0.1,0.0,0.04726606905460358
3,67,MEND156,1746,CTTTACCGAATAGTAG-1,8668,9336,0.08300873823463917,0.06107669510784253,-1.2862685412168502,0.0,0.0,0.0
3,68,MEND156,1096,CCAAGAAAGTGGGCGA-1,5875,9639,0.08299654228612781,0.06996522227996228,-1.393713789433241,0.1,0.1,0.05146362781524658
3,69,MEND156,2519,GTGATCCTTGTCATGA-1,8668,11156,0.08296382650732995,0.06510238636039108,-1.3016131848096848,0.0,0.0,0.0
3,70,MEND156,1195,CCCTTTAATGGAGTTC-1,10849,11307,0.08263797098770738,0.06788661124733296,-1.3396364748477936,0.1,0.1,0.051607316732406615
3,71,MEND156,3495,TTGCCTTCTCGCCGGG-1,10413,12066,0.08249327829107642,0.06386294193308252,-1.3085825175046921,0.1,0.0,0.04845113456249237
3,72,MEND156,1871,GAGAGGGCGCGAGGTT-1,4828,7517,0.08228224590420723,0.061441280441687965,-1.304721224308014,0.0,0.0,0.0
3,73,MEND156,217,ACAAGGACAAGAGGTT-1,4566,6152,0.08214725591242314,0.06990273806091007,-1.3915159970521926,0.0,0.0,0.0
3,74,MEND156,2573,GTTAGGCTACCCGTTT-1,2559,9943,0.08209484787657857,0.06597756442887091,-1.4306977361440658,0.1,0.0,0.046375641226768495
3,75,MEND156,885,CAAACGAGTATCGCAG-1,5439,8881,0.0817981424741447,0.07108040387197251,-1.4887462913990022,0.1,0.0,0.04881627857685089
3,76,MEND156,3049,TCGGGATTCAAACATA-1,2646,7668,0.08178556952625513,0.06332519410765629,-1.279047355055809,0.1,0.1,0.050742387771606445
3,77,MEND156,837,ATTACCACACTGCCTG-1,11635,9033,0.08177149277180433,0.0651401226660769,-1.3490330666303634,0.0,0.0,0.0
3,78,MEND156,1889,GAGCTAAGGGCATATC-1,8580,6152,0.08175906026735902,0.0672447980306023,-1.4017732843756676,0.1,0.0,0.04827328622341156
3,79,MEND156,2729,TACTCCTCTAGTTGAC-1,4479,11459,0.08170881113037468,0.06270237857639831,-1.295647570490837,0.0,0.0,0.0
3,80,MEND156,2969,TCCGAACGTTGCCGCT-1,11896,9488,0.0815323244780302,0.07062218919069589,-1.5774819135665894,0.1,0.1,0.051183807849884036
3,81,MEND156,1898,GAGGCTATCAAAGTCG-1,3694,7062,0.08148606694303454,0.07518414747909144,-1.5192023754119872,0.1,0.1,0.057914912700653076
3,82,MEND156,2632,TAACATACAATGTGGG-1,7446,7517,0.08139375788159668,0.0708053114873109,-1.4819267511367797,0.1,0.1,0.05079425573348999
3,83,MEND156,2733,TACTCTTACTTTACTG-1,11024,10701,0.08129461705684662,0.06667771306165841,-1.3673803240060807,0.1,0.0,0.04575760066509247
3,84,MEND156,922,CAATTAAGGGTGATGA-1,7010,6152,0.08121090289205313,0.06686900624264351,-1.330007453262806,0.0,0.0,0.0
3,85,MEND156,3384,TTAGTTATTCGTGGCA-1,9278,8881,0.08116464628838002,0.06753156236687569,-1.4096448622643947,0.1,0.0,0.046582022309303285
3,86,MEND156,534,AGCTCTAGACGTTCCA-1,7970,7517,0.08114693611860276,0.07275605327729011,-1.4924984868615865,0.2,0.1,0.09789128005504608
3,87,MEND156,2512,GTGAGCGTGCTGCACT-1,3519,6758,0.08109643626958132,0.05873672557440119,-1.2198878288269044,0.1,0.0,0.048557183146476744
3,88,MEND156,604,AGTAATCTAAGGGTGG-1,9017,12975,0.08098589517176151,0.0656452915654298,-1.3720076501369476,0.0,0.0,0.0
3,89,MEND156,3253,TGGATGGCATCTTGGA-1,5439,13430,0.08093584342859686,0.06701777407087106,-1.432557049393654,0.2,0.0,0.09160811603069305
3,90,MEND156,579,AGGGTCAGTAACCCTA-1,11198,4029,0.0809030681848526,0.06431451319960385,-1.4483142524957657,0.0,0.0,0.0
3,91,MEND156,2110,GCGGGCATTACGATGC-1,11722,6455,0.08085155515000224,0.06374210199033907,-1.4285728335380554,0.1,0.0,0.0478173166513443
3,92,MEND156,1564,CTAGCCCGGGAGACGA-1,4566,13430,0.08077267440967262,0.06315985527018018,-1.2638193249702454,0.0,0.0,0.0
3,93,MEND156,649,AGTGGCCCGCAAATGG-1,9628,12824,0.08075776037294417,0.08425906469598599,-1.532839161157608,0.1,0.1,0.061507248878479005
3,94,MEND156,2459,GTCCCAATCATCCCGC-1,1512,8123,0.08070926889777183,0.06358791162069825,-1.3249668166041375,0.1,0.0,0.04228184223175049
3,95,MEND156,2761,TAGATTCCTGGTTATT-1,3083,6607,0.0806176071986556,0.06975188369153629,-1.5335139691829682,0.1,0.0,0.049512043595314026
3,96,MEND156,1976,GATTTGCGCTAACACC-1,5788,13127,0.08057394931092858,0.06047138030765259,-1.3461266040802002,0.0,0.0,0.0
3,97,MEND156,1825,GACATCGATTTATAAC-1,5701,9639,0.080561338737607,0.059018814269209824,-1.2653844624757766,0.0,0.0,0.0
3,98,MEND156,2524,GTGCCATCACACGGTG-1,4304,8123,0.08055654326453805,0.0660980443065956,-1.3846825063228607,0.1,0.1,0.05128334760665894
3,99,MEND156,1081,CATTACGCAGGAAGGG-1,10151,12520,0.08053599027916788,0.06012583419428305,-1.335136553645134,0.0,0.0,0.0
3,100,MEND156,552,AGGAGGCCTTCGCGCG-1,9889,9639,0.0804865452228114,0.07018496219218918,-1.6137398928403854,0.1,0.0,0.04699667096138001
3,101,MEND156,278,ACCATCGTATATGGTA-1,5002,8123,0.08043076107278466,0.0636529220404607,-1.4651101291179658,0.0,0.0,0.0
3,102,MEND156,2485,GTCTATCTGAGTTTCT-1,5002,7820,0.08041390427388251,0.06546187097358641,-1.4310177981853485,0.0,0.0,0.0
3,103,MEND156,1546,CTAATTCGCACGCGCT-1,4304,6000,0.08017592672258615,0.06638153844978562,-1.3981541067361831,0.1,0.0,0.04591941237449646
3,104,MEND156,2944,TCCAGGCGAGTACGGT-1,6311,6455,0.08014389285817743,0.06828959205091388,-1.4047863215208054,0.1,0.0,0.04800439774990082
3,105,MEND156,62,AACATATCAACTGGTG-1,9977,5849,0.08010179335251451,0.06399166815908625,-1.4295875012874604,0.0,0.0,0.0
3,106,MEND156,3395,TTATGATCTTAACGAA-1,8493,7517,0.08006728393957019,0.06279008615574887,-1.4468280047178268,0.0,0.0,0.0
3,107,MEND156,1099,CCAATAGTGCCGTCGA-1,5002,6910,0.07993500335142016,0.06779372941420604,-1.4336392253637313,0.1,0.1,0.05103748440742493
3,108,MEND156,78,AACGAAAGTCGTCCCA-1,2035,10549,0.07988769803196191,0.06368293680885637,-1.4069754362106324,0.0,0.0,0.0
3,109,MEND156,2042,GCCCAGATGCTGGAGA-1,11896,7365,0.079777442663908,0.06704425398245838,-1.4386602848768235,0.0,0.0,0.0
3,110,MEND156,835,ATTAATGAACCAGTCG-1,8231,5242,0.07968413257040083,0.06040971997316644,-1.4248461604118348,0.0,0.0,0.0
3,111,MEND156,234,ACACCTTACTACTTGC-1,11024,7971,0.07966796904802323,0.06279526688404283,-1.4331097066402436,0.0,0.0,0.0
3,112,MEND156,267,ACCAAGTCATCGGCAG-1,10587,12369,0.07963827857747674,0.06108126025646006,-1.3024631977081298,0.0,0.0,0.0
3,113,MEND156,415,ACTTCCATGCGGGACA-1,8755,11004,0.07962715551257134,0.062219748560894794,-1.280753742903471,0.1,0.1,0.05051687955856323
3,114,MEND156,662,AGTTGCGGTCCTCAAC-1,2210,12369,0.07960765939205885,0.06428974874335454,-1.3918162316083909,0.0,0.0,0.0
3,115,MEND156,3379,TTAGCTGATTTGCCGT-1,9540,7517,0.07958270465023816,0.06569450518607847,-1.445343202352524,0.1,0.0,0.04927595853805542
3,116,MEND156,1761,GAAACCGAATTACCTT-1,5788,8578,0.0795790437841788,0.07430169937608164,-1.5229746729135514,0.1,0.1,0.05183866620063782
3,117,MEND156,810,ATGGCAGCATTACGAT-1,2908,11459,0.07947313147597015,0.07120958657491064,-1.477856821194291,0.1,0.1,0.05597219467163086
3,118,MEND156,2911,TCAGCCAATCCGTAAA-1,10500,11307,0.07946992125362158,0.06433601844428302,-1.4259959667921067,0.0,0.0,0.0
3,119,MEND156,3040,TCGGAGTACATGAGTA-1,7795,6607,0.07940259901806712,0.06698696261987115,-1.465239354968071,0.1,0.1,0.05216152667999267
3,120,MEND156,3131,TCTTTAGCAGGCGAAC-1,11460,6910,0.07940123034641147,0.06771757142162306,-1.417445319890976,0.0,0.0,0.0
3,121,MEND156,2255,GGCCCGGAGCATGTCT-1,11722,7062,0.07937579941935838,0.06363669816875561,-1.3975558698177337,0.1,0.0,0.045974597334861755
3,122,MEND156,606,AGTACAGAAGCTTATA-1,8057,12520,0.07937026042491198,0.06020468575068114,-1.2780110538005829,0.0,0.0,0.0
3,123,MEND156,2513,GTGAGGACACTTAAGG-1,8057,7971,0.07935759285464883,0.0644699945072555,-1.4813092023134231,0.0,0.0,0.0
3,124,MEND156,666,AGTTTGGCACGGGTTG-1,10238,9033,0.07932885838672518,0.06514066959255745,-1.4828304916620254,0.0,0.0,0.0
3,125,MEND156,1442,CGGATGAATGCTGTGA-1,3257,12369,0.07928631389513612,0.06148080960566965,-1.3625591486692428,0.0,0.0,0.0
3,126,MEND156,2060,GCCGCTTGTGAGAAAC-1,4828,7213,0.07918210783973337,0.06781479135815663,-1.4304298877716064,0.1,0.1,0.05041069388389587
3,127,MEND156,639,AGTGAGACTTCCAGTA-1,8929,7062,0.07909719925373793,0.0632646039582806,-1.4595793038606644,0.0,0.0,0.0
3,128,MEND156,1815,GACACCCAAAGACGCG-1,4566,13127,0.07906830841675401,0.06521049377576067,-1.3573389396071434,0.1,0.0,0.04734657108783722
3,129,MEND156,2832,TATCTACCACAGCGGG-1,6573,8123,0.07904650918208063,0.06498383770227348,-1.4744111001491547,0.0,0.0,0.0
3,130,MEND156,1117,CCACTGGTGGCTGGTT-1,3170,7668,0.07901520552113653,0.06324152568084913,-1.3923767149448394,0.0,0.0,0.0
3,131,MEND156,3032,TCGCTCGATATATTCC-1,6835,6152,0.07899574311450124,0.06444358539501914,-1.4021015465259552,0.1,0.0,0.04717052578926086
3,132,MEND156,443,AGAATACAGGCTATCC-1,9977,13127,0.07894578245468438,0.06787089348582753,-1.4269608788192272,0.1,0.0,0.04541008770465851
3,133,MEND156,374,ACTACCATCCGAGGGC-1,3781,12975,0.07892222818918526,0.06404817016069697,-1.489923134446144,0.0,0.0,0.0
3,134,MEND156,869,ATTGCTGCTCCTCCAT-1,5090,7062,0.07890166705474258,0.06726717935704946,-1.4708135738968848,0.1,0.0,0.048720359802246094
3,135,MEND156,3405,TTCAGCCCTGGTCCAC-1,8755,8881,0.07877552108839155,0.0672261696220012,-1.5585061579942703,0.1,0.0,0.04723400175571442
3,136,MEND156,3282,TGGTCGTGCAAGGCAA-1,1948,7971,0.07872851993888616,0.06500609780136864,-1.4342537194490432,0.1,0.1,0.051019638776779175
3,137,MEND156,2714,TACGCTGATAGTTGTA-1,2472,12824,0.07865687850862742,0.06038951474143151,-1.5185721814632416,0.0,0.0,0.0
3,138,MEND156,3129,TCTTTAAGACTATGAA-1,9889,6910,0.0786393622867763,0.06470557721585833,-1.5900028705596925,0.1,0.0,0.04854137599468231
3,139,MEND156,892,CAAATTGGATTATGCC-1,11460,5090,0.07855839254334569,0.06815834337380113,-1.4113205924630166,0.2,0.0,0.08880935311317444
3,140,MEND156,2128,GCTACAATCGAGGATA-1,10413,11156,0.07848805151879787,0.06936699723562384,-1.551418028306216,0.1,0.1,0.0538801372051239
3,141,MEND156,216,ACAAGGAAATCCGCCC-1,7882,9185,0.07846602513454855,0.061740981945942755,-1.3984728693962096,0.0,0.0,0.0
3,142,MEND156,2181,GCTTGCAGCACAATTG-1,11547,4636,0.07836401434615255,0.06838498655097057,-1.4876252837479114,0.1,0.0,0.046565192937850955
3,143,MEND156,154,AATAACAACGCTCGGC-1,3955,7213,0.07832997646182775,0.0633383614348253,-1.4881274670362472,0.0,0.0,0.0
3,144,MEND156,1299,CCTGCGTTCTACGCTT-1,2559,6607,0.07832151828333736,0.06629407135295311,-1.4747844882309438,0.1,0.1,0.05188130140304566
3,145,MEND156,1919,GAGTGTGCGGTACCCA-1,9017,8426,0.07830627290531993,0.06575285982790798,-1.3986196517944336,0.0,0.0,0.0
3,146,MEND156,2850,TATGTAGAAACCCGGC-1,1948,11004,0.0782931768335402,0.06111393610297737,-1.4265103757381439,0.0,0.0,0.0
3,147,MEND156,2586,GTTCGGAGCACTCAAC-1,11286,11459,0.07827473557554185,0.07115767972223219,-1.5150567248463631,0.2,0.0,0.0977275013923645
3,148,MEND156,3299,TGTAGCCATCCCATTC-1,11111,11156,0.07822851920500398,0.06644025293711119,-1.414067491889,0.1,0.0,0.047938892245292665
3,149,MEND156,2277,GGCGTAGGGAAAGCTG-1,8493,11459,0.07818979313597083,0.061568125944190026,-1.347790203988552,0.0,0.0,0.0
3,150,MEND156,3516,TTGGGCGGCGGTTGCC-1,7970,6303,0.0781580067705363,0.062374199390878286,-1.4575894802808762,0.0,0.0,0.0
3,151,MEND156,1252,CCGTTACGTTAGAACA-1,9017,4787,0.07808176474645734,0.07288281747548216,-1.6082533795386553,0.1,0.1,0.05113515257835388
3,152,MEND156,2019,GCATAGAGCACTCAGG-1,6486,7365,0.07807331392541528,0.06150269476614616,-1.3087829142808913,0.0,0.0,0.0
3,153,MEND156,185,AATGATGCGACTCCTG-1,10151,5545,0.07805536752566695,0.06664403089079761,-1.4179708361625671,0.1,0.0,0.0436904639005661
3,154,MEND156,280,ACCCATCTTGAGGGTA-1,4566,7365,0.07800245238468051,0.0688829612958479,-1.5245749622583389,0.1,0.0,0.04734206199645996
3,155,MEND156,88,AACGTACTGTGGGTAC-1,5002,9033,0.07793916361406446,0.0658914689776061,-1.4012167505919932,0.1,0.1,0.051257741451263425
3,156,MEND156,3494,TTGCCTAATCCAAAGT-1,3170,12217,0.07793107507750392,0.06134104966371926,-1.3590608328580855,0.0,0.0,0.0
3,157,MEND156,1688,CTGGGCTACTGGAGAG-1,10762,13279,0.07788273198530078,0.0650336630252902,-1.3551266754046083,0.1,0.1,0.050014936923980714
3,158,MEND156,2294,GGGAAGGGCTTTCTCA-1,8929,11307,0.07788211042061448,0.06619356597859886,-1.547901377081871,0.0,0.0,0.0
3,159,MEND156,2985,TCCGGGCTTGACGGGA-1,9715,11762,0.07786918710917234,0.062454268660079956,-1.471581479907036,0.0,0.0,0.0
3,160,MEND156,3184,TGATTCGTCTATCACT-1,4915,6455,0.07780810203403235,0.06656031300929544,-1.5783304184675218,0.0,0.0,0.0
3,161,MEND156,1987,GCAACGGCTAGTTATG-1,11198,8275,0.07779695065692067,0.06597291793546223,-1.4118551775813102,0.1,0.0,0.047658690810203554
3,162,MEND156,2117,GCGTCCCTAAGACATA-1,5002,11459,0.07778971348889172,0.06817527333929381,-1.4965162783861161,0.2,0.0,0.08885674476623535
3,163,MEND156,850,ATTCACTGATGTTGGA-1,7271,10246,0.07777810068801046,0.054445315875240353,-1.3317338794469833,0.0,0.0,0.0
3,164,MEND156,794,ATGCACGCGCTGTTCA-1,2297,10701,0.07773307440802454,0.06350642473033377,-1.3844746500253677,0.0,0.0,0.0
3,165,MEND156,931,CACAGAGACGAGGACG-1,3083,11459,0.07760836742818356,0.053148140795008805,-1.3101972699165345,0.0,0.0,0.0
3,166,MEND156,3180,TGATGGCTGTTTCTGA-1,11286,6303,0.0776067862752825,0.06724186775200705,-1.4324904408305883,0.2,0.0,0.09247293174266816
3,167,MEND156,2152,GCTCCTGACATACTGG-1,4130,10246,0.07759600072167813,0.06496145502703617,-1.5311267167329787,0.0,0.0,0.0
3,168,MEND156,883,CAAACCATAAGCGTAT-1,9104,13430,0.07752132620662451,0.05727776330609039,-1.304853719472885,0.0,0.0,0.0
3,169,MEND156,1278,CCTCACCTTAGCATCG-1,9802,5849,0.07745661064982415,0.06375017365554793,-1.4770201683044433,0.0,0.0,0.0
3,170,MEND156,2173,GCTTAATGTAACTAAC-1,8668,8123,0.07744994666427374,0.06324086139427858,-1.3855602353811265,0.0,0.0,0.0
3,171,MEND156,2942,TCCAGCGCTATAAGCG-1,11460,9639,0.07741013746708632,0.06252131263757818,-1.452705943584442,0.0,0.0,0.0
3,172,MEND156,558,AGGCACGTGACTGTCC-1,11373,10398,0.07740894709713757,0.0653449776445686,-1.5768087089061738,0.1,0.0,0.04507971405982971
3,173,MEND156,1386,CGCATCCATCAGCCAG-1,11460,6000,0.07740197097882628,0.06749957344612717,-1.459082341194153,0.1,0.0,0.04414346218109131
3,174,MEND156,1658,CTGCACCTAGTCCACA-1,11547,6152,0.07739970544353128,0.06589021761265973,-1.5121004562824965,0.1,0.0,0.04853772222995758
3,175,MEND156,2207,GGACTCGAAGCTTTCA-1,12158,10853,0.07738122157752514,0.05831996257016869,-1.4417202174663544,0.0,0.0,0.0
3,176,MEND156,3063,TCGTTAGGAGTCCCTA-1,6050,9639,0.07737383805215359,0.0519078664356358,-1.186266702413559,0.0,0.0,0.0
3,177,MEND156,3438,TTCGTACTCCAGAACG-1,3868,6152,0.07734076348133385,0.06623721850571714,-1.5618158370256423,0.0,0.0,0.0
3,178,MEND156,2131,GCTACTATAGTAGAGT-1,9540,9336,0.07732432330958545,0.06425781344605787,-1.474211049079895,0.1,0.0,0.04827660024166107
3,179,MEND156,1507,CGTGCTTCTACCTAAA-1,3781,11156,0.07732326006516814,0.0604879834366787,-1.5076824218034743,0.0,0.0,0.0
3,180,MEND156,436,AGAACTGTACTTTGTA-1,9715,12975,0.07725524776615203,0.0710089327541868,-1.402896773815155,0.1,0.1,0.05153003931045532
3,181,MEND156,1074,CATGGTATTAGTTTGT-1,1948,10701,0.07722914479672909,0.06508855848979711,-1.5457705914974214,0.1,0.0,0.049263373017311096
3,182,MEND156,958,CACCGTTAGGGATCAC-1,4566,9791,0.07721174722537398,0.06606164284578914,-1.409540030360222,0.1,0.0,0.04278765022754669
3,183,MEND156,1883,GAGCATCAACAACTTG-1,3955,11459,0.07719713365659117,0.06326142949292751,-1.3990119814872741,0.1,0.0,0.04822888970375061
3,184,MEND156,1120,CCAGAAACTGATGCGA-1,11547,12217,0.0771802756935358,0.0605636838454796,-1.4265977650880814,0.0,0.0,0.0
3,185,MEND156,1048,CATATACTACTGATAA-1,10238,4484,0.07712656101211905,0.0603212324363815,-1.373905423283577,0.1,0.0,0.047951728105545044
3,186,MEND156,1490,CGTATTGTTTGGCGCC-1,1425,12520,0.07711739339865745,0.06613984176745484,-1.5419194594025611,0.1,0.1,0.05290854573249817
3,187,MEND156,55,AACAATTACTCTACGC-1,3519,6152,0.0770047627389431,0.061750955104920104,-1.4299565583467484,0.0,0.0,0.0
3,188,MEND156,1128,CCAGGCGAGATGGTCT-1,2734,13279,0.07699942775070667,0.06551583466854681,-1.4923578381538392,0.1,0.0,0.04834754467010498
3,189,MEND156,571,AGGCTTCCCGAAGAAG-1,5002,9336,0.07699829787015915,0.06464486122964945,-1.5285046994686127,0.0,0.0,0.0
3,190,MEND156,2310,GGGCACTATTGACCAT-1,1599,11004,0.07694471785798669,0.06538074547916668,-1.4266770273447036,0.0,0.0,0.0
3,191,MEND156,3344,TTAACGTTAAAGCCTG-1,1686,7213,0.07693592477589846,0.06660249451323327,-1.4060312554240226,0.2,0.0,0.09200807809829711
3,192,MEND156,1311,CCTGTTCAACCTCGGG-1,5788,12520,0.07690433114767074,0.06127138083225277,-1.3870188772678376,0.0,0.0,0.0
3,193,MEND156,2304,GGGATCCCAATACAAA-1,11809,4484,0.07688896157778799,0.06056103600962927,-1.4690153419971466,0.0,0.0,0.0
3,194,MEND156,262,ACATTTGAAACCTAAC-1,9977,12824,0.07688425346277654,0.06415976285624815,-1.5925133973360062,0.0,0.0,0.0
3,195,MEND156,1876,GAGATCTGTCACTCCG-1,7795,6303,0.07687159534543753,0.05997174438580258,-1.4921305686235429,0.0,0.0,0.0
3,196,MEND156,89,AACGTCATCCGGCTTG-1,6311,13430,0.07683430379256606,0.056851493975637504,-1.3063143819570542,0.0,0.0,0.0
3,197,MEND156,316,ACCTCCGTTATTCACC-1,11111,6910,0.07683301903307438,0.05556339990643129,-1.4455465078353882,0.0,0.0,0.0
3,198,MEND156,438,AGAAGGTACACTTCAC-1,2559,9639,0.07682849140837789,0.05912166663299818,-1.3488943308591843,0.0,0.0,0.0
3,199,MEND156,2871,TCAAATTGTTGTGCCG-1,8144,12066,0.07682720730081201,0.06328399108413298,-1.5760856300592423,0.0,0.0,0.0
3,200,MEND156,1399,CGCCGCGTTCTGAACG-1,5264,12824,0.07680532122030855,0.05936124619180334,-1.360891905426979,0.0,0.0,0.0
3,201,MEND156,1249,CCGTGAGGCATTCATG-1,11809,7213,0.0767827077768743,0.05980053805754467,-1.360780230164528,0.0,0.0,0.0
3,202,MEND156,135,AAGGGTTAGCCATGCG-1,11896,13127,0.07676971880719066,0.05770487358057404,-1.1889926761388778,0.0,0.0,0.0
3,203,MEND156,2370,GGTCTCTGAATGGACT-1,4304,9639,0.07675213809125125,0.06547403195025285,-1.5301278918981551,0.1,0.0,0.04876671135425568
3,204,MEND156,2337,GGGTATTCTAGCAAAC-1,2646,10094,0.0767375492490828,0.06519680024948428,-1.5420756220817566,0.0,0.0,0.0
3,205,MEND156,586,AGGGTTTAGTTCGGGA-1,6835,6758,0.07669680123217404,0.06373543470906072,-1.4401464626193046,0.1,0.0,0.046465665102005005
3,206,MEND156,1960,GATGCCTTCTGCGGCA-1,2559,10549,0.07666362626478077,0.06569082977421506,-1.4112276926636695,0.1,0.0,0.04752167761325836
3,207,MEND156,3123,TCTTCGCGGTGAGAGG-1,11460,10853,0.07665030295029282,0.05975826611163073,-1.3488856315612794,0.0,0.0,0.0
3,208,MEND156,621,AGTCCCGCCTTTAATT-1,9453,4332,0.07657940601930022,0.0655328823651222,-1.5146073818206787,0.0,0.0,0.0
3,209,MEND156,2440,GTATTCTGAGAAACGA-1,4653,9033,0.07657285430468619,0.0706512688853734,-1.5732534738257526,0.1,0.1,0.05431391596794129
3,210,MEND156,1722,CTTCAACTCCACTTGG-1,8057,10701,0.07643893165513874,0.0635990163600052,-1.463456529378891,0.1,0.0,0.0497810035943985
3,211,MEND156,356,ACGGTCACCGAGAACA-1,2472,12520,0.07641518334858119,0.061092370722377526,-1.4373692631721497,0.1,0.1,0.05068555474281311
3,212,MEND156,511,AGCCTAATACCCACGT-1,2559,9336,0.07640371471643448,0.06501339464071706,-1.4438563533127309,0.1,0.0,0.048488563299179076
3,213,MEND156,977,CACTCGGTTAGGAGGA-1,2472,7062,0.07639446021057665,0.0645442831018162,-1.5808142580091953,0.1,0.0,0.04998846352100372
3,214,MEND156,69,AACCCGACAACCCGTG-1,5090,11914,0.0763920680154115,0.057270703501479794,-1.4036050200462342,0.1,0.0,0.048158508539199826
3,215,MEND156,2808,TATACACAGACGCCTT-1,6573,9336,0.07638891376554965,0.06401692763457274,-1.4419219106435777,0.0,0.0,0.0
3,216,MEND156,2111,GCGGGCGAGCCTTACC-1,5788,10094,0.07637519342824817,0.05995417748944958,-1.4830117493867874,0.0,0.0,0.0
3,217,MEND156,3352,TTAATGTAGACCAGGT-1,7271,6303,0.07634272095747292,0.05978700403847311,-1.4889295250177383,0.0,0.0,0.0
3,218,MEND156,1432,CGCTTTCTTGCATTCG-1,8755,6455,0.07634087363258005,0.06937549795583134,-1.5910413309931755,0.1,0.1,0.05007696747779846
3,219,MEND156,2889,TCAATCCGGGAAGTTT-1,10413,12975,0.07632966302335262,0.06011863610384001,-1.383889290690422,0.0,0.0,0.0
3,220,MEND156,1082,CATTATCCCATTAACG-1,4043,11914,0.0763224383816123,0.059460594497070446,-1.3581257462501526,0.0,0.0,0.0
3,221,MEND156,149,AAGTTCACTCCAAGCT-1,8755,10398,0.07631283709779382,0.06331473163319803,-1.4003169044852257,0.1,0.1,0.050852245092391966
3,222,MEND156,1355,CGAGGAGCTTCCATAT-1,11547,5242,0.07626274023205042,0.06545590911405566,-1.4355537384748458,0.1,0.0,0.044946059584617615
3,223,MEND156,2046,GCCCGATCTGTGGTCG-1,6835,9791,0.07620038706809282,0.05381332258108872,-1.2872882395982743,0.0,0.0,0.0
3,224,MEND156,1484,CGTAATATGGCCCTTG-1,11896,13430,0.07616969528608024,0.058744268749564024,-1.3550652116537094,0.0,0.0,0.0
3,225,MEND156,1926,GATAGAACCCGCTAGG-1,6224,12369,0.07616762425750494,0.05563939577604533,-1.4772087782621384,0.0,0.0,0.0
3,226,MEND156,3336,TGTTGTCAAGAAGTCT-1,8493,5394,0.07616186700761318,0.06621362767868041,-1.6498092710971832,0.1,0.0,0.04632849991321564
3,227,MEND156,403,ACTGCTCGGAAGGATG-1,2123,9791,0.07615791349671781,0.062281901625324904,-1.3805608063936234,0.0,0.0,0.0
3,228,MEND156,2455,GTCCACGTCGCATTCG-1,11635,11459,0.0761322128586471,0.06102940225972484,-1.5007675141096115,0.0,0.0,0.0
3,229,MEND156,755,ATCCCATCCACAGCGC-1,2559,11156,0.07613126700744033,0.06461549131947784,-1.489066880941391,0.1,0.0,0.04621329009532928
3,230,MEND156,224,ACAATTGTGTCTCTTT-1,9802,9488,0.07610971862450241,0.06169770323333654,-1.472845160961151,0.1,0.0,0.04946970343589783
3,231,MEND156,542,AGCTTGATCTTAACTT-1,3344,7971,0.07610675860196352,0.06085970990525967,-1.4918001741170883,0.0,0.0,0.0
3,232,MEND156,1187,CCCTCCTCGCTCGTAT-1,10587,9336,0.07607834450900555,0.06069346008932506,-1.3695081621408463,0.0,0.0,0.0
3,233,MEND156,1475,CGGTTATCCAACAGTG-1,9889,6303,0.07604885771870613,0.05517319623391465,-1.4267118752002717,0.0,0.0,0.0
3,234,MEND156,1409,CGCGCAAATGTCCAGA-1,3432,10246,0.07603983264416456,0.06206040091618305,-1.4834624230861664,0.0,0.0,0.0
3,235,MEND156,3099,TCTGAGCAATTGACTG-1,11111,9943,0.0760356149636209,0.06329869498452251,-1.4411407232284545,0.0,0.0,0.0
3,236,MEND156,1481,CGTAAAGCAAGAAATC-1,3781,12369,0.07602593647316098,0.058405810699571126,-1.4295808225870132,0.0,0.0,0.0
3,237,MEND156,190,AATGTGCTAATCTGAG-1,4130,11762,0.07602546997368335,0.06511822524831343,-1.4512272715568542,0.0,0.0,0.0
3,238,MEND156,1790,GAAGGCTACCATTGTT-1,11722,5545,0.07601205068640411,0.06144218145656394,-1.4246121555566789,0.0,0.0,0.0
3,239,MEND156,2862,TATTGACATTTCTGCC-1,11547,7062,0.07600819049403071,0.06351174164129675,-1.3927928507328033,0.0,0.0,0.0
3,240,MEND156,691,ATACGGGTTTCGATTG-1,8493,5090,0.07593548707664013,0.06513150525290937,-1.6110384613275528,0.0,0.0,0.0
3,241,MEND156,3186,TGATTTATTAGCTGTG-1,4304,7517,0.07589915934950113,0.06457790309428357,-1.454666579514742,0.1,0.0,0.049388399720191954
3,242,MEND156,449,AGACCGCTCCGCGGTT-1,11024,9488,0.07589694187045097,0.07213551034823595,-1.6563814032822848,0.1,0.1,0.05309833288192749
3,243,MEND156,2140,GCTAGTAGAGCTTGTA-1,7010,7668,0.07587602278217673,0.06564318334496996,-1.3972853153944016,0.1,0.0,0.0457878828048706
3,244,MEND156,2695,TACCTATCCCTAGAGG-1,1512,7820,0.07585598109290004,0.06363823990898243,-1.4290627747774125,0.1,0.0,0.047014671564102176
3,245,MEND156,201,AATTCGATTCGAGGAT-1,7970,11762,0.07585565373301506,0.05991904825602957,-1.4346452116966248,0.0,0.0,0.0
3,246,MEND156,667,AGTTTGGCCAGACCTA-1,4043,8881,0.0758178889285773,0.0798045619167523,-1.630402186512947,0.1,0.1,0.06133686900138855
3,247,MEND156,1942,GATCCTAAATCGGGAC-1,9628,5849,0.07581149847246707,0.06749452340095412,-1.528524249792099,0.0,0.0,0.0
3,248,MEND156,1071,CATGGGTATGCCTTAT-1,8493,10246,0.07576855160295963,0.05658860124112978,-1.3384730011224746,0.0,0.0,0.0
3,249,MEND156,2438,GTATGAAATTTCACTC-1,3257,9639,0.07576031750068069,0.0660790198134184,-1.6269096672534942,0.0,0.0,0.0
3,250,MEND156,336,ACGCCGCTAGACGACC-1,7533,8275,0.0757474853657186,0.06402902857280435,-1.4564532469958067,0.1,0.0,0.04953207671642303
3,251,MEND156,3428,TTCGCCGCTCGCGCTA-1,2123,10398,0.07574294889345765,0.06863982089660133,-1.6402465373277664,0.1,0.0,0.04923731088638306
3,252,MEND156,381,ACTCAAGTGCAAGGCT-1,8842,10853,0.07571205608546734,0.054754704247365116,-1.2840639531612397,0.0,0.0,0.0
3,253,MEND156,758,ATCCTACCTAAGCTCT-1,5526,8426,0.075705213425681,0.06115737546240335,-1.478197604417801,0.0,0.0,0.0
3,254,MEND156,3467,TTGACAGGAGCTCCCG-1,9977,8881,0.07566866101697087,0.06388278514846087,-1.6015190452337265,0.0,0.0,0.0
3,255,MEND156,3532,TTGTGCAGCCACGTCA-1,7795,10853,0.07564818793907761,0.06122200254165049,-1.43830249607563,0.1,0.0,0.0466358095407486
3,256,MEND156,2622,TAAAGCGGTATTTCCA-1,5613,11307,0.07563924426212906,0.05543437085174314,-1.3439810544252395,0.0,0.0,0.0
4,1,MEND156,3425,TTCGACAGAGCCCGTG-1,7271,9639,0.3112299233675003,0.060926044619454695,0.4965798661112785,1.0,1.0,0.6076636552810669
4,2,MEND156,3162,TGAGCGGAAAGTGTTC-1,7010,10094,0.3017458900809288,0.06026015352956115,0.5553108215332031,1.0,1.0,0.581445962190628
4,3,MEND156,2297,GGGACCCGTATATCTT-1,5962,10398,0.29685515016317365,0.05681360364138407,0.4385782653465867,1.0,1.0,0.5751430749893188
4,4,MEND156,3058,TCGTCTTAGGCGTTAA-1,8580,9791,0.2959554404020309,0.06429218242042371,0.5123025473207236,1.0,1.0,0.5812815666198731
4,5,MEND156,901,CAACTGCTCATCCGAT-1,6137,10701,0.29202765226364136,0.060483256118877185,0.4075982728973031,1.0,1.0,0.5781808435916901
4,6,MEND156,1628,CTCGTCGAGGGCTCAT-1,2908,10853,0.29148191660642625,0.06172727805274606,0.4681838694959879,1.0,1.0,0.5747180759906769
4,7,MEND156,3443,TTCTAGAAAGTCTTAT-1,5352,10853,0.2909316375851631,0.05751224084423192,0.4541798934340477,1.0,1.0,0.5746336281299591
4,8,MEND156,3237,TGCTCGGCGAAACCCA-1,6661,10398,0.29054997116327286,0.06348782393799199,0.4244565673172474,1.0,1.0,0.586850494146347
4,9,MEND156,2165,GCTGCTACTGCGTAGC-1,7882,9488,0.29045728147029876,0.06184926925467292,0.4809624295681715,1.0,1.0,0.5863472163677216
4,10,MEND156,496,AGCCAAGCTTTGTGTC-1,6399,11459,0.2903240278363228,0.06143644695060848,0.46901797540485857,1.0,0.8,0.5647732228040695
4,11,MEND156,1590,CTATTCATGTGTCCCA-1,6748,9639,0.2893340677022934,0.05843168992823813,0.40679865814745425,1.0,0.7,0.5578474998474121
4,12,MEND156,1955,GATCTTGGAGGGCATA-1,7446,8426,0.28927811086177824,0.06081950033575968,0.3747815277427435,1.0,0.7,0.5615239262580871
4,13,MEND156,148,AAGTGTTTGGAGACGG-1,8319,9639,0.28899688124656675,0.06120342156279767,0.442811306938529,1.0,1.0,0.5826389729976654
4,14,MEND156,260,ACATTAGTTTATATCC-1,6661,9488,0.288332624733448,0.05883699252705791,0.35637749917805195,1.0,1.0,0.5752260625362396
4,15,MEND156,2918,TCAGTGTATACGTCAT-1,4479,10549,0.2872356027364731,0.05803973888570763,0.4351123934611678,1.0,0.9,0.5693610697984696
4,16,MEND156,1285,CCTCGCGCTGTGCGAT-1,6486,10398,0.2863714680075645,0.06113980405765366,0.28907660357654097,1.0,1.0,0.5766658782958984
4,17,MEND156,2692,TACCGTAGGTTAACTA-1,6311,10701,0.28385564535856245,0.06331749748143069,0.41463119685649874,1.0,1.0,0.5746517360210419
4,18,MEND156,2734,TACTCTTTCGTCTTCA-1,5352,10549,0.28382212966680526,0.06683697421102695,0.52363066598773,1.0,1.0,0.5731092154979706
4,19,MEND156,1613,CTCCTCCAGCTCACAC-1,5701,11156,0.28371334820985794,0.060970290871144944,0.39025299102067945,1.0,0.9,0.5661898255348206
4,20,MEND156,2710,TACGCCTCCATTCCGA-1,6486,10094,0.28279639333486556,0.05846113758662837,0.3950078058987856,1.0,0.6,0.5516012072563171
4,21,MEND156,2423,GTAGCCAAACATGGGA-1,7446,9336,0.28242594450712205,0.058604898883341625,0.3975090831518173,1.0,0.9,0.5680953890085221
4,22,MEND156,1839,GACGACGATCCGCGTT-1,7446,9639,0.28241150379180907,0.05797397324728099,0.40307620353996754,1.0,0.6,0.5560909062623978
4,23,MEND156,1320,CCTTTAAGGGAGCACT-1,5701,10549,0.2814887911081314,0.057791367025018726,0.3641993060708046,1.0,1.0,0.5743309915065765
4,24,MEND156,1334,CGAATGAAGTCATTGC-1,3083,11156,0.28141323328018186,0.05574891374223898,0.3480164909735322,1.0,0.8,0.5654115080833435
4,25,MEND156,1978,GCAAACCTTGGCCATA-1,7184,10398,0.2809966117143631,0.05637802274936889,0.43292321152985097,1.0,0.5,0.5478549659252167
4,26,MEND156,290,ACCCGTGTCATCAGTA-1,6050,10549,0.28083408176898955,0.05533439921878531,0.4031524443998933,1.0,0.5,0.547617694735527
4,27,MEND156,1719,CTTAGTTGAGGAATCG-1,4217,11914,0.2804603099822998,0.06019705835958111,0.4821060195565224,1.0,0.8,0.5585122108459473
4,28,MEND156,1016,CAGGCGCCATGCTAGG-1,7708,9185,0.2804101347923279,0.05495800216818705,0.33167284168303013,1.0,0.9,0.5692057222127914
4,29,MEND156,3419,TTCCGGCCTTGAGGCT-1,5177,9943,0.2803956151008606,0.06200903277664057,0.3824702065438032,1.0,0.6,0.5615898758172989
4,30,MEND156,3151,TGACATGTAACGTGAC-1,6835,12217,0.28030983805656434,0.061662930568794426,0.31217281296849253,1.0,1.0,0.5781159341335297
4,31,MEND156,2312,GGGCAGAGCAATCGTT-1,6573,10549,0.2794966459274292,0.057374521923727516,0.3362526886165142,1.0,0.9,0.5679614126682282
4,32,MEND156,322,ACGACTGGTCATACTC-1,4304,11459,0.2785158917307854,0.06469074605116244,0.4286339972168207,1.0,1.0,0.5774919092655182
4,33,MEND156,1663,CTGCCATGCATCACAT-1,6748,7820,0.27798799723386763,0.05970862635631372,0.27165609821677206,1.0,0.7,0.5657226741313934
4,34,MEND156,1035,CATACACGGTTCCCAC-1,6137,11004,0.27787064015865326,0.05996335508653535,0.44685196578502656,1.0,0.5,0.5528283029794693
4,35,MEND156,2496,GTCTGTAGGTTGAACA-1,4741,12824,0.2777846947312355,0.06000030844708037,0.36003423407673835,1.0,0.9,0.567783173918724
4,36,MEND156,2034,GCCACTCAGAGCGCGA-1,9628,10701,0.2775124847888947,0.06163018995696191,0.3454117363318801,1.0,0.9,0.5715993970632554
4,37,MEND156,2697,TACCTCAGTTGTCTGT-1,5701,10853,0.2766498550772667,0.06303256097411575,0.45082323215901854,1.0,0.9,0.568085503578186
4,38,MEND156,1444,CGGCAAACATCGTGCG-1,7097,9639,0.27613410353660583,0.05884852590580645,0.25006057024002076,1.0,0.9,0.5604875147342682
4,39,MEND156,3263,TGGCGACTGCTCCAAA-1,5439,10094,0.2758900299668312,0.05476540556989381,0.30004714950919154,1.0,0.6,0.5576023131608963
4,40,MEND156,1394,CGCCCAGCACGCCTAG-1,5788,10701,0.2758830651640892,0.0586092384336992,0.3523625621572137,1.0,0.7,0.5610964566469192
4,41,MEND156,1126,CCAGCTCGAACGCATT-1,7010,11307,0.27536524534225465,0.061009344594411444,0.2536642398685217,0.9,0.9,0.5027866959571838
4,42,MEND156,2617,GTTTGGTAGGGTCAAC-1,6486,9791,0.27367406487464907,0.061685648620380076,0.5195001401007175,1.0,0.9,0.5625515013933182
4,43,MEND156,263,ACCAAACACCCAGCGA-1,11373,4332,0.2732779964804649,0.06619282916107583,0.47095310017466546,0.9,0.6,0.5060216814279557
4,44,MEND156,480,AGATTATAGGACGTTT-1,6050,7213,0.27279274761676786,0.06292645390752293,0.4143869012594223,1.0,0.5,0.546852308511734
4,45,MEND156,1764,GAAAGCAGTGCACTTT-1,6050,10246,0.2726409897208214,0.0534844333892209,0.30934779047966005,1.0,0.6,0.5459039270877838
4,46,MEND156,3448,TTCTGACCGGGCTCAA-1,8668,9639,0.2726343110203743,0.05943926026754716,0.23029247000813485,1.0,0.8,0.5624841988086701
4,47,MEND156,2549,GTGGTATAGTCTGCCG-1,4915,10398,0.27254743725061414,0.052959945114787535,0.3261622507125139,1.0,0.6,0.5541396826505661
4,48,MEND156,773,ATCGTTAGCTAGCGGA-1,9889,10549,0.27241697162389755,0.05632452092505907,0.341255759075284,1.0,0.7,0.5501927614212037
4,49,MEND156,94,AACTAGGCTTGGGTGT-1,6661,10094,0.2722330972552299,0.060686934420117446,0.32537759356200696,1.0,1.0,0.5653993010520935
4,50,MEND156,1502,CGTGACCAGTCCTCTG-1,6137,11307,0.27221639454364777,0.06455169559088883,0.32615598291158676,0.9,0.6,0.504731485247612
4,51,MEND156,3427,TTCGCACTGTACGACA-1,6486,11004,0.27213889360427856,0.06068455248452217,0.4417837727814913,1.0,1.0,0.557579517364502
4,52,MEND156,945,CACCAGTCAGCATGCA-1,3257,10853,0.27199233025312425,0.059991608020277296,0.3484956905245781,1.0,0.7,0.5528583109378815
4,53,MEND156,2179,GCTTCGACGTTCAATC-1,2646,12217,0.27198507636785507,0.06433059420139053,0.38374714851379393,1.0,0.8,0.5628277391195298
4,54,MEND156,3543,TTGTTTCACATCCAGG-1,5002,10549,0.27193035185337067,0.054770901080618294,0.29073702115565536,1.0,0.7,0.5566541671752929
4,55,MEND156,121,AAGCGCAGGGCTTTGA-1,7708,11914,0.27154690772295,0.05786125956357133,0.2979416772723198,1.0,0.8,0.5556690990924835
4,56,MEND156,65,AACATTGTGACTCGAG-1,5875,11459,0.27144516408443453,0.06067343025187931,0.28332329615950586,1.0,0.6,0.5504763126373291
4,57,MEND156,1012,CAGGCAGTCTTACCAG-1,8755,11611,0.27142523676157,0.058876584053446056,0.36308795046061276,1.0,0.5,0.5399168103933334
4,58,MEND156,3201,TGCATATGTCTGTCAC-1,8755,7062,0.2706899955868721,0.05876868504737977,0.3215614637359977,1.0,0.5,0.5381324708461761
4,59,MEND156,3189,TGCAACCCATCTGCGG-1,9191,10853,0.2703483745455742,0.06092346573108619,0.38773246854543686,0.9,0.6,0.496881490945816
4,60,MEND156,544,AGGAAGCTGTCCGCCG-1,7010,11004,0.2703464969992638,0.06290755742239197,0.3482919292524457,1.0,0.6,0.5566392660140991
4,61,MEND156,2427,GTAGTCGCGGGAATCA-1,8406,9185,0.270058736205101,0.060023063430710455,0.3960709791630507,0.8,0.6,0.4505776047706604
4,62,MEND156,2874,TCAACATAGCGCCCTA-1,5177,10549,0.2697887346148491,0.06282575785036662,0.3656377520412207,1.0,0.7,0.5580245018005371
4,63,MEND156,1328,CGAAGATCAGTTTCAT-1,7446,12975,0.2697696045041084,0.0527651133804603,0.23047297373414039,1.0,0.6,0.5548092573881149
4,64,MEND156,488,AGCACTACCTCACCAG-1,8406,9791,0.2696365162730217,0.06546152119508866,0.34920620247721673,0.9,0.9,0.5136987388134002
4,65,MEND156,2829,TATCCTATCAACTGGT-1,6486,12217,0.26960192918777465,0.05835634244140956,0.3751996044069529,1.0,0.7,0.5541481763124466
4,66,MEND156,3024,TCGCCGACATATTCGC-1,8842,11762,0.2695812299847603,0.0594049375436416,0.29878670573234556,0.9,0.7,0.49762271642684935
4,67,MEND156,2694,TACCTACTCCCAGTAT-1,6748,10549,0.26931084394454957,0.059276363421428314,0.3978527070954442,1.0,0.8,0.5530067086219788
4,68,MEND156,3256,TGGCAAGCACAAGTCG-1,6224,11762,0.26928077787160876,0.06300795660388817,0.4273081302642822,1.0,0.6,0.5480810403823853
4,69,MEND156,2531,GTGCTATCCAGCTGGA-1,7097,13279,0.26920465379953384,0.06080812858591168,0.3288457378745079,1.0,0.6,0.5475664615631104
4,70,MEND156,1433,CGGAAAGAATCAAACG-1,5526,10549,0.2686776638031006,0.05920254890969657,0.354859759286046,1.0,0.7,0.5498694032430649
4,71,MEND156,77,AACCTTTAAATACGGT-1,7271,9943,0.26848225891590116,0.060930067308919075,0.3016416788101196,1.0,0.6,0.5485658794641495
4,72,MEND156,3493,TTGCCGCTTTCTAGTA-1,8144,11156,0.26828211545944214,0.05895000237048696,0.3602528182789683,1.0,0.5,0.533134862780571
4,73,MEND156,1160,CCCAGGAAGAATTCGA-1,7097,12975,0.2682514309883118,0.05488647609110493,0.35876570381224154,1.0,0.5,0.5406961530447006
4,74,MEND156,1471,CGGTCCGTCGCAAGCC-1,5788,11307,0.26808661222457886,0.06045798847669173,0.4130299210548401,0.7,0.6,0.3973671764135361
4,75,MEND156,123,AAGCTAGATCGAGTAA-1,7271,9336,0.267970634996891,0.05625064905378564,0.44809496887028216,1.0,0.6,0.5499070584774017
4,76,MEND156,3351,TTAAGTATTGTTATCC-1,9191,11459,0.26793056130409243,0.056750128657400443,0.28106424659490586,1.0,0.6,0.5486259877681732
4,77,MEND156,1574,CTAGTTACAACCCGGT-1,7184,9791,0.267913331091404,0.05874102845341541,0.41001052893698214,1.0,0.6,0.5570378243923187
4,78,MEND156,2981,TCCGCTTATCCCATTA-1,6922,9336,0.26773596554994583,0.056644030219362124,0.37271679267287255,1.0,0.7,0.5501673698425293
4,79,MEND156,2758,TAGATATGGACTGGAA-1,5962,9185,0.26767230182886126,0.06096688404495969,0.15054216384887695,1.0,0.8,0.5538124829530716
4,80,MEND156,115,AAGCATACTCTCCTGA-1,7359,9791,0.26761794835329056,0.0608576801700718,0.21652400493621826,1.0,0.6,0.555906331539154
4,81,MEND156,1441,CGGATCCTCAAGGACT-1,8319,10853,0.2670396611094475,0.05501453895113184,0.3600443810224533,1.0,1.0,0.5494852006435395
4,82,MEND156,2561,GTTAAAGTAGGACTGG-1,8580,9185,0.26691007912158965,0.062376427819635205,0.4157631162554026,0.8,0.6,0.44877379536628725
4,83,MEND156,2793,TAGGTTCTGCTGAGAA-1,6748,12672,0.2665870815515518,0.0558008003174223,0.4281164288520813,1.0,0.5,0.5365177929401398
4,84,MEND156,521,AGCGGACACTTCGTAG-1,6748,11156,0.266534885764122,0.0586182495913628,0.3305863158777356,1.0,1.0,0.5612778067588806
4,85,MEND156,924,CAATTTCGTATAAGGG-1,6835,7365,0.2664985522627831,0.06729685917412802,0.3505943216383457,0.9,0.5,0.50343636572361
4,86,MEND156,338,ACGCGCTACACAGGGT-1,4043,7971,0.26617453098297117,0.06387614785341673,0.3293496686965227,1.0,0.6,0.5464007169008255
4,87,MEND156,2648,TAAGGGCTGGGAGAGG-1,2908,6910,0.2660691261291504,0.06008147514287029,0.27079090625047686,1.0,0.6,0.5518568217754364
4,88,MEND156,2236,GGATTGCTGTGACTCC-1,8668,10853,0.265902017056942,0.05802681489507881,0.29183396846055987,1.0,0.5,0.5434782087802887
4,89,MEND156,2515,GTGAGTGGTACAACGC-1,6224,9639,0.2657717317342758,0.05734337063423539,0.3772518586367369,1.0,0.6,0.5509193450212478
4,90,MEND156,3202,TGCATGTGACCCATAG-1,4653,12066,0.26549738049507143,0.06222924466108765,0.23644070103764533,0.9,0.7,0.5015541434288024
4,91,MEND156,350,ACGGCGACGATGGGAA-1,8057,9185,0.26539376229047773,0.05711347411039235,0.34012876115739343,0.9,0.9,0.5024299144744873
4,92,MEND156,3509,TTGGATATCGTCTACG-1,5875,9033,0.26536867916584017,0.05767013373628277,0.2680892735719681,1.0,0.6,0.5520023256540298
4,93,MEND156,269,ACCACAAGTTTCTATC-1,6050,6303,0.2652775660157204,0.0629849338688424,0.265687620639801,1.0,0.6,0.5472571104764938
4,94,MEND156,1316,CCTTCGTATAGAATCC-1,6661,12217,0.2651460990309715,0.05486214138706211,0.20697148740291596,1.0,0.5,0.5460987985134125
4,95,MEND156,2886,TCAATACGCCGTCATG-1,6661,11307,0.26504014879465104,0.06069121170270064,0.2673313204199076,1.0,0.6,0.5529463887214661
4,96,MEND156,2378,GGTGGACTGCTCTGGC-1,8755,10094,0.26467389762401583,0.06520666494382692,0.3484722912311554,0.8,0.6,0.45130819976329806
4,97,MEND156,566,AGGCCTGAGAATCTCG-1,9017,11156,0.26464926451444626,0.0581156162653538,0.3361336898058653,0.9,0.5,0.49320724606513977
4,98,MEND156,1,AAACACCAATAACTGC-1,2995,10701,0.26461185812950133,0.06799930139566912,0.36424559317529204,0.6,0.6,0.34770997762680056
4,99,MEND156,2139,GCTAGGCACCACGGAG-1,8668,9943,0.26460699141025545,0.05658903624113462,0.36260870192199945,1.0,0.7,0.5488541543483734
4,100,MEND156,2285,GGCTGAAATAGCAAAG-1,8231,9185,0.26436699330806734,0.06003976592876789,0.28725976273417475,0.9,0.6,0.4950365573167801
4,101,MEND156,2752,TAGACTCAGTTGGCCT-1,2559,12369,0.26423639208078387,0.059594836936871946,0.3635660193860531,1.0,0.6,0.5502492874860764
4,102,MEND156,1674,CTGCTTGGCGATAGCT-1,7882,9791,0.26407913863658905,0.06618790972349659,0.32429886758327486,0.8,0.5,0.44367115795612333
4,103,MEND156,67,AACCATAGGGTTGAAC-1,2297,11611,0.26405698657035825,0.05955758240803233,0.24374514482915402,1.0,0.6,0.5437702834606171
4,104,MEND156,200,AATTCCAAGCATGTAC-1,6399,11762,0.2635264217853546,0.06342134180021723,0.43496028427034616,0.9,0.5,0.48887774646282195
4,105,MEND156,1789,GAAGGAGTCGAGTGCG-1,6573,11762,0.26349317729473115,0.05715026170308321,0.2914347846060991,0.9,0.7,0.4979179441928864
4,106,MEND156,3248,TGGACGCAATCCAGCC-1,3083,10549,0.26333275586366656,0.05727333703636898,0.33848661817610265,1.0,0.5,0.5416387140750885
4,107,MEND156,131,AAGGCTGTGCTCATCG-1,5352,6303,0.26312893331050874,0.056920112132401404,0.26239160522818566,0.6,0.5,0.3450814485549927
4,108,MEND156,3528,TTGTCTCGGCAAGATG-1,4915,13127,0.2630884051322937,0.05755617445534851,0.21549631655216217,1.0,0.6,0.5422835379838944
4,109,MEND156,2849,TATGTAAAGTGCTTAA-1,5177,11762,0.26302879601716994,0.05718609058069321,0.2617074355483055,1.0,0.5,0.5401011496782303
4,110,MEND156,194,AATTAACGGATTTCCA-1,7097,10549,0.26302249133586886,0.06263305470576824,0.2878195524215698,1.0,0.6,0.5467377990484238
4,111,MEND156,2615,GTTTGGGCTTGTGAGC-1,7010,9488,0.26239524930715563,0.06386868219541851,0.3049426466226578,1.0,0.7,0.5424652487039566
4,112,MEND156,2339,GGGTCAGGAGCTAGAT-1,6137,11611,0.26233851462602614,0.059275000102574936,0.2720304224640131,0.9,0.7,0.4974809765815735
4,113,MEND156,752,ATCCACATCGACAGAA-1,7620,11156,0.2621781796216965,0.059897184486911885,0.33122207373380663,0.6,0.5,0.34087482690811155
4,114,MEND156,105,AAGACCAAATAACTCA-1,1861,11156,0.26165718883275985,0.055825175450200944,0.3818390153348446,1.0,0.7,0.544821560382843
4,115,MEND156,2727,TACTATGGTTCCTCAG-1,5439,10398,0.2616103276610374,0.057162917172591095,0.2923410452902317,1.0,0.7,0.5474356859922409
4,116,MEND156,615,AGTATTTGGCACGACC-1,5875,10549,0.2615591764450073,0.061846069978782295,0.29942724406719207,0.9,0.6,0.49665330052375795
4,117,MEND156,2593,GTTGAGTCCCGCCGGT-1,8144,9639,0.26151143461465837,0.05934334291833186,0.332847872376442,1.0,0.6,0.5465675979852677
4,118,MEND156,439,AGAAGGTTGCCGAATT-1,5177,8123,0.2614777013659477,0.061885440938901644,0.23025508541613818,1.0,0.6,0.5444076299667359
4,119,MEND156,2193,GGAACCTTGACTCTGC-1,3170,10701,0.26129233539104463,0.054398150182671884,0.16523692682385444,1.0,0.6,0.5424675643444061
4,120,MEND156,1577,CTATAAGTAGGGTTTG-1,2297,12824,0.26128518134355544,0.05842722695457856,0.3075669802725315,0.6,0.5,0.34449484944343567
4,121,MEND156,499,AGCCATATAGTATGTG-1,7010,12520,0.26128224432468417,0.057529318835964335,0.33708605393767355,0.9,0.6,0.4924543708562851
4,122,MEND156,284,ACCCGGAAACTCCCAG-1,7010,10398,0.26127181351184847,0.05653834414738828,0.21911771446466446,1.0,0.9,0.5577345371246338
4,123,MEND156,2366,GGTCGGTCGTCCACAG-1,5875,10246,0.2612152069807053,0.059923527557102674,0.3724874369800091,1.0,0.6,0.5540095210075379
4,124,MEND156,2607,GTTTCAAACGAGTTGT-1,10849,11004,0.2611087471246719,0.0632989296574587,0.2878736488521099,0.6,0.5,0.33912011682987214
4,125,MEND156,1880,GAGATGGGAGTCGACA-1,7620,9639,0.2608426406979561,0.05795669628264212,0.19532925449311733,1.0,0.6,0.5392329692840576
4,126,MEND156,1523,CGTTGAATACCGCGCT-1,8057,10398,0.2608411446213722,0.05716647065002552,0.2780472319573164,1.0,0.5,0.5342347830533981
4,127,MEND156,1375,CGATTAAATATCTCCT-1,6748,10246,0.26082099229097366,0.062175272196980894,0.231727547198534,0.8,0.6,0.4483144670724869
4,128,MEND156,1699,CTGTAGCCATCTCACT-1,5352,10246,0.2607539802789688,0.06132237791334676,0.3788862816989422,0.8,0.7,0.44892450273036955
4,129,MEND156,3126,TCTTGCTCCCGATACT-1,7184,11611,0.26074466556310655,0.0633902089956713,0.29513873159885406,0.7,0.7,0.39430575370788573
4,130,MEND156,3359,TTACCCTAGGGATTGG-1,6399,10853,0.26064835488796234,0.05258696196166516,0.3454880990087986,1.0,0.6,0.5471307843923569
4,131,MEND156,3046,TCGGCTTGTATCGACG-1,9715,10549,0.2604761317372322,0.06200685323140215,0.2868481189012527,0.8,0.6,0.44751893877983095
4,132,MEND156,1994,GCACAACCTCGGGCGT-1,2210,10549,0.26024697721004486,0.0618729984889006,0.21088609769940375,0.8,0.6,0.4508033275604248
4,133,MEND156,1908,GAGTAGATACTAGTTG-1,6922,11156,0.26024396121501925,0.05974695349504566,0.2865812279284,0.9,0.6,0.4951489269733429
4,134,MEND156,202,AATTCTAGAGTTAGGC-1,6835,9185,0.26020066142082215,0.055865588480354986,0.3248621389269829,1.0,0.6,0.5376265704631805
4,135,MEND156,2640,TAAGAGGGACAGGGAC-1,2995,11307,0.2601456046104431,0.0614004483744023,0.27421145923435686,0.9,0.7,0.49673256278038025
4,136,MEND156,3222,TGCGACGGCCGAACGT-1,4130,10853,0.26014203727245333,0.06145888957033298,0.3664516802877188,0.9,0.5,0.4850726962089539
4,137,MEND156,3394,TTATGACAAACTGGAT-1,4392,5849,0.26009940207004545,0.06278707325987962,0.26850711554288864,0.7,0.6,0.401849627494812
4,138,MEND156,1922,GAGTTGTCACCAGTCT-1,2035,12066,0.26009821742773054,0.05866616735565419,0.334467526897788,0.9,0.5,0.4981015741825104
4,139,MEND156,3019,TCGCACCAGGAGGCAG-1,8319,9336,0.26002588868141174,0.057753718039662685,0.27592405378818513,0.9,0.6,0.4878321051597595
4,140,MEND156,1762,GAAACCTATACAAATG-1,5875,10853,0.2599294066429138,0.06289875559424267,0.32132933773100375,0.8,0.7,0.45054593682289124
4,141,MEND156,3434,TTCGGGCGCTAGTCTT-1,4566,10094,0.2597506582736969,0.0606666376302047,0.2634844366461039,0.7,0.5,0.3909085035324097
4,142,MEND156,3188,TGCAAAGTTCGTCTGT-1,6486,12520,0.25962588042020796,0.05574203023339268,0.3128931026905775,0.8,0.6,0.44424867630004883
4,143,MEND156,2101,GCGCTTAAATAATTGG-1,9104,10398,0.25952052772045137,0.05616104717599568,0.3158928142860532,0.9,0.7,0.4955709397792816
4,144,MEND156,2542,GTGGCCGGTTTCTCGG-1,2210,12066,0.25948850959539416,0.05468120344674402,0.2556156121194363,0.9,0.6,0.4966384619474411
4,145,MEND156,2039,GCCATCGAGCTGCGTG-1,5439,9791,0.259440578520298,0.056952524164452845,0.32938578613102437,0.6,0.5,0.33664472997188566
4,146,MEND156,1199,CCGAACCTTCCCGGCC-1,7533,9185,0.2594061136245728,0.06033744987587875,0.3150047861039639,1.0,0.7,0.5474269062280654
4,147,MEND156,2869,TCAAAGTCACGGCGTC-1,3432,12369,0.25933093279600145,0.05924829832002953,0.2481180712580681,1.0,0.5,0.5424757272005081
4,148,MEND156,769,ATCGGAGACAGACGGC-1,7970,9639,0.25902131050825117,0.06039794204044078,0.2499477043747902,0.9,0.5,0.48546657264232634
4,149,MEND156,1772,GAACAGATTACTAAAT-1,7533,10398,0.25895332247018815,0.057451143967924896,0.3094441283494234,0.7,0.6,0.38802986443042753
4,150,MEND156,1765,GAAAGCCCTTTGGACC-1,3170,7062,0.25879417955875395,0.0608212306644544,0.2136228822171688,1.0,0.5,0.5376967281103134
4,151,MEND156,2082,GCGACGATAGTTGTAC-1,6050,9033,0.25872758626937864,0.057274552876728266,0.2791812628507614,0.9,0.6,0.5006698727607727
4,152,MEND156,3508,TTGGACCTATAACAGT-1,8842,10246,0.2586905688047409,0.05571477594617369,0.27184627056121824,1.0,0.7,0.5496489822864532
4,153,MEND156,2125,GCTAACTGAAGTCTGA-1,9017,10549,0.2586271733045578,0.0598961925969503,0.27946421727538107,0.9,0.5,0.49401833713054655
4,154,MEND156,3403,TTCACTCGAGCACCTA-1,7359,10094,0.2586107045412064,0.05967021929071161,0.19770339354872704,0.9,0.5,0.4903745323419571
4,155,MEND156,994,CAGATATGAAGATGAC-1,2995,11914,0.2585595905780792,0.062137055916570254,0.1956536091864109,0.8,0.8,0.45258203744888303
4,156,MEND156,1647,CTGAATCCGAGACCTC-1,5962,8881,0.2585186704993248,0.057454682481169514,0.40719031877815726,0.6,0.6,0.34170928597450256
4,157,MEND156,2945,TCCAGGGTATATACGA-1,6835,11004,0.25843340903520584,0.058907352880994406,0.35559938177466394,0.9,0.7,0.49592958092689515
4,158,MEND156,845,ATTATCGGAATGTACG-1,6311,12217,0.2582732021808624,0.05758594863132638,0.3030530221760273,0.9,0.5,0.4833219856023788
4,159,MEND156,1231,CCGGAGCGTACTTTCT-1,6224,10549,0.2581778779625893,0.05239076508599949,0.2540970504283905,1.0,0.5,0.5390820503234863
4,160,MEND156,2774,TAGCTAGTGATGATGG-1,5526,10853,0.25806814432144165,0.06276817484261271,0.34525171890854833,0.8,0.6,0.4455802172422409
4,161,MEND156,553,AGGATAAAGTCGGGAT-1,7010,9791,0.25792509466409685,0.06505945460691748,0.33217199333012104,0.6,0.5,0.34709233939647677
4,162,MEND156,611,AGTAGAAGGCGCCTCA-1,6748,12369,0.2579208239912987,0.06169927871733407,0.3151061438024044,0.9,0.6,0.49433590173721315
4,163,MEND156,1792,GAAGTCAGTTGCACTA-1,6399,9639,0.2578600630164146,0.05618470800278152,0.2929722622036934,1.0,0.6,0.5365995317697525
4,164,MEND156,3350,TTAAGGCCCGTACTTT-1,3519,10701,0.2578486889600754,0.061181830841971804,0.3524356834590435,0.6,0.5,0.34236900210380555
4,165,MEND156,1713,CTTAGATGTTTCATCC-1,7620,12975,0.25781540721654894,0.05977551635260026,0.44314266107976436,0.6,0.5,0.3381220906972885
4,166,MEND156,1973,GATTGCTCCAGTTGCA-1,3694,11307,0.25774846524000167,0.05416958191582525,0.2273263307288289,1.0,0.5,0.5391540974378586
4,167,MEND156,2488,GTCTCAAGGCCCGGCT-1,7097,10853,0.257721446454525,0.05706975711732327,0.15927097126841544,0.5,0.5,0.28830757141113283
4,168,MEND156,599,AGGTTCTCCTTTCCGG-1,2035,11762,0.25767723470926285,0.055751692291290095,0.16961395516991615,1.0,0.5,0.5295596092939376
4,169,MEND156,2693,TACCGTGCCTCGGACC-1,7359,9488,0.25761851370334626,0.062225071228556965,0.2961056850850582,0.9,0.5,0.48940243721008303
4,170,MEND156,1548,CTACAAGAAATAACCC-1,4828,10549,0.25756975561380385,0.05588914889363483,0.15221589356660842,1.0,0.5,0.5422817796468735
4,171,MEND156,2683,TACCAATAAAGTACCA-1,8580,10094,0.2571913719177246,0.05646478208328057,0.31055978406220675,0.6,0.5,0.34105598032474516
4,172,MEND156,1728,CTTCCGCTCCGTGAAG-1,5701,10246,0.2571420431137085,0.058141259318044425,0.38532092720270156,1.0,0.5,0.5343630880117416
4,173,MEND156,207,ACAAACCATGCGTCCT-1,2734,11459,0.25710361301898954,0.0559015323210512,0.18819242790341378,1.0,0.5,0.5353314250707626
4,174,MEND156,252,ACATCCCGGCCATACG-1,6311,10094,0.25703617483377456,0.06112151845843148,0.20312481224536896,0.7,0.5,0.3934338688850403
4,175,MEND156,1173,CCCGGGTCGTTCAGGG-1,6311,11611,0.2570319727063179,0.06320933393135222,0.22974196150898935,0.7,0.5,0.3972135156393051
4,176,MEND156,1668,CTGCGATTTCGAGATT-1,6573,12672,0.2569858029484749,0.05596637181855495,0.27095360700041055,1.0,0.5,0.5200649559497833
4,177,MEND156,205,AATTGCGTGGATTACA-1,2123,11914,0.2568876340985298,0.0583331959656325,0.2975948236882687,1.0,0.6,0.5472037374973298
4,178,MEND156,3245,TGGAAGAAGGGAACGT-1,4392,7668,0.25684819668531417,0.06020737874085108,0.2441048115491867,0.7,0.5,0.3973329186439514
4,179,MEND156,1704,CTGTGGTCGGGAGATA-1,9104,10094,0.2567919731140137,0.06265260435748005,0.1366335481405258,0.7,0.6,0.3948422372341156
4,180,MEND156,654,AGTGGTTGCGTATAGG-1,1948,7062,0.2567738428711891,0.05916521873148747,0.20118386149406434,1.0,0.6,0.5467635303735733
4,181,MEND156,3221,TGCGACACCCTAGTGC-1,5352,8730,0.2567155197262764,0.058878640885031516,0.24088231511414052,0.9,0.5,0.47428443729877473
4,182,MEND156,1108,CCACCCAAGGAAAGTG-1,7882,7365,0.25669764429330827,0.06459258236627578,0.25329948477447034,0.9,0.5,0.49497253000736235
4,183,MEND156,1145,CCATGGCAAACGCTCA-1,4828,12975,0.2566169574856758,0.05889414620873163,0.31640794575214387,0.9,0.8,0.4906046390533447
4,184,MEND156,2405,GTAACTGCCCAAGGAG-1,5352,11762,0.2562940165400505,0.0567370094227897,0.2057483933866024,0.6,0.6,0.33914502859115603
4,185,MEND156,1935,GATATTGAGATTGGCG-1,10064,6910,0.2561731398105621,0.0627954018275584,0.23922185227274895,0.9,0.5,0.4929201424121857
4,186,MEND156,1134,CCAGTCTTGTCATAGA-1,6486,10701,0.25584883987903595,0.05577158358228623,0.40519457384943963,0.7,0.7,0.391188907623291
4,187,MEND156,2046,GCCCGATCTGTGGTCG-1,6835,9791,0.25583158284425733,0.055678080742964944,0.2348378084599972,1.0,0.5,0.5411666840314865
4,188,MEND156,1184,CCCTATGTAGAGCAGA-1,3432,10853,0.2558222398161888,0.06048245738750075,0.26872954294085505,1.0,0.6,0.5466650575399399
4,189,MEND156,2146,GCTCAATGTAATACCG-1,6399,11156,0.25577941834926604,0.05883344048164529,0.31227090433239935,0.9,0.6,0.4901123225688934
4,190,MEND156,756,ATCCCATTTCCGTGGG-1,6311,12520,0.2557161018252373,0.059175901831357305,0.21757942903786898,0.6,0.6,0.3417361736297607
4,191,MEND156,348,ACGGCACTTGCTTGGG-1,6573,9639,0.2554167330265045,0.059487941973571656,0.31877062395215033,0.8,0.5,0.4307541161775589
4,192,MEND156,3173,TGATACATTTAGCCGT-1,5090,10094,0.25529603064060213,0.05540381488977858,0.20954171270132066,0.6,0.5,0.34159794449806213
4,193,MEND156,3287,TGGTTCAACGGGTAAT-1,7795,9336,0.2552320584654808,0.05826337569784152,0.34422268383204935,0.7,0.5,0.3922612279653549
4,194,MEND156,504,AGCCCGGTAGCCTGTA-1,5613,11004,0.25518116652965545,0.061189255374157155,0.2522306777536869,0.9,0.5,0.5010365754365921
4,195,MEND156,2976,TCCGCCTGTCTACAAG-1,7795,10246,0.25512096136808393,0.061908364431900044,0.19127632379531861,0.6,0.6,0.3404219150543213
4,196,MEND156,573,AGGGACTCTACGCGAC-1,5962,10094,0.2550160899758339,0.05793944631903836,0.23268561959266662,0.7,0.6,0.3948154985904694
4,197,MEND156,2799,TAGTCCTGCACTAAGC-1,3519,12217,0.25497163385152816,0.0573784733143895,0.2765437174588442,0.9,0.5,0.4884854644536972
4,198,MEND156,1913,GAGTCAGACCAGAATC-1,5526,10246,0.2548618346452713,0.056830656266803156,0.29734759852290155,0.9,0.6,0.4938968330621719
4,199,MEND156,560,AGGCAGGGAGCGTACT-1,5613,10701,0.2548494294285774,0.052519485572153,0.2250566579401493,1.0,0.5,0.5392831295728684
4,200,MEND156,329,ACGATGCATATGTTAT-1,5090,7365,0.2547965168952942,0.05711969292586234,0.4095295637845993,1.0,0.5,0.5344250649213791
4,201,MEND156,3007,TCGAATATCCCGCAGG-1,4130,10549,0.2547825053334236,0.05641376253241781,0.2805647663772106,0.8,0.6,0.44318196177482605
4,202,MEND156,2289,GGCTTTCAATAAGGGT-1,6748,10853,0.254754526913166,0.05330613941327024,0.29530962444841863,1.0,0.5,0.5338102221488953
4,203,MEND156,2738,TACTGCATGATTAAAT-1,5788,13430,0.2547228515148163,0.0654288895872874,0.3298025012016296,0.5,0.5,0.2949150145053864
4,204,MEND156,3165,TGAGGAGTGCCAGCTT-1,6399,10549,0.2546986699104309,0.05855456341883021,0.20296485498547553,1.0,0.5,0.5424168348312378
4,205,MEND156,1655,CTGATCCCTTTATGCA-1,3868,12520,0.2546981453895569,0.06243000882415464,0.26009225845336914,0.6,0.5,0.3406301558017731
4,206,MEND156,1642,CTCTGGACGCCTGGTG-1,6748,6607,0.254698047041893,0.06348368419379641,0.1881280094385147,0.6,0.5,0.34617974162101744
4,207,MEND156,28,AAAGGCTCTCGCGCCG-1,6137,10094,0.25466546416282654,0.0639094987435062,0.31311037838459016,0.6,0.6,0.3492833375930786
4,208,MEND156,1366,CGATAGCGATACAGTG-1,2210,11762,0.25462601482868197,0.0570039110334351,0.2957588069140911,1.0,0.5,0.5393032550811767
4,209,MEND156,1972,GATTCTGTTAATGAGT-1,6748,12975,0.25460983216762545,0.06627747801558621,0.2438486909493804,0.6,0.6,0.3416169941425323
4,210,MEND156,469,AGATACCAATAGAACC-1,10937,11459,0.25453837364912035,0.060542000204283006,0.28226501271128657,0.6,0.5,0.33946729600429537
4,211,MEND156,3279,TGGTCCCACGCTACGG-1,7795,9639,0.25452631413936616,0.06050275003313493,0.22463861629366874,0.5,0.5,0.28529146909713743
4,212,MEND156,3242,TGCTTAGAGAGAATGC-1,3606,11156,0.25448672473430634,0.0584621737406546,0.2294089376926422,0.6,0.5,0.3460410535335541
4,213,MEND156,39,AAATCCGATACACGCC-1,8929,11611,0.25446208417415617,0.05761576637020974,0.24963827431201935,0.7,0.6,0.39175364971160886
4,214,MEND156,349,ACGGCCAACATGGACT-1,6137,9791,0.25434657037258146,0.0583294461824071,0.2890896644443274,0.9,0.5,0.4919815570116043
4,215,MEND156,2435,GTATCTCAGTCTTGAC-1,3257,10549,0.25398893654346466,0.058392293503794566,0.20712350755929948,0.9,0.5,0.49086439311504365
4,216,MEND156,3362,TTACTAAAGGACTTTA-1,8144,9033,0.2539248391985893,0.06626303336690129,0.3409062698483467,0.6,0.6,0.34137970209121704
4,217,MEND156,774,ATCTAATATCCTACGG-1,7184,10094,0.25386446714401245,0.05631078400676232,0.285727946460247,0.8,0.5,0.4355276882648468
4,218,MEND156,3096,TCTGAAGCACGTGGTC-1,8668,10246,0.25382153540849683,0.06007159478635256,0.22860945463180543,0.6,0.5,0.34174586534500123
4,219,MEND156,1396,CGCCCTAATTGTTCAA-1,2297,11914,0.2538142934441566,0.05356378790322305,0.2520572759211063,1.0,0.5,0.5355469167232514
4,220,MEND156,853,ATTCATCGTTGAGGCA-1,9104,11004,0.25374539345502856,0.05837122307692149,0.2343964882194996,0.5,0.5,0.29261918663978576
4,221,MEND156,2450,GTCATGCGCGAGGGCT-1,9889,11459,0.25371599942445755,0.05721842516051682,0.20746906735002996,0.6,0.5,0.33754123747348785
4,222,MEND156,2261,GGCCGTTTGGGTTTCA-1,5264,10701,0.25368196964263917,0.05717402506723804,0.13722414672374725,1.0,0.5,0.5391723334789276
4,223,MEND156,2268,GGCGCACAGTTTACCT-1,10326,13430,0.2536481335759163,0.056813543830727974,0.16267381906509398,0.7,0.5,0.39478994607925416
4,224,MEND156,2402,GTAACAGGTTAACGGC-1,6050,13279,0.25356779247522354,0.05756962138308037,0.3427185587584972,0.5,0.5,0.2844334840774536
4,225,MEND156,817,ATGGTATTGGGAACCG-1,6661,12824,0.2534689322113991,0.05446906262065885,0.19213830530643464,0.9,0.6,0.49273093938827517
4,226,MEND156,979,CACTCTTCTGCTAGCC-1,10151,10701,0.25343810170888903,0.05731749088956278,0.2581765105947852,1.0,0.5,0.5328205734491348
4,227,MEND156,2468,GTCGAATTTGGGCGCT-1,2821,12217,0.25340590476989744,0.05686918634086234,0.19701018184423447,1.0,0.5,0.5374607592821121
4,228,MEND156,3408,TTCAGTTCAAGAGGAG-1,4653,12672,0.25328645557165147,0.05658152478336302,0.249870977178216,0.5,0.5,0.2927582025527954
4,229,MEND156,954,CACCGCGTCCACTCTA-1,10413,4181,0.2531701624393463,0.06481875044916995,0.20994030460715293,0.6,0.5,0.34366450905799867
4,230,MEND156,856,ATTCGCGCCTTGAGAG-1,10675,11611,0.2530773520469666,0.05572449189523541,0.19287133291363717,0.5,0.5,0.2866281092166901
4,231,MEND156,1325,CGAACCCGCATGCGTC-1,5613,9185,0.25302824676036834,0.06132187871237821,0.24868087843060493,0.7,0.5,0.38890941739082335
4,232,MEND156,2891,TCACAGCAAACTCGAA-1,5613,9488,0.2530107006430626,0.06009946621637733,0.2838487446308136,0.5,0.5,0.2849898338317871
4,233,MEND156,1531,CGTTTCGCTCATTACA-1,5613,7062,0.25296190828084947,0.058385545569555754,0.20645225681364537,1.0,0.6,0.5353328317403794
4,234,MEND156,1954,GATCTGCTATCTAAGG-1,6224,11156,0.2529051795601845,0.05523838542857143,0.23579911775887014,0.9,0.5,0.48600600361824037
4,235,MEND156,839,ATTACGCGCTGGCAGG-1,3955,7820,0.2528482139110565,0.05634048556417309,0.2884754627943039,0.7,0.5,0.38692708015441896
4,236,MEND156,2521,GTGCACCAGCTTCAAC-1,6050,11762,0.2528450444340706,0.06555779378762812,0.24470409750938416,0.8,0.5,0.44187155961990354
4,237,MEND156,866,ATTGCCTATTAGACCG-1,3519,11914,0.25283896625041963,0.06020159240454472,0.24241922199726104,0.9,0.5,0.48958470225334166
4,238,MEND156,1822,GACAGGCACACACTAT-1,3257,7517,0.2527696654200554,0.061262066289749055,0.20657647885382174,0.9,0.5,0.4887323915958405
4,239,MEND156,3537,TTGTGGTGGTACTAAG-1,9628,11307,0.2526226595044136,0.0580055168626628,0.26913311667740347,0.6,0.5,0.3390704482793808
4,240,MEND156,1454,CGGGAAGTACCGTGGC-1,2385,12369,0.2525914072990417,0.05900121262107003,0.31377521306276324,0.8,0.6,0.44166304767131803
4,241,MEND156,1171,CCCGCAGCGCGAACTA-1,7184,9185,0.25250539779663084,0.05838488663770811,0.14683372378349305,0.8,0.6,0.4439792662858963
4,242,MEND156,3101,TCTGATGTATTCTGTC-1,8580,9488,0.2524803355336189,0.05624002397125593,0.20414709225296973,0.7,0.5,0.3875600963830948
4,243,MEND156,2933,TCCAATAAAGGCTACC-1,5962,11307,0.2524470865726471,0.06563458936590189,0.20849765241146087,0.7,0.5,0.3957457333803177
4,244,MEND156,2684,TACCAGAAGTAGGTTC-1,5788,9185,0.2524441987276077,0.05705464952623924,0.21515321657061576,0.8,0.5,0.4364106237888336
4,245,MEND156,2591,GTTCTTGTAACTCAAT-1,6661,13127,0.25243396013975145,0.05836914747799173,0.2632427396252751,0.8,0.5,0.4327936291694641
4,246,MEND156,3381,TTAGGTCATAACCGAC-1,4653,10549,0.2524168938398361,0.06170720431399473,0.30700271427631376,0.6,0.5,0.33572140634059905
4,247,MEND156,2780,TAGGCATGTTACGCCA-1,8755,5242,0.2522102192044258,0.06506209203938615,0.2011439472436905,0.5,0.5,0.29363412857055665
4,248,MEND156,2474,GTCGGGAAGCAGAAAC-1,7010,10701,0.2521833643317223,0.056748535878193125,0.2308284729719162,0.9,0.5,0.4855491638183594
4,249,MEND156,2147,GCTCATTGATCATATC-1,5526,12975,0.25207971036434174,0.05506788224474207,0.3365470804274082,0.7,0.6,0.3915376991033554
4,250,MEND156,934,CACAGGGCCGTTGTCA-1,6573,11156,0.25195795595645903,0.05980382636850287,0.320242565125227,0.5,0.5,0.28479008078575135
4,251,MEND156,1032,CATAAGAAGCTTGGCT-1,7620,10549,0.25187255442142487,0.062297796649033864,0.16991997063159942,0.5,0.5,0.28475799560546877
4,252,MEND156,1434,CGGAACGTAAACATAG-1,5264,8881,0.25186614245176314,0.06209143774886439,0.31560403723269703,1.0,0.5,0.5395362555980683
4,253,MEND156,2470,GTCGCCGTTGTGTGTT-1,5090,10398,0.2518597781658173,0.05964241771771197,0.23910978361964225,0.6,0.6,0.34370160698890684
4,254,MEND156,1310,CCTGTCGTGTATGAAG-1,2035,12369,0.251850526034832,0.05637591742310239,0.3221653286367655,0.5,0.5,0.2904864430427551
4,255,MEND156,2537,GTGGACGCATTTGTCC-1,6922,10246,0.25166491866111756,0.05965835076039124,0.266845615953207,0.8,0.6,0.4368731021881104
4,256,MEND156,1214,CCGCATGTGGTACGAT-1,7097,10246,0.2516100510954857,0.06169102247619466,0.29811728522181513,0.5,0.5,0.28754998445510865
5,1,MEND156,335,ACGCCAGTGCGTTTGC-1,10238,12672,0.29377223253250123,0.01838757256139571,0.47343761175870896,1.0,1.0,0.5747253060340881
5,2,MEND156,255,ACATCGCAATATTCGG-1,3694,13430,0.2914039969444275,0.024731661767827526,0.36671726442873476,1.0,1.0,0.5936017274856568
5,3,MEND156,2222,GGATCAGAGCCATCAG-1,1425,8275,0.2913486897945404,0.02112244569752726,0.5038666874170303,1.0,1.0,0.5796056866645813
5,4,MEND156,3525,TTGTACACCTCGAACA-1,1425,9488,0.28967271745204926,0.02166842332211774,0.6093477487564087,1.0,1.0,0.5751893520355225
5,5,MEND156,2912,TCAGCGCACGCCGTTT-1,8319,12975,0.28928442001342775,0.023865787988539073,0.4036758624017239,1.0,1.0,0.5894596517086029
5,6,MEND156,1916,GAGTCTTGTAAAGGAC-1,1425,8881,0.2887838840484619,0.020268734867812936,0.5769045650959015,1.0,1.0,0.5722170293331146
5,7,MEND156,13,AAACGAAGATGGAGTA-1,1686,10549,0.28818682581186295,0.025403049119713146,0.5093174293637276,1.0,1.0,0.5829900801181793
5,8,MEND156,3315,TGTGCCAGAGGCAAAG-1,1337,9943,0.28725298047065734,0.02028872995698522,0.5122934326529502,1.0,1.0,0.5685146391391754
5,9,MEND156,443,AGAATACAGGCTATCC-1,9977,13127,0.28645261824131013,0.025367809204570033,0.40265117064118383,1.0,1.0,0.5752244889736176
5,10,MEND156,43,AAATCTGCCCGCGTCC-1,1599,12520,0.2863604575395584,0.01769130738445274,0.4696718640625477,1.0,1.0,0.5779478847980499
5,11,MEND156,1516,CGTTAAATACGACCAG-1,11635,12975,0.2858983099460602,0.01719100492279373,0.46024312674999235,1.0,1.0,0.5619170784950256
5,12,MEND156,2712,TACGCTCCTAGAACTG-1,5439,12824,0.28559368252754214,0.018788790822788518,0.46129286885261533,1.0,1.0,0.5613471508026123
5,13,MEND156,2021,GCATGACACAAAGGAA-1,12333,12672,0.2855525612831116,0.017799196991164116,0.4326597087085247,1.0,1.0,0.5735118627548218
5,14,MEND156,1464,CGGTACGGCAAACCCA-1,1425,9791,0.2853409439325333,0.019731567518704272,0.44811921790242193,1.0,1.0,0.5800543546676635
5,15,MEND156,2861,TATTCGTGCCAGAATA-1,6922,6910,0.2852982640266418,0.015569682117426169,0.5376375198364258,1.0,0.9,0.5643332332372666
5,16,MEND156,943,CACCAATCATCCGTCT-1,1686,9943,0.28520077764987944,0.02126968930522983,0.44582726508378984,1.0,1.0,0.5812275588512421
5,17,MEND156,2211,GGACTCTTTGACTAAG-1,8580,12520,0.28519266843795776,0.017934430316035057,0.3553298212587833,1.0,1.0,0.5606449961662292
5,18,MEND156,714,ATATACATGTATGGTA-1,1425,9185,0.2848334923386574,0.022463578727319047,0.5645332977175712,1.0,1.0,0.5686464488506318
5,19,MEND156,2838,TATGACCTTGCGCTGG-1,1337,9033,0.284542316198349,0.019023783596953916,0.5081155344843864,1.0,1.0,0.5719463884830475
5,20,MEND156,363,ACGTGACAAAGTAAGT-1,1686,9639,0.28435049653053285,0.022683303837446146,0.4699232459068298,1.0,1.0,0.5770002365112304
5,21,MEND156,2627,TAAATGGGCTACTGAG-1,12420,11307,0.2843389868736267,0.017318739102802017,0.46884030420333145,1.0,1.0,0.5683727145195008
5,22,MEND156,2883,TCAAGCGCGGACGGTA-1,11286,10549,0.28424021899700164,0.023736502453557733,0.44333218708634375,1.0,1.0,0.571000623703003
5,23,MEND156,2620,TAAACCCAGGAGGGCA-1,4479,9943,0.28361822068691256,0.021008740653562664,0.44265133813023566,1.0,1.0,0.5729510486125946
5,24,MEND156,418,ACTTGACTCCCTCTTT-1,7620,8123,0.28314935266971586,0.018881555435446302,0.5050413608551025,1.0,0.9,0.5619576394557952
5,25,MEND156,874,ATTGTTCAACGATCCG-1,12071,9791,0.28303288072347643,0.027914879537762404,0.43924355069175364,1.0,1.0,0.5756991028785705
5,26,MEND156,1322,CCTTTGAATTATGGCT-1,1861,10549,0.28269538283348083,0.0198784828287494,0.46859191805124284,1.0,1.0,0.5669606924057007
5,27,MEND156,1307,CCTGTCACCCGGGCTC-1,7184,6152,0.28244257569313047,0.019725458010632,0.4943630315363407,1.0,1.0,0.5738619089126586
5,28,MEND156,3148,TGACAGGACAAGTCCA-1,2123,10094,0.28243018686771393,0.018507975239513037,0.525153137743473,1.0,1.0,0.570000845193863
5,29,MEND156,3313,TGTGACTAGAGTTTGC-1,10937,12066,0.2816599041223526,0.017351456208618537,0.4589389182627201,1.0,1.0,0.5664738774299621
5,30,MEND156,2253,GGCCAATTGTATAGAC-1,9889,12975,0.281413771212101,0.02165351425965007,0.41926939561963084,1.0,1.0,0.5632397532463074
5,31,MEND156,215,ACAAGCTATATGGAAG-1,1425,7365,0.2811091020703316,0.02203131170100781,0.44671407267451285,1.0,1.0,0.5682981133460998
5,32,MEND156,41,AAATCGTGTACCACAA-1,6224,8426,0.2806109249591827,0.01927860076305248,0.46502157151699064,1.0,1.0,0.5640567064285278
5,33,MEND156,2186,GGAAACAGAGCTTGGG-1,3606,13279,0.2804714471101761,0.01837786501011185,0.3900069683790207,1.0,1.0,0.563203364610672
5,34,MEND156,3435,TTCGGGTTGCCACGGG-1,11547,11004,0.28035396337509155,0.021362318491080477,0.3911892406642437,1.0,1.0,0.5582403600215912
5,35,MEND156,1157,CCCACTCCACGGTATC-1,1599,9185,0.28017483949661254,0.02259855737844858,0.4270938478410244,1.0,1.0,0.5699335992336273
5,36,MEND156,1791,GAAGGGTCATTAAGAC-1,8406,12824,0.2801144659519196,0.01744398328650212,0.4504793107509613,1.0,1.0,0.5484510362148285
5,37,MEND156,2963,TCCCTAGATCAATAGG-1,11286,6000,0.28007152378559114,0.022361638865189826,0.4804282277822495,1.0,1.0,0.5775238513946533
5,38,MEND156,1943,GATCCTCGACACTGGC-1,4130,9336,0.27993188351392745,0.0207061873570091,0.4699071004986763,1.0,1.0,0.5667789876461029
5,39,MEND156,1137,CCATAACCTGTGCAGT-1,1774,9488,0.2795218363404274,0.02025380392220105,0.4258997730910778,1.0,1.0,0.5640257120132446
5,40,MEND156,2504,GTGAAGTCACGACTCG-1,1948,9185,0.2794043332338333,0.015207467690387637,0.5400575250387192,1.0,1.0,0.5590605676174164
5,41,MEND156,8,AAACCGGAAATGTTAA-1,12158,9943,0.27933031022548677,0.025834700959624417,0.3785621143877506,1.0,1.0,0.5685878038406372
5,42,MEND156,1831,GACCGACGTGAAAGCA-1,11111,7517,0.27924672067165374,0.018051519737225675,0.4048547998070717,1.0,1.0,0.5635914742946625
5,43,MEND156,1515,CGTTAAACTAGTTAGG-1,11024,9185,0.27923964858055117,0.017584230861329524,0.3735543228685856,1.0,1.0,0.5577704191207886
5,44,MEND156,2847,TATGGTCTGAGTAACA-1,6399,7213,0.27873764336109164,0.01569469980869779,0.5610648229718208,1.0,1.0,0.5559158504009247
5,45,MEND156,3080,TCTATCCGATTGCACA-1,8755,12824,0.2787302270531654,0.024055300408343253,0.41602966114878653,1.0,1.0,0.559473717212677
5,46,MEND156,1265,CCTAGGTAAAGGTAGC-1,2297,9488,0.27855928987264633,0.020540072853074957,0.6144261062145233,1.0,1.0,0.5651841819286346
5,47,MEND156,3140,TGAATGAGATACAGCA-1,12246,4332,0.27830558717250825,0.022135091818057548,0.4546969817019999,1.0,1.0,0.5622268736362457
5,48,MEND156,1374,CGATGTTGTTATCTAC-1,2385,10549,0.27828594148159025,0.015573150325929921,0.3431661404669285,1.0,1.0,0.5641243755817413
5,49,MEND156,403,ACTGCTCGGAAGGATG-1,2123,9791,0.27825762033462526,0.019021558017018554,0.47697417587041857,1.0,1.0,0.5748122155666351
5,50,MEND156,250,ACATACAATCAAGCGG-1,9715,13279,0.2781293258070946,0.021356028836415165,0.4544954363256693,1.0,1.0,0.548477029800415
5,51,MEND156,3503,TTGCTCCCATACCGGA-1,7620,5090,0.2781052261590958,0.013946066756362764,0.48857695162296294,1.0,1.0,0.5578044772148132
5,52,MEND156,2026,GCATTGACTTGCGGAA-1,1686,9336,0.2780626013875008,0.019246996537492123,0.4888382375240326,1.0,1.0,0.5629218876361847
5,53,MEND156,891,CAAATGTCCTTCCGTG-1,5962,8578,0.2780106097459793,0.02263781762150386,0.3978153668344021,1.0,1.0,0.5666502594947815
5,54,MEND156,2024,GCATGGGTACTGACGC-1,1599,7971,0.2778954476118088,0.01887298767634312,0.4409648135304451,1.0,1.0,0.5667592585086823
5,55,MEND156,3526,TTGTCACCGCGGTATC-1,1774,9791,0.2778532177209854,0.019875479127357938,0.4269008092582226,1.0,1.0,0.5769302487373352
5,56,MEND156,1313,CCTTAAGTACGCAATT-1,9802,13127,0.2777417927980423,0.019157953130222075,0.3425855226814747,1.0,1.0,0.5546903967857361
5,57,MEND156,2805,TAGTGACAAGCTCTAC-1,12071,12824,0.27752086967229844,0.018545458147689615,0.40041374787688255,1.0,1.0,0.5520616829395294
5,58,MEND156,2548,GTGGGTACTGAGCGTA-1,1512,9336,0.27722987830638884,0.022691613058412767,0.49377469420433046,1.0,1.0,0.5695596218109131
5,59,MEND156,1927,GATAGATAGTACAGTC-1,9802,12824,0.277037513256073,0.017918126728005423,0.4597101747989655,1.0,1.0,0.5568425834178925
5,60,MEND156,1952,GATCTAACCGTATTCA-1,1861,9639,0.2768680274486542,0.018094107639327537,0.44810336381196975,1.0,1.0,0.5702941656112671
5,61,MEND156,2824,TATCAGTGGCGTAGTC-1,2035,9943,0.276845583319664,0.0201561308707026,0.48069069236516954,1.0,1.0,0.5632371723651886
5,62,MEND156,1665,CTGCCTTTAATACCTT-1,3781,11459,0.27667378485202787,0.021442134530710606,0.3305891592055559,1.0,1.0,0.5644780576229096
5,63,MEND156,2170,GCTGGTTTAGGCCATA-1,2559,10853,0.2765501171350479,0.02197274331148859,0.4597256749868393,1.0,1.0,0.5654666543006897
5,64,MEND156,436,AGAACTGTACTTTGTA-1,9715,12975,0.27645356953144073,0.023181478416744256,0.4247755974531174,1.0,0.9,0.5554906398057937
5,65,MEND156,3166,TGAGGCATGTACTGTG-1,2035,10246,0.27641344368457793,0.017910675196610017,0.5335821956396103,1.0,1.0,0.5620404124259949
5,66,MEND156,1087,CATTGCGAAATGGGCG-1,2385,7213,0.27640061676502226,0.0219087485504684,0.397612564265728,1.0,1.0,0.5560456037521362
5,67,MEND156,3325,TGTGTCGAAGTCGAGG-1,1337,8123,0.27627271711826323,0.01926959582249957,0.492128849029541,1.0,1.0,0.5589230298995972
5,68,MEND156,1589,CTATGTGAGTCACGGC-1,2821,8578,0.2761955186724663,0.0218386441454221,0.4801819480955601,1.0,1.0,0.5570358395576477
5,69,MEND156,99,AACTGAGTTATACTGA-1,12420,9488,0.27619546800851824,0.018807821379470194,0.28500739401206376,1.0,0.9,0.5574382215738296
5,70,MEND156,16,AAACGGGCGTACGGGT-1,9278,11611,0.2759169489145279,0.017869736792943593,0.3104239672422409,1.0,0.9,0.5429740071296691
5,71,MEND156,206,AATTGTGGTTGCCAAA-1,11722,11611,0.2758422434329987,0.021501707523929728,0.40519230654463173,1.0,1.0,0.55414599776268
5,72,MEND156,2853,TATTAACACCAAAGCA-1,2210,9943,0.27572174966335294,0.022876431001350613,0.5264551341533661,1.0,1.0,0.5673013985157013
5,73,MEND156,40,AAATCGCGGAAGGAGT-1,1774,10398,0.27559694945812224,0.023686606224624852,0.39387908279895784,1.0,1.0,0.56658735871315
5,74,MEND156,466,AGAGTCTTAATGAAAG-1,11984,13279,0.27554229348897935,0.015381987270169001,0.4514520987868309,1.0,1.0,0.5497304379940033
5,75,MEND156,2755,TAGAGGTTCTACTTGT-1,9715,9943,0.27551314830780027,0.020097158651139067,0.5061446487903595,1.0,1.0,0.5585787415504455
5,76,MEND156,1276,CCTCAACGATCGCTGT-1,1337,9639,0.27550209760665895,0.015566732933877647,0.5212480589747429,1.0,0.9,0.5570009618997573
5,77,MEND156,1757,CTTTGTCGAATGCTCC-1,1948,10398,0.27532007545232773,0.018741754662295038,0.4749389961361885,1.0,1.0,0.562118512392044
5,78,MEND156,1795,GAAGTTTCCACTCAAT-1,5352,7213,0.27526572346687317,0.02021296515774481,0.39417179897427557,1.0,1.0,0.5531046390533447
5,79,MEND156,766,ATCGCCGTGGTTCATG-1,12158,12672,0.2752368599176407,0.01658553742217479,0.38151181153953073,1.0,1.0,0.5588329851627349
5,80,MEND156,2144,GCTATGCCAGCTTATG-1,1512,8426,0.2750166580080986,0.019001222674878988,0.45230513289570806,1.0,1.0,0.564250898361206
5,81,MEND156,310,ACCTAAGTACCTTTCA-1,3955,9336,0.2749116957187653,0.022477181860123985,0.38392097046598794,1.0,1.0,0.5642448544502259
5,82,MEND156,3274,TGGGTGTAATAGATTT-1,10238,12066,0.2748828038573265,0.017074391631802906,0.39970127046108245,1.0,1.0,0.5539070427417755
5,83,MEND156,2736,TACTGAGGGAAGAAAG-1,1861,10853,0.27486243695020673,0.02276112001585561,0.4887896031141281,1.0,1.0,0.5619941115379333
5,84,MEND156,2898,TCACGATTAATACGTT-1,1425,13127,0.2748409271240234,0.02119310761071016,0.3073811584152281,1.0,1.0,0.5618864357471466
5,85,MEND156,2388,GGTTAGGCTTGGAGAA-1,4479,6000,0.27480031847953795,0.024955628585179274,0.3934106081724167,1.0,1.0,0.5762744843959808
5,86,MEND156,1296,CCTGAGAATAAATGCA-1,4217,12520,0.2747186481952667,0.01619421154238898,0.30133615285158155,1.0,1.0,0.5603378891944886
5,87,MEND156,2856,TATTATGTTTGCCTGC-1,2821,10398,0.2746406227350235,0.021927408587837663,0.4720156639814377,1.0,1.0,0.5586820006370544
5,88,MEND156,1751,CTTTGACGTCGCTTCT-1,1337,8426,0.27455447763204577,0.018031054597299312,0.40099258348345757,1.0,1.0,0.5615604817867279
5,89,MEND156,165,AATATCCTAGCAAACT-1,1512,8730,0.27442708164453505,0.0188155265950629,0.4397780828177929,1.0,1.0,0.5480575203895569
5,90,MEND156,1223,CCGCTATCAGCACCAG-1,6835,8578,0.2740888580679893,0.022698448026486587,0.41303052976727483,1.0,1.0,0.5579346179962158
5,91,MEND156,2782,TAGGCGATGAGGTCTC-1,2297,10094,0.27408169507980346,0.016546071995227205,0.47354627698659896,1.0,0.9,0.5485534220933914
5,92,MEND156,918,CAATGAGGTTCGACTA-1,11722,6152,0.27407796382904054,0.01720982615493188,0.3007063544355333,1.0,1.0,0.5581324219703674
5,93,MEND156,2676,TACACCTCTTCGAATC-1,9278,12520,0.27402145266532896,0.016171666748963164,0.4319360852241516,1.0,1.0,0.5360821843147278
5,94,MEND156,359,ACGTAGGAGAGTCGCT-1,7620,12369,0.27399233877658846,0.02178414750198151,0.27328321523964405,1.0,0.9,0.5475175499916076
5,95,MEND156,923,CAATTGGGCCGCACTC-1,1686,10246,0.27393948286771774,0.016937249938549937,0.291595147177577,1.0,1.0,0.5620589137077332
5,96,MEND156,1911,GAGTATGCCCGCCTTG-1,5090,9185,0.27392850518226625,0.014808334071711124,0.46293823793530464,1.0,1.0,0.5514524698257446
5,97,MEND156,868,ATTGCGATCAGTAACT-1,9977,9488,0.2739130839705467,0.02009836697269731,0.5123645980842412,1.0,1.0,0.5494934678077698
5,98,MEND156,749,ATCATTGTACCGCATT-1,1425,11307,0.2738935396075249,0.018901653410577222,0.47620339775457976,1.0,0.9,0.5478145599365234
5,99,MEND156,2491,GTCTCCTGCCAGTATG-1,2472,10701,0.2738108143210411,0.020081417362168865,0.46514108404517174,1.0,1.0,0.5581323266029358
5,100,MEND156,362,ACGTCTCGTTCCGGGA-1,1861,8426,0.27365666031837466,0.020988621635321326,0.5264830909669399,1.0,0.9,0.5578788459300995
5,101,MEND156,1851,GACGTTGCTCGGCGGC-1,4043,12824,0.27364576756954195,0.015499554033843782,0.336096054315567,1.0,1.0,0.5470418810844422
5,102,MEND156,1086,CATTGATGAACACGCC-1,11722,5242,0.27360194027423856,0.020921506045215622,0.49845054000616074,1.0,0.9,0.5487943470478058
5,103,MEND156,446,AGACCAAACCACACCT-1,2123,9488,0.2735780790448189,0.019326867186451026,0.458843083307147,1.0,1.0,0.559675008058548
5,104,MEND156,3535,TTGTGGTAGGAGGGAT-1,3781,9336,0.2735729545354843,0.023870908576871148,0.3973633535206318,1.0,1.0,0.5615071713924408
5,105,MEND156,1385,CGCAGTTCTATCTTTC-1,11286,13279,0.27355177849531176,0.019490004141031858,0.3175392661243677,1.0,1.0,0.567800909280777
5,106,MEND156,1804,GAATGTGGTCCGGATT-1,8406,8275,0.27350039780139923,0.019240530073861374,0.25870276242494583,1.0,1.0,0.5591471076011658
5,107,MEND156,2213,GGAGACCATCTACATA-1,2035,9336,0.27346264123916625,0.025196837688685508,0.42504092305898666,1.0,1.0,0.5752494990825653
5,108,MEND156,864,ATTGATCACCACATTT-1,2035,9639,0.27345248162746427,0.018298416309823998,0.37748025357723236,1.0,1.0,0.5505695760250091
5,109,MEND156,1958,GATGACGATGATCGCG-1,11198,4636,0.2734346568584442,0.024964518699976852,0.4710021086037159,1.0,1.0,0.5593856930732727
5,110,MEND156,2715,TACGCTGCACGGTCGT-1,11547,13127,0.2734037697315216,0.023895636939195396,0.4702923081815243,1.0,1.0,0.5531201839447022
5,111,MEND156,1588,CTATGTCACTAGCCCA-1,7097,6303,0.2733793184161186,0.02073374862563212,0.40783314108848573,1.0,1.0,0.562995457649231
5,112,MEND156,3471,TTGACCGTGTTAATGA-1,4304,9336,0.2733732730150223,0.02219104623261246,0.4894680991768837,1.0,0.9,0.55758818089962
5,113,MEND156,2980,TCCGCTGTCATCCCGG-1,8406,8881,0.2732557117938995,0.018007859788934315,0.5087788343429566,1.0,1.0,0.5503614902496338
5,114,MEND156,3206,TGCCACACTAGAGGAA-1,1599,8275,0.27322129160165787,0.02439692959873299,0.36811777725815775,1.0,1.0,0.5658605754375458
5,115,MEND156,997,CAGATGTTTGTCCCAA-1,1512,9639,0.2730797290802002,0.021001341032038653,0.4233078628778458,1.0,1.0,0.5638954222202301
5,116,MEND156,414,ACTTCCAGTGGAAGCT-1,1599,10398,0.2730794459581375,0.020044920102871566,0.3976739771664143,1.0,1.0,0.552253121137619
5,117,MEND156,1703,CTGTGCAGGGTAGGTC-1,7446,8123,0.2729567915201187,0.0189998770761791,0.4432325787842274,1.0,1.0,0.5550333380699157
5,118,MEND156,3367,TTACTGTCTAGAGCTC-1,11373,4636,0.2729441821575165,0.01847990938394665,0.43326959013938904,1.0,1.0,0.5713584125041962
5,119,MEND156,1874,GAGATCGATCTTACTC-1,1599,11914,0.2728427961468697,0.022806290709738053,0.33775565028190613,1.0,1.0,0.5622073531150817
5,120,MEND156,3371,TTAGAGGGATATACAG-1,1337,9336,0.272825214266777,0.01906115854565844,0.3832001737318933,1.0,1.0,0.5558255255222321
5,121,MEND156,2983,TCCGGCTGTCGGGTCG-1,12420,10701,0.27277810126543045,0.022400745292992144,0.4614123262465,1.0,1.0,0.5619207322597504
5,122,MEND156,2765,TAGCCATGATTGCCTA-1,1948,12824,0.27264859676361086,0.013637742564498305,0.41888042986392976,1.0,0.8,0.5384332329034806
5,123,MEND156,1808,GAATTTCTCGCTGCAG-1,3955,6000,0.2725820004940033,0.01757762410596644,0.3571657218039036,1.0,1.0,0.5549608886241912
5,124,MEND156,3071,TCTACCGTCCACAAGC-1,7184,5849,0.2722779750823975,0.020548089243282004,0.495174865424633,1.0,1.0,0.557631504535675
5,125,MEND156,1357,CGAGGCTAAATATGGC-1,7533,6152,0.27227696478366853,0.018987880456707327,0.33634470738470557,1.0,1.0,0.5504012525081634
5,126,MEND156,1336,CGAATGGTAGGTCGTC-1,3868,12824,0.2722451686859131,0.009441890125929088,0.42886385126039384,1.0,0.8,0.5397232145071029
5,127,MEND156,1864,GACTTCAACGCATCAA-1,9540,12975,0.27213784456253054,0.014831292913637387,0.4381988689303398,1.0,0.9,0.5373059630393981
5,128,MEND156,1206,CCGAGCTGTGCTTGTC-1,11111,4484,0.2720716029405594,0.02122638841326454,0.43869067132472994,1.0,1.0,0.5536134004592895
5,129,MEND156,2330,GGGCTACTATTTCGTG-1,1861,9336,0.271726630628109,0.016506283271400808,0.5238103821873665,1.0,1.0,0.5596632182598114
5,130,MEND156,3326,TGTGTGACCATGAATC-1,1512,9033,0.27167288064956663,0.020400726019708004,0.4039700269699097,1.0,1.0,0.5569359660148621
5,131,MEND156,3459,TTGAAACCCTCATTCC-1,11809,12066,0.27163375318050387,0.018506671222425046,0.4095751711167395,1.0,1.0,0.547735869884491
5,132,MEND156,2459,GTCCCAATCATCCCGC-1,1512,8123,0.27129247784614563,0.020629375818581222,0.3628590598702431,1.0,1.0,0.5670935928821563
5,133,MEND156,2807,TAGTTTGATCGGTCGC-1,1337,12066,0.2712866947054863,0.023097259336677726,0.3359971359372139,1.0,1.0,0.5609804809093475
5,134,MEND156,660,AGTTCCTATTTATGTT-1,7010,8275,0.27121090441942214,0.02096842613566786,0.3614561252295971,1.0,1.0,0.5593727350234985
5,135,MEND156,2462,GTCCGGCTGAATTGCG-1,5875,6000,0.2711969867348671,0.019370626870631968,0.39847402209416033,1.0,1.0,0.5570713758468628
5,136,MEND156,2050,GCCCGTCAAGCCCAAT-1,12158,12975,0.2710270032286644,0.02126011461759928,0.46923902854323385,1.0,1.0,0.5525194704532623
5,137,MEND156,3174,TGATCACCACACTGAC-1,5788,12217,0.27098830342292785,0.018828730549064126,0.2702248401939869,1.0,0.9,0.5433858245611191
5,138,MEND156,2096,GCGCGTCATTGGTACA-1,8580,10398,0.2709676533937454,0.020802858236655546,0.2936313796788454,1.0,1.0,0.5469519376754761
5,139,MEND156,586,AGGGTTTAGTTCGGGA-1,6835,6758,0.27094773948192596,0.022987023834102446,0.3443197049200535,1.0,1.0,0.5608790695667267
5,140,MEND156,2310,GGGCACTATTGACCAT-1,1599,11004,0.27094044387340543,0.022171016393934106,0.4215333630330861,1.0,1.0,0.5612860083580017
5,141,MEND156,2466,GTCCTACTCTACGGGC-1,1861,9943,0.2709277406334877,0.018330913037106357,0.4762698352336884,1.0,1.0,0.5590246021747589
5,142,MEND156,282,ACCCGAGCGAAATTAC-1,3868,11004,0.2708852753043175,0.015767819977587517,0.35564479962922635,1.0,0.9,0.5574763715267181
5,143,MEND156,887,CAAACTCGCGACGCCG-1,11024,8578,0.2707923263311386,0.018717507826618778,0.3676207073032856,1.0,1.0,0.5494420945644378
5,144,MEND156,2418,GTACTCCCTTATCGCT-1,3781,7213,0.2707387685775757,0.019586211002315033,0.46426378563046455,1.0,1.0,0.5581926465034485
5,145,MEND156,1621,CTCGCATTGCATAGCC-1,2385,10853,0.2707080960273743,0.015260155085185594,0.4882894143462181,1.0,1.0,0.5491037666797638
5,146,MEND156,608,AGTACGGCCCGTATCG-1,2297,7062,0.27057576924562454,0.01954593245198938,0.5070238463580609,1.0,1.0,0.547579574584961
5,147,MEND156,162,AATAGCTACCGCGTGC-1,11024,4636,0.27057574689388275,0.021615376484237683,0.4857799634337425,1.0,1.0,0.5573392927646637
5,148,MEND156,1761,GAAACCGAATTACCTT-1,5788,8578,0.2705190911889076,0.0296345519555599,0.4224554289132357,1.0,0.9,0.5548757374286651
5,149,MEND156,2212,GGAGACCAATGTGCTT-1,11635,5090,0.2704649031162262,0.016280873119734782,0.5354406945407391,1.0,1.0,0.5416517972946167
5,150,MEND156,1234,CCGGCCGCGAGCATAT-1,1512,10549,0.2704579755663872,0.01833406790606234,0.45265159718692305,1.0,1.0,0.5694152891635895
5,151,MEND156,1691,CTGGTAAAGACTTACA-1,9977,12520,0.2704046741127968,0.026906874115253242,0.2981310932897031,1.0,1.0,0.5648716151714325
5,152,MEND156,2613,GTTTGACCAAATCCTA-1,6399,6303,0.2702929496765137,0.024133844481761268,0.36285125352442266,1.0,1.0,0.5577566146850585
5,153,MEND156,1386,CGCATCCATCAGCCAG-1,11460,6000,0.27019364684820174,0.024622426042972132,0.3755207432433963,1.0,1.0,0.563720291852951
5,154,MEND156,2878,TCAACGCAGGAAATAA-1,4043,9185,0.27014050632715225,0.02055998283621384,0.39562908411026,1.0,1.0,0.5584410846233367
5,155,MEND156,590,AGGTATGCGGACATTA-1,12158,7517,0.2701387941837311,0.02303786112947013,0.4020730653777719,1.0,0.9,0.5451576232910156
5,156,MEND156,257,ACATCGTATGCAATGG-1,8406,8578,0.27013128995895386,0.01987001169045078,0.29951186547987163,1.0,1.0,0.5551114022731781
5,157,MEND156,1519,CGTTCAAGGAAACGGA-1,5352,12369,0.2700666606426239,0.012172734371026304,0.49325733706355096,1.0,1.0,0.5420239508152008
5,158,MEND156,892,CAAATTGGATTATGCC-1,11460,5090,0.27003074139356614,0.02449915945601271,0.41136269047856333,1.0,1.0,0.5647085726261138
5,159,MEND156,195,AATTACGAGACCCATC-1,1774,10701,0.27000524401664733,0.018877476396386452,0.3741928592324257,1.0,1.0,0.5534068524837494
5,160,MEND156,145,AAGTGCCTTGACTGTA-1,10413,8426,0.26996886879205706,0.01736654468228443,0.3709928683936596,1.0,1.0,0.5466926455497741
5,161,MEND156,1890,GAGCTCAACATGAGCG-1,7359,12824,0.26992626637220385,0.01944886073531858,0.3900211942382157,1.0,1.0,0.5399362623691559
5,162,MEND156,2117,GCGTCCCTAAGACATA-1,5002,11459,0.26992551386356356,0.027651236866957977,0.3409394584596157,1.0,1.0,0.5631864786148071
5,163,MEND156,2954,TCCCAGCACACGACAT-1,12158,10246,0.2698733493685722,0.023595058665144733,0.31837906688451767,1.0,1.0,0.5607596874237061
5,164,MEND156,2323,GGGCGCAGCGTTACTC-1,11809,6910,0.26985740214586257,0.01762527376192896,0.31854417845606803,1.0,1.0,0.5557550966739655
5,165,MEND156,124,AAGCTATGGATTGACC-1,1599,13430,0.2697977304458618,0.0177226710646858,0.399758006632328,1.0,0.9,0.5425129532814026
5,166,MEND156,2822,TATCACCCAACCGACC-1,10064,5394,0.26977755278348925,0.02169357357353677,0.4464792899787426,1.0,1.0,0.5591621637344361
5,167,MEND156,3179,TGATCTCCGGCGCCAG-1,5701,6000,0.2697650551795959,0.021628053816630747,0.34643540531396866,1.0,1.0,0.5568204164505005
5,168,MEND156,3428,TTCGCCGCTCGCGCTA-1,2123,10398,0.26971745043992995,0.02293355094249402,0.28953428314998747,1.0,1.0,0.5583258628845215
5,169,MEND156,2267,GGCGAGCGAAACGGCA-1,1948,9488,0.2696824103593826,0.020607583925098323,0.5233130887150764,1.0,0.9,0.5446862429380417
5,170,MEND156,2069,GCCTCAGGTACCGGTC-1,3083,13279,0.26964801996946336,0.01822379914243605,0.3098338142037392,1.0,0.9,0.5469300240278244
5,171,MEND156,1661,CTGCAGGGTGACGCTC-1,11635,13279,0.2695484071969986,0.018336600527595694,0.3774427153170109,1.0,1.0,0.559169989824295
5,172,MEND156,1708,CTTAAGCAGCGAGCCG-1,1599,9488,0.2695172280073166,0.020304939177698798,0.46036629416048525,1.0,0.9,0.5489653944969177
5,173,MEND156,3085,TCTCAGGCTACTCGCT-1,11635,12672,0.2694947004318237,0.017480145849150714,0.452337908372283,1.0,0.9,0.546718168258667
5,174,MEND156,312,ACCTACAGTATGTGGT-1,11198,7971,0.2694719672203064,0.015014794086745793,0.37220831457525494,1.0,1.0,0.5464966058731079
5,175,MEND156,2989,TCCTAAAGATTCAGAC-1,8668,12066,0.2694600120186806,0.013990459118424687,0.3641729898750782,1.0,1.0,0.5300945580005646
5,176,MEND156,361,ACGTCGGGCAACTCGG-1,1512,12066,0.2694206163287163,0.020556791218961378,0.3846722640097141,1.0,1.0,0.5635347187519073
5,177,MEND156,591,AGGTCAGGTGAGAGTG-1,3083,8730,0.26938620358705523,0.023621305784762153,0.43787970691919326,1.0,1.0,0.5413194358348846
5,178,MEND156,922,CAATTAAGGGTGATGA-1,7010,6152,0.26935497373342515,0.025175256232190885,0.3806126654148102,1.0,1.0,0.5723369598388672
5,179,MEND156,1228,CCGCTTGCTGACATGG-1,11198,5849,0.2693016991019249,0.021958890329160183,0.3386017680168152,1.0,0.9,0.555446183681488
5,180,MEND156,1637,CTCTAGCCCTCGGAAA-1,9191,11762,0.2691552132368088,0.016071709241581567,0.4044992677867413,1.0,1.0,0.5441619336605072
5,181,MEND156,2047,GCCCGATGCCCAGTTC-1,2995,12824,0.26899499297142027,0.020354309144675446,0.34430762445554136,1.0,1.0,0.5506027340888977
5,182,MEND156,688,ATACGAGGTTTGTAAG-1,5613,13127,0.2689734220504761,0.01941139640331011,0.2705223813652992,1.0,1.0,0.5518688857555389
5,183,MEND156,3001,TCCTTCAATCCCTACG-1,1425,7971,0.26889476329088213,0.022306738350934427,0.4248914455994964,1.0,1.0,0.5508277773857116
5,184,MEND156,602,AGTAACTATAGCAGCC-1,10675,12520,0.2688346341252327,0.0191662334237828,0.22118875831365586,1.0,1.0,0.5513968825340271
5,185,MEND156,462,AGAGCGCTTGTAACGG-1,12420,4636,0.26881177723407745,0.020350450367882716,0.4159804105758667,1.0,0.9,0.5532354056835175
5,186,MEND156,1904,GAGGTCCGTTCGCTGT-1,4304,13279,0.2687709629535675,0.025610985888002417,0.44469962269067764,1.0,1.0,0.5520915269851685
5,187,MEND156,1932,GATATCAAGCAGGAGC-1,1599,10094,0.2686644524335861,0.018044176378349576,0.4045308120548725,1.0,1.0,0.5558596968650817
5,188,MEND156,3268,TGGCTTATGTATAATG-1,1425,10094,0.26865622103214265,0.018724013617969517,0.4374029219150543,1.0,1.0,0.5510335922241211
5,189,MEND156,911,CAAGTCGTTGAAATCT-1,5526,13279,0.26857032626867294,0.0168837434314667,0.3484692193567753,1.0,1.0,0.5415683329105377
5,190,MEND156,1364,CGATAATACTCAGGTT-1,11547,8275,0.2685525342822075,0.020573832001831622,0.41968696713447573,1.0,1.0,0.5530106484889984
5,191,MEND156,3311,TGTCGTTATCACATAT-1,2646,11004,0.26846983581781386,0.019210802168950738,0.3774722948670387,1.0,1.0,0.551420944929123
5,192,MEND156,2043,GCCCAGCGACACAAAG-1,1425,13430,0.26845790147781373,0.016709926849991785,0.2769312173128128,1.0,0.9,0.5511603683233262
5,193,MEND156,1224,CCGCTCCAGGGCGATC-1,7359,12520,0.26844913214445115,0.018125847288286992,0.30362195782363416,1.0,0.9,0.5435278296470643
5,194,MEND156,1989,GCAAGCTGGAAACCGC-1,1512,9943,0.2684247031807899,0.018276338207109773,0.47616175636649133,1.0,1.0,0.5646430969238281
5,195,MEND156,731,ATCAAACGAAGGTTTG-1,4217,9185,0.2684244066476822,0.017516262696680794,0.4337246656417847,1.0,1.0,0.563548457622528
5,196,MEND156,3167,TGAGGTGTGTGGCGGA-1,5875,12369,0.26839728504419325,0.018907052802528586,0.2922450043261051,1.0,1.0,0.5424927055835724
5,197,MEND156,1467,CGGTATGGGCACTCTG-1,8057,13127,0.2683282718062401,0.015112920796799864,0.35852249977178874,1.0,1.0,0.5344224035739898
5,198,MEND156,3312,TGTGACTACGCCAGTC-1,7708,4939,0.2682639047503471,0.01672512653853822,0.35841409787535666,1.0,1.0,0.5437683165073395
5,199,MEND156,1215,CCGCCGGAACTTCTCG-1,2385,9943,0.26826108396053316,0.020986101960713273,0.4437606431543827,1.0,1.0,0.5519554793834687
5,200,MEND156,463,AGAGGCTTCGGAAACC-1,10151,9488,0.2682258427143097,0.016416480365478502,0.4402784392237663,1.0,0.9,0.5411748707294464
5,201,MEND156,1337,CGAATTCCCGGTTCAA-1,12420,11914,0.26821784526109693,0.01935688231969317,0.33242669915780426,1.0,1.0,0.5552164196968079
5,202,MEND156,159,AATACCTGATGTGAAC-1,10064,12975,0.2681193321943283,0.02041879158582514,0.43403116092085836,1.0,0.9,0.5380987316370011
5,203,MEND156,2174,GCTTACGTAGTTAGTA-1,11111,7213,0.2680253148078918,0.01996795277852771,0.3731975920498371,1.0,1.0,0.563379418849945
5,204,MEND156,2687,TACCCTCGGTAACCCT-1,12420,11611,0.26800974607467654,0.020765452328174228,0.3002655450254679,1.0,0.9,0.5379345923662185
5,205,MEND156,3161,TGAGCCATACAGTCTC-1,4653,8123,0.26800521910190583,0.019584135641063774,0.3187780935317278,1.0,0.9,0.5383966356515885
5,206,MEND156,245,ACAGGTGTGTTGTTGC-1,1337,7517,0.2679841458797455,0.019863250467271443,0.34958145394921303,1.0,1.0,0.5610005497932434
5,207,MEND156,1920,GAGTTCTGTGGGTGCT-1,1599,10701,0.26797155737876893,0.023396221985622474,0.3115067854523659,1.0,0.9,0.5623573511838913
5,208,MEND156,3366,TTACTGGGATATTTCA-1,6050,8426,0.26793615967035295,0.021835935876522525,0.4250965066254139,1.0,1.0,0.5551788449287415
5,209,MEND156,2526,GTGCCGCTTCAAAGGT-1,5177,8426,0.2678225815296173,0.018714344879380784,0.45433961898088454,1.0,1.0,0.5555809557437896
5,210,MEND156,2716,TACGCTGCTGTGTTAA-1,3432,12066,0.26773409843444823,0.020505813156901784,0.38290553018450735,1.0,1.0,0.5452914416790009
5,211,MEND156,3158,TGACTCTAACTGGTAA-1,12071,11914,0.26766486316919325,0.01963392053998314,0.27153331954032184,1.0,1.0,0.5506804406642913
5,212,MEND156,1673,CTGCTGTCTAACGAGC-1,11722,9185,0.26766214817762374,0.023042163431856746,0.31168948197737334,1.0,1.0,0.5532887935638428
5,213,MEND156,3234,TGCTATGGCAAAGGGA-1,3606,12369,0.2676031872630119,0.015500428139044575,0.26822255877777934,1.0,1.0,0.542323786020279
5,214,MEND156,793,ATGATGCAATGGTACA-1,5701,8426,0.26754440516233446,0.01769910944229677,0.43693812200799587,1.0,1.0,0.5466773033142089
5,215,MEND156,2460,GTCCCGCGACGTTATG-1,8493,10549,0.2675297364592552,0.018330174662507883,0.2935397088527679,1.0,1.0,0.5431324303150177
5,216,MEND156,2672,TACAAGGGCTTCTTTA-1,9540,12066,0.26751808971166613,0.019075879474918195,0.3001892130821943,1.0,0.9,0.5436164259910583
5,217,MEND156,2940,TCCAGAGCACCGGTTC-1,7446,7820,0.26746308952569964,0.023157854324273423,0.38752330020070075,1.0,1.0,0.5447970807552338
5,218,MEND156,1387,CGCATGCCGAATGCGT-1,9104,11914,0.2674364969134331,0.017841289619797144,0.36749689765274524,1.0,0.9,0.5338480979204178
5,219,MEND156,2414,GTACGCTTCATTGCAC-1,7620,8730,0.2674019277095795,0.022846729062579403,0.4835280179977417,1.0,1.0,0.553023737668991
5,220,MEND156,3276,TGGGTTTCGGGCGTAC-1,3519,12520,0.26730740517377855,0.023703450122845547,0.39833606146275996,1.0,1.0,0.5475652098655701
5,221,MEND156,343,ACGGAACACGAGTGCC-1,10151,12824,0.2672882929444313,0.018429926576736522,0.3527463894337416,1.0,1.0,0.5470194458961487
5,222,MEND156,3022,TCGCCCACTGCGAGAG-1,1512,7213,0.26728241741657255,0.018102567192647242,0.4012664407491684,1.0,1.0,0.5501778781414032
5,223,MEND156,2762,TAGATTCTCTAGCAAA-1,11722,12824,0.2671685993671417,0.014269940838759515,0.3266012273728848,1.0,1.0,0.5466107249259948
5,224,MEND156,3034,TCGCTGCCAATGCTGT-1,8319,12066,0.26714581847190855,0.017297063007434953,0.3158200505189598,1.0,1.0,0.5369892895221711
5,225,MEND156,351,ACGGCTGGATGTAGAA-1,2297,11004,0.2670607194304466,0.021071684427848902,0.29837954267859457,1.0,1.0,0.5547722816467285
5,226,MEND156,2177,GCTTCCCGTAAGCTCC-1,9628,13127,0.2670497566461563,0.017257256462920516,0.4590803563594818,1.0,0.8,0.5361288130283356
5,227,MEND156,60,AACAGGTAGTATGGAT-1,11198,9185,0.2670367196202278,0.022752233206038173,0.28206177046522496,1.0,0.9,0.5468550354242325
5,228,MEND156,3090,TCTCGACGTATCGCCG-1,11198,8578,0.26703585833311083,0.013458683676170272,0.2988819194957614,1.0,0.8,0.5341592311859131
5,229,MEND156,174,AATCGCGCAGAGGACT-1,11286,8123,0.2670304700732231,0.019260951039434683,0.3597476430237293,1.0,1.0,0.5586456179618835
5,230,MEND156,220,ACAAGTAATTGTAAGG-1,3170,13430,0.26702910810709,0.018766688625542018,0.40380708649754526,1.0,1.0,0.5467149913311005
5,231,MEND156,2747,TAGAAGAAGGGTTACA-1,12246,11611,0.26701114028692247,0.013642728447279734,0.30152532532811166,1.0,0.8,0.539864182472229
5,232,MEND156,1344,CGACGCATCCGTACCT-1,2210,9336,0.2669999197125435,0.016707732176846443,0.37736172676086427,1.0,0.9,0.5407280832529068
5,233,MEND156,1431,CGCTTTCCGCCAAGGT-1,8057,12824,0.2669898197054863,0.020625757576109977,0.33156357053667307,1.0,0.9,0.5447409570217132
5,234,MEND156,812,ATGGCCCGAAAGGTTA-1,11809,13279,0.26697261929512023,0.024775935749023408,0.30994235798716546,1.0,1.0,0.5546573519706726
5,235,MEND156,84,AACGCGGTCTCCAGCC-1,7010,5242,0.2669708922505379,0.020356699108213566,0.4058669202029705,1.0,1.0,0.5420922458171844
5,236,MEND156,2661,TAATCAACCAAATGGG-1,12246,9488,0.26694252490997317,0.020572765693572453,0.2895379148423672,1.0,0.9,0.5491241902112961
5,237,MEND156,3296,TGTACTATCGCTCGTT-1,9540,13279,0.26687713265419005,0.020409870882919432,0.4111966710537672,1.0,1.0,0.5409602284431457
5,238,MEND156,1924,GATACCGTGTCGGAGT-1,12420,7971,0.26682272702455523,0.014709524920946175,0.5760180324316024,1.0,0.8,0.5408936470746994
5,239,MEND156,825,ATGTCTTGTTTGACTC-1,4304,12975,0.26681252121925353,0.016598810014254207,0.4142053462564945,1.0,1.0,0.5443740963935852
5,240,MEND156,1996,GCACACAGCTATTACC-1,7446,12672,0.2667750656604767,0.017024647461169246,0.35333798825740814,1.0,1.0,0.547935563325882
5,241,MEND156,2881,TCAACTGCAGAGTCAG-1,10762,10246,0.2667661264538765,0.02291277191680458,0.2752837684005499,1.0,1.0,0.5591351985931396
5,242,MEND156,3018,TCGCAAAGATGCATTT-1,7882,8881,0.2667326793074608,0.018614576723071655,0.336036594863981,1.0,1.0,0.5501016318798065
5,243,MEND156,2527,GTGCCTGAGACCAAAC-1,9104,12217,0.26665757447481153,0.014951070124275845,0.41155970096588135,1.0,1.0,0.5487296938896179
5,244,MEND156,1143,CCATGCCCTAGATTTC-1,9889,10246,0.2666335105895996,0.0172595387191893,0.37039775084704163,1.0,1.0,0.5375306189060212
5,245,MEND156,1738,CTTGCCCACCCACGCA-1,10064,12369,0.26656778156757355,0.022727765117329435,0.3469284676015377,1.0,1.0,0.5553981065750122
5,246,MEND156,339,ACGCGGGCCAAGGACA-1,6748,6910,0.2664928764104843,0.01928793717957618,0.3080037198960781,1.0,1.0,0.5581243216991425
5,247,MEND156,898,CAACGATCGATCCAAT-1,12420,12824,0.2664796233177185,0.012813231264907706,0.3642205081880093,1.0,1.0,0.5479275107383728
5,248,MEND156,2619,GTTTGTTAGCCAAGTA-1,1599,9791,0.2664706453680992,0.020533532424991466,0.45725332498550414,1.0,1.0,0.5519045770168305
5,249,MEND156,634,AGTCTTTAAAGTGTCC-1,8057,11914,0.26645987629890444,0.015686003048733983,0.2924311634153128,1.0,0.8,0.5438245564699173
5,250,MEND156,371,ACGTTTCGGTGCACTT-1,11984,12975,0.26645722091197965,0.019148567558111052,0.3608624868094921,1.0,0.9,0.5489144921302795
5,251,MEND156,1349,CGAGACTACTGCTGCT-1,9889,12672,0.2664524346590042,0.020712699725753993,0.24288303954526783,1.0,1.0,0.5416800320148468
5,252,MEND156,1355,CGAGGAGCTTCCATAT-1,11547,5242,0.26644996404647825,0.024544385648447145,0.40826529935002326,1.0,1.0,0.5528222024440765
5,253,MEND156,2162,GCTGCACGGTTTCTTA-1,7708,7971,0.26642013937234876,0.023764027487920187,0.45049543408676984,1.0,0.9,0.5528366655111313
5,254,MEND156,1392,CGCCAGTAGTACCTTG-1,2035,12975,0.2664132609963417,0.01676003246087841,0.3040165796875954,1.0,1.0,0.5462302446365357
5,255,MEND156,1987,GCAACGGCTAGTTATG-1,11198,8275,0.2663424789905548,0.021992397145512044,0.3857188519090414,1.0,1.0,0.5566860318183899
5,256,MEND156,2441,GTATTTAATGGCATAA-1,11809,9639,0.26632994413375854,0.01560278849276789,0.4001544311642647,1.0,0.8,0.5368383586406708
