concept_id	concept_name	hierarchy	species	prompt_text	species_status
MOR-0001	coagulative necrosis	H1_morphology	Homo_sapiens	Histopathological feature: coagulative necrosis observed in H&E stained human tissue	shared
MOR-0001	coagulative necrosis	H1_morphology	Mus_musculus	Histopathological feature: coagulative necrosis observed in H&E stained murine tissue	shared
MOR-0002	geographic necrosis	H1_morphology	Homo_sapiens	Histopathological feature: geographic necrosis observed in H&E stained human tissue	shared
MOR-0002	geographic necrosis	H1_morphology	Mus_musculus	Histopathological feature: geographic necrosis observed in H&E stained murine tissue	shared
MOR-0003	comedo necrosis	H1_morphology	Homo_sapiens	Histopathological feature: comedo necrosis observed in H&E stained human tissue	shared
MOR-0003	comedo necrosis	H1_morphology	Mus_musculus	Histopathological feature: comedo necrosis observed in H&E stained murine tissue	shared
MOR-0004	dirty necrosis	H1_morphology	Homo_sapiens	Histopathological feature: dirty necrosis observed in H&E stained human tissue	shared
MOR-0004	dirty necrosis	H1_morphology	Mus_musculus	Histopathological feature: dirty necrosis observed in H&E stained murine tissue	shared
MOR-0005	caseous necrosis	H1_morphology	Homo_sapiens	Histopathological feature: caseous necrosis observed in H&E stained human tissue	shared
MOR-0005	caseous necrosis	H1_morphology	Mus_musculus	Histopathological feature: caseous necrosis observed in H&E stained murine tissue	shared
MOR-0006	fibrinoid necrosis	H1_morphology	Homo_sapiens	Histopathological feature: fibrinoid necrosis observed in H&E stained human tissue	shared
MOR-0006	fibrinoid necrosis	H1_morphology	Mus_musculus	Histopathological feature: fibrinoid necrosis observed in H&E stained murine tissue	shared
MOR-0007	palisading necrosis	H1_morphology	Homo_sapiens	Histopathological feature: palisading necrosis observed in H&E stained human tissue	shared
MOR-0007	palisading necrosis	H1_morphology	Mus_musculus	Histopathological feature: palisading necrosis observed in H&E stained murine tissue	shared
MOR-0008	pseudopalisading necrosis	H1_morphology	Homo_sapiens	Histopathological feature: pseudopalisading necrosis observed in H&E stained human tissue	shared
MOR-0008	pseudopalisading necrosis	H1_morphology	Mus_musculus	Histopathological feature: pseudopalisading necrosis observed in H&E stained murine tissue	shared
MOR-0009	liquefactive necrosis	H1_morphology	Homo_sapiens	Histopathological feature: liquefactive necrosis observed in H&E stained human tissue	shared
MOR-0009	liquefactive necrosis	H1_morphology	Mus_musculus	Histopathological feature: liquefactive necrosis observed in H&E stained murine tissue	shared
MOR-0010	radiation necrosis	H1_morphology	Homo_sapiens	Histopathological feature: radiation necrosis observed in H&E stained human tissue	shared
MOR-0010	radiation necrosis	H1_morphology	Mus_musculus	Histopathological feature: radiation necrosis observed in H&E stained murine tissue	shared
MOR-0011	chemotherapy-induced necrosis	H1_morphology	Homo_sapiens	Histopathological feature: chemotherapy-induced necrosis observed in H&E stained human tissue	shared
MOR-0011	chemotherapy-induced necrosis	H1_morphology	Mus_musculus	Histopathological feature: chemotherapy-induced necrosis observed in H&E stained murine tissue	shared
MOR-0012	microvascular proliferation	H1_morphology	Homo_sapiens	Histopathological feature: microvascular proliferation observed in H&E stained human tissue	shared
MOR-0012	microvascular proliferation	H1_morphology	Mus_musculus	Histopathological feature: microvascular proliferation observed in H&E stained murine tissue	shared
MOR-0013	glomeruloid vascular proliferation	H1_morphology	Homo_sapiens	Histopathological feature: glomeruloid vascular proliferation observed in H&E stained human tissue	shared
MOR-0013	glomeruloid vascular proliferation	H1_morphology	Mus_musculus	Histopathological feature: glomeruloid vascular proliferation observed in H&E stained murine tissue	shared
MOR-0014	thrombosed vessel	H1_morphology	Homo_sapiens	Histopathological feature: thrombosed vessel observed in H&E stained human tissue	shared
MOR-0014	thrombosed vessel	H1_morphology	Mus_musculus	Histopathological feature: thrombosed vessel observed in H&E stained murine tissue	shared
MOR-0015	hemorrhage	H1_morphology	Homo_sapiens	Histopathological feature: hemorrhage observed in H&E stained human tissue	shared
MOR-0015	hemorrhage	H1_morphology	Mus_musculus	Histopathological feature: hemorrhage observed in H&E stained murine tissue	shared
MOR-0016	lymphovascular space invasion	H1_morphology	Homo_sapiens	Histopathological feature: lymphovascular space invasion observed in H&E stained human tissue	shared
MOR-0016	lymphovascular space invasion	H1_morphology	Mus_musculus	Histopathological feature: lymphovascular space invasion observed in H&E stained murine tissue	shared
MOR-0017	chicken-wire vasculature	H1_morphology	Homo_sapiens	Histopathological feature: chicken-wire vasculature observed in H&E stained human tissue	shared
MOR-0017	chicken-wire vasculature	H1_morphology	Mus_musculus	Histopathological feature: chicken-wire vasculature observed in H&E stained murine tissue	shared
MOR-0018	staghorn vasculature	H1_morphology	Homo_sapiens	Histopathological feature: staghorn vasculature observed in H&E stained human tissue	shared
MOR-0018	staghorn vasculature	H1_morphology	Mus_musculus	Histopathological feature: staghorn vasculature observed in H&E stained murine tissue	shared
MOR-0019	arborizing vasculature	H1_morphology	Homo_sapiens	Histopathological feature: arborizing vasculature observed in H&E stained human tissue	shared
MOR-0019	arborizing vasculature	H1_morphology	Mus_musculus	Histopathological feature: arborizing vasculature observed in H&E stained murine tissue	shared
MOR-0020	sinusoidal vasculature	H1_morphology	Homo_sapiens	Histopathological feature: sinusoidal vasculature observed in H&E stained human tissue	shared
MOR-0020	sinusoidal vasculature	H1_morphology	Mus_musculus	Histopathological feature: sinusoidal vasculature observed in H&E stained murine tissue	shared
MOR-0021	vascular mimicry	H1_morphology	Homo_sapiens	Histopathological feature: vascular mimicry observed in H&E stained human tissue	shared
MOR-0021	vascular mimicry	H1_morphology	Mus_musculus	Histopathological feature: vascular mimicry observed in H&E stained murine tissue	shared
MOR-0022	capillary sprouting	H1_morphology	Homo_sapiens	Histopathological feature: capillary sprouting observed in H&E stained human tissue	shared
MOR-0022	capillary sprouting	H1_morphology	Mus_musculus	Histopathological feature: capillary sprouting observed in H&E stained murine tissue	shared
MOR-0023	perivascular hyalinization	H1_morphology	Homo_sapiens	Histopathological feature: perivascular hyalinization observed in H&E stained human tissue	shared
MOR-0023	perivascular hyalinization	H1_morphology	Mus_musculus	Histopathological feature: perivascular hyalinization observed in H&E stained murine tissue	shared
MOR-0024	vascular ectasia	H1_morphology	Homo_sapiens	Histopathological feature: vascular ectasia observed in H&E stained human tissue	shared
MOR-0024	vascular ectasia	H1_morphology	Mus_musculus	Histopathological feature: vascular ectasia observed in H&E stained murine tissue	shared
MOR-0025	tumor neovasculature	H1_morphology	Homo_sapiens	Histopathological feature: tumor neovasculature observed in H&E stained human tissue	shared
MOR-0025	tumor neovasculature	H1_morphology	Mus_musculus	Histopathological feature: tumor neovasculature observed in H&E stained murine tissue	shared
MOR-0026	tumor-infiltrating lymphocytes	H1_morphology	Homo_sapiens	Histopathological feature: tumor-infiltrating lymphocytes observed in H&E stained human tissue	shared
MOR-0026	tumor-infiltrating lymphocytes	H1_morphology	Mus_musculus	Histopathological feature: tumor-infiltrating lymphocytes observed in H&E stained murine tissue	shared
MOR-0027	perivascular lymphocytic cuff	H1_morphology	Homo_sapiens	Histopathological feature: perivascular lymphocytic cuff observed in H&E stained human tissue	shared
MOR-0027	perivascular lymphocytic cuff	H1_morphology	Mus_musculus	Histopathological feature: perivascular lymphocytic cuff observed in H&E stained murine tissue	shared
MOR-0028	band-like lymphocytic infiltrate	H1_morphology	Homo_sapiens	Histopathological feature: band-like lymphocytic infiltrate observed in H&E stained human tissue	shared
MOR-0028	band-like lymphocytic infiltrate	H1_morphology	Mus_musculus	Histopathological feature: band-like lymphocytic infiltrate observed in H&E stained murine tissue	shared
MOR-0029	intraepithelial lymphocytes	H1_morphology	Homo_sapiens	Histopathological feature: intraepithelial lymphocytes observed in H&E stained human tissue	shared
MOR-0029	intraepithelial lymphocytes	H1_morphology	Mus_musculus	Histopathological feature: intraepithelial lymphocytes observed in H&E stained murine tissue	shared
MOR-0030	brisk lymphocytic infiltrate	H1_morphology	Homo_sapiens	Histopathological feature: brisk lymphocytic infiltrate observed in H&E stained human tissue	shared
MOR-0030	brisk lymphocytic infiltrate	H1_morphology	Mus_musculus	Histopathological feature: brisk lymphocytic infiltrate observed in H&E stained murine tissue	shared
MOR-0031	macrophage aggregation	H1_morphology	Homo_sapiens	Histopathological feature: macrophage aggregation observed in H&E stained human tissue	shared
MOR-0031	macrophage aggregation	H1_morphology	Mus_musculus	Histopathological feature: macrophage aggregation observed in H&E stained murine tissue	shared
MOR-0032	foamy macrophages	H1_morphology	Homo_sapiens	Histopathological feature: foamy macrophages observed in H&E stained human tissue	shared
MOR-0032	foamy macrophages	H1_morphology	Mus_musculus	Histopathological feature: foamy macrophages observed in H&E stained murine tissue	shared
MOR-0033	multinucleated giant cells	H1_morphology	Homo_sapiens	Histopathological feature: multinucleated giant cells observed in H&E stained human tissue	shared
MOR-0033	multinucleated giant cells	H1_morphology	Mus_musculus	Histopathological feature: multinucleated giant cells observed in H&E stained murine tissue	shared
MOR-0034	granulomatous inflammation	H1_morphology	Homo_sapiens	Histopathological feature: granulomatous inflammation observed in H&E stained human tissue	shared
MOR-0034	granulomatous inflammation	H1_morphology	Mus_musculus	Histopathological feature: granulomatous inflammation observed in H&E stained murine tissue	shared
MOR-0035	neutrophilic infiltrate	H1_morphology	Homo_sapiens	Histopathological feature: neutrophilic infiltrate observed in H&E stained human tissue	shared
MOR-0035	neutrophilic infiltrate	H1_morphology	Mus_musculus	Histopathological feature: neutrophilic infiltrate observed in H&E stained murine tissue	shared
MOR-0036	eosinophilic infiltrate	H1_morphology	Homo_sapiens	Histopathological feature: eosinophilic infiltrate observed in H&E stained human tissue	shared
MOR-0036	eosinophilic infiltrate	H1_morphology	Mus_musculus	Histopathological feature: eosinophilic infiltrate observed in H&E stained murine tissue	shared
MOR-0037	mixed inflammatory infiltrate	H1_morphology	Homo_sapiens	Histopathological feature: mixed inflammatory infiltrate observed in H&E stained human tissue	shared
MOR-0037	mixed inflammatory infiltrate	H1_morphology	Mus_musculus	Histopathological feature: mixed inflammatory infiltrate observed in H&E stained murine tissue	shared
MOR-0038	chronic inflammation	H1_morphology	Homo_sapiens	Histopathological feature: chronic inflammation observed in H&E stained human tissue	shared
MOR-0038	chronic inflammation	H1_morphology	Mus_musculus	Histopathological feature: chronic inflammation observed in H&E stained murine tissue	shared
MOR-0039	acute inflammation	H1_morphology	Homo_sapiens	Histopathological feature: acute inflammation observed in H&E stained human tissue	shared
MOR-0039	acute inflammation	H1_morphology	Mus_musculus	Histopathological feature: acute inflammation observed in H&E stained murine tissue	shared
MOR-0040	nuclear atypia	H1_morphology	Homo_sapiens	Histopathological feature: nuclear atypia observed in H&E stained human tissue	shared
MOR-0040	nuclear atypia	H1_morphology	Mus_musculus	Histopathological feature: nuclear atypia observed in H&E stained murine tissue	shared
MOR-0041	nuclear pleomorphism	H1_morphology	Homo_sapiens	Histopathological feature: nuclear pleomorphism observed in H&E stained human tissue	shared
MOR-0041	nuclear pleomorphism	H1_morphology	Mus_musculus	Histopathological feature: nuclear pleomorphism observed in H&E stained murine tissue	shared
MOR-0042	high nuclear-to-cytoplasmic ratio	H1_morphology	Homo_sapiens	Histopathological feature: high nuclear-to-cytoplasmic ratio observed in H&E stained human tissue	shared
MOR-0042	high nuclear-to-cytoplasmic ratio	H1_morphology	Mus_musculus	Histopathological feature: high nuclear-to-cytoplasmic ratio observed in H&E stained murine tissue	shared
MOR-0043	nuclear hyperchromasia	H1_morphology	Homo_sapiens	Histopathological feature: nuclear hyperchromasia observed in H&E stained human tissue	shared
MOR-0043	nuclear hyperchromasia	H1_morphology	Mus_musculus	Histopathological feature: nuclear hyperchromasia observed in H&E stained murine tissue	shared
MOR-0044	vesicular nuclei	H1_morphology	Homo_sapiens	Histopathological feature: vesicular nuclei observed in H&E stained human tissue	shared
MOR-0044	vesicular nuclei	H1_morphology	Mus_musculus	Histopathological feature: vesicular nuclei observed in H&E stained murine tissue	shared
MOR-0045	prominent nucleoli	H1_morphology	Homo_sapiens	Histopathological feature: prominent nucleoli observed in H&E stained human tissue	shared
MOR-0045	prominent nucleoli	H1_morphology	Mus_musculus	Histopathological feature: prominent nucleoli observed in H&E stained murine tissue	shared
MOR-0046	nuclear molding	H1_morphology	Homo_sapiens	Histopathological feature: nuclear molding observed in H&E stained human tissue	shared
MOR-0046	nuclear molding	H1_morphology	Mus_musculus	Histopathological feature: nuclear molding observed in H&E stained murine tissue	shared
MOR-0047	nuclear grooves	H1_morphology	Homo_sapiens	Histopathological feature: nuclear grooves observed in H&E stained human tissue	shared
MOR-0047	nuclear grooves	H1_morphology	Mus_musculus	Histopathological feature: nuclear grooves observed in H&E stained murine tissue	shared
MOR-0048	spindle cell morphology	H1_morphology	Homo_sapiens	Histopathological feature: spindle cell morphology observed in H&E stained human tissue	shared
MOR-0048	spindle cell morphology	H1_morphology	Mus_musculus	Histopathological feature: spindle cell morphology observed in H&E stained murine tissue	shared
MOR-0049	epithelioid morphology	H1_morphology	Homo_sapiens	Histopathological feature: epithelioid morphology observed in H&E stained human tissue	shared
MOR-0049	epithelioid morphology	H1_morphology	Mus_musculus	Histopathological feature: epithelioid morphology observed in H&E stained murine tissue	shared
MOR-0050	rhabdoid morphology	H1_morphology	Homo_sapiens	Histopathological feature: rhabdoid morphology observed in H&E stained human tissue	shared
MOR-0050	rhabdoid morphology	H1_morphology	Mus_musculus	Histopathological feature: rhabdoid morphology observed in H&E stained murine tissue	shared
MOR-0051	clear cell morphology	H1_morphology	Homo_sapiens	Histopathological feature: clear cell morphology observed in H&E stained human tissue	shared
MOR-0051	clear cell morphology	H1_morphology	Mus_musculus	Histopathological feature: clear cell morphology observed in H&E stained murine tissue	shared
MOR-0052	signet ring cell morphology	H1_morphology	Homo_sapiens	Histopathological feature: signet ring cell morphology observed in H&E stained human tissue	shared
MOR-0052	signet ring cell morphology	H1_morphology	Mus_musculus	Histopathological feature: signet ring cell morphology observed in H&E stained murine tissue	shared
MOR-0053	plasmacytoid morphology	H1_morphology	Homo_sapiens	Histopathological feature: plasmacytoid morphology observed in H&E stained human tissue	shared
MOR-0053	plasmacytoid morphology	H1_morphology	Mus_musculus	Histopathological feature: plasmacytoid morphology observed in H&E stained murine tissue	shared
MOR-0054	small round blue cell morphology	H1_morphology	Homo_sapiens	Histopathological feature: small round blue cell morphology observed in H&E stained human tissue	shared
MOR-0054	small round blue cell morphology	H1_morphology	Mus_musculus	Histopathological feature: small round blue cell morphology observed in H&E stained murine tissue	shared
MOR-0055	oncocytic morphology	H1_morphology	Homo_sapiens	Histopathological feature: oncocytic morphology observed in H&E stained human tissue	shared
MOR-0055	oncocytic morphology	H1_morphology	Mus_musculus	Histopathological feature: oncocytic morphology observed in H&E stained murine tissue	shared
MOR-0056	mitotic figures	H1_morphology	Homo_sapiens	Histopathological feature: mitotic figures observed in H&E stained human tissue	shared
MOR-0056	mitotic figures	H1_morphology	Mus_musculus	Histopathological feature: mitotic figures observed in H&E stained murine tissue	shared
MOR-0057	atypical mitotic figures	H1_morphology	Homo_sapiens	Histopathological feature: atypical mitotic figures observed in H&E stained human tissue	shared
MOR-0057	atypical mitotic figures	H1_morphology	Mus_musculus	Histopathological feature: atypical mitotic figures observed in H&E stained murine tissue	shared
MOR-0058	high mitotic index	H1_morphology	Homo_sapiens	Histopathological feature: high mitotic index observed in H&E stained human tissue	shared
MOR-0058	high mitotic index	H1_morphology	Mus_musculus	Histopathological feature: high mitotic index observed in H&E stained murine tissue	shared
MOR-0059	apoptotic bodies	H1_morphology	Homo_sapiens	Histopathological feature: apoptotic bodies observed in H&E stained human tissue	shared
MOR-0059	apoptotic bodies	H1_morphology	Mus_musculus	Histopathological feature: apoptotic bodies observed in H&E stained murine tissue	shared
MOR-0060	desmoplastic stroma	H1_morphology	Homo_sapiens	Histopathological feature: desmoplastic stroma observed in H&E stained human tissue	shared
MOR-0060	desmoplastic stroma	H1_morphology	Mus_musculus	Histopathological feature: desmoplastic stroma observed in H&E stained murine tissue	shared
MOR-0061	myxoid stroma	H1_morphology	Homo_sapiens	Histopathological feature: myxoid stroma observed in H&E stained human tissue	shared
MOR-0061	myxoid stroma	H1_morphology	Mus_musculus	Histopathological feature: myxoid stroma observed in H&E stained murine tissue	shared
MOR-0062	hyalinized stroma	H1_morphology	Homo_sapiens	Histopathological feature: hyalinized stroma observed in H&E stained human tissue	shared
MOR-0062	hyalinized stroma	H1_morphology	Mus_musculus	Histopathological feature: hyalinized stroma observed in H&E stained murine tissue	shared
MOR-0063	fibrosis	H1_morphology	Homo_sapiens	Histopathological feature: fibrosis observed in H&E stained human tissue	shared
MOR-0063	fibrosis	H1_morphology	Mus_musculus	Histopathological feature: fibrosis observed in H&E stained murine tissue	shared
MOR-0064	keloid-like collagen	H1_morphology	Homo_sapiens	Histopathological feature: keloid-like collagen observed in H&E stained human tissue	shared
MOR-0064	keloid-like collagen	H1_morphology	Mus_musculus	Histopathological feature: keloid-like collagen observed in H&E stained murine tissue	shared
MOR-0065	sclerotic stroma	H1_morphology	Homo_sapiens	Histopathological feature: sclerotic stroma observed in H&E stained human tissue	shared
MOR-0065	sclerotic stroma	H1_morphology	Mus_musculus	Histopathological feature: sclerotic stroma observed in H&E stained murine tissue	shared
MOR-0066	dystrophic calcification	H1_morphology	Homo_sapiens	Histopathological feature: dystrophic calcification observed in H&E stained human tissue	shared
MOR-0066	dystrophic calcification	H1_morphology	Mus_musculus	Histopathological feature: dystrophic calcification observed in H&E stained murine tissue	shared
MOR-0067	psammoma bodies	H1_morphology	Homo_sapiens	Histopathological feature: psammoma bodies observed in H&E stained human tissue	shared
MOR-0067	psammoma bodies	H1_morphology	Mus_musculus	Histopathological feature: psammoma bodies observed in H&E stained murine tissue	shared
MOR-0068	osseous metaplasia	H1_morphology	Homo_sapiens	Histopathological feature: osseous metaplasia observed in H&E stained human tissue	shared
MOR-0068	osseous metaplasia	H1_morphology	Mus_musculus	Histopathological feature: osseous metaplasia observed in H&E stained murine tissue	shared
MOR-0069	stromal edema	H1_morphology	Homo_sapiens	Histopathological feature: stromal edema observed in H&E stained human tissue	shared
MOR-0069	stromal edema	H1_morphology	Mus_musculus	Histopathological feature: stromal edema observed in H&E stained murine tissue	shared
MOR-0070	mucinous degeneration	H1_morphology	Homo_sapiens	Histopathological feature: mucinous degeneration observed in H&E stained human tissue	shared
MOR-0070	mucinous degeneration	H1_morphology	Mus_musculus	Histopathological feature: mucinous degeneration observed in H&E stained murine tissue	shared
MOR-0071	solid growth pattern	H1_morphology	Homo_sapiens	Histopathological feature: solid growth pattern observed in H&E stained human tissue	shared
MOR-0071	solid growth pattern	H1_morphology	Mus_musculus	Histopathological feature: solid growth pattern observed in H&E stained murine tissue	shared
MOR-0072	trabecular growth pattern	H1_morphology	Homo_sapiens	Histopathological feature: trabecular growth pattern observed in H&E stained human tissue	shared
MOR-0072	trabecular growth pattern	H1_morphology	Mus_musculus	Histopathological feature: trabecular growth pattern observed in H&E stained murine tissue	shared
MOR-0073	cribriform pattern	H1_morphology	Homo_sapiens	Histopathological feature: cribriform pattern observed in H&E stained human tissue	shared
MOR-0073	cribriform pattern	H1_morphology	Mus_musculus	Histopathological feature: cribriform pattern observed in H&E stained murine tissue	shared
MOR-0074	papillary architecture	H1_morphology	Homo_sapiens	Histopathological feature: papillary architecture observed in H&E stained human tissue	shared
MOR-0074	papillary architecture	H1_morphology	Mus_musculus	Histopathological feature: papillary architecture observed in H&E stained murine tissue	shared
MOR-0075	micropapillary pattern	H1_morphology	Homo_sapiens	Histopathological feature: micropapillary pattern observed in H&E stained human tissue	shared
MOR-0075	micropapillary pattern	H1_morphology	Mus_musculus	Histopathological feature: micropapillary pattern observed in H&E stained murine tissue	shared
MOR-0076	acinar pattern	H1_morphology	Homo_sapiens	Histopathological feature: acinar pattern observed in H&E stained human tissue	shared
MOR-0076	acinar pattern	H1_morphology	Mus_musculus	Histopathological feature: acinar pattern observed in H&E stained murine tissue	shared
MOR-0077	glandular pattern	H1_morphology	Homo_sapiens	Histopathological feature: glandular pattern observed in H&E stained human tissue	shared
MOR-0077	glandular pattern	H1_morphology	Mus_musculus	Histopathological feature: glandular pattern observed in H&E stained murine tissue	shared
MOR-0078	tubular pattern	H1_morphology	Homo_sapiens	Histopathological feature: tubular pattern observed in H&E stained human tissue	shared
MOR-0078	tubular pattern	H1_morphology	Mus_musculus	Histopathological feature: tubular pattern observed in H&E stained murine tissue	shared
MOR-0079	single-file infiltration	H1_morphology	Homo_sapiens	Histopathological feature: single-file infiltration observed in H&E stained human tissue	shared
MOR-0079	single-file infiltration	H1_morphology	Mus_musculus	Histopathological feature: single-file infiltration observed in H&E stained murine tissue	shared
MOR-0080	nested growth pattern	H1_morphology	Homo_sapiens	Histopathological feature: nested growth pattern observed in H&E stained human tissue	shared
MOR-0080	nested growth pattern	H1_morphology	Mus_musculus	Histopathological feature: nested growth pattern observed in H&E stained murine tissue	shared
MOR-0081	sheet-like growth	H1_morphology	Homo_sapiens	Histopathological feature: sheet-like growth observed in H&E stained human tissue	shared
MOR-0081	sheet-like growth	H1_morphology	Mus_musculus	Histopathological feature: sheet-like growth observed in H&E stained murine tissue	shared
MOR-0082	alveolar growth pattern	H1_morphology	Homo_sapiens	Histopathological feature: alveolar growth pattern observed in H&E stained human tissue	shared
MOR-0082	alveolar growth pattern	H1_morphology	Mus_musculus	Histopathological feature: alveolar growth pattern observed in H&E stained murine tissue	shared
MOR-0083	organoid pattern	H1_morphology	Homo_sapiens	Histopathological feature: organoid pattern observed in H&E stained human tissue	shared
MOR-0083	organoid pattern	H1_morphology	Mus_musculus	Histopathological feature: organoid pattern observed in H&E stained murine tissue	shared
MOR-0084	pushing tumor border	H1_morphology	Homo_sapiens	Histopathological feature: pushing tumor border observed in H&E stained human tissue	shared
MOR-0084	pushing tumor border	H1_morphology	Mus_musculus	Histopathological feature: pushing tumor border observed in H&E stained murine tissue	shared
MOR-0085	infiltrative tumor border	H1_morphology	Homo_sapiens	Histopathological feature: infiltrative tumor border observed in H&E stained human tissue	shared
MOR-0085	infiltrative tumor border	H1_morphology	Mus_musculus	Histopathological feature: infiltrative tumor border observed in H&E stained murine tissue	shared
MOR-0086	encapsulated tumor	H1_morphology	Homo_sapiens	Histopathological feature: encapsulated tumor observed in H&E stained human tissue	shared
MOR-0086	encapsulated tumor	H1_morphology	Mus_musculus	Histopathological feature: encapsulated tumor observed in H&E stained murine tissue	shared
MOR-0087	hypercellularity	H1_morphology	Homo_sapiens	Histopathological feature: hypercellularity observed in H&E stained human tissue	shared
MOR-0087	hypercellularity	H1_morphology	Mus_musculus	Histopathological feature: hypercellularity observed in H&E stained murine tissue	shared
MOR-0088	hypocellular area	H1_morphology	Homo_sapiens	Histopathological feature: hypocellular area observed in H&E stained human tissue	shared
MOR-0088	hypocellular area	H1_morphology	Mus_musculus	Histopathological feature: hypocellular area observed in H&E stained murine tissue	shared
MOR-0089	cellularity gradient	H1_morphology	Homo_sapiens	Histopathological feature: cellularity gradient observed in H&E stained human tissue	shared
MOR-0089	cellularity gradient	H1_morphology	Mus_musculus	Histopathological feature: cellularity gradient observed in H&E stained murine tissue	shared
MOR-0090	cystic change	H1_morphology	Homo_sapiens	Histopathological feature: cystic change observed in H&E stained human tissue	shared
MOR-0090	cystic change	H1_morphology	Mus_musculus	Histopathological feature: cystic change observed in H&E stained murine tissue	shared
MOR-0091	intratumoral heterogeneity	H1_morphology	Homo_sapiens	Histopathological feature: intratumoral heterogeneity observed in H&E stained human tissue	shared
MOR-0091	intratumoral heterogeneity	H1_morphology	Mus_musculus	Histopathological feature: intratumoral heterogeneity observed in H&E stained murine tissue	shared
MOR-0092	viable tumor tissue	H1_morphology	Homo_sapiens	Histopathological feature: viable tumor tissue observed in H&E stained human tissue	shared
MOR-0092	viable tumor tissue	H1_morphology	Mus_musculus	Histopathological feature: viable tumor tissue observed in H&E stained murine tissue	shared
MOR-0093	tumor-necrosis interface	H1_morphology	Homo_sapiens	Histopathological feature: tumor-necrosis interface observed in H&E stained human tissue	shared
MOR-0093	tumor-necrosis interface	H1_morphology	Mus_musculus	Histopathological feature: tumor-necrosis interface observed in H&E stained murine tissue	shared
MOR-0094	stromal cellularity	H1_morphology	Homo_sapiens	Histopathological feature: stromal cellularity observed in H&E stained human tissue	shared
MOR-0094	stromal cellularity	H1_morphology	Mus_musculus	Histopathological feature: stromal cellularity observed in H&E stained murine tissue	shared
MOR-0095	perineural invasion	H1_morphology	Homo_sapiens	Histopathological feature: perineural invasion observed in H&E stained human tissue	shared
MOR-0095	perineural invasion	H1_morphology	Mus_musculus	Histopathological feature: perineural invasion observed in H&E stained murine tissue	shared
MOR-0096	lymphovascular invasion	H1_morphology	Homo_sapiens	Histopathological feature: lymphovascular invasion observed in H&E stained human tissue	shared
MOR-0096	lymphovascular invasion	H1_morphology	Mus_musculus	Histopathological feature: lymphovascular invasion observed in H&E stained murine tissue	shared
MOR-0097	extracapsular extension	H1_morphology	Homo_sapiens	Histopathological feature: extracapsular extension observed in H&E stained human tissue	shared
MOR-0097	extracapsular extension	H1_morphology	Mus_musculus	Histopathological feature: extracapsular extension observed in H&E stained murine tissue	shared
MOR-0098	serosal invasion	H1_morphology	Homo_sapiens	Histopathological feature: serosal invasion observed in H&E stained human tissue	shared
MOR-0098	serosal invasion	H1_morphology	Mus_musculus	Histopathological feature: serosal invasion observed in H&E stained murine tissue	shared
MOR-0099	margin involvement	H1_morphology	Homo_sapiens	Histopathological feature: margin involvement observed in H&E stained human tissue	shared
MOR-0099	margin involvement	H1_morphology	Mus_musculus	Histopathological feature: margin involvement observed in H&E stained murine tissue	shared
MOR-0100	tissue folding artifact	H1_morphology	Homo_sapiens	Histological artifact: tissue folding artifact in H&E stained human tissue	shared
MOR-0100	tissue folding artifact	H1_morphology	Mus_musculus	Histological artifact: tissue folding artifact in H&E stained murine tissue	shared
MOR-0101	cautery artifact	H1_morphology	Homo_sapiens	Histological artifact: cautery artifact in H&E stained human tissue	shared
MOR-0101	cautery artifact	H1_morphology	Mus_musculus	Histological artifact: cautery artifact in H&E stained murine tissue	shared
MOR-0102	poor fixation artifact	H1_morphology	Homo_sapiens	Histological artifact: poor fixation artifact in H&E stained human tissue	shared
MOR-0102	poor fixation artifact	H1_morphology	Mus_musculus	Histological artifact: poor fixation artifact in H&E stained murine tissue	shared
MOR-0103	crush artifact	H1_morphology	Homo_sapiens	Histological artifact: crush artifact in H&E stained human tissue	shared
MOR-0103	crush artifact	H1_morphology	Mus_musculus	Histological artifact: crush artifact in H&E stained murine tissue	shared
MOR-0104	invasive ductal carcinoma NOS morphology	H1_morphology	Homo_sapiens	Histopathological feature: invasive ductal carcinoma NOS morphology in human breast tissue on H&E stain	shared
MOR-0104	invasive ductal carcinoma NOS morphology	H1_morphology	Mus_musculus	Histopathological feature: invasive ductal carcinoma NOS morphology in murine breast tissue on H&E stain	shared
MOR-0105	invasive lobular carcinoma discohesive pattern	H1_morphology	Homo_sapiens	Histopathological feature: invasive lobular carcinoma discohesive pattern in human breast tissue on H&E stain	shared
MOR-0105	invasive lobular carcinoma discohesive pattern	H1_morphology	Mus_musculus	Histopathological feature: invasive lobular carcinoma discohesive pattern in murine breast tissue on H&E stain	shared
MOR-0106	DCIS comedo pattern	H1_morphology	Homo_sapiens	Histopathological feature: DCIS comedo pattern in human breast tissue on H&E stain	human_only
MOR-0106	DCIS comedo pattern	H1_morphology	Mus_musculus	Histopathological feature: DCIS comedo pattern in murine breast tissue on H&E stain	human_only
MOR-0107	DCIS cribriform pattern	H1_morphology	Homo_sapiens	Histopathological feature: DCIS cribriform pattern in human breast tissue on H&E stain	human_only
MOR-0107	DCIS cribriform pattern	H1_morphology	Mus_musculus	Histopathological feature: DCIS cribriform pattern in murine breast tissue on H&E stain	human_only
MOR-0108	DCIS micropapillary pattern	H1_morphology	Homo_sapiens	Histopathological feature: DCIS micropapillary pattern in human breast tissue on H&E stain	human_only
MOR-0108	DCIS micropapillary pattern	H1_morphology	Mus_musculus	Histopathological feature: DCIS micropapillary pattern in murine breast tissue on H&E stain	human_only
MOR-0109	DCIS solid pattern	H1_morphology	Homo_sapiens	Histopathological feature: DCIS solid pattern in human breast tissue on H&E stain	human_only
MOR-0109	DCIS solid pattern	H1_morphology	Mus_musculus	Histopathological feature: DCIS solid pattern in murine breast tissue on H&E stain	human_only
MOR-0110	mucinous breast carcinoma	H1_morphology	Homo_sapiens	Histopathological feature: mucinous breast carcinoma in human breast tissue on H&E stain	shared
MOR-0110	mucinous breast carcinoma	H1_morphology	Mus_musculus	Histopathological feature: mucinous breast carcinoma in murine breast tissue on H&E stain	shared
MOR-0111	tubular breast carcinoma	H1_morphology	Homo_sapiens	Histopathological feature: tubular breast carcinoma in human breast tissue on H&E stain	shared
MOR-0111	tubular breast carcinoma	H1_morphology	Mus_musculus	Histopathological feature: tubular breast carcinoma in murine breast tissue on H&E stain	shared
MOR-0112	medullary pattern breast carcinoma	H1_morphology	Homo_sapiens	Histopathological feature: medullary pattern breast carcinoma in human breast tissue on H&E stain	shared
MOR-0112	medullary pattern breast carcinoma	H1_morphology	Mus_musculus	Histopathological feature: medullary pattern breast carcinoma in murine breast tissue on H&E stain	shared
MOR-0113	apocrine differentiation	H1_morphology	Homo_sapiens	Histopathological feature: apocrine differentiation in human breast tissue on H&E stain	shared
MOR-0113	apocrine differentiation	H1_morphology	Mus_musculus	Histopathological feature: apocrine differentiation in murine breast tissue on H&E stain	shared
MOR-0114	Paget cells in epidermis	H1_morphology	Homo_sapiens	Histopathological feature: Paget cells in epidermis in human breast tissue on H&E stain	human_only
MOR-0114	Paget cells in epidermis	H1_morphology	Mus_musculus	Histopathological feature: Paget cells in epidermis in murine breast tissue on H&E stain	human_only
MOR-0115	microcalcifications in breast tissue	H1_morphology	Homo_sapiens	Histopathological feature: microcalcifications in breast tissue in human breast tissue on H&E stain	shared
MOR-0115	microcalcifications in breast tissue	H1_morphology	Mus_musculus	Histopathological feature: microcalcifications in breast tissue in murine breast tissue on H&E stain	shared
MOR-0116	tumor-associated collagenous stroma in breast	H1_morphology	Homo_sapiens	Histopathological feature: tumor-associated collagenous stroma in breast in human breast tissue on H&E stain	shared
MOR-0116	tumor-associated collagenous stroma in breast	H1_morphology	Mus_musculus	Histopathological feature: tumor-associated collagenous stroma in breast in murine breast tissue on H&E stain	shared
MOR-0117	lobular carcinoma in situ	H1_morphology	Homo_sapiens	Histopathological feature: lobular carcinoma in situ in human breast tissue on H&E stain	shared
MOR-0117	lobular carcinoma in situ	H1_morphology	Mus_musculus	Histopathological feature: lobular carcinoma in situ in murine breast tissue on H&E stain	shared
MOR-0118	phyllodes tumor stromal overgrowth	H1_morphology	Homo_sapiens	Histopathological feature: phyllodes tumor stromal overgrowth in human breast tissue on H&E stain	shared
MOR-0118	phyllodes tumor stromal overgrowth	H1_morphology	Mus_musculus	Histopathological feature: phyllodes tumor stromal overgrowth in murine breast tissue on H&E stain	shared
MOR-0119	flat epithelial atypia	H1_morphology	Homo_sapiens	Histopathological feature: flat epithelial atypia in human breast tissue on H&E stain	shared
MOR-0119	flat epithelial atypia	H1_morphology	Mus_musculus	Histopathological feature: flat epithelial atypia in murine breast tissue on H&E stain	shared
MOR-0120	columnar cell change	H1_morphology	Homo_sapiens	Histopathological feature: columnar cell change in human breast tissue on H&E stain	shared
MOR-0120	columnar cell change	H1_morphology	Mus_musculus	Histopathological feature: columnar cell change in murine breast tissue on H&E stain	shared
MOR-0121	radial scar architecture	H1_morphology	Homo_sapiens	Histopathological feature: radial scar architecture in human breast tissue on H&E stain	shared
MOR-0121	radial scar architecture	H1_morphology	Mus_musculus	Histopathological feature: radial scar architecture in murine breast tissue on H&E stain	shared
MOR-0122	fat necrosis in breast	H1_morphology	Homo_sapiens	Histopathological feature: fat necrosis in breast in human breast tissue on H&E stain	shared
MOR-0122	fat necrosis in breast	H1_morphology	Mus_musculus	Histopathological feature: fat necrosis in breast in murine breast tissue on H&E stain	shared
MOR-0123	normal terminal duct lobular unit	H1_morphology	Homo_sapiens	Histopathological feature: normal terminal duct lobular unit in human breast tissue on H&E stain	shared
MOR-0123	normal terminal duct lobular unit	H1_morphology	Mus_musculus	Histopathological feature: normal terminal duct lobular unit in murine breast tissue on H&E stain	shared
MOR-0124	normal breast adipose tissue	H1_morphology	Homo_sapiens	Histopathological feature: normal breast adipose tissue in human breast tissue on H&E stain	shared
MOR-0124	normal breast adipose tissue	H1_morphology	Mus_musculus	Histopathological feature: normal breast adipose tissue in murine breast tissue on H&E stain	shared
MOR-0125	fibrocystic change	H1_morphology	Homo_sapiens	Histopathological feature: fibrocystic change in human breast tissue on H&E stain	shared
MOR-0125	fibrocystic change	H1_morphology	Mus_musculus	Histopathological feature: fibrocystic change in murine breast tissue on H&E stain	shared
MOR-0126	sclerosing adenosis	H1_morphology	Homo_sapiens	Histopathological feature: sclerosing adenosis in human breast tissue on H&E stain	shared
MOR-0126	sclerosing adenosis	H1_morphology	Mus_musculus	Histopathological feature: sclerosing adenosis in murine breast tissue on H&E stain	shared
MOR-0127	fibroadenoma biphasic pattern	H1_morphology	Homo_sapiens	Histopathological feature: fibroadenoma biphasic pattern in human breast tissue on H&E stain	shared
MOR-0127	fibroadenoma biphasic pattern	H1_morphology	Mus_musculus	Histopathological feature: fibroadenoma biphasic pattern in murine breast tissue on H&E stain	shared
MOR-0128	ductal hyperplasia	H1_morphology	Homo_sapiens	Histopathological feature: ductal hyperplasia in human breast tissue on H&E stain	shared
MOR-0128	ductal hyperplasia	H1_morphology	Mus_musculus	Histopathological feature: ductal hyperplasia in murine breast tissue on H&E stain	shared
MOR-0129	lepidic growth pattern	H1_morphology	Homo_sapiens	Histopathological feature: lepidic growth pattern in human lung tissue on H&E stain	shared
MOR-0129	lepidic growth pattern	H1_morphology	Mus_musculus	Histopathological feature: lepidic growth pattern in murine lung tissue on H&E stain	shared
MOR-0130	acinar adenocarcinoma pattern	H1_morphology	Homo_sapiens	Histopathological feature: acinar adenocarcinoma pattern in human lung tissue on H&E stain	shared
MOR-0130	acinar adenocarcinoma pattern	H1_morphology	Mus_musculus	Histopathological feature: acinar adenocarcinoma pattern in murine lung tissue on H&E stain	shared
MOR-0131	papillary lung adenocarcinoma	H1_morphology	Homo_sapiens	Histopathological feature: papillary lung adenocarcinoma in human lung tissue on H&E stain	shared
MOR-0131	papillary lung adenocarcinoma	H1_morphology	Mus_musculus	Histopathological feature: papillary lung adenocarcinoma in murine lung tissue on H&E stain	shared
MOR-0132	micropapillary lung adenocarcinoma	H1_morphology	Homo_sapiens	Histopathological feature: micropapillary lung adenocarcinoma in human lung tissue on H&E stain	shared
MOR-0132	micropapillary lung adenocarcinoma	H1_morphology	Mus_musculus	Histopathological feature: micropapillary lung adenocarcinoma in murine lung tissue on H&E stain	shared
MOR-0133	solid lung adenocarcinoma	H1_morphology	Homo_sapiens	Histopathological feature: solid lung adenocarcinoma in human lung tissue on H&E stain	shared
MOR-0133	solid lung adenocarcinoma	H1_morphology	Mus_musculus	Histopathological feature: solid lung adenocarcinoma in murine lung tissue on H&E stain	shared
MOR-0134	mucinous lung adenocarcinoma	H1_morphology	Homo_sapiens	Histopathological feature: mucinous lung adenocarcinoma in human lung tissue on H&E stain	shared
MOR-0134	mucinous lung adenocarcinoma	H1_morphology	Mus_musculus	Histopathological feature: mucinous lung adenocarcinoma in murine lung tissue on H&E stain	shared
MOR-0135	spread through air spaces	H1_morphology	Homo_sapiens	Histopathological feature: spread through air spaces in human lung tissue on H&E stain	shared
MOR-0135	spread through air spaces	H1_morphology	Mus_musculus	Histopathological feature: spread through air spaces in murine lung tissue on H&E stain	shared
MOR-0136	type II pneumocyte hyperplasia	H1_morphology	Homo_sapiens	Histopathological feature: type II pneumocyte hyperplasia in human lung tissue on H&E stain	shared
MOR-0136	type II pneumocyte hyperplasia	H1_morphology	Mus_musculus	Histopathological feature: type II pneumocyte hyperplasia in murine lung tissue on H&E stain	shared
MOR-0137	organizing pneumonia pattern	H1_morphology	Homo_sapiens	Histopathological feature: organizing pneumonia pattern in human lung tissue on H&E stain	shared
MOR-0137	organizing pneumonia pattern	H1_morphology	Mus_musculus	Histopathological feature: organizing pneumonia pattern in murine lung tissue on H&E stain	shared
MOR-0138	atypical adenomatous hyperplasia	H1_morphology	Homo_sapiens	Histopathological feature: atypical adenomatous hyperplasia in human lung tissue on H&E stain	shared
MOR-0138	atypical adenomatous hyperplasia	H1_morphology	Mus_musculus	Histopathological feature: atypical adenomatous hyperplasia in murine lung tissue on H&E stain	shared
MOR-0139	adenocarcinoma in situ lepidic	H1_morphology	Homo_sapiens	Histopathological feature: adenocarcinoma in situ lepidic in human lung tissue on H&E stain	shared
MOR-0139	adenocarcinoma in situ lepidic	H1_morphology	Mus_musculus	Histopathological feature: adenocarcinoma in situ lepidic in murine lung tissue on H&E stain	shared
MOR-0140	minimally invasive adenocarcinoma	H1_morphology	Homo_sapiens	Histopathological feature: minimally invasive adenocarcinoma in human lung tissue on H&E stain	shared
MOR-0140	minimally invasive adenocarcinoma	H1_morphology	Mus_musculus	Histopathological feature: minimally invasive adenocarcinoma in murine lung tissue on H&E stain	shared
MOR-0141	normal alveolar parenchyma	H1_morphology	Homo_sapiens	Histopathological feature: normal alveolar parenchyma in human lung tissue on H&E stain	shared
MOR-0141	normal alveolar parenchyma	H1_morphology	Mus_musculus	Histopathological feature: normal alveolar parenchyma in murine lung tissue on H&E stain	shared
MOR-0142	normal bronchial epithelium	H1_morphology	Homo_sapiens	Histopathological feature: normal bronchial epithelium in human lung tissue on H&E stain	shared
MOR-0142	normal bronchial epithelium	H1_morphology	Mus_musculus	Histopathological feature: normal bronchial epithelium in murine lung tissue on H&E stain	shared
MOR-0143	anthracotic pigment deposition	H1_morphology	Homo_sapiens	Histopathological feature: anthracotic pigment deposition in human lung tissue on H&E stain	shared
MOR-0143	anthracotic pigment deposition	H1_morphology	Mus_musculus	Histopathological feature: anthracotic pigment deposition in murine lung tissue on H&E stain	shared
MOR-0144	emphysematous change	H1_morphology	Homo_sapiens	Histopathological feature: emphysematous change in human lung tissue on H&E stain	shared
MOR-0144	emphysematous change	H1_morphology	Mus_musculus	Histopathological feature: emphysematous change in murine lung tissue on H&E stain	shared
MOR-0145	pulmonary fibrosis pattern	H1_morphology	Homo_sapiens	Histopathological feature: pulmonary fibrosis pattern in human lung tissue on H&E stain	shared
MOR-0145	pulmonary fibrosis pattern	H1_morphology	Mus_musculus	Histopathological feature: pulmonary fibrosis pattern in murine lung tissue on H&E stain	shared
MOR-0146	alveolar hemorrhage	H1_morphology	Homo_sapiens	Histopathological feature: alveolar hemorrhage in human lung tissue on H&E stain	shared
MOR-0146	alveolar hemorrhage	H1_morphology	Mus_musculus	Histopathological feature: alveolar hemorrhage in murine lung tissue on H&E stain	shared
MOR-0147	bronchioloalveolar pattern	H1_morphology	Homo_sapiens	Histopathological feature: bronchioloalveolar pattern in human lung tissue on H&E stain	shared
MOR-0147	bronchioloalveolar pattern	H1_morphology	Mus_musculus	Histopathological feature: bronchioloalveolar pattern in murine lung tissue on H&E stain	shared
MOR-0148	pneumocyte atypia	H1_morphology	Homo_sapiens	Histopathological feature: pneumocyte atypia in human lung tissue on H&E stain	shared
MOR-0148	pneumocyte atypia	H1_morphology	Mus_musculus	Histopathological feature: pneumocyte atypia in murine lung tissue on H&E stain	shared
MOR-0149	keratinization	H1_morphology	Homo_sapiens	Histopathological feature: keratinization in human lung tissue on H&E stain	shared
MOR-0149	keratinization	H1_morphology	Mus_musculus	Histopathological feature: keratinization in murine lung tissue on H&E stain	shared
MOR-0150	keratin pearl formation	H1_morphology	Homo_sapiens	Histopathological feature: keratin pearl formation in human lung tissue on H&E stain	shared
MOR-0150	keratin pearl formation	H1_morphology	Mus_musculus	Histopathological feature: keratin pearl formation in murine lung tissue on H&E stain	shared
MOR-0151	intercellular bridges	H1_morphology	Homo_sapiens	Histopathological feature: intercellular bridges in human lung tissue on H&E stain	shared
MOR-0151	intercellular bridges	H1_morphology	Mus_musculus	Histopathological feature: intercellular bridges in murine lung tissue on H&E stain	shared
MOR-0152	basaloid squamous pattern	H1_morphology	Homo_sapiens	Histopathological feature: basaloid squamous pattern in human lung tissue on H&E stain	shared
MOR-0152	basaloid squamous pattern	H1_morphology	Mus_musculus	Histopathological feature: basaloid squamous pattern in murine lung tissue on H&E stain	shared
MOR-0153	squamous dysplasia	H1_morphology	Homo_sapiens	Histopathological feature: squamous dysplasia in human lung tissue on H&E stain	shared
MOR-0153	squamous dysplasia	H1_morphology	Mus_musculus	Histopathological feature: squamous dysplasia in murine lung tissue on H&E stain	shared
MOR-0154	squamous carcinoma in situ	H1_morphology	Homo_sapiens	Histopathological feature: squamous carcinoma in situ in human lung tissue on H&E stain	shared
MOR-0154	squamous carcinoma in situ	H1_morphology	Mus_musculus	Histopathological feature: squamous carcinoma in situ in murine lung tissue on H&E stain	shared
MOR-0155	squamous metaplasia	H1_morphology	Homo_sapiens	Histopathological feature: squamous metaplasia in human lung tissue on H&E stain	shared
MOR-0155	squamous metaplasia	H1_morphology	Mus_musculus	Histopathological feature: squamous metaplasia in murine lung tissue on H&E stain	shared
MOR-0156	non-keratinizing squamous carcinoma	H1_morphology	Homo_sapiens	Histopathological feature: non-keratinizing squamous carcinoma in human lung tissue on H&E stain	shared
MOR-0156	non-keratinizing squamous carcinoma	H1_morphology	Mus_musculus	Histopathological feature: non-keratinizing squamous carcinoma in murine lung tissue on H&E stain	shared
MOR-0157	large cell keratinizing pattern	H1_morphology	Homo_sapiens	Histopathological feature: large cell keratinizing pattern in human lung tissue on H&E stain	shared
MOR-0157	large cell keratinizing pattern	H1_morphology	Mus_musculus	Histopathological feature: large cell keratinizing pattern in murine lung tissue on H&E stain	shared
MOR-0158	squamous cell nests with central necrosis	H1_morphology	Homo_sapiens	Histopathological feature: squamous cell nests with central necrosis in human lung tissue on H&E stain	shared
MOR-0158	squamous cell nests with central necrosis	H1_morphology	Mus_musculus	Histopathological feature: squamous cell nests with central necrosis in murine lung tissue on H&E stain	shared
MOR-0159	koilocytic change	H1_morphology	Homo_sapiens	Histopathological feature: koilocytic change in human lung tissue on H&E stain	shared
MOR-0159	koilocytic change	H1_morphology	Mus_musculus	Histopathological feature: koilocytic change in murine lung tissue on H&E stain	shared
MOR-0160	normal bronchial squamous mucosa	H1_morphology	Homo_sapiens	Histopathological feature: normal bronchial squamous mucosa in human lung tissue on H&E stain	shared
MOR-0160	normal bronchial squamous mucosa	H1_morphology	Mus_musculus	Histopathological feature: normal bronchial squamous mucosa in murine lung tissue on H&E stain	shared
MOR-0161	well-differentiated colorectal adenocarcinoma	H1_morphology	Homo_sapiens	Histopathological feature: well-differentiated colorectal adenocarcinoma in human colorectal tissue on H&E stain	shared
MOR-0161	well-differentiated colorectal adenocarcinoma	H1_morphology	Mus_musculus	Histopathological feature: well-differentiated colorectal adenocarcinoma in murine colorectal tissue on H&E stain	shared
MOR-0162	moderately differentiated colorectal adenocarcinoma	H1_morphology	Homo_sapiens	Histopathological feature: moderately differentiated colorectal adenocarcinoma in human colorectal tissue on H&E stain	shared
MOR-0162	moderately differentiated colorectal adenocarcinoma	H1_morphology	Mus_musculus	Histopathological feature: moderately differentiated colorectal adenocarcinoma in murine colorectal tissue on H&E stain	shared
MOR-0163	poorly differentiated colorectal adenocarcinoma	H1_morphology	Homo_sapiens	Histopathological feature: poorly differentiated colorectal adenocarcinoma in human colorectal tissue on H&E stain	shared
MOR-0163	poorly differentiated colorectal adenocarcinoma	H1_morphology	Mus_musculus	Histopathological feature: poorly differentiated colorectal adenocarcinoma in murine colorectal tissue on H&E stain	shared
MOR-0164	mucinous colorectal carcinoma	H1_morphology	Homo_sapiens	Histopathological feature: mucinous colorectal carcinoma in human colorectal tissue on H&E stain	shared
MOR-0164	mucinous colorectal carcinoma	H1_morphology	Mus_musculus	Histopathological feature: mucinous colorectal carcinoma in murine colorectal tissue on H&E stain	shared
MOR-0165	signet ring cell colorectal carcinoma	H1_morphology	Homo_sapiens	Histopathological feature: signet ring cell colorectal carcinoma in human colorectal tissue on H&E stain	shared
MOR-0165	signet ring cell colorectal carcinoma	H1_morphology	Mus_musculus	Histopathological feature: signet ring cell colorectal carcinoma in murine colorectal tissue on H&E stain	shared
MOR-0166	serrated morphology	H1_morphology	Homo_sapiens	Histopathological feature: serrated morphology in human colorectal tissue on H&E stain	shared
MOR-0166	serrated morphology	H1_morphology	Mus_musculus	Histopathological feature: serrated morphology in murine colorectal tissue on H&E stain	shared
MOR-0167	cribriform glandular pattern in colon	H1_morphology	Homo_sapiens	Histopathological feature: cribriform glandular pattern in colon in human colorectal tissue on H&E stain	shared
MOR-0167	cribriform glandular pattern in colon	H1_morphology	Mus_musculus	Histopathological feature: cribriform glandular pattern in colon in murine colorectal tissue on H&E stain	shared
MOR-0168	dirty necrosis in colorectal carcinoma	H1_morphology	Homo_sapiens	Histopathological feature: dirty necrosis in colorectal carcinoma in human colorectal tissue on H&E stain	shared
MOR-0168	dirty necrosis in colorectal carcinoma	H1_morphology	Mus_musculus	Histopathological feature: dirty necrosis in colorectal carcinoma in murine colorectal tissue on H&E stain	shared
MOR-0169	tumor budding low grade	H1_morphology	Homo_sapiens	Histopathological feature: tumor budding low grade in human colorectal tissue on H&E stain	shared
MOR-0169	tumor budding low grade	H1_morphology	Mus_musculus	Histopathological feature: tumor budding low grade in murine colorectal tissue on H&E stain	shared
MOR-0170	tumor budding high grade	H1_morphology	Homo_sapiens	Histopathological feature: tumor budding high grade in human colorectal tissue on H&E stain	shared
MOR-0170	tumor budding high grade	H1_morphology	Mus_musculus	Histopathological feature: tumor budding high grade in murine colorectal tissue on H&E stain	shared
MOR-0171	desmoplastic reaction in colon	H1_morphology	Homo_sapiens	Histopathological feature: desmoplastic reaction in colon in human colorectal tissue on H&E stain	shared
MOR-0171	desmoplastic reaction in colon	H1_morphology	Mus_musculus	Histopathological feature: desmoplastic reaction in colon in murine colorectal tissue on H&E stain	shared
MOR-0172	Crohn-like lymphoid reaction	H1_morphology	Homo_sapiens	Histopathological feature: Crohn-like lymphoid reaction in human colorectal tissue on H&E stain	shared
MOR-0172	Crohn-like lymphoid reaction	H1_morphology	Mus_musculus	Histopathological feature: Crohn-like lymphoid reaction in murine colorectal tissue on H&E stain	shared
MOR-0173	normal colonic mucosa	H1_morphology	Homo_sapiens	Histopathological feature: normal colonic mucosa in human colorectal tissue on H&E stain	shared
MOR-0173	normal colonic mucosa	H1_morphology	Mus_musculus	Histopathological feature: normal colonic mucosa in murine colorectal tissue on H&E stain	shared
MOR-0174	normal colonic goblet cells	H1_morphology	Homo_sapiens	Histopathological feature: normal colonic goblet cells in human colorectal tissue on H&E stain	shared
MOR-0174	normal colonic goblet cells	H1_morphology	Mus_musculus	Histopathological feature: normal colonic goblet cells in murine colorectal tissue on H&E stain	shared
MOR-0175	Paneth cell metaplasia	H1_morphology	Homo_sapiens	Histopathological feature: Paneth cell metaplasia in human colorectal tissue on H&E stain	shared
MOR-0175	Paneth cell metaplasia	H1_morphology	Mus_musculus	Histopathological feature: Paneth cell metaplasia in murine colorectal tissue on H&E stain	shared
MOR-0176	muscularis propria in colon	H1_morphology	Homo_sapiens	Histopathological feature: muscularis propria in colon in human colorectal tissue on H&E stain	shared
MOR-0176	muscularis propria in colon	H1_morphology	Mus_musculus	Histopathological feature: muscularis propria in colon in murine colorectal tissue on H&E stain	shared
MOR-0177	submucosal invasion in colon	H1_morphology	Homo_sapiens	Histopathological feature: submucosal invasion in colon in human colorectal tissue on H&E stain	shared
MOR-0177	submucosal invasion in colon	H1_morphology	Mus_musculus	Histopathological feature: submucosal invasion in colon in murine colorectal tissue on H&E stain	shared
MOR-0178	villous adenoma architecture	H1_morphology	Homo_sapiens	Histopathological feature: villous adenoma architecture in human colorectal tissue on H&E stain	shared
MOR-0178	villous adenoma architecture	H1_morphology	Mus_musculus	Histopathological feature: villous adenoma architecture in murine colorectal tissue on H&E stain	shared
MOR-0179	tubular adenoma architecture	H1_morphology	Homo_sapiens	Histopathological feature: tubular adenoma architecture in human colorectal tissue on H&E stain	shared
MOR-0179	tubular adenoma architecture	H1_morphology	Mus_musculus	Histopathological feature: tubular adenoma architecture in murine colorectal tissue on H&E stain	shared
MOR-0180	sessile serrated lesion	H1_morphology	Homo_sapiens	Histopathological feature: sessile serrated lesion in human colorectal tissue on H&E stain	shared
MOR-0180	sessile serrated lesion	H1_morphology	Mus_musculus	Histopathological feature: sessile serrated lesion in murine colorectal tissue on H&E stain	shared
MOR-0181	traditional serrated adenoma	H1_morphology	Homo_sapiens	Histopathological feature: traditional serrated adenoma in human colorectal tissue on H&E stain	shared
MOR-0181	traditional serrated adenoma	H1_morphology	Mus_musculus	Histopathological feature: traditional serrated adenoma in murine colorectal tissue on H&E stain	shared
MOR-0182	inflammatory bowel disease dysplasia	H1_morphology	Homo_sapiens	Histopathological feature: inflammatory bowel disease dysplasia in human colorectal tissue on H&E stain	shared
MOR-0182	inflammatory bowel disease dysplasia	H1_morphology	Mus_musculus	Histopathological feature: inflammatory bowel disease dysplasia in murine colorectal tissue on H&E stain	shared
MOR-0183	Gleason pattern 3 discrete glands	H1_morphology	Homo_sapiens	Histopathological feature: Gleason pattern 3 discrete glands in human prostate tissue on H&E stain	human_only
MOR-0183	Gleason pattern 3 discrete glands	H1_morphology	Mus_musculus	Histopathological feature: Gleason pattern 3 discrete glands in murine prostate tissue on H&E stain	human_only
MOR-0184	Gleason pattern 4 fused glands	H1_morphology	Homo_sapiens	Histopathological feature: Gleason pattern 4 fused glands in human prostate tissue on H&E stain	human_only
MOR-0184	Gleason pattern 4 fused glands	H1_morphology	Mus_musculus	Histopathological feature: Gleason pattern 4 fused glands in murine prostate tissue on H&E stain	human_only
MOR-0185	Gleason pattern 4 cribriform glands	H1_morphology	Homo_sapiens	Histopathological feature: Gleason pattern 4 cribriform glands in human prostate tissue on H&E stain	human_only
MOR-0185	Gleason pattern 4 cribriform glands	H1_morphology	Mus_musculus	Histopathological feature: Gleason pattern 4 cribriform glands in murine prostate tissue on H&E stain	human_only
MOR-0186	Gleason pattern 4 glomeruloid glands	H1_morphology	Homo_sapiens	Histopathological feature: Gleason pattern 4 glomeruloid glands in human prostate tissue on H&E stain	human_only
MOR-0186	Gleason pattern 4 glomeruloid glands	H1_morphology	Mus_musculus	Histopathological feature: Gleason pattern 4 glomeruloid glands in murine prostate tissue on H&E stain	human_only
MOR-0187	Gleason pattern 5 sheets and cords	H1_morphology	Homo_sapiens	Histopathological feature: Gleason pattern 5 sheets and cords in human prostate tissue on H&E stain	human_only
MOR-0187	Gleason pattern 5 sheets and cords	H1_morphology	Mus_musculus	Histopathological feature: Gleason pattern 5 sheets and cords in murine prostate tissue on H&E stain	human_only
MOR-0188	Gleason pattern 5 single cells	H1_morphology	Homo_sapiens	Histopathological feature: Gleason pattern 5 single cells in human prostate tissue on H&E stain	human_only
MOR-0188	Gleason pattern 5 single cells	H1_morphology	Mus_musculus	Histopathological feature: Gleason pattern 5 single cells in murine prostate tissue on H&E stain	human_only
MOR-0189	perineural invasion in prostate	H1_morphology	Homo_sapiens	Histopathological feature: perineural invasion in prostate in human prostate tissue on H&E stain	shared
MOR-0189	perineural invasion in prostate	H1_morphology	Mus_musculus	Histopathological feature: perineural invasion in prostate in murine prostate tissue on H&E stain	shared
MOR-0190	intraductal carcinoma of prostate	H1_morphology	Homo_sapiens	Histopathological feature: intraductal carcinoma of prostate in human prostate tissue on H&E stain	shared
MOR-0190	intraductal carcinoma of prostate	H1_morphology	Mus_musculus	Histopathological feature: intraductal carcinoma of prostate in murine prostate tissue on H&E stain	shared
MOR-0191	benign prostatic hyperplasia	H1_morphology	Homo_sapiens	Histopathological feature: benign prostatic hyperplasia in human prostate tissue on H&E stain	shared
MOR-0191	benign prostatic hyperplasia	H1_morphology	Mus_musculus	Histopathological feature: benign prostatic hyperplasia in murine prostate tissue on H&E stain	shared
MOR-0192	high-grade prostatic intraepithelial neoplasia	H1_morphology	Homo_sapiens	Histopathological feature: high-grade prostatic intraepithelial neoplasia in human prostate tissue on H&E stain	shared
MOR-0192	high-grade prostatic intraepithelial neoplasia	H1_morphology	Mus_musculus	Histopathological feature: high-grade prostatic intraepithelial neoplasia in murine prostate tissue on H&E stain	shared
MOR-0193	prostatic corpora amylacea	H1_morphology	Homo_sapiens	Histopathological feature: prostatic corpora amylacea in human prostate tissue on H&E stain	shared
MOR-0193	prostatic corpora amylacea	H1_morphology	Mus_musculus	Histopathological feature: prostatic corpora amylacea in murine prostate tissue on H&E stain	shared
MOR-0194	seminal vesicle epithelium	H1_morphology	Homo_sapiens	Histopathological feature: seminal vesicle epithelium in human prostate tissue on H&E stain	shared
MOR-0194	seminal vesicle epithelium	H1_morphology	Mus_musculus	Histopathological feature: seminal vesicle epithelium in murine prostate tissue on H&E stain	shared
MOR-0195	atrophic prostatic glands	H1_morphology	Homo_sapiens	Histopathological feature: atrophic prostatic glands in human prostate tissue on H&E stain	shared
MOR-0195	atrophic prostatic glands	H1_morphology	Mus_musculus	Histopathological feature: atrophic prostatic glands in murine prostate tissue on H&E stain	shared
MOR-0196	basal cell layer in prostate	H1_morphology	Homo_sapiens	Histopathological feature: basal cell layer in prostate in human prostate tissue on H&E stain	shared
MOR-0196	basal cell layer in prostate	H1_morphology	Mus_musculus	Histopathological feature: basal cell layer in prostate in murine prostate tissue on H&E stain	shared
MOR-0197	prostatic stromal hyperplasia	H1_morphology	Homo_sapiens	Histopathological feature: prostatic stromal hyperplasia in human prostate tissue on H&E stain	shared
MOR-0197	prostatic stromal hyperplasia	H1_morphology	Mus_musculus	Histopathological feature: prostatic stromal hyperplasia in murine prostate tissue on H&E stain	shared
MOR-0198	normal prostatic glandular epithelium	H1_morphology	Homo_sapiens	Histopathological feature: normal prostatic glandular epithelium in human prostate tissue on H&E stain	shared
MOR-0198	normal prostatic glandular epithelium	H1_morphology	Mus_musculus	Histopathological feature: normal prostatic glandular epithelium in murine prostate tissue on H&E stain	shared
MOR-0199	foamy gland carcinoma	H1_morphology	Homo_sapiens	Histopathological feature: foamy gland carcinoma in human prostate tissue on H&E stain	shared
MOR-0199	foamy gland carcinoma	H1_morphology	Mus_musculus	Histopathological feature: foamy gland carcinoma in murine prostate tissue on H&E stain	shared
MOR-0200	mucinous prostatic carcinoma	H1_morphology	Homo_sapiens	Histopathological feature: mucinous prostatic carcinoma in human prostate tissue on H&E stain	shared
MOR-0200	mucinous prostatic carcinoma	H1_morphology	Mus_musculus	Histopathological feature: mucinous prostatic carcinoma in murine prostate tissue on H&E stain	shared
MOR-0201	hepatocellular carcinoma trabecular pattern	H1_morphology	Homo_sapiens	Histopathological feature: hepatocellular carcinoma trabecular pattern in human liver tissue on H&E stain	shared
MOR-0201	hepatocellular carcinoma trabecular pattern	H1_morphology	Mus_musculus	Histopathological feature: hepatocellular carcinoma trabecular pattern in murine liver tissue on H&E stain	shared
MOR-0202	hepatocellular carcinoma pseudoglandular pattern	H1_morphology	Homo_sapiens	Histopathological feature: hepatocellular carcinoma pseudoglandular pattern in human liver tissue on H&E stain	shared
MOR-0202	hepatocellular carcinoma pseudoglandular pattern	H1_morphology	Mus_musculus	Histopathological feature: hepatocellular carcinoma pseudoglandular pattern in murine liver tissue on H&E stain	shared
MOR-0203	hepatocellular carcinoma solid pattern	H1_morphology	Homo_sapiens	Histopathological feature: hepatocellular carcinoma solid pattern in human liver tissue on H&E stain	shared
MOR-0203	hepatocellular carcinoma solid pattern	H1_morphology	Mus_musculus	Histopathological feature: hepatocellular carcinoma solid pattern in murine liver tissue on H&E stain	shared
MOR-0204	hepatocellular carcinoma scirrhous variant	H1_morphology	Homo_sapiens	Histopathological feature: hepatocellular carcinoma scirrhous variant in human liver tissue on H&E stain	shared
MOR-0204	hepatocellular carcinoma scirrhous variant	H1_morphology	Mus_musculus	Histopathological feature: hepatocellular carcinoma scirrhous variant in murine liver tissue on H&E stain	shared
MOR-0205	steatohepatitic hepatocellular carcinoma	H1_morphology	Homo_sapiens	Histopathological feature: steatohepatitic hepatocellular carcinoma in human liver tissue on H&E stain	shared
MOR-0205	steatohepatitic hepatocellular carcinoma	H1_morphology	Mus_musculus	Histopathological feature: steatohepatitic hepatocellular carcinoma in murine liver tissue on H&E stain	shared
MOR-0206	Mallory-Denk bodies	H1_morphology	Homo_sapiens	Histopathological feature: Mallory-Denk bodies in human liver tissue on H&E stain	shared
MOR-0206	Mallory-Denk bodies	H1_morphology	Mus_musculus	Histopathological feature: Mallory-Denk bodies in murine liver tissue on H&E stain	shared
MOR-0207	bile production in tumor	H1_morphology	Homo_sapiens	Histopathological feature: bile production in tumor in human liver tissue on H&E stain	shared
MOR-0207	bile production in tumor	H1_morphology	Mus_musculus	Histopathological feature: bile production in tumor in murine liver tissue on H&E stain	shared
MOR-0208	intrahepatic cholangiocarcinoma	H1_morphology	Homo_sapiens	Histopathological feature: intrahepatic cholangiocarcinoma in human liver tissue on H&E stain	shared
MOR-0208	intrahepatic cholangiocarcinoma	H1_morphology	Mus_musculus	Histopathological feature: intrahepatic cholangiocarcinoma in murine liver tissue on H&E stain	shared
MOR-0209	normal hepatic lobule architecture	H1_morphology	Homo_sapiens	Histopathological feature: normal hepatic lobule architecture in human liver tissue on H&E stain	shared
MOR-0209	normal hepatic lobule architecture	H1_morphology	Mus_musculus	Histopathological feature: normal hepatic lobule architecture in murine liver tissue on H&E stain	shared
MOR-0210	portal tract with triad	H1_morphology	Homo_sapiens	Histopathological feature: portal tract with triad in human liver tissue on H&E stain	shared
MOR-0210	portal tract with triad	H1_morphology	Mus_musculus	Histopathological feature: portal tract with triad in murine liver tissue on H&E stain	shared
MOR-0211	central vein region	H1_morphology	Homo_sapiens	Histopathological feature: central vein region in human liver tissue on H&E stain	shared
MOR-0211	central vein region	H1_morphology	Mus_musculus	Histopathological feature: central vein region in murine liver tissue on H&E stain	shared
MOR-0212	sinusoidal dilatation	H1_morphology	Homo_sapiens	Histopathological feature: sinusoidal dilatation in human liver tissue on H&E stain	shared
MOR-0212	sinusoidal dilatation	H1_morphology	Mus_musculus	Histopathological feature: sinusoidal dilatation in murine liver tissue on H&E stain	shared
MOR-0213	cirrhotic nodule	H1_morphology	Homo_sapiens	Histopathological feature: cirrhotic nodule in human liver tissue on H&E stain	shared
MOR-0213	cirrhotic nodule	H1_morphology	Mus_musculus	Histopathological feature: cirrhotic nodule in murine liver tissue on H&E stain	shared
MOR-0214	macrovesicular steatosis	H1_morphology	Homo_sapiens	Histopathological feature: macrovesicular steatosis in human liver tissue on H&E stain	shared
MOR-0214	macrovesicular steatosis	H1_morphology	Mus_musculus	Histopathological feature: macrovesicular steatosis in murine liver tissue on H&E stain	shared
MOR-0215	hepatocyte ballooning degeneration	H1_morphology	Homo_sapiens	Histopathological feature: hepatocyte ballooning degeneration in human liver tissue on H&E stain	shared
MOR-0215	hepatocyte ballooning degeneration	H1_morphology	Mus_musculus	Histopathological feature: hepatocyte ballooning degeneration in murine liver tissue on H&E stain	shared
MOR-0216	ductular reaction	H1_morphology	Homo_sapiens	Histopathological feature: ductular reaction in human liver tissue on H&E stain	shared
MOR-0216	ductular reaction	H1_morphology	Mus_musculus	Histopathological feature: ductular reaction in murine liver tissue on H&E stain	shared
MOR-0217	bridging fibrosis	H1_morphology	Homo_sapiens	Histopathological feature: bridging fibrosis in human liver tissue on H&E stain	shared
MOR-0217	bridging fibrosis	H1_morphology	Mus_musculus	Histopathological feature: bridging fibrosis in murine liver tissue on H&E stain	shared
MOR-0218	cholestasis	H1_morphology	Homo_sapiens	Histopathological feature: cholestasis in human liver tissue on H&E stain	shared
MOR-0218	cholestasis	H1_morphology	Mus_musculus	Histopathological feature: cholestasis in murine liver tissue on H&E stain	shared
MOR-0219	clear cell renal cell carcinoma alveolar pattern	H1_morphology	Homo_sapiens	Histopathological feature: clear cell renal cell carcinoma alveolar pattern in human kidney tissue on H&E stain	shared
MOR-0219	clear cell renal cell carcinoma alveolar pattern	H1_morphology	Mus_musculus	Histopathological feature: clear cell renal cell carcinoma alveolar pattern in murine kidney tissue on H&E stain	shared
MOR-0220	clear cell renal cell carcinoma solid pattern	H1_morphology	Homo_sapiens	Histopathological feature: clear cell renal cell carcinoma solid pattern in human kidney tissue on H&E stain	shared
MOR-0220	clear cell renal cell carcinoma solid pattern	H1_morphology	Mus_musculus	Histopathological feature: clear cell renal cell carcinoma solid pattern in murine kidney tissue on H&E stain	shared
MOR-0221	papillary renal cell carcinoma type 1	H1_morphology	Homo_sapiens	Histopathological feature: papillary renal cell carcinoma type 1 in human kidney tissue on H&E stain	shared
MOR-0221	papillary renal cell carcinoma type 1	H1_morphology	Mus_musculus	Histopathological feature: papillary renal cell carcinoma type 1 in murine kidney tissue on H&E stain	shared
MOR-0222	papillary renal cell carcinoma type 2	H1_morphology	Homo_sapiens	Histopathological feature: papillary renal cell carcinoma type 2 in human kidney tissue on H&E stain	shared
MOR-0222	papillary renal cell carcinoma type 2	H1_morphology	Mus_musculus	Histopathological feature: papillary renal cell carcinoma type 2 in murine kidney tissue on H&E stain	shared
MOR-0223	chromophobe renal cell carcinoma	H1_morphology	Homo_sapiens	Histopathological feature: chromophobe renal cell carcinoma in human kidney tissue on H&E stain	shared
MOR-0223	chromophobe renal cell carcinoma	H1_morphology	Mus_musculus	Histopathological feature: chromophobe renal cell carcinoma in murine kidney tissue on H&E stain	shared
MOR-0224	sarcomatoid renal differentiation	H1_morphology	Homo_sapiens	Histopathological feature: sarcomatoid renal differentiation in human kidney tissue on H&E stain	shared
MOR-0224	sarcomatoid renal differentiation	H1_morphology	Mus_musculus	Histopathological feature: sarcomatoid renal differentiation in murine kidney tissue on H&E stain	shared
MOR-0225	rhabdoid renal features	H1_morphology	Homo_sapiens	Histopathological feature: rhabdoid renal features in human kidney tissue on H&E stain	shared
MOR-0225	rhabdoid renal features	H1_morphology	Mus_musculus	Histopathological feature: rhabdoid renal features in murine kidney tissue on H&E stain	shared
MOR-0226	collecting duct carcinoma	H1_morphology	Homo_sapiens	Histopathological feature: collecting duct carcinoma in human kidney tissue on H&E stain	shared
MOR-0226	collecting duct carcinoma	H1_morphology	Mus_musculus	Histopathological feature: collecting duct carcinoma in murine kidney tissue on H&E stain	shared
MOR-0227	oncocytoma morphology	H1_morphology	Homo_sapiens	Histopathological feature: oncocytoma morphology in human kidney tissue on H&E stain	shared
MOR-0227	oncocytoma morphology	H1_morphology	Mus_musculus	Histopathological feature: oncocytoma morphology in murine kidney tissue on H&E stain	shared
MOR-0228	normal glomerulus	H1_morphology	Homo_sapiens	Histopathological feature: normal glomerulus in human kidney tissue on H&E stain	shared
MOR-0228	normal glomerulus	H1_morphology	Mus_musculus	Histopathological feature: normal glomerulus in murine kidney tissue on H&E stain	shared
MOR-0229	normal proximal tubule epithelium	H1_morphology	Homo_sapiens	Histopathological feature: normal proximal tubule epithelium in human kidney tissue on H&E stain	shared
MOR-0229	normal proximal tubule epithelium	H1_morphology	Mus_musculus	Histopathological feature: normal proximal tubule epithelium in murine kidney tissue on H&E stain	shared
MOR-0230	normal distal tubule epithelium	H1_morphology	Homo_sapiens	Histopathological feature: normal distal tubule epithelium in human kidney tissue on H&E stain	shared
MOR-0230	normal distal tubule epithelium	H1_morphology	Mus_musculus	Histopathological feature: normal distal tubule epithelium in murine kidney tissue on H&E stain	shared
MOR-0231	renal interstitial fibrosis	H1_morphology	Homo_sapiens	Histopathological feature: renal interstitial fibrosis in human kidney tissue on H&E stain	shared
MOR-0231	renal interstitial fibrosis	H1_morphology	Mus_musculus	Histopathological feature: renal interstitial fibrosis in murine kidney tissue on H&E stain	shared
MOR-0232	renal medulla	H1_morphology	Homo_sapiens	Histopathological feature: renal medulla in human kidney tissue on H&E stain	shared
MOR-0232	renal medulla	H1_morphology	Mus_musculus	Histopathological feature: renal medulla in murine kidney tissue on H&E stain	shared
MOR-0233	glomerulosclerosis	H1_morphology	Homo_sapiens	Histopathological feature: glomerulosclerosis in human kidney tissue on H&E stain	shared
MOR-0233	glomerulosclerosis	H1_morphology	Mus_musculus	Histopathological feature: glomerulosclerosis in murine kidney tissue on H&E stain	shared
MOR-0234	intestinal-type gastric adenocarcinoma	H1_morphology	Homo_sapiens	Histopathological feature: intestinal-type gastric adenocarcinoma in human stomach tissue on H&E stain	shared
MOR-0234	intestinal-type gastric adenocarcinoma	H1_morphology	Mus_musculus	Histopathological feature: intestinal-type gastric adenocarcinoma in murine stomach tissue on H&E stain	shared
MOR-0235	diffuse-type gastric adenocarcinoma	H1_morphology	Homo_sapiens	Histopathological feature: diffuse-type gastric adenocarcinoma in human stomach tissue on H&E stain	shared
MOR-0235	diffuse-type gastric adenocarcinoma	H1_morphology	Mus_musculus	Histopathological feature: diffuse-type gastric adenocarcinoma in murine stomach tissue on H&E stain	shared
MOR-0236	signet ring cell gastric carcinoma	H1_morphology	Homo_sapiens	Histopathological feature: signet ring cell gastric carcinoma in human stomach tissue on H&E stain	shared
MOR-0236	signet ring cell gastric carcinoma	H1_morphology	Mus_musculus	Histopathological feature: signet ring cell gastric carcinoma in murine stomach tissue on H&E stain	shared
MOR-0237	mucinous gastric carcinoma	H1_morphology	Homo_sapiens	Histopathological feature: mucinous gastric carcinoma in human stomach tissue on H&E stain	shared
MOR-0237	mucinous gastric carcinoma	H1_morphology	Mus_musculus	Histopathological feature: mucinous gastric carcinoma in murine stomach tissue on H&E stain	shared
MOR-0238	EBV-associated lymphoepithelioma-like gastric carcinoma	H1_morphology	Homo_sapiens	Histopathological feature: EBV-associated lymphoepithelioma-like gastric carcinoma in human stomach tissue on H&E stain	shared
MOR-0238	EBV-associated lymphoepithelioma-like gastric carcinoma	H1_morphology	Mus_musculus	Histopathological feature: EBV-associated lymphoepithelioma-like gastric carcinoma in murine stomach tissue on H&E stain	shared
MOR-0239	MSI-high gastric carcinoma with dense TILs	H1_morphology	Homo_sapiens	Histopathological feature: MSI-high gastric carcinoma with dense TILs in human stomach tissue on H&E stain	shared
MOR-0239	MSI-high gastric carcinoma with dense TILs	H1_morphology	Mus_musculus	Histopathological feature: MSI-high gastric carcinoma with dense TILs in murine stomach tissue on H&E stain	shared
MOR-0240	normal gastric foveolar epithelium	H1_morphology	Homo_sapiens	Histopathological feature: normal gastric foveolar epithelium in human stomach tissue on H&E stain	shared
MOR-0240	normal gastric foveolar epithelium	H1_morphology	Mus_musculus	Histopathological feature: normal gastric foveolar epithelium in murine stomach tissue on H&E stain	shared
MOR-0241	normal fundic gland mucosa	H1_morphology	Homo_sapiens	Histopathological feature: normal fundic gland mucosa in human stomach tissue on H&E stain	shared
MOR-0241	normal fundic gland mucosa	H1_morphology	Mus_musculus	Histopathological feature: normal fundic gland mucosa in murine stomach tissue on H&E stain	shared
MOR-0242	normal pyloric gland mucosa	H1_morphology	Homo_sapiens	Histopathological feature: normal pyloric gland mucosa in human stomach tissue on H&E stain	shared
MOR-0242	normal pyloric gland mucosa	H1_morphology	Mus_musculus	Histopathological feature: normal pyloric gland mucosa in murine stomach tissue on H&E stain	shared
MOR-0243	intestinal metaplasia in stomach	H1_morphology	Homo_sapiens	Histopathological feature: intestinal metaplasia in stomach in human stomach tissue on H&E stain	shared
MOR-0243	intestinal metaplasia in stomach	H1_morphology	Mus_musculus	Histopathological feature: intestinal metaplasia in stomach in murine stomach tissue on H&E stain	shared
MOR-0244	chronic active gastritis	H1_morphology	Homo_sapiens	Histopathological feature: chronic active gastritis in human stomach tissue on H&E stain	shared
MOR-0244	chronic active gastritis	H1_morphology	Mus_musculus	Histopathological feature: chronic active gastritis in murine stomach tissue on H&E stain	shared
MOR-0245	Helicobacter-associated gastritis	H1_morphology	Homo_sapiens	Histopathological feature: Helicobacter-associated gastritis in human stomach tissue on H&E stain	shared
MOR-0245	Helicobacter-associated gastritis	H1_morphology	Mus_musculus	Histopathological feature: Helicobacter-associated gastritis in murine stomach tissue on H&E stain	shared
MOR-0246	gastric dysplasia	H1_morphology	Homo_sapiens	Histopathological feature: gastric dysplasia in human stomach tissue on H&E stain	shared
MOR-0246	gastric dysplasia	H1_morphology	Mus_musculus	Histopathological feature: gastric dysplasia in murine stomach tissue on H&E stain	shared
MOR-0247	gastric GIST spindle cell	H1_morphology	Homo_sapiens	Histopathological feature: gastric GIST spindle cell in human stomach tissue on H&E stain	shared
MOR-0247	gastric GIST spindle cell	H1_morphology	Mus_musculus	Histopathological feature: gastric GIST spindle cell in murine stomach tissue on H&E stain	shared
MOR-0248	gastric neuroendocrine tumor	H1_morphology	Homo_sapiens	Histopathological feature: gastric neuroendocrine tumor in human stomach tissue on H&E stain	shared
MOR-0248	gastric neuroendocrine tumor	H1_morphology	Mus_musculus	Histopathological feature: gastric neuroendocrine tumor in murine stomach tissue on H&E stain	shared
MOR-0249	gastric lymphoma MALT pattern	H1_morphology	Homo_sapiens	Histopathological feature: gastric lymphoma MALT pattern in human stomach tissue on H&E stain	shared
MOR-0249	gastric lymphoma MALT pattern	H1_morphology	Mus_musculus	Histopathological feature: gastric lymphoma MALT pattern in murine stomach tissue on H&E stain	shared
MOR-0250	high-grade serous ovarian carcinoma papillary pattern	H1_morphology	Homo_sapiens	Histopathological feature: high-grade serous ovarian carcinoma papillary pattern in human ovary tissue on H&E stain	shared
MOR-0250	high-grade serous ovarian carcinoma papillary pattern	H1_morphology	Mus_musculus	Histopathological feature: high-grade serous ovarian carcinoma papillary pattern in murine ovary tissue on H&E stain	shared
MOR-0251	high-grade serous ovarian carcinoma solid pattern	H1_morphology	Homo_sapiens	Histopathological feature: high-grade serous ovarian carcinoma solid pattern in human ovary tissue on H&E stain	shared
MOR-0251	high-grade serous ovarian carcinoma solid pattern	H1_morphology	Mus_musculus	Histopathological feature: high-grade serous ovarian carcinoma solid pattern in murine ovary tissue on H&E stain	shared
MOR-0252	high-grade serous ovarian carcinoma SET pattern	H1_morphology	Homo_sapiens	Histopathological feature: high-grade serous ovarian carcinoma SET pattern in human ovary tissue on H&E stain	shared
MOR-0252	high-grade serous ovarian carcinoma SET pattern	H1_morphology	Mus_musculus	Histopathological feature: high-grade serous ovarian carcinoma SET pattern in murine ovary tissue on H&E stain	shared
MOR-0253	clear cell ovarian carcinoma hobnail pattern	H1_morphology	Homo_sapiens	Histopathological feature: clear cell ovarian carcinoma hobnail pattern in human ovary tissue on H&E stain	shared
MOR-0253	clear cell ovarian carcinoma hobnail pattern	H1_morphology	Mus_musculus	Histopathological feature: clear cell ovarian carcinoma hobnail pattern in murine ovary tissue on H&E stain	shared
MOR-0254	endometrioid ovarian carcinoma	H1_morphology	Homo_sapiens	Histopathological feature: endometrioid ovarian carcinoma in human ovary tissue on H&E stain	shared
MOR-0254	endometrioid ovarian carcinoma	H1_morphology	Mus_musculus	Histopathological feature: endometrioid ovarian carcinoma in murine ovary tissue on H&E stain	shared
MOR-0255	mucinous ovarian carcinoma	H1_morphology	Homo_sapiens	Histopathological feature: mucinous ovarian carcinoma in human ovary tissue on H&E stain	shared
MOR-0255	mucinous ovarian carcinoma	H1_morphology	Mus_musculus	Histopathological feature: mucinous ovarian carcinoma in murine ovary tissue on H&E stain	shared
MOR-0256	serous tubal intraepithelial carcinoma	H1_morphology	Homo_sapiens	Histopathological feature: serous tubal intraepithelial carcinoma in human ovary tissue on H&E stain	human_only
MOR-0256	serous tubal intraepithelial carcinoma	H1_morphology	Mus_musculus	Histopathological feature: serous tubal intraepithelial carcinoma in murine ovary tissue on H&E stain	human_only
MOR-0257	ovarian granulosa cell tumor	H1_morphology	Homo_sapiens	Histopathological feature: ovarian granulosa cell tumor in human ovary tissue on H&E stain	shared
MOR-0257	ovarian granulosa cell tumor	H1_morphology	Mus_musculus	Histopathological feature: ovarian granulosa cell tumor in murine ovary tissue on H&E stain	shared
MOR-0258	normal ovarian cortical stroma	H1_morphology	Homo_sapiens	Histopathological feature: normal ovarian cortical stroma in human ovary tissue on H&E stain	shared
MOR-0258	normal ovarian cortical stroma	H1_morphology	Mus_musculus	Histopathological feature: normal ovarian cortical stroma in murine ovary tissue on H&E stain	shared
MOR-0259	normal fallopian tube epithelium	H1_morphology	Homo_sapiens	Histopathological feature: normal fallopian tube epithelium in human ovary tissue on H&E stain	shared
MOR-0259	normal fallopian tube epithelium	H1_morphology	Mus_musculus	Histopathological feature: normal fallopian tube epithelium in murine ovary tissue on H&E stain	shared
MOR-0260	ovarian serous borderline tumor	H1_morphology	Homo_sapiens	Histopathological feature: ovarian serous borderline tumor in human ovary tissue on H&E stain	shared
MOR-0260	ovarian serous borderline tumor	H1_morphology	Mus_musculus	Histopathological feature: ovarian serous borderline tumor in murine ovary tissue on H&E stain	shared
MOR-0261	Brenner tumor morphology	H1_morphology	Homo_sapiens	Histopathological feature: Brenner tumor morphology in human ovary tissue on H&E stain	shared
MOR-0261	Brenner tumor morphology	H1_morphology	Mus_musculus	Histopathological feature: Brenner tumor morphology in murine ovary tissue on H&E stain	shared
MOR-0262	ovarian fibroma	H1_morphology	Homo_sapiens	Histopathological feature: ovarian fibroma in human ovary tissue on H&E stain	shared
MOR-0262	ovarian fibroma	H1_morphology	Mus_musculus	Histopathological feature: ovarian fibroma in murine ovary tissue on H&E stain	shared
MOR-0263	mature cystic teratoma	H1_morphology	Homo_sapiens	Histopathological feature: mature cystic teratoma in human ovary tissue on H&E stain	shared
MOR-0263	mature cystic teratoma	H1_morphology	Mus_musculus	Histopathological feature: mature cystic teratoma in murine ovary tissue on H&E stain	shared
MOR-0264	endometriotic cyst lining	H1_morphology	Homo_sapiens	Histopathological feature: endometriotic cyst lining in human ovary tissue on H&E stain	shared
MOR-0264	endometriotic cyst lining	H1_morphology	Mus_musculus	Histopathological feature: endometriotic cyst lining in murine ovary tissue on H&E stain	shared
MOR-0265	endometrioid adenocarcinoma glandular pattern	H1_morphology	Homo_sapiens	Histopathological feature: endometrioid adenocarcinoma glandular pattern in human uterus tissue on H&E stain	shared
MOR-0265	endometrioid adenocarcinoma glandular pattern	H1_morphology	Mus_musculus	Histopathological feature: endometrioid adenocarcinoma glandular pattern in murine uterus tissue on H&E stain	shared
MOR-0266	endometrioid adenocarcinoma villoglandular pattern	H1_morphology	Homo_sapiens	Histopathological feature: endometrioid adenocarcinoma villoglandular pattern in human uterus tissue on H&E stain	shared
MOR-0266	endometrioid adenocarcinoma villoglandular pattern	H1_morphology	Mus_musculus	Histopathological feature: endometrioid adenocarcinoma villoglandular pattern in murine uterus tissue on H&E stain	shared
MOR-0267	serous endometrial carcinoma	H1_morphology	Homo_sapiens	Histopathological feature: serous endometrial carcinoma in human uterus tissue on H&E stain	shared
MOR-0267	serous endometrial carcinoma	H1_morphology	Mus_musculus	Histopathological feature: serous endometrial carcinoma in murine uterus tissue on H&E stain	shared
MOR-0268	clear cell endometrial carcinoma	H1_morphology	Homo_sapiens	Histopathological feature: clear cell endometrial carcinoma in human uterus tissue on H&E stain	shared
MOR-0268	clear cell endometrial carcinoma	H1_morphology	Mus_musculus	Histopathological feature: clear cell endometrial carcinoma in murine uterus tissue on H&E stain	shared
MOR-0269	squamous differentiation in endometrial carcinoma	H1_morphology	Homo_sapiens	Histopathological feature: squamous differentiation in endometrial carcinoma in human uterus tissue on H&E stain	shared
MOR-0269	squamous differentiation in endometrial carcinoma	H1_morphology	Mus_musculus	Histopathological feature: squamous differentiation in endometrial carcinoma in murine uterus tissue on H&E stain	shared
MOR-0270	endometrial stromal sarcoma	H1_morphology	Homo_sapiens	Histopathological feature: endometrial stromal sarcoma in human uterus tissue on H&E stain	shared
MOR-0270	endometrial stromal sarcoma	H1_morphology	Mus_musculus	Histopathological feature: endometrial stromal sarcoma in murine uterus tissue on H&E stain	shared
MOR-0271	normal proliferative endometrium	H1_morphology	Homo_sapiens	Histopathological feature: normal proliferative endometrium in human uterus tissue on H&E stain	shared
MOR-0271	normal proliferative endometrium	H1_morphology	Mus_musculus	Histopathological feature: normal proliferative endometrium in murine uterus tissue on H&E stain	shared
MOR-0272	normal secretory endometrium	H1_morphology	Homo_sapiens	Histopathological feature: normal secretory endometrium in human uterus tissue on H&E stain	shared
MOR-0272	normal secretory endometrium	H1_morphology	Mus_musculus	Histopathological feature: normal secretory endometrium in murine uterus tissue on H&E stain	shared
MOR-0273	endometrial polyp	H1_morphology	Homo_sapiens	Histopathological feature: endometrial polyp in human uterus tissue on H&E stain	shared
MOR-0273	endometrial polyp	H1_morphology	Mus_musculus	Histopathological feature: endometrial polyp in murine uterus tissue on H&E stain	shared
MOR-0274	myometrial invasion by carcinoma	H1_morphology	Homo_sapiens	Histopathological feature: myometrial invasion by carcinoma in human uterus tissue on H&E stain	shared
MOR-0274	myometrial invasion by carcinoma	H1_morphology	Mus_musculus	Histopathological feature: myometrial invasion by carcinoma in murine uterus tissue on H&E stain	shared
MOR-0275	atypical endometrial hyperplasia	H1_morphology	Homo_sapiens	Histopathological feature: atypical endometrial hyperplasia in human uterus tissue on H&E stain	shared
MOR-0275	atypical endometrial hyperplasia	H1_morphology	Mus_musculus	Histopathological feature: atypical endometrial hyperplasia in murine uterus tissue on H&E stain	shared
MOR-0276	leiomyoma smooth muscle morphology	H1_morphology	Homo_sapiens	Histopathological feature: leiomyoma smooth muscle morphology in human uterus tissue on H&E stain	shared
MOR-0276	leiomyoma smooth muscle morphology	H1_morphology	Mus_musculus	Histopathological feature: leiomyoma smooth muscle morphology in murine uterus tissue on H&E stain	shared
MOR-0277	papillary urothelial carcinoma	H1_morphology	Homo_sapiens	Histopathological feature: papillary urothelial carcinoma in human bladder tissue on H&E stain	shared
MOR-0277	papillary urothelial carcinoma	H1_morphology	Mus_musculus	Histopathological feature: papillary urothelial carcinoma in murine bladder tissue on H&E stain	shared
MOR-0278	solid urothelial carcinoma	H1_morphology	Homo_sapiens	Histopathological feature: solid urothelial carcinoma in human bladder tissue on H&E stain	shared
MOR-0278	solid urothelial carcinoma	H1_morphology	Mus_musculus	Histopathological feature: solid urothelial carcinoma in murine bladder tissue on H&E stain	shared
MOR-0279	micropapillary urothelial carcinoma	H1_morphology	Homo_sapiens	Histopathological feature: micropapillary urothelial carcinoma in human bladder tissue on H&E stain	shared
MOR-0279	micropapillary urothelial carcinoma	H1_morphology	Mus_musculus	Histopathological feature: micropapillary urothelial carcinoma in murine bladder tissue on H&E stain	shared
MOR-0280	nested variant urothelial carcinoma	H1_morphology	Homo_sapiens	Histopathological feature: nested variant urothelial carcinoma in human bladder tissue on H&E stain	shared
MOR-0280	nested variant urothelial carcinoma	H1_morphology	Mus_musculus	Histopathological feature: nested variant urothelial carcinoma in murine bladder tissue on H&E stain	shared
MOR-0281	plasmacytoid urothelial carcinoma	H1_morphology	Homo_sapiens	Histopathological feature: plasmacytoid urothelial carcinoma in human bladder tissue on H&E stain	shared
MOR-0281	plasmacytoid urothelial carcinoma	H1_morphology	Mus_musculus	Histopathological feature: plasmacytoid urothelial carcinoma in murine bladder tissue on H&E stain	shared
MOR-0282	squamous differentiation in urothelial carcinoma	H1_morphology	Homo_sapiens	Histopathological feature: squamous differentiation in urothelial carcinoma in human bladder tissue on H&E stain	shared
MOR-0282	squamous differentiation in urothelial carcinoma	H1_morphology	Mus_musculus	Histopathological feature: squamous differentiation in urothelial carcinoma in murine bladder tissue on H&E stain	shared
MOR-0283	glandular differentiation in urothelial carcinoma	H1_morphology	Homo_sapiens	Histopathological feature: glandular differentiation in urothelial carcinoma in human bladder tissue on H&E stain	shared
MOR-0283	glandular differentiation in urothelial carcinoma	H1_morphology	Mus_musculus	Histopathological feature: glandular differentiation in urothelial carcinoma in murine bladder tissue on H&E stain	shared
MOR-0284	urothelial carcinoma in situ	H1_morphology	Homo_sapiens	Histopathological feature: urothelial carcinoma in situ in human bladder tissue on H&E stain	shared
MOR-0284	urothelial carcinoma in situ	H1_morphology	Mus_musculus	Histopathological feature: urothelial carcinoma in situ in murine bladder tissue on H&E stain	shared
MOR-0285	normal urothelium	H1_morphology	Homo_sapiens	Histopathological feature: normal urothelium in human bladder tissue on H&E stain	shared
MOR-0285	normal urothelium	H1_morphology	Mus_musculus	Histopathological feature: normal urothelium in murine bladder tissue on H&E stain	shared
MOR-0286	lamina propria invasion	H1_morphology	Homo_sapiens	Histopathological feature: lamina propria invasion in human bladder tissue on H&E stain	shared
MOR-0286	lamina propria invasion	H1_morphology	Mus_musculus	Histopathological feature: lamina propria invasion in murine bladder tissue on H&E stain	shared
MOR-0287	muscularis propria invasion in bladder	H1_morphology	Homo_sapiens	Histopathological feature: muscularis propria invasion in bladder in human bladder tissue on H&E stain	shared
MOR-0287	muscularis propria invasion in bladder	H1_morphology	Mus_musculus	Histopathological feature: muscularis propria invasion in bladder in murine bladder tissue on H&E stain	shared
MOR-0288	inverted papilloma morphology	H1_morphology	Homo_sapiens	Histopathological feature: inverted papilloma morphology in human bladder tissue on H&E stain	shared
MOR-0288	inverted papilloma morphology	H1_morphology	Mus_musculus	Histopathological feature: inverted papilloma morphology in murine bladder tissue on H&E stain	shared
MOR-0289	keratinizing squamous cell carcinoma of head and neck	H1_morphology	Homo_sapiens	Histopathological feature: keratinizing squamous cell carcinoma of head and neck in human head_neck tissue on H&E stain	shared
MOR-0289	keratinizing squamous cell carcinoma of head and neck	H1_morphology	Mus_musculus	Histopathological feature: keratinizing squamous cell carcinoma of head and neck in murine head_neck tissue on H&E stain	shared
MOR-0290	non-keratinizing squamous cell carcinoma of head and neck	H1_morphology	Homo_sapiens	Histopathological feature: non-keratinizing squamous cell carcinoma of head and neck in human head_neck tissue on H&E stain	shared
MOR-0290	non-keratinizing squamous cell carcinoma of head and neck	H1_morphology	Mus_musculus	Histopathological feature: non-keratinizing squamous cell carcinoma of head and neck in murine head_neck tissue on H&E stain	shared
MOR-0291	basaloid squamous cell carcinoma of head and neck	H1_morphology	Homo_sapiens	Histopathological feature: basaloid squamous cell carcinoma of head and neck in human head_neck tissue on H&E stain	shared
MOR-0291	basaloid squamous cell carcinoma of head and neck	H1_morphology	Mus_musculus	Histopathological feature: basaloid squamous cell carcinoma of head and neck in murine head_neck tissue on H&E stain	shared
MOR-0292	papillary squamous cell carcinoma	H1_morphology	Homo_sapiens	Histopathological feature: papillary squamous cell carcinoma in human head_neck tissue on H&E stain	shared
MOR-0292	papillary squamous cell carcinoma	H1_morphology	Mus_musculus	Histopathological feature: papillary squamous cell carcinoma in murine head_neck tissue on H&E stain	shared
MOR-0293	lymphoepithelial carcinoma	H1_morphology	Homo_sapiens	Histopathological feature: lymphoepithelial carcinoma in human head_neck tissue on H&E stain	shared
MOR-0293	lymphoepithelial carcinoma	H1_morphology	Mus_musculus	Histopathological feature: lymphoepithelial carcinoma in murine head_neck tissue on H&E stain	shared
MOR-0294	normal oropharyngeal squamous mucosa	H1_morphology	Homo_sapiens	Histopathological feature: normal oropharyngeal squamous mucosa in human head_neck tissue on H&E stain	shared
MOR-0294	normal oropharyngeal squamous mucosa	H1_morphology	Mus_musculus	Histopathological feature: normal oropharyngeal squamous mucosa in murine head_neck tissue on H&E stain	shared
MOR-0295	salivary gland serous acini	H1_morphology	Homo_sapiens	Histopathological feature: salivary gland serous acini in human head_neck tissue on H&E stain	shared
MOR-0295	salivary gland serous acini	H1_morphology	Mus_musculus	Histopathological feature: salivary gland serous acini in murine head_neck tissue on H&E stain	shared
MOR-0296	salivary gland mucinous acini	H1_morphology	Homo_sapiens	Histopathological feature: salivary gland mucinous acini in human head_neck tissue on H&E stain	shared
MOR-0296	salivary gland mucinous acini	H1_morphology	Mus_musculus	Histopathological feature: salivary gland mucinous acini in murine head_neck tissue on H&E stain	shared
MOR-0297	adenoid cystic carcinoma cribriform pattern	H1_morphology	Homo_sapiens	Histopathological feature: adenoid cystic carcinoma cribriform pattern in human head_neck tissue on H&E stain	shared
MOR-0297	adenoid cystic carcinoma cribriform pattern	H1_morphology	Mus_musculus	Histopathological feature: adenoid cystic carcinoma cribriform pattern in murine head_neck tissue on H&E stain	shared
MOR-0298	mucoepidermoid carcinoma	H1_morphology	Homo_sapiens	Histopathological feature: mucoepidermoid carcinoma in human head_neck tissue on H&E stain	shared
MOR-0298	mucoepidermoid carcinoma	H1_morphology	Mus_musculus	Histopathological feature: mucoepidermoid carcinoma in murine head_neck tissue on H&E stain	shared
MOR-0299	pleomorphic adenoma	H1_morphology	Homo_sapiens	Histopathological feature: pleomorphic adenoma in human head_neck tissue on H&E stain	shared
MOR-0299	pleomorphic adenoma	H1_morphology	Mus_musculus	Histopathological feature: pleomorphic adenoma in murine head_neck tissue on H&E stain	shared
MOR-0300	extranodal extension in lymph node	H1_morphology	Homo_sapiens	Histopathological feature: extranodal extension in lymph node in human head_neck tissue on H&E stain	shared
MOR-0300	extranodal extension in lymph node	H1_morphology	Mus_musculus	Histopathological feature: extranodal extension in lymph node in murine head_neck tissue on H&E stain	shared
MOR-0301	epithelioid melanoma cells	H1_morphology	Homo_sapiens	Histopathological feature: epithelioid melanoma cells in human skin tissue on H&E stain	shared
MOR-0301	epithelioid melanoma cells	H1_morphology	Mus_musculus	Histopathological feature: epithelioid melanoma cells in murine skin tissue on H&E stain	shared
MOR-0302	spindle cell melanoma	H1_morphology	Homo_sapiens	Histopathological feature: spindle cell melanoma in human skin tissue on H&E stain	shared
MOR-0302	spindle cell melanoma	H1_morphology	Mus_musculus	Histopathological feature: spindle cell melanoma in murine skin tissue on H&E stain	shared
MOR-0303	melanin pigment in tumor	H1_morphology	Homo_sapiens	Histopathological feature: melanin pigment in tumor in human skin tissue on H&E stain	shared
MOR-0303	melanin pigment in tumor	H1_morphology	Mus_musculus	Histopathological feature: melanin pigment in tumor in murine skin tissue on H&E stain	shared
MOR-0304	melanoma ulceration	H1_morphology	Homo_sapiens	Histopathological feature: melanoma ulceration in human skin tissue on H&E stain	shared
MOR-0304	melanoma ulceration	H1_morphology	Mus_musculus	Histopathological feature: melanoma ulceration in murine skin tissue on H&E stain	shared
MOR-0305	melanoma regression	H1_morphology	Homo_sapiens	Histopathological feature: melanoma regression in human skin tissue on H&E stain	shared
MOR-0305	melanoma regression	H1_morphology	Mus_musculus	Histopathological feature: melanoma regression in murine skin tissue on H&E stain	shared
MOR-0306	brisk TIL response in melanoma	H1_morphology	Homo_sapiens	Histopathological feature: brisk TIL response in melanoma in human skin tissue on H&E stain	shared
MOR-0306	brisk TIL response in melanoma	H1_morphology	Mus_musculus	Histopathological feature: brisk TIL response in melanoma in murine skin tissue on H&E stain	shared
MOR-0307	melanoma neurotropism	H1_morphology	Homo_sapiens	Histopathological feature: melanoma neurotropism in human skin tissue on H&E stain	shared
MOR-0307	melanoma neurotropism	H1_morphology	Mus_musculus	Histopathological feature: melanoma neurotropism in murine skin tissue on H&E stain	shared
MOR-0308	desmoplastic melanoma	H1_morphology	Homo_sapiens	Histopathological feature: desmoplastic melanoma in human skin tissue on H&E stain	shared
MOR-0308	desmoplastic melanoma	H1_morphology	Mus_musculus	Histopathological feature: desmoplastic melanoma in murine skin tissue on H&E stain	shared
MOR-0309	melanoma in situ	H1_morphology	Homo_sapiens	Histopathological feature: melanoma in situ in human skin tissue on H&E stain	shared
MOR-0309	melanoma in situ	H1_morphology	Mus_musculus	Histopathological feature: melanoma in situ in murine skin tissue on H&E stain	shared
MOR-0310	normal epidermis	H1_morphology	Homo_sapiens	Histopathological feature: normal epidermis in human skin tissue on H&E stain	shared
MOR-0310	normal epidermis	H1_morphology	Mus_musculus	Histopathological feature: normal epidermis in murine skin tissue on H&E stain	shared
MOR-0311	dermal melanocytes	H1_morphology	Homo_sapiens	Histopathological feature: dermal melanocytes in human skin tissue on H&E stain	shared
MOR-0311	dermal melanocytes	H1_morphology	Mus_musculus	Histopathological feature: dermal melanocytes in murine skin tissue on H&E stain	shared
MOR-0312	solar elastosis	H1_morphology	Homo_sapiens	Histopathological feature: solar elastosis in human skin tissue on H&E stain	shared
MOR-0312	solar elastosis	H1_morphology	Mus_musculus	Histopathological feature: solar elastosis in murine skin tissue on H&E stain	shared
MOR-0313	melanophages	H1_morphology	Homo_sapiens	Histopathological feature: melanophages in human skin tissue on H&E stain	shared
MOR-0313	melanophages	H1_morphology	Mus_musculus	Histopathological feature: melanophages in murine skin tissue on H&E stain	shared
MOR-0314	Spitz nevus morphology	H1_morphology	Homo_sapiens	Histopathological feature: Spitz nevus morphology in human skin tissue on H&E stain	shared
MOR-0314	Spitz nevus morphology	H1_morphology	Mus_musculus	Histopathological feature: Spitz nevus morphology in murine skin tissue on H&E stain	shared
MOR-0315	junctional melanocytic proliferation	H1_morphology	Homo_sapiens	Histopathological feature: junctional melanocytic proliferation in human skin tissue on H&E stain	shared
MOR-0315	junctional melanocytic proliferation	H1_morphology	Mus_musculus	Histopathological feature: junctional melanocytic proliferation in murine skin tissue on H&E stain	shared
MOR-0316	well-differentiated pancreatic ductal adenocarcinoma	H1_morphology	Homo_sapiens	Histopathological feature: well-differentiated pancreatic ductal adenocarcinoma in human pancreas tissue on H&E stain	shared
MOR-0316	well-differentiated pancreatic ductal adenocarcinoma	H1_morphology	Mus_musculus	Histopathological feature: well-differentiated pancreatic ductal adenocarcinoma in murine pancreas tissue on H&E stain	shared
MOR-0317	moderately differentiated pancreatic ductal adenocarcinoma	H1_morphology	Homo_sapiens	Histopathological feature: moderately differentiated pancreatic ductal adenocarcinoma in human pancreas tissue on H&E stain	shared
MOR-0317	moderately differentiated pancreatic ductal adenocarcinoma	H1_morphology	Mus_musculus	Histopathological feature: moderately differentiated pancreatic ductal adenocarcinoma in murine pancreas tissue on H&E stain	shared
MOR-0318	poorly differentiated pancreatic ductal adenocarcinoma	H1_morphology	Homo_sapiens	Histopathological feature: poorly differentiated pancreatic ductal adenocarcinoma in human pancreas tissue on H&E stain	shared
MOR-0318	poorly differentiated pancreatic ductal adenocarcinoma	H1_morphology	Mus_musculus	Histopathological feature: poorly differentiated pancreatic ductal adenocarcinoma in murine pancreas tissue on H&E stain	shared
MOR-0319	prominent desmoplastic stroma in pancreas	H1_morphology	Homo_sapiens	Histopathological feature: prominent desmoplastic stroma in pancreas in human pancreas tissue on H&E stain	shared
MOR-0319	prominent desmoplastic stroma in pancreas	H1_morphology	Mus_musculus	Histopathological feature: prominent desmoplastic stroma in pancreas in murine pancreas tissue on H&E stain	shared
MOR-0320	pancreatic neuroendocrine tumor salt-and-pepper chromatin	H1_morphology	Homo_sapiens	Histopathological feature: pancreatic neuroendocrine tumor salt-and-pepper chromatin in human pancreas tissue on H&E stain	shared
MOR-0320	pancreatic neuroendocrine tumor salt-and-pepper chromatin	H1_morphology	Mus_musculus	Histopathological feature: pancreatic neuroendocrine tumor salt-and-pepper chromatin in murine pancreas tissue on H&E stain	shared
MOR-0321	acinar cell carcinoma of pancreas	H1_morphology	Homo_sapiens	Histopathological feature: acinar cell carcinoma of pancreas in human pancreas tissue on H&E stain	shared
MOR-0321	acinar cell carcinoma of pancreas	H1_morphology	Mus_musculus	Histopathological feature: acinar cell carcinoma of pancreas in murine pancreas tissue on H&E stain	shared
MOR-0322	intraductal papillary mucinous neoplasm	H1_morphology	Homo_sapiens	Histopathological feature: intraductal papillary mucinous neoplasm in human pancreas tissue on H&E stain	shared
MOR-0322	intraductal papillary mucinous neoplasm	H1_morphology	Mus_musculus	Histopathological feature: intraductal papillary mucinous neoplasm in murine pancreas tissue on H&E stain	shared
MOR-0323	pancreatic intraepithelial neoplasia	H1_morphology	Homo_sapiens	Histopathological feature: pancreatic intraepithelial neoplasia in human pancreas tissue on H&E stain	shared
MOR-0323	pancreatic intraepithelial neoplasia	H1_morphology	Mus_musculus	Histopathological feature: pancreatic intraepithelial neoplasia in murine pancreas tissue on H&E stain	shared
MOR-0324	normal pancreatic acini	H1_morphology	Homo_sapiens	Histopathological feature: normal pancreatic acini in human pancreas tissue on H&E stain	shared
MOR-0324	normal pancreatic acini	H1_morphology	Mus_musculus	Histopathological feature: normal pancreatic acini in murine pancreas tissue on H&E stain	shared
MOR-0325	normal islets of Langerhans	H1_morphology	Homo_sapiens	Histopathological feature: normal islets of Langerhans in human pancreas tissue on H&E stain	shared
MOR-0325	normal islets of Langerhans	H1_morphology	Mus_musculus	Histopathological feature: normal islets of Langerhans in murine pancreas tissue on H&E stain	shared
MOR-0326	chronic pancreatitis	H1_morphology	Homo_sapiens	Histopathological feature: chronic pancreatitis in human pancreas tissue on H&E stain	shared
MOR-0326	chronic pancreatitis	H1_morphology	Mus_musculus	Histopathological feature: chronic pancreatitis in murine pancreas tissue on H&E stain	shared
MOR-0327	autoimmune pancreatitis storiform fibrosis	H1_morphology	Homo_sapiens	Histopathological feature: autoimmune pancreatitis storiform fibrosis in human pancreas tissue on H&E stain	shared
MOR-0327	autoimmune pancreatitis storiform fibrosis	H1_morphology	Mus_musculus	Histopathological feature: autoimmune pancreatitis storiform fibrosis in murine pancreas tissue on H&E stain	shared
MOR-0328	solid pseudopapillary neoplasm	H1_morphology	Homo_sapiens	Histopathological feature: solid pseudopapillary neoplasm in human pancreas tissue on H&E stain	shared
MOR-0328	solid pseudopapillary neoplasm	H1_morphology	Mus_musculus	Histopathological feature: solid pseudopapillary neoplasm in murine pancreas tissue on H&E stain	shared
MOR-0329	serous cystadenoma	H1_morphology	Homo_sapiens	Histopathological feature: serous cystadenoma in human pancreas tissue on H&E stain	shared
MOR-0329	serous cystadenoma	H1_morphology	Mus_musculus	Histopathological feature: serous cystadenoma in murine pancreas tissue on H&E stain	shared
MOR-0330	pancreatic mucinous cystic neoplasm	H1_morphology	Homo_sapiens	Histopathological feature: pancreatic mucinous cystic neoplasm in human pancreas tissue on H&E stain	shared
MOR-0330	pancreatic mucinous cystic neoplasm	H1_morphology	Mus_musculus	Histopathological feature: pancreatic mucinous cystic neoplasm in murine pancreas tissue on H&E stain	shared
MOR-0331	palisading necrosis in glioblastoma	H1_morphology	Homo_sapiens	Histopathological feature: palisading necrosis in glioblastoma in human brain tissue on H&E stain	shared
MOR-0331	palisading necrosis in glioblastoma	H1_morphology	Mus_musculus	Histopathological feature: palisading necrosis in glioblastoma in murine brain tissue on H&E stain	shared
MOR-0332	pseudopalisading necrosis in glioblastoma	H1_morphology	Homo_sapiens	Histopathological feature: pseudopalisading necrosis in glioblastoma in human brain tissue on H&E stain	shared
MOR-0332	pseudopalisading necrosis in glioblastoma	H1_morphology	Mus_musculus	Histopathological feature: pseudopalisading necrosis in glioblastoma in murine brain tissue on H&E stain	shared
MOR-0333	microvascular proliferation in brain tumor	H1_morphology	Homo_sapiens	Histopathological feature: microvascular proliferation in brain tumor in human brain tissue on H&E stain	shared
MOR-0333	microvascular proliferation in brain tumor	H1_morphology	Mus_musculus	Histopathological feature: microvascular proliferation in brain tumor in murine brain tissue on H&E stain	shared
MOR-0334	oligodendroglial honeycomb pattern	H1_morphology	Homo_sapiens	Histopathological feature: oligodendroglial honeycomb pattern in human brain tissue on H&E stain	shared
MOR-0334	oligodendroglial honeycomb pattern	H1_morphology	Mus_musculus	Histopathological feature: oligodendroglial honeycomb pattern in murine brain tissue on H&E stain	shared
MOR-0335	gemistocytic astrocytes	H1_morphology	Homo_sapiens	Histopathological feature: gemistocytic astrocytes in human brain tissue on H&E stain	shared
MOR-0335	gemistocytic astrocytes	H1_morphology	Mus_musculus	Histopathological feature: gemistocytic astrocytes in murine brain tissue on H&E stain	shared
MOR-0336	fibrillary astrocytic morphology	H1_morphology	Homo_sapiens	Histopathological feature: fibrillary astrocytic morphology in human brain tissue on H&E stain	shared
MOR-0336	fibrillary astrocytic morphology	H1_morphology	Mus_musculus	Histopathological feature: fibrillary astrocytic morphology in murine brain tissue on H&E stain	shared
MOR-0337	piloid morphology	H1_morphology	Homo_sapiens	Histopathological feature: piloid morphology in human brain tissue on H&E stain	shared
MOR-0337	piloid morphology	H1_morphology	Mus_musculus	Histopathological feature: piloid morphology in murine brain tissue on H&E stain	shared
MOR-0338	Rosenthal fibers	H1_morphology	Homo_sapiens	Histopathological feature: Rosenthal fibers in human brain tissue on H&E stain	shared
MOR-0338	Rosenthal fibers	H1_morphology	Mus_musculus	Histopathological feature: Rosenthal fibers in murine brain tissue on H&E stain	shared
MOR-0339	eosinophilic granular bodies	H1_morphology	Homo_sapiens	Histopathological feature: eosinophilic granular bodies in human brain tissue on H&E stain	shared
MOR-0339	eosinophilic granular bodies	H1_morphology	Mus_musculus	Histopathological feature: eosinophilic granular bodies in murine brain tissue on H&E stain	shared
MOR-0340	perivascular pseudorosettes	H1_morphology	Homo_sapiens	Histopathological feature: perivascular pseudorosettes in human brain tissue on H&E stain	shared
MOR-0340	perivascular pseudorosettes	H1_morphology	Mus_musculus	Histopathological feature: perivascular pseudorosettes in murine brain tissue on H&E stain	shared
MOR-0341	Homer Wright rosettes	H1_morphology	Homo_sapiens	Histopathological feature: Homer Wright rosettes in human brain tissue on H&E stain	shared
MOR-0341	Homer Wright rosettes	H1_morphology	Mus_musculus	Histopathological feature: Homer Wright rosettes in murine brain tissue on H&E stain	shared
MOR-0342	secondary structures of Scherer	H1_morphology	Homo_sapiens	Histopathological feature: secondary structures of Scherer in human brain tissue on H&E stain	shared
MOR-0342	secondary structures of Scherer	H1_morphology	Mus_musculus	Histopathological feature: secondary structures of Scherer in murine brain tissue on H&E stain	shared
MOR-0343	meningioma whorling pattern	H1_morphology	Homo_sapiens	Histopathological feature: meningioma whorling pattern in human brain tissue on H&E stain	shared
MOR-0343	meningioma whorling pattern	H1_morphology	Mus_musculus	Histopathological feature: meningioma whorling pattern in murine brain tissue on H&E stain	shared
MOR-0344	schwannoma Antoni A pattern	H1_morphology	Homo_sapiens	Histopathological feature: schwannoma Antoni A pattern in human brain tissue on H&E stain	shared
MOR-0344	schwannoma Antoni A pattern	H1_morphology	Mus_musculus	Histopathological feature: schwannoma Antoni A pattern in murine brain tissue on H&E stain	shared
MOR-0345	schwannoma Antoni B pattern	H1_morphology	Homo_sapiens	Histopathological feature: schwannoma Antoni B pattern in human brain tissue on H&E stain	shared
MOR-0345	schwannoma Antoni B pattern	H1_morphology	Mus_musculus	Histopathological feature: schwannoma Antoni B pattern in murine brain tissue on H&E stain	shared
MOR-0346	normal cerebral gray matter	H1_morphology	Homo_sapiens	Histopathological feature: normal cerebral gray matter in human brain tissue on H&E stain	shared
MOR-0346	normal cerebral gray matter	H1_morphology	Mus_musculus	Histopathological feature: normal cerebral gray matter in murine brain tissue on H&E stain	shared
MOR-0347	normal cerebral white matter	H1_morphology	Homo_sapiens	Histopathological feature: normal cerebral white matter in human brain tissue on H&E stain	shared
MOR-0347	normal cerebral white matter	H1_morphology	Mus_musculus	Histopathological feature: normal cerebral white matter in murine brain tissue on H&E stain	shared
MOR-0348	reactive astrocytosis	H1_morphology	Homo_sapiens	Histopathological feature: reactive astrocytosis in human brain tissue on H&E stain	shared
MOR-0348	reactive astrocytosis	H1_morphology	Mus_musculus	Histopathological feature: reactive astrocytosis in murine brain tissue on H&E stain	shared
MOR-0349	ependymal rosettes	H1_morphology	Homo_sapiens	Histopathological feature: ependymal rosettes in human brain tissue on H&E stain	shared
MOR-0349	ependymal rosettes	H1_morphology	Mus_musculus	Histopathological feature: ependymal rosettes in murine brain tissue on H&E stain	shared
MOR-0350	choroid plexus papilloma	H1_morphology	Homo_sapiens	Histopathological feature: choroid plexus papilloma in human brain tissue on H&E stain	shared
MOR-0350	choroid plexus papilloma	H1_morphology	Mus_musculus	Histopathological feature: choroid plexus papilloma in murine brain tissue on H&E stain	shared
MOR-0351	papillary thyroid carcinoma classic architecture	H1_morphology	Homo_sapiens	Histopathological feature: papillary thyroid carcinoma classic architecture in human thyroid tissue on H&E stain	shared
MOR-0351	papillary thyroid carcinoma classic architecture	H1_morphology	Mus_musculus	Histopathological feature: papillary thyroid carcinoma classic architecture in murine thyroid tissue on H&E stain	shared
MOR-0352	papillary thyroid carcinoma follicular variant	H1_morphology	Homo_sapiens	Histopathological feature: papillary thyroid carcinoma follicular variant in human thyroid tissue on H&E stain	shared
MOR-0352	papillary thyroid carcinoma follicular variant	H1_morphology	Mus_musculus	Histopathological feature: papillary thyroid carcinoma follicular variant in murine thyroid tissue on H&E stain	shared
MOR-0353	Orphan Annie eye nuclei	H1_morphology	Homo_sapiens	Histopathological feature: Orphan Annie eye nuclei in human thyroid tissue on H&E stain	human_only
MOR-0353	Orphan Annie eye nuclei	H1_morphology	Mus_musculus	Histopathological feature: Orphan Annie eye nuclei in murine thyroid tissue on H&E stain	human_only
MOR-0354	nuclear grooves in thyroid	H1_morphology	Homo_sapiens	Histopathological feature: nuclear grooves in thyroid in human thyroid tissue on H&E stain	shared
MOR-0354	nuclear grooves in thyroid	H1_morphology	Mus_musculus	Histopathological feature: nuclear grooves in thyroid in murine thyroid tissue on H&E stain	shared
MOR-0355	intranuclear pseudoinclusions	H1_morphology	Homo_sapiens	Histopathological feature: intranuclear pseudoinclusions in human thyroid tissue on H&E stain	shared
MOR-0355	intranuclear pseudoinclusions	H1_morphology	Mus_musculus	Histopathological feature: intranuclear pseudoinclusions in murine thyroid tissue on H&E stain	shared
MOR-0356	follicular thyroid neoplasm	H1_morphology	Homo_sapiens	Histopathological feature: follicular thyroid neoplasm in human thyroid tissue on H&E stain	shared
MOR-0356	follicular thyroid neoplasm	H1_morphology	Mus_musculus	Histopathological feature: follicular thyroid neoplasm in murine thyroid tissue on H&E stain	shared
MOR-0357	colloid-filled follicles	H1_morphology	Homo_sapiens	Histopathological feature: colloid-filled follicles in human thyroid tissue on H&E stain	shared
MOR-0357	colloid-filled follicles	H1_morphology	Mus_musculus	Histopathological feature: colloid-filled follicles in murine thyroid tissue on H&E stain	shared
MOR-0358	normal thyroid follicular epithelium	H1_morphology	Homo_sapiens	Histopathological feature: normal thyroid follicular epithelium in human thyroid tissue on H&E stain	shared
MOR-0358	normal thyroid follicular epithelium	H1_morphology	Mus_musculus	Histopathological feature: normal thyroid follicular epithelium in murine thyroid tissue on H&E stain	shared
MOR-0359	Hurthle cell change	H1_morphology	Homo_sapiens	Histopathological feature: Hurthle cell change in human thyroid tissue on H&E stain	shared
MOR-0359	Hurthle cell change	H1_morphology	Mus_musculus	Histopathological feature: Hurthle cell change in murine thyroid tissue on H&E stain	shared
MOR-0360	psammoma bodies in thyroid	H1_morphology	Homo_sapiens	Histopathological feature: psammoma bodies in thyroid in human thyroid tissue on H&E stain	shared
MOR-0360	psammoma bodies in thyroid	H1_morphology	Mus_musculus	Histopathological feature: psammoma bodies in thyroid in murine thyroid tissue on H&E stain	shared
MOR-0361	lymphocytic thyroiditis	H1_morphology	Homo_sapiens	Histopathological feature: lymphocytic thyroiditis in human thyroid tissue on H&E stain	shared
MOR-0361	lymphocytic thyroiditis	H1_morphology	Mus_musculus	Histopathological feature: lymphocytic thyroiditis in murine thyroid tissue on H&E stain	shared
MOR-0362	medullary thyroid carcinoma	H1_morphology	Homo_sapiens	Histopathological feature: medullary thyroid carcinoma in human thyroid tissue on H&E stain	shared
MOR-0362	medullary thyroid carcinoma	H1_morphology	Mus_musculus	Histopathological feature: medullary thyroid carcinoma in murine thyroid tissue on H&E stain	shared
MOR-0363	normal adipose tissue	H1_morphology	Homo_sapiens	Normal histology: normal adipose tissue in H&E stained human tissue	shared
MOR-0363	normal adipose tissue	H1_morphology	Mus_musculus	Normal histology: normal adipose tissue in H&E stained murine tissue	shared
MOR-0364	normal skeletal muscle	H1_morphology	Homo_sapiens	Normal histology: normal skeletal muscle in H&E stained human tissue	shared
MOR-0364	normal skeletal muscle	H1_morphology	Mus_musculus	Normal histology: normal skeletal muscle in H&E stained murine tissue	shared
MOR-0365	normal smooth muscle	H1_morphology	Homo_sapiens	Normal histology: normal smooth muscle in H&E stained human tissue	shared
MOR-0365	normal smooth muscle	H1_morphology	Mus_musculus	Normal histology: normal smooth muscle in H&E stained murine tissue	shared
MOR-0366	normal peripheral nerve	H1_morphology	Homo_sapiens	Normal histology: normal peripheral nerve in H&E stained human tissue	shared
MOR-0366	normal peripheral nerve	H1_morphology	Mus_musculus	Normal histology: normal peripheral nerve in H&E stained murine tissue	shared
MOR-0367	lymph node cortex	H1_morphology	Homo_sapiens	Normal histology: lymph node cortex in H&E stained human tissue	shared
MOR-0367	lymph node cortex	H1_morphology	Mus_musculus	Normal histology: lymph node cortex in H&E stained murine tissue	shared
MOR-0368	lymph node germinal center	H1_morphology	Homo_sapiens	Normal histology: lymph node germinal center in H&E stained human tissue	shared
MOR-0368	lymph node germinal center	H1_morphology	Mus_musculus	Normal histology: lymph node germinal center in H&E stained murine tissue	shared
MOR-0369	lymph node paracortex	H1_morphology	Homo_sapiens	Normal histology: lymph node paracortex in H&E stained human tissue	shared
MOR-0369	lymph node paracortex	H1_morphology	Mus_musculus	Normal histology: lymph node paracortex in H&E stained murine tissue	shared
MOR-0370	lymph node sinus histiocytosis	H1_morphology	Homo_sapiens	Normal histology: lymph node sinus histiocytosis in H&E stained human tissue	shared
MOR-0370	lymph node sinus histiocytosis	H1_morphology	Mus_musculus	Normal histology: lymph node sinus histiocytosis in H&E stained murine tissue	shared
MOR-0371	normal arterial wall	H1_morphology	Homo_sapiens	Normal histology: normal arterial wall in H&E stained human tissue	shared
MOR-0371	normal arterial wall	H1_morphology	Mus_musculus	Normal histology: normal arterial wall in H&E stained murine tissue	shared
MOR-0372	normal venous wall	H1_morphology	Homo_sapiens	Normal histology: normal venous wall in H&E stained human tissue	shared
MOR-0372	normal venous wall	H1_morphology	Mus_musculus	Normal histology: normal venous wall in H&E stained murine tissue	shared
MOR-0373	normal cartilage	H1_morphology	Homo_sapiens	Normal histology: normal cartilage in H&E stained human tissue	shared
MOR-0373	normal cartilage	H1_morphology	Mus_musculus	Normal histology: normal cartilage in H&E stained murine tissue	shared
MOR-0374	normal bone trabeculae	H1_morphology	Homo_sapiens	Normal histology: normal bone trabeculae in H&E stained human tissue	shared
MOR-0374	normal bone trabeculae	H1_morphology	Mus_musculus	Normal histology: normal bone trabeculae in H&E stained murine tissue	shared
MOR-0375	normal bone marrow	H1_morphology	Homo_sapiens	Normal histology: normal bone marrow in H&E stained human tissue	shared
MOR-0375	normal bone marrow	H1_morphology	Mus_musculus	Normal histology: normal bone marrow in H&E stained murine tissue	shared
MOR-0376	normal mesothelial lining	H1_morphology	Homo_sapiens	Normal histology: normal mesothelial lining in H&E stained human tissue	shared
MOR-0376	normal mesothelial lining	H1_morphology	Mus_musculus	Normal histology: normal mesothelial lining in H&E stained murine tissue	shared
MOR-0377	normal serosal surface	H1_morphology	Homo_sapiens	Normal histology: normal serosal surface in H&E stained human tissue	shared
MOR-0377	normal serosal surface	H1_morphology	Mus_musculus	Normal histology: normal serosal surface in H&E stained murine tissue	shared
MOR-0378	tertiary lymphoid structure	H1_morphology	Homo_sapiens	Tissue microenvironment: tertiary lymphoid structure in human tissue on H&E stain	shared
MOR-0378	tertiary lymphoid structure	H1_morphology	Mus_musculus	Tissue microenvironment: tertiary lymphoid structure in murine tissue on H&E stain	shared
MOR-0379	germinal center within tertiary lymphoid structure	H1_morphology	Homo_sapiens	Tissue microenvironment: germinal center within tertiary lymphoid structure in human tissue on H&E stain	shared
MOR-0379	germinal center within tertiary lymphoid structure	H1_morphology	Mus_musculus	Tissue microenvironment: germinal center within tertiary lymphoid structure in murine tissue on H&E stain	shared
MOR-0380	plasma cell-rich infiltrate	H1_morphology	Homo_sapiens	Tissue microenvironment: plasma cell-rich infiltrate in human tissue on H&E stain	shared
MOR-0380	plasma cell-rich infiltrate	H1_morphology	Mus_musculus	Tissue microenvironment: plasma cell-rich infiltrate in murine tissue on H&E stain	shared
MOR-0381	eosinophil-rich infiltrate	H1_morphology	Homo_sapiens	Tissue microenvironment: eosinophil-rich infiltrate in human tissue on H&E stain	shared
MOR-0381	eosinophil-rich infiltrate	H1_morphology	Mus_musculus	Tissue microenvironment: eosinophil-rich infiltrate in murine tissue on H&E stain	shared
MOR-0382	mast cell-rich infiltrate	H1_morphology	Homo_sapiens	Tissue microenvironment: mast cell-rich infiltrate in human tissue on H&E stain	shared
MOR-0382	mast cell-rich infiltrate	H1_morphology	Mus_musculus	Tissue microenvironment: mast cell-rich infiltrate in murine tissue on H&E stain	shared
MOR-0383	immune desert morphology	H1_morphology	Homo_sapiens	Tissue microenvironment: immune desert morphology in human tissue on H&E stain	shared
MOR-0383	immune desert morphology	H1_morphology	Mus_musculus	Tissue microenvironment: immune desert morphology in murine tissue on H&E stain	shared
MOR-0384	immune-excluded peritumoral band	H1_morphology	Homo_sapiens	Tissue microenvironment: immune-excluded peritumoral band in human tissue on H&E stain	shared
MOR-0384	immune-excluded peritumoral band	H1_morphology	Mus_musculus	Tissue microenvironment: immune-excluded peritumoral band in murine tissue on H&E stain	shared
MOR-0385	immune-inflamed intratumoral pattern	H1_morphology	Homo_sapiens	Tissue microenvironment: immune-inflamed intratumoral pattern in human tissue on H&E stain	shared
MOR-0385	immune-inflamed intratumoral pattern	H1_morphology	Mus_musculus	Tissue microenvironment: immune-inflamed intratumoral pattern in murine tissue on H&E stain	shared
MOR-0386	granulomatous reaction to tumor	H1_morphology	Homo_sapiens	Tissue microenvironment: granulomatous reaction to tumor in human tissue on H&E stain	shared
MOR-0386	granulomatous reaction to tumor	H1_morphology	Mus_musculus	Tissue microenvironment: granulomatous reaction to tumor in murine tissue on H&E stain	shared
MOR-0387	xanthogranulomatous inflammation	H1_morphology	Homo_sapiens	Tissue microenvironment: xanthogranulomatous inflammation in human tissue on H&E stain	shared
MOR-0387	xanthogranulomatous inflammation	H1_morphology	Mus_musculus	Tissue microenvironment: xanthogranulomatous inflammation in murine tissue on H&E stain	shared
MOR-0388	cancer-associated fibroblast-rich stroma	H1_morphology	Homo_sapiens	Tissue microenvironment: cancer-associated fibroblast-rich stroma in human tissue on H&E stain	shared
MOR-0388	cancer-associated fibroblast-rich stroma	H1_morphology	Mus_musculus	Tissue microenvironment: cancer-associated fibroblast-rich stroma in murine tissue on H&E stain	shared
MOR-0389	normal quiescent fibroblastic stroma	H1_morphology	Homo_sapiens	Tissue microenvironment: normal quiescent fibroblastic stroma in human tissue on H&E stain	shared
MOR-0389	normal quiescent fibroblastic stroma	H1_morphology	Mus_musculus	Tissue microenvironment: normal quiescent fibroblastic stroma in murine tissue on H&E stain	shared
MOR-0390	myofibroblastic stroma	H1_morphology	Homo_sapiens	Tissue microenvironment: myofibroblastic stroma in human tissue on H&E stain	shared
MOR-0390	myofibroblastic stroma	H1_morphology	Mus_musculus	Tissue microenvironment: myofibroblastic stroma in murine tissue on H&E stain	shared
MOR-0391	inflammatory reactive stroma	H1_morphology	Homo_sapiens	Tissue microenvironment: inflammatory reactive stroma in human tissue on H&E stain	shared
MOR-0391	inflammatory reactive stroma	H1_morphology	Mus_musculus	Tissue microenvironment: inflammatory reactive stroma in murine tissue on H&E stain	shared
MOR-0392	immature loose stroma	H1_morphology	Homo_sapiens	Tissue microenvironment: immature loose stroma in human tissue on H&E stain	shared
MOR-0392	immature loose stroma	H1_morphology	Mus_musculus	Tissue microenvironment: immature loose stroma in murine tissue on H&E stain	shared
MOR-0393	mature dense collagenous stroma	H1_morphology	Homo_sapiens	Tissue microenvironment: mature dense collagenous stroma in human tissue on H&E stain	shared
MOR-0393	mature dense collagenous stroma	H1_morphology	Mus_musculus	Tissue microenvironment: mature dense collagenous stroma in murine tissue on H&E stain	shared
MOR-0394	dense collagen bundles	H1_morphology	Homo_sapiens	Tissue microenvironment: dense collagen bundles in human tissue on H&E stain	shared
MOR-0394	dense collagen bundles	H1_morphology	Mus_musculus	Tissue microenvironment: dense collagen bundles in murine tissue on H&E stain	shared
MOR-0395	reticular fiber network	H1_morphology	Homo_sapiens	Tissue microenvironment: reticular fiber network in human tissue on H&E stain	shared
MOR-0395	reticular fiber network	H1_morphology	Mus_musculus	Tissue microenvironment: reticular fiber network in murine tissue on H&E stain	shared
MOR-0396	basement membrane thickening	H1_morphology	Homo_sapiens	Tissue microenvironment: basement membrane thickening in human tissue on H&E stain	shared
MOR-0396	basement membrane thickening	H1_morphology	Mus_musculus	Tissue microenvironment: basement membrane thickening in murine tissue on H&E stain	shared
MOR-0397	extracellular matrix remodeling	H1_morphology	Homo_sapiens	Tissue microenvironment: extracellular matrix remodeling in human tissue on H&E stain	shared
MOR-0397	extracellular matrix remodeling	H1_morphology	Mus_musculus	Tissue microenvironment: extracellular matrix remodeling in murine tissue on H&E stain	shared
MOR-0398	fibrin deposition	H1_morphology	Homo_sapiens	Tissue microenvironment: fibrin deposition in human tissue on H&E stain	shared
MOR-0398	fibrin deposition	H1_morphology	Mus_musculus	Tissue microenvironment: fibrin deposition in murine tissue on H&E stain	shared
MOR-0399	elastosis	H1_morphology	Homo_sapiens	Tissue microenvironment: elastosis in human tissue on H&E stain	shared
MOR-0399	elastosis	H1_morphology	Mus_musculus	Tissue microenvironment: elastosis in murine tissue on H&E stain	shared
MOR-0400	mucin pools	H1_morphology	Homo_sapiens	Tissue microenvironment: mucin pools in human tissue on H&E stain	shared
MOR-0400	mucin pools	H1_morphology	Mus_musculus	Tissue microenvironment: mucin pools in murine tissue on H&E stain	shared
MOR-0401	amyloid deposition	H1_morphology	Homo_sapiens	Tissue microenvironment: amyloid deposition in human tissue on H&E stain	shared
MOR-0401	amyloid deposition	H1_morphology	Mus_musculus	Tissue microenvironment: amyloid deposition in murine tissue on H&E stain	shared
MOR-0402	lipid-laden cells	H1_morphology	Homo_sapiens	Tissue microenvironment: lipid-laden cells in human tissue on H&E stain	shared
MOR-0402	lipid-laden cells	H1_morphology	Mus_musculus	Tissue microenvironment: lipid-laden cells in murine tissue on H&E stain	shared
MOR-0403	glycogen-rich cells	H1_morphology	Homo_sapiens	Tissue microenvironment: glycogen-rich cells in human tissue on H&E stain	shared
MOR-0403	glycogen-rich cells	H1_morphology	Mus_musculus	Tissue microenvironment: glycogen-rich cells in murine tissue on H&E stain	shared
MOR-0404	hemosiderin-laden macrophages	H1_morphology	Homo_sapiens	Tissue microenvironment: hemosiderin-laden macrophages in human tissue on H&E stain	shared
MOR-0404	hemosiderin-laden macrophages	H1_morphology	Mus_musculus	Tissue microenvironment: hemosiderin-laden macrophages in murine tissue on H&E stain	shared
MOR-0405	ceroid pigment	H1_morphology	Homo_sapiens	Tissue microenvironment: ceroid pigment in human tissue on H&E stain	shared
MOR-0405	ceroid pigment	H1_morphology	Mus_musculus	Tissue microenvironment: ceroid pigment in murine tissue on H&E stain	shared
MOR-0406	melanin-laden macrophages	H1_morphology	Homo_sapiens	Tissue microenvironment: melanin-laden macrophages in human tissue on H&E stain	shared
MOR-0406	melanin-laden macrophages	H1_morphology	Mus_musculus	Tissue microenvironment: melanin-laden macrophages in murine tissue on H&E stain	shared
MOR-0407	treatment effect general	H1_morphology	Homo_sapiens	Tissue microenvironment: treatment effect general in human tissue on H&E stain	shared
MOR-0407	treatment effect general	H1_morphology	Mus_musculus	Tissue microenvironment: treatment effect general in murine tissue on H&E stain	shared
MOR-0408	radiation-induced atypia	H1_morphology	Homo_sapiens	Tissue microenvironment: radiation-induced atypia in human tissue on H&E stain	shared
MOR-0408	radiation-induced atypia	H1_morphology	Mus_musculus	Tissue microenvironment: radiation-induced atypia in murine tissue on H&E stain	shared
MOR-0409	chemotherapy-induced cytoplasmic vacuolization	H1_morphology	Homo_sapiens	Tissue microenvironment: chemotherapy-induced cytoplasmic vacuolization in human tissue on H&E stain	shared
MOR-0409	chemotherapy-induced cytoplasmic vacuolization	H1_morphology	Mus_musculus	Tissue microenvironment: chemotherapy-induced cytoplasmic vacuolization in murine tissue on H&E stain	shared
MOR-0410	fibrotic regression bed	H1_morphology	Homo_sapiens	Tissue microenvironment: fibrotic regression bed in human tissue on H&E stain	shared
MOR-0410	fibrotic regression bed	H1_morphology	Mus_musculus	Tissue microenvironment: fibrotic regression bed in murine tissue on H&E stain	shared
MOR-0411	pathologic complete response	H1_morphology	Homo_sapiens	Tissue microenvironment: pathologic complete response in human tissue on H&E stain	shared
MOR-0411	pathologic complete response	H1_morphology	Mus_musculus	Tissue microenvironment: pathologic complete response in murine tissue on H&E stain	shared
MOR-0412	residual viable tumor after treatment	H1_morphology	Homo_sapiens	Tissue microenvironment: residual viable tumor after treatment in human tissue on H&E stain	shared
MOR-0412	residual viable tumor after treatment	H1_morphology	Mus_musculus	Tissue microenvironment: residual viable tumor after treatment in murine tissue on H&E stain	shared
MOR-0413	immune-mediated tumor rejection pattern	H1_morphology	Homo_sapiens	Tissue microenvironment: immune-mediated tumor rejection pattern in human tissue on H&E stain	shared
MOR-0413	immune-mediated tumor rejection pattern	H1_morphology	Mus_musculus	Tissue microenvironment: immune-mediated tumor rejection pattern in murine tissue on H&E stain	shared
MOR-0414	tumor-stroma interface	H1_morphology	Homo_sapiens	Tissue microenvironment: tumor-stroma interface in human tissue on H&E stain	shared
MOR-0414	tumor-stroma interface	H1_morphology	Mus_musculus	Tissue microenvironment: tumor-stroma interface in murine tissue on H&E stain	shared
MOR-0415	invasive tumor front	H1_morphology	Homo_sapiens	Tissue microenvironment: invasive tumor front in human tissue on H&E stain	shared
MOR-0415	invasive tumor front	H1_morphology	Mus_musculus	Tissue microenvironment: invasive tumor front in murine tissue on H&E stain	shared
MOR-0416	intratumoral stroma	H1_morphology	Homo_sapiens	Tissue microenvironment: intratumoral stroma in human tissue on H&E stain	shared
MOR-0416	intratumoral stroma	H1_morphology	Mus_musculus	Tissue microenvironment: intratumoral stroma in murine tissue on H&E stain	shared
MOR-0417	peritumoral stroma	H1_morphology	Homo_sapiens	Tissue microenvironment: peritumoral stroma in human tissue on H&E stain	shared
MOR-0417	peritumoral stroma	H1_morphology	Mus_musculus	Tissue microenvironment: peritumoral stroma in murine tissue on H&E stain	shared
MOR-0418	tumor center versus periphery	H1_morphology	Homo_sapiens	Tissue microenvironment: tumor center versus periphery in human tissue on H&E stain	shared
MOR-0418	tumor center versus periphery	H1_morphology	Mus_musculus	Tissue microenvironment: tumor center versus periphery in murine tissue on H&E stain	shared
CTY-0001	luminal epithelial cell	H2_cell_type	Homo_sapiens	Cell type present in human tissue: luminal epithelial cell, expressing EPCAM, KRT8, KRT18, KRT19, MUC1	shared
CTY-0001	luminal epithelial cell	H2_cell_type	Mus_musculus	Cell type present in murine tissue: luminal epithelial cell, expressing Epcam, Krt8, Krt18, Krt19, Muc1	shared
CTY-0002	basal epithelial cell	H2_cell_type	Homo_sapiens	Cell type present in human tissue: basal epithelial cell, expressing KRT5, KRT14, TP63, ITGA6, ITGB4	shared
CTY-0002	basal epithelial cell	H2_cell_type	Mus_musculus	Cell type present in murine tissue: basal epithelial cell, expressing Krt5, Krt14, Trp63, Itga6, Itgb4	shared
CTY-0003	secretory epithelial cell	H2_cell_type	Homo_sapiens	Cell type present in human tissue: secretory epithelial cell, expressing MUC5AC, MUC5B, SCGB1A1, SCGB3A1, WFDC2	shared
CTY-0003	secretory epithelial cell	H2_cell_type	Mus_musculus	Cell type present in murine tissue: secretory epithelial cell, expressing Muc5ac, Muc5b, Scgb1a1, Scgb3a1, Wfdc2	shared
CTY-0004	ciliated epithelial cell	H2_cell_type	Homo_sapiens	Cell type present in human tissue: ciliated epithelial cell, expressing FOXJ1, DNAH5, CFAP43, RSPH1, TPPP3	shared
CTY-0004	ciliated epithelial cell	H2_cell_type	Mus_musculus	Cell type present in murine tissue: ciliated epithelial cell, expressing Foxj1, Dnah5, Cfap43, Rsph1, Tppp3	shared
CTY-0005	goblet cell	H2_cell_type	Homo_sapiens	Cell type present in human tissue: goblet cell, expressing MUC2, MUC5AC, TFF3, SPDEF, FCGBP	shared
CTY-0005	goblet cell	H2_cell_type	Mus_musculus	Cell type present in murine tissue: goblet cell, expressing Muc2, Muc5ac, Tff3, Spdef, Fcgbp	shared
CTY-0006	type I pneumocyte	H2_cell_type	Homo_sapiens	Cell type present in human tissue: type I pneumocyte, expressing AGER, PDPN, AQP5, HOPX, EMP2	shared
CTY-0006	type I pneumocyte	H2_cell_type	Mus_musculus	Cell type present in murine tissue: type I pneumocyte, expressing Ager, Pdpn, Aqp5, Hopx, Emp2	shared
CTY-0007	type II pneumocyte	H2_cell_type	Homo_sapiens	Cell type present in human tissue: type II pneumocyte, expressing SFTPC, SFTPB, SFTPA1, ABCA3, NAPSA	shared
CTY-0007	type II pneumocyte	H2_cell_type	Mus_musculus	Cell type present in murine tissue: type II pneumocyte, expressing Sftpc, Sftpb, Sftpa1, Abca3, Napsa	shared
CTY-0008	hepatocyte	H2_cell_type	Homo_sapiens	Cell type present in human tissue: hepatocyte, expressing ALB, APOB, CYP3A4, HNF4A	shared
CTY-0008	hepatocyte	H2_cell_type	Mus_musculus	Cell type present in murine tissue: hepatocyte, expressing Alb, Apob, Cyp3a11, Hnf4a	shared
CTY-0009	cholangiocyte	H2_cell_type	Homo_sapiens	Cell type present in human tissue: cholangiocyte, expressing KRT19, KRT7, SOX9, EPCAM, CFTR	shared
CTY-0009	cholangiocyte	H2_cell_type	Mus_musculus	Cell type present in murine tissue: cholangiocyte, expressing Krt19, Krt7, Sox9, Epcam, Cftr	shared
CTY-0010	enterocyte	H2_cell_type	Homo_sapiens	Cell type present in human tissue: enterocyte, expressing FABP2, VIL1, SLC26A3, ANPEP	shared
CTY-0010	enterocyte	H2_cell_type	Mus_musculus	Cell type present in murine tissue: enterocyte, expressing Fabp2, Vil1, Slc26a3, Anpep	shared
CTY-0011	Paneth cell	H2_cell_type	Homo_sapiens	Cell type present in human tissue: Paneth cell, expressing DEFA5, DEFA6, LYZ, REG3A, MMP7	shared
CTY-0011	Paneth cell	H2_cell_type	Mus_musculus	Cell type present in murine tissue: Paneth cell, expressing Defa1, Defa5, Lyz1, Reg3a, Mmp7	shared
CTY-0012	chief cell	H2_cell_type	Homo_sapiens	Cell type present in human tissue: chief cell, expressing PGA3, PGA4, PGA5, PGC, MIST1	shared
CTY-0012	chief cell	H2_cell_type	Mus_musculus	Cell type present in murine tissue: chief cell, expressing Pga5, Pgc, Bhlha15, Gif, Mist1	shared
CTY-0013	parietal cell	H2_cell_type	Homo_sapiens	Cell type present in human tissue: parietal cell, expressing ATP4A, ATP4B, GIF, CCKBR, KCNQ1	shared
CTY-0013	parietal cell	H2_cell_type	Mus_musculus	Cell type present in murine tissue: parietal cell, expressing Atp4a, Atp4b, Gif, Cckbr, Kcnq1	shared
CTY-0014	urothelial cell	H2_cell_type	Homo_sapiens	Cell type present in human tissue: urothelial cell, expressing UPK1A, UPK2, UPK3A, KRT20, KRT5	shared
CTY-0014	urothelial cell	H2_cell_type	Mus_musculus	Cell type present in murine tissue: urothelial cell, expressing Upk1a, Upk2, Upk3a, Krt20, Krt5	shared
CTY-0015	keratinocyte	H2_cell_type	Homo_sapiens	Cell type present in human tissue: keratinocyte, expressing KRT14, KRT5, KRT10, IVL	shared
CTY-0015	keratinocyte	H2_cell_type	Mus_musculus	Cell type present in murine tissue: keratinocyte, expressing Krt14, Krt5, Krt10, Ivl	shared
CTY-0016	cycling cancer cell	H2_cell_type	Homo_sapiens	Cell type present in human tissue: cycling cancer cell, expressing MKI67, TOP2A, CDK1, CCNB1, AURKA	shared
CTY-0016	cycling cancer cell	H2_cell_type	Mus_musculus	Cell type present in murine tissue: cycling cancer cell, expressing Mki67, Top2a, Cdk1, Ccnb1, Aurka	shared
CTY-0017	EMT-like cancer cell	H2_cell_type	Homo_sapiens	Cell type present in human tissue: EMT-like cancer cell, expressing VIM, FN1, CDH2, SNAI1, ZEB1	shared
CTY-0017	EMT-like cancer cell	H2_cell_type	Mus_musculus	Cell type present in murine tissue: EMT-like cancer cell, expressing Vim, Fn1, Cdh2, Snai1, Zeb1	shared
CTY-0018	hypoxic cancer cell	H2_cell_type	Homo_sapiens	Cell type present in human tissue: hypoxic cancer cell, expressing HIF1A, VEGFA, CA9, SLC2A1, LDHA	shared
CTY-0018	hypoxic cancer cell	H2_cell_type	Mus_musculus	Cell type present in murine tissue: hypoxic cancer cell, expressing Hif1a, Vegfa, Car9, Slc2a1, Ldha	shared
CTY-0019	stem-like cancer cell	H2_cell_type	Homo_sapiens	Cell type present in human tissue: stem-like cancer cell, expressing SOX2, NANOG, POU5F1, LGR5, CD44	shared
CTY-0019	stem-like cancer cell	H2_cell_type	Mus_musculus	Cell type present in murine tissue: stem-like cancer cell, expressing Sox2, Nanog, Pou5f1, Lgr5, Cd44	shared
CTY-0020	differentiated cancer cell	H2_cell_type	Homo_sapiens	Cell type present in human tissue: differentiated cancer cell, expressing KRT20, MUC2, CDX2, VIL1, TFF3	shared
CTY-0020	differentiated cancer cell	H2_cell_type	Mus_musculus	Cell type present in murine tissue: differentiated cancer cell, expressing Krt20, Muc2, Cdx2, Vil1, Tff3	shared
CTY-0021	senescent cancer cell	H2_cell_type	Homo_sapiens	Cell type present in human tissue: senescent cancer cell, expressing CDKN1A, CDKN2A, GLB1, SERPINE1, IL6	shared
CTY-0021	senescent cancer cell	H2_cell_type	Mus_musculus	Cell type present in murine tissue: senescent cancer cell, expressing Cdkn1a, Cdkn2a, Glb1, Serpine1, Il6	shared
CTY-0022	inflammatory cancer cell	H2_cell_type	Homo_sapiens	Cell type present in human tissue: inflammatory cancer cell, expressing IL6, CXCL8, TNF, CCL2, NFKB1	shared
CTY-0022	inflammatory cancer cell	H2_cell_type	Mus_musculus	Cell type present in murine tissue: inflammatory cancer cell, expressing Il6, Cxcl1, Tnf, Ccl2, Nfkb1	shared
CTY-0023	metabolic cancer cell	H2_cell_type	Homo_sapiens	Cell type present in human tissue: metabolic cancer cell, expressing PKM, LDHA, SLC2A1, IDH1, GAPDH	shared
CTY-0023	metabolic cancer cell	H2_cell_type	Mus_musculus	Cell type present in murine tissue: metabolic cancer cell, expressing Pkm, Ldha, Slc2a1, Idh1, Gapdh	shared
CTY-0024	interferon-responsive cancer cell	H2_cell_type	Homo_sapiens	Cell type present in human tissue: interferon-responsive cancer cell, expressing ISG15, MX1, IFIT1, STAT1, OAS1	shared
CTY-0024	interferon-responsive cancer cell	H2_cell_type	Mus_musculus	Cell type present in murine tissue: interferon-responsive cancer cell, expressing Isg15, Mx1, Ifit1, Stat1, Oas1a	shared
CTY-0025	stress-response cancer cell	H2_cell_type	Homo_sapiens	Cell type present in human tissue: stress-response cancer cell, expressing HSPA1A, HSP90AA1, DDIT3, ATF4, XBP1	shared
CTY-0025	stress-response cancer cell	H2_cell_type	Mus_musculus	Cell type present in murine tissue: stress-response cancer cell, expressing Hspa1a, Hsp90aa1, Ddit3, Atf4, Xbp1	shared
CTY-0026	MHC-I high cancer cell	H2_cell_type	Homo_sapiens	Cell type present in human tissue: MHC-I high cancer cell, expressing HLA-A, HLA-B, HLA-C, B2M, TAP1	shared
CTY-0026	MHC-I high cancer cell	H2_cell_type	Mus_musculus	Cell type present in murine tissue: MHC-I high cancer cell, expressing H2-K1, H2-D1, H2-L, B2m, Tap1	shared
CTY-0027	MHC-I low cancer cell	H2_cell_type	Homo_sapiens	Cell type present in human tissue: MHC-I low cancer cell, expressing HLA-A, B2M, TAP1, NLRC5, ERAP1	shared
CTY-0027	MHC-I low cancer cell	H2_cell_type	Mus_musculus	Cell type present in murine tissue: MHC-I low cancer cell, expressing H2-K1, B2m, Tap1, Nlrc5, Erap1	shared
CTY-0028	CD8+ cytotoxic T cell	H2_cell_type	Homo_sapiens	Cell type present in human tissue: CD8+ cytotoxic T cell, expressing CD8A, CD8B, GZMB, PRF1, IFNG	shared
CTY-0028	CD8+ cytotoxic T cell	H2_cell_type	Mus_musculus	Cell type present in murine tissue: CD8+ cytotoxic T cell, expressing Cd8a, Cd8b1, Gzmb, Prf1, Ifng	shared
CTY-0029	CD8+ exhausted T cell	H2_cell_type	Homo_sapiens	Cell type present in human tissue: CD8+ exhausted T cell, expressing CD8A, PDCD1, HAVCR2, LAG3, TOX	shared
CTY-0029	CD8+ exhausted T cell	H2_cell_type	Mus_musculus	Cell type present in murine tissue: CD8+ exhausted T cell, expressing Cd8a, Pdcd1, Havcr2, Lag3, Tox	shared
CTY-0030	CD8+ tissue-resident memory T cell	H2_cell_type	Homo_sapiens	Cell type present in human tissue: CD8+ tissue-resident memory T cell, expressing CD8A, ITGAE, ZNF683, CXCR6, CD69	shared
CTY-0030	CD8+ tissue-resident memory T cell	H2_cell_type	Mus_musculus	Cell type present in murine tissue: CD8+ tissue-resident memory T cell, expressing Cd8a, Itgae, Zfp683, Cxcr6, Cd69	shared
CTY-0031	CD8+ effector memory T cell	H2_cell_type	Homo_sapiens	Cell type present in human tissue: CD8+ effector memory T cell, expressing CD8A, GZMK, EOMES, CCR7, SELL	shared
CTY-0031	CD8+ effector memory T cell	H2_cell_type	Mus_musculus	Cell type present in murine tissue: CD8+ effector memory T cell, expressing Cd8a, Gzmk, Eomes, Ccr7, Sell	shared
CTY-0032	CD4+ naive T cell	H2_cell_type	Homo_sapiens	Cell type present in human tissue: CD4+ naive T cell, expressing CD4, CCR7, SELL, LEF1, TCF7	shared
CTY-0032	CD4+ naive T cell	H2_cell_type	Mus_musculus	Cell type present in murine tissue: CD4+ naive T cell, expressing Cd4, Ccr7, Sell, Lef1, Tcf7	shared
CTY-0033	CD4+ Th1 cell	H2_cell_type	Homo_sapiens	Cell type present in human tissue: CD4+ Th1 cell, expressing CD4, TBX21, IFNG, CXCR3, IL12RB2	shared
CTY-0033	CD4+ Th1 cell	H2_cell_type	Mus_musculus	Cell type present in murine tissue: CD4+ Th1 cell, expressing Cd4, Tbx21, Ifng, Cxcr3, Il12rb2	shared
CTY-0034	CD4+ Th2 cell	H2_cell_type	Homo_sapiens	Cell type present in human tissue: CD4+ Th2 cell, expressing CD4, GATA3, IL4, IL5, IL13	shared
CTY-0034	CD4+ Th2 cell	H2_cell_type	Mus_musculus	Cell type present in murine tissue: CD4+ Th2 cell, expressing Cd4, Gata3, Il4, Il5, Il13	shared
CTY-0035	CD4+ Th17 cell	H2_cell_type	Homo_sapiens	Cell type present in human tissue: CD4+ Th17 cell, expressing CD4, RORC, IL17A, CCR6, IL23R	shared
CTY-0035	CD4+ Th17 cell	H2_cell_type	Mus_musculus	Cell type present in murine tissue: CD4+ Th17 cell, expressing Cd4, Rorc, Il17a, Ccr6, Il23r	shared
CTY-0036	CD4+ follicular helper T cell	H2_cell_type	Homo_sapiens	Cell type present in human tissue: CD4+ follicular helper T cell, expressing CD4, CXCR5, BCL6, ICOS, POU2AF1	shared
CTY-0036	CD4+ follicular helper T cell	H2_cell_type	Mus_musculus	Cell type present in murine tissue: CD4+ follicular helper T cell, expressing Cd4, Cxcr5, Bcl6, Icos, Pou2af1	shared
CTY-0037	CD4+ central memory T cell	H2_cell_type	Homo_sapiens	Cell type present in human tissue: CD4+ central memory T cell, expressing CD4, CCR7, SELL, IL7R, TCF7	shared
CTY-0037	CD4+ central memory T cell	H2_cell_type	Mus_musculus	Cell type present in murine tissue: CD4+ central memory T cell, expressing Cd4, Ccr7, Sell, Il7r, Tcf7	shared
CTY-0038	regulatory T cell	H2_cell_type	Homo_sapiens	Cell type present in human tissue: regulatory T cell, expressing FOXP3, IL2RA, CTLA4, IKZF2	shared
CTY-0038	regulatory T cell	H2_cell_type	Mus_musculus	Cell type present in murine tissue: regulatory T cell, expressing Foxp3, Il2ra, Ctla4, Ikzf2	shared
CTY-0039	gamma-delta T cell	H2_cell_type	Homo_sapiens	Cell type present in human tissue: gamma-delta T cell, expressing TRDV2, TRGV9, TRDC, NKG7, GZMB	shared
CTY-0039	gamma-delta T cell	H2_cell_type	Mus_musculus	Cell type present in murine tissue: gamma-delta T cell, expressing Trdv4, Tcrg-C1, Trdc, Nkg7, Gzmb	shared
CTY-0040	NKT cell	H2_cell_type	Homo_sapiens	Cell type present in human tissue: NKT cell, expressing CD3E, KLRB1, ZBTB16, SLC4A10, TRAV10	shared
CTY-0040	NKT cell	H2_cell_type	Mus_musculus	Cell type present in murine tissue: NKT cell, expressing Cd3e, Klrb1c, Zbtb16, Slc4a10, Trav11	shared
CTY-0041	MAIT cell	H2_cell_type	Homo_sapiens	Cell type present in human tissue: MAIT cell, expressing SLC4A10, TRAV1-2, KLRB1, ZBTB16, IL18R1	shared
CTY-0041	MAIT cell	H2_cell_type	Mus_musculus	Cell type present in murine tissue: MAIT cell, expressing Slc4a10, Trav1, Klrb1c, Zbtb16, Il18r1	shared
CTY-0042	T cell proliferating state	H2_cell_type	Homo_sapiens	Cell type present in human tissue: T cell proliferating state, expressing MKI67, TOP2A, STMN1, TYMS, CDK1	shared
CTY-0042	T cell proliferating state	H2_cell_type	Mus_musculus	Cell type present in murine tissue: T cell proliferating state, expressing Mki67, Top2a, Stmn1, Tyms, Cdk1	shared
CTY-0043	T cell interferon-stimulated state	H2_cell_type	Homo_sapiens	Cell type present in human tissue: T cell interferon-stimulated state, expressing ISG15, MX1, IFIT1, IFI44L, STAT1	shared
CTY-0043	T cell interferon-stimulated state	H2_cell_type	Mus_musculus	Cell type present in murine tissue: T cell interferon-stimulated state, expressing Isg15, Mx1, Ifit1, Ifi44l, Stat1	shared
CTY-0044	CD8+ progenitor exhausted T cell	H2_cell_type	Homo_sapiens	Cell type present in human tissue: CD8+ progenitor exhausted T cell, expressing CD8A, TCF7, SLAMF6, PDCD1, CXCR5	shared
CTY-0044	CD8+ progenitor exhausted T cell	H2_cell_type	Mus_musculus	Cell type present in murine tissue: CD8+ progenitor exhausted T cell, expressing Cd8a, Tcf7, Slamf6, Pdcd1, Cxcr5	shared
CTY-0045	CD8+ terminally exhausted T cell	H2_cell_type	Homo_sapiens	Cell type present in human tissue: CD8+ terminally exhausted T cell, expressing CD8A, ENTPD1, HAVCR2, TOX, LAYN	shared
CTY-0045	CD8+ terminally exhausted T cell	H2_cell_type	Mus_musculus	Cell type present in murine tissue: CD8+ terminally exhausted T cell, expressing Cd8a, Entpd1, Havcr2, Tox, Layn	shared
CTY-0046	CD4+ Treg effector	H2_cell_type	Homo_sapiens	Cell type present in human tissue: CD4+ Treg effector, expressing CD4, FOXP3, IL2RA, CTLA4, TNFRSF18	shared
CTY-0046	CD4+ Treg effector	H2_cell_type	Mus_musculus	Cell type present in murine tissue: CD4+ Treg effector, expressing Cd4, Foxp3, Il2ra, Ctla4, Tnfrsf18	shared
CTY-0047	CD4+ cytotoxic T cell	H2_cell_type	Homo_sapiens	Cell type present in human tissue: CD4+ cytotoxic T cell, expressing CD4, GZMB, PRF1, NKG7, GNLY	shared
CTY-0047	CD4+ cytotoxic T cell	H2_cell_type	Mus_musculus	Cell type present in murine tissue: CD4+ cytotoxic T cell, expressing Cd4, Gzmb, Prf1, Nkg7, Gnly	shared
CTY-0048	naive B cell	H2_cell_type	Homo_sapiens	Cell type present in human tissue: naive B cell, expressing CD19, MS4A1, IGHD, IGHM, TCL1A	shared
CTY-0048	naive B cell	H2_cell_type	Mus_musculus	Cell type present in murine tissue: naive B cell, expressing Cd19, Ms4a1, Ighd, Ighm, Tcl1	shared
CTY-0049	memory B cell	H2_cell_type	Homo_sapiens	Cell type present in human tissue: memory B cell, expressing CD19, MS4A1, CD27, IGHG1, TNFRSF13B	shared
CTY-0049	memory B cell	H2_cell_type	Mus_musculus	Cell type present in murine tissue: memory B cell, expressing Cd19, Ms4a1, Cd27, Ighg1, Tnfrsf13b	shared
CTY-0050	germinal center B cell	H2_cell_type	Homo_sapiens	Cell type present in human tissue: germinal center B cell, expressing BCL6, AICDA, MME, SUGCT, RGS13	shared
CTY-0050	germinal center B cell	H2_cell_type	Mus_musculus	Cell type present in murine tissue: germinal center B cell, expressing Bcl6, Aicda, Mme, Sugct, Rgs13	shared
CTY-0051	plasmablast	H2_cell_type	Homo_sapiens	Cell type present in human tissue: plasmablast, expressing MZB1, XBP1, IRF4, PRDM1, IGHG1	shared
CTY-0051	plasmablast	H2_cell_type	Mus_musculus	Cell type present in murine tissue: plasmablast, expressing Mzb1, Xbp1, Irf4, Prdm1, Ighg1	shared
CTY-0052	plasma cell	H2_cell_type	Homo_sapiens	Cell type present in human tissue: plasma cell, expressing SDC1, MZB1, JCHAIN, XBP1	shared
CTY-0052	plasma cell	H2_cell_type	Mus_musculus	Cell type present in murine tissue: plasma cell, expressing Sdc1, Mzb1, Jchain, Xbp1	shared
CTY-0053	regulatory B cell	H2_cell_type	Homo_sapiens	Cell type present in human tissue: regulatory B cell, expressing CD19, IL10, CD1D, CD5, IGHM	shared
CTY-0053	regulatory B cell	H2_cell_type	Mus_musculus	Cell type present in murine tissue: regulatory B cell, expressing Cd19, Il10, Cd1d1, Cd5, Ighm	shared
CTY-0054	B cell interferon-stimulated state	H2_cell_type	Homo_sapiens	Cell type present in human tissue: B cell interferon-stimulated state	shared
CTY-0054	B cell interferon-stimulated state	H2_cell_type	Mus_musculus	Cell type present in murine tissue: B cell interferon-stimulated state	shared
CTY-0055	marginal zone B cell	H2_cell_type	Homo_sapiens	Cell type present in human tissue: marginal zone B cell, expressing CD19, CD1C, MZB1, NOTCH2, IGHM	shared
CTY-0055	marginal zone B cell	H2_cell_type	Mus_musculus	Cell type present in murine tissue: marginal zone B cell, expressing Cd19, Cd1d1, Mzb1, Notch2, Ighm	shared
CTY-0056	B-1 B cell	H2_cell_type	Homo_sapiens	Cell type present in human tissue: B-1 B cell, expressing CD5, IGHM, CD43, SIGLECG, ZNF423	shared
CTY-0056	B-1 B cell	H2_cell_type	Mus_musculus	Cell type present in murine tissue: B-1 B cell, expressing Cd5, Ighm, Spn, Siglecg, Zfp423	shared
CTY-0057	class-switched memory B cell	H2_cell_type	Homo_sapiens	Cell type present in human tissue: class-switched memory B cell, expressing CD27, CD19, IGHG1, IGHA1, GPR183	shared
CTY-0057	class-switched memory B cell	H2_cell_type	Mus_musculus	Cell type present in murine tissue: class-switched memory B cell, expressing Cd27, Cd19, Ighg1, Igha, Gpr183	shared
CTY-0058	NK cell CD56bright	H2_cell_type	Homo_sapiens	Cell type present in human tissue: NK cell CD56bright, expressing NCAM1, KLRC1, XCL1, SELL, GZMK	shared
CTY-0058	NK cell CD56bright	H2_cell_type	Mus_musculus	Cell type present in murine tissue: NK cell CD56bright, expressing Ncr1, Klrc1, Xcl1, Sell, Gzmk	shared
CTY-0059	NK cell CD56dim	H2_cell_type	Homo_sapiens	Cell type present in human tissue: NK cell CD56dim, expressing NCAM1, FCGR3A, GZMB, PRF1	shared
CTY-0059	NK cell CD56dim	H2_cell_type	Mus_musculus	Cell type present in murine tissue: NK cell CD56dim, expressing Ncr1, Klrb1c, Gzmb, Prf1	shared
CTY-0060	adaptive NK cell	H2_cell_type	Homo_sapiens	Cell type present in human tissue: adaptive NK cell, expressing KLRC2, IFNG, GZMH, FCGR3A, CD2	shared
CTY-0060	adaptive NK cell	H2_cell_type	Mus_musculus	Cell type present in murine tissue: adaptive NK cell, expressing Klrc2, Ifng, Gzmb, Fcgr3, Cd2	shared
CTY-0061	tissue-resident NK cell	H2_cell_type	Homo_sapiens	Cell type present in human tissue: tissue-resident NK cell, expressing EOMES, CD69, ITGAE, CXCR6, NCAM1	shared
CTY-0061	tissue-resident NK cell	H2_cell_type	Mus_musculus	Cell type present in murine tissue: tissue-resident NK cell, expressing Eomes, Cd69, Itgae, Cxcr6, Ncr1	shared
CTY-0062	exhausted NK cell	H2_cell_type	Homo_sapiens	Cell type present in human tissue: exhausted NK cell, expressing TIGIT, LAG3, PDCD1, HAVCR2, CD96	shared
CTY-0062	exhausted NK cell	H2_cell_type	Mus_musculus	Cell type present in murine tissue: exhausted NK cell, expressing Tigit, Lag3, Pdcd1, Havcr2, Cd96	shared
CTY-0063	ILC1	H2_cell_type	Homo_sapiens	Cell type present in human tissue: ILC1, expressing TBX21, IFNG, NCR1, IL7R, KLRB1	shared
CTY-0063	ILC1	H2_cell_type	Mus_musculus	Cell type present in murine tissue: ILC1, expressing Tbx21, Ifng, Ncr1, Il7r, Klrb1c	shared
CTY-0064	ILC2	H2_cell_type	Homo_sapiens	Cell type present in human tissue: ILC2, expressing GATA3, IL1RL1, PTGDR2, IL7R, AREG	shared
CTY-0064	ILC2	H2_cell_type	Mus_musculus	Cell type present in murine tissue: ILC2, expressing Gata3, Il1rl1, Ptgdr2, Il7r, Areg	shared
CTY-0065	ILC3	H2_cell_type	Homo_sapiens	Cell type present in human tissue: ILC3, expressing RORC, IL7R, IL22, NCR2, KIT	shared
CTY-0065	ILC3	H2_cell_type	Mus_musculus	Cell type present in murine tissue: ILC3, expressing Rorc, Il7r, Il22, Ncr2, Kit	shared
CTY-0066	lymphoid tissue inducer cell	H2_cell_type	Homo_sapiens	Cell type present in human tissue: lymphoid tissue inducer cell, expressing RORC, IL7R, LTA, LTB, CXCR5	shared
CTY-0066	lymphoid tissue inducer cell	H2_cell_type	Mus_musculus	Cell type present in murine tissue: lymphoid tissue inducer cell, expressing Rorc, Il7r, Lta, Ltb, Cxcr5	shared
CTY-0067	classical monocyte	H2_cell_type	Homo_sapiens	Cell type present in human tissue: classical monocyte, expressing CD14, S100A8, S100A9, FCN1, VCAN	shared
CTY-0067	classical monocyte	H2_cell_type	Mus_musculus	Cell type present in murine tissue: classical monocyte, expressing Cd14, S100a8, S100a9, Fcn1, Vcan	shared
CTY-0068	non-classical monocyte	H2_cell_type	Homo_sapiens	Cell type present in human tissue: non-classical monocyte, expressing FCGR3A, CX3CR1, CDKN1C, MS4A7, LILRB2	shared
CTY-0068	non-classical monocyte	H2_cell_type	Mus_musculus	Cell type present in murine tissue: non-classical monocyte, expressing Fcgr3, Cx3cr1, Cdkn1c, Ms4a7, Lilrb4a	shared
CTY-0069	M1-like pro-inflammatory macrophage	H2_cell_type	Homo_sapiens	Cell type present in human tissue: M1-like pro-inflammatory macrophage, expressing CD68, NOS2, TNF, IL1B, IL6	shared
CTY-0069	M1-like pro-inflammatory macrophage	H2_cell_type	Mus_musculus	Cell type present in murine tissue: M1-like pro-inflammatory macrophage, expressing Cd68, Nos2, Tnf, Il1b, Il6	shared
CTY-0070	M2-like anti-inflammatory macrophage	H2_cell_type	Homo_sapiens	Cell type present in human tissue: M2-like anti-inflammatory macrophage, expressing CD68, CD163, MRC1, ARG1	shared
CTY-0070	M2-like anti-inflammatory macrophage	H2_cell_type	Mus_musculus	Cell type present in murine tissue: M2-like anti-inflammatory macrophage, expressing Cd68, Cd163, Mrc1, Arg1	shared
CTY-0071	tumor-associated macrophage	H2_cell_type	Homo_sapiens	Cell type present in human tissue: tumor-associated macrophage, expressing CD68, TREM2, SPP1, APOE	shared
CTY-0071	tumor-associated macrophage	H2_cell_type	Mus_musculus	Cell type present in murine tissue: tumor-associated macrophage, expressing Cd68, Trem2, Spp1, Apoe	shared
CTY-0072	lipid-associated macrophage	H2_cell_type	Homo_sapiens	Cell type present in human tissue: lipid-associated macrophage, expressing TREM2, LPL, LIPA, FABP5, CD9	shared
CTY-0072	lipid-associated macrophage	H2_cell_type	Mus_musculus	Cell type present in murine tissue: lipid-associated macrophage, expressing Trem2, Lpl, Lipa, Fabp5, Cd9	shared
CTY-0073	TREM2-positive macrophage	H2_cell_type	Homo_sapiens	Cell type present in human tissue: TREM2-positive macrophage, expressing TREM2, APOE, C1QA, CD163, SPP1	shared
CTY-0073	TREM2-positive macrophage	H2_cell_type	Mus_musculus	Cell type present in murine tissue: TREM2-positive macrophage, expressing Trem2, Apoe, C1qa, Cd163, Spp1	shared
CTY-0074	SPP1-positive macrophage	H2_cell_type	Homo_sapiens	Cell type present in human tissue: SPP1-positive macrophage, expressing SPP1, MMP9, VEGFA, CD68, FN1	shared
CTY-0074	SPP1-positive macrophage	H2_cell_type	Mus_musculus	Cell type present in murine tissue: SPP1-positive macrophage, expressing Spp1, Mmp9, Vegfa, Cd68, Fn1	shared
CTY-0075	Kupffer cell	H2_cell_type	Homo_sapiens	Cell type present in human tissue: Kupffer cell, expressing CLEC4F, TIMD4, MARCO, CD163, CD68	shared
CTY-0075	Kupffer cell	H2_cell_type	Mus_musculus	Cell type present in murine tissue: Kupffer cell, expressing Clec4f, Timd4, Marco, Cd163, Cd68	shared
CTY-0076	alveolar macrophage	H2_cell_type	Homo_sapiens	Cell type present in human tissue: alveolar macrophage, expressing MARCO, FABP4, PPARG, MCEMP1, CD68	shared
CTY-0076	alveolar macrophage	H2_cell_type	Mus_musculus	Cell type present in murine tissue: alveolar macrophage, expressing Marco, Fabp4, Pparg, Mcemp1, Cd68	shared
CTY-0077	homeostatic microglia	H2_cell_type	Homo_sapiens	Cell type present in human tissue: homeostatic microglia, expressing P2RY12, CX3CR1, TMEM119, SALL1, CSF1R	shared
CTY-0077	homeostatic microglia	H2_cell_type	Mus_musculus	Cell type present in murine tissue: homeostatic microglia, expressing P2ry12, Cx3cr1, Tmem119, Sall1, Csf1r	shared
CTY-0078	disease-associated microglia	H2_cell_type	Homo_sapiens	Cell type present in human tissue: disease-associated microglia, expressing TREM2, APOE, LPL, SPP1, TYROBP	shared
CTY-0078	disease-associated microglia	H2_cell_type	Mus_musculus	Cell type present in murine tissue: disease-associated microglia, expressing Trem2, Apoe, Lpl, Spp1, Tyrobp	shared
CTY-0079	osteoclast	H2_cell_type	Homo_sapiens	Cell type present in human tissue: osteoclast, expressing ACP5, CTSK, MMP9, CALCR, DCSTAMP	shared
CTY-0079	osteoclast	H2_cell_type	Mus_musculus	Cell type present in murine tissue: osteoclast, expressing Acp5, Ctsk, Mmp9, Calcr, Dcstamp	shared
CTY-0080	tissue-resident macrophage	H2_cell_type	Homo_sapiens	Cell type present in human tissue: tissue-resident macrophage, expressing CD68, C1QA, C1QB, MRC1, LYVE1	shared
CTY-0080	tissue-resident macrophage	H2_cell_type	Mus_musculus	Cell type present in murine tissue: tissue-resident macrophage, expressing Cd68, C1qa, C1qb, Mrc1, Lyve1	shared
CTY-0081	peritoneal macrophage	H2_cell_type	Homo_sapiens	Cell type present in human tissue: peritoneal macrophage, expressing CD68, GATA6, TGFB2, RARRES2, ICAM2	shared
CTY-0081	peritoneal macrophage	H2_cell_type	Mus_musculus	Cell type present in murine tissue: peritoneal macrophage, expressing Cd68, Gata6, Tgfb2, Rarres2, Icam2	shared
CTY-0082	red pulp macrophage	H2_cell_type	Homo_sapiens	Cell type present in human tissue: red pulp macrophage, expressing SPI1, VCAM1, SPIC, CD68, HMOX1	shared
CTY-0082	red pulp macrophage	H2_cell_type	Mus_musculus	Cell type present in murine tissue: red pulp macrophage, expressing Spi1, Vcam1, Spic, Cd68, Hmox1	shared
CTY-0083	interstitial macrophage	H2_cell_type	Homo_sapiens	Cell type present in human tissue: interstitial macrophage, expressing CD68, MAFB, CX3CR1, LYVE1, CCR2	shared
CTY-0083	interstitial macrophage	H2_cell_type	Mus_musculus	Cell type present in murine tissue: interstitial macrophage, expressing Cd68, Mafb, Cx3cr1, Lyve1, Ccr2	shared
CTY-0084	erythrophagocytic macrophage	H2_cell_type	Homo_sapiens	Cell type present in human tissue: erythrophagocytic macrophage, expressing CD68, HMOX1, SLC40A1, SPI1, CD163	shared
CTY-0084	erythrophagocytic macrophage	H2_cell_type	Mus_musculus	Cell type present in murine tissue: erythrophagocytic macrophage, expressing Cd68, Hmox1, Slc40a1, Spi1, Cd163	shared
CTY-0085	cDC1	H2_cell_type	Homo_sapiens	Cell type present in human tissue: cDC1, expressing CLEC9A, XCR1, BATF3, IRF8	shared
CTY-0085	cDC1	H2_cell_type	Mus_musculus	Cell type present in murine tissue: cDC1, expressing Clec9a, Xcr1, Batf3, Irf8	shared
CTY-0086	cDC2	H2_cell_type	Homo_sapiens	Cell type present in human tissue: cDC2, expressing CD1C, FCER1A, CLEC10A, IRF4	shared
CTY-0086	cDC2	H2_cell_type	Mus_musculus	Cell type present in murine tissue: cDC2, expressing Cd1c, Fcer1a, Clec10a, Irf4	shared
CTY-0087	plasmacytoid dendritic cell	H2_cell_type	Homo_sapiens	Cell type present in human tissue: plasmacytoid dendritic cell, expressing LILRA4, IRF7, TCF4, CLEC4C	shared
CTY-0087	plasmacytoid dendritic cell	H2_cell_type	Mus_musculus	Cell type present in murine tissue: plasmacytoid dendritic cell, expressing Siglech, Irf7, Tcf4, Bst2	shared
CTY-0088	mature LAMP3-positive dendritic cell	H2_cell_type	Homo_sapiens	Cell type present in human tissue: mature LAMP3-positive dendritic cell, expressing LAMP3, CCR7, CCL19, IDO1, FSCN1	shared
CTY-0088	mature LAMP3-positive dendritic cell	H2_cell_type	Mus_musculus	Cell type present in murine tissue: mature LAMP3-positive dendritic cell, expressing Lamp3, Ccr7, Ccl19, Ido1, Fscn1	shared
CTY-0089	monocyte-derived dendritic cell	H2_cell_type	Homo_sapiens	Cell type present in human tissue: monocyte-derived dendritic cell, expressing CD1C, CD14, ITGAX, FLT3, ZBTB46	shared
CTY-0089	monocyte-derived dendritic cell	H2_cell_type	Mus_musculus	Cell type present in murine tissue: monocyte-derived dendritic cell, expressing Cd1c, Cd14, Itgax, Flt3, Zbtb46	shared
CTY-0090	Langerhans cell	H2_cell_type	Homo_sapiens	Cell type present in human tissue: Langerhans cell, expressing CD207, CD1A, EPCAM, TROP2, LANGERIN	shared
CTY-0090	Langerhans cell	H2_cell_type	Mus_musculus	Cell type present in murine tissue: Langerhans cell, expressing Cd207, Cd1d1, Epcam, Trop2, Cd207	shared
CTY-0091	inflammatory dendritic cell	H2_cell_type	Homo_sapiens	Cell type present in human tissue: inflammatory dendritic cell, expressing CD14, ITGAX, TNF, IL1B, FCN1	shared
CTY-0091	inflammatory dendritic cell	H2_cell_type	Mus_musculus	Cell type present in murine tissue: inflammatory dendritic cell, expressing Cd14, Itgax, Tnf, Il1b, Fcn1	shared
CTY-0092	tolerogenic dendritic cell	H2_cell_type	Homo_sapiens	Cell type present in human tissue: tolerogenic dendritic cell, expressing IDO1, IL10, PDCD1LG2, CD274, AREG	shared
CTY-0092	tolerogenic dendritic cell	H2_cell_type	Mus_musculus	Cell type present in murine tissue: tolerogenic dendritic cell, expressing Ido1, Il10, Pdcd1lg2, Cd274, Areg	shared
CTY-0093	migratory dendritic cell	H2_cell_type	Homo_sapiens	Cell type present in human tissue: migratory dendritic cell, expressing CCR7, LAMP3, FSCN1, CCL19, CD80	shared
CTY-0093	migratory dendritic cell	H2_cell_type	Mus_musculus	Cell type present in murine tissue: migratory dendritic cell, expressing Ccr7, Lamp3, Fscn1, Ccl19, Cd80	shared
CTY-0094	follicular dendritic cell	H2_cell_type	Homo_sapiens	Cell type present in human tissue: follicular dendritic cell, expressing CR2, CXCL13, FDCSP, CLU, PRNP	shared
CTY-0094	follicular dendritic cell	H2_cell_type	Mus_musculus	Cell type present in murine tissue: follicular dendritic cell, expressing Cr2, Cxcl13, Fdcsp, Clu, Prnp	shared
CTY-0095	neutrophil	H2_cell_type	Homo_sapiens	Cell type present in human tissue: neutrophil, expressing FCGR3B, CXCR2, S100A8, S100A9	shared
CTY-0095	neutrophil	H2_cell_type	Mus_musculus	Cell type present in murine tissue: neutrophil, expressing Ly6g, Cxcr2, S100a8, S100a9	shared
CTY-0096	N1 anti-tumor neutrophil	H2_cell_type	Homo_sapiens	Cell type present in human tissue: N1 anti-tumor neutrophil, expressing ICAM1, TNF, TRAIL, ROS1, S100A8	shared
CTY-0096	N1 anti-tumor neutrophil	H2_cell_type	Mus_musculus	Cell type present in murine tissue: N1 anti-tumor neutrophil, expressing Icam1, Tnf, Tnfsf10, Ros1, S100a8	shared
CTY-0097	N2 pro-tumor neutrophil	H2_cell_type	Homo_sapiens	Cell type present in human tissue: N2 pro-tumor neutrophil, expressing ARG1, CCL2, VEGFA, MMP9, S100A8	shared
CTY-0097	N2 pro-tumor neutrophil	H2_cell_type	Mus_musculus	Cell type present in murine tissue: N2 pro-tumor neutrophil, expressing Arg1, Ccl2, Vegfa, Mmp9, S100a8	shared
CTY-0098	eosinophil	H2_cell_type	Homo_sapiens	Cell type present in human tissue: eosinophil, expressing CLC, EPX, PRG2, SIGLEC8, CCR3	shared
CTY-0098	eosinophil	H2_cell_type	Mus_musculus	Cell type present in murine tissue: eosinophil, expressing Epx, Prg2, Siglecf, Ccr3, Il5ra	shared
CTY-0099	basophil	H2_cell_type	Homo_sapiens	Cell type present in human tissue: basophil, expressing CPA3, GATA2, HDC, MS4A2, IL4	shared
CTY-0099	basophil	H2_cell_type	Mus_musculus	Cell type present in murine tissue: basophil, expressing Cpa3, Gata2, Hdc, Ms4a2, Il4	shared
CTY-0100	connective tissue mast cell	H2_cell_type	Homo_sapiens	Cell type present in human tissue: connective tissue mast cell, expressing TPSAB1, CMA1, CPA3, KIT, MS4A2	shared
CTY-0100	connective tissue mast cell	H2_cell_type	Mus_musculus	Cell type present in murine tissue: connective tissue mast cell, expressing Tpsab1, Cma1, Cpa3, Kit, Ms4a2	shared
CTY-0101	mucosal mast cell	H2_cell_type	Homo_sapiens	Cell type present in human tissue: mucosal mast cell, expressing TPSAB1, TPSB2, KIT, GATA2, IL4	shared
CTY-0101	mucosal mast cell	H2_cell_type	Mus_musculus	Cell type present in murine tissue: mucosal mast cell, expressing Tpsab1, Tpsb2, Kit, Gata2, Il4	shared
CTY-0102	myeloid-derived suppressor cell	H2_cell_type	Homo_sapiens	Cell type present in human tissue: myeloid-derived suppressor cell, expressing S100A8, S100A9, ARG1, CD33, ITGAM	shared
CTY-0102	myeloid-derived suppressor cell	H2_cell_type	Mus_musculus	Cell type present in murine tissue: myeloid-derived suppressor cell, expressing S100a8, S100a9, Arg1, Cd33, Itgam	shared
CTY-0103	normal quiescent fibroblast	H2_cell_type	Homo_sapiens	Cell type present in human tissue: normal quiescent fibroblast, expressing DCN, LUM, COL1A1, VIM, TCF21	shared
CTY-0103	normal quiescent fibroblast	H2_cell_type	Mus_musculus	Cell type present in murine tissue: normal quiescent fibroblast, expressing Dcn, Lum, Col1a1, Vim, Tcf21	shared
CTY-0104	myofibroblast	H2_cell_type	Homo_sapiens	Cell type present in human tissue: myofibroblast, expressing ACTA2, TAGLN, CNN1, COL1A1, MYH11	shared
CTY-0104	myofibroblast	H2_cell_type	Mus_musculus	Cell type present in murine tissue: myofibroblast, expressing Acta2, Tagln, Cnn1, Col1a1, Myh11	shared
CTY-0105	myofibroblastic CAF	H2_cell_type	Homo_sapiens	Cell type present in human tissue: myofibroblastic CAF, expressing ACTA2, FAP, POSTN, COL1A1	shared
CTY-0105	myofibroblastic CAF	H2_cell_type	Mus_musculus	Cell type present in murine tissue: myofibroblastic CAF, expressing Acta2, Fap, Postn, Col1a1	shared
CTY-0106	inflammatory CAF	H2_cell_type	Homo_sapiens	Cell type present in human tissue: inflammatory CAF, expressing IL6, CXCL1, CXCL12, PDGFRA	shared
CTY-0106	inflammatory CAF	H2_cell_type	Mus_musculus	Cell type present in murine tissue: inflammatory CAF, expressing Il6, Cxcl1, Cxcl12, Pdgfra	shared
CTY-0107	antigen-presenting CAF	H2_cell_type	Homo_sapiens	Cell type present in human tissue: antigen-presenting CAF, expressing CD74, HLA-DRA, HLA-DPA1, PDGFRA, CLU	shared
CTY-0107	antigen-presenting CAF	H2_cell_type	Mus_musculus	Cell type present in murine tissue: antigen-presenting CAF, expressing Cd74, H2-Aa, H2-Ab1, Pdgfra, Clu	shared
CTY-0108	pericyte	H2_cell_type	Homo_sapiens	Cell type present in human tissue: pericyte, expressing PDGFRB, RGS5, CSPG4, ACTA2	shared
CTY-0108	pericyte	H2_cell_type	Mus_musculus	Cell type present in murine tissue: pericyte, expressing Pdgfrb, Rgs5, Cspg4, Acta2	shared
CTY-0109	adventitial fibroblast	H2_cell_type	Homo_sapiens	Cell type present in human tissue: adventitial fibroblast, expressing PI16, DPT, MFAP5, COL1A1, DCN	shared
CTY-0109	adventitial fibroblast	H2_cell_type	Mus_musculus	Cell type present in murine tissue: adventitial fibroblast, expressing Pi16, Dpt, Mfap5, Col1a1, Dcn	shared
CTY-0110	reticular fibroblast	H2_cell_type	Homo_sapiens	Cell type present in human tissue: reticular fibroblast, expressing CCL19, CCL21, CXCL13, CLU, PDPN	shared
CTY-0110	reticular fibroblast	H2_cell_type	Mus_musculus	Cell type present in murine tissue: reticular fibroblast, expressing Ccl19, Ccl21a, Cxcl13, Clu, Pdpn	shared
CTY-0111	perivascular fibroblast	H2_cell_type	Homo_sapiens	Cell type present in human tissue: perivascular fibroblast, expressing PDGFRB, COL1A1, NOTCH3, MCAM, RGS5	shared
CTY-0111	perivascular fibroblast	H2_cell_type	Mus_musculus	Cell type present in murine tissue: perivascular fibroblast, expressing Pdgfrb, Col1a1, Notch3, Mcam, Rgs5	shared
CTY-0112	matrix-producing fibroblast	H2_cell_type	Homo_sapiens	Cell type present in human tissue: matrix-producing fibroblast, expressing COL1A1, COL3A1, FN1, POSTN, LOX	shared
CTY-0112	matrix-producing fibroblast	H2_cell_type	Mus_musculus	Cell type present in murine tissue: matrix-producing fibroblast, expressing Col1a1, Col3a1, Fn1, Postn, Lox	shared
CTY-0113	wound-healing fibroblast	H2_cell_type	Homo_sapiens	Cell type present in human tissue: wound-healing fibroblast, expressing ACTA2, FN1, COL1A1, TGFB1, CTGF	shared
CTY-0113	wound-healing fibroblast	H2_cell_type	Mus_musculus	Cell type present in murine tissue: wound-healing fibroblast, expressing Acta2, Fn1, Col1a1, Tgfb1, Ctgf	shared
CTY-0114	senescent fibroblast	H2_cell_type	Homo_sapiens	Cell type present in human tissue: senescent fibroblast, expressing CDKN1A, CDKN2A, IL6, CXCL8, SERPINE1	shared
CTY-0114	senescent fibroblast	H2_cell_type	Mus_musculus	Cell type present in murine tissue: senescent fibroblast, expressing Cdkn1a, Cdkn2a, Il6, Cxcl1, Serpine1	shared
CTY-0115	arterial endothelial cell	H2_cell_type	Homo_sapiens	Cell type present in human tissue: arterial endothelial cell, expressing PECAM1, GJA5, HEY1, EFNB2, BMX	shared
CTY-0115	arterial endothelial cell	H2_cell_type	Mus_musculus	Cell type present in murine tissue: arterial endothelial cell, expressing Pecam1, Gja5, Hey1, Efnb2, Bmx	shared
CTY-0116	venous endothelial cell	H2_cell_type	Homo_sapiens	Cell type present in human tissue: venous endothelial cell, expressing PECAM1, ACKR1, PLVAP, VWF, NR2F2	shared
CTY-0116	venous endothelial cell	H2_cell_type	Mus_musculus	Cell type present in murine tissue: venous endothelial cell, expressing Pecam1, Ackr1, Plvap, Vwf, Nr2f2	shared
CTY-0117	capillary endothelial cell	H2_cell_type	Homo_sapiens	Cell type present in human tissue: capillary endothelial cell, expressing PECAM1, RGCC, CA4, GPIHBP1, CD36	shared
CTY-0117	capillary endothelial cell	H2_cell_type	Mus_musculus	Cell type present in murine tissue: capillary endothelial cell, expressing Pecam1, Rgcc, Car4, Gpihbp1, Cd36	shared
CTY-0118	lymphatic endothelial cell	H2_cell_type	Homo_sapiens	Cell type present in human tissue: lymphatic endothelial cell, expressing PROX1, LYVE1, PDPN, FLT4, CCL21	shared
CTY-0118	lymphatic endothelial cell	H2_cell_type	Mus_musculus	Cell type present in murine tissue: lymphatic endothelial cell, expressing Prox1, Lyve1, Pdpn, Flt4, Ccl21a	shared
CTY-0119	angiogenic tip cell	H2_cell_type	Homo_sapiens	Cell type present in human tissue: angiogenic tip cell, expressing ESM1, CXCR4, APLN, DLL4, KDR	shared
CTY-0119	angiogenic tip cell	H2_cell_type	Mus_musculus	Cell type present in murine tissue: angiogenic tip cell, expressing Esm1, Cxcr4, Apln, Dll4, Kdr	shared
CTY-0120	angiogenic stalk cell	H2_cell_type	Homo_sapiens	Cell type present in human tissue: angiogenic stalk cell, expressing PECAM1, NOTCH1, JAG1, DLL4, HEY1	shared
CTY-0120	angiogenic stalk cell	H2_cell_type	Mus_musculus	Cell type present in murine tissue: angiogenic stalk cell, expressing Pecam1, Notch1, Jag1, Dll4, Hey1	shared
CTY-0121	high endothelial venule cell	H2_cell_type	Homo_sapiens	Cell type present in human tissue: high endothelial venule cell, expressing ACKR1, TREM1, GBP5, CCL21, PECAM1	shared
CTY-0121	high endothelial venule cell	H2_cell_type	Mus_musculus	Cell type present in murine tissue: high endothelial venule cell, expressing Ackr1, Trem1, Gbp5, Ccl21a, Pecam1	shared
CTY-0122	tumor endothelial cell	H2_cell_type	Homo_sapiens	Cell type present in human tissue: tumor endothelial cell, expressing PECAM1, PLVAP, IGFBP7, INSR, HSPG2	shared
CTY-0122	tumor endothelial cell	H2_cell_type	Mus_musculus	Cell type present in murine tissue: tumor endothelial cell, expressing Pecam1, Plvap, Igfbp7, Insr, Hspg2	shared
CTY-0123	mesenchymal stem cell	H2_cell_type	Homo_sapiens	Cell type present in human tissue: mesenchymal stem cell, expressing ENG, NT5E, THY1, VCAM1, PDGFRB	shared
CTY-0123	mesenchymal stem cell	H2_cell_type	Mus_musculus	Cell type present in murine tissue: mesenchymal stem cell, expressing Eng, Nt5e, Thy1, Vcam1, Pdgfrb	shared
CTY-0124	adipocyte	H2_cell_type	Homo_sapiens	Cell type present in human tissue: adipocyte, expressing PPARG, ADIPOQ, LEP, FABP4, PLIN1	shared
CTY-0124	adipocyte	H2_cell_type	Mus_musculus	Cell type present in murine tissue: adipocyte, expressing Pparg, Adipoq, Lep, Fabp4, Plin1	shared
CTY-0125	osteoblast	H2_cell_type	Homo_sapiens	Cell type present in human tissue: osteoblast, expressing BGLAP, RUNX2, SP7, COL1A1, ALPL	shared
CTY-0125	osteoblast	H2_cell_type	Mus_musculus	Cell type present in murine tissue: osteoblast, expressing Bglap, Runx2, Sp7, Col1a1, Alpl	shared
CTY-0126	chondrocyte	H2_cell_type	Homo_sapiens	Cell type present in human tissue: chondrocyte, expressing SOX9, COL2A1, ACAN, COL9A1, COMP	shared
CTY-0126	chondrocyte	H2_cell_type	Mus_musculus	Cell type present in murine tissue: chondrocyte, expressing Sox9, Col2a1, Acan, Col9a1, Comp	shared
CTY-0127	smooth muscle cell	H2_cell_type	Homo_sapiens	Cell type present in human tissue: smooth muscle cell, expressing ACTA2, MYH11, CNN1, TAGLN, SMTN	shared
CTY-0127	smooth muscle cell	H2_cell_type	Mus_musculus	Cell type present in murine tissue: smooth muscle cell, expressing Acta2, Myh11, Cnn1, Tagln, Smtn	shared
CTY-0128	hepatic stellate cell	H2_cell_type	Homo_sapiens	Cell type present in human tissue: hepatic stellate cell, expressing LRAT, RGS5, PDGFRB, HGF, DES	shared
CTY-0128	hepatic stellate cell	H2_cell_type	Mus_musculus	Cell type present in murine tissue: hepatic stellate cell, expressing Lrat, Rgs5, Pdgfrb, Hgf, Des	shared
CTY-0129	pancreatic stellate cell	H2_cell_type	Homo_sapiens	Cell type present in human tissue: pancreatic stellate cell, expressing ACTA2, PDGFRB, COL1A1, DES, VIM	shared
CTY-0129	pancreatic stellate cell	H2_cell_type	Mus_musculus	Cell type present in murine tissue: pancreatic stellate cell, expressing Acta2, Pdgfrb, Col1a1, Des, Vim	shared
CTY-0130	mesothelial cell	H2_cell_type	Homo_sapiens	Cell type present in human tissue: mesothelial cell, expressing MSLN, KRT19, WT1, UPK3B, CALB2	shared
CTY-0130	mesothelial cell	H2_cell_type	Mus_musculus	Cell type present in murine tissue: mesothelial cell, expressing Msln, Krt19, Wt1, Upk3b, Calb2	shared
CTY-0131	neuron	H2_cell_type	Homo_sapiens	Cell type present in human tissue: neuron, expressing RBFOX3, SYP, MAP2, SNAP25, NRGN	shared
CTY-0131	neuron	H2_cell_type	Mus_musculus	Cell type present in murine tissue: neuron, expressing Rbfox3, Syp, Map2, Snap25, Nrgn	shared
CTY-0132	Schwann cell	H2_cell_type	Homo_sapiens	Cell type present in human tissue: Schwann cell, expressing MPZ, PMP22, MBP, SOX10, S100B	shared
CTY-0132	Schwann cell	H2_cell_type	Mus_musculus	Cell type present in murine tissue: Schwann cell, expressing Mpz, Pmp22, Mbp, Sox10, S100b	shared
CTY-0133	oligodendrocyte	H2_cell_type	Homo_sapiens	Cell type present in human tissue: oligodendrocyte, expressing MBP, PLP1, MOG, MAG, CLDN11	shared
CTY-0133	oligodendrocyte	H2_cell_type	Mus_musculus	Cell type present in murine tissue: oligodendrocyte, expressing Mbp, Plp1, Mog, Mag, Cldn11	shared
CTY-0134	astrocyte	H2_cell_type	Homo_sapiens	Cell type present in human tissue: astrocyte, expressing GFAP, AQP4, S100B, ALDH1L1, SLC1A2	shared
CTY-0134	astrocyte	H2_cell_type	Mus_musculus	Cell type present in murine tissue: astrocyte, expressing Gfap, Aqp4, S100b, Aldh1l1, Slc1a2	shared
CTY-0135	enteric glial cell	H2_cell_type	Homo_sapiens	Cell type present in human tissue: enteric glial cell, expressing S100B, SOX10, PLP1, GFAP, GPR37L1	shared
CTY-0135	enteric glial cell	H2_cell_type	Mus_musculus	Cell type present in murine tissue: enteric glial cell, expressing S100b, Sox10, Plp1, Gfap, Gpr37l1	shared
CTY-0136	satellite glial cell	H2_cell_type	Homo_sapiens	Cell type present in human tissue: satellite glial cell, expressing FABP7, SOX10, S100B, GPR37L1, KCNJ10	shared
CTY-0136	satellite glial cell	H2_cell_type	Mus_musculus	Cell type present in murine tissue: satellite glial cell, expressing Fabp7, Sox10, S100b, Gpr37l1, Kcnj10	shared
CTY-0137	erythrocyte	H2_cell_type	Homo_sapiens	Cell type present in human tissue: erythrocyte, expressing HBA1, HBA2, HBB, SLC4A1, GYPA	shared
CTY-0137	erythrocyte	H2_cell_type	Mus_musculus	Cell type present in murine tissue: erythrocyte, expressing Hba-a1, Hba-a2, Hbb-bs, Slc4a1, Gypa	shared
CTY-0138	megakaryocyte	H2_cell_type	Homo_sapiens	Cell type present in human tissue: megakaryocyte, expressing GP1BA, ITGA2B, PF4, PPBP, TUBB1	shared
CTY-0138	megakaryocyte	H2_cell_type	Mus_musculus	Cell type present in murine tissue: megakaryocyte, expressing Gp1ba, Itga2b, Pf4, Ppbp, Tubb1	shared
CTY-0139	platelet	H2_cell_type	Homo_sapiens	Cell type present in human tissue: platelet, expressing PF4, PPBP, GP9, ITGA2B, TUBB1	shared
CTY-0139	platelet	H2_cell_type	Mus_musculus	Cell type present in murine tissue: platelet, expressing Pf4, Ppbp, Gp9, Itga2b, Tubb1	shared
CTY-0140	hematopoietic stem cell	H2_cell_type	Homo_sapiens	Cell type present in human tissue: hematopoietic stem cell, expressing CD34, KIT, THY1, CXCR4	shared
CTY-0140	hematopoietic stem cell	H2_cell_type	Mus_musculus	Cell type present in murine tissue: hematopoietic stem cell, expressing Kit, Sca1, Thy1, Cxcr4	shared
CTY-0141	podocyte	H2_cell_type	Homo_sapiens	Cell type present in human tissue: podocyte, expressing NPHS1, NPHS2, SYNPO, WT1, PODXL	shared
CTY-0141	podocyte	H2_cell_type	Mus_musculus	Cell type present in murine tissue: podocyte, expressing Nphs1, Nphs2, Synpo, Wt1, Podxl	shared
CTY-0142	melanocyte	H2_cell_type	Homo_sapiens	Cell type present in human tissue: melanocyte, expressing MITF, TYR, PMEL, DCT, SOX10	shared
CTY-0142	melanocyte	H2_cell_type	Mus_musculus	Cell type present in murine tissue: melanocyte, expressing Mitf, Tyr, Pmel, Dct, Sox10	shared
CTY-0143	thyroid follicular cell	H2_cell_type	Homo_sapiens	Cell type present in human tissue: thyroid follicular cell, expressing TG, TPO, NIS, TSHR, PAX8	shared
CTY-0143	thyroid follicular cell	H2_cell_type	Mus_musculus	Cell type present in murine tissue: thyroid follicular cell, expressing Tg, Tpo, Slc5a5, Tshr, Pax8	shared
CTY-0144	alveolar epithelial progenitor	H2_cell_type	Homo_sapiens	Cell type present in human tissue: alveolar epithelial progenitor, expressing SFTPC, NKX2-1, SOX9, AXIN2, LGR5	shared
CTY-0144	alveolar epithelial progenitor	H2_cell_type	Mus_musculus	Cell type present in murine tissue: alveolar epithelial progenitor, expressing Sftpc, Nkx2-1, Sox9, Axin2, Lgr5	shared
CTY-0145	intestinal stem cell	H2_cell_type	Homo_sapiens	Cell type present in human tissue: intestinal stem cell, expressing LGR5, OLFM4, ASCL2, SOX9, EPHB2	shared
CTY-0145	intestinal stem cell	H2_cell_type	Mus_musculus	Cell type present in murine tissue: intestinal stem cell, expressing Lgr5, Olfm4, Ascl2, Sox9, Ephb2	shared
CTY-0146	pancreatic acinar cell	H2_cell_type	Homo_sapiens	Cell type present in human tissue: pancreatic acinar cell, expressing PRSS1, CPA1, CELA3A, AMY2A, PNLIP	shared
CTY-0146	pancreatic acinar cell	H2_cell_type	Mus_musculus	Cell type present in murine tissue: pancreatic acinar cell, expressing Prss1, Cpa1, Cela3a, Amy2a5, Pnlip	shared
CTY-0147	pancreatic beta cell	H2_cell_type	Homo_sapiens	Cell type present in human tissue: pancreatic beta cell, expressing INS, MAFA, PDX1, NKX6-1, GCK	shared
CTY-0147	pancreatic beta cell	H2_cell_type	Mus_musculus	Cell type present in murine tissue: pancreatic beta cell, expressing Ins1, Ins2, Mafa, Pdx1, Nkx6-1	shared
CTY-0148	pancreatic alpha cell	H2_cell_type	Homo_sapiens	Cell type present in human tissue: pancreatic alpha cell, expressing GCG, ARX, IRX2, GC, MAFB	shared
CTY-0148	pancreatic alpha cell	H2_cell_type	Mus_musculus	Cell type present in murine tissue: pancreatic alpha cell, expressing Gcg, Arx, Irx2, Gc, Mafb	shared
CTY-0149	Sertoli cell	H2_cell_type	Homo_sapiens	Cell type present in human tissue: Sertoli cell, expressing SOX9, AMH, GATA4, WT1, CLDN11	shared
CTY-0149	Sertoli cell	H2_cell_type	Mus_musculus	Cell type present in murine tissue: Sertoli cell, expressing Sox9, Amh, Gata4, Wt1, Cldn11	shared
CTY-0150	Leydig cell	H2_cell_type	Homo_sapiens	Cell type present in human tissue: Leydig cell, expressing STAR, CYP11A1, HSD3B2, CYP17A1, INSL3	shared
CTY-0150	Leydig cell	H2_cell_type	Mus_musculus	Cell type present in murine tissue: Leydig cell, expressing Star, Cyp11a1, Hsd3b1, Cyp17a1, Insl3	shared
CTY-0151	trophoblast	H2_cell_type	Homo_sapiens	Cell type present in human tissue: trophoblast, expressing KRT7, TFAP2C, GATA3, CGA, HLA-G	shared
CTY-0151	trophoblast	H2_cell_type	Mus_musculus	Cell type present in murine tissue: trophoblast, expressing Krt7, Tfap2c, Gata3, Cga, Prl3b1	shared
CTY-0152	decidual cell	H2_cell_type	Homo_sapiens	Cell type present in human tissue: decidual cell, expressing PRL, IGFBP1, WNT4, FOXO1, DKK1	shared
CTY-0152	decidual cell	H2_cell_type	Mus_musculus	Cell type present in murine tissue: decidual cell, expressing Prl8a2, Igfbp1, Wnt4, Foxo1, Dkk1	shared
CTY-0153	club cell	H2_cell_type	Homo_sapiens	Cell type present in human tissue: club cell, expressing SCGB1A1, SCGB3A2, CYP2F1, BPIFB1, KRT15	shared
CTY-0153	club cell	H2_cell_type	Mus_musculus	Cell type present in murine tissue: club cell, expressing Scgb1a1, Scgb3a2, Cyp2f2, Bpifb1, Krt15	shared
CTY-0154	pulmonary neuroendocrine cell	H2_cell_type	Homo_sapiens	Cell type present in human tissue: pulmonary neuroendocrine cell, expressing CHGA, SYP, ASCL1, GRP, CALCA	shared
CTY-0154	pulmonary neuroendocrine cell	H2_cell_type	Mus_musculus	Cell type present in murine tissue: pulmonary neuroendocrine cell, expressing Chga, Syp, Ascl1, Grp, Calca	shared
CTY-0155	tuft cell	H2_cell_type	Homo_sapiens	Cell type present in human tissue: tuft cell, expressing DCLK1, TRPM5, POU2F3, GFI1B, SH2D6	shared
CTY-0155	tuft cell	H2_cell_type	Mus_musculus	Cell type present in murine tissue: tuft cell, expressing Dclk1, Trpm5, Pou2f3, Gfi1b, Sh2d6	shared
CTY-0156	cancer stem cell	H2_cell_type	Homo_sapiens	Cell type present in human tissue: cancer stem cell, expressing CD44, ALDH1A1, PROM1, SOX2	shared
CTY-0156	cancer stem cell	H2_cell_type	Mus_musculus	Cell type present in murine tissue: cancer stem cell, expressing Cd44, Aldh1a1, Prom1, Sox2	shared
CTY-0157	circulating tumor cell	H2_cell_type	Homo_sapiens	Cell type present in human tissue: circulating tumor cell, expressing EPCAM, KRT19, KRT8, MUC1, VIM	shared
CTY-0157	circulating tumor cell	H2_cell_type	Mus_musculus	Cell type present in murine tissue: circulating tumor cell, expressing Epcam, Krt19, Krt8, Muc1, Vim	shared
CTY-0158	disseminated tumor cell	H2_cell_type	Homo_sapiens	Cell type present in human tissue: disseminated tumor cell, expressing EPCAM, KRT19, KRT8, VIM, ZEB1	shared
CTY-0158	disseminated tumor cell	H2_cell_type	Mus_musculus	Cell type present in murine tissue: disseminated tumor cell, expressing Epcam, Krt19, Krt8, Vim, Zeb1	shared
CTY-0159	drug-resistant cancer cell	H2_cell_type	Homo_sapiens	Cell type present in human tissue: drug-resistant cancer cell, expressing ABCB1, ABCG2, ABCC1, GSTP1, NRF2	shared
CTY-0159	drug-resistant cancer cell	H2_cell_type	Mus_musculus	Cell type present in murine tissue: drug-resistant cancer cell, expressing Abcb1a, Abcg2, Abcc1, Gstp1, Nfe2l2	shared
CTY-0160	anoikis-resistant cancer cell	H2_cell_type	Homo_sapiens	Cell type present in human tissue: anoikis-resistant cancer cell, expressing BCL2, BIRC5, ITGB1, CAV1, TRKB	shared
CTY-0160	anoikis-resistant cancer cell	H2_cell_type	Mus_musculus	Cell type present in murine tissue: anoikis-resistant cancer cell, expressing Bcl2, Birc5, Itgb1, Cav1, Ntrk2	shared
CTY-0161	dormant cancer cell	H2_cell_type	Homo_sapiens	Cell type present in human tissue: dormant cancer cell, expressing NR2F1, DEC2, p27KIP1, TGFB2, BMP7	shared
CTY-0161	dormant cancer cell	H2_cell_type	Mus_musculus	Cell type present in murine tissue: dormant cancer cell, expressing Nr2f1, Bhlhe41, Cdkn1b, Tgfb2, Bmp7	shared
CTY-0162	therapy-induced senescent cancer cell	H2_cell_type	Homo_sapiens	Cell type present in human tissue: therapy-induced senescent cancer cell, expressing CDKN1A, CDKN2A, IL6, SERPINE1, GLB1	shared
CTY-0162	therapy-induced senescent cancer cell	H2_cell_type	Mus_musculus	Cell type present in murine tissue: therapy-induced senescent cancer cell, expressing Cdkn1a, Cdkn2a, Il6, Serpine1, Glb1	shared
CTY-0163	tumor-initiating cell	H2_cell_type	Homo_sapiens	Cell type present in human tissue: tumor-initiating cell, expressing CD44, ALDH1A1, LGR5, BMI1, NANOG	shared
CTY-0163	tumor-initiating cell	H2_cell_type	Mus_musculus	Cell type present in murine tissue: tumor-initiating cell, expressing Cd44, Aldh1a1, Lgr5, Bmi1, Nanog	shared
CTY-0164	metastatic-competent cancer cell	H2_cell_type	Homo_sapiens	Cell type present in human tissue: metastatic-competent cancer cell, expressing TWIST1, SNAI1, MMP2, CXCR4, ITGB1	shared
CTY-0164	metastatic-competent cancer cell	H2_cell_type	Mus_musculus	Cell type present in murine tissue: metastatic-competent cancer cell, expressing Twist1, Snai1, Mmp2, Cxcr4, Itgb1	shared
CTY-0165	immune-evasive cancer cell	H2_cell_type	Homo_sapiens	Cell type present in human tissue: immune-evasive cancer cell, expressing CD274, CTLA4, IDO1, LGALS9, B2M	shared
CTY-0165	immune-evasive cancer cell	H2_cell_type	Mus_musculus	Cell type present in murine tissue: immune-evasive cancer cell, expressing Cd274, Ctla4, Ido1, Lgals9, B2m	shared
CTY-0166	common lymphoid progenitor	H2_cell_type	Homo_sapiens	Cell type present in human tissue: common lymphoid progenitor, expressing IL7R, FLT3, DNTT, VPREB1, CD34	shared
CTY-0166	common lymphoid progenitor	H2_cell_type	Mus_musculus	Cell type present in murine tissue: common lymphoid progenitor, expressing Il7r, Flt3, Dntt, Vpreb1, Kit	shared
CTY-0167	common myeloid progenitor	H2_cell_type	Homo_sapiens	Cell type present in human tissue: common myeloid progenitor, expressing CD34, KIT, FLT3, MPO, CSF2RA	shared
CTY-0167	common myeloid progenitor	H2_cell_type	Mus_musculus	Cell type present in murine tissue: common myeloid progenitor, expressing Kit, Flt3, Mpo, Csf2ra, Cd34	shared
CTY-0168	granulocyte-monocyte progenitor	H2_cell_type	Homo_sapiens	Cell type present in human tissue: granulocyte-monocyte progenitor, expressing CSF2RA, MPO, ELANE, CEBPA, SPI1	shared
CTY-0168	granulocyte-monocyte progenitor	H2_cell_type	Mus_musculus	Cell type present in murine tissue: granulocyte-monocyte progenitor, expressing Csf2ra, Mpo, Elane, Cebpa, Spi1	shared
CTY-0169	megakaryocyte-erythrocyte progenitor	H2_cell_type	Homo_sapiens	Cell type present in human tissue: megakaryocyte-erythrocyte progenitor, expressing GATA1, KLF1, EPOR, ITGA2B, CD34	shared
CTY-0169	megakaryocyte-erythrocyte progenitor	H2_cell_type	Mus_musculus	Cell type present in murine tissue: megakaryocyte-erythrocyte progenitor, expressing Gata1, Klf1, Epor, Itga2b, Kit	shared
CTY-0170	tissue-resident progenitor	H2_cell_type	Homo_sapiens	Cell type present in human tissue: tissue-resident progenitor	shared
CTY-0170	tissue-resident progenitor	H2_cell_type	Mus_musculus	Cell type present in murine tissue: tissue-resident progenitor	shared
NIC-0001	immune hot inflamed niche	H2_niche	Homo_sapiens	Spatial tissue niche in human tissue: immune hot inflamed niche	shared
NIC-0001	immune hot inflamed niche	H2_niche	Mus_musculus	Spatial tissue niche in murine tissue: immune hot inflamed niche	shared
NIC-0002	immune cold desert niche	H2_niche	Homo_sapiens	Spatial tissue niche in human tissue: immune cold desert niche	shared
NIC-0002	immune cold desert niche	H2_niche	Mus_musculus	Spatial tissue niche in murine tissue: immune cold desert niche	shared
NIC-0003	immune excluded niche	H2_niche	Homo_sapiens	Spatial tissue niche in human tissue: immune excluded niche	shared
NIC-0003	immune excluded niche	H2_niche	Mus_musculus	Spatial tissue niche in murine tissue: immune excluded niche	shared
NIC-0004	tertiary lymphoid structure niche	H2_niche	Homo_sapiens	Spatial tissue niche in human tissue: tertiary lymphoid structure niche	shared
NIC-0004	tertiary lymphoid structure niche	H2_niche	Mus_musculus	Spatial tissue niche in murine tissue: tertiary lymphoid structure niche	shared
NIC-0005	myeloid-enriched niche	H2_niche	Homo_sapiens	Spatial tissue niche in human tissue: myeloid-enriched niche	shared
NIC-0005	myeloid-enriched niche	H2_niche	Mus_musculus	Spatial tissue niche in murine tissue: myeloid-enriched niche	shared
NIC-0006	T cell-enriched niche	H2_niche	Homo_sapiens	Spatial tissue niche in human tissue: T cell-enriched niche	shared
NIC-0006	T cell-enriched niche	H2_niche	Mus_musculus	Spatial tissue niche in murine tissue: T cell-enriched niche	shared
NIC-0007	B cell-enriched niche	H2_niche	Homo_sapiens	Spatial tissue niche in human tissue: B cell-enriched niche	shared
NIC-0007	B cell-enriched niche	H2_niche	Mus_musculus	Spatial tissue niche in murine tissue: B cell-enriched niche	shared
NIC-0008	immunosuppressive niche	H2_niche	Homo_sapiens	Spatial tissue niche in human tissue: immunosuppressive niche	shared
NIC-0008	immunosuppressive niche	H2_niche	Mus_musculus	Spatial tissue niche in murine tissue: immunosuppressive niche	shared
NIC-0009	immune checkpoint-rich niche	H2_niche	Homo_sapiens	Spatial tissue niche in human tissue: immune checkpoint-rich niche	shared
NIC-0009	immune checkpoint-rich niche	H2_niche	Mus_musculus	Spatial tissue niche in murine tissue: immune checkpoint-rich niche	shared
NIC-0010	antigen-presenting niche	H2_niche	Homo_sapiens	Spatial tissue niche in human tissue: antigen-presenting niche	shared
NIC-0010	antigen-presenting niche	H2_niche	Mus_musculus	Spatial tissue niche in murine tissue: antigen-presenting niche	shared
NIC-0011	mast cell-enriched niche	H2_niche	Homo_sapiens	Spatial tissue niche in human tissue: mast cell-enriched niche	shared
NIC-0011	mast cell-enriched niche	H2_niche	Mus_musculus	Spatial tissue niche in murine tissue: mast cell-enriched niche	shared
NIC-0012	neutrophil-enriched niche	H2_niche	Homo_sapiens	Spatial tissue niche in human tissue: neutrophil-enriched niche	shared
NIC-0012	neutrophil-enriched niche	H2_niche	Mus_musculus	Spatial tissue niche in murine tissue: neutrophil-enriched niche	shared
NIC-0013	eosinophil-enriched niche	H2_niche	Homo_sapiens	Spatial tissue niche in human tissue: eosinophil-enriched niche	shared
NIC-0013	eosinophil-enriched niche	H2_niche	Mus_musculus	Spatial tissue niche in murine tissue: eosinophil-enriched niche	shared
NIC-0014	NK cell-enriched niche	H2_niche	Homo_sapiens	Spatial tissue niche in human tissue: NK cell-enriched niche	shared
NIC-0014	NK cell-enriched niche	H2_niche	Mus_musculus	Spatial tissue niche in murine tissue: NK cell-enriched niche	shared
NIC-0015	mixed immune niche	H2_niche	Homo_sapiens	Spatial tissue niche in human tissue: mixed immune niche	shared
NIC-0015	mixed immune niche	H2_niche	Mus_musculus	Spatial tissue niche in murine tissue: mixed immune niche	shared
NIC-0016	proliferative tumor core	H2_niche	Homo_sapiens	Spatial tissue niche in human tissue: proliferative tumor core	shared
NIC-0016	proliferative tumor core	H2_niche	Mus_musculus	Spatial tissue niche in murine tissue: proliferative tumor core	shared
NIC-0017	hypoxic tumor core	H2_niche	Homo_sapiens	Spatial tissue niche in human tissue: hypoxic tumor core	shared
NIC-0017	hypoxic tumor core	H2_niche	Mus_musculus	Spatial tissue niche in murine tissue: hypoxic tumor core	shared
NIC-0018	necrotic tumor core	H2_niche	Homo_sapiens	Spatial tissue niche in human tissue: necrotic tumor core	shared
NIC-0018	necrotic tumor core	H2_niche	Mus_musculus	Spatial tissue niche in murine tissue: necrotic tumor core	shared
NIC-0019	invasive tumor front niche	H2_niche	Homo_sapiens	Spatial tissue niche in human tissue: invasive tumor front niche	shared
NIC-0019	invasive tumor front niche	H2_niche	Mus_musculus	Spatial tissue niche in murine tissue: invasive tumor front niche	shared
NIC-0020	tumor-stroma boundary niche	H2_niche	Homo_sapiens	Spatial tissue niche in human tissue: tumor-stroma boundary niche	shared
NIC-0020	tumor-stroma boundary niche	H2_niche	Mus_musculus	Spatial tissue niche in murine tissue: tumor-stroma boundary niche	shared
NIC-0021	tumor budding niche	H2_niche	Homo_sapiens	Spatial tissue niche in human tissue: tumor budding niche	shared
NIC-0021	tumor budding niche	H2_niche	Mus_musculus	Spatial tissue niche in murine tissue: tumor budding niche	shared
NIC-0022	perivascular tumor niche	H2_niche	Homo_sapiens	Spatial tissue niche in human tissue: perivascular tumor niche	shared
NIC-0022	perivascular tumor niche	H2_niche	Mus_musculus	Spatial tissue niche in murine tissue: perivascular tumor niche	shared
NIC-0023	subclonal mixing zone	H2_niche	Homo_sapiens	Spatial tissue niche in human tissue: subclonal mixing zone	shared
NIC-0023	subclonal mixing zone	H2_niche	Mus_musculus	Spatial tissue niche in murine tissue: subclonal mixing zone	shared
NIC-0024	EMT transition zone	H2_niche	Homo_sapiens	Spatial tissue niche in human tissue: EMT transition zone	shared
NIC-0024	EMT transition zone	H2_niche	Mus_musculus	Spatial tissue niche in murine tissue: EMT transition zone	shared
NIC-0025	cancer stem cell niche	H2_niche	Homo_sapiens	Spatial tissue niche in human tissue: cancer stem cell niche	shared
NIC-0025	cancer stem cell niche	H2_niche	Mus_musculus	Spatial tissue niche in murine tissue: cancer stem cell niche	shared
NIC-0026	dormancy niche	H2_niche	Homo_sapiens	Spatial tissue niche in human tissue: dormancy niche	shared
NIC-0026	dormancy niche	H2_niche	Mus_musculus	Spatial tissue niche in murine tissue: dormancy niche	shared
NIC-0027	pre-metastatic niche	H2_niche	Homo_sapiens	Spatial tissue niche in human tissue: pre-metastatic niche	shared
NIC-0027	pre-metastatic niche	H2_niche	Mus_musculus	Spatial tissue niche in murine tissue: pre-metastatic niche	shared
NIC-0028	desmoplastic stroma niche	H2_niche	Homo_sapiens	Spatial tissue niche in human tissue: desmoplastic stroma niche	shared
NIC-0028	desmoplastic stroma niche	H2_niche	Mus_musculus	Spatial tissue niche in murine tissue: desmoplastic stroma niche	shared
NIC-0029	inflammatory stroma niche	H2_niche	Homo_sapiens	Spatial tissue niche in human tissue: inflammatory stroma niche	shared
NIC-0029	inflammatory stroma niche	H2_niche	Mus_musculus	Spatial tissue niche in murine tissue: inflammatory stroma niche	shared
NIC-0030	normal resting stroma	H2_niche	Homo_sapiens	Spatial tissue niche in human tissue: normal resting stroma	shared
NIC-0030	normal resting stroma	H2_niche	Mus_musculus	Spatial tissue niche in murine tissue: normal resting stroma	shared
NIC-0031	fibrotic stroma niche	H2_niche	Homo_sapiens	Spatial tissue niche in human tissue: fibrotic stroma niche	shared
NIC-0031	fibrotic stroma niche	H2_niche	Mus_musculus	Spatial tissue niche in murine tissue: fibrotic stroma niche	shared
NIC-0032	myxoid stroma niche	H2_niche	Homo_sapiens	Spatial tissue niche in human tissue: myxoid stroma niche	shared
NIC-0032	myxoid stroma niche	H2_niche	Mus_musculus	Spatial tissue niche in murine tissue: myxoid stroma niche	shared
NIC-0033	reactive stroma niche	H2_niche	Homo_sapiens	Spatial tissue niche in human tissue: reactive stroma niche	shared
NIC-0033	reactive stroma niche	H2_niche	Mus_musculus	Spatial tissue niche in murine tissue: reactive stroma niche	shared
NIC-0034	wound-healing stroma niche	H2_niche	Homo_sapiens	Spatial tissue niche in human tissue: wound-healing stroma niche	shared
NIC-0034	wound-healing stroma niche	H2_niche	Mus_musculus	Spatial tissue niche in murine tissue: wound-healing stroma niche	shared
NIC-0035	immunomodulatory stroma niche	H2_niche	Homo_sapiens	Spatial tissue niche in human tissue: immunomodulatory stroma niche	shared
NIC-0035	immunomodulatory stroma niche	H2_niche	Mus_musculus	Spatial tissue niche in murine tissue: immunomodulatory stroma niche	shared
NIC-0036	ECM-remodeling front	H2_niche	Homo_sapiens	Spatial tissue niche in human tissue: ECM-remodeling front	shared
NIC-0036	ECM-remodeling front	H2_niche	Mus_musculus	Spatial tissue niche in murine tissue: ECM-remodeling front	shared
NIC-0037	adipose-adjacent niche	H2_niche	Homo_sapiens	Spatial tissue niche in human tissue: adipose-adjacent niche	shared
NIC-0037	adipose-adjacent niche	H2_niche	Mus_musculus	Spatial tissue niche in murine tissue: adipose-adjacent niche	shared
NIC-0038	nerve-adjacent niche	H2_niche	Homo_sapiens	Spatial tissue niche in human tissue: nerve-adjacent niche	shared
NIC-0038	nerve-adjacent niche	H2_niche	Mus_musculus	Spatial tissue niche in murine tissue: nerve-adjacent niche	shared
NIC-0039	bone marrow niche	H2_niche	Homo_sapiens	Spatial tissue niche in human tissue: bone marrow niche	shared
NIC-0039	bone marrow niche	H2_niche	Mus_musculus	Spatial tissue niche in murine tissue: bone marrow niche	shared
NIC-0040	perivascular niche	H2_niche	Homo_sapiens	Spatial tissue niche in human tissue: perivascular niche	shared
NIC-0040	perivascular niche	H2_niche	Mus_musculus	Spatial tissue niche in murine tissue: perivascular niche	shared
NIC-0041	angiogenic front niche	H2_niche	Homo_sapiens	Spatial tissue niche in human tissue: angiogenic front niche	shared
NIC-0041	angiogenic front niche	H2_niche	Mus_musculus	Spatial tissue niche in murine tissue: angiogenic front niche	shared
NIC-0042	lymphangiogenic niche	H2_niche	Homo_sapiens	Spatial tissue niche in human tissue: lymphangiogenic niche	shared
NIC-0042	lymphangiogenic niche	H2_niche	Mus_musculus	Spatial tissue niche in murine tissue: lymphangiogenic niche	shared
NIC-0043	high endothelial venule niche	H2_niche	Homo_sapiens	Spatial tissue niche in human tissue: high endothelial venule niche	shared
NIC-0043	high endothelial venule niche	H2_niche	Mus_musculus	Spatial tissue niche in murine tissue: high endothelial venule niche	shared
NIC-0044	vessel co-option zone	H2_niche	Homo_sapiens	Spatial tissue niche in human tissue: vessel co-option zone	shared
NIC-0044	vessel co-option zone	H2_niche	Mus_musculus	Spatial tissue niche in murine tissue: vessel co-option zone	shared
NIC-0045	hemorrhagic niche	H2_niche	Homo_sapiens	Spatial tissue niche in human tissue: hemorrhagic niche	shared
NIC-0045	hemorrhagic niche	H2_niche	Mus_musculus	Spatial tissue niche in murine tissue: hemorrhagic niche	shared
NIC-0046	hypoperfused zone	H2_niche	Homo_sapiens	Spatial tissue niche in human tissue: hypoperfused zone	shared
NIC-0046	hypoperfused zone	H2_niche	Mus_musculus	Spatial tissue niche in murine tissue: hypoperfused zone	shared
NIC-0047	mature vasculature niche	H2_niche	Homo_sapiens	Spatial tissue niche in human tissue: mature vasculature niche	shared
NIC-0047	mature vasculature niche	H2_niche	Mus_musculus	Spatial tissue niche in murine tissue: mature vasculature niche	shared
NIC-0048	colonic crypt-villus axis niche	H2_niche	Homo_sapiens	Spatial tissue niche in human tissue: colonic crypt-villus axis niche	shared
NIC-0048	colonic crypt-villus axis niche	H2_niche	Mus_musculus	Spatial tissue niche in murine tissue: colonic crypt-villus axis niche	shared
NIC-0049	hepatic portal-central axis niche	H2_niche	Homo_sapiens	Spatial tissue niche in human tissue: hepatic portal-central axis niche	shared
NIC-0049	hepatic portal-central axis niche	H2_niche	Mus_musculus	Spatial tissue niche in murine tissue: hepatic portal-central axis niche	shared
NIC-0050	alveolar niche	H2_niche	Homo_sapiens	Spatial tissue niche in human tissue: alveolar niche	shared
NIC-0050	alveolar niche	H2_niche	Mus_musculus	Spatial tissue niche in murine tissue: alveolar niche	shared
NIC-0051	glomerular niche	H2_niche	Homo_sapiens	Spatial tissue niche in human tissue: glomerular niche	shared
NIC-0051	glomerular niche	H2_niche	Mus_musculus	Spatial tissue niche in murine tissue: glomerular niche	shared
NIC-0052	breast ductal niche	H2_niche	Homo_sapiens	Spatial tissue niche in human tissue: breast ductal niche	shared
NIC-0052	breast ductal niche	H2_niche	Mus_musculus	Spatial tissue niche in murine tissue: breast ductal niche	shared
NIC-0053	pancreatic acinar niche	H2_niche	Homo_sapiens	Spatial tissue niche in human tissue: pancreatic acinar niche	shared
NIC-0053	pancreatic acinar niche	H2_niche	Mus_musculus	Spatial tissue niche in murine tissue: pancreatic acinar niche	shared
NIC-0054	cerebral white matter niche	H2_niche	Homo_sapiens	Spatial tissue niche in human tissue: cerebral white matter niche	shared
NIC-0054	cerebral white matter niche	H2_niche	Mus_musculus	Spatial tissue niche in murine tissue: cerebral white matter niche	shared
NIC-0055	cerebral gray matter niche	H2_niche	Homo_sapiens	Spatial tissue niche in human tissue: cerebral gray matter niche	shared
NIC-0055	cerebral gray matter niche	H2_niche	Mus_musculus	Spatial tissue niche in murine tissue: cerebral gray matter niche	shared
NIC-0056	epidermal-dermal junction niche	H2_niche	Homo_sapiens	Spatial tissue niche in human tissue: epidermal-dermal junction niche	shared
NIC-0056	epidermal-dermal junction niche	H2_niche	Mus_musculus	Spatial tissue niche in murine tissue: epidermal-dermal junction niche	shared
NIC-0057	germinal center niche	H2_niche	Homo_sapiens	Spatial tissue niche in human tissue: germinal center niche	shared
NIC-0057	germinal center niche	H2_niche	Mus_musculus	Spatial tissue niche in murine tissue: germinal center niche	shared
NIC-0058	splenic marginal zone niche	H2_niche	Homo_sapiens	Spatial tissue niche in human tissue: splenic marginal zone niche	shared
NIC-0058	splenic marginal zone niche	H2_niche	Mus_musculus	Spatial tissue niche in murine tissue: splenic marginal zone niche	shared
NIC-0059	thymic cortex niche	H2_niche	Homo_sapiens	Spatial tissue niche in human tissue: thymic cortex niche	shared
NIC-0059	thymic cortex niche	H2_niche	Mus_musculus	Spatial tissue niche in murine tissue: thymic cortex niche	shared
NIC-0060	thymic medulla niche	H2_niche	Homo_sapiens	Spatial tissue niche in human tissue: thymic medulla niche	shared
NIC-0060	thymic medulla niche	H2_niche	Mus_musculus	Spatial tissue niche in murine tissue: thymic medulla niche	shared
NIC-0061	submucosal niche	H2_niche	Homo_sapiens	Spatial tissue niche in human tissue: submucosal niche	shared
NIC-0061	submucosal niche	H2_niche	Mus_musculus	Spatial tissue niche in murine tissue: submucosal niche	shared
NIC-0062	serosal niche	H2_niche	Homo_sapiens	Spatial tissue niche in human tissue: serosal niche	shared
NIC-0062	serosal niche	H2_niche	Mus_musculus	Spatial tissue niche in murine tissue: serosal niche	shared
NIC-0063	periosteal niche	H2_niche	Homo_sapiens	Spatial tissue niche in human tissue: periosteal niche	shared
NIC-0063	periosteal niche	H2_niche	Mus_musculus	Spatial tissue niche in murine tissue: periosteal niche	shared
NIC-0064	perineural niche	H2_niche	Homo_sapiens	Spatial tissue niche in human tissue: perineural niche	shared
NIC-0064	perineural niche	H2_niche	Mus_musculus	Spatial tissue niche in murine tissue: perineural niche	shared
NIC-0065	lymph node subcapsular sinus niche	H2_niche	Homo_sapiens	Spatial tissue niche in human tissue: lymph node subcapsular sinus niche	shared
NIC-0065	lymph node subcapsular sinus niche	H2_niche	Mus_musculus	Spatial tissue niche in murine tissue: lymph node subcapsular sinus niche	shared
NIC-0066	metabolically active zone	H2_niche	Homo_sapiens	Spatial tissue niche in human tissue: metabolically active zone	shared
NIC-0066	metabolically active zone	H2_niche	Mus_musculus	Spatial tissue niche in murine tissue: metabolically active zone	shared
NIC-0067	quiescent zone	H2_niche	Homo_sapiens	Spatial tissue niche in human tissue: quiescent zone	shared
NIC-0067	quiescent zone	H2_niche	Mus_musculus	Spatial tissue niche in murine tissue: quiescent zone	shared
NIC-0068	senescence niche	H2_niche	Homo_sapiens	Spatial tissue niche in human tissue: senescence niche	shared
NIC-0068	senescence niche	H2_niche	Mus_musculus	Spatial tissue niche in murine tissue: senescence niche	shared
NIC-0069	tissue regeneration niche	H2_niche	Homo_sapiens	Spatial tissue niche in human tissue: tissue regeneration niche	shared
NIC-0069	tissue regeneration niche	H2_niche	Mus_musculus	Spatial tissue niche in murine tissue: tissue regeneration niche	shared
NIC-0070	stem cell niche	H2_niche	Homo_sapiens	Spatial tissue niche in human tissue: stem cell niche	shared
NIC-0070	stem cell niche	H2_niche	Mus_musculus	Spatial tissue niche in murine tissue: stem cell niche	shared
NIC-0071	differentiation zone	H2_niche	Homo_sapiens	Spatial tissue niche in human tissue: differentiation zone	shared
NIC-0071	differentiation zone	H2_niche	Mus_musculus	Spatial tissue niche in murine tissue: differentiation zone	shared
NIC-0072	stress-response niche	H2_niche	Homo_sapiens	Spatial tissue niche in human tissue: stress-response niche	shared
NIC-0072	stress-response niche	H2_niche	Mus_musculus	Spatial tissue niche in murine tissue: stress-response niche	shared
NIC-0073	autophagy-active zone	H2_niche	Homo_sapiens	Spatial tissue niche in human tissue: autophagy-active zone	shared
NIC-0073	autophagy-active zone	H2_niche	Mus_musculus	Spatial tissue niche in murine tissue: autophagy-active zone	shared
NIC-0074	apoptotic zone	H2_niche	Homo_sapiens	Spatial tissue niche in human tissue: apoptotic zone	shared
NIC-0074	apoptotic zone	H2_niche	Mus_musculus	Spatial tissue niche in murine tissue: apoptotic zone	shared
NIC-0075	proliferative zone	H2_niche	Homo_sapiens	Spatial tissue niche in human tissue: proliferative zone	shared
NIC-0075	proliferative zone	H2_niche	Mus_musculus	Spatial tissue niche in murine tissue: proliferative zone	shared
NIC-0076	treatment-responsive zone	H2_niche	Homo_sapiens	Spatial tissue niche in human tissue: treatment-responsive zone	shared
NIC-0076	treatment-responsive zone	H2_niche	Mus_musculus	Spatial tissue niche in murine tissue: treatment-responsive zone	shared
NIC-0077	treatment-resistant niche	H2_niche	Homo_sapiens	Spatial tissue niche in human tissue: treatment-resistant niche	shared
NIC-0077	treatment-resistant niche	H2_niche	Mus_musculus	Spatial tissue niche in murine tissue: treatment-resistant niche	shared
NIC-0078	residual disease niche	H2_niche	Homo_sapiens	Spatial tissue niche in human tissue: residual disease niche	shared
NIC-0078	residual disease niche	H2_niche	Mus_musculus	Spatial tissue niche in murine tissue: residual disease niche	shared
NIC-0079	immune-mediated regression zone	H2_niche	Homo_sapiens	Spatial tissue niche in human tissue: immune-mediated regression zone	shared
NIC-0079	immune-mediated regression zone	H2_niche	Mus_musculus	Spatial tissue niche in murine tissue: immune-mediated regression zone	shared
NIC-0080	radiation damage zone	H2_niche	Homo_sapiens	Spatial tissue niche in human tissue: radiation damage zone	shared
NIC-0080	radiation damage zone	H2_niche	Mus_musculus	Spatial tissue niche in murine tissue: radiation damage zone	shared
GPR-0001	epithelial-mesenchymal transition program	H2_gene_program	Homo_sapiens	Transcriptional program active in human cells: epithelial-mesenchymal transition program, involving genes such as VIM, FN1, SNAI1, ZEB1, CDH2	shared
GPR-0001	epithelial-mesenchymal transition program	H2_gene_program	Mus_musculus	Transcriptional program active in murine cells: epithelial-mesenchymal transition program, involving genes such as Vim, Fn1, Snai1, Zeb1, Cdh2	shared
GPR-0002	hypoxia response program	H2_gene_program	Homo_sapiens	Transcriptional program active in human cells: hypoxia response program, involving genes such as HIF1A, VEGFA, LDHA, PGK1, SLC2A1	shared
GPR-0002	hypoxia response program	H2_gene_program	Mus_musculus	Transcriptional program active in murine cells: hypoxia response program, involving genes such as Hif1a, Vegfa, Ldha, Pgk1, Slc2a1	shared
GPR-0003	inflammatory response program	H2_gene_program	Homo_sapiens	Transcriptional program active in human cells: inflammatory response program, involving genes such as IL1B, IL6, TNF, CXCL8, CCL2	shared
GPR-0003	inflammatory response program	H2_gene_program	Mus_musculus	Transcriptional program active in murine cells: inflammatory response program, involving genes such as Il1b, Il6, Tnf, Cxcl1, Ccl2	shared
GPR-0004	TNF-alpha signaling via NF-kB program	H2_gene_program	Homo_sapiens	Transcriptional program active in human cells: TNF-alpha signaling via NF-kB program, involving genes such as NFKBIA, TNFAIP3, CCL2, CXCL2, JUNB	shared
GPR-0004	TNF-alpha signaling via NF-kB program	H2_gene_program	Mus_musculus	Transcriptional program active in murine cells: TNF-alpha signaling via NF-kB program, involving genes such as Nfkbia, Tnfaip3, Ccl2, Cxcl2, Junb	shared
GPR-0005	interferon gamma response program	H2_gene_program	Homo_sapiens	Transcriptional program active in human cells: interferon gamma response program, involving genes such as STAT1, IRF1, GBP1, IDO1, CXCL10	shared
GPR-0005	interferon gamma response program	H2_gene_program	Mus_musculus	Transcriptional program active in murine cells: interferon gamma response program, involving genes such as Stat1, Irf1, Gbp1, Ido1, Cxcl10	shared
GPR-0006	interferon alpha response program	H2_gene_program	Homo_sapiens	Transcriptional program active in human cells: interferon alpha response program, involving genes such as MX1, ISG15, IFIT1, OAS1, STAT2	shared
GPR-0006	interferon alpha response program	H2_gene_program	Mus_musculus	Transcriptional program active in murine cells: interferon alpha response program, involving genes such as Mx1, Isg15, Ifit1, Oas1a, Stat2	shared
GPR-0007	p53 pathway program	H2_gene_program	Homo_sapiens	Transcriptional program active in human cells: p53 pathway program, involving genes such as TP53, CDKN1A, MDM2, BAX, GADD45A	shared
GPR-0007	p53 pathway program	H2_gene_program	Mus_musculus	Transcriptional program active in murine cells: p53 pathway program, involving genes such as Trp53, Cdkn1a, Mdm2, Bax, Gadd45a	shared
GPR-0008	MYC targets V1 program	H2_gene_program	Homo_sapiens	Transcriptional program active in human cells: MYC targets V1 program, involving genes such as NPM1, NME1, LDHA, PHB, SRM	shared
GPR-0008	MYC targets V1 program	H2_gene_program	Mus_musculus	Transcriptional program active in murine cells: MYC targets V1 program, involving genes such as Npm1, Nme1, Ldha, Phb, Srm	shared
GPR-0009	MYC targets V2 program	H2_gene_program	Homo_sapiens	Transcriptional program active in human cells: MYC targets V2 program, involving genes such as NOP56, MRTO4, SLC19A1, POLR3G, NOP16	shared
GPR-0009	MYC targets V2 program	H2_gene_program	Mus_musculus	Transcriptional program active in murine cells: MYC targets V2 program, involving genes such as Nop56, Mrto4, Slc19a1, Polr3g, Nop16	shared
GPR-0010	E2F targets program	H2_gene_program	Homo_sapiens	Transcriptional program active in human cells: E2F targets program, involving genes such as PCNA, MCM6, RRM2, CDK1, POLA1	shared
GPR-0010	E2F targets program	H2_gene_program	Mus_musculus	Transcriptional program active in murine cells: E2F targets program, involving genes such as Pcna, Mcm6, Rrm2, Cdk1, Pola1	shared
GPR-0011	G2M checkpoint program	H2_gene_program	Homo_sapiens	Transcriptional program active in human cells: G2M checkpoint program, involving genes such as CDK1, CCNB2, TOP2A, AURKA, BUB1	shared
GPR-0011	G2M checkpoint program	H2_gene_program	Mus_musculus	Transcriptional program active in murine cells: G2M checkpoint program, involving genes such as Cdk1, Ccnb2, Top2a, Aurka, Bub1	shared
GPR-0012	oxidative phosphorylation program	H2_gene_program	Homo_sapiens	Transcriptional program active in human cells: oxidative phosphorylation program, involving genes such as ATP5F1B, NDUFA1, COX7C, UQCRC2, SDHA	shared
GPR-0012	oxidative phosphorylation program	H2_gene_program	Mus_musculus	Transcriptional program active in murine cells: oxidative phosphorylation program, involving genes such as Atp5f1b, Ndufa1, Cox7c, Uqcrc2, Sdha	shared
GPR-0013	glycolysis program	H2_gene_program	Homo_sapiens	Transcriptional program active in human cells: glycolysis program, involving genes such as HK2, PFKP, PKM, LDHA, ENO1	shared
GPR-0013	glycolysis program	H2_gene_program	Mus_musculus	Transcriptional program active in murine cells: glycolysis program, involving genes such as Hk2, Pfkp, Pkm, Ldha, Eno1	shared
GPR-0014	angiogenesis program	H2_gene_program	Homo_sapiens	Transcriptional program active in human cells: angiogenesis program, involving genes such as VEGFA, KDR, FLT1, ANGPT2, DLL4	shared
GPR-0014	angiogenesis program	H2_gene_program	Mus_musculus	Transcriptional program active in murine cells: angiogenesis program, involving genes such as Vegfa, Kdr, Flt1, Angpt2, Dll4	shared
GPR-0015	apoptosis program	H2_gene_program	Homo_sapiens	Transcriptional program active in human cells: apoptosis program, involving genes such as BCL2, BAX, CASP3, CASP9, CYCS	shared
GPR-0015	apoptosis program	H2_gene_program	Mus_musculus	Transcriptional program active in murine cells: apoptosis program, involving genes such as Bcl2, Bax, Casp3, Casp9, Cycs	shared
GPR-0016	complement program	H2_gene_program	Homo_sapiens	Transcriptional program active in human cells: complement program, involving genes such as C1QA, C1QB, C3, C4A, CFB	shared
GPR-0016	complement program	H2_gene_program	Mus_musculus	Transcriptional program active in murine cells: complement program, involving genes such as C1qa, C1qb, C3, C4b, Cfb	shared
GPR-0017	coagulation program	H2_gene_program	Homo_sapiens	Transcriptional program active in human cells: coagulation program, involving genes such as F2, FGA, FGB, SERPINC1, PROC	shared
GPR-0017	coagulation program	H2_gene_program	Mus_musculus	Transcriptional program active in murine cells: coagulation program, involving genes such as F2, Fga, Fgb, Serpinc1, Proc	shared
GPR-0018	IL2-STAT5 signaling program	H2_gene_program	Homo_sapiens	Transcriptional program active in human cells: IL2-STAT5 signaling program, involving genes such as IL2RA, FOXP3, BCL2, MYC, CISH	shared
GPR-0018	IL2-STAT5 signaling program	H2_gene_program	Mus_musculus	Transcriptional program active in murine cells: IL2-STAT5 signaling program, involving genes such as Il2ra, Foxp3, Bcl2, Myc, Cish	shared
GPR-0019	IL6-JAK-STAT3 signaling program	H2_gene_program	Homo_sapiens	Transcriptional program active in human cells: IL6-JAK-STAT3 signaling program, involving genes such as STAT3, SOCS3, MYC, BCL2L1, PIM1	shared
GPR-0019	IL6-JAK-STAT3 signaling program	H2_gene_program	Mus_musculus	Transcriptional program active in murine cells: IL6-JAK-STAT3 signaling program, involving genes such as Stat3, Socs3, Myc, Bcl2l1, Pim1	shared
GPR-0020	TGF-beta signaling program	H2_gene_program	Homo_sapiens	Transcriptional program active in human cells: TGF-beta signaling program, involving genes such as TGFB1, SMAD3, SMAD4, CDKN2B, SERPINE1	shared
GPR-0020	TGF-beta signaling program	H2_gene_program	Mus_musculus	Transcriptional program active in murine cells: TGF-beta signaling program, involving genes such as Tgfb1, Smad3, Smad4, Cdkn2b, Serpine1	shared
GPR-0021	Wnt-beta-catenin signaling program	H2_gene_program	Homo_sapiens	Transcriptional program active in human cells: Wnt-beta-catenin signaling program, involving genes such as CTNNB1, MYC, CCND1, TCF7L2, AXIN2	shared
GPR-0021	Wnt-beta-catenin signaling program	H2_gene_program	Mus_musculus	Transcriptional program active in murine cells: Wnt-beta-catenin signaling program, involving genes such as Ctnnb1, Myc, Ccnd1, Tcf7l2, Axin2	shared
GPR-0022	Notch signaling program	H2_gene_program	Homo_sapiens	Transcriptional program active in human cells: Notch signaling program, involving genes such as NOTCH1, HES1, HEY1, JAG1, DLL1	shared
GPR-0022	Notch signaling program	H2_gene_program	Mus_musculus	Transcriptional program active in murine cells: Notch signaling program, involving genes such as Notch1, Hes1, Hey1, Jag1, Dll1	shared
GPR-0023	Hedgehog signaling program	H2_gene_program	Homo_sapiens	Transcriptional program active in human cells: Hedgehog signaling program, involving genes such as SHH, PTCH1, SMO, GLI1, GLI2	shared
GPR-0023	Hedgehog signaling program	H2_gene_program	Mus_musculus	Transcriptional program active in murine cells: Hedgehog signaling program, involving genes such as Shh, Ptch1, Smo, Gli1, Gli2	shared
GPR-0024	KRAS signaling up program	H2_gene_program	Homo_sapiens	Transcriptional program active in human cells: KRAS signaling up program, involving genes such as DUSP6, SPRY2, ETV4, ETV5, PHLDA1	shared
GPR-0024	KRAS signaling up program	H2_gene_program	Mus_musculus	Transcriptional program active in murine cells: KRAS signaling up program, involving genes such as Dusp6, Spry2, Etv4, Etv5, Phlda1	shared
GPR-0025	KRAS signaling down program	H2_gene_program	Homo_sapiens	Transcriptional program active in human cells: KRAS signaling down program	shared
GPR-0025	KRAS signaling down program	H2_gene_program	Mus_musculus	Transcriptional program active in murine cells: KRAS signaling down program	shared
GPR-0026	UV response up program	H2_gene_program	Homo_sapiens	Transcriptional program active in human cells: UV response up program	shared
GPR-0026	UV response up program	H2_gene_program	Mus_musculus	Transcriptional program active in murine cells: UV response up program	shared
GPR-0027	UV response down program	H2_gene_program	Homo_sapiens	Transcriptional program active in human cells: UV response down program	shared
GPR-0027	UV response down program	H2_gene_program	Mus_musculus	Transcriptional program active in murine cells: UV response down program	shared
GPR-0028	mTORC1 signaling program	H2_gene_program	Homo_sapiens	Transcriptional program active in human cells: mTORC1 signaling program, involving genes such as RPS6KB1, EIF4EBP1, SLC7A5, SCD, ACLY	shared
GPR-0028	mTORC1 signaling program	H2_gene_program	Mus_musculus	Transcriptional program active in murine cells: mTORC1 signaling program, involving genes such as Rps6kb1, Eif4ebp1, Slc7a5, Scd1, Acly	shared
GPR-0029	PI3K-AKT-mTOR signaling program	H2_gene_program	Homo_sapiens	Transcriptional program active in human cells: PI3K-AKT-mTOR signaling program, involving genes such as AKT1, PIK3CA, MTOR, PTEN, RPS6	shared
GPR-0029	PI3K-AKT-mTOR signaling program	H2_gene_program	Mus_musculus	Transcriptional program active in murine cells: PI3K-AKT-mTOR signaling program, involving genes such as Akt1, Pik3ca, Mtor, Pten, Rps6	shared
GPR-0030	unfolded protein response program	H2_gene_program	Homo_sapiens	Transcriptional program active in human cells: unfolded protein response program, involving genes such as XBP1, ATF4, DDIT3, HSPA5, ERN1	shared
GPR-0030	unfolded protein response program	H2_gene_program	Mus_musculus	Transcriptional program active in murine cells: unfolded protein response program, involving genes such as Xbp1, Atf4, Ddit3, Hspa5, Ern1	shared
GPR-0031	reactive oxygen species pathway program	H2_gene_program	Homo_sapiens	Transcriptional program active in human cells: reactive oxygen species pathway program, involving genes such as SOD1, SOD2, CAT, GPX1, TXN	shared
GPR-0031	reactive oxygen species pathway program	H2_gene_program	Mus_musculus	Transcriptional program active in murine cells: reactive oxygen species pathway program, involving genes such as Sod1, Sod2, Cat, Gpx1, Txn1	shared
GPR-0032	fatty acid metabolism program	H2_gene_program	Homo_sapiens	Transcriptional program active in human cells: fatty acid metabolism program, involving genes such as FASN, ACACA, SCD, FADS2, HADHA	shared
GPR-0032	fatty acid metabolism program	H2_gene_program	Mus_musculus	Transcriptional program active in murine cells: fatty acid metabolism program, involving genes such as Fasn, Acaca, Scd1, Fads2, Hadha	shared
GPR-0033	cholesterol homeostasis program	H2_gene_program	Homo_sapiens	Transcriptional program active in human cells: cholesterol homeostasis program, involving genes such as HMGCR, LDLR, SREBF2, SQLE, DHCR7	shared
GPR-0033	cholesterol homeostasis program	H2_gene_program	Mus_musculus	Transcriptional program active in murine cells: cholesterol homeostasis program, involving genes such as Hmgcr, Ldlr, Srebf2, Sqle, Dhcr7	shared
GPR-0034	bile acid metabolism program	H2_gene_program	Homo_sapiens	Transcriptional program active in human cells: bile acid metabolism program	shared
GPR-0034	bile acid metabolism program	H2_gene_program	Mus_musculus	Transcriptional program active in murine cells: bile acid metabolism program	shared
GPR-0035	xenobiotic metabolism program	H2_gene_program	Homo_sapiens	Transcriptional program active in human cells: xenobiotic metabolism program	shared
GPR-0035	xenobiotic metabolism program	H2_gene_program	Mus_musculus	Transcriptional program active in murine cells: xenobiotic metabolism program	shared
GPR-0036	adipogenesis program	H2_gene_program	Homo_sapiens	Transcriptional program active in human cells: adipogenesis program, involving genes such as PPARG, CEBPA, FABP4, ADIPOQ, PLIN1	shared
GPR-0036	adipogenesis program	H2_gene_program	Mus_musculus	Transcriptional program active in murine cells: adipogenesis program, involving genes such as Pparg, Cebpa, Fabp4, Adipoq, Plin1	shared
GPR-0037	myogenesis program	H2_gene_program	Homo_sapiens	Transcriptional program active in human cells: myogenesis program, involving genes such as MYOD1, MYOG, MYF5, MYH1, DES	shared
GPR-0037	myogenesis program	H2_gene_program	Mus_musculus	Transcriptional program active in murine cells: myogenesis program, involving genes such as Myod1, Myog, Myf5, Myh1, Des	shared
GPR-0038	mitotic spindle program	H2_gene_program	Homo_sapiens	Transcriptional program active in human cells: mitotic spindle program, involving genes such as AURKA, AURKB, KIF11, TPX2, BUB1B	shared
GPR-0038	mitotic spindle program	H2_gene_program	Mus_musculus	Transcriptional program active in murine cells: mitotic spindle program, involving genes such as Aurka, Aurkb, Kif11, Tpx2, Bub1b	shared
GPR-0039	DNA repair program	H2_gene_program	Homo_sapiens	Transcriptional program active in human cells: DNA repair program, involving genes such as BRCA1, BRCA2, RAD51, XRCC1, PARP1	shared
GPR-0039	DNA repair program	H2_gene_program	Mus_musculus	Transcriptional program active in murine cells: DNA repair program, involving genes such as Brca1, Brca2, Rad51, Xrcc1, Parp1	shared
GPR-0040	protein secretion program	H2_gene_program	Homo_sapiens	Transcriptional program active in human cells: protein secretion program	shared
GPR-0040	protein secretion program	H2_gene_program	Mus_musculus	Transcriptional program active in murine cells: protein secretion program	shared
GPR-0041	heme metabolism program	H2_gene_program	Homo_sapiens	Transcriptional program active in human cells: heme metabolism program	shared
GPR-0041	heme metabolism program	H2_gene_program	Mus_musculus	Transcriptional program active in murine cells: heme metabolism program	shared
GPR-0042	peroxisome program	H2_gene_program	Homo_sapiens	Transcriptional program active in human cells: peroxisome program	shared
GPR-0042	peroxisome program	H2_gene_program	Mus_musculus	Transcriptional program active in murine cells: peroxisome program	shared
GPR-0043	pancreas beta cell program	H2_gene_program	Homo_sapiens	Transcriptional program active in human cells: pancreas beta cell program	shared
GPR-0043	pancreas beta cell program	H2_gene_program	Mus_musculus	Transcriptional program active in murine cells: pancreas beta cell program	shared
GPR-0044	spermatogenesis program	H2_gene_program	Homo_sapiens	Transcriptional program active in human cells: spermatogenesis program	shared
GPR-0044	spermatogenesis program	H2_gene_program	Mus_musculus	Transcriptional program active in murine cells: spermatogenesis program	shared
GPR-0045	estrogen response early program	H2_gene_program	Homo_sapiens	Transcriptional program active in human cells: estrogen response early program	shared
GPR-0045	estrogen response early program	H2_gene_program	Mus_musculus	Transcriptional program active in murine cells: estrogen response early program	shared
GPR-0046	estrogen response late program	H2_gene_program	Homo_sapiens	Transcriptional program active in human cells: estrogen response late program	shared
GPR-0046	estrogen response late program	H2_gene_program	Mus_musculus	Transcriptional program active in murine cells: estrogen response late program	shared
GPR-0047	androgen response program	H2_gene_program	Homo_sapiens	Transcriptional program active in human cells: androgen response program	shared
GPR-0047	androgen response program	H2_gene_program	Mus_musculus	Transcriptional program active in murine cells: androgen response program	shared
GPR-0048	allograft rejection program	H2_gene_program	Homo_sapiens	Transcriptional program active in human cells: allograft rejection program	shared
GPR-0048	allograft rejection program	H2_gene_program	Mus_musculus	Transcriptional program active in murine cells: allograft rejection program	shared
GPR-0049	apical junction program	H2_gene_program	Homo_sapiens	Transcriptional program active in human cells: apical junction program	shared
GPR-0049	apical junction program	H2_gene_program	Mus_musculus	Transcriptional program active in murine cells: apical junction program	shared
GPR-0050	apical surface program	H2_gene_program	Homo_sapiens	Transcriptional program active in human cells: apical surface program	shared
GPR-0050	apical surface program	H2_gene_program	Mus_musculus	Transcriptional program active in murine cells: apical surface program	shared
GPR-0051	cell cycle G1/S meta-program	H2_gene_program	Homo_sapiens	Transcriptional program active in human cells: cell cycle G1/S meta-program, involving genes such as PCNA, MCM6, RRM2, CDT1, CDC6	shared
GPR-0051	cell cycle G1/S meta-program	H2_gene_program	Mus_musculus	Transcriptional program active in murine cells: cell cycle G1/S meta-program, involving genes such as Pcna, Mcm6, Rrm2, Cdt1, Cdc6	shared
GPR-0052	cell cycle G2/M meta-program	H2_gene_program	Homo_sapiens	Transcriptional program active in human cells: cell cycle G2/M meta-program, involving genes such as CDK1, CCNB1, TOP2A, AURKA, BUB1	shared
GPR-0052	cell cycle G2/M meta-program	H2_gene_program	Mus_musculus	Transcriptional program active in murine cells: cell cycle G2/M meta-program, involving genes such as Cdk1, Ccnb1, Top2a, Aurka, Bub1	shared
GPR-0053	EMT-I partial EMT meta-program	H2_gene_program	Homo_sapiens	Transcriptional program active in human cells: EMT-I partial EMT meta-program, involving genes such as LAMC2, LAMB3, ITGA6, KRT17, S100A2	shared
GPR-0053	EMT-I partial EMT meta-program	H2_gene_program	Mus_musculus	Transcriptional program active in murine cells: EMT-I partial EMT meta-program, involving genes such as Lamc2, Lamb3, Itga6, Krt17, S100a2	shared
GPR-0054	EMT-II full mesenchymal meta-program	H2_gene_program	Homo_sapiens	Transcriptional program active in human cells: EMT-II full mesenchymal meta-program, involving genes such as VIM, FN1, CDH2, SNAI2, COL1A1	shared
GPR-0054	EMT-II full mesenchymal meta-program	H2_gene_program	Mus_musculus	Transcriptional program active in murine cells: EMT-II full mesenchymal meta-program, involving genes such as Vim, Fn1, Cdh2, Snai2, Col1a1	shared
GPR-0055	EMT-III amoeboid meta-program	H2_gene_program	Homo_sapiens	Transcriptional program active in human cells: EMT-III amoeboid meta-program	shared
GPR-0055	EMT-III amoeboid meta-program	H2_gene_program	Mus_musculus	Transcriptional program active in murine cells: EMT-III amoeboid meta-program	shared
GPR-0056	hypoxia meta-program	H2_gene_program	Homo_sapiens	Transcriptional program active in human cells: hypoxia meta-program, involving genes such as HIF1A, VEGFA, CA9, SLC2A1, ADM	shared
GPR-0056	hypoxia meta-program	H2_gene_program	Mus_musculus	Transcriptional program active in murine cells: hypoxia meta-program, involving genes such as Hif1a, Vegfa, Car9, Slc2a1, Adm	shared
GPR-0057	stress and p53 meta-program	H2_gene_program	Homo_sapiens	Transcriptional program active in human cells: stress and p53 meta-program, involving genes such as TP53, CDKN1A, GADD45A, BTG2, MDM2	shared
GPR-0057	stress and p53 meta-program	H2_gene_program	Mus_musculus	Transcriptional program active in murine cells: stress and p53 meta-program, involving genes such as Trp53, Cdkn1a, Gadd45a, Btg2, Mdm2	shared
GPR-0058	MYC targets meta-program	H2_gene_program	Homo_sapiens	Transcriptional program active in human cells: MYC targets meta-program, involving genes such as NPM1, NME1, NCL, LDHA, ENO1	shared
GPR-0058	MYC targets meta-program	H2_gene_program	Mus_musculus	Transcriptional program active in murine cells: MYC targets meta-program, involving genes such as Npm1, Nme1, Ncl, Ldha, Eno1	shared
GPR-0059	interferon response meta-program	H2_gene_program	Homo_sapiens	Transcriptional program active in human cells: interferon response meta-program, involving genes such as ISG15, MX1, IFIT1, IFI6, OAS1	shared
GPR-0059	interferon response meta-program	H2_gene_program	Mus_musculus	Transcriptional program active in murine cells: interferon response meta-program, involving genes such as Isg15, Mx1, Ifit1, Ifi6, Oas1a	shared
GPR-0060	MHC class I antigen presentation meta-program	H2_gene_program	Homo_sapiens	Transcriptional program active in human cells: MHC class I antigen presentation meta-program	shared
GPR-0060	MHC class I antigen presentation meta-program	H2_gene_program	Mus_musculus	Transcriptional program active in murine cells: MHC class I antigen presentation meta-program	shared
GPR-0061	MHC class II antigen presentation meta-program	H2_gene_program	Homo_sapiens	Transcriptional program active in human cells: MHC class II antigen presentation meta-program	shared
GPR-0061	MHC class II antigen presentation meta-program	H2_gene_program	Mus_musculus	Transcriptional program active in murine cells: MHC class II antigen presentation meta-program	shared
GPR-0062	cilia meta-program	H2_gene_program	Homo_sapiens	Transcriptional program active in human cells: cilia meta-program	shared
GPR-0062	cilia meta-program	H2_gene_program	Mus_musculus	Transcriptional program active in murine cells: cilia meta-program	shared
GPR-0063	protein secretion meta-program	H2_gene_program	Homo_sapiens	Transcriptional program active in human cells: protein secretion meta-program	shared
GPR-0063	protein secretion meta-program	H2_gene_program	Mus_musculus	Transcriptional program active in murine cells: protein secretion meta-program	shared
GPR-0064	proteasomal degradation meta-program	H2_gene_program	Homo_sapiens	Transcriptional program active in human cells: proteasomal degradation meta-program	shared
GPR-0064	proteasomal degradation meta-program	H2_gene_program	Mus_musculus	Transcriptional program active in murine cells: proteasomal degradation meta-program	shared
GPR-0065	oxidative phosphorylation meta-program	H2_gene_program	Homo_sapiens	Transcriptional program active in human cells: oxidative phosphorylation meta-program	shared
GPR-0065	oxidative phosphorylation meta-program	H2_gene_program	Mus_musculus	Transcriptional program active in murine cells: oxidative phosphorylation meta-program	shared
GPR-0066	glycolysis meta-program	H2_gene_program	Homo_sapiens	Transcriptional program active in human cells: glycolysis meta-program	shared
GPR-0066	glycolysis meta-program	H2_gene_program	Mus_musculus	Transcriptional program active in murine cells: glycolysis meta-program	shared
GPR-0067	fatty acid oxidation meta-program	H2_gene_program	Homo_sapiens	Transcriptional program active in human cells: fatty acid oxidation meta-program	shared
GPR-0067	fatty acid oxidation meta-program	H2_gene_program	Mus_musculus	Transcriptional program active in murine cells: fatty acid oxidation meta-program	shared
GPR-0068	cholesterol biosynthesis meta-program	H2_gene_program	Homo_sapiens	Transcriptional program active in human cells: cholesterol biosynthesis meta-program	shared
GPR-0068	cholesterol biosynthesis meta-program	H2_gene_program	Mus_musculus	Transcriptional program active in murine cells: cholesterol biosynthesis meta-program	shared
GPR-0069	metal ion response meta-program	H2_gene_program	Homo_sapiens	Transcriptional program active in human cells: metal ion response meta-program	shared
GPR-0069	metal ion response meta-program	H2_gene_program	Mus_musculus	Transcriptional program active in murine cells: metal ion response meta-program	shared
GPR-0070	senescence meta-program	H2_gene_program	Homo_sapiens	Transcriptional program active in human cells: senescence meta-program	shared
GPR-0070	senescence meta-program	H2_gene_program	Mus_musculus	Transcriptional program active in murine cells: senescence meta-program	shared
GPR-0071	epithelial differentiation meta-program	H2_gene_program	Homo_sapiens	Transcriptional program active in human cells: epithelial differentiation meta-program	shared
GPR-0071	epithelial differentiation meta-program	H2_gene_program	Mus_musculus	Transcriptional program active in murine cells: epithelial differentiation meta-program	shared
GPR-0072	glandular differentiation meta-program	H2_gene_program	Homo_sapiens	Transcriptional program active in human cells: glandular differentiation meta-program	shared
GPR-0072	glandular differentiation meta-program	H2_gene_program	Mus_musculus	Transcriptional program active in murine cells: glandular differentiation meta-program	shared
GPR-0073	squamous differentiation meta-program	H2_gene_program	Homo_sapiens	Transcriptional program active in human cells: squamous differentiation meta-program	shared
GPR-0073	squamous differentiation meta-program	H2_gene_program	Mus_musculus	Transcriptional program active in murine cells: squamous differentiation meta-program	shared
GPR-0074	neural-like meta-program	H2_gene_program	Homo_sapiens	Transcriptional program active in human cells: neural-like meta-program	shared
GPR-0074	neural-like meta-program	H2_gene_program	Mus_musculus	Transcriptional program active in murine cells: neural-like meta-program	shared
GPR-0075	alveolar meta-program	H2_gene_program	Homo_sapiens	Transcriptional program active in human cells: alveolar meta-program	shared
GPR-0075	alveolar meta-program	H2_gene_program	Mus_musculus	Transcriptional program active in murine cells: alveolar meta-program	shared
GPR-0076	hepatocyte-like meta-program	H2_gene_program	Homo_sapiens	Transcriptional program active in human cells: hepatocyte-like meta-program	shared
GPR-0076	hepatocyte-like meta-program	H2_gene_program	Mus_musculus	Transcriptional program active in murine cells: hepatocyte-like meta-program	shared
GPR-0077	melanocyte-like meta-program	H2_gene_program	Homo_sapiens	Transcriptional program active in human cells: melanocyte-like meta-program	shared
GPR-0077	melanocyte-like meta-program	H2_gene_program	Mus_musculus	Transcriptional program active in murine cells: melanocyte-like meta-program	shared
GPR-0078	chromatin remodeling meta-program	H2_gene_program	Homo_sapiens	Transcriptional program active in human cells: chromatin remodeling meta-program	shared
GPR-0078	chromatin remodeling meta-program	H2_gene_program	Mus_musculus	Transcriptional program active in murine cells: chromatin remodeling meta-program	shared
GPR-0079	DNA damage response meta-program	H2_gene_program	Homo_sapiens	Transcriptional program active in human cells: DNA damage response meta-program	shared
GPR-0079	DNA damage response meta-program	H2_gene_program	Mus_musculus	Transcriptional program active in murine cells: DNA damage response meta-program	shared
GPR-0080	RNA splicing meta-program	H2_gene_program	Homo_sapiens	Transcriptional program active in human cells: RNA splicing meta-program	shared
GPR-0080	RNA splicing meta-program	H2_gene_program	Mus_musculus	Transcriptional program active in murine cells: RNA splicing meta-program	shared
GPR-0081	unfolded protein response meta-program	H2_gene_program	Homo_sapiens	Transcriptional program active in human cells: unfolded protein response meta-program	shared
GPR-0081	unfolded protein response meta-program	H2_gene_program	Mus_musculus	Transcriptional program active in murine cells: unfolded protein response meta-program	shared
GPR-0082	ribosome biogenesis meta-program	H2_gene_program	Homo_sapiens	Transcriptional program active in human cells: ribosome biogenesis meta-program	shared
GPR-0082	ribosome biogenesis meta-program	H2_gene_program	Mus_musculus	Transcriptional program active in murine cells: ribosome biogenesis meta-program	shared
GPR-0083	translation meta-program	H2_gene_program	Homo_sapiens	Transcriptional program active in human cells: translation meta-program	shared
GPR-0083	translation meta-program	H2_gene_program	Mus_musculus	Transcriptional program active in murine cells: translation meta-program	shared
GPR-0084	cytoskeleton remodeling meta-program	H2_gene_program	Homo_sapiens	Transcriptional program active in human cells: cytoskeleton remodeling meta-program	shared
GPR-0084	cytoskeleton remodeling meta-program	H2_gene_program	Mus_musculus	Transcriptional program active in murine cells: cytoskeleton remodeling meta-program	shared
GPR-0085	gap junction communication meta-program	H2_gene_program	Homo_sapiens	Transcriptional program active in human cells: gap junction communication meta-program	shared
GPR-0085	gap junction communication meta-program	H2_gene_program	Mus_musculus	Transcriptional program active in murine cells: gap junction communication meta-program	shared
GPR-0086	extracellular matrix meta-program	H2_gene_program	Homo_sapiens	Transcriptional program active in human cells: extracellular matrix meta-program	shared
GPR-0086	extracellular matrix meta-program	H2_gene_program	Mus_musculus	Transcriptional program active in murine cells: extracellular matrix meta-program	shared
GPR-0087	receptor tyrosine kinase meta-program	H2_gene_program	Homo_sapiens	Transcriptional program active in human cells: receptor tyrosine kinase meta-program	shared
GPR-0087	receptor tyrosine kinase meta-program	H2_gene_program	Mus_musculus	Transcriptional program active in murine cells: receptor tyrosine kinase meta-program	shared
GPR-0088	WNT signaling meta-program	H2_gene_program	Homo_sapiens	Transcriptional program active in human cells: WNT signaling meta-program	shared
GPR-0088	WNT signaling meta-program	H2_gene_program	Mus_musculus	Transcriptional program active in murine cells: WNT signaling meta-program	shared
GPR-0089	stem-like meta-program	H2_gene_program	Homo_sapiens	Transcriptional program active in human cells: stem-like meta-program, involving genes such as SOX2, POU5F1, NANOG, CD44, ALDH1A1	shared
GPR-0089	stem-like meta-program	H2_gene_program	Mus_musculus	Transcriptional program active in murine cells: stem-like meta-program, involving genes such as Sox2, Pou5f1, Nanog, Cd44, Aldh1a1	shared
GPR-0090	immune evasion meta-program	H2_gene_program	Homo_sapiens	Transcriptional program active in human cells: immune evasion meta-program, involving genes such as CD274, B2M, HLA-A, LGALS9, IDO1	shared
GPR-0090	immune evasion meta-program	H2_gene_program	Mus_musculus	Transcriptional program active in murine cells: immune evasion meta-program, involving genes such as Cd274, B2m, H2-K1, Lgals9, Ido1	shared
GPR-0091	T cell activation program	H2_gene_program	Homo_sapiens	Transcriptional program active in human cells: T cell activation program, involving genes such as CD69, IL2, TNFRSF9, IFNG, CD25	shared
GPR-0091	T cell activation program	H2_gene_program	Mus_musculus	Transcriptional program active in murine cells: T cell activation program, involving genes such as Cd69, Il2, Tnfrsf9, Ifng, Il2ra	shared
GPR-0092	T cell exhaustion program	H2_gene_program	Homo_sapiens	Transcriptional program active in human cells: T cell exhaustion program, involving genes such as PDCD1, HAVCR2, LAG3, TOX, TIGIT	shared
GPR-0092	T cell exhaustion program	H2_gene_program	Mus_musculus	Transcriptional program active in murine cells: T cell exhaustion program, involving genes such as Pdcd1, Havcr2, Lag3, Tox, Tigit	shared
GPR-0093	T cell cytotoxicity program	H2_gene_program	Homo_sapiens	Transcriptional program active in human cells: T cell cytotoxicity program, involving genes such as GZMB, PRF1, GNLY, NKG7, FASLG	shared
GPR-0093	T cell cytotoxicity program	H2_gene_program	Mus_musculus	Transcriptional program active in murine cells: T cell cytotoxicity program, involving genes such as Gzmb, Prf1, Gnly, Nkg7, Fasl	shared
GPR-0094	Treg suppressive program	H2_gene_program	Homo_sapiens	Transcriptional program active in human cells: Treg suppressive program, involving genes such as FOXP3, CTLA4, IL10, TGFB1, IL35	shared
GPR-0094	Treg suppressive program	H2_gene_program	Mus_musculus	Transcriptional program active in murine cells: Treg suppressive program, involving genes such as Foxp3, Ctla4, Il10, Tgfb1, Ebi3	shared
GPR-0095	Th1 polarization program	H2_gene_program	Homo_sapiens	Transcriptional program active in human cells: Th1 polarization program, involving genes such as TBX21, IFNG, IL12RB2, CXCR3, STAT4	shared
GPR-0095	Th1 polarization program	H2_gene_program	Mus_musculus	Transcriptional program active in murine cells: Th1 polarization program, involving genes such as Tbx21, Ifng, Il12rb2, Cxcr3, Stat4	shared
GPR-0096	Th2 polarization program	H2_gene_program	Homo_sapiens	Transcriptional program active in human cells: Th2 polarization program, involving genes such as GATA3, IL4, IL5, IL13, STAT6	shared
GPR-0096	Th2 polarization program	H2_gene_program	Mus_musculus	Transcriptional program active in murine cells: Th2 polarization program, involving genes such as Gata3, Il4, Il5, Il13, Stat6	shared
GPR-0097	Th17 polarization program	H2_gene_program	Homo_sapiens	Transcriptional program active in human cells: Th17 polarization program, involving genes such as RORC, IL17A, IL22, CCR6, IL23R	shared
GPR-0097	Th17 polarization program	H2_gene_program	Mus_musculus	Transcriptional program active in murine cells: Th17 polarization program, involving genes such as Rorc, Il17a, Il22, Ccr6, Il23r	shared
GPR-0098	B cell activation program	H2_gene_program	Homo_sapiens	Transcriptional program active in human cells: B cell activation program, involving genes such as CD19, MS4A1, CD86, AICDA, MYC	shared
GPR-0098	B cell activation program	H2_gene_program	Mus_musculus	Transcriptional program active in murine cells: B cell activation program, involving genes such as Cd19, Ms4a1, Cd86, Aicda, Myc	shared
GPR-0099	germinal center reaction program	H2_gene_program	Homo_sapiens	Transcriptional program active in human cells: germinal center reaction program, involving genes such as BCL6, AICDA, MYC, FOXO1, CXCR4	shared
GPR-0099	germinal center reaction program	H2_gene_program	Mus_musculus	Transcriptional program active in murine cells: germinal center reaction program, involving genes such as Bcl6, Aicda, Myc, Foxo1, Cxcr4	shared
GPR-0100	plasma cell differentiation program	H2_gene_program	Homo_sapiens	Transcriptional program active in human cells: plasma cell differentiation program, involving genes such as PRDM1, IRF4, XBP1, SDC1, MZB1	shared
GPR-0100	plasma cell differentiation program	H2_gene_program	Mus_musculus	Transcriptional program active in murine cells: plasma cell differentiation program, involving genes such as Prdm1, Irf4, Xbp1, Sdc1, Mzb1	shared
GPR-0101	antibody secretion program	H2_gene_program	Homo_sapiens	Transcriptional program active in human cells: antibody secretion program, involving genes such as JCHAIN, XBP1, MZB1, IGHG1, IGHA1	shared
GPR-0101	antibody secretion program	H2_gene_program	Mus_musculus	Transcriptional program active in murine cells: antibody secretion program, involving genes such as Jchain, Xbp1, Mzb1, Ighg1, Igha	shared
GPR-0102	M1 macrophage activation program	H2_gene_program	Homo_sapiens	Transcriptional program active in human cells: M1 macrophage activation program, involving genes such as NOS2, TNF, IL1B, IL6, CXCL10	shared
GPR-0102	M1 macrophage activation program	H2_gene_program	Mus_musculus	Transcriptional program active in murine cells: M1 macrophage activation program, involving genes such as Nos2, Tnf, Il1b, Il6, Cxcl10	shared
GPR-0103	M2 macrophage activation program	H2_gene_program	Homo_sapiens	Transcriptional program active in human cells: M2 macrophage activation program, involving genes such as MRC1, ARG1, CD163, IL10, TGFB1	shared
GPR-0103	M2 macrophage activation program	H2_gene_program	Mus_musculus	Transcriptional program active in murine cells: M2 macrophage activation program, involving genes such as Mrc1, Arg1, Cd163, Il10, Tgfb1	shared
GPR-0104	phagocytosis program	H2_gene_program	Homo_sapiens	Transcriptional program active in human cells: phagocytosis program, involving genes such as MERTK, AXL, TYRO3, CD47, SIRPA	shared
GPR-0104	phagocytosis program	H2_gene_program	Mus_musculus	Transcriptional program active in murine cells: phagocytosis program, involving genes such as Mertk, Axl, Tyro3, Cd47, Sirpa	shared
GPR-0105	antigen processing program	H2_gene_program	Homo_sapiens	Transcriptional program active in human cells: antigen processing program, involving genes such as TAP1, TAP2, PSMB8, PSMB9, B2M	shared
GPR-0105	antigen processing program	H2_gene_program	Mus_musculus	Transcriptional program active in murine cells: antigen processing program, involving genes such as Tap1, Tap2, Psmb8, Psmb9, B2m	shared
GPR-0106	cross-presentation program	H2_gene_program	Homo_sapiens	Transcriptional program active in human cells: cross-presentation program, involving genes such as TAP1, SEC61A1, WDFY4, RAB11A, CLEC9A	shared
GPR-0106	cross-presentation program	H2_gene_program	Mus_musculus	Transcriptional program active in murine cells: cross-presentation program, involving genes such as Tap1, Sec61a1, Wdfy4, Rab11a, Clec9a	shared
GPR-0107	NK cell activation program	H2_gene_program	Homo_sapiens	Transcriptional program active in human cells: NK cell activation program, involving genes such as KLRK1, NCR1, GZMB, PRF1, IFNG	shared
GPR-0107	NK cell activation program	H2_gene_program	Mus_musculus	Transcriptional program active in murine cells: NK cell activation program, involving genes such as Klrk1, Ncr1, Gzmb, Prf1, Ifng	shared
GPR-0108	NK cell exhaustion program	H2_gene_program	Homo_sapiens	Transcriptional program active in human cells: NK cell exhaustion program, involving genes such as TIGIT, LAG3, PDCD1, HAVCR2, CD96	shared
GPR-0108	NK cell exhaustion program	H2_gene_program	Mus_musculus	Transcriptional program active in murine cells: NK cell exhaustion program, involving genes such as Tigit, Lag3, Pdcd1, Havcr2, Cd96	shared
GPR-0109	MDSC suppressive program	H2_gene_program	Homo_sapiens	Transcriptional program active in human cells: MDSC suppressive program	shared
GPR-0109	MDSC suppressive program	H2_gene_program	Mus_musculus	Transcriptional program active in murine cells: MDSC suppressive program	shared
GPR-0110	neutrophil degranulation program	H2_gene_program	Homo_sapiens	Transcriptional program active in human cells: neutrophil degranulation program, involving genes such as ELANE, MPO, LTF, MMP9, CTSG	shared
GPR-0110	neutrophil degranulation program	H2_gene_program	Mus_musculus	Transcriptional program active in murine cells: neutrophil degranulation program, involving genes such as Elane, Mpo, Ltf, Mmp9, Ctsg	shared
GPR-0111	neutrophil extracellular trap formation program	H2_gene_program	Homo_sapiens	Transcriptional program active in human cells: neutrophil extracellular trap formation program, involving genes such as MPO, ELANE, PADI4, H3F3A, HMGB1	shared
GPR-0111	neutrophil extracellular trap formation program	H2_gene_program	Mus_musculus	Transcriptional program active in murine cells: neutrophil extracellular trap formation program, involving genes such as Mpo, Elane, Padi4, H3f3a, Hmgb1	shared
GPR-0112	complement activation program	H2_gene_program	Homo_sapiens	Transcriptional program active in human cells: complement activation program, involving genes such as C1QA, C3, C5, CFB, MASP2	shared
GPR-0112	complement activation program	H2_gene_program	Mus_musculus	Transcriptional program active in murine cells: complement activation program, involving genes such as C1qa, C3, C5, Cfb, Masp2	shared
GPR-0113	cytokine storm program	H2_gene_program	Homo_sapiens	Transcriptional program active in human cells: cytokine storm program, involving genes such as IL6, IL1B, TNF, IFNG, CXCL10	shared
GPR-0113	cytokine storm program	H2_gene_program	Mus_musculus	Transcriptional program active in murine cells: cytokine storm program, involving genes such as Il6, Il1b, Tnf, Ifng, Cxcl10	shared
GPR-0114	chemokine signaling program	H2_gene_program	Homo_sapiens	Transcriptional program active in human cells: chemokine signaling program, involving genes such as CCL2, CXCL12, CCR7, CXCR4, CCL19	shared
GPR-0114	chemokine signaling program	H2_gene_program	Mus_musculus	Transcriptional program active in murine cells: chemokine signaling program, involving genes such as Ccl2, Cxcl12, Ccr7, Cxcr4, Ccl19	shared
GPR-0115	PD-1 PD-L1 checkpoint program	H2_gene_program	Homo_sapiens	Transcriptional program active in human cells: PD-1 PD-L1 checkpoint program, involving genes such as PDCD1, CD274, PDCD1LG2, LAG3, HAVCR2	shared
GPR-0115	PD-1 PD-L1 checkpoint program	H2_gene_program	Mus_musculus	Transcriptional program active in murine cells: PD-1 PD-L1 checkpoint program, involving genes such as Pdcd1, Cd274, Pdcd1lg2, Lag3, Havcr2	shared
GPR-0116	CTLA-4 checkpoint program	H2_gene_program	Homo_sapiens	Transcriptional program active in human cells: CTLA-4 checkpoint program, involving genes such as CTLA4, CD80, CD86, CD28, ICOS	shared
GPR-0116	CTLA-4 checkpoint program	H2_gene_program	Mus_musculus	Transcriptional program active in murine cells: CTLA-4 checkpoint program, involving genes such as Ctla4, Cd80, Cd86, Cd28, Icos	shared
GPR-0117	TIM-3 LAG-3 checkpoint program	H2_gene_program	Homo_sapiens	Transcriptional program active in human cells: TIM-3 LAG-3 checkpoint program, involving genes such as HAVCR2, LAG3, LGALS9, FGL1, CEACAM1	shared
GPR-0117	TIM-3 LAG-3 checkpoint program	H2_gene_program	Mus_musculus	Transcriptional program active in murine cells: TIM-3 LAG-3 checkpoint program, involving genes such as Havcr2, Lag3, Lgals9, Fgl1, Ceacam1	shared
GPR-0118	type I interferon response program	H2_gene_program	Homo_sapiens	Transcriptional program active in human cells: type I interferon response program, involving genes such as IFNB1, MX1, OAS1, ISG15, IRF3	shared
GPR-0118	type I interferon response program	H2_gene_program	Mus_musculus	Transcriptional program active in murine cells: type I interferon response program, involving genes such as Ifnb1, Mx1, Oas1a, Isg15, Irf3	shared
GPR-0119	type II interferon response program	H2_gene_program	Homo_sapiens	Transcriptional program active in human cells: type II interferon response program, involving genes such as IFNG, STAT1, IRF1, GBP1, CXCL10	shared
GPR-0119	type II interferon response program	H2_gene_program	Mus_musculus	Transcriptional program active in murine cells: type II interferon response program, involving genes such as Ifng, Stat1, Irf1, Gbp1, Cxcl10	shared
GPR-0120	toll-like receptor signaling program	H2_gene_program	Homo_sapiens	Transcriptional program active in human cells: toll-like receptor signaling program, involving genes such as TLR4, MYD88, TRAF6, IRAK4, NF-kB	shared
GPR-0120	toll-like receptor signaling program	H2_gene_program	Mus_musculus	Transcriptional program active in murine cells: toll-like receptor signaling program, involving genes such as Tlr4, Myd88, Traf6, Irak4, Nfkb1	shared
GPR-0121	inflammasome activation program	H2_gene_program	Homo_sapiens	Transcriptional program active in human cells: inflammasome activation program, involving genes such as NLRP3, CASP1, IL1B, IL18, PYCARD	shared
GPR-0121	inflammasome activation program	H2_gene_program	Mus_musculus	Transcriptional program active in murine cells: inflammasome activation program, involving genes such as Nlrp3, Casp1, Il1b, Il18, Pycard	shared
GPR-0122	T cell trafficking program	H2_gene_program	Homo_sapiens	Transcriptional program active in human cells: T cell trafficking program, involving genes such as CCR7, CXCR3, CXCL9, CXCL10, ICAM1	shared
GPR-0122	T cell trafficking program	H2_gene_program	Mus_musculus	Transcriptional program active in murine cells: T cell trafficking program, involving genes such as Ccr7, Cxcr3, Cxcl9, Cxcl10, Icam1	shared
GPR-0123	immune evasion program	H2_gene_program	Homo_sapiens	Transcriptional program active in human cells: immune evasion program, involving genes such as CD274, IDO1, LGALS9, VTCN1, NT5E	shared
GPR-0123	immune evasion program	H2_gene_program	Mus_musculus	Transcriptional program active in murine cells: immune evasion program, involving genes such as Cd274, Ido1, Lgals9, Vtcn1, Nt5e	shared
GPR-0124	myeloid recruitment program	H2_gene_program	Homo_sapiens	Transcriptional program active in human cells: myeloid recruitment program, involving genes such as CCL2, CSF1, CXCL12, IL34, CCL5	shared
GPR-0124	myeloid recruitment program	H2_gene_program	Mus_musculus	Transcriptional program active in murine cells: myeloid recruitment program, involving genes such as Ccl2, Csf1, Cxcl12, Il34, Ccl5	shared
GPR-0125	tertiary lymphoid structure formation program	H2_gene_program	Homo_sapiens	Transcriptional program active in human cells: tertiary lymphoid structure formation program, involving genes such as CXCL13, CCL19, CCL21, LTA, LTB	shared
GPR-0125	tertiary lymphoid structure formation program	H2_gene_program	Mus_musculus	Transcriptional program active in murine cells: tertiary lymphoid structure formation program, involving genes such as Cxcl13, Ccl19, Ccl21a, Lta, Ltb	shared
GPR-0126	Warburg effect aerobic glycolysis program	H2_gene_program	Homo_sapiens	Transcriptional program active in human cells: Warburg effect aerobic glycolysis program, involving genes such as HK2, PKM, LDHA, SLC2A1, PDK1	shared
GPR-0126	Warburg effect aerobic glycolysis program	H2_gene_program	Mus_musculus	Transcriptional program active in murine cells: Warburg effect aerobic glycolysis program, involving genes such as Hk2, Pkm, Ldha, Slc2a1, Pdk1	shared
GPR-0127	oxidative phosphorylation metabolic program	H2_gene_program	Homo_sapiens	Transcriptional program active in human cells: oxidative phosphorylation metabolic program, involving genes such as NDUFA1, NDUFB1, COX7C, ATP5F1B, UQCRC2	shared
GPR-0127	oxidative phosphorylation metabolic program	H2_gene_program	Mus_musculus	Transcriptional program active in murine cells: oxidative phosphorylation metabolic program, involving genes such as Ndufa1, Ndufb1, Cox7c, Atp5f1b, Uqcrc2	shared
GPR-0128	fatty acid synthesis program	H2_gene_program	Homo_sapiens	Transcriptional program active in human cells: fatty acid synthesis program, involving genes such as FASN, ACACA, SCD, ACLY, ELOVL6	shared
GPR-0128	fatty acid synthesis program	H2_gene_program	Mus_musculus	Transcriptional program active in murine cells: fatty acid synthesis program, involving genes such as Fasn, Acaca, Scd1, Acly, Elovl6	shared
GPR-0129	beta-oxidation program	H2_gene_program	Homo_sapiens	Transcriptional program active in human cells: beta-oxidation program, involving genes such as CPT1A, ACADM, HADHA, HADHB, ACOX1	shared
GPR-0129	beta-oxidation program	H2_gene_program	Mus_musculus	Transcriptional program active in murine cells: beta-oxidation program, involving genes such as Cpt1a, Acadm, Hadha, Hadhb, Acox1	shared
GPR-0130	glutamine metabolism program	H2_gene_program	Homo_sapiens	Transcriptional program active in human cells: glutamine metabolism program, involving genes such as GLS, GLUL, SLC1A5, GOT2, ASNS	shared
GPR-0130	glutamine metabolism program	H2_gene_program	Mus_musculus	Transcriptional program active in murine cells: glutamine metabolism program, involving genes such as Gls, Glul, Slc1a5, Got2, Asns	shared
GPR-0131	one-carbon metabolism program	H2_gene_program	Homo_sapiens	Transcriptional program active in human cells: one-carbon metabolism program, involving genes such as MTHFD1, SHMT2, DHFR, TYMS, MTHFR	shared
GPR-0131	one-carbon metabolism program	H2_gene_program	Mus_musculus	Transcriptional program active in murine cells: one-carbon metabolism program, involving genes such as Mthfd1, Shmt2, Dhfr, Tyms, Mthfr	shared
GPR-0132	nucleotide biosynthesis program	H2_gene_program	Homo_sapiens	Transcriptional program active in human cells: nucleotide biosynthesis program, involving genes such as CAD, DHODH, UMPS, CTPS1, IMPDH2	shared
GPR-0132	nucleotide biosynthesis program	H2_gene_program	Mus_musculus	Transcriptional program active in murine cells: nucleotide biosynthesis program, involving genes such as Cad, Dhodh, Umps, Ctps, Impdh2	shared
GPR-0133	amino acid catabolism program	H2_gene_program	Homo_sapiens	Transcriptional program active in human cells: amino acid catabolism program, involving genes such as GOT1, GOT2, GPT, BCAT1, IDO1	shared
GPR-0133	amino acid catabolism program	H2_gene_program	Mus_musculus	Transcriptional program active in murine cells: amino acid catabolism program, involving genes such as Got1, Got2, Gpt, Bcat1, Ido1	shared
GPR-0134	tryptophan-kynurenine metabolism program	H2_gene_program	Homo_sapiens	Transcriptional program active in human cells: tryptophan-kynurenine metabolism program, involving genes such as IDO1, TDO2, KMO, KYNU, HAAO	shared
GPR-0134	tryptophan-kynurenine metabolism program	H2_gene_program	Mus_musculus	Transcriptional program active in murine cells: tryptophan-kynurenine metabolism program, involving genes such as Ido1, Tdo2, Kmo, Kynu, Haao	shared
GPR-0135	arginine metabolism program	H2_gene_program	Homo_sapiens	Transcriptional program active in human cells: arginine metabolism program, involving genes such as ARG1, ARG2, NOS2, ASS1, ASL	shared
GPR-0135	arginine metabolism program	H2_gene_program	Mus_musculus	Transcriptional program active in murine cells: arginine metabolism program, involving genes such as Arg1, Arg2, Nos2, Ass1, Asl	shared
GPR-0136	lipid peroxidation ferroptosis program	H2_gene_program	Homo_sapiens	Transcriptional program active in human cells: lipid peroxidation ferroptosis program, involving genes such as GPX4, SLC7A11, ACSL4, LPCAT3, ALOX15	shared
GPR-0136	lipid peroxidation ferroptosis program	H2_gene_program	Mus_musculus	Transcriptional program active in murine cells: lipid peroxidation ferroptosis program, involving genes such as Gpx4, Slc7a11, Acsl4, Lpcat3, Alox15	shared
GPR-0137	mitochondrial biogenesis program	H2_gene_program	Homo_sapiens	Transcriptional program active in human cells: mitochondrial biogenesis program, involving genes such as PPARGC1A, TFAM, NRF1, POLG, TOMM20	shared
GPR-0137	mitochondrial biogenesis program	H2_gene_program	Mus_musculus	Transcriptional program active in murine cells: mitochondrial biogenesis program, involving genes such as Ppargc1a, Tfam, Nrf1, Polg, Tomm20	shared
GPR-0138	autophagy program	H2_gene_program	Homo_sapiens	Transcriptional program active in human cells: autophagy program, involving genes such as BECN1, ATG5, ATG7, MAP1LC3B, SQSTM1	shared
GPR-0138	autophagy program	H2_gene_program	Mus_musculus	Transcriptional program active in murine cells: autophagy program, involving genes such as Becn1, Atg5, Atg7, Map1lc3b, Sqstm1	shared
GPR-0139	pentose phosphate pathway program	H2_gene_program	Homo_sapiens	Transcriptional program active in human cells: pentose phosphate pathway program, involving genes such as G6PD, PGD, TKT, TALDO1, RPIA	shared
GPR-0139	pentose phosphate pathway program	H2_gene_program	Mus_musculus	Transcriptional program active in murine cells: pentose phosphate pathway program, involving genes such as G6pdx, Pgd, Tkt, Taldo1, Rpia	shared
GPR-0140	TCA cycle program	H2_gene_program	Homo_sapiens	Transcriptional program active in human cells: TCA cycle program, involving genes such as CS, ACO2, IDH2, OGDH, SDHA	shared
GPR-0140	TCA cycle program	H2_gene_program	Mus_musculus	Transcriptional program active in murine cells: TCA cycle program, involving genes such as Cs, Aco2, Idh2, Ogdh, Sdha	shared
GPR-0141	ketogenesis program	H2_gene_program	Homo_sapiens	Transcriptional program active in human cells: ketogenesis program	shared
GPR-0141	ketogenesis program	H2_gene_program	Mus_musculus	Transcriptional program active in murine cells: ketogenesis program	shared
GPR-0142	gluconeogenesis program	H2_gene_program	Homo_sapiens	Transcriptional program active in human cells: gluconeogenesis program	shared
GPR-0142	gluconeogenesis program	H2_gene_program	Mus_musculus	Transcriptional program active in murine cells: gluconeogenesis program	shared
GPR-0143	cholesterol efflux program	H2_gene_program	Homo_sapiens	Transcriptional program active in human cells: cholesterol efflux program	shared
GPR-0143	cholesterol efflux program	H2_gene_program	Mus_musculus	Transcriptional program active in murine cells: cholesterol efflux program	shared
GPR-0144	bile acid synthesis and transport program	H2_gene_program	Homo_sapiens	Transcriptional program active in human cells: bile acid synthesis and transport program	shared
GPR-0144	bile acid synthesis and transport program	H2_gene_program	Mus_musculus	Transcriptional program active in murine cells: bile acid synthesis and transport program	shared
GPR-0145	sphingolipid metabolism program	H2_gene_program	Homo_sapiens	Transcriptional program active in human cells: sphingolipid metabolism program	shared
GPR-0145	sphingolipid metabolism program	H2_gene_program	Mus_musculus	Transcriptional program active in murine cells: sphingolipid metabolism program	shared
GPR-0146	glycan biosynthesis program	H2_gene_program	Homo_sapiens	Transcriptional program active in human cells: glycan biosynthesis program	shared
GPR-0146	glycan biosynthesis program	H2_gene_program	Mus_musculus	Transcriptional program active in murine cells: glycan biosynthesis program	shared
GPR-0147	polyamine metabolism program	H2_gene_program	Homo_sapiens	Transcriptional program active in human cells: polyamine metabolism program	shared
GPR-0147	polyamine metabolism program	H2_gene_program	Mus_musculus	Transcriptional program active in murine cells: polyamine metabolism program	shared
GPR-0148	heme biosynthesis and degradation program	H2_gene_program	Homo_sapiens	Transcriptional program active in human cells: heme biosynthesis and degradation program	shared
GPR-0148	heme biosynthesis and degradation program	H2_gene_program	Mus_musculus	Transcriptional program active in murine cells: heme biosynthesis and degradation program	shared
GPR-0149	purine salvage program	H2_gene_program	Homo_sapiens	Transcriptional program active in human cells: purine salvage program	shared
GPR-0149	purine salvage program	H2_gene_program	Mus_musculus	Transcriptional program active in murine cells: purine salvage program	shared
GPR-0150	pyrimidine synthesis program	H2_gene_program	Homo_sapiens	Transcriptional program active in human cells: pyrimidine synthesis program	shared
GPR-0150	pyrimidine synthesis program	H2_gene_program	Mus_musculus	Transcriptional program active in murine cells: pyrimidine synthesis program	shared
GPR-0151	ECM production program	H2_gene_program	Homo_sapiens	Transcriptional program active in human cells: ECM production program, involving genes such as COL1A1, COL3A1, FN1, POSTN, SPARC	shared
GPR-0151	ECM production program	H2_gene_program	Mus_musculus	Transcriptional program active in murine cells: ECM production program, involving genes such as Col1a1, Col3a1, Fn1, Postn, Sparc	shared
GPR-0152	ECM degradation MMP program	H2_gene_program	Homo_sapiens	Transcriptional program active in human cells: ECM degradation MMP program, involving genes such as MMP2, MMP9, MMP14, TIMP1, TIMP2	shared
GPR-0152	ECM degradation MMP program	H2_gene_program	Mus_musculus	Transcriptional program active in murine cells: ECM degradation MMP program, involving genes such as Mmp2, Mmp9, Mmp14, Timp1, Timp2	shared
GPR-0153	collagen deposition program	H2_gene_program	Homo_sapiens	Transcriptional program active in human cells: collagen deposition program, involving genes such as COL1A1, COL1A2, COL3A1, COL5A1, LOX	shared
GPR-0153	collagen deposition program	H2_gene_program	Mus_musculus	Transcriptional program active in murine cells: collagen deposition program, involving genes such as Col1a1, Col1a2, Col3a1, Col5a1, Lox	shared
GPR-0154	fibronectin assembly program	H2_gene_program	Homo_sapiens	Transcriptional program active in human cells: fibronectin assembly program, involving genes such as FN1, ITGA5, ITGB1, TNC, THBS1	shared
GPR-0154	fibronectin assembly program	H2_gene_program	Mus_musculus	Transcriptional program active in murine cells: fibronectin assembly program, involving genes such as Fn1, Itga5, Itgb1, Tnc, Thbs1	shared
GPR-0155	laminin program	H2_gene_program	Homo_sapiens	Transcriptional program active in human cells: laminin program	shared
GPR-0155	laminin program	H2_gene_program	Mus_musculus	Transcriptional program active in murine cells: laminin program	shared
GPR-0156	integrin signaling program	H2_gene_program	Homo_sapiens	Transcriptional program active in human cells: integrin signaling program, involving genes such as ITGB1, ITGAV, ITGA5, ILK, PXN	shared
GPR-0156	integrin signaling program	H2_gene_program	Mus_musculus	Transcriptional program active in murine cells: integrin signaling program, involving genes such as Itgb1, Itgav, Itga5, Ilk, Pxn	shared
GPR-0157	TGF-beta response program	H2_gene_program	Homo_sapiens	Transcriptional program active in human cells: TGF-beta response program, involving genes such as TGFB1, SMAD2, SMAD3, CTGF, SERPINE1	shared
GPR-0157	TGF-beta response program	H2_gene_program	Mus_musculus	Transcriptional program active in murine cells: TGF-beta response program, involving genes such as Tgfb1, Smad2, Smad3, Ctgf, Serpine1	shared
GPR-0158	wound healing program	H2_gene_program	Homo_sapiens	Transcriptional program active in human cells: wound healing program, involving genes such as FN1, COL1A1, TGFB1, ACTA2, MMP2	shared
GPR-0158	wound healing program	H2_gene_program	Mus_musculus	Transcriptional program active in murine cells: wound healing program, involving genes such as Fn1, Col1a1, Tgfb1, Acta2, Mmp2	shared
GPR-0159	fibrosis program	H2_gene_program	Homo_sapiens	Transcriptional program active in human cells: fibrosis program, involving genes such as COL1A1, ACTA2, TGFB1, CTGF, LOX	shared
GPR-0159	fibrosis program	H2_gene_program	Mus_musculus	Transcriptional program active in murine cells: fibrosis program, involving genes such as Col1a1, Acta2, Tgfb1, Ctgf, Lox	shared
GPR-0160	angiogenic program	H2_gene_program	Homo_sapiens	Transcriptional program active in human cells: angiogenic program, involving genes such as VEGFA, KDR, FLT1, ANGPT2, DLL4	shared
GPR-0160	angiogenic program	H2_gene_program	Mus_musculus	Transcriptional program active in murine cells: angiogenic program, involving genes such as Vegfa, Kdr, Flt1, Angpt2, Dll4	shared
GPR-0161	lymphangiogenic program	H2_gene_program	Homo_sapiens	Transcriptional program active in human cells: lymphangiogenic program	shared
GPR-0161	lymphangiogenic program	H2_gene_program	Mus_musculus	Transcriptional program active in murine cells: lymphangiogenic program	shared
GPR-0162	osteogenic differentiation program	H2_gene_program	Homo_sapiens	Transcriptional program active in human cells: osteogenic differentiation program	shared
GPR-0162	osteogenic differentiation program	H2_gene_program	Mus_musculus	Transcriptional program active in murine cells: osteogenic differentiation program	shared
GPR-0163	chondrogenic differentiation program	H2_gene_program	Homo_sapiens	Transcriptional program active in human cells: chondrogenic differentiation program	shared
GPR-0163	chondrogenic differentiation program	H2_gene_program	Mus_musculus	Transcriptional program active in murine cells: chondrogenic differentiation program	shared
GPR-0164	adipogenic differentiation program	H2_gene_program	Homo_sapiens	Transcriptional program active in human cells: adipogenic differentiation program	shared
GPR-0164	adipogenic differentiation program	H2_gene_program	Mus_musculus	Transcriptional program active in murine cells: adipogenic differentiation program	shared
GPR-0165	smooth muscle differentiation program	H2_gene_program	Homo_sapiens	Transcriptional program active in human cells: smooth muscle differentiation program	shared
GPR-0165	smooth muscle differentiation program	H2_gene_program	Mus_musculus	Transcriptional program active in murine cells: smooth muscle differentiation program	shared
GPR-0166	epithelial barrier program	H2_gene_program	Homo_sapiens	Transcriptional program active in human cells: epithelial barrier program	shared
GPR-0166	epithelial barrier program	H2_gene_program	Mus_musculus	Transcriptional program active in murine cells: epithelial barrier program	shared
GPR-0167	tight junction assembly program	H2_gene_program	Homo_sapiens	Transcriptional program active in human cells: tight junction assembly program	shared
GPR-0167	tight junction assembly program	H2_gene_program	Mus_musculus	Transcriptional program active in murine cells: tight junction assembly program	shared
GPR-0168	cell-cell adhesion program	H2_gene_program	Homo_sapiens	Transcriptional program active in human cells: cell-cell adhesion program	shared
GPR-0168	cell-cell adhesion program	H2_gene_program	Mus_musculus	Transcriptional program active in murine cells: cell-cell adhesion program	shared
GPR-0169	focal adhesion program	H2_gene_program	Homo_sapiens	Transcriptional program active in human cells: focal adhesion program, involving genes such as PTK2, PXN, VCL, TLN1, ITGB1	shared
GPR-0169	focal adhesion program	H2_gene_program	Mus_musculus	Transcriptional program active in murine cells: focal adhesion program, involving genes such as Ptk2, Pxn, Vcl, Tln1, Itgb1	shared
GPR-0170	basement membrane assembly program	H2_gene_program	Homo_sapiens	Transcriptional program active in human cells: basement membrane assembly program	shared
GPR-0170	basement membrane assembly program	H2_gene_program	Mus_musculus	Transcriptional program active in murine cells: basement membrane assembly program	shared
GPR-0171	sustained proliferative signaling program	H2_gene_program	Homo_sapiens	Transcriptional program active in human cells: sustained proliferative signaling program, involving genes such as EGFR, ERBB2, MYC, CCND1, CDK4	shared
GPR-0171	sustained proliferative signaling program	H2_gene_program	Mus_musculus	Transcriptional program active in murine cells: sustained proliferative signaling program, involving genes such as Egfr, Erbb2, Myc, Ccnd1, Cdk4	shared
GPR-0172	growth factor independence program	H2_gene_program	Homo_sapiens	Transcriptional program active in human cells: growth factor independence program	shared
GPR-0172	growth factor independence program	H2_gene_program	Mus_musculus	Transcriptional program active in murine cells: growth factor independence program	shared
GPR-0173	replicative immortality telomerase program	H2_gene_program	Homo_sapiens	Transcriptional program active in human cells: replicative immortality telomerase program	shared
GPR-0173	replicative immortality telomerase program	H2_gene_program	Mus_musculus	Transcriptional program active in murine cells: replicative immortality telomerase program	shared
GPR-0174	invasion and motility program	H2_gene_program	Homo_sapiens	Transcriptional program active in human cells: invasion and motility program, involving genes such as MMP2, MMP9, TWIST1, SNAI1, VIM	shared
GPR-0174	invasion and motility program	H2_gene_program	Mus_musculus	Transcriptional program active in murine cells: invasion and motility program, involving genes such as Mmp2, Mmp9, Twist1, Snai1, Vim	shared
GPR-0175	metastasis colonization program	H2_gene_program	Homo_sapiens	Transcriptional program active in human cells: metastasis colonization program, involving genes such as CXCR4, TWIST1, S100A4, MMP9, SNAI2	shared
GPR-0175	metastasis colonization program	H2_gene_program	Mus_musculus	Transcriptional program active in murine cells: metastasis colonization program, involving genes such as Cxcr4, Twist1, S100a4, Mmp9, Snai2	shared
GPR-0176	immune evasion cancer hallmark program	H2_gene_program	Homo_sapiens	Transcriptional program active in human cells: immune evasion cancer hallmark program, involving genes such as CD274, CTLA4, IDO1, LGALS9, VTCN1	shared
GPR-0176	immune evasion cancer hallmark program	H2_gene_program	Mus_musculus	Transcriptional program active in murine cells: immune evasion cancer hallmark program, involving genes such as Cd274, Ctla4, Ido1, Lgals9, Vtcn1	shared
GPR-0177	genome instability program	H2_gene_program	Homo_sapiens	Transcriptional program active in human cells: genome instability program, involving genes such as TP53, BRCA1, ATM, CHEK2, MLH1	shared
GPR-0177	genome instability program	H2_gene_program	Mus_musculus	Transcriptional program active in murine cells: genome instability program, involving genes such as Trp53, Brca1, Atm, Chek2, Mlh1	shared
GPR-0178	tumor-promoting inflammation program	H2_gene_program	Homo_sapiens	Transcriptional program active in human cells: tumor-promoting inflammation program, involving genes such as IL6, TNF, CCL2, CXCL8, STAT3	shared
GPR-0178	tumor-promoting inflammation program	H2_gene_program	Mus_musculus	Transcriptional program active in murine cells: tumor-promoting inflammation program, involving genes such as Il6, Tnf, Ccl2, Cxcl1, Stat3	shared
GPR-0179	deregulated cellular energetics program	H2_gene_program	Homo_sapiens	Transcriptional program active in human cells: deregulated cellular energetics program	shared
GPR-0179	deregulated cellular energetics program	H2_gene_program	Mus_musculus	Transcriptional program active in murine cells: deregulated cellular energetics program	shared
GPR-0180	angiogenesis induction program	H2_gene_program	Homo_sapiens	Transcriptional program active in human cells: angiogenesis induction program	shared
GPR-0180	angiogenesis induction program	H2_gene_program	Mus_musculus	Transcriptional program active in murine cells: angiogenesis induction program	shared
GPR-0181	apoptosis resistance program	H2_gene_program	Homo_sapiens	Transcriptional program active in human cells: apoptosis resistance program, involving genes such as BCL2, BCL2L1, MCL1, BIRC5, XIAP	shared
GPR-0181	apoptosis resistance program	H2_gene_program	Mus_musculus	Transcriptional program active in murine cells: apoptosis resistance program, involving genes such as Bcl2, Bcl2l1, Mcl1, Birc5, Xiap	shared
GPR-0182	anoikis resistance program	H2_gene_program	Homo_sapiens	Transcriptional program active in human cells: anoikis resistance program	shared
GPR-0182	anoikis resistance program	H2_gene_program	Mus_musculus	Transcriptional program active in murine cells: anoikis resistance program	shared
GPR-0183	drug efflux ABC transporter program	H2_gene_program	Homo_sapiens	Transcriptional program active in human cells: drug efflux ABC transporter program, involving genes such as ABCB1, ABCG2, ABCC1, ABCC2, ABCB4	shared
GPR-0183	drug efflux ABC transporter program	H2_gene_program	Mus_musculus	Transcriptional program active in murine cells: drug efflux ABC transporter program, involving genes such as Abcb1a, Abcg2, Abcc1, Abcc2, Abcb4	shared
GPR-0184	homologous recombination repair program	H2_gene_program	Homo_sapiens	Transcriptional program active in human cells: homologous recombination repair program, involving genes such as BRCA1, BRCA2, RAD51, PALB2, BARD1	shared
GPR-0184	homologous recombination repair program	H2_gene_program	Mus_musculus	Transcriptional program active in murine cells: homologous recombination repair program, involving genes such as Brca1, Brca2, Rad51, Palb2, Bard1	shared
GPR-0185	mismatch repair deficiency program	H2_gene_program	Homo_sapiens	Transcriptional program active in human cells: mismatch repair deficiency program, involving genes such as MLH1, MSH2, MSH6, PMS2, EPCAM	shared
GPR-0185	mismatch repair deficiency program	H2_gene_program	Mus_musculus	Transcriptional program active in murine cells: mismatch repair deficiency program, involving genes such as Mlh1, Msh2, Msh6, Pms2, Epcam	shared
GPR-0186	chromatin instability program	H2_gene_program	Homo_sapiens	Transcriptional program active in human cells: chromatin instability program	shared
GPR-0186	chromatin instability program	H2_gene_program	Mus_musculus	Transcriptional program active in murine cells: chromatin instability program	shared
GPR-0187	epigenetic reprogramming program	H2_gene_program	Homo_sapiens	Transcriptional program active in human cells: epigenetic reprogramming program	shared
GPR-0187	epigenetic reprogramming program	H2_gene_program	Mus_musculus	Transcriptional program active in murine cells: epigenetic reprogramming program	shared
GPR-0188	phenotypic plasticity program	H2_gene_program	Homo_sapiens	Transcriptional program active in human cells: phenotypic plasticity program	shared
GPR-0188	phenotypic plasticity program	H2_gene_program	Mus_musculus	Transcriptional program active in murine cells: phenotypic plasticity program	shared
GPR-0189	dedifferentiation program	H2_gene_program	Homo_sapiens	Transcriptional program active in human cells: dedifferentiation program	shared
GPR-0189	dedifferentiation program	H2_gene_program	Mus_musculus	Transcriptional program active in murine cells: dedifferentiation program	shared
GPR-0190	transdifferentiation program	H2_gene_program	Homo_sapiens	Transcriptional program active in human cells: transdifferentiation program	shared
GPR-0190	transdifferentiation program	H2_gene_program	Mus_musculus	Transcriptional program active in murine cells: transdifferentiation program	shared
GPR-0191	cancer-neuron interaction program	H2_gene_program	Homo_sapiens	Transcriptional program active in human cells: cancer-neuron interaction program	shared
GPR-0191	cancer-neuron interaction program	H2_gene_program	Mus_musculus	Transcriptional program active in murine cells: cancer-neuron interaction program	shared
GPR-0192	cancer-adipocyte crosstalk program	H2_gene_program	Homo_sapiens	Transcriptional program active in human cells: cancer-adipocyte crosstalk program	shared
GPR-0192	cancer-adipocyte crosstalk program	H2_gene_program	Mus_musculus	Transcriptional program active in murine cells: cancer-adipocyte crosstalk program	shared
GPR-0193	tumor dormancy program	H2_gene_program	Homo_sapiens	Transcriptional program active in human cells: tumor dormancy program	shared
GPR-0193	tumor dormancy program	H2_gene_program	Mus_musculus	Transcriptional program active in murine cells: tumor dormancy program	shared
GPR-0194	metastatic seeding program	H2_gene_program	Homo_sapiens	Transcriptional program active in human cells: metastatic seeding program	shared
GPR-0194	metastatic seeding program	H2_gene_program	Mus_musculus	Transcriptional program active in murine cells: metastatic seeding program	shared
GPR-0195	collective invasion program	H2_gene_program	Homo_sapiens	Transcriptional program active in human cells: collective invasion program	shared
GPR-0195	collective invasion program	H2_gene_program	Mus_musculus	Transcriptional program active in murine cells: collective invasion program	shared
PWY-0001	EGFR-ErbB signaling pathway	H2_pathway	Homo_sapiens	Signaling pathway in human cells: EGFR-ErbB signaling pathway	shared
PWY-0001	EGFR-ErbB signaling pathway	H2_pathway	Mus_musculus	Signaling pathway in murine cells: EGFR-ErbB signaling pathway	shared
PWY-0002	VEGF signaling pathway	H2_pathway	Homo_sapiens	Signaling pathway in human cells: VEGF signaling pathway	shared
PWY-0002	VEGF signaling pathway	H2_pathway	Mus_musculus	Signaling pathway in murine cells: VEGF signaling pathway	shared
PWY-0003	PDGF signaling pathway	H2_pathway	Homo_sapiens	Signaling pathway in human cells: PDGF signaling pathway	shared
PWY-0003	PDGF signaling pathway	H2_pathway	Mus_musculus	Signaling pathway in murine cells: PDGF signaling pathway	shared
PWY-0004	FGF signaling pathway	H2_pathway	Homo_sapiens	Signaling pathway in human cells: FGF signaling pathway	shared
PWY-0004	FGF signaling pathway	H2_pathway	Mus_musculus	Signaling pathway in murine cells: FGF signaling pathway	shared
PWY-0005	IGF signaling pathway	H2_pathway	Homo_sapiens	Signaling pathway in human cells: IGF signaling pathway	shared
PWY-0005	IGF signaling pathway	H2_pathway	Mus_musculus	Signaling pathway in murine cells: IGF signaling pathway	shared
PWY-0006	HGF-MET signaling pathway	H2_pathway	Homo_sapiens	Signaling pathway in human cells: HGF-MET signaling pathway	shared
PWY-0006	HGF-MET signaling pathway	H2_pathway	Mus_musculus	Signaling pathway in murine cells: HGF-MET signaling pathway	shared
PWY-0007	SCF-KIT signaling pathway	H2_pathway	Homo_sapiens	Signaling pathway in human cells: SCF-KIT signaling pathway	shared
PWY-0007	SCF-KIT signaling pathway	H2_pathway	Mus_musculus	Signaling pathway in murine cells: SCF-KIT signaling pathway	shared
PWY-0008	Angiopoietin-Tie signaling pathway	H2_pathway	Homo_sapiens	Signaling pathway in human cells: Angiopoietin-Tie signaling pathway	shared
PWY-0008	Angiopoietin-Tie signaling pathway	H2_pathway	Mus_musculus	Signaling pathway in murine cells: Angiopoietin-Tie signaling pathway	shared
PWY-0009	EphB-ephrin signaling pathway	H2_pathway	Homo_sapiens	Signaling pathway in human cells: EphB-ephrin signaling pathway	shared
PWY-0009	EphB-ephrin signaling pathway	H2_pathway	Mus_musculus	Signaling pathway in murine cells: EphB-ephrin signaling pathway	shared
PWY-0010	GDNF signaling pathway	H2_pathway	Homo_sapiens	Signaling pathway in human cells: GDNF signaling pathway	shared
PWY-0010	GDNF signaling pathway	H2_pathway	Mus_musculus	Signaling pathway in murine cells: GDNF signaling pathway	shared
PWY-0011	NGF-Trk signaling pathway	H2_pathway	Homo_sapiens	Signaling pathway in human cells: NGF-Trk signaling pathway	shared
PWY-0011	NGF-Trk signaling pathway	H2_pathway	Mus_musculus	Signaling pathway in murine cells: NGF-Trk signaling pathway	shared
PWY-0012	BMP signaling pathway	H2_pathway	Homo_sapiens	Signaling pathway in human cells: BMP signaling pathway	shared
PWY-0012	BMP signaling pathway	H2_pathway	Mus_musculus	Signaling pathway in murine cells: BMP signaling pathway	shared
PWY-0013	Activin signaling pathway	H2_pathway	Homo_sapiens	Signaling pathway in human cells: Activin signaling pathway	shared
PWY-0013	Activin signaling pathway	H2_pathway	Mus_musculus	Signaling pathway in murine cells: Activin signaling pathway	shared
PWY-0014	GDF signaling pathway	H2_pathway	Homo_sapiens	Signaling pathway in human cells: GDF signaling pathway	shared
PWY-0014	GDF signaling pathway	H2_pathway	Mus_musculus	Signaling pathway in murine cells: GDF signaling pathway	shared
PWY-0015	CSF1-CSF1R signaling pathway	H2_pathway	Homo_sapiens	Signaling pathway in human cells: CSF1-CSF1R signaling pathway	shared
PWY-0015	CSF1-CSF1R signaling pathway	H2_pathway	Mus_musculus	Signaling pathway in murine cells: CSF1-CSF1R signaling pathway	shared
PWY-0016	RANKL-RANK signaling pathway	H2_pathway	Homo_sapiens	Signaling pathway in human cells: RANKL-RANK signaling pathway	shared
PWY-0016	RANKL-RANK signaling pathway	H2_pathway	Mus_musculus	Signaling pathway in murine cells: RANKL-RANK signaling pathway	shared
PWY-0017	Erythropoietin signaling pathway	H2_pathway	Homo_sapiens	Signaling pathway in human cells: Erythropoietin signaling pathway	shared
PWY-0017	Erythropoietin signaling pathway	H2_pathway	Mus_musculus	Signaling pathway in murine cells: Erythropoietin signaling pathway	shared
PWY-0018	Thrombopoietin signaling pathway	H2_pathway	Homo_sapiens	Signaling pathway in human cells: Thrombopoietin signaling pathway	shared
PWY-0018	Thrombopoietin signaling pathway	H2_pathway	Mus_musculus	Signaling pathway in murine cells: Thrombopoietin signaling pathway	shared
PWY-0019	EGF signaling pathway	H2_pathway	Homo_sapiens	Signaling pathway in human cells: EGF signaling pathway	shared
PWY-0019	EGF signaling pathway	H2_pathway	Mus_musculus	Signaling pathway in murine cells: EGF signaling pathway	shared
PWY-0020	TGF-alpha signaling pathway	H2_pathway	Homo_sapiens	Signaling pathway in human cells: TGF-alpha signaling pathway	shared
PWY-0020	TGF-alpha signaling pathway	H2_pathway	Mus_musculus	Signaling pathway in murine cells: TGF-alpha signaling pathway	shared
PWY-0021	PI3K-AKT-mTOR pathway	H2_pathway	Homo_sapiens	Signaling pathway in human cells: PI3K-AKT-mTOR pathway	shared
PWY-0021	PI3K-AKT-mTOR pathway	H2_pathway	Mus_musculus	Signaling pathway in murine cells: PI3K-AKT-mTOR pathway	shared
PWY-0022	RAS-RAF-MEK-ERK MAPK pathway	H2_pathway	Homo_sapiens	Signaling pathway in human cells: RAS-RAF-MEK-ERK MAPK pathway	shared
PWY-0022	RAS-RAF-MEK-ERK MAPK pathway	H2_pathway	Mus_musculus	Signaling pathway in murine cells: RAS-RAF-MEK-ERK MAPK pathway	shared
PWY-0023	JAK-STAT pathway	H2_pathway	Homo_sapiens	Signaling pathway in human cells: JAK-STAT pathway	shared
PWY-0023	JAK-STAT pathway	H2_pathway	Mus_musculus	Signaling pathway in murine cells: JAK-STAT pathway	shared
PWY-0024	NF-kB pathway	H2_pathway	Homo_sapiens	Signaling pathway in human cells: NF-kB pathway	shared
PWY-0024	NF-kB pathway	H2_pathway	Mus_musculus	Signaling pathway in murine cells: NF-kB pathway	shared
PWY-0025	Wnt-beta-catenin pathway	H2_pathway	Homo_sapiens	Signaling pathway in human cells: Wnt-beta-catenin pathway	shared
PWY-0025	Wnt-beta-catenin pathway	H2_pathway	Mus_musculus	Signaling pathway in murine cells: Wnt-beta-catenin pathway	shared
PWY-0026	Hedgehog signaling pathway	H2_pathway	Homo_sapiens	Signaling pathway in human cells: Hedgehog signaling pathway	shared
PWY-0026	Hedgehog signaling pathway	H2_pathway	Mus_musculus	Signaling pathway in murine cells: Hedgehog signaling pathway	shared
PWY-0027	Notch signaling pathway	H2_pathway	Homo_sapiens	Signaling pathway in human cells: Notch signaling pathway	shared
PWY-0027	Notch signaling pathway	H2_pathway	Mus_musculus	Signaling pathway in murine cells: Notch signaling pathway	shared
PWY-0028	Hippo-YAP-TAZ pathway	H2_pathway	Homo_sapiens	Signaling pathway in human cells: Hippo-YAP-TAZ pathway	shared
PWY-0028	Hippo-YAP-TAZ pathway	H2_pathway	Mus_musculus	Signaling pathway in murine cells: Hippo-YAP-TAZ pathway	shared
PWY-0029	TGF-beta-SMAD pathway	H2_pathway	Homo_sapiens	Signaling pathway in human cells: TGF-beta-SMAD pathway	shared
PWY-0029	TGF-beta-SMAD pathway	H2_pathway	Mus_musculus	Signaling pathway in murine cells: TGF-beta-SMAD pathway	shared
PWY-0030	AMPK pathway	H2_pathway	Homo_sapiens	Signaling pathway in human cells: AMPK pathway	shared
PWY-0030	AMPK pathway	H2_pathway	Mus_musculus	Signaling pathway in murine cells: AMPK pathway	shared
PWY-0031	p53 tumor suppressor pathway	H2_pathway	Homo_sapiens	Signaling pathway in human cells: p53 tumor suppressor pathway	shared
PWY-0031	p53 tumor suppressor pathway	H2_pathway	Mus_musculus	Signaling pathway in murine cells: p53 tumor suppressor pathway	shared
PWY-0032	Rb cell cycle pathway	H2_pathway	Homo_sapiens	Signaling pathway in human cells: Rb cell cycle pathway	shared
PWY-0032	Rb cell cycle pathway	H2_pathway	Mus_musculus	Signaling pathway in murine cells: Rb cell cycle pathway	shared
PWY-0033	cAMP-PKA pathway	H2_pathway	Homo_sapiens	Signaling pathway in human cells: cAMP-PKA pathway	shared
PWY-0033	cAMP-PKA pathway	H2_pathway	Mus_musculus	Signaling pathway in murine cells: cAMP-PKA pathway	shared
PWY-0034	calcium signaling pathway	H2_pathway	Homo_sapiens	Signaling pathway in human cells: calcium signaling pathway	shared
PWY-0034	calcium signaling pathway	H2_pathway	Mus_musculus	Signaling pathway in murine cells: calcium signaling pathway	shared
PWY-0035	JNK signaling pathway	H2_pathway	Homo_sapiens	Signaling pathway in human cells: JNK signaling pathway	shared
PWY-0035	JNK signaling pathway	H2_pathway	Mus_musculus	Signaling pathway in murine cells: JNK signaling pathway	shared
PWY-0036	p38 MAPK pathway	H2_pathway	Homo_sapiens	Signaling pathway in human cells: p38 MAPK pathway	shared
PWY-0036	p38 MAPK pathway	H2_pathway	Mus_musculus	Signaling pathway in murine cells: p38 MAPK pathway	shared
PWY-0037	PKC signaling pathway	H2_pathway	Homo_sapiens	Signaling pathway in human cells: PKC signaling pathway	shared
PWY-0037	PKC signaling pathway	H2_pathway	Mus_musculus	Signaling pathway in murine cells: PKC signaling pathway	shared
PWY-0038	Rho-ROCK pathway	H2_pathway	Homo_sapiens	Signaling pathway in human cells: Rho-ROCK pathway	shared
PWY-0038	Rho-ROCK pathway	H2_pathway	Mus_musculus	Signaling pathway in murine cells: Rho-ROCK pathway	shared
PWY-0039	cGAS-STING pathway	H2_pathway	Homo_sapiens	Signaling pathway in human cells: cGAS-STING pathway	shared
PWY-0039	cGAS-STING pathway	H2_pathway	Mus_musculus	Signaling pathway in murine cells: cGAS-STING pathway	shared
PWY-0040	mTORC1 and mTORC2 pathway	H2_pathway	Homo_sapiens	Signaling pathway in human cells: mTORC1 and mTORC2 pathway	shared
PWY-0040	mTORC1 and mTORC2 pathway	H2_pathway	Mus_musculus	Signaling pathway in murine cells: mTORC1 and mTORC2 pathway	shared
PWY-0041	G1-S cell cycle checkpoint	H2_pathway	Homo_sapiens	Signaling pathway in human cells: G1-S cell cycle checkpoint	shared
PWY-0041	G1-S cell cycle checkpoint	H2_pathway	Mus_musculus	Signaling pathway in murine cells: G1-S cell cycle checkpoint	shared
PWY-0042	G2-M cell cycle checkpoint	H2_pathway	Homo_sapiens	Signaling pathway in human cells: G2-M cell cycle checkpoint	shared
PWY-0042	G2-M cell cycle checkpoint	H2_pathway	Mus_musculus	Signaling pathway in murine cells: G2-M cell cycle checkpoint	shared
PWY-0043	mitotic spindle checkpoint	H2_pathway	Homo_sapiens	Signaling pathway in human cells: mitotic spindle checkpoint	shared
PWY-0043	mitotic spindle checkpoint	H2_pathway	Mus_musculus	Signaling pathway in murine cells: mitotic spindle checkpoint	shared
PWY-0044	ATM-ATR DNA damage response	H2_pathway	Homo_sapiens	Signaling pathway in human cells: ATM-ATR DNA damage response	shared
PWY-0044	ATM-ATR DNA damage response	H2_pathway	Mus_musculus	Signaling pathway in murine cells: ATM-ATR DNA damage response	shared
PWY-0045	homologous recombination repair pathway	H2_pathway	Homo_sapiens	Signaling pathway in human cells: homologous recombination repair pathway	shared
PWY-0045	homologous recombination repair pathway	H2_pathway	Mus_musculus	Signaling pathway in murine cells: homologous recombination repair pathway	shared
PWY-0046	non-homologous end joining pathway	H2_pathway	Homo_sapiens	Signaling pathway in human cells: non-homologous end joining pathway	shared
PWY-0046	non-homologous end joining pathway	H2_pathway	Mus_musculus	Signaling pathway in murine cells: non-homologous end joining pathway	shared
PWY-0047	mismatch repair pathway	H2_pathway	Homo_sapiens	Signaling pathway in human cells: mismatch repair pathway	shared
PWY-0047	mismatch repair pathway	H2_pathway	Mus_musculus	Signaling pathway in murine cells: mismatch repair pathway	shared
PWY-0048	base excision repair pathway	H2_pathway	Homo_sapiens	Signaling pathway in human cells: base excision repair pathway	shared
PWY-0048	base excision repair pathway	H2_pathway	Mus_musculus	Signaling pathway in murine cells: base excision repair pathway	shared
PWY-0049	nucleotide excision repair pathway	H2_pathway	Homo_sapiens	Signaling pathway in human cells: nucleotide excision repair pathway	shared
PWY-0049	nucleotide excision repair pathway	H2_pathway	Mus_musculus	Signaling pathway in murine cells: nucleotide excision repair pathway	shared
PWY-0050	replication stress response	H2_pathway	Homo_sapiens	Signaling pathway in human cells: replication stress response	shared
PWY-0050	replication stress response	H2_pathway	Mus_musculus	Signaling pathway in murine cells: replication stress response	shared
PWY-0051	telomere maintenance pathway	H2_pathway	Homo_sapiens	Signaling pathway in human cells: telomere maintenance pathway	shared
PWY-0051	telomere maintenance pathway	H2_pathway	Mus_musculus	Signaling pathway in murine cells: telomere maintenance pathway	shared
PWY-0052	chromatin remodeling pathway	H2_pathway	Homo_sapiens	Signaling pathway in human cells: chromatin remodeling pathway	shared
PWY-0052	chromatin remodeling pathway	H2_pathway	Mus_musculus	Signaling pathway in murine cells: chromatin remodeling pathway	shared
PWY-0053	intrinsic apoptosis pathway	H2_pathway	Homo_sapiens	Signaling pathway in human cells: intrinsic apoptosis pathway	shared
PWY-0053	intrinsic apoptosis pathway	H2_pathway	Mus_musculus	Signaling pathway in murine cells: intrinsic apoptosis pathway	shared
PWY-0054	extrinsic apoptosis pathway	H2_pathway	Homo_sapiens	Signaling pathway in human cells: extrinsic apoptosis pathway	shared
PWY-0054	extrinsic apoptosis pathway	H2_pathway	Mus_musculus	Signaling pathway in murine cells: extrinsic apoptosis pathway	shared
PWY-0055	necroptosis pathway	H2_pathway	Homo_sapiens	Signaling pathway in human cells: necroptosis pathway	shared
PWY-0055	necroptosis pathway	H2_pathway	Mus_musculus	Signaling pathway in murine cells: necroptosis pathway	shared
PWY-0056	pyroptosis pathway	H2_pathway	Homo_sapiens	Signaling pathway in human cells: pyroptosis pathway	shared
PWY-0056	pyroptosis pathway	H2_pathway	Mus_musculus	Signaling pathway in murine cells: pyroptosis pathway	shared
PWY-0057	ferroptosis pathway	H2_pathway	Homo_sapiens	Signaling pathway in human cells: ferroptosis pathway	shared
PWY-0057	ferroptosis pathway	H2_pathway	Mus_musculus	Signaling pathway in murine cells: ferroptosis pathway	shared
PWY-0058	autophagy-dependent cell death pathway	H2_pathway	Homo_sapiens	Signaling pathway in human cells: autophagy-dependent cell death pathway	shared
PWY-0058	autophagy-dependent cell death pathway	H2_pathway	Mus_musculus	Signaling pathway in murine cells: autophagy-dependent cell death pathway	shared
PWY-0059	parthanatos pathway	H2_pathway	Homo_sapiens	Signaling pathway in human cells: parthanatos pathway	shared
PWY-0059	parthanatos pathway	H2_pathway	Mus_musculus	Signaling pathway in murine cells: parthanatos pathway	shared
PWY-0060	anoikis pathway	H2_pathway	Homo_sapiens	Signaling pathway in human cells: anoikis pathway	shared
PWY-0060	anoikis pathway	H2_pathway	Mus_musculus	Signaling pathway in murine cells: anoikis pathway	shared
PWY-0061	TCR signaling pathway	H2_pathway	Homo_sapiens	Signaling pathway in human cells: TCR signaling pathway	shared
PWY-0061	TCR signaling pathway	H2_pathway	Mus_musculus	Signaling pathway in murine cells: TCR signaling pathway	shared
PWY-0062	BCR signaling pathway	H2_pathway	Homo_sapiens	Signaling pathway in human cells: BCR signaling pathway	shared
PWY-0062	BCR signaling pathway	H2_pathway	Mus_musculus	Signaling pathway in murine cells: BCR signaling pathway	shared
PWY-0063	Fc receptor signaling pathway	H2_pathway	Homo_sapiens	Signaling pathway in human cells: Fc receptor signaling pathway	shared
PWY-0063	Fc receptor signaling pathway	H2_pathway	Mus_musculus	Signaling pathway in murine cells: Fc receptor signaling pathway	shared
PWY-0064	classical complement pathway	H2_pathway	Homo_sapiens	Signaling pathway in human cells: classical complement pathway	shared
PWY-0064	classical complement pathway	H2_pathway	Mus_musculus	Signaling pathway in murine cells: classical complement pathway	shared
PWY-0065	alternative complement pathway	H2_pathway	Homo_sapiens	Signaling pathway in human cells: alternative complement pathway	shared
PWY-0065	alternative complement pathway	H2_pathway	Mus_musculus	Signaling pathway in murine cells: alternative complement pathway	shared
PWY-0066	lectin complement pathway	H2_pathway	Homo_sapiens	Signaling pathway in human cells: lectin complement pathway	shared
PWY-0066	lectin complement pathway	H2_pathway	Mus_musculus	Signaling pathway in murine cells: lectin complement pathway	shared
PWY-0067	TLR4 signaling pathway	H2_pathway	Homo_sapiens	Signaling pathway in human cells: TLR4 signaling pathway	shared
PWY-0067	TLR4 signaling pathway	H2_pathway	Mus_musculus	Signaling pathway in murine cells: TLR4 signaling pathway	shared
PWY-0068	TLR7-TLR8 signaling pathway	H2_pathway	Homo_sapiens	Signaling pathway in human cells: TLR7-TLR8 signaling pathway	shared
PWY-0068	TLR7-TLR8 signaling pathway	H2_pathway	Mus_musculus	Signaling pathway in murine cells: TLR7-TLR8 signaling pathway	shared
PWY-0069	TLR9 signaling pathway	H2_pathway	Homo_sapiens	Signaling pathway in human cells: TLR9 signaling pathway	shared
PWY-0069	TLR9 signaling pathway	H2_pathway	Mus_musculus	Signaling pathway in murine cells: TLR9 signaling pathway	shared
PWY-0070	cGAS-STING innate immune pathway	H2_pathway	Homo_sapiens	Signaling pathway in human cells: cGAS-STING innate immune pathway	shared
PWY-0070	cGAS-STING innate immune pathway	H2_pathway	Mus_musculus	Signaling pathway in murine cells: cGAS-STING innate immune pathway	shared
PWY-0071	NLRP3 inflammasome pathway	H2_pathway	Homo_sapiens	Signaling pathway in human cells: NLRP3 inflammasome pathway	shared
PWY-0071	NLRP3 inflammasome pathway	H2_pathway	Mus_musculus	Signaling pathway in murine cells: NLRP3 inflammasome pathway	shared
PWY-0072	type I interferon signaling pathway	H2_pathway	Homo_sapiens	Signaling pathway in human cells: type I interferon signaling pathway	shared
PWY-0072	type I interferon signaling pathway	H2_pathway	Mus_musculus	Signaling pathway in murine cells: type I interferon signaling pathway	shared
PWY-0073	type II interferon signaling pathway	H2_pathway	Homo_sapiens	Signaling pathway in human cells: type II interferon signaling pathway	shared
PWY-0073	type II interferon signaling pathway	H2_pathway	Mus_musculus	Signaling pathway in murine cells: type II interferon signaling pathway	shared
PWY-0074	CXCL12-CXCR4 chemokine pathway	H2_pathway	Homo_sapiens	Signaling pathway in human cells: CXCL12-CXCR4 chemokine pathway	shared
PWY-0074	CXCL12-CXCR4 chemokine pathway	H2_pathway	Mus_musculus	Signaling pathway in murine cells: CXCL12-CXCR4 chemokine pathway	shared
PWY-0075	CCL2-CCR2 chemokine pathway	H2_pathway	Homo_sapiens	Signaling pathway in human cells: CCL2-CCR2 chemokine pathway	shared
PWY-0075	CCL2-CCR2 chemokine pathway	H2_pathway	Mus_musculus	Signaling pathway in murine cells: CCL2-CCR2 chemokine pathway	shared
PWY-0076	PD-1-PD-L1 immune checkpoint pathway	H2_pathway	Homo_sapiens	Signaling pathway in human cells: PD-1-PD-L1 immune checkpoint pathway	shared
PWY-0076	PD-1-PD-L1 immune checkpoint pathway	H2_pathway	Mus_musculus	Signaling pathway in murine cells: PD-1-PD-L1 immune checkpoint pathway	shared
PWY-0077	CTLA-4 immune checkpoint pathway	H2_pathway	Homo_sapiens	Signaling pathway in human cells: CTLA-4 immune checkpoint pathway	shared
PWY-0077	CTLA-4 immune checkpoint pathway	H2_pathway	Mus_musculus	Signaling pathway in murine cells: CTLA-4 immune checkpoint pathway	shared
PWY-0078	CD28 co-stimulation pathway	H2_pathway	Homo_sapiens	Signaling pathway in human cells: CD28 co-stimulation pathway	shared
PWY-0078	CD28 co-stimulation pathway	H2_pathway	Mus_musculus	Signaling pathway in murine cells: CD28 co-stimulation pathway	shared
PWY-0079	4-1BB co-stimulation pathway	H2_pathway	Homo_sapiens	Signaling pathway in human cells: 4-1BB co-stimulation pathway	shared
PWY-0079	4-1BB co-stimulation pathway	H2_pathway	Mus_musculus	Signaling pathway in murine cells: 4-1BB co-stimulation pathway	shared
PWY-0080	IL-6-JAK-STAT3 signaling pathway	H2_pathway	Homo_sapiens	Signaling pathway in human cells: IL-6-JAK-STAT3 signaling pathway	shared
PWY-0080	IL-6-JAK-STAT3 signaling pathway	H2_pathway	Mus_musculus	Signaling pathway in murine cells: IL-6-JAK-STAT3 signaling pathway	shared
PWY-0081	glycolysis pathway	H2_pathway	Homo_sapiens	Signaling pathway in human cells: glycolysis pathway	shared
PWY-0081	glycolysis pathway	H2_pathway	Mus_musculus	Signaling pathway in murine cells: glycolysis pathway	shared
PWY-0082	gluconeogenesis pathway	H2_pathway	Homo_sapiens	Signaling pathway in human cells: gluconeogenesis pathway	shared
PWY-0082	gluconeogenesis pathway	H2_pathway	Mus_musculus	Signaling pathway in murine cells: gluconeogenesis pathway	shared
PWY-0083	TCA cycle pathway	H2_pathway	Homo_sapiens	Signaling pathway in human cells: TCA cycle pathway	shared
PWY-0083	TCA cycle pathway	H2_pathway	Mus_musculus	Signaling pathway in murine cells: TCA cycle pathway	shared
PWY-0084	electron transport chain pathway	H2_pathway	Homo_sapiens	Signaling pathway in human cells: electron transport chain pathway	shared
PWY-0084	electron transport chain pathway	H2_pathway	Mus_musculus	Signaling pathway in murine cells: electron transport chain pathway	shared
PWY-0085	fatty acid synthesis pathway	H2_pathway	Homo_sapiens	Signaling pathway in human cells: fatty acid synthesis pathway	shared
PWY-0085	fatty acid synthesis pathway	H2_pathway	Mus_musculus	Signaling pathway in murine cells: fatty acid synthesis pathway	shared
PWY-0086	fatty acid beta-oxidation pathway	H2_pathway	Homo_sapiens	Signaling pathway in human cells: fatty acid beta-oxidation pathway	shared
PWY-0086	fatty acid beta-oxidation pathway	H2_pathway	Mus_musculus	Signaling pathway in murine cells: fatty acid beta-oxidation pathway	shared
PWY-0087	amino acid catabolism pathway	H2_pathway	Homo_sapiens	Signaling pathway in human cells: amino acid catabolism pathway	shared
PWY-0087	amino acid catabolism pathway	H2_pathway	Mus_musculus	Signaling pathway in murine cells: amino acid catabolism pathway	shared
PWY-0088	urea cycle pathway	H2_pathway	Homo_sapiens	Signaling pathway in human cells: urea cycle pathway	shared
PWY-0088	urea cycle pathway	H2_pathway	Mus_musculus	Signaling pathway in murine cells: urea cycle pathway	shared
PWY-0089	pentose phosphate pathway	H2_pathway	Homo_sapiens	Signaling pathway in human cells: pentose phosphate pathway	shared
PWY-0089	pentose phosphate pathway	H2_pathway	Mus_musculus	Signaling pathway in murine cells: pentose phosphate pathway	shared
PWY-0090	one-carbon folate metabolism pathway	H2_pathway	Homo_sapiens	Signaling pathway in human cells: one-carbon folate metabolism pathway	shared
PWY-0090	one-carbon folate metabolism pathway	H2_pathway	Mus_musculus	Signaling pathway in murine cells: one-carbon folate metabolism pathway	shared
PWY-0091	mevalonate cholesterol pathway	H2_pathway	Homo_sapiens	Signaling pathway in human cells: mevalonate cholesterol pathway	shared
PWY-0091	mevalonate cholesterol pathway	H2_pathway	Mus_musculus	Signaling pathway in murine cells: mevalonate cholesterol pathway	shared
PWY-0092	sphingolipid metabolism pathway	H2_pathway	Homo_sapiens	Signaling pathway in human cells: sphingolipid metabolism pathway	shared
PWY-0092	sphingolipid metabolism pathway	H2_pathway	Mus_musculus	Signaling pathway in murine cells: sphingolipid metabolism pathway	shared
PWY-0093	tryptophan IDO-TDO catabolism pathway	H2_pathway	Homo_sapiens	Signaling pathway in human cells: tryptophan IDO-TDO catabolism pathway	shared
PWY-0093	tryptophan IDO-TDO catabolism pathway	H2_pathway	Mus_musculus	Signaling pathway in murine cells: tryptophan IDO-TDO catabolism pathway	shared
PWY-0094	purine metabolism pathway	H2_pathway	Homo_sapiens	Signaling pathway in human cells: purine metabolism pathway	shared
PWY-0094	purine metabolism pathway	H2_pathway	Mus_musculus	Signaling pathway in murine cells: purine metabolism pathway	shared
PWY-0095	pyrimidine metabolism pathway	H2_pathway	Homo_sapiens	Signaling pathway in human cells: pyrimidine metabolism pathway	shared
PWY-0095	pyrimidine metabolism pathway	H2_pathway	Mus_musculus	Signaling pathway in murine cells: pyrimidine metabolism pathway	shared
PWY-0096	integrin signaling pathway	H2_pathway	Homo_sapiens	Signaling pathway in human cells: integrin signaling pathway	shared
PWY-0096	integrin signaling pathway	H2_pathway	Mus_musculus	Signaling pathway in murine cells: integrin signaling pathway	shared
PWY-0097	focal adhesion kinase pathway	H2_pathway	Homo_sapiens	Signaling pathway in human cells: focal adhesion kinase pathway	shared
PWY-0097	focal adhesion kinase pathway	H2_pathway	Mus_musculus	Signaling pathway in murine cells: focal adhesion kinase pathway	shared
PWY-0098	E-cadherin-catenin adhesion pathway	H2_pathway	Homo_sapiens	Signaling pathway in human cells: E-cadherin-catenin adhesion pathway	shared
PWY-0098	E-cadherin-catenin adhesion pathway	H2_pathway	Mus_musculus	Signaling pathway in murine cells: E-cadherin-catenin adhesion pathway	shared
PWY-0099	MMP-TIMP proteolysis pathway	H2_pathway	Homo_sapiens	Signaling pathway in human cells: MMP-TIMP proteolysis pathway	shared
PWY-0099	MMP-TIMP proteolysis pathway	H2_pathway	Mus_musculus	Signaling pathway in murine cells: MMP-TIMP proteolysis pathway	shared
PWY-0100	collagen biosynthesis pathway	H2_pathway	Homo_sapiens	Signaling pathway in human cells: collagen biosynthesis pathway	shared
PWY-0100	collagen biosynthesis pathway	H2_pathway	Mus_musculus	Signaling pathway in murine cells: collagen biosynthesis pathway	shared
PWY-0101	fibronectin-integrin signaling pathway	H2_pathway	Homo_sapiens	Signaling pathway in human cells: fibronectin-integrin signaling pathway	shared
PWY-0101	fibronectin-integrin signaling pathway	H2_pathway	Mus_musculus	Signaling pathway in murine cells: fibronectin-integrin signaling pathway	shared
PWY-0102	Wnt-PCP planar cell polarity pathway	H2_pathway	Homo_sapiens	Signaling pathway in human cells: Wnt-PCP planar cell polarity pathway	shared
PWY-0102	Wnt-PCP planar cell polarity pathway	H2_pathway	Mus_musculus	Signaling pathway in murine cells: Wnt-PCP planar cell polarity pathway	shared
PWY-0103	Rho-GTPase cytoskeletal pathway	H2_pathway	Homo_sapiens	Signaling pathway in human cells: Rho-GTPase cytoskeletal pathway	shared
PWY-0103	Rho-GTPase cytoskeletal pathway	H2_pathway	Mus_musculus	Signaling pathway in murine cells: Rho-GTPase cytoskeletal pathway	shared
PWY-0104	ADAM-ADAMTS proteolysis pathway	H2_pathway	Homo_sapiens	Signaling pathway in human cells: ADAM-ADAMTS proteolysis pathway	shared
PWY-0104	ADAM-ADAMTS proteolysis pathway	H2_pathway	Mus_musculus	Signaling pathway in murine cells: ADAM-ADAMTS proteolysis pathway	shared
PWY-0105	syndecan-glypican signaling pathway	H2_pathway	Homo_sapiens	Signaling pathway in human cells: syndecan-glypican signaling pathway	shared
PWY-0105	syndecan-glypican signaling pathway	H2_pathway	Mus_musculus	Signaling pathway in murine cells: syndecan-glypican signaling pathway	shared
PWY-0106	canonical Wnt developmental pathway	H2_pathway	Homo_sapiens	Signaling pathway in human cells: canonical Wnt developmental pathway	shared
PWY-0106	canonical Wnt developmental pathway	H2_pathway	Mus_musculus	Signaling pathway in murine cells: canonical Wnt developmental pathway	shared
PWY-0107	non-canonical Wnt pathway	H2_pathway	Homo_sapiens	Signaling pathway in human cells: non-canonical Wnt pathway	shared
PWY-0107	non-canonical Wnt pathway	H2_pathway	Mus_musculus	Signaling pathway in murine cells: non-canonical Wnt pathway	shared
PWY-0108	BMP-SMAD developmental pathway	H2_pathway	Homo_sapiens	Signaling pathway in human cells: BMP-SMAD developmental pathway	shared
PWY-0108	BMP-SMAD developmental pathway	H2_pathway	Mus_musculus	Signaling pathway in murine cells: BMP-SMAD developmental pathway	shared
PWY-0109	FGF-FGFR developmental pathway	H2_pathway	Homo_sapiens	Signaling pathway in human cells: FGF-FGFR developmental pathway	shared
PWY-0109	FGF-FGFR developmental pathway	H2_pathway	Mus_musculus	Signaling pathway in murine cells: FGF-FGFR developmental pathway	shared
PWY-0110	Hedgehog-Gli developmental pathway	H2_pathway	Homo_sapiens	Signaling pathway in human cells: Hedgehog-Gli developmental pathway	shared
PWY-0110	Hedgehog-Gli developmental pathway	H2_pathway	Mus_musculus	Signaling pathway in murine cells: Hedgehog-Gli developmental pathway	shared
PWY-0111	Notch-Delta developmental pathway	H2_pathway	Homo_sapiens	Signaling pathway in human cells: Notch-Delta developmental pathway	shared
PWY-0111	Notch-Delta developmental pathway	H2_pathway	Mus_musculus	Signaling pathway in murine cells: Notch-Delta developmental pathway	shared
PWY-0112	retinoic acid signaling pathway	H2_pathway	Homo_sapiens	Signaling pathway in human cells: retinoic acid signaling pathway	shared
PWY-0112	retinoic acid signaling pathway	H2_pathway	Mus_musculus	Signaling pathway in murine cells: retinoic acid signaling pathway	shared
PWY-0113	Hippo organ size control pathway	H2_pathway	Homo_sapiens	Signaling pathway in human cells: Hippo organ size control pathway	shared
PWY-0113	Hippo organ size control pathway	H2_pathway	Mus_musculus	Signaling pathway in murine cells: Hippo organ size control pathway	shared
PWY-0114	Eph-ephrin tissue patterning pathway	H2_pathway	Homo_sapiens	Signaling pathway in human cells: Eph-ephrin tissue patterning pathway	shared
PWY-0114	Eph-ephrin tissue patterning pathway	H2_pathway	Mus_musculus	Signaling pathway in murine cells: Eph-ephrin tissue patterning pathway	shared
PWY-0115	VEGF vascular development pathway	H2_pathway	Homo_sapiens	Signaling pathway in human cells: VEGF vascular development pathway	shared
PWY-0115	VEGF vascular development pathway	H2_pathway	Mus_musculus	Signaling pathway in murine cells: VEGF vascular development pathway	shared
PWY-0116	DNA methylation pathway	H2_pathway	Homo_sapiens	Signaling pathway in human cells: DNA methylation pathway	shared
PWY-0116	DNA methylation pathway	H2_pathway	Mus_musculus	Signaling pathway in murine cells: DNA methylation pathway	shared
PWY-0117	histone acetylation HAT-HDAC pathway	H2_pathway	Homo_sapiens	Signaling pathway in human cells: histone acetylation HAT-HDAC pathway	shared
PWY-0117	histone acetylation HAT-HDAC pathway	H2_pathway	Mus_musculus	Signaling pathway in murine cells: histone acetylation HAT-HDAC pathway	shared
PWY-0118	histone methylation KMT-KDM pathway	H2_pathway	Homo_sapiens	Signaling pathway in human cells: histone methylation KMT-KDM pathway	shared
PWY-0118	histone methylation KMT-KDM pathway	H2_pathway	Mus_musculus	Signaling pathway in murine cells: histone methylation KMT-KDM pathway	shared
PWY-0119	Polycomb repressive complex pathway	H2_pathway	Homo_sapiens	Signaling pathway in human cells: Polycomb repressive complex pathway	shared
PWY-0119	Polycomb repressive complex pathway	H2_pathway	Mus_musculus	Signaling pathway in murine cells: Polycomb repressive complex pathway	shared
PWY-0120	SWI-SNF chromatin remodeling pathway	H2_pathway	Homo_sapiens	Signaling pathway in human cells: SWI-SNF chromatin remodeling pathway	shared
PWY-0120	SWI-SNF chromatin remodeling pathway	H2_pathway	Mus_musculus	Signaling pathway in murine cells: SWI-SNF chromatin remodeling pathway	shared
PWY-0121	RNA polymerase II elongation pathway	H2_pathway	Homo_sapiens	Signaling pathway in human cells: RNA polymerase II elongation pathway	shared
PWY-0121	RNA polymerase II elongation pathway	H2_pathway	Mus_musculus	Signaling pathway in murine cells: RNA polymerase II elongation pathway	shared
PWY-0122	miRNA processing pathway	H2_pathway	Homo_sapiens	Signaling pathway in human cells: miRNA processing pathway	shared
PWY-0122	miRNA processing pathway	H2_pathway	Mus_musculus	Signaling pathway in murine cells: miRNA processing pathway	shared
PWY-0123	nonsense-mediated decay pathway	H2_pathway	Homo_sapiens	Signaling pathway in human cells: nonsense-mediated decay pathway	shared
PWY-0123	nonsense-mediated decay pathway	H2_pathway	Mus_musculus	Signaling pathway in murine cells: nonsense-mediated decay pathway	shared
PWY-0124	R-loop resolution pathway	H2_pathway	Homo_sapiens	Signaling pathway in human cells: R-loop resolution pathway	shared
PWY-0124	R-loop resolution pathway	H2_pathway	Mus_musculus	Signaling pathway in murine cells: R-loop resolution pathway	shared
PWY-0125	transcriptional condensate formation pathway	H2_pathway	Homo_sapiens	Signaling pathway in human cells: transcriptional condensate formation pathway	shared
PWY-0125	transcriptional condensate formation pathway	H2_pathway	Mus_musculus	Signaling pathway in murine cells: transcriptional condensate formation pathway	shared
PWY-0126	unfolded protein response IRE1 pathway	H2_pathway	Homo_sapiens	Signaling pathway in human cells: unfolded protein response IRE1 pathway	shared
PWY-0126	unfolded protein response IRE1 pathway	H2_pathway	Mus_musculus	Signaling pathway in murine cells: unfolded protein response IRE1 pathway	shared
PWY-0127	ER stress PERK-ATF4 pathway	H2_pathway	Homo_sapiens	Signaling pathway in human cells: ER stress PERK-ATF4 pathway	shared
PWY-0127	ER stress PERK-ATF4 pathway	H2_pathway	Mus_musculus	Signaling pathway in murine cells: ER stress PERK-ATF4 pathway	shared
PWY-0128	heat shock response pathway	H2_pathway	Homo_sapiens	Signaling pathway in human cells: heat shock response pathway	shared
PWY-0128	heat shock response pathway	H2_pathway	Mus_musculus	Signaling pathway in murine cells: heat shock response pathway	shared
PWY-0129	NRF2-KEAP1 oxidative stress pathway	H2_pathway	Homo_sapiens	Signaling pathway in human cells: NRF2-KEAP1 oxidative stress pathway	shared
PWY-0129	NRF2-KEAP1 oxidative stress pathway	H2_pathway	Mus_musculus	Signaling pathway in murine cells: NRF2-KEAP1 oxidative stress pathway	shared
PWY-0130	HIF-1alpha hypoxia response pathway	H2_pathway	Homo_sapiens	Signaling pathway in human cells: HIF-1alpha hypoxia response pathway	shared
PWY-0130	HIF-1alpha hypoxia response pathway	H2_pathway	Mus_musculus	Signaling pathway in murine cells: HIF-1alpha hypoxia response pathway	shared
PWY-0131	AMPK-mTOR nutrient sensing pathway	H2_pathway	Homo_sapiens	Signaling pathway in human cells: AMPK-mTOR nutrient sensing pathway	shared
PWY-0131	AMPK-mTOR nutrient sensing pathway	H2_pathway	Mus_musculus	Signaling pathway in murine cells: AMPK-mTOR nutrient sensing pathway	shared
PWY-0132	proteasome degradation pathway	H2_pathway	Homo_sapiens	Signaling pathway in human cells: proteasome degradation pathway	shared
PWY-0132	proteasome degradation pathway	H2_pathway	Mus_musculus	Signaling pathway in murine cells: proteasome degradation pathway	shared
PWY-0133	lysosomal autophagy pathway	H2_pathway	Homo_sapiens	Signaling pathway in human cells: lysosomal autophagy pathway	shared
PWY-0133	lysosomal autophagy pathway	H2_pathway	Mus_musculus	Signaling pathway in murine cells: lysosomal autophagy pathway	shared
PWY-0134	mitophagy pathway	H2_pathway	Homo_sapiens	Signaling pathway in human cells: mitophagy pathway	shared
PWY-0134	mitophagy pathway	H2_pathway	Mus_musculus	Signaling pathway in murine cells: mitophagy pathway	shared
PWY-0135	p16-p21 senescence pathway	H2_pathway	Homo_sapiens	Signaling pathway in human cells: p16-p21 senescence pathway	shared
PWY-0135	p16-p21 senescence pathway	H2_pathway	Mus_musculus	Signaling pathway in murine cells: p16-p21 senescence pathway	shared
PWY-0136	circadian rhythm pathway	H2_pathway	Homo_sapiens	Signaling pathway in human cells: circadian rhythm pathway	shared
PWY-0136	circadian rhythm pathway	H2_pathway	Mus_musculus	Signaling pathway in murine cells: circadian rhythm pathway	shared
PWY-0137	androgen receptor signaling pathway	H2_pathway	Homo_sapiens	Signaling pathway in human cells: androgen receptor signaling pathway	shared
PWY-0137	androgen receptor signaling pathway	H2_pathway	Mus_musculus	Signaling pathway in murine cells: androgen receptor signaling pathway	shared
PWY-0138	estrogen receptor signaling pathway	H2_pathway	Homo_sapiens	Signaling pathway in human cells: estrogen receptor signaling pathway	shared
PWY-0138	estrogen receptor signaling pathway	H2_pathway	Mus_musculus	Signaling pathway in murine cells: estrogen receptor signaling pathway	shared
PWY-0139	vitamin D signaling pathway	H2_pathway	Homo_sapiens	Signaling pathway in human cells: vitamin D signaling pathway	shared
PWY-0139	vitamin D signaling pathway	H2_pathway	Mus_musculus	Signaling pathway in murine cells: vitamin D signaling pathway	shared
PWY-0140	thyroid hormone signaling pathway	H2_pathway	Homo_sapiens	Signaling pathway in human cells: thyroid hormone signaling pathway	shared
PWY-0140	thyroid hormone signaling pathway	H2_pathway	Mus_musculus	Signaling pathway in murine cells: thyroid hormone signaling pathway	shared
PWY-0141	PPAR signaling pathway	H2_pathway	Homo_sapiens	Signaling pathway in human cells: PPAR signaling pathway	shared
PWY-0141	PPAR signaling pathway	H2_pathway	Mus_musculus	Signaling pathway in murine cells: PPAR signaling pathway	shared
PWY-0142	glucocorticoid receptor signaling pathway	H2_pathway	Homo_sapiens	Signaling pathway in human cells: glucocorticoid receptor signaling pathway	shared
PWY-0142	glucocorticoid receptor signaling pathway	H2_pathway	Mus_musculus	Signaling pathway in murine cells: glucocorticoid receptor signaling pathway	shared
PWY-0143	Hedgehog in cancer pathway	H2_pathway	Homo_sapiens	Signaling pathway in human cells: Hedgehog in cancer pathway	shared
PWY-0143	Hedgehog in cancer pathway	H2_pathway	Mus_musculus	Signaling pathway in murine cells: Hedgehog in cancer pathway	shared
