expert_id,rank,sample_id,patch_index,barcode,coord_x,coord_y,affinity_score,affinity_score_sd,mean_logit,actual_top2_frequency,actual_top1_frequency,actual_mean_route_weight
0,1,MEND157,621,ATAGCAACTAGGGAAG-1,9889,11168,0.27206874936819075,0.017776591557532553,0.4714588522911072,1.0,0.7,0.541132128238678
0,2,MEND157,1807,GCACAGCACGGGCCGA-1,5002,12678,0.2684147760272026,0.019207534961133508,0.22778475731611253,1.0,0.5,0.5252239406108856
0,3,MEND157,1489,CTGCAAGCACGTTCCG-1,11024,11017,0.26673728674650193,0.012996723902962963,0.3781981378793716,1.0,0.7,0.53889040350914
0,4,MEND157,1233,CGATCCACCATTGTTG-1,6050,12679,0.26638383269309995,0.012934453721246335,0.35994434282183646,1.0,0.5,0.5321533381938934
0,5,MEND157,258,ACCCGATTGGTTCCGA-1,4392,12222,0.2648647725582123,0.013915692150921272,0.2233153734356165,1.0,0.5,0.5407738000154495
0,6,MEND157,2971,TGTGTAGTAGCACGTG-1,11460,10563,0.26299525052309036,0.01708074103788554,0.37709424570202826,1.0,0.5,0.5102158099412918
0,7,MEND157,1408,CTAGCCACAGGCGAGC-1,11547,10715,0.26270749121904374,0.01085788422586157,0.4190977156162262,1.0,0.7,0.5417180061340332
0,8,MEND157,1040,CCATGTTCATCTATAT-1,3781,12070,0.2620942398905754,0.015560889276516013,0.2893377661705017,1.0,0.7,0.5338197082281113
0,9,MEND157,2549,TATGGTCTGAGTAACA-1,6399,7221,0.2617054358124733,0.017705921773908742,0.35698280930519105,1.0,0.5,0.518192657828331
0,10,MEND157,2029,GGCGAAATCTAACTTG-1,8929,8285,0.26112075001001356,0.015088880432970223,0.32720259502530097,1.0,0.5,0.5151629328727723
0,11,MEND157,773,ATTGTCTGTTTCATGT-1,5962,12527,0.26102863997220993,0.020319718278393132,0.4182677403092384,1.0,0.5,0.5182153105735778
0,12,MEND157,2440,TACGCTCGGTATTGGA-1,11198,11018,0.2609878614544868,0.015525532323268183,0.27613192349672316,1.0,0.5,0.5236977607011795
0,13,MEND157,3035,TTATATACGCTGTCAC-1,7795,7526,0.2609799444675446,0.013599490439440889,0.30100526455789806,1.0,0.5,0.5329047024250031
0,14,MEND157,28,AAAGTGTGATTTATCT-1,9540,8438,0.2609646633267403,0.013540862851820488,0.25318766832351686,1.0,0.5,0.518858602643013
0,15,MEND157,767,ATTGCTGCTCCTCCAT-1,5090,7067,0.2596208542585373,0.017073871270589795,0.330216982960701,1.0,0.5,0.5227966129779815
0,16,MEND157,3013,TTACCCTAGGGATTGG-1,6399,10860,0.2595295116305351,0.013584442363397247,0.2517301568761468,1.0,0.5,0.5160487473011017
0,17,MEND157,2021,GGCCCAGCTGGTTTGC-1,7795,12378,0.2592852100729942,0.015853898104873212,0.3638798289000988,1.0,0.6,0.5253211408853531
0,18,MEND157,5,AAACATTTCCCGGATT-1,9802,11016,0.25912424325942995,0.012978674904320257,0.3164699345827103,1.0,0.5,0.526367723941803
0,19,MEND157,2122,GGTCTCCGTCCAGGTT-1,10151,11319,0.2590003818273544,0.014205208318554397,0.23256770595908166,1.0,0.5,0.5358594268560409
0,20,MEND157,3006,TTACACGATCTGCGAC-1,10937,11169,0.25873819291591643,0.014308938514486929,0.24795193821191788,1.0,0.5,0.5395518690347672
0,21,MEND157,490,AGGCAGGGAGCGTACT-1,5613,10707,0.2584006443619728,0.014987138737923362,0.2619805421680212,1.0,0.5,0.5301964908838273
0,22,MEND157,402,AGACGCCCACTTCGCC-1,11809,10867,0.2582420527935028,0.010630326885328162,0.3372193016111851,1.0,0.5,0.5315347850322724
0,23,MEND157,191,ACAAAGCATGACCTAG-1,9802,11319,0.2580705747008324,0.011109415798388164,0.2938635587692261,1.0,0.5,0.5366405427455903
0,24,MEND157,2841,TGCAACCCATCTGCGG-1,9191,10863,0.258046393096447,0.011471436834785536,0.29713683724403384,1.0,0.5,0.5325055450201035
0,25,MEND157,442,AGCCACAGGTTACCCG-1,9104,11318,0.25803719609975817,0.016848127693223334,0.34393067210912703,1.0,0.6,0.5192876577377319
0,26,MEND157,496,AGGCCTATCATACCAA-1,5875,12679,0.25798911303281785,0.013490300995427813,0.2767210349440575,1.0,0.5,0.5256354838609696
0,27,MEND157,877,CACTCTTCTGCTAGCC-1,10151,10713,0.25788268744945525,0.011080110449820595,0.2764829955995083,1.0,0.5,0.5313701570034027
0,28,MEND157,2154,GGTTTGTGACCTGAGG-1,10500,11017,0.25769010484218596,0.01426494851149623,0.23268284052610397,1.0,0.5,0.5303452789783478
0,29,MEND157,1423,CTATCGCGTAGAGAAC-1,11635,10563,0.2576782673597336,0.013512305329855074,0.314486263692379,1.0,0.5,0.5314528107643127
0,30,MEND157,1710,GAGGAATATCTCTTTG-1,5264,12526,0.25740940123796463,0.012054920088269624,0.2224668562412262,1.0,0.6,0.5290051698684692
0,31,MEND157,382,AGAAATTATGACTCGC-1,11373,9805,0.2573848605155945,0.01254609981919454,0.300747936964035,1.0,0.5,0.5226461321115494
0,32,MEND157,1578,CTTTGCTGTCATGGAT-1,11984,9047,0.257330821454525,0.012894406344406688,0.3283091388642788,1.0,0.6,0.5293966144323349
0,33,MEND157,2345,GTTGTAGATTTATGAG-1,6835,12528,0.2573156997561455,0.013548378869245405,0.32719395086169245,1.0,0.6,0.5333555549383163
0,34,MEND157,670,ATCCTGCGTGGAATGG-1,5439,8584,0.25718350857496264,0.014153935405607077,0.2759960874915123,1.0,0.6,0.524984073638916
0,35,MEND157,287,ACGACCCATGAGTTGC-1,12246,10716,0.2570712402462959,0.013103462314675803,0.23706166241317989,1.0,0.5,0.5374751031398773
0,36,MEND157,905,CAGCTGGCGTAACCGT-1,3257,9036,0.2565121129155159,0.018319589802561598,0.3003970429301262,1.0,0.5,0.513077849149704
0,37,MEND157,792,CAACCAGTGGCCTACC-1,11373,11018,0.25630527287721633,0.013193675132419595,0.24700619280338287,1.0,0.6,0.532256206870079
0,38,MEND157,2864,TGCCGTGGGACCCAAT-1,7184,12529,0.25624380111694334,0.01692940504581795,0.45287873819470403,1.0,0.6,0.5144889891147614
0,39,MEND157,868,CACGTTTCGTACACAC-1,9278,10105,0.2562107816338539,0.012650176870618767,0.26259939968585966,1.0,0.5,0.5304057389497757
0,40,MEND157,3043,TTATGAATGAAAGGGA-1,6835,7979,0.2561267361044884,0.01078463046424837,0.24876101091504096,1.0,0.5,0.5272012799978256
0,41,MEND157,1267,CGCGAAGTGGCATACT-1,9715,11471,0.25561234056949617,0.01805195795642567,0.3675374865531921,1.0,0.5,0.5018633365631103
0,42,MEND157,221,ACACTGGGACAGTCGT-1,11373,10714,0.25554645210504534,0.01510785802957675,0.419772806763649,1.0,0.5,0.5187172532081604
0,43,MEND157,1245,CGCACATGTCCACTAC-1,8929,7679,0.25550989210605624,0.015145950490556746,0.24908195361495017,1.0,0.5,0.5153361588716507
0,44,MEND157,2729,TCGTGTACTATGGATG-1,8057,8891,0.25548348724842074,0.016644706679604816,0.3827851518988609,1.0,0.5,0.5090827912092208
0,45,MEND157,2759,TCTCGAGGAGGTTCGC-1,11111,9653,0.2551894962787628,0.01517604890554585,0.31704719066619874,1.0,0.5,0.5171235352754593
0,46,MEND157,719,ATGGGACCTGCTGAAC-1,4043,11008,0.254883249104023,0.01657149521644712,0.26059776470065116,0.9,0.5,0.46343814432621
0,47,MEND157,1149,CCTCACGTCAGCTAAT-1,11984,10867,0.25466555655002593,0.012836045061537224,0.33300746232271194,1.0,0.5,0.5234066933393479
0,48,MEND157,2164,GTACACTTACCTGAAG-1,6922,7221,0.25445457398891447,0.014887604458432955,0.3890233218669891,1.0,0.5,0.5248610943555831
0,49,MEND157,162,AATCGCCTCAGCGCCA-1,8231,7678,0.25440806001424787,0.01676389488416128,0.22624299228191375,1.0,0.5,0.5136199235916138
0,50,MEND157,1364,CGTGCTTCTACCTAAA-1,3781,11160,0.25427220165729525,0.013028245154976744,0.3430955171585083,1.0,0.6,0.5183362931013107
0,51,MEND157,3111,TTGAACGACGTGCTGA-1,9017,10863,0.25422278195619585,0.017390980296691574,0.25991313606500627,1.0,0.5,0.5167075753211975
0,52,MEND157,618,ATAGACGAAGAGAAAG-1,5264,6764,0.25410769432783126,0.016782435800530137,0.24009927213191987,1.0,0.5,0.5209225356578827
0,53,MEND157,2770,TCTGATGTATTCTGTC-1,8580,9498,0.25388663709163667,0.01235350636679681,0.2146107882261276,1.0,0.5,0.5118711650371551
0,54,MEND157,2368,TAACAGCGTTTGTGCT-1,4566,11312,0.2538822144269943,0.015962692689793424,0.27843323424458505,1.0,0.5,0.5271911054849625
0,55,MEND157,1050,CCCAGGTCTGAAGGCT-1,11024,9804,0.2536706507205963,0.014530877281853306,0.3329495623707771,1.0,0.5,0.5233369499444962
0,56,MEND157,3068,TTCCATCGACAGCGTG-1,10675,11017,0.2535729482769966,0.015876079716122947,0.29350576288998126,1.0,0.5,0.5136928468942642
0,57,MEND157,1518,CTGGTAAAGTGTGGGC-1,11286,10866,0.25347371995449064,0.017489001988609074,0.3106978446245193,1.0,0.5,0.5099631696939468
0,58,MEND157,398,AGACCGCTCCGCGGTT-1,11024,9501,0.2533523842692375,0.016613839085760446,0.41946478486061095,1.0,0.5,0.5017937839031219
0,59,MEND157,260,ACCCGGAGCACCACAA-1,12071,10715,0.2531425267457962,0.014592902968693068,0.23232342042028903,1.0,0.6,0.5221673250198364
0,60,MEND157,707,ATGCCATTTGCGACCA-1,9278,8286,0.25309278815984726,0.019414803156604148,0.45870434045791625,1.0,0.5,0.4882738798856735
0,61,MEND157,1817,GCAGATTAGGGATATC-1,6661,7373,0.2529240667819977,0.015162909825454318,0.245151399821043,1.0,0.5,0.5076531946659089
0,62,MEND157,1300,CGGATCCTCAAGGACT-1,8319,10862,0.2526323065161705,0.009687965915280148,0.3081055790185928,1.0,0.6,0.5241475254297256
0,63,MEND157,471,AGCTCCTTCGCACATC-1,8842,9650,0.2526254042983055,0.017263640465028183,0.3230364605784416,1.0,0.5,0.5117127925157547
0,64,MEND157,2331,GTTCCGTCCGCCTGCA-1,5002,12374,0.2524638339877129,0.015097834671082295,0.2581272803246975,1.0,0.5,0.5187565475702286
0,65,MEND157,104,AAGAGCTCTTTATCGG-1,8057,7071,0.25232634842395785,0.014884351987826885,0.30471493378281594,1.0,0.5,0.5104777693748475
0,66,MEND157,136,AAGTGCAAAGGTAGAC-1,2210,6002,0.2523063778877258,0.01656874550223663,0.26386991441249846,1.0,0.5,0.5065190821886063
0,67,MEND157,2624,TCCACAATGGTTTACG-1,4479,6308,0.25218762308359144,0.01476228187035225,0.28011666238307953,1.0,0.5,0.519779446721077
0,68,MEND157,2425,TACCTCAGTTGTCTGT-1,5701,10859,0.25203776359558105,0.01608249261318511,0.3519097946584225,1.0,0.5,0.52580127120018
0,69,MEND157,355,ACTGCCCGCCATTCTC-1,3955,12070,0.2520107731223106,0.015121875833342738,0.24674096517264843,1.0,0.5,0.5182190030813217
0,70,MEND157,117,AAGCTCGTGCCAAGTC-1,7708,7071,0.25199542492628096,0.016472316362797355,0.29327756762504575,1.0,0.5,0.511883071064949
0,71,MEND157,2022,GGCCCTCACCCACTTA-1,3344,7368,0.251925328373909,0.012926452920901254,0.24685261398553848,1.0,0.5,0.5155370861291886
0,72,MEND157,2450,TACTCTCCGAACAAAT-1,8406,4949,0.25182088911533357,0.013413042282501852,0.3828618869185448,1.0,0.6,0.5124886423349381
0,73,MEND157,534,AGTATAATACTAGGCA-1,4217,5550,0.251631435751915,0.019492746728366234,0.27793908044695853,1.0,0.5,0.5060109734535218
0,74,MEND157,3038,TTATCCGGGATCTATA-1,8929,9498,0.2515261858701706,0.01506429829938065,0.2744826089590788,1.0,0.5,0.514557757973671
0,75,MEND157,2861,TGCCCGTACCGTTAAA-1,7882,8587,0.2514219626784325,0.014308051525516584,0.24975209757685662,1.0,0.5,0.5103221207857132
0,76,MEND157,400,AGACGAAGTGCCGGTC-1,9802,9196,0.25141238868236543,0.015098570722712683,0.32719032410532234,1.0,0.5,0.5038419812917709
0,77,MEND157,1113,CCGGGCGGTCTCGTCA-1,7970,6616,0.25139144361019133,0.014259279902762696,0.3084476634860039,1.0,0.5,0.512336266040802
0,78,MEND157,1078,CCCTTTAATGGAGTTC-1,10849,11320,0.2512761324644089,0.012159959659871844,0.22679886631667615,1.0,0.9,0.5344125717878342
0,79,MEND157,1633,GAATGCGAATCGGTTC-1,7359,11316,0.2512200251221657,0.012894944282185291,0.27476589251309635,1.0,0.5,0.522323054075241
0,80,MEND157,2041,GGCTCCTCCACCTGTT-1,4392,10706,0.2511759653687477,0.016183466620579227,0.29636545702815054,1.0,0.5,0.5226360887289048
0,81,MEND157,710,ATGCGACAGTCCCATT-1,7533,7070,0.251132670044899,0.01605430372497652,0.25458574704825876,1.0,0.5,0.5019991070032119
0,82,MEND157,2569,TCAAATTGTTGTGCCG-1,8144,12075,0.25105112195014956,0.017182769322828657,0.3888975135982037,0.9,0.5,0.47930665910243986
0,83,MEND157,225,ACAGCGACATTCTCAT-1,9977,10713,0.2510191187262535,0.019762454624515084,0.2531493280082941,1.0,0.6,0.5160061776638031
0,84,MEND157,2696,TCGCCGACATATTCGC-1,8842,11773,0.2508786752820015,0.014811153051437563,0.2601102486252785,1.0,0.5,0.510931321978569
0,85,MEND157,2790,TCTTCGCGGTGAGAGG-1,11460,10866,0.2508339837193489,0.013875971776803886,0.27710200771689414,1.0,0.6,0.5221333652734756
0,86,MEND157,1181,CCTGTCGCCCGTAAAT-1,6748,7221,0.2507635399699211,0.012835663880004611,0.21464027240872383,1.0,0.5,0.5182237893342971
0,87,MEND157,632,ATATACGCTCGTGACG-1,10762,11169,0.25075202286243437,0.013613664426740796,0.3089835327118635,1.0,0.5,0.5028388142585755
0,88,MEND157,1544,CTTATAGATGGCTGTT-1,11722,11018,0.2506452053785324,0.018117357108182214,0.2388979908078909,1.0,0.5,0.517680087685585
0,89,MEND157,1072,CCCTCGATAATACACA-1,3868,12221,0.25063670724630355,0.012868950383084448,0.26296810116618874,1.0,0.6,0.5199690401554108
0,90,MEND157,2237,GTCGGGAAGCAGAAAC-1,7010,10709,0.25061174780130385,0.014081246897463035,0.22680538445711135,1.0,0.5,0.530891153216362
0,91,MEND157,2441,TACGGAAGCCAAACCA-1,7708,12226,0.25056263953447344,0.010710193859066087,0.28466139584779737,1.0,0.5,0.519504600763321
0,92,MEND157,3020,TTACTGGGATATTTCA-1,6050,8433,0.25056145787239076,0.016211891801188393,0.2125694928690791,1.0,0.6,0.5103204011917114
0,93,MEND157,2925,TGGGCAGGCCACCGCA-1,11460,9956,0.2505012437701225,0.013170642418927007,0.35635595992207525,1.0,0.5,0.5111055433750152
0,94,MEND157,2461,TAGAATAGCCGATGAA-1,10064,11168,0.25046474784612655,0.017555065489395113,0.34133094549179077,1.0,0.5,0.5162036508321762
0,95,MEND157,835,CACATCTCACCGACGA-1,7882,10407,0.25034938007593155,0.012400309931263303,0.2440978094935417,1.0,0.5,0.509784072637558
0,96,MEND157,1646,GACACTGAGTTCAGTG-1,5352,8432,0.25031106621026994,0.011917266801200383,0.23002194967120887,1.0,0.5,0.5186752349138259
0,97,MEND157,2647,TCCGACCGCTAATCAA-1,4479,12374,0.25028912276029586,0.014764549234835226,0.36965316385030744,1.0,0.5,0.5172635108232498
0,98,MEND157,2365,TAAATGAATCCGTTTC-1,3868,5246,0.2501606747508049,0.014268737224081835,0.36758459769189356,1.0,0.5,0.505740737915039
0,99,MEND157,395,AGACCATGGGATACAA-1,3781,5094,0.25013727843761446,0.013150257062614622,0.2656112594529986,1.0,0.5,0.5122707396745682
0,100,MEND157,1907,GCGTCGCCAGGGTGAT-1,6748,9950,0.2501091450452805,0.014418262640365484,0.27372438460588455,1.0,0.5,0.5060229927301407
0,101,MEND157,498,AGGCGATAACTGGCGT-1,11984,10564,0.2497819945216179,0.01221111256997813,0.16870877221226693,1.0,0.5,0.5177416235208512
0,102,MEND157,3000,TTAAGTATTGTTATCC-1,9191,11470,0.2497187539935112,0.015014043756451389,0.31958501860499383,1.0,0.5,0.5170245051383973
0,103,MEND157,2585,TCAATACGCCGTCATG-1,6661,11315,0.2497108295559883,0.012589781073566493,0.2340671129524708,1.0,0.5,0.5232020795345307
0,104,MEND157,1469,CTCTAGCCCTCGGAAA-1,9191,11773,0.2496695935726166,0.012578029098350148,0.3348789617419243,1.0,0.5,0.5265810370445252
0,105,MEND157,1158,CCTCGCGCTGTGCGAT-1,6486,10405,0.24966565221548082,0.01670329843989919,0.3108957901597023,1.0,0.5,0.5089918196201324
0,106,MEND157,1191,CCTTTAAGGGAGCACT-1,5701,10556,0.24961362034082413,0.01471190663931011,0.3568786509335041,1.0,0.5,0.518853896856308
0,107,MEND157,1985,GGACTCTTCCGGTTGA-1,12071,10412,0.24961040318012237,0.012072533623943322,0.3265857331454754,1.0,0.5,0.5065912872552871
0,108,MEND157,2412,TACCAATAAAGTACCA-1,8580,10104,0.2495680034160614,0.014430545289022436,0.21119967810809612,0.9,0.5,0.45652719140052794
0,109,MEND157,2556,TATTATGTTTGCCTGC-1,2821,10400,0.24953941255807877,0.013084995355460979,0.27460514307022094,1.0,0.5,0.5117818981409072
0,110,MEND157,1384,CTAAAGGGAAATAGGA-1,6748,8434,0.24953772872686386,0.014018860027788124,0.3030921809375286,1.0,0.5,0.5132407158613205
0,111,MEND157,3045,TTATGATCTTAACGAA-1,8493,7527,0.24950464963912963,0.013626895907908575,0.2793356109410524,1.0,0.5,0.5150590538978577
0,112,MEND157,1431,CTATTTGCTTGGAGGA-1,6922,12377,0.24944639950990677,0.013817749080540774,0.35631718710064886,1.0,0.5,0.5140190213918686
0,113,MEND157,2892,TGCTTCCCAAGCAGTA-1,7097,11164,0.24938149154186248,0.012148233091541269,0.279233936034143,1.0,0.5,0.5180755704641342
0,114,MEND157,1257,CGCCCAGCGTTTCACG-1,9104,11621,0.2492905378341675,0.012715353784544923,0.2742103222757578,1.0,0.5,0.5213808983564376
0,115,MEND157,1512,CTGGCTGATTCATCCT-1,9715,8438,0.2492412507534027,0.014565162636699686,0.34393267557024954,0.9,0.5,0.4695587456226349
0,116,MEND157,144,AAGTTTATGGGCCCAA-1,7446,12074,0.24908111691474916,0.01575427589691555,0.21260182932019234,0.9,0.5,0.45799773633480073
0,117,MEND157,1246,CGCACGTCTGTTTATG-1,4130,12070,0.2490401178598404,0.012541990891794181,0.2285291638225317,0.9,0.6,0.4717313975095749
0,118,MEND157,2607,TCAGGTTCTTTGAGAA-1,5002,6309,0.24902827590703963,0.01752934483971006,0.28299224749207497,1.0,0.5,0.5102440267801285
0,119,MEND157,766,ATTGCGATCAGTAACT-1,9977,9500,0.24893648475408553,0.01103543094321556,0.2480730004608631,1.0,0.5,0.5153237789869308
0,120,MEND157,829,CACAGGGCCATATAGT-1,9802,10409,0.24887876957654953,0.013533208025060833,0.29144744426012037,1.0,0.5,0.5139072239398956
0,121,MEND157,1853,GCCGATTGGCCAAGCT-1,6661,7979,0.24882031679153443,0.014294733615727086,0.1646729853004217,1.0,0.5,0.5144913226366044
0,122,MEND157,2677,TCCTTGTCCTTTAATT-1,7359,12226,0.2487124964594841,0.015534487410584054,0.30971566736698153,1.0,0.5,0.5101516664028167
0,123,MEND157,2189,GTAGTCTACGATATTG-1,8057,11317,0.24869447201490402,0.014710241296475548,0.29259014651179316,1.0,0.5,0.5121741831302643
0,124,MEND157,1927,GCTAGTAGAGCTTGTA-1,7010,7676,0.2486509457230568,0.01376543175418268,0.24752602949738503,1.0,0.5,0.5025021195411682
0,125,MEND157,2797,TCTTTCCTTCGAGATA-1,11809,10563,0.2486480101943016,0.013931394829783408,0.4002937741577625,1.0,0.5,0.5119393348693848
0,126,MEND157,1908,GCGTCTCTGCATTGGG-1,4915,7674,0.2486262157559395,0.012388899460567232,0.27082670107483864,1.0,0.5,0.5130857616662979
0,127,MEND157,2796,TCTTTAGAGTCTAACA-1,11286,9350,0.24848368614912034,0.014512792402067716,0.2777864456176758,1.0,0.5,0.5118215382099152
0,128,MEND157,49,AACACACGCTCGCCGC-1,9453,9499,0.24831228703260422,0.014686781408593235,0.31228315830230713,0.9,0.5,0.47087602615356444
0,129,MEND157,2802,TGAATACCGACGCGTA-1,8493,11772,0.2482986643910408,0.01614871670860908,0.31879898682236674,1.0,0.5,0.5133421570062637
0,130,MEND157,17,AAACTGCTGGCTCCAA-1,7184,8586,0.24828610867261885,0.014112731848459457,0.2585630685091019,1.0,0.5,0.5118442863225937
0,131,MEND157,92,AACTCTCAGTGTGCTC-1,4915,9796,0.24823549389839172,0.011891530453813307,0.29369875639677046,1.0,0.5,0.5128674119710922
0,132,MEND157,1239,CGATTCGCCTGGCTGC-1,7708,10407,0.2480281561613083,0.00995879654736599,0.20218735411763192,1.0,0.5,0.5242750912904739
0,133,MEND157,198,ACAAGGAAATCCGCCC-1,7882,9194,0.24797964096069336,0.016261353861582,0.27759552001953125,1.0,0.5,0.5055922746658326
0,134,MEND157,819,CAATTAAGGGTGATGA-1,7010,6160,0.2479424700140953,0.01092425995810123,0.30375276803970336,1.0,0.5,0.517368471622467
0,135,MEND157,562,AGTGCACGCTTAAGAA-1,9715,9651,0.24793893247842788,0.013665781552772007,0.27325767539441587,1.0,0.5,0.5110235244035721
0,136,MEND157,2559,TATTCCGAGCTGTTAT-1,8842,9953,0.2479296460747719,0.017106084510237558,0.30178605690598487,1.0,0.5,0.4819946885108948
0,137,MEND157,1493,CTGCAGAGAATCAGAG-1,10151,11016,0.24788991659879683,0.017680106213580262,0.39916359484195707,1.0,0.5,0.5105927169322968
0,138,MEND157,2036,GGCGGTAGGATCATTG-1,7359,6464,0.24781901985406876,0.014988197862764436,0.32305649742484094,1.0,0.5,0.5096791476011276
0,139,MEND157,2590,TCACAGGGAATCGCAA-1,8231,8891,0.24772874861955643,0.011062974377636318,0.216541263833642,1.0,0.6,0.513876548409462
0,140,MEND157,1138,CCTATACCGTCCTGTC-1,5264,10100,0.24770864099264145,0.014514679338131258,0.2095507111400366,1.0,0.5,0.516281658411026
0,141,MEND157,1026,CCATACCTTTACTTGT-1,10238,6316,0.24769038259983062,0.01552919832887121,0.26294548287987707,0.9,0.6,0.461034819483757
0,142,MEND157,3088,TTCGGGTTGCCACGGG-1,11547,11018,0.24764057397842407,0.013295889960060392,0.18853332083672286,1.0,0.6,0.5219197124242783
0,143,MEND157,554,AGTGAACAAACTTCTC-1,10238,8439,0.24763452410697936,0.013674926618418107,0.2516779288649559,1.0,0.5,0.5138458967208862
0,144,MEND157,1950,GCTGCGAAGAATTATT-1,5352,12981,0.2476306900382042,0.012277113180314719,0.2792094538919628,1.0,0.5,0.5151649475097656
0,145,MEND157,1728,GAGTATCAAAGTTACA-1,11896,10412,0.2476125329732895,0.015940812985954584,0.255902249366045,1.0,0.6,0.5103820562362671
0,146,MEND157,1145,CCTATGTCCACTCCAC-1,9366,11167,0.24749991297721863,0.01741622095285096,0.37565470337867735,0.9,0.5,0.455743545293808
0,147,MEND157,583,AGTTTGCACCTGCCTC-1,7795,10558,0.24743473380804062,0.014877212382988633,0.24479008018970488,1.0,0.5,0.5062183856964111
0,148,MEND157,3124,TTGACTATTGTCCGGC-1,10413,8742,0.24739164113998413,0.01528804378685649,0.32407431229948996,1.0,0.5,0.5032765656709671
0,149,MEND157,2341,GTTGCGGACGGTCAGG-1,11722,9805,0.24737749695777894,0.013864444044418469,0.33599669560790063,1.0,0.5,0.5137295424938202
0,150,MEND157,1647,GACACTGGAACCCGAT-1,10937,9653,0.24734181612730027,0.015195526271733192,0.24439583197236062,1.0,0.5,0.5023173034191132
0,151,MEND157,369,ACTTATTTATGTGCCA-1,9191,8740,0.2472886934876442,0.015225750073572028,0.38475272208452227,1.0,0.5,0.5098728179931641
0,152,MEND157,210,ACACACCAGGACCAGT-1,9191,8437,0.24727224558591843,0.014035891793049338,0.3054227210581303,1.0,0.5,0.5024957716464996
0,153,MEND157,2137,GGTGGACTGCTCTGGC-1,8755,10105,0.24727067351341248,0.012177960968293352,0.308396079018712,1.0,0.5,0.5147403419017792
0,154,MEND157,3002,TTAATGTAGACCAGGT-1,7271,6312,0.2472127541899681,0.009987638254770436,0.2858061879873276,0.8,0.6,0.42194707691669464
0,155,MEND157,3016,TTACTAAAGGACTTTA-1,8144,9042,0.24710448533296586,0.012774674887906335,0.2087752992287278,1.0,0.5,0.5170528948307037
0,156,MEND157,954,CATGAGATGCACTCTC-1,8231,10711,0.24706259965896607,0.01457482864001942,0.22252562046051025,1.0,0.5,0.504442298412323
0,157,MEND157,2736,TCGTTGCTATCCGGTC-1,5352,9949,0.24705500453710555,0.013939230489451568,0.22505365647375583,1.0,0.5,0.5045276015996933
0,158,MEND157,240,ACCAACCGCACTCCAC-1,9802,11622,0.24705226570367814,0.01578878195475549,0.3063802123069763,1.0,0.5,0.5067635953426362
0,159,MEND157,1688,GAGACTGATGGGTAGA-1,6224,6007,0.24704559296369552,0.015550910601792294,0.32508727088570594,0.9,0.5,0.4630303293466568
0,160,MEND157,2140,GGTGTTGGGCGTCTTA-1,12071,9199,0.2470032677054405,0.016448744808332125,0.22043536733835936,0.9,0.5,0.4597704917192459
0,161,MEND157,1186,CCTTCGTATAGAATCC-1,6661,12225,0.24690428376197815,0.012500013769816453,0.2447007827460766,0.9,0.5,0.46209004819393157
0,162,MEND157,611,ATACGTTATGCACGGA-1,6835,11315,0.24686031937599182,0.01352781297572963,0.17170712165534496,1.0,0.5,0.5185347706079483
0,163,MEND157,944,CATCATTACCCTGAGG-1,9540,9651,0.24684077650308608,0.012623796745359324,0.18731610253453254,1.0,0.5,0.5151979416608811
0,164,MEND157,2583,TCAAGGTTACTACACC-1,10326,8894,0.24676615595817566,0.01959364723509077,0.2540035184472799,1.0,0.5,0.5128866612911225
0,165,MEND157,2978,TGTTCCGGCCTGAGCT-1,7097,12377,0.24673929661512375,0.013825545676810429,0.28958425000309945,1.0,0.5,0.5139322221279145
0,166,MEND157,1948,GCTGAGGCGTGAGTAT-1,6922,7828,0.24657264053821565,0.013522467547024493,0.2668316524475813,1.0,0.5,0.5055069208145142
0,167,MEND157,2213,GTCATGCACCTCCGTT-1,6661,6159,0.24651006758213043,0.014055734907247642,0.26630455926060675,0.9,0.5,0.4708779871463776
0,168,MEND157,961,CATGCGTTGAGAGGAG-1,5352,12678,0.24649783819913865,0.02219814243591002,0.23013439700007438,1.0,0.5,0.502523884177208
0,169,MEND157,1732,GAGTCCGCTTACCGGA-1,6399,8737,0.24645824134349822,0.014516833609411809,0.23673635311424732,1.0,0.5,0.500447902083397
0,170,MEND157,1490,CTGCACAACTACATAT-1,7970,9345,0.24644338488578796,0.01563844854641383,0.2384379493072629,1.0,0.5,0.5150659173727036
0,171,MEND157,379,ACTTTCCTATAGCTTC-1,6748,6008,0.24644246846437454,0.01090830263628791,0.2341529842466116,0.9,0.7,0.47118826806545255
0,172,MEND157,2243,GTCTAGTGAGCCGCTT-1,9366,11773,0.24639417827129365,0.014872205758096174,0.2545073665678501,1.0,0.5,0.5036704152822494
0,173,MEND157,2399,TAATTACGTCAGTAGA-1,10238,11168,0.24639316648244858,0.015111914968998845,0.22404263056814672,1.0,0.5,0.5163812398910522
0,174,MEND157,941,CATATAGGTACAGTCA-1,6137,8282,0.24638714641332626,0.016161841750341358,0.2755561344325542,1.0,0.5,0.5095775783061981
0,175,MEND157,2623,TCCAATAAAGGCTACC-1,5962,11314,0.24633946269750595,0.012987767903778879,0.3280133339576423,1.0,0.6,0.5207962304353714
0,176,MEND157,1466,CTCGTTACGGCTACCA-1,4828,12374,0.2462511256337166,0.013915917933136103,0.23396193720400332,1.0,0.5,0.5132455676794052
0,177,MEND157,2489,TAGGCTAAAGTGGCAC-1,9977,11623,0.24616022408008575,0.014190493232051378,0.3843304507434368,1.0,0.5,0.5013159900903702
0,178,MEND157,874,CACTCGAGCTGAACAA-1,7795,9042,0.24608591049909592,0.015890882442248136,0.2303903467953205,0.9,0.5,0.4603653758764267
0,179,MEND157,2865,TGCCTAATTGAAGATT-1,10500,10107,0.246055705845356,0.014275592535416125,0.2663976639509201,1.0,0.5,0.5021545559167861
0,180,MEND157,1857,GCCGGGTTAGGGTCGC-1,6486,7979,0.2459877535700798,0.017222619599603823,0.2802709560841322,1.0,0.5,0.5094841480255127
0,181,MEND157,1878,GCGAGTTCTGCAAAGA-1,6835,7070,0.24597713053226472,0.01440977126579619,0.23651087582111358,1.0,0.5,0.5039884805679321
0,182,MEND157,833,CACATATTAGCAGGAT-1,7708,8890,0.24596551358699797,0.014829994930352452,0.29756714776158333,1.0,0.5,0.5093369096517563
0,183,MEND157,378,ACTTTACCCTCATGAA-1,10587,6619,0.2459611177444458,0.017246778950561772,0.29593444243073463,1.0,0.5,0.5112639933824539
0,184,MEND157,2151,GGTTTAGCCTTTCTTG-1,10238,8742,0.24594749957323075,0.011257844318591436,0.26939981132745744,1.0,0.5,0.5123845189809799
0,185,MEND157,1695,GAGATCTTCCATGACA-1,8057,8587,0.24593531489372253,0.014335646638821803,0.2964233381673694,1.0,0.5,0.5027503252029419
0,186,MEND157,1577,CTTTGCATCGCTCTTG-1,9540,10864,0.24591182321310043,0.012886688149232222,0.2673318810760975,1.0,0.5,0.5054170936346054
0,187,MEND157,522,AGGTCGCCTCCCAACA-1,11896,11018,0.24589919298887253,0.01438822087006692,0.3494720071554184,1.0,0.5,0.5160756200551987
0,188,MEND157,2901,TGGAGAATAATCGTCC-1,5177,12678,0.2458025634288788,0.015545931735793779,0.28177891969680785,1.0,0.5,0.4914335161447525
0,189,MEND157,330,ACTACAAAGAGAGGTG-1,5613,12527,0.24579764157533646,0.010650653322812011,0.24521299861371518,1.0,0.6,0.5120895087718964
0,190,MEND157,2439,TACGCTCCTAGAACTG-1,5439,12830,0.24579641371965408,0.016426823904919,0.3513656914234161,1.0,0.5,0.5082757651805878
0,191,MEND157,2701,TCGCGTCCAGAAGGTC-1,3868,6459,0.24577566087245942,0.014911619361147422,0.2679773882031441,1.0,0.5,0.5007339358329773
0,192,MEND157,815,CAATGACCCTTAATTT-1,6311,12831,0.24573200047016144,0.0146280144114912,0.3589594602584839,1.0,0.5,0.5041586279869079
0,193,MEND157,48,AACAATTACTCTACGC-1,3519,6155,0.24569669216871262,0.018970412621800537,0.22182905450463294,1.0,0.5,0.5001140773296356
0,194,MEND157,966,CATGGGTATGCCTTAT-1,8493,10256,0.24566645473241805,0.01521865395119698,0.23599745333194733,0.9,0.5,0.4641400545835495
0,195,MEND157,2102,GGTAACCGGGAGGATA-1,3694,10401,0.24563669860363008,0.013445201123944159,0.2466689884662628,1.0,0.5,0.513177928328514
0,196,MEND157,1612,GAAGAAACGATATTGT-1,3868,10705,0.245629620552063,0.011434340026421849,0.2050146169960499,1.0,0.5,0.5081975758075714
0,197,MEND157,2027,GGCCTGCTTCTCCCGA-1,11198,10714,0.24561083316802979,0.015571683743413788,0.413478422164917,1.0,0.5,0.49145929515361786
0,198,MEND157,754,ATTCCCACATAAACAA-1,3432,5700,0.24560481309890747,0.016113789455907773,0.3031279630959034,1.0,0.5,0.49979402124881744
0,199,MEND157,1089,CCGATATGACGTAAGG-1,12420,10109,0.24556456804275512,0.01318139273668003,0.2083724442869425,1.0,0.5,0.5074169337749481
0,200,MEND157,1462,CTCGGTACCACTGCTC-1,8406,7981,0.24546170234680176,0.016031076057645293,0.3306836673989892,1.0,0.5,0.4966945379972458
0,201,MEND157,604,ATACCTAACCAAGAAA-1,6922,10557,0.2454471245408058,0.0162725018877502,0.2850142315030098,1.0,0.5,0.5128912508487702
0,202,MEND157,2715,TCGGCTTGTATCGACG-1,9715,10561,0.2454116091132164,0.014816641344104615,0.2555370531976223,1.0,0.5,0.5099810391664505
0,203,MEND157,975,CATTATGCTTGTTGTG-1,5875,5704,0.2453435480594635,0.013171971073525154,0.24177775382995606,1.0,0.5,0.5034043431282044
0,204,MEND157,2943,TGGTTCAACGGGTAAT-1,7795,9345,0.24532238095998765,0.01676266428037288,0.2642376828938723,1.0,0.5,0.509831628203392
0,205,MEND157,3146,TTGCGTGTGTAGGCAT-1,8580,12227,0.24526931196451188,0.016305186115925935,0.30225894302129747,1.0,0.5,0.5100225239992142
0,206,MEND157,151,AATAGAATCTGTTTCA-1,8842,9043,0.24526243060827255,0.013982689644957746,0.2631445020437241,1.0,0.5,0.5109081476926803
0,207,MEND157,283,ACCTACTATAAATCTA-1,6399,12073,0.24525270164012908,0.01439086797810566,0.23788401260972022,0.9,0.6,0.4649682015180588
0,208,MEND157,2349,GTTTCAAACGAGTTGT-1,10849,11017,0.24525144547224045,0.012029639495927207,0.30297575555741785,1.0,0.5,0.5109821707010269
0,209,MEND157,3061,TTCAGTTCAAGAGGAG-1,4653,12677,0.24518267065286636,0.012488858648169857,0.2903531759977341,1.0,0.5,0.5073407471179963
0,210,MEND157,2473,TAGATTCAAAGTGCGG-1,4741,12222,0.2451709434390068,0.016321331824989287,0.4121942728757858,0.9,0.5,0.45899986326694486
0,211,MEND157,1967,GGAAACTAAATGGGCC-1,10238,10865,0.24507623314857482,0.015512667303114298,0.17510037794709205,1.0,0.5,0.5098450690507889
0,212,MEND157,1892,GCGCTTAAATAATTGG-1,9104,10408,0.24503008723258973,0.010606486320193367,0.282254247367382,1.0,0.5,0.5215082198381424
0,213,MEND157,1761,GATCGTGACTGATATC-1,7620,7525,0.24497444033622742,0.011844461800191641,0.2012704897671938,1.0,0.5,0.5089349031448365
0,214,MEND157,159,AATCATGTAAAGACTC-1,9889,9954,0.24491547495126725,0.016089110761843384,0.23225975707173346,0.9,0.5,0.46131275296211244
0,215,MEND157,1982,GGACTCGAAGCTTTCA-1,12158,10867,0.24490907341241835,0.009371206254197531,0.19395469799637793,1.0,0.6,0.5173192113637924
0,216,MEND157,1120,CCGTAGGGTTGTTTAC-1,10413,10865,0.2448635071516037,0.013865103307396057,0.2129452984780073,1.0,0.5,0.5159085392951965
0,217,MEND157,968,CATGGTAAGTAGCGTT-1,7708,8587,0.2448601171374321,0.017735911223467002,0.3195957325398922,1.0,0.5,0.4953226625919342
0,218,MEND157,346,ACTCCCTAATGCTAAA-1,7359,10406,0.2448015496134758,0.012159940315116169,0.3298772808164358,1.0,0.5,0.5033555686473846
0,219,MEND157,2949,TGTAGCCATCCCATTC-1,11111,11169,0.24474290609359742,0.015145841495332277,0.2959707036614418,1.0,0.5,0.5056590110063552
0,220,MEND157,2452,TACTCTTTCGTCTTCA-1,5352,10555,0.24472751766443251,0.013625270239019735,0.1984741996973753,1.0,0.5,0.5058844596147537
0,221,MEND157,201,ACAAGGGCAGGCTCTG-1,7970,8436,0.2447069466114044,0.012711491424910936,0.2787171082571149,0.9,0.5,0.4656176447868347
0,222,MEND157,2050,GGGAACGGTTTCAGAT-1,4130,11463,0.2446816772222519,0.016177714930097564,0.33016485050320626,1.0,0.5,0.5028475284576416
0,223,MEND157,908,CAGGCAGTCTTACCAG-1,8755,11621,0.244674414396286,0.010940415027958271,0.2608809232711792,1.0,0.5,0.508865448832512
0,224,MEND157,3164,TTGGGACGTAAGAGTT-1,10849,9501,0.24462079107761384,0.01314443327893699,0.27715418115258217,0.7,0.5,0.3599090874195099
0,225,MEND157,1650,GACAGGCACACACTAT-1,3257,7520,0.2445934757590294,0.015923331678896,0.2690101571381092,1.0,0.5,0.4803872525691986
0,226,MEND157,1900,GCGGGCGAGCCTTACC-1,5788,10101,0.24454963058233262,0.016181841169318794,0.33489335887134075,0.9,0.5,0.4579435110092163
0,227,MEND157,2969,TGTGGTAGGGTGCCTT-1,12246,9806,0.24450649321079254,0.012605420597534597,0.20712699368596077,0.7,0.5,0.35764020681381226
0,228,MEND157,68,AACCGCTAAGGGATGC-1,9366,8741,0.24450136721134186,0.015529694878165664,0.30176642164587975,1.0,0.5,0.5037040382623672
0,229,MEND157,1256,CGCCCAGCACGCCTAG-1,5788,10707,0.2444806307554245,0.011735360363648716,0.2609815500676632,1.0,0.5,0.5074291467666626
0,230,MEND157,262,ACCCGGTTACACTTCC-1,5526,8129,0.24443012177944184,0.016312547962428894,0.23910642601549625,0.9,0.5,0.4659169465303421
0,231,MEND157,185,AATTCCAAGCATGTAC-1,6399,11770,0.24442788809537888,0.01232270950799651,0.2623484333977103,0.9,0.5,0.4597812920808792
0,232,MEND157,216,ACACGAGACTCCTTCT-1,7533,6464,0.24440579116344452,0.013970129540756783,0.22429464254528284,0.9,0.5,0.46432764530181886
0,233,MEND157,2373,TAACCTAGGGAGTCCA-1,10587,10865,0.24429605156183243,0.013754594259439435,0.3075698584318161,1.0,0.5,0.5030609190464019
0,234,MEND157,386,AGAAGGTTGCCGAATT-1,5177,8129,0.2442915305495262,0.00797461191309962,0.1965833842754364,1.0,0.5,0.5071637094020843
0,235,MEND157,644,ATATTGGAGAGGCCTT-1,11896,10715,0.2442682385444641,0.018846918264921526,0.27558181807398796,0.8,0.5,0.42039539813995364
0,236,MEND157,963,CATGGATTGTCTTCCG-1,10151,10106,0.24426349252462387,0.014051874155942626,0.32473118007183077,1.0,0.5,0.5000287592411041
0,237,MEND157,2411,TACCAAATAGCCCAGA-1,6661,10709,0.24424176961183547,0.014510031804228857,0.20518286302685737,1.0,0.5,0.5061072945594788
0,238,MEND157,1161,CCTCGGTTTCCTTGCC-1,4653,12374,0.2442299321293831,0.00962939529318431,0.19802547413855792,1.0,0.6,0.5217127561569214
0,239,MEND157,107,AAGAGGCCCTTTGGAA-1,10849,10714,0.2442239224910736,0.01402420689198615,0.1484904946759343,1.0,0.5,0.51130430996418
0,240,MEND157,1573,CTTTACCGAATAGTAG-1,8668,9346,0.2442159339785576,0.015334171460107415,0.16604843307286501,1.0,0.5,0.5047497510910034
0,241,MEND157,1764,GATCTTGGAGGGCATA-1,7446,8435,0.24420956820249556,0.00964688942139072,0.2240136343985796,0.9,0.5,0.46806986927986144
0,242,MEND157,567,AGTGGCGTCTGAAGGT-1,8842,11166,0.24420468062162398,0.017906789706657912,0.22648849934339524,0.9,0.6,0.46399320662021637
0,243,MEND157,2507,TAGTCTGCGGCACATT-1,4479,12677,0.244191712141037,0.015108680136396426,0.24969573495909572,1.0,0.5,0.5046283841133118
0,244,MEND157,1499,CTGCGATTTCGAGATT-1,6573,12680,0.2441768079996109,0.012303711987825204,0.28112007677555084,0.9,0.5,0.4654835283756256
0,245,MEND157,2271,GTGATTCGCCGCTCAA-1,4828,9038,0.2441192463040352,0.018165859840396942,0.37282500341534613,1.0,0.6,0.513041940331459
0,246,MEND157,659,ATCATAGCCCTATGTA-1,10587,11168,0.2440787672996521,0.01221040450001875,0.34641715586185456,1.0,0.5,0.5211357742547988
0,247,MEND157,1104,CCGCTATCAGCACCAG-1,6835,8586,0.24407601207494736,0.014664123274952477,0.3138760603964329,0.9,0.5,0.4593494743108749
0,248,MEND157,1231,CGATAGTCGTACTGCA-1,9017,11773,0.24407342672348023,0.01159744535951917,0.26087343543767927,1.0,0.5,0.5131882160902024
0,249,MEND157,325,ACGTTCACTATGCCGC-1,4653,12980,0.2440691903233528,0.010532750787145127,0.3048365034162998,1.0,0.5,0.5055188447237015
0,250,MEND157,2192,GTATCAAACGTTAGCT-1,9802,10106,0.24406116753816604,0.016516313982600287,0.17296078763902187,1.0,0.5,0.5028746277093887
0,251,MEND157,1519,CTGGTAACACATAGAA-1,9017,8134,0.24400682151317596,0.015805834226916234,0.27661831974983214,1.0,0.5,0.5129688084125519
0,252,MEND157,2630,TCCAGGCAGGACGATC-1,6224,12679,0.24395162016153335,0.013952122475393987,0.24719098508358,0.9,0.5,0.46806523501873015
0,253,MEND157,797,CAACGTGGTGGAGTCT-1,11198,10108,0.24394953101873398,0.010482495557930814,0.21140090208500623,0.8,0.5,0.4102110296487808
0,254,MEND157,1543,CTTAGTTGAGGAATCG-1,4217,11918,0.24385210871696472,0.013070772762394926,0.22747851219028234,0.8,0.5,0.42435223460197447
0,255,MEND157,2784,TCTTACTTATGCCTCT-1,9453,8589,0.24381007701158525,0.02013689757044304,0.24438062831759452,1.0,0.5,0.4949455112218857
0,256,MEND157,1325,CGGTCAGTCCATATTT-1,12333,10564,0.24378536641597748,0.014903180328147558,0.2505039371550083,0.9,0.5,0.4591638743877411
1,1,MEND157,1487,CTGATAGTGTATCTCA-1,2734,6609,0.15598976463079453,0.013005020888904342,-0.14284722320735455,0.0,0.0,0.0
1,2,MEND157,505,AGGGCGAGCAGCTGAT-1,3083,8429,0.15597849935293198,0.015066721077408815,-0.3060008719563484,0.0,0.0,0.0
1,3,MEND157,3019,TTACTCTGGTACGTAC-1,4043,8279,0.1558634102344513,0.013213881661537244,-0.20046203322708606,0.0,0.0,0.0
1,4,MEND157,2612,TCATATGAGCTTTGTT-1,6748,11467,0.15462478250265121,0.013795556284309876,-0.330914294719696,0.0,0.0,0.0
1,5,MEND157,1376,CGTTGAGCGACCGTCG-1,7795,8435,0.15448533296585082,0.012934563561039105,-0.2721806474030018,0.0,0.0,0.0
1,6,MEND157,6,AAACCCGAACGAAATC-1,11373,8592,0.15392424464225768,0.015087542591937219,-0.2503170585259795,0.0,0.0,0.0
1,7,MEND157,1557,CTTCTGGGCGTACCTA-1,4304,11767,0.15378737673163415,0.016110835884468964,-0.3348311364650726,0.0,0.0,0.0
1,8,MEND157,238,ACATTAGTTTATATCC-1,6661,9495,0.15318002104759215,0.01050926901278513,-0.1432221744209528,0.0,0.0,0.0
1,9,MEND157,2115,GGTCACGTTAGATTCA-1,4653,2669,0.15316152423620225,0.012901891699079213,-0.19908550716936588,0.0,0.0,0.0
1,10,MEND157,2622,TCCAAGCCTAGACACA-1,8231,11924,0.15261646956205369,0.013771784313847195,-0.23902687132358552,0.0,0.0,0.0
1,11,MEND157,2576,TCAACGAGGAGACAAA-1,6224,8130,0.15257559716701508,0.010393267798031151,-0.19236473198980092,0.0,0.0,0.0
1,12,MEND157,2398,TAATGAAAGACCCTTG-1,2821,5548,0.1525494188070297,0.012711862024292074,-0.2054780200123787,0.0,0.0,0.0
1,13,MEND157,1282,CGCTATTCAATGTATG-1,4043,4640,0.1525282472372055,0.011214614851594067,-0.24947076048702002,0.0,0.0,0.0
1,14,MEND157,2386,TAAGGGCCTGTCCGAT-1,9628,10409,0.15241262912750245,0.01600608527822813,-0.20703463032841682,0.0,0.0,0.0
1,15,MEND157,2333,GTTCGCCATAAGTGCC-1,5962,7372,0.1522686779499054,0.013149572228991022,-0.201572897285223,0.0,0.0,0.0
1,16,MEND157,2665,TCCTAACCGTCGGGCA-1,5352,11162,0.1520939961075783,0.012328145816176066,-0.26496889144182206,0.0,0.0,0.0
1,17,MEND157,2592,TCACATCTTATCTGAT-1,3083,6003,0.15203520208597182,0.013339583230228415,-0.24451468288898467,0.0,0.0,0.0
1,18,MEND157,359,ACTGTAGCACTTTGGA-1,4741,5854,0.15172010958194732,0.011932479622659052,-0.19670708030462264,0.0,0.0,0.0
1,19,MEND157,1896,GCGGCAAAGTATTGCC-1,3694,10705,0.15156429708004,0.012859995513419329,-0.26764824576675894,0.0,0.0,0.0
1,20,MEND157,515,AGGGTTTAGTTCGGGA-1,6835,6766,0.15151212066411973,0.015436669592246228,-0.1936189904808998,0.0,0.0,0.0
1,21,MEND157,2339,GTTGAGTCCCGCCGGT-1,8144,9649,0.15149264857172967,0.015545898300698807,-0.24777017086744307,0.0,0.0,0.0
1,22,MEND157,2930,TGGGTTCCCGGACGGA-1,1337,4788,0.15146103352308274,0.01509212696875328,-0.3143759213387966,0.0,0.0,0.0
1,23,MEND157,1148,CCTCACCTTAGCATCG-1,9802,5860,0.15131377726793288,0.013906644146272473,-0.25379159674048424,0.0,0.0,0.0
1,24,MEND157,2062,GGGATACGGTAATAAT-1,1948,4940,0.15107812136411666,0.01035489534318503,-0.2993525356054306,0.0,0.0,0.0
1,25,MEND157,720,ATGGGCCTCGGCCTCT-1,9278,8589,0.15096541196107865,0.013425902197167322,-0.25031373277306557,0.0,0.0,0.0
1,26,MEND157,1708,GAGCTAAGGGCATATC-1,8580,6162,0.1508657306432724,0.014589395014698418,-0.08090540152043105,0.0,0.0,0.0
1,27,MEND157,277,ACCGGGCCTTTGTTGA-1,9889,8741,0.15085171684622764,0.020214262767020985,-0.17149752248078584,0.0,0.0,0.0
1,28,MEND157,1372,CGTTCAAGGAAACGGA-1,5352,12375,0.15078525394201278,0.015749267049826016,-0.18514808155596257,0.0,0.0,0.0
1,29,MEND157,2539,TATCTACCACAGCGGG-1,6573,8131,0.15074232518672942,0.01177981614044283,-0.12839325442910193,0.0,0.0,0.0
1,30,MEND157,2734,TCGTTCGTTATTATGT-1,6748,3279,0.1507403627038002,0.009888948258093513,-0.20336679816246034,0.0,0.0,0.0
1,31,MEND157,1532,CTGTTACCCAATCTAG-1,6399,9040,0.15072129368782045,0.01076122485457414,-0.2726859301328659,0.0,0.0,0.0
1,32,MEND157,344,ACTCCCATTCCTAAAG-1,2821,8884,0.15070055276155472,0.014118540898373857,-0.2354479618370533,0.0,0.0,0.0
1,33,MEND157,2441,TACGGAAGCCAAACCA-1,7708,12226,0.1506714940071106,0.011977536026687675,-0.22632917314767836,0.0,0.0,0.0
1,34,MEND157,513,AGGGTTCAGACGGTCC-1,5264,12223,0.15065901204943657,0.0144527717845824,-0.25588765144348147,0.0,0.0,0.0
1,35,MEND157,1526,CTGTAGCCATCTCACT-1,5352,10252,0.15052470266819,0.010007581603325086,-0.31526115741580724,0.0,0.0,0.0
1,36,MEND157,3161,TTGGCTCGCATGAGAC-1,4566,5247,0.15049583166837693,0.009554853067422871,-0.1318244531750679,0.0,0.0,0.0
1,37,MEND157,286,ACGAAATGGGCGGCAC-1,3432,6610,0.15043993443250656,0.009625545625796345,-0.18190833032131196,0.0,0.0,0.0
1,38,MEND157,687,ATCTGACATGGAAGGA-1,4915,11313,0.15041330680251122,0.012142165358147333,-0.2769708916544914,0.0,0.0,0.0
1,39,MEND157,1115,CCGGGTTCGAGGTTAC-1,4130,7521,0.15037064999341965,0.015887494181609604,-0.24900302700698376,0.0,0.0,0.0
1,40,MEND157,593,ATAAGTAGGATTCAGA-1,10326,5861,0.15036457628011704,0.014278624897525035,-0.18618807047605515,0.0,0.0,0.0
1,41,MEND157,241,ACCAACGCTTATTTAT-1,5613,9797,0.1503260388970375,0.012341875518651589,-0.30455220453441145,0.0,0.0,0.0
1,42,MEND157,1936,GCTCCATGCAAAGCAA-1,6137,12224,0.15026853531599044,0.01145257111091806,-0.2011142883449793,0.0,0.0,0.0
1,43,MEND157,2689,TCGCAAAGATGCATTT-1,7882,8890,0.15021848678588867,0.015681551886025737,-0.1018360897898674,0.0,0.0,0.0
1,44,MEND157,1445,CTCATTCGTGAACATC-1,1599,5850,0.15014117285609246,0.015863314862086086,-0.26576907373964787,0.0,0.0,0.0
1,45,MEND157,1610,GAACGTTAGGAAGACG-1,2646,6761,0.15011585727334023,0.01829494125695691,-0.1325219739228487,0.0,0.0,0.0
1,46,MEND157,2897,TGGAATTAGACGCTTT-1,2908,5700,0.14999259859323502,0.01474184085957066,-0.2118088871240616,0.0,0.0,0.0
1,47,MEND157,93,AACTGATATTAGGCCT-1,7097,4189,0.14994672760367395,0.012119746628718208,-0.20323889944702386,0.0,0.0,0.0
1,48,MEND157,2698,TCGCCGGATGGGCAAG-1,1686,5698,0.149936556071043,0.01568122832972271,-0.24732410199940205,0.0,0.0,0.0
1,49,MEND157,1456,CTCGAGATCCAAAGCA-1,2472,3425,0.14990416243672372,0.01576383204279782,-0.16058258041739465,0.0,0.0,0.0
1,50,MEND157,101,AAGACCCAACTGAACA-1,6050,10859,0.14974645525217056,0.015223676681498858,-0.20472390502691268,0.0,0.0,0.0
1,51,MEND157,936,CATAGCGTTGCCCACC-1,5002,9948,0.14972440600395204,0.012198180613291636,-0.29386424235999586,0.0,0.0,0.0
1,52,MEND157,478,AGCTTATAGAGACCTG-1,5439,2519,0.14970561265945434,0.011750651418473961,-0.22610264644026756,0.0,0.0,0.0
1,53,MEND157,2905,TGGCAAACTAAATTAC-1,8144,9346,0.14969328567385673,0.018438922050787197,-0.16073913779109716,0.0,0.0,0.0
1,54,MEND157,1279,CGCTACGGGACATTTA-1,5526,7523,0.14968106299638748,0.011332541869401297,-0.2649038344621658,0.0,0.0,0.0
1,55,MEND157,2948,TGTACTGTGCCAAAGT-1,5090,2518,0.14967411607503892,0.01393070120429021,-0.20632710680365562,0.0,0.0,0.0
1,56,MEND157,2056,GGGACTGCATAGATAG-1,6573,6614,0.14967279136180878,0.014194961341874587,-0.14130927361547946,0.0,0.0,0.0
1,57,MEND157,1467,CTCTACACTGGCGATT-1,2821,8277,0.14962037801742553,0.015701380291561304,-0.23135266695171594,0.0,0.0,0.0
1,58,MEND157,1000,CCACATACTGCACCCA-1,11635,9653,0.14960892349481583,0.014569213130141685,-0.1970854766666889,0.0,0.0,0.0
1,59,MEND157,2542,TATGAAGACAGGTGCG-1,3170,6155,0.14957199841737748,0.016939656437574974,-0.15295083858072758,0.0,0.0,0.0
1,60,MEND157,598,ATAATCTTGGAGAACC-1,8057,11014,0.1495497077703476,0.011482400585293913,-0.3642541851848364,0.0,0.0,0.0
1,61,MEND157,988,CCAAGACTTCTGCGAA-1,6748,4795,0.14937811642885207,0.01557598576402284,-0.1633412752300501,0.0,0.0,0.0
1,62,MEND157,2829,TGATAGCGGGATTCTA-1,2385,6002,0.14935348480939864,0.013504870120723444,-0.06812266614288091,0.0,0.0,0.0
1,63,MEND157,941,CATATAGGTACAGTCA-1,6137,8282,0.1493254341185093,0.016477527452252567,-0.2294362187385559,0.0,0.0,0.0
1,64,MEND157,1025,CCATAAACAACCCGAC-1,7970,3887,0.14931717440485953,0.015182409271860422,-0.15705767646431923,0.0,0.0,0.0
1,65,MEND157,3103,TTCTTATCCGCTGGGT-1,10151,9197,0.14930883347988128,0.014746758760917468,-0.3189313471317291,0.0,0.0,0.0
1,66,MEND157,465,AGCGTCTGAACCCGCA-1,4479,2669,0.14926566034555436,0.012132093422355614,-0.27439712546765804,0.0,0.0,0.0
1,67,MEND157,1055,CCCGAGTTTCTCCGTA-1,10762,9046,0.1492641642689705,0.01183194419349627,-0.2746588781476021,0.0,0.0,0.0
1,68,MEND157,1,AAACACCAATAACTGC-1,2995,10704,0.14922686368227006,0.013947667988380714,-0.2344785988330841,0.0,0.0,0.0
1,69,MEND157,3088,TTCGGGTTGCCACGGG-1,11547,11018,0.14919930100440978,0.014274716645433162,-0.32156816925853493,0.0,0.0,0.0
1,70,MEND157,553,AGTCTTTAAAGTGTCC-1,8057,11923,0.14919573813676834,0.01404162517283995,-0.23650344237685203,0.0,0.0,0.0
1,71,MEND157,2499,TAGGTTCTGCTGAGAA-1,6748,12680,0.14919306337833405,0.010172351182114691,-0.2764256302267313,0.0,0.0,0.0
1,72,MEND157,1773,GATGCTGTATTTCATC-1,7882,8284,0.14918231666088105,0.015319837794373155,-0.12486457116901875,0.0,0.0,0.0
1,73,MEND157,1513,CTGGCTGGTTGTCAGT-1,6224,9950,0.14916346818208695,0.010773286589802051,-0.3539775937795639,0.0,0.0,0.0
1,74,MEND157,2988,TTAAAGGCGATGCTCG-1,5613,12830,0.14915488958358764,0.009967340139041984,-0.3897597149014473,0.0,0.0,0.0
1,75,MEND157,1378,CGTTGTCGGCAATTGA-1,7097,11467,0.14914803206920624,0.014778385998851385,-0.26744904816150666,0.0,0.0,0.0
1,76,MEND157,1535,CTTAAATAAGACCCAT-1,2123,5547,0.14909831658005715,0.014970076123841932,-0.3340284828096628,0.0,0.0,0.0
1,77,MEND157,98,AACTTTACGGGAGCTT-1,1948,6457,0.14908456653356553,0.014389510233613192,-0.2947114840149879,0.0,0.0,0.0
1,78,MEND157,2095,GGGTCAGGAGCTAGAT-1,6137,11618,0.14906065464019774,0.012792444066625452,-0.2691878270357847,0.0,0.0,0.0
1,79,MEND157,3031,TTAGTAGGGCGGCGGG-1,3606,6914,0.1490538612008095,0.015064851069816207,-0.22937837541103362,0.0,0.0,0.0
1,80,MEND157,1861,GCCTATCAGGTAAGAT-1,12333,10867,0.14905010536313057,0.016030440356316386,-0.3071263059973717,0.0,0.0,0.0
1,81,MEND157,1412,CTAGGTTCGGACGTGA-1,7446,10558,0.14904873818159103,0.018769314440867803,-0.298498235270381,0.0,0.0,0.0
1,82,MEND157,1190,CCTTGTGAACGTGGTT-1,5526,12678,0.1490187607705593,0.012131554441889989,-0.23913665488362312,0.0,0.0,0.0
1,83,MEND157,2706,TCGCTGGGCGGATTGT-1,7795,6009,0.14901287853717804,0.014067376741658125,-0.23616301715373994,0.0,0.0,0.0
1,84,MEND157,1125,CCGTTCCGAATCTCGG-1,3257,7823,0.14900140091776848,0.01513304071310139,-0.26195244006812574,0.0,0.0,0.0
1,85,MEND157,32,AAATAGGGTGCTATTG-1,8231,9801,0.1489923804998398,0.014008669609012493,-0.17766607403755189,0.0,0.0,0.0
1,86,MEND157,1041,CCATTAGCGATAATCC-1,5002,6612,0.1489695765078068,0.015837262450260257,-0.19105136785656213,0.0,0.0,0.0
1,87,MEND157,548,AGTCGTATAAAGCAGA-1,8406,11621,0.1489682674407959,0.015549478005320935,-0.1516325443983078,0.0,0.0,0.0
1,88,MEND157,2325,GTTCAAATCAGATGTC-1,1337,5091,0.1489604115486145,0.015082286347834253,-0.2657820999622345,0.0,0.0,0.0
1,89,MEND157,2685,TCGAGACCAACACCGT-1,6137,7372,0.14893825948238373,0.013594726937949032,-0.15607052370905877,0.0,0.0,0.0
1,90,MEND157,2951,TGTAGTGATCTATAAT-1,4217,7066,0.14893668219447137,0.02083320683117176,-0.28761665225028993,0.0,0.0,0.0
1,91,MEND157,2533,TATCCGCACCGTCGGG-1,5962,10708,0.14892502576112748,0.01399398054346996,-0.2434533454477787,0.0,0.0,0.0
1,92,MEND157,1918,GCTACAATCGAGGATA-1,10413,11168,0.14888250678777695,0.0143732293613349,-0.20055819749832154,0.0,0.0,0.0
1,93,MEND157,542,AGTCAGCCACCGCCTG-1,3781,4185,0.148839084059,0.01239672107044924,-0.19733864963054656,0.0,0.0,0.0
1,94,MEND157,1940,GCTCGCGGTTCCGCTC-1,2472,5548,0.14881484508514403,0.011864341630863392,-0.2814770996570587,0.0,0.0,0.0
1,95,MEND157,103,AAGAGATGAATCGGTA-1,3694,5852,0.14878951907157897,0.01885194198665757,-0.21137710623443126,0.0,0.0,0.0
1,96,MEND157,2972,TGTGTCGAAGTCGAGG-1,1337,8124,0.14877570420503616,0.013552149155784218,-0.24336772821843625,0.0,0.0,0.0
1,97,MEND157,1781,GATTACTGAATTTGGG-1,4741,7977,0.1487572968006134,0.011834231071291147,-0.32263494580984114,0.0,0.0,0.0
1,98,MEND157,1886,GCGCGGTCTAGTAACT-1,6573,12073,0.14874886125326156,0.012167171132415323,-0.2753889631479979,0.0,0.0,0.0
1,99,MEND157,1856,GCCGGAAACACATCTT-1,5962,2216,0.14873249530792237,0.01149784609102356,-0.19881735257804395,0.0,0.0,0.0
1,100,MEND157,2761,TCTCGTGTTACGAGGA-1,1774,8579,0.14871084615588187,0.019819664583654573,-0.31483989506959914,0.0,0.0,0.0
1,101,MEND157,2573,TCAACATAGCGCCCTA-1,5177,10555,0.1486917495727539,0.012079028133683315,-0.20407155584543943,0.0,0.0,0.0
1,102,MEND157,3076,TTCCTCTGCCCGAATA-1,2646,7064,0.14865097030997276,0.013490869286132474,-0.22847757395356894,0.0,0.0,0.0
1,103,MEND157,2470,TAGATATGGACTGGAA-1,5962,9191,0.14861072599887848,0.013433016993429326,-0.2546320244669914,0.0,0.0,0.0
1,104,MEND157,616,ATACTTGTTCTCGAGC-1,2210,6305,0.1485936738550663,0.014331004173294734,-0.3653110280632973,0.0,0.0,0.0
1,105,MEND157,493,AGGCCCAGTGACTGGT-1,2646,3122,0.14859050512313843,0.01257821365966948,-0.21930461153388023,0.0,0.0,0.0
1,106,MEND157,836,CACATGATTCAGCAAC-1,6922,7525,0.14855043590068817,0.009647140961252233,-0.2846085909754038,0.0,0.0,0.0
1,107,MEND157,1788,GATTGCTCCAGTTGCA-1,3694,11311,0.14852253198623658,0.010427336082843642,-0.2387366984039545,0.0,0.0,0.0
1,108,MEND157,1955,GCTGGCAGGTGCCGTG-1,1512,5698,0.14852117225527764,0.01655012289942627,-0.19830512180924414,0.0,0.0,0.0
1,109,MEND157,879,CACTGTCCAAGTGAGA-1,5090,4641,0.14848267585039138,0.014399546341887478,-0.19569027088582516,0.0,0.0,0.0
1,110,MEND157,2445,TACGTGCACTATGCTG-1,4217,4943,0.14845776110887526,0.007888601292668267,-0.2656379699707031,0.0,0.0,0.0
1,111,MEND157,1911,GCGTTATATTTGGAAC-1,2472,6457,0.14845048114657403,0.01722501291747963,-0.22073420286178588,0.0,0.0,0.0
1,112,MEND157,1690,GAGAGCGCAGTCCCTG-1,1861,6002,0.14844354912638663,0.012224529872655196,-0.33045128881931307,0.0,0.0,0.0
1,113,MEND157,2664,TCCTAAATTGGGAAGC-1,7446,10255,0.14842915534973145,0.014820147452067034,-0.36689461283385755,0.0,0.0,0.0
1,114,MEND157,757,ATTCGACGCCGGGCCT-1,3606,7217,0.14842589199543,0.011025777605378055,-0.32039498407393696,0.0,0.0,0.0
1,115,MEND157,2716,TCGGGAGACAGCGTAC-1,7533,10710,0.14841769635677338,0.015171430167598312,-0.24742350429296495,0.0,0.0,0.0
1,116,MEND157,840,CACCACGCCACACAGA-1,2035,7822,0.14839165136218072,0.014381582465244956,-0.24559791684150695,0.0,0.0,0.0
1,117,MEND157,2526,TATATGCTGGGTTGCC-1,1948,5244,0.148390244692564,0.015957089849196575,-0.29630150031298397,0.0,0.0,0.0
1,118,MEND157,520,AGGTATAATTGATAGT-1,10849,7075,0.1483861267566681,0.015276041755173742,-0.19349451418966054,0.0,0.0,0.0
1,119,MEND157,1250,CGCATGCCGAATGCGT-1,9104,11925,0.14834935516119002,0.014399257625053443,-0.2211832582950592,0.0,0.0,0.0
1,120,MEND157,2069,GGGCAGTCAACGCCAA-1,8231,12227,0.14831235259771347,0.012453067089823642,-0.33664976358413695,0.0,0.0,0.0
1,121,MEND157,70,AACCTCGCTTTAGCCC-1,8493,11166,0.14821683317422868,0.0171707850168217,-0.22343396097421647,0.0,0.0,0.0
1,122,MEND157,157,AATATTGGAGTATTGA-1,3257,7217,0.14818833991885186,0.016568003900598642,-0.2962684348225594,0.0,0.0,0.0
1,123,MEND157,2582,TCAAGCGCGGACGGTA-1,11286,10563,0.1481768563389778,0.011058652663355284,-0.2565003365278244,0.0,0.0,0.0
1,124,MEND157,1194,CGAAACGCAATTCATG-1,4217,7976,0.14816012382507324,0.01683241999020468,-0.25899226050823926,0.0,0.0,0.0
1,125,MEND157,1360,CGTGCAGACTGGGACA-1,7795,7829,0.14815550521016121,0.01942040976129155,-0.20424782894551755,0.0,0.0,0.0
1,126,MEND157,2406,TACATAGGCATACACC-1,6573,7827,0.1481234312057495,0.011548945015409757,-0.16347994804382324,0.0,0.0,0.0
1,127,MEND157,1854,GCCGCATTAGTCCGGC-1,2821,7064,0.14810158014297486,0.013908231797796163,-0.2804583337157965,0.0,0.0,0.0
1,128,MEND157,1219,CGAGCTGGGCTTTAGG-1,7184,4341,0.14807881712913512,0.012750414341965447,-0.23348203897476197,0.0,0.0,0.0
1,129,MEND157,2128,GGTGAAGTACAGGGAT-1,4566,8886,0.1480758786201477,0.012848008136907004,-0.29677553810179236,0.0,0.0,0.0
1,130,MEND157,1262,CGCCGCGTTCTGAACG-1,5264,12830,0.14802040681242942,0.012450829341232077,-0.2848061978816986,0.0,0.0,0.0
1,131,MEND157,3011,TTACCCATTGCCGGGT-1,8755,4343,0.14800113514065744,0.015190028483011656,-0.12082087621092796,0.0,0.0,0.0
1,132,MEND157,2040,GGCTATTAAGTTGTAT-1,4915,6764,0.14799833297729492,0.01029600903416595,-0.2271090678870678,0.0,0.0,0.0
1,133,MEND157,582,AGTTTCGCAGGTCGGA-1,6748,3582,0.14796471893787383,0.013651804987724545,-0.16623748876154423,0.0,0.0,0.0
1,134,MEND157,1515,CTGGGCCTGCTATATC-1,3955,8431,0.14796196222305297,0.014303738910708014,-0.34356567561626433,0.0,0.0,0.0
1,135,MEND157,632,ATATACGCTCGTGACG-1,10762,11169,0.147944937646389,0.012145048872495685,-0.2206118769943714,0.0,0.0,0.0
1,136,MEND157,781,ATTTGTTCCAGGGCTC-1,7533,4644,0.14794467985630036,0.015488411990042058,-0.23110470082610846,0.0,0.0,0.0
1,137,MEND157,75,AACGCGAACGGCAACA-1,3257,2971,0.14787009060382844,0.013897136241902636,-0.2486555002629757,0.0,0.0,0.0
1,138,MEND157,3098,TTCTGCCGCGCCTAGA-1,7359,9193,0.14786854907870292,0.016585170935341915,-0.26429767459630965,0.0,0.0,0.0
1,139,MEND157,2584,TCAATACAATTGCTGC-1,1512,6305,0.14783567562699318,0.013845630156994838,-0.26526542752981186,0.0,0.0,0.0
1,140,MEND157,2082,GGGCGTCCACTGGCTC-1,8668,4191,0.14783366918563842,0.011812968094633561,-0.17117621526122093,0.0,0.0,0.0
1,141,MEND157,2836,TGATTCGTCTATCACT-1,4915,6461,0.14782778173685074,0.01300909421710247,-0.26123272627592087,0.0,0.0,0.0
1,142,MEND157,2780,TCTGTTACCCAGCATA-1,4392,9493,0.14781633019447327,0.01317702887568128,-0.22484425455331802,0.0,0.0,0.0
1,143,MEND157,937,CATAGTACATTGAGAG-1,8057,4038,0.14781229794025422,0.013377379557695204,-0.13941160254180432,0.0,0.0,0.0
1,144,MEND157,304,ACGCGCTACACAGGGT-1,4043,7976,0.1478113576769829,0.012007925029985064,-0.2582317316904664,0.0,0.0,0.0
1,145,MEND157,3008,TTACATCGTGGCCTGG-1,4479,4792,0.14778296649456024,0.013208401659028783,-0.09541067760437727,0.0,0.0,0.0
1,146,MEND157,393,AGACAGGCATCTCAGC-1,12246,10109,0.14778012484312059,0.010207618128233028,-0.2820363651961088,0.0,0.0,0.0
1,147,MEND157,245,ACCACCAATGTAACAA-1,10675,7984,0.1477722182869911,0.011799807896120678,-0.036503050848841666,0.0,0.0,0.0
1,148,MEND157,1254,CGCCACAGGTCGCGAT-1,2123,9186,0.14775393456220626,0.015970421871450747,-0.24976488016545773,0.0,0.0,0.0
1,149,MEND157,518,AGGTAGATCGAGATAT-1,4392,11312,0.14774943888187408,0.014682874436518915,-0.24959963113069533,0.0,0.0,0.0
1,150,MEND157,3069,TTCCCGGCGCCAATAG-1,2385,8732,0.14774285554885863,0.0128795785791782,-0.28057820685207846,0.0,0.0,0.0
1,151,MEND157,1397,CTACGACTAGCTATAA-1,3432,7520,0.1477273128926754,0.01427302583989545,-0.3506441846489906,0.0,0.0,0.0
1,152,MEND157,978,CATTGCGAAATGGGCG-1,2385,7215,0.14769288003444672,0.013278030803903764,-0.2735326221212745,0.0,0.0,0.0
1,153,MEND157,2830,TGATCACCACACTGAC-1,5788,12224,0.14768653288483619,0.014343051769336016,-0.30192027390003207,0.0,0.0,0.0
1,154,MEND157,2302,GTGGTTACTTCTTTCG-1,10500,6468,0.1476631760597229,0.01801794331879321,-0.24592330083251,0.0,0.0,0.0
1,155,MEND157,2697,TCGCCGCACCGCGTGA-1,1861,8731,0.14763759076595306,0.01824541065575529,-0.3401855930685997,0.0,0.0,0.0
1,156,MEND157,768,ATTGGATTACAGCGTA-1,10238,9955,0.14762694835662843,0.013317767541656143,-0.3081477876752615,0.0,0.0,0.0
1,157,MEND157,1990,GGAGCGAGGCCTACTT-1,7359,11922,0.14762606844305992,0.01461667250751757,-0.2905575633049011,0.0,0.0,0.0
1,158,MEND157,73,AACGATAGAAGGGCCG-1,5962,4036,0.14761681258678436,0.014651494682391915,-0.13699619434773921,0.0,0.0,0.0
1,159,MEND157,2604,TCAGGGCGACTTCCTT-1,1686,5395,0.14759855046868325,0.015394553782785257,-0.23931611627340316,0.0,0.0,0.0
1,160,MEND157,2938,TGGTCTAGCTTACATG-1,1774,4940,0.1475906066596508,0.01602572118521572,-0.2639907967299223,0.0,0.0,0.0
1,161,MEND157,2888,TGCTCTTGAGAGTTTG-1,7446,11468,0.14753361344337462,0.014312279298570586,-0.3099028144031763,0.0,0.0,0.0
1,162,MEND157,2154,GGTTTGTGACCTGAGG-1,10500,11017,0.1474787637591362,0.011325720366845675,-0.3268452487885952,0.0,0.0,0.0
1,163,MEND157,2427,TACCTGCTGCACTGTG-1,3257,6004,0.14747097864747047,0.014513900597836247,-0.25190931260585786,0.0,0.0,0.0
1,164,MEND157,409,AGAGCAGTTATGAGAC-1,2995,6155,0.14745295718312262,0.013940210266592364,-0.2917784135788679,0.0,0.0,0.0
1,165,MEND157,196,ACAAGCAGTGCCTAGC-1,3606,6307,0.1473833903670311,0.014312376372393389,-0.22175777927041054,0.0,0.0,0.0
1,166,MEND157,1038,CCATGGCAAACGCTCA-1,4828,12981,0.14738027155399322,0.011501343961467337,-0.2795419465750456,0.0,0.0,0.0
1,167,MEND157,1045,CCCAACATACGTCGCG-1,4392,8279,0.1473732717335224,0.014726032637606261,-0.26607989631593226,0.0,0.0,0.0
1,168,MEND157,2208,GTCACAAAGTTTCCAA-1,6661,3127,0.14734943732619285,0.015382566908154306,-0.19969855546951293,0.0,0.0,0.0
1,169,MEND157,2047,GGCTTGGCTCTCACCT-1,1512,5395,0.14734475761651994,0.012152260572481454,-0.2494358517229557,0.0,0.0,0.0
1,170,MEND157,512,AGGGTGGATAGTGCAT-1,2297,6154,0.14733150601387024,0.012155645655980436,-0.33184239119291303,0.0,0.0,0.0
1,171,MEND157,982,CCAAACAGAACCCTCG-1,5526,5097,0.1473073810338974,0.013363229094958882,-0.1791300117969513,0.0,0.0,0.0
1,172,MEND157,1678,GACTACAAAGCGGTGG-1,3170,9188,0.14726211056113242,0.013471345650113336,-0.2973235547542572,0.0,0.0,0.0
1,173,MEND157,2661,TCCGGTTCGTCCGGTC-1,5962,9495,0.14723359122872354,0.012416050381463383,-0.19104885458946227,0.0,0.0,0.0
1,174,MEND157,1032,CCATCGCAGTTAAACT-1,6748,9344,0.14719216376543046,0.01320387732984563,-0.3328330785036087,0.0,0.0,0.0
1,175,MEND157,3162,TTGGGAAGACGAGCCG-1,6922,12074,0.14718904718756676,0.01331427556331566,-0.3224394530057907,0.0,0.0,0.0
1,176,MEND157,697,ATGACGCCGGCTCTAA-1,6399,4188,0.14718559086322786,0.012255028250037733,-0.12310382425785064,0.0,0.0,0.0
1,177,MEND157,3126,TTGAGAGTACTGCTAA-1,4653,8431,0.14718105345964433,0.01699519397871767,-0.34873100854456424,0.0,0.0,0.0
1,178,MEND157,1545,CTTATGCGCTCAGGGC-1,2297,8277,0.1471810258924961,0.015333742189380406,-0.1475952211767435,0.0,0.0,0.0
1,179,MEND157,637,ATATCTTAGGGCCTTC-1,6661,7069,0.14717670083045958,0.014195859742752597,-0.2064050029963255,0.0,0.0,0.0
1,180,MEND157,2364,TAAAGTGCACGTCTCG-1,5701,12679,0.14717365503311158,0.012996413684830302,-0.30596848465502263,0.0,0.0,0.0
1,181,MEND157,2260,GTGACGCAGGTTTCAT-1,7882,11620,0.14716408029198647,0.01765724876169182,-0.2918844100087881,0.0,0.0,0.0
1,182,MEND157,2126,GGTGAAACCGGGAATG-1,5526,2670,0.1471360981464386,0.012249768172248428,-0.21320103704929352,0.0,0.0,0.0
1,183,MEND157,1240,CGCAAACACGAGTTAC-1,4566,5854,0.1470923289656639,0.011011328941513831,-0.14029180593788623,0.0,0.0,0.0
1,184,MEND157,2443,TACGTAAAGCGGAGTG-1,10326,11320,0.1470827005803585,0.014472033950436848,-0.2690902158617973,0.0,0.0,0.0
1,185,MEND157,152,AATAGTCCGTCCCGAC-1,6311,10405,0.14708254486322403,0.012853157506118035,-0.17329627238214015,0.0,0.0,0.0
1,186,MEND157,410,AGAGCCGCCGAGATTT-1,11111,10563,0.1470653921365738,0.011172564513816137,-0.29186405092477796,0.0,0.0,0.0
1,187,MEND157,1696,GAGATGGCTTTAATCA-1,7970,12378,0.1470625713467598,0.015411630637208283,-0.26205150559544566,0.0,0.0,0.0
1,188,MEND157,1469,CTCTAGCCCTCGGAAA-1,9191,11773,0.14700297713279725,0.014611092243601121,-0.1987348183989525,0.0,0.0,0.0
1,189,MEND157,769,ATTGGGAATATCTTGG-1,5875,3581,0.14699451997876167,0.013230659408066333,-0.18347126245498657,0.0,0.0,0.0
1,190,MEND157,2259,GTGACCGCACACTACG-1,9278,7679,0.14698405265808107,0.013882012549652026,-0.28018544241786003,0.0,0.0,0.0
1,191,MEND157,3032,TTAGTTATTCGTGGCA-1,9278,8892,0.14695352166891099,0.01228239365935114,-0.24902957379817964,0.0,0.0,0.0
1,192,MEND157,404,AGACTGTTACCGGGTC-1,5264,11313,0.1469464458525181,0.015466837695620341,-0.30839510411024096,0.0,0.0,0.0
1,193,MEND157,429,AGCAACATATCTTATT-1,9453,7983,0.14691112339496612,0.01327286427887438,-0.27936285734176636,0.0,0.0,0.0
1,194,MEND157,1660,GACCGTCAGGTCGTGA-1,8406,3736,0.14690795615315438,0.017176330536058087,-0.17041203267872335,0.0,0.0,0.0
1,195,MEND157,140,AAGTGTTTGGAGACGG-1,8319,9649,0.14690455719828605,0.01586212004450135,-0.20090562105178833,0.0,0.0,0.0
1,196,MEND157,2738,TCTAAAGAACAGTCTC-1,2210,9641,0.14688649252057076,0.014394525060078727,-0.24774510152637957,0.0,0.0,0.0
1,197,MEND157,1425,CTATGCCCGAATGCAA-1,6486,11315,0.14684992656111717,0.012464044693749154,-0.33781626224517824,0.0,0.0,0.0
1,198,MEND157,1649,GACAGCCAGACCTGAC-1,8842,8134,0.14680856540799142,0.01784884572603756,-0.307927481085062,0.0,0.0,0.0
1,199,MEND157,248,ACCAGGAGTGTGATCT-1,6137,2216,0.14679813757538795,0.013478381298142673,-0.23518581725656987,0.0,0.0,0.0
1,200,MEND157,558,AGTGAGCCTCGCCGCC-1,10326,6164,0.1467718467116356,0.015286059716326074,-0.15917921923100947,0.0,0.0,0.0
1,201,MEND157,918,CAGTGGTTGCACATGA-1,3257,4184,0.14671717062592507,0.012736538085870525,-0.09977160394191742,0.0,0.0,0.0
1,202,MEND157,1068,CCCTATGTAGAGCAGA-1,3432,10856,0.14669572487473487,0.016254097068241154,-0.2185656413435936,0.0,0.0,0.0
1,203,MEND157,1505,CTGGAAGACACGGTGG-1,9017,9347,0.1466910496354103,0.012878871390420677,-0.23275103121995927,0.0,0.0,0.0
1,204,MEND157,933,CATACTATGTAATTGT-1,5526,7219,0.1466593086719513,0.013124705984898481,-0.18389755189418794,0.0,0.0,0.0
1,205,MEND157,875,CACTCGGTTAGGAGGA-1,2472,7064,0.1466412991285324,0.015833372664998176,-0.1242896331474185,0.0,0.0,0.0
1,206,MEND157,664,ATCCACATCGACAGAA-1,7620,11165,0.14661309868097305,0.01621708072844594,-0.22753068581223487,0.0,0.0,0.0
1,207,MEND157,1065,CCCGTGAGGGCGGTGA-1,1686,8428,0.14658696427941323,0.018449587956770583,-0.22628910206258296,0.0,0.0,0.0
1,208,MEND157,1215,CGAGAGGGTAGCCGCG-1,10413,10258,0.1465835027396679,0.01610111695304405,-0.31955751292407514,0.0,0.0,0.0
1,209,MEND157,2546,TATGGCCCGGCCTCGC-1,3955,6308,0.14657596871256828,0.015328518015229914,-0.30439938604831696,0.0,0.0,0.0
1,210,MEND157,2033,GGCGCGTTCGAGTTTA-1,6486,8889,0.1465753011405468,0.017202119845431792,-0.24097109250724316,0.0,0.0,0.0
1,211,MEND157,1890,GCGCTGATCCAGACTC-1,8929,4343,0.146560188382864,0.0110690392037577,-0.2090302437543869,0.0,0.0,0.0
1,212,MEND157,2957,TGTCCGCAAACAATTC-1,5788,12830,0.1465514689683914,0.017091672423305566,-0.2778106346726418,0.1,0.0,0.043286705017089845
1,213,MEND157,317,ACGTACTTTGGCACGG-1,4130,12373,0.14654185250401497,0.01762732386640612,-0.24606956541538239,0.0,0.0,0.0
1,214,MEND157,1514,CTGGGATAAATAATGG-1,8668,7527,0.14654096141457557,0.015867036140538623,-0.34904384315013887,0.0,0.0,0.0
1,215,MEND157,3099,TTCTGCGAGCGCCCTT-1,2821,6761,0.14653011560440063,0.017030624404608893,-0.1951741799712181,0.0,0.0,0.0
1,216,MEND157,1992,GGAGGGTCAAGTAAGA-1,11286,11169,0.14650354385375977,0.010280974508439749,-0.3337499961256981,0.0,0.0,0.0
1,217,MEND157,957,CATGCATGGAGACCCT-1,7446,2673,0.14650129452347754,0.013667350947725202,-0.2036843042820692,0.0,0.0,0.0
1,218,MEND157,1834,GCCACAATTTAAGGAC-1,4741,8583,0.14649544060230255,0.012586209875780366,-0.3276685897260904,0.0,0.0,0.0
1,219,MEND157,614,ATACTCTCGCCACTCT-1,3519,3123,0.1464890718460083,0.014880543692440549,-0.29263639338314534,0.0,0.0,0.0
1,220,MEND157,134,AAGTGACGACCGAATT-1,3519,7975,0.14648370295763016,0.013432826083001864,-0.21963081359863282,0.0,0.0,0.0
1,221,MEND157,2999,TTAAGGCCCGTACTTT-1,3519,10705,0.14648213163018226,0.015612199993430853,-0.21139862425625325,0.0,0.0,0.0
1,222,MEND157,1739,GATAAGGCAGATGCAA-1,3781,3275,0.1464743822813034,0.013775842384318438,-0.17137215696275235,0.0,0.0,0.0
1,223,MEND157,927,CATAATGAGCGGGCGA-1,5352,2670,0.14645887911319733,0.013173799342402334,-0.17200316563248635,0.0,0.0,0.0
1,224,MEND157,635,ATATCGTTCCTCGAAC-1,9366,10560,0.1464211143553257,0.014922423923721393,-0.16858300119638442,0.0,0.0,0.0
1,225,MEND157,383,AGAACGTGGTACATTC-1,7708,5858,0.14639973938465117,0.014460591813278243,-0.08876091726124287,0.0,0.0,0.0
1,226,MEND157,2051,GGGAAGACGGTCTGTC-1,7970,11468,0.1463976725935936,0.014411654872563165,-0.28708557672798635,0.0,0.0,0.0
1,227,MEND157,887,CAGACGAACCTGATAC-1,5701,9343,0.14638365283608437,0.015989593509726622,-0.2970963953062892,0.0,0.0,0.0
1,228,MEND157,59,AACCAAGACTTCTCTG-1,3432,7217,0.14638106375932694,0.01650638489942313,-0.2786559473723173,0.0,0.0,0.0
1,229,MEND157,926,CATAAGCTCTCCGTCT-1,2559,8126,0.14636344686150551,0.01308903221512345,-0.3591348841786385,0.0,0.0,0.0
1,230,MEND157,1059,CCCGGGTCGTTCAGGG-1,6311,11618,0.1463551014661789,0.01366962155877069,-0.3161394089460373,0.0,0.0,0.0
1,231,MEND157,1118,CCGTACCCAAGCGCCA-1,4304,3579,0.14634442776441575,0.015203554859234587,-0.3403430122882128,0.0,0.0,0.0
1,232,MEND157,838,CACATTCTTTCGATGG-1,9191,4495,0.14632195979356766,0.013619396665180281,-0.07346991822123528,0.0,0.0,0.0
1,233,MEND157,669,ATCCTGAATCGCTGCG-1,3606,7520,0.14631117060780524,0.011770560376683671,-0.22606094609946012,0.0,0.0,0.0
1,234,MEND157,2667,TCCTAGCAAAGAAGCT-1,4915,7977,0.14630399122834206,0.013336043406803683,-0.3274528782814741,0.0,0.0,0.0
1,235,MEND157,1317,CGGGCCATAGCCGCAC-1,2908,3880,0.14629238843917847,0.012975132611010657,-0.1652916569262743,0.0,0.0,0.0
1,236,MEND157,810,CAAGTGTGGTTGCAAA-1,9540,7831,0.14626815244555474,0.015306596882092575,-0.27403307165950536,0.0,0.0,0.0
1,237,MEND157,388,AGAAGTGATTCGTGAT-1,3781,9037,0.14625958800315858,0.018140618117201364,-0.2519846007227898,0.0,0.0,0.0
1,238,MEND157,2505,TAGTCGATCACGGGTT-1,9715,9044,0.14625563472509384,0.014788237966296776,-0.2271040240302682,0.0,0.0,0.0
1,239,MEND157,2121,GGTCGTAAGCTCGCAC-1,2995,9188,0.14624660909175874,0.018618213771622677,-0.34347033202648164,0.0,0.0,0.0
1,240,MEND157,2010,GGCAAGCCCATAGTGG-1,6661,11922,0.14624523743987083,0.015391953043123352,-0.19695258662104606,0.0,0.0,0.0
1,241,MEND157,1759,GATCGGATAGAACCAT-1,2472,7974,0.14621038883924484,0.013570393503266167,-0.22400243021547794,0.0,0.0,0.0
1,242,MEND157,2367,TAACAATATTTGTTGC-1,2734,6003,0.14619846567511557,0.015543072010912007,-0.08177225589752198,0.0,0.0,0.0
1,243,MEND157,983,CCAAAGCAGTTGGTTG-1,2210,3273,0.14619398415088652,0.013192173153411238,-0.2045467846095562,0.0,0.0,0.0
1,244,MEND157,903,CAGCTCGTGCTTGTGT-1,5002,3883,0.14619094133377075,0.010571187759898093,-0.13617292698472738,0.0,0.0,0.0
1,245,MEND157,2037,GGCGTAGGGAAAGCTG-1,8493,11469,0.1461769685149193,0.012277759003942866,-0.29992499090731145,0.0,0.0,0.0
1,246,MEND157,2630,TCCAGGCAGGACGATC-1,6224,12679,0.14614551067352294,0.018296559958934436,-0.27219541035592554,0.0,0.0,0.0
1,247,MEND157,1313,CGGGAATTTATGTAAA-1,7010,8586,0.1461413323879242,0.013531837860021802,-0.3166859820485115,0.0,0.0,0.0
1,248,MEND157,2971,TGTGTAGTAGCACGTG-1,11460,10563,0.1461235836148262,0.011294235061736217,-0.21145532429218292,0.0,0.0,0.0
1,249,MEND157,1582,GAAACAGATGACCACC-1,9366,7831,0.14611106365919113,0.01217579129236546,-0.2901696220040321,0.0,0.0,0.0
1,250,MEND157,1321,CGGGTTTGTTAGGGCT-1,11286,10259,0.14610419794917107,0.01673833794406415,-0.18010348603129386,0.0,0.0,0.0
1,251,MEND157,1159,CCTCGGACCGGGATAG-1,8755,7982,0.14609611704945563,0.01655075128851514,-0.11022388301789761,0.0,0.0,0.0
1,252,MEND157,2724,TCGTATTACCCATTGC-1,3519,7369,0.14608292803168296,0.01498979073301748,-0.22229601740837096,0.0,0.0,0.0
1,253,MEND157,1015,CCAGCTCGAACGCATT-1,7010,11315,0.14607676789164542,0.01280742659493288,-0.2202995115891099,0.0,0.0,0.0
1,254,MEND157,1548,CTTCAGTGGTCGCCTA-1,2908,9946,0.14607441648840905,0.014617090998337513,-0.25278728939592837,0.0,0.0,0.0
1,255,MEND157,2193,GTATCAGCTTGGGTTC-1,4304,4792,0.14604854434728623,0.008891970329073138,-0.3553943336009979,0.0,0.0,0.0
1,256,MEND157,2231,GTCGATAGGTGACTTT-1,11896,9805,0.14603536427021027,0.013888585094653395,-0.24300618879497052,0.0,0.0,0.0
2,1,MEND157,1856,GCCGGAAACACATCTT-1,5962,2216,0.15742523819208146,0.0099598328295777,-0.1410409605130553,0.0,0.0,0.0
2,2,MEND157,1065,CCCGTGAGGGCGGTGA-1,1686,8428,0.15417189598083497,0.00509988738602775,-0.16805061753839254,0.0,0.0,0.0
2,3,MEND157,3047,TTATGTTTGCGATAGA-1,3083,5700,0.1537095069885254,0.008798375956596874,-0.14467653594911098,0.0,0.0,0.0
2,4,MEND157,2227,GTCCGGGTTCACATTA-1,7533,12226,0.15243385583162308,0.009854180200975771,-0.17901260703802108,0.0,0.0,0.0
2,5,MEND157,1597,GAAATGGGATGTAAAC-1,2821,3728,0.15239309072494506,0.004027607323602524,-0.1728814911097288,0.0,0.0,0.0
2,6,MEND157,994,CCAATTACGGGTCGAG-1,9453,4647,0.15207045823335646,0.00827192357830108,-0.20596569925546646,0.0,0.0,0.0
2,7,MEND157,799,CAACTCCTTGATCCCG-1,5352,4490,0.15112623944878578,0.010824192252833731,-0.1665637966245413,0.0,0.0,0.0
2,8,MEND157,1819,GCAGCGGTGGGCATTA-1,4043,2820,0.15110223442316056,0.007690011953169539,-0.07597848176956176,0.0,0.0,0.0
2,9,MEND157,2605,TCAGGGCGCAAACTCG-1,2734,5093,0.15107228755950927,0.010242339473526624,-0.1939895585179329,0.0,0.0,0.0
2,10,MEND157,2115,GGTCACGTTAGATTCA-1,4653,2669,0.1509319394826889,0.014092524829186163,-0.2143228141590953,0.0,0.0,0.0
2,11,MEND157,2457,TACTTTACTGAGCCGG-1,9715,6315,0.15059119313955308,0.008465443351658207,-0.164260695874691,0.0,0.0,0.0
2,12,MEND157,747,ATTATGCCATAGGGAG-1,5962,4946,0.15028999149799346,0.0063359626683151885,-0.08948567602783442,0.0,0.0,0.0
2,13,MEND157,1617,GAAGCCTGCACATTCC-1,6661,11012,0.150273922085762,0.0065631777492765825,-0.27466111201792953,0.0,0.0,0.0
2,14,MEND157,2525,TATATCCCTGGGAGGA-1,9889,7225,0.15002305507659913,0.011540180798949936,-0.11907903216779232,0.0,0.0,0.0
2,15,MEND157,964,CATGGCAGGAAGATCG-1,6311,4339,0.1499614179134369,0.013884363780462336,-0.24164638072252273,0.0,0.0,0.0
2,16,MEND157,2972,TGTGTCGAAGTCGAGG-1,1337,8124,0.14993106722831726,0.009450668029699755,-0.23352212011814116,0.0,0.0,0.0
2,17,MEND157,2289,GTGGACGCATTTGTCC-1,6922,10254,0.1498457208275795,0.010252951915605124,-0.28658983260393145,0.0,0.0,0.0
2,18,MEND157,2817,TGAGATCAAATACTCA-1,6835,2824,0.14965220391750336,0.009081549878147901,-0.16897872984409332,0.0,0.0,0.0
2,19,MEND157,95,AACTGGTGTGGGCCTT-1,5613,2822,0.14960101395845413,0.008616121229731521,-0.03240318708121777,0.0,0.0,0.0
2,20,MEND157,122,AAGGATGAGGGACCTC-1,8929,5859,0.14948305785655974,0.010838712467791618,-0.13263099119067193,0.0,0.0,0.0
2,21,MEND157,1803,GCACAAACGAGGCGTG-1,11286,8743,0.1494383841753006,0.009080808635988057,-0.04600590653717518,0.0,0.0,0.0
2,22,MEND157,2697,TCGCCGCACCGCGTGA-1,1861,8731,0.14934504330158233,0.015531394736614213,-0.3259838595986366,0.0,0.0,0.0
2,23,MEND157,1474,CTCTCTAACTGCCTAG-1,3170,10401,0.1493029072880745,0.007966407461005975,-0.27859701998531816,0.0,0.0,0.0
2,24,MEND157,24,AAAGGGCAGCTTGAAT-1,3606,5397,0.1492577910423279,0.011586334133725857,-0.12132064681500196,0.0,0.0,0.0
2,25,MEND157,1809,GCACGTGGTTTACTTA-1,10587,11472,0.14918863475322724,0.007491064571755163,-0.20297785475850105,0.0,0.0,0.0
2,26,MEND157,1254,CGCCACAGGTCGCGAT-1,2123,9186,0.14914903193712234,0.010249608475835389,-0.2365995781496167,0.0,0.0,0.0
2,27,MEND157,175,AATGATGCGACTCCTG-1,10151,5557,0.1491157442331314,0.011580853347115982,-0.07991524040699005,0.0,0.0,0.0
2,28,MEND157,1768,GATGCCAGCAGAAGGC-1,2821,5245,0.14896827340126037,0.009357074509612876,-0.11291059516370297,0.0,0.0,0.0
2,29,MEND157,374,ACTTGCCATATTGTAC-1,6224,2368,0.14870221316814422,0.010071190723404285,-0.11192002203315496,0.0,0.0,0.0
2,30,MEND157,2407,TACATCCCTATCCCTG-1,2559,8429,0.14866298586130142,0.007988256982121134,-0.07350166887044907,0.0,0.0,0.0
2,31,MEND157,2371,TAACCGCCCGCAGTGC-1,5613,3125,0.14844502061605452,0.00799970113209803,-0.17466993927955626,0.0,0.0,0.0
2,32,MEND157,100,AAGAAGGATCAGTTAG-1,3519,3729,0.14842071682214736,0.013828160945001364,-0.2605199756100774,0.0,0.0,0.0
2,33,MEND157,1259,CGCCCTTGAAGGCTGA-1,3083,5397,0.14837029278278352,0.014023280159674658,-0.13177883699536325,0.0,0.0,0.0
2,34,MEND157,66,AACCCTGGTGGAACCA-1,7446,2976,0.14836253225803375,0.006776912788971671,-0.17873620241880417,0.0,0.0,0.0
2,35,MEND157,3161,TTGGCTCGCATGAGAC-1,4566,5247,0.14831374883651732,0.007031814733594073,-0.1455262281000614,0.0,0.0,0.0
2,36,MEND157,1047,CCCAAGACAGAGTATG-1,5701,2367,0.14816479310393332,0.01476010589041394,-0.17362661361694337,0.0,0.0,0.0
2,37,MEND157,952,CATGAACCTCTTATCA-1,7359,2521,0.14816424995660782,0.006997421747051041,-0.14631851110607386,0.0,0.0,0.0
2,38,MEND157,2058,GGGAGCGACCGTAGTG-1,8842,12076,0.14804404079914094,0.011598423422366454,-0.28253295123577116,0.0,0.0,0.0
2,39,MEND157,1076,CCCTGCCCAATCCGCT-1,2995,7974,0.14799267798662186,0.011203642548061072,-0.11249064169824123,0.0,0.0,0.0
2,40,MEND157,2153,GGTTTGAGTGCTGGAA-1,5002,3580,0.14798974692821504,0.008474010067224575,-0.16946870274841785,0.0,0.0,0.0
2,41,MEND157,1311,CGGCTTTGTATGATAA-1,6224,2975,0.14796561747789383,0.009576991040448807,-0.19060875959694384,0.0,0.0,0.0
2,42,MEND157,2639,TCCCGGTCAGGAATTT-1,4479,2972,0.1478072851896286,0.017429305857325415,-0.16422953680157662,0.0,0.0,0.0
2,43,MEND157,2203,GTCAAAGAAGTGGTGT-1,2908,10249,0.14744599163532257,0.013197625652221046,-0.3341317228972912,0.0,0.0,0.0
2,44,MEND157,439,AGCATCATTTCGAAAG-1,2995,9794,0.14729050993919374,0.010793934285153751,-0.10718790367245674,0.0,0.0,0.0
2,45,MEND157,918,CAGTGGTTGCACATGA-1,3257,4184,0.14727323949337007,0.00832509006886292,-0.09358285274356604,0.0,0.0,0.0
2,46,MEND157,1777,GATGTCGGTCAACTGC-1,7708,3128,0.1471554607152939,0.010851483440919582,-0.1276300698518753,0.0,0.0,0.0
2,47,MEND157,1242,CGCAATTACTTTCGGT-1,4217,5247,0.1471219092607498,0.0081490401309074,-0.10709264557808637,0.0,0.0,0.0
2,48,MEND157,2306,GTGTATGACTTTAAAG-1,4915,2518,0.14710211753845215,0.014714577001651385,-0.1481396459043026,0.0,0.0,0.0
2,49,MEND157,2580,TCAACTGCAGAGTCAG-1,10762,10259,0.14710091650485993,0.01040935929990014,-0.20733053628355264,0.0,0.0,0.0
2,50,MEND157,2084,GGGCGTTTACATTCAT-1,3606,11766,0.14705800414085388,0.009454370910457187,-0.256846921890974,0.0,0.0,0.0
2,51,MEND157,2768,TCTGAATTCCGTACAA-1,9540,6921,0.14698301255702972,0.004805030472816946,-0.19355331659317015,0.0,0.0,0.0
2,52,MEND157,1672,GACGGTCAATAGAAGC-1,10064,6315,0.14694159030914306,0.014417425368340085,-0.3206324979662895,0.0,0.0,0.0
2,53,MEND157,1021,CCAGTCAAATCTCTTA-1,2035,8125,0.14676001220941542,0.007367617622007075,-0.24745478332042695,0.0,0.0,0.0
2,54,MEND157,1351,CGTCGCGGCGGGATTT-1,2559,3576,0.14667989015579225,0.00837522662235231,-0.18343167379498482,0.0,0.0,0.0
2,55,MEND157,506,AGGGCGTGATCGGCTA-1,5264,4338,0.1466202199459076,0.011168493567267648,-0.21283016242086888,0.0,0.0,0.0
2,56,MEND157,1673,GACGTGAGACTCCATG-1,3955,2972,0.14658391773700713,0.008766861746102292,-0.14062340557575226,0.0,0.0,0.0
2,57,MEND157,186,AATTCGATTCGAGGAT-1,7970,11772,0.14657942205667496,0.01125963204171022,-0.3547955185174942,0.0,0.0,0.0
2,58,MEND157,1682,GACTCTAGAGTTCCAA-1,6224,12982,0.1464858278632164,0.012461955184088987,-0.19411308020353318,0.0,0.0,0.0
2,59,MEND157,2530,TATCACCCAACCGACC-1,10064,5406,0.14646377936005592,0.020499767664100197,-0.20770044550299643,0.0,0.0,0.0
2,60,MEND157,1312,CGGGAATATAGTATAC-1,10500,8894,0.1464539036154747,0.006800093574097121,-0.26442254390567543,0.0,0.0,0.0
2,61,MEND157,1741,GATAGAACCCGCTAGG-1,6224,12376,0.1464498147368431,0.010738580539287034,-0.28522060364484786,0.0,0.0,0.0
2,62,MEND157,91,AACTCTCAATAGAGCG-1,9453,7073,0.14642305821180343,0.011157247241819625,-0.14139177203178405,0.0,0.0,0.0
2,63,MEND157,776,ATTTACAGTTTACTGG-1,4653,6309,0.14641257673501967,0.010270913666712272,-0.27776697613298895,0.0,0.0,0.0
2,64,MEND157,3110,TTGAACGAATCCTTTG-1,3170,4639,0.14639561474323273,0.009554807904701588,-0.12137889340519906,0.0,0.0,0.0
2,65,MEND157,77,AACGCGGTCTCCAGCC-1,7010,5250,0.14636517465114593,0.0052235003711893005,-0.09547237530350686,0.0,0.0,0.0
2,66,MEND157,1830,GCATGGGTACTGACGC-1,1599,7973,0.1463298514485359,0.005566117217857935,-0.12167059853672982,0.0,0.0,0.0
2,67,MEND157,706,ATGCATTCCGTGATGG-1,5875,2368,0.14630912393331527,0.00504649561650839,-0.25870050936937333,0.0,0.0,0.0
2,68,MEND157,2620,TCCAACTCAGCTATCT-1,9278,11925,0.14629296958446503,0.0041610389571535055,-0.24519505128264427,0.0,0.0,0.0
2,69,MEND157,1668,GACGCCTGTTGCAGGG-1,4043,3427,0.14625591337680816,0.0063176637173045285,-0.22080887034535407,0.0,0.0,0.0
2,70,MEND157,927,CATAATGAGCGGGCGA-1,5352,2670,0.14618504270911217,0.014820304066267014,-0.1752428762614727,0.0,0.0,0.0
2,71,MEND157,2172,GTACTCCTGGGTATGC-1,10238,5709,0.14612665474414827,0.005412734563672649,-0.15200917329639196,0.0,0.0,0.0
2,72,MEND157,2465,TAGACTACCTAGCGTT-1,10413,7529,0.14611473232507705,0.008791990618214151,-0.2321690574288368,0.0,0.0,0.0
2,73,MEND157,786,CAAACTATTGAGCTTC-1,7882,3432,0.1460891231894493,0.006108704976784621,-0.2353610542602837,0.0,0.0,0.0
2,74,MEND157,2098,GGGTGGTCCAGCCTGT-1,7359,2824,0.14605215713381767,0.013064607516634455,-0.22492456194013358,0.0,0.0,0.0
2,75,MEND157,1083,CCGAAGTATATTGTTC-1,3257,5094,0.1460389941930771,0.011482595932263587,-0.2430534226819873,0.0,0.0,0.0
2,76,MEND157,421,AGATCGTGCATAAGAT-1,9802,4950,0.1460330829024315,0.0059596135351421345,-0.18260726034641267,0.0,0.0,0.0
2,77,MEND157,1898,GCGGCTTTAGCAAGTT-1,8144,12378,0.1460201174020767,0.007080982670042309,-0.275468423217535,0.0,0.0,0.0
2,78,MEND157,1925,GCTAGCTTGAATAGCT-1,5177,9645,0.14599384218454362,0.0062339482977982275,-0.10828666538000106,0.0,0.0,0.0
2,79,MEND157,2416,TACCGAATAATTGTAA-1,9453,11925,0.14592960774898528,0.013297817987966669,-0.27971571311354637,0.0,0.0,0.0
2,80,MEND157,2924,TGGGCACGTTCTATGG-1,7708,4038,0.14592540487647057,0.015376772503037196,-0.15178586039692163,0.0,0.0,0.0
2,81,MEND157,2124,GGTCTGAGAATCTGGA-1,8319,6313,0.14588188529014587,0.009029533785204867,-0.13611760996282102,0.0,0.0,0.0
2,82,MEND157,2060,GGGAGTAATGGCTGGC-1,5002,3276,0.14584988355636597,0.010507405191694933,-0.0730030044913292,0.0,0.0,0.0
2,83,MEND157,740,ATTACGCGCTGGCAGG-1,3955,7824,0.14580858126282692,0.010547190396694129,-0.25472566243261097,0.0,0.0,0.0
2,84,MEND157,2615,TCATCCTCAGCTGCTT-1,9191,12076,0.1458050414919853,0.010811259016961948,-0.25844202786684034,0.0,0.0,0.0
2,85,MEND157,2158,GTAAGCGGGCAGTCAG-1,6835,5250,0.14574264287948607,0.009809697473621549,-0.20157054290175438,0.0,0.0,0.0
2,86,MEND157,2400,TAATTAGATGGATATG-1,4130,3275,0.14572575986385344,0.009653133914594882,-0.26482616998255254,0.0,0.0,0.0
2,87,MEND157,514,AGGGTTCCCTTTGGTT-1,9017,6314,0.14568664729595185,0.014168442166423285,-0.17415579110383989,0.0,0.0,0.0
2,88,MEND157,478,AGCTTATAGAGACCTG-1,5439,2519,0.1456729382276535,0.012672229979040231,-0.25387963000684977,0.0,0.0,0.0
2,89,MEND157,731,ATGTTACGAGCAATAC-1,3868,4033,0.14563783258199692,0.010625614638958877,-0.2510324291884899,0.0,0.0,0.0
2,90,MEND157,522,AGGTCGCCTCCCAACA-1,11896,11018,0.14562976062297822,0.00803127312336396,-0.1741505665704608,0.0,0.0,0.0
2,91,MEND157,2952,TGTATAACAGATCCTG-1,8231,6161,0.145545494556427,0.005945093667779476,-0.1716100100427866,0.0,0.0,0.0
2,92,MEND157,1255,CGCCATCCGATTATGA-1,8319,5403,0.14550507217645645,0.009079827131526682,-0.27338121384382247,0.0,0.0,0.0
2,93,MEND157,2249,GTCTCGATCTGCTTTC-1,8319,4797,0.14544732719659806,0.011403095990612983,-0.16799301449209453,0.0,0.0,0.0
2,94,MEND157,2523,TATATCAAAGTGATCT-1,4566,12525,0.14534833282232285,0.008452218992770292,-0.20362026933580638,0.0,0.0,0.0
2,95,MEND157,3152,TTGGACATGTGGCTTA-1,3868,7976,0.14533120542764663,0.008504194209413625,-0.2929162994027138,0.0,0.0,0.0
2,96,MEND157,1039,CCATGGCCCTTGTACC-1,3257,6610,0.14530976712703705,0.011422144473332414,-0.23576497212052344,0.0,0.0,0.0
2,97,MEND157,517,AGGTACGATATTGCCA-1,7970,3583,0.14529733508825302,0.008828553519187654,-0.12435716334730387,0.0,0.0,0.0
2,98,MEND157,3083,TTCGCATCCGGAAGCA-1,2995,3425,0.1452397659420967,0.0054065847955427964,-0.15876879021525384,0.0,0.0,0.0
2,99,MEND157,1628,GAATAGCATTTAGGGT-1,11635,8744,0.14523106887936593,0.00863555577198612,-0.2867815621197224,0.0,0.0,0.0
2,100,MEND157,1876,GCGAGCGCATGCTCCC-1,10849,7378,0.1451762944459915,0.013439498306270859,-0.2422711133956909,0.0,0.0,0.0
2,101,MEND157,2462,TAGAATTAAGGGCAAC-1,7970,3280,0.1451468661427498,0.008126831339029538,-0.21531195510178805,0.0,0.0,0.0
2,102,MEND157,1934,GCTCATTGATCATATC-1,5526,12982,0.14512264281511306,0.011612840399605496,-0.336612705886364,0.0,0.0,0.0
2,103,MEND157,1468,CTCTACATCCTGCGTG-1,7097,12680,0.1451088383793831,0.01177959814264785,-0.2654671175405383,0.0,0.0,0.0
2,104,MEND157,2831,TGATCAGGGAACTGCT-1,3432,8127,0.14509473294019698,0.007447077445723612,-0.26030068695545194,0.0,0.0,0.0
2,105,MEND157,1700,GAGCATCATCCCTGGG-1,4828,3579,0.14508754163980483,0.010614896783651517,-0.15606874823570252,0.0,0.0,0.0
2,106,MEND157,2948,TGTACTGTGCCAAAGT-1,5090,2518,0.14505579471588134,0.0129154880844018,-0.23736267071217299,0.0,0.0,0.0
2,107,MEND157,2606,TCAGGGTGTAACGTAA-1,7620,6009,0.14503900855779647,0.011024010856809855,-0.190557798743248,0.0,0.0,0.0
2,108,MEND157,2684,TCGACATAGCGTAGCG-1,3955,12676,0.14503284692764282,0.00872929970524578,-0.18080491870641707,0.0,0.0,0.0
2,109,MEND157,1156,CCTCGCCAGCAAATTA-1,7795,4493,0.1450121968984604,0.01094684638937003,-0.1256162216886878,0.0,0.0,0.0
2,110,MEND157,2034,GGCGCTTCATTCCCTG-1,7533,11923,0.14500324428081512,0.0059091205977297905,-0.2568436345085502,0.0,0.0,0.0
2,111,MEND157,1169,CCTGAATATTTACATA-1,7533,5251,0.14497127681970595,0.011167699715014526,-0.22885384783148766,0.0,0.0,0.0
2,112,MEND157,2642,TCCCTGGCGTATTAAC-1,2908,10552,0.14495090246200562,0.010828494355590466,-0.27838497031480075,0.0,0.0,0.0
2,113,MEND157,597,ATAATAGTGTAGGGAC-1,3955,4488,0.14494728446006774,0.00877155708310872,-0.2741352435201406,0.0,0.0,0.0
2,114,MEND157,2065,GGGCAACCGCACGTGC-1,2995,10097,0.14493184462189673,0.013161672853710059,-0.213211402669549,0.0,0.0,0.0
2,115,MEND157,3091,TTCGTACTCCAGAACG-1,3868,6156,0.14489006251096725,0.00980969755825992,-0.2573675159364939,0.0,0.0,0.0
2,116,MEND157,160,AATCCAAGGGCCTGAG-1,5439,3732,0.14487314820289612,0.013124696778350809,-0.23362201675772667,0.0,0.0,0.0
2,117,MEND157,997,CCACACTGAGATATTA-1,5613,7674,0.14484418779611588,0.010271751294365455,-0.2108366372063756,0.0,0.0,0.0
2,118,MEND157,375,ACTTGGGACCCGGTGG-1,5613,6158,0.1448129266500473,0.008760520739203354,-0.20189473535865546,0.0,0.0,0.0
2,119,MEND157,823,CACACAGCTTGCGCTC-1,11373,8895,0.14480286091566086,0.008151403847129784,-0.10637259483337402,0.0,0.0,0.0
2,120,MEND157,2519,TATAGCGCACGTTATC-1,1948,8883,0.144792278110981,0.011043078551424427,-0.2935344025492668,0.0,0.0,0.0
2,121,MEND157,2013,GGCACTCAGCCGACCC-1,12071,10109,0.14478139877319335,0.0053367846616320215,-0.24059136891737581,0.0,0.0,0.0
2,122,MEND157,412,AGAGCGTACAAGCTCG-1,3781,5398,0.1447805069386959,0.014793945869652249,-0.14278317242860794,0.0,0.0,0.0
2,123,MEND157,1920,GCTACGACTTATTGGG-1,7359,8283,0.1447196237742901,0.013123235610097095,-0.15787113085389137,0.0,0.0,0.0
2,124,MEND157,2760,TCTCGGCTCCAGGACT-1,3344,3729,0.1447105661034584,0.007563366986910198,-0.06527632102370262,0.0,0.0,0.0
2,125,MEND157,1270,CGCGAGTCTGCCGGGT-1,3083,9643,0.1447012111544609,0.009570768166406271,-0.3405889566987753,0.0,0.0,0.0
2,126,MEND157,1465,CTCGTCGAGGGCTCAT-1,2908,10855,0.14466715827584267,0.011051477207074669,-0.23149370029568672,0.0,0.0,0.0
2,127,MEND157,217,ACACGGCACTATGCAT-1,7533,2825,0.14462329000234603,0.009687576671153405,-0.2022903125733137,0.0,0.0,0.0
2,128,MEND157,2801,TGAACTGCTATGACTT-1,1425,7669,0.14458365738391876,0.011032843524110741,-0.1742174118757248,0.0,0.0,0.0
2,129,MEND157,2569,TCAAATTGTTGTGCCG-1,8144,12075,0.1445217028260231,0.010174870028612682,-0.16334313098341227,0.0,0.0,0.0
2,130,MEND157,450,AGCCCTCCCTGGTGGC-1,3868,11918,0.14450990483164788,0.010866535172884512,-0.1277698740363121,0.0,0.0,0.0
2,131,MEND157,413,AGAGCTACGAAAGCAT-1,2734,3273,0.14449340850114822,0.004959825804639236,-0.28428600281476973,0.0,0.0,0.0
2,132,MEND157,2150,GGTTTACAATCTCAAT-1,7708,5554,0.1444642126560211,0.008826022678666966,-0.204344598762691,0.0,0.0,0.0
2,133,MEND157,1901,GCGGTCCCTAGACGCA-1,5264,3732,0.14445460587739944,0.005416194422927985,-0.15415076464414595,0.0,0.0,0.0
2,134,MEND157,82,AACGTCAGACTAGTGG-1,4828,5399,0.1444121241569519,0.008386924530845982,-0.25695245862007143,0.0,0.0,0.0
2,135,MEND157,2052,GGGAAGGGCTTTCTCA-1,8929,11318,0.14439858496189117,0.004160270450103963,-0.2048684496432543,0.0,0.0,0.0
2,136,MEND157,1861,GCCTATCAGGTAAGAT-1,12333,10867,0.14439326971769334,0.01134741898268186,-0.33603681828826665,0.0,0.0,0.0
2,137,MEND157,1841,GCCATTAGCCTCAAAC-1,2472,10097,0.14435933530330658,0.008686394430661767,-0.2430821441113949,0.0,0.0,0.0
2,138,MEND157,1092,CCGCACAAAGACCAAC-1,7970,7223,0.14431892186403275,0.010301981445420385,-0.17469178680330516,0.0,0.0,0.0
2,139,MEND157,52,AACACGCGGCCGCGAA-1,4304,2669,0.14430964961647988,0.0126441933191588,-0.24281693566590548,0.0,0.0,0.0
2,140,MEND157,1814,GCAGACCCAGCACGTA-1,10326,7680,0.1442933589220047,0.010220371286030337,-0.3221226021647453,0.0,0.0,0.0
2,141,MEND157,1053,CCCGAAGTTTCGCGAA-1,2297,8580,0.14428070783615113,0.006445063482262725,-0.20392534956336023,0.0,0.0,0.0
2,142,MEND157,342,ACTCAGACCTGCTTCT-1,5090,3125,0.1442625492811203,0.010491654622134656,-0.16987092457711697,0.0,0.0,0.0
2,143,MEND157,1517,CTGGGTTGAGTTAAAG-1,2297,9793,0.14424995929002762,0.005443013360931449,-0.23268082365393639,0.0,0.0,0.0
2,144,MEND157,428,AGCAAAGGCCGCTAGT-1,7620,10861,0.14424770176410676,0.007863528230310106,-0.2763109527528286,0.0,0.0,0.0
2,145,MEND157,1779,GATGTTTGTGCGAGAT-1,3955,4791,0.14424636736512184,0.011311481015827624,-0.16403117775917053,0.0,0.0,0.0
2,146,MEND157,2134,GGTGCGGATAAGTGGC-1,5352,4187,0.14423083737492562,0.012317900951185672,-0.12445061579346657,0.0,0.0,0.0
2,147,MEND157,741,ATTACTAGCCTCTTGC-1,5177,4490,0.14422620981931686,0.00894661614505949,-0.2321119036525488,0.0,0.0,0.0
2,148,MEND157,1085,CCGACAATAGGCCGCC-1,11024,10411,0.14420922845602036,0.008657445896164151,-0.2891051031649113,0.0,0.0,0.0
2,149,MEND157,239,ACCAAACTAGAAATCC-1,7184,2218,0.1442045085132122,0.00948623707067203,-0.1875938806682825,0.0,0.0,0.0
2,150,MEND157,1284,CGCTCGACATAATGAT-1,5264,4945,0.14416408762335778,0.00955523201605286,-0.08578974828124046,0.0,0.0,0.0
2,151,MEND157,357,ACTGGGATGCCAGTGC-1,5962,12830,0.14412752464413642,0.012118985487578922,-0.2472331652417779,0.0,0.0,0.0
2,152,MEND157,2378,TAAGAGGGACAGGGAC-1,2995,11310,0.1441126748919487,0.008773749781471,-0.2392973056063056,0.0,0.0,0.0
2,153,MEND157,1530,CTGTGCAGGGTAGGTC-1,7446,8132,0.14409209191799163,0.005181829602939392,-0.1971507929265499,0.0,0.0,0.0
2,154,MEND157,2253,GTCTTCCTCACCTAAG-1,1337,6304,0.14408797174692153,0.009104056188629516,-0.19995132721960546,0.0,0.0,0.0
2,155,MEND157,1758,GATCGCTATATCTCAG-1,3519,11008,0.14406397938728333,0.008267602380722638,-0.13402163311839105,0.0,0.0,0.0
2,156,MEND157,2904,TGGATAGAGTAACAGA-1,2559,3273,0.1440075233578682,0.006837086357495829,-0.32847195379436017,0.0,0.0,0.0
2,157,MEND157,2691,TCGCATAAAGGGCGCA-1,11024,11321,0.14398047626018523,0.009413279712812238,-0.2603750728070736,0.0,0.0,0.0
2,158,MEND157,2537,TATCGATGATTAAACG-1,5613,5248,0.14397018700838088,0.005507646615871737,-0.15777543410658837,0.0,0.0,0.0
2,159,MEND157,3012,TTACCCTAACAGTCCT-1,3432,5397,0.14396389722824096,0.009012331210076954,-0.13788606654852628,0.0,0.0,0.0
2,160,MEND157,1282,CGCTATTCAATGTATG-1,4043,4640,0.14394348114728928,0.007670540685211309,-0.3060925483703613,0.0,0.0,0.0
2,161,MEND157,2827,TGAGTTAAAGACATTC-1,11111,9046,0.14393370300531388,0.009462712938039344,-0.16695653684437275,0.0,0.0,0.0
2,162,MEND157,1968,GGAAAGTGCCCATGCC-1,9191,4798,0.1439302921295166,0.007595149311238592,-0.25169251561164857,0.0,0.0,0.0
2,163,MEND157,2335,GTTCGGATCGGGAACA-1,10937,8439,0.1439081609249115,0.007455328153148977,-0.1628106266260147,0.0,0.0,0.0
2,164,MEND157,75,AACGCGAACGGCAACA-1,3257,2971,0.14388903006911277,0.013617865554223202,-0.2758431829512119,0.0,0.0,0.0
2,165,MEND157,2637,TCCCGCGTACTCCTGG-1,7359,5857,0.14387079775333406,0.008142290441819033,-0.18008643500506877,0.0,0.0,0.0
2,166,MEND157,2321,GTTATAATACGGTGAA-1,10675,9804,0.14386845380067825,0.013204444932088222,-0.17420359272509814,0.0,0.0,0.0
2,167,MEND157,3181,TTGTTAGCAAATTCGA-1,5002,5096,0.14386571198701859,0.010101019042676775,-0.17170242574065925,0.0,0.0,0.0
2,168,MEND157,189,AATTGCAGCAATCGAC-1,10238,11471,0.14386551827192307,0.008477885122215839,-0.3110612384974957,0.0,0.0,0.0
2,169,MEND157,2776,TCTGGGAACCTTTGAA-1,9889,7832,0.14383152723312378,0.010517428879055052,-0.384683115594089,0.0,0.0,0.0
2,170,MEND157,1486,CTGAGCAAGTAACAAG-1,3519,4033,0.14382821321487427,0.00859878493111213,-0.15931148454546928,0.0,0.0,0.0
2,171,MEND157,1708,GAGCTAAGGGCATATC-1,8580,6162,0.14382327795028688,0.007985545131361892,-0.12530139610171317,0.0,0.0,0.0
2,172,MEND157,1418,CTAGTTGGGCCCGGTA-1,7271,5705,0.14381064623594284,0.011303865690789457,-0.2873705178499222,0.0,0.0,0.0
2,173,MEND157,2599,TCAGAACCTCCACAGG-1,10587,6316,0.14380958378314973,0.008002788467294046,-0.11444515157490968,0.0,0.0,0.0
2,174,MEND157,2395,TAATAGTGACGACCAG-1,8580,5859,0.14380669593811035,0.00648905285364073,-0.2547437272965908,0.0,0.0,0.0
2,175,MEND157,2200,GTATTAAGGCGTCTAA-1,3606,4791,0.14379865676164627,0.008699948198475065,-0.18375458233058453,0.0,0.0,0.0
2,176,MEND157,2359,GTTTGGTGATCGGTGC-1,4653,11767,0.14379355907440186,0.013268888920975594,-0.18994894921779631,0.0,0.0,0.0
2,177,MEND157,2303,GTGGTTTCCGCCTTTC-1,4130,8128,0.14373093694448472,0.004966734096798595,-0.2107745073735714,0.0,0.0,0.0
2,178,MEND157,1459,CTCGCACCTATATAGT-1,7271,5402,0.14372567608952522,0.011646453137186742,-0.30733518991619346,0.0,0.0,0.0
2,179,MEND157,267,ACCCTTCATCTGCGAA-1,7010,3734,0.14369470477104188,0.012171676590377167,-0.08544513825327157,0.0,0.0,0.0
2,180,MEND157,674,ATCGCACGCCGGGAGA-1,6311,5553,0.14369262903928756,0.013546864278092695,-0.20528208930045366,0.0,0.0,0.0
2,181,MEND157,813,CAATATTCTTGACCTA-1,4828,9948,0.14368059039115905,0.007200951868451226,-0.2122138837352395,0.0,0.0,0.0
2,182,MEND157,1528,CTGTATGGTGTAGAAA-1,4130,4792,0.14367769360542298,0.008238465996604728,-0.2241847924888134,0.0,0.0,0.0
2,183,MEND157,2648,TCCGAGAAGGCTAAGC-1,5002,2670,0.14366973266005517,0.012771344552709635,-0.22753280773758888,0.0,0.0,0.0
2,184,MEND157,2380,TAAGCGCGAATCAAAT-1,3519,11614,0.14365055710077285,0.01076246435123552,-0.35266957581043246,0.0,0.0,0.0
2,185,MEND157,488,AGGCACGTGACTGTCC-1,11373,10411,0.14359472095966339,0.0062181898361836005,-0.055537613667547704,0.0,0.0,0.0
2,186,MEND157,2897,TGGAATTAGACGCTTT-1,2908,5700,0.1435745105147362,0.008578698496212374,-0.2523628205060959,0.0,0.0,0.0
2,187,MEND157,422,AGATCTCAGGTGTGAT-1,7882,6161,0.14357353150844573,0.0074795040090765656,-0.20869471430778502,0.0,0.0,0.0
2,188,MEND157,285,ACCTGCGTGTCATGTT-1,2908,8732,0.14357174187898636,0.010697266048339725,-0.3081229040399194,0.0,0.0,0.0
2,189,MEND157,1109,CCGGAGCGTACTTTCT-1,6224,10556,0.1435696303844452,0.012687576496326196,-0.2546392671763897,0.0,0.0,0.0
2,190,MEND157,2232,GTCGCCGTTGTGTGTT-1,5090,10403,0.143550543487072,0.010461267904712187,-0.25025502126663923,0.0,0.0,0.0
2,191,MEND157,594,ATAAGTAGGGCGACTC-1,10762,7226,0.14354631006717683,0.010538823260526155,-0.24264809116721153,0.0,0.0,0.0
2,192,MEND157,146,AATAACACTAGAACAA-1,4653,9645,0.14352083057165146,0.008357941595297664,-0.2763568326830864,0.0,0.0,0.0
2,193,MEND157,1461,CTCGGGTTCTCTGGCC-1,3694,11008,0.14351817220449448,0.007657527286679186,-0.18748873025178908,0.0,0.0,0.0
2,194,MEND157,2106,GGTACCATTAAGACGG-1,10500,6164,0.14351213127374648,0.005256164447957875,-0.07606795281171799,0.0,0.0,0.0
2,195,MEND157,1963,GCTTCCGTCCCTAGAC-1,8057,6161,0.14349523633718492,0.00983200677697247,-0.12675516325980424,0.0,0.0,0.0
2,196,MEND157,1306,CGGCCAGAGCGACCAT-1,5613,11920,0.14348048120737075,0.004544973388208513,-0.3139853946864605,0.0,0.0,0.0
2,197,MEND157,173,AATGAGTTCGCATATG-1,3170,4032,0.14347481727600098,0.00832267881565271,-0.21702020522207022,0.0,0.0,0.0
2,198,MEND157,2761,TCTCGTGTTACGAGGA-1,1774,8579,0.1434374324977398,0.009308562868843361,-0.34401811435818674,0.0,0.0,0.0
2,199,MEND157,2324,GTTATTAACGTGGGAG-1,2908,5093,0.14338922500610352,0.006921839242490703,-0.2884936075657606,0.0,0.0,0.0
2,200,MEND157,261,ACCCGGATGACGCATC-1,10064,7529,0.14338160455226898,0.011424427451328599,-0.36334989666938783,0.0,0.0,0.0
2,201,MEND157,3159,TTGGCCATCTTGCGCT-1,3170,4335,0.14338012412190437,0.014920225135461426,-0.18471601540222765,0.0,0.0,0.0
2,202,MEND157,2056,GGGACTGCATAGATAG-1,6573,6614,0.14336968511343,0.008857360708551624,-0.18178562745451926,0.0,0.0,0.0
2,203,MEND157,1187,CCTTCTCAGCGTTCCT-1,2646,8277,0.14335861802101135,0.006350411394749158,-0.308989480137825,0.0,0.0,0.0
2,204,MEND157,2626,TCCACCTCTAGCCTTT-1,5962,11011,0.14332713335752487,0.007295933466985396,-0.20295075196772813,0.0,0.0,0.0
2,205,MEND157,1686,GACTGCTGGTGAGAAA-1,4741,11919,0.14330660104751586,0.006954541251303721,-0.315786374360323,0.0,0.0,0.0
2,206,MEND157,772,ATTGTCGCAATACCTT-1,8755,4039,0.14326987713575362,0.005888797423181756,-0.19760996904224157,0.0,0.0,0.0
2,207,MEND157,1675,GACGTTGCTCGGCGGC-1,4043,12828,0.14326044023036957,0.010024658495872618,-0.29378883391618726,0.0,0.0,0.0
2,208,MEND157,1915,GCTAAGTAAAGGCGAT-1,2472,5851,0.14325785487890244,0.008057498666017175,-0.2988145774230361,0.0,0.0,0.0
2,209,MEND157,817,CAATGGATCTCTACCA-1,8842,6011,0.143239064514637,0.008382510607716137,-0.23691558483988046,0.0,0.0,0.0
2,210,MEND157,935,CATAGCCGCCCGGGAT-1,3257,5700,0.1431824505329132,0.010321105573275884,-0.252078478038311,0.0,0.0,0.0
2,211,MEND157,1399,CTACGCCATTTCCGAT-1,8319,3584,0.14317027553915979,0.012378282856242064,-0.14315508119761944,0.0,0.0,0.0
2,212,MEND157,665,ATCCAGAGCAACAACC-1,5875,9343,0.1431683361530304,0.007003270886099171,-0.21970624402165412,0.0,0.0,0.0
2,213,MEND157,1363,CGTGCTGGCCTAGTCG-1,2995,3122,0.14316027313470842,0.014069668854699372,-0.2904779389500618,0.0,0.0,0.0
2,214,MEND157,520,AGGTATAATTGATAGT-1,10849,7075,0.14314812868833543,0.006318590241198756,-0.22505315262824296,0.0,0.0,0.0
2,215,MEND157,1995,GGATCAAAGGACGAGG-1,5875,2671,0.14310769662261008,0.009914214246354233,-0.2365987554192543,0.0,0.0,0.0
2,216,MEND157,2131,GGTGATGAAGGAAGTG-1,1425,6456,0.14309992790222167,0.009442217299124799,-0.27689812928438184,0.0,0.0,0.0
2,217,MEND157,2936,TGGTCGATATACCTCT-1,4566,12829,0.1430870145559311,0.011373800746031447,-0.18738458212465048,0.0,0.0,0.0
2,218,MEND157,1243,CGCAATTAGGGTAATA-1,5177,6006,0.14308591634035112,0.006838248160735236,-0.21981772556900978,0.0,0.0,0.0
2,219,MEND157,3050,TTATTATCTGGAAGGC-1,11896,10109,0.14308440685272217,0.005212573890623845,-0.28157216422259806,0.0,0.0,0.0
2,220,MEND157,2903,TGGAGTGATGCGATGA-1,4915,6157,0.14307406544685364,0.006450550101312908,-0.32655130624771117,0.0,0.0,0.0
2,221,MEND157,499,AGGCGGTTTGTCCCGC-1,2821,10704,0.14307151436805726,0.0051860773740953535,-0.2882104652002454,0.0,0.0,0.0
2,222,MEND157,1820,GCAGGAACTTAGATCT-1,2646,9794,0.1430710606276989,0.0085895935986951,-0.29235366005450486,0.0,0.0,0.0
2,223,MEND157,2953,TGTATCCTTATTCCAT-1,5701,3277,0.143068628013134,0.006772402009570911,-0.12063042595982551,0.0,0.0,0.0
2,224,MEND157,1926,GCTAGGCACCACGGAG-1,8668,9953,0.14304436594247819,0.008932039078279575,-0.24919569510966538,0.0,0.0,0.0
2,225,MEND157,781,ATTTGTTCCAGGGCTC-1,7533,4644,0.14301837533712386,0.014229301702495412,-0.2640726936981082,0.0,0.0,0.0
2,226,MEND157,2704,TCGCTCGATATATTCC-1,6835,6160,0.1430111914873123,0.009552392134841579,-0.1941729612648487,0.0,0.0,0.0
2,227,MEND157,3160,TTGGCCTAGAATTTCG-1,8493,4191,0.14299475103616716,0.012344469873579275,-0.21454155314713716,0.0,0.0,0.0
2,228,MEND157,2666,TCCTACATCCACGGCC-1,8668,8740,0.14297754913568497,0.01213909506406446,-0.13794286791235208,0.0,0.0,0.0
2,229,MEND157,2806,TGACATATATGACGAT-1,1512,7518,0.14297287911176682,0.008276887066753707,-0.17799654994159936,0.0,0.0,0.0
2,230,MEND157,2202,GTATTTAATGGCATAA-1,11809,9654,0.14297285228967666,0.012975113191825764,-0.21727748587727547,0.0,0.0,0.0
2,231,MEND157,223,ACAGATTAGGTTAGTG-1,6311,2823,0.14297198206186296,0.007415990629126924,-0.13685711994767188,0.0,0.0,0.0
2,232,MEND157,1450,CTCCGCCCACATGAGG-1,4741,8280,0.14296217784285545,0.016205726790398247,-0.28872640514746306,0.0,0.0,0.0
2,233,MEND157,3022,TTAGAATAAGGGTCGG-1,5264,11010,0.14294353276491165,0.00848058864672703,-0.19644802529364824,0.0,0.0,0.0
2,234,MEND157,2414,TACCAGCTAGGTTTAA-1,7010,3431,0.14294307082891464,0.007600424056431972,-0.09026341065764427,0.0,0.0,0.0
2,235,MEND157,1922,GCTAGACCGTCTACTG-1,10413,8136,0.14294157102704047,0.012594075379645417,-0.24946096614003183,0.0,0.0,0.0
2,236,MEND157,1729,GAGTATGCCCGCCTTG-1,5090,9190,0.14293770790100097,0.007564485554851531,-0.1597782142460346,0.0,0.0,0.0
2,237,MEND157,714,ATGCTTAGGAGTTGAT-1,11111,10259,0.14293483272194862,0.009250500280459834,-0.2976777859032154,0.0,0.0,0.0
2,238,MEND157,2715,TCGGCTTGTATCGACG-1,9715,10561,0.1429341360926628,0.007992712355907074,-0.28472810685634614,0.0,0.0,0.0
2,239,MEND157,2860,TGCCATTACTAAAGAA-1,8929,4949,0.142929407954216,0.008914809798596537,-0.12583592757582665,0.0,0.0,0.0
2,240,MEND157,430,AGCAACCGAAAGTAAT-1,3083,10249,0.14292748719453813,0.020012315562084677,-0.343703019618988,0.0,0.0,0.0
2,241,MEND157,1975,GGAATGCGCTAGCGTG-1,8493,6617,0.14291091188788413,0.008739572744246811,-0.20953819379210473,0.0,0.0,0.0
2,242,MEND157,1880,GCGATTGTTAACGTTA-1,8057,7374,0.14290861189365386,0.010219294410882264,-0.14640093520283698,0.0,0.0,0.0
2,243,MEND157,1487,CTGATAGTGTATCTCA-1,2734,6609,0.14290507212281228,0.012039103572374853,-0.23039485588669778,0.0,0.0,0.0
2,244,MEND157,1126,CCTAAAGGCTGACGCT-1,8493,3887,0.1428852342069149,0.010600244084554502,-0.10762474555522203,0.0,0.0,0.0
2,245,MEND157,1372,CGTTCAAGGAAACGGA-1,5352,12375,0.14287531971931458,0.006163984349391845,-0.23417851477861404,0.0,0.0,0.0
2,246,MEND157,1087,CCGAGAAGTCGCATAA-1,11111,8743,0.14286449402570725,0.006468069475602762,-0.19909827634692193,0.0,0.0,0.0
2,247,MEND157,2238,GTCGTACCATCTCGGG-1,6748,8737,0.14285002052783966,0.008708385122938138,-0.1659412883222103,0.0,0.0,0.0
2,248,MEND157,2960,TGTCGGCATGGTGGAA-1,3344,3123,0.14284906536340714,0.010239766171024291,-0.3654632180929184,0.0,0.0,0.0
2,249,MEND157,184,AATTCATAAGGGATCT-1,9278,5253,0.1428448736667633,0.007314422026320611,-0.15650703553110362,0.0,0.0,0.0
2,250,MEND157,3143,TTGCGGCGACTCATGC-1,7097,2066,0.14283527582883834,0.00840527464206659,-0.30359372571110727,0.0,0.0,0.0
2,251,MEND157,2090,GGGTACCCACGGTCCT-1,3606,3881,0.14282411187887192,0.006827117210807871,-0.22052532881498338,0.0,0.0,0.0
2,252,MEND157,2401,TAATTAGGACATCCGT-1,10762,8136,0.14279333949089051,0.009163911138090777,-0.30472666677087545,0.0,0.0,0.0
2,253,MEND157,1637,GAATTATAGTGAAAGG-1,7271,6918,0.1427827998995781,0.007108136044778699,-0.2516841448843479,0.0,0.0,0.0
2,254,MEND157,2587,TCACAGATCCTCAAAC-1,2646,3425,0.14276832193136216,0.008154282808387784,-0.23654394466429948,0.0,0.0,0.0
2,255,MEND157,580,AGTTGACATCGGCTGG-1,3606,3275,0.14275918900966644,0.0074890419473605495,-0.2959107235074043,0.0,0.0,0.0
2,256,MEND157,486,AGGATATAGGGATTTA-1,9715,8741,0.14275315999984742,0.008244873020473211,-0.25541202649474143,0.0,0.0,0.0
3,1,MEND157,802,CAAGAGGGCGGAGTAC-1,7795,8739,0.09614220233634115,0.08219640850939935,-1.2739642262458801,0.2,0.1,0.10514847636222839
3,2,MEND157,2735,TCGTTGACAGGGTCCC-1,1512,6001,0.09234931329265236,0.07087007204510443,-1.1788704887032508,0.3,0.0,0.14142407178878785
3,3,MEND157,1992,GGAGGGTCAAGTAAGA-1,11286,11169,0.0921657256782055,0.07543256206885324,-1.2451525516808033,0.2,0.1,0.10191353857517242
3,4,MEND157,1552,CTTCGATTGCGCAAGC-1,9017,12076,0.09072472071275114,0.07042290204419192,-1.1489641100168229,0.1,0.1,0.05054133534431458
3,5,MEND157,735,ATTAATACTACGCGGG-1,7097,5099,0.08888242589309811,0.07101910672947054,-1.3155739046633244,0.1,0.1,0.053844451904296875
3,6,MEND157,1943,GCTCTAAACCCTGACG-1,6399,5401,0.08736421368084848,0.06777880262615621,-1.236685248464346,0.1,0.1,0.05117525458335877
3,7,MEND157,1711,GAGGAATGGAGAGGTT-1,4043,5853,0.08690335268620401,0.08492039152141563,-1.4246487110853194,0.1,0.1,0.059634387493133545
3,8,MEND157,907,CAGGATATATCGTTGT-1,6573,8434,0.08645657328888774,0.07038272308098571,-1.373971849679947,0.1,0.1,0.05323957204818726
3,9,MEND157,2104,GGTACAAACATGCTAT-1,6050,7827,0.08585224570706487,0.06747736116377874,-1.2289415791630744,0.1,0.1,0.050308513641357425
3,10,MEND157,50,AACACGACTGTACTGA-1,7010,3127,0.08571188440546393,0.07941686400877782,-1.393687403202057,0.1,0.1,0.05768076181411743
3,11,MEND157,1060,CCCGGTGGAAGAACCT-1,3170,5549,0.08560107881203294,0.06758717184609893,-1.2185460448265075,0.0,0.0,0.0
3,12,MEND157,375,ACTTGGGACCCGGTGG-1,5613,6158,0.0850523566827178,0.06583800924158642,-1.1644668642431497,0.0,0.0,0.0
3,13,MEND157,1598,GAAATTCACATCGCTG-1,5613,3732,0.08497266615740955,0.07004810042280284,-1.3127304479479789,0.1,0.0,0.04795452356338501
3,14,MEND157,2397,TAATCGATCCGTACGT-1,9453,5557,0.0849267281126231,0.0734247338252025,-1.3635121583938599,0.1,0.1,0.05617067813873291
3,15,MEND157,149,AATACCGGAGGGCTGT-1,4566,11919,0.08452005656436086,0.06707705146096438,-1.3346865952014924,0.1,0.0,0.047273701429367064
3,16,MEND157,2718,TCGGGCCGTCGTGGTA-1,9017,7830,0.08436700170859694,0.061541565036551026,-1.2937403082847596,0.0,0.0,0.0
3,17,MEND157,2445,TACGTGCACTATGCTG-1,4217,4943,0.08379621729254723,0.06498830070603483,-1.2913446001708508,0.0,0.0,0.0
3,18,MEND157,1899,GCGGGAACCAGGCCCT-1,5526,4490,0.08343201456591487,0.07083303629773069,-1.3133572028949856,0.1,0.1,0.05228477120399475
3,19,MEND157,3085,TTCGGCTAGAGATGGT-1,3432,4487,0.08314821273088455,0.06395581196022991,-1.2228064775466918,0.0,0.0,0.0
3,20,MEND157,1680,GACTCACCCACGTGAG-1,10587,7529,0.08282272876240312,0.0672111158982957,-1.362878042459488,0.1,0.0,0.0474630743265152
3,21,MEND157,292,ACGATACATAGAACTA-1,8319,5100,0.08268264625221491,0.06171918683989216,-1.2710800051689148,0.0,0.0,0.0
3,22,MEND157,1356,CGTCTGGAAGGGCCCG-1,6748,4188,0.08218850130215287,0.07406295843838835,-1.3678257413208486,0.2,0.1,0.1017419934272766
3,23,MEND157,2884,TGCTATACAAACGGAC-1,6137,2520,0.08172271074727178,0.06875540172352167,-1.2450582630932332,0.0,0.0,0.0
3,24,MEND157,3081,TTCGCACTCGCGTGCT-1,5264,5551,0.08156583197414875,0.07603881536621865,-1.4466315943747758,0.1,0.1,0.054334014654159546
3,25,MEND157,1331,CGGTGTACTTGATCCC-1,4043,4337,0.08108715633861721,0.06616733739525968,-1.3662115290760994,0.0,0.0,0.0
3,26,MEND157,2235,GTCGGATGTAGCGCGC-1,8057,4342,0.08067731265909969,0.07241120751361967,-1.463100691139698,0.1,0.1,0.050644874572753906
3,27,MEND157,2183,GTAGCGCTGTTGTAGT-1,5701,2671,0.08053790587000549,0.0674275509948749,-1.3290395557880401,0.1,0.0,0.04988046586513519
3,28,MEND157,2750,TCTATCGGTCGCAACA-1,6922,5098,0.08041510358452797,0.06012160872980695,-1.2433244824409484,0.0,0.0,0.0
3,29,MEND157,199,ACAAGGACAAGAGGTT-1,4566,6157,0.0803893269971013,0.06247444527348759,-1.3041591852903367,0.0,0.0,0.0
3,30,MEND157,2459,TAGAAAGGTGGCGCTA-1,8406,6465,0.08014394147321582,0.0643624724471599,-1.3461325854063033,0.0,0.0,0.0
3,31,MEND157,2906,TGGCAACTCGCGCGCC-1,8842,5101,0.08012055605649948,0.06718516237184159,-1.3659250825643539,0.0,0.0,0.0
3,32,MEND157,2202,GTATTTAATGGCATAA-1,11809,9654,0.07975853984244168,0.0729236945594731,-1.3419846504926682,0.1,0.1,0.05495829582214355
3,33,MEND157,417,AGATACCGGTGTTCAC-1,4653,7825,0.07968142984900624,0.06984822433907578,-1.4136151257902383,0.1,0.1,0.0523853063583374
3,34,MEND157,3118,TTGACCAGGAACAACT-1,8319,11469,0.07967706504277886,0.06477273057014488,-1.3555036246776582,0.0,0.0,0.0
3,35,MEND157,2819,TGAGCGGAAAGTGTTC-1,7010,10102,0.07960567502304912,0.06183545271254864,-1.302406245470047,0.0,0.0,0.0
3,36,MEND157,3178,TTGTGGTGGTACTAAG-1,9628,11319,0.07946044430136681,0.0685156684175724,-1.478204893320799,0.1,0.1,0.052067071199417114
3,37,MEND157,2380,TAAGCGCGAATCAAAT-1,3519,11614,0.07923773983493447,0.06703675055061677,-1.4359675839543342,0.1,0.1,0.051660799980163576
3,38,MEND157,100,AAGAAGGATCAGTTAG-1,3519,3729,0.0790579378604889,0.06280756953565818,-1.347090595960617,0.0,0.0,0.0
3,39,MEND157,2200,GTATTAAGGCGTCTAA-1,3606,4791,0.07884773323312402,0.06394601856729927,-1.3020858317613602,0.0,0.0,0.0
3,40,MEND157,730,ATGTGTAGTTTAGTCA-1,6486,2520,0.0787722767330706,0.06555346244924211,-1.4402587972581387,0.0,0.0,0.0
3,41,MEND157,401,AGACGACGATGCCGCT-1,4217,9796,0.07862723912112415,0.06758830493373927,-1.476696851849556,0.0,0.0,0.0
3,42,MEND157,2152,GGTTTCAATCGGTCAG-1,9278,6769,0.07860787063837052,0.06713834656431313,-1.4065963871777059,0.1,0.1,0.050140440464019775
3,43,MEND157,2980,TGTTCTTCCATTGACT-1,5090,6764,0.07825124356895685,0.0628323133412266,-1.3336757332086564,0.0,0.0,0.0
3,44,MEND157,834,CACATCGTGCACGCGC-1,4653,10858,0.07822797624394298,0.06799500690490246,-1.6318791940808297,0.0,0.0,0.0
3,45,MEND157,2081,GGGCGTCACCACGTAA-1,5701,9039,0.07788330307230354,0.060457796769239014,-1.3403433300554752,0.0,0.0,0.0
3,46,MEND157,2195,GTATCTCAGTCTTGAC-1,3257,10553,0.07788284933194518,0.06106758105997566,-1.324052381515503,0.0,0.0,0.0
3,47,MEND157,742,ATTAGATTGATAGCGG-1,5613,4642,0.07775534191168845,0.06497675950114276,-1.4186476111412047,0.0,0.0,0.0
3,48,MEND157,1933,GCTCAATGTAATACCG-1,6399,11163,0.07769044702872634,0.060310395599237045,-1.482477593421936,0.0,0.0,0.0
3,49,MEND157,2352,GTTTCTGCAGTCTCCC-1,7620,7829,0.07762786294333637,0.06798765609045768,-1.4431616686284543,0.1,0.0,0.04994494318962097
3,50,MEND157,1099,CCGCCTTGCGATGTCG-1,1948,8276,0.07755921795032919,0.06403244689807049,-1.5298553258180618,0.0,0.0,0.0
3,51,MEND157,1150,CCTCATGCAGCTACGA-1,3955,3275,0.07746538412757217,0.07305485277328815,-1.5212730437517166,0.1,0.1,0.055407220125198366
3,52,MEND157,1279,CGCTACGGGACATTTA-1,5526,7523,0.07745801201090216,0.06524773535277047,-1.4744886100292205,0.0,0.0,0.0
3,53,MEND157,1583,GAAACAGCCATGCAGT-1,6661,3733,0.0772776638623327,0.06580221890824094,-1.3757527384907007,0.1,0.1,0.051852095127105716
3,54,MEND157,1971,GGAACCTTGACTCTGC-1,3170,10704,0.07727661710232496,0.06240107205197916,-1.356725449115038,0.1,0.0,0.049812933802604674
3,55,MEND157,1825,GCATACGAGGTCTTTA-1,2559,7519,0.07721867002546787,0.06251141088594728,-1.492496806383133,0.0,0.0,0.0
3,56,MEND157,2653,TCCGCCTGTCTACAAG-1,7795,10255,0.0769825260154903,0.06369771174648865,-1.4219707518815994,0.0,0.0,0.0
3,57,MEND157,608,ATACGGTGAAGATGCA-1,2297,6760,0.07695834739133715,0.0639377090957313,-1.4107912957668305,0.0,0.0,0.0
3,58,MEND157,3055,TTCACGAAAGGATCAC-1,6050,7523,0.07695417040959,0.06688443473696452,-1.5376845180988312,0.0,0.0,0.0
3,59,MEND157,790,CAAATGTCCTTCCGTG-1,5962,8585,0.0769323424436152,0.07175606073341789,-1.452712458372116,0.1,0.1,0.054411929845809934
3,60,MEND157,1345,CGTATTAAGAGATCTA-1,6050,6614,0.07689172392711044,0.06327770919993624,-1.5094514310359954,0.0,0.0,0.0
3,61,MEND157,2014,GGCACTCCACTGGGCA-1,5352,6916,0.07679756665602326,0.06295856954939663,-1.404282197356224,0.0,0.0,0.0
3,62,MEND157,1873,GCGACCCAACCATCTG-1,4217,10705,0.07678148644044995,0.05894852156472299,-1.3621520817279815,0.0,0.0,0.0
3,63,MEND157,527,AGGTTTCACACACCTT-1,7184,7980,0.07677045166492462,0.06300452554772136,-1.5127775460481643,0.0,0.0,0.0
3,64,MEND157,1740,GATACGATGGGAGTCA-1,5264,8584,0.0766594351734966,0.062418252558710696,-1.5021541833877563,0.0,0.0,0.0
3,65,MEND157,119,AAGGAGAACTTATAAG-1,6311,2217,0.07663291897624731,0.06371662856988211,-1.410118293762207,0.0,0.0,0.0
3,66,MEND157,544,AGTCGACGGTCTCAAG-1,9191,7527,0.07662688209675253,0.06485694805299001,-1.4041956678032874,0.0,0.0,0.0
3,67,MEND157,857,CACCTCGATGGTGGAC-1,7446,4493,0.07659330833703279,0.06777576032728706,-1.4391638558357953,0.1,0.1,0.05213178396224975
3,68,MEND157,926,CATAAGCTCTCCGTCT-1,2559,8126,0.07650686847046018,0.06384397588164421,-1.545531412959099,0.0,0.0,0.0
3,69,MEND157,30,AAATACCTATAAGCAT-1,7359,8890,0.0764585760422051,0.06584696961008839,-1.456902652978897,0.1,0.1,0.050484728813171384
3,70,MEND157,1699,GAGCATCAACAACTTG-1,3955,11463,0.07628830363973975,0.05819390002325641,-1.398920291662216,0.0,0.0,0.0
3,71,MEND157,2774,TCTGCGTCCGGTTTCT-1,3344,4032,0.07623201617971062,0.06267449335504459,-1.3575378715991975,0.0,0.0,0.0
3,72,MEND157,2734,TCGTTCGTTATTATGT-1,6748,3279,0.07619664981029928,0.06054471874913491,-1.3832031160593032,0.0,0.0,0.0
3,73,MEND157,2166,GTACGACGGCGCTGCG-1,3606,3578,0.07613269528374075,0.06407175415360973,-1.3973861932754517,0.0,0.0,0.0
3,74,MEND157,1349,CGTCAGTTTATCGTCT-1,6573,2065,0.0760956423357129,0.057340439541483094,-1.4318343430757523,0.0,0.0,0.0
3,75,MEND157,2839,TGATTTCCTCCTGACG-1,4304,4185,0.07601367048919201,0.06585103742243642,-1.4720955535769462,0.0,0.0,0.0
3,76,MEND157,243,ACCAATATGCAAGTTA-1,8144,10255,0.07599959638901055,0.06513478386896186,-1.4093244612216949,0.0,0.0,0.0
3,77,MEND157,1352,CGTCGCTTGGTTATAC-1,3519,11311,0.07592243496328592,0.056614986317914576,-1.359015989303589,0.0,0.0,0.0
3,78,MEND157,310,ACGGACTCTCAAAGCG-1,7882,11013,0.0757663088850677,0.057135587947318385,-1.2959033668041229,0.0,0.0,0.0
3,79,MEND157,18,AAACTTGCAAACGTAT-1,2995,8581,0.07563581634312869,0.06174468096500235,-1.4526318818330766,0.0,0.0,0.0
3,80,MEND157,1075,CCCTGATGTAACTCGT-1,2734,3880,0.07553564594127238,0.059630629322629344,-1.3128162622451782,0.0,0.0,0.0
3,81,MEND157,1239,CGATTCGCCTGGCTGC-1,7708,10407,0.07550390530377626,0.05252641366800279,-1.292506569623947,0.0,0.0,0.0
3,82,MEND157,2043,GGCTCGTGCCACCAGC-1,4653,4792,0.07541540446691215,0.06603873952031933,-1.396718054264784,0.1,0.1,0.05012147426605225
3,83,MEND157,2527,TATATTCGCGTCGATA-1,6748,2975,0.07529793032445013,0.06451976756242937,-1.5681249529123307,0.0,0.0,0.0
3,84,MEND157,2193,GTATCAGCTTGGGTTC-1,4304,4792,0.07510160068050027,0.06114115487427524,-1.5424744844436646,0.0,0.0,0.0
3,85,MEND157,2286,GTGCTTACATCAGCGC-1,11460,8743,0.07495328048244118,0.06190140449426002,-1.4298537250608205,0.0,0.0,0.0
3,86,MEND157,2012,GGCAATAGTCAATGAG-1,7446,6312,0.07489785735961049,0.071411327343346,-1.6168695956468582,0.1,0.1,0.05262860059738159
3,87,MEND157,237,ACATGGCGCCAAAGTA-1,10413,7832,0.07489456105977296,0.0638817968454194,-1.2630495578050613,0.0,0.0,0.0
3,88,MEND157,1117,CCGTAAGTTGGTCCCA-1,8057,6768,0.07483591816853732,0.06663142096368369,-1.5181405574083329,0.1,0.1,0.05013931393623352
3,89,MEND157,2130,GGTGATAAGGAGCAGT-1,8231,7375,0.07478911741636693,0.06291076833270003,-1.465905985236168,0.1,0.0,0.04744096100330353
3,90,MEND157,2637,TCCCGCGTACTCCTGG-1,7359,5857,0.07466634549200535,0.0627505311081624,-1.3398225784301758,0.1,0.0,0.049176198244094846
3,91,MEND157,2776,TCTGGGAACCTTTGAA-1,9889,7832,0.07464701039716601,0.06026898285604572,-1.550304651260376,0.0,0.0,0.0
3,92,MEND157,712,ATGCTCAGTGTTGCAT-1,3868,4943,0.07453982890583574,0.06315128310565628,-1.4266513153910636,0.0,0.0,0.0
3,93,MEND157,1078,CCCTTTAATGGAGTTC-1,10849,11320,0.07453827201388777,0.06014972860199268,-1.4007373608648777,0.1,0.0,0.04636896252632141
3,94,MEND157,960,CATGCGTTAGACAGAA-1,6835,4037,0.07448547454550862,0.058162581042651325,-1.3325223594903945,0.0,0.0,0.0
3,95,MEND157,1605,GAACCTCGACCTACAC-1,2123,7973,0.07445466136559845,0.06161874952057625,-1.4122944444417953,0.0,0.0,0.0
3,96,MEND157,306,ACGCGTTTCTTAAGAG-1,1774,6153,0.07444254006259143,0.0635027772920673,-1.4994645327329637,0.0,0.0,0.0
3,97,MEND157,1069,CCCTCAAGCTCTTAGT-1,1686,4788,0.07441368093714118,0.060745905290840896,-1.46824237331748,0.0,0.0,0.0
3,98,MEND157,1882,GCGCAAGAGCGCGCTG-1,10064,7832,0.07440517162904144,0.06498269530037885,-1.452130363881588,0.1,0.0,0.04693462550640106
3,99,MEND157,1607,GAACGACCGAATGATA-1,6835,4643,0.07436317908577621,0.06500959399878756,-1.4117346912622453,0.0,0.0,0.0
3,100,MEND157,571,AGTGTGGTCTATTGTG-1,3344,4942,0.07432013358920812,0.0584998900024823,-1.4031787723302842,0.0,0.0,0.0
3,101,MEND157,2874,TGCGCGATTAACGGAG-1,4915,5854,0.07425964837893843,0.06672991908339762,-1.5896481789648533,0.0,0.0,0.0
3,102,MEND157,1791,GCAAACCTTGGCCATA-1,7184,10406,0.07421648991294205,0.06571836478101599,-1.5984499603509903,0.0,0.0,0.0
3,103,MEND157,774,ATTGTTCAACGATCCG-1,12071,9806,0.07420859262347221,0.05850754001609661,-1.3245822310447692,0.0,0.0,0.0
3,104,MEND157,246,ACCACGTGCAGCTATA-1,7970,9042,0.07420328734442591,0.06245378937281818,-1.4722223311662674,0.0,0.0,0.0
3,105,MEND157,3148,TTGCTGAAGGAACCAC-1,6311,4643,0.07417331347241998,0.0590926961104816,-1.286546915769577,0.0,0.0,0.0
3,106,MEND157,1795,GCAACACACTAGAACT-1,2734,8732,0.07416631935629994,0.06346273961206295,-1.4969728201627732,0.0,0.0,0.0
3,107,MEND157,2020,GGCCACACGAAAGCCT-1,1512,5092,0.07415009806863963,0.06817827272539946,-1.5427802845835685,0.1,0.0,0.049653556942939756
3,108,MEND157,2274,GTGCACGAAAGTGACT-1,7533,4341,0.07414681445807218,0.06012090698175843,-1.3861145973205566,0.0,0.0,0.0
3,109,MEND157,977,CATTCCCTAAGTACAA-1,2908,3577,0.07407248285599052,0.06552750195405446,-1.4644553653895855,0.0,0.0,0.0
3,110,MEND157,1046,CCCAACCACACTAACA-1,7097,2976,0.07399032833054661,0.06413803114556932,-1.4616349928081036,0.1,0.0,0.04988926351070404
3,111,MEND157,2915,TGGCGATCAAGTTATG-1,6137,9495,0.07395404428243638,0.06471309159974742,-1.4873414859175682,0.0,0.0,0.0
3,112,MEND157,1709,GAGCTCTCGGACCTAA-1,4217,4034,0.07394886258989572,0.06462795580864612,-1.3443288050591946,0.1,0.0,0.047523277997970584
3,113,MEND157,2017,GGCATACAGGTAGCGG-1,4130,6914,0.07391374222934247,0.06509404635448869,-1.539034840464592,0.0,0.0,0.0
3,114,MEND157,2402,TAATTTCCGTCCAGTA-1,1337,7821,0.07389010647311807,0.057625951876247423,-1.3613206267356872,0.0,0.0,0.0
3,115,MEND157,1588,GAAACTCTAATGAAGG-1,7708,3735,0.07367587210610509,0.0589730484863975,-1.446019145846367,0.0,0.0,0.0
3,116,MEND157,1742,GATAGGTAACGTTGAC-1,6573,9040,0.07366663948632776,0.06655357624683725,-1.5420871376991272,0.0,0.0,0.0
3,117,MEND157,1762,GATCTCGACGCTGTGG-1,11635,9350,0.07365986276417971,0.06038072237251657,-1.3635483793914318,0.1,0.0,0.04908415377140045
3,118,MEND157,248,ACCAGGAGTGTGATCT-1,6137,2216,0.07365366113372147,0.06336020952942371,-1.4764394335448743,0.1,0.1,0.05049920678138733
3,119,MEND157,1913,GCTAAACCTGAGGTGA-1,3344,5245,0.07362688656430691,0.06644515898785917,-1.5449963212013245,0.0,0.0,0.0
3,120,MEND157,837,CACATGTTTGGACATG-1,2908,3274,0.07360808667726815,0.0641561529070166,-1.6255632489919662,0.0,0.0,0.0
3,121,MEND157,1094,CCGCATGTGGTACGAT-1,7097,10254,0.07355722142383456,0.061028723994721194,-1.4761671036481858,0.0,0.0,0.0
3,122,MEND157,2353,GTTTGACCAAATCCTA-1,6399,6311,0.07355174790136516,0.05892771469151519,-1.5146581292152406,0.0,0.0,0.0
3,123,MEND157,1769,GATGCGAATGGTATTA-1,2210,5699,0.07354756211861968,0.06300671162254255,-1.5022384826093913,0.0,0.0,0.0
3,124,MEND157,876,CACTCTCAAGCATCGA-1,5439,12223,0.07349803261458873,0.05665226180887032,-1.4136409252882003,0.0,0.0,0.0
3,125,MEND157,1066,CCCGTTTCGCAGATGT-1,10587,9652,0.07349192649126053,0.058576037081585826,-1.420159500837326,0.0,0.0,0.0
3,126,MEND157,711,ATGCGAGTCCCACCAC-1,10413,9045,0.07344378735870123,0.06003967198595851,-1.3547303408384324,0.0,0.0,0.0
3,127,MEND157,1110,CCGGCGCATATTGGAT-1,6224,3884,0.0734354673884809,0.06322603988032775,-1.3430767014622689,0.1,0.0,0.049654826521873474
3,128,MEND157,118,AAGCTCTTTCATGGTG-1,8406,10407,0.07341764094308019,0.07393774325501656,-1.536083698272705,0.1,0.1,0.05552020072937012
3,129,MEND157,2381,TAAGGAACTTGTGGGA-1,4828,4186,0.07337915683165193,0.06143086503320642,-1.3927150249481202,0.0,0.0,0.0
3,130,MEND157,1178,CCTGTAAGACATGATA-1,4915,7370,0.07334447558969259,0.06436355034096172,-1.505062758922577,0.0,0.0,0.0
3,131,MEND157,2986,TTAAACCTGGTTCCTT-1,2385,5699,0.07333310949616134,0.05738626237933465,-1.4821577429771424,0.0,0.0,0.0
3,132,MEND157,2005,GGATTCCGCTATACCC-1,8406,4645,0.0732288767118007,0.061556565582536645,-1.4864509731531144,0.0,0.0,0.0
3,133,MEND157,1001,CCACCAACTTTACTGT-1,4828,9645,0.07313498882576823,0.07067649724324879,-1.505308120138943,0.1,0.1,0.051510578393936156
3,134,MEND157,1844,GCCCGACTTCTTCCCG-1,3519,9188,0.07311101509258151,0.053574406152249954,-1.3597690224647523,0.0,0.0,0.0
3,135,MEND157,683,ATCTAGCTTGTGAGGG-1,7010,11922,0.07309815045446158,0.0564491040031504,-1.33244945704937,0.1,0.0,0.04504823684692383
3,136,MEND157,31,AAATAGCTTAGACTTT-1,10587,7226,0.07296801004558802,0.057207820808676486,-1.4506455034017562,0.0,0.0,0.0
3,137,MEND157,2061,GGGAGTTAATGAGGCG-1,7882,6768,0.07295942613855004,0.057054973535643504,-1.4962493926286697,0.0,0.0,0.0
3,138,MEND157,597,ATAATAGTGTAGGGAC-1,3955,4488,0.0729526081122458,0.0597285762371479,-1.4765698611736298,0.0,0.0,0.0
3,139,MEND157,1429,CTATGTGAGTCACGGC-1,2821,8581,0.07295098942704499,0.06276419451001647,-1.5227671355009078,0.0,0.0,0.0
3,140,MEND157,1234,CGATCCGACCCAGTGC-1,5701,7523,0.0729437792673707,0.05740938295371101,-1.4406311690807343,0.0,0.0,0.0
3,141,MEND157,138,AAGTGCGTTAGAATCT-1,3694,9188,0.07291136337444186,0.05782891460168224,-1.3951956287026406,0.0,0.0,0.0
3,142,MEND157,1804,GCACAAGTGTCGGAAG-1,6922,3279,0.07287959279492498,0.061152034572142334,-1.5242280215024948,0.0,0.0,0.0
3,143,MEND157,197,ACAAGCTATATGGAAG-1,1425,7366,0.07285790857858956,0.06334257779788019,-1.4267594993114472,0.0,0.0,0.0
3,144,MEND157,852,CACCGTATCCCATCCG-1,10413,9652,0.07281044381670654,0.06678738361271641,-1.4492489345371724,0.1,0.0,0.04858821332454681
3,145,MEND157,2950,TGTAGGAGAAATTTCC-1,8842,6920,0.07278793882578612,0.06744875399945514,-1.6534852296113969,0.0,0.0,0.0
3,146,MEND157,2919,TGGCTCTTGTCGCGTA-1,2385,8125,0.07272762139327824,0.060733521157325485,-1.4639026731252671,0.0,0.0,0.0
3,147,MEND157,451,AGCCCTTGGACATCCC-1,11547,10411,0.07272473857738078,0.07959455632789078,-1.4975069224834443,0.1,0.1,0.058552855253219606
3,148,MEND157,271,ACCGATAGGCATAACC-1,11635,10866,0.07268437938764691,0.05814425590540972,-1.4664703994989394,0.0,0.0,0.0
3,149,MEND157,1438,CTCACTTGGCTGGTAA-1,3606,7824,0.07268237890675663,0.06015000971211592,-1.4579348593950272,0.0,0.0,0.0
3,150,MEND157,282,ACCTACAGTATGTGGT-1,11198,7985,0.0726473075337708,0.059184431762525413,-1.412126711010933,0.0,0.0,0.0
3,151,MEND157,644,ATATTGGAGAGGCCTT-1,11896,10715,0.07264596186578273,0.06308500985856318,-1.4156990632414819,0.1,0.0,0.04682539403438568
3,152,MEND157,2467,TAGAGCTACGAAGAAC-1,5962,3732,0.072638816293329,0.061202285464370114,-1.4474759489297866,0.0,0.0,0.0
3,153,MEND157,2695,TCGCCGAAGTTGCGTC-1,4566,8583,0.07261712662875652,0.06223161748892821,-1.5422540783882142,0.1,0.1,0.050275617837905885
3,154,MEND157,560,AGTGATATGAGTAGTT-1,5613,8584,0.07258610562421382,0.06211950297303729,-1.5643738090991974,0.0,0.0,0.0
3,155,MEND157,528,AGTAATGTCTTGCCGC-1,6573,4188,0.07257788125425577,0.06454388017175208,-1.544524721056223,0.1,0.0,0.04835262894630432
3,156,MEND157,1934,GCTCATTGATCATATC-1,5526,12982,0.07256987350992858,0.07112321727245774,-1.6895637288689613,0.1,0.1,0.05403408408164978
3,157,MEND157,917,CAGTGAATAAATGACT-1,8580,5555,0.07252394454553723,0.059602691882763056,-1.49940025806427,0.0,0.0,0.0
3,158,MEND157,2723,TCGTATAGTGCAATTA-1,6224,3581,0.07243264708667993,0.06078715424898838,-1.462880578637123,0.0,0.0,0.0
3,159,MEND157,2218,GTCCAATATTTAGCCT-1,5962,11617,0.07240483239293098,0.05807171714127285,-1.5055761218070984,0.0,0.0,0.0
3,160,MEND157,2185,GTAGCTCCGGGAGGCT-1,4566,11616,0.07239260128699243,0.06644024541023645,-1.5583688624203205,0.1,0.1,0.05291754603385925
3,161,MEND157,2170,GTACTAAGATTTGGAG-1,6137,5856,0.07238937802612781,0.06133566090095557,-1.517918476462364,0.0,0.0,0.0
3,162,MEND157,2448,TACTCCTCTAGTTGAC-1,4479,11464,0.072261868044734,0.06645826493962713,-1.6000176072120667,0.0,0.0,0.0
3,163,MEND157,1533,CTGTTCACTGCCTGTG-1,6224,5097,0.07222017655149102,0.06033510740843449,-1.5042583175003528,0.1,0.0,0.04803271889686585
3,164,MEND157,3017,TTACTATCGGCTTCTC-1,2734,6913,0.07221823716536165,0.05333146190601131,-1.4114337146282196,0.0,0.0,0.0
3,165,MEND157,903,CAGCTCGTGCTTGTGT-1,5002,3883,0.07213411889970303,0.05859342372794383,-1.3673264682292938,0.0,0.0,0.0
3,166,MEND157,3004,TTAATTTCAGACGCGG-1,7359,4341,0.07204019478522242,0.060234281288987446,-1.387045156955719,0.0,0.0,0.0
3,167,MEND157,2730,TCGTGTATTGGTCACG-1,11547,9805,0.07193212239071727,0.0522099526993703,-1.3730986148118973,0.0,0.0,0.0
3,168,MEND157,3005,TTACAACTACGCATCC-1,5875,5400,0.07185098715126514,0.058543294972138483,-1.371040505170822,0.0,0.0,0.0
3,169,MEND157,1061,CCCGGTGTATCGGAAT-1,2821,9794,0.07183219157159329,0.05902994002918972,-1.4396070390939713,0.0,0.0,0.0
3,170,MEND157,114,AAGCGCAGGGCTTTGA-1,7708,11923,0.0718271879479289,0.05740978048205112,-1.5068807542324065,0.0,0.0,0.0
3,171,MEND157,1611,GAACTGTGGAGAGACA-1,7097,12074,0.07180141508579255,0.061486541704352214,-1.4213794823735952,0.1,0.1,0.05063395500183106
3,172,MEND157,1906,GCGTCGAAATGTCGGT-1,7010,4340,0.07177828489802777,0.06327762408671866,-1.4683670461177827,0.1,0.0,0.04832683205604553
3,173,MEND157,2762,TCTCTAATAGCTGGTA-1,5875,4794,0.07177373911254108,0.0561081673240613,-1.3795402079820633,0.0,0.0,0.0
3,174,MEND157,22,AAAGGCTCTCGCGCCG-1,6137,10101,0.0717528561130166,0.06464059194995087,-1.558849486708641,0.0,0.0,0.0
3,175,MEND157,2717,TCGGGATTCAAACATA-1,2646,7671,0.07172790998592973,0.06134211502999462,-1.6471424132585526,0.0,0.0,0.0
3,176,MEND157,2290,GTGGACGTGCTGAGAC-1,4741,4337,0.07171304202638566,0.05996259050241588,-1.4850797653198242,0.0,0.0,0.0
3,177,MEND157,2427,TACCTGCTGCACTGTG-1,3257,6004,0.07168858665972948,0.06406836193730378,-1.5597167126834393,0.1,0.1,0.053081190586090087
3,178,MEND157,945,CATCCTCTCAAAGATC-1,9366,9954,0.0716527015902102,0.05866509690263994,-1.541374111175537,0.0,0.0,0.0
3,179,MEND157,1176,CCTGGCTAGACCCGCC-1,5090,6157,0.07164619308896363,0.0603329638628881,-1.5916810184717178,0.1,0.0,0.04726840555667877
3,180,MEND157,1635,GAATGTGGTCCGGATT-1,8406,8285,0.07159636002033949,0.059127725840337174,-1.3539488717913628,0.0,0.0,0.0
3,181,MEND157,2765,TCTGAACCGGTCGGCT-1,4566,4944,0.07155090998858213,0.06271595008090905,-1.4653077639639378,0.1,0.0,0.04913619458675385
3,182,MEND157,279,ACCGTTCCCGCTCTGA-1,7010,2521,0.07149962466210127,0.05973519744528947,-1.5358500063419342,0.0,0.0,0.0
3,183,MEND157,291,ACGAGTACGGATGCCC-1,10413,6013,0.07145035197027028,0.059736338351184755,-1.5187585085630417,0.0,0.0,0.0
3,184,MEND157,573,AGTTAAGCGGTCCCGG-1,8319,4190,0.07142949439585208,0.0584510853125265,-1.4484136402606964,0.0,0.0,0.0
3,185,MEND157,178,AATGGTTCTCACAAGC-1,4392,4640,0.07138416613452137,0.05870447355354854,-1.5380560606718063,0.0,0.0,0.0
3,186,MEND157,3159,TTGGCCATCTTGCGCT-1,3170,4335,0.07135404655709862,0.0585488107899452,-1.4418970376253128,0.0,0.0,0.0
3,187,MEND157,1327,CGGTCTATCAACCCGT-1,8493,4494,0.07132703689858318,0.0655895666096491,-1.584642644226551,0.0,0.0,0.0
3,188,MEND157,704,ATGCACTACCGCATTG-1,5264,5854,0.0713042468065396,0.06443798752635341,-1.513247887417674,0.1,0.1,0.05032413601875305
3,189,MEND157,3143,TTGCGGCGACTCATGC-1,7097,2066,0.07127518914639949,0.058849710560760944,-1.496947020292282,0.0,0.0,0.0
3,190,MEND157,1103,CCGCGTAGGTAAGGGC-1,3257,6307,0.07127293720841407,0.05293727661444175,-1.4572402358055114,0.0,0.0,0.0
3,191,MEND157,1961,GCTTAATGTAACTAAC-1,8668,8133,0.0712716082111001,0.06311362217587524,-1.522965494543314,0.0,0.0,0.0
3,192,MEND157,2319,GTTAGCCCATGACATC-1,7882,11923,0.07124753557145595,0.05034790618509307,-1.5157828986644746,0.0,0.0,0.0
3,193,MEND157,2867,TGCCTGATCAAACGAT-1,7446,4796,0.0712241101777181,0.06992665636657641,-1.5374931327998638,0.1,0.1,0.05169899463653564
3,194,MEND157,1690,GAGAGCGCAGTCCCTG-1,1861,6002,0.07121827797964216,0.06046694386885942,-1.5986963480710983,0.0,0.0,0.0
3,195,MEND157,2446,TACGTTTACCGGCAAT-1,4130,7824,0.07121039442718029,0.05765871366971144,-1.536512702703476,0.0,0.0,0.0
3,196,MEND157,1255,CGCCATCCGATTATGA-1,8319,5403,0.0711519149132073,0.06568865263320825,-1.6764644594863056,0.1,0.1,0.05172755122184754
3,197,MEND157,1897,GCGGCTCTGACGTACC-1,4653,7522,0.07114380998536944,0.060633205773552475,-1.600533339381218,0.0,0.0,0.0
3,198,MEND157,2220,GTCCATTACTGCTACG-1,10587,8136,0.07112628556787967,0.06270616826554871,-1.5707822114229202,0.0,0.0,0.0
3,199,MEND157,209,ACACAAAGACGGGTGG-1,6224,5401,0.07105704806745053,0.056102343988983935,-1.3836340725421905,0.0,0.0,0.0
3,200,MEND157,1338,CGTAAAGCAAGAAATC-1,3781,12373,0.07105593052692712,0.05367479824493187,-1.365217712521553,0.0,0.0,0.0
3,201,MEND157,2521,TATATAGGGCTTTACG-1,4217,11312,0.0710268565453589,0.05353984096499137,-1.4592354834079742,0.0,0.0,0.0
3,202,MEND157,2255,GTGAAACGGCGCCACC-1,9017,5404,0.07102536996826529,0.05700234054405531,-1.597610318660736,0.0,0.0,0.0
3,203,MEND157,1876,GCGAGCGCATGCTCCC-1,10849,7378,0.07098885469604284,0.06324676614541799,-1.5727213382720948,0.0,0.0,0.0
3,204,MEND157,2153,GGTTTGAGTGCTGGAA-1,5002,3580,0.07097812872380019,0.061100151730242656,-1.5240244537591934,0.0,0.0,0.0
3,205,MEND157,1509,CTGGCGACATAAGTCC-1,8406,4342,0.0709750821813941,0.059757358133750486,-1.5236210986971854,0.0,0.0,0.0
3,206,MEND157,2208,GTCACAAAGTTTCCAA-1,6661,3127,0.07096107630059123,0.06311069644058874,-1.5108044683933257,0.0,0.0,0.0
3,207,MEND157,2074,GGGCCGGCCGAAGTAC-1,8668,7223,0.07093844460323454,0.053344184704669485,-1.4247914850711823,0.0,0.0,0.0
3,208,MEND157,145,AATAACAACGCTCGGC-1,3955,7217,0.07092558555305004,0.05479526818795227,-1.417070609331131,0.0,0.0,0.0
3,209,MEND157,2881,TGCGTGATTGGGTGTC-1,2821,3425,0.07091643433086574,0.05983650797422959,-1.4507622122764587,0.0,0.0,0.0
3,210,MEND157,1558,CTTCTTACGTCGTATA-1,6573,3885,0.07090519452467561,0.06251692757335672,-1.6329627275466918,0.0,0.0,0.0
3,211,MEND157,2342,GTTGGATTGAGAACAC-1,9017,6617,0.07089763842523097,0.06003107831131441,-1.478568398952484,0.0,0.0,0.0
3,212,MEND157,555,AGTGACCTACTTTACG-1,5875,8433,0.0708530800184235,0.06456358275383905,-1.6197460919618607,0.1,0.1,0.051039373874664305
3,213,MEND157,2840,TGCAAAGTTCGTCTGT-1,6486,12528,0.07080508791841567,0.06518696254904272,-1.601760846376419,0.0,0.0,0.0
3,214,MEND157,586,ATAAACGGACCCGTAA-1,6661,8889,0.07078720142599196,0.0627463599957298,-1.4939824692904948,0.0,0.0,0.0
3,215,MEND157,2354,GTTTGGCCCAAGTTAT-1,8319,8133,0.07074570981785655,0.057213488788889585,-1.51063314974308,0.0,0.0,0.0
3,216,MEND157,2536,TATCGATCTATGCATA-1,9017,5101,0.07072014180012047,0.0602861502483815,-1.5705749958753585,0.0,0.0,0.0
3,217,MEND157,1399,CTACGCCATTTCCGAT-1,8319,3584,0.07071790553163737,0.06391756307082044,-1.5522235848009587,0.0,0.0,0.0
3,218,MEND157,1814,GCAGACCCAGCACGTA-1,10326,7680,0.07067140005528927,0.0527178800883879,-1.4593614727258681,0.0,0.0,0.0
3,219,MEND157,164,AATCGGGACACTACGA-1,6573,2975,0.07064815459307283,0.06395969845202767,-1.4947622030973435,0.0,0.0,0.0
3,220,MEND157,399,AGACCGGGAAACCCTG-1,2821,7974,0.07064182455651462,0.06585888251927562,-1.6283337570726872,0.1,0.0,0.049831357598304746
3,221,MEND157,1777,GATGTCGGTCAACTGC-1,7708,3128,0.07063689203932881,0.05651486208389981,-1.373602467775345,0.0,0.0,0.0
3,222,MEND157,2740,TCTAATACTGCCTCAG-1,3519,10401,0.07058439352549613,0.06319232739331955,-1.5618422508239747,0.1,0.0,0.049097451567649844
3,223,MEND157,614,ATACTCTCGCCACTCT-1,3519,3123,0.0705756333656609,0.06058932389812634,-1.6059702426195144,0.0,0.0,0.0
3,224,MEND157,2973,TGTGTCGCGAGTTGCA-1,4479,5399,0.07056995462626219,0.06324347530699774,-1.5860289223492146,0.1,0.0,0.048770809173583986
3,225,MEND157,1322,CGGTACTAGAATCAAA-1,8580,8285,0.070563525846228,0.05823376091063749,-1.4766099095344543,0.0,0.0,0.0
3,226,MEND157,1304,CGGCAGGGTCGGGTTG-1,9540,6618,0.07056347525212914,0.06402621566257781,-1.6805449277162552,0.0,0.0,0.0
3,227,MEND157,342,ACTCAGACCTGCTTCT-1,5090,3125,0.07055189451202751,0.06177106117841555,-1.4414594359695911,0.1,0.0,0.0490730881690979
3,228,MEND157,1083,CCGAAGTATATTGTTC-1,3257,5094,0.07054137503728271,0.05969820780236855,-1.5858169674873352,0.0,0.0,0.0
3,229,MEND157,980,CATTTCTAGCAGACTA-1,3606,4184,0.07052565217018128,0.056938940287649134,-1.4128911912441253,0.0,0.0,0.0
3,230,MEND157,805,CAAGCACCAAATGCCT-1,7097,4492,0.07051996788941324,0.05830404694795938,-1.488538807630539,0.0,0.0,0.0
3,231,MEND157,36,AAATGCTCGTTACGTT-1,3432,4184,0.07051218021661043,0.05431201941238042,-1.3780792713165284,0.0,0.0,0.0
3,232,MEND157,420,AGATATAATACGACTA-1,7620,11468,0.07045577513054013,0.06301650560458005,-1.5670317590236664,0.0,0.0,0.0
3,233,MEND157,2746,TCTAGGTGGCGACGCT-1,9977,6164,0.07044901205226779,0.05691076405825822,-1.4302484095096588,0.0,0.0,0.0
3,234,MEND157,2782,TCTTACCGGAACTCGT-1,9278,4950,0.07042213981039822,0.05812975027009066,-1.5440160244703294,0.0,0.0,0.0
3,235,MEND157,236,ACATCGTATGCAATGG-1,8406,8588,0.07041705013252794,0.060845754077844615,-1.4872692197561264,0.0,0.0,0.0
3,236,MEND157,2084,GGGCGTTTACATTCAT-1,3606,11766,0.0704096128232777,0.060191280751431125,-1.5557035058736801,0.0,0.0,0.0
3,237,MEND157,2307,GTGTCAGTGTACGTGG-1,5002,12071,0.07039693021215498,0.05825077464559917,-1.3526443123817444,0.0,0.0,0.0
3,238,MEND157,2989,TTAACACCTCGAACAT-1,3257,5397,0.0703799375332892,0.05490454566543525,-1.3747989356517791,0.0,0.0,0.0
3,239,MEND157,1718,GAGGGCGCAGCTCTGC-1,9104,5859,0.07035430548712611,0.05677420832160188,-1.471418085694313,0.0,0.0,0.0
3,240,MEND157,1208,CGACCCTTAACGCCGG-1,2385,9035,0.07035339255817234,0.05853252225436607,-1.4589811116456985,0.0,0.0,0.0
3,241,MEND157,1197,CGAACGCCCAGTGCCG-1,7446,3886,0.07033933801576495,0.060386337683228875,-1.4774075247347356,0.0,0.0,0.0
3,242,MEND157,222,ACAGAACTGAGAACAA-1,3432,9643,0.07032869583927095,0.056406889475033695,-1.4981025904417038,0.0,0.0,0.0
3,243,MEND157,413,AGAGCTACGAAAGCAT-1,2734,3273,0.07031034575775266,0.05721353158127614,-1.493822741508484,0.0,0.0,0.0
3,244,MEND157,2566,TATTTGTTACCCTTTA-1,5352,5400,0.07028226815164089,0.0592886121228413,-1.5619212716817856,0.0,0.0,0.0
3,245,MEND157,2976,TGTTCATAAATGTGCT-1,2035,5699,0.07027466194704175,0.05543612957517129,-1.4030466616153716,0.0,0.0,0.0
3,246,MEND157,324,ACGTTAGATTTGCCCG-1,4741,7673,0.07024687640368939,0.05866179184197137,-1.595796424150467,0.0,0.0,0.0
3,247,MEND157,3110,TTGAACGAATCCTTTG-1,3170,4639,0.0702335810288787,0.05687736365978191,-1.3998394191265107,0.0,0.0,0.0
3,248,MEND157,881,CACTTCGCCACAGGCT-1,4043,4943,0.07022282676771283,0.05695823698351081,-1.5086942136287689,0.0,0.0,0.0
3,249,MEND157,1548,CTTCAGTGGTCGCCTA-1,2908,9946,0.07021363279782236,0.05807024998616995,-1.4799260705709458,0.0,0.0,0.0
3,250,MEND157,516,AGGTAACCTCCTATTC-1,4915,3731,0.0701945710927248,0.058893879351964835,-1.467148122191429,0.0,0.0,0.0
3,251,MEND157,2799,TGAAAGGACCTGACTC-1,8580,7072,0.07018311093561351,0.06234205275730588,-1.594097489118576,0.0,0.0,0.0
3,252,MEND157,2305,GTGTATATCAGCGGGC-1,7970,10559,0.07017626776359975,0.05599267825910956,-1.499607753753662,0.0,0.0,0.0
3,253,MEND157,1215,CGAGAGGGTAGCCGCG-1,10413,10258,0.07016704343259335,0.05689823100925174,-1.4800314612686634,0.1,0.0,0.0478564590215683
3,254,MEND157,2673,TCCTGCGTTGATACTC-1,3955,7521,0.07016470218077302,0.05716644800132333,-1.4830981194972992,0.0,0.0,0.0
3,255,MEND157,1323,CGGTAGAGGTGCAGGT-1,9366,5101,0.07016241159290075,0.056530008850539874,-1.5700707703828811,0.0,0.0,0.0
3,256,MEND157,1161,CCTCGGTTTCCTTGCC-1,4653,12374,0.0700940862763673,0.05379640104622868,-1.4967819690704345,0.0,0.0,0.0
4,1,MEND157,793,CAACCTACCGAGCAGT-1,10326,11016,0.27634085714817047,0.05963394700716016,0.47286809477955105,1.0,0.5,0.5359065145254135
4,2,MEND157,192,ACAAATCGCACCGAAT-1,8493,9346,0.2731672525405884,0.05856136107028683,0.3752056900411844,1.0,0.5,0.534111288189888
4,3,MEND157,3125,TTGAGAAGTTTAGCAT-1,8929,10105,0.27258630841970444,0.05702773691633524,0.4427059605717659,1.0,0.5,0.5286085873842239
4,4,MEND157,2559,TATTCCGAGCTGTTAT-1,8842,9953,0.27245749682188036,0.05798345576395858,0.37532609552145,1.0,0.5,0.5180053174495697
4,5,MEND157,2946,TGTACCTACACGAGGG-1,9278,10712,0.272184693813324,0.05811815070429561,0.38103614561259747,1.0,0.5,0.5367899030447006
4,6,MEND157,707,ATGCCATTTGCGACCA-1,9278,8286,0.27104058414697646,0.058096956451840424,0.5067638143897056,1.0,0.5,0.511726126074791
4,7,MEND157,2678,TCCTTTAAATCCGCTT-1,9366,10257,0.2704211935400963,0.0567751961914653,0.39505931809544564,1.0,0.6,0.5348251610994339
4,8,MEND157,1650,GACAGGCACACACTAT-1,3257,7520,0.2703339606523514,0.05630662787263387,0.34899963065981865,1.0,0.5,0.5196127444505692
4,9,MEND157,1261,CGCCGCCCATGCCTGT-1,8580,7678,0.269694684445858,0.056610715406290056,0.3494375068694353,1.0,0.5,0.5283815264701843
4,10,MEND157,489,AGGCAGATGCGTAAAC-1,8842,5707,0.2690116122364998,0.06281382254675012,0.5611819546669722,0.7,0.5,0.395357021689415
4,11,MEND157,1602,GAACAGATTACTAAAT-1,7533,10406,0.266781584918499,0.059861370344021905,0.34873704668134453,1.0,0.5,0.5227569103240967
4,12,MEND157,2842,TGCAAGAATGACGTAA-1,6573,6311,0.2657047227025032,0.055791578136990296,0.4419849868863821,1.0,0.5,0.5280797779560089
4,13,MEND157,307,ACGCTAGTGATACACT-1,10064,6012,0.2651726707816124,0.06515173346665587,0.396979546546936,0.8,0.5,0.4454343944787979
4,14,MEND157,2277,GTGCCCGTTCGGATTC-1,8755,7678,0.2650149390101433,0.05835190397183622,0.4423974869772792,0.7,0.5,0.39316419064998626
4,15,MEND157,3144,TTGCGTAGTTTGAGGA-1,2995,5548,0.2646071121096611,0.06318890826174306,0.3619727145880461,1.0,0.5,0.5169539600610733
4,16,MEND157,672,ATCGACCCAATACAGA-1,6835,8283,0.2642921984195709,0.053534138467763996,0.3302925119176507,1.0,0.5,0.5218694865703583
4,17,MEND157,2241,GTCGTTATTCGCTTAT-1,7970,8739,0.2641558229923248,0.058998826726559206,0.3166139110922813,1.0,0.5,0.5237197428941727
4,18,MEND157,637,ATATCTTAGGGCCTTC-1,6661,7069,0.2638740748167038,0.05275753575620911,0.3616373907774687,1.0,0.5,0.5351046234369278
4,19,MEND157,1106,CCGCTCTTCCGAACTA-1,9977,11319,0.2636842757463455,0.05665644285855119,0.288522083312273,0.8,0.6,0.4435323983430862
4,20,MEND157,1008,CCACTGGTGGCTGGTT-1,3170,7671,0.2620967626571655,0.056413185137943175,0.3694703336805105,1.0,0.5,0.5272154897451401
4,21,MEND157,959,CATGCGACCAGTTTAA-1,9889,5709,0.26127585470676423,0.0631775431411689,0.431164775416255,0.9,0.5,0.4870907157659531
4,22,MEND157,2027,GGCCTGCTTCTCCCGA-1,11198,10714,0.26106948852539064,0.06128029822133162,0.44859940782189367,1.0,0.5,0.5085407227277756
4,23,MEND157,2901,TGGAGAATAATCGTCC-1,5177,12678,0.2609701856970787,0.05969945756323894,0.31689712330698966,1.0,0.5,0.5085664838552475
4,24,MEND157,2726,TCGTCACACTGTTAGC-1,2995,5852,0.26065325140953066,0.06220889090401411,0.4094671461731195,0.8,0.5,0.44443645477294924
4,25,MEND157,367,ACTTATACTTACCCGG-1,9191,7224,0.260443440079689,0.05665629869429283,0.24735817015171052,1.0,0.5,0.5248768568038941
4,26,MEND157,2979,TGTTCGTATTGCGGTG-1,6661,9192,0.2604330226778984,0.05668308786842642,0.3941640369594097,1.0,0.5,0.5213127940893173
4,27,MEND157,1514,CTGGGATAAATAATGG-1,8668,7527,0.2600654274225235,0.057004813684428696,0.20594251938164235,1.0,0.5,0.5329301357269287
4,28,MEND157,317,ACGTACTTTGGCACGG-1,4130,12373,0.25996493697166445,0.057835857110363875,0.3095093172043562,1.0,0.5,0.515095317363739
4,29,MEND157,1389,CTAACTGATAATCGCC-1,10238,10561,0.2594280928373337,0.05771649932864298,0.3489174053072929,1.0,0.5,0.5221264272928238
4,30,MEND157,2114,GGTCAAGACTACTTCG-1,10500,9804,0.25938126891851426,0.05685955111559184,0.3065678671002388,1.0,0.5,0.5115010201931
4,31,MEND157,1267,CGCGAAGTGGCATACT-1,9715,11471,0.2593281626701355,0.056764349613527894,0.3599267557263374,1.0,0.5,0.49813666343688967
4,32,MEND157,1241,CGCAATCGATCATTAG-1,1337,5395,0.2593120977282524,0.05979855515879392,0.1676693491637707,1.0,0.5,0.5341035634279251
4,33,MEND157,1689,GAGACTTCGCGACCGA-1,6311,9798,0.25921562165021894,0.0611577886179924,0.3990714244544506,1.0,0.5,0.5091138869524002
4,34,MEND157,675,ATCGCCAGTCAACATT-1,10500,8591,0.25917384773492813,0.06055772309536982,0.4071699153631926,0.7,0.5,0.3933454930782318
4,35,MEND157,3070,TTCCGCGTGAGGCGAT-1,6922,8738,0.2589270621538162,0.05683064411683674,0.3125243831425905,0.9,0.5,0.46992777585983275
4,36,MEND157,1531,CTGTGGTCGGGAGATA-1,9104,10105,0.258908212184906,0.05791022192366218,0.4366504833102226,1.0,0.5,0.5153917908668518
4,37,MEND157,2954,TGTATGGCGCAGACAG-1,9453,8286,0.2587293475866318,0.056925741719306096,0.3247301407158375,1.0,0.5,0.5189472705125808
4,38,MEND157,219,ACACGTAGGCCACAAG-1,10937,10562,0.2579814225435257,0.05764419805453259,0.2425408184528351,1.0,0.5,0.5283361822366714
4,39,MEND157,2562,TATTCGTGCCAGAATA-1,6922,6918,0.25778077989816667,0.0633561859297286,0.49595489725470543,0.6,0.5,0.34234378635883334
4,40,MEND157,2971,TGTGTAGTAGCACGTG-1,11460,10563,0.25741842240095136,0.053783079129265304,0.335584769397974,1.0,0.5,0.48978419303894044
4,41,MEND157,408,AGAGATCTCTAAAGCG-1,2908,7823,0.256763918697834,0.061857547065936186,0.3512304302304983,0.9,0.5,0.4750819027423859
4,42,MEND157,398,AGACCGCTCCGCGGTT-1,11024,9501,0.25672101229429245,0.0560667872350203,0.4106185458600521,0.9,0.5,0.45686562061309816
4,43,MEND157,2747,TCTAGTGATATCGTGG-1,9889,8438,0.2566812843084335,0.058784102582585894,0.197514908015728,1.0,0.5,0.5184315651655197
4,44,MEND157,968,CATGGTAAGTAGCGTT-1,7708,8587,0.25661763846874236,0.06224005737831465,0.33900400474667547,1.0,0.5,0.5046773493289948
4,45,MEND157,1559,CTTGACCCGAAAGATA-1,6311,3126,0.25643959641456604,0.06212706793339661,0.49988300893455745,0.6,0.5,0.3429482042789459
4,46,MEND157,2135,GGTGCTGATCACAAAG-1,3170,5852,0.2564360678195953,0.0652526108689239,0.3527448168024421,0.8,0.5,0.4378237634897232
4,47,MEND157,2266,GTGAGTGGTACAACGC-1,6224,9647,0.25621131509542466,0.06364352271589228,0.31091100350022316,0.8,0.5,0.42215912640094755
4,48,MEND157,914,CAGTAGCCCACGCGGT-1,9278,5556,0.2560430720448494,0.0594500523677684,0.3836278568953276,0.7,0.5,0.38949668109416963
4,49,MEND157,2314,GTTAAGGGTGCGATGT-1,7533,11013,0.2560111090540886,0.059762035168635305,0.2953316025435925,0.8,0.5,0.43143009543418886
4,50,MEND157,710,ATGCGACAGTCCCATT-1,7533,7070,0.2554755866527557,0.05900467839358366,0.24657108932733535,1.0,0.5,0.49800090193748475
4,51,MEND157,3189,TTGTTTGTGTAAATTC-1,5788,2822,0.25536597818136214,0.06446742404592573,0.41166177988052366,0.7,0.5,0.3913066267967224
4,52,MEND157,979,CATTTAGCGGACCATG-1,8755,5556,0.25530082285404204,0.06215215611737851,0.3810960207134485,0.6,0.5,0.34156409204006194
4,53,MEND157,129,AAGGTGATAAACCAGC-1,9366,8437,0.2551011726260185,0.05437635742261995,0.34193250313401224,1.0,0.5,0.5078927278518677
4,54,MEND157,299,ACGCATACGTTTACTA-1,10238,10258,0.2549689203500748,0.055277872398232,0.26702228635549546,0.9,0.5,0.4727941632270813
4,55,MEND157,1556,CTTCTATTAATGCTAG-1,5439,9494,0.254890102148056,0.057397813596522344,0.3544584386050701,0.9,0.5,0.47825617492198946
4,56,MEND157,2268,GTGATCACTAACGCCT-1,9802,8893,0.25482654869556426,0.06099764154039615,0.2812331147491932,0.9,0.5,0.47699291110038755
4,57,MEND157,632,ATATACGCTCGTGACG-1,10762,11169,0.2545709043741226,0.05996546808659557,0.2975321693345904,1.0,0.5,0.4971611887216568
4,58,MEND157,1414,CTAGTATTCGGAATTA-1,8319,3887,0.2544392928481102,0.062281147943340213,0.40890211388468745,0.6,0.5,0.34155031442642214
4,59,MEND157,1564,CTTGGCCAAGCTGGGA-1,6311,11011,0.2544386684894562,0.06134940243815096,0.18613704070448875,0.9,0.5,0.4677832663059235
4,60,MEND157,753,ATTCATCGTTGAGGCA-1,9104,11015,0.25441002249717715,0.056596189289888334,0.34679487682878973,0.6,0.5,0.3364433526992798
4,61,MEND157,3082,TTCGCACTGTACGACA-1,6486,11012,0.25435059815645217,0.05588182947053915,0.2859667487442493,1.0,0.5,0.5209316700696945
4,62,MEND157,1685,GACTGCGGCACGTGTA-1,2646,5851,0.2542421221733093,0.058492980018670024,0.30750782042741776,1.0,0.5,0.5247655391693116
4,63,MEND157,1308,CGGCGCCATCAATCCC-1,9453,10712,0.25391188859939573,0.05676026637813344,0.3281830670312047,1.0,0.5,0.5150522500276565
4,64,MEND157,1374,CGTTCATGGTGCGCGT-1,3083,9036,0.25378923714160917,0.0612076788676038,0.34361640065908433,0.5,0.5,0.29146758913993837
4,65,MEND157,470,AGCTCCATATATGTTC-1,10849,10411,0.25370073318481445,0.05879014729897496,0.29789212960749867,0.7,0.5,0.38484924137592313
4,66,MEND157,2405,TACAGAAACGGTGGGC-1,8755,10711,0.2536784902215004,0.06180057120991977,0.26077256724238396,0.7,0.5,0.3847089260816574
4,67,MEND157,400,AGACGAAGTGCCGGTC-1,9802,9196,0.25367826968431473,0.05774529296893947,0.3116854339838028,1.0,0.5,0.49615803062915803
4,68,MEND157,2134,GGTGCGGATAAGTGGC-1,5352,4187,0.253655269742012,0.06234318817358124,0.4129983924329281,0.6,0.5,0.3425183415412903
4,69,MEND157,2784,TCTTACTTATGCCTCT-1,9453,8589,0.25364533215761187,0.05748757161546158,0.2610942652449012,0.9,0.5,0.4632916867733002
4,70,MEND157,2317,GTTACCTACAACTTGC-1,7184,8890,0.2535949215292931,0.059988182036312655,0.2791339196264744,0.8,0.5,0.43376595079898833
4,71,MEND157,2316,GTTACAATTGGTGACG-1,4217,7369,0.2534249842166901,0.06071924698140389,0.4639198824763298,0.5,0.5,0.2905635893344879
4,72,MEND157,1561,CTTGAGTTAGGGTAAT-1,9453,7679,0.25339023023843765,0.05579592211319896,0.3791021768003702,0.9,0.5,0.48046633303165437
4,73,MEND157,2565,TATTTGATTTGCACAG-1,11635,9957,0.25338772833347323,0.0523518622510044,0.29989160746335985,1.0,0.5,0.5093974381685257
4,74,MEND157,3071,TTCCGGCCTTGAGGCT-1,5177,9948,0.2532337844371796,0.05260739420651302,0.29113941825926304,1.0,0.5,0.506599634885788
4,75,MEND157,3157,TTGGATCGACTTCTGG-1,6573,3278,0.2531322598457336,0.06100624793275804,0.4078049104660749,0.6,0.5,0.3400367975234985
4,76,MEND157,2161,GTAAGTAGGGTATACC-1,4479,5702,0.25299377739429474,0.06352827177760045,0.3583503864705563,0.7,0.5,0.3834624052047729
4,77,MEND157,2821,TGAGCTTTAATGACGC-1,8755,4646,0.2529411405324936,0.06341637920759759,0.3663778677582741,0.7,0.5,0.38737950921058656
4,78,MEND157,2435,TACGCCATATTCTAAT-1,6399,7827,0.252902115881443,0.05231874532432401,0.19959497451782227,1.0,0.5,0.5101509779691696
4,79,MEND157,1249,CGCAGGCGATCCAAAC-1,10238,9652,0.25271556079387664,0.05910617131071546,0.21278638765215874,1.0,0.5,0.5139349162578583
4,80,MEND157,1927,GCTAGTAGAGCTTGTA-1,7010,7676,0.25270281583070753,0.05883328959403215,0.23733094036579133,1.0,0.5,0.49749786853790284
4,81,MEND157,1168,CCTGAACGATATATTC-1,8755,7375,0.2526585966348648,0.05062144678166953,0.3059093479067087,0.9,0.5,0.4765468776226044
4,82,MEND157,2362,TAAAGCGGTATTTCCA-1,5613,11314,0.2526041239500046,0.05974341060424924,0.2733771070837975,0.7,0.5,0.38082671761512754
4,83,MEND157,158,AATCAGGTTTCATTTA-1,4217,12222,0.2525780275464058,0.056552914124924414,0.332007659971714,1.0,0.5,0.5046334534883499
4,84,MEND157,2315,GTTAATGTCTATCTTA-1,2385,6306,0.2525564759969711,0.05641584558527062,0.2686487212777138,0.8,0.5,0.42899923026561737
4,85,MEND157,884,CAGAATAACACACGGA-1,11024,10108,0.25251662731170654,0.061764381552840183,0.35163389518857,0.7,0.5,0.3775337487459183
4,86,MEND157,328,ACGTTCTGTACAAGTC-1,9628,11622,0.25237919837236406,0.05845259586104551,0.30057722628116607,0.8,0.5,0.41692340970039365
4,87,MEND157,2199,GTATGTGGGTCTAGTT-1,9366,7528,0.25236650109291076,0.05684512609195945,0.3441584944725037,0.7,0.5,0.3806033134460449
4,88,MEND157,1443,CTCATGGCTCACAATC-1,6835,3734,0.2523334980010986,0.061808311750052226,0.41355881504714487,0.5,0.5,0.2895639955997467
4,89,MEND157,406,AGAGAACCGTCTAGGA-1,9017,5708,0.25232489556074145,0.06563334891771108,0.3813346024602652,0.6,0.5,0.3414222687482834
4,90,MEND157,2729,TCGTGTACTATGGATG-1,8057,8891,0.2522787809371948,0.057528040809411256,0.34575533494353294,1.0,0.5,0.4909172147512436
4,91,MEND157,1732,GAGTCCGCTTACCGGA-1,6399,8737,0.2521220177412033,0.05700814886360439,0.23502985946834087,1.0,0.5,0.4995521008968353
4,92,MEND157,1020,CCAGTAGTCTGATCCA-1,9278,5860,0.25187444090843203,0.06658939484132254,0.3838375426828861,0.5,0.5,0.2948315918445587
4,93,MEND157,1313,CGGGAATTTATGTAAA-1,7010,8586,0.2517837405204773,0.05482456256417784,0.20774345025420188,1.0,0.5,0.5121103376150131
4,94,MEND157,136,AAGTGCAAAGGTAGAC-1,2210,6002,0.2517789646983147,0.05766045045837244,0.23737044632434845,1.0,0.5,0.49348092675209043
4,95,MEND157,2029,GGCGAAATCTAACTTG-1,8929,8285,0.25176542699337007,0.057832323599879325,0.26532868221402167,1.0,0.5,0.48483705520629883
4,96,MEND157,1244,CGCAATTCTACAATAA-1,3781,5701,0.2514913246035576,0.05958072985839381,0.23233144879341125,0.8,0.5,0.41928976476192475
4,97,MEND157,641,ATATTCCACATAGTGA-1,8057,9497,0.25145887583494186,0.05825504715328574,0.26173047423362733,0.8,0.5,0.42158615291118623
4,98,MEND157,102,AAGACTGCAAGCTACT-1,7271,7222,0.2513417318463326,0.062649628611189,0.2707746811211109,0.7,0.5,0.38304961621761324
4,99,MEND157,1134,CCTAGGCGTAGCGATC-1,9017,7224,0.2512986332178116,0.05739809461967401,0.3040289584547281,0.6,0.5,0.33259876668453214
4,100,MEND157,1333,CGGTTCAAGTAGGTGT-1,9889,5405,0.25122389644384385,0.06205956161500193,0.2888118755072355,0.8,0.5,0.4280559152364731
4,101,MEND157,806,CAAGCGGCACATAATT-1,7620,9952,0.2512212604284286,0.05241277531207228,0.2549738436937332,1.0,0.5,0.5118274211883544
4,102,MEND157,1258,CGCCCGCTTCCGTACA-1,8319,4494,0.25110650807619095,0.0611839710505609,0.2277128119021654,0.8,0.5,0.42879400551319125
4,103,MEND157,1647,GACACTGGAACCCGAT-1,10937,9653,0.2509813249111176,0.056660339795504014,0.23512442782521248,1.0,0.5,0.4976826995611191
4,104,MEND157,2655,TCCGCGGCCCAATGAA-1,9977,9803,0.25094146430492403,0.057518379443563125,0.3376003362238407,0.8,0.5,0.4193758428096771
4,105,MEND157,3047,TTATGTTTGCGATAGA-1,3083,5700,0.2508567154407501,0.06109126611696904,0.3160314753651619,1.0,0.5,0.5307920873165131
4,106,MEND157,2233,GTCGCGTAACCCGTTG-1,7882,7677,0.25080256462097167,0.06153280107527239,0.2710695333778858,1.0,0.5,0.5017878830432891
4,107,MEND157,2897,TGGAATTAGACGCTTT-1,2908,5700,0.2507858410477638,0.05879707918727525,0.2791976690292358,1.0,0.5,0.5256627440452576
4,108,MEND157,210,ACACACCAGGACCAGT-1,9191,8437,0.2506972849369049,0.05590627551144114,0.29528378173708913,1.0,0.5,0.4975042313337326
4,109,MEND157,1687,GAGAATCTCACGATCA-1,1774,6457,0.2506871849298477,0.0552402571344375,0.29465826563537123,0.6,0.5,0.3365329623222351
4,110,MEND157,2701,TCGCGTCCAGAAGGTC-1,3868,6459,0.250667142868042,0.057613813551611694,0.2625818161293864,0.9,0.5,0.45724277198314667
4,111,MEND157,137,AAGTGCCTTGACTGTA-1,10413,8439,0.2506634548306465,0.059988601576634715,0.2670263288542628,0.8,0.5,0.4242568761110306
4,112,MEND157,1999,GGATCTTGACTCAACC-1,2821,9491,0.25051409751176834,0.05630915674842654,0.2761196054518223,0.8,0.5,0.4205483615398407
4,113,MEND157,2798,TGAAACTTATGCAAGC-1,7708,3431,0.25043238550424574,0.0658812414037877,0.48891942054033277,0.6,0.5,0.34237495958805086
4,114,MEND157,2843,TGCAATCTAACACGGT-1,9191,11167,0.25041038542985916,0.055040650301404606,0.23808013424277305,0.8,0.5,0.42091184258461
4,115,MEND157,1096,CCGCCGGAACTTCTCG-1,2385,9945,0.25037445276975634,0.06154252630240924,0.2638087458908558,0.7,0.5,0.3824262857437134
4,116,MEND157,543,AGTCCATTGGCTGATG-1,10064,8135,0.250263424217701,0.05480828523696178,0.2611886939033866,0.8,0.5,0.42767623960971834
4,117,MEND157,845,CACCCACGAGGCAATT-1,8842,4798,0.2501808539032936,0.06073237159449906,0.3808596767485142,0.5,0.5,0.28362448811531066
4,118,MEND157,2097,GGGTGACACCTTAACT-1,6224,8737,0.25015399158000945,0.05786445326026615,0.31062230970710514,0.6,0.5,0.3320976227521896
4,119,MEND157,150,AATAGAACAGAGTGGC-1,5352,9645,0.25010679066181185,0.05817221848800775,0.21725153401494027,1.0,0.5,0.5092887133359909
4,120,MEND157,1437,CTCACTGTGATACTTA-1,7882,11317,0.25008352994918825,0.056227816363060006,0.32347708866000174,0.8,0.5,0.42120211720466616
4,121,MEND157,2365,TAAATGAATCCGTTTC-1,3868,5246,0.24991874843835832,0.05400715585065896,0.34424993991851804,1.0,0.5,0.49425925612449645
4,122,MEND157,3124,TTGACTATTGTCCGGC-1,10413,8742,0.24987827092409134,0.05787600674054529,0.3085128903388977,0.9,0.5,0.45448018312454225
4,123,MEND157,2214,GTCATGCGCGAGGGCT-1,9889,11471,0.24977642744779588,0.06051811541695851,0.2816011071205139,1.0,0.5,0.5148505836725235
4,124,MEND157,534,AGTATAATACTAGGCA-1,4217,5550,0.24977336972951888,0.058209176740629254,0.24585376381874086,0.9,0.5,0.4511816769838333
4,125,MEND157,2739,TCTAACTGTATGTAAA-1,2297,5851,0.24967203736305238,0.056108413549898824,0.17872447818517684,0.7,0.5,0.37794074416160583
4,126,MEND157,2548,TATGGGTACGTATCGT-1,6399,6614,0.24963330924510957,0.05990940713244819,0.32871500998735426,0.6,0.5,0.339534205198288
4,127,MEND157,48,AACAATTACTCTACGC-1,3519,6155,0.24962957799434662,0.05504628253590951,0.2159841600805521,0.8,0.5,0.41437880992889403
4,128,MEND157,587,ATAAACGTTGCACCAC-1,10675,10410,0.24961360692977905,0.0572533852687428,0.319117271900177,1.0,0.5,0.5144483745098114
4,129,MEND157,961,CATGCGTTGAGAGGAG-1,5352,12678,0.24949577897787095,0.0567582353860959,0.2198804419487715,1.0,0.5,0.4974761039018631
4,130,MEND157,1426,CTATGGGAAGCGGAAT-1,10413,9955,0.2494771495461464,0.05870044486433691,0.2875769577920437,0.8,0.5,0.4182284861803055
4,131,MEND157,3132,TTGATTATGCAGATGA-1,4217,5853,0.24943682104349135,0.06295104152839749,0.3087154522538185,0.6,0.5,0.33766835033893583
4,132,MEND157,629,ATATAAAGCGCTCGTG-1,7271,10558,0.2494206577539444,0.05689718171305603,0.3499622017145157,0.5,0.5,0.290220844745636
4,133,MEND157,1392,CTAATTCGCACGCGCT-1,4304,6005,0.24923923313617707,0.05475983936071678,0.2511297702789307,0.5,0.5,0.2875366032123566
4,134,MEND157,165,AATCGTGAGCCGAGCA-1,8580,11924,0.2491656571626663,0.05201816941011629,0.20270912274718283,1.0,0.5,0.5104471862316131
4,135,MEND157,798,CAACTATATCGAATGC-1,8231,4039,0.24915887117385865,0.06400341320675848,0.35706954821944237,0.5,0.5,0.2942139685153961
4,136,MEND157,642,ATATTCCCACAGGTCA-1,6486,3430,0.24911219328641893,0.060781510077364063,0.37896750420331954,0.8,0.5,0.426238027215004
4,137,MEND157,1264,CGCCTCCCTCCTCTAT-1,7708,8284,0.24903324246406555,0.06720924886459541,0.27785417400300505,0.5,0.5,0.2938596546649933
4,138,MEND157,954,CATGAGATGCACTCTC-1,8231,10711,0.2490151956677437,0.05828887697157921,0.20469461753964424,1.0,0.5,0.49555769860744475
4,139,MEND157,2985,TTAAACCGGTAGCGAC-1,5875,2974,0.24900566935539245,0.05980181191276553,0.3885845135897398,0.7,0.5,0.3826293349266052
4,140,MEND157,1747,GATATGGATTACGCGG-1,2908,6003,0.2489214763045311,0.05436806417476051,0.3128921963274479,0.8,0.5,0.4228416562080383
4,141,MEND157,3025,TTAGATAGGTCGATAC-1,3170,3729,0.24878146648406982,0.06328353362025277,0.4217682484537363,0.5,0.5,0.29083932638168336
4,142,MEND157,2543,TATGATCTTCTCTTTA-1,9191,10560,0.24876556992530824,0.05914296842801239,0.2131326012313366,0.8,0.5,0.42513640522956847
4,143,MEND157,3185,TTGTTTCACATCCAGG-1,5002,10555,0.24875639528036117,0.058390471069199944,0.2730163477361202,0.9,0.5,0.4693360924720764
4,144,MEND157,1288,CGCTGTGTGGATGTTG-1,5090,10707,0.24869540333747864,0.05934429402174436,0.3298364594578743,0.7,0.5,0.37750051319599154
4,145,MEND157,2243,GTCTAGTGAGCCGCTT-1,9366,11773,0.24858586937189103,0.055728978571264784,0.23955565094947814,1.0,0.5,0.49632959365844725
4,146,MEND157,1695,GAGATCTTCCATGACA-1,8057,8587,0.24851731061935425,0.059977690969166754,0.27859266512095926,0.8,0.5,0.411866295337677
4,147,MEND157,1842,GCCCACCAAGGCTGTC-1,4653,3579,0.2485060766339302,0.06223540062141271,0.36300247237086297,0.5,0.5,0.28787928223609927
4,148,MEND157,2944,TGGTTCGTAGCAAAGG-1,6137,5249,0.2484795033931732,0.06436688921431727,0.4328981265425682,0.5,0.5,0.2829992651939392
4,149,MEND157,963,CATGGATTGTCTTCCG-1,10151,10106,0.24846798330545425,0.056045079874198815,0.3176737897098064,0.9,0.5,0.4572340279817581
4,150,MEND157,3013,TTACCCTAGGGATTGG-1,6399,10860,0.24845104813575744,0.05272022576285293,0.18653656989336015,1.0,0.5,0.4839512467384338
4,151,MEND157,37,AAATGGCATGTCTTGT-1,7359,3734,0.24838677942752838,0.05993415699148976,0.26192779541015626,0.5,0.5,0.28990077376365664
4,152,MEND157,2209,GTCACTCTCCAAATCT-1,4043,5246,0.24834839552640914,0.060170228486312226,0.25696944780647757,0.8,0.5,0.4202455669641495
4,153,MEND157,2549,TATGGTCTGAGTAACA-1,6399,7221,0.24823684394359588,0.05923782297960811,0.2773259490728378,0.9,0.5,0.4405484706163406
4,154,MEND157,1073,CCCTGAAATGAGTTGA-1,4741,6460,0.24809706211090088,0.054472018334646974,0.3312570102512836,0.6,0.5,0.32888272404670715
4,155,MEND157,2656,TCCGCTGTCATCCCGG-1,8406,8891,0.24805208295583725,0.0670675117005294,0.2555908104404807,0.8,0.5,0.4204666793346405
4,156,MEND157,1878,GCGAGTTCTGCAAAGA-1,6835,7070,0.24804049879312515,0.05627345126274493,0.22025277689099312,1.0,0.5,0.4960115134716034
4,157,MEND157,1346,CGTCAAGGCTATAAAT-1,2559,6306,0.2479698732495308,0.06065893725037856,0.35383335277438166,0.5,0.5,0.29056180715560914
4,158,MEND157,2391,TAATACACAGTAGTAT-1,6922,4795,0.24789266139268876,0.05966240710360457,0.27554138004779816,0.6,0.5,0.3362539321184158
4,159,MEND157,1522,CTGGTCCTAACTTGGC-1,7010,2824,0.24785922169685365,0.0627028899644343,0.44182470589876177,0.6,0.5,0.3376952350139618
4,160,MEND157,2770,TCTGATGTATTCTGTC-1,8580,9498,0.24783608168363572,0.05522975711444418,0.16637321300804614,1.0,0.5,0.4881288319826126
4,161,MEND157,1518,CTGGTAAAGTGTGGGC-1,11286,10866,0.2478283390402794,0.057159490367202234,0.26351805329322814,0.8,0.5,0.4060999810695648
4,162,MEND157,2159,GTAAGGATTTGTCGGA-1,7271,3279,0.24782293140888215,0.06484088399915111,0.27366345152258875,0.6,0.5,0.337482750415802
4,163,MEND157,2644,TCCCTTAGATTACTCG-1,8842,4494,0.2477601170539856,0.05928259007536638,0.2552216358482838,0.8,0.5,0.4294796884059906
4,164,MEND157,2346,GTTGTCGTGTTAGTTG-1,5439,4035,0.2476695090532303,0.06322651767427398,0.502582972496748,0.5,0.5,0.2893315851688385
4,165,MEND157,773,ATTGTCTGTTTCATGT-1,5962,12527,0.24766677170991896,0.05472704517728406,0.3440921790897846,1.0,0.5,0.4817846864461899
4,166,MEND157,329,ACGTTTAGTTGTGATC-1,7271,3886,0.24765918999910355,0.06213234708228493,0.3742766913026571,0.5,0.5,0.28570806980133057
4,167,MEND157,302,ACGCCGCTAGACGACC-1,7533,8283,0.24765465557575225,0.05873032445451406,0.32688704282045367,0.5,0.5,0.283099901676178
4,168,MEND157,28,AAAGTGTGATTTATCT-1,9540,8438,0.24747616946697235,0.05488651004091772,0.17652890980243682,1.0,0.5,0.481141397356987
4,169,MEND157,1140,CCTATCTATATCGGAA-1,8057,4645,0.24745720773935317,0.057460136610550855,0.38252358287572863,0.5,0.5,0.2834271192550659
4,170,MEND157,939,CATAGTCAAATACATA-1,9453,11622,0.2474525138735771,0.05467877343819757,0.24502063244581224,0.9,0.5,0.4671559572219849
4,171,MEND157,1085,CCGACAATAGGCCGCC-1,11024,10411,0.24744943976402284,0.05564988966144534,0.22708988822996617,0.8,0.5,0.4284918010234833
4,172,MEND157,2245,GTCTATCTGAGTTTCT-1,5002,7825,0.2474375531077385,0.057763827205263935,0.25426008030772207,0.6,0.5,0.33163248002529144
4,173,MEND157,871,CACTCAAGAGCTATGG-1,6311,7675,0.2474049687385559,0.05850593891556215,0.10133022367954254,0.9,0.5,0.464870473742485
4,174,MEND157,1807,GCACAGCACGGGCCGA-1,5002,12678,0.24735105633735657,0.0532419332534226,0.12495920062065125,1.0,0.5,0.47477605044841764
4,175,MEND157,1954,GCTGCTCTCCGGACAC-1,6835,6463,0.24731951504945754,0.05627469608110503,0.1750587910413742,0.5,0.5,0.2842200517654419
4,176,MEND157,2251,GTCTGTAGGTTGAACA-1,4741,12829,0.2472614213824272,0.05778712932533356,0.24875194765627384,0.8,0.5,0.41564691364765166
4,177,MEND157,3123,TTGACTACCATATGGT-1,4915,8280,0.2471563145518303,0.0597457016540284,0.2543745443224907,0.5,0.5,0.28724245429039
4,178,MEND157,634,ATATCGGTAGGGAGAT-1,10937,7530,0.24709842205047608,0.055445885688819016,0.25417218878865244,0.6,0.5,0.32817945778369906
4,179,MEND157,2497,TAGGTGTTCCACAGAT-1,6573,10860,0.24708235561847686,0.05609315850345479,0.3717473618686199,0.5,0.5,0.2876868426799774
4,180,MEND157,12,AAACGAAGAACATACC-1,6922,2672,0.24702193588018417,0.06433914554766887,0.4074697865173221,0.5,0.5,0.2903654873371124
4,181,MEND157,1415,CTAGTCACGTCTTAAG-1,7359,7373,0.2470053732395172,0.057612298744606764,0.2461359478533268,0.5,0.5,0.2847351372241974
4,182,MEND157,2956,TGTCCCGACATAGCAC-1,6311,3430,0.24699733406305313,0.06240876561444141,0.374696009606123,0.5,0.5,0.2889798104763031
4,183,MEND157,2781,TCTTACAGAGGTACCG-1,5264,4035,0.24694871455430983,0.06223694276650462,0.3363282710313797,0.5,0.5,0.2877066135406494
4,184,MEND157,905,CAGCTGGCGTAACCGT-1,3257,9036,0.24694788604974746,0.05700455555354934,0.2377584408968687,0.8,0.5,0.40567541122436523
4,185,MEND157,751,ATTCAGTAGCAGGGTC-1,3519,5852,0.2467439666390419,0.05963457177209922,0.23737583979964255,0.6,0.5,0.33655384480953215
4,186,MEND157,715,ATGGAGCAGGCCGTGA-1,7097,7221,0.2467217966914177,0.0656037312791986,0.3382302798330784,0.5,0.5,0.28710376024246215
4,187,MEND157,2133,GGTGCATAAATGATTA-1,5439,11920,0.2467022180557251,0.05424010701191024,0.23584144040942193,0.6,0.5,0.3356266409158707
4,188,MEND157,373,ACTTGACTCCCTCTTT-1,7620,8132,0.24663102626800537,0.059353784239411615,0.3082437541335821,0.7,0.5,0.38296153843402864
4,189,MEND157,882,CACTTCGTCTTATCTC-1,2559,3880,0.24661703258752823,0.061273279679578505,0.25701839551329614,0.6,0.5,0.34022400975227357
4,190,MEND157,1444,CTCATGGTAATTTGCG-1,3606,9340,0.24652003943920137,0.05399003372430043,0.25175420232117174,0.7,0.5,0.37942608296871183
4,191,MEND157,777,ATTTCATTATTTCGCG-1,8144,3887,0.24650510102510453,0.060525429425453664,0.3195446617901325,0.6,0.5,0.33894074261188506
4,192,MEND157,3054,TTCAATACTCTGAATC-1,8842,7527,0.24647666662931442,0.05322168032735752,0.21776435077190398,1.0,0.5,0.5000656247138977
4,193,MEND157,3015,TTACGGATGGTTCGAG-1,9453,6770,0.24636833518743514,0.06242446173983205,0.27458376344293356,0.6,0.5,0.3326253056526184
4,194,MEND157,1536,CTTAACTTCGAAGTAC-1,6835,3430,0.24631982892751694,0.06402498820796784,0.4619217339903116,0.6,0.5,0.339981347322464
4,195,MEND157,1570,CTTGTTTATGTAGCCA-1,3781,4488,0.2462676227092743,0.060277203421685306,0.23051203563809394,0.7,0.5,0.37806541919708253
4,196,MEND157,2373,TAACCTAGGGAGTCCA-1,10587,10865,0.24626217931509017,0.05805029688166944,0.2887806002050638,0.8,0.5,0.4118193954229355
4,197,MEND157,2771,TCTGCAGATTCGAGTC-1,1774,5547,0.2462263137102127,0.055200159542392935,0.25834396444261076,0.9,0.5,0.47058004438877105
4,198,MEND157,709,ATGCCGGTTGATGGGA-1,8580,4646,0.24615023732185365,0.06300038014815489,0.3425989545881748,0.5,0.5,0.2866122364997864
4,199,MEND157,224,ACAGCATAGAGCCAGT-1,6399,3278,0.24607307761907576,0.0626461120543082,0.30037846565246584,0.6,0.5,0.33512371480464936
4,200,MEND157,117,AAGCTCGTGCCAAGTC-1,7708,7071,0.24605128765106202,0.05632079320345988,0.24475609734654427,1.0,0.5,0.4881169140338898
4,201,MEND157,3068,TTCCATCGACAGCGTG-1,10675,11017,0.2460135728120804,0.057184258685840726,0.2376619316637516,1.0,0.5,0.4863071471452713
4,202,MEND157,471,AGCTCCTTCGCACATC-1,8842,9650,0.24601081162691116,0.0550714525558703,0.2732626460492611,0.9,0.5,0.44778505265712737
4,203,MEND157,2856,TGCCAATGGGTACTCT-1,5875,9949,0.24600089937448502,0.05907119803925513,0.20080124959349632,0.5,0.5,0.2838650822639465
4,204,MEND157,2374,TAACGCTTTGAGAGCG-1,3868,5853,0.2459588974714279,0.05784724455439165,0.32300891205668447,0.7,0.5,0.37520750761032107
4,205,MEND157,1577,CTTTGCATCGCTCTTG-1,9540,10864,0.24595176726579665,0.052722723629658616,0.2452999860048294,1.0,0.5,0.49458289742469785
4,206,MEND157,2925,TGGGCAGGCCACCGCA-1,11460,9956,0.2459089159965515,0.0576862862987165,0.31112000420689584,1.0,0.5,0.488894459605217
4,207,MEND157,162,AATCGCCTCAGCGCCA-1,8231,7678,0.24589023739099503,0.05307588815917991,0.17114676162600517,1.0,0.5,0.4863800793886185
4,208,MEND157,1985,GGACTCTTCCGGTTGA-1,12071,10412,0.24569787085056305,0.05526759994050727,0.28601318374276163,0.7,0.5,0.3639928877353668
4,209,MEND157,1192,CCTTTCAATGAAGAAA-1,9628,5557,0.24559871554374696,0.058380012501073664,0.3086703509092331,0.6,0.5,0.3333069562911987
4,210,MEND157,3066,TTCCACACAGATTTGA-1,5352,9342,0.24558176696300507,0.05799560349946096,0.24236482232809067,0.5,0.5,0.2858403563499451
4,211,MEND157,2844,TGCACGAGTCGGCAGC-1,7097,2672,0.2455405756831169,0.05991040948520781,0.39868972115218637,0.6,0.5,0.33202420771121977
4,212,MEND157,584,AGTTTGGCACGGGTTG-1,10238,9045,0.24552836865186692,0.059582318385587266,0.3168757513165474,0.5,0.5,0.29156955480575564
4,213,MEND157,2773,TCTGCCAGAAACTGCA-1,8231,7981,0.24552522152662276,0.0632087099635898,0.38870184812694786,0.5,0.5,0.28751046657562257
4,214,MEND157,565,AGTGCTTGCACGAATA-1,9104,7982,0.24550705701112746,0.05806911661421099,0.338247512280941,0.6,0.5,0.3318052887916565
4,215,MEND157,346,ACTCCCTAATGCTAAA-1,7359,10406,0.24546565264463424,0.05426841717265194,0.3086704559624195,0.7,0.5,0.3657824844121933
4,216,MEND157,2059,GGGAGGATGCCCGAAA-1,5788,7371,0.2454055830836296,0.05652625456133681,0.18097476065158843,0.5,0.5,0.2856587290763855
4,217,MEND157,2828,TGATACATTTAGCCGT-1,5090,10100,0.24537457823753356,0.055725405246099556,0.2912164982408285,0.6,0.5,0.32786533832550047
4,218,MEND157,2287,GTGGAACCTACATGCG-1,8406,4039,0.24536022096872329,0.06195867234520384,0.2615233711898327,0.5,0.5,0.29000542163848875
4,219,MEND157,2823,TGAGGTGTGTGGCGGA-1,5875,12375,0.24525132030248642,0.05306913221713881,0.20054326355457305,0.9,0.5,0.4604594588279724
4,220,MEND157,2367,TAACAATATTTGTTGC-1,2734,6003,0.24515340924263002,0.05875492869937885,0.41119962334632876,0.5,0.5,0.2869353830814362
4,221,MEND157,2196,GTATCTTTCATAACCA-1,7097,8738,0.2450718656182289,0.055677305610826566,0.22576007768511772,0.5,0.5,0.28444173336029055
4,222,MEND157,272,ACCGATATTTAATCAT-1,11809,9957,0.24506682604551316,0.060170766794376475,0.20998016074299813,0.5,0.5,0.28389946818351747
4,223,MEND157,2708,TCGCTTTAAACGTTTG-1,8929,5556,0.24503899961709977,0.06250774071238921,0.26755995601415633,0.5,0.5,0.2923008143901825
4,224,MEND157,2530,TATCACCCAACCGACC-1,10064,5406,0.24495135694742204,0.05768043452792801,0.2873282065615058,0.6,0.5,0.33791842460632326
4,225,MEND157,3065,TTCCAATCTGGCTATC-1,5352,9039,0.2448790639638901,0.05518880107786121,0.22989965230226517,0.9,0.5,0.4529667466878891
4,226,MEND157,2418,TACCGGCTCACTGCCC-1,7010,8889,0.24482184648513794,0.06182770784053518,0.3071585137397051,0.8,0.5,0.4229807496070862
4,227,MEND157,655,ATCAGCCTCATGCTGC-1,8929,10408,0.24474581480026245,0.059967798349016437,0.27171889543533323,0.5,0.5,0.282683914899826
4,228,MEND157,660,ATCATCCAATATTTGT-1,6486,7676,0.2447296053171158,0.05501094458281999,0.290986380726099,0.9,0.5,0.4649690419435501
4,229,MEND157,14,AAACGGGCGTACGGGT-1,9278,11622,0.244719497859478,0.06135347442486473,0.2891883574426174,0.5,0.5,0.2919231653213501
4,230,MEND157,81,AACGTACTGTGGGTAC-1,5002,9038,0.2446982517838478,0.058635367193341684,0.27727163191884757,0.5,0.5,0.28499743342399597
4,231,MEND157,2031,GGCGCATGAATTGATG-1,6050,8130,0.2446230486035347,0.054781554925190955,0.24899696186184883,0.9,0.5,0.45621585845947266
4,232,MEND157,2677,TCCTTGTCCTTTAATT-1,7359,12226,0.24450361281633376,0.05658024643043155,0.2671897612512112,0.9,0.5,0.44837109446525575
4,233,MEND157,981,CATTTGAGTGGTACGT-1,5526,9342,0.24449509531259536,0.05351314842754842,0.10539391413331031,0.9,0.5,0.46199395656585696
4,234,MEND157,239,ACCAAACTAGAAATCC-1,7184,2218,0.24448802918195725,0.06019949928501848,0.3113322272896767,0.5,0.5,0.28499060273170473
4,235,MEND157,429,AGCAACATATCTTATT-1,9453,7983,0.24443060606718064,0.059574698632999946,0.20395752191543579,0.8,0.5,0.4124488174915314
4,236,MEND157,581,AGTTGACGGTCCTTGC-1,6835,11619,0.2443884164094925,0.05727175404289634,0.1720808744430542,0.6,0.5,0.32889164984226227
4,237,MEND157,1245,CGCACATGTCCACTAC-1,8929,7679,0.24437813460826874,0.05259826964967128,0.1826482117176056,0.8,0.5,0.40110478103160857
4,238,MEND157,1470,CTCTATTTGGCTGCAG-1,7271,9041,0.24436410069465636,0.060362248537706914,0.21264554411172867,0.8,0.5,0.42782712578773496
4,239,MEND157,3059,TTCAGCTGGCGTGCCC-1,9628,10106,0.2443226918578148,0.056252916916510576,0.3438722390681505,0.5,0.5,0.28709349036216736
4,240,MEND157,1419,CTATAAGAGCCAATCG-1,10064,5709,0.244278983771801,0.06526261436685139,0.33914004974067213,0.6,0.5,0.3385465443134308
4,241,MEND157,2766,TCTGAACTCGTACCCG-1,9628,8893,0.2442216232419014,0.05536558720598897,0.25262771993875505,0.6,0.5,0.3288592755794525
4,242,MEND157,1903,GCGGTTCCCTATCATG-1,5613,8888,0.24417904168367385,0.06304911397405108,0.3246065776795149,0.5,0.5,0.29019167423248293
4,243,MEND157,3111,TTGAACGACGTGCTGA-1,9017,10863,0.24417281448841094,0.05956344188759762,0.1916309989988804,1.0,0.5,0.48329242765903474
4,244,MEND157,1959,GCTGTATTACTGGCCC-1,4653,8735,0.2441546529531479,0.059984713712775355,0.20213970430195333,0.7,0.5,0.37899438142776487
4,245,MEND157,1705,GAGCGCGCACGAGTAG-1,9453,9196,0.2441493257880211,0.060995599078937944,0.28128555342555045,0.5,0.5,0.28773033022880556
4,246,MEND157,105,AAGAGGATGTACGCGA-1,3868,7672,0.2441201090812683,0.05773633384087043,0.3012786477804184,0.6,0.5,0.332571879029274
4,247,MEND157,1129,CCTAACCCAAACAAGT-1,9104,9195,0.24411713927984238,0.053475930581087024,0.23981027975678443,0.6,0.5,0.32620511054992674
4,248,MEND157,548,AGTCGTATAAAGCAGA-1,8406,11621,0.24410939067602158,0.057876007324482406,0.31932358369231223,0.7,0.5,0.38243306875228883
4,249,MEND157,2489,TAGGCTAAAGTGGCAC-1,9977,11623,0.2440340980887413,0.05379432086753399,0.35235889479517934,0.6,0.5,0.32365426421165466
4,250,MEND157,1845,GCCCGATCTGTGGTCG-1,6835,9799,0.2439461663365364,0.053637671650642364,0.2313965864479542,0.8,0.5,0.41997000873088836
4,251,MEND157,395,AGACCATGGGATACAA-1,3781,5094,0.24388271421194077,0.05504474646484708,0.21563671492040157,1.0,0.5,0.4877292662858963
4,252,MEND157,414,AGAGGCTTCGGAAACC-1,10151,9500,0.2438754543662071,0.06024767442562129,0.29908682182431223,0.8,0.5,0.4122159153223038
4,253,MEND157,1573,CTTTACCGAATAGTAG-1,8668,9346,0.2438541069626808,0.053165132442409446,0.14234441965818406,0.8,0.5,0.40987288653850557
4,254,MEND157,2898,TGGACCAATCTAAGAT-1,8319,11166,0.24384672194719315,0.05460340164796886,0.3265832707285881,0.5,0.5,0.28217469453811644
4,255,MEND157,1298,CGGAGCATGGCGATCC-1,7184,7676,0.24383718222379686,0.06150119448375642,0.2346539869904518,0.6,0.5,0.33689199686050414
4,256,MEND157,2991,TTAACGTCGCAAGACC-1,6050,3278,0.24382587522268295,0.06319559208256174,0.27495853155851363,0.5,0.5,0.28776009678840636
5,1,MEND157,1670,GACGGACCGCGTTCCT-1,6399,2368,0.27797535359859465,0.021966247573916162,0.43598189055919645,1.0,1.0,0.545127409696579
5,2,MEND157,1472,CTCTCGATGTGCGCCT-1,6748,2369,0.27772365510463715,0.01898416105203161,0.3220336128026247,1.0,1.0,0.5447265803813934
5,3,MEND157,1354,CGTCGGGTCTAAGCGC-1,3257,9946,0.27401666939258573,0.014685885934196516,0.3666801072657108,1.0,1.0,0.5400208532810211
5,4,MEND157,602,ATACCAGCAAATTGCT-1,6573,2369,0.2735613793134689,0.010232626791473543,0.4099941119551659,1.0,1.0,0.5346889078617096
5,5,MEND157,873,CACTCCTATGTAAGAT-1,4479,10251,0.27279541939496993,0.019025076068732185,0.30758531712926923,1.0,1.0,0.5506508350372314
5,6,MEND157,1882,GCGCAAGAGCGCGCTG-1,10064,7832,0.2721082717180252,0.022452630548825354,0.3978877987712622,1.0,1.0,0.5480139553546906
5,7,MEND157,413,AGAGCTACGAAAGCAT-1,2734,3273,0.271738700568676,0.02240271585887504,0.3445089615881443,1.0,1.0,0.5606490433216095
5,8,MEND157,1648,GACAGATTTCTGGCTC-1,2035,8428,0.27096969038248064,0.018434200986439747,0.3842753328382969,1.0,0.8,0.5384753614664077
5,9,MEND157,364,ACTGTTTAGTGTAGGC-1,6486,2217,0.2703457549214363,0.014505722608815661,0.4182350650429726,1.0,1.0,0.5424758851528168
5,10,MEND157,2541,TATCTTGCAATACAAC-1,2734,10249,0.2697368085384369,0.013193861850474905,0.423037026822567,1.0,1.0,0.5297366678714752
5,11,MEND157,2017,GGCATACAGGTAGCGG-1,4130,6914,0.2691358909010887,0.02449579959704707,0.32967971889302133,1.0,1.0,0.5536908447742462
5,12,MEND157,2242,GTCTACTCAATTACAA-1,2472,7367,0.2685136362910271,0.020200156097522525,0.4444932073354721,1.0,1.0,0.5381150186061859
5,13,MEND157,1833,GCCAAGAATACTTCTG-1,2210,8732,0.26811924427747724,0.014848457838191217,0.40515480251051483,1.0,1.0,0.5268236994743347
5,14,MEND157,289,ACGAGAACCCATCACG-1,4304,2972,0.2671546548604965,0.022480904618008966,0.4022719420492649,1.0,0.9,0.5353039681911469
5,15,MEND157,897,CAGCCCTCACAGGCAG-1,6835,2217,0.26577865034341813,0.018174404554398102,0.29125430025160315,1.0,1.0,0.5367758214473725
5,16,MEND157,2089,GGGTAATGCTGTGTTT-1,3170,3122,0.2656963184475899,0.01938504019102402,0.47894610464572906,1.0,0.9,0.5335520386695862
5,17,MEND157,84,AACGTTATCAGCACCT-1,2210,5092,0.26514633744955063,0.016727731921922066,0.2917623962275684,1.0,1.0,0.5368927836418151
5,18,MEND157,2891,TGCTTAGAGAGAATGC-1,3606,11160,0.26428300589323045,0.0155566148136964,0.38639572709798814,1.0,0.9,0.5387653321027756
5,19,MEND157,1213,CGAGAGCGCGTAGATA-1,1948,8580,0.26390066295862197,0.012816614165546475,0.34869014360010625,1.0,1.0,0.5282966911792755
5,20,MEND157,1429,CTATGTGAGTCACGGC-1,2821,8581,0.2627728208899498,0.01963046079713709,0.34533655205741526,1.0,1.0,0.5363299071788787
5,21,MEND157,80,AACGGCCATCTCCGGT-1,4741,8886,0.2625339820981026,0.018607606592977045,0.4402592919766903,1.0,0.8,0.5192916095256805
5,22,MEND157,1049,CCCAATTTCACAACTT-1,4217,7673,0.26119423657655716,0.02055548106798561,0.33968975050374867,1.0,1.0,0.5266911804676055
5,23,MEND157,2446,TACGTTTACCGGCAAT-1,4130,7824,0.2611686259508133,0.019530221327873704,0.25220509693026544,1.0,1.0,0.5440324246883392
5,24,MEND157,108,AAGATGGCACCGGACC-1,4741,10706,0.2604404404759407,0.017776032217115358,0.26328560458496214,1.0,0.9,0.5258300602436066
5,25,MEND157,9,AAACCGTTCGTCCAGG-1,5002,9645,0.2601525142788887,0.019906977405193975,0.3106750587001443,1.0,1.0,0.5244357824325562
5,26,MEND157,1289,CGCTTAGTATTGATAC-1,5875,11769,0.26005844324827193,0.013499950047885968,0.3863623470067978,1.0,0.9,0.5211032003164291
5,27,MEND157,2458,TACTTTCCGCACGCCA-1,2995,8884,0.26001823246479033,0.016797154611806205,0.43801005333662035,1.0,0.8,0.5195655643939971
5,28,MEND157,1484,CTGACTGCGCAGCTCG-1,10151,6467,0.2599287196993828,0.016967239814607293,0.30439839232712984,1.0,1.0,0.5295648097991943
5,29,MEND157,940,CATAGTCCACAAGAAC-1,4043,8582,0.25980368703603746,0.017664051379748726,0.300162310898304,1.0,1.0,0.5309172689914703
5,30,MEND157,1377,CGTTGCCCGCGTGGGA-1,5264,11617,0.2594528511166573,0.020257270825366526,0.3594758428633213,1.0,1.0,0.5319455862045288
5,31,MEND157,547,AGTCGGTTGCGTGAGA-1,11111,7833,0.2590296655893326,0.023438238202361385,0.33955434486269953,1.0,0.9,0.5217458784580231
5,32,MEND157,989,CCAAGCGTAACTCGTA-1,7533,6767,0.2587523192167282,0.02645009648984317,0.29329710975289347,1.0,1.0,0.5227113664150238
5,33,MEND157,2779,TCTGTGCCATCATAGT-1,8319,6616,0.25862056463956834,0.02033276043292323,0.3254521251656115,1.0,0.9,0.5261590003967285
5,34,MEND157,998,CCACAGCTGAAATCAT-1,3781,2972,0.2585458129644394,0.018026639098754547,0.341570807620883,1.0,1.0,0.527083295583725
5,35,MEND157,3037,TTATCCAATCGAACTC-1,4217,3730,0.2577960014343262,0.015376069564669586,0.35876364819705486,1.0,0.8,0.5208501785993576
5,36,MEND157,1330,CGGTGCGCGTTGGTCC-1,4741,9190,0.25774504244327545,0.015871406992053257,0.33120630457997324,1.0,0.8,0.5169982612133026
5,37,MEND157,2039,GGCTACTATACACTCC-1,5177,11465,0.2577202558517456,0.0200013615765827,0.40290174521505834,1.0,0.8,0.5224959284067154
5,38,MEND157,1754,GATCCTCGACACTGGC-1,4130,9341,0.25758641213178635,0.01959388421711839,0.351074131205678,1.0,0.7,0.5172753989696502
5,39,MEND157,1232,CGATATTAGCCGCAGG-1,4392,2821,0.25750650018453597,0.016971326720151964,0.26144336313009264,1.0,1.0,0.5259618520736694
5,40,MEND157,2713,TCGGCGAACCCAAACC-1,10500,9197,0.25730048418045043,0.01711887510202927,0.34939226433634757,1.0,0.9,0.525864040851593
5,41,MEND157,3187,TTGTTTCCATACAACT-1,3694,8582,0.25692494213581085,0.01744182176722037,0.30954218953847884,1.0,0.8,0.5194331258535385
5,42,MEND157,1932,GCTCAATCCGTTTATT-1,4392,9796,0.2568123072385788,0.014495605022408637,0.31946068443357944,1.0,0.8,0.5228159844875335
5,43,MEND157,2,AAACAGCTTTCAGAAG-1,2123,8277,0.25671104788780214,0.021383608028616725,0.3874527342617512,1.0,1.0,0.5229109108448029
5,44,MEND157,2916,TGGCGGTGTGCGATTG-1,5090,2822,0.2564345747232437,0.016737683523639066,0.30788682885468005,1.0,0.9,0.5207787871360778
5,45,MEND157,2529,TATCACAGCACGGGCA-1,6922,2369,0.2564106285572052,0.017805141354502566,0.32364742904901506,1.0,0.9,0.5238951683044434
5,46,MEND157,2777,TCTGGGTAGCGCTCAT-1,4479,7825,0.25632641315460203,0.022433747648081672,0.33192765871062874,1.0,1.0,0.5229941189289093
5,47,MEND157,1924,GCTAGCGATAGGTCTT-1,3432,11766,0.25595044195652006,0.020881979852475654,0.1857543360441923,1.0,0.9,0.5278824895620347
5,48,MEND157,1390,CTAACTGGTCCGGTTC-1,4479,9341,0.2558544367551804,0.01468925238483902,0.3596100188791752,1.0,0.9,0.5225567698478699
5,49,MEND157,763,ATTGATGAGTCCTAAC-1,9977,6770,0.2557891637086868,0.01775151109243076,0.376797796972096,1.0,0.9,0.518402224779129
5,50,MEND157,1253,CGCCAAGAAGCCGAGT-1,2821,7671,0.2557165682315826,0.015910030705507467,0.32192003885284065,1.0,0.7,0.5215320110321044
5,51,MEND157,1084,CCGACAAAGGGAGTGC-1,3170,6762,0.2554299309849739,0.019120965546047756,0.44283249266445635,1.0,0.8,0.5224349826574326
5,52,MEND157,2648,TCCGAGAAGGCTAAGC-1,5002,2670,0.25531194657087325,0.01585146099037277,0.3496059238910675,1.0,1.0,0.5244006276130676
5,53,MEND157,2857,TGCCACACTAGAGGAA-1,1599,8276,0.25530192255973816,0.01667929050637323,0.3934404972940683,1.0,0.9,0.529327604174614
5,54,MEND157,1340,CGTACCGAAAGTCTAG-1,2385,3273,0.2552475243806839,0.020505644975358003,0.37838594801723957,1.0,0.9,0.5201721400022506
5,55,MEND157,125,AAGGGAACGACTGGCT-1,3170,11311,0.25499538481235506,0.016306931077832345,0.329315076302737,1.0,1.0,0.5167304456233979
5,56,MEND157,2436,TACGCCGAGGGTACCC-1,4304,10251,0.2545174121856689,0.018839013924437046,0.29912697002291677,1.0,0.8,0.5199466437101364
5,57,MEND157,1063,CCCGTAGCTGGGAAGA-1,4741,10403,0.2543885126709938,0.013346980650010026,0.285961289703846,1.0,1.0,0.5225930452346802
5,58,MEND157,875,CACTCGGTTAGGAGGA-1,2472,7064,0.25409803688526156,0.015054578424828179,0.4297018922865391,1.0,0.8,0.5189932644367218
5,59,MEND157,1910,GCGTGTATGTCGTATT-1,6661,2217,0.2537860363721848,0.011161169530652583,0.30951921436935664,1.0,0.8,0.5131016939878463
5,60,MEND157,205,ACAATGAATACGGAGA-1,4043,10402,0.2536509186029434,0.02126850931421969,0.3068593513220549,1.0,0.8,0.5148047566413879
5,61,MEND157,477,AGCTGTAACCTCAATC-1,3781,9947,0.25309194028377535,0.024326818984284692,0.2923404898494482,0.9,0.8,0.46463804841041567
5,62,MEND157,1864,GCCTCATCTGGAAATA-1,9628,7983,0.25299112200737,0.016567852699406516,0.331991196423769,1.0,0.9,0.5166947603225708
5,63,MEND157,1265,CGCCTGGCCTACGTAA-1,3694,7975,0.252793450653553,0.014434753273079791,0.3174770023673773,1.0,0.8,0.5217382162809372
5,64,MEND157,3117,TTGACATGAACGTGGA-1,4130,8431,0.2527911216020584,0.014564237487749833,0.44104556515812876,1.0,0.7,0.5086200773715973
5,65,MEND157,2466,TAGAGATCATGCAACT-1,3606,8430,0.25263475328683854,0.015820914837694846,0.31573841664940117,1.0,0.9,0.5209787309169769
5,66,MEND157,837,CACATGTTTGGACATG-1,2908,3274,0.25257114619016646,0.02090935849010967,0.18562248358502983,1.0,1.0,0.5293680012226105
5,67,MEND157,1363,CGTGCTGGCCTAGTCG-1,2995,3122,0.2525521725416183,0.016344760028917348,0.279760904237628,1.0,1.0,0.5262784957885742
5,68,MEND157,2113,GGTATTGCCGAGTTTA-1,5962,6765,0.2525373861193657,0.019301303832957594,0.29413355691358445,1.0,0.8,0.5207440197467804
5,69,MEND157,1849,GCCCTAGCCGTCGCGA-1,2734,9945,0.2522685989737511,0.015465005066930826,0.3126018889248371,1.0,0.9,0.5129271537065506
5,70,MEND157,1177,CCTGGTCGAATGTGGG-1,7359,10709,0.2521428346633911,0.017979432051625336,0.36127017959952357,1.0,0.9,0.5153027653694153
5,71,MEND157,2743,TCTAGCAATCTCCGCC-1,3955,8734,0.25198187828063967,0.020609215740540074,0.45523574873805045,1.0,1.0,0.520197868347168
5,72,MEND157,2893,TGCTTGAAACCATGCA-1,2821,3122,0.2519259169697762,0.020296477832903562,0.4367902912199497,1.0,0.9,0.5243054658174515
5,73,MEND157,447,AGCCCGGCATTAGAGG-1,3606,11463,0.2518913820385933,0.015862958125248048,0.30010988395661115,1.0,0.8,0.5167293518781662
5,74,MEND157,2185,GTAGCTCCGGGAGGCT-1,4566,11616,0.2518085494637489,0.024304539102185968,0.30398853328078984,1.0,0.8,0.5172549962997437
5,75,MEND157,787,CAAACTCGCGACGCCG-1,11024,8591,0.251741050183773,0.013196868124030328,0.35426405966281893,1.0,0.7,0.510536739230156
5,76,MEND157,3178,TTGTGGTGGTACTAAG-1,9628,11319,0.2517023742198944,0.023272549483199845,0.18818554012104868,1.0,0.8,0.5167974144220352
5,77,MEND157,1979,GGACCTCTAGGCCGCC-1,3955,10553,0.25159265398979186,0.014872480119096297,0.4074051469564438,1.0,0.7,0.5086783975362777
5,78,MEND157,281,ACCTAATCGACTTCCT-1,3955,6611,0.2515094131231308,0.017522680185206512,0.3355810362845659,1.0,0.8,0.512002831697464
5,79,MEND157,2686,TCGAGCCAGGCAGGCC-1,4566,10403,0.2514691472053528,0.012563296321753162,0.45980392917990687,1.0,0.6,0.5055906027555466
5,80,MEND157,2610,TCAGTGTATACGTCAT-1,4479,10554,0.2512064129114151,0.014912161727124692,0.2447540510445833,1.0,0.9,0.5132183820009232
5,81,MEND157,2740,TCTAATACTGCCTCAG-1,3519,10401,0.25117664635181425,0.021451675882719484,0.31863947715610264,1.0,0.8,0.5192647963762284
5,82,MEND157,863,CACGCGGAACTGTTGC-1,9889,8135,0.25107460021972655,0.0170249025070055,0.38956768065690994,1.0,0.7,0.5139087438583374
5,83,MEND157,215,ACACCTTACTACTTGC-1,11024,7985,0.25105305314064025,0.017551712360245858,0.4006933242082596,1.0,0.8,0.5148219376802444
5,84,MEND157,1144,CCTATGGTCAAAGCTG-1,7271,12074,0.2510288417339325,0.019003032550649262,0.37680905908346174,1.0,0.8,0.5069878071546554
5,85,MEND157,912,CAGTAATCCCTCCCAG-1,3519,4942,0.25100631415843966,0.014995775058327856,0.32817396633327006,1.0,0.8,0.515174823999405
5,86,MEND157,1201,CGAATCTGCTCGACGC-1,3257,11159,0.250993087887764,0.02097195578961099,0.36997116543352604,1.0,0.9,0.5141927659511566
5,87,MEND157,1479,CTCTTCTGGAAGTTAG-1,4828,11161,0.2509685382246971,0.020870211110909732,0.36563416533172133,1.0,0.7,0.510112327337265
5,88,MEND157,2994,TTAACTTCAGGTAGGA-1,3606,8733,0.2509352132678032,0.01961947948524021,0.3078318677842617,1.0,0.9,0.5097874671220779
5,89,MEND157,2855,TGCCAAAGTCAGACTT-1,2995,8278,0.2508755594491959,0.020120438291030593,0.29338439330458643,1.0,0.8,0.5188955903053284
5,90,MEND157,1738,GATAACTCGCACTGTG-1,9104,7679,0.25082509517669677,0.017330706316800507,0.2725740051828325,1.0,0.8,0.5214214563369751
5,91,MEND157,2652,TCCGATTACATTGCCG-1,4130,6611,0.25065467953681947,0.01769388762976228,0.24043374210596086,1.0,0.7,0.5111084312200547
5,92,MEND157,2769,TCTGAGCAATTGACTG-1,11111,9956,0.2506108105182648,0.015699957134107254,0.36786816269159317,1.0,0.8,0.5113000929355621
5,93,MEND157,1934,GCTCATTGATCATATC-1,5526,12982,0.25059935450553894,0.02426546882874768,0.20792269706726074,1.0,0.9,0.5250430226325988
5,94,MEND157,658,ATCATAGATCGACGAG-1,5177,12981,0.250533352792263,0.017038915791913398,0.279301786608994,1.0,1.0,0.5204033374786377
5,95,MEND157,1405,CTAGATGTGAGTGTAA-1,10326,6771,0.25041806548833845,0.01519310607126559,0.258626076951623,1.0,0.7,0.5088025808334351
5,96,MEND157,76,AACGCGACCTTGGGCG-1,5962,11921,0.25035865008831026,0.015339109804822318,0.3374590612947941,1.0,0.6,0.5034415513277054
5,97,MEND157,2873,TGCGCAAAGCATTTGG-1,7184,6463,0.2503418818116188,0.013527067098530817,0.29042016798630355,1.0,0.7,0.5029500484466553
5,98,MEND157,2177,GTAGAAACGGGTGGAG-1,2734,5396,0.25026988685131074,0.015507372188799638,0.41923270374536514,1.0,0.8,0.5143527239561081
5,99,MEND157,147,AATAATCTTCGTATCG-1,11984,9654,0.25021056085824966,0.013050287496859492,0.2301334213465452,1.0,0.8,0.513019123673439
5,100,MEND157,2493,TAGGTCGCCGGAACTG-1,10064,6619,0.25013396739959715,0.016335201949222486,0.2437996467575431,1.0,0.7,0.5048832386732102
5,101,MEND157,1007,CCACGGTGCCCGGTAG-1,10675,7074,0.25008338689804077,0.01663583374511764,0.4526067942380905,1.0,0.5,0.5003557711839676
5,102,MEND157,1071,CCCTCCTCGCTCGTAT-1,10587,9349,0.2499525651335716,0.014410273967182908,0.34809137638658283,1.0,0.6,0.5012063294649124
5,103,MEND157,3168,TTGTAAGGACCTAAGT-1,4130,8734,0.24986463487148286,0.01553466160673809,0.34029002785682677,1.0,0.5,0.50854711830616
5,104,MEND157,1503,CTGCTTGGCGATAGCT-1,7882,9800,0.24965690523386003,0.017483442803912314,0.4328124333173037,1.0,0.9,0.5138667345046997
5,105,MEND157,2175,GTACTGGAGTTAGACC-1,8406,6768,0.24955029934644699,0.01253283154458468,0.42678793109953406,1.0,0.6,0.5050638496875763
5,106,MEND157,2998,TTAAGGATACGGAGGT-1,4741,2821,0.2495307132601738,0.01711518042456859,0.20112603679299354,1.0,1.0,0.5234595596790313
5,107,MEND157,336,ACTATGTCCAGCTGCC-1,3257,11462,0.24938260316848754,0.01799304504844924,0.2972434345632792,1.0,0.9,0.5179257899522781
5,108,MEND157,2776,TCTGGGAACCTTTGAA-1,9889,7832,0.24933057725429536,0.019903686116555006,0.16495723919942976,1.0,1.0,0.5290359675884246
5,109,MEND157,878,CACTGACGATTGTGGA-1,5788,11617,0.24932752996683122,0.02074742011666789,0.2896304719150066,1.0,0.8,0.5157466888427734
5,110,MEND157,2906,TGGCAACTCGCGCGCC-1,8842,5101,0.24918125420808793,0.01833797825913088,0.3067359061911702,1.0,0.9,0.5256396651268005
5,111,MEND157,568,AGTGGCTCCGTCGGCC-1,2385,7822,0.24896326959133147,0.01718339120647764,0.19275153689086438,1.0,0.7,0.5041455000638961
5,112,MEND157,2075,GGGCCTAAATGGGCTA-1,2123,8580,0.2488999992609024,0.011964173661452547,0.3324799735099077,1.0,0.9,0.5158322662115097
5,113,MEND157,3033,TTATAGATGCACATTA-1,5962,2519,0.248833329975605,0.019294243151646216,0.2887279697693884,1.0,0.8,0.5147016823291779
5,114,MEND157,569,AGTGGTGTTACCCGTG-1,2123,8883,0.24879107475280762,0.021675008561686287,0.29035796523094176,1.0,0.8,0.5140268504619598
5,115,MEND157,1117,CCGTAAGTTGGTCCCA-1,8057,6768,0.24874986261129378,0.021654662318311643,0.31470042914152146,1.0,0.7,0.5162819772958755
5,116,MEND157,1729,GAGTATGCCCGCCTTG-1,5090,9190,0.2487068548798561,0.013931795459513409,0.3939540754072368,1.0,0.8,0.5079722970724105
5,117,MEND157,390,AGAATTATGGATTCGA-1,9889,6618,0.24861491471529007,0.016552176619495654,0.2968591760843992,1.0,0.5,0.500563457608223
5,118,MEND157,2217,GTCATTGCATTGACCC-1,2821,6458,0.24858227819204332,0.020614586891229258,0.19673531809821726,1.0,0.7,0.5108647286891937
5,119,MEND157,1661,GACCGTGCTGACGGTG-1,5875,7826,0.24854557663202287,0.016240188185254894,0.23302026418969035,1.0,0.8,0.5098578095436096
5,120,MEND157,1925,GCTAGCTTGAATAGCT-1,5177,9645,0.24853898882865905,0.023894274322223567,0.4198830649256706,1.0,0.9,0.5180365353822708
5,121,MEND157,706,ATGCATTCCGTGATGG-1,5875,2368,0.24841963201761247,0.017874049906990864,0.26870430298149584,1.0,1.0,0.5312049865722657
5,122,MEND157,3120,TTGACCGTGTTAATGA-1,4304,9341,0.2482295125722885,0.01587269247915835,0.30068269446492196,1.0,0.8,0.5076121985912323
5,123,MEND157,2597,TCACGGTCATCGCACA-1,5264,5248,0.24814168065786363,0.014277196806833726,0.33343475461006167,1.0,0.7,0.5088312745094299
5,124,MEND157,854,CACCGTTGCGCGATAT-1,3868,8885,0.24810406863689421,0.014800130409808704,0.20686011631041765,1.0,0.7,0.5037300914525986
5,125,MEND157,315,ACGGGAGTGTCGGCCC-1,3519,8885,0.24805032163858415,0.020623035624505678,0.26316396417096255,1.0,0.9,0.5195571660995484
5,126,MEND157,1984,GGACTCGTGAGTGGTC-1,4653,11464,0.2479817748069763,0.015679535233214595,0.33895710445940497,1.0,0.8,0.5066026002168655
5,127,MEND157,2574,TCAACATCGACCGAGA-1,2734,8429,0.24793337732553483,0.010573500740890559,0.3314035587012768,1.0,0.7,0.49769621789455415
5,128,MEND157,343,ACTCCAATATCATCAT-1,3868,11311,0.24784672260284424,0.010306868704096315,0.34288707077503205,1.0,0.5,0.5018581837415695
5,129,MEND157,1582,GAAACAGATGACCACC-1,9366,7831,0.24781593829393386,0.01759127263734044,0.23932530768215657,1.0,0.9,0.5181339919567108
5,130,MEND157,3099,TTCTGCGAGCGCCCTT-1,2821,6761,0.2477893203496933,0.016366706405634132,0.3349856209941208,1.0,0.7,0.5056134939193726
5,131,MEND157,1398,CTACGCACGGAGTACC-1,6311,7069,0.24778905957937242,0.017191149816869207,0.24606977440416813,1.0,0.9,0.5166469097137452
5,132,MEND157,2294,GTGGCCTAATATCATT-1,1425,7063,0.24767607152462007,0.01939458605164575,0.37755054822191597,1.0,0.6,0.5051140069961548
5,133,MEND157,2862,TGCCGGATGTACGAGC-1,4304,11160,0.2476235255599022,0.020252537965435843,0.3133223011158407,1.0,0.5,0.5098120361566544
5,134,MEND157,1164,CCTCTATCGATTAGCA-1,3606,9643,0.2475879371166229,0.021165498690515736,0.3261503394693136,1.0,0.8,0.5153613358736038
5,135,MEND157,2673,TCCTGCGTTGATACTC-1,3955,7521,0.24758760184049605,0.02083081926874328,0.30124501921236513,1.0,0.9,0.5178120553493499
5,136,MEND157,1290,CGCTTATTCCCGGTCG-1,3955,8127,0.2475703924894333,0.016812655556112225,0.2403609436005354,1.0,0.7,0.5067366987466813
5,137,MEND157,2596,TCACGCATTGTAGATC-1,5613,6765,0.2475310117006302,0.016407034068814934,0.3835210859775543,1.0,0.6,0.5015127182006835
5,138,MEND157,146,AATAACACTAGAACAA-1,4653,9645,0.24743268489837647,0.015397979114740242,0.2680316984653473,1.0,1.0,0.5194260954856873
5,139,MEND157,1194,CGAAACGCAATTCATG-1,4217,7976,0.24740282744169234,0.015880348390944148,0.2586463464424014,1.0,0.7,0.5078601509332656
5,140,MEND157,2649,TCCGATAATTGCCATA-1,6922,4492,0.24730000048875808,0.01763110080665637,0.34309373358264567,1.0,0.7,0.5118154555559158
5,141,MEND157,2780,TCTGTTACCCAGCATA-1,4392,9493,0.2472047507762909,0.017689359075274618,0.2910136799328029,1.0,0.9,0.5192073285579681
5,142,MEND157,2042,GGCTCGCGTTGAGGTA-1,9453,6466,0.2471640571951866,0.016388293581714043,0.3095196507871151,1.0,0.8,0.504804715514183
5,143,MEND157,1675,GACGTTGCTCGGCGGC-1,4043,12828,0.24708747267723083,0.016508831936444732,0.2515343769453466,1.0,0.7,0.5137229949235916
5,144,MEND157,809,CAAGTGAACTTTGGTT-1,6050,2671,0.24708132296800614,0.015036182528305908,0.2884350024163723,1.0,0.7,0.5065837383270264
5,145,MEND157,745,ATTATCGGAATGTACG-1,6311,12224,0.2470735251903534,0.013387111246759799,0.33718205979093907,1.0,0.7,0.5054446578025817
5,146,MEND157,1652,GACATCGATTTATAAC-1,5701,9646,0.24686715006828308,0.02015355827048774,0.2687648799270391,1.0,0.9,0.5140891194343566
5,147,MEND157,285,ACCTGCGTGTCATGTT-1,2908,8732,0.24671086966991423,0.012083644803996579,0.23466348573565482,1.0,0.8,0.5134383529424668
5,148,MEND157,2506,TAGTCTAACAACGAGA-1,4304,7824,0.2466931536793709,0.015263314263557327,0.2756531547755003,1.0,0.9,0.5146919697523117
5,149,MEND157,399,AGACCGGGAAACCCTG-1,2821,7974,0.24668733328580855,0.020952812045282324,0.28575444743037226,1.0,0.9,0.5149209380149842
5,150,MEND157,1541,CTTAGTAGGCCTACAG-1,10238,6619,0.2466322511434555,0.015001500295666501,0.27088967487216,1.0,0.7,0.4962158530950546
5,151,MEND157,2692,TCGCATCCCTAAGTGT-1,4043,4033,0.24660949558019638,0.022366163323003934,0.3539122950285673,1.0,0.7,0.5101631462574006
5,152,MEND157,893,CAGATCCTGGTTTGAA-1,2821,10097,0.24657660126686096,0.01556252513618679,0.2917101737111807,1.0,0.8,0.5030873417854309
5,153,MEND157,2267,GTGATCAAGCGTGCAC-1,3694,11615,0.24656701534986497,0.01715384825749698,0.3260369963012636,1.0,0.8,0.5100757420063019
5,154,MEND157,119,AAGGAGAACTTATAAG-1,6311,2217,0.24656468331813813,0.02338883826717734,0.28796615386381746,1.0,1.0,0.5155889332294464
5,155,MEND157,1277,CGCGTCATATTAAACC-1,6922,2066,0.24656250476837158,0.015709616009247904,0.2767074572853744,1.0,0.7,0.5086013704538346
5,156,MEND157,161,AATCCATGCAAGGGTG-1,3606,2971,0.24653842449188232,0.017475862089592564,0.383332344237715,1.0,0.8,0.5135857075452804
5,157,MEND157,1713,GAGGCCCGACTCCGCA-1,3344,10098,0.24645407348871232,0.016322065529271977,0.24612798783928155,1.0,0.7,0.5095099657773972
5,158,MEND157,227,ACAGGTGGAGGTGAGG-1,4741,9493,0.2464308485388756,0.014243608937910468,0.2214846521615982,1.0,0.6,0.4990202605724335
5,159,MEND157,2560,TATTCCGGCAGTCCTA-1,6311,2520,0.24642718434333802,0.01985912448871245,0.21217694161459805,1.0,0.8,0.5163488477468491
5,160,MEND157,1686,GACTGCTGGTGAGAAA-1,4741,11919,0.24633388668298722,0.0146249962403779,0.22532199239358305,1.0,0.9,0.5114857763051986
5,161,MEND157,523,AGGTGGTGACCTTCGC-1,6224,11466,0.2463141366839409,0.0174406259797443,0.24475684575736523,1.0,0.8,0.5127346158027649
5,162,MEND157,1835,GCCACTCAGAGCGCGA-1,9628,10712,0.24629024267196656,0.015552769967610118,0.3608378503471613,1.0,0.7,0.5009764820337296
5,163,MEND157,2148,GGTTGTGTAGCCTGGC-1,2472,6761,0.24629015177488328,0.020211227013846207,0.3234422467648983,1.0,0.8,0.5087870717048645
5,164,MEND157,475,AGCTCTTTACTCAGTT-1,5264,7977,0.24628305584192275,0.01856997362873784,0.3219245845451951,1.0,0.6,0.5023744970560073
5,165,MEND157,1941,GCTCGCTCATGTCCAA-1,9977,7983,0.24624554812908173,0.01588389718737585,0.254921431094408,1.0,0.7,0.4979719310998917
5,166,MEND157,536,AGTATGCTGGAGACCA-1,3606,10553,0.2462085798382759,0.014886876885080285,0.3627062398009002,1.0,0.7,0.5029979199171066
5,167,MEND157,2207,GTCAATTGTACTGAAG-1,5264,2518,0.24604819416999818,0.015512752350842502,0.37572150602936744,1.0,0.6,0.5066954404115677
5,168,MEND157,2438,TACGCTATAGAAACCT-1,10413,6922,0.24599533826112746,0.016068713549418023,0.24651959128677844,1.0,0.7,0.5008522480726242
5,169,MEND157,1938,GCTCCGCTCGCTTCAG-1,11111,8136,0.24592466950416564,0.017573641529526,0.3389538794755936,1.0,0.8,0.510104951262474
5,170,MEND157,401,AGACGACGATGCCGCT-1,4217,9796,0.24591245949268342,0.019222160850398386,0.23296101652085782,1.0,0.9,0.5285340756177902
5,171,MEND157,1111,CCGGCGTGAGACTCTG-1,2297,8883,0.2458908289670944,0.023389389965447278,0.3159111388027668,1.0,0.5,0.49381844103336336
5,172,MEND157,2758,TCTCGACGTATCGCCG-1,11198,8591,0.2458234265446663,0.01404576704951612,0.39721760312095283,1.0,0.4,0.4937089145183563
5,173,MEND157,348,ACTCGTAACCCGTCCT-1,3344,9188,0.24563027322292327,0.01818553718142633,0.3101004496216774,1.0,0.8,0.5056952804327011
5,174,MEND157,2387,TAAGGGCTGGGAGAGG-1,2908,6913,0.2455657422542572,0.013410588708861212,0.4045530058443546,1.0,0.6,0.4987049996852875
5,175,MEND157,39,AAATGGTCAATGTGCC-1,5788,6765,0.2455134630203247,0.014158419403353453,0.22795227803289891,1.0,0.7,0.5050359696149826
5,176,MEND157,1121,CCGTATCTCGTCGTAG-1,3694,9795,0.24550880938768388,0.019719458868753818,0.2932133154012263,1.0,0.6,0.5102808833122253
5,177,MEND157,2417,TACCGCGGACTTGCAG-1,9802,6770,0.24547404199838638,0.020871264437237677,0.3879611465148628,1.0,0.9,0.5059309482574463
5,178,MEND157,167,AATCTCTACTGTGGTT-1,2210,7519,0.24541402757167816,0.016308169916333135,0.5255786940455437,1.0,0.4,0.4882004648447037
5,179,MEND157,2408,TACATGACCTTATCCG-1,1774,5243,0.24539708346128464,0.016547157723428785,0.4045750379562378,1.0,0.6,0.501766049861908
5,180,MEND157,733,ATGTTGTAGTCTGTTT-1,5439,11617,0.24537226110696791,0.018752100005403585,0.20970213152468203,1.0,0.9,0.5111572355031967
5,181,MEND157,1776,GATGTCCGGATCACAT-1,4566,2821,0.245370551943779,0.014867951078138457,0.2289123099297285,1.0,0.9,0.5089790433645248
5,182,MEND157,1339,CGTAACTTCGACACTT-1,5701,12072,0.24530247300863267,0.01928302388053142,0.2636065848171711,1.0,0.7,0.507707154750824
5,183,MEND157,662,ATCCAATGGAGGGTCC-1,3694,8279,0.24523812681436538,0.01591846503744175,0.26857143826782703,1.0,0.7,0.5111627876758575
5,184,MEND157,1069,CCCTCAAGCTCTTAGT-1,1686,4788,0.2450885772705078,0.017828884980072394,0.2507061315700412,1.0,0.8,0.5165298789739609
5,185,MEND157,549,AGTCGTCGACCACCAA-1,9278,10409,0.2450438380241394,0.01887016811320473,0.21199429277330636,1.0,0.7,0.5084166288375854
5,186,MEND157,29,AAAGTTGACTCCCGTA-1,9715,8135,0.24503535330295562,0.01431620959908347,0.3796588502824306,1.0,0.4,0.4977949470281601
5,187,MEND157,134,AAGTGACGACCGAATT-1,3519,7975,0.24498821645975113,0.017834269453371115,0.2963017794303596,1.0,0.7,0.5093189924955368
5,188,MEND157,1067,CCCTAGTGTCAGGTGT-1,3083,3274,0.24492795616388321,0.018683970636459234,0.3447449989616871,1.0,0.6,0.5005690217018127
5,189,MEND157,2234,GTCGGATATCTCAGAC-1,4479,6612,0.24488892406225204,0.020127187216079406,0.23975614570081233,1.0,0.9,0.5112358659505845
5,190,MEND157,721,ATGGGTGTATACCTCC-1,3432,11463,0.24488219767808914,0.017215849718864223,0.31804912043735384,1.0,0.6,0.5043235421180725
5,191,MEND157,2169,GTACGTTTGCCCGTCA-1,7271,8435,0.24478899985551833,0.015776719864475902,0.27661809623241423,1.0,0.7,0.5013458877801895
5,192,MEND157,778,ATTTCCGGGTTCTGCG-1,4392,10099,0.24472296386957168,0.014985307228274337,0.25143221858888865,1.0,0.8,0.5077587962150574
5,193,MEND157,738,ATTACATGTCAGTCTT-1,10762,9349,0.2446715846657753,0.014371716751718375,0.19195365691557525,1.0,0.7,0.5008819192647934
5,194,MEND157,1001,CCACCAACTTTACTGT-1,4828,9645,0.24464336782693863,0.017942487962883936,0.3464278936386108,0.9,0.6,0.45078985691070556
5,195,MEND157,2959,TGTCCTAAGTCACCGC-1,3955,6914,0.2445554882287979,0.01980479155468028,0.34668452823534607,1.0,0.7,0.5080039262771606
5,196,MEND157,1501,CTGCTGAGGCCACGAA-1,4392,9189,0.24447839409112931,0.014386659398203477,0.2592450615018606,1.0,0.6,0.5055267691612244
5,197,MEND157,3137,TTGCCAAGCAGAACCC-1,11286,8440,0.24441686719655992,0.020355896078102936,0.3886791460216045,1.0,0.6,0.5013824075460434
5,198,MEND157,860,CACGAAAGTTAGTCCC-1,3868,6762,0.24439808130264282,0.014890080430471613,0.31542000621557237,1.0,0.6,0.4990843594074249
5,199,MEND157,2785,TCTTAGAGCTCCAATT-1,10762,7833,0.24434121698141098,0.02175546730481825,0.4748755171895027,1.0,0.6,0.5021251201629638
5,200,MEND157,508,AGGGTCAGAGCACTCG-1,4828,12071,0.24431812167167663,0.015367784900701205,0.34698341228067875,1.0,0.8,0.5113581836223602
5,201,MEND157,1603,GAACCATCTGGGAGAC-1,6050,2368,0.2443071722984314,0.02157461967481675,0.3304722629487514,1.0,0.9,0.5140170484781266
5,202,MEND157,1464,CTCGGTTGTCGGCCCT-1,3606,10250,0.24429870247840882,0.008450558128129023,0.29424192048609255,1.0,0.5,0.4947092175483704
5,203,MEND157,1997,GGATCCGGAATATACT-1,8493,6920,0.24424000829458237,0.013841882932238016,0.21723778918385506,1.0,0.7,0.5078809648752213
5,204,MEND157,2380,TAAGCGCGAATCAAAT-1,3519,11614,0.2441844090819359,0.020526157672615106,0.17696265345439316,1.0,0.9,0.5257960379123687
5,205,MEND157,280,ACCTAAGTACCTTTCA-1,3955,9340,0.24416812062263488,0.016205085587532662,0.34854734959080813,1.0,0.6,0.4991485387086868
5,206,MEND157,495,AGGCCCTAGAACGCCA-1,3519,8582,0.24400428980588912,0.0141790504681915,0.35410381853580475,1.0,0.6,0.4972456723451614
5,207,MEND157,1334,CGGTTCCGGCTTCTTG-1,3868,3123,0.24393918067216874,0.018601350258981908,0.3359506782144308,1.0,0.6,0.5015736222267151
5,208,MEND157,1034,CCATCTTGTTCACAAT-1,4915,2821,0.24389951378107072,0.018592934601280104,0.33868497908115386,1.0,0.7,0.5082058578729629
5,209,MEND157,157,AATATTGGAGTATTGA-1,3257,7217,0.24383233338594437,0.015522290860089171,0.2061701064929366,1.0,0.7,0.5065673530101776
5,210,MEND157,2588,TCACAGCAAACTCGAA-1,5613,9494,0.24377572238445283,0.020597602000173777,0.24021454714238644,1.0,0.7,0.5084547489881516
5,211,MEND157,1216,CGAGATTTCGCTCGGG-1,11460,8137,0.24353031516075135,0.018700406522147245,0.3689661704003811,1.0,0.5,0.5032080590724946
5,212,MEND157,2887,TGCTCGGTGGGTCACC-1,7620,11771,0.24349332302808763,0.016381756745514845,0.2855019275099039,1.0,0.4,0.5001804232597351
5,213,MEND157,308,ACGCTGTGAGGCGTAG-1,2472,7670,0.24347706735134125,0.012711357511997097,0.324451704416424,1.0,0.5,0.4905543506145477
5,214,MEND157,337,ACTATTCGTCCGTGGT-1,7795,3886,0.24337508976459504,0.01494985668512429,0.24652161011472346,1.0,0.5,0.5009945034980774
5,215,MEND157,2123,GGTCTCTGAATGGACT-1,4304,9644,0.24333283454179763,0.01769841107235133,0.21928110076114535,1.0,0.5,0.49445211291313174
5,216,MEND157,2293,GTGGCAAACAGCGGCA-1,3083,9339,0.24331757575273513,0.01016970645118628,0.4048486684449017,1.0,0.5,0.4971953362226486
5,217,MEND157,1794,GCAAATGAGGACACTT-1,1774,7973,0.24328901320695878,0.013395208809714352,0.2827356688678265,1.0,0.6,0.498664465546608
5,218,MEND157,2284,GTGCTCAAGTACTGTC-1,5875,6917,0.24327900409698486,0.016520776454307048,0.1645601723343134,1.0,0.7,0.5092537939548493
5,219,MEND157,1813,GCAGAAGGTAATCTCC-1,11984,9351,0.24322917610406875,0.014120714883596425,0.2975276873447001,1.0,0.7,0.5037580162286759
5,220,MEND157,1998,GGATCTTACTGCCCTT-1,4392,11615,0.243208584189415,0.016972058685065797,0.24345496706664563,1.0,0.4,0.4993844270706177
5,221,MEND157,2028,GGCCTTTGCAACTGGC-1,2035,7215,0.24316908419132233,0.02030043870370237,0.3618569359183311,1.0,0.7,0.5063437104225159
5,222,MEND157,115,AAGCGTCCCTCATCGA-1,4392,10402,0.24312539100646974,0.019039420568707846,0.3330182242207229,1.0,0.6,0.5027331411838531
5,223,MEND157,2326,GTTCACAGGAGTCTAG-1,4304,6611,0.24308646023273467,0.020340792758341626,0.2298289179801941,1.0,0.6,0.505061075091362
5,224,MEND157,1208,CGACCCTTAACGCCGG-1,2385,9035,0.24303332716226578,0.016455360024090454,0.26469810158014295,1.0,0.8,0.5123620599508285
5,225,MEND157,586,ATAAACGGACCCGTAA-1,6661,8889,0.24302501678466798,0.020259817472294384,0.3703851533588022,1.0,0.7,0.5095399975776672
5,226,MEND157,546,AGTCGGCTCAACTTTA-1,3344,8885,0.24298080056905746,0.01242864428731226,0.34390274398028853,1.0,0.5,0.49865067899227145
5,227,MEND157,2659,TCCGGCTGTCGGGTCG-1,12420,10716,0.24290804862976073,0.01740174876299342,0.3018621373921633,1.0,0.4,0.4917096167802811
5,228,MEND157,2970,TGTGGTTGCTAAAGCT-1,5613,11617,0.2428995117545128,0.015925196011793492,0.27783158980309963,1.0,0.6,0.5010991275310517
5,229,MEND157,614,ATACTCTCGCCACTCT-1,3519,3123,0.2428981199860573,0.018956644548360498,0.21509665697813035,1.0,1.0,0.5172499060630799
5,230,MEND157,1668,GACGCCTGTTGCAGGG-1,4043,3427,0.24287997633218766,0.01643884514994267,0.2850140201859176,1.0,0.6,0.49675832092761996
5,231,MEND157,213,ACACCCGAGAAATCCG-1,4741,4641,0.24281175583600997,0.02120166145597388,0.34807425886392596,1.0,0.5,0.4982649087905884
5,232,MEND157,1151,CCTCCCGACAATCCCT-1,6835,3127,0.24274832159280776,0.021032696192087964,0.3329080130904913,1.0,0.4,0.4946630597114563
5,233,MEND157,2551,TATGTAAAGTGCTTAA-1,5177,11768,0.24274213165044783,0.013262472298655457,0.32744682631455363,1.0,0.8,0.5028235018253326
5,234,MEND157,2078,GGGCGGGTTCCCTACG-1,4566,8280,0.24271571338176728,0.0167948846147408,0.27969672381877897,1.0,0.5,0.5022470206022263
5,235,MEND157,2753,TCTATTACTAGAGGAT-1,2646,7974,0.24268552660942078,0.02072759991433706,0.2186677113175392,1.0,0.6,0.5020375281572342
5,236,MEND157,2792,TCTTGATGCGTAGCGA-1,7271,6615,0.24264320135116577,0.015975741779935264,0.2909131351858377,1.0,0.4,0.49729143679141996
5,237,MEND157,148,AATACAATGTTTCAGG-1,2995,5245,0.24263567477464676,0.015493067842940121,0.44325790330767634,1.0,0.4,0.49363853335380553
5,238,MEND157,1555,CTTCTATGTTGAAGTA-1,3781,8734,0.242628313601017,0.010723954236544469,0.4603783316910267,1.0,0.5,0.48486303389072416
5,239,MEND157,2231,GTCGATAGGTGACTTT-1,11896,9805,0.24258126318454742,0.013310849862312426,0.2676325123757124,1.0,0.5,0.5020463585853576
5,240,MEND157,730,ATGTGTAGTTTAGTCA-1,6486,2520,0.24256496280431747,0.019429764617926875,0.20320255951955915,1.0,0.9,0.5121616631746292
5,241,MEND157,651,ATCACATTAGAATATC-1,8493,4797,0.2425648659467697,0.01676485565388027,0.3497772907838225,1.0,0.6,0.5075718224048614
5,242,MEND157,3106,TTCTTGGACGATCTGC-1,4130,9644,0.24254653453826905,0.01667708792863433,0.2234118607826531,1.0,0.6,0.5067938417196274
5,243,MEND157,231,ACATCAGCTGGGACGC-1,2385,6609,0.24252163320779802,0.013118901343763723,0.24837252479046584,1.0,0.6,0.5012516915798187
5,244,MEND157,2019,GGCATCAACGAGCACG-1,5788,2519,0.242460198700428,0.017821356676329062,0.2764084037393332,1.0,0.7,0.5087180495262146
5,245,MEND157,1467,CTCTACACTGGCGATT-1,2821,8277,0.24243609756231307,0.015900723840011892,0.25468816310167314,1.0,0.7,0.5021268665790558
5,246,MEND157,1639,GAATTTCTCGCTGCAG-1,3955,6004,0.24234791100025177,0.015311763963979088,0.31742972186766566,1.0,0.4,0.49167579114437104
5,247,MEND157,3174,TTGTGAGGCATGACGC-1,2472,8277,0.24234003722667694,0.018094769325215938,0.31090607224032285,1.0,0.7,0.5071104854345322
5,248,MEND157,2478,TAGCCGGCGGTCAGCG-1,8755,6769,0.24225200563669205,0.016578603281272617,0.40253204898908734,1.0,0.4,0.4966350018978119
5,249,MEND157,2872,TGCGAGAATATTACCC-1,4828,9341,0.24222942292690278,0.01659134845795815,0.28561499118804934,1.0,0.9,0.5045143306255341
5,250,MEND157,906,CAGCTTAGTAGGTAGC-1,3781,6611,0.24212642908096313,0.014515948245383837,0.2063915040344,1.0,0.5,0.5000361353158951
5,251,MEND157,1545,CTTATGCGCTCAGGGC-1,2297,8277,0.24207273572683335,0.017564513267292022,0.3531027719378471,1.0,0.6,0.5029674589633941
5,252,MEND157,3092,TTCTAACCGAAGCTTA-1,9191,6921,0.2420500174164772,0.0195007702517374,0.32015731148421767,1.0,0.6,0.5010874778032303
5,253,MEND157,1893,GCGGACCGCGTTGTGG-1,5090,9493,0.24203717857599258,0.02209198184978463,0.3619400802999735,0.9,0.9,0.45742104649543763
5,254,MEND157,63,AACCCGACAACCCGTG-1,5090,11920,0.24200604259967803,0.013687051037791033,0.2716590723954141,1.0,0.3,0.48875355124473574
5,255,MEND157,1977,GGACACAAGTTTACAC-1,11024,8894,0.24199534505605697,0.01757598791516734,0.4307096779346466,1.0,0.7,0.4981301099061966
5,256,MEND157,703,ATGATGCAATGGTACA-1,5701,8433,0.24184531718492508,0.017505648364184626,0.2798541907221079,1.0,0.6,0.5027966380119324
