expert_id,rank,sample_id,patch_index,barcode,coord_x,coord_y,affinity_score,affinity_score_sd,mean_logit,actual_top2_frequency,actual_top1_frequency,actual_mean_route_weight
0,1,TENX141,1129,041x035,11266,15980,0.23568922579288482,0.04121696421455929,0.3355593867599964,1.0,0.3,0.418722066283226
0,2,TENX141,1157,042x033,10535,16346,0.23160285204648973,0.03437982780105145,0.3297996833920479,1.0,0.4,0.4205137610435486
0,3,TENX141,2070,071x032,10170,26943,0.2306019425392151,0.03557510037289759,0.3595323145389557,1.0,0.4,0.44096080362796786
0,4,TENX141,1677,059x020,5784,22558,0.22993392795324324,0.03161892043657686,0.34473530352115633,1.0,0.1,0.4090956449508667
0,5,TENX141,2869,095x032,10170,35714,0.2292233407497406,0.03688631351927398,0.44950297474861145,1.0,0.3,0.41409004628658297
0,6,TENX141,1676,059x019,5419,22558,0.22873265594244002,0.028666226047570152,0.29083854556083677,1.0,0.2,0.4228725403547287
0,7,TENX141,2767,092x029,9073,34618,0.22785475701093674,0.03560754316814619,0.4291386127471924,1.0,0.1,0.4078021913766861
0,8,TENX141,1312,047x038,12362,18173,0.22728571444749832,0.03695577681669376,0.2937323272228241,1.0,0.1,0.40721563398838045
0,9,TENX141,2110,072x039,12728,27309,0.22697477787733078,0.03316871846274748,0.4624663382768631,1.0,0.3,0.42138872146606443
0,10,TENX141,2870,095x033,10535,35714,0.2263304263353348,0.032092474701199455,0.447905620932579,1.0,0.1,0.40660970509052274
0,11,TENX141,2970,098x031,9804,36810,0.22620965987443925,0.038847006058231194,0.3303606122732162,1.0,0.4,0.41546946167945864
0,12,TENX141,2802,093x031,9804,34983,0.22610988169908525,0.03243493091859851,0.26057740971446036,1.0,0.2,0.41663493812084196
0,13,TENX141,1920,067x010,2130,25482,0.22538268119096755,0.03330618260884079,0.47735725343227386,1.0,0.3,0.41981878876686096
0,14,TENX141,1643,058x018,5054,22193,0.22509116530418397,0.040951981452184684,0.41873180866241455,1.0,0.5,0.40755530893802644
0,15,TENX141,1642,058x017,4688,22193,0.22501952946186066,0.045030165531478254,0.37503917813301085,1.0,0.3,0.401774999499321
0,16,TENX141,1271,046x027,8343,17807,0.22472307533025743,0.03537567207294097,0.40935743153095244,1.0,0.2,0.40641839504241944
0,17,TENX141,1366,049x031,9804,18904,0.22427258193492888,0.04310489058672938,0.3473508983850479,1.0,0.5,0.412323135137558
0,18,TENX141,1674,059x017,4688,22558,0.22425586581230164,0.033480096711627806,0.38127354085445403,1.0,0.2,0.4105798453092575
0,19,TENX141,2130,073x026,7977,27674,0.22396027743816377,0.03960477313620246,0.19348465725779534,1.0,0.1,0.4001365929841995
0,20,TENX141,2839,094x035,11266,35348,0.2238525390625,0.04008093737249525,0.44856699705123904,1.0,0.3,0.4177354335784912
0,21,TENX141,1673,059x016,4323,22558,0.2238226279616356,0.03547523093139639,0.4356602430343628,1.0,0.3,0.4061522424221039
0,22,TENX141,1644,058x019,5419,22193,0.22357523292303086,0.03347333519722716,0.35458620488643644,1.0,0.1,0.4031367003917694
0,23,TENX141,1646,058x021,6150,22193,0.2232692301273346,0.034883013681860406,0.4707350194454193,1.0,0.3,0.41132638454437254
0,24,TENX141,2773,092x035,11266,34618,0.2225890725851059,0.028202597276729465,0.3707432359457016,1.0,0.0,0.40404281616210935
0,25,TENX141,2411,082x014,3592,30963,0.22245165705680847,0.03720620938275426,0.3871894158422947,1.0,0.0,0.3933203101158142
0,26,TENX141,2488,084x027,8343,31694,0.2220304489135742,0.04039990564200627,0.3826645888388157,1.0,0.3,0.4034795969724655
0,27,TENX141,2769,092x031,9804,34618,0.22199663668870925,0.03869610712450997,0.33165155723690987,1.0,0.3,0.40394110381603243
0,28,TENX141,1672,059x015,3957,22558,0.22196850180625916,0.03698450752061618,0.348574498295784,1.0,0.4,0.4190667510032654
0,29,TENX141,2210,075x039,12728,28405,0.221641843020916,0.03752818879369013,0.422842413187027,1.0,0.1,0.40252977013587954
0,30,TENX141,2837,094x033,10535,35348,0.22150074541568757,0.029084205686059544,0.36600589752197266,1.0,0.2,0.4143346965312958
0,31,TENX141,1678,059x021,6150,22558,0.221308396756649,0.03268793182755672,0.406585094332695,1.0,0.1,0.41095662117004395
0,32,TENX141,2788,093x017,4688,34983,0.22127102464437484,0.03538560281296136,0.4050448924303055,1.0,0.3,0.4172455549240112
0,33,TENX141,922,035x018,5054,13788,0.22108909785747527,0.04008578900223471,0.3573191940784454,1.0,0.4,0.4168671488761902
0,34,TENX141,1257,046x013,3226,17807,0.22095358669757842,0.02941167250101113,0.38671746850013733,1.0,0.1,0.4039917945861816
0,35,TENX141,2319,079x015,3957,29867,0.22087521255016326,0.029207275752333686,0.2939952418208122,1.0,0.3,0.42043704688549044
0,36,TENX141,1814,063x032,10170,24020,0.22081546485424042,0.034927350666912764,0.32102973461151124,1.0,0.2,0.40287891030311584
0,37,TENX141,2972,098x033,10535,36810,0.22063205093145372,0.03239293499808839,0.306229031085968,1.0,0.4,0.41404972076416013
0,38,TENX141,1627,057x034,10901,21827,0.22059610038995742,0.045231551024251485,0.402752161026001,1.0,0.4,0.4058686524629593
0,39,TENX141,2170,074x033,10535,28040,0.22052186876535415,0.03478241573316336,0.510719308257103,1.0,0.3,0.41792854368686677
0,40,TENX141,1764,062x013,3226,23654,0.2205185741186142,0.03694661773209811,0.39300883412361143,1.0,0.3,0.4164168298244476
0,41,TENX141,1763,062x012,2861,23654,0.22049511820077897,0.029313521426808046,0.38167031928896905,1.0,0.3,0.4167995750904083
0,42,TENX141,1313,047x039,12728,18173,0.22047005593776703,0.0391513650021127,0.3813794136047363,1.0,0.3,0.40590602457523345
0,43,TENX141,2541,086x010,2130,32425,0.22040098160505295,0.0394394060678744,0.39187048077583314,1.0,0.3,0.3982485502958298
0,44,TENX141,2803,093x032,10170,34983,0.22023036777973176,0.033033321655785916,0.28112004697322845,1.0,0.2,0.4074886322021484
0,45,TENX141,1684,059x027,8343,22558,0.22003688514232636,0.038338469755210464,0.28087916374206545,1.0,0.2,0.40377976894378664
0,46,TENX141,1119,041x025,7612,15980,0.2200171396136284,0.031881001655093194,0.29594895914196967,1.0,0.1,0.4040929347276688
0,47,TENX141,2303,078x033,10535,29501,0.22000937759876252,0.032937482784072256,0.3564455516636372,1.0,0.3,0.41931845545768737
0,48,TENX141,1158,042x034,10901,16346,0.21950748115777968,0.03429706920638054,0.3138519529253244,1.0,0.2,0.4002732425928116
0,49,TENX141,1946,067x036,11631,25482,0.2194555550813675,0.03415088057094331,0.3633243411779404,1.0,0.2,0.41356911063194274
0,50,TENX141,2821,094x017,4688,35348,0.2191273182630539,0.04651870769602574,0.4266423225402832,1.0,0.2,0.3983475476503372
0,51,TENX141,2413,082x016,4323,30963,0.21908385455608367,0.032278417738364575,0.41735789775848386,1.0,0.2,0.40031997859477997
0,52,TENX141,853,033x021,6150,13057,0.2190600723028183,0.03656094932529515,0.26306577026844025,1.0,0.3,0.4120114713907242
0,53,TENX141,2971,098x032,10170,36810,0.21903351694345474,0.03471126862060558,0.34993030726909635,1.0,0.2,0.40759665071964263
0,54,TENX141,2270,077x033,10535,29136,0.21902861893177034,0.031901693434608865,0.33583332002162936,1.0,0.2,0.41254848539829253
0,55,TENX141,1916,066x038,12362,25116,0.21899471431970596,0.02835575364041149,0.34896440505981446,1.0,0.2,0.408370116353035
0,56,TENX141,2242,076x038,12362,28771,0.21894336938858033,0.0391577954888159,0.3546923279762268,1.0,0.2,0.40089221894741056
0,57,TENX141,2101,072x030,9439,27309,0.2189350411295891,0.029708721843303417,0.37075974568724634,1.0,0.1,0.40658431947231294
0,58,TENX141,1969,068x027,8343,25847,0.21884706020355224,0.037507055419803495,0.34791454300284386,1.0,0.3,0.405244043469429
0,59,TENX141,2677,090x007,1034,33887,0.21858578324317932,0.034602930952979616,0.375853443145752,1.0,0.2,0.39907067120075224
0,60,TENX141,317,014x041,13459,6113,0.21848881989717484,0.038657506110542195,0.23670821618288757,0.9,0.2,0.39102934300899506
0,61,TENX141,2275,077x038,12362,29136,0.21835156977176667,0.03798916812829195,0.28369168639183046,1.0,0.1,0.3936534643173218
0,62,TENX141,2502,085x006,668,32059,0.2181379109621048,0.029792694309508892,0.4257654964923859,1.0,0.2,0.40851821899414065
0,63,TENX141,2068,071x030,9439,26943,0.21785911172628403,0.03658569818492397,0.272778631746769,1.0,0.2,0.39867807030677793
0,64,TENX141,1064,039x029,9073,15249,0.21782752871513367,0.03373100290556628,0.3803730718791485,1.0,0.2,0.40509497225284574
0,65,TENX141,985,037x012,2861,14518,0.2178083300590515,0.03587450315360139,0.35788803063333036,1.0,0.1,0.402434766292572
0,66,TENX141,1962,068x020,5784,25847,0.21774441450834275,0.03572521068831961,0.3630808860063553,1.0,0.3,0.40317781269550323
0,67,TENX141,2013,069x039,12728,26212,0.2174818068742752,0.03326778384709234,0.289516019821167,1.0,0.2,0.4088346391916275
0,68,TENX141,1753,061x033,10535,23289,0.21748170852661133,0.036477235599506316,0.4467405766248703,1.0,0.3,0.4118156164884567
0,69,TENX141,1139,042x015,3957,16346,0.21741906255483628,0.03546445812971657,0.3608937971293926,1.0,0.0,0.38617509305477143
0,70,TENX141,1889,066x011,2495,25116,0.21730526834726333,0.029927013658308257,0.3474976345896721,1.0,0.2,0.4065756618976593
0,71,TENX141,2069,071x031,9804,26943,0.21700360029935836,0.027350119651107133,0.36046793311834335,1.0,0.0,0.40575108826160433
0,72,TENX141,2838,094x034,10901,35348,0.21695089042186738,0.033033586828866895,0.33944983780384064,1.0,0.3,0.4025317370891571
0,73,TENX141,1476,053x013,3226,20365,0.2169124439358711,0.03614456199394289,0.4230784147977829,1.0,0.0,0.3914726793766022
0,74,TENX141,2283,078x013,3226,29501,0.21664704531431198,0.03730196172168522,0.25230123326182363,1.0,0.1,0.39408400356769563
0,75,TENX141,1613,057x020,5784,21827,0.21656802594661712,0.03803908912622257,0.3654143065214157,1.0,0.1,0.3953848838806152
0,76,TENX141,1342,048x038,12362,18538,0.2164937064051628,0.03293960998592157,0.3085021786391735,1.0,0.2,0.4042999416589737
0,77,TENX141,2658,089x022,6515,33521,0.21644275784492492,0.03148161409856829,0.35658871084451677,1.0,0.1,0.40347095727920534
0,78,TENX141,1525,054x030,9439,20731,0.21644227653741838,0.03914437863015946,0.32930868566036225,1.0,0.2,0.407512030005455
0,79,TENX141,1947,067x037,11997,25482,0.21632909178733825,0.03522317030271254,0.305475127696991,1.0,0.1,0.3897610753774643
0,80,TENX141,802,032x007,1034,12691,0.2160163253545761,0.032585636017215626,0.3892752856016159,0.9,0.2,0.3678720504045486
0,81,TENX141,1189,043x035,11266,16711,0.21592864841222764,0.042583114962294985,0.27615679167211055,1.0,0.2,0.37973405718803405
0,82,TENX141,1593,056x033,10535,21462,0.21586677432060242,0.034020865939760295,0.23949380740523338,1.0,0.2,0.3992146700620651
0,83,TENX141,1682,059x025,7612,22558,0.2158042386174202,0.03994132446829008,0.33567124903202056,0.9,0.2,0.3780504375696182
0,84,TENX141,2223,076x019,5419,28771,0.21572602689266204,0.0381877522366732,0.3569703042507172,1.0,0.1,0.394149911403656
0,85,TENX141,950,036x011,2495,14153,0.2156395435333252,0.035631483152629526,0.33965605571866037,1.0,0.2,0.40247578322887423
0,86,TENX141,1631,057x038,12362,21827,0.21560105234384536,0.0367939248358615,0.2630562841892242,1.0,0.3,0.4059968054294586
0,87,TENX141,2558,086x027,8343,32425,0.21558511555194854,0.03661836359098504,0.377124747633934,1.0,0.1,0.39226712882518766
0,88,TENX141,2844,095x007,1034,35714,0.21551511585712432,0.03877367964280645,0.4492124766111374,1.0,0.2,0.3966122031211853
0,89,TENX141,2969,098x030,9439,36810,0.21549695432186128,0.03649074584669404,0.4360050201416016,1.0,0.2,0.3981767207384109
0,90,TENX141,2213,076x009,1765,28771,0.21540554016828536,0.03456543488202468,0.36397923827171325,0.9,0.2,0.384082567691803
0,91,TENX141,2925,097x020,5784,36445,0.21540170460939406,0.038294078443951496,0.3339912734925747,1.0,0.2,0.39987234175205233
0,92,TENX141,2209,075x038,12362,28405,0.2153872087597847,0.04027680546603998,0.30112280175089834,1.0,0.2,0.4069669395685196
0,93,TENX141,1975,068x033,10535,25847,0.21534253656864166,0.04081780953520038,0.23806646429002284,1.0,0.2,0.3983350872993469
0,94,TENX141,2147,074x010,2130,28040,0.21532616913318633,0.031964827086637476,0.21895368695259093,1.0,0.3,0.42142708599567413
0,95,TENX141,1022,038x016,4323,14884,0.21508787125349044,0.03781575267706156,0.3998377978801727,1.0,0.1,0.38563046753406527
0,96,TENX141,1298,047x024,7246,18173,0.2150466725230217,0.042117684690723925,0.40600441992282865,1.0,0.1,0.3866185277700424
0,97,TENX141,1020,038x014,3592,14884,0.21501705795526505,0.03220646477919035,0.2704393848776817,0.9,0.1,0.37012636065483095
0,98,TENX141,1798,063x016,4323,24020,0.2150094449520111,0.03142944994062478,0.42070930600166323,1.0,0.2,0.40214341282844546
0,99,TENX141,1345,048x041,13459,18538,0.2150036096572876,0.040416400250182796,0.3303665012121201,1.0,0.2,0.39294996559619905
0,100,TENX141,1782,062x031,9804,23654,0.2148180529475212,0.032872003777579296,0.20581136420369148,1.0,0.4,0.42066238522529603
0,101,TENX141,2373,081x007,1034,30598,0.2147829622030258,0.032803304581253294,0.32770791053771975,1.0,0.2,0.4004872411489487
0,102,TENX141,85,004x040,13093,2459,0.21474618166685105,0.034823599790343975,0.2866191942244768,1.0,0.1,0.40386472940444945
0,103,TENX141,2952,098x013,3226,36810,0.21448443531990052,0.03328561698457641,0.40941697657108306,1.0,0.2,0.3980313062667847
0,104,TENX141,1938,067x028,8708,25482,0.21446627974510193,0.03617551737321063,0.30463760271668433,1.0,0.2,0.39408629238605497
0,105,TENX141,3005,099x032,10170,37176,0.21446213573217393,0.03780350905455486,0.30610459223389624,1.0,0.2,0.3991463840007782
0,106,TENX141,2403,082x006,668,30963,0.21445382237434388,0.034552730469015636,0.33423128724098206,0.9,0.2,0.36490408778190614
0,107,TENX141,908,034x040,13093,13422,0.21440813541412354,0.0416530938006724,0.30273416116833685,0.9,0.4,0.37559757828712464
0,108,TENX141,2136,073x032,10170,27674,0.21435200572013854,0.03571357412574734,0.38316206112504003,1.0,0.1,0.3908826380968094
0,109,TENX141,1681,059x024,7246,22558,0.2142975464463234,0.032351965297357656,0.36476105749607085,1.0,0.2,0.40400831401348114
0,110,TENX141,1679,059x022,6515,22558,0.21420241445302962,0.030297816927001318,0.3168799042701721,1.0,0.1,0.40866718888282777
0,111,TENX141,2273,077x036,11631,29136,0.21413817703723909,0.031767468587187785,0.42067799270153045,1.0,0.0,0.38563925623893736
0,112,TENX141,1810,063x028,8708,24020,0.214018814265728,0.03461870898015863,0.2910182148218155,1.0,0.3,0.39825143814086916
0,113,TENX141,1270,046x026,7977,17807,0.2140174090862274,0.03384633493240396,0.3729413904249668,1.0,0.2,0.40525891482830045
0,114,TENX141,1645,058x020,5784,22193,0.21382274180650712,0.031940453388037686,0.2981037743389606,1.0,0.1,0.387610986828804
0,115,TENX141,2237,076x033,10535,28771,0.21368204951286315,0.02812937142192243,0.4057212322950363,1.0,0.2,0.40163975656032563
0,116,TENX141,536,024x039,12728,9768,0.21360168606042862,0.038691594634409666,0.2905692994594574,0.9,0.3,0.37683423757553103
0,117,TENX141,2521,085x025,7612,32059,0.2135998249053955,0.0357688865345706,0.37596008777618406,1.0,0.0,0.38251217603683474
0,118,TENX141,1878,065x032,10170,24751,0.2135797381401062,0.03756754274487732,0.35370571091771125,1.0,0.2,0.3991316378116608
0,119,TENX141,2830,094x026,7977,35348,0.21355354636907578,0.030745474897503733,0.4423326104879379,1.0,0.1,0.39014351963996885
0,120,TENX141,1675,059x018,5054,22558,0.21352434456348418,0.029438462993788567,0.3514354109764099,1.0,0.1,0.38856151401996614
0,121,TENX141,2318,079x014,3592,29867,0.21343774497509002,0.03697968420072025,0.3156173527240753,1.0,0.0,0.38356791734695433
0,122,TENX141,1719,060x030,9439,22924,0.21341972202062606,0.04559289642311766,0.23203542083501816,1.0,0.4,0.40379596054553984
0,123,TENX141,1239,045x025,7612,17442,0.21337027847766876,0.036174792263606356,0.2790048703551292,1.0,0.1,0.38667934834957124
0,124,TENX141,2062,071x024,7246,26943,0.21325647383928298,0.03618599505870712,0.3349111497402191,1.0,0.1,0.39967744052410126
0,125,TENX141,2770,092x032,10170,34618,0.21323904246091843,0.041581580669331084,0.3489628076553345,1.0,0.3,0.39141770005226134
0,126,TENX141,1628,057x035,11266,21827,0.21310776472091675,0.04452328122536743,0.3363658249378204,1.0,0.2,0.38278302252292634
0,127,TENX141,1592,056x032,10170,21462,0.2130894511938095,0.039621107259286074,0.25710189938545225,1.0,0.3,0.39642858505249023
0,128,TENX141,1615,057x022,6515,21827,0.2130794495344162,0.04081321827339247,0.3619147211313248,1.0,0.1,0.3904112458229065
0,129,TENX141,2739,091x035,11266,34252,0.213008514046669,0.04066312821768466,0.41691829860210416,0.9,0.2,0.37076152861118317
0,130,TENX141,2973,098x034,10901,36810,0.21296088695526122,0.03236990645110865,0.43952924609184263,1.0,0.1,0.4029915690422058
0,131,TENX141,1637,058x012,2861,22193,0.2129333049058914,0.0323381632119551,0.3794440358877182,1.0,0.1,0.3905750513076782
0,132,TENX141,2131,073x027,8343,27674,0.2128438025712967,0.031233967374045133,0.3529598474502563,1.0,0.2,0.4004826009273529
0,133,TENX141,2855,095x018,5054,35714,0.21282515525817872,0.047237784166105946,0.3045765943825245,1.0,0.2,0.3910472244024277
0,134,TENX141,2323,079x019,5419,29867,0.21275050342082977,0.04298361566592316,0.2851394236087799,1.0,0.2,0.3878574937582016
0,135,TENX141,1442,052x012,2861,20000,0.21269284635782243,0.035717432515768636,0.3201477646827698,1.0,0.2,0.4001340329647064
0,136,TENX141,1751,061x031,9804,23289,0.21257351338863373,0.039060402411927084,0.22708125337958335,1.0,0.1,0.38710038661956786
0,137,TENX141,1918,066x040,13093,25116,0.2124894693493843,0.0449515062708429,0.29147287607192995,1.0,0.2,0.3848585546016693
0,138,TENX141,1932,067x022,6515,25482,0.2124497890472412,0.036335211581924494,0.3459744334220886,1.0,0.2,0.40043906271457674
0,139,TENX141,2938,097x033,10535,36445,0.21243051439523697,0.03198407597023653,0.3393536314368248,1.0,0.0,0.3860309600830078
0,140,TENX141,2661,089x025,7612,33521,0.21236487179994584,0.03463413635490991,0.3644507020711899,1.0,0.2,0.40102657675743103
0,141,TENX141,1143,042x019,5419,16346,0.2123312160372734,0.03878058344599377,0.2979628801345825,1.0,0.3,0.39738347232341764
0,142,TENX141,1108,041x014,3592,15980,0.2123214602470398,0.031427432976425265,0.2920947052538395,1.0,0.0,0.3961763471364975
0,143,TENX141,1073,039x038,12362,15249,0.2122840777039528,0.0430530383403744,0.3118665039539337,1.0,0.2,0.3906132161617279
0,144,TENX141,1997,069x023,6881,26212,0.2121403396129608,0.03470672592963844,0.2977823901921511,1.0,0.0,0.3976056963205338
0,145,TENX141,2238,076x034,10901,28771,0.21213665455579758,0.033190233140257534,0.2426239289343357,1.0,0.2,0.3969974011182785
0,146,TENX141,1664,058x039,12728,22193,0.21208754032850266,0.037229728929126696,0.24039559960365295,1.0,0.1,0.39422407150268557
0,147,TENX141,1159,042x035,11266,16346,0.21204757690429688,0.0336286662803081,0.3088159464299679,1.0,0.2,0.39748417735099795
0,148,TENX141,2320,079x016,4323,29867,0.2120461419224739,0.03088966451365562,0.33651933670043943,1.0,0.0,0.39800572395324707
0,149,TENX141,1948,067x038,12362,25482,0.21194036900997162,0.029887948368197047,0.32298549115657804,1.0,0.1,0.3990729033946991
0,150,TENX141,220,011x030,9439,5017,0.21193006336688996,0.03336673020984343,0.3047684982419014,1.0,0.1,0.4001522481441498
0,151,TENX141,1282,046x038,12362,17807,0.21188737750053405,0.03496293296699058,0.21050942316651344,1.0,0.2,0.39430655539035797
0,152,TENX141,1647,058x022,6515,22193,0.21182809323072432,0.04535191707555066,0.34538884107023476,0.9,0.0,0.35339106917381286
0,153,TENX141,2243,076x039,12728,28771,0.21182646602392197,0.028304758956490195,0.3916238933801651,1.0,0.1,0.39927037358283995
0,154,TENX141,1939,067x029,9073,25482,0.211781607568264,0.039435874292811264,0.25524533428251744,1.0,0.2,0.39164520502090455
0,155,TENX141,2339,079x035,11266,29867,0.2117341697216034,0.03995445285406682,0.40399050116539004,1.0,0.1,0.383746400475502
0,156,TENX141,1766,062x015,3957,23654,0.2117319568991661,0.03500865387384733,0.3626590371131897,1.0,0.2,0.39583876430988313
0,157,TENX141,2282,078x012,2861,29501,0.21167450696229934,0.033947363511366555,0.3850318670272827,1.0,0.3,0.397076690196991
0,158,TENX141,2469,084x008,1399,31694,0.21166398078203202,0.032172197329481914,0.35978447198867797,1.0,0.1,0.398658812046051
0,159,TENX141,1197,044x013,3226,17076,0.2116164669394493,0.03135087813438981,0.25596800446510315,1.0,0.0,0.38133443892002106
0,160,TENX141,2164,074x027,8343,28040,0.2115512654185295,0.04557543883969369,0.3672018378973007,0.9,0.2,0.3514882504940033
0,161,TENX141,1945,067x035,11266,25482,0.21149789839982985,0.030828798016172387,0.40887152701616286,1.0,0.0,0.3824536710977554
0,162,TENX141,3008,099x035,11266,37176,0.21145186424255372,0.031143462435643598,0.30652777701616285,1.0,0.1,0.39124455451965334
0,163,TENX141,1596,056x036,11631,21462,0.21140369176864623,0.03624786975452484,0.20451195761561394,1.0,0.2,0.3955325484275818
0,164,TENX141,1492,053x029,9073,20365,0.2113933190703392,0.0312575411692336,0.2904902592301369,1.0,0.2,0.39959641695022585
0,165,TENX141,3010,099x037,11997,37176,0.21135264188051223,0.03980956434390074,0.32976913526654245,1.0,0.3,0.3873202234506607
0,166,TENX141,956,036x017,4688,14153,0.21119030714035034,0.03974301187984386,0.2872003626078367,1.0,0.2,0.4050149142742157
0,167,TENX141,2734,091x030,9439,34252,0.21118085980415344,0.04167957021075167,0.31991460993885995,1.0,0.1,0.3827371567487717
0,168,TENX141,1328,048x024,7246,18538,0.21116497814655305,0.03796998016156052,0.47399464845657346,1.0,0.2,0.392310357093811
0,169,TENX141,2077,071x039,12728,26943,0.21111324727535247,0.039011665209816304,0.2864304043352604,1.0,0.1,0.3939250111579895
0,170,TENX141,1065,039x030,9439,15249,0.21100971847772598,0.04120504921850277,0.22978757862001659,1.0,0.1,0.3887984901666641
0,171,TENX141,56,003x009,1765,2093,0.2110004886984825,0.03716166719821657,0.3827118970453739,0.9,0.2,0.3779301196336746
0,172,TENX141,180,010x008,1399,4652,0.2109116643667221,0.03669811010937296,0.3808851961046457,0.8,0.0,0.32998743653297424
0,173,TENX141,831,032x036,11631,12691,0.21085606664419174,0.0367472776869572,0.34878356754779816,1.0,0.0,0.39218914806842803
0,174,TENX141,2659,089x023,6881,33521,0.2108270689845085,0.03665320182181893,0.3614682048559189,1.0,0.0,0.3906702011823654
0,175,TENX141,2417,082x020,5784,30963,0.21081003546714783,0.038353291295438977,0.3193914543837309,1.0,0.0,0.3785849571228027
0,176,TENX141,2772,092x034,10901,34618,0.21077129542827605,0.03512319446850401,0.44038248658180235,1.0,0.0,0.3853128761053085
0,177,TENX141,52,002x040,13093,1728,0.21072076261043549,0.03262987794734916,0.28480332121253016,0.9,0.2,0.3794896602630615
0,178,TENX141,757,030x038,12362,11960,0.21068001836538314,0.04198818258372851,0.37910092771053316,1.0,0.1,0.3850105762481689
0,179,TENX141,1138,042x014,3592,16346,0.2106230452656746,0.03433633358613538,0.4091825932264328,1.0,0.0,0.38050708174705505
0,180,TENX141,2764,092x026,7977,34618,0.21059502065181732,0.03303285340902412,0.30090784654021263,1.0,0.0,0.39459736943244933
0,181,TENX141,2342,080x007,1034,30232,0.21057707220315933,0.03505170054103148,0.32386916875839233,1.0,0.1,0.39167770445346833
0,182,TENX141,905,034x037,11997,13422,0.2105171114206314,0.037905401073179336,0.35833861157298086,1.0,0.1,0.38324553668498995
0,183,TENX141,2274,077x037,11997,29136,0.2104855239391327,0.032914727238874356,0.31637720242142675,1.0,0.0,0.38677388727664946
0,184,TENX141,1272,046x028,8708,17807,0.21047125458717347,0.03622313229029185,0.30417481139302255,1.0,0.2,0.39304369390010835
0,185,TENX141,2787,093x016,4323,34983,0.2104578658938408,0.03434182300046287,0.3497332401573658,1.0,0.2,0.39623215794563293
0,186,TENX141,2842,094x038,12362,35348,0.2103458359837532,0.03378832212542033,0.43888515532016753,1.0,0.0,0.39119006395339967
0,187,TENX141,1617,057x024,7246,21827,0.2103373572230339,0.036027645401182244,0.33041026890277864,1.0,0.1,0.3894691437482834
0,188,TENX141,1845,064x031,9804,24385,0.21033115983009337,0.03602488952144089,0.37934780940413476,1.0,0.0,0.3889463484287262
0,189,TENX141,2176,074x039,12728,28040,0.21033036410808564,0.03201583872543762,0.3972614198923111,1.0,0.1,0.39845280051231385
0,190,TENX141,2181,075x010,2130,28405,0.2103296309709549,0.038200416625339795,0.29323887676000593,1.0,0.1,0.39299656748771666
0,191,TENX141,1665,058x040,13093,22193,0.21031591296195984,0.029408193086053244,0.256446635723114,1.0,0.1,0.39459326267242434
0,192,TENX141,2789,093x018,5054,34983,0.21030841171741485,0.03473952059329276,0.33295388855040076,1.0,0.2,0.39943120181560515
0,193,TENX141,1093,040x029,9073,15615,0.21030593663454056,0.0370780792912859,0.3169766664505005,1.0,0.1,0.3910957485437393
0,194,TENX141,1981,068x039,12728,25847,0.21028798669576645,0.031797513026944904,0.2892758511006832,1.0,0.1,0.3873699754476547
0,195,TENX141,1994,069x020,5784,26212,0.21015291512012482,0.03567337209069925,0.14248067531734704,1.0,0.3,0.3969790756702423
0,196,TENX141,2002,069x028,8708,26212,0.21008849442005156,0.03909953522496148,0.1755865415558219,1.0,0.2,0.39129833281040194
0,197,TENX141,451,021x042,13824,8671,0.21002992242574692,0.03858607773711935,0.25406614542007444,0.9,0.2,0.36431769132614134
0,198,TENX141,1250,045x036,11631,17442,0.20998757630586623,0.04147787696293818,0.31668407618999483,1.0,0.0,0.378895103931427
0,199,TENX141,2038,070x032,10170,26578,0.20997487008571625,0.032135851149359865,0.46047474145889283,1.0,0.1,0.3935194402933121
0,200,TENX141,614,027x007,1034,10864,0.20997424572706222,0.045219547785322584,0.3753672778606415,1.0,0.4,0.3935424447059631
0,201,TENX141,2091,072x020,5784,27309,0.20983489155769347,0.033820808900860075,0.3045128397643566,1.0,0.0,0.38622409999370577
0,202,TENX141,1281,046x037,11997,17807,0.2098313257098198,0.042001339961444784,0.37169020995497704,1.0,0.1,0.38515720069408416
0,203,TENX141,1427,051x028,8708,19635,0.2098142236471176,0.03997248108045475,0.3287483487278223,1.0,0.0,0.3817409485578537
0,204,TENX141,2352,080x017,4688,30232,0.20979966670274736,0.03658172933909969,0.34596678949892523,1.0,0.1,0.3840892165899277
0,205,TENX141,1010,037x037,11997,14518,0.20973499566316606,0.03639128444835072,0.25158060155808926,1.0,0.0,0.3767184346914291
0,206,TENX141,1608,057x015,3957,21827,0.20973354429006577,0.03246296827319525,0.31340791285037994,1.0,0.2,0.39111601412296293
0,207,TENX141,2113,073x009,1765,27674,0.20964378118515015,0.030321095521911635,0.34721967577934265,1.0,0.1,0.38843825459480286
0,208,TENX141,1820,063x038,12362,24020,0.20963651686906815,0.027956172091433466,0.3742141515016556,1.0,0.1,0.4030763030052185
0,209,TENX141,980,036x041,13459,14153,0.20962387323379517,0.037681817666220224,0.3074499130249023,0.9,0.1,0.363407364487648
0,210,TENX141,2795,093x024,7246,34983,0.20950809121131897,0.03685746837856795,0.24444576352834702,1.0,0.1,0.3861700177192688
0,211,TENX141,2774,092x036,11631,34618,0.20947119891643523,0.03719413612683362,0.4469939351081848,1.0,0.0,0.3818105936050415
0,212,TENX141,2063,071x025,7612,26943,0.20945467799901962,0.037736571355430855,0.26401582881808283,0.9,0.2,0.36120854020118714
0,213,TENX141,2180,075x009,1765,28405,0.20940679907798768,0.032594279872943034,0.3113195635378361,0.9,0.1,0.3773015797138214
0,214,TENX141,1857,065x011,2495,24751,0.20939310491085053,0.02953393256771457,0.3649429649114609,1.0,0.1,0.4000269562005997
0,215,TENX141,1793,063x011,2495,24020,0.20938250720500945,0.03141721252806053,0.3309756129980087,1.0,0.3,0.4083567887544632
0,216,TENX141,1142,042x018,5054,16346,0.20937408953905107,0.041824553249423066,0.3281730473041534,1.0,0.2,0.380274298787117
0,217,TENX141,2119,073x015,3957,27674,0.20932975113391877,0.03510881245392659,0.2836330749094486,0.9,0.2,0.37033211886882783
0,218,TENX141,2467,084x006,668,31694,0.20930976271629334,0.029634750730612874,0.3360238283872604,1.0,0.2,0.4016289710998535
0,219,TENX141,1649,058x024,7246,22193,0.20927326679229735,0.0317991236204766,0.32304675728082655,1.0,0.1,0.40002033710479734
0,220,TENX141,2696,090x026,7977,33887,0.20924510806798935,0.03414881077829486,0.3123734168708324,1.0,0.1,0.39263909459114077
0,221,TENX141,1663,058x038,12362,22193,0.20920537710189818,0.035241661294325266,0.35545064583420755,1.0,0.2,0.3973105549812317
0,222,TENX141,1915,066x037,11997,25116,0.20918141156435013,0.03515704310099902,0.29516940638422967,1.0,0.1,0.3920168250799179
0,223,TENX141,1640,058x015,3957,22193,0.20907725244760514,0.03553551726461541,0.2632542349398136,1.0,0.0,0.3891930222511292
0,224,TENX141,2351,080x016,4323,30232,0.20904188752174377,0.03489035632468939,0.22930540926754475,0.9,0.2,0.3717537820339203
0,225,TENX141,953,036x014,3592,14153,0.20900077223777772,0.034807381758442384,0.31070104241371155,1.0,0.0,0.3755910128355026
0,226,TENX141,1240,045x026,7977,17442,0.20899958908557892,0.039490334785861204,0.32987403124570847,0.9,0.2,0.35969893634319305
0,227,TENX141,1475,053x012,2861,20365,0.20897530615329743,0.03185808953917473,0.3994266979396343,1.0,0.1,0.3976187765598297
0,228,TENX141,1483,053x020,5784,20365,0.20897480398416518,0.03601069048048481,0.3058311350643635,1.0,0.1,0.38711790144443514
0,229,TENX141,2611,088x010,2130,33156,0.2089654341340065,0.03531129972341098,0.3641611933708191,1.0,0.0,0.38769371509552003
0,230,TENX141,2862,095x025,7612,35714,0.20896517634391784,0.029038210591962578,0.261366955190897,1.0,0.0,0.39012456834316256
0,231,TENX141,2037,070x031,9804,26578,0.20894301384687425,0.0346829641425234,0.32912652567029,1.0,0.1,0.3840674161911011
0,232,TENX141,1595,056x035,11266,21462,0.20887102484703063,0.039864444241184585,0.23568726778030397,1.0,0.2,0.39139181971549986
0,233,TENX141,1565,055x038,12362,21096,0.20884525775909424,0.035945358870870386,0.24773742090910672,1.0,0.1,0.38957034051418304
0,234,TENX141,1390,050x023,6881,19269,0.20883907824754716,0.039638484498308285,0.36694359630346296,1.0,0.1,0.3743339151144028
0,235,TENX141,2445,083x016,4323,31329,0.20882251262664794,0.03718423434591495,0.36988176703453063,1.0,0.1,0.3919578790664673
0,236,TENX141,989,037x016,4323,14518,0.2087986573576927,0.033834666742551,0.2768356703221798,1.0,0.1,0.392219677567482
0,237,TENX141,1404,050x037,11997,19269,0.20874710530042648,0.03568306094212647,0.2371362864971161,1.0,0.1,0.38145595490932466
0,238,TENX141,918,035x014,3592,13788,0.2087316170334816,0.04061410624089509,0.22354606874287128,0.9,0.0,0.3574584752321243
0,239,TENX141,1264,046x020,5784,17807,0.20865618884563447,0.03705763602278391,0.47008414268493653,1.0,0.3,0.39265615344047544
0,240,TENX141,2643,089x007,1034,33521,0.20864538848400116,0.03539015088031376,0.2743108719587326,1.0,0.1,0.3911641865968704
0,241,TENX141,2103,072x032,10170,27309,0.20863379389047623,0.02872223965728375,0.28727727606892584,1.0,0.0,0.38404971957206724
0,242,TENX141,912,035x008,1399,13788,0.20853721499443054,0.032813551928026576,0.33214484974741937,1.0,0.1,0.3931638687849045
0,243,TENX141,2135,073x031,9804,27674,0.20845295637845992,0.03902812398013469,0.21489222869277,1.0,0.1,0.3867623955011368
0,244,TENX141,2822,094x018,5054,35348,0.20843316316604615,0.03984792415962669,0.3860799610614777,1.0,0.0,0.37393508553504945
0,245,TENX141,1848,064x034,10901,24385,0.20841977894306182,0.03211243185735817,0.27761834412813186,1.0,0.1,0.38646076917648314
0,246,TENX141,1906,066x028,8708,25116,0.208411805331707,0.03852337033442305,0.31740295588970185,1.0,0.1,0.3808569639921188
0,247,TENX141,1448,052x018,5054,20000,0.2084007069468498,0.030337205096370768,0.3020488776266575,1.0,0.1,0.3896360248327255
0,248,TENX141,406,019x040,13093,7940,0.2083950698375702,0.0400966523091512,0.25773098338395356,0.9,0.1,0.3661833941936493
0,249,TENX141,1786,062x035,11266,23654,0.20838221311569213,0.03924905458071261,0.31463794969022274,1.0,0.3,0.40382751524448396
0,250,TENX141,2044,070x038,12362,26578,0.208365561068058,0.034004093473006786,0.34452514052391053,0.9,0.1,0.36472909450531005
0,251,TENX141,1940,067x030,9439,25482,0.20829989165067672,0.0377617951308665,0.2626716250553727,0.9,0.1,0.35434277057647706
0,252,TENX141,2098,072x027,8343,27309,0.20825831443071366,0.03616241171206347,0.18688852870836853,1.0,0.1,0.38945457637310027
0,253,TENX141,1790,062x039,12728,23654,0.20820026248693466,0.03611320853009638,0.33677040338516234,1.0,0.0,0.3828176587820053
0,254,TENX141,2660,089x024,7246,33521,0.2081945389509201,0.03148772624743987,0.2559313718229532,1.0,0.1,0.38433328866958616
0,255,TENX141,2899,096x028,8708,36079,0.20806916505098344,0.0343566314739545,0.32924703881144524,1.0,0.1,0.38521440625190734
0,256,TENX141,1838,064x024,7246,24385,0.20799940824508667,0.035122864763760135,0.18057575430721046,1.0,0.0,0.3779335170984268
1,1,TENX141,1588,056x028,8708,21462,0.1665488675236702,0.02021433841783739,0.17382013686001302,0.6,0.0,0.17298165559768677
1,2,TENX141,1789,062x038,12362,23654,0.16379061341285706,0.014518384354796252,0.07803007513284684,0.5,0.0,0.13426535278558732
1,3,TENX141,1850,064x036,11631,24385,0.1631969466805458,0.00768372057598687,0.11875922009348869,0.5,0.0,0.1324154794216156
1,4,TENX141,1577,056x017,4688,21462,0.16265026926994325,0.01186720261011365,-0.033486368507146834,0.1,0.0,0.026768901944160463
1,5,TENX141,3031,100x029,9073,37541,0.16207087337970733,0.01581315686396733,0.11145594343543053,0.3,0.0,0.09111158847808838
1,6,TENX141,1244,045x030,9439,17442,0.161712746322155,0.007781343624392292,0.22264834493398666,0.4,0.0,0.10617260485887528
1,7,TENX141,2812,094x008,1399,35348,0.16169485747814177,0.016091017319231942,0.024152221158146858,0.0,0.0,0.0
1,8,TENX141,1550,055x023,6881,21096,0.16150810569524765,0.012274426464666359,-0.020004067569971085,0.4,0.0,0.10655273646116256
1,9,TENX141,2284,078x014,3592,29501,0.16144391298294067,0.012766817616478762,-0.0777393002063036,0.1,0.0,0.028009855747222902
1,10,TENX141,1621,057x028,8708,21827,0.16131802946329116,0.013275162130013202,-0.0025132834911346436,0.4,0.0,0.10653495788574219
1,11,TENX141,1555,055x028,8708,21096,0.16106665134429932,0.010215987755607421,0.027063343301415445,0.4,0.0,0.1037154421210289
1,12,TENX141,2325,079x021,6150,29867,0.16097550094127655,0.019699431526182552,0.0766906002536416,0.3,0.0,0.09541709125041961
1,13,TENX141,2421,082x024,7246,30963,0.16082773208618165,0.012380985729382583,0.09432632811367511,0.4,0.0,0.10759832561016083
1,14,TENX141,1942,067x032,10170,25482,0.16025403290987014,0.009430652230771934,-0.026484792307019233,0.5,0.0,0.13612444400787355
1,15,TENX141,2586,087x020,5784,32790,0.16023994684219361,0.011326753287034733,0.0034391799941658973,0.1,0.0,0.02731836438179016
1,16,TENX141,375,017x033,10535,7210,0.1599615439772606,0.014358593555589367,0.06455567330121995,0.4,0.0,0.11605746746063232
1,17,TENX141,1203,044x019,5419,17076,0.15992962568998337,0.015804924212964033,-0.04644609671086073,0.4,0.0,0.10434092581272125
1,18,TENX141,2777,092x039,12728,34618,0.1598897844552994,0.011107359944402912,0.11202366203069687,0.5,0.0,0.13568012714385985
1,19,TENX141,2451,083x022,6515,31329,0.15988742411136628,0.008946151004841788,0.07192430160939693,0.3,0.0,0.07980833649635315
1,20,TENX141,1363,049x028,8708,18904,0.15983878821134567,0.016394987835283995,0.02799908220767975,0.4,0.0,0.10302553325891495
1,21,TENX141,2420,082x023,6881,30963,0.15954823940992355,0.009922277860678078,0.026932624541223048,0.4,0.0,0.1221862107515335
1,22,TENX141,1470,052x040,13093,20000,0.1595023274421692,0.010234755373640872,0.0635055262595415,0.2,0.0,0.054043248295784
1,23,TENX141,2969,098x030,9439,36810,0.15941866338253022,0.012813855724822545,0.14576589800417422,0.0,0.0,0.0
1,24,TENX141,2389,081x023,6881,30598,0.1593756705522537,0.009452374229967971,0.1338578000664711,0.3,0.0,0.07447360008955002
1,25,TENX141,114,006x039,12728,3190,0.15937451720237733,0.008985364102522438,0.04586305748671293,0.5,0.0,0.15421191453933716
1,26,TENX141,888,034x020,5784,13422,0.1593674972653389,0.020324431431896876,-0.04737759213894606,0.0,0.0,0.0
1,27,TENX141,902,034x034,10901,13422,0.15929898172616958,0.011648276127871856,0.028816396184265614,0.0,0.0,0.0
1,28,TENX141,283,013x034,10901,5748,0.15927499383687974,0.012939500459802737,0.03462652191519737,0.1,0.0,0.032242193818092346
1,29,TENX141,215,011x025,7612,5017,0.1591840758919716,0.010776367443501932,0.04036498665809631,0.0,0.0,0.0
1,30,TENX141,922,035x018,5054,13788,0.159139421582222,0.012935984526773955,0.041635075211524965,0.0,0.0,0.0
1,31,TENX141,2845,095x008,1399,35714,0.15910297334194184,0.007818264131016554,-0.08139724843204021,0.1,0.0,0.02596648335456848
1,32,TENX141,1829,064x015,3957,24385,0.1590951442718506,0.012584661529828818,0.06389137748628855,0.2,0.0,0.05859696567058563
1,33,TENX141,235,012x008,1399,5382,0.15906685590744019,0.009338176100608378,-0.029901494085788728,0.2,0.0,0.05751461386680603
1,34,TENX141,1130,041x036,11631,15980,0.15903565138578415,0.013179563294569749,0.042543225735425946,0.0,0.0,0.0
1,35,TENX141,1088,040x024,7246,15615,0.15899172872304917,0.016847624480978634,0.18004016429185868,0.4,0.0,0.12126423418521881
1,36,TENX141,2199,075x028,8708,28405,0.15894924700260163,0.008876635055945088,0.08182032238692045,0.2,0.0,0.05480471551418305
1,37,TENX141,1114,041x020,5784,15980,0.1589481085538864,0.012820328582644789,0.1350435484200716,0.0,0.0,0.0
1,38,TENX141,2322,079x018,5054,29867,0.15890811383724213,0.006173304086653893,0.13834519684314728,0.1,0.0,0.027232015132904054
1,39,TENX141,1775,062x024,7246,23654,0.15875966101884842,0.00784112979447776,-0.018506701663136484,0.5,0.0,0.12702377885580063
1,40,TENX141,2779,093x008,1399,34983,0.15875955522060395,0.013288323871259512,0.0682092234492302,0.1,0.0,0.026625806093215944
1,41,TENX141,1724,060x035,11266,22924,0.1586950182914734,0.010079401226529781,0.011896036937832833,0.2,0.0,0.04936662912368774
1,42,TENX141,2585,087x019,5419,32790,0.15841726660728456,0.012687013764585791,0.041315410658717154,0.1,0.0,0.029452642798423766
1,43,TENX141,2880,096x009,1765,36079,0.15836208909749985,0.013665114305215165,0.050282420963048934,0.1,0.0,0.02645052969455719
1,44,TENX141,1168,043x014,3592,16711,0.15824325382709503,0.013196113352496713,0.06605807486921549,0.0,0.0,0.0
1,45,TENX141,293,014x007,1034,6113,0.1582182988524437,0.01138091861764388,0.05459106434136629,0.0,0.0,0.0
1,46,TENX141,1690,059x033,10535,22558,0.15818362534046174,0.012211949455368257,-0.01721311956644058,0.0,0.0,0.0
1,47,TENX141,2343,080x008,1399,30232,0.1579526349902153,0.01733831141238884,0.06721577644348145,0.1,0.0,0.028635051846504212
1,48,TENX141,2517,085x021,6150,32059,0.15793978571891784,0.009874383262039507,0.06513099744915962,0.4,0.0,0.10505032241344452
1,49,TENX141,3037,100x035,11266,37541,0.15789068937301637,0.01593566205755501,0.011391682177782058,0.2,0.0,0.05425670444965362
1,50,TENX141,1569,056x009,1765,21462,0.1577769473195076,0.011112393665145033,0.11924100182950496,0.1,0.0,0.03089367151260376
1,51,TENX141,1841,064x027,8343,24385,0.1577426388859749,0.01577515490566262,-0.046613082848489286,0.2,0.0,0.05721258223056793
1,52,TENX141,2423,082x026,7977,30963,0.1576652482151985,0.01008759730283373,0.08049251399934292,0.4,0.0,0.1029831200838089
1,53,TENX141,1389,050x022,6515,19269,0.1576412335038185,0.014419434381873836,0.024868640676140787,0.0,0.0,0.0
1,54,TENX141,2704,090x034,10901,33887,0.1576240673661232,0.013283364266221695,-0.005427315458655357,0.4,0.0,0.10362667888402939
1,55,TENX141,1255,045x041,13459,17442,0.15756879597902299,0.013239348197435384,0.044591026939451696,0.5,0.0,0.12549653947353362
1,56,TENX141,2636,088x035,11266,33156,0.1574966847896576,0.010355435071964056,0.008236714079976082,0.5,0.0,0.12618458122015
1,57,TENX141,2107,072x036,11631,27309,0.15742452591657638,0.011768503376840536,0.15166313704103232,0.5,0.0,0.1253180280327797
1,58,TENX141,2759,092x021,6150,34618,0.1573485478758812,0.013349273343666247,-0.04908627755939961,0.0,0.0,0.0
1,59,TENX141,3039,100x037,11997,37541,0.15731141269207,0.008954341140127123,0.006648261845111847,0.4,0.0,0.10336997509002685
1,60,TENX141,1574,056x014,3592,21462,0.15728676319122314,0.009632048981219277,0.0047645274549722675,0.0,0.0,0.0
1,61,TENX141,2005,069x031,9804,26212,0.1572689801454544,0.018437418568851206,0.021906666457653046,0.2,0.0,0.052792176604270935
1,62,TENX141,1540,055x013,3226,21096,0.15724059641361238,0.011555319333075274,0.09886695109307767,0.0,0.0,0.0
1,63,TENX141,2050,071x012,2861,26943,0.15709816366434098,0.012731329372291678,-0.03556333407759667,0.3,0.0,0.07451812028884888
1,64,TENX141,2876,095x039,12728,35714,0.15707470029592513,0.010871425544427995,0.11600891500711441,0.1,0.0,0.02920398712158203
1,65,TENX141,1490,053x027,8343,20365,0.15702872574329377,0.009894430864812221,0.0011834993958473206,0.3,0.0,0.07677254974842071
1,66,TENX141,2140,073x036,11631,27674,0.1569921299815178,0.01122295930705094,-0.05727323405444622,0.6,0.0,0.16504237204790115
1,67,TENX141,2198,075x027,8343,28405,0.1569703921675682,0.01602398187395526,0.0741232953965664,0.2,0.0,0.05581712126731873
1,68,TENX141,1591,056x031,9804,21462,0.15686153918504714,0.009775045488781013,-0.00844021663069725,0.2,0.0,0.05314840972423553
1,69,TENX141,2516,085x020,5784,32059,0.15683435946702956,0.015135513143009994,0.06051083579659462,0.5,0.0,0.12674427181482315
1,70,TENX141,247,012x025,7612,5382,0.15678996667265893,0.016053756044966106,-0.02516243830323219,0.1,0.0,0.030363103747367857
1,71,TENX141,1826,064x012,2861,24385,0.1567525714635849,0.011879470020799612,0.04003950543701649,0.0,0.0,0.0
1,72,TENX141,2011,069x037,11997,26212,0.15665971636772155,0.013831030681919515,0.026400551572442053,0.1,0.0,0.025465300679206847
1,73,TENX141,2422,082x025,7612,30963,0.156641785800457,0.007644162892963709,0.06783416084945201,0.3,0.0,0.07722055613994598
1,74,TENX141,3041,101x015,3957,37907,0.15656659454107286,0.010081273245454261,0.07833474744111299,0.1,0.0,0.02516424357891083
1,75,TENX141,863,033x031,9804,13057,0.15655286759138107,0.01111215018843218,0.031110825203359126,0.3,0.0,0.07831238508224488
1,76,TENX141,2390,081x024,7246,30598,0.15651450753211976,0.011200058395413753,0.02309433910995722,0.3,0.0,0.07584903538227081
1,77,TENX141,102,005x042,13824,2824,0.1565070167183876,0.01755492401840367,-0.008432640880346298,0.0,0.0,0.0
1,78,TENX141,994,037x021,6150,14518,0.1564526990056038,0.0121157689455605,-0.018095658719539644,0.6,0.0,0.16193275302648544
1,79,TENX141,1689,059x032,10170,22558,0.15637939274311066,0.012248167218858425,0.11060815453529357,0.5,0.0,0.12611149698495866
1,80,TENX141,2160,074x023,6881,28040,0.15627330541610718,0.013123621831195939,-0.03568421788513661,0.0,0.0,0.0
1,81,TENX141,1908,066x030,9439,25116,0.15625261664390563,0.009775696467911698,-0.06265480332076549,0.2,0.0,0.05340213477611542
1,82,TENX141,2452,083x023,6881,31329,0.1562443792819977,0.011077550929310143,0.055912820622324944,0.1,0.0,0.02754042446613312
1,83,TENX141,3054,101x029,9073,37907,0.15616143941879274,0.010314193359978867,0.18174512907862664,0.4,0.0,0.09802391082048416
1,84,TENX141,2241,076x037,11997,28771,0.15612045377492906,0.011736120139657451,0.07501674443483353,0.2,0.0,0.05229598879814148
1,85,TENX141,1756,061x036,11631,23289,0.15607606321573259,0.012854379995164977,-0.052577991411089896,0.5,0.0,0.14607423543930054
1,86,TENX141,2175,074x038,12362,28040,0.1560523107647896,0.010679763346949332,0.009373783506453038,0.5,0.0,0.1425957575440407
1,87,TENX141,1336,048x032,10170,18538,0.1559782475233078,0.007162878165446446,-0.0469510480761528,0.1,0.0,0.02745765745639801
1,88,TENX141,2590,087x024,7246,32790,0.1559619426727295,0.010926278794796594,-0.06917678639292717,0.2,0.0,0.04992163330316544
1,89,TENX141,2326,079x022,6515,29867,0.1559430956840515,0.013570198787190402,0.01834889464080334,0.3,0.0,0.07802267223596573
1,90,TENX141,679,028x036,11631,11229,0.1559021443128586,0.019782847952662882,0.01647454611957073,0.0,0.0,0.0
1,91,TENX141,997,037x024,7246,14518,0.15588425546884538,0.015330305572127098,-0.026637755148112775,0.3,0.0,0.08433211147785187
1,92,TENX141,2106,072x035,11266,27309,0.15584731101989746,0.011516933982724744,0.05945625063031912,0.5,0.0,0.12369045317173004
1,93,TENX141,1259,046x015,3957,17807,0.15582144409418106,0.013365071742789624,0.03337091915309429,0.3,0.0,0.08506355434656143
1,94,TENX141,2467,084x006,668,31694,0.15581012666225433,0.010845924565964686,0.04846824612468481,0.0,0.0,0.0
1,95,TENX141,2747,092x009,1765,34618,0.15578774213790894,0.006535399755885055,0.09102114588022232,0.0,0.0,0.0
1,96,TENX141,2074,071x036,11631,26943,0.155763840675354,0.012419161518073806,0.16793611980974674,0.3,0.0,0.07799098640680313
1,97,TENX141,369,017x012,2861,7210,0.15573770701885223,0.006447988807539789,0.04578729663044214,0.5,0.0,0.14255216121673583
1,98,TENX141,2757,092x019,5419,34618,0.15572210550308227,0.013185848444582454,0.016642811149358748,0.0,0.0,0.0
1,99,TENX141,3019,100x017,4688,37541,0.15570373237133026,0.009108419567571675,0.006530906073749065,0.4,0.0,0.09828979074954987
1,100,TENX141,1562,055x035,11266,21096,0.1556916654109955,0.00916547295651294,0.050518189743161204,0.0,0.0,0.0
1,101,TENX141,267,013x014,3592,5748,0.15567701160907746,0.010672550887203742,-0.019040394201874734,0.1,0.0,0.029114148020744322
1,102,TENX141,2711,091x007,1034,34252,0.15563139021396638,0.010616946812104837,0.06164959967136383,0.0,0.0,0.0
1,103,TENX141,2068,071x030,9439,26943,0.15563004314899445,0.009064589604373122,-0.05094465631991625,0.0,0.0,0.0
1,104,TENX141,1512,054x017,4688,20731,0.15559675991535188,0.00839333319346335,0.04827504623681307,0.4,0.0,0.10314386337995529
1,105,TENX141,2702,090x032,10170,33887,0.15554149597883224,0.013306023684475388,-0.07532660737633705,0.4,0.0,0.10666965842247009
1,106,TENX141,2927,097x022,6515,36445,0.1555348739027977,0.009188263719800402,0.08138364776968957,0.1,0.0,0.028426480293273926
1,107,TENX141,73,003x043,14190,2093,0.15553381890058518,0.013330481593660343,-0.0920438926666975,0.0,0.0,0.0
1,108,TENX141,1509,054x014,3592,20731,0.15552872270345688,0.00911055035999744,0.048831209540367126,0.0,0.0,0.0
1,109,TENX141,1195,043x041,13459,16711,0.15552548170089722,0.009165669736332949,0.08455890081822873,0.3,0.0,0.07632699012756347
1,110,TENX141,2391,081x025,7612,30598,0.15551986694335937,0.014088992890750484,-0.037225543335080144,0.2,0.0,0.05178668200969696
1,111,TENX141,1115,041x021,6150,15980,0.1555072098970413,0.012847518837367775,-0.0829397203400731,0.0,0.0,0.0
1,112,TENX141,764,031x007,1034,12326,0.15549094676971437,0.015902519861406134,-0.03064086437225342,0.0,0.0,0.0
1,113,TENX141,970,036x031,9804,14153,0.15547584891319274,0.01283586325732058,-0.005547071248292923,0.3,0.0,0.07890215814113617
1,114,TENX141,2286,078x016,4323,29501,0.15545970499515532,0.014008754326094766,-0.03288380838930607,0.3,0.0,0.07872897684574127
1,115,TENX141,3066,102x030,9439,38272,0.15545607805252076,0.012643614296889634,0.05521383322775364,0.1,0.0,0.02661454975605011
1,116,TENX141,2640,088x039,12728,33156,0.1554420232772827,0.01724737886233339,-0.002377779595553875,0.1,0.0,0.03155149817466736
1,117,TENX141,2319,079x015,3957,29867,0.15544020682573317,0.010070860337841011,-0.05073432363569737,0.0,0.0,0.0
1,118,TENX141,2601,087x035,11266,32790,0.15534853488206862,0.010508022840642239,0.05917631015181542,0.3,0.0,0.08021789193153381
1,119,TENX141,2712,091x008,1399,34252,0.155269256234169,0.007488466102503923,-0.014567487686872483,0.0,0.0,0.0
1,120,TENX141,1766,062x015,3957,23654,0.1552600994706154,0.009168755788599922,0.06452378816902637,0.0,0.0,0.0
1,121,TENX141,2237,076x033,10535,28771,0.15523507744073867,0.0065101481031531626,0.09391546286642552,0.0,0.0,0.0
1,122,TENX141,1705,060x016,4323,22924,0.15522545725107192,0.01351605133290484,-0.13652758542448282,0.0,0.0,0.0
1,123,TENX141,2749,092x011,2495,34618,0.15520382523536683,0.01309187862194346,0.010240381956100464,0.2,0.0,0.05422722995281219
1,124,TENX141,1258,046x014,3592,17807,0.15519941449165345,0.015788768671667626,0.057340240105986595,0.1,0.0,0.029073110222816466
1,125,TENX141,1603,057x010,2130,21827,0.15515554398298265,0.014131914697425935,0.19492432996630668,0.0,0.0,0.0
1,126,TENX141,1136,041x042,13824,15980,0.15514238327741622,0.008707178674319012,0.07262352257966995,0.2,0.0,0.05677453577518463
1,127,TENX141,2016,070x010,2130,26578,0.1551153153181076,0.007551548600345782,0.08318386524915695,0.0,0.0,0.0
1,128,TENX141,2471,084x010,2130,31694,0.15508580654859544,0.008268543383882056,0.06805941257625818,0.0,0.0,0.0
1,129,TENX141,2229,076x025,7612,28771,0.15508360862731935,0.011256314892004234,-0.0845586858689785,0.4,0.0,0.10594459772109985
1,130,TENX141,261,012x039,12728,5382,0.15502956956624986,0.010046490226891929,0.006500289216637612,0.0,0.0,0.0
1,131,TENX141,2458,083x029,9073,31329,0.1550205558538437,0.01131140363581237,0.016811877861618994,0.3,0.0,0.07479636073112488
1,132,TENX141,1755,061x035,11266,23289,0.15500800013542176,0.007637687834337991,-0.039201905392110346,0.4,0.0,0.10498154014348984
1,133,TENX141,2910,096x039,12728,36079,0.15499094128608704,0.009234065138778377,0.048192677274346354,0.3,0.0,0.0821390062570572
1,134,TENX141,917,035x013,3226,13788,0.15499077439308168,0.016464972106010167,-0.09710955508053302,0.1,0.0,0.027388876676559447
1,135,TENX141,934,035x030,9439,13788,0.15491708219051362,0.010515235158699048,-0.038863282278180124,0.0,0.0,0.0
1,136,TENX141,2450,083x021,6150,31329,0.15490230917930603,0.012729986806237792,0.1288761667907238,0.3,0.0,0.07943929731845856
1,137,TENX141,1998,069x024,7246,26212,0.15479977130889894,0.009466614348489305,-0.11947593186050653,0.1,0.0,0.02808792293071747
1,138,TENX141,2575,087x009,1765,32790,0.15478598475456237,0.00844161526942795,-0.049483141675591466,0.3,0.0,0.07714920192956924
1,139,TENX141,1808,063x026,7977,24020,0.15477638989686965,0.013159039989066265,0.11621139608323575,0.0,0.0,0.0
1,140,TENX141,87,004x042,13824,2459,0.15476434975862502,0.016840033979129754,-0.0438589159399271,0.2,0.0,0.07507233023643493
1,141,TENX141,1606,057x013,3226,21827,0.1547546610236168,0.012442404583746163,-0.03803235851228237,0.0,0.0,0.0
1,142,TENX141,1173,043x019,5419,16711,0.1547517418861389,0.008638934439790821,-0.08502875864505768,0.5,0.0,0.1278076007962227
1,143,TENX141,669,028x026,7977,11229,0.1547444775700569,0.0119989315977922,0.049942527711391446,0.0,0.0,0.0
1,144,TENX141,1106,040x042,13824,15615,0.15473989695310592,0.012442749056968709,0.12901040017604828,0.5,0.0,0.14398528188467025
1,145,TENX141,2264,077x027,8343,29136,0.1547381490468979,0.009554003754529061,0.024666227400302887,0.4,0.0,0.10025196969509124
1,146,TENX141,1787,062x036,11631,23654,0.1547078937292099,0.011024956003147733,-0.13010744266211988,0.0,0.0,0.0
1,147,TENX141,155,008x041,13459,3921,0.15470579415559768,0.011751946203447489,0.08737492896616458,0.3,0.0,0.08808402568101883
1,148,TENX141,1189,043x035,11266,16711,0.1547049254179001,0.011447933257911758,-0.04016904756426811,0.0,0.0,0.0
1,149,TENX141,839,033x007,1034,13057,0.15469201952219008,0.011031346636549753,0.016929489746689796,0.0,0.0,0.0
1,150,TENX141,1554,055x027,8343,21096,0.1546691358089447,0.008108492874856418,0.06596123874187469,0.0,0.0,0.0
1,151,TENX141,2719,091x015,3957,34252,0.15465336441993713,0.011099480267426775,-0.023107836209237575,0.3,0.0,0.07860789895057678
1,152,TENX141,1178,043x024,7246,16711,0.1546378642320633,0.013994821421170216,0.02257057297974825,0.3,0.0,0.07650754749774932
1,153,TENX141,1027,038x021,6150,14884,0.15462471842765807,0.010491602170848501,0.0004773035645484924,0.3,0.0,0.08047105967998505
1,154,TENX141,2203,075x032,10170,28405,0.15461802035570144,0.012228085194990084,0.005486760661005974,0.0,0.0,0.0
1,155,TENX141,1438,051x039,12728,19635,0.15459496825933455,0.009849425717392847,0.0603628097102046,0.4,0.0,0.10113524347543716
1,156,TENX141,2196,075x025,7612,28405,0.15455909073352814,0.009353940767214592,-0.0599456874653697,0.5,0.0,0.12814828008413315
1,157,TENX141,2474,084x013,3226,31694,0.15455826967954636,0.01269198895928905,-0.003671480156481266,0.3,0.0,0.07520925551652909
1,158,TENX141,2240,076x036,11631,28771,0.15454314053058624,0.009313460396769974,0.006424324586987495,0.0,0.0,0.0
1,159,TENX141,2867,095x030,9439,35714,0.15452404618263244,0.011483490464457097,-0.03659415282309055,0.4,0.0,0.10092701166868209
1,160,TENX141,2498,084x037,11997,31694,0.15449555367231368,0.010768244379241006,-0.014259503781795501,0.0,0.0,0.0
1,161,TENX141,1494,053x031,9804,20365,0.15449033230543135,0.011451399748782645,-0.08287563528865576,0.1,0.0,0.025731751322746278
1,162,TENX141,2691,090x021,6150,33887,0.15448925793170928,0.009061450646141753,-0.13974212892353535,0.5,0.0,0.12468965947628022
1,163,TENX141,2075,071x037,11997,26943,0.15447100400924682,0.009009063383419244,0.027742755599319935,0.1,0.0,0.024827852845191956
1,164,TENX141,2721,091x017,4688,34252,0.15444419384002686,0.011863316474556391,0.08150342404842377,0.0,0.0,0.0
1,165,TENX141,2454,083x025,7612,31329,0.15444120913743972,0.009865380502262561,0.048093168437480925,0.2,0.0,0.05421290695667267
1,166,TENX141,1018,038x012,2861,14884,0.15442830622196196,0.005647925566608445,0.10964657068252563,0.0,0.0,0.0
1,167,TENX141,2261,077x024,7246,29136,0.15441896617412568,0.009368086499766587,-0.02179243564605713,0.4,0.0,0.10125192999839783
1,168,TENX141,2896,096x025,7612,36079,0.15441697388887404,0.012796604940757727,0.10295571386814117,0.1,0.0,0.02465582937002182
1,169,TENX141,1070,039x035,11266,15249,0.15440967977046965,0.014618928151688759,-0.05516854617744684,0.4,0.0,0.1063228577375412
1,170,TENX141,943,035x039,12728,13788,0.1543774962425232,0.013778256782271198,-0.06303500290960073,0.1,0.0,0.024117104709148407
1,171,TENX141,2324,079x020,5784,29867,0.1543702408671379,0.016895008593921807,0.05300991032272577,0.0,0.0,0.0
1,172,TENX141,2807,093x036,11631,34983,0.1543648585677147,0.0129065332014955,0.015849535912275316,0.0,0.0,0.0
1,173,TENX141,1062,039x027,8343,15249,0.15434033125638963,0.012146962474406947,0.025989028625190258,0.0,0.0,0.0
1,174,TENX141,2548,086x017,4688,32425,0.15432559251785277,0.015816858657249862,-0.012619897909462451,0.4,0.0,0.10092410445213318
1,175,TENX141,1672,059x015,3957,22558,0.1543145403265953,0.015397212554590983,-0.005872635170817375,0.0,0.0,0.0
1,176,TENX141,1413,051x014,3592,19635,0.1543071299791336,0.011257518664627963,-0.0958739835768938,0.2,0.0,0.05511493682861328
1,177,TENX141,636,027x031,9804,10864,0.15428251773118973,0.010136963351004006,-0.03883966505527496,0.0,0.0,0.0
1,178,TENX141,2537,086x006,668,32425,0.15427690148353576,0.012434107734961213,0.003245077654719353,0.0,0.0,0.0
1,179,TENX141,2145,074x008,1399,28040,0.1542724534869194,0.009487057403994218,0.0369929276406765,0.0,0.0,0.0
1,180,TENX141,2562,086x031,9804,32425,0.15426457226276397,0.01339812343462679,0.020801261998713017,0.0,0.0,0.0
1,181,TENX141,2141,073x037,11997,27674,0.15425132662057878,0.0184859934064313,0.0017766073346138001,0.0,0.0,0.0
1,182,TENX141,1657,058x032,10170,22193,0.15422894060611725,0.013090264177998252,0.08116191178560257,0.2,0.0,0.05490821897983551
1,183,TENX141,803,032x008,1399,12691,0.15422142297029495,0.012527662405632486,0.08137021735310554,0.1,0.0,0.027068528532981872
1,184,TENX141,2839,094x035,11266,35348,0.15421113967895508,0.012685186109933274,0.08873430974781513,0.0,0.0,0.0
1,185,TENX141,2833,094x029,9073,35348,0.15420953631401063,0.010367767227962498,0.030847308598458766,0.3,0.0,0.07842158079147339
1,186,TENX141,1889,066x011,2495,25116,0.15417760610580444,0.011675072824643386,0.011113109439611435,0.0,0.0,0.0
1,187,TENX141,2388,081x022,6515,30598,0.15417291820049286,0.009786301638846832,-0.002085612155497074,0.5,0.0,0.12312753945589065
1,188,TENX141,2990,099x017,4688,37176,0.15415917634963988,0.007321237624030713,0.12096431963145733,0.1,0.0,0.024889262020587923
1,189,TENX141,2769,092x031,9804,34618,0.15415518283843993,0.012675638204869711,-0.02131790742278099,0.0,0.0,0.0
1,190,TENX141,1575,056x015,3957,21462,0.1541442260146141,0.009064895133044674,-0.11702558510005474,0.0,0.0,0.0
1,191,TENX141,1401,050x034,10901,19269,0.15412069857120514,0.014206649920699562,0.06009079553186893,0.1,0.0,0.026084756851196288
1,192,TENX141,1107,041x013,3226,15980,0.15411472469568252,0.012643924597050743,0.035133165493607524,0.0,0.0,0.0
1,193,TENX141,2551,086x020,5784,32425,0.15408838391304017,0.014737673820248135,0.08227870091795922,0.3,0.0,0.07868686765432358
1,194,TENX141,1968,068x026,7977,25847,0.15407743006944657,0.013923659590588328,0.08752485755831003,0.0,0.0,0.0
1,195,TENX141,2298,078x028,8708,29501,0.15406875759363176,0.011162376490517281,-0.003106684237718582,0.4,0.0,0.10361498594284058
1,196,TENX141,1897,066x019,5419,25116,0.15406647473573684,0.010765937133836532,-0.026786778680980207,0.3,0.0,0.07412190288305283
1,197,TENX141,2825,094x021,6150,35348,0.1540577307343483,0.008078179327802014,-0.07196498773992062,0.5,0.0,0.1226972445845604
1,198,TENX141,1055,039x020,5784,15249,0.15404946655035018,0.016913436963182555,0.11210481822490692,0.2,0.0,0.052323725819587705
1,199,TENX141,2978,098x039,12728,36810,0.15402110069990158,0.009510717045110098,-0.01340941321104765,0.1,0.0,0.024733376502990723
1,200,TENX141,630,027x025,7612,10864,0.15401833653450012,0.010887818999253075,0.018695983663201333,0.0,0.0,0.0
1,201,TENX141,800,031x043,14190,12326,0.15398923605680465,0.011057318885258845,0.006452449783682823,0.0,0.0,0.0
1,202,TENX141,1831,064x017,4688,24385,0.15398118942975997,0.011031148612761301,0.02988409772515297,0.0,0.0,0.0
1,203,TENX141,1194,043x040,13093,16711,0.1539564162492752,0.009819327299972834,0.016667731665074827,0.4,0.0,0.10267504453659057
1,204,TENX141,1274,046x030,9439,17807,0.15395283848047256,0.0118902447960089,0.16642957516014575,0.1,0.0,0.02794097363948822
1,205,TENX141,2377,081x011,2495,30598,0.1539314106106758,0.010300214431181289,-0.03280059657990932,0.4,0.0,0.10627077221870422
1,206,TENX141,303,014x027,8343,6113,0.15392568856477737,0.014981505876036926,0.033113639801740646,0.0,0.0,0.0
1,207,TENX141,2673,089x037,11997,33521,0.15389353781938553,0.012496896240576202,-0.04944414924830198,0.4,0.0,0.10135763436555863
1,208,TENX141,2899,096x028,8708,36079,0.1538384199142456,0.014259056666730614,0.0368021534755826,0.0,0.0,0.0
1,209,TENX141,1306,047x032,10170,18173,0.1538083955645561,0.007600464021464605,0.13368617072701455,0.4,0.0,0.10201108008623123
1,210,TENX141,2258,077x021,6150,29136,0.15380486994981765,0.007609454279130836,-0.060814918018877506,0.4,0.0,0.10756587088108063
1,211,TENX141,2995,099x022,6515,37176,0.15379601269960402,0.011477143247207727,0.03652005884796381,0.4,0.0,0.10209622979164124
1,212,TENX141,61,003x025,7612,2093,0.15379447788000106,0.014980802335956693,0.09893612936139107,0.1,0.0,0.03479850888252258
1,213,TENX141,2875,095x038,12362,35714,0.15378463119268418,0.010608742860736424,0.07163603901863098,0.4,0.0,0.10202311277389527
1,214,TENX141,2334,079x030,9439,29867,0.15377316921949385,0.009139728482884527,0.14608187451958657,0.0,0.0,0.0
1,215,TENX141,1308,047x034,10901,18173,0.15375759154558183,0.014629988312290183,0.05652101561427116,0.1,0.0,0.02702089846134186
1,216,TENX141,1704,060x015,3957,22924,0.1537406325340271,0.008858102869129216,0.019786411896348,0.0,0.0,0.0
1,217,TENX141,1444,052x014,3592,20000,0.15373125970363616,0.013359818141661905,0.07478259596973658,0.1,0.0,0.029608488082885742
1,218,TENX141,1529,054x034,10901,20731,0.1537298008799553,0.007037551947418691,0.025106880441308023,0.1,0.0,0.02459799498319626
1,219,TENX141,2267,077x030,9439,29136,0.15371356904506683,0.013342703631753626,-0.021811351552605628,0.1,0.0,0.025952601432800294
1,220,TENX141,1708,060x019,5419,22924,0.15370638370513917,0.012431780434393386,0.03457626532763243,0.2,0.0,0.05104925483465195
1,221,TENX141,1171,043x017,4688,16711,0.15370572060346605,0.01187848829672156,-0.12059473991394043,0.0,0.0,0.0
1,222,TENX141,1104,040x040,13093,15615,0.15370169878005982,0.007786980903460629,-0.013132108002901077,0.0,0.0,0.0
1,223,TENX141,2599,087x033,10535,32790,0.15369175374507904,0.01294458876278962,0.052785695530474186,0.3,0.0,0.07260361760854721
1,224,TENX141,2610,088x009,1765,33156,0.153644922375679,0.008544970956826532,-0.07446636408567428,0.0,0.0,0.0
1,225,TENX141,159,009x014,3592,4286,0.15362979769706725,0.013459466208687987,0.06409723237156868,0.1,0.0,0.031861379742622375
1,226,TENX141,2012,069x038,12362,26212,0.15362730026245117,0.012484850660039973,0.12665997333824636,0.0,0.0,0.0
1,227,TENX141,2268,077x031,9804,29136,0.15362211167812348,0.009616208170393489,-0.04162432327866554,0.0,0.0,0.0
1,228,TENX141,2868,095x031,9804,35714,0.1536197617650032,0.012434841242044086,-0.010659630224108697,0.2,0.0,0.049487434327602386
1,229,TENX141,1673,059x016,4323,22558,0.15361261665821074,0.010513735795103828,0.06951475031673908,0.0,0.0,0.0
1,230,TENX141,2299,078x029,9073,29501,0.15357468277215958,0.009493340738091702,0.01900060474872589,0.3,0.0,0.07837265729904175
1,231,TENX141,2984,099x011,2495,37176,0.15355557799339295,0.012026602099573767,0.04250409621745348,0.0,0.0,0.0
1,232,TENX141,1676,059x019,5419,22558,0.15354034006595613,0.007679229026439958,-0.10104733817279339,0.0,0.0,0.0
1,233,TENX141,1322,048x018,5054,18538,0.15352358520030976,0.011739097839917827,0.06473764833062887,0.1,0.0,0.03218228816986084
1,234,TENX141,1892,066x014,3592,25116,0.15351319909095765,0.006523216203945426,-0.0747972872108221,0.0,0.0,0.0
1,235,TENX141,2195,075x024,7246,28405,0.15350105315446855,0.006112992888340918,0.034678032621741295,0.1,0.0,0.025330314040184022
1,236,TENX141,904,034x036,11631,13422,0.15349375754594802,0.00955016854358782,0.037877507507801056,0.3,0.0,0.07410793453454971
1,237,TENX141,278,013x029,9073,5748,0.1534866139292717,0.011493179322920032,0.0662980854511261,0.0,0.0,0.0
1,238,TENX141,1796,063x014,3592,24020,0.1534585490822792,0.009912021029161966,-0.07732852399349213,0.0,0.0,0.0
1,239,TENX141,2602,087x036,11631,32790,0.15345000177621843,0.013006274496395893,0.044945229589939115,0.0,0.0,0.0
1,240,TENX141,1613,057x020,5784,21827,0.15343935042619705,0.01526255972880907,0.03186304308474064,0.0,0.0,0.0
1,241,TENX141,2746,092x008,1399,34618,0.1534385308623314,0.011261081556465694,-0.05678882449865341,0.1,0.0,0.027823254466056824
1,242,TENX141,939,035x035,11266,13788,0.15343833714723587,0.007470043672448014,-0.07874570712447167,0.0,0.0,0.0
1,243,TENX141,603,026x035,11266,10499,0.15343107432126998,0.013165923911889083,0.02580462731420994,0.3,0.0,0.08167288601398467
1,244,TENX141,2789,093x018,5054,34983,0.15342604368925095,0.010440119180843511,0.02899860367178917,0.0,0.0,0.0
1,245,TENX141,367,017x007,1034,7210,0.1534213274717331,0.01413991655511328,0.010128421522676945,0.1,0.0,0.027559655904769897
1,246,TENX141,1245,045x031,9804,17442,0.15340539962053298,0.014546395077224277,0.08696675263345241,0.1,0.0,0.027780479192733763
1,247,TENX141,514,024x016,4323,9768,0.15338564664125443,0.011014314677333194,0.13589094765484333,0.4,0.0,0.12360779345035552
1,248,TENX141,2108,072x037,11997,27309,0.15338493436574935,0.007749492216631411,0.060102944076061246,0.0,0.0,0.0
1,249,TENX141,1782,062x031,9804,23654,0.1533739909529686,0.010383157978050795,-0.1217911634594202,0.0,0.0,0.0
1,250,TENX141,2118,073x014,3592,27674,0.1533622160553932,0.01037210825975459,-0.09587144050747157,0.0,0.0,0.0
1,251,TENX141,2419,082x022,6515,30963,0.1533345103263855,0.006146350798779951,0.10121257640421391,0.2,0.0,0.05088721364736557
1,252,TENX141,1361,049x026,7977,18904,0.15332289189100265,0.011059130120304806,0.02539428249001503,0.0,0.0,0.0
1,253,TENX141,2486,084x025,7612,31694,0.1533133029937744,0.007531513971945076,-0.12661605812609195,0.3,0.0,0.07517516165971756
1,254,TENX141,2178,075x007,1034,28405,0.15331175327301025,0.011194824228818677,0.01462552286684513,0.0,0.0,0.0
1,255,TENX141,1764,062x013,3226,23654,0.15324154049158095,0.009073329109917922,0.04147838912904263,0.0,0.0,0.0
1,256,TENX141,516,024x018,5054,9768,0.1532265231013298,0.012100712221461547,-0.11089163273572922,0.2,0.0,0.057791011035442354
2,1,TENX141,1807,063x025,7612,24020,0.39102778732776644,0.07889890127873865,0.9711639642715454,1.0,1.0,0.686771446466446
2,2,TENX141,1909,066x031,9804,25116,0.3880083054304123,0.06490972498942828,0.9110138058662415,1.0,1.0,0.6902282953262329
2,3,TENX141,2998,099x025,7612,37176,0.3863746583461761,0.06789506196326682,0.9183659732341767,1.0,1.0,0.6876934587955474
2,4,TENX141,3063,102x024,7246,38272,0.3859581857919693,0.09717365964802503,0.8860590904951096,1.0,1.0,0.6651682376861572
2,5,TENX141,2483,084x022,6515,31694,0.3853082865476608,0.0678500685132006,1.0019976139068603,1.0,1.0,0.6770459353923798
2,6,TENX141,2484,084x023,6881,31694,0.38470264673233034,0.08101821192676847,0.9329720675945282,1.0,1.0,0.6632502853870392
2,7,TENX141,3043,101x017,4688,37907,0.38422219157218934,0.07869290676184026,0.8730020374059677,1.0,1.0,0.6811875402927399
2,8,TENX141,2545,086x014,3592,32425,0.3836719483137131,0.07286793932511655,0.918102914094925,1.0,1.0,0.6778899490833282
2,9,TENX141,2587,087x021,6150,32790,0.3833040058612823,0.062071214828663686,0.9960701525211334,1.0,1.0,0.6924538731575012
2,10,TENX141,1307,047x033,10535,18173,0.383207905292511,0.07297048897713843,0.8609187930822373,1.0,1.0,0.6719328224658966
2,11,TENX141,2724,091x020,5784,34252,0.38308918476104736,0.08480741343025303,0.7542614668607712,1.0,1.0,0.681258100271225
2,12,TENX141,1225,044x041,13459,17076,0.38290683925151825,0.07908765491654635,1.006271892786026,1.0,1.0,0.6742292404174804
2,13,TENX141,3062,102x023,6881,38272,0.38152830600738524,0.07537332553928508,0.9589790865778923,1.0,1.0,0.686336773633957
2,14,TENX141,942,035x038,12362,13788,0.3814008146524429,0.07565371096726191,0.8701598823070527,1.0,1.0,0.6792472422122955
2,15,TENX141,1519,054x024,7246,20731,0.3808286964893341,0.08998528641839308,0.9882108211517334,1.0,1.0,0.670108413696289
2,16,TENX141,2107,072x036,11631,27309,0.3807581752538681,0.07562960783234206,1.0167993783950806,1.0,1.0,0.6808891117572784
2,17,TENX141,2089,072x018,5054,27309,0.3804712653160095,0.0754746843593381,0.8078575089573861,1.0,1.0,0.6751676201820374
2,18,TENX141,2691,090x021,6150,33887,0.3802697271108627,0.07283495801022893,0.7435279935598373,1.0,1.0,0.6787910401821137
2,19,TENX141,2623,088x022,6515,33156,0.38004982769489287,0.08768340369160815,0.8826105907559395,1.0,1.0,0.6724286019802094
2,20,TENX141,2453,083x024,7246,31329,0.38003883957862855,0.06655881442319242,0.9800213515758515,1.0,1.0,0.6719372868537903
2,21,TENX141,2960,098x021,6150,36810,0.3799541801214218,0.08748406570027822,0.9188446372747421,1.0,1.0,0.6685518682003021
2,22,TENX141,2686,090x016,4323,33887,0.3798019915819168,0.06894514059785826,1.0510042130947113,1.0,1.0,0.6771030843257904
2,23,TENX141,2361,080x026,7977,30232,0.3797771692276001,0.0805273811859341,0.8664360076189042,1.0,1.0,0.6696840405464173
2,24,TENX141,2222,076x018,5054,28771,0.37951889634132385,0.08828834138713158,0.9779478490352631,1.0,1.0,0.6725254774093627
2,25,TENX141,3028,100x026,7977,37541,0.37868722677230837,0.07773881899813469,0.9080189019441605,1.0,1.0,0.6712369203567505
2,26,TENX141,2173,074x036,11631,28040,0.3785831660032272,0.07187309994084799,0.8714083969593048,1.0,1.0,0.6724527060985566
2,27,TENX141,2689,090x019,5419,33887,0.37839176654815676,0.07585108291439363,0.8740250021219254,1.0,1.0,0.6696891784667969
2,28,TENX141,2031,070x025,7612,26578,0.3780705213546753,0.08273944811380393,0.8932832598686218,1.0,1.0,0.6748922348022461
2,29,TENX141,2055,071x017,4688,26943,0.3780026793479919,0.08729091070354277,0.863170400261879,1.0,1.0,0.6631518065929413
2,30,TENX141,1503,053x040,13093,20365,0.37789991199970246,0.08324343211436606,0.9237443059682846,1.0,1.0,0.6654073059558868
2,31,TENX141,2391,081x025,7612,30598,0.37783431708812715,0.08028753304539636,0.8311414599418641,1.0,1.0,0.6606832802295685
2,32,TENX141,2510,085x014,3592,32059,0.3776309251785278,0.08475776442389513,0.9504761248826981,1.0,1.0,0.6851919412612915
2,33,TENX141,1553,055x026,7977,21096,0.3776195883750916,0.07906836617670035,0.7748327761888504,1.0,1.0,0.6656731903553009
2,34,TENX141,2540,086x009,1765,32425,0.3774765819311142,0.07868520932216687,0.9661685407161713,1.0,1.0,0.6710058748722076
2,35,TENX141,2291,078x021,6150,29501,0.3773635059595108,0.07774246788671628,0.8733431339263916,1.0,1.0,0.6710381865501404
2,36,TENX141,1625,057x032,10170,21827,0.3773329496383667,0.08304881748266765,0.7919565230607987,1.0,1.0,0.6703492999076843
2,37,TENX141,2060,071x022,6515,26943,0.3771448642015457,0.07829579797797037,0.7982366591691971,1.0,1.0,0.6658696532249451
2,38,TENX141,2105,072x034,10901,27309,0.3771295309066772,0.08308512416298051,0.9429436713457108,1.0,1.0,0.6732771337032318
2,39,TENX141,2589,087x023,6881,32790,0.3770152598619461,0.07685843828930701,0.887606218457222,1.0,1.0,0.6757374048233032
2,40,TENX141,2295,078x025,7612,29501,0.37696323692798617,0.06784891882066142,0.9628987014293671,1.0,1.0,0.677898234128952
2,41,TENX141,2188,075x017,4688,28405,0.3768589437007904,0.08645040567187921,0.8019856795668602,1.0,1.0,0.6590075373649598
2,42,TENX141,1780,062x029,9073,23654,0.37680878937244416,0.07870966162218791,0.9461918115615845,1.0,1.0,0.6565873205661774
2,43,TENX141,2290,078x020,5784,29501,0.37666780054569243,0.07257183718440337,0.8984897136688232,1.0,1.0,0.6722406685352326
2,44,TENX141,2732,091x028,8708,34252,0.3766069561243057,0.06257217438480149,0.8771847605705261,1.0,1.0,0.6781347334384918
2,45,TENX141,1775,062x024,7246,23654,0.37647646963596343,0.07148839316025324,0.8278306007385254,1.0,1.0,0.6715504348278045
2,46,TENX141,2370,080x035,11266,30232,0.3764150679111481,0.08106125769267947,0.8445168197154999,1.0,1.0,0.6476964831352234
2,47,TENX141,2620,088x019,5419,33156,0.37639263868331907,0.07553530248699948,0.9124002754688263,1.0,1.0,0.6741720974445343
2,48,TENX141,1186,043x032,10170,16711,0.37631230652332304,0.06823960400623862,0.8863205790519715,1.0,1.0,0.6736492216587067
2,49,TENX141,3027,100x025,7612,37541,0.37623550891876223,0.08167047248158582,0.8422454446554184,1.0,1.0,0.6800681829452515
2,50,TENX141,2230,076x026,7977,28771,0.3762095719575882,0.08455935617121939,0.8879779398441314,1.0,1.0,0.6720534443855286
2,51,TENX141,1724,060x035,11266,22924,0.37618773579597475,0.08050619898207602,0.853674691915512,1.0,1.0,0.662612795829773
2,52,TENX141,1723,060x034,10901,22924,0.3761404365301132,0.07551754535751092,0.9824750542640686,1.0,1.0,0.6748970687389374
2,53,TENX141,3019,100x017,4688,37541,0.3760456472635269,0.08372883744799059,0.8644695967435837,1.0,1.0,0.6686053574085236
2,54,TENX141,1182,043x028,8708,16711,0.37592806816101076,0.08521890736856125,0.8060939937829972,1.0,1.0,0.6718662559986115
2,55,TENX141,1387,050x020,5784,19269,0.3757991135120392,0.07872844225625024,0.855709770321846,1.0,1.0,0.6678063929080963
2,56,TENX141,1551,055x024,7246,21096,0.37564128935337066,0.08200889241773252,0.7786138966679573,1.0,1.0,0.679202651977539
2,57,TENX141,1588,056x028,8708,21462,0.37543582916259766,0.07870682907131034,0.9711917161941528,1.0,1.0,0.6655870497226715
2,58,TENX141,1451,052x021,6150,20000,0.3753706216812134,0.08477930446445602,0.8710562691092492,1.0,1.0,0.6620544612407684
2,59,TENX141,2813,094x009,1765,35348,0.37536063194274905,0.07979286677807292,0.7988978773355484,1.0,1.0,0.6627890765666962
2,60,TENX141,2799,093x028,8708,34983,0.3752904772758484,0.06568951164408657,0.9150818169116974,1.0,1.0,0.6677698016166687
2,61,TENX141,1977,068x035,11266,25847,0.3752755135297775,0.07681882444824473,0.8772510021924973,1.0,1.0,0.6775573313236236
2,62,TENX141,1148,042x024,7246,16346,0.3749252438545227,0.07447151264873945,1.0151118457317352,1.0,1.0,0.6595935821533203
2,63,TENX141,1202,044x018,5054,17076,0.3748779624700546,0.07620852454632422,1.025094336271286,1.0,1.0,0.6651800334453583
2,64,TENX141,2451,083x022,6515,31329,0.37484035789966585,0.06910183268327788,0.9080775022506714,1.0,1.0,0.6674876928329467
2,65,TENX141,2588,087x022,6515,32790,0.3748267501592636,0.06763403676924382,0.9093376934528351,1.0,1.0,0.6623322308063507
2,66,TENX141,1187,043x033,10535,16711,0.3745494395494461,0.07376187132585105,0.9212504476308823,1.0,1.0,0.6736572325229645
2,67,TENX141,2326,079x022,6515,29867,0.3743951827287674,0.06943260417101643,0.8804922252893448,1.0,1.0,0.6713155925273895
2,68,TENX141,2683,090x013,3226,33887,0.37436202466487883,0.07452553605849982,0.9290032356977462,1.0,1.0,0.6773670256137848
2,69,TENX141,903,034x035,11266,13422,0.3743171691894531,0.08107426301221168,0.9032898664474487,1.0,1.0,0.6664628028869629
2,70,TENX141,2884,096x013,3226,36079,0.3740998566150665,0.08370861241877364,0.8586591601371765,1.0,1.0,0.6696834683418273
2,71,TENX141,2988,099x015,3957,37176,0.374067959189415,0.08164524693106111,0.8737259387969971,1.0,1.0,0.6630278468132019
2,72,TENX141,2999,099x026,7977,37176,0.3739492744207382,0.08351220189239678,0.9684256613254547,1.0,1.0,0.6536046981811523
2,73,TENX141,2920,097x015,3957,36445,0.37381517291069033,0.08223391126627215,0.7184972375631332,1.0,0.9,0.6587398320436477
2,74,TENX141,1419,051x020,5784,19635,0.37376612424850464,0.07716827954179324,0.7272283062338829,1.0,1.0,0.6636962354183197
2,75,TENX141,2515,085x019,5419,32059,0.37367151379585267,0.07151182825770683,0.8968549504876137,1.0,1.0,0.6791633784770965
2,76,TENX141,3042,101x016,4323,37907,0.3736390620470047,0.08305913536452154,0.8007376194000244,1.0,1.0,0.6705728530883789
2,77,TENX141,1042,038x036,11631,14884,0.37358956336975097,0.07651032725119067,0.813590070605278,1.0,1.0,0.6770069599151611
2,78,TENX141,2075,071x037,11997,26943,0.37356835007667544,0.08548682848405185,0.8851556360721589,1.0,1.0,0.6545340299606324
2,79,TENX141,1263,046x019,5419,17807,0.37355476021766665,0.07660420671204315,0.9285661965608597,1.0,1.0,0.6472191691398621
2,80,TENX141,3015,100x013,3226,37541,0.37351707816123964,0.0803024095171744,0.8687747597694397,1.0,1.0,0.6654108703136444
2,81,TENX141,2316,079x012,2861,29867,0.37345693707466127,0.07416362980145005,0.9180344402790069,1.0,1.0,0.6700938820838929
2,82,TENX141,1370,049x035,11266,18904,0.37337586581707,0.08014425289527119,0.7717670723795891,1.0,1.0,0.6707917988300324
2,83,TENX141,1075,039x040,13093,15249,0.3733500748872757,0.08862449771677947,0.9144847214221954,1.0,1.0,0.6572103381156922
2,84,TENX141,3052,101x027,8343,37907,0.3733124852180481,0.08593161946587759,0.8852577090263367,1.0,1.0,0.6652989089488983
2,85,TENX141,2220,076x016,4323,28771,0.37324284911155703,0.08156831197368111,0.9062148809432984,1.0,1.0,0.6627785742282868
2,86,TENX141,1840,064x026,7977,24385,0.37320789992809295,0.07720002618686016,0.8471907287836075,1.0,1.0,0.6701495110988617
2,87,TENX141,1244,045x030,9439,17442,0.37318940460681915,0.07125097236733724,1.0412081897258758,1.0,1.0,0.6647689878940582
2,88,TENX141,2741,091x037,11997,34252,0.3731841653585434,0.08956323440290428,0.9093857109546661,1.0,1.0,0.6600946247577667
2,89,TENX141,1105,040x041,13459,15615,0.37312410324811934,0.0884063980702957,0.8287802472710609,1.0,0.9,0.651309797167778
2,90,TENX141,2123,073x019,5419,27674,0.37303711771965026,0.07279525543206977,0.7512962684035301,1.0,1.0,0.6645983099937439
2,91,TENX141,2422,082x025,7612,30963,0.3729525715112686,0.07388033919204652,0.9166129946708679,1.0,1.0,0.6707761406898498
2,92,TENX141,2993,099x020,5784,37176,0.37289843857288363,0.07457489822722234,0.8626867443323135,1.0,1.0,0.6703290939331055
2,93,TENX141,904,034x036,11631,13422,0.3728779286146164,0.08356130756093154,0.9013551771640778,1.0,1.0,0.6643474578857422
2,94,TENX141,2217,076x013,3226,28771,0.3728766173124313,0.05817029438352699,0.8655191212892532,1.0,1.0,0.6760410130023956
2,95,TENX141,1542,055x015,3957,21096,0.37280875742435454,0.07761758791635612,0.7993442952632904,1.0,1.0,0.6621658980846405
2,96,TENX141,1210,044x026,7977,17076,0.37265075743198395,0.08527189021678624,0.8989837527275085,1.0,1.0,0.6668539345264435
2,97,TENX141,2393,081x027,8343,30598,0.3725491762161255,0.07783087666907286,0.8840149462223053,1.0,1.0,0.6621382236480713
2,98,TENX141,1330,048x026,7977,18538,0.37253794372081755,0.07513414661527808,0.8554434418678284,1.0,1.0,0.6620406925678253
2,99,TENX141,2792,093x021,6150,34983,0.3724432498216629,0.08337271931345383,0.899497528374195,1.0,1.0,0.6559112131595611
2,100,TENX141,1804,063x022,6515,24020,0.3724214404821396,0.07495043288088332,0.9172412663698196,1.0,1.0,0.6632287204265594
2,101,TENX141,3039,100x037,11997,37541,0.3723462909460068,0.0713571429033399,0.8508794516324997,1.0,1.0,0.6640794217586518
2,102,TENX141,2431,082x034,10901,30963,0.3723229169845581,0.07798559663617056,0.8220042750239372,1.0,1.0,0.6631120860576629
2,103,TENX141,2833,094x029,9073,35348,0.3722499430179596,0.07394044432262312,0.8937289386987686,1.0,1.0,0.6661573231220246
2,104,TENX141,2621,088x020,5784,33156,0.37219100892543794,0.0853190850393767,0.9197037935256958,1.0,1.0,0.6687185943126679
2,105,TENX141,2195,075x024,7246,28405,0.3720856487751007,0.058261040848230264,0.9084563493728638,1.0,1.0,0.6577862679958344
2,106,TENX141,2423,082x026,7977,30963,0.37208271920681,0.0709969622990081,0.9228511393070221,1.0,1.0,0.6682033002376556
2,107,TENX141,579,026x009,1765,10499,0.37189658284187316,0.06276553884314474,0.9211182832717896,1.0,1.0,0.674552321434021
2,108,TENX141,1774,062x023,6881,23654,0.37184717655181887,0.08336323979080049,0.8414770573377609,1.0,1.0,0.6675852179527283
2,109,TENX141,1294,047x020,5784,18173,0.3718032330274582,0.07018452291270175,0.9570312678813935,1.0,1.0,0.6691678285598754
2,110,TENX141,2860,095x023,6881,35714,0.37179003953933715,0.09078334561226903,0.7168445318937302,1.0,1.0,0.661863911151886
2,111,TENX141,3001,099x028,8708,37176,0.3717705696821213,0.0864844533963207,0.7889046400785447,1.0,1.0,0.6596503973007202
2,112,TENX141,1443,052x013,3226,20000,0.3717419236898422,0.07209810406094064,0.9292931646108628,1.0,1.0,0.668245816230774
2,113,TENX141,2359,080x024,7246,30232,0.3717198550701141,0.09075285314393455,0.8300797432661057,1.0,1.0,0.6605267465114594
2,114,TENX141,1324,048x020,5784,18538,0.37171968817710876,0.08582529586179653,0.9363153487443924,1.0,1.0,0.678507137298584
2,115,TENX141,1007,037x034,10901,14518,0.3715061217546463,0.07744992323229186,0.8112698689103126,1.0,1.0,0.6680553555488586
2,116,TENX141,1368,049x033,10535,18904,0.3714714676141739,0.07678660216759323,0.8046057641506195,1.0,1.0,0.6691864550113678
2,117,TENX141,2546,086x015,3957,32425,0.3714408099651337,0.07250163514926751,0.8654979825019836,1.0,1.0,0.6655109822750092
2,118,TENX141,2850,095x013,3226,35714,0.371426984667778,0.08012565026507586,0.8614801377058029,1.0,1.0,0.6759784877300262
2,119,TENX141,2106,072x035,11266,27309,0.37134134471416474,0.08336397591192174,0.9046818137168884,1.0,1.0,0.6732753276824951
2,120,TENX141,3054,101x029,9073,37907,0.37122408449649813,0.08478599912947939,1.0228679597377777,1.0,1.0,0.6689800381660461
2,121,TENX141,2287,078x017,4688,29501,0.371186363697052,0.06042541324110649,0.8968771398067474,1.0,1.0,0.6641886293888092
2,122,TENX141,2934,097x029,9073,36445,0.37115287184715273,0.08753374596239862,0.8627052187919617,1.0,1.0,0.6640683352947235
2,123,TENX141,1587,056x027,8343,21462,0.37114317417144777,0.0823621046181409,0.7722012862563133,1.0,1.0,0.6552656531333924
2,124,TENX141,2818,094x014,3592,35348,0.3709889739751816,0.08607953227509987,0.8358155697584152,1.0,1.0,0.6715859830379486
2,125,TENX141,1331,048x027,8343,18538,0.3709368944168091,0.07729330652789529,0.8477912649512291,1.0,1.0,0.6695981979370117
2,126,TENX141,3012,099x039,12728,37176,0.3708839416503906,0.08358065854988683,1.033597046136856,1.0,1.0,0.6577100098133087
2,127,TENX141,907,034x039,12728,13422,0.3708377152681351,0.08358385640924053,0.9430871963500976,1.0,1.0,0.651445209980011
2,128,TENX141,2582,087x016,4323,32790,0.37082954347133634,0.08205649674408998,0.890645244717598,1.0,1.0,0.6595869541168213
2,129,TENX141,2947,098x008,1399,36810,0.3708165943622589,0.07224052440532462,0.8690307855606079,1.0,1.0,0.6619876503944397
2,130,TENX141,994,037x021,6150,14518,0.37071549594402314,0.07307517204100172,0.8274772047996521,1.0,1.0,0.6735303282737732
2,131,TENX141,2358,080x023,6881,30232,0.37067980170249937,0.07565907332136385,0.8603843986988068,1.0,1.0,0.6564383029937744
2,132,TENX141,2265,077x028,8708,29136,0.3706493526697159,0.06914704112177408,0.9557149618864059,1.0,1.0,0.6775446534156799
2,133,TENX141,2471,084x010,2130,31694,0.37061321139335635,0.07155849645740131,0.9217129409313202,1.0,1.0,0.6547637581825256
2,134,TENX141,2859,095x022,6515,35714,0.37058890163898467,0.08646069363287,0.7903946131467819,1.0,1.0,0.667308247089386
2,135,TENX141,2553,086x022,6515,32425,0.37056760489940643,0.07253923996780709,0.8904588758945465,1.0,1.0,0.6718060433864593
2,136,TENX141,2533,085x037,11997,32059,0.3705048441886902,0.06927973677651802,0.8911700189113617,1.0,1.0,0.6839694380760193
2,137,TENX141,1737,061x017,4688,23289,0.3704917013645172,0.08292840504165698,0.6727811172604561,1.0,1.0,0.6548416256904602
2,138,TENX141,2073,071x035,11266,26943,0.37036365270614624,0.07655659301485682,0.9524880826473237,1.0,1.0,0.6539284646511078
2,139,TENX141,1194,043x040,13093,16711,0.37022874057292937,0.07807175201283316,0.8736189424991607,1.0,1.0,0.665967333316803
2,140,TENX141,826,032x031,9804,12691,0.3701673895120621,0.08015139136349504,0.7538196608424187,1.0,1.0,0.6559368431568146
2,141,TENX141,1548,055x021,6150,21096,0.37015092074871064,0.08707838390433567,0.7746506094932556,1.0,1.0,0.6541647434234619
2,142,TENX141,2496,084x035,11266,31694,0.3701225221157074,0.0772592818255738,0.9166101276874542,1.0,1.0,0.6765901863574981
2,143,TENX141,1173,043x019,5419,16711,0.37009268403053286,0.07291563010311658,0.7681391656398773,1.0,1.0,0.672738778591156
2,144,TENX141,932,035x028,8708,13788,0.37000240981578825,0.08006639303099157,0.9056520283222198,1.0,1.0,0.6526058793067933
2,145,TENX141,2630,088x029,9073,33156,0.3699378281831741,0.07589521566025403,0.8490493699908257,1.0,1.0,0.6618253409862518
2,146,TENX141,895,034x027,8343,13422,0.3699105381965637,0.08451238263416498,0.7666074156761169,1.0,1.0,0.6549327611923218
2,147,TENX141,1406,050x039,12728,19269,0.36987408995628357,0.07988860048012598,0.8669918015599251,1.0,1.0,0.6665755629539489
2,148,TENX141,1238,045x024,7246,17442,0.36984785795211794,0.07708193598979304,0.9124775469303131,1.0,1.0,0.6602686047554016
2,149,TENX141,1745,061x025,7612,23289,0.36981799602508547,0.0847890464526985,0.9439494132995605,1.0,1.0,0.658638733625412
2,150,TENX141,1392,050x025,7612,19269,0.36980797350406647,0.08272885584994466,0.8707125097513199,1.0,1.0,0.6451895713806153
2,151,TENX141,1559,055x032,10170,21096,0.36972624659538267,0.08470788321976266,0.8739581108093262,1.0,1.0,0.6658932864665985
2,152,TENX141,3034,100x032,10170,37541,0.3697262108325958,0.0795752453564197,0.9095020055770874,1.0,1.0,0.6509637355804443
2,153,TENX141,2461,083x032,10170,31329,0.36971800327301024,0.08029285277280027,0.9145135819911957,1.0,1.0,0.6567809104919433
2,154,TENX141,2221,076x017,4688,28771,0.3697133094072342,0.0925353701884539,0.8211296290159226,1.0,1.0,0.6584516942501069
2,155,TENX141,2994,099x021,6150,37176,0.36962088048458097,0.08160914510934623,0.9874043047428132,1.0,1.0,0.668661504983902
2,156,TENX141,1413,051x014,3592,19635,0.3696202039718628,0.06756580990524064,0.7631756991147995,1.0,1.0,0.6618170022964478
2,157,TENX141,978,036x039,12728,14153,0.369597864151001,0.09539268485192616,0.8668737173080444,1.0,1.0,0.6515711307525635
2,158,TENX141,1439,051x040,13093,19635,0.36958723366260526,0.07861862675775307,0.8817738026380539,1.0,1.0,0.6654693901538848
2,159,TENX141,1612,057x019,5419,21827,0.369584384560585,0.07961732768312232,0.8571833789348602,1.0,1.0,0.6601965010166169
2,160,TENX141,1583,056x023,6881,21462,0.369576433300972,0.08182673711965253,0.8343268632888794,1.0,1.0,0.6655302345752716
2,161,TENX141,2156,074x019,5419,28040,0.3695368766784668,0.06506516870546562,0.9005254566669464,1.0,1.0,0.6661607265472412
2,162,TENX141,975,036x036,11631,14153,0.3695257484912872,0.07081625733142184,0.8759415686130524,1.0,1.0,0.6593402266502381
2,163,TENX141,2194,075x023,6881,28405,0.3694678544998169,0.04676828404664912,0.8898502051830292,1.0,1.0,0.6646225094795227
2,164,TENX141,2825,094x021,6150,35348,0.3694018632173538,0.08494333654483051,0.7766747087240219,1.0,1.0,0.6645452380180359
2,165,TENX141,2456,083x027,8343,31329,0.3693378448486328,0.07370117154922524,0.8094696193933487,1.0,1.0,0.6548363924026489
2,166,TENX141,3041,101x015,3957,37907,0.3693250179290771,0.07348859892690285,0.918517142534256,1.0,1.0,0.6640604853630065
2,167,TENX141,2092,072x021,6150,27309,0.36927471607923507,0.10249041291771921,0.8212553679943084,1.0,1.0,0.6552970707416534
2,168,TENX141,1267,046x023,6881,17807,0.3692646473646164,0.08351152700079188,0.9380907624959945,1.0,1.0,0.6595455169677734
2,169,TENX141,1693,059x036,11631,22558,0.3692429393529892,0.08374366091408801,0.8064162343740463,1.0,1.0,0.6719708383083344
2,170,TENX141,2056,071x018,5054,26943,0.36905344724655154,0.08658362494879471,0.791712187230587,1.0,1.0,0.6459176778793335
2,171,TENX141,1712,060x023,6881,22924,0.368988037109375,0.08254218834444793,0.8194094836711884,1.0,1.0,0.6626546144485473
2,172,TENX141,1199,044x015,3957,17076,0.36894872784614563,0.07523096499472358,0.8583518028259277,1.0,1.0,0.6431119918823243
2,173,TENX141,2901,096x030,9439,36079,0.3689145892858505,0.07934883357548518,0.8024577215313912,1.0,1.0,0.6653003692626953
2,174,TENX141,2809,093x038,12362,34983,0.3689090430736542,0.08122676291107046,0.8892925143241882,1.0,1.0,0.6757490277290344
2,175,TENX141,1839,064x025,7612,24385,0.36888631880283357,0.08375281083274756,0.8391488015651702,1.0,1.0,0.6536271274089813
2,176,TENX141,1490,053x027,8343,20365,0.36888246834278104,0.07425684090027038,0.8359518796205521,1.0,1.0,0.6632391512393951
2,177,TENX141,1472,052x043,14190,20000,0.3688733071088791,0.07242751552200785,0.8969698250293732,1.0,1.0,0.6619971811771392
2,178,TENX141,2583,087x017,4688,32790,0.3688033759593964,0.09357475041526289,0.8557850942015648,1.0,1.0,0.6594187617301941
2,179,TENX141,1899,066x021,6150,25116,0.3687375485897064,0.08321078563880814,0.7335357755422592,1.0,1.0,0.6554275274276733
2,180,TENX141,2088,072x017,4688,27309,0.36872864663600924,0.08750059465684865,0.8740257441997528,1.0,1.0,0.6515588998794556
2,181,TENX141,2196,075x025,7612,28405,0.3686786353588104,0.07219580502769775,0.7917115688323975,1.0,1.0,0.669521588087082
2,182,TENX141,2447,083x018,5054,31329,0.3685928642749786,0.06095047936754466,0.9255702912807464,1.0,1.0,0.6561292767524719
2,183,TENX141,2852,095x015,3957,35714,0.3685541242361069,0.07226529671736413,0.7971432000398636,1.0,1.0,0.6586024940013886
2,184,TENX141,1494,053x031,9804,20365,0.3685340225696564,0.08027223959604371,0.7647595643997193,1.0,1.0,0.643574446439743
2,185,TENX141,2463,083x034,10901,31329,0.36851735711097716,0.07807109397190924,0.8111839652061462,1.0,1.0,0.6593201875686645
2,186,TENX141,2093,072x022,6515,27309,0.36844769716262815,0.09209606796435182,0.8701258391141892,1.0,1.0,0.6651965320110321
2,187,TENX141,2495,084x034,10901,31694,0.3684166342020035,0.08473713091429538,0.8370392113924027,1.0,1.0,0.6669605851173401
2,188,TENX141,1692,059x035,11266,22558,0.36829487383365633,0.07716075952763214,0.8547059908509255,1.0,1.0,0.6565100729465485
2,189,TENX141,1035,038x029,9073,14884,0.3682896256446838,0.06439108474137455,0.8703716963529586,1.0,1.0,0.6718760430812836
2,190,TENX141,1438,051x039,12728,19635,0.36828264892101287,0.08002198846153603,0.9063364386558532,1.0,1.0,0.6676768243312836
2,191,TENX141,1726,060x037,11997,22924,0.36828210949897766,0.06644732301365996,0.8856391191482544,1.0,1.0,0.6514110803604126
2,192,TENX141,2930,097x025,7612,36445,0.36825152635574343,0.0870836287305798,0.926005145907402,1.0,1.0,0.6571188986301422
2,193,TENX141,1412,051x013,3226,19635,0.3682193040847778,0.07072232340114165,0.8897473454475403,1.0,1.0,0.6519745111465454
2,194,TENX141,1425,051x026,7977,19635,0.3682171911001205,0.08376427238037817,0.8235299587249756,1.0,1.0,0.6570680737495422
2,195,TENX141,2887,096x016,4323,36079,0.36819703578948976,0.0853699290902026,0.8390672177076339,1.0,1.0,0.6536929666996002
2,196,TENX141,1300,047x026,7977,18173,0.3681259095668793,0.07823064719521258,0.8552413821220398,1.0,1.0,0.6455453395843506
2,197,TENX141,937,035x033,10535,13788,0.3680934220552444,0.09100415740950697,0.8573942154645919,1.0,1.0,0.6530806601047516
2,198,TENX141,1502,053x039,12728,20365,0.3680904388427734,0.07971201733236734,0.9483205676078796,1.0,1.0,0.6634304165840149
2,199,TENX141,2552,086x021,6150,32425,0.36808704137802123,0.07530202359108361,0.8193055659532547,1.0,1.0,0.6655847489833832
2,200,TENX141,2646,089x010,2130,33521,0.36804517209529874,0.07422132286555634,0.7586119025945663,1.0,1.0,0.648169606924057
2,201,TENX141,3023,100x021,6150,37541,0.3678561806678772,0.07422955109540626,0.8054342344403267,1.0,1.0,0.6536301851272583
2,202,TENX141,2692,090x022,6515,33887,0.36782128512859347,0.07308090128764348,0.9071838051080704,1.0,1.0,0.6511638760566711
2,203,TENX141,1865,065x019,5419,24751,0.36771818697452546,0.07764178215105495,0.7947173207998276,1.0,1.0,0.6671990275382995
2,204,TENX141,2851,095x014,3592,35714,0.3677109509706497,0.07626384267911103,0.7737058788537979,1.0,1.0,0.6606073021888733
2,205,TENX141,1192,043x038,12362,16711,0.36769958436489103,0.0831010858880289,0.776551929116249,1.0,1.0,0.6573217809200287
2,206,TENX141,3033,100x031,9804,37541,0.3676557779312134,0.06794273384888803,0.9477357745170594,1.0,1.0,0.6623173415660858
2,207,TENX141,2001,069x027,8343,26212,0.36763099730014803,0.07630686587574077,0.8212335199117661,1.0,1.0,0.668187004327774
2,208,TENX141,1180,043x026,7977,16711,0.3676212280988693,0.08083408607574702,0.8833702772855758,1.0,1.0,0.6516112387180328
2,209,TENX141,2705,090x035,11266,33887,0.3675896435976028,0.07188685481727079,0.8960506081581116,1.0,1.0,0.6707812368869781
2,210,TENX141,2624,088x023,6881,33156,0.36753565073013306,0.07625332536659121,0.7994728704914451,1.0,1.0,0.6725208163261414
2,211,TENX141,2261,077x024,7246,29136,0.36744329035282136,0.07711984062235674,0.8243431746959686,1.0,1.0,0.6699178993701935
2,212,TENX141,2554,086x023,6881,32425,0.36742309033870696,0.08716696581085942,0.813394945859909,1.0,1.0,0.6598606824874877
2,213,TENX141,1738,061x018,5054,23289,0.3674149364233017,0.07996282620467385,0.8659382879734039,1.0,1.0,0.6499445855617523
2,214,TENX141,2446,083x017,4688,31329,0.3673864722251892,0.08856538167610915,0.913275396823883,1.0,1.0,0.6456186532974243
2,215,TENX141,1097,040x033,10535,15615,0.3673486262559891,0.06871790984431117,0.8037841558456421,1.0,1.0,0.6779964089393615
2,216,TENX141,2603,087x037,11997,32790,0.36734266877174376,0.07674200351642113,0.927950793504715,1.0,1.0,0.6689359605312347
2,217,TENX141,2309,078x039,12728,29501,0.36734114289283754,0.0826818571452305,0.9426260709762573,1.0,1.0,0.6676507472991944
2,218,TENX141,2560,086x029,9073,32425,0.36718902587890623,0.08209331058494966,0.8201985031366348,1.0,1.0,0.6599651455879212
2,219,TENX141,2349,080x014,3592,30232,0.36714442670345304,0.08550096135527019,0.8265914112329483,1.0,1.0,0.6586170554161072
2,220,TENX141,3053,101x028,8708,37907,0.36713661551475524,0.07472168587121296,0.854542875289917,1.0,1.0,0.6798081040382385
2,221,TENX141,1526,054x031,9804,20731,0.36713122129440307,0.07855468491030713,0.7333355486392975,1.0,1.0,0.6680089354515075
2,222,TENX141,1386,050x019,5419,19269,0.36712332963943484,0.08715489328889488,0.7923659026622772,1.0,1.0,0.6514863967895508
2,223,TENX141,2919,097x014,3592,36445,0.3670336365699768,0.07439231138148379,0.8514206409454346,1.0,1.0,0.6551634788513183
2,224,TENX141,2596,087x030,9439,32790,0.3669107973575592,0.07825387604436343,0.9436496764421463,1.0,1.0,0.6655582070350647
2,225,TENX141,1717,060x028,8708,22924,0.3668922185897827,0.0895693515774981,0.800750483572483,1.0,1.0,0.6655210673809051
2,226,TENX141,1806,063x024,7246,24020,0.3668880671262741,0.07503086036895511,0.9433292210102081,1.0,1.0,0.6591127455234528
2,227,TENX141,2438,083x009,1765,31329,0.3668836414813995,0.08194759424418524,0.785376101732254,1.0,1.0,0.656107884645462
2,228,TENX141,2390,081x024,7246,30598,0.36684798300266264,0.08460301051529706,0.8498883068561554,1.0,1.0,0.6593698561191559
2,229,TENX141,1901,066x023,6881,25116,0.3668385446071625,0.079179866215981,0.8506538808345795,1.0,1.0,0.6645353496074676
2,230,TENX141,1047,038x041,13459,14884,0.3667342931032181,0.06456678626934667,0.7589421004056931,1.0,1.0,0.6504052519798279
2,231,TENX141,2726,091x022,6515,34252,0.3667281210422516,0.0772384469414886,0.9527986079454422,1.0,1.0,0.6475913047790527
2,232,TENX141,2900,096x029,9073,36079,0.36672483086586,0.08034304441020755,0.9356390535831451,1.0,1.0,0.6600811123847962
2,233,TENX141,3018,100x016,4323,37541,0.36670651137828825,0.08943430358224398,0.8785765431821346,1.0,1.0,0.6601332485675812
2,234,TENX141,2612,088x011,2495,33156,0.3666991233825684,0.08533917793687815,0.8582381799817085,1.0,1.0,0.6681116163730622
2,235,TENX141,1323,048x019,5419,18538,0.36667347848415377,0.05808698633620193,0.9988844752311706,1.0,1.0,0.6658250212669372
2,236,TENX141,1689,059x032,10170,22558,0.3666150957345963,0.0820380721283028,0.9400221049785614,1.0,1.0,0.6650116741657257
2,237,TENX141,1722,060x033,10535,22924,0.36660110354423525,0.08380110536178458,0.8932801425457001,1.0,1.0,0.667805427312851
2,238,TENX141,2397,081x031,9804,30598,0.36656796336174013,0.0764376254465044,0.8128593593835831,1.0,1.0,0.6728437304496765
2,239,TENX141,1561,055x034,10901,21096,0.3665554612874985,0.08110065626327945,0.8525520294904709,1.0,1.0,0.6524116158485412
2,240,TENX141,1870,065x024,7246,24751,0.36655519902706146,0.08889892301123527,0.8723592296242714,1.0,1.0,0.6613765835762024
2,241,TENX141,2921,097x016,4323,36445,0.3664844691753387,0.09015273169059124,0.6946514889597892,1.0,1.0,0.658033800125122
2,242,TENX141,2362,080x027,8343,30232,0.3664413720369339,0.0870756151734241,0.8766298681497574,1.0,1.0,0.6561578571796417
2,243,TENX141,2439,083x010,2130,31329,0.36642753183841703,0.08390779073363772,0.8906069248914719,1.0,1.0,0.6409490168094635
2,244,TENX141,2389,081x023,6881,30598,0.3664236605167389,0.08232374961366498,0.9424428284168244,1.0,1.0,0.653049373626709
2,245,TENX141,2513,085x017,4688,32059,0.36635452806949614,0.0848357224284177,0.9533920109272003,1.0,1.0,0.6629686295986176
2,246,TENX141,1522,054x027,8343,20731,0.3663469225168228,0.06852646533774426,0.849407610297203,1.0,1.0,0.6618974566459656
2,247,TENX141,1812,063x030,9439,24020,0.36629791259765626,0.08809676395093745,0.8904262065887452,1.0,1.0,0.6679000437259675
2,248,TENX141,1151,042x027,8343,16346,0.36627631783485415,0.07295934774963557,0.7825721859931946,1.0,1.0,0.671370530128479
2,249,TENX141,1163,042x039,12728,16346,0.3662707328796387,0.08545583907932877,0.8083455294370652,1.0,1.0,0.6572279751300811
2,250,TENX141,1728,060x039,12728,22924,0.36627059876918794,0.08290076386385765,0.8591920554637908,1.0,1.0,0.6616562664508819
2,251,TENX141,2594,087x028,8708,32790,0.3662669360637665,0.07548103759324458,0.8475925832986831,1.0,1.0,0.6605867564678192
2,252,TENX141,981,036x042,13824,14153,0.3662665277719498,0.07106697185911447,0.9587284624576569,1.0,1.0,0.6480044305324555
2,253,TENX141,2140,073x036,11631,27674,0.36625059247016906,0.07628854381904732,0.7703030854463577,1.0,1.0,0.6727027416229248
2,254,TENX141,1709,060x020,5784,22924,0.3662382185459137,0.08272279156567834,0.7820131264626979,1.0,1.0,0.669506561756134
2,255,TENX141,939,035x035,11266,13788,0.3662210047245026,0.07556156094091447,0.7701393365859985,1.0,1.0,0.6541275024414063
2,256,TENX141,1549,055x022,6515,21096,0.3661830335855484,0.0825215605297592,0.9205370485782624,1.0,1.0,0.6583626985549926
3,1,TENX141,79,004x013,3226,2459,0.19186575803905725,0.11948928662008355,0.05446231961250305,0.4,0.3,0.20970075726509094
3,2,TENX141,43,002x026,7977,1728,0.17623922638595105,0.1230220006763241,-0.1334630973637104,0.5,0.2,0.2320808559656143
3,3,TENX141,510,024x011,2495,9768,0.17364510111510753,0.10185456435715316,-0.05106537938117981,0.5,0.0,0.22528329491615295
3,4,TENX141,338,015x036,11631,6479,0.17225563935935498,0.1293305802421796,-0.23409683648496865,0.5,0.2,0.2368323475122452
3,5,TENX141,629,027x024,7246,10864,0.17125119492411614,0.12525680892453903,-0.13142364770174025,0.6,0.1,0.26593479216098787
3,6,TENX141,341,015x039,12728,6479,0.17049052119255065,0.0936903256190956,-0.11417433246970177,0.5,0.1,0.2088513880968094
3,7,TENX141,966,036x027,8343,14153,0.16901532672345637,0.10220175345232496,-0.08377221561968326,0.6,0.2,0.25821501314640044
3,8,TENX141,238,012x016,4323,5382,0.16794593185186385,0.10902582581637554,-0.17766379117965697,0.5,0.2,0.22937530875205994
3,9,TENX141,323,015x011,2495,6479,0.16497737308964133,0.09184150400839013,-0.1797776162624359,0.4,0.1,0.17741660177707672
3,10,TENX141,205,011x014,3592,5017,0.16428501736372708,0.10717746228754103,-0.20070329308509827,0.4,0.0,0.19096610844135284
3,11,TENX141,257,012x035,11266,5382,0.16425142697989942,0.09920022178840998,-0.11630788221955299,0.5,0.2,0.23351265490055084
3,12,TENX141,652,028x009,1765,11229,0.16386089026927947,0.0881345878111927,-0.015144562628120185,0.5,0.1,0.20865771174430847
3,13,TENX141,194,010x030,9439,4652,0.16383625101298094,0.11380715232048347,-0.22567924857139587,0.5,0.1,0.2271767497062683
3,14,TENX141,1003,037x030,9439,14518,0.16215953156352042,0.05698176367437473,-0.011870981380343437,0.5,0.0,0.18899385929107665
3,15,TENX141,559,025x027,8343,10133,0.1612448889762163,0.08653005914351969,-0.1376383811235428,0.5,0.0,0.20336658358573914
3,16,TENX141,39,002x012,2861,1728,0.16124400161206723,0.1138595209251435,-0.2964727900922298,0.5,0.2,0.2328340709209442
3,17,TENX141,184,010x017,4688,4652,0.16101054437458515,0.08426378494788912,-0.09113738611340523,0.5,0.0,0.1963897168636322
3,18,TENX141,471,022x033,10535,9037,0.16073593758046628,0.07836522526313362,0.03496203571557999,0.5,0.0,0.1951793223619461
3,19,TENX141,20,001x013,3226,1363,0.1597976576536894,0.11378781749481462,-0.2653007872402668,0.5,0.2,0.23687032759189605
3,20,TENX141,145,008x030,9439,3921,0.15929049327969552,0.09952909117735684,-0.20673516988754273,0.4,0.2,0.17713190019130706
3,21,TENX141,378,017x037,11997,7210,0.15780169758945703,0.10703863398214611,-0.21381870210170745,0.4,0.1,0.18596988022327424
3,22,TENX141,333,015x031,9804,6479,0.15618585012853145,0.08796500955325992,-0.2519917458295822,0.5,0.0,0.2053909569978714
3,23,TENX141,890,034x022,6515,13422,0.15491172354668378,0.1367964327236073,-0.29296880271285775,0.4,0.2,0.20596369206905366
3,24,TENX141,460,022x017,4688,9037,0.1544011328369379,0.10744222098264673,-0.2563418004661798,0.4,0.1,0.1872940331697464
3,25,TENX141,843,033x011,2495,13057,0.1543883048929274,0.0989431572789354,-0.29600660167634485,0.3,0.1,0.14123101830482482
3,26,TENX141,352,016x030,9439,6844,0.1536584220826626,0.09896466757145427,-0.16847119675949215,0.3,0.2,0.1434250295162201
3,27,TENX141,307,014x031,9804,6113,0.15353264585137366,0.06830042531337517,-0.17639594785869123,0.4,0.0,0.1549094170331955
3,28,TENX141,787,031x030,9439,12326,0.15269870776683092,0.10840577155145535,-0.18599441647529602,0.4,0.2,0.17844175696372985
3,29,TENX141,346,016x007,1034,6844,0.15249191261827946,0.09185174415119066,-0.27174396589398386,0.4,0.0,0.1659219056367874
3,30,TENX141,362,016x040,13093,6844,0.15218459367752074,0.10905468576415346,-0.260642009973526,0.3,0.1,0.14769286215305327
3,31,TENX141,60,003x013,3226,2093,0.15182412341237067,0.09413756999780014,-0.28541475534439087,0.5,0.0,0.21358317136764526
3,32,TENX141,521,024x024,7246,9768,0.1511890295892954,0.08309916577834663,-0.1960408002138138,0.5,0.0,0.19596542418003082
3,33,TENX141,354,016x032,10170,6844,0.15079449359327554,0.09685673559892372,-0.37137262970209123,0.4,0.1,0.17465057373046874
3,34,TENX141,519,024x022,6515,9768,0.15045857951045036,0.07474837382252533,-0.24382331743836402,0.5,0.0,0.18865076303482056
3,35,TENX141,692,029x011,2495,11595,0.1500529231503606,0.10057018592874734,-0.44707790538668635,0.4,0.1,0.1744811415672302
3,36,TENX141,296,014x010,2130,6113,0.14967911262065173,0.09746031581378,-0.28086790442466736,0.4,0.0,0.16602121591567992
3,37,TENX141,1536,054x041,13459,20731,0.14938146695494653,0.09327477403897654,-0.2523395365104079,0.5,0.1,0.1989637792110443
3,38,TENX141,690,029x009,1765,11595,0.14902008175849915,0.04857823703055953,-0.021439725160598756,0.5,0.0,0.17409169673919678
3,39,TENX141,368,017x008,1399,7210,0.14861964508891107,0.08090321007963107,-0.09475850462913513,0.5,0.0,0.190967658162117
3,40,TENX141,38,002x011,2495,1728,0.1479683343321085,0.09263868254531125,-0.22490906119346618,0.5,0.1,0.20807022452354432
3,41,TENX141,590,026x022,6515,10499,0.14794672280550003,0.08192043781540728,-0.2634295612573624,0.5,0.0,0.19749043583869935
3,42,TENX141,363,016x041,13459,6844,0.14791672211140394,0.10498302729948408,-0.4134686693549156,0.3,0.1,0.14378897249698638
3,43,TENX141,775,031x018,5054,12326,0.14779075440019368,0.06744221003315921,-0.2702629745006561,0.5,0.0,0.17732270658016205
3,44,TENX141,298,014x014,3592,6113,0.14778366610407828,0.11035169784303511,-0.39541339352726934,0.4,0.2,0.18980987668037413
3,45,TENX141,2177,074x040,13093,28040,0.1470025746151805,0.08930509757451431,-0.37713451087474825,0.3,0.0,0.1366015911102295
3,46,TENX141,313,014x037,11997,6113,0.14675004873424768,0.08234012834127159,-0.3942886121571064,0.4,0.0,0.16085358262062072
3,47,TENX141,405,019x039,12728,7940,0.14648012518882753,0.08805837553020145,-0.24980351626873015,0.5,0.1,0.19762893617153168
3,48,TENX141,209,011x018,5054,5017,0.1462021317332983,0.10187195769668946,-0.2534788131713867,0.5,0.1,0.21118126809597015
3,49,TENX141,806,032x011,2495,12691,0.14612139631062745,0.0999876894809752,-0.31519943103194237,0.4,0.0,0.17401727437973022
3,50,TENX141,595,026x027,8343,10499,0.14579470679163933,0.06610425748293165,-0.2511644035577774,0.4,0.0,0.15570319890975953
3,51,TENX141,569,025x037,11997,10133,0.14520337972790004,0.09641817587625608,-0.24633165895938874,0.4,0.0,0.17166706919670105
3,52,TENX141,520,024x023,6881,9768,0.14495076909661292,0.06829931651403408,-0.1486176075413823,0.4,0.0,0.14521413147449494
3,53,TENX141,452,021x043,14190,8671,0.1449241416528821,0.11067185239593832,-0.4790172211825848,0.5,0.1,0.21405251920223237
3,54,TENX141,546,025x014,3592,10133,0.14450204484164714,0.08656249103828134,-0.33130685314536096,0.5,0.0,0.1954710751771927
3,55,TENX141,680,028x037,11997,11229,0.1438059151172638,0.07494966240489506,-0.284232684597373,0.3,0.0,0.12588499188423158
3,56,TENX141,812,032x017,4688,12691,0.14342577904462814,0.061983804354837996,-0.21744625186547636,0.4,0.0,0.14475728571414948
3,57,TENX141,374,017x032,10170,7210,0.143106659501791,0.07999245865571969,-0.2973635345697403,0.3,0.2,0.14376866817474365
3,58,TENX141,153,008x038,12362,3921,0.1430672999471426,0.08361541631239865,-0.27338193655014037,0.5,0.0,0.1978483021259308
3,59,TENX141,947,036x008,1399,14153,0.14302181247621776,0.09829079845611452,-0.347681076079607,0.3,0.1,0.14058067202568053
3,60,TENX141,463,022x025,7612,9037,0.1428176447749138,0.10449690886553696,-0.49813410043716433,0.3,0.1,0.14443851113319398
3,61,TENX141,236,012x014,3592,5382,0.1427129365503788,0.08535137765513068,-0.32612277567386627,0.4,0.1,0.15247524976730348
3,62,TENX141,152,008x037,11997,3921,0.14262034855782985,0.09132044013425263,-0.30032690465450285,0.5,0.1,0.19305230379104615
3,63,TENX141,515,024x017,4688,9768,0.14240891225636004,0.112361073442637,-0.41189344972372055,0.4,0.2,0.1809317022562027
3,64,TENX141,259,012x037,11997,5382,0.1424021366983652,0.10710941436681047,-0.4125515252351761,0.4,0.1,0.19128901064395903
3,65,TENX141,563,025x031,9804,10133,0.1423923272639513,0.0790300553353943,-0.12734125629067422,0.4,0.0,0.156875279545784
3,66,TENX141,445,021x029,9073,8671,0.14232761412858963,0.08674118095924835,-0.2747252330183983,0.4,0.0,0.16083670258522034
3,67,TENX141,12,000x037,11997,997,0.14224830511957406,0.10240809665342954,-0.33391268253326417,0.4,0.1,0.18417335748672486
3,68,TENX141,347,016x008,1399,6844,0.14210522286593913,0.09622267492365148,-0.2287898987531662,0.5,0.0,0.19695598781108856
3,69,TENX141,137,008x009,1765,3921,0.14207655228674412,0.09428107983060807,-0.2940852303057909,0.4,0.1,0.16270968019962312
3,70,TENX141,3065,102x029,9073,38272,0.14139089398086072,0.08495218566677014,-0.21369512155652046,0.3,0.2,0.14172197580337526
3,71,TENX141,282,013x033,10535,5748,0.14119909107685089,0.09213884884293969,-0.27070415318012236,0.4,0.1,0.166961270570755
3,72,TENX141,625,027x020,5784,10864,0.1411413624882698,0.04682618615632881,-0.17648299038410187,0.5,0.0,0.15880268216133117
3,73,TENX141,174,009x037,11997,4286,0.1407346973195672,0.10812232191136495,-0.4082240015268326,0.5,0.1,0.2108645737171173
3,74,TENX141,160,009x015,3957,4286,0.14070385582745076,0.06941744335603271,-0.22272172570228577,0.4,0.0,0.15547583103179932
3,75,TENX141,2144,073x040,13093,27674,0.14054830856621264,0.07890707980342834,-0.30405243337154386,0.4,0.0,0.1565791666507721
3,76,TENX141,709,029x028,8708,11595,0.14007490836083888,0.07281287866126389,-0.19953655004501342,0.5,0.0,0.17788362205028535
3,77,TENX141,667,028x024,7246,11229,0.140060674585402,0.0825122673991299,-0.29096085131168364,0.5,0.0,0.18815170228481293
3,78,TENX141,281,013x032,10170,5748,0.14000231809914113,0.07657410345958518,-0.37568490356206896,0.5,0.0,0.18731443881988524
3,79,TENX141,128,007x034,10901,3555,0.1397356852889061,0.09785611147434017,-0.3684505127370358,0.4,0.1,0.17457091212272643
3,80,TENX141,478,022x040,13093,9037,0.1397080935537815,0.0925795736093141,-0.24570317566394806,0.4,0.1,0.16251312494277953
3,81,TENX141,589,026x021,6150,10499,0.13970628529787063,0.06812401263825486,-0.13580156564712526,0.5,0.0,0.1735414206981659
3,82,TENX141,503,023x040,13093,9402,0.1393417727202177,0.06122589004269559,-0.2738613773137331,0.4,0.0,0.13652457296848297
3,83,TENX141,965,036x026,7977,14153,0.13925397042185067,0.08960060210814877,-0.2557393072172999,0.4,0.1,0.1518569827079773
3,84,TENX141,474,022x036,11631,9037,0.13917435444891452,0.07907518659404632,-0.350021281093359,0.5,0.0,0.17955013811588288
3,85,TENX141,597,026x029,9073,10499,0.1389807254076004,0.04828096657241408,-0.025057974457740783,0.4,0.0,0.13286069929599761
3,86,TENX141,440,021x022,6515,8671,0.13846335038542748,0.07928610702883225,-0.3343443304300308,0.5,0.0,0.1865571230649948
3,87,TENX141,731,030x012,2861,11960,0.1384545777924359,0.11424457808795419,-0.46288797482848165,0.4,0.1,0.17484686076641082
3,88,TENX141,255,012x033,10535,5382,0.13827772587537765,0.09550390258943597,-0.3716555215418339,0.5,0.1,0.20301471650600433
3,89,TENX141,734,030x015,3957,11960,0.1382719248533249,0.09090202431436932,-0.4682609556242824,0.5,0.1,0.18847095668315889
3,90,TENX141,654,028x011,2495,11229,0.13811170496046543,0.0792062409004657,-0.2721235264092684,0.2,0.0,0.08893548250198365
3,91,TENX141,704,029x023,6881,11595,0.13785554133355618,0.10484216366704428,-0.48018393386155367,0.4,0.1,0.17230187654495238
3,92,TENX141,459,022x016,4323,9037,0.13757714591920375,0.07643745782041968,-0.34408159609884026,0.5,0.0,0.18442728519439697
3,93,TENX141,383,017x042,13824,7210,0.13740278966724873,0.07356708534513857,-0.32545563103631137,0.4,0.0,0.1490585744380951
3,94,TENX141,435,021x016,4323,8671,0.13738076463341714,0.0892435859236321,-0.3590362012386322,0.5,0.0,0.18561724424362183
3,95,TENX141,359,016x037,11997,6844,0.1372091516852379,0.08902196228831917,-0.3264394387602806,0.4,0.1,0.16087118089199065
3,96,TENX141,322,015x010,2130,6479,0.1367247411981225,0.09691848550877148,-0.5287651717662811,0.4,0.1,0.16534940302371978
3,97,TENX141,724,029x043,14190,11595,0.13665361739695073,0.07016137982472101,-0.25798181891441346,0.5,0.0,0.18063047230243684
3,98,TENX141,674,028x031,9804,11229,0.13659270368516446,0.09886099548216427,-0.3404591649770737,0.4,0.1,0.16023185551166536
3,99,TENX141,577,026x007,1034,10499,0.13643228001892566,0.07645293292170242,-0.2992997720837593,0.5,0.0,0.1740132302045822
3,100,TENX141,230,011x040,13093,5017,0.13637790754437445,0.07164638917369912,-0.46220249086618426,0.5,0.0,0.19078777432441713
3,101,TENX141,177,009x041,13459,4286,0.1363062372431159,0.07583134940900908,-0.1878295734524727,0.4,0.0,0.1565272718667984
3,102,TENX141,45,002x028,8708,1728,0.13622761331498623,0.09306849549624868,-0.22708850279450415,0.4,0.0,0.16610113978385926
3,103,TENX141,549,025x017,4688,10133,0.13602525237947702,0.07245432673053556,-0.29767052829265594,0.4,0.0,0.14888162910938263
3,104,TENX141,225,011x035,11266,5017,0.13599750427529217,0.09858419946011104,-0.5238083563745022,0.4,0.1,0.1703613132238388
3,105,TENX141,272,013x023,6881,5748,0.1358704924583435,0.08648954402038528,-0.3518677860498428,0.4,0.0,0.1575317472219467
3,106,TENX141,3059,101x034,10901,37907,0.1358217891305685,0.10073867238487544,-0.4366395205259323,0.4,0.1,0.16296325027942657
3,107,TENX141,505,023x042,13824,9402,0.13567063696682452,0.0713672358816936,-0.28186878114938735,0.4,0.0,0.1542914867401123
3,108,TENX141,1965,068x023,6881,25847,0.13551324233412743,0.08682757361581378,-0.35169044733047483,0.5,0.0,0.1857686758041382
3,109,TENX141,1030,038x024,7246,14884,0.1354019354097545,0.07255161089876033,-0.39998020231723785,0.4,0.0,0.1480478674173355
3,110,TENX141,304,014x028,8708,6113,0.13524478375911714,0.07915585459690407,-0.31206647157669065,0.4,0.0,0.15705313086509703
3,111,TENX141,673,028x030,9439,11229,0.13486802093684674,0.0898848346498003,-0.4770747981965542,0.5,0.0,0.1941055327653885
3,112,TENX141,949,036x010,2130,14153,0.13479769993573426,0.09317709597976882,-0.3830261826515198,0.5,0.0,0.20113739669322966
3,113,TENX141,123,007x029,9073,3555,0.1345953829586506,0.08599797057637884,-0.3463625393807888,0.3,0.0,0.13114270567893982
3,114,TENX141,808,032x013,3226,12691,0.13445697575807572,0.07666117615387329,-0.3210202306509018,0.4,0.0,0.15362489819526673
3,115,TENX141,247,012x025,7612,5382,0.13443777300417423,0.09141931097213027,-0.43630132600665095,0.4,0.1,0.16474556028842927
3,116,TENX141,518,024x021,6150,9768,0.13437300696969032,0.08416315935096916,-0.28240769505500796,0.5,0.0,0.18818531334400176
3,117,TENX141,356,016x034,10901,6844,0.1340636109933257,0.07785013687858292,-0.38400314301252364,0.3,0.0,0.11851995885372162
3,118,TENX141,253,012x031,9804,5382,0.13376387879252433,0.0863384485328856,-0.4238972097635269,0.4,0.1,0.16518489122390748
3,119,TENX141,11,000x031,9804,997,0.1336883444339037,0.07508695657694706,-0.33860652074217795,0.4,0.0,0.14393377900123597
3,120,TENX141,306,014x030,9439,6113,0.13366684783250093,0.08867643358830801,-0.3219133295118809,0.3,0.1,0.12848468124866486
3,121,TENX141,911,035x007,1034,13788,0.13360111033543945,0.10415584393819506,-0.46993922293186186,0.4,0.1,0.17559816539287568
3,122,TENX141,1552,055x025,7612,21096,0.13354925960302352,0.06498610210329873,-0.32506189718842504,0.4,0.0,0.13885198831558226
3,123,TENX141,105,006x010,2130,3190,0.13318449929356574,0.08240089980765859,-0.23449158780276774,0.3,0.0,0.12064052522182464
3,124,TENX141,163,009x025,7612,4286,0.13309708926826716,0.09736751454994697,-0.4513348251581192,0.4,0.0,0.1683279514312744
3,125,TENX141,318,014x042,13824,6113,0.13305390495806932,0.09632517616341428,-0.4032333165407181,0.4,0.0,0.16990721523761748
3,126,TENX141,139,008x014,3592,3921,0.1330401711165905,0.08542047675894755,-0.45912388637661933,0.4,0.0,0.15574476420879363
3,127,TENX141,310,014x034,10901,6113,0.13297624737024308,0.09443874742127069,-0.39447521679103376,0.2,0.1,0.0965540051460266
3,128,TENX141,143,008x028,8708,3921,0.13289978131651878,0.08645610357529872,-0.4149139322340488,0.3,0.1,0.12407149374485016
3,129,TENX141,2918,097x013,3226,36445,0.13281235843896866,0.05930509042574767,-0.24352208897471428,0.5,0.0,0.16691783666610718
3,130,TENX141,178,009x042,13824,4286,0.1327732251957059,0.09998949188080992,-0.4320779025554657,0.5,0.2,0.1895429402589798
3,131,TENX141,705,029x024,7246,11595,0.13277063593268396,0.09555162960991168,-0.4251472145318985,0.5,0.1,0.18201928436756135
3,132,TENX141,82,004x037,11997,2459,0.13252987936139107,0.07424443569875268,-0.2757588177919388,0.4,0.0,0.1536806732416153
3,133,TENX141,706,029x025,7612,11595,0.1325153313577175,0.08552554152553118,-0.5115051493048668,0.5,0.0,0.1842190742492676
3,134,TENX141,660,028x017,4688,11229,0.13247389905154705,0.07944367467193603,-0.362348922342062,0.4,0.0,0.1462509125471115
3,135,TENX141,361,016x039,12728,6844,0.13238896913826464,0.08997663753347822,-0.3539074569940567,0.4,0.0,0.16142883002758027
3,136,TENX141,425,020x041,13459,8306,0.13236346505582333,0.09166085668226735,-0.4412026315927505,0.4,0.1,0.16843997240066527
3,137,TENX141,599,026x031,9804,10499,0.13233566358685495,0.08463467163882113,-0.3579247623682022,0.5,0.0,0.18834241330623627
3,138,TENX141,21,001x024,7246,1363,0.13230316573753953,0.08655299528924493,-0.36954903304576875,0.4,0.1,0.15928935110569
3,139,TENX141,570,025x038,12362,10133,0.13222784623503686,0.07681575673775581,-0.383770489692688,0.4,0.0,0.15407435297966005
3,140,TENX141,766,031x009,1765,12326,0.13207607194781304,0.08025820908398183,-0.38875230848789216,0.4,0.0,0.15663635432720185
3,141,TENX141,172,009x035,11266,4286,0.13186369314789773,0.07098830221452322,-0.36335298866033555,0.5,0.0,0.17375139892101288
3,142,TENX141,355,016x033,10535,6844,0.131838346272707,0.07018307963193689,-0.4194318413734436,0.4,0.0,0.14871886372566223
3,143,TENX141,1327,048x023,6881,18538,0.1317093065008521,0.07508925346793296,-0.37869847416877744,0.4,0.0,0.14868879914283753
3,144,TENX141,138,008x010,2130,3921,0.13168988823890687,0.08941664297882476,-0.26708886623382566,0.5,0.0,0.19350197911262512
3,145,TENX141,807,032x012,2861,12691,0.13163586277514697,0.06601458244296468,-0.36387710347771646,0.3,0.0,0.11112131774425507
3,146,TENX141,29,001x032,10170,1363,0.1315491519868374,0.08586264547662929,-0.40346560478210447,0.3,0.1,0.12616210877895356
3,147,TENX141,447,021x038,12362,8671,0.13148094080388545,0.08566906713787555,-0.4484541092067957,0.5,0.0,0.18240546882152558
3,148,TENX141,134,007x040,13093,3555,0.13133945651352405,0.09959703373494531,-0.5376003050245345,0.4,0.2,0.16421112418174744
3,149,TENX141,385,018x007,1034,7575,0.13115587569773196,0.07630591765186667,-0.33575097024440764,0.5,0.0,0.185355806350708
3,150,TENX141,565,025x033,10535,10133,0.13114371821284293,0.054109065949598446,-0.31394000351428986,0.4,0.0,0.13407952189445496
3,151,TENX141,889,034x021,6150,13422,0.13097953833639622,0.08150902128618019,-0.3750052502378821,0.4,0.0,0.15169291496276854
3,152,TENX141,1296,047x022,6515,18173,0.13086807876825332,0.06058294011651278,-0.3370033159852028,0.4,0.0,0.137403267621994
3,153,TENX141,94,005x014,3592,2824,0.13086252696812153,0.08250603523289392,-0.35019553601741793,0.5,0.0,0.1782815307378769
3,154,TENX141,186,010x022,6515,4652,0.1307464472949505,0.06691078405804579,-0.32520647048950196,0.5,0.0,0.16930359601974487
3,155,TENX141,16,001x009,1765,1363,0.13059764821082354,0.09100600482511306,-0.35968170762062074,0.4,0.0,0.16109901070594787
3,156,TENX141,108,006x013,3226,3190,0.1305747827515006,0.08875008578616063,-0.5659956699237227,0.5,0.1,0.19004156887531282
3,157,TENX141,344,015x042,13824,6479,0.13040300440043212,0.06883499958344773,-0.3984182544052601,0.3,0.0,0.1144632190465927
3,158,TENX141,1200,044x016,4323,17076,0.1302406255155802,0.07557401059665331,-0.3336094170808792,0.4,0.0,0.1454041361808777
3,159,TENX141,556,025x024,7246,10133,0.1301972959190607,0.06635465450525546,-0.3891045622527599,0.2,0.0,0.07975835502147674
3,160,TENX141,49,002x037,11997,1728,0.13019478749483823,0.08263796017786344,-0.5137032743543386,0.4,0.0,0.15098705589771272
3,161,TENX141,190,010x026,7977,4652,0.13015741780400275,0.07418499608581025,-0.3195165269076824,0.4,0.0,0.15184231400489806
3,162,TENX141,627,027x022,6515,10864,0.13012330383062362,0.07551916817187605,-0.35233614444732664,0.5,0.0,0.17766430974006653
3,163,TENX141,218,011x028,8708,5017,0.1300047978758812,0.09665479003717083,-0.4153953013941646,0.2,0.1,0.09387182295322419
3,164,TENX141,672,028x029,9073,11229,0.12985017094761134,0.060796688574005935,-0.3188026785850525,0.4,0.0,0.13544645607471467
3,165,TENX141,697,029x016,4323,11595,0.12980641443282365,0.08552883506417608,-0.4098417893052101,0.3,0.0,0.1295406073331833
3,166,TENX141,2252,077x015,3957,29136,0.12954348996281623,0.061712614130497,-0.34602583646774293,0.4,0.0,0.13294241428375245
3,167,TENX141,444,021x028,8708,8671,0.12946815975010395,0.08255688656772366,-0.4334992356598377,0.5,0.0,0.18321387767791747
3,168,TENX141,1149,042x025,7612,16346,0.12933822087943553,0.07465090605519813,-0.5462416768074035,0.4,0.1,0.17360222041606904
3,169,TENX141,195,010x031,9804,4652,0.12933786138892173,0.08567674923889584,-0.42930281162261963,0.5,0.0,0.18477763533592223
3,170,TENX141,237,012x015,3957,5382,0.12924755793064832,0.09834933565560182,-0.5462463527917862,0.4,0.0,0.16903378069400787
3,171,TENX141,456,022x011,2495,9037,0.1292258556932211,0.0836896247378723,-0.44184322357177735,0.5,0.0,0.18059003949165345
3,172,TENX141,23,001x026,7977,1363,0.12902790270745754,0.09151524758934723,-0.5039477664977312,0.4,0.1,0.1631125420331955
3,173,TENX141,97,005x037,11997,2824,0.12887395154684783,0.0739623525914939,-0.3995770126581192,0.4,0.0,0.1534605175256729
3,174,TENX141,208,011x017,4688,5017,0.12879185508936644,0.08331395355361154,-0.406453537940979,0.4,0.0,0.1572606921195984
3,175,TENX141,413,020x014,3592,8306,0.1287202298641205,0.08196063083363149,-0.40339450538158417,0.3,0.0,0.12265190780162812
3,176,TENX141,487,023x024,7246,9402,0.1286938976496458,0.07766463788060893,-0.38468131721019744,0.5,0.0,0.183827742934227
3,177,TENX141,68,003x038,12362,2093,0.128674004226923,0.061571401543275964,-0.40767835155129434,0.3,0.0,0.11560017466545106
3,178,TENX141,735,030x016,4323,11960,0.12863903120160103,0.04607268005873404,-0.23678173795342444,0.5,0.0,0.1520591676235199
3,179,TENX141,1087,040x023,6881,15615,0.12861340902745724,0.07147373421983234,-0.2994564831256866,0.4,0.0,0.14366278946399688
3,180,TENX141,242,012x020,5784,5382,0.12842075508087875,0.06352277407192744,-0.39396389946341515,0.4,0.0,0.1416880577802658
3,181,TENX141,550,025x018,5054,10133,0.12827855963259935,0.07898777754113283,-0.39909999445080757,0.3,0.0,0.11362782120704651
3,182,TENX141,213,011x023,6881,5017,0.1282712783664465,0.08578843221990608,-0.5364385701715946,0.3,0.0,0.12686098515987396
3,183,TENX141,1258,046x014,3592,17807,0.12812397442758083,0.0669675288974087,-0.30099860168993475,0.3,0.0,0.11233035326004029
3,184,TENX141,528,024x031,9804,9768,0.12807671837508677,0.0857057909171929,-0.5450777482241392,0.4,0.0,0.15413021743297578
3,185,TENX141,635,027x030,9439,10864,0.1279890276491642,0.08253042322606913,-0.441403429210186,0.5,0.0,0.1779324471950531
3,186,TENX141,779,031x022,6515,12326,0.12797856219112874,0.07760733545065206,-0.4267792388796806,0.3,0.0,0.12672370672225952
3,187,TENX141,767,031x010,2130,12326,0.12793521694839,0.07163234402205561,-0.26058012023568156,0.3,0.0,0.11404933631420136
3,188,TENX141,252,012x030,9439,5382,0.1279232067987323,0.07948105586556847,-0.5723075442016125,0.4,0.0,0.1549127697944641
3,189,TENX141,439,021x020,5784,8671,0.12749111773446203,0.09396557097216572,-0.4975265622138977,0.4,0.1,0.16097574532032013
3,190,TENX141,1039,038x033,10535,14884,0.12738198209553958,0.08053428385759408,-0.3626128152012825,0.4,0.0,0.1573074132204056
3,191,TENX141,71,003x041,13459,2093,0.1271402670070529,0.0958222228914034,-0.5292665399610996,0.4,0.1,0.16786196529865266
3,192,TENX141,124,007x030,9439,3555,0.12708529513329267,0.071367146441268,-0.40054299756884576,0.3,0.0,0.11591919958591461
3,193,TENX141,358,016x036,11631,6844,0.12705746944993734,0.09684581330266807,-0.5178106874227524,0.4,0.1,0.16585636436939238
3,194,TENX141,508,024x006,668,9768,0.12688743472099304,0.07470552663599557,-0.3038305051624775,0.4,0.0,0.14829291105270387
3,195,TENX141,557,025x025,7612,10133,0.12680384255945681,0.07471882769488769,-0.3150810070335865,0.3,0.0,0.12094810009002685
3,196,TENX141,1088,040x024,7246,15615,0.12675893157720566,0.08867667715979276,-0.3136341400444508,0.2,0.1,0.0906171053647995
3,197,TENX141,269,013x016,4323,5748,0.126655981130898,0.08297477575156532,-0.5384200751781464,0.5,0.0,0.18904958963394164
3,198,TENX141,365,016x043,14190,6844,0.1266048016026616,0.09492369408323392,-0.48562015891075133,0.5,0.0,0.19772497713565826
3,199,TENX141,98,005x038,12362,2824,0.12658554147928952,0.08656833031618665,-0.4124997824430466,0.4,0.0,0.15884263217449188
3,200,TENX141,2928,097x023,6881,36445,0.12657393012195825,0.08267259652017722,-0.3530244201421738,0.5,0.0,0.18543610870838165
3,201,TENX141,725,030x006,668,11960,0.126331852003932,0.06875428354125541,-0.2871763501316309,0.3,0.0,0.11181397438049316
3,202,TENX141,732,030x013,3226,11960,0.12632982060313225,0.08730897176488513,-0.623266564682126,0.3,0.0,0.12154369056224823
3,203,TENX141,158,009x009,1765,4286,0.126297402754426,0.08347412356019007,-0.46746836155653,0.4,0.0,0.14948640167713165
3,204,TENX141,92,005x012,2861,2824,0.12625057399272918,0.07953016635989606,-0.43001614771783353,0.5,0.0,0.18138104677200317
3,205,TENX141,602,026x034,10901,10499,0.12619318161159754,0.09808654946668649,-0.6191885530948639,0.3,0.1,0.13414835631847383
3,206,TENX141,112,006x037,11997,3190,0.12618244010955096,0.08669807786636229,-0.502316129207611,0.4,0.0,0.16553769409656524
3,207,TENX141,695,029x014,3592,11595,0.1261780343949795,0.07580121228489042,-0.36855914574116466,0.4,0.0,0.14676871299743652
3,208,TENX141,61,003x025,7612,2093,0.1261762112379074,0.09549229543380167,-0.45453919768333434,0.3,0.1,0.1402820736169815
3,209,TENX141,224,011x034,10901,5017,0.126158357411623,0.06789757882237055,-0.3385002423077822,0.4,0.0,0.14482396245002746
3,210,TENX141,41,002x024,7246,1728,0.12600756902247667,0.0881315700319128,-0.5670267850160599,0.3,0.0,0.13274855315685272
3,211,TENX141,507,024x005,303,9768,0.12597607746720313,0.07727341113449358,-0.44939928539097307,0.4,0.0,0.14425213038921356
3,212,TENX141,1935,067x025,7612,25482,0.1259265061467886,0.07183269466706044,-0.3638175934553146,0.4,0.0,0.14488242268562318
3,213,TENX141,467,022x029,9073,9037,0.1257878750562668,0.07089111910279439,-0.42819775827229023,0.4,0.0,0.1408789724111557
3,214,TENX141,700,029x019,5419,11595,0.12578650154173374,0.0760505917560895,-0.27536479830741883,0.4,0.0,0.14231699407100679
3,215,TENX141,624,027x019,5419,10864,0.12571607921272515,0.09541138615900416,-0.574991325289011,0.3,0.1,0.12899394929409028
3,216,TENX141,182,010x015,3957,4652,0.12558999359607698,0.08782844854092756,-0.516611035168171,0.4,0.0,0.15547280311584472
3,217,TENX141,729,030x010,2130,11960,0.12555824853479863,0.07445711681254122,-0.5000182203948498,0.3,0.0,0.11853401958942414
3,218,TENX141,430,021x011,2495,8671,0.12547351345419883,0.06779520868472497,-0.33627707362174986,0.4,0.0,0.1444469153881073
3,219,TENX141,693,029x012,2861,11595,0.12544778548181057,0.09881773939051136,-0.4841366112232208,0.4,0.1,0.1575211375951767
3,220,TENX141,1060,039x025,7612,15249,0.12544703744351865,0.05167304098312829,-0.26891356110572817,0.3,0.0,0.09343694746494294
3,221,TENX141,44,002x027,8343,1728,0.1254162758588791,0.07453260912280944,-0.4674271747469902,0.4,0.0,0.14577970206737517
3,222,TENX141,640,027x035,11266,10864,0.12503342144191265,0.09097299531140225,-0.42440257743000986,0.3,0.1,0.13115381598472595
3,223,TENX141,47,002x031,9804,1728,0.12485853880643845,0.09111495778631282,-0.4949095948599279,0.4,0.0,0.15804912149906158
3,224,TENX141,717,029x036,11631,11595,0.12481095138937234,0.07408275086279678,-0.2931139647960663,0.3,0.0,0.10808879137039185
3,225,TENX141,397,019x007,1034,7940,0.12475447021424771,0.06064235252023227,-0.31917028725147245,0.5,0.0,0.15678206980228424
3,226,TENX141,96,005x036,11631,2824,0.12475082799792289,0.08596129692375966,-0.4232571080327034,0.4,0.0,0.15274018943309783
3,227,TENX141,516,024x018,5054,9768,0.12466035671532154,0.06026849246148494,-0.4403070941567421,0.4,0.0,0.13565337359905244
3,228,TENX141,1967,068x025,7612,25847,0.12465340159833431,0.05725078452054152,-0.45299900211393834,0.4,0.0,0.13412811160087584
3,229,TENX141,274,013x025,7612,5748,0.12465226426720619,0.09476126278203732,-0.48518688082695005,0.3,0.0,0.13077268600463868
3,230,TENX141,7,000x027,8343,997,0.12463375627994537,0.09580096475699042,-0.6241506792604923,0.4,0.0,0.16619749665260314
3,231,TENX141,90,005x010,2130,2824,0.1245906112715602,0.07202590122475573,-0.428561133146286,0.3,0.0,0.11350288987159729
3,232,TENX141,91,005x011,2495,2824,0.12453120071440935,0.08925275789245152,-0.4438717752695084,0.4,0.0,0.16237386167049409
3,233,TENX141,552,025x020,5784,10133,0.12452290169894695,0.06292165709575578,-0.3577187955379486,0.4,0.0,0.1377045214176178
3,234,TENX141,765,031x008,1399,12326,0.12446231171488761,0.0734841504639333,-0.3812859244644642,0.3,0.0,0.11448222696781159
3,235,TENX141,1326,048x022,6515,18538,0.12444362938404083,0.09180595366633318,-0.6230022743344307,0.4,0.0,0.17307746708393096
3,236,TENX141,228,011x038,12362,5017,0.12441314663738012,0.07621875604572918,-0.5382553100585937,0.4,0.0,0.15346398949623108
3,237,TENX141,129,007x035,11266,3555,0.1243218882009387,0.09654303463115545,-0.5149658121168613,0.2,0.2,0.10218799114227295
3,238,TENX141,638,027x033,10535,10864,0.1241650190204382,0.08374587193176584,-0.5225278384983539,0.3,0.1,0.11976343989372254
3,239,TENX141,3021,100x019,5419,37541,0.12405015602707863,0.0802341543661089,-0.353287561237812,0.3,0.1,0.12274391055107117
3,240,TENX141,395,018x041,13459,7575,0.12401149645447732,0.06414947535724641,-0.3615282978862524,0.3,0.0,0.11211354732513427
3,241,TENX141,833,032x038,12362,12691,0.12393499538302422,0.06900251459162561,-0.26331632286310197,0.3,0.0,0.11198693513870239
3,242,TENX141,581,026x013,3226,10499,0.12388855461031198,0.09136086708041734,-0.3985134854912758,0.3,0.0,0.12719471752643585
3,243,TENX141,14,000x042,13824,997,0.12363593112677336,0.08388443454944654,-0.3996238589286804,0.4,0.0,0.15857538878917693
3,244,TENX141,131,007x037,11997,3555,0.12361558377742768,0.07417196948301151,-0.432991274446249,0.5,0.0,0.18222288489341737
3,245,TENX141,770,031x013,3226,12326,0.12330445274710655,0.10476914183063586,-0.647841888666153,0.3,0.1,0.13682296872138977
3,246,TENX141,676,028x033,10535,11229,0.12310096304863691,0.08860957140846316,-0.5581638723611831,0.4,0.0,0.1634199559688568
3,247,TENX141,411,020x012,2861,8306,0.12309330608695745,0.08504829268064659,-0.4341858208179474,0.4,0.0,0.14860692918300628
3,248,TENX141,2956,098x017,4688,36810,0.12307146042585373,0.05892435155691951,-0.2304941385984421,0.4,0.0,0.1292767584323883
3,249,TENX141,87,004x042,13824,2459,0.12296710591763257,0.0889525905405063,-0.6121920414268971,0.4,0.1,0.16577283442020416
3,250,TENX141,854,033x022,6515,13057,0.122865304723382,0.07131420585192164,-0.40937898457050326,0.3,0.0,0.10413771271705627
3,251,TENX141,1037,038x031,9804,14884,0.12281007319688797,0.084122892611672,-0.47506658881902697,0.2,0.1,0.09976648092269898
3,252,TENX141,707,029x026,7977,11595,0.12266352027654648,0.035881770326910103,-0.2606026612222195,0.3,0.0,0.08851002752780915
3,253,TENX141,2157,074x020,5784,28040,0.12266116067767144,0.05554105208120905,-0.29341110698878764,0.3,0.0,0.1001487672328949
3,254,TENX141,472,022x034,10901,9037,0.122642607614398,0.08323175253296443,-0.474233140796423,0.3,0.0,0.11890788972377778
3,255,TENX141,466,022x028,8708,9037,0.1226320132613182,0.07811057714175694,-0.4702321581542492,0.5,0.0,0.17324233055114746
3,256,TENX141,784,031x027,8343,12326,0.12258910313248635,0.04535810237869714,-0.251188531331718,0.3,0.0,0.09825158715248108
4,1,TENX141,1254,045x040,13093,17442,0.20376206785440446,0.03752548753427254,0.3528250873088837,0.9,0.1,0.3322808265686035
4,2,TENX141,1603,057x010,2130,21827,0.2031241849064827,0.05129409029710092,0.43625604659318923,0.5,0.4,0.2586727499961853
4,3,TENX141,1988,069x014,3592,26212,0.19974565804004668,0.038623003890655185,0.3464963372796774,0.8,0.0,0.30763972997665406
4,4,TENX141,896,034x028,8708,13422,0.194235460460186,0.03977663908605849,0.2933047626167536,0.6,0.1,0.26014464497566225
4,5,TENX141,285,013x036,11631,5748,0.194027678668499,0.04384304891164901,0.3164330143481493,0.5,0.1,0.24058769643306732
4,6,TENX141,1211,044x027,8343,17076,0.1917919933795929,0.04011500288509766,0.25879181921482086,0.8,0.0,0.2840533494949341
4,7,TENX141,1361,049x026,7977,18904,0.19051138311624527,0.038136744122793935,0.22496016137301922,0.3,0.0,0.1480217158794403
4,8,TENX141,1636,058x011,2495,22193,0.1901849940419197,0.0476258709976866,0.36292390935122965,0.5,0.1,0.23811156153678895
4,9,TENX141,2824,094x020,5784,35348,0.18999717086553575,0.04326079110903513,0.21027315855026246,0.7,0.1,0.2684761047363281
4,10,TENX141,1958,068x016,4323,25847,0.18950363099575043,0.03844432346544517,0.21293877195566893,0.6,0.1,0.22528265714645385
4,11,TENX141,2631,088x030,9439,33156,0.1889517918229103,0.04480571452476806,0.2515267238020897,0.8,0.0,0.301658570766449
4,12,TENX141,978,036x039,12728,14153,0.1880035325884819,0.04099080826861601,0.2013955008238554,0.8,0.0,0.2802311718463898
4,13,TENX141,1223,044x039,12728,17076,0.1872648924589157,0.04470305850666622,0.18922584224492311,0.6,0.1,0.24061964750289916
4,14,TENX141,1771,062x020,5784,23654,0.1871415138244629,0.04082145136897047,0.13543695267289876,0.5,0.0,0.20463909208774567
4,15,TENX141,2792,093x021,6150,34983,0.18684376031160355,0.04043051749461219,0.2120054427534342,0.8,0.0,0.27895562499761584
4,16,TENX141,977,036x038,12362,14153,0.1859198197722435,0.03360694453133086,0.14928559064865113,0.5,0.0,0.18666314482688903
4,17,TENX141,286,013x037,11997,5748,0.18553634732961655,0.04044866552391113,0.1649345550686121,0.5,0.0,0.2275805115699768
4,18,TENX141,1740,061x020,5784,23289,0.1854524254798889,0.03651487116266469,0.16634672582149507,0.4,0.0,0.16001202762126923
4,19,TENX141,1535,054x040,13093,20731,0.1852155841886997,0.045274406631814354,0.259348438680172,0.5,0.0,0.20939294397830963
4,20,TENX141,261,012x039,12728,5382,0.1847774162888527,0.04652464388438978,0.153097403421998,0.4,0.2,0.19591717720031737
4,21,TENX141,1792,063x010,2130,24020,0.18466042280197142,0.050471231643505095,0.3003148898482323,0.3,0.2,0.14960939586162567
4,22,TENX141,2832,094x028,8708,35348,0.1846373349428177,0.03721185494916774,0.180468837171793,0.5,0.0,0.20415775775909423
4,23,TENX141,1778,062x027,8343,23654,0.18434010446071625,0.04734439572625843,0.2195009957998991,0.5,0.1,0.19864645302295686
4,24,TENX141,895,034x027,8343,13422,0.18427520543336867,0.04056604123188896,0.0724294213578105,0.6,0.0,0.22915316820144654
4,25,TENX141,2534,085x038,12362,32059,0.18426868468523025,0.04645492771373572,0.3279577773064375,0.3,0.0,0.14114590287208556
4,26,TENX141,1486,053x023,6881,20365,0.1841057687997818,0.03546399394821391,0.18299011774361135,0.2,0.0,0.07118248492479325
4,27,TENX141,1517,054x022,6515,20731,0.18376552313566208,0.04511418481292802,0.07955398336052895,0.4,0.1,0.1912287473678589
4,28,TENX141,2974,098x035,11266,36810,0.18345154076814651,0.03588229700404155,0.036850914172828195,0.8,0.0,0.2870748996734619
4,29,TENX141,1760,061x040,13093,23289,0.18310155123472213,0.04304972641401198,0.12976035326719285,0.8,0.2,0.290116585791111
4,30,TENX141,1483,053x020,5784,20365,0.18294457644224166,0.040221754048716835,0.16392446104437114,0.1,0.0,0.0499941349029541
4,31,TENX141,2449,083x020,5784,31329,0.18252428919076918,0.0519403069487124,0.32887565456330775,0.3,0.0,0.14116933345794677
4,32,TENX141,1218,044x034,10901,17076,0.18219375908374785,0.03717474775629245,0.22047955952584744,0.3,0.0,0.13167882859706878
4,33,TENX141,2906,096x035,11266,36079,0.1821373865008354,0.03628952243024761,0.17303089313209058,0.1,0.0,0.0471869558095932
4,34,TENX141,3029,100x027,8343,37541,0.18209647089242936,0.032987298933484045,0.07744626253843308,0.7,0.0,0.25681684017181394
4,35,TENX141,1659,058x034,10901,22193,0.18203568309545518,0.044796103104112826,0.13385696541517972,0.5,0.0,0.18616222441196442
4,36,TENX141,1618,057x025,7612,21827,0.18203548491001129,0.0348561523870217,0.17511518448591232,0.5,0.0,0.20370534360408782
4,37,TENX141,1772,062x021,6150,23654,0.18200257569551467,0.03334310333699589,0.17679854072630405,0.5,0.0,0.17676372230052947
4,38,TENX141,1431,051x032,10170,19635,0.18173451349139214,0.047062251100905825,0.15945352092385293,0.6,0.1,0.23489421010017394
4,39,TENX141,2827,094x023,6881,35348,0.18170978575944902,0.03546616349889925,0.15152242239564656,0.6,0.0,0.22240128517150878
4,40,TENX141,1957,068x015,3957,25847,0.18163058310747146,0.03200399694903279,0.08795286566019059,0.0,0.0,0.0
4,41,TENX141,2817,094x013,3226,35348,0.1812116488814354,0.03623343980133472,0.13495578430593014,0.3,0.1,0.1355650544166565
4,42,TENX141,1473,053x010,2130,20365,0.1811124563217163,0.04666731176629381,0.2805913373827934,0.4,0.0,0.18968238830566406
4,43,TENX141,3001,099x028,8708,37176,0.1802257403731346,0.04280947489751904,0.06444889213889837,0.5,0.0,0.19977944493293762
4,44,TENX141,1204,044x020,5784,17076,0.1799483686685562,0.03506797109938475,0.03677526265382767,0.2,0.0,0.07255013287067413
4,45,TENX141,2987,099x014,3592,37176,0.17955118864774705,0.03857897778798893,0.11762478239834309,0.6,0.0,0.20610804110765457
4,46,TENX141,2179,075x008,1399,28405,0.17952053472399712,0.05010872098306666,0.29118871986865996,0.2,0.1,0.10015771090984345
4,47,TENX141,936,035x032,10170,13788,0.1793529734015465,0.03860855897726652,0.0941258754581213,0.4,0.0,0.1565855026245117
4,48,TENX141,1761,062x010,2130,23654,0.17930175736546516,0.051952906858347345,0.19060115814208983,0.5,0.1,0.23706880509853362
4,49,TENX141,2365,080x030,9439,30232,0.17924127578735352,0.033917113265544876,0.15375673323869704,0.2,0.0,0.08832953572273254
4,50,TENX141,1253,045x039,12728,17442,0.17921330630779267,0.035437614919696096,-0.018146207183599473,0.2,0.0,0.08863065540790557
4,51,TENX141,1462,052x032,10170,20000,0.1782957747578621,0.04003309331867444,0.17204317562282084,0.4,0.0,0.1737383008003235
4,52,TENX141,2220,076x016,4323,28771,0.1778617411851883,0.04498186924330494,0.1576624482870102,0.4,0.0,0.1674978405237198
4,53,TENX141,2393,081x027,8343,30598,0.17767747342586518,0.0404209743397877,0.13962775319814683,0.4,0.0,0.16675616800785065
4,54,TENX141,2814,094x010,2130,35348,0.17755310088396073,0.041450808671594855,0.10090973675251007,0.4,0.0,0.16734769940376282
4,55,TENX141,1824,064x010,2130,24385,0.17750202491879463,0.04768686232430565,0.30290524996817114,0.3,0.1,0.142691507935524
4,56,TENX141,3012,099x039,12728,37176,0.17745622545480727,0.04561790730215382,0.2889763116836548,0.4,0.0,0.174093297123909
4,57,TENX141,900,034x032,10170,13422,0.17720066905021667,0.03510182971395665,0.07059252504259347,0.6,0.0,0.20442336797714233
4,58,TENX141,2067,071x029,9073,26943,0.17720036655664445,0.04066745589333372,0.20007122866809368,0.3,0.0,0.13120670914649962
4,59,TENX141,1226,045x012,2861,17442,0.17719708383083344,0.050337476239144474,0.06772612892091275,0.4,0.0,0.18430210053920745
4,60,TENX141,1126,041x032,10170,15980,0.17712555974721908,0.04151067846117259,0.1442648433148861,0.3,0.0,0.13519437313079835
4,61,TENX141,2359,080x024,7246,30232,0.17708994075655937,0.042056318213612214,0.09218835309147835,0.4,0.0,0.14258351176977158
4,62,TENX141,2848,095x011,2495,35714,0.17676821798086167,0.032530956160785295,0.10511821731925011,0.6,0.0,0.22314414083957673
4,63,TENX141,2023,070x017,4688,26578,0.17669890969991683,0.033136384336773475,0.17389340400695802,0.0,0.0,0.0
4,64,TENX141,1952,068x010,2130,25847,0.1766374096274376,0.04165654766468904,0.1859981182962656,0.1,0.0,0.04690031111240387
4,65,TENX141,2860,095x023,6881,35714,0.17655305564403534,0.03773616213138276,-0.01957540400326252,0.5,0.0,0.17869585901498794
4,66,TENX141,2008,069x034,10901,26212,0.17647974863648414,0.04457439754313428,0.12866910863667727,0.5,0.0,0.2186249762773514
4,67,TENX141,1518,054x023,6881,20731,0.17638004422187806,0.04118400882192672,0.148370099067688,0.2,0.0,0.09289566576480865
4,68,TENX141,2555,086x024,7246,32425,0.1763081043958664,0.03945772391494304,0.02852834537625313,0.2,0.0,0.0881206214427948
4,69,TENX141,1955,068x013,3226,25847,0.1762656018137932,0.040225032090183736,0.0778823122382164,0.3,0.0,0.13557578921318053
4,70,TENX141,1960,068x018,5054,25847,0.17609286159276963,0.03876127717963306,0.07150959596037865,0.2,0.0,0.09113459587097168
4,71,TENX141,260,012x038,12362,5382,0.17603764832019805,0.041753838616890804,0.21737856268882752,0.2,0.0,0.08621134161949158
4,72,TENX141,1802,063x020,5784,24020,0.17599164843559265,0.039014157412372234,0.2180302131921053,0.2,0.0,0.0937020480632782
4,73,TENX141,1501,053x038,12362,20365,0.17583370208740234,0.03694223371656605,0.13950568679720163,0.2,0.0,0.09185476303100586
4,74,TENX141,1648,058x023,6881,22193,0.17578059583902358,0.04519001894087074,0.26018411982804535,0.2,0.0,0.09196527600288391
4,75,TENX141,2025,070x019,5419,26578,0.175620037317276,0.035086207118341775,0.037501896172761916,0.0,0.0,0.0
4,76,TENX141,1019,038x013,3226,14884,0.17556960210204126,0.05230011781661319,0.1535228256136179,0.4,0.1,0.19359467923641205
4,77,TENX141,1582,056x022,6515,21462,0.17549907118082048,0.036501175080345984,0.08507489338517189,0.1,0.0,0.04634192287921905
4,78,TENX141,2443,083x014,3592,31329,0.1754738375544548,0.044419912239368836,0.08064410984516143,0.4,0.0,0.18149410486221312
4,79,TENX141,2849,095x012,2861,35714,0.17545069754123688,0.03870418703328499,0.08711140342056752,0.1,0.0,0.048493921756744385
4,80,TENX141,1959,068x017,4688,25847,0.17517720013856888,0.033265952751913797,0.01137678362429142,0.2,0.0,0.08460526466369629
4,81,TENX141,1867,065x021,6150,24751,0.17486806362867355,0.04017625933606501,0.054300966672599316,0.1,0.0,0.04814257621765137
4,82,TENX141,2378,081x012,2861,30598,0.17450598105788231,0.03924068216427296,0.07086928188800812,0.2,0.0,0.09197850525379181
4,83,TENX141,899,034x031,9804,13422,0.17448092997074127,0.03695113375992462,0.04398117437958717,0.1,0.0,0.041689416766166686
4,84,TENX141,2033,070x027,8343,26578,0.17447097450494767,0.04580733626596617,0.15100609958171846,0.1,0.1,0.050273162126541135
4,85,TENX141,1233,045x019,5419,17442,0.17426715940237045,0.04159120905669483,0.0547295305877924,0.5,0.0,0.21659478843212127
4,86,TENX141,1174,043x020,5784,16711,0.17425406277179717,0.03992111795161493,0.1331940062344074,0.2,0.0,0.0887413889169693
4,87,TENX141,1718,060x029,9073,22924,0.17412388026714326,0.04200291587381421,0.11452411599457264,0.3,0.0,0.13404997885227204
4,88,TENX141,1738,061x018,5054,23289,0.17406798750162125,0.036364312418664876,0.1210555724799633,0.1,0.0,0.043291667103767396
4,89,TENX141,2816,094x012,2861,35348,0.17396466583013534,0.0324143104498563,0.06344363577663899,0.1,0.0,0.04153155088424683
4,90,TENX141,1338,048x034,10901,18538,0.1739218309521675,0.03624146000516208,-0.00962270125746727,0.3,0.0,0.12436164319515228
4,91,TENX141,1340,048x036,11631,18538,0.17387566417455674,0.03786586254499885,0.1656196042895317,0.1,0.0,0.04468777775764465
4,92,TENX141,898,034x030,9439,13422,0.17382054924964904,0.036673388312082555,0.12473233230412006,0.2,0.0,0.08720631897449493
4,93,TENX141,1746,061x026,7977,23289,0.1737801179289818,0.03934362458084571,0.1397264763712883,0.2,0.0,0.08682253658771515
4,94,TENX141,2554,086x023,6881,32425,0.17364905923604965,0.03905922606268497,0.06719555780291557,0.3,0.0,0.12804482579231263
4,95,TENX141,1544,055x017,4688,21096,0.17357517033815384,0.03580987503869105,0.024385615810751916,0.2,0.0,0.08960337936878204
4,96,TENX141,1698,060x009,1765,22924,0.17351741045713426,0.05459375356948869,0.17804569080471994,0.4,0.0,0.18752201795578002
4,97,TENX141,1155,042x031,9804,16346,0.17340982109308242,0.035568771115247526,0.025217127799987794,0.3,0.0,0.12536138594150542
4,98,TENX141,937,035x033,10535,13788,0.17328104078769685,0.03950662287596029,0.1102041544392705,0.2,0.0,0.08786986768245697
4,99,TENX141,1570,056x010,2130,21462,0.17325846329331399,0.0521780502560208,0.312287499755621,0.2,0.1,0.09572542905807495
4,100,TENX141,972,036x033,10535,14153,0.17322781309485435,0.04285605703060176,0.06145226359367371,0.2,0.0,0.09501840472221375
4,101,TENX141,2760,092x022,6515,34618,0.1730264827609062,0.037621555401807324,0.0017128761857748032,0.1,0.0,0.04928715527057648
4,102,TENX141,1194,043x040,13093,16711,0.17295175194740295,0.0387822467532909,0.10976016838103533,0.5,0.0,0.19369451254606246
4,103,TENX141,1506,054x011,2495,20731,0.17295123711228372,0.050495311592711305,0.21018977388739585,0.3,0.0,0.13842202723026276
4,104,TENX141,1898,066x020,5784,25116,0.17279064655303955,0.041147928244941734,0.12246413417160511,0.1,0.0,0.046766871213912965
4,105,TENX141,1919,067x009,1765,25482,0.1726001650094986,0.04789965069433597,0.12957740873098372,0.2,0.0,0.09650721549987792
4,106,TENX141,2090,072x019,5419,27309,0.17247848808765412,0.030801121875115314,0.03898134604096413,0.0,0.0,0.0
4,107,TENX141,1224,044x040,13093,17076,0.17235718220472335,0.036633622252971586,-0.027962885797023773,0.2,0.0,0.08305168747901917
4,108,TENX141,1904,066x026,7977,25116,0.1722869999706745,0.040813419155814754,0.13260368816554546,0.0,0.0,0.0
4,109,TENX141,2847,095x010,2130,35714,0.1722320705652237,0.036266026055504726,0.0971231535077095,0.1,0.0,0.04705422222614288
4,110,TENX141,1806,063x024,7246,24020,0.1722154885530472,0.039378094207923986,0.18189614377915858,0.3,0.0,0.12539999485015868
4,111,TENX141,1592,056x032,10170,21462,0.1721543401479721,0.037604824614204044,0.0366814274340868,0.0,0.0,0.0
4,112,TENX141,1071,039x036,11631,15249,0.17210033237934114,0.037518307257600775,0.07862117346376181,0.3,0.0,0.1261145681142807
4,113,TENX141,1497,053x034,10901,20365,0.17201051712036133,0.039859935638483474,-0.029570769518613815,0.2,0.1,0.07672183513641358
4,114,TENX141,1546,055x019,5419,21096,0.17178476750850677,0.03631712964556241,0.05818718522787094,0.2,0.0,0.08901304602622986
4,115,TENX141,1100,040x036,11631,15615,0.17176528871059418,0.03441503330139798,0.09948518648743629,0.1,0.0,0.04607471823692322
4,116,TENX141,1839,064x025,7612,24385,0.17176145762205125,0.0411774578844949,0.07234396860003471,0.1,0.0,0.04570412039756775
4,117,TENX141,1590,056x030,9439,21462,0.17173959761857988,0.03820030313540983,0.10087117999792099,0.4,0.0,0.1724893033504486
4,118,TENX141,1163,042x039,12728,16346,0.1716216489672661,0.03786324465125306,0.054994402825832366,0.3,0.0,0.11248414814472199
4,119,TENX141,1396,050x029,9073,19269,0.17160408496856688,0.04501104515635334,0.004153368249535561,0.5,0.0,0.18230140954256058
4,120,TENX141,2934,097x029,9073,36445,0.17157024294137954,0.04533817969597839,0.08405459076166152,0.3,0.0,0.13027428984642028
4,121,TENX141,2362,080x027,8343,30232,0.17152298986911774,0.039139150124498145,0.12058985829353333,0.1,0.0,0.04492954909801483
4,122,TENX141,1530,054x035,11266,20731,0.17150623202323914,0.03544813262722437,-0.007285817712545395,0.1,0.0,0.046371713280677795
4,123,TENX141,3028,100x026,7977,37541,0.17147665694355965,0.04306517269065035,0.10653900448232889,0.3,0.0,0.12683543860912322
4,124,TENX141,2885,096x014,3592,36079,0.1714731737971306,0.02944275633203475,-0.029880408197641373,0.3,0.0,0.11598158776760101
4,125,TENX141,1429,051x030,9439,19635,0.17124445885419845,0.03784806864449141,0.09385452084243298,0.0,0.0,0.0
4,126,TENX141,1855,065x009,1765,24751,0.171217443048954,0.04852418160940053,0.028259919583797456,0.2,0.1,0.09691032171249389
4,127,TENX141,2221,076x017,4688,28771,0.17116582095623017,0.03662963284358055,0.060896636731922624,0.3,0.0,0.10762437134981155
4,128,TENX141,1531,054x036,11631,20731,0.1709907829761505,0.042095666575841295,0.13974910452961922,0.3,0.0,0.13243235051631927
4,129,TENX141,1479,053x016,4323,20365,0.17095460444688798,0.03554487485517125,0.016926677152514457,0.3,0.0,0.13005513250827788
4,130,TENX141,2079,072x008,1399,27309,0.1709435410797596,0.052248582069756314,0.07098719999194145,0.5,0.0,0.22633403837680816
4,131,TENX141,2424,082x027,8343,30963,0.17088507413864135,0.039829828331634835,0.05638085249811411,0.2,0.0,0.0856034517288208
4,132,TENX141,2831,094x027,8343,35348,0.17086385935544968,0.034494530734416426,0.04482567440718412,0.0,0.0,0.0
4,133,TENX141,1927,067x017,4688,25482,0.17068668454885483,0.03439329237409904,-0.016219434887170793,0.1,0.0,0.04721322357654571
4,134,TENX141,1930,067x020,5784,25482,0.1706641882658005,0.0334764081418698,0.04743657391518354,0.0,0.0,0.0
4,135,TENX141,2092,072x021,6150,27309,0.1705477476119995,0.036826809928171826,0.06573522668331862,0.2,0.0,0.08933280110359192
4,136,TENX141,859,033x027,8343,13057,0.17041594460606574,0.041498383722354426,0.017943377792835235,0.2,0.0,0.08642728626728058
4,137,TENX141,2706,090x036,11631,33887,0.17039528787136077,0.0458191478510396,0.06856612600386143,0.2,0.0,0.0933066338300705
4,138,TENX141,1729,060x040,13093,22924,0.17038735896348953,0.039107866241356454,0.013836321793496609,0.5,0.0,0.21539526879787446
4,139,TENX141,1175,043x021,6150,16711,0.17021164000034333,0.028989393094010135,0.06054785773158074,0.0,0.0,0.0
4,140,TENX141,1364,049x029,9073,18904,0.1701806329190731,0.03697267922922237,-0.00798523835837841,0.3,0.0,0.13028134405612946
4,141,TENX141,860,033x028,8708,13057,0.17013587057590485,0.03625414249496223,0.09189504198729992,0.1,0.0,0.044508320093154904
4,142,TENX141,1864,065x018,5054,24751,0.16967827081680298,0.03703679669495377,0.05387753546237946,0.1,0.0,0.04677712321281433
4,143,TENX141,2027,070x021,6150,26578,0.16957545578479766,0.03822032588529787,0.10675291679799556,0.1,0.0,0.04628880620002747
4,144,TENX141,2941,097x036,11631,36445,0.1692474067211151,0.03482929834523035,0.12470973320305348,0.0,0.0,0.0
4,145,TENX141,1461,052x031,9804,20000,0.16915326714515685,0.042521614012231784,0.04108141101896763,0.2,0.0,0.09095959663391114
4,146,TENX141,2236,076x032,10170,28771,0.16914838403463364,0.03629022683288958,0.06276106424629688,0.0,0.0,0.0
4,147,TENX141,3052,101x027,8343,37907,0.16914062723517417,0.0441923464561934,0.08575336784124374,0.2,0.0,0.08297470510005951
4,148,TENX141,1883,065x037,11997,24751,0.1690264381468296,0.04512320327711586,0.12589051499962806,0.1,0.0,0.04924444854259491
4,149,TENX141,1437,051x038,12362,19635,0.16892947256565094,0.03664761590954631,0.1475274857133627,0.2,0.0,0.08507358729839325
4,150,TENX141,1812,063x030,9439,24020,0.1688624382019043,0.03905593593837767,0.1190932422876358,0.6,0.0,0.21962552815675734
4,151,TENX141,1708,060x019,5419,22924,0.16885831356048583,0.03586570278018262,0.10910724326968194,0.1,0.0,0.045194494724273684
4,152,TENX141,897,034x029,9073,13422,0.16882748603820802,0.03015654684471504,0.058793315663933754,0.3,0.0,0.10307354927062988
4,153,TENX141,1809,063x027,8343,24020,0.1688167557120323,0.039758304968125054,0.00041161179542541503,0.2,0.0,0.0822407066822052
4,154,TENX141,2530,085x034,10901,32059,0.168807440251112,0.046364415284984806,0.18469953089952468,0.3,0.0,0.13654808700084686
4,155,TENX141,1633,057x040,13093,21827,0.16866135597229004,0.03666489115873867,-0.04692842587828636,0.1,0.0,0.04351235330104828
4,156,TENX141,1332,048x028,8708,18538,0.16865414679050444,0.039467561430563465,0.14119020625948905,0.3,0.0,0.11191673427820206
4,157,TENX141,1819,063x037,11997,24020,0.1685331292450428,0.03976791427798839,0.11669466346502304,0.0,0.0,0.0
4,158,TENX141,1096,040x032,10170,15615,0.1683678559958935,0.035413767678662875,0.16960624270141125,0.0,0.0,0.0
4,159,TENX141,2783,093x012,2861,34983,0.1683574929833412,0.02920674801844434,0.0378060270100832,0.0,0.0,0.0
4,160,TENX141,1649,058x024,7246,22193,0.1680385537445545,0.04556468023000571,0.07900064066052437,0.1,0.1,0.05167825818061829
4,161,TENX141,1804,063x022,6515,24020,0.16803261041641235,0.035753868836986044,0.119246363081038,0.1,0.0,0.03580455780029297
4,162,TENX141,2846,095x009,1765,35714,0.16801225170493125,0.035234870366051406,-0.010774748399853706,0.2,0.0,0.08608213365077973
4,163,TENX141,1210,044x026,7977,17076,0.1679566539824009,0.038403339952724935,0.1021430842578411,0.1,0.0,0.04385832250118256
4,164,TENX141,1586,056x026,7977,21462,0.1679256297647953,0.03576709775210455,0.043809868209064004,0.0,0.0,0.0
4,165,TENX141,2731,091x027,8343,34252,0.16789594143629075,0.040005450304500985,0.047223543189466,0.1,0.0,0.04268917739391327
4,166,TENX141,2463,083x034,10901,31329,0.1678184412419796,0.03587434044878879,0.024565671756863593,0.1,0.0,0.04189116656780243
4,167,TENX141,1559,055x032,10170,21096,0.16771432831883432,0.04264867946094463,0.07741425968706608,0.2,0.0,0.08849513232707977
4,168,TENX141,1874,065x028,8708,24751,0.1676780253648758,0.04425195663333651,0.09141847267746925,0.2,0.0,0.09042843282222748
4,169,TENX141,1449,052x019,5419,20000,0.16763062179088592,0.0393524856953543,0.06838211920112372,0.1,0.0,0.043471133708953856
4,170,TENX141,2234,076x030,9439,28771,0.16759378537535669,0.03766919006197112,-0.02227426916360855,0.3,0.0,0.12696833908557892
4,171,TENX141,1654,058x029,9073,22193,0.16751374676823616,0.0372629337503505,0.06924613304436207,0.1,0.0,0.04530121088027954
4,172,TENX141,1602,057x009,1765,21827,0.16748147010803222,0.052788048065480556,0.16399916782975196,0.3,0.0,0.14243194758892058
4,173,TENX141,2061,071x023,6881,26943,0.16742513626813887,0.03177019271380907,0.112026447057724,0.0,0.0,0.0
4,174,TENX141,2730,091x026,7977,34252,0.16738787218928336,0.04036311802394728,0.07456139698624611,0.0,0.0,0.0
4,175,TENX141,1956,068x014,3592,25847,0.1672083005309105,0.0339073732347442,0.03489569388329983,0.0,0.0,0.0
4,176,TENX141,1850,064x036,11631,24385,0.16716895997524261,0.036111511051172815,0.12038576491177082,0.3,0.0,0.1291314333677292
4,177,TENX141,2089,072x018,5054,27309,0.16709637343883516,0.03480214414629885,-0.01643380746245384,0.2,0.0,0.08190280497074127
4,178,TENX141,1505,054x010,2130,20731,0.16708329170942307,0.046610961076764566,0.0971327319741249,0.1,0.0,0.04553217589855194
4,179,TENX141,1533,054x038,12362,20731,0.1670158363878727,0.04110712882588472,0.05873275063931942,0.1,0.0,0.046354106068611144
4,180,TENX141,2458,083x029,9073,31329,0.16700064539909362,0.03532112106822993,0.07106976341456175,0.0,0.0,0.0
4,181,TENX141,2514,085x018,5054,32059,0.1669416457414627,0.04569380822014044,0.08711611405014992,0.2,0.0,0.09341301620006562
4,182,TENX141,2212,076x008,1399,28771,0.16692997962236406,0.04482904698631438,0.09193634614348412,0.3,0.0,0.14030461609363556
4,183,TENX141,1042,038x036,11631,14884,0.16691544353961946,0.037627280916308,0.00383194275200367,0.4,0.0,0.16001019775867462
4,184,TENX141,1406,050x039,12728,19269,0.16690156161785125,0.045126783251503336,0.06047575734555721,0.3,0.0,0.11158128678798676
4,185,TENX141,1426,051x027,8343,19635,0.16676028370857238,0.0431870077840388,0.09886982329189778,0.1,0.1,0.05082014799118042
4,186,TENX141,1745,061x025,7612,23289,0.16675081700086594,0.04199979743904452,0.1419349554926157,0.1,0.0,0.04538266062736511
4,187,TENX141,1769,062x018,5054,23654,0.16668231263756753,0.03440647995843196,0.036330069229006764,0.0,0.0,0.0
4,188,TENX141,3043,101x017,4688,37907,0.1666685201227665,0.041339814688080824,0.028099598363041878,0.4,0.0,0.16220492124557495
4,189,TENX141,1534,054x039,12728,20731,0.16661230400204657,0.03974994015620694,0.03172695450484753,0.0,0.0,0.0
4,190,TENX141,903,034x035,11266,13422,0.16660214886069297,0.04039566637806249,0.08919191434979439,0.1,0.0,0.04656859934329986
4,191,TENX141,1591,056x031,9804,21462,0.1665857046842575,0.03374611192259939,0.033804905600845814,0.1,0.0,0.04630280435085297
4,192,TENX141,1990,069x016,4323,26212,0.16657914370298385,0.037408002676018313,0.12809498980641365,0.1,0.0,0.04665464460849762
4,193,TENX141,2975,098x036,11631,36810,0.1665681429207325,0.03429823157195918,0.045346076413989064,0.1,0.0,0.04462170004844666
4,194,TENX141,1617,057x024,7246,21827,0.16651031002402306,0.039157622322260416,0.08391550853848458,0.0,0.0,0.0
4,195,TENX141,867,033x035,11266,13057,0.16649781167507172,0.034171789476486636,0.07726590558886529,0.1,0.0,0.039058202505111696
4,196,TENX141,1249,045x035,11266,17442,0.16647879257798195,0.04446050830257095,0.09224889427423477,0.4,0.0,0.16556620299816133
4,197,TENX141,1872,065x026,7977,24751,0.16642334461212158,0.03615314088829098,0.07507539689540862,0.0,0.0,0.0
4,198,TENX141,1866,065x020,5784,24751,0.16633023619651793,0.03390468811947286,0.03548339381814003,0.1,0.0,0.043144363164901736
4,199,TENX141,2886,096x015,3957,36079,0.16623436510562897,0.03552052156229765,-0.09375376515090465,0.2,0.0,0.08477121889591217
4,200,TENX141,1924,067x014,3592,25482,0.1662081316113472,0.033912655813419304,-0.016716140881180765,0.0,0.0,0.0
4,201,TENX141,934,035x030,9439,13788,0.1662001743912697,0.03182907294783561,0.015942129492759704,0.0,0.0,0.0
4,202,TENX141,1762,062x011,2495,23654,0.1660750575363636,0.04335396260445861,0.08919584397226572,0.1,0.0,0.046066763997077945
4,203,TENX141,2425,082x028,8708,30963,0.1660532183945179,0.03753429552836222,-0.0474336288869381,0.1,0.0,0.04075485765933991
4,204,TENX141,942,035x038,12362,13788,0.16603910624980928,0.03930316273947289,0.030583910271525384,0.5,0.0,0.1855298951268196
4,205,TENX141,1625,057x032,10170,21827,0.16600968167185784,0.04925329710496999,-0.04912561774253845,0.3,0.0,0.1300358235836029
4,206,TENX141,1187,043x033,10535,16711,0.16596856862306594,0.04240876778210826,0.09423214048147202,0.3,0.0,0.1256677895784378
4,207,TENX141,2627,088x026,7977,33156,0.16595537960529327,0.035672137614941285,0.027305939048528672,0.1,0.0,0.04072878360748291
4,208,TENX141,1661,058x036,11631,22193,0.16593263074755668,0.04093052768879745,-0.05923223868012428,0.5,0.0,0.2064097136259079
4,209,TENX141,1693,059x036,11631,22558,0.16590610668063163,0.040064907618673616,0.003247632831335068,0.4,0.0,0.1680782198905945
4,210,TENX141,1337,048x033,10535,18538,0.16589562445878983,0.03958727315830688,0.012583490461111069,0.4,0.0,0.16655982732772828
4,211,TENX141,1346,049x011,2495,18904,0.16589036732912063,0.0487233573304907,0.05797562077641487,0.5,0.0,0.2138506978750229
4,212,TENX141,1660,058x035,11266,22193,0.16586118713021278,0.038407237109147375,-0.034900070913136,0.2,0.0,0.08723728358745575
4,213,TENX141,2435,083x006,668,31329,0.165825704485178,0.03743185603166382,0.15207507088780403,0.0,0.0,0.0
4,214,TENX141,1991,069x017,4688,26212,0.16579615399241449,0.036504266096166596,0.011412243917584419,0.0,0.0,0.0
4,215,TENX141,1489,053x026,7977,20365,0.16570069119334221,0.04407101783981015,-0.0050196399912238125,0.3,0.0,0.13297154903411865
4,216,TENX141,1801,063x019,5419,24020,0.16569282934069635,0.038159478790833125,0.10424562729895115,0.0,0.0,0.0
4,217,TENX141,1370,049x035,11266,18904,0.1656142383813858,0.04189378654875235,-0.04990499392151833,0.3,0.0,0.12858448922634125
4,218,TENX141,1987,069x013,3226,26212,0.16559090614318847,0.0344806467740094,0.03874325845390558,0.2,0.0,0.08595101237297058
4,219,TENX141,3018,100x016,4323,37541,0.1655461944639683,0.03755465140977015,0.08828053660690785,0.1,0.0,0.04021800458431244
4,220,TENX141,2964,098x025,7612,36810,0.16552843675017356,0.039343761148495145,0.015851896628737448,0.2,0.0,0.0891252338886261
4,221,TENX141,2066,071x028,8708,26943,0.16550277099013327,0.03772976713141217,-0.06067090556025505,0.0,0.0,0.0
4,222,TENX141,3015,100x013,3226,37541,0.16549131348729135,0.03822277017258404,0.05175357088446617,0.1,0.0,0.04305874407291412
4,223,TENX141,3030,100x028,8708,37541,0.1654404044151306,0.0365170564511426,0.09741499647498131,0.2,0.0,0.08270311057567596
4,224,TENX141,1386,050x019,5419,19269,0.16543767005205154,0.040243766816721836,-0.004667013138532639,0.1,0.0,0.044055473804473874
4,225,TENX141,1339,048x035,11266,18538,0.16541236788034439,0.03527850470466612,0.04630397111177444,0.0,0.0,0.0
4,226,TENX141,1851,064x037,11997,24385,0.16537005826830864,0.038872095844673014,0.07468788139522076,0.1,0.0,0.047843176126480105
4,227,TENX141,2267,077x030,9439,29136,0.1653444439172745,0.03160415997102467,0.03621082529425621,0.0,0.0,0.0
4,228,TENX141,2583,087x017,4688,32790,0.16533376276493073,0.03414972415473513,0.06544975824654102,0.1,0.0,0.04308406412601471
4,229,TENX141,1747,061x027,8343,23289,0.16528036817908287,0.033965804022217744,0.03706992417573929,0.0,0.0,0.0
4,230,TENX141,1314,047x040,13093,18173,0.16518998071551322,0.039170585485604495,0.0805637314915657,0.0,0.0,0.0
4,231,TENX141,2060,071x022,6515,26943,0.16518259197473525,0.03892714438333751,-0.033173675648868084,0.0,0.0,0.0
4,232,TENX141,1744,061x024,7246,23289,0.16512462869286537,0.03634038078922277,0.09121876284480095,0.0,0.0,0.0
4,233,TENX141,2412,082x015,3957,30963,0.16502776592969895,0.03408256013043537,0.00792662538588047,0.0,0.0,0.0
4,234,TENX141,2883,096x012,2861,36079,0.1649729110300541,0.04629433278663641,0.038834155350923535,0.1,0.0,0.04294240772724152
4,235,TENX141,1234,045x020,5784,17442,0.16489849537611007,0.034302520630607194,-0.04141296036541462,0.3,0.0,0.10340937227010727
4,236,TENX141,1616,057x023,6881,21827,0.16487486362457277,0.03482828427158905,0.04343651104718447,0.1,0.0,0.04242928922176361
4,237,TENX141,2679,090x009,1765,33887,0.16482998803257942,0.03696255543780242,-0.04832795821130276,0.1,0.0,0.04488976299762726
4,238,TENX141,1008,037x035,11266,14518,0.1648269511759281,0.03901712904651117,-0.12562287971377373,0.1,0.1,0.051168352365493774
4,239,TENX141,2059,071x021,6150,26943,0.16469432711601256,0.035202624122854465,0.010443750768899918,0.0,0.0,0.0
4,240,TENX141,1011,037x038,12362,14518,0.16463983431458473,0.03331186122930485,0.08162439111620187,0.0,0.0,0.0
4,241,TENX141,1018,038x012,2861,14884,0.16455080658197402,0.049836022193860206,0.12580491602420807,0.2,0.0,0.08756825029850006
4,242,TENX141,2569,086x038,12362,32425,0.16452196910977362,0.03718237909009374,0.0565437238663435,0.4,0.0,0.16716871857643129
4,243,TENX141,2388,081x022,6515,30598,0.16448058784008027,0.04034134042160855,0.034512439742684364,0.2,0.0,0.08805328607559204
4,244,TENX141,1700,060x011,2495,22924,0.16442664414644242,0.04770317271256951,0.09091771394014359,0.2,0.0,0.09383974969387054
4,245,TENX141,1418,051x019,5419,19635,0.1643655277788639,0.04018691092028345,-0.0032532066106796265,0.2,0.0,0.08683381080627442
4,246,TENX141,938,035x034,10901,13788,0.1643282726407051,0.03317247329710933,-0.07674271278083325,0.1,0.0,0.039745599031448364
4,247,TENX141,1816,063x034,10901,24020,0.1642832949757576,0.040679414556935446,-0.03311213031411171,0.2,0.0,0.08862154185771942
4,248,TENX141,2594,087x028,8708,32790,0.1642712816596031,0.03971308453229958,0.03784646838903427,0.2,0.0,0.0818745106458664
4,249,TENX141,2263,077x026,7977,29136,0.16420117393136024,0.037056180701622664,-0.022535888105630876,0.1,0.0,0.04421181380748749
4,250,TENX141,2920,097x015,3957,36445,0.16417197212576867,0.0376504763791593,-0.10571899600327014,0.1,0.0,0.0388697624206543
4,251,TENX141,1433,051x034,10901,19635,0.16407698541879653,0.035186050674849874,0.05864626355469227,0.0,0.0,0.0
4,252,TENX141,2211,076x007,1034,28771,0.1640757754445076,0.04010656810844986,0.13568976894021034,0.2,0.0,0.08577771782875061
4,253,TENX141,1767,062x016,4323,23654,0.16396766602993013,0.03117335878428671,-0.02069961130619049,0.0,0.0,0.0
4,254,TENX141,1403,050x036,11631,19269,0.16392132192850112,0.037192026859006126,0.09164195582270622,0.1,0.0,0.04472251236438751
4,255,TENX141,2986,099x013,3226,37176,0.1638926684856415,0.03816421673013808,-0.01725582405924797,0.1,0.0,0.04678041934967041
4,256,TENX141,1598,056x038,12362,21462,0.16387102454900743,0.039923441662279686,0.21543933507055044,0.0,0.0,0.0
5,1,TENX141,486,023x023,6881,9402,0.14932166486978532,0.029473328847206742,-0.06873909048736096,0.2,0.0,0.08255465626716614
5,2,TENX141,2539,086x008,1399,32425,0.1487186908721924,0.01957956919317833,0.14290426336228848,0.0,0.0,0.0
5,3,TENX141,336,015x034,10901,6479,0.14776747152209282,0.026125208865363028,-0.022430192306637765,0.0,0.0,0.0
5,4,TENX141,530,024x033,10535,9768,0.14618792608380318,0.026985738999026464,-0.11704696938395501,0.0,0.0,0.0
5,5,TENX141,245,012x023,6881,5382,0.14545586854219436,0.025876997761934008,-0.09785135872662068,0.0,0.0,0.0
5,6,TENX141,2375,081x009,1765,30598,0.14486279115080833,0.025331180666300423,0.04428031081333757,0.0,0.0,0.0
5,7,TENX141,15,000x043,14190,997,0.14425786063075066,0.025333345267339297,-0.06109145721420646,0.0,0.0,0.0
5,8,TENX141,531,024x034,10901,9768,0.14314362779259682,0.02899553166582306,-0.06169537156820297,0.0,0.0,0.0
5,9,TENX141,246,012x024,7246,5382,0.14313447773456572,0.02661018879096233,-0.021152342017740012,0.0,0.0,0.0
5,10,TENX141,217,011x027,8343,5017,0.14284260272979737,0.023724885319368005,0.06929171830415726,0.0,0.0,0.0
5,11,TENX141,350,016x013,3226,6844,0.14258627593517303,0.022851972706670148,-0.02224547453224659,0.0,0.0,0.0
5,12,TENX141,360,016x038,12362,6844,0.14187109842896461,0.021866377973379064,-0.09735331321135163,0.0,0.0,0.0
5,13,TENX141,382,017x041,13459,7210,0.14123263880610465,0.025788480246464362,-0.08157350458204746,0.0,0.0,0.0
5,14,TENX141,353,016x031,9804,6844,0.14081538170576097,0.023657268799629188,-0.15363502576947213,0.0,0.0,0.0
5,15,TENX141,2511,085x015,3957,32059,0.14061183482408524,0.021633780678795827,0.06764307748526335,0.0,0.0,0.0
5,16,TENX141,327,015x015,3957,6479,0.14056059420108796,0.026591694908994244,-0.13946400210261345,0.0,0.0,0.0
5,17,TENX141,2314,079x010,2130,29867,0.14018823876976966,0.018636533175558728,0.05187310390174389,0.0,0.0,0.0
5,18,TENX141,128,007x034,10901,3555,0.1397644318640232,0.02728477071606854,-0.05981565024703741,0.0,0.0,0.0
5,19,TENX141,458,022x015,3957,9037,0.13829538822174073,0.024646589633257707,-0.22038284987211226,0.0,0.0,0.0
5,20,TENX141,2406,082x009,1765,30963,0.13813621550798416,0.022012349419976155,-0.013299690559506416,0.0,0.0,0.0
5,21,TENX141,2082,072x011,2495,27309,0.13813519477844238,0.019688962280075623,-0.08022080436348915,0.0,0.0,0.0
5,22,TENX141,324,015x012,2861,6479,0.13801065981388091,0.02613632609476806,-0.07354618981480598,0.0,0.0,0.0
5,23,TENX141,784,031x027,8343,12326,0.1379593625664711,0.02453207438576427,-0.07052474739030004,0.0,0.0,0.0
5,24,TENX141,693,029x012,2861,11595,0.13777860552072524,0.030801539544987364,-0.058889127988368276,0.0,0.0,0.0
5,25,TENX141,112,006x037,11997,3190,0.13773643970489502,0.025144370623510246,-0.1296604339964688,0.0,0.0,0.0
5,26,TENX141,319,015x006,668,6479,0.1376629002392292,0.025228941507453476,-0.1188281498849392,0.0,0.0,0.0
5,27,TENX141,792,031x035,11266,12326,0.1372941665351391,0.023320807927935613,-0.02913937270641327,0.0,0.0,0.0
5,28,TENX141,22,001x025,7612,1363,0.13725915774703026,0.023266741387821126,-0.23448777589946984,0.0,0.0,0.0
5,29,TENX141,2148,074x011,2495,28040,0.13676998913288116,0.026396747795754575,-0.013698372431099415,0.0,0.0,0.0
5,30,TENX141,18,001x011,2495,1363,0.13650522232055665,0.02315962228386417,-0.1759232383221388,0.0,0.0,0.0
5,31,TENX141,270,013x017,4688,5748,0.13644776046276091,0.022241427564190556,-0.1415380010381341,0.0,0.0,0.0
5,32,TENX141,785,031x028,8708,12326,0.13626171350479127,0.025626077401557115,-0.037005388922989366,0.0,0.0,0.0
5,33,TENX141,2345,080x010,2130,30232,0.13625498265028,0.0250567194285732,-0.1431126651354134,0.0,0.0,0.0
5,34,TENX141,781,031x024,7246,12326,0.13611992970108985,0.024659869274277182,-0.12780447900295258,0.0,0.0,0.0
5,35,TENX141,56,003x009,1765,2093,0.13605704978108407,0.0234154524507624,-0.05523613868281245,0.0,0.0,0.0
5,36,TENX141,74,004x008,1399,2459,0.135932370275259,0.02253354641656412,-0.05456903912127018,0.0,0.0,0.0
5,37,TENX141,88,005x008,1399,2824,0.1355410598218441,0.0214871110536719,-0.1195231843739748,0.0,0.0,0.0
5,38,TENX141,819,032x024,7246,12691,0.13525310903787613,0.029591115042358288,-0.19431592673063278,0.0,0.0,0.0
5,39,TENX141,135,008x007,1034,3921,0.13518788143992425,0.022430653100925516,-0.058577582240104675,0.0,0.0,0.0
5,40,TENX141,69,003x039,12728,2093,0.13515392392873765,0.022425263898452053,-0.08945313971489668,0.0,0.0,0.0
5,41,TENX141,185,010x018,5054,4652,0.13498573526740074,0.0227615544479812,-0.12568599563091992,0.0,0.0,0.0
5,42,TENX141,2869,095x032,10170,35714,0.13442573547363282,0.016383774701635677,-0.07864371333271265,0.0,0.0,0.0
5,43,TENX141,740,030x021,6150,11960,0.13441391214728354,0.026435394540066662,-0.05984494471922517,0.0,0.0,0.0
5,44,TENX141,612,027x005,303,10864,0.1343749187886715,0.022788554888108038,-0.09991430826485156,0.0,0.0,0.0
5,45,TENX141,1246,045x032,10170,17442,0.13422742187976838,0.02550107486349837,0.034747162461280824,0.0,0.0,0.0
5,46,TENX141,543,025x008,1399,10133,0.13419362530112267,0.026440137820789075,-0.0988205460831523,0.0,0.0,0.0
5,47,TENX141,783,031x026,7977,12326,0.1341772384941578,0.023872181423479126,-0.10742019433528185,0.0,0.0,0.0
5,48,TENX141,529,024x032,10170,9768,0.1339147835969925,0.025096115072451047,-0.07596479170024395,0.0,0.0,0.0
5,49,TENX141,62,003x026,7977,2093,0.13390978202223777,0.029012417332745958,-0.20730868577957154,0.0,0.0,0.0
5,50,TENX141,1002,037x029,9073,14518,0.13381311818957328,0.02257795721857021,-0.02926595285534859,0.0,0.0,0.0
5,51,TENX141,1033,038x027,8343,14884,0.13372870907187462,0.025172625581582595,-0.1435561053454876,0.0,0.0,0.0
5,52,TENX141,192,010x028,8708,4652,0.1337076783180237,0.027144454665208907,-0.07401581108570099,0.0,0.0,0.0
5,53,TENX141,133,007x039,12728,3555,0.1334654748439789,0.023372637810609182,-0.08165422938764096,0.0,0.0,0.0
5,54,TENX141,2049,071x011,2495,26943,0.13321293592453004,0.021369303880861085,-0.20717321187257767,0.0,0.0,0.0
5,55,TENX141,561,025x029,9073,10133,0.13279426991939544,0.023501196297266987,-0.03935742825269699,0.0,0.0,0.0
5,56,TENX141,249,012x027,8343,5382,0.13274848982691764,0.020313870329042746,-0.18567615412175656,0.0,0.0,0.0
5,57,TENX141,1289,047x015,3957,18173,0.13263972476124763,0.026071110996239193,-0.12283902261406184,0.0,0.0,0.0
5,58,TENX141,506,023x043,14190,9402,0.13254835233092307,0.024550318782852448,-0.23635985031723977,0.0,0.0,0.0
5,59,TENX141,434,021x015,3957,8671,0.13249611482024193,0.024796531153977452,-0.2540470913052559,0.0,0.0,0.0
5,60,TENX141,789,031x032,10170,12326,0.1324017696082592,0.023462015520547542,-0.16485288059338926,0.0,0.0,0.0
5,61,TENX141,793,031x036,11631,12326,0.13233866468071936,0.027026197446084,-0.21194546353071927,0.0,0.0,0.0
5,62,TENX141,2802,093x031,9804,34983,0.13229113817214966,0.016012213830849005,-0.2724932223558426,0.0,0.0,0.0
5,63,TENX141,2313,079x009,1765,29867,0.1321915455162525,0.015999928392353414,-0.14412152217701077,0.0,0.0,0.0
5,64,TENX141,656,028x013,3226,11229,0.13212766647338867,0.021554718374500736,-0.16141051054000854,0.0,0.0,0.0
5,65,TENX141,2255,077x018,5054,29136,0.13210904970765114,0.023046187059268888,-0.19979607537388802,0.0,0.0,0.0
5,66,TENX141,718,029x037,11997,11595,0.1320745527744293,0.023592443645329142,-0.15332602038979531,0.0,0.0,0.0
5,67,TENX141,2756,092x018,5054,34618,0.13207072839140893,0.024585142485844022,-0.07470679245889186,0.0,0.0,0.0
5,68,TENX141,1179,043x025,7612,16711,0.13197524696588517,0.024120481750799738,-0.1322313285432756,0.0,0.0,0.0
5,69,TENX141,1201,044x017,4688,17076,0.13192054107785225,0.022664604422395526,-0.1807622045278549,0.0,0.0,0.0
5,70,TENX141,328,015x023,6881,6479,0.13186031132936477,0.02305541112359903,-0.08651236668229104,0.0,0.0,0.0
5,71,TENX141,429,021x010,2130,8671,0.13178675398230552,0.02606573919220159,-0.21086947517469526,0.0,0.0,0.0
5,72,TENX141,576,026x006,668,10499,0.1317616507411003,0.020647399765817413,-0.1653607740998268,0.0,0.0,0.0
5,73,TENX141,191,010x027,8343,4652,0.1317468374967575,0.022352190711016854,-0.1888170319609344,0.0,0.0,0.0
5,74,TENX141,256,012x034,10901,5382,0.1317244954407215,0.02046834002025062,-0.17728543058037757,0.0,0.0,0.0
5,75,TENX141,2226,076x022,6515,28771,0.1316927745938301,0.02456427095257058,-0.14226584481075405,0.0,0.0,0.0
5,76,TENX141,600,026x032,10170,10499,0.13150618001818656,0.026051209685524886,-0.22451263219118117,0.0,0.0,0.0
5,77,TENX141,618,027x013,3226,10864,0.13146810233592987,0.02287428056265532,-0.2012998342514038,0.0,0.0,0.0
5,78,TENX141,694,029x013,3226,11595,0.13133020401000978,0.020829332496751913,-0.22798724472522736,0.0,0.0,0.0
5,79,TENX141,912,035x008,1399,13788,0.13124435469508172,0.018332865593725826,-0.12831206880509854,0.0,0.0,0.0
5,80,TENX141,103,006x008,1399,3190,0.13121573105454445,0.02220154810962996,-0.15991822108626366,0.0,0.0,0.0
5,81,TENX141,2597,087x031,9804,32790,0.13115939870476723,0.020588747915559952,-0.11946575418114662,0.0,0.0,0.0
5,82,TENX141,320,015x007,1034,6479,0.13115641698241234,0.023104058680330476,-0.15829396210610866,0.0,0.0,0.0
5,83,TENX141,1641,058x016,4323,22193,0.13100241422653197,0.018643054969663675,-0.08485019542276859,0.0,0.0,0.0
5,84,TENX141,250,012x028,8708,5382,0.13090606182813644,0.02458706972017965,-0.19856764562427998,0.0,0.0,0.0
5,85,TENX141,2142,073x038,12362,27674,0.13089319169521332,0.02042734398571498,-0.11715877205133438,0.0,0.0,0.0
5,86,TENX141,415,020x023,6881,8306,0.13086007237434388,0.024466087911543,-0.1137807123363018,0.0,0.0,0.0
5,87,TENX141,241,012x019,5419,5382,0.1307693399488926,0.02340342346436756,-0.20820205807685851,0.0,0.0,0.0
5,88,TENX141,118,007x008,1399,3555,0.13065538331866264,0.02753847445934772,-0.1550491314381361,0.0,0.0,0.0
5,89,TENX141,198,010x038,12362,4652,0.1306321330368519,0.024807363676546776,-0.18982243090867995,0.0,0.0,0.0
5,90,TENX141,23,001x026,7977,1363,0.13060975670814515,0.02637960791194367,-0.20683329179883003,0.0,0.0,0.0
5,91,TENX141,772,031x015,3957,12326,0.13060456663370132,0.02224862861455378,-0.11849849512800574,0.0,0.0,0.0
5,92,TENX141,1500,053x037,11997,20365,0.13055063784122467,0.02556811214027335,-0.1231912225484848,0.0,0.0,0.0
5,93,TENX141,279,013x030,9439,5748,0.13048773035407066,0.021504972905151448,-0.24530549049377443,0.0,0.0,0.0
5,94,TENX141,601,026x033,10535,10499,0.13043466433882714,0.019677150487802705,-0.1756394226104021,0.0,0.0,0.0
5,95,TENX141,2550,086x019,5419,32425,0.13039994835853577,0.021826421342247878,-0.1412164317443967,0.0,0.0,0.0
5,96,TENX141,2041,070x035,11266,26578,0.1303097702562809,0.018963077563618952,-0.13265221482142805,0.0,0.0,0.0
5,97,TENX141,459,022x016,4323,9037,0.13024143129587173,0.024889516804700876,-0.21765983840450645,0.0,0.0,0.0
5,98,TENX141,1734,061x014,3592,23289,0.13023216873407364,0.01614009998391511,-0.06023005032911897,0.0,0.0,0.0
5,99,TENX141,425,020x041,13459,8306,0.13016194552183152,0.027944739134479576,-0.187641716375947,0.0,0.0,0.0
5,100,TENX141,91,005x011,2495,2824,0.13007531240582465,0.0249415246320084,-0.09216539287008345,0.0,0.0,0.0
5,101,TENX141,430,021x011,2495,8671,0.13002227172255515,0.025050489456753276,-0.11942137740552425,0.0,0.0,0.0
5,102,TENX141,289,013x040,13093,5748,0.12990015670657157,0.022106762449933644,-0.24770970474928616,0.0,0.0,0.0
5,103,TENX141,93,005x013,3226,2824,0.12990009039640427,0.018734484541355737,-0.1839918989688158,0.0,0.0,0.0
5,104,TENX141,29,001x032,10170,1363,0.12989684268832208,0.02630234683767233,-0.20144346179440617,0.0,0.0,0.0
5,105,TENX141,927,035x023,6881,13788,0.12984427362680434,0.025674042204505716,-0.10710713565349579,0.0,0.0,0.0
5,106,TENX141,302,014x024,7246,6113,0.12982770055532455,0.02440196228519229,-0.14973782896995544,0.0,0.0,0.0
5,107,TENX141,577,026x007,1034,10499,0.1296679623425007,0.028329549795644463,-0.19845180846750737,0.0,0.0,0.0
5,108,TENX141,631,027x026,7977,10864,0.12962430641055106,0.023988238921588537,-0.0882993720471859,0.0,0.0,0.0
5,109,TENX141,202,011x007,1034,5017,0.12955238297581673,0.02120251220953378,-0.20321333035826683,0.0,0.0,0.0
5,110,TENX141,335,015x033,10535,6479,0.12954582273960114,0.024079741272382424,-0.25987204201519487,0.0,0.0,0.0
5,111,TENX141,2374,081x008,1399,30598,0.12953359186649321,0.015629485525940377,-0.11249130293726921,0.0,0.0,0.0
5,112,TENX141,2609,088x008,1399,33156,0.12934487015008928,0.018821848022294033,-0.1542509793303907,0.0,0.0,0.0
5,113,TENX141,156,008x042,13824,3921,0.12916459664702415,0.025125189554154728,-0.08831291683018208,0.0,0.0,0.0
5,114,TENX141,2237,076x033,10535,28771,0.1291340596973896,0.015798458833842673,-0.09671024661511182,0.0,0.0,0.0
5,115,TENX141,312,014x036,11631,6113,0.12912818118929864,0.02370545574602954,-0.16392946848645806,0.0,0.0,0.0
5,116,TENX141,1265,046x021,6150,17807,0.12907245978713036,0.024344839843940622,-0.0366864207200706,0.0,0.0,0.0
5,117,TENX141,746,030x027,8343,11960,0.12906284928321837,0.02348589675363443,-0.24960606954991818,0.0,0.0,0.0
5,118,TENX141,1085,040x021,6150,15615,0.1289544939994812,0.021412119013246515,-0.1531001896597445,0.0,0.0,0.0
5,119,TENX141,12,000x037,11997,997,0.12893398851156235,0.026922363298967602,-0.13716740608215333,0.0,0.0,0.0
5,120,TENX141,1922,067x012,2861,25482,0.12889023795723914,0.014000832683886051,-0.22259495109319688,0.0,0.0,0.0
5,121,TENX141,401,019x029,9073,7940,0.12884628996253014,0.02729698043989433,-0.2245952866971493,0.0,0.0,0.0
5,122,TENX141,31,001x040,13093,1363,0.12879881411790847,0.02268575865137928,-0.08956731371581554,0.0,0.0,0.0
5,123,TENX141,2879,096x008,1399,36079,0.12878870889544486,0.016469270168055196,-0.19999083057045935,0.0,0.0,0.0
5,124,TENX141,844,033x012,2861,13057,0.12874225303530692,0.024760399935409124,-0.09485807772725821,0.0,0.0,0.0
5,125,TENX141,1921,067x011,2495,25482,0.1287069298326969,0.01793784073798725,-0.15989859588444233,0.0,0.0,0.0
5,126,TENX141,171,009x033,10535,4286,0.12867079377174379,0.019844197499961653,-0.10797888711094857,0.0,0.0,0.0
5,127,TENX141,2150,074x013,3226,28040,0.12861129716038705,0.023179094763605725,-0.15777283189818264,0.0,0.0,0.0
5,128,TENX141,651,028x008,1399,11229,0.1286038041114807,0.02244709361964534,-0.0752908505499363,0.0,0.0,0.0
5,129,TENX141,87,004x042,13824,2459,0.12853846251964568,0.022214934740389006,-0.23922254974022508,0.0,0.0,0.0
5,130,TENX141,229,011x039,12728,5017,0.1285355009138584,0.01832065483935012,-0.32027142494916916,0.0,0.0,0.0
5,131,TENX141,698,029x017,4688,11595,0.12849470600485802,0.025402337689567872,-0.08268514424562454,0.0,0.0,0.0
5,132,TENX141,293,014x007,1034,6113,0.128434719145298,0.0226126070957191,-0.16728547401726246,0.0,0.0,0.0
5,133,TENX141,1259,046x015,3957,17807,0.12842748016119004,0.022299644279670395,-0.1715964992530644,0.0,0.0,0.0
5,134,TENX141,836,032x041,13459,12691,0.12823105081915856,0.019091498061942994,-0.14598914347589015,0.0,0.0,0.0
5,135,TENX141,75,004x009,1765,2459,0.12820687592029573,0.023935123246826465,-0.1613446612842381,0.0,0.0,0.0
5,136,TENX141,481,023x006,668,9402,0.1281118854880333,0.022632296837283093,-0.11835297271609306,0.0,0.0,0.0
5,137,TENX141,875,034x007,1034,13422,0.1280924990773201,0.020740441165649555,-0.22258866503834723,0.0,0.0,0.0
5,138,TENX141,41,002x024,7246,1728,0.12807868421077728,0.02582712922598106,-0.2525565102696419,0.0,0.0,0.0
5,139,TENX141,914,035x010,2130,13788,0.12807320207357406,0.02002636134538379,-0.27241672687232493,0.0,0.0,0.0
5,140,TENX141,329,015x024,7246,6479,0.1279830403625965,0.0236086863449442,-0.2437623467296362,0.0,0.0,0.0
5,141,TENX141,455,022x010,2130,9037,0.1279241219162941,0.025344340255658276,-0.2345079265534878,0.0,0.0,0.0
5,142,TENX141,513,024x015,3957,9768,0.1278543218970299,0.02493368217645744,-0.14301007762551307,0.0,0.0,0.0
5,143,TENX141,332,015x030,9439,6479,0.12785237208008765,0.02274251788661615,-0.14729634262621402,0.0,0.0,0.0
5,144,TENX141,613,027x006,668,10864,0.1277982585132122,0.021403390711255684,-0.23755632489919662,0.0,0.0,0.0
5,145,TENX141,731,030x012,2861,11960,0.12773849666118622,0.02764932623872697,-0.16046516820788384,0.0,0.0,0.0
5,146,TENX141,2644,089x008,1399,33521,0.1276767961680889,0.01900280600618353,-0.1322192594408989,0.0,0.0,0.0
5,147,TENX141,787,031x030,9439,12326,0.12764523699879646,0.030568501754597553,-0.10653715543448924,0.0,0.0,0.0
5,148,TENX141,393,018x039,12728,7575,0.12756361812353134,0.023613867236277997,-0.1982695057988167,0.0,0.0,0.0
5,149,TENX141,162,009x017,4688,4286,0.12752826139330864,0.02574642907597524,-0.2167335871607065,0.0,0.0,0.0
5,150,TENX141,1826,064x012,2861,24385,0.12746873050928115,0.011928535588631132,-0.16836655577644705,0.0,0.0,0.0
5,151,TENX141,1794,063x012,2861,24020,0.12746013104915618,0.015041719802505519,-0.20509243346750736,0.0,0.0,0.0
5,152,TENX141,115,006x041,13459,3190,0.12738611400127411,0.024936090388257236,-0.19734456962905825,0.0,0.0,0.0
5,153,TENX141,617,027x012,2861,10864,0.1273283377289772,0.024575326577587386,-0.24996336847543715,0.0,0.0,0.0
5,154,TENX141,1672,059x015,3957,22558,0.12728497236967087,0.014544811631857868,-0.20006112651899458,0.0,0.0,0.0
5,155,TENX141,2315,079x011,2495,29867,0.12726060226559638,0.017527707562865497,-0.0971486116759479,0.0,0.0,0.0
5,156,TENX141,1325,048x021,6150,18538,0.1272318407893181,0.017912725109654495,-0.2549728751182556,0.0,0.0,0.0
5,157,TENX141,1608,057x015,3957,21827,0.12721999362111092,0.01541682399145081,-0.1819094678387046,0.0,0.0,0.0
5,158,TENX141,637,027x032,10170,10864,0.12721381783485414,0.022905830528788213,-0.20549606457352637,0.0,0.0,0.0
5,159,TENX141,35,002x008,1399,1728,0.12717465609312056,0.020244015444544846,-0.18054325357079506,0.0,0.0,0.0
5,160,TENX141,951,036x012,2861,14153,0.12716412022709847,0.021024831009663885,-0.22669496182352306,0.0,0.0,0.0
5,161,TENX141,1032,038x026,7977,14884,0.12712176367640496,0.023087558397027776,-0.12007111050188542,0.0,0.0,0.0
5,162,TENX141,2608,088x007,1034,33156,0.12710171192884445,0.01994970215439442,-0.05571648348122835,0.0,0.0,0.0
5,163,TENX141,2288,078x018,5054,29501,0.12709578275680541,0.020996847694146035,-0.13048907667398452,0.0,0.0,0.0
5,164,TENX141,1038,038x032,10170,14884,0.12702257484197615,0.027838358273216464,-0.14616753831505774,0.0,0.0,0.0
5,165,TENX141,416,020x024,7246,8306,0.12694241553545,0.0209139950160176,-0.19495303705334663,0.0,0.0,0.0
5,166,TENX141,61,003x025,7612,2093,0.12693786025047302,0.023358263410824354,-0.1058818507939577,0.0,0.0,0.0
5,167,TENX141,659,028x016,4323,11229,0.12685986310243608,0.024396967969204417,-0.2507737587206066,0.0,0.0,0.0
5,168,TENX141,252,012x030,9439,5382,0.12685172110795975,0.02346942718325587,-0.32968845069408415,0.0,0.0,0.0
5,169,TENX141,2376,081x010,2130,30598,0.12680451422929764,0.016926050009483246,-0.032188410358503464,0.0,0.0,0.0
5,170,TENX141,2117,073x013,3226,27674,0.12676957249641418,0.024309294897017598,-0.17204815186560155,0.0,0.0,0.0
5,171,TENX141,344,015x042,13824,6479,0.1267132818698883,0.02133086233625957,-0.25526761934161185,0.0,0.0,0.0
5,172,TENX141,1639,058x014,3592,22193,0.12671274393796922,0.01922764084260206,-0.1688879172783345,0.0,0.0,0.0
5,173,TENX141,461,022x018,5054,9037,0.12670575603842735,0.023832098928671785,-0.3042450614273548,0.0,0.0,0.0
5,174,TENX141,983,037x010,2130,14518,0.12662288025021554,0.02056015049652135,-0.13877106606960296,0.0,0.0,0.0
5,175,TENX141,24,001x027,8343,1363,0.1266123943030834,0.02196801894905901,-0.16004647044464945,0.0,0.0,0.0
5,176,TENX141,704,029x023,6881,11595,0.12657479345798492,0.027974756231533213,-0.2283315382897854,0.0,0.0,0.0
5,177,TENX141,2344,080x009,1765,30232,0.1265387512743473,0.020822674256127473,-0.24737319396808743,0.0,0.0,0.0
5,178,TENX141,1215,044x031,9804,17076,0.126523394882679,0.02435029843150976,-0.20880240462720395,0.0,0.0,0.0
5,179,TENX141,257,012x035,11266,5382,0.12650049179792405,0.02537951293854027,-0.17276465520262718,0.0,0.0,0.0
5,180,TENX141,778,031x021,6150,12326,0.12634366378188133,0.023230122628555203,-0.07121803583577276,0.0,0.0,0.0
5,181,TENX141,2214,076x010,2130,28771,0.12632822543382644,0.018897360329663288,-0.2881896696984768,0.0,0.0,0.0
5,182,TENX141,189,010x025,7612,4652,0.12622740119695663,0.025136264733760967,-0.08209771625697612,0.0,0.0,0.0
5,183,TENX141,273,013x024,7246,5748,0.12614793777465821,0.02408550017883732,-0.3033350594341755,0.0,0.0,0.0
5,184,TENX141,10,000x030,9439,997,0.1261473774909973,0.020186451858624097,-0.1990806832909584,0.0,0.0,0.0
5,185,TENX141,343,015x041,13459,6479,0.12612912133336068,0.022407888150179894,-0.24861730374395846,0.0,0.0,0.0
5,186,TENX141,80,004x035,11266,2459,0.12612554356455802,0.024632856319304525,-0.12108451202511787,0.0,0.0,0.0
5,187,TENX141,213,011x023,6881,5017,0.12611958906054496,0.02502531164869581,-0.2795886904001236,0.0,0.0,0.0
5,188,TENX141,203,011x008,1399,5017,0.12609353065490722,0.02232071330905235,-0.12169064730405807,0.0,0.0,0.0
5,189,TENX141,765,031x008,1399,12326,0.12606881707906722,0.02645251604258991,-0.18646693574264644,0.0,0.0,0.0
5,190,TENX141,2259,077x022,6515,29136,0.12597433105111122,0.023534093275733033,-0.2360411211848259,0.0,0.0,0.0
5,191,TENX141,1108,041x014,3592,15980,0.12592267394065856,0.016095883233869176,-0.22733801873400808,0.0,0.0,0.0
5,192,TENX141,1000,037x027,8343,14518,0.1259153589606285,0.02511418989757379,-0.1801963198930025,0.0,0.0,0.0
5,193,TENX141,244,012x022,6515,5382,0.12585581690073014,0.026242102466754198,-0.21649768464267255,0.0,0.0,0.0
5,194,TENX141,633,027x028,8708,10864,0.12570826709270477,0.024028344598346213,-0.2398637756705284,0.0,0.0,0.0
5,195,TENX141,174,009x037,11997,4286,0.12568350434303283,0.027777238325534304,-0.17306634625419975,0.0,0.0,0.0
5,196,TENX141,421,020x031,9804,8306,0.12566663101315498,0.020050517215728144,-0.21630545631051062,0.0,0.0,0.0
5,197,TENX141,748,030x029,9073,11960,0.12564513310790063,0.022743909405746655,-0.1463172636926174,0.0,0.0,0.0
5,198,TENX141,716,029x035,11266,11595,0.12553636208176613,0.024245443902867755,-0.2346383213996887,0.0,0.0,0.0
5,199,TENX141,373,017x031,9804,7210,0.12553571313619613,0.01755036679808453,-0.2358554624952376,0.0,0.0,0.0
5,200,TENX141,199,010x039,12728,4652,0.12553422302007675,0.023425589863799216,-0.2575767919421196,0.0,0.0,0.0
5,201,TENX141,2574,087x008,1399,32790,0.12551672458648683,0.018563448700090003,-0.13684410639107228,0.0,0.0,0.0
5,202,TENX141,2504,085x008,1399,32059,0.12548792064189912,0.017289192280743843,-0.17960959374904634,0.0,0.0,0.0
5,203,TENX141,1795,063x013,3226,24020,0.12546855583786964,0.014630706235610927,-0.18941212370991706,0.0,0.0,0.0
5,204,TENX141,200,010x040,13093,4652,0.12543899789452553,0.021725414102204597,-0.17675497382879257,0.0,0.0,0.0
5,205,TENX141,2147,074x010,2130,28040,0.12540340721607207,0.015073099492790818,-0.3177287083119154,0.0,0.0,0.0
5,206,TENX141,460,022x017,4688,9037,0.1253474958240986,0.027482713941736327,-0.18515900447964667,0.0,0.0,0.0
5,207,TENX141,1232,045x018,5054,17442,0.12534641698002816,0.020390816052541182,-0.1610494427382946,0.0,0.0,0.0
5,208,TENX141,132,007x038,12362,3555,0.1253322497010231,0.02228292277114101,-0.1507010318338871,0.0,0.0,0.0
5,209,TENX141,1703,060x014,3592,22924,0.12533062919974328,0.022806660907037646,-0.3011353999376297,0.0,0.0,0.0
5,210,TENX141,376,017x035,11266,7210,0.12530338540673255,0.02330251529295927,-0.22186546474695207,0.0,0.0,0.0
5,211,TENX141,297,014x013,3226,6113,0.1252691477537155,0.024196380362559698,-0.08731430172920226,0.0,0.0,0.0
5,212,TENX141,805,032x010,2130,12691,0.12522932887077332,0.02399899265933928,-0.07008105888962746,0.0,0.0,0.0
5,213,TENX141,2258,077x021,6150,29136,0.12522206977009773,0.02120150485565987,-0.27981121726334096,0.0,0.0,0.0
5,214,TENX141,515,024x017,4688,9768,0.1251673124730587,0.029939510995242374,-0.17863532155752182,0.0,0.0,0.0
5,215,TENX141,2185,075x014,3592,28405,0.1251610979437828,0.02198823815666761,-0.21899960711598396,0.0,0.0,0.0
5,216,TENX141,803,032x008,1399,12691,0.12513678446412085,0.020493021918820346,-0.1381033483892679,0.0,0.0,0.0
5,217,TENX141,1986,069x012,2861,26212,0.12513607516884803,0.01788207962840868,-0.13249227926135063,0.0,0.0,0.0
5,218,TENX141,149,008x034,10901,3921,0.12512644827365876,0.022141582742132314,-0.20843945182859897,0.0,0.0,0.0
5,219,TENX141,881,034x013,3226,13422,0.1250714346766472,0.022856288945725712,-0.19628536850214004,0.0,0.0,0.0
5,220,TENX141,436,021x017,4688,8671,0.12503361701965332,0.02541093363450192,-0.18113688807934522,0.0,0.0,0.0
5,221,TENX141,2722,091x018,5054,34252,0.12500119730830192,0.023202423004315863,-0.10861839726567268,0.0,0.0,0.0
5,222,TENX141,1859,065x013,3226,24751,0.12494652867317199,0.01427409273408047,-0.26385043524205687,0.0,0.0,0.0
5,223,TENX141,300,014x016,4323,6113,0.12492112889885902,0.02195617361191165,-0.13186158388853073,0.0,0.0,0.0
5,224,TENX141,1935,067x025,7612,25482,0.1249132588505745,0.023800368175451638,-0.2093749947845936,0.0,0.0,0.0
5,225,TENX141,71,003x041,13459,2093,0.12490864470601082,0.023250487627492426,-0.16879376880824565,0.0,0.0,0.0
5,226,TENX141,361,016x039,12728,6844,0.12489626109600067,0.02603397830670214,-0.14926979579031469,0.0,0.0,0.0
5,227,TENX141,639,027x034,10901,10864,0.12486306726932525,0.021991857532326724,-0.17055969638749957,0.0,0.0,0.0
5,228,TENX141,664,028x021,6150,11229,0.12485859394073487,0.027033818962780714,-0.17828540224581957,0.0,0.0,0.0
5,229,TENX141,913,035x009,1765,13788,0.12480867058038711,0.02054291745451032,-0.07868604240939021,0.0,0.0,0.0
5,230,TENX141,2972,098x033,10535,36810,0.1247437909245491,0.015131456106021218,-0.2604842558503151,0.0,0.0,0.0
5,231,TENX141,6,000x026,7977,997,0.12472487315535545,0.023510517367877414,-0.20628544092178344,0.0,0.0,0.0
5,232,TENX141,583,026x015,3957,10499,0.12471328303217888,0.022567502648023638,-0.20068211145699025,0.0,0.0,0.0
5,233,TENX141,1379,050x012,2861,19269,0.12468596249818802,0.018758072634838748,-0.11728545017540455,0.0,0.0,0.0
5,234,TENX141,1001,037x028,8708,14518,0.1246406726539135,0.02306366997537761,-0.12234255797229707,0.0,0.0,0.0
5,235,TENX141,254,012x032,10170,5382,0.12463199645280838,0.02130240984542252,-0.2182961255311966,0.0,0.0,0.0
5,236,TENX141,1640,058x015,3957,22193,0.12459392994642257,0.01666332926521761,-0.24876782149076462,0.0,0.0,0.0
5,237,TENX141,1317,048x013,3226,18538,0.1245879925787449,0.016406473433954637,-0.19213052615523338,0.0,0.0,0.0
5,238,TENX141,2149,074x012,2861,28040,0.12457664608955384,0.02290809926277065,-0.254355726018548,0.0,0.0,0.0
5,239,TENX141,195,010x031,9804,4652,0.1245559923350811,0.026044223701006466,-0.22615215815603734,0.0,0.0,0.0
5,240,TENX141,243,012x021,6150,5382,0.12453990578651428,0.021974442526350172,-0.3462965115904808,0.0,0.0,0.0
5,241,TENX141,238,012x016,4323,5382,0.12453634664416313,0.02832255578665499,-0.22986322939395903,0.0,0.0,0.0
5,242,TENX141,274,013x025,7612,5748,0.12449920624494552,0.026746526481547288,-0.12108766958117485,0.0,0.0,0.0
5,243,TENX141,440,021x022,6515,8671,0.12446738481521606,0.025814327593030553,-0.2723353190347552,0.0,0.0,0.0
5,244,TENX141,1230,045x016,4323,17442,0.12443463578820228,0.01985296384133616,-0.16881118565797806,0.0,0.0,0.0
5,245,TENX141,2598,087x032,10170,32790,0.12442800253629685,0.01893039886271158,-0.24718502452597022,0.0,0.0,0.0
5,246,TENX141,532,024x035,11266,9768,0.1243969365954399,0.023121475977487774,-0.2669115662574768,0.0,0.0,0.0
5,247,TENX141,593,026x025,7612,10499,0.12439432144165039,0.023132645402154768,-0.14584513921290637,0.0,0.0,0.0
5,248,TENX141,890,034x022,6515,13422,0.12438230887055397,0.031426836295392835,-0.043054120242595674,0.0,0.0,0.0
5,249,TENX141,326,015x014,3592,6479,0.12438090518116951,0.023616073822811865,-0.13075096681714057,0.0,0.0,0.0
5,250,TENX141,138,008x010,2130,3921,0.12436244189739228,0.026432551254122933,-0.059138136263936755,0.0,0.0,0.0
5,251,TENX141,102,005x042,13824,2824,0.12434995993971824,0.017979790650658346,-0.24295529862865806,0.0,0.0,0.0
5,252,TENX141,1786,062x035,11266,23654,0.12428298369050025,0.01788643307951998,-0.19446955872699617,0.0,0.0,0.0
5,253,TENX141,2808,093x037,11997,34983,0.12427542954683304,0.020908827434577216,-0.1512182831764221,0.0,0.0,0.0
5,254,TENX141,405,019x039,12728,7940,0.12425731495022774,0.02552488712221233,-0.22859590798616408,0.0,0.0,0.0
5,255,TENX141,955,036x016,4323,14153,0.1242506168782711,0.01902700806884132,-0.2925196647644043,0.0,0.0,0.0
5,256,TENX141,2955,098x016,4323,36810,0.12423851937055588,0.024376723275617306,-0.05819108495488763,0.0,0.0,0.0
