expert_id,rank,sample_id,patch_index,barcode,coord_x,coord_y,affinity_score,affinity_score_sd,mean_logit,actual_top2_frequency,actual_top1_frequency,actual_mean_route_weight
0,1,INT15,4142,TCCTAAATTGGGAAGC-1,11857,7388,0.13478904068470002,0.00510627070913977,-0.13450676202774048,0.0,0.0,0.0
0,2,INT15,660,AGATGACTCGCCCACG-1,5205,9023,0.13259242251515388,0.0042136193752908765,-0.2026032665744424,0.0,0.0,0.0
0,3,INT15,4156,TCCTTCAATCCCTACG-1,9002,14922,0.1305491402745247,0.004973412130599673,-0.22288464643061162,0.0,0.0,0.0
0,4,INT15,149,AACTGAGTTATACTGA-1,10910,1163,0.13004447743296624,0.005133792678292562,-0.15552299059927463,0.0,0.0,0.0
0,5,INT15,3357,GGTTTGACAAGAAGCT-1,3499,2797,0.1295881949365139,0.007108267728375214,-0.09866846390068532,0.0,0.0,0.0
0,6,INT15,1167,ATTCAACCATTTAAGG-1,12239,4112,0.12903373092412948,0.006407255986694185,-0.15057981945574284,0.0,0.0,0.0
0,7,INT15,4589,TGTATCAGACTGAAGC-1,3119,3015,0.12858910858631134,0.005015450792678207,-0.11819760072976351,0.0,0.0,0.0
0,8,INT15,4536,TGGGCACAAACAGAAC-1,2734,10004,0.12786998525261878,0.006936595259762728,-0.3309899441897869,0.0,0.0,0.0
0,9,INT15,3171,GGCGCGGAGATCTTTC-1,12238,5641,0.12691607624292373,0.007304388317126827,-0.06293773986399173,0.0,0.0,0.0
0,10,INT15,3929,TATATTCGCGTCGATA-1,2735,8257,0.126582533121109,0.006908093932690116,-0.3124023608863354,0.0,0.0,0.0
0,11,INT15,4611,TGTGGAGGAAGCTTAA-1,1595,8911,0.12640299871563912,0.005342576251681191,-0.2028912201523781,0.0,0.0,0.0
0,12,INT15,2431,CTTGACCCGAAAGATA-1,2925,8803,0.12638605758547783,0.0052691070947813775,-0.2335973411798477,0.0,0.0,0.0
0,13,INT15,2565,GACCAAACGTTGACTG-1,12239,3239,0.12626715153455734,0.005322276173553433,-0.2213165983557701,0.0,0.0,0.0
0,14,INT15,4471,TGCGGTCTACGAGTAA-1,1217,4761,0.1262577384710312,0.004206130896564384,-0.137779039144516,0.0,0.0,0.0
0,15,INT15,1,AAACAAGTATCTCCCA-1,10719,3893,0.12616240307688714,0.00675647159352254,-0.10843396466225386,0.0,0.0,0.0
0,16,INT15,2674,GAGTAAACCGGAAAGT-1,10910,2255,0.12587641775608063,0.006084079680146248,-0.27199893407523634,0.0,0.0,0.0
0,17,INT15,1488,CATGAACCGACATTTG-1,3304,10332,0.12575693055987358,0.008420900053903186,-0.31824128068983554,0.0,0.0,0.0
0,18,INT15,4844,TTGAGAAGTTTAGCAT-1,11668,5532,0.12566987201571464,0.007135208247185839,-0.2709596805274487,0.0,0.0,0.0
0,19,INT15,148,AACTGAGGTCAGCGTC-1,2929,2906,0.12556273266673088,0.004740400265395622,-0.1990698829293251,0.0,0.0,0.0
0,20,INT15,920,ATAAAGGTCAAGTACG-1,2167,5745,0.12538366317749022,0.005274784253016575,-0.15369610041379927,0.0,0.0,0.0
0,21,INT15,2644,GAGCCGAGCGTTTATT-1,3688,3343,0.12537296265363693,0.00917605843636552,-0.1681648924946785,0.0,0.0,0.0
0,22,INT15,4431,TGCATGGATCGGATCT-1,4826,7712,0.12523482665419577,0.0085343784024179,-0.14583979025483132,0.0,0.0,0.0
0,23,INT15,1028,ATCCACGCTAAATGTT-1,2167,5963,0.12519499137997628,0.009743689935377003,-0.21848376765847205,0.0,0.0,0.0
0,24,INT15,4617,TGTGTAGTAGCACGTG-1,12240,2365,0.12518990337848662,0.008240240766814608,-0.3075872279703617,0.0,0.0,0.0
0,25,INT15,4170,TCGAGGGCAACAGACG-1,12050,2037,0.12517326772212983,0.0066670794892924835,-0.1697238177061081,0.0,0.0,0.0
0,26,INT15,4139,TCCGTTAAGCTAATAT-1,11099,4112,0.12499335706233979,0.005644507912178386,-0.1378762498497963,0.0,0.0,0.0
0,27,INT15,1860,CGAACAGTATGGGCGT-1,10718,4548,0.12488008067011833,0.005162078530600969,-0.24844073466956615,0.0,0.0,0.0
0,28,INT15,4311,TCTGTGGCTACATTTC-1,1784,9894,0.12482058331370353,0.005613723949425527,-0.19652276132255792,0.0,0.0,0.0
0,29,INT15,1350,CACGACTAAAGTTCTG-1,1785,9676,0.12478230372071267,0.005850927556613482,-0.3043368712067604,0.0,0.0,0.0
0,30,INT15,3417,GTATCTCCCTAACTGT-1,1215,8474,0.1247534766793251,0.00837621717045479,-0.3158970043063164,0.0,0.0,0.0
0,31,INT15,1639,CCCAGGTCTGAAGGCT-1,11289,2911,0.12460084706544876,0.00404457852424527,-0.24583947099745274,0.0,0.0,0.0
0,32,INT15,1945,CGCATCATGGCTTCAG-1,2927,5745,0.12459058910608292,0.005830851823920527,-0.16008536592125894,0.0,0.0,0.0
0,33,INT15,4180,TCGCATTCAATGACTT-1,2924,10987,0.12448719590902328,0.005706067582218038,-0.306796969473362,0.0,0.0,0.0
0,34,INT15,3308,GGTCTCCAAGTAGTGC-1,10530,1381,0.1244673877954483,0.00854939347921934,-0.04591521844267845,0.0,0.0,0.0
0,35,INT15,35,AAAGACATGAAGTTTA-1,1217,4980,0.12442628741264343,0.007344222583845685,-0.29530786722898483,0.0,0.0,0.0
0,36,INT15,1719,CCGCCGGTCAACACAC-1,3685,9022,0.12439907714724541,0.005962733232261897,-0.14153395108878614,0.0,0.0,0.0
0,37,INT15,3815,TACTCTTACTTTACTG-1,12429,2911,0.12431844919919968,0.005031823542493146,-0.17945117317140102,0.0,0.0,0.0
0,38,INT15,173,AAGAGGCCCTTTGGAA-1,12429,3130,0.12428062930703163,0.006942465857096235,-0.21795930117368698,0.0,0.0,0.0
0,39,INT15,1352,CACGATTGGTCGTTAA-1,1215,9566,0.12424684390425682,0.007118281397498593,-0.26890290025621655,0.0,0.0,0.0
0,40,INT15,2038,CGGCTCTTCGTCGAAC-1,2737,5636,0.12406224310398102,0.005707436810811573,-0.1916560608893633,0.0,0.0,0.0
0,41,INT15,4826,TTGAAAGGTGTAAAGG-1,3688,3780,0.12400887981057167,0.008441648909162483,-0.22746651181951166,0.0,0.0,0.0
0,42,INT15,1147,ATTACATGTCAGTCTT-1,10719,3238,0.12397628203034401,0.007777660266585726,-0.1935879595577717,0.0,0.0,0.0
0,43,INT15,3314,GGTGAAACCGGGAATG-1,2355,9785,0.12388497143983841,0.007186529808931209,-0.12803953178226948,0.0,0.0,0.0
0,44,INT15,3411,GTATCAAACGTTAGCT-1,11669,4440,0.12367312088608742,0.004405969458670167,-0.285458167642355,0.0,0.0,0.0
0,45,INT15,1232,CAAAGGTTAAATTCAG-1,2169,2468,0.1235710933804512,0.0064349836697960815,-0.1541208006441593,0.0,0.0,0.0
0,46,INT15,567,ACTGTATACGCGAGCA-1,3114,11096,0.12356298714876175,0.0047893275394835025,-0.19438198879361152,0.0,0.0,0.0
0,47,INT15,957,ATACTACCCGTACCAC-1,12429,3567,0.1234300285577774,0.006851999256365562,-0.21415007673203945,0.0,0.0,0.0
0,48,INT15,807,AGGTACGATATTGCCA-1,3496,6728,0.12342078611254692,0.006821255893729084,-0.21932312250137329,0.0,0.0,0.0
0,49,INT15,2826,GCAGTTCGATCCGAGC-1,11860,2147,0.12340988293290138,0.0071761241921986085,-0.2936189863830805,0.0,0.0,0.0
0,50,INT15,1610,CCATATGGAAACTATA-1,11289,3784,0.12340135648846626,0.005300096903238796,-0.3106220029294491,0.0,0.0,0.0
0,51,INT15,2836,GCATGGGTACTGACGC-1,9002,14703,0.12338317930698395,0.00624468860966158,-0.2568429633975029,0.0,0.0,0.0
0,52,INT15,4216,TCGGCTTGTATCGACG-1,12239,4549,0.12332637459039689,0.004914871390650944,-0.3043455246835947,0.0,0.0,0.0
0,53,INT15,4253,TCTACCCAATAGAGAG-1,11859,3457,0.12331760227680207,0.005596173341336103,-0.15465339459478855,0.0,0.0,0.0
0,54,INT15,1403,CAGCCTCTCCTCAAGA-1,4068,4654,0.1233050435781479,0.006564145289385427,-0.2218652220442891,0.0,0.0,0.0
0,55,INT15,4478,TGCTATACAAACGGAC-1,2165,9021,0.12330187559127807,0.006212468961869138,-0.23164859181270003,0.0,0.0,0.0
0,56,INT15,4608,TGTGCCGGTGCCGGAA-1,11289,4439,0.12323514819145202,0.007560745344162713,-0.23570242375135422,0.0,0.0,0.0
0,57,INT15,302,ACAAATTCAGATCTGA-1,2548,3779,0.12311254367232323,0.007601999591143467,-0.20980527959764003,0.0,0.0,0.0
0,58,INT15,3576,GTGGTCAGCGAAGTAT-1,2737,4981,0.12310200855135918,0.00813269609945917,-0.16962670385837555,0.0,0.0,0.0
0,59,INT15,2206,CTAGGCGCCCTATCAG-1,10908,5095,0.12303553074598313,0.008780462197728534,-0.12967775277793409,0.0,0.0,0.0
0,60,INT15,3082,GGACGGCTTGCGCAAC-1,2548,3998,0.1229473315179348,0.007511790455174004,-0.294889672845602,0.0,0.0,0.0
0,61,INT15,786,AGGGACAGCACGGCGG-1,1974,10004,0.12294653579592704,0.004697996905699951,-0.15697095841169356,0.0,0.0,0.0
0,62,INT15,325,ACACACTTTCTACACG-1,3876,8039,0.12293116897344589,0.006182635311123823,-0.222830502782017,0.0,0.0,0.0
0,63,INT15,767,AGGCACGTGACTGTCC-1,12050,2474,0.12280295416712761,0.0068784992458830775,-0.18100573346018792,0.0,0.0,0.0
0,64,INT15,3618,GTTCAATCTATGTCAA-1,1977,5854,0.12263286262750625,0.0076262103456330695,-0.13963421061635017,0.0,0.0,0.0
0,65,INT15,2819,GCAGCTATGGACAGGT-1,3689,2688,0.12263147160410881,0.003618291145733102,-0.35266890898346903,0.0,0.0,0.0
0,66,INT15,1861,CGAACATAGTCAGAAA-1,2929,2469,0.1226284846663475,0.007578800529529083,-0.09602459147572517,0.0,0.0,0.0
0,67,INT15,2900,GCCTGCTACACTGAGA-1,2738,3452,0.12262523844838143,0.006183268411820605,-0.22866887412965298,0.0,0.0,0.0
0,68,INT15,4082,TCCAGCGCTATAAGCG-1,11100,2364,0.12260258719325065,0.007402314358608134,-0.19322074688971042,0.0,0.0,0.0
0,69,INT15,1398,CAGCAGTCCAGACTAT-1,10719,4112,0.12258580774068832,0.004551008677587738,-0.3005118604749441,0.0,0.0,0.0
0,70,INT15,3504,GTCTTAGTACAGCCGG-1,3497,6510,0.12257566377520561,0.006662370311916371,-0.19487470164895057,0.0,0.0,0.0
0,71,INT15,143,AACTCCTAATCCCATG-1,3497,4981,0.12254970222711563,0.006065012574777434,-0.24001110345125198,0.0,0.0,0.0
0,72,INT15,444,ACCTTTCCTTTAGAAG-1,1216,7819,0.12251059487462043,0.005417478207553491,-0.23687708228826523,0.0,0.0,0.0
0,73,INT15,2238,CTCAAGACATTAGCGC-1,3878,3889,0.12249035462737083,0.004624351513743938,-0.2827853810042143,0.0,0.0,0.0
0,74,INT15,3110,GGATCAAAGGACGAGG-1,2355,9349,0.12242501005530357,0.006999196814699192,-0.15078876167535782,0.0,0.0,0.0
0,75,INT15,2391,CTGTTCACTGCCTGTG-1,5395,8913,0.12240179628133774,0.005119133841198784,-0.3031089950352907,0.0,0.0,0.0
0,76,INT15,2930,GCGCGTCATTGGTACA-1,12048,5969,0.12228665649890899,0.00638085681302595,-0.21740463133901358,0.0,0.0,0.0
0,77,INT15,3179,GGCGTACCCTATATAA-1,1595,9348,0.12216837480664253,0.005713955852883092,-0.2158613594248891,0.0,0.0,0.0
0,78,INT15,4321,TCTTATGGGTAGTACC-1,1215,9348,0.12205844819545746,0.007566055397044893,-0.24989865347743034,0.0,0.0,0.0
0,79,INT15,1096,ATGCGACAATTGGTCC-1,3689,3125,0.12204618006944656,0.007375357093283364,-0.1920301198028028,0.0,0.0,0.0
0,80,INT15,3377,GTACGAGATTGCGACA-1,5205,8804,0.12202330380678177,0.006507374825423972,-0.2911421850323677,0.0,0.0,0.0
0,81,INT15,525,ACTAGTTGCGATCGTC-1,10719,3675,0.12201735749840736,0.006211918897769568,-0.27721501952037214,0.0,0.0,0.0
0,82,INT15,1235,CAAATGCGGAGTGTTC-1,1215,8693,0.12196403592824936,0.006435152223511833,-0.16846225261688233,0.0,0.0,0.0
0,83,INT15,1676,CCCTCCTCGCTCGTAT-1,10719,3456,0.12182751893997193,0.006595891197918775,-0.2526798486709595,0.0,0.0,0.0
0,84,INT15,1887,CGACCTACTAGACAAT-1,9952,15032,0.12177096083760261,0.003887622030516192,-0.30171799287199974,0.0,0.0,0.0
0,85,INT15,2970,GCGTTCTGACTAAGCG-1,12050,1164,0.12176980897784233,0.006301851744021651,-0.26389676295220854,0.0,0.0,0.0
0,86,INT15,2169,CTAACTGATAATCGCC-1,12239,3894,0.12172135785222053,0.006382374597494,-0.15668018944561482,0.0,0.0,0.0
0,87,INT15,1807,CCTCGAAGTGGACGGG-1,4066,7275,0.12169158086180687,0.007915955371437548,-0.16148867402225733,0.0,0.0,0.0
0,88,INT15,1867,CGAAGACTGCCCGGGA-1,1214,9785,0.12168801724910736,0.008282598665415804,-0.14487575571984052,0.0,0.0,0.0
0,89,INT15,4765,TTCCGGCTCGACTTCT-1,3499,3015,0.12163299918174744,0.0070630568444935175,-0.2510693818330765,0.0,0.0,0.0
0,90,INT15,3385,GTACTGAGGTCGTAAC-1,3305,9895,0.12160467058420181,0.009383588888962993,-0.18431196436285974,0.0,0.0,0.0
0,91,INT15,4131,TCCGGAGGAAGGGCTG-1,3879,3234,0.12155666798353196,0.006583663754731628,-0.1963660940527916,0.0,0.0,0.0
0,92,INT15,2646,GAGCGCAAATACTCCG-1,10909,3347,0.12146463617682457,0.006632122215322046,-0.26155675649642945,0.0,0.0,0.0
0,93,INT15,4361,TGACCAGCTTCAAAGT-1,2548,4434,0.12145816162228584,0.007787840439343175,-0.22066670581698417,0.0,0.0,0.0
0,94,INT15,501,ACGTCCTAAACGAGAT-1,1215,8256,0.12145493850111962,0.005193836080395308,-0.291793842241168,0.0,0.0,0.0
0,95,INT15,1884,CGACATGCGATCTTCT-1,2736,8038,0.1214478887617588,0.006964909820637258,-0.26429891511797904,0.0,0.0,0.0
0,96,INT15,2520,GAAGTCTCCCTAGCGA-1,8248,5093,0.12144708260893822,0.007264146885621794,-0.2108969882130623,0.0,0.0,0.0
0,97,INT15,4127,TCCGCGGCCCAATGAA-1,11289,4221,0.12144066616892815,0.005010309186617331,-0.2454087920486927,0.0,0.0,0.0
0,98,INT15,4325,TCTTCGCGGTGAGAGG-1,12620,2365,0.1214096799492836,0.003576341215403013,-0.2568897485733032,0.0,0.0,0.0
0,99,INT15,1913,CGAGTGCTATAGTTCG-1,3114,10878,0.12136460915207863,0.0058924688537661364,-0.17486602254211903,0.0,0.0,0.0
0,100,INT15,3367,GTAACTTGCGGCAGTC-1,3114,10659,0.12136382088065148,0.006222254088321497,-0.3139720432460308,0.0,0.0,0.0
0,101,INT15,2506,GAAGCAAGGCAATGTT-1,1404,10331,0.12133165374398232,0.0057183385070833995,-0.26600615940988065,0.0,0.0,0.0
0,102,INT15,1133,ATGTGTAGTTTAGTCA-1,2165,8584,0.1213077113032341,0.005145645827370959,-0.27230222402140497,0.0,0.0,0.0
0,103,INT15,1415,CAGGATCCGCCCGACC-1,1405,9676,0.12128514945507049,0.009248500677308258,-0.09948265999555587,0.0,0.0,0.0
0,104,INT15,4416,TGCAATTTGGGCACGG-1,3878,3671,0.12122409045696259,0.004691001446583929,-0.3462705655023456,0.0,0.0,0.0
0,105,INT15,2,AAACAATCTACTAGCA-1,1784,10331,0.12119367644190789,0.0063734224899660765,-0.2349134974181652,0.0,0.0,0.0
0,106,INT15,4610,TGTGGACTATCTACGT-1,11100,1272,0.12117066979408264,0.008303504888932861,-0.11191540909931064,0.0,0.0,0.0
0,107,INT15,2610,GACTCGGTCGGCGGAT-1,2928,3343,0.12108429670333862,0.005890879727359945,-0.18662973269820213,0.0,0.0,0.0
0,108,INT15,1330,CACCCTTTCCTCGCTC-1,2734,10659,0.12101102471351624,0.0075637246892375,-0.2652314560487866,0.0,0.0,0.0
0,109,INT15,3610,GTTATAATACGGTGAA-1,11289,3347,0.12092536985874176,0.0054192638660899165,-0.25797059331089256,0.0,0.0,0.0
0,110,INT15,1055,ATCGTTCACTTTCGCC-1,3118,4762,0.12091637700796128,0.00553980621575108,-0.26245759800076485,0.0,0.0,0.0
0,111,INT15,2617,GACTGGGCGCCGCAAC-1,2357,4762,0.12080562114715576,0.008182019037444739,-0.2239452175796032,0.0,0.0,0.0
0,112,INT15,4516,TGGCACGAGCTCGAGT-1,2168,4216,0.12077632397413254,0.006792052529327529,-0.210004061460495,0.0,0.0,0.0
0,113,INT15,2304,CTCTGTGCCTGCTATG-1,1594,9785,0.1207465298473835,0.006741235098681435,-0.27186746411025525,0.0,0.0,0.0
0,114,INT15,2228,CTATGGGAAGCGGAAT-1,11479,3675,0.12071388512849808,0.00474503851763872,-0.20098526552319526,0.0,0.0,0.0
0,115,INT15,130,AACGTAGTCTACCCAT-1,1404,10549,0.12068146020174027,0.00620912364006597,-0.247260619699955,0.0,0.0,0.0
0,116,INT15,1400,CAGCCCTCACAGGCAG-1,1785,8147,0.12066474407911301,0.007692376439533761,-0.18539812695235014,0.0,0.0,0.0
0,117,INT15,3328,GGTGGACTGCTCTGGC-1,11668,5750,0.12060972303152084,0.006358144248760905,-0.23201513895764947,0.0,0.0,0.0
0,118,INT15,3162,GGCCTGCTTCTCCCGA-1,12430,2693,0.12060565650463104,0.004935439105462435,-0.3216478116810322,0.0,0.0,0.0
0,119,INT15,3287,GGTACTAAGTGCTTTG-1,10910,1600,0.12055306285619735,0.009339319311136641,-0.13349486142396927,0.0,0.0,0.0
0,120,INT15,1854,CCTTGACCACTTTATT-1,11669,3129,0.12051141485571862,0.006141655001865466,-0.2548514723777771,0.0,0.0,0.0
0,121,INT15,4307,TCTGTCATACAAGAGC-1,3114,10223,0.12049257829785347,0.005965539211636469,-0.16425649374723433,0.0,0.0,0.0
0,122,INT15,3463,GTCCTACGAATAGTCT-1,11288,5095,0.12049024254083633,0.009111405448962663,-0.2057786600664258,0.0,0.0,0.0
0,123,INT15,1362,CACGTCTATGATGTGG-1,2548,4653,0.12048436850309371,0.008617033425024852,-0.19017574638128282,0.0,0.0,0.0
0,124,INT15,4402,TGATTATGGCACGCAG-1,3689,2906,0.1204542949795723,0.006622680854354689,-0.1963987596333027,0.0,0.0,0.0
0,125,INT15,2015,CGGAAATTTCACATCC-1,1977,6072,0.12038290500640869,0.00788575505973991,-0.25416593700647355,0.0,0.0,0.0
0,126,INT15,2972,GCTAACTGAAGTCTGA-1,12238,5423,0.12035979628562928,0.006251457628902541,-0.222952064499259,0.0,0.0,0.0
0,127,INT15,4726,TTATGCGTCCCGGTCC-1,2544,10113,0.12030864730477334,0.005123084756429268,-0.2939479697495699,0.0,0.0,0.0
0,128,INT15,937,ATACAGGCCCTCCAAT-1,11857,7170,0.12030361145734787,0.0043607439033928955,-0.19487574324011803,0.0,0.0,0.0
0,129,INT15,3906,TAGTTAAGATAGGATA-1,3497,6073,0.12028838321566582,0.00507344692188849,-0.25175434574484823,0.0,0.0,0.0
0,130,INT15,1700,CCGACAATAGGCCGCC-1,12049,2911,0.12028185576200486,0.00739043592511737,-0.17853518724441528,0.0,0.0,0.0
0,131,INT15,698,AGCCGCAAATTCAAAT-1,8242,14703,0.12021903321146965,0.006506389590043816,-0.16772130951285363,0.0,0.0,0.0
0,132,INT15,44,AAAGGTAAGCTGTACC-1,3118,3452,0.12019731923937797,0.005691069747568785,-0.21275182738900184,0.0,0.0,0.0
0,133,INT15,1228,CAAACTACGATAGAGA-1,3497,5855,0.12015088945627213,0.007062994098441343,-0.20604145107790828,0.0,0.0,0.0
0,134,INT15,346,ACAGCATAGAGCCAGT-1,3115,8694,0.12010443136096001,0.0051546186355877635,-0.31662885546684266,0.0,0.0,0.0
0,135,INT15,2195,CTAGACTGCATTTCGT-1,3118,4544,0.1200844556093216,0.007407829129483998,-0.28455790467560294,0.0,0.0,0.0
0,136,INT15,1251,CAACGTGGTGGAGTCT-1,11670,2692,0.12004801854491234,0.004482868411452732,-0.18084099218249322,0.0,0.0,0.0
0,137,INT15,4451,TGCCTAATTGAAGATT-1,11669,3566,0.12003003358840943,0.007525924438505379,-0.16678557954728604,0.0,0.0,0.0
0,138,INT15,3482,GTCGTCAATTATAAGG-1,3304,10114,0.11999672800302505,0.006817367404379571,-0.20246969163417816,0.0,0.0,0.0
0,139,INT15,152,AACTGGGTTCGAGCCG-1,1787,5308,0.11994015499949455,0.007578520270578286,-0.36510259881615637,0.0,0.0,0.0
0,140,INT15,1382,CAGAATATTCGTTATC-1,10720,1491,0.11991669908165932,0.006358359590994865,-0.2185800701379776,0.0,0.0,0.0
0,141,INT15,3198,GGCTTTCAATAAGGGT-1,12616,8262,0.11982439532876014,0.007414460936023776,-0.2402828920632601,0.0,0.0,0.0
0,142,INT15,2600,GACTAACACAGCACCT-1,2737,5199,0.11982227563858032,0.0073933855129742964,-0.0973986629396677,0.0,0.0,0.0
0,143,INT15,446,ACGACCCATGAGTTGC-1,12430,1382,0.11979884877800942,0.004648779514350442,-0.29160107374191285,0.0,0.0,0.0
0,144,INT15,4287,TCTGAAGCACGTGGTC-1,11858,5859,0.11978820413351059,0.006255072453918029,-0.20276757553219796,0.0,0.0,0.0
0,145,INT15,1802,CCTCCCGACAATCCCT-1,2926,8148,0.1197745829820633,0.004790305500992901,-0.25080847796052697,0.0,0.0,0.0
0,146,INT15,1508,CATGGGTATGCCTTAT-1,11858,6078,0.11976300626993179,0.005877534440280182,-0.1993196040391922,0.0,0.0,0.0
0,147,INT15,3213,GGGAGTAATGGCTGGC-1,3114,10441,0.1197541445493698,0.005296481652584411,-0.33473908975720407,0.0,0.0,0.0
0,148,INT15,1545,CCAACGCTTGCCAGGG-1,3118,4107,0.11971024051308632,0.005074333918160731,-0.22675163745880128,0.0,0.0,0.0
0,149,INT15,153,AACTGGTGTGGGCCTT-1,2545,9676,0.11968343183398247,0.0072992697512629075,-0.3244437001645565,0.0,0.0,0.0
0,150,INT15,2645,GAGCGAGGGAGTACCG-1,3875,8694,0.11968115568161011,0.008078193193747014,-0.07451876439154148,0.0,0.0,0.0
0,151,INT15,4220,TCGGGCACTTCTGGAT-1,1594,10003,0.1196554996073246,0.0073091879651320316,-0.183770920522511,0.0,0.0,0.0
0,152,INT15,3978,TATTCCGGCAGTCCTA-1,2165,8802,0.11964666470885277,0.005072588418374136,-0.2129438307136297,0.0,0.0,0.0
0,153,INT15,2371,CTGGTAAAGTGTGGGC-1,12620,2584,0.11963637247681617,0.005079360462300969,-0.26590932719409466,0.0,0.0,0.0
0,154,INT15,3841,TAGAGGTTCTACTTGT-1,11478,4549,0.11957921907305717,0.0064459139225815825,-0.2987364985048771,0.0,0.0,0.0
0,155,INT15,4033,TCACTCGTGCAACGGC-1,4068,4872,0.11952459663152695,0.00644544444315285,-0.3421529337763786,0.0,0.0,0.0
0,156,INT15,2724,GATCGCTACCCGATTT-1,10719,4330,0.11949941366910935,0.004905378267598156,-0.20342902839183807,0.0,0.0,0.0
0,157,INT15,1189,ATTCTTCGTACTTATG-1,2927,5527,0.11949372291564941,0.006312698232679319,-0.294575603492558,0.0,0.0,0.0
0,158,INT15,340,ACACGTAGGCCACAAG-1,12239,3020,0.11945547759532929,0.007841847203459054,-0.29500268027186394,0.0,0.0,0.0
0,159,INT15,1593,CCAGGCTGGCGTCTGA-1,11860,1710,0.11944255977869034,0.006797372635227897,-0.21114550046622754,0.0,0.0,0.0
0,160,INT15,1029,ATCCACTTTCAGACTA-1,2549,2469,0.11944224759936332,0.006226973912830204,-0.3027994196861982,0.0,0.0,0.0
0,161,INT15,2354,CTGGCGCACAGGTCTG-1,8248,5311,0.11941124722361565,0.008684437060166469,-0.1855928372591734,0.0,0.0,0.0
0,162,INT15,611,AGAATGCGGGTTCGGA-1,3498,3234,0.11937534511089325,0.005731035725679844,-0.20973990634083747,0.0,0.0,0.0
0,163,INT15,2267,CTCCTGTTCAAGGCAG-1,11670,2256,0.11932496055960655,0.004198754830569849,-0.3922426298260689,0.0,0.0,0.0
0,164,INT15,876,AGTGAGGGTTTCTGAC-1,2737,5417,0.11922934278845787,0.007474878739818585,-0.3886758331209421,0.0,0.0,0.0
0,165,INT15,3594,GTTAACATCACTTAAA-1,11667,7061,0.11918246075510978,0.006974350025425719,-0.10916985049843789,0.0,0.0,0.0
0,166,INT15,4350,TGAATGTCAGCCGGCC-1,10149,3128,0.11915666088461876,0.00598603444951911,-0.15373071897774934,0.0,0.0,0.0
0,167,INT15,3395,GTAGCGCTGTTGTAGT-1,2355,9567,0.11913720592856407,0.007148516229432996,-0.24097021482884884,0.0,0.0,0.0
0,168,INT15,1448,CATAATGAGCGGGCGA-1,2354,10004,0.11912290677428246,0.006289773537911303,-0.21409918367862701,0.0,0.0,0.0
0,169,INT15,1483,CATCTACCCGAGAACG-1,2359,2796,0.11907841339707374,0.006766794231450709,-0.2883951760828495,0.0,0.0,0.0
0,170,INT15,1768,CCTAAACAGGGTCCGT-1,1215,8911,0.11902485340833664,0.00775969457223761,-0.19552495069801806,0.0,0.0,0.0
0,171,INT15,2883,GCCGGAAACACATCTT-1,1785,9239,0.11900955513119697,0.005702567349223287,-0.17922930996865033,0.0,0.0,0.0
0,172,INT15,804,AGGGTTCCCTTTGGTT-1,6918,5420,0.11900745332241058,0.0064793900778074886,-0.25298536494374274,0.0,0.0,0.0
0,173,INT15,4357,TGACATATATGACGAT-1,8432,14812,0.11897359639406205,0.005113974081088868,-0.26909248530864716,0.0,0.0,0.0
0,174,INT15,375,ACCAAACTAGAAATCC-1,1786,7710,0.11894721165299416,0.005617983008529002,-0.3037266626954079,0.0,0.0,0.0
0,175,INT15,4343,TGAACTGCTATGACTT-1,8622,14922,0.11893896833062172,0.007909783233649888,-0.16619818825274707,0.0,0.0,0.0
0,176,INT15,4477,TGCTAAGTGTCTATTT-1,11098,5204,0.11892789006233215,0.005591203548211587,-0.32165880911052225,0.0,0.0,0.0
0,177,INT15,3043,GCTTCAGTGGGATTAC-1,2549,2687,0.11891082003712654,0.007987190891617023,-0.14233996709808708,0.0,0.0,0.0
0,178,INT15,2994,GCTATACGTCTCGGAC-1,11098,5422,0.11889428719878196,0.007004066045695162,-0.26529455427080395,0.0,0.0,0.0
0,179,INT15,3614,GTTATCACCTTCTGAA-1,2355,8693,0.11888890415430069,0.005875587567441574,-0.2029379703104496,0.0,0.0,0.0
0,180,INT15,3565,GTGGCCTAATATCATT-1,7862,14921,0.11885905042290687,0.006621571017582666,-0.18560446351766585,0.0,0.0,0.0
0,181,INT15,635,AGAGCCGCCGAGATTT-1,12240,2802,0.11885125190019608,0.006895488236793574,-0.1909975714981556,0.0,0.0,0.0
0,182,INT15,1322,CACCATGATCGCAAAG-1,3499,2578,0.11882474571466446,0.006527178987425767,-0.3202356033027172,0.0,0.0,0.0
0,183,INT15,4291,TCTGAGCAATTGACTG-1,11479,2802,0.11881734728813172,0.00852410358801403,-0.19230560585856438,0.0,0.0,0.0
0,184,INT15,3534,GTGCAACAAATGTGGC-1,3876,8257,0.11881586536765099,0.0068313103781688445,-0.40781057327985765,0.0,0.0,0.0
0,185,INT15,2905,GCGAAACGATCGGGAG-1,11479,4112,0.1187601238489151,0.0058528418695259175,-0.2694681160151958,0.0,0.0,0.0
0,186,INT15,3327,GGTGGACCACGTGTTA-1,2548,3561,0.11874030232429504,0.005249514809906143,-0.2675476985052228,0.0,0.0,0.0
0,187,INT15,3379,GTACGTCACGTATTAA-1,3308,3343,0.11873897537589073,0.007341540115929991,-0.24162633679807186,0.0,0.0,0.0
0,188,INT15,404,ACCCGGAAACTCCCAG-1,12047,7935,0.118730378895998,0.004889010097794183,-0.2886596964672208,0.0,0.0,0.0
0,189,INT15,83,AACAATTACTCTACGC-1,6723,12300,0.11871915012598037,0.006773971792253621,-0.16854288820177316,0.0,0.0,0.0
0,190,INT15,70,AAATGTGGGTGCTCCT-1,1595,9130,0.11867770627140999,0.0044988854162601255,-0.25884995646774767,0.0,0.0,0.0
0,191,INT15,585,ACTTGCCATATTGTAC-1,1975,8911,0.11864115595817566,0.005956654943720454,-0.15714564099907874,0.0,0.0,0.0
0,192,INT15,306,ACAAGCTATATGGAAG-1,8242,14921,0.11860094889998436,0.008170510200662102,-0.13562391325831413,0.0,0.0,0.0
0,193,INT15,2505,GAAGACTTCAATGCCG-1,1786,7929,0.11857972592115402,0.005936471820523705,-0.2862204801291227,0.0,0.0,0.0
0,194,INT15,1308,CACAGGGCCGTTGTCA-1,12996,8481,0.11857186108827591,0.006369572709253651,-0.18708098772913218,0.0,0.0,0.0
0,195,INT15,4711,TTATAGATGCACATTA-1,2165,9239,0.11852137818932533,0.007525441151261524,-0.2115042546764016,0.0,0.0,0.0
0,196,INT15,2852,GCCAGGCGTTCGCATG-1,2927,5308,0.1185177780687809,0.00925155868247167,-0.24752988927066327,0.0,0.0,0.0
0,197,INT15,3137,GGCACTCAGCCGACCC-1,11670,1600,0.11846764758229256,0.006141961621005662,-0.2884433627128601,0.0,0.0,0.0
0,198,INT15,3696,TAACCTAGGGAGTCCA-1,12619,3457,0.1184192419052124,0.006256111342672168,-0.3419754974544048,0.0,0.0,0.0
0,199,INT15,405,ACCCGGAGCACCACAA-1,12430,1601,0.11838880330324172,0.007950823481289872,-0.15782084204256536,0.0,0.0,0.0
0,200,INT15,4125,TCCGCCTGTCTACAAG-1,11857,6952,0.1183814525604248,0.005291394254490471,-0.22137311417609454,0.0,0.0,0.0
0,201,INT15,2455,CTTTGACGTCGCTTCT-1,9572,15031,0.11835519075393677,0.006769830809467025,-0.23882701210677623,0.0,0.0,0.0
0,202,INT15,3828,TAGAAACCACTAAGTA-1,2167,6400,0.11832655966281891,0.008471065380268358,-0.1627913936972618,0.0,0.0,0.0
0,203,INT15,590,ACTTGTGGATGGAACG-1,11099,3238,0.11832204908132553,0.004588227654313016,-0.27784674130380155,0.0,0.0,0.0
0,204,INT15,4301,TCTGCTTAGAACAAGC-1,10720,1272,0.11829871088266372,0.008959245809827711,-0.10329745840281249,0.0,0.0,0.0
0,205,INT15,3548,GTGCGGGACCATCGGC-1,2354,10659,0.11829564198851586,0.004706563739405745,-0.26696048602461814,0.0,0.0,0.0
0,206,INT15,1629,CCCAACCACACTAACA-1,2736,7820,0.11829124316573143,0.0063325435709847425,-0.20844266042113305,0.0,0.0,0.0
0,207,INT15,2522,GAAGTGCTGGATAGCT-1,4066,8367,0.11827736720442772,0.006982240329307239,-0.19341654926538468,0.0,0.0,0.0
0,208,INT15,4225,TCGGTTAGCCATGTAG-1,2168,4653,0.11826810538768769,0.005406241984308568,-0.28643059842288493,0.0,0.0,0.0
0,209,INT15,246,AATCATGTAAAGACTC-1,11479,4330,0.11825186759233475,0.004711881683254796,-0.2698577843606472,0.0,0.0,0.0
0,210,INT15,139,AACTAGCGTATCGCAC-1,1975,9785,0.1182333379983902,0.004607263653985259,-0.1781080152839422,0.0,0.0,0.0
0,211,INT15,3899,TAGTCTTTCCGAATTG-1,10720,2364,0.11819480061531067,0.007551225429176414,-0.2560520004481077,0.0,0.0,0.0
0,212,INT15,2658,GAGGAGTAATTCCTAC-1,1595,9567,0.11812211647629738,0.007430896433551483,-0.15149462223052979,0.0,0.0,0.0
0,213,INT15,10,AAACCACTACACAGAT-1,1789,2250,0.11811204180121422,0.006013213829635926,-0.2240490552969277,0.0,0.0,0.0
0,214,INT15,954,ATACGTACTTAGCCAC-1,11667,6624,0.1180882178246975,0.008089151154159147,-0.20905879717320203,0.0,0.0,0.0
0,215,INT15,190,AAGCTCTTTCATGGTG-1,12048,6187,0.11808327585458755,0.006896862691025768,-0.22406977266073227,0.0,0.0,0.0
0,216,INT15,3744,TACAAGCTGTTCACTG-1,1405,9239,0.11806483119726181,0.004928164866685783,-0.24532545898109676,0.0,0.0,0.0
0,217,INT15,4462,TGCGAGCCCTTCCGCG-1,3498,3889,0.11804605051875114,0.005954333378970219,-0.3786375805735588,0.0,0.0,0.0
0,218,INT15,1272,CAAGTGAACTTTGGTT-1,2355,9130,0.11801374405622482,0.00807024926984184,-0.2973771125078201,0.0,0.0,0.0
0,219,INT15,732,AGCTCCTTCGCACATC-1,11098,5641,0.11794388890266419,0.006043490311670383,-0.2433930967003107,0.0,0.0,0.0
0,220,INT15,940,ATACCAGGCTAATAGA-1,2925,9021,0.11789074465632439,0.007779623918508512,-0.20203753095120192,0.0,0.0,0.0
0,221,INT15,4154,TCCTGGCGCTGCCTGG-1,3498,3452,0.11788932457566262,0.007467335891510587,-0.2898763582110405,0.0,0.0,0.0
0,222,INT15,2788,GCAAGATGTGTTCGCG-1,3308,3561,0.11781932562589645,0.010066974815252209,-0.2182183314114809,0.0,0.0,0.0
0,223,INT15,4157,TCCTTCAGTGGTCGAA-1,4066,7493,0.11780836433172226,0.008228183314271912,-0.21032019183039666,0.0,0.0,0.0
0,224,INT15,4816,TTCTTCCCTTTGATAT-1,1596,7382,0.11780144572257996,0.006622128454393798,-0.3609276808798313,0.0,0.0,0.0
0,225,INT15,1743,CCGGCGCATATTGGAT-1,3875,8913,0.11776782870292664,0.006391607546268443,-0.15523104555904865,0.0,0.0,0.0
0,226,INT15,4730,TTATTATCTGGAAGGC-1,11670,1819,0.11776641234755517,0.007349214139047694,-0.33550629392266273,0.0,0.0,0.0
0,227,INT15,366,ACATCGTTAACCTAGT-1,2926,6837,0.1177613042294979,0.006831757086197175,-0.4073895484209061,0.0,0.0,0.0
0,228,INT15,1514,CATGTAAGAGACATTT-1,11478,5204,0.11774849593639374,0.010428868856097534,-0.23505955412983895,0.0,0.0,0.0
0,229,INT15,218,AAGTTCACTCCAAGCT-1,12048,5750,0.11773251146078109,0.008194458825577103,-0.16042030341923236,0.0,0.0,0.0
0,230,INT15,66,AAATGGCATGTCTTGT-1,3686,7493,0.11772638857364655,0.008363291004341123,-0.30305932154878973,0.0,0.0,0.0
0,231,INT15,4182,TCGCCCAACTGACTCC-1,2928,3124,0.11772188022732735,0.006874677330904024,-0.14478566497564316,0.0,0.0,0.0
0,232,INT15,2570,GACCCGTCGCCGGCTA-1,2925,8584,0.11771024689078331,0.004912346207630395,-0.21473925262689592,0.0,0.0,0.0
0,233,INT15,1390,CAGAGTGATTTAACGT-1,2926,7492,0.11769718751311302,0.008198926671361677,-0.2784237276762724,0.0,0.0,0.0
0,234,INT15,3000,GCTCAATGTAATACCG-1,12996,8700,0.11768535375595093,0.005794625998236452,-0.2225949689745903,0.0,0.0,0.0
0,235,INT15,1193,ATTGACGTAACTCGGT-1,2736,7165,0.11768009811639786,0.005255063961646166,-0.2606145583093166,0.0,0.0,0.0
0,236,INT15,1258,CAACTTGTAGTGGGCA-1,2924,10550,0.11762233376502991,0.0054505987486712796,-0.28113114219158886,0.0,0.0,0.0
0,237,INT15,3428,GTATTTAATGGCATAA-1,11100,1928,0.11757587417960166,0.007375702190114147,-0.2651591273024678,0.0,0.0,0.0
0,238,INT15,1653,CCCGCTTGCCCTCGTC-1,1594,10659,0.1175312265753746,0.007038439653416853,-0.19418020062148572,0.0,0.0,0.0
0,239,INT15,4595,TGTCCCGACATAGCAC-1,3305,8803,0.11752879098057747,0.006132208544569595,-0.23039347715675831,0.0,0.0,0.0
0,240,INT15,1286,CAATGGAATCTACATA-1,2927,5090,0.11752335429191589,0.006040596661763004,-0.28673136606812477,0.0,0.0,0.0
0,241,INT15,2040,CGGCTGCAAGATTAAG-1,1976,7601,0.1175053171813488,0.0057366853629406715,-0.3943598359823227,0.0,0.0,0.0
0,242,INT15,2680,GAGTATCAAAGTTACA-1,12050,1819,0.1174957163631916,0.007730900644645445,-0.1161332979798317,0.0,0.0,0.0
0,243,INT15,536,ACTCAGACCTGCTTCT-1,2924,10332,0.11747856587171554,0.00551439338551168,-0.21825619488954545,0.0,0.0,0.0
0,244,INT15,3772,TACCTATCCCTAGAGG-1,8812,14813,0.11747731566429138,0.007519561188291592,-0.20001415759325028,0.0,0.0,0.0
0,245,INT15,2010,CGCTTTCATACCGGTG-1,3875,9568,0.11744794845581055,0.006035660712876306,-0.24773084092885256,0.0,0.0,0.0
0,246,INT15,1201,ATTGGATTACAGCGTA-1,11479,3894,0.1174266904592514,0.005046754711200773,-0.1660875778645277,0.0,0.0,0.0
0,247,INT15,2554,GACACTGGAACCCGAT-1,11099,3020,0.11740120798349381,0.006264699667118693,-0.2682332955300808,0.0,0.0,0.0
0,248,INT15,19,AAACGACAGTCTTGCC-1,1599,2141,0.11739936172962188,0.008135700230354547,-0.24283072873950004,0.0,0.0,0.0
0,249,INT15,1374,CACTCTTCTGCTAGCC-1,12429,4003,0.11739660724997521,0.005443781026913587,-0.2371706511825323,0.0,0.0,0.0
0,250,INT15,3953,TATGATAAATCTAACG-1,2357,6072,0.117385982722044,0.00814190112539126,-0.1879247210919857,0.0,0.0,0.0
0,251,INT15,1820,CCTCTGGCCTAGACGG-1,4066,6838,0.11737312823534012,0.007632743294303937,-0.2626023805700243,0.0,0.0,0.0
0,252,INT15,616,AGACATAGATCCTTCC-1,2545,9895,0.11735749393701553,0.0062875342623609585,-0.3232401929795742,0.0,0.0,0.0
0,253,INT15,3740,TAATTTCCGTCCAGTA-1,8812,15031,0.11734928488731385,0.00815255544424822,-0.1671335062943399,0.0,0.0,0.0
0,254,INT15,3722,TAATACACAGTAGTAT-1,5016,8040,0.11730461344122886,0.007512315606474843,-0.19653644729405642,0.0,0.0,0.0
0,255,INT15,878,AGTGATAACCTGCGCG-1,12428,5314,0.1172814354300499,0.005840060536255993,-0.23552759885787963,0.0,0.0,0.0
0,256,INT15,3468,GTCCTTTAATGACTTC-1,2738,3670,0.11725544854998589,0.00719828993415707,-0.25371483685448765,0.0,0.0,0.0
1,1,INT15,660,AGATGACTCGCCCACG-1,5205,9023,0.1450653627514839,0.020666179447786096,-0.12266983352601528,0.3,0.0,0.10638895928859711
1,2,INT15,4536,TGGGCACAAACAGAAC-1,2734,10004,0.14371134638786315,0.024285183467911392,-0.22768795154988766,0.4,0.0,0.14200109839439393
1,3,INT15,3770,TACCGTGCCTCGGACC-1,10907,7497,0.14237672835588455,0.022017918483282745,-0.027923187613487242,0.5,0.0,0.16393779516220092
1,4,INT15,1148,ATTACCACACTGCCTG-1,10340,2146,0.14156749472022057,0.02625965080206464,-0.012565880455076695,0.5,0.0,0.16552753150463104
1,5,INT15,2425,CTTCGTAGATAGGTGA-1,8625,10117,0.14100165739655496,0.022424978975885718,-0.11474658623337745,0.2,0.0,0.06970505118370056
1,6,INT15,2267,CTCCTGTTCAAGGCAG-1,11670,2256,0.14087246283888816,0.024218584078653682,-0.24122169464826584,0.3,0.0,0.10744626224040985
1,7,INT15,1704,CCGAGAAGTCGCATAA-1,9959,2801,0.14082870706915857,0.026656608759863785,-0.11764232609421015,0.3,0.0,0.10235017836093903
1,8,INT15,1448,CATAATGAGCGGGCGA-1,2354,10004,0.1402585357427597,0.02498757158234734,-0.06559223048388958,0.1,0.0,0.036794576048851016
1,9,INT15,4471,TGCGGTCTACGAGTAA-1,1217,4761,0.13999413326382637,0.024335193263302985,-0.04967985022813082,0.1,0.0,0.038007313013076784
1,10,INT15,340,ACACGTAGGCCACAAG-1,12239,3020,0.13970056176185608,0.02517744908882364,-0.15284994728863238,0.3,0.0,0.09957247376441955
1,11,INT15,247,AATCCAAGGGCCTGAG-1,3685,9895,0.1393727533519268,0.02296348257737112,-0.1267458487302065,0.3,0.0,0.09851941764354706
1,12,INT15,3756,TACATGCCGGAATTGT-1,11480,1709,0.1391536131501198,0.023024823205569242,-0.15700960159301758,0.0,0.0,0.0
1,13,INT15,1253,CAACTCCAACGTTTAG-1,1977,5635,0.13846975937485695,0.023983481933498422,-0.10092454962432384,0.3,0.0,0.0979067176580429
1,14,INT15,3996,TCAACACATTGGGTAA-1,3304,11206,0.13823438733816146,0.02519950358560274,-0.19931081160902978,0.3,0.0,0.1027008056640625
1,15,INT15,2732,GATCTCGACGCTGTGG-1,10720,2146,0.13818056583404542,0.02403234481573566,-0.15812708288431168,0.2,0.0,0.06913398802280427
1,16,INT15,4740,TTCACTCGAGCACCTA-1,11667,7497,0.13816942498087884,0.023050082458986716,-0.23443320542573928,0.4,0.0,0.13104568421840668
1,17,INT15,2819,GCAGCTATGGACAGGT-1,3689,2688,0.13806008026003838,0.021125538531718457,-0.24566937666386365,0.3,0.0,0.10213383734226227
1,18,INT15,3187,GGCTCGCGTTGAGGTA-1,7108,4874,0.1379641242325306,0.024795887719540086,-0.12571232691407203,0.1,0.0,0.03432821929454803
1,19,INT15,1948,CGCATGGTGCGATGCT-1,8816,7823,0.13796030580997468,0.023443311646009764,-0.10214406810700893,0.4,0.0,0.12347135841846466
1,20,INT15,2927,GCGCCTCCCACTCCGA-1,10339,3019,0.1379551187157631,0.026158038035344677,-0.1357874209061265,0.3,0.0,0.10420249104499817
1,21,INT15,3515,GTGACCGCACACTACG-1,8628,5093,0.13789422661066056,0.023775223048616553,-0.13259185440838336,0.5,0.0,0.15022118687629699
1,22,INT15,4307,TCTGTCATACAAGAGC-1,3114,10223,0.1378490909934044,0.025468443275996063,-0.046645908430218694,0.4,0.0,0.1319584369659424
1,23,INT15,3313,GGTCTTGGTGTTAACT-1,2542,14918,0.13775367811322212,0.022685438397677973,-0.11336258947849273,0.5,0.0,0.15393651127815247
1,24,INT15,426,ACCGCAATAACTGCCT-1,10907,6405,0.1376817487180233,0.02438321691605292,-0.0923688568174839,0.4,0.0,0.12405259907245636
1,25,INT15,1887,CGACCTACTAGACAAT-1,9952,15032,0.13764818683266639,0.022110750636969875,-0.19206007197499275,0.1,0.0,0.03762664794921875
1,26,INT15,3600,GTTACAATTGGTGACG-1,8244,11427,0.13746549487113952,0.023306285498547186,-0.12421202398836613,0.5,0.0,0.1503279060125351
1,27,INT15,2853,GCCAGGCTTAGTGGTA-1,2922,14482,0.13742846995592117,0.027506403877689198,-0.01858353540301323,0.3,0.0,0.09729316830635071
1,28,INT15,2193,CTACTGCCACCTGACC-1,6346,8150,0.1374032087624073,0.022828912728465458,-0.13345295265316964,0.5,0.0,0.14364103972911835
1,29,INT15,2565,GACCAAACGTTGACTG-1,12239,3239,0.13729976639151573,0.024898776967794172,-0.15350888818502426,0.3,0.0,0.09854933917522431
1,30,INT15,153,AACTGGTGTGGGCCTT-1,2545,9676,0.13723287582397461,0.025381969772930904,-0.20338158085942268,0.2,0.0,0.06938395500183106
1,31,INT15,878,AGTGATAACCTGCGCG-1,12428,5314,0.13720689341425896,0.023457006254937633,-0.09240301214158535,0.1,0.0,0.034125253558158875
1,32,INT15,556,ACTGAAACGCCGTTAG-1,12048,4877,0.13718380331993102,0.023259900420100496,-0.16107177622616292,0.4,0.0,0.1304171234369278
1,33,INT15,4576,TGTACCTACACGAGGG-1,12428,5095,0.1371837504208088,0.023087090341482264,-0.21301792077720166,0.4,0.0,0.1357245475053787
1,34,INT15,3162,GGCCTGCTTCTCCCGA-1,12430,2693,0.13717131689190865,0.02475600712799809,-0.20894526839256286,0.3,0.0,0.0972018837928772
1,35,INT15,4659,TTAAGGATACGGAGGT-1,2544,10768,0.13714374229311943,0.02415480028579656,-0.21634440273046493,0.1,0.0,0.03468005061149597
1,36,INT15,2883,GCCGGAAACACATCTT-1,1785,9239,0.13706699907779693,0.024472163897334153,-0.053234731778502464,0.2,0.0,0.06589335799217225
1,37,INT15,3296,GGTCAAGACTACTTCG-1,11289,3566,0.1370129831135273,0.024906833456674864,-0.09374782927334309,0.0,0.0,0.0
1,38,INT15,616,AGACATAGATCCTTCC-1,2545,9895,0.13695783242583276,0.023135518281011826,-0.18236320056021213,0.5,0.0,0.1643415719270706
1,39,INT15,179,AAGCCGAAGCGGTTTA-1,10529,3347,0.13692611306905747,0.024546343853300377,-0.13501429036259652,0.2,0.0,0.06741343140602112
1,40,INT15,2215,CTAGTTACAACCCGGT-1,11287,7716,0.13683295473456383,0.02282003573033413,-0.16698174811899663,0.0,0.0,0.0
1,41,INT15,4156,TCCTTCAATCCCTACG-1,9002,14922,0.13683226555585862,0.021071648006766936,-0.1873014211654663,0.4,0.0,0.1376783788204193
1,42,INT15,4816,TTCTTCCCTTTGATAT-1,1596,7382,0.13674790114164354,0.01961223723426983,-0.22078146785497665,0.0,0.0,0.0
1,43,INT15,4142,TCCTAAATTGGGAAGC-1,11857,7388,0.13672668263316154,0.02193253492643431,-0.13272987194359304,0.3,0.0,0.107040736079216
1,44,INT15,424,ACCGATATTTAATCAT-1,11480,1928,0.1367007538676262,0.025116036895522623,-0.09959890656173229,0.0,0.0,0.0
1,45,INT15,501,ACGTCCTAAACGAGAT-1,1215,8256,0.1366724781692028,0.02274988598045761,-0.187197570130229,0.3,0.0,0.10287032127380372
1,46,INT15,3931,TATCACAGCACGGGCA-1,1976,8038,0.13665266782045365,0.021919207306531133,-0.10352024286985398,0.1,0.0,0.033904474973678586
1,47,INT15,2433,CTTGAGTTAGGGTAAT-1,8628,4875,0.13652793020009996,0.0265465428277958,-0.09397698901593685,0.5,0.0,0.14852239191532135
1,48,INT15,2040,CGGCTGCAAGATTAAG-1,1976,7601,0.13644549995660782,0.023596091178649383,-0.25916584879159926,0.1,0.0,0.033703601360321044
1,49,INT15,139,AACTAGCGTATCGCAC-1,1975,9785,0.13642043098807335,0.022234796623085272,-0.04794594272971153,0.3,0.0,0.09824649691581726
1,50,INT15,3882,TAGGTGCTCGCCTAGC-1,8818,5639,0.1363907314836979,0.024857272316474475,-0.06180554516613483,0.1,0.0,0.03335613310337067
1,51,INT15,914,AGTTTGGCACGGGTTG-1,10339,3893,0.13638272732496262,0.02179875678511725,-0.0842505306005478,0.5,0.0,0.15049416422843934
1,52,INT15,404,ACCCGGAAACTCCCAG-1,12047,7935,0.13634373396635055,0.025424705843145465,-0.1682050760835409,0.0,0.0,0.0
1,53,INT15,3104,GGAGGGCTTGGTTGGC-1,7297,6512,0.13632096871733665,0.022847095225447655,-0.15446666851639748,0.1,0.0,0.03475770652294159
1,54,INT15,1909,CGAGGGACTGCGGTCG-1,8437,6513,0.13630976304411888,0.026700879623564187,-0.13031173218041658,0.1,0.0,0.033779305219650266
1,55,INT15,991,ATATCTTAGGGCCTTC-1,7866,8369,0.13629845529794693,0.024087350490007996,0.02510465234518051,0.3,0.0,0.0931357979774475
1,56,INT15,1610,CCATATGGAAACTATA-1,11289,3784,0.13625143468379974,0.025704940088548452,-0.22911612018942834,0.1,0.0,0.03646682500839234
1,57,INT15,1945,CGCATCATGGCTTCAG-1,2927,5745,0.1361752338707447,0.02537614128028198,-0.08832801692187786,0.0,0.0,0.0
1,58,INT15,2391,CTGTTCACTGCCTGTG-1,5395,8913,0.13612027019262313,0.023553449141494532,-0.2112150862812996,0.0,0.0,0.0
1,59,INT15,2107,CGTCCAGATGGCTCCA-1,3492,15028,0.1360985241830349,0.023825551759111135,-0.14226748198270797,0.3,0.0,0.09327937662601471
1,60,INT15,4388,TGAGTTAAAGACATTC-1,10339,2801,0.1360674723982811,0.02221295725416062,-0.11342094130814076,0.2,0.0,0.06192000508308411
1,61,INT15,572,ACTTACGCATCCACGC-1,12237,6515,0.13591693267226218,0.023223466296022382,-0.18951362632215024,0.0,0.0,0.0
1,62,INT15,2786,GCAACGGCTAGTTATG-1,9389,2691,0.1358991287648678,0.027443627607712278,-0.01991448234766722,0.2,0.0,0.0692180722951889
1,63,INT15,4411,TGCAAAGTTCGTCTGT-1,14706,8591,0.13584499731659888,0.02407975262543071,-0.13378102518618107,0.2,0.0,0.062311100959777835
1,64,INT15,1471,CATATTATTTGCCCTA-1,2927,6400,0.13583676069974898,0.025344927195445732,-0.22330218702554702,0.2,0.0,0.07167434692382812
1,65,INT15,2552,GACACGAGTTAGAGGA-1,4823,12299,0.13567738085985184,0.022333423058596064,-0.19978420734405516,0.4,0.0,0.12222954332828521
1,66,INT15,3815,TACTCTTACTTTACTG-1,12429,2911,0.13567182123661042,0.025978304425944388,-0.11039201952517033,0.0,0.0,0.0
1,67,INT15,2388,CTGTGCAGGGTAGGTC-1,9197,7387,0.1356683187186718,0.023241258434909606,-0.12445310279726982,0.2,0.0,0.06361841559410095
1,68,INT15,4901,TTGGGACGTAAGAGTT-1,10909,3129,0.1356644958257675,0.02164794413045527,-0.21936106607317923,0.2,0.0,0.06499602794647216
1,69,INT15,1251,CAACGTGGTGGAGTCT-1,11670,2692,0.13565910905599593,0.02398904826940082,-0.07401001825928688,0.0,0.0,0.0
1,70,INT15,4907,TTGGTTCGCTCAAAGG-1,8630,1380,0.1356130599975586,0.025472198801317944,-0.15921359248459338,0.2,0.0,0.06615401804447174
1,71,INT15,2520,GAAGTCTCCCTAGCGA-1,8248,5093,0.1356126584112644,0.026375157132775887,-0.11870686076581478,0.1,0.0,0.035990110039711
1,72,INT15,4324,TCTTCGATACCAATAA-1,7296,7823,0.13561081439256667,0.02546154462638644,-0.09861652515828609,0.1,0.0,0.03422346413135528
1,73,INT15,770,AGGCATTGTCGTAGGG-1,10529,4221,0.135581586509943,0.022189142256702297,-0.19731311909854413,0.2,0.0,0.06320107877254486
1,74,INT15,1087,ATGCACCTTCCTTAAT-1,5012,14374,0.13552702441811562,0.024115730295318865,-0.08914877008646727,0.5,0.0,0.1504267305135727
1,75,INT15,130,AACGTAGTCTACCCAT-1,1404,10549,0.13550238832831382,0.025009554859633167,-0.1481833875179291,0.3,0.0,0.09967960715293885
1,76,INT15,300,ACAAATCGCACCGAAT-1,10717,6077,0.1354503519833088,0.02432121736029119,-0.10104186683893204,0.1,0.0,0.033369717001914975
1,77,INT15,1156,ATTAGGCGATGCTTTC-1,8247,7277,0.13538609817624092,0.022846091877998683,-0.117888293415308,0.0,0.0,0.0
1,78,INT15,2078,CGGTTGAGTATCCTTC-1,13754,11758,0.13538428470492364,0.021758798787100336,-0.16958181150257587,0.5,0.0,0.1433705449104309
1,79,INT15,3548,GTGCGGGACCATCGGC-1,2354,10659,0.13530234545469283,0.024299132832952,-0.14924700800329446,0.3,0.0,0.10307514369487762
1,80,INT15,2344,CTGCTGTCTAACGAGC-1,10530,2037,0.13512639403343202,0.026055916298646373,-0.0758051086217165,0.1,0.0,0.03250049650669098
1,81,INT15,1062,ATCTCCCACGGAATAT-1,12619,3239,0.13512204140424727,0.02456295548725124,-0.12413694374263287,0.2,0.0,0.06666980385780334
1,82,INT15,2933,GCGCTAATTGAATAGA-1,7676,7386,0.13510846942663193,0.025017069653486563,-0.1448455810546875,0.2,0.0,0.06797452867031098
1,83,INT15,3980,TATTCGTGCCAGAATA-1,7676,8041,0.13503642678260802,0.02538962772255182,-0.031192085333168508,0.2,0.0,0.060380735993385316
1,84,INT15,958,ATACTAGCATGACCCT-1,5206,8367,0.13499127253890036,0.025391424576498674,-0.20027134083211423,0.3,0.0,0.09964141249656677
1,85,INT15,2257,CTCCCAATGAGTCGCG-1,10910,2474,0.13497812151908875,0.022873121703400327,-0.17129554077982903,0.3,0.0,0.09790924787521363
1,86,INT15,1711,CCGATTGGTCAATGAA-1,1598,4325,0.13495347201824187,0.025068911798838533,-0.2793124347925186,0.2,0.0,0.0647962749004364
1,87,INT15,621,AGACCGCTCCGCGGTT-1,10909,2910,0.1349124014377594,0.021877237659822597,-0.1671122595667839,0.2,0.0,0.06378664076328278
1,88,INT15,148,AACTGAGGTCAGCGTC-1,2929,2906,0.13489126190543174,0.024478825160835254,-0.14353764094412327,0.1,0.0,0.03526275753974915
1,89,INT15,2578,GACCGTGCTGACGGTG-1,8815,9352,0.13487789034843445,0.02507582313495436,-0.071183817461133,0.4,0.0,0.12535635232925416
1,90,INT15,936,ATACAGCGTCCACTGA-1,15273,15035,0.13476037085056305,0.025109600089001132,-0.10439622048288584,0.3,0.0,0.089910688996315
1,91,INT15,977,ATAGTGAAGCGTTCTC-1,9006,8806,0.1347512982785702,0.022710848257199136,-0.08938403502106666,0.1,0.0,0.0324822187423706
1,92,INT15,3256,GGGTAATGCTGTGTTT-1,2923,12734,0.13473545834422113,0.021811094636820016,-0.18085645847022533,0.5,0.0,0.14215622544288636
1,93,INT15,189,AAGCTCGTGCCAAGTC-1,7867,7058,0.13473526313900946,0.022737236487525327,-0.1593877637758851,0.5,0.0,0.1471927911043167
1,94,INT15,3724,TAATAGAACAGAGTTA-1,10715,10882,0.1347051702439785,0.02094245600626488,-0.23314939737319945,0.5,0.0,0.14562356173992158
1,95,INT15,4669,TTACACGATCTGCGAC-1,12999,3021,0.13467199802398683,0.02437749203263587,-0.19840274453163148,0.3,0.0,0.0986330658197403
1,96,INT15,2900,GCCTGCTACACTGAGA-1,2738,3452,0.1346643939614296,0.025603278466866792,-0.1526968065649271,0.1,0.0,0.034704259037971495
1,97,INT15,698,AGCCGCAAATTCAAAT-1,8242,14703,0.13466012552380563,0.024503520316448934,-0.07015622109174728,0.3,0.0,0.09481508433818817
1,98,INT15,2922,GCGATTGTTAACGTTA-1,8247,6622,0.1345827467739582,0.023787779683490138,-0.0975824486464262,0.0,0.0,0.0
1,99,INT15,1588,CCAGCTACGCCTCATA-1,2924,11205,0.13458272889256478,0.022925750030287285,-0.12638883404433726,0.5,0.0,0.14980654418468475
1,100,INT15,2114,CGTCGTCCTTCGCGAA-1,11857,6733,0.13451524674892426,0.025540089374241064,-0.09514300599694252,0.3,0.0,0.10377737283706664
1,101,INT15,3636,GTTCTTCCCTCGATGT-1,4065,9459,0.13451405391097068,0.02405608128277643,-0.19243065640330315,0.3,0.0,0.0965896874666214
1,102,INT15,2065,CGGTCAGTCCATATTT-1,12240,1273,0.13450735211372375,0.024774644747439345,-0.04803933948278427,0.0,0.0,0.0
1,103,INT15,787,AGGGACCGGCTGCGTT-1,8059,3018,0.13446508944034577,0.02483832451749785,-0.06315635852515697,0.1,0.0,0.03306021988391876
1,104,INT15,1352,CACGATTGGTCGTTAA-1,1215,9566,0.13444376587867737,0.023500934417758648,-0.20410762913525105,0.0,0.0,0.0
1,105,INT15,913,AGTTTGCACCTGCCTC-1,12237,6952,0.1344357818365097,0.025072181761143068,-0.11045044418424368,0.3,0.0,0.09755024313926697
1,106,INT15,425,ACCGATGGTAGCATCG-1,8058,4984,0.1344274289906025,0.02021936507461288,-0.2896550565958023,0.3,0.0,0.09627490043640137
1,107,INT15,1346,CACCTTGGCGCCTTTG-1,9389,3783,0.13438643589615823,0.02509135289694964,-0.23252281006425618,0.2,0.0,0.06651988625526428
1,108,INT15,2755,GATGTCGGTCAACTGC-1,2926,7056,0.13436997160315514,0.023711146742150448,-0.130377097427845,0.0,0.0,0.0
1,109,INT15,2963,GCGTCGTAACATGGTC-1,15278,6735,0.13436267375946045,0.023076681826750794,-0.1433793842792511,0.4,0.0,0.12496934235095977
1,110,INT15,2362,CTGGGATCGCCCAGAT-1,1405,8147,0.1343539409339428,0.0241159609941708,-0.18928907662630082,0.1,0.0,0.03569207489490509
1,111,INT15,2115,CGTCTCTCGCCGAGGC-1,2170,1158,0.1343396484851837,0.022534609275002206,-0.08330291118472814,0.4,0.0,0.12238514721393585
1,112,INT15,2028,CGGCAAACATCGTGCG-1,11097,7825,0.13433170765638353,0.024899153320167025,-0.20399897843599318,0.2,0.0,0.06957052648067474
1,113,INT15,2785,GCAACCCAAGTTGTTT-1,7102,14702,0.1343100793659687,0.02658795457934241,-0.1456869039684534,0.5,0.0,0.14948528707027436
1,114,INT15,2997,GCTATGCCAGCTTATG-1,9572,14813,0.13426125720143317,0.02586967855988684,-0.11496763415634632,0.4,0.0,0.1219572126865387
1,115,INT15,3975,TATTCAATTCTAATCC-1,7677,6949,0.1342400759458542,0.02417824313697701,-0.16915992386639117,0.1,0.0,0.03255868554115295
1,116,INT15,4589,TGTATCAGACTGAAGC-1,3119,3015,0.13423932567238808,0.023548189929607617,-0.09057465717196464,0.1,0.0,0.03572509288787842
1,117,INT15,924,ATAACGTTACCTCCAC-1,3119,2578,0.134202216565609,0.024371133326703546,-0.1617322288453579,0.3,0.0,0.09351698458194732
1,118,INT15,4180,TCGCATTCAATGACTT-1,2924,10987,0.13418929055333137,0.022817585204281475,-0.24562150649726391,0.0,0.0,0.0
1,119,INT15,2455,CTTTGACGTCGCTTCT-1,9572,15031,0.1341271698474884,0.025704311156925046,-0.1313414704054594,0.2,0.0,0.06883699595928192
1,120,INT15,3549,GTGCGGGTCTCCAAAT-1,5015,8913,0.13411003202199936,0.024618692877006607,-0.17487141340970994,0.5,0.0,0.14800859987735748
1,121,INT15,4654,TTAAGACGAACGAACC-1,2358,4543,0.13409748747944833,0.0237755646071065,-0.19882565438747407,0.3,0.0,0.10201780498027802
1,122,INT15,2767,GATTCGACGGTTCACG-1,9007,7278,0.13405605405569077,0.02797380811392373,-0.052725117467343804,0.2,0.0,0.06623910367488861
1,123,INT15,1002,ATCAAACACTGTTCCA-1,10149,3347,0.13405340388417245,0.026991431348926693,-0.11217920854687691,0.5,0.0,0.1501864731311798
1,124,INT15,4703,TTAGCTGATTTGCCGT-1,8438,4765,0.13401620984077453,0.026013494470792965,-0.140273842215538,0.3,0.0,0.09280361533164978
1,125,INT15,3829,TAGAAAGGTGGCGCTA-1,7107,6184,0.1340085320174694,0.022440260923683827,-0.15234793573617936,0.4,0.0,0.12253162562847138
1,126,INT15,3003,GCTCCATGAGTGCAGA-1,12050,1382,0.13399466797709464,0.023638719037967465,-0.28114996999502184,0.1,0.0,0.03526692688465118
1,127,INT15,2032,CGGCCACGCACAAAGT-1,7866,8587,0.13399091064929963,0.021465954006296667,-0.1646875262260437,0.5,0.0,0.14736939072608948
1,128,INT15,2797,GCACACACTGGTAGCC-1,11858,4767,0.13397039100527763,0.02214715927308798,-0.19255161248147487,0.1,0.0,0.03529055118560791
1,129,INT15,2775,GCAAACCTTGGCCATA-1,12047,7716,0.13395073339343072,0.022373302337294062,-0.20965181104838848,0.3,0.0,0.09813106656074524
1,130,INT15,1048,ATCGGAGACAGACGGC-1,11097,6733,0.13389097526669502,0.02113291117715324,-0.21393147073686122,0.5,0.0,0.1491180270910263
1,131,INT15,4932,TTGTTCTAGATACGCT-1,5202,14701,0.13387691229581833,0.022677183699599417,-0.19825534857809543,0.1,0.0,0.03007161021232605
1,132,INT15,152,AACTGGGTTCGAGCCG-1,1787,5308,0.1338626466691494,0.02129192613546256,-0.26626975536346437,0.0,0.0,0.0
1,133,INT15,2105,CGTCAGTTTATCGTCT-1,1595,8474,0.13381364494562148,0.02421527285514977,-0.05868723951280117,0.1,0.0,0.03622928559780121
1,134,INT15,3696,TAACCTAGGGAGTCCA-1,12619,3457,0.13380097076296807,0.02323584345774493,-0.23371515572071075,0.0,0.0,0.0
1,135,INT15,3804,TACGTGCACTATGCTG-1,5204,11425,0.13377658799290656,0.026802447375332918,-0.11071074716746807,0.4,0.0,0.11325673758983612
1,136,INT15,3977,TATTCCGAGCTGTTAT-1,11478,5641,0.1337726153433323,0.024804023146745183,-0.15491332355886697,0.2,0.0,0.0648565411567688
1,137,INT15,3509,GTGAAACGTGCTCCAC-1,3304,10987,0.133758594840765,0.02390217648812483,-0.11746264919638634,0.4,0.0,0.1297943711280823
1,138,INT15,3577,GTGGTGATGGTTTGTG-1,11480,1273,0.13373392969369888,0.025050023435755943,-0.1447417877614498,0.0,0.0,0.0
1,139,INT15,4191,TCGCCTCGACCTGTTG-1,2162,13826,0.13372911438345908,0.022754983225510835,-0.16983019411563874,0.4,0.0,0.12025145292282105
1,140,INT15,479,ACGCTTAGTGTCTCTC-1,1787,6181,0.1337272748351097,0.023824223181864647,-0.1711107537150383,0.0,0.0,0.0
1,141,INT15,996,ATATTATCCCGTATTT-1,2922,14918,0.1337014377117157,0.02464939535496088,-0.15010076556354762,0.4,0.0,0.1193881094455719
1,142,INT15,4172,TCGATAGGCTAGTCGC-1,2735,9786,0.13368176966905593,0.023903933105387416,-0.08000434450805187,0.5,0.0,0.16095481514930726
1,143,INT15,3914,TATACGCGTCATCACT-1,12617,7607,0.13368099927902222,0.021276763667099616,-0.17495493181049823,0.4,0.0,0.11038123369216919
1,144,INT15,1085,ATGATCGGGAATAGAC-1,4255,9131,0.13367360681295395,0.023662834519976667,-0.09622176941484213,0.4,0.0,0.1226967602968216
1,145,INT15,1298,CACACACGCTAACGAG-1,11669,3784,0.13363468125462533,0.02472806640351679,-0.2532066196203232,0.0,0.0,0.0
1,146,INT15,2054,CGGGTGTACCCATTTA-1,7297,5638,0.13362949416041375,0.021035702725198488,-0.21376527845859528,0.2,0.0,0.06486392021179199
1,147,INT15,35,AAAGACATGAAGTTTA-1,1217,4980,0.133629110455513,0.025173888318568486,-0.24054864943027496,0.0,0.0,0.0
1,148,INT15,4658,TTAAGCGCCTGACCCA-1,6915,10225,0.13360099568963052,0.02330252459591133,-0.15394020229578018,0.3,0.0,0.08946789503097534
1,149,INT15,3371,GTAAGTCCACACTCTA-1,9390,2036,0.133582903444767,0.02498827368224158,-0.1840156301856041,0.3,0.0,0.09127327501773834
1,150,INT15,1330,CACCCTTTCCTCGCTC-1,2734,10659,0.1335619270801544,0.02807808042822698,-0.18798855543136597,0.1,0.0,0.037574997544288634
1,151,INT15,3502,GTCTGTAGGTTGAACA-1,15085,10776,0.13353181630373,0.023305258680698982,-0.12906339298933744,0.1,0.0,0.034022045135498044
1,152,INT15,398,ACCCAACGCCCGTGGC-1,6917,5638,0.1335172563791275,0.023751374972223474,-0.20735858157277107,0.5,0.0,0.14745793342590333
1,153,INT15,2895,GCCTATTTGCTACACA-1,2735,9567,0.1335105739533901,0.022521299145391898,-0.1030024154111743,0.1,0.0,0.030721184611320496
1,154,INT15,463,ACGCATACGTTTACTA-1,11859,3894,0.13350746780633926,0.02423361275052022,-0.050785713270306586,0.1,0.0,0.03335702121257782
1,155,INT15,4781,TTCGCTAGGAAGTTGT-1,9010,2254,0.13343878611922264,0.025489344738489097,-0.07560555115342141,0.2,0.0,0.06281741857528686
1,156,INT15,257,AATCTATGCCGGAGCC-1,6159,3017,0.13338849321007729,0.02388500845410316,-0.16304125376045703,0.4,0.0,0.11497688293457031
1,157,INT15,4134,TCCGGCTGTCGGGTCG-1,12431,1164,0.13338030651211738,0.023691242055047874,-0.2746070921421051,0.0,0.0,0.0
1,158,INT15,1488,CATGAACCGACATTTG-1,3304,10332,0.1333497166633606,0.023193960106500055,-0.27323063760995864,0.2,0.0,0.07017740309238434
1,159,INT15,1328,CACCCTAACAAGATCT-1,11857,6296,0.1333463579416275,0.02473634007741887,-0.15626027956604957,0.4,0.0,0.12949852645397186
1,160,INT15,2329,CTGCAGGTGCTCGGCC-1,2352,14372,0.13332019597291947,0.02280614752902809,-0.18554772175848483,0.4,0.0,0.12058186531066895
1,161,INT15,459,ACGATGCATATGTTAT-1,8245,10335,0.13331793621182442,0.022019659943718184,-0.1665600821375847,0.0,0.0,0.0
1,162,INT15,2431,CTTGACCCGAAAGATA-1,2925,8803,0.13331752941012381,0.02225944121953275,-0.1943096861243248,0.0,0.0,0.0
1,163,INT15,3572,GTGGGCTTAGACACAC-1,6724,10771,0.1333154708147049,0.02313787774824508,-0.16249812357127666,0.2,0.0,0.06376532614231109
1,164,INT15,3445,GTCATGCACCTCCGTT-1,6726,8368,0.13327314034104348,0.02515199614604242,-0.2524254873394966,0.4,0.0,0.1190260112285614
1,165,INT15,2277,CTCGCCGAATGTAGGG-1,12617,8044,0.13326157480478287,0.025026122765477863,-0.1589153863489628,0.5,0.0,0.15426754653453828
1,166,INT15,2546,GACAACGCAGCTTACG-1,5015,9132,0.1332482784986496,0.02454171813395509,-0.26695244275033475,0.0,0.0,0.0
1,167,INT15,3486,GTCTAAGATGCCCAGC-1,1979,1486,0.1332356035709381,0.024658070522857786,-0.16477823667228222,0.0,0.0,0.0
1,168,INT15,2240,CTCACATTTACTAAAT-1,12997,7607,0.13323523625731468,0.026536822491536396,-0.13190314434468747,0.5,0.0,0.1370798334479332
1,169,INT15,1984,CGCGGTAAGTCTAGCT-1,6919,2144,0.133223357796669,0.023727409129677465,-0.18355395868420601,0.3,0.0,0.09140751957893371
1,170,INT15,2657,GAGGAGATCCTCATGC-1,3492,14154,0.13320575132966042,0.02520809480272502,-0.16672635711729528,0.2,0.0,0.06251522302627563
1,171,INT15,115,AACCTTTAAATACGGT-1,11477,7607,0.13319212198257446,0.02213436447552643,-0.1938739836215973,0.4,0.0,0.12712221443653107
1,172,INT15,4290,TCTGACTGTAATGGTT-1,2352,13498,0.13319107070565223,0.02432827027779293,-0.12615962140262127,0.6,0.0,0.15722320973873138
1,173,INT15,1078,ATGAAGTGGACCCAGC-1,6912,14593,0.13318452909588813,0.023305467816167106,-0.15125985033810138,0.2,0.0,0.05931628942489624
1,174,INT15,2835,GCATGCTAATAACGAT-1,13949,4659,0.13317890837788582,0.025689734770165732,-0.21156579069793224,0.2,0.0,0.0629478394985199
1,175,INT15,4278,TCTCGACGTATCGCCG-1,9769,2691,0.13312955051660538,0.02597206720254039,-0.13347097877413033,0.1,0.0,0.03096631169319153
1,176,INT15,3294,GGTATGAAAGAACTGA-1,7672,15030,0.13308070525527,0.02519591173552082,-0.2183031164109707,0.2,0.0,0.06314242482185364
1,177,INT15,3643,GTTGCGCTAACATTAC-1,9010,2036,0.13307367637753487,0.030448648729674697,-0.0954986721277237,0.5,0.0,0.14748351126909257
1,178,INT15,1757,CCGTAGGGTTGTTTAC-1,12619,3676,0.13307252675294876,0.024165666663543802,-0.17631091810762883,0.2,0.0,0.06755472719669342
1,179,INT15,4374,TGAGATTAGGCCCTAA-1,4258,4763,0.13305581584572793,0.02430720454716854,-0.22467871382832527,0.1,0.0,0.0332621693611145
1,180,INT15,1647,CCCGATAGCCTCGCCT-1,8250,1162,0.13303975239396096,0.0261468817558734,-0.10019913464784622,0.4,0.0,0.12287923395633697
1,181,INT15,19,AAACGACAGTCTTGCC-1,1599,2141,0.13303813636302947,0.02679182935080911,-0.13618119806051254,0.2,0.0,0.06231185495853424
1,182,INT15,3945,TATCTACAGAGGTAAT-1,6913,12409,0.13301766589283942,0.021474643378634077,-0.1133832935243845,0.5,0.0,0.14216118156909943
1,183,INT15,2381,CTGTAGCCATCTCACT-1,11855,10009,0.1329996667802334,0.024438445844594005,-0.04779798537492752,0.1,0.0,0.03268570601940155
1,184,INT15,444,ACCTTTCCTTTAGAAG-1,1216,7819,0.13299256935715675,0.026344727014176877,-0.17434176281094552,0.1,0.0,0.03631240725517273
1,185,INT15,2920,GCGAGTTCTGCAAAGA-1,7866,8150,0.13299014270305634,0.022627856212036987,-0.1262141229584813,0.3,0.0,0.08540257215499877
1,186,INT15,2759,GATTAACCGAAAGCCC-1,11668,4877,0.13298512026667594,0.024285153762102316,-0.09677790999412536,0.2,0.0,0.06445211470127106
1,187,INT15,2934,GCGCTATGCCGAGGCA-1,9385,9899,0.1329750455915928,0.02631164981812115,-0.016940885037183762,0.4,0.0,0.12061213552951813
1,188,INT15,1097,ATGCGACAGTCCCATT-1,7867,7277,0.13293136656284332,0.023656061595421198,-0.11429983023554087,0.1,0.0,0.02945154011249542
1,189,INT15,1915,CGAGTTTATCGGACTG-1,8248,4875,0.1329308941960335,0.02298320766026119,-0.1227688817307353,0.5,0.0,0.1449847400188446
1,190,INT15,4859,TTGCACGGAGCAGCAC-1,5206,8586,0.13292683362960817,0.02832290067827245,-0.24784163013100624,0.5,0.0,0.13962675780057907
1,191,INT15,4000,TCAACGAGGAGACAAA-1,9196,8916,0.13292184025049208,0.02291257099282988,-0.14813567586243154,0.0,0.0,0.0
1,192,INT15,4350,TGAATGTCAGCCGGCC-1,10149,3128,0.1329132154583931,0.026375733644095307,-0.06474164668470621,0.0,0.0,0.0
1,193,INT15,4574,TGTAATGCCTTCGGAC-1,1788,3342,0.13290242999792098,0.023381298141784093,-0.2130561426281929,0.1,0.0,0.0328199565410614
1,194,INT15,2903,GCCTTGTATATGCAGT-1,4443,13390,0.1328935705125332,0.02429224799524117,-0.17547873966395855,0.5,0.0,0.14693771600723265
1,195,INT15,2665,GAGGGCATCGCGTATC-1,3304,11424,0.13288244605064392,0.024580438534680935,-0.18398305848240853,0.3,0.0,0.09334855079650879
1,196,INT15,1639,CCCAGGTCTGAAGGCT-1,11289,2911,0.13287209644913672,0.02368600297768324,-0.19719742685556413,0.0,0.0,0.0
1,197,INT15,4466,TGCGCGATTAACGGAG-1,6344,10552,0.13285679668188094,0.022953922778750368,-0.1806053090840578,0.4,0.0,0.11936577260494233
1,198,INT15,1217,ATTTGCCTAGTTACGA-1,1405,8365,0.13285156860947608,0.025809681893549447,-0.07365706451237201,0.1,0.0,0.03444949984550476
1,199,INT15,2321,CTGCAAATGGGCTCCA-1,1215,8037,0.13281742855906487,0.026005502438053562,-0.1757261525839567,0.0,0.0,0.0
1,200,INT15,3109,GGATACTCATGAATTG-1,2924,10113,0.1328067049384117,0.02529097735171931,-0.1253151960670948,0.4,0.0,0.1291102260351181
1,201,INT15,1322,CACCATGATCGCAAAG-1,3499,2578,0.132794988155365,0.024845818465184116,-0.22571053057909013,0.2,0.0,0.06754022538661957
1,202,INT15,1110,ATGGCAGCCGAGAAAC-1,7483,14047,0.13277790769934655,0.023544541187244264,-0.2074341967701912,0.1,0.0,0.030976372957229614
1,203,INT15,2992,GCTAGTTTCATTGAGG-1,4444,10988,0.13277064710855485,0.02523044465694388,-0.1343623260036111,0.2,0.0,0.060749420523643495
1,204,INT15,3232,GGGCCCGTCTTAAACA-1,9195,9353,0.13275225833058357,0.02197855924723469,-0.1549761813133955,0.4,0.0,0.1183877319097519
1,205,INT15,4890,TTGGAGTCTCCCTTCT-1,2734,10222,0.13275053426623346,0.026190696446671134,-0.15812844410538673,0.4,0.0,0.13360464572906494
1,206,INT15,4212,TCGGCGAACCCAAACC-1,10529,3565,0.13274276331067086,0.025605805361001606,-0.12729017045348884,0.4,0.0,0.12150426805019379
1,207,INT15,3040,GCTTACGTAGTTAGTA-1,8059,2800,0.1327265813946724,0.02408137605641822,-0.22603761330246924,0.3,0.0,0.09012340605258942
1,208,INT15,786,AGGGACAGCACGGCGG-1,1974,10004,0.13270939961075784,0.02582710293696931,-0.099432491697371,0.1,0.0,0.035602569580078125
1,209,INT15,4067,TCATTCGTATAATTTG-1,2359,3015,0.13267502635717393,0.023032176031680115,-0.06908557191491127,0.4,0.0,0.1155118316411972
1,210,INT15,697,AGCCCTTGGACATCCC-1,12050,2256,0.132674203813076,0.02761297125011653,-0.10643977764993906,0.1,0.0,0.03507309854030609
1,211,INT15,870,AGTGAACAAACTTCTC-1,9579,3892,0.13265773504972458,0.024631375579143543,-0.1379835084080696,0.0,0.0,0.0
1,212,INT15,1101,ATGCTTAGGAGTTGAT-1,11860,2802,0.1326515108346939,0.025375758853621103,-0.13541952278465033,0.1,0.0,0.03320787250995636
1,213,INT15,920,ATAAAGGTCAAGTACG-1,2167,5745,0.1326465643942356,0.025389755539976102,-0.11564031727612019,0.1,0.0,0.035106807947158813
1,214,INT15,4516,TGGCACGAGCTCGAGT-1,2168,4216,0.1326426938176155,0.023245400908183358,-0.13051319792866706,0.3,0.0,0.09495114088058472
1,215,INT15,4246,TCGTTGGCTCGTCAAT-1,2924,11642,0.132610522210598,0.022325081349393018,-0.2351204350590706,0.2,0.0,0.05880395472049713
1,216,INT15,1055,ATCGTTCACTTTCGCC-1,3118,4762,0.1326054610311985,0.024075955070581353,-0.1859974877908826,0.0,0.0,0.0
1,217,INT15,12,AAACCGGAAATGTTAA-1,11480,1491,0.13256730139255524,0.027455277653493065,-0.13842019028961658,0.1,0.0,0.03426224291324616
1,218,INT15,767,AGGCACGTGACTGTCC-1,12050,2474,0.13253638222813607,0.02600588847194699,-0.12370180636644364,0.1,0.0,0.03421201705932617
1,219,INT15,4726,TTATGCGTCCCGGTCC-1,2544,10113,0.13253545090556146,0.02237389333294884,-0.21074791327118875,0.0,0.0,0.0
1,220,INT15,4917,TTGTCTCGGCAAGATG-1,15465,10557,0.13253246545791625,0.02255736542544425,-0.16540235094726086,0.5,0.0,0.1382929801940918
1,221,INT15,2571,GACCGACCGCTAATAT-1,1592,13935,0.1325090892612934,0.024322320034764255,-0.13261115718632938,0.1,0.0,0.033524176478385924
1,222,INT15,2779,GCAAATATTACGCTTT-1,7865,10553,0.13249243721365928,0.024191708335767875,-0.16904850527644158,0.4,0.0,0.11904988288879395
1,223,INT15,4100,TCCCGCCTATGTGCGT-1,7300,1707,0.13248848393559456,0.023846283367973026,-0.036305226385593414,0.3,0.0,0.0863061636686325
1,224,INT15,2444,CTTGTGCTCACCGATT-1,5398,4764,0.13247323259711266,0.02337336801622533,-0.21968490220606327,0.5,0.0,0.14641031324863435
1,225,INT15,4165,TCGACAACTGAACCCG-1,12043,13395,0.13246404975652695,0.02209652125404822,-0.05114331766963005,0.5,0.0,0.13772281408309936
1,226,INT15,2921,GCGATGTCTGTGCTTG-1,4632,15029,0.13245375752449035,0.021581827575644006,-0.0929645411670208,0.5,0.0,0.14789815843105317
1,227,INT15,2297,CTCTCGATGTGCGCCT-1,1975,8256,0.13243982717394828,0.023849377851235865,-0.23054355271160604,0.1,0.0,0.03453511595726013
1,228,INT15,3735,TAATTAGATGGATATG-1,3114,11533,0.13243485167622565,0.02282070220654176,-0.12338916081935167,0.4,0.0,0.11905299425125122
1,229,INT15,3877,TAGGGTGTTTCAAGAG-1,5395,9132,0.13243052884936332,0.02589395849123674,-0.1535316552966833,0.4,0.0,0.11597464680671692
1,230,INT15,4556,TGGTCGATATACCTCT-1,15085,10994,0.13238608613610267,0.02445112701354957,-0.18041824400424958,0.4,0.0,0.1196617066860199
1,231,INT15,834,AGTACGGGCACCTGGC-1,5967,6402,0.13236567601561547,0.023835461523779664,-0.08521980941295623,0.6,0.0,0.16132232993841172
1,232,INT15,3377,GTACGAGATTGCGACA-1,5205,8804,0.1323616996407509,0.021245412703693053,-0.22188376747071742,0.0,0.0,0.0
1,233,INT15,918,ATAAACGTTGCACCAC-1,12049,3348,0.1323366492986679,0.026760846409045875,-0.23693177103996277,0.1,0.0,0.03463967144489288
1,234,INT15,2194,CTAGACATATATGTAG-1,2738,3233,0.13232537358999252,0.023305426384333923,-0.2660355638712645,0.3,0.0,0.09230787456035613
1,235,INT15,4006,TCAAGCGCGGACGGTA-1,12240,2584,0.1323120303452015,0.023409282382445797,-0.21445470452308654,0.3,0.0,0.10005196630954742
1,236,INT15,1141,ATTAAACATGCGGACC-1,9386,8588,0.1323045626282692,0.026422062677053538,-0.07628345265984535,0.2,0.0,0.06378390192985535
1,237,INT15,2029,CGGCAATAAGATCGCC-1,11479,3238,0.13224368616938592,0.02810958460868958,-0.11701793577522039,0.0,0.0,0.0
1,238,INT15,2916,GCGAGAGTTGCGTCCA-1,7489,3345,0.13223041445016862,0.021109709503888408,-0.2621351569890976,0.1,0.0,0.032455313205719
1,239,INT15,966,ATAGATTTGCAGTCGG-1,1406,7710,0.13221403136849402,0.026739052519758524,-0.28073167204856875,0.2,0.0,0.06805695593357086
1,240,INT15,3394,GTAGCCAAACATGGGA-1,10717,7388,0.13221326172351838,0.026396826075282896,-0.18148917593061925,0.3,0.0,0.09413560032844544
1,241,INT15,4401,TGATGTCAATTAAGTG-1,12429,3785,0.1321905732154846,0.02371417331974253,-0.17048788107931614,0.0,0.0,0.0
1,242,INT15,4193,TCGCGTAGCAGTGTCC-1,12049,4222,0.13218932449817658,0.02704338002383815,-0.09567717202007771,0.3,0.0,0.10015603601932525
1,243,INT15,536,ACTCAGACCTGCTTCT-1,2924,10332,0.13218879625201224,0.022748120666700795,-0.11438154764473438,0.1,0.0,0.03270260691642761
1,244,INT15,3754,TACATCTTGTTTCTTG-1,4442,14701,0.13218710497021674,0.02390417293879699,-0.09251930937170982,0.5,0.0,0.14923169314861298
1,245,INT15,4253,TCTACCCAATAGAGAG-1,11859,3457,0.13215995207428932,0.023557646805911762,-0.10051106922328472,0.0,0.0,0.0
1,246,INT15,3137,GGCACTCAGCCGACCC-1,11670,1600,0.1321564145386219,0.024428782549863977,-0.19570185244083405,0.1,0.0,0.03548252880573273
1,247,INT15,1861,CGAACATAGTCAGAAA-1,2929,2469,0.13215054124593734,0.026296210678595486,-0.039716169051826,0.3,0.0,0.09971146881580353
1,248,INT15,1992,CGCTACCGCCCTATGA-1,1594,10440,0.13214781805872916,0.023741243972833025,-0.047077998891472815,0.1,0.0,0.03095161318778992
1,249,INT15,1338,CACCGTATCCCATCCG-1,11099,3675,0.13213417828083038,0.024585263792199913,-0.17262969799339772,0.0,0.0,0.0
1,250,INT15,2864,GCCCGACTTCTTCCCG-1,10524,12302,0.13212275877594948,0.022463503889305413,-0.12330026514828205,0.4,0.0,0.11517430245876312
1,251,INT15,2200,CTAGCATAGTATAATG-1,7676,7823,0.13210514336824417,0.025057472876919052,-0.14907227009534835,0.2,0.0,0.06163677871227265
1,252,INT15,4844,TTGAGAAGTTTAGCAT-1,11668,5532,0.1321037970483303,0.025403584999510932,-0.2385023942217231,0.0,0.0,0.0
1,253,INT15,2398,CTTAATCGACTTAGTA-1,15657,8046,0.13209619000554085,0.025124671210863068,-0.21520448587834834,0.4,0.0,0.11908966898918152
1,254,INT15,3097,GGAGCAACATTTCAAG-1,12049,3785,0.13209382742643355,0.025743901612195124,-0.19533265046775342,0.0,0.0,0.0
1,255,INT15,2468,GAAACTCGTGCGATGC-1,6533,12409,0.1320829138159752,0.02525935346255584,-0.10564871095120906,0.4,0.0,0.1220165729522705
1,256,INT15,1937,CGCAATTCTACAATAA-1,6154,11972,0.13208041340112686,0.024567049761945875,-0.20815206207334996,0.1,0.0,0.0313358724117279
2,1,INT15,616,AGACATAGATCCTTCC-1,2545,9895,0.13944899886846543,0.01347027470793928,-0.15400479063391687,0.0,0.0,0.0
2,2,INT15,1488,CATGAACCGACATTTG-1,3304,10332,0.13911062330007554,0.017888063383408474,-0.22390419896692038,0.0,0.0,0.0
2,3,INT15,1352,CACGATTGGTCGTTAA-1,1215,9566,0.1385059952735901,0.016364187346009723,-0.16571356393396855,0.0,0.0,0.0
2,4,INT15,4659,TTAAGGATACGGAGGT-1,2544,10768,0.13711650297045708,0.015652570728582973,-0.2069179467856884,0.0,0.0,0.0
2,5,INT15,153,AACTGGTGTGGGCCTT-1,2545,9676,0.1365918718278408,0.01698256748702664,-0.19850216954946517,0.0,0.0,0.0
2,6,INT15,4182,TCGCCCAACTGACTCC-1,2928,3124,0.13635758087038993,0.01854934690434289,-0.005792023986577988,0.1,0.0,0.03406940996646881
2,7,INT15,4156,TCCTTCAATCCCTACG-1,9002,14922,0.13613136038184165,0.013677002665638852,-0.18553480673581363,0.0,0.0,0.0
2,8,INT15,2658,GAGGAGTAATTCCTAC-1,1595,9567,0.13611524552106857,0.017444813660365273,-0.01603327915072441,0.0,0.0,0.0
2,9,INT15,4142,TCCTAAATTGGGAAGC-1,11857,7388,0.13611030876636504,0.01567374941116166,-0.13093735799193382,0.0,0.0,0.0
2,10,INT15,1448,CATAATGAGCGGGCGA-1,2354,10004,0.13609864115715026,0.016830906629349825,-0.0875350059941411,0.0,0.0,0.0
2,11,INT15,1298,CACACACGCTAACGAG-1,11669,3784,0.13593020662665367,0.016572239954169406,-0.22605565190315247,0.0,0.0,0.0
2,12,INT15,2928,GCGCGATGGGTCAAGT-1,1594,10222,0.13525162413716316,0.015179021026027882,-0.11183410985395312,0.2,0.0,0.05989631116390228
2,13,INT15,1028,ATCCACGCTAAATGTT-1,2167,5963,0.13504598662257195,0.02114748238181777,-0.15244396589696407,0.0,0.0,0.0
2,14,INT15,4032,TCACTCAGCGCATTAG-1,1214,10222,0.13490444645285607,0.016448443450430804,-0.09433571677654981,0.1,0.0,0.032853242754936215
2,15,INT15,1992,CGCTACCGCCCTATGA-1,1594,10440,0.1347565621137619,0.017560880213465177,-0.019650647044181825,0.0,0.0,0.0
2,16,INT15,173,AAGAGGCCCTTTGGAA-1,12429,3130,0.13469358831644057,0.0165311074790929,-0.14357275441288947,0.0,0.0,0.0
2,17,INT15,4890,TTGGAGTCTCCCTTCT-1,2734,10222,0.13460896760225297,0.01775490914573637,-0.13271912112832068,0.0,0.0,0.0
2,18,INT15,3978,TATTCCGGCAGTCCTA-1,2165,8802,0.13458674028515816,0.016017657138868123,-0.10187961291521788,0.0,0.0,0.0
2,19,INT15,2642,GAGCCACGGTAGTAGG-1,2925,9895,0.13446664363145827,0.01666612140452857,-0.026684301532804967,0.2,0.0,0.06360520422458649
2,20,INT15,2,AAACAATCTACTAGCA-1,1784,10331,0.13440525010228158,0.017032803502291947,-0.13829134982079266,0.1,0.0,0.03220901191234589
2,21,INT15,1716,CCGCATGTGGTACGAT-1,11857,7825,0.1342977076768875,0.01854370019652169,-0.22608903273940087,0.0,0.0,0.0
2,22,INT15,3149,GGCCACAAGCGATGGC-1,1974,10222,0.13415418863296508,0.01881610253011072,-0.07265040054917335,0.1,0.0,0.03202788531780243
2,23,INT15,4576,TGTACCTACACGAGGG-1,12428,5095,0.13399229422211648,0.015365267733839226,-0.22847305610775948,0.0,0.0,0.0
2,24,INT15,279,AATTAACGGATTTCCA-1,12237,7825,0.13397910743951796,0.015594461774862237,-0.09401280656456948,0.1,0.0,0.032602182030677794
2,25,INT15,4939,TTGTTTGTGTAAATTC-1,2545,9458,0.13396710827946662,0.01967284358118031,-0.12890884652733803,0.1,0.0,0.03298570513725281
2,26,INT15,2755,GATGTCGGTCAACTGC-1,2926,7056,0.13380242213606836,0.01562956810139816,-0.12533209845423698,0.0,0.0,0.0
2,27,INT15,4049,TCAGGGTGCACGAAAC-1,2547,5308,0.1337989717721939,0.015034845263328859,-0.13820619210600854,0.0,0.0,0.0
2,28,INT15,1272,CAAGTGAACTTTGGTT-1,2355,9130,0.13370972424745559,0.02062567562610864,-0.18241899758577346,0.2,0.0,0.059576258063316345
2,29,INT15,2354,CTGGCGCACAGGTCTG-1,8248,5311,0.1336733840405941,0.01934416697436003,-0.08066443167626858,0.0,0.0,0.0
2,30,INT15,3395,GTAGCGCTGTTGTAGT-1,2355,9567,0.13362696021795273,0.01635782877630987,-0.13190311193466187,0.0,0.0,0.0
2,31,INT15,4757,TTCCATCATGCGGTGA-1,3688,4217,0.13341471701860427,0.012640756877298738,-0.0645995388738811,0.0,0.0,0.0
2,32,INT15,2548,GACAAGAGATGAGATT-1,11860,2365,0.13341024592518808,0.01821107921080494,-0.08272708021104336,0.1,0.0,0.031189551949501036
2,33,INT15,2643,GAGCCAGCTACCTGTG-1,11288,5313,0.1333688072860241,0.01497240984753304,-0.2379612922668457,0.0,0.0,0.0
2,34,INT15,786,AGGGACAGCACGGCGG-1,1974,10004,0.13333185985684395,0.01752183932768732,-0.08418648205697536,0.0,0.0,0.0
2,35,INT15,1258,CAACTTGTAGTGGGCA-1,2924,10550,0.13320639505982398,0.016833658706275022,-0.163698985055089,0.0,0.0,0.0
2,36,INT15,1113,ATGGCTGGAAATGGCC-1,2927,4871,0.13313594236969947,0.01531748197460441,-0.19830644298344852,0.0,0.0,0.0
2,37,INT15,980,ATATAAATGTAGCTGC-1,11477,6951,0.13306061998009683,0.015336827695909624,-0.10733438916504383,0.0,0.0,0.0
2,38,INT15,2972,GCTAACTGAAGTCTGA-1,12238,5423,0.13301356881856918,0.015382859839179693,-0.1284248039126396,0.0,0.0,0.0
2,39,INT15,705,AGCGACATCCCATTCA-1,4445,8585,0.13291646912693977,0.0204991264557647,-0.11086844727396965,0.2,0.0,0.059910765290260314
2,40,INT15,1350,CACGACTAAAGTTCTG-1,1785,9676,0.13278026655316352,0.020619190664794458,-0.2543640322983265,0.0,0.0,0.0
2,41,INT15,1096,ATGCGACAATTGGTCC-1,3689,3125,0.13275165483355522,0.018048767993460692,-0.11567330807447433,0.0,0.0,0.0
2,42,INT15,2899,GCCTCTATACATAGCA-1,11667,6842,0.13261338993906974,0.018434535474882913,-0.08327359855175018,0.3,0.0,0.09090829193592072
2,43,INT15,4377,TGAGCGGAAAGTGTTC-1,11666,7934,0.1326104924082756,0.018202907339070536,-0.29176874086260796,0.0,0.0,0.0
2,44,INT15,3349,GGTTGTATCGTGAAAT-1,1405,9457,0.13247538730502129,0.01710115359088257,-0.0879888340830803,0.0,0.0,0.0
2,45,INT15,3385,GTACTGAGGTCGTAAC-1,3305,9895,0.13238066509366037,0.02150647767621586,-0.1108755998313427,0.0,0.0,0.0
2,46,INT15,2506,GAAGCAAGGCAATGTT-1,1404,10331,0.13234661221504213,0.016166536130871198,-0.1855604737997055,0.0,0.0,0.0
2,47,INT15,3932,TATCACCATGTAAAGT-1,2928,4653,0.132320586591959,0.01428420232519524,-0.10237451437860727,0.0,0.0,0.0
2,48,INT15,3272,GGGTGGTCCAGCCTGT-1,2546,7492,0.13230689465999604,0.014543413699774226,-0.08474440779536963,0.0,0.0,0.0
2,49,INT15,1265,CAAGCGGCACATAATT-1,11477,7170,0.13229093179106713,0.016950089338011485,-0.16105257123708724,0.0,0.0,0.0
2,50,INT15,731,AGCTCCATATATGTTC-1,12049,3129,0.13229041844606398,0.014410457101717025,-0.15555859841406344,0.0,0.0,0.0
2,51,INT15,937,ATACAGGCCCTCCAAT-1,11857,7170,0.13227116465568542,0.014976446487403943,-0.10598026737570762,0.0,0.0,0.0
2,52,INT15,253,AATCGGGACACTACGA-1,2735,8475,0.13225682601332664,0.016689659080872343,-0.2272943489253521,0.1,0.0,0.031488087773323056
2,53,INT15,346,ACAGCATAGAGCCAGT-1,3115,8694,0.13201366737484932,0.013473812327872552,-0.22639907896518707,0.0,0.0,0.0
2,54,INT15,2105,CGTCAGTTTATCGTCT-1,1595,8474,0.13197996243834495,0.013364970235571611,-0.060589097999036313,0.0,0.0,0.0
2,55,INT15,2040,CGGCTGCAAGATTAAG-1,1976,7601,0.13191657438874244,0.014035646148121812,-0.2831960506737232,0.0,0.0,0.0
2,56,INT15,2391,CTGTTCACTGCCTGTG-1,5395,8913,0.13190048336982726,0.016801932938200943,-0.23596218638122082,0.0,0.0,0.0
2,57,INT15,1039,ATCCTTCTGAAAGAAC-1,10340,1272,0.13187724128365516,0.013432084861930363,-0.10102986488491297,0.0,0.0,0.0
2,58,INT15,4416,TGCAATTTGGGCACGG-1,3878,3671,0.13187708482146263,0.015742537189317313,-0.2686561785638332,0.0,0.0,0.0
2,59,INT15,4125,TCCGCCTGTCTACAAG-1,11857,6952,0.13174477070569993,0.0184381070479359,-0.12354987636208534,0.0,0.0,0.0
2,60,INT15,2362,CTGGGATCGCCCAGAT-1,1405,8147,0.13171182349324226,0.01767716610244735,-0.20208813920617102,0.0,0.0,0.0
2,61,INT15,3688,TAACAATATTTGTTGC-1,6533,13282,0.1316893480718136,0.017080246031810388,-0.15417181719094514,0.1,0.0,0.03082597255706787
2,62,INT15,2769,GATTGACACTCTGCTC-1,2165,8147,0.13167814761400223,0.014822577203537052,-0.16497644353657961,0.0,0.0,0.0
2,63,INT15,3296,GGTCAAGACTACTTCG-1,11289,3566,0.13161393031477928,0.015760537783892373,-0.1242045434191823,0.0,0.0,0.0
2,64,INT15,1653,CCCGCTTGCCCTCGTC-1,1594,10659,0.1315409503877163,0.018343300811606126,-0.08986361008137464,0.0,0.0,0.0
2,65,INT15,4799,TTCTACCTTTATGTTG-1,2357,5854,0.13152549043297768,0.015633141972477317,0.0631928913295269,0.0,0.0,0.0
2,66,INT15,2212,CTAGTATTCGGAATTA-1,3877,6292,0.13144207373261452,0.017890738433784765,-0.2053438328206539,0.1,0.0,0.032289087772369385
2,67,INT15,2238,CTCAAGACATTAGCGC-1,3878,3889,0.13141975179314613,0.015783016368416072,-0.2190051183104515,0.0,0.0,0.0
2,68,INT15,1362,CACGTCTATGATGTGG-1,2548,4653,0.13141693472862243,0.018091236073717862,-0.11047553196549416,0.0,0.0,0.0
2,69,INT15,1215,ATTTCATTATTTCGCG-1,3877,6510,0.13132942765951156,0.018743153853936333,-0.09637511000037194,0.1,0.0,0.030365601181983948
2,70,INT15,4730,TTATTATCTGGAAGGC-1,11670,1819,0.1313171647489071,0.016000379436261026,-0.2322191245853901,0.0,0.0,0.0
2,71,INT15,3456,GTCCCGCGACGTTATG-1,12238,6078,0.13130003437399865,0.01780129795106755,-0.09420605152845382,0.1,0.0,0.030466869473457336
2,72,INT15,315,ACAATCGATCTTTATA-1,1595,8256,0.13126569986343384,0.019343798633415427,-0.10932868868112564,0.0,0.0,0.0
2,73,INT15,2584,GACGAGGCTAATAAAC-1,11859,4112,0.13122961819171905,0.016161256333022306,-0.1887952160090208,0.2,0.0,0.059239068627357484
2,74,INT15,3548,GTGCGGGACCATCGGC-1,2354,10659,0.1312214642763138,0.015725146308798458,-0.16966176331043242,0.0,0.0,0.0
2,75,INT15,158,AACTTTAGCTGCTGAG-1,2165,9676,0.13119219169020652,0.020303847563612122,-0.026474452763795852,0.1,0.0,0.03210065960884094
2,76,INT15,2094,CGTAGCGCCGACGTTG-1,2545,9239,0.1311913900077343,0.016674523703146253,-0.05783441141247749,0.0,0.0,0.0
2,77,INT15,4726,TTATGCGTCCCGGTCC-1,2544,10113,0.13118199035525321,0.01565039196550431,-0.21372034549713134,0.0,0.0,0.0
2,78,INT15,2455,CTTTGACGTCGCTTCT-1,9572,15031,0.1311563730239868,0.017395373083820824,-0.14373587686568498,0.0,0.0,0.0
2,79,INT15,70,AAATGTGGGTGCTCCT-1,1595,9130,0.13115279152989387,0.017233255450730667,-0.1668179951608181,0.0,0.0,0.0
2,80,INT15,1330,CACCCTTTCCTCGCTC-1,2734,10659,0.13113989382982255,0.019216429750708523,-0.19391134921461345,0.0,0.0,0.0
2,81,INT15,536,ACTCAGACCTGCTTCT-1,2924,10332,0.13110166937112808,0.014535313585887132,-0.1136216240003705,0.0,0.0,0.0
2,82,INT15,1471,CATATTATTTGCCCTA-1,2927,6400,0.13102984577417373,0.022252510710016726,-0.25651379153132436,0.0,0.0,0.0
2,83,INT15,4617,TGTGTAGTAGCACGTG-1,12240,2365,0.13100450113415718,0.01694259076440334,-0.268832609988749,0.0,0.0,0.0
2,84,INT15,4605,TGTGAGACTAGCCCAA-1,12426,8153,0.13095205277204514,0.018777014511460882,-0.10418510437011719,0.1,0.0,0.0317430704832077
2,85,INT15,3390,GTAGACAACCGATGAA-1,2545,9021,0.13094648197293282,0.01702795663876357,-0.21051142197102307,0.0,0.0,0.0
2,86,INT15,2568,GACCAGGTCATTCATA-1,1786,7492,0.1309142827987671,0.016721606967862564,-0.11621474772691727,0.0,0.0,0.0
2,87,INT15,3072,GGAATAACCTCAAGAA-1,2355,8475,0.13089853674173355,0.01713681538502649,-0.09136849790811538,0.0,0.0,0.0
2,88,INT15,2201,CTAGCCACAGGCGAGC-1,12430,2256,0.1308884799480438,0.016638878414541137,-0.22594034299254417,0.0,0.0,0.0
2,89,INT15,1616,CCATCTTGTTCACAAT-1,2544,10550,0.13084749057888984,0.01611284937510552,-0.1585779583081603,0.0,0.0,0.0
2,90,INT15,4816,TTCTTCCCTTTGATAT-1,1596,7382,0.13083568438887597,0.016907898484596316,-0.2630318008363247,0.0,0.0,0.0
2,91,INT15,916,ATAAACCATTGGACGG-1,1784,10113,0.13075531795620918,0.014259796214768658,-0.23828682620078326,0.0,0.0,0.0
2,92,INT15,3504,GTCTTAGTACAGCCGG-1,3497,6510,0.13065620735287667,0.012884620944058098,-0.13439896497875453,0.0,0.0,0.0
2,93,INT15,585,ACTTGCCATATTGTAC-1,1975,8911,0.1306169532239437,0.015989184068554273,-0.0675532765686512,0.0,0.0,0.0
2,94,INT15,2490,GAACCCTCTGTGTTCT-1,12427,7716,0.13059961274266244,0.0166358974930491,-0.22214001305401326,0.0,0.0,0.0
2,95,INT15,4737,TTCAATTAGCCATAAT-1,2546,6619,0.1305535316467285,0.013288516430517957,-0.11785751394927502,0.0,0.0,0.0
2,96,INT15,3815,TACTCTTACTTTACTG-1,12429,2911,0.130510675907135,0.017728363397775275,-0.13961753621697426,0.0,0.0,0.0
2,97,INT15,2215,CTAGTTACAACCCGGT-1,11287,7716,0.13050769418478012,0.015407407122232259,-0.20662069246172904,0.0,0.0,0.0
2,98,INT15,3675,TAAAGAGCCCGAAACC-1,3114,10004,0.13049572184681893,0.015184247288792738,-0.20256508737802506,0.0,0.0,0.0
2,99,INT15,3618,GTTCAATCTATGTCAA-1,1977,5854,0.1304717093706131,0.01758471829017036,-0.08509332835674285,0.0,0.0,0.0
2,100,INT15,660,AGATGACTCGCCCACG-1,5205,9023,0.13046390786767006,0.01656591934326729,-0.22684166729450225,0.0,0.0,0.0
2,101,INT15,1967,CGCCGTTCAGCATAGT-1,12239,3676,0.13045407682657242,0.018326241193291556,-0.053486799262464045,0.0,0.0,0.0
2,102,INT15,4654,TTAAGACGAACGAACC-1,2358,4543,0.13042135462164878,0.016749333761014097,-0.21866898685693742,0.1,0.0,0.03240480124950409
2,103,INT15,4663,TTAATGCGAGGTAACT-1,1976,7383,0.1303970120847225,0.016668426382160793,-0.21137653477489948,0.0,0.0,0.0
2,104,INT15,2056,CGGGTTGTAGCTTTGG-1,1783,12734,0.13037662357091903,0.017263495983947486,-0.2856400988996029,0.0,0.0,0.0
2,105,INT15,742,AGCTTATAGAGACCTG-1,2164,9894,0.13033274933695793,0.014908236597049386,-0.1757216565310955,0.2,0.0,0.05996955633163452
2,106,INT15,4172,TCGATAGGCTAGTCGC-1,2735,9786,0.13031438142061233,0.018131377637938106,-0.09875873737037182,0.0,0.0,0.0
2,107,INT15,391,ACCAGGAGTGTGATCT-1,1785,9021,0.13031433150172234,0.015009235270340733,-0.0013853246346116066,0.1,0.0,0.029908502101898195
2,108,INT15,3502,GTCTGTAGGTTGAACA-1,15085,10776,0.1303131803870201,0.014905250482083467,-0.14447061270475386,0.0,0.0,0.0
2,109,INT15,4610,TGTGGACTATCTACGT-1,11100,1272,0.13030165135860444,0.020120115057615594,-0.0497459402307868,0.0,0.0,0.0
2,110,INT15,2826,GCAGTTCGATCCGAGC-1,11860,2147,0.1302826762199402,0.017655942633026774,-0.24701269324868919,0.0,0.0,0.0
2,111,INT15,485,ACGGATGGTGCGGATA-1,12047,6406,0.1302645556628704,0.018317998787092882,-0.24190038526430727,0.0,0.0,0.0
2,112,INT15,611,AGAATGCGGGTTCGGA-1,3498,3234,0.1301460936665535,0.014075412127288882,-0.12831423580646514,0.0,0.0,0.0
2,113,INT15,4033,TCACTCGTGCAACGGC-1,4068,4872,0.13010769784450532,0.014371541572303453,-0.2620363228023052,0.0,0.0,0.0
2,114,INT15,505,ACGTGCGCCTCGTGCA-1,4446,8148,0.13010330870747566,0.01660143952329991,-0.15372892953455447,0.0,0.0,0.0
2,115,INT15,3744,TACAAGCTGTTCACTG-1,1405,9239,0.1300799049437046,0.017032923276099506,-0.156434391066432,0.0,0.0,0.0
2,116,INT15,1314,CACATCTCACCGACGA-1,12047,6842,0.13005285933613778,0.018704730300017965,-0.09622178338468075,0.0,0.0,0.0
2,117,INT15,1785,CCTATAATGAGTGCCC-1,11668,6187,0.1300377979874611,0.01747478494687298,-0.09810806754976512,0.0,0.0,0.0
2,118,INT15,1235,CAAATGCGGAGTGTTC-1,1215,8693,0.12996015921235085,0.018400401614863563,-0.11412631450220942,0.3,0.0,0.08215715885162353
2,119,INT15,1310,CACAGTTCGCTTCCCA-1,11480,2583,0.12993248626589776,0.017599372813402046,-0.23941564112901687,0.0,0.0,0.0
2,120,INT15,1217,ATTTGCCTAGTTACGA-1,1405,8365,0.12992654070258142,0.015368241505316689,-0.08304906822741032,0.0,0.0,0.0
2,121,INT15,3110,GGATCAAAGGACGAGG-1,2355,9349,0.12991888970136642,0.019115803811421427,-0.10113724768161773,0.1,0.0,0.032335984706878665
2,122,INT15,367,ACATCTCAACGCGTAA-1,1976,6946,0.12991746813058852,0.016040405332194686,-0.1941389337182045,0.0,0.0,0.0
2,123,INT15,2028,CGGCAAACATCGTGCG-1,11097,7825,0.12985683232545853,0.016731740790673615,-0.2283845916390419,0.0,0.0,0.0
2,124,INT15,2114,CGTCGTCCTTCGCGAA-1,11857,6733,0.12967391163110734,0.014791311431467636,-0.1188871031627059,0.0,0.0,0.0
2,125,INT15,621,AGACCGCTCCGCGGTT-1,10909,2910,0.1296645775437355,0.017533836368349813,-0.20317511782050132,0.0,0.0,0.0
2,126,INT15,3985,TATTTGATTTGCACAG-1,11480,2146,0.1296609327197075,0.01602074677572467,-0.14409646708518267,0.0,0.0,0.0
2,127,INT15,2881,GCCGCTAGATACGCAG-1,1598,4543,0.1296570636332035,0.019421825058666953,-0.14615468587726355,0.1,0.0,0.03142939507961273
2,128,INT15,4311,TCTGTGGCTACATTTC-1,1784,9894,0.1296307273209095,0.017256569545776156,-0.16684490535408258,0.0,0.0,0.0
2,129,INT15,185,AAGCGGCGTCATGGGT-1,2928,4435,0.12954434305429458,0.01761631861897136,-0.14914007894694806,0.2,0.0,0.05546796917915344
2,130,INT15,425,ACCGATGGTAGCATCG-1,8058,4984,0.12954005897045134,0.01434857036939854,-0.3215773532167077,0.0,0.0,0.0
2,131,INT15,3614,GTTATCACCTTCTGAA-1,2355,8693,0.1295323483645916,0.017884245239804614,-0.12576894387602805,0.0,0.0,0.0
2,132,INT15,2939,GCGCTTAAATAATTGG-1,12048,5314,0.12949757128953934,0.02094106418871323,-0.017908813059329988,0.0,0.0,0.0
2,133,INT15,3931,TATCACAGCACGGGCA-1,1976,8038,0.1294461593031883,0.014331540898404672,-0.15056440569460391,0.0,0.0,0.0
2,134,INT15,2930,GCGCGTCATTGGTACA-1,12048,5969,0.12940842881798745,0.016866883860508247,-0.16800224743783473,0.0,0.0,0.0
2,135,INT15,2116,CGTCTGGAAGGGCCCG-1,4256,8258,0.12939968928694726,0.012477310708465765,-0.34383454769849775,0.0,0.0,0.0
2,136,INT15,4151,TCCTGCAGCCGCCAAT-1,15848,6626,0.1293661341071129,0.01453556456332887,-0.24022587854415178,0.2,0.0,0.05322467684745789
2,137,INT15,4350,TGAATGTCAGCCGGCC-1,10149,3128,0.12931868433952332,0.014572828902499693,-0.0771347638219595,0.0,0.0,0.0
2,138,INT15,3523,GTGAGGAGCGGTTGAG-1,3687,5527,0.12930102348327638,0.011608201619492378,-0.22850616201758384,0.1,0.0,0.02607608437538147
2,139,INT15,247,AATCCAAGGGCCTGAG-1,3685,9895,0.12928472757339476,0.015015440917805087,-0.19486417453736066,0.0,0.0,0.0
2,140,INT15,3367,GTAACTTGCGGCAGTC-1,3114,10659,0.1292519636452198,0.021104382999505938,-0.2641096949577332,0.0,0.0,0.0
2,141,INT15,1478,CATCCTCTCAAAGATC-1,11478,4986,0.12923500910401345,0.017709967155669092,-0.09483863059431315,0.0,0.0,0.0
2,142,INT15,120,AACGATAGAAGGGCCG-1,4065,9240,0.12918550595641137,0.018122357161530843,-0.2256446168757975,0.0,0.0,0.0
2,143,INT15,1210,ATTGTTCAACGATCCG-1,11290,1600,0.12915699779987336,0.015661651744834366,-0.13868069667369126,0.0,0.0,0.0
2,144,INT15,3419,GTATCTTGTTGCTCAC-1,1215,9129,0.1290982611477375,0.01647134471920638,-0.19574616178870202,0.0,0.0,0.0
2,145,INT15,4301,TCTGCTTAGAACAAGC-1,10720,1272,0.12909348234534263,0.01788515997598163,-0.02316462080925703,0.0,0.0,0.0
2,146,INT15,3996,TCAACACATTGGGTAA-1,3304,11206,0.12907167375087739,0.01547925442828335,-0.2576816946268082,0.0,0.0,0.0
2,147,INT15,1524,CATTCACTGACAGCTA-1,2166,7710,0.1290644347667694,0.01638883605234152,-0.12163292989134789,0.0,0.0,0.0
2,148,INT15,4536,TGGGCACAAACAGAAC-1,2734,10004,0.128984584659338,0.016953769166079036,-0.32993472665548323,0.0,0.0,0.0
2,149,INT15,567,ACTGTATACGCGAGCA-1,3114,11096,0.12897645086050033,0.01679033711024651,-0.1594346508383751,0.0,0.0,0.0
2,150,INT15,4525,TGGCGGTGTGCGATTG-1,2544,10331,0.12897501960396768,0.013612166030469643,-0.18599094972014427,0.0,0.0,0.0
2,151,INT15,1743,CCGGCGCATATTGGAT-1,3875,8913,0.12897455096244811,0.014619649993438077,-0.06949524432420731,0.1,0.0,0.030756750702857973
2,152,INT15,4478,TGCTATACAAACGGAC-1,2165,9021,0.1289678245782852,0.015091496036337743,-0.19254891090095044,0.0,0.0,0.0
2,153,INT15,3566,GTGGCGGGCCGTAGCT-1,1406,7491,0.12896626442670822,0.01700665722470234,-0.1655329465866089,0.0,0.0,0.0
2,154,INT15,1769,CCTAAAGGCTGACGCT-1,3877,6073,0.1289537765085697,0.01616533690477757,-0.16197349559515714,0.0,0.0,0.0
2,155,INT15,2819,GCAGCTATGGACAGGT-1,3689,2688,0.12894470766186714,0.012452478586137777,-0.306676066480577,0.0,0.0,0.0
2,156,INT15,417,ACCCTTTAGTTCTCCA-1,2357,6291,0.12892275154590607,0.015103557104451928,-0.15471554920077324,0.0,0.0,0.0
2,157,INT15,2963,GCGTCGTAACATGGTC-1,15278,6735,0.12888819128274917,0.018320790367498216,-0.1805561937391758,0.2,0.0,0.05730914771556854
2,158,INT15,1085,ATGATCGGGAATAGAC-1,4255,9131,0.12887834906578063,0.01912968841505617,-0.12816071100533008,0.0,0.0,0.0
2,159,INT15,1335,CACCGGAGATATCTCC-1,2547,4871,0.12884054705500603,0.01778180701428741,-0.11716871159151196,0.1,0.0,0.031759506464004515
2,160,INT15,1091,ATGCATTCCGTGATGG-1,1975,9348,0.12883909940719604,0.019871722971412098,0.06242461577057838,0.1,0.0,0.031221196055412292
2,161,INT15,2322,CTGCAAGCACGTTCCG-1,12810,2912,0.12874777093529702,0.01608841733994538,-0.17036913130432368,0.0,0.0,0.0
2,162,INT15,4877,TTGCGTGAACGCTTAG-1,3878,4544,0.12874022126197815,0.020657362321562626,-0.08429428096860647,0.0,0.0,0.0
2,163,INT15,4635,TGTTTAATACTTCATC-1,2926,6619,0.12873948439955712,0.017013742381214007,-0.11441595032811165,0.0,0.0,0.0
2,164,INT15,4357,TGACATATATGACGAT-1,8432,14812,0.12866989597678186,0.01533925876525685,-0.19706651978194714,0.0,0.0,0.0
2,165,INT15,1099,ATGCTCAGTGTTGCAT-1,5204,11862,0.12866188660264016,0.013090822943989217,-0.16726055108010768,0.1,0.0,0.030365234613418578
2,166,INT15,190,AAGCTCTTTCATGGTG-1,12048,6187,0.12865727618336678,0.01819460078658262,-0.14682042114436628,0.0,0.0,0.0
2,167,INT15,3308,GGTCTCCAAGTAGTGC-1,10530,1381,0.1286432772874832,0.02119726894389613,-0.024926261603832246,0.0,0.0,0.0
2,168,INT15,693,AGCCCTAAGCGAAGTT-1,4066,7930,0.12863444536924362,0.01853350772637335,-0.11669526100158692,0.1,0.0,0.029629555344581605
2,169,INT15,976,ATAGTCTTTGACGTGC-1,2546,7711,0.1285774789750576,0.01772054726377505,-0.1523669480346143,0.0,0.0,0.0
2,170,INT15,2138,CGTTAATGTCCCGACG-1,12428,5532,0.12854261472821235,0.01765524200069068,-0.13772640991955995,0.0,0.0,0.0
2,171,INT15,3828,TAGAAACCACTAAGTA-1,2167,6400,0.12852928712964057,0.019150769999106948,-0.0888983016833663,0.1,0.0,0.031207135319709776
2,172,INT15,828,AGTAATGTCTTGCCGC-1,4255,8476,0.12852418869733812,0.017137907265359655,-0.10100746098905802,0.0,0.0,0.0
2,173,INT15,2304,CTCTGTGCCTGCTATG-1,1594,9785,0.12850898802280425,0.016405837574283447,-0.21630164384841918,0.0,0.0,0.0
2,174,INT15,294,AATTTGGGACATAGTA-1,3687,5090,0.12848320826888085,0.017731262499563485,-0.10677478509023786,0.0,0.0,0.0
2,175,INT15,2267,CTCCTGTTCAAGGCAG-1,11670,2256,0.12847742512822152,0.014822180844197858,-0.3245295375585556,0.0,0.0,0.0
2,176,INT15,4889,TTGGACCTATAACAGT-1,11858,5641,0.12841792032122612,0.018046692463350812,-0.24880100786685944,0.1,0.0,0.030860939621925355
2,177,INT15,3411,GTATCAAACGTTAGCT-1,11669,4440,0.1283932536840439,0.016884101810144634,-0.2561538880690932,0.0,0.0,0.0
2,178,INT15,3463,GTCCTACGAATAGTCT-1,11288,5095,0.12834862470626832,0.015439418177177313,-0.14666069373488427,0.0,0.0,0.0
2,179,INT15,1167,ATTCAACCATTTAAGG-1,12239,4112,0.12833021357655525,0.017639661172305206,-0.16458248514682056,0.0,0.0,0.0
2,180,INT15,2079,CGGTTGGGCAGGGTCC-1,15087,6844,0.1282176688313484,0.015821747126557834,-0.035761892795562744,0.0,0.0,0.0
2,181,INT15,3839,TAGAGCTACGAAGAAC-1,3685,9240,0.12820193767547608,0.01647431326887535,-0.18139905780553817,0.0,0.0,0.0
2,182,INT15,3663,GTTTGAGCGGTTATGT-1,1214,10440,0.12817989885807038,0.018403024999658315,-0.11056033056229353,0.0,0.0,0.0
2,183,INT15,2430,CTTCTTACGTCGTATA-1,3875,8476,0.1281669966876507,0.015618695807066076,-0.2252245768904686,0.1,0.0,0.03174347579479218
2,184,INT15,3568,GTGGCGTGCACCAGAG-1,1408,3997,0.12815563678741454,0.015948724853342658,-0.2536106243729591,0.2,0.0,0.0478101521730423
2,185,INT15,4711,TTATAGATGCACATTA-1,2165,9239,0.12814183607697488,0.020003891745729054,-0.1439114512875676,0.0,0.0,0.0
2,186,INT15,966,ATAGATTTGCAGTCGG-1,1406,7710,0.12813534066081048,0.017070378595706773,-0.29872875977307556,0.0,0.0,0.0
2,187,INT15,3314,GGTGAAACCGGGAATG-1,2355,9785,0.12813192754983901,0.02184971419155246,-0.10819204896688461,0.0,0.0,0.0
2,188,INT15,2565,GACCAAACGTTGACTG-1,12239,3239,0.12810762152075766,0.018483967934862212,-0.2167810345068574,0.0,0.0,0.0
2,189,INT15,3028,GCTGGACCCAAAGTGG-1,3878,3452,0.12808175906538963,0.015848538875705268,-0.1354737532325089,0.0,0.0,0.0
2,190,INT15,149,AACTGAGTTATACTGA-1,10910,1163,0.12807416543364525,0.014040107474769163,-0.17602482810616493,0.0,0.0,0.0
2,191,INT15,878,AGTGATAACCTGCGCG-1,12428,5314,0.12803646624088288,0.01685944519022633,-0.15542839840054512,0.0,0.0,0.0
2,192,INT15,1038,ATCCTGCTGCAGATAG-1,2354,10222,0.128003142029047,0.014463268265332802,-0.23536166716367007,0.0,0.0,0.0
2,193,INT15,222,AAGTTTACTAATGGCA-1,2165,8366,0.12799931019544603,0.019323186283484742,-0.13993490245193244,0.1,0.0,0.03166767656803131
2,194,INT15,3441,GTCAGTTGTGCTCGTT-1,2926,7274,0.1279672123491764,0.012614279037902156,-0.2817389518022537,0.0,0.0,0.0
2,195,INT15,459,ACGATGCATATGTTAT-1,8245,10335,0.12793573141098022,0.014548756914662089,-0.20009550377726554,0.0,0.0,0.0
2,196,INT15,10,AAACCACTACACAGAT-1,1789,2250,0.1279238983988762,0.013626049102866498,-0.14868491180241108,0.0,0.0,0.0
2,197,INT15,4553,TGGTATCGCATCCCAA-1,2736,7601,0.1279190719127655,0.018289712757811133,-0.1768631987273693,0.0,0.0,0.0
2,198,INT15,2995,GCTATCATACTCATGG-1,11477,6515,0.12784376963973046,0.01678185722060666,-0.1912560783326626,0.0,0.0,0.0
2,199,INT15,4471,TGCGGTCTACGAGTAA-1,1217,4761,0.127832343429327,0.015870920492798694,-0.1326091155409813,0.0,0.0,0.0
2,200,INT15,61,AAATCTAGCCCTGCTA-1,11289,4003,0.12782163843512534,0.014998078630619183,-0.26761054117232563,0.0,0.0,0.0
2,201,INT15,3357,GGTTTGACAAGAAGCT-1,3499,2797,0.12779177352786064,0.01785095053600793,-0.12149172909557819,0.0,0.0,0.0
2,202,INT15,3486,GTCTAAGATGCCCAGC-1,1979,1486,0.12778452336788176,0.018883052386491427,-0.19983850419521332,0.0,0.0,0.0
2,203,INT15,1807,CCTCGAAGTGGACGGG-1,4066,7275,0.12777423933148385,0.01807589145081336,-0.12111628446727991,0.0,0.0,0.0
2,204,INT15,941,ATACCAGGTGAGCGAT-1,1405,9020,0.1277645394206047,0.01735370435565016,-0.13533246964216233,0.2,0.0,0.05820252001285553
2,205,INT15,501,ACGTCCTAAACGAGAT-1,1215,8256,0.1276961237192154,0.015121595656598933,-0.24778422042727472,0.0,0.0,0.0
2,206,INT15,3179,GGCGTACCCTATATAA-1,1595,9348,0.12766709178686142,0.016399753482175167,-0.1793908080086112,0.0,0.0,0.0
2,207,INT15,1415,CAGGATCCGCCCGACC-1,1405,9676,0.12763550579547883,0.016890109005936866,-0.05429878849536181,0.0,0.0,0.0
2,208,INT15,4220,TCGGGCACTTCTGGAT-1,1594,10003,0.1276218496263027,0.01759761303068214,-0.12724812813103198,0.0,0.0,0.0
2,209,INT15,3936,TATCCAATTGGTTATC-1,11667,6405,0.12761731147766114,0.020031221938236563,-0.09199765548110009,0.1,0.0,0.030945095419883727
2,210,INT15,511,ACGTTCCGCGCTCCGT-1,2735,9130,0.12760650366544724,0.013328187526041299,-0.14064912926405668,0.0,0.0,0.0
2,211,INT15,1013,ATCAGCCTCATGCTGC-1,12048,5532,0.1275937154889107,0.021037650710511273,-0.08772385939955711,0.0,0.0,0.0
2,212,INT15,2623,GAGACCCTGCAACGCC-1,3309,2906,0.12759130597114562,0.01896223733146227,-0.14717408660799264,0.0,0.0,0.0
2,213,INT15,4240,TCGTGTATTGGTCACG-1,11290,2255,0.12757270634174347,0.014927205690334854,-0.1356895536184311,0.0,0.0,0.0
2,214,INT15,340,ACACGTAGGCCACAAG-1,12239,3020,0.1275420866906643,0.020136303176882007,-0.24053518995642661,0.0,0.0,0.0
2,215,INT15,4180,TCGCATTCAATGACTT-1,2924,10987,0.12753026112914084,0.017522483628157372,-0.2913264947012067,0.0,0.0,0.0
2,216,INT15,1861,CGAACATAGTCAGAAA-1,2929,2469,0.12752911895513536,0.016513121882098573,-0.06369155030697585,0.0,0.0,0.0
2,217,INT15,3636,GTTCTTCCCTCGATGT-1,4065,9459,0.12748337164521217,0.017387317542101065,-0.23913207575678824,0.0,0.0,0.0
2,218,INT15,2721,GATCCTCTTGCGCTTA-1,2547,5963,0.12748270630836486,0.016971477984714118,-0.13411261066794394,0.0,0.0,0.0
2,219,INT15,105,AACCCGAGCAGAATCG-1,12050,2693,0.12747138738632202,0.015389061172085675,-0.22121223621070385,0.0,0.0,0.0
2,220,INT15,3097,GGAGCAACATTTCAAG-1,12049,3785,0.12744119614362717,0.017417007972045522,-0.22113895490765573,0.0,0.0,0.0
2,221,INT15,2474,GAAATACCTGCTGGCT-1,2547,5745,0.12742627188563346,0.017474928311529452,-0.15023389821872116,0.0,0.0,0.0
2,222,INT15,3151,GGCCCAATCTAGAGGG-1,2549,2250,0.12741828709840775,0.015013219592158006,-0.2204819770529866,0.0,0.0,0.0
2,223,INT15,4431,TGCATGGATCGGATCT-1,4826,7712,0.12740862220525742,0.018731310570834433,-0.1371803365647793,0.0,0.0,0.0
2,224,INT15,920,ATAAAGGTCAAGTACG-1,2167,5745,0.1274016961455345,0.019630207221650302,-0.14922972880303859,0.0,0.0,0.0
2,225,INT15,876,AGTGAGGGTTTCTGAC-1,2737,5417,0.12735163569450378,0.014320189341013354,-0.3270751656964421,0.0,0.0,0.0
2,226,INT15,2493,GAACGACCGAATGATA-1,4826,8149,0.1273511104285717,0.01634158961053435,-0.1581058805808425,0.0,0.0,0.0
2,227,INT15,3069,GGAACTTTGGCGATTA-1,12619,3021,0.12733324393630027,0.016242991715207374,-0.1370992936193943,0.0,0.0,0.0
2,228,INT15,152,AACTGGGTTCGAGCCG-1,1787,5308,0.1273132175207138,0.018095141075535795,-0.313879169523716,0.0,0.0,0.0
2,229,INT15,424,ACCGATATTTAATCAT-1,11480,1928,0.1273069940507412,0.015131901892396238,-0.16045521050691605,0.0,0.0,0.0
2,230,INT15,698,AGCCGCAAATTCAAAT-1,8242,14703,0.12729578986763954,0.01631191205156487,-0.11745394840836525,0.0,0.0,0.0
2,231,INT15,1101,ATGCTTAGGAGTTGAT-1,11860,2802,0.12727842405438422,0.017253457116295008,-0.16765199285000562,0.0,0.0,0.0
2,232,INT15,325,ACACACTTTCTACACG-1,3876,8039,0.12726173549890518,0.016060022476900408,-0.19562389720231294,0.0,0.0,0.0
2,233,INT15,1867,CGAAGACTGCCCGGGA-1,1214,9785,0.12723511084914207,0.01779406643604085,-0.1080033041536808,0.0,0.0,0.0
2,234,INT15,4543,TGGGTAAGGTTCCCGC-1,3687,6401,0.1271880827844143,0.01583406056622091,-0.16508713010698556,0.0,0.0,0.0
2,235,INT15,3111,GGATCAGAGCCATCAG-1,9382,14922,0.12717598229646682,0.0188343106281411,-0.14334157388657331,0.0,0.0,0.0
2,236,INT15,3417,GTATCTCCCTAACTGT-1,1215,8474,0.12709287628531457,0.017089239618035632,-0.3041554566472769,0.0,0.0,0.0
2,237,INT15,4193,TCGCGTAGCAGTGTCC-1,12049,4222,0.12708927690982819,0.01960657079513828,-0.1252109793946147,0.0,0.0,0.0
2,238,INT15,2759,GATTAACCGAAAGCCC-1,11668,4877,0.12708289176225662,0.015810048665282232,-0.1330875426530838,0.0,0.0,0.0
2,239,INT15,1142,ATTAAAGCGGACGAGC-1,1212,14808,0.12708287239074706,0.015708979941879954,-0.19019312299788,0.0,0.0,0.0
2,240,INT15,4611,TGTGGAGGAAGCTTAA-1,1595,8911,0.1270806685090065,0.01638040402115858,-0.20513298436999322,0.0,0.0,0.0
2,241,INT15,1227,CAAACGTGGTCTTGCG-1,1976,6509,0.12707094028592109,0.0153211115886982,-0.19907394982874393,0.0,0.0,0.0
2,242,INT15,2147,CGTTGAGTAATTGCGT-1,3308,3998,0.12706488147377967,0.01816496460972955,-0.19402463920414448,0.0,0.0,0.0
2,243,INT15,4197,TCGCTCGATATATTCC-1,6726,8150,0.12704678103327752,0.014920688925248171,-0.06506008729338646,0.0,0.0,0.0
2,244,INT15,2883,GCCGGAAACACATCTT-1,1785,9239,0.12701559141278268,0.016549379286210045,-0.1216454429551959,0.0,0.0,0.0
2,245,INT15,770,AGGCATTGTCGTAGGG-1,10529,4221,0.12700535506010055,0.010951920429254131,-0.25277753099799155,0.0,0.0,0.0
2,246,INT15,1945,CGCATCATGGCTTCAG-1,2927,5745,0.12696660608053206,0.017104562184534072,-0.14921048171818257,0.0,0.0,0.0
2,247,INT15,139,AACTAGCGTATCGCAC-1,1975,9785,0.12696191668510437,0.017434169563505665,-0.11590921301394701,0.0,0.0,0.0
2,248,INT15,1864,CGAACGCCCAGTGCCG-1,3876,7384,0.1269494414329529,0.016696717906963244,-0.0799975173547864,0.0,0.0,0.0
2,249,INT15,2230,CTATGTCTATTGAAAC-1,3305,9021,0.12690478265285493,0.018455125251921875,-0.22957258243113757,0.0,0.0,0.0
2,250,INT15,1887,CGACCTACTAGACAAT-1,9952,15032,0.1269039824604988,0.015209965483705673,-0.26746346801519394,0.0,0.0,0.0
2,251,INT15,404,ACCCGGAAACTCCCAG-1,12047,7935,0.1268962502479553,0.016785371598677865,-0.23054754361510277,0.0,0.0,0.0
2,252,INT15,1847,CCTGTTTGAAGACACG-1,12238,4768,0.12689415886998176,0.01642440847511081,-0.26200488619506357,0.0,0.0,0.0
2,253,INT15,2054,CGGGTGTACCCATTTA-1,7297,5638,0.1268930219113827,0.010758115898610636,-0.2561389125883579,0.0,0.0,0.0
2,254,INT15,3379,GTACGTCACGTATTAA-1,3308,3343,0.1268809638917446,0.017564220729388798,-0.18336436357349156,0.1,0.0,0.03141046166419983
2,255,INT15,3124,GGATTAATCATGGACC-1,14707,6844,0.12685950249433517,0.012688315794029929,-0.18324845880270005,0.0,0.0,0.0
2,256,INT15,2297,CTCTCGATGTGCGCCT-1,1975,8256,0.1268552578985691,0.015150107404109535,-0.26411114931106566,0.0,0.0,0.0
3,1,INT15,1051,ATCGTATTCCGAGAAC-1,6722,14702,0.08536933269351721,0.058463278799777835,-0.9295762235298752,0.2,0.0,0.06820437908172608
3,2,INT15,4022,TCACCGCTCGGCACTC-1,6918,4983,0.07698232335969805,0.05439938755993518,-1.1266959682106972,0.2,0.0,0.0634795069694519
3,3,INT15,3377,GTACGAGATTGCGACA-1,5205,8804,0.07501370459794998,0.059560480689761164,-1.2550534904003143,0.1,0.0,0.0385312020778656
3,4,INT15,685,AGCCACAGGTTACCCG-1,13188,5314,0.074356490932405,0.05133804570134746,-1.164453849196434,0.1,0.0,0.028570657968521117
3,5,INT15,3777,TACCTCTTTACCATCC-1,13760,1711,0.07424025922082364,0.06011125763810032,-1.1876451537013053,0.1,0.0,0.03660646378993988
3,6,INT15,4704,TTAGGATGGGAGGGTA-1,10150,1163,0.07413075547665357,0.05683392819194108,-1.2137068063020706,0.2,0.0,0.06417980194091796
3,7,INT15,3208,GGGACCCGTATATCTT-1,12046,9245,0.0736637856811285,0.05382988399070609,-1.176783937215805,0.2,0.0,0.060042017698287965
3,8,INT15,2949,GCGGGCATTACGATGC-1,7110,2035,0.07346267392858863,0.056173219694546375,-1.0814771749079228,0.2,0.0,0.06434681415557861
3,9,INT15,4816,TTCTTCCCTTTGATAT-1,1596,7382,0.07343318099156022,0.06385533184521325,-1.3900483893230557,0.1,0.0,0.04709720015525818
3,10,INT15,1120,ATGGTCGCGTGGTTTC-1,9768,5749,0.072902278508991,0.051546160602593545,-1.0982834599912166,0.1,0.0,0.03109724521636963
3,11,INT15,2054,CGGGTGTACCCATTTA-1,7297,5638,0.07280477844178676,0.05413830887191942,-1.2063755750656129,0.0,0.0,0.0
3,12,INT15,2247,CTCAGCAGACTGCCGA-1,1599,2796,0.07274497249163688,0.05747908557198265,-1.258091227710247,0.0,0.0,0.0
3,13,INT15,1200,ATTGCTGCTCCTCCAT-1,7865,10335,0.07239952171221375,0.061036873670345215,-1.1994395136833191,0.1,0.0,0.03900854587554932
3,14,INT15,4593,TGTCATTTGTTGGGAA-1,5209,3125,0.07227025562897324,0.05600515414303701,-1.0557767517864705,0.1,0.0,0.03543056845664978
3,15,INT15,1600,CCAGTGAGCTCCTTGT-1,1212,13716,0.07214023405686021,0.0571349396399519,-1.2394951542839407,0.2,0.0,0.06371033191680908
3,16,INT15,1849,CCTTCAGTTAAAGTGA-1,12805,9901,0.07204444715753197,0.055670123640017014,-1.2339985191822052,0.1,0.0,0.031219568848609925
3,17,INT15,1669,CCCTAGGCAACAAGAG-1,10142,14704,0.07177471611648797,0.06068823692206362,-1.2534790806472302,0.2,0.0,0.06549938023090363
3,18,INT15,1299,CACACAGCTTGCGCTC-1,10150,2473,0.07150238659232855,0.055267710955389564,-1.2330010950565338,0.1,0.0,0.030889254808425904
3,19,INT15,1084,ATGAGGGCAGCGGCTA-1,9200,1927,0.0713443991728127,0.054700003990769734,-1.2500636845827102,0.1,0.0,0.029784590005874634
3,20,INT15,3494,GTCTCCCGAGTCCCGT-1,14900,3022,0.0711698867380619,0.0494180756507141,-1.1292802035808562,0.0,0.0,0.0
3,21,INT15,1117,ATGGGTGTATACCTCC-1,13374,12413,0.07111889766529203,0.049516346642093235,-1.1237225174903869,0.2,0.0,0.05457423329353332
3,22,INT15,562,ACTGCTCGGAAGGATG-1,11283,14050,0.0708578621968627,0.04967139751575759,-1.0921501845121384,0.1,0.0,0.03035435676574707
3,23,INT15,3432,GTCAAGCGGACTCGGG-1,8627,6622,0.0706752392463386,0.051661574213966416,-1.1297613501548767,0.0,0.0,0.0
3,24,INT15,3174,GGCGCTTCATTCCCTG-1,13947,7280,0.0706390923820436,0.056615240663196655,-1.2014230251312257,0.1,0.0,0.03695397675037384
3,25,INT15,4776,TTCGCACTCGCGTGCT-1,5965,10115,0.07050171308219433,0.05416308935014335,-1.2244766622781753,0.1,0.0,0.035470277070999146
3,26,INT15,1824,CCTGACAAACTCGCGC-1,4822,14701,0.07016192199662327,0.0520505894859102,-1.1147283405065536,0.0,0.0,0.0
3,27,INT15,1504,CATGGAAATGGGACCA-1,2358,3670,0.0700513911433518,0.05410725451715595,-1.322692221403122,0.0,0.0,0.0
3,28,INT15,4894,TTGGCCATCTTGCGCT-1,4443,12735,0.06980410874821245,0.05452602872444965,-1.279269453883171,0.1,0.0,0.031178858876228333
3,29,INT15,3905,TAGTGTCAGAAACGGC-1,5203,12954,0.06978938300162554,0.0491236440523479,-1.1336106747388839,0.0,0.0,0.0
3,30,INT15,2083,CGTAAACGCTTGAGTG-1,3303,12516,0.0694648309610784,0.04660186265032557,-1.2499565035104752,0.0,0.0,0.0
3,31,INT15,2775,GCAAACCTTGGCCATA-1,12047,7716,0.06931222276762128,0.05936194800690266,-1.3765577010810375,0.1,0.0,0.03929274976253509
3,32,INT15,2888,GCCGTGGAAGAAATGT-1,8629,2472,0.06928471145220101,0.055794645510445016,-1.195891658216715,0.1,0.0,0.03483925759792328
3,33,INT15,1048,ATCGGAGACAGACGGC-1,11097,6733,0.06926010362803936,0.04965164829845914,-1.219208401441574,0.0,0.0,0.0
3,34,INT15,4875,TTGCGTAGTTTGAGGA-1,5963,12954,0.06910041915252804,0.050937468048387405,-1.1843006789684296,0.0,0.0,0.0
3,35,INT15,2302,CTCTGGACGCCTGGTG-1,7296,8259,0.0690727595705539,0.054048723150665015,-1.3612198650836944,0.1,0.0,0.03461102843284607
3,36,INT15,425,ACCGATGGTAGCATCG-1,8058,4984,0.06894147284328937,0.04708049621065589,-1.264221727848053,0.0,0.0,0.0
3,37,INT15,959,ATACTCTCGCCACTCT-1,2923,12297,0.0686625869013369,0.05731017448671634,-1.3815589793026448,0.1,0.0,0.03200521171092987
3,38,INT15,2542,GAATTCACCCGGGTGT-1,10146,9025,0.06864286423660815,0.05031248244631045,-1.242485338449478,0.0,0.0,0.0
3,39,INT15,4388,TGAGTTAAAGACATTC-1,10339,2801,0.06855294262059033,0.05640832789183891,-1.296858984231949,0.1,0.0,0.034817710518836975
3,40,INT15,181,AAGCCGCTTTACCTTG-1,4830,1378,0.06848343266174198,0.05262563276057853,-1.2245605796575547,0.0,0.0,0.0
3,41,INT15,4571,TGTAACTTGTCAACCT-1,1783,11642,0.06826898278668522,0.05696656609063194,-1.324542687833309,0.2,0.0,0.07011213600635528
3,42,INT15,1991,CGCGTTCATGAAATAC-1,6345,9460,0.06788194868713618,0.05421600404026237,-1.3870525717735291,0.1,0.0,0.03343525826931
3,43,INT15,1435,CAGTCTCTCGGCTAAT-1,2353,11969,0.06787934266030789,0.05407417084085985,-1.219184437394142,0.1,0.0,0.030813440680503845
3,44,INT15,1751,CCGGTATCTGGCGACT-1,15848,5753,0.06761035853996873,0.052437716903736845,-1.2934421837329864,0.1,0.0,0.03228195607662201
3,45,INT15,749,AGGAAGCTGTCCGCCG-1,12807,7935,0.06760633839294314,0.05047743967055944,-1.268236044049263,0.0,0.0,0.0
3,46,INT15,3655,GTTTATGGGATTTAGA-1,5392,14155,0.06751274745911359,0.053648926757822936,-1.3098588973283767,0.1,0.0,0.03166922926902771
3,47,INT15,1474,CATCATTACCCTGAGG-1,11098,4767,0.06749151516705751,0.053282857361597526,-1.323578628897667,0.0,0.0,0.0
3,48,INT15,872,AGTGACCTACTTTACG-1,9575,9353,0.06739810444414615,0.05174955232695571,-1.2421187669038773,0.1,0.0,0.03183116614818573
3,49,INT15,4407,TGATTTATTAGCTGTG-1,8434,11318,0.0669768510852009,0.05304213918148978,-1.3377594918012619,0.2,0.0,0.05880751609802246
3,50,INT15,2819,GCAGCTATGGACAGGT-1,3689,2688,0.0668582069221884,0.05518551118213837,-1.4250804126262664,0.1,0.0,0.03823667764663696
3,51,INT15,869,AGTCTTTAAAGTGTCC-1,13947,6625,0.06683089155703784,0.0535811323680714,-1.3503778517246245,0.1,0.0,0.03233464360237122
3,52,INT15,2982,GCTACTCGGACGCAGA-1,15273,14380,0.06680390611290932,0.045232284116026526,-1.1880410045385361,0.1,0.0,0.025819507241249085
3,53,INT15,3954,TATGATCCGGCACGCC-1,6159,2798,0.06673156833276153,0.05238644453728712,-1.2591557294130324,0.1,0.0,0.03244771659374237
3,54,INT15,2107,CGTCCAGATGGCTCCA-1,3492,15028,0.06668756972067058,0.05482564604688412,-1.3428358763456345,0.1,0.0,0.034017044305801394
3,55,INT15,3133,GGCAAGCCCATAGTGG-1,13946,8372,0.06658185422420501,0.05003077903355338,-1.3525489836931228,0.1,0.0,0.030672499537467958
3,56,INT15,3738,TAATTGCGCTGATTAC-1,14703,14488,0.06650662701576948,0.0586071065437269,-1.4201969005167485,0.1,0.0,0.03855056464672089
3,57,INT15,4689,TTAGAAGAACATGACT-1,11096,8043,0.06649938989430666,0.05316120020908485,-1.3982204079627991,0.0,0.0,0.0
3,58,INT15,3467,GTCCTTCTACAACCCA-1,5392,14374,0.06648410046473145,0.04786149587911951,-1.1797885686159133,0.0,0.0,0.0
3,59,INT15,590,ACTTGTGGATGGAACG-1,11099,3238,0.0664527719374746,0.05460772490257753,-1.334860472381115,0.1,0.0,0.03898864686489105
3,60,INT15,2686,GAGTCGACAGACCCTC-1,6722,14047,0.06637532329186797,0.04731933922378275,-1.1847666382789612,0.0,0.0,0.0
3,61,INT15,1754,CCGTAAGTTGGTCCCA-1,7487,6621,0.06635537673719227,0.05624768653912716,-1.4497727438807488,0.1,0.0,0.034879037737846376
3,62,INT15,4926,TTGTGGTATAGGTATG-1,5780,1269,0.06629942636936903,0.05341165439057746,-1.273459243029356,0.1,0.0,0.03381339013576508
3,63,INT15,1438,CAGTGGTTGCACATGA-1,4253,12626,0.06624484146013856,0.04690956442196328,-1.222457730770111,0.1,0.0,0.0291718989610672
3,64,INT15,4658,TTAAGCGCCTGACCCA-1,6915,10225,0.0661655287258327,0.05327840222360975,-1.3000272303819655,0.0,0.0,0.0
3,65,INT15,3626,GTTCGACAATTGTATA-1,14324,12086,0.06611745879054069,0.05169470004416455,-1.3705120623111724,0.0,0.0,0.0
3,66,INT15,437,ACCTACAGTATGTGGT-1,9009,2691,0.06600957587361336,0.05132759476010236,-1.21289515318349,0.1,0.0,0.031005629897117616
3,67,INT15,250,AATCGAGGTCTCAAGG-1,15658,6299,0.06594206122681498,0.04997646751408693,-1.445535382628441,0.0,0.0,0.0
3,68,INT15,3292,GGTATAGTGACACATA-1,7679,2581,0.06592500228434801,0.05064994563847746,-1.269107496738434,0.1,0.0,0.03118452727794647
3,69,INT15,1038,ATCCTGCTGCAGATAG-1,2354,10222,0.06589857488870621,0.05076684852095157,-1.3398209184408187,0.0,0.0,0.0
3,70,INT15,3617,GTTCAAATCAGATGTC-1,5392,15029,0.06584387104958296,0.054170878224465494,-1.393868412077427,0.1,0.0,0.03511747717857361
3,71,INT15,1895,CGAGAGATGTGAACCT-1,6727,7058,0.06580727733671665,0.047413216391971866,-1.2527219712734223,0.0,0.0,0.0
3,72,INT15,1641,CCCAGTTAAGGCGCCG-1,9197,6076,0.0657807341311127,0.0554367500584547,-1.473012612760067,0.1,0.0,0.033693638443946836
3,73,INT15,2831,GCATCCTCTCCTATTA-1,1212,14371,0.06570352157577872,0.05142473124408912,-1.3471770226955413,0.0,0.0,0.0
3,74,INT15,1814,CCTCGGTTTCCTTGCC-1,14515,10885,0.06569797648116946,0.04910594315726005,-1.3233693897724152,0.0,0.0,0.0
3,75,INT15,3559,GTGGACGTGCTGAGAC-1,4444,10769,0.06568026565946639,0.0641181578044891,-1.4944306440651416,0.1,0.0,0.04448136985301972
3,76,INT15,4210,TCGGATCTGGATGACC-1,13943,14488,0.06561376717872917,0.05419726460732152,-1.3831631660461425,0.1,0.0,0.02985778748989105
3,77,INT15,1759,CCGTATTAGCGCAGTT-1,4449,2907,0.06557343914173544,0.04904518224184576,-1.2155119746923446,0.1,0.0,0.027849945425987243
3,78,INT15,1043,ATCGCACGCCGGGAGA-1,5965,8805,0.0655445100972429,0.06263491169813853,-1.599987968802452,0.2,0.0,0.07050692439079284
3,79,INT15,366,ACATCGTTAACCTAGT-1,2926,6837,0.06535558928735555,0.05451496435008982,-1.5069228559732437,0.1,0.0,0.038351517915725705
3,80,INT15,4261,TCTAGGTGGCGACGCT-1,6728,4218,0.0652950283139944,0.05355832287177282,-1.2360138967633247,0.1,0.0,0.03418368995189667
3,81,INT15,921,ATAAATATTAGCAGCT-1,8434,11973,0.06521345446817577,0.051964615700694286,-1.3985047966241837,0.1,0.0,0.03143285810947418
3,82,INT15,86,AACACGAGACGCGGCC-1,9764,12738,0.06521123247221113,0.04791613378722901,-1.3316407710313798,0.0,0.0,0.0
3,83,INT15,4282,TCTCTAATAGCTGGTA-1,5015,9350,0.06517352620139719,0.047522024732843685,-1.2339817345142365,0.0,0.0,0.0
3,84,INT15,4255,TCTACCGTCCACAAGC-1,6346,7713,0.06512205060571433,0.05007204406749149,-1.314147663116455,0.1,0.0,0.029163822531700134
3,85,INT15,4256,TCTACGCACGATCTCC-1,15465,11868,0.06510254805907607,0.049959843578185635,-1.2909486025571824,0.0,0.0,0.0
3,86,INT15,3728,TAATATTGAAATTCGC-1,4445,9896,0.06510212328284978,0.04785801424069263,-1.3062949568033217,0.0,0.0,0.0
3,87,INT15,4377,TGAGCGGAAAGTGTTC-1,11666,7934,0.06504517449066043,0.055749294225353935,-1.5795555591583252,0.1,0.0,0.04067961275577545
3,88,INT15,2370,CTGGTAAAGACTTACA-1,14709,4223,0.06494080000557005,0.053820775829089985,-1.3817501425743104,0.1,0.0,0.03240494132041931
3,89,INT15,4230,TCGTATAGTGCAATTA-1,3495,8912,0.06489656134508551,0.052906076559299124,-1.3761178225278854,0.1,0.0,0.035195499658584595
3,90,INT15,1825,CCTGACCACCGATGGT-1,9766,8370,0.06483395704999566,0.0447911974753102,-1.316551348567009,0.0,0.0,0.0
3,91,INT15,2320,CTGATCCCTTTATGCA-1,14704,11867,0.06479137595742941,0.046384366060076884,-1.258783769607544,0.0,0.0,0.0
3,92,INT15,3806,TACGTTTACCGGCAAT-1,8814,11536,0.06473636096343398,0.049993059463012725,-1.3109357804059982,0.1,0.0,0.029892006516456605
3,93,INT15,1946,CGCATCCATCAGCCAG-1,6539,2362,0.06469905246049165,0.050707165748052806,-1.3388539850711823,0.0,0.0,0.0
3,94,INT15,2525,GAATAGCATTTAGGGT-1,9960,2145,0.06469139205291867,0.04781896445182007,-1.251387467980385,0.1,0.0,0.029677453637123107
3,95,INT15,3743,TACAACGCACAACTCA-1,9005,9680,0.06463760319165886,0.05180013160335644,-1.219070491194725,0.0,0.0,0.0
3,96,INT15,3625,GTTCCGTCCGCCTGCA-1,14515,10448,0.06461166869848967,0.046609936031104506,-1.2665684908628463,0.1,0.0,0.027662166953086854
3,97,INT15,1633,CCCAATGAGATTTGCA-1,12615,10665,0.06457154173403978,0.045457706827846556,-1.3003268003463746,0.0,0.0,0.0
3,98,INT15,3485,GTCGTTATTCGCTTAT-1,9957,6732,0.06454973071813583,0.04861841774909904,-1.189991480112076,0.1,0.0,0.02701853811740875
3,99,INT15,3441,GTCAGTTGTGCTCGTT-1,2926,7274,0.06448349673300982,0.052560655277008386,-1.4489157050848007,0.0,0.0,0.0
3,100,INT15,977,ATAGTGAAGCGTTCTC-1,9006,8806,0.06442959494888782,0.05328760321406657,-1.2875329792499541,0.1,0.0,0.03548507988452911
3,101,INT15,4737,TTCAATTAGCCATAAT-1,2546,6619,0.06440908899530769,0.05043502333407441,-1.2982558995485305,0.0,0.0,0.0
3,102,INT15,2621,GAGAACGGTTCTGACT-1,13949,3786,0.06440864093601703,0.05049645351582192,-1.4117557525634765,0.0,0.0,0.0
3,103,INT15,195,AAGGCAGGCTGTCTCC-1,9200,2145,0.06440360930282622,0.05671350470180233,-1.4811264097690582,0.1,0.0,0.03378368616104126
3,104,INT15,1123,ATGTAAGGCTGCTCTT-1,7299,2799,0.06439896575175226,0.05679623643000597,-1.3369423661381006,0.1,0.0,0.036678698658943173
3,105,INT15,4540,TGGGCCCATACTAATT-1,10148,5312,0.06432930342853069,0.052552638029477176,-1.291994047164917,0.1,0.0,0.0319868415594101
3,106,INT15,4379,TGAGCTTTAATGACGC-1,4827,5746,0.06422970416024328,0.050077011291601345,-1.3380207866430283,0.1,0.0,0.029005002975463868
3,107,INT15,3423,GTATGTGGGTCTAGTT-1,8438,4984,0.06422449387609959,0.05140260559970232,-1.269803088903427,0.1,0.0,0.03308083713054657
3,108,INT15,1605,CCATACCTTTACTTGT-1,6918,3891,0.0641846506856382,0.048608871901071896,-1.375505381822586,0.0,0.0,0.0
3,109,INT15,3874,TAGGCGGCTGCAAAGA-1,13563,13614,0.06415285216644406,0.05238460349220201,-1.3187976062297821,0.1,0.0,0.03464104235172272
3,110,INT15,901,AGTTATTCAGACTGTG-1,15660,2804,0.06414537262171507,0.049428909669070646,-1.2764817163348199,0.1,0.0,0.030976572632789613
3,111,INT15,2722,GATCGACACTATCTGA-1,6345,9897,0.06412435374222696,0.05155288506391619,-1.3856988579034806,0.1,0.0,0.029465794563293457
3,112,INT15,4399,TGATGGCTGTTTCTGA-1,6919,2580,0.06409210953861474,0.04803832158536307,-1.1917387276887894,0.0,0.0,0.0
3,113,INT15,3094,GGAGACCAATGTGCTT-1,5399,2143,0.06406856654211879,0.04904472557837007,-1.293803858757019,0.0,0.0,0.0
3,114,INT15,204,AAGGTGATAAACCAGC-1,9578,4985,0.06406221310608089,0.053758920411749685,-1.3413624078035356,0.1,0.0,0.033178356289863584
3,115,INT15,4232,TCGTATTACCCATTGC-1,8244,12301,0.06404715767130256,0.04758642286507125,-1.2659621566534043,0.1,0.0,0.02970927655696869
3,116,INT15,2814,GCAGATCCTCGCAAAT-1,5583,13609,0.06399079454131425,0.051904655926942246,-1.2694064885377885,0.1,0.0,0.03151094019412994
3,117,INT15,3705,TAAGCAGGCGACACGC-1,7863,12956,0.06395912505686283,0.053848688210134624,-1.3952445447444917,0.1,0.0,0.03404213190078735
3,118,INT15,3334,GGTGTTGGGCGTCTTA-1,10530,1600,0.06394445467740298,0.052347371026431645,-1.4483239591121673,0.0,0.0,0.0
3,119,INT15,2933,GCGCTAATTGAATAGA-1,7676,7386,0.06390512203797698,0.051245687004546084,-1.3221964523196221,0.0,0.0,0.0
3,120,INT15,585,ACTTGCCATATTGTAC-1,1975,8911,0.06384427924640476,0.06070643023321743,-1.4514202356338501,0.1,0.0,0.04473550021648407
3,121,INT15,1533,CATTGTGTGCTAGATC-1,3683,13390,0.06381804868578911,0.050661820245785666,-1.3651075839996338,0.1,0.0,0.030146086215972902
3,122,INT15,260,AATCTGGCTTTCTAGT-1,10903,13394,0.06379303950816392,0.04767443888223908,-1.3006011724472046,0.0,0.0,0.0
3,123,INT15,3638,GTTGAACCGGTTCCAT-1,9195,10663,0.06376984063535929,0.04820911763882504,-1.3531648695468903,0.0,0.0,0.0
3,124,INT15,566,ACTGTAGCACTTTGGA-1,6344,10771,0.06374827576801181,0.05370479665576858,-1.4980136841535567,0.2,0.0,0.06347753405570984
3,125,INT15,2916,GCGAGAGTTGCGTCCA-1,7489,3345,0.06373707400634884,0.04833407288502225,-1.402832669019699,0.0,0.0,0.0
3,126,INT15,152,AACTGGGTTCGAGCCG-1,1787,5308,0.06369630713015795,0.049500481209434656,-1.4636248975992203,0.0,0.0,0.0
3,127,INT15,2038,CGGCTCTTCGTCGAAC-1,2737,5636,0.06365094063803553,0.04994823154587894,-1.3570770114660262,0.0,0.0,0.0
3,128,INT15,3023,GCTGCGAAGAATTATT-1,15276,10011,0.06355215320363641,0.048974275970110406,-1.3407744109630584,0.1,0.0,0.030793532729148865
3,129,INT15,3757,TACATTTCTAACGTGC-1,8626,9025,0.06355190984904766,0.04796880832154903,-1.2220963567495347,0.0,0.0,0.0
3,130,INT15,4907,TTGGTTCGCTCAAAGG-1,8630,1380,0.0635493278503418,0.049232636364931026,-1.3483146250247955,0.0,0.0,0.0
3,131,INT15,1285,CAATGCGAGAAGTATC-1,11478,6078,0.06354902749881149,0.056723013366783884,-1.5576863706111908,0.1,0.0,0.03623231053352356
3,132,INT15,1831,CCTGCGTTCTACGCTT-1,7293,13501,0.06352478777989745,0.05168433314701879,-1.348572851717472,0.1,0.0,0.03163587749004364
3,133,INT15,4038,TCAGAGCATGTCAACG-1,15843,14271,0.06349969012662768,0.04868585076892544,-1.3212118983268737,0.1,0.0,0.029254409670829772
3,134,INT15,4286,TCTGAACTCGTACCCG-1,10148,4657,0.06331302905455231,0.05276321393430905,-1.3559223115444183,0.1,0.0,0.03292165398597717
3,135,INT15,3476,GTCGGGAACATGGTAG-1,8812,14594,0.06324628381989897,0.052471371660770406,-1.4025975674390794,0.0,0.0,0.0
3,136,INT15,632,AGAGAAGGAGTACAAT-1,12235,11320,0.06323499074205756,0.04865825506938305,-1.2221799969673157,0.1,0.0,0.02870921790599823
3,137,INT15,4584,TGTAGCCATCCCATTC-1,13000,2802,0.0631991702131927,0.048172499764724125,-1.3048224806785584,0.0,0.0,0.0
3,138,INT15,3166,GGCGAGCATCGAGGAC-1,1213,12187,0.06317073917016387,0.05166899536805297,-1.3673024296760559,0.1,0.0,0.03135140240192413
3,139,INT15,4297,TCTGCATACCTTGCTT-1,12809,4222,0.063151347450912,0.05170076070571066,-1.4169893346726894,0.1,0.0,0.03239712417125702
3,140,INT15,882,AGTGCGTAGCTCGTAA-1,9955,10445,0.06313004195690156,0.047551980387404436,-1.2696414053440095,0.0,0.0,0.0
3,141,INT15,3546,GTGCGCAGCTTGCTCC-1,2164,11423,0.06311049698852003,0.04896384144636985,-1.3412130713462829,0.0,0.0,0.0
3,142,INT15,3414,GTATCCTTTGGTAACC-1,13378,4987,0.063103808183223,0.045644484720108555,-1.2495611637830735,0.1,0.0,0.026724472641944885
3,143,INT15,125,AACGCGGTCTCCAGCC-1,5586,7931,0.06308015491813421,0.04950324675711908,-1.4060754954814911,0.0,0.0,0.0
3,144,INT15,3190,GGCTGAAATAGCAAAG-1,10527,6405,0.06308010853827,0.04636274076548127,-1.2395528227090835,0.0,0.0,0.0
3,145,INT15,296,ACAAACCGACAAGGCG-1,1216,6509,0.06307893227785825,0.04773829703891164,-1.3665808767080307,0.0,0.0,0.0
3,146,INT15,3598,GTTAATAGCGTCATTA-1,15090,1821,0.06305895326659083,0.050213820082203944,-1.3794057637453079,0.2,0.0,0.056522217392921445
3,147,INT15,4454,TGCCTTGCCCTTACGG-1,1212,13935,0.06304340264759958,0.05007784983297094,-1.3599749594926833,0.0,0.0,0.0
3,148,INT15,3572,GTGGGCTTAGACACAC-1,6724,10771,0.06300816666334867,0.05182942716958233,-1.399275067448616,0.1,0.0,0.03516102433204651
3,149,INT15,4339,TGAAAGGACCTGACTC-1,7867,5966,0.06298688724637032,0.04812418321636622,-1.3423681676387786,0.0,0.0,0.0
3,150,INT15,3325,GGTGCTGATCACAAAG-1,6343,12736,0.06293608993291855,0.050913660224835296,-1.4528413385152816,0.1,0.0,0.029178950190544128
3,151,INT15,1315,CACATGATTCAGCAAC-1,8436,8042,0.0629185127094388,0.04824951718357574,-1.3779899507761002,0.0,0.0,0.0
3,152,INT15,115,AACCTTTAAATACGGT-1,11477,7607,0.06291192322969437,0.04849446401769937,-1.3741643339395524,0.0,0.0,0.0
3,153,INT15,4428,TGCATATGTCTGTCAC-1,7867,5748,0.0628971581812948,0.048019054393194385,-1.371766346693039,0.0,0.0,0.0
3,154,INT15,4652,TTAACTGATCGTTTGG-1,14331,1165,0.06286836029030382,0.05413220866927745,-1.3782643377780914,0.1,0.0,0.03381555378437042
3,155,INT15,4684,TTACTCCGGCCGGGAA-1,7677,6512,0.06286502568982541,0.05039089078392198,-1.3177536606788636,0.0,0.0,0.0
3,156,INT15,2921,GCGATGTCTGTGCTTG-1,4632,15029,0.06277520209550858,0.04777305655043117,-1.2569548726081847,0.0,0.0,0.0
3,157,INT15,2965,GCGTCTCTGCATTGGG-1,8625,10553,0.06273070480674506,0.04687197847993751,-1.3439873158931732,0.0,0.0,0.0
3,158,INT15,1470,CATATGTCAGGCTACG-1,10334,12411,0.06271402537822723,0.046327198412043955,-1.2842416256666183,0.0,0.0,0.0
3,159,INT15,719,AGCGGTTGCCGCTCTG-1,4639,2361,0.06268474967218936,0.053853862197391356,-1.3786517307162285,0.1,0.0,0.03231693208217621
3,160,INT15,1635,CCCACTCCACGGTATC-1,10522,14704,0.06264237975701689,0.04760284043023651,-1.3488681972026826,0.0,0.0,0.0
3,161,INT15,1344,CACCTCTACGAGTGTG-1,1219,2140,0.06261493815109134,0.048204660173847946,-1.3632474482059478,0.1,0.0,0.028914254903793336
3,162,INT15,4029,TCACTACGACCAATGC-1,3688,4653,0.06261382107622922,0.04907942685180196,-1.4018728762865067,0.0,0.0,0.0
3,163,INT15,3850,TAGCAGATACTTAGGG-1,15089,4879,0.0626058217138052,0.049105357431749805,-1.40087229013443,0.0,0.0,0.0
3,164,INT15,4673,TTACCATTGATTACCC-1,7674,11973,0.06255628312937915,0.049189515747312215,-1.435950568318367,0.1,0.0,0.030314719676971434
3,165,INT15,4203,TCGCTTTAAACGTTTG-1,5967,5528,0.06255174558609725,0.04989788000207069,-1.372345542907715,0.0,0.0,0.0
3,166,INT15,1099,ATGCTCAGTGTTGCAT-1,5204,11862,0.06254588630981743,0.0515441899982959,-1.4070238828659059,0.1,0.0,0.033425092697143555
3,167,INT15,3338,GGTTAGCTATATGTCT-1,10148,5531,0.06254295795224607,0.04734487834716881,-1.3571916788816452,0.0,0.0,0.0
3,168,INT15,2024,CGGATAAGCGGACATG-1,4823,13172,0.06253383923321962,0.04835553221815596,-1.4400347352027894,0.0,0.0,0.0
3,169,INT15,355,ACAGTGCAGCGCATTT-1,1219,2359,0.06239370573312044,0.047722411305345644,-1.3520333766937256,0.0,0.0,0.0
3,170,INT15,1956,CGCCCAGCACGCCTAG-1,12426,9464,0.06236393474973738,0.046680698820690515,-1.4949873000383378,0.0,0.0,0.0
3,171,INT15,2484,GAAATTGTCTCTATAA-1,9386,9243,0.06235493635758758,0.049888920970913686,-1.3916427224874497,0.1,0.0,0.03028760552406311
3,172,INT15,2128,CGTGCTTCTACCTAAA-1,12994,11976,0.062340490007773045,0.045417759636661684,-1.3092585235834122,0.0,0.0,0.0
3,173,INT15,1623,CCATTAGCGATAATCC-1,7295,10443,0.0623263786546886,0.04811698078336944,-1.3764864027500152,0.0,0.0,0.0
3,174,INT15,2741,GATGAGGAACCTTCGG-1,13948,6188,0.062280500307679176,0.04721922135219094,-1.4400748044252396,0.0,0.0,0.0
3,175,INT15,199,AAGGGACAGATTCTGT-1,6158,4983,0.062239800859242675,0.04711604340963041,-1.3205052942037583,0.1,0.0,0.025491955876350402
3,176,INT15,1887,CGACCTACTAGACAAT-1,9952,15032,0.06221136171370745,0.05404236245644428,-1.5384352684020997,0.0,0.0,0.0
3,177,INT15,4830,TTGAAGGATGGGCGCC-1,12993,13723,0.06220051913987845,0.05213046871000809,-1.393484076857567,0.1,0.0,0.028366860747337342
3,178,INT15,4344,TGAAGAGCGGTCCTAG-1,4822,13827,0.0621887884568423,0.0495587419690943,-1.500347486138344,0.0,0.0,0.0
3,179,INT15,429,ACCGGGCCTTTGTTGA-1,9958,4330,0.062180925020948054,0.05032795492888459,-1.3981801718473434,0.0,0.0,0.0
3,180,INT15,297,ACAAACTCCATCAGAG-1,15655,10667,0.06217117123305797,0.0473509567491174,-1.2979401409626008,0.1,0.0,0.026527225971221924
3,181,INT15,922,ATAACGCCGGAGGGTC-1,7867,6185,0.06214770092628896,0.051956658308217545,-1.3007603004574775,0.1,0.0,0.033449959754943845
3,182,INT15,3931,TATCACAGCACGGGCA-1,1976,8038,0.062144992873072624,0.05036983981362345,-1.3651969015598298,0.1,0.0,0.03431765139102936
3,183,INT15,1773,CCTAACTAAGGCTCTA-1,5208,4873,0.06205073362216353,0.045431785661167554,-1.251546674966812,0.0,0.0,0.0
3,184,INT15,3029,GCTGGCAGGTGCCGTG-1,6152,14811,0.062001362442970276,0.050480895897493105,-1.3454315036535263,0.1,0.0,0.028470367193222046
3,185,INT15,3214,GGGAGTTAATGAGGCG-1,7487,6840,0.061976274289190766,0.048109898271346,-1.3894343316555022,0.0,0.0,0.0
3,186,INT15,3833,TAGAATAGCCGATGAA-1,12999,4113,0.06197290481068194,0.04747730783699633,-1.3444664001464843,0.1,0.0,0.02682031989097595
3,187,INT15,1095,ATGCCGGTTGATGGGA-1,4827,5965,0.0619369032792747,0.04728712284453208,-1.2026342749595642,0.0,0.0,0.0
3,188,INT15,1068,ATCTGCTGTTATCGCC-1,13946,8809,0.06192095545120537,0.045370108823181377,-1.3295909583568573,0.0,0.0,0.0
3,189,INT15,346,ACAGCATAGAGCCAGT-1,3115,8694,0.06191930798813701,0.05118805827928708,-1.5301098018884658,0.0,0.0,0.0
3,190,INT15,3401,GTAGTCGCGGGAATCA-1,10527,6186,0.06191916996613145,0.045216911255834116,-1.194902691245079,0.0,0.0,0.0
3,191,INT15,4464,TGCGCAAAGCATTTGG-1,7106,7713,0.0619151612278074,0.0487082468740262,-1.4506785571575165,0.0,0.0,0.0
3,192,INT15,4812,TTCTGTTTCCTGTCGC-1,5013,13718,0.061896476335823535,0.05317576506467242,-1.4952190965414047,0.1,0.0,0.03517436385154724
3,193,INT15,210,AAGTCTTCTGTGGCCT-1,8622,14703,0.061889377702027557,0.051142913155773455,-1.4325304836034776,0.1,0.0,0.0313480406999588
3,194,INT15,519,ACTAATACGTCAGGCG-1,2738,4325,0.06188708152621984,0.05106594030036364,-1.3708815157413483,0.1,0.0,0.032208243012428285
3,195,INT15,4520,TGGCCAAACTGAAGTA-1,6537,6730,0.061840337608009575,0.04670174121885068,-1.299526223540306,0.0,0.0,0.0
3,196,INT15,3578,GTGGTGGCCAAGTGAA-1,9767,6404,0.06180978426709771,0.04617866011153354,-1.3665408432483672,0.0,0.0,0.0
3,197,INT15,1677,CCCTCGATAATACACA-1,14324,11867,0.06180871203541756,0.04635939871209807,-1.308484923839569,0.0,0.0,0.0
3,198,INT15,4151,TCCTGCAGCCGCCAAT-1,15848,6626,0.06178450360894203,0.04484253358140368,-1.36854544878006,0.0,0.0,0.0
3,199,INT15,1464,CATAGTAGCATAGTAG-1,4825,10114,0.061756705329753456,0.05286275257251214,-1.4848156113177537,0.1,0.0,0.03433733880519867
3,200,INT15,2235,CTATTTGGTTACGGAT-1,8057,6076,0.06172154592350125,0.05028260380290047,-1.427152755856514,0.0,0.0,0.0
3,201,INT15,1183,ATTCGTCCCGAGGTTA-1,15471,1384,0.06172020058147609,0.04894570634127906,-1.4237434566020966,0.1,0.0,0.027643591165542603
3,202,INT15,2797,GCACACACTGGTAGCC-1,11858,4767,0.06171778365969658,0.0515103020986042,-1.4494439572095872,0.0,0.0,0.0
3,203,INT15,4525,TGGCGGTGTGCGATTG-1,2544,10331,0.061703845579177144,0.05209696413094516,-1.496656283736229,0.0,0.0,0.0
3,204,INT15,4654,TTAAGACGAACGAACC-1,2358,4543,0.061641746154055,0.053734887155802186,-1.5693369925022125,0.0,0.0,0.0
3,205,INT15,3726,TAATAGGTCACCAGAA-1,12804,12740,0.06160873547196388,0.04835705164586781,-1.4236052185297012,0.0,0.0,0.0
3,206,INT15,1664,CCCGTGGGTTAATTGA-1,1782,14044,0.06158634815365076,0.051200141386642486,-1.4218248397111892,0.1,0.0,0.02911507785320282
3,207,INT15,919,ATAAAGGCTCGGTCGT-1,7675,9570,0.061568958964198825,0.04914746207412707,-1.4645339667797088,0.0,0.0,0.0
3,208,INT15,2552,GACACGAGTTAGAGGA-1,4823,12299,0.06155963372439146,0.048301114443741695,-1.4265831768512727,0.0,0.0,0.0
3,209,INT15,3172,GGCGCGTTCGAGTTTA-1,10146,8589,0.06155209932476282,0.0478592269919966,-1.3918022394180298,0.1,0.0,0.027873438596725465
3,210,INT15,4229,TCGTACCGACGTCAAG-1,14136,8919,0.06153772454708815,0.04939657391695422,-1.4105771780014038,0.1,0.0,0.029685381054878234
3,211,INT15,1213,ATTTACTAAGTCCATT-1,7109,2908,0.061510101426392794,0.04565073812394954,-1.2901683896780014,0.0,0.0,0.0
3,212,INT15,2430,CTTCTTACGTCGTATA-1,3875,8476,0.06150918626226485,0.051392530383979555,-1.4723238617181778,0.0,0.0,0.0
3,213,INT15,4820,TTCTTGGACGATCTGC-1,11094,11538,0.06147932317107916,0.044848184080490225,-1.351864567399025,0.0,0.0,0.0
3,214,INT15,4754,TTCCACATTTCTCGTC-1,1406,6618,0.061475593224167825,0.050868889055246815,-1.3603347450494767,0.1,0.0,0.03051477074623108
3,215,INT15,1333,CACCGCCGACCAGCGA-1,2926,7711,0.06146547570824623,0.05357563161357204,-1.5557934254407884,0.1,0.0,0.03217157423496246
3,216,INT15,3055,GCTTTCAGAGGAGGTG-1,7488,4656,0.061452449997887015,0.04597692656567616,-1.4081510663032533,0.0,0.0,0.0
3,217,INT15,2882,GCCGCTTGTGAGAAAC-1,8055,10662,0.06144646340981126,0.04593245058030529,-1.3157573997974397,0.0,0.0,0.0
3,218,INT15,1767,CCGTTTCCTTTCCGTG-1,15656,10012,0.061427049711346625,0.04888611871586606,-1.387754100561142,0.0,0.0,0.0
3,219,INT15,2010,CGCTTTCATACCGGTG-1,3875,9568,0.06142645059153438,0.04887160862457474,-1.3936763197183608,0.1,0.0,0.03400470912456512
3,220,INT15,163,AAGACATACGTGGTTT-1,14140,2585,0.06142610609531403,0.05015543119183232,-1.4753688842058181,0.0,0.0,0.0
3,221,INT15,2425,CTTCGTAGATAGGTGA-1,8625,10117,0.06138903507962823,0.04999531308979222,-1.434222900867462,0.0,0.0,0.0
3,222,INT15,3981,TATTGACATTTCTGCC-1,7869,2253,0.06135725025087595,0.04812245162612277,-1.355284583568573,0.1,0.0,0.029081612825393677
3,223,INT15,1171,ATTCAGGATCGCCTCT-1,1407,5526,0.06134651652537286,0.052827238556138065,-1.414827186614275,0.1,0.0,0.03521994948387146
3,224,INT15,1398,CAGCAGTCCAGACTAT-1,10719,4112,0.06134429145604372,0.05138068375572864,-1.5336290448904037,0.0,0.0,0.0
3,225,INT15,2461,CTTTGGGATTGTTGCA-1,12995,10228,0.061330915335565804,0.050705745214619055,-1.5640700608491898,0.0,0.0,0.0
3,226,INT15,1177,ATTCCTAAGACGTGGA-1,4068,3343,0.0613299747928977,0.05877147679485582,-1.5952853620052339,0.2,0.0,0.07235855758190154
3,227,INT15,3199,GGGAAAGAATGCCAAC-1,14519,3240,0.0613205274567008,0.0454805750506523,-1.3779265999794006,0.0,0.0,0.0
3,228,INT15,2903,GCCTTGTATATGCAGT-1,4443,13390,0.0613126948941499,0.04859014215729105,-1.4140529483556747,0.0,0.0,0.0
3,229,INT15,2507,GAAGCCACTGATTATG-1,13567,7499,0.06130557036958635,0.05025239355916309,-1.3714425981044769,0.1,0.0,0.027943572402000426
3,230,INT15,821,AGGTTCTCCTTTCCGG-1,13753,14160,0.06130110276862979,0.05064953617067766,-1.4437245160341263,0.1,0.0,0.032341158390045165
3,231,INT15,33,AAAGAATGACCTTAGA-1,13373,14815,0.06129411598667502,0.04554967784593412,-1.3331532299518585,0.0,0.0,0.0
3,232,INT15,3946,TATCTACCACAGCGGG-1,9196,8479,0.06124260127544403,0.04726981414069739,-1.3926113188266753,0.0,0.0,0.0
3,233,INT15,206,AAGTAGAAGACCGGGT-1,4825,9896,0.061217196844518186,0.04695156450305648,-1.2882141083478929,0.0,0.0,0.0
3,234,INT15,2088,CGTAATAATTACGAGT-1,3872,14373,0.06120415548793971,0.050042724032360625,-1.4860789775848389,0.0,0.0,0.0
3,235,INT15,1618,CCATGCCTGTTTAGTA-1,7865,9243,0.06118412329815328,0.05092698042286866,-1.4287045687437057,0.0,0.0,0.0
3,236,INT15,2991,GCTAGTAGAGCTTGTA-1,8626,7933,0.06115395021624863,0.04849039212898997,-1.405934453010559,0.1,0.0,0.03137675225734711
3,237,INT15,2093,CGTAGCGAATTGTCAG-1,3686,7274,0.06111640757881105,0.05567935958445404,-1.5243557132780552,0.2,0.0,0.06705765128135681
3,238,INT15,4466,TGCGCGATTAACGGAG-1,6344,10552,0.061088061425834894,0.04739436999514809,-1.398601132631302,0.0,0.0,0.0
3,239,INT15,2058,CGGTAACAAGATACAT-1,1592,14590,0.06108794799074531,0.05135547893021901,-1.3629423886537553,0.0,0.0,0.0
3,240,INT15,4930,TTGTTAGCAAATTCGA-1,5394,10442,0.06106832844670862,0.05412258916113137,-1.353254471346736,0.1,0.0,0.03534247875213623
3,241,INT15,4156,TCCTTCAATCCCTACG-1,9002,14922,0.06105669671669602,0.04904889172768678,-1.443134579062462,0.0,0.0,0.0
3,242,INT15,3681,TAAATCTTTACACCTC-1,5779,1925,0.06104629635810852,0.04698401486733155,-1.2993340849876405,0.0,0.0,0.0
3,243,INT15,255,AATCGTGAGCCGAGCA-1,13948,5970,0.0610170004889369,0.044735675880305,-1.288809171319008,0.0,0.0,0.0
3,244,INT15,1725,CCGCGGAATGCGTCAC-1,10905,10118,0.06099112047813833,0.0481806941843022,-1.3977296620607376,0.0,0.0,0.0
3,245,INT15,3440,GTCAGACAGCGTTGGA-1,2732,14591,0.06097645731642842,0.04795474992626249,-1.3292610943317413,0.0,0.0,0.0
3,246,INT15,1636,CCCAGAGGAGGGCGTA-1,5208,3562,0.060966378264129165,0.04762250970350033,-1.195975323393941,0.1,0.0,0.030110478401184082
3,247,INT15,4883,TTGCTGATCATGTTCG-1,7486,8805,0.06096429736353457,0.05510746921312794,-1.5305859953165055,0.1,0.0,0.03674679696559906
3,248,INT15,3311,GGTCTGAGAATCTGGA-1,6917,6293,0.06096351975575089,0.04854148212327678,-1.4449479907751084,0.0,0.0,0.0
3,249,INT15,1382,CAGAATATTCGTTATC-1,10720,1491,0.06096212659031153,0.04890593251059448,-1.368915143609047,0.0,0.0,0.0
3,250,INT15,3066,GGAACCTTGACTCTGC-1,12424,12740,0.06094559724442661,0.048429889523133846,-1.303782507777214,0.0,0.0,0.0
3,251,INT15,742,AGCTTATAGAGACCTG-1,2164,9894,0.060921008605509995,0.05162095217644049,-1.5126150816679,0.1,0.0,0.03318352103233337
3,252,INT15,492,ACGGGCGTATGCGACA-1,5779,2143,0.06090204874053597,0.04741639514032333,-1.2384465098381043,0.0,0.0,0.0
3,253,INT15,4923,TTGTGGAGACAGCCGG-1,15653,13725,0.06088348999619484,0.04569591525746851,-1.3696258455514907,0.0,0.0,0.0
3,254,INT15,1846,CCTGTTCAACCTCGGG-1,14706,9465,0.06088265185244381,0.046778588843413176,-1.3953578919172287,0.0,0.0,0.0
3,255,INT15,888,AGTGGCTCCGTCGGCC-1,8813,13721,0.060881332680583,0.04802815995703925,-1.4644052594900132,0.1,0.0,0.028521183133125304
3,256,INT15,2505,GAAGACTTCAATGCCG-1,1786,7929,0.06088011777028442,0.053752168032413235,-1.500074389576912,0.1,0.0,0.03521161675453186
4,1,INT15,3415,GTATCGGGACGAGCTG-1,2162,13389,0.5450052350759507,0.08981075108484197,1.362332385778427,1.0,1.0,0.8057608902454376
4,2,INT15,1684,CCCTGGCTGTTCCTTC-1,10143,14486,0.5442891538143158,0.08964043185102753,1.3809477090835571,1.0,1.0,0.8040431141853333
4,3,INT15,3245,GGGCGGTCCTATTGTC-1,3873,11970,0.5399300068616867,0.07915079957254297,1.3452457070350647,1.0,1.0,0.7986080110073089
4,4,INT15,2618,GACTTCAACGCATCAA-1,15279,4769,0.5387143343687057,0.08183672937647579,1.4199598848819732,1.0,1.0,0.8021268129348755
4,5,INT15,4480,TGCTCAAAGGATGCAC-1,15844,12960,0.5374683052301407,0.08662152334862412,1.3731817841529845,1.0,1.0,0.804526436328888
4,6,INT15,817,AGGTGGTGACCTTCGC-1,13376,8918,0.5369606971740722,0.0848770836047208,1.4612344324588775,1.0,1.0,0.8040903568267822
4,7,INT15,1930,CGATTAAATATCTCCT-1,11856,8262,0.5349881708621979,0.08417167543731366,1.3001636028289796,1.0,1.0,0.8046089351177216
4,8,INT15,1182,ATTCGCGCCTTGAGAG-1,13569,3349,0.5349393516778946,0.08498085259239216,1.4365766286849975,1.0,1.0,0.7987168788909912
4,9,INT15,829,AGTAATTTGCAAGCGT-1,14323,14051,0.5346797615289688,0.07990992410546356,1.4231259226799011,1.0,1.0,0.7956824958324432
4,10,INT15,3997,TCAACATAGCGCCCTA-1,12235,10228,0.5344700992107392,0.08268262879280763,1.4528901278972626,1.0,1.0,0.7993918240070343
4,11,INT15,1546,CCAACTTGATAGATCC-1,10150,1599,0.5344609439373016,0.08613942528384112,1.3829832911491393,1.0,1.0,0.7932687938213349
4,12,INT15,3716,TAAGTAACATCTTGAC-1,9955,10663,0.534322851896286,0.08622504543929858,1.375593250989914,1.0,1.0,0.8010609924793244
4,13,INT15,1972,CGCGACACTGCGCAGC-1,5773,13719,0.5340276092290879,0.08194013283125683,1.3283427476882934,1.0,1.0,0.8028697073459625
4,14,INT15,745,AGCTTGATCAGGGTAG-1,14893,13942,0.5334242850542068,0.08394444834913932,1.5252162098884583,1.0,1.0,0.7952190220355988
4,15,INT15,1393,CAGATATGAAGATGAC-1,13944,12959,0.5327759057283401,0.08564409535529231,1.3245522320270537,1.0,1.0,0.800852918624878
4,16,INT15,3332,GGTGTAGGTAAGTAAA-1,14516,9574,0.5323483973741532,0.08552556007166214,1.2847849309444428,1.0,1.0,0.8018005609512329
4,17,INT15,2284,CTCGGTTGTCGGCCCT-1,11854,12193,0.5323146253824234,0.08380127159969894,1.3757100760936738,1.0,1.0,0.7966405570507049
4,18,INT15,4228,TCGTAAGCTCCGAGGA-1,4258,3453,0.5321132212877273,0.08242173887825795,1.3936557054519654,1.0,1.0,0.7968450307846069
4,19,INT15,1032,ATCCCATCCACAGCGC-1,12993,13505,0.5320303440093994,0.08189753392960535,1.2960093915462494,1.0,1.0,0.7962788343429565
4,20,INT15,2960,GCGTCCCTAAGACATA-1,13375,10447,0.5312924593687057,0.0912874196285499,1.3173184990882874,1.0,1.0,0.8031241416931152
4,21,INT15,676,AGCACTTAAGGACGCC-1,7104,11208,0.5310587763786316,0.08037876352746533,1.3543957948684693,1.0,1.0,0.8001929581165313
4,22,INT15,2249,CTCAGTCACGACAAAT-1,5778,4545,0.5309261053800582,0.08068008564078795,1.3390844523906709,1.0,1.0,0.8010429620742798
4,23,INT15,1959,CGCCCTAATTGTTCAA-1,13943,13833,0.5303060650825501,0.07842347726250362,1.2404546797275544,1.0,1.0,0.8012873232364655
4,24,INT15,2112,CGTCGGATAGTGTTGA-1,7678,4547,0.5298399180173874,0.08316380526428162,1.4215375483036041,1.0,1.0,0.7987359941005707
4,25,INT15,1492,CATGAGTCCATCACGG-1,15465,11431,0.5294968396425247,0.08417248168264621,1.2712085545063019,1.0,1.0,0.8019212543964386
4,26,INT15,2218,CTATAAGTAGGGTTTG-1,15083,13833,0.5294149428606033,0.08447060842767036,1.4097671449184417,1.0,1.0,0.8001470386981964
4,27,INT15,466,ACGCCAGATGATTTCT-1,4446,7056,0.5290569216012955,0.08551384244800746,1.3352192878723144,1.0,1.0,0.7944536447525025
4,28,INT15,129,AACGTACTGTGGGTAC-1,10335,10445,0.5289943128824234,0.08019238355402365,1.3266782701015472,1.0,1.0,0.7981229722499847
4,29,INT15,3819,TACTGCAATCAATTAC-1,5398,3890,0.5289034962654113,0.08194403724385509,1.4498952269554137,1.0,1.0,0.795345950126648
4,30,INT15,3361,GTAACAACTGACCTTG-1,3309,2032,0.528837013244629,0.07674238263087563,1.3749341428279878,1.0,1.0,0.7910695135593414
4,31,INT15,3197,GGCTTGGCTCTCACCT-1,5772,14811,0.528062316775322,0.0843592371133991,1.3657766699790954,1.0,1.0,0.796063381433487
4,32,INT15,4790,TTCGGTACTGTAGAGG-1,13947,8154,0.527951893210411,0.07982647044129934,1.3734050452709199,1.0,1.0,0.8000154137611389
4,33,INT15,546,ACTCGCCGTTCGATAA-1,13950,2912,0.5278178453445435,0.08636347614636165,1.3581148028373717,1.0,1.0,0.7934403419494629
4,34,INT15,4493,TGGAAACGGAGTGAAC-1,2353,13280,0.5276338666677475,0.0883617139891893,1.385679167509079,1.0,1.0,0.7942938923835754
4,35,INT15,681,AGCATCATTTCGAAAG-1,11284,12958,0.5272382140159607,0.08388019678575787,1.2799645960330963,1.0,1.0,0.7941092908382416
4,36,INT15,2162,CTAAAGGGAAATAGGA-1,9576,8261,0.5272178143262863,0.08515977005020638,1.3295086801052094,1.0,1.0,0.7937615513801575
4,37,INT15,1979,CGCGCCCGACTTAATA-1,5207,6838,0.5270747900009155,0.0850669908336311,1.3839645862579346,1.0,1.0,0.790909492969513
4,38,INT15,358,ACATACAATCAAGCGG-1,15659,4551,0.5269443929195404,0.08138051299129896,1.3407406687736512,1.0,1.0,0.7983138263225555
4,39,INT15,1291,CAATTGGGCCGCACTC-1,11853,14596,0.5269433975219726,0.08592922852134467,1.2741207242012025,1.0,1.0,0.7954598069190979
4,40,INT15,1922,CGATCATTAGAGGCAC-1,3499,1705,0.5269234567880631,0.08583942877989477,1.4072089195251465,1.0,1.0,0.7923603892326355
4,41,INT15,791,AGGGCCCTAATGTTCT-1,13380,1711,0.5268035590648651,0.08497675679193945,1.4332509160041809,1.0,1.0,0.7899049162864685
4,42,INT15,3963,TATGGGACCGAGCAGG-1,8056,8915,0.52671899497509,0.08401362506755791,1.4306356966495515,1.0,1.0,0.793817138671875
4,43,INT15,2515,GAAGGAGTCGAGTGCG-1,13756,8482,0.526684433221817,0.0802007386843367,1.3469405889511108,1.0,1.0,0.7965860426425934
4,44,INT15,2559,GACAGGCACACACTAT-1,8433,12628,0.5264543056488037,0.08265721476347443,1.3802050590515136,1.0,1.0,0.7913764417171478
4,45,INT15,2172,CTAAGTACAGGGCTAC-1,2358,3888,0.5262565940618515,0.0825673326609918,1.2940629422664642,1.0,1.0,0.7982335090637207
4,46,INT15,2488,GAACATTAGTATGTTA-1,3879,1705,0.5261062264442444,0.08489191416664349,1.4149418413639068,1.0,1.0,0.7930470287799836
4,47,INT15,1891,CGACTTGCCGGGAAAT-1,15844,13179,0.526098421216011,0.08360958818552819,1.2888711512088775,1.0,1.0,0.7952193498611451
4,48,INT15,1445,CATAACGGACAGTCGT-1,8058,4765,0.5260067075490952,0.07959429703253415,1.3669641315937042,1.0,1.0,0.8023184835910797
4,49,INT15,2764,GATTCCCTTGTCGCAG-1,5966,7713,0.5259573847055435,0.08318973602063494,1.34428790807724,1.0,1.0,0.7994274437427521
4,50,INT15,3118,GGATGAAGATCGCTGA-1,9198,4766,0.5254583150148392,0.08300899701535193,1.4167797029018403,1.0,1.0,0.7904053747653961
4,51,INT15,54,AAATACCTATAAGCAT-1,10147,7497,0.525420504808426,0.08137322527139085,1.275749683380127,1.0,1.0,0.7979744613170624
4,52,INT15,3550,GTGCGTGTATATGAGC-1,9007,5967,0.5252381980419158,0.08329182985933584,1.3386984825134278,1.0,1.0,0.7864161789417267
4,53,INT15,4300,TCTGCGTCCGGTTTCT-1,4063,12516,0.5251873582601547,0.08442203606861028,1.3037522614002228,1.0,1.0,0.7980972945690155
4,54,INT15,729,AGCTAGAAGCAGAAGT-1,5208,4218,0.5250246047973632,0.08071247214552532,1.3936542749404908,1.0,1.0,0.7911150217056274
4,55,INT15,1828,CCTGATTCGCGAAGAA-1,15469,4879,0.5248145133256912,0.08596873409686873,1.4128093779087068,1.0,1.0,0.7982640206813812
4,56,INT15,4922,TTGTGCGGAAGCGGAT-1,12613,14815,0.5245328992605209,0.09023800034852492,1.3435182690620422,1.0,1.0,0.79059317111969
4,57,INT15,645,AGAGTCTTAATGAAAG-1,15660,1712,0.5243427962064743,0.0854590576786891,1.2890422761440277,1.0,1.0,0.7927739799022675
4,58,INT15,1324,CACCCACACGTCACCC-1,4444,10333,0.5242300450801849,0.08399266554539765,1.297494775056839,1.0,1.0,0.7919776797294616
4,59,INT15,1485,CATCTATCCCGTGTCT-1,4638,4108,0.5240514874458313,0.08322780311254395,1.30759756565094,1.0,1.0,0.7962701678276062
4,60,INT15,1395,CAGATCCTGGTTTGAA-1,11663,13176,0.5238999038934707,0.09255442498371794,1.262917047739029,1.0,1.0,0.7991587460041046
4,61,INT15,1856,CCTTTAAGGGAGCACT-1,12236,9573,0.5237515449523926,0.08834377647967695,1.333114618062973,1.0,1.0,0.7924329698085785
4,62,INT15,4389,TGATACATTTAGCCGT-1,11665,10337,0.523731929063797,0.0812841266797662,1.3123263001441956,1.0,1.0,0.7899426639080047
4,63,INT15,1756,CCGTAGGAAATCCCTG-1,12619,4549,0.5236962139606476,0.07864464170833707,1.3070915520191193,1.0,1.0,0.7930132925510407
4,64,INT15,275,AATGTGCTAATCTGAG-1,13755,11539,0.5235836446285248,0.0824931792480309,1.3700886726379395,1.0,1.0,0.7885805189609527
4,65,INT15,2349,CTGGACGCAGTCCGGC-1,10903,13613,0.5234413892030716,0.08411425464623969,1.3366182446479797,1.0,1.0,0.7978748261928559
4,66,INT15,1675,CCCTCATTCTGGAATT-1,4254,10223,0.5233929246664047,0.08233772214337992,1.332096141576767,1.0,1.0,0.7949724137783051
4,67,INT15,3773,TACCTCACCAATTGTA-1,15851,1384,0.5233394503593445,0.08678310117147889,1.4278140723705293,1.0,1.0,0.7911312997341156
4,68,INT15,1857,CCTTTCAATGAAGAAA-1,5968,4655,0.5228779941797257,0.0796599181319105,1.2397585272789002,1.0,1.0,0.8004618108272552
4,69,INT15,2095,CGTATCTAGAACTAAG-1,13760,1929,0.5228502959012985,0.08777203249623561,1.431180191040039,1.0,1.0,0.7791084945201874
4,70,INT15,654,AGATACGACTTCATAT-1,4064,11206,0.522824814915657,0.07559686869766834,1.2568128168582917,1.0,1.0,0.7962552070617676
4,71,INT15,267,AATGATGCGACTCCTG-1,5968,4000,0.5228067636489868,0.08075447565129515,1.298760986328125,1.0,1.0,0.7990442991256714
4,72,INT15,754,AGGACGCTCGATGTTG-1,4638,4326,0.5227501511573791,0.08108387436885287,1.3998204529285432,1.0,1.0,0.7951488435268402
4,73,INT15,2285,CTCGTCGAGGGCTCAT-1,12614,13068,0.5226426601409913,0.09291746782384255,1.3279740035533905,1.0,1.0,0.7973666906356811
4,74,INT15,777,AGGCCTGAGAATCTCG-1,12998,5423,0.5226079076528549,0.07806251447269213,1.3548128306865692,1.0,1.0,0.7932628870010376
4,75,INT15,183,AAGCGCAGGGCTTTGA-1,13947,7062,0.5225539147853852,0.08408859105062,1.3154976308345794,1.0,1.0,0.7979031085968018
4,76,INT15,4141,TCCTAAAGATTCAGAC-1,14138,5861,0.5225400537252426,0.08402592453246,1.3577219128608704,1.0,1.0,0.7970627784729004
4,77,INT15,1130,ATGTGAAAGCCTAATG-1,9954,12629,0.5225248515605927,0.08587929751214964,1.2982494950294494,1.0,1.0,0.7900229215621948
4,78,INT15,3718,TAAGTCGGTGAGCTAG-1,14331,1384,0.5224272012710571,0.09199038322466628,1.3162129640579223,1.0,1.0,0.7934047281742096
4,79,INT15,691,AGCCCGGCATTAGAGG-1,13374,12194,0.5224201291799545,0.08730004301841807,1.2914605975151061,1.0,1.0,0.7950992405414581
4,80,INT15,1747,CCGGGCTAAGAATTTC-1,14514,12850,0.5223555356264115,0.0764974698637743,1.30713809132576,1.0,1.0,0.7897728741168976
4,81,INT15,3068,GGAACTCGTGAATACG-1,15845,10339,0.5222417831420898,0.08314498545620487,1.291681033372879,1.0,1.0,0.7971781313419342
4,82,INT15,2031,CGGCAGGGTCGGGTTG-1,7298,4765,0.5221498966217041,0.08283944064724387,1.24123877286911,1.0,1.0,0.7927394807338715
4,83,INT15,2709,GATATGCGGTAGCCAA-1,4828,5091,0.5221359401941299,0.07775324806527867,1.5023359656333923,1.0,1.0,0.7943586766719818
4,84,INT15,2190,CTACTATCTTTCAGAG-1,6728,4874,0.5221252351999283,0.08013403951287758,1.2445107519626617,1.0,1.0,0.7932594060897827
4,85,INT15,3873,TAGGCGATGAGGTCTC-1,11663,13831,0.5219952940940857,0.07906908177131665,1.3064853429794312,1.0,1.0,0.7796720683574676
4,86,INT15,4796,TTCGTTCAACGAAGTT-1,5588,3563,0.5218522727489472,0.08189361303892306,1.4446678757667542,1.0,1.0,0.7921011924743653
4,87,INT15,3779,TACCTTAAGATTTCCC-1,10524,11865,0.5216615527868271,0.08362167312657756,1.2609427988529205,1.0,1.0,0.7957944929599762
4,88,INT15,3006,GCTCCGCTCGCTTCAG-1,9199,2800,0.5215691715478897,0.07975179693280068,1.4213267326354981,1.0,1.0,0.7844754517078399
4,89,INT15,233,AATAGAATCTGTTTCA-1,10338,5640,0.5214642316102982,0.08445142773271963,1.306193435192108,1.0,1.0,0.7890358388423919
4,90,INT15,904,AGTTCCTACAGAATTA-1,6915,9570,0.5212265849113464,0.08743886176608638,1.1954041302204133,1.0,1.0,0.7957499206066132
4,91,INT15,180,AAGCCGCCGTGAAATC-1,13564,12522,0.5211229443550109,0.08157637529551923,1.2323462426662446,1.0,1.0,0.8001205146312713
4,92,INT15,883,AGTGCTAAACACAGCA-1,12808,5096,0.521080082654953,0.0868268898493626,1.3154712855815887,1.0,1.0,0.7874482274055481
4,93,INT15,4823,TTCTTGTGTCCATCAG-1,6912,14156,0.5209480702877045,0.08774298643003546,1.420918095111847,1.0,1.0,0.7899066984653473
4,94,INT15,982,ATATACATGTATGGTA-1,10522,14923,0.5209249407052994,0.08787343752334435,1.305856066942215,1.0,1.0,0.7944295167922973
4,95,INT15,1592,CCAGGCGAGATGGTCT-1,15654,13288,0.5208903312683105,0.09143766735977164,1.3283391892910004,1.0,1.0,0.7911533057689667
4,96,INT15,4381,TGAGGCATGTACTGTG-1,11853,14159,0.5208891451358795,0.08895317642594563,1.3792970776557922,1.0,1.0,0.7868231356143951
4,97,INT15,1897,CGAGAGCTTTCACTAC-1,13378,5424,0.5207140445709229,0.08277461305828841,1.3539391160011292,1.0,1.0,0.7930868864059448
4,98,INT15,1584,CCAGATAGTTGAGTGA-1,6537,5856,0.5207036465406418,0.08436269420745485,1.3387182474136352,1.0,1.0,0.7878730714321136
4,99,INT15,2480,GAAATGGCGGTGTTAG-1,6915,9351,0.5205485761165619,0.08810440385677291,1.3290293037891387,1.0,1.0,0.7958666503429412
4,100,INT15,773,AGGCCCAGTGACTGGT-1,2923,13389,0.5202771455049515,0.08354222113085068,1.278333342075348,1.0,1.0,0.7915256202220917
4,101,INT15,1205,ATTGGTTGTGCATTAC-1,14899,3459,0.5202223986387253,0.08880501516610748,1.3943906784057618,1.0,1.0,0.7853760600090027
4,102,INT15,135,AACGTGCGAAAGTCTC-1,8057,6949,0.5202035784721375,0.09026520663926514,1.3831107854843139,1.0,1.0,0.7867548167705536
4,103,INT15,1672,CCCTCAAGCTCTTAGT-1,5012,14592,0.5201097011566163,0.08503486802751663,1.3380274295806884,1.0,1.0,0.792854243516922
4,104,INT15,2911,GCGACCCAACCATCTG-1,12425,11429,0.5200595200061798,0.08735680469223589,1.2882582545280457,1.0,1.0,0.7921367466449738
4,105,INT15,2030,CGGCACTCAAGAAAGT-1,3493,11970,0.5200466692447663,0.08393235533954356,1.258987009525299,1.0,1.0,0.7945560693740845
4,106,INT15,4094,TCCCAATATCGACGAC-1,15849,4005,0.5198582798242569,0.08588160809805657,1.2343186378479003,1.0,1.0,0.7946212470531464
4,107,INT15,2226,CTATGAACACCTTGCC-1,14894,11977,0.5196399509906768,0.08239063420941153,1.325103998184204,1.0,1.0,0.7939637482166291
4,108,INT15,822,AGGTTGAGGCACGCTT-1,5396,6948,0.5194618791341782,0.08144192242525661,1.321031391620636,1.0,1.0,0.7933178842067719
4,109,INT15,1125,ATGTACGATGACGTCG-1,13757,8045,0.5193869292736053,0.08196724146239479,1.3650086164474486,1.0,1.0,0.7917443811893463
4,110,INT15,4349,TGAATGAGTGTTTCCC-1,13756,9574,0.5193838745355606,0.08182096144964159,1.3045690298080443,1.0,1.0,0.7856481432914734
4,111,INT15,4708,TTAGTAGGGCGGCGGG-1,7674,12191,0.5192382663488389,0.07954362589226921,1.3133446395397186,1.0,1.0,0.7907484650611878
4,112,INT15,162,AAGAAGGATCAGTTAG-1,3683,12298,0.5190806299448013,0.08475062569243635,1.291048711538315,1.0,1.0,0.7950038850307465
4,113,INT15,1939,CGCACGTCTGTTTATG-1,14135,11540,0.5190751254558563,0.08315680639564975,1.207491362094879,1.0,1.0,0.7974953889846802
4,114,INT15,1986,CGCGGTCACAAACCAA-1,4638,3453,0.5190750807523727,0.0806807174128707,1.2903235137462616,1.0,1.0,0.7880253791809082
4,115,INT15,298,ACAAAGAAGGTAGGCC-1,9952,14595,0.5189726263284683,0.08298586474005232,1.2881443202495575,1.0,1.0,0.7857411861419678
4,116,INT15,4483,TGCTCGGCGAAACCCA-1,12046,8371,0.5189188331365585,0.08098850910606607,1.2365237057209015,1.0,1.0,0.7958121001720428
4,117,INT15,3376,GTACGACGGCGCTGCG-1,3493,12189,0.5188348025083542,0.08128059917810612,1.2901382863521575,1.0,1.0,0.7925096213817596
4,118,INT15,3707,TAAGCGCGAATCAAAT-1,13564,12304,0.5187982767820358,0.08621616886392902,1.3051417946815491,1.0,1.0,0.7879361748695374
4,119,INT15,2438,CTTGGCCAAGCTGGGA-1,12806,8809,0.5187722474336625,0.08622451564659459,1.312568736076355,1.0,1.0,0.7869544446468353
4,120,INT15,62,AAATCTGCCCGCGTCC-1,14703,14707,0.518762829899788,0.08165682067225347,1.3223362386226654,1.0,1.0,0.7936674177646637
4,121,INT15,4691,TTAGACACGATCGTTG-1,4257,5637,0.5187233030796051,0.0885483194651217,1.217529433965683,1.0,1.0,0.7943165600299835
4,122,INT15,2843,GCCAAGAATACTTCTG-1,9953,13940,0.518691000342369,0.08256434839841859,1.3658915340900422,1.0,1.0,0.7905597805976867
4,123,INT15,1889,CGACTCAGGATGTTAT-1,5587,5310,0.5186660885810852,0.08107576699554384,1.3519483268260957,1.0,1.0,0.7880957722663879
4,124,INT15,896,AGTTAAGCGGTCCCGG-1,4257,6292,0.5186486572027207,0.08279360554514018,1.320011430978775,1.0,1.0,0.7897617936134338
4,125,INT15,4623,TGTTATTGTATGTGGC-1,9578,5640,0.5186352640390396,0.07913731691601442,1.3472397387027741,1.0,1.0,0.7854668855667114
4,126,INT15,4806,TTCTCTTACAGGTGAT-1,12993,14160,0.5185891419649125,0.07882997456848963,1.3406927645206452,1.0,1.0,0.7856177091598511
4,127,INT15,3307,GGTCGTAAGCTCGCAC-1,10523,12957,0.5182866632938385,0.07901671162809454,1.3759385466575622,1.0,1.0,0.7849256575107575
4,128,INT15,2471,GAAAGCAGTGCACTTT-1,11856,9136,0.5181698471307754,0.07643835812556202,1.3089927196502686,1.0,1.0,0.7941052556037903
4,129,INT15,659,AGATCTGGAGAGGATA-1,15463,13834,0.5181020855903625,0.08211153370724712,1.2398650228977204,1.0,1.0,0.7862738609313965
4,130,INT15,3645,GTTGGACCGCATCAGG-1,5019,2361,0.5180522322654724,0.08723118798988828,1.3363996922969819,1.0,1.0,0.789624172449112
4,131,INT15,4494,TGGAACCACTGACACA-1,5778,3890,0.5180406659841538,0.08250915467084077,1.305578500032425,1.0,1.0,0.788639897108078
4,132,INT15,2274,CTCGATATTTGCGAGC-1,5588,4218,0.5179766207933426,0.07516248716050451,1.2532121896743775,1.0,1.0,0.7980272948741913
4,133,INT15,2581,GACCTTCCACGTCTAC-1,13757,6953,0.5179283738136291,0.08076639865953908,1.3078048706054688,1.0,1.0,0.7898963868618012
4,134,INT15,4169,TCGAGCCAGGCAGGCC-1,12045,10992,0.5178334444761277,0.0837648975542886,1.3393471002578736,1.0,1.0,0.7936503231525421
4,135,INT15,262,AATGACAGCAATGTCT-1,10334,11756,0.5177871137857437,0.08924582629364461,1.2869112312793731,1.0,1.0,0.7922151684761047
4,136,INT15,595,ACTTTGACTGCATCCT-1,8623,13830,0.5177027940750122,0.08199382326518663,1.390958297252655,1.0,1.0,0.7800607502460479
4,137,INT15,3521,GTGAGCGTGCTGCACT-1,7484,12300,0.5176217734813691,0.08308497340623829,1.2496076464653014,1.0,1.0,0.7835936605930328
4,138,INT15,2681,GAGTATGCCCGCCTTG-1,10525,10336,0.5175512135028839,0.08316038579260361,1.307631492614746,1.0,1.0,0.7870943486690521
4,139,INT15,1289,CAATGTGCCAACCCTT-1,8249,2472,0.5174812465906143,0.08289883366603429,1.3728503584861755,1.0,1.0,0.789801299571991
4,140,INT15,2148,CGTTGCCCGCGTGGGA-1,13565,10120,0.5173727065324784,0.0832324787822673,1.2883077263832092,1.0,1.0,0.783993399143219
4,141,INT15,1369,CACTCCTATGTAAGAT-1,11855,11101,0.5173528820276261,0.08345631560452273,1.31973357796669,1.0,1.0,0.7916152954101563
4,142,INT15,1009,ATCACGTGCTAATTAA-1,9954,11100,0.517218005657196,0.08319540051294501,1.32874755859375,1.0,1.0,0.7925845205783844
4,143,INT15,1582,CCAGAAAGCAACTCAT-1,11095,11101,0.5171564847230912,0.08938190271577864,1.3408339858055114,1.0,1.0,0.786349219083786
4,144,INT15,4897,TTGGCTCAATATGTGT-1,13570,2694,0.5171316206455231,0.08454421220454787,1.2815246045589448,1.0,1.0,0.7931197583675385
4,145,INT15,4565,TGGTTAACTTACATTT-1,12613,14160,0.5170792639255524,0.0827348562631549,1.3428346931934356,1.0,1.0,0.7884891331195831
4,146,INT15,3248,GGGCGTCCACTGGCTC-1,4257,5855,0.5170508444309234,0.085758046604618,1.3179536044597626,1.0,1.0,0.7811454176902771
4,147,INT15,4572,TGTAAGACTGATAAGA-1,13753,15034,0.5170117229223251,0.08001774309599634,1.33560910820961,1.0,1.0,0.7842202723026276
4,148,INT15,3830,TAGAAATTCACGTATA-1,8053,13938,0.5169925332069397,0.0866070592047053,1.2837712287902832,1.0,1.0,0.7891213297843933
4,149,INT15,2328,CTGCAGGGTGACGCTC-1,15660,2149,0.5169661432504654,0.08206165499284084,1.3702879965305328,1.0,1.0,0.7897093951702118
4,150,INT15,877,AGTGAGTCGAATTAAC-1,13950,3131,0.5168333321809768,0.07612799760321748,1.2482644081115724,1.0,1.0,0.7845672488212585
4,151,INT15,696,AGCCCTTCTAATCCGA-1,4448,3780,0.5167049914598465,0.0810284496737591,1.24942347407341,1.0,1.0,0.7899024188518524
4,152,INT15,2896,GCCTCAGGTACCGGTC-1,15654,12851,0.5167043149471283,0.08344538910653646,1.3418784439563751,1.0,1.0,0.7927154183387757
4,153,INT15,2432,CTTGAGGTTATCCCGA-1,3493,12407,0.516651040315628,0.08773187188496784,1.3464502155780793,1.0,1.0,0.7879988431930542
4,154,INT15,3631,GTTCGGGCGTACCATT-1,7299,3236,0.5165636509656906,0.0855348733075478,1.3171024024486542,1.0,1.0,0.7855459749698639
4,155,INT15,309,ACAAGGATGCTTTAGG-1,12808,5532,0.5165397733449936,0.0827961503772253,1.2676332950592042,1.0,1.0,0.7888762772083282
4,156,INT15,3816,TACTCTTTCGTCTTCA-1,12235,10010,0.5164376616477966,0.09039286317583298,1.2763248562812806,1.0,1.0,0.7901422441005707
4,157,INT15,3678,TAAAGCTGCAATAGGG-1,4448,4436,0.5164176404476166,0.08380720246961289,1.2396832168102265,1.0,1.0,0.7899341523647309
4,158,INT15,2543,GAATTTCTCGCTGCAG-1,6534,11753,0.5164064794778824,0.08334613785425064,1.335395336151123,1.0,1.0,0.787509274482727
4,159,INT15,4878,TTGCGTGTGTAGGCAT-1,14328,5970,0.5163278996944427,0.08124729813494708,1.289434516429901,1.0,1.0,0.7858864486217498
4,160,INT15,2526,GAATAGCCCTGCGGTC-1,4639,3016,0.5162827402353287,0.07964173627437472,1.3129574596881866,1.0,1.0,0.7852210402488708
4,161,INT15,1216,ATTTCCGGGTTCTGCG-1,11665,11210,0.5162161439657211,0.0797993030589113,1.3572477459907533,1.0,1.0,0.7881627559661866
4,162,INT15,3080,GGACCTACGGTAACGT-1,4449,3125,0.5162015467882156,0.08411817747031457,1.318379384279251,1.0,1.0,0.7895955443382263
4,163,INT15,3405,GTAGTTCGAAGGCGAA-1,13565,10775,0.5161800295114517,0.0862926146949814,1.298551720380783,1.0,1.0,0.7911320626735687
4,164,INT15,730,AGCTATTTAATCCAAC-1,4256,6947,0.5161605656147004,0.09039355509311116,1.3025136232376098,1.0,1.0,0.7931972920894623
4,165,INT15,3163,GGCCTTTGCAACTGGC-1,8053,14157,0.5160947322845459,0.08198297679261697,1.3737386882305145,1.0,1.0,0.782314682006836
4,166,INT15,4855,TTGATTAGCTGTTTCT-1,10334,11319,0.5160875767469406,0.08011386823216111,1.2795423090457916,1.0,1.0,0.7913420975208283
4,167,INT15,907,AGTTGACATCGGCTGG-1,3113,12188,0.5160575062036514,0.0860934964567717,1.2386388301849365,1.0,1.0,0.7920155048370361
4,168,INT15,1340,CACCGTTGCGCGATAT-1,10144,11865,0.5160520613193512,0.09353238289247331,1.2823868989944458,1.0,1.0,0.7887616157531738
4,169,INT15,1853,CCTTCTTGATCCAGTG-1,4826,7057,0.5158736348152161,0.08162891860980306,1.2391253352165221,1.0,1.0,0.7898976802825928
4,170,INT15,2143,CGTTCATGGTGCGCGT-1,10334,12848,0.5158664673566818,0.08086482725081984,1.3509528994560243,1.0,1.0,0.7909608542919159
4,171,INT15,483,ACGGACTCTCAAAGCG-1,12807,6843,0.5158077478408813,0.079205362202072,1.335499680042267,1.0,1.0,0.7885958433151246
4,172,INT15,4928,TTGTGTATGCCACCAA-1,11856,8480,0.51578369140625,0.08416918897607012,1.2291153430938722,1.0,1.0,0.7840847194194793
4,173,INT15,2784,GCAACCACGGCCGCGT-1,9384,11864,0.5157502382993698,0.08218109656871982,1.3262853980064393,1.0,1.0,0.7874926626682281
4,174,INT15,1817,CCTCTACAAGGATTGG-1,13944,12085,0.5156390458345413,0.0824845486563087,1.3390623927116394,1.0,1.0,0.7813225984573364
4,175,INT15,1337,CACCGGTAGAGACATT-1,13754,13287,0.5154509902000427,0.08886381625666882,1.2763834238052367,1.0,1.0,0.7879815518856048
4,176,INT15,2295,CTCTATTTGGCTGCAG-1,10337,7606,0.5154141694307327,0.08726149705778026,1.2274990141391755,1.0,1.0,0.7858068883419037
4,177,INT15,3078,GGACACCTCGGTGTTG-1,15467,8155,0.5153982490301132,0.09200744071894827,1.2899310410022735,1.0,1.0,0.7927315294742584
4,178,INT15,2278,CTCGCTAGGTAAGCGA-1,14899,4551,0.5153919696807862,0.0761311611503218,1.2849613428115845,1.0,1.0,0.7871798157691956
4,179,INT15,524,ACTACGCGTTAGAATT-1,12616,8918,0.5153316587209702,0.08292668311764095,1.2616707146167756,1.0,1.0,0.7920993745326996
4,180,INT15,364,ACATCGGTCAGCCGCG-1,9004,10990,0.5152499258518219,0.0837031089949577,1.2035737812519074,1.0,1.0,0.790362399816513
4,181,INT15,1089,ATGCACTACCGCATTG-1,6345,10115,0.5152274578809738,0.0859442357862877,1.2476134061813355,1.0,1.0,0.7951521158218384
4,182,INT15,779,AGGCGGTTTGTCCCGC-1,12424,13177,0.515142747759819,0.08575302218043894,1.2547523498535156,1.0,1.0,0.7887478768825531
4,183,INT15,3536,GTGCACGAAAGTGACT-1,4446,7275,0.5151162832975388,0.08672029871845957,1.2857566595077514,1.0,1.0,0.7899788022041321
4,184,INT15,1191,ATTGAATTCCCTGTAG-1,15661,1493,0.5151136487722396,0.08285569878310615,1.3845654487609864,1.0,1.0,0.7850219190120697
4,185,INT15,715,AGCGGCGGTTAGCGGT-1,10713,13722,0.5150835931301116,0.08526142067609778,1.3308530747890472,1.0,1.0,0.7843025922775269
4,186,INT15,107,AACCCGCTGTATTCCA-1,15466,8592,0.5150398224592209,0.08408023711084053,1.1979890406131743,1.0,1.0,0.7864969968795776
4,187,INT15,4710,TTAGTTCAAGTGTTCG-1,5399,2798,0.5150316476821899,0.08750018528778959,1.4244324624538423,1.0,1.0,0.7861124098300933
4,188,INT15,2695,GATAAGGCAGATGCAA-1,3113,11970,0.5149866938591003,0.08754602590281435,1.3239692330360413,1.0,1.0,0.7859219372272491
4,189,INT15,1455,CATACGGGTGCATGAT-1,2163,13171,0.5149444818496705,0.0825857657524394,1.3584916472434998,1.0,1.0,0.7865117251873016
4,190,INT15,1416,CAGGCAGTCTTACCAG-1,13568,5751,0.5148776531219482,0.08646608713124881,1.2470463812351227,1.0,1.0,0.7898116648197174
4,191,INT15,2511,GAAGCTCGGACCCGTC-1,11664,12739,0.5148351609706878,0.08429669016674066,1.3999864101409911,1.0,1.0,0.7884250402450561
4,192,INT15,2514,GAAGGACTAAATTGAA-1,1972,13498,0.5148036301136016,0.08129623979545066,1.220339411497116,1.0,1.0,0.7889421582221985
4,193,INT15,3130,GGCAAAGGCGCCAATA-1,11475,11320,0.514725786447525,0.0855547576473011,1.2957764089107513,1.0,1.0,0.7859525799751281
4,194,INT15,1965,CGCCGGTGTCGCAGTA-1,2930,1158,0.5146383017301559,0.08524032819220265,1.3840755641460418,1.0,1.0,0.7873383581638336
4,195,INT15,3236,GGGCCTAAATGGGCTA-1,9763,14049,0.5145933270454407,0.08878426087261004,1.3209558248519897,1.0,1.0,0.7830645442008972
4,196,INT15,2563,GACATCGATTTATAAC-1,11095,9572,0.5145120024681091,0.08206477060361712,1.1872110784053802,1.0,1.0,0.7921716928482055
4,197,INT15,211,AAGTGACGACCGAATT-1,9004,12301,0.5144890576601029,0.08838975256010866,1.4245441675186157,1.0,1.0,0.7803583681583405
4,198,INT15,312,ACAAGTAATTGTAAGG-1,15844,12742,0.5144860088825226,0.08785273957916336,1.2595959782600403,1.0,1.0,0.7858307182788848
4,199,INT15,1792,CCTATGGGTTACCGTC-1,6726,7495,0.5144082367420196,0.0868767581855265,1.369528090953827,1.0,1.0,0.7918651878833771
4,200,INT15,4779,TTCGCCGCTCGCGCTA-1,12043,14050,0.5143801420927048,0.08613417561786496,1.292108988761902,1.0,1.0,0.792418771982193
4,201,INT15,3081,GGACCTCTAGGCCGCC-1,12234,11757,0.5143773794174195,0.08819384800677489,1.323076593875885,1.0,1.0,0.7904950439929962
4,202,INT15,1069,ATCTGGGCTGTTCTTG-1,12807,7498,0.5143032133579254,0.09013656238601553,1.2934356570243835,1.0,1.0,0.7864055633544922
4,203,INT15,4281,TCTCGTGTTACGAGGA-1,9763,14486,0.5142514199018479,0.0893296354179707,1.2561562538146973,1.0,1.0,0.7882423758506775
4,204,INT15,3801,TACGTAAAGCGGAGTG-1,13189,3785,0.5142315536737442,0.08748723331427143,1.2966185748577117,1.0,1.0,0.7821150720119476
4,205,INT15,2629,GAGAGGTGCATTCTGG-1,9574,11974,0.5141843974590301,0.08266153963717103,1.2320225298404694,1.0,1.0,0.7881831288337707
4,206,INT15,1607,CCATAGAGGCTGCCAG-1,12613,14596,0.5141495704650879,0.07970406862044861,1.3241799414157867,1.0,1.0,0.7933072626590729
4,207,INT15,493,ACGGGTCATGTGACTT-1,4062,14045,0.5140128672122956,0.09208735622171776,1.3066315591335296,1.0,1.0,0.7867472350597382
4,208,INT15,4195,TCGCTAAACCGCTATC-1,4827,5309,0.5138974577188492,0.08577062262725536,1.3605420589447021,1.0,1.0,0.7861856281757355
4,209,INT15,3506,GTCTTGAGGAGCAGTG-1,8439,2363,0.5138397246599198,0.07682666077851094,1.2184199273586274,1.0,1.0,0.7869758844375611
4,210,INT15,593,ACTTTATACACCACTT-1,15273,13943,0.5138228058815002,0.07914570239285063,1.330103063583374,1.0,1.0,0.7816989302635193
4,211,INT15,2597,GACGTGTAGGGATTAT-1,6534,11535,0.5138210922479629,0.08333800699419038,1.3859617054462432,1.0,1.0,0.7829463541507721
4,212,INT15,2661,GAGGCCCGACTCCGCA-1,11664,12521,0.5136806666851044,0.08519023282428101,1.3832792460918426,1.0,1.0,0.7901583671569824
4,213,INT15,4719,TTATCCTCAAGGAATA-1,11093,13067,0.513532841205597,0.08724201069218768,1.3050900638103484,1.0,1.0,0.7850100576877594
4,214,INT15,4235,TCGTCACACTGTTAGC-1,6343,12955,0.5135282188653946,0.08494198505742227,1.3804800927639007,1.0,1.0,0.7912316739559173
4,215,INT15,128,AACGGCCATCTCCGGT-1,10145,10773,0.5134534955024719,0.08688152136122762,1.2382026374340058,1.0,1.0,0.7876453578472138
4,216,INT15,95,AACATTGAAGTTGATC-1,13944,12522,0.5134351849555969,0.0837319624158294,1.3351116538047791,1.0,1.0,0.785906720161438
4,217,INT15,304,ACAACGGTCCCTGCGA-1,5394,11753,0.513415950536728,0.08717667942613666,1.2125830054283142,1.0,1.0,0.7873792886734009
4,218,INT15,4925,TTGTGGTAGGAGGGAT-1,10714,11974,0.5133902907371521,0.07571559978184211,1.2845081329345702,1.0,1.0,0.7791317105293274
4,219,INT15,2202,CTAGCCCGGGAGACGA-1,15845,10994,0.5132023423910141,0.08534661550415543,1.2492014646530152,1.0,1.0,0.7921582102775574
4,220,INT15,1896,CGAGAGCGCGTAGATA-1,9763,14267,0.5131965905427933,0.0866396486439136,1.1924942493438722,1.0,1.0,0.7854141414165496
4,221,INT15,3431,GTCAACCAGGCCTATA-1,13569,3786,0.5131063252687454,0.08541544736184979,1.3632560551166535,1.0,1.0,0.7900175094604492
4,222,INT15,1345,CACCTTGCGAAACTCG-1,5777,5856,0.5131052047014236,0.08670121949184656,1.3106077849864959,1.0,1.0,0.7895960450172425
4,223,INT15,1812,CCTCGGACCGGGATAG-1,9008,5749,0.5131039679050445,0.08305949562526348,1.3187165141105652,1.0,1.0,0.7886837899684906
4,224,INT15,788,AGGGACTCTACGCGAC-1,11666,9245,0.5130852460861206,0.07987903826605915,1.2000866413116456,1.0,1.0,0.785728120803833
4,225,INT15,2102,CGTCACGTCCATTGGT-1,10145,9462,0.5130813539028167,0.0861189766159883,1.2906050384044647,1.0,1.0,0.7906545102596283
4,226,INT15,649,AGATAACTTCAGGGCC-1,7295,10225,0.5130700975656509,0.08194769896160227,1.2879670917987824,1.0,1.0,0.7896723747253418
4,227,INT15,439,ACCTCAGCGAGGCGCA-1,15849,4224,0.5130617946386338,0.0778694400920204,1.3278160035610198,1.0,1.0,0.7829961121082306
4,228,INT15,1010,ATCACTTCATCCTCGC-1,5206,7712,0.5130405813455582,0.08116075468368482,1.3054564714431762,1.0,1.0,0.7790683627128601
4,229,INT15,4260,TCTAGCATGCCCAGAA-1,10336,7824,0.5130321055650711,0.08290937657738558,1.2456073760986328,1.0,1.0,0.7856382608413697
4,230,INT15,4319,TCTTAGAGCTCCAATT-1,8819,3237,0.5129282295703887,0.08495109059035849,1.2319972336292266,1.0,1.0,0.7884187161922455
4,231,INT15,1613,CCATCCATACCAAGTC-1,3874,10878,0.5129273355007171,0.08585227655828599,1.2360482811927795,1.0,1.0,0.7824991405010223
4,232,INT15,4457,TGCGACACCCTAGTGC-1,9955,10008,0.5129256099462509,0.08809321751562686,1.38444042801857,1.0,1.0,0.7841375470161438
4,233,INT15,4322,TCTTCCCATGGGCACA-1,7298,4546,0.5128617942333221,0.08293838233390312,1.4006445586681366,1.0,1.0,0.7860109448432923
4,234,INT15,3451,GTCCACGTCGCATTCG-1,13380,2147,0.5128156632184983,0.08580291973317064,1.271244090795517,1.0,1.0,0.7835185587406158
4,235,INT15,2254,CTCATTCGTGAACATC-1,6342,14702,0.5127231895923614,0.08568391845813274,1.281985068321228,1.0,1.0,0.786610734462738
4,236,INT15,3372,GTAATAAAGGGCTCCC-1,7108,3782,0.512695261836052,0.08490057048705894,1.3199058592319488,1.0,1.0,0.7896785020828248
4,237,INT15,3673,TAAACGTCGTCAATGA-1,4632,13718,0.5126892030239105,0.08704986536286817,1.3539185166358947,1.0,1.0,0.791753625869751
4,238,INT15,797,AGGGTCGATGCGAACT-1,8248,4438,0.5126006007194519,0.08161998735510262,1.342184692621231,1.0,1.0,0.7912200212478637
4,239,INT15,1969,CGCCTGGCCTACGTAA-1,9004,12083,0.5125665605068207,0.08039740237272426,1.2919318914413451,1.0,1.0,0.7869663417339325
4,240,INT15,1886,CGACCGTTGGTATTCG-1,15464,12086,0.5125632643699646,0.08314956943389222,1.2426492989063262,1.0,1.0,0.7916847765445709
4,241,INT15,3122,GGATGTCCTTACCGCA-1,7868,5093,0.5124941647052765,0.08702189937910454,1.2414394617080688,1.0,1.0,0.788918960094452
4,242,INT15,1598,CCAGTCTAGACGGCGC-1,5777,5638,0.5122935235500335,0.08684314075518139,1.3080122947692872,1.0,1.0,0.7894599199295044
4,243,INT15,4037,TCAGACGCTATAGAAG-1,10337,7169,0.5122001528739929,0.08188601683404415,1.3629940092563628,1.0,1.0,0.7889328062534332
4,244,INT15,935,ATAATTAGCTAAGTAG-1,13377,8044,0.5121916830539703,0.0836417561515662,1.3324438273906707,1.0,1.0,0.7919124484062194
4,245,INT15,2838,GCATTCGAAATGAACA-1,6533,13501,0.512186473608017,0.08935794575382142,1.3571307897567748,1.0,1.0,0.7825937330722809
4,246,INT15,4163,TCGAATATCCCGCAGG-1,12234,11538,0.512171995639801,0.07692548872652916,1.2380027770996094,1.0,1.0,0.7905548453330994
4,247,INT15,2013,CGGAAAGAATCAAACG-1,12235,9791,0.5121440827846527,0.08385376307564862,1.2645706713199616,1.0,1.0,0.782232266664505
4,248,INT15,2772,GATTTAGTGCGTACTG-1,4070,1159,0.5121127992868424,0.08612122324816499,1.24295175075531,1.0,1.0,0.789701372385025
4,249,INT15,4368,TGACTCCGAATCATAC-1,12994,13286,0.5120265930891037,0.08103460900607456,1.270010870695114,1.0,1.0,0.789134967327118
4,250,INT15,1680,CCCTGACTAACAAATT-1,8433,13720,0.5120135605335235,0.08625362192314752,1.2285816431045533,1.0,1.0,0.7875990092754364
4,251,INT15,3300,GGTCCACGTCTATTTG-1,15084,12305,0.5120094150304795,0.07428479683992639,1.269369888305664,1.0,1.0,0.7925155758857727
4,252,INT15,3847,TAGATTCCTGGTTATT-1,7293,12846,0.5119989722967148,0.08407698575937103,1.3437133252620697,1.0,1.0,0.7811373174190521
4,253,INT15,98,AACCAAGACTTCTCTG-1,8054,12410,0.5119435250759125,0.08615928420655317,1.2453862488269807,1.0,1.0,0.7887604296207428
4,254,INT15,1562,CCACAGCTGAAATCAT-1,2733,11970,0.5119327366352081,0.08581001610755815,1.2311557352542877,1.0,1.0,0.7886369943618774
4,255,INT15,2033,CGGCCAGAGCGACCAT-1,13946,9683,0.5119197219610214,0.0839826540446331,1.3005664765834808,1.0,1.0,0.7832655847072602
4,256,INT15,2331,CTGCCATGCATCACAT-1,8816,8260,0.5118910163640976,0.08707560287482476,1.3561393439769744,1.0,1.0,0.7761942327022553
5,1,INT15,1945,CGCATCATGGCTTCAG-1,2927,5745,0.18821271657943725,0.012448213441452348,0.2514532691799104,1.0,0.0,0.33756340146064756
5,2,INT15,4240,TCGTGTATTGGTCACG-1,11290,2255,0.18621934950351715,0.005731725105682776,0.24907654542475938,1.0,0.0,0.33113346695899964
5,3,INT15,3618,GTTCAATCTATGTCAA-1,1977,5854,0.18478609025478362,0.007251076453489108,0.2715929614380002,1.0,0.0,0.32455710172653196
5,4,INT15,2015,CGGAAATTTCACATCC-1,1977,6072,0.1837482199072838,0.005031994709805425,0.170528947096318,1.0,0.0,0.3164166688919067
5,5,INT15,149,AACTGAGTTATACTGA-1,10910,1163,0.18364228159189225,0.008697704325001962,0.18927805833518505,1.0,0.0,0.33092286586761477
5,6,INT15,1478,CATCCTCTCAAAGATC-1,11478,4986,0.1830042064189911,0.009102396946044856,0.261360589414835,1.0,0.0,0.30967774242162704
5,7,INT15,246,AATCATGTAAAGACTC-1,11479,4330,0.1827070564031601,0.005454105025221639,0.16558133997023106,1.0,0.0,0.3223759323358536
5,8,INT15,228,AATAATCTTCGTATCG-1,11100,1709,0.18216394633054733,0.006109233655201725,0.22289681173861026,1.0,0.0,0.31627204120159147
5,9,INT15,2206,CTAGGCGCCCTATCAG-1,10908,5095,0.18122658431529998,0.00784683423471035,0.2592706593684852,1.0,0.0,0.3174624860286713
5,10,INT15,3577,GTGGTGATGGTTTGTG-1,11480,1273,0.18113218992948532,0.005158622250015192,0.17600588630884886,1.0,0.0,0.32109797894954684
5,11,INT15,2354,CTGGCGCACAGGTCTG-1,8248,5311,0.18052141070365907,0.006440226348455292,0.22981116753071545,1.0,0.0,0.3161213517189026
5,12,INT15,1,AAACAAGTATCTCCCA-1,10719,3893,0.18049049377441406,0.0040148313846262666,0.2508914727717638,1.0,0.0,0.31564392149448395
5,13,INT15,3644,GTTGCGGACGGTCAGG-1,11290,2037,0.18004895597696305,0.0060243846037348475,0.08847016207873822,1.0,0.0,0.3122085124254227
5,14,INT15,2215,CTAGTTACAACCCGGT-1,11287,7716,0.17969920337200165,0.008424682194549615,0.11906747184693814,1.0,0.0,0.32177776396274566
5,15,INT15,404,ACCCGGAAACTCCCAG-1,12047,7935,0.17946125715970992,0.00683490235520422,0.12457328550517559,1.0,0.0,0.3216980487108231
5,16,INT15,2474,GAAATACCTGCTGGCT-1,2547,5745,0.17943433970212935,0.006722268342935315,0.20132518354803325,1.0,0.0,0.3076347023248672
5,17,INT15,1330,CACCCTTTCCTCGCTC-1,2734,10659,0.17855109870433808,0.00804864046337572,0.12478824555873871,0.9,0.0,0.2775877952575684
5,18,INT15,1251,CAACGTGGTGGAGTCT-1,11670,2692,0.17829606384038926,0.007901837624563523,0.21444688327610492,1.0,0.0,0.31825222074985504
5,19,INT15,1847,CCTGTTTGAAGACACG-1,12238,4768,0.1782649949193001,0.011231608088945445,0.08436872810125351,1.0,0.0,0.3054982736706734
5,20,INT15,3327,GGTGGACCACGTGTTA-1,2548,3561,0.17826117873191832,0.00977331744460007,0.13830425068736077,1.0,0.0,0.31391778588294983
5,21,INT15,1338,CACCGTATCCCATCCG-1,11099,3675,0.17800915390253066,0.004964579048191906,0.14274633005261422,1.0,0.0,0.30880891978740693
5,22,INT15,1298,CACACACGCTAACGAG-1,11669,3784,0.17799887359142302,0.005644558982799645,0.05090185701847076,1.0,0.0,0.3224971771240234
5,23,INT15,4730,TTATTATCTGGAAGGC-1,11670,1819,0.1778874948620796,0.008706181828539234,0.07778782313689589,1.0,0.0,0.31101960986852645
5,24,INT15,511,ACGTTCCGCGCTCCGT-1,2735,9130,0.1775313749909401,0.010467716091166118,0.19336127336136996,1.0,0.0,0.31080868691205976
5,25,INT15,350,ACAGGCTTGCCCGACT-1,11288,5532,0.17744488567113875,0.007243729702980396,0.20247177556157112,1.0,0.0,0.2950521096587181
5,26,INT15,4350,TGAATGTCAGCCGGCC-1,10149,3128,0.17743194699287415,0.011179951697212925,0.24370745569467545,1.0,0.0,0.31828973442316055
5,27,INT15,2238,CTCAAGACATTAGCGC-1,3878,3889,0.17720964848995208,0.00685191556846268,0.08650841116905213,1.0,0.0,0.3213953524827957
5,28,INT15,3756,TACATGCCGGAATTGT-1,11480,1709,0.17711452692747115,0.006475173010694916,0.09735241048038006,1.0,0.0,0.3201457917690277
5,29,INT15,571,ACTGTTTAGTGTAGGC-1,1785,8584,0.1770737200975418,0.007251669813908576,0.19444358833134173,1.0,0.0,0.29907186031341554
5,30,INT15,920,ATAAAGGTCAAGTACG-1,2167,5745,0.17688548266887666,0.012022711114059201,0.18907283321022988,0.9,0.0,0.27988154590129855
5,31,INT15,3137,GGCACTCAGCCGACCC-1,11670,1600,0.17687920928001405,0.009949303929760685,0.1121646746993065,0.9,0.0,0.2826162904500961
5,32,INT15,4218,TCGGGAGACAGCGTAC-1,12427,7280,0.17681021690368653,0.006807063944142879,0.16570869833230972,1.0,0.0,0.29681811630725863
5,33,INT15,1610,CCATATGGAAACTATA-1,11289,3784,0.1767848700284958,0.008073288924991555,0.04877564087510109,0.9,0.0,0.2820971190929413
5,34,INT15,1201,ATTGGATTACAGCGTA-1,11479,3894,0.1764957994222641,0.006117036198963839,0.24175575906410812,1.0,0.0,0.3059711292386055
5,35,INT15,2755,GATGTCGGTCAACTGC-1,2926,7056,0.17642524987459182,0.007183066516881591,0.1574761301279068,1.0,0.0,0.3143928498029709
5,36,INT15,3463,GTCCTACGAATAGTCT-1,11288,5095,0.17639745771884918,0.007626308170307277,0.17755751088261604,1.0,0.0,0.3176625818014145
5,37,INT15,3815,TACTCTTACTTTACTG-1,12429,2911,0.17611379325389862,0.004896651688584485,0.1692673172801733,1.0,0.0,0.31538798809051516
5,38,INT15,2391,CTGTTCACTGCCTGTG-1,5395,8913,0.17567486464977264,0.005469697251876634,0.0586534708738327,1.0,0.0,0.32452350556850434
5,39,INT15,567,ACTGTATACGCGAGCA-1,3114,11096,0.1755421131849289,0.0069647114989562445,0.1567011268809438,1.0,0.0,0.315175449848175
5,40,INT15,870,AGTGAACAAACTTCTC-1,9579,3892,0.17546287178993225,0.005630846317897982,0.15913863303139805,1.0,0.0,0.3051005437970161
5,41,INT15,2321,CTGCAAATGGGCTCCA-1,1215,8037,0.17522600144147873,0.006884222286374623,0.12051753550767899,1.0,0.0,0.3087428599596024
5,42,INT15,1771,CCTAAATTGTATCCTA-1,11100,2583,0.17510762214660644,0.00919161151210096,0.29238711558282376,1.0,0.0,0.2915338844060898
5,43,INT15,3176,GGCGGGCTCTAAGAGT-1,11290,1163,0.17506232261657714,0.004066392316777978,0.1498918503522873,1.0,0.0,0.29553512036800383
5,44,INT15,572,ACTTACGCATCCACGC-1,12237,6515,0.1749933734536171,0.005379069715770271,0.07773358821868896,1.0,0.0,0.31212911009788513
5,45,INT15,1860,CGAACAGTATGGGCGT-1,10718,4548,0.17492334097623824,0.0083499320406065,0.08827673802152276,1.0,0.0,0.30636198073625565
5,46,INT15,424,ACCGATATTTAATCAT-1,11480,1928,0.17491256296634675,0.0041007204572686435,0.1640638779848814,1.0,0.0,0.30885556936264036
5,47,INT15,405,ACCCGGAGCACCACAA-1,12430,1601,0.17490368485450744,0.010616001988993082,0.23300252705812455,1.0,0.0,0.29805706441402435
5,48,INT15,367,ACATCTCAACGCGTAA-1,1976,6946,0.17483719289302826,0.00921404214391242,0.10928015559911727,1.0,0.0,0.30937144011259077
5,49,INT15,1639,CCCAGGTCTGAAGGCT-1,11289,2911,0.17480936050415039,0.004356018875019538,0.09296379038132727,1.0,0.0,0.31087694466114046
5,50,INT15,4663,TTAATGCGAGGTAACT-1,1976,7383,0.17480359971523285,0.003349188952080587,0.08977344222366809,1.0,0.0,0.3040095120668411
5,51,INT15,4373,TGAGATCAAATACTCA-1,2546,8147,0.17478438466787338,0.006578857267002699,0.07704657018184662,1.0,0.0,0.3113199293613434
5,52,INT15,4180,TCGCATTCAATGACTT-1,2924,10987,0.17472536414861678,0.006785533517057331,0.0325165256857872,1.0,0.0,0.31626294255256654
5,53,INT15,1227,CAAACGTGGTCTTGCG-1,1976,6509,0.17447549402713775,0.008960934381596296,0.12402713969349861,1.0,0.0,0.3017188847064972
5,54,INT15,642,AGAGGTATCTCGGTCC-1,1785,9457,0.1743957668542862,0.006207735571037791,0.23096173517405988,1.0,0.0,0.2984229072928429
5,55,INT15,3141,GGCAGCAAACCTATGC-1,10909,3784,0.17433486878871918,0.006665903244397087,0.20732287066057326,1.0,0.0,0.2943838894367218
5,56,INT15,2065,CGGTCAGTCCATATTT-1,12240,1273,0.17427759915590285,0.002846910816619463,0.2282893881201744,1.0,0.0,0.2980166330933571
5,57,INT15,976,ATAGTCTTTGACGTGC-1,2546,7711,0.1741128757596016,0.00801649217054319,0.15947140352800487,1.0,0.0,0.30239385515451433
5,58,INT15,177,AAGCATACTCTCCTGA-1,11287,7497,0.1739293798804283,0.0041462909478981545,0.24189128912985325,1.0,0.0,0.2958422929048538
5,59,INT15,4840,TTGACGATTCAGCACG-1,2925,9458,0.17387629449367523,0.009020692033916235,0.21732404176145792,1.0,0.0,0.29549363255500793
5,60,INT15,2431,CTTGACCCGAAAGATA-1,2925,8803,0.17377567887306214,0.011549663334867339,0.08355765119194984,1.0,0.0,0.3144689902663231
5,61,INT15,4139,TCCGTTAAGCTAATAT-1,11099,4112,0.1737165004014969,0.004397937763510132,0.19201901983469724,1.0,0.0,0.3091554418206215
5,62,INT15,504,ACGTGACAAAGTAAGT-1,11093,14595,0.17369201332330703,0.007416338816212195,0.1696912926621735,1.0,0.0,0.2876040324568748
5,63,INT15,2183,CTACGAACTAGGTCGA-1,2166,7055,0.17349320650100708,0.0044192783536395296,0.13450583638623356,1.0,0.0,0.30435325801372526
5,64,INT15,3486,GTCTAAGATGCCCAGC-1,1979,1486,0.17348066717386246,0.010334616422370992,0.11556537384167313,1.0,0.0,0.3083457246422768
5,65,INT15,4471,TGCGGTCTACGAGTAA-1,1217,4761,0.1734118402004242,0.007716861878354762,0.17911406196653842,0.9,0.0,0.2785879075527191
5,66,INT15,3111,GGATCAGAGCCATCAG-1,9382,14922,0.1733440339565277,0.003255935480694153,0.17742310697212815,1.0,0.0,0.292308846116066
5,67,INT15,4082,TCCAGCGCTATAAGCG-1,11100,2364,0.17331541180610657,0.006891378827934548,0.15403341818600894,1.0,0.0,0.30273087322711945
5,68,INT15,349,ACAGGCACGGATCCTT-1,14329,4660,0.17318626642227172,0.0074364044575882405,0.20860690297558904,1.0,0.0,0.2840675562620163
5,69,INT15,4402,TGATTATGGCACGCAG-1,3689,2906,0.17314596027135848,0.007021666149025072,0.16718659214675427,1.0,0.0,0.298613129556179
5,70,INT15,4189,TCGCCGGTCGATCCGT-1,4826,8367,0.1731186792254448,0.006509931178639478,0.16185320392251015,1.0,0.0,0.2921396389603615
5,71,INT15,1096,ATGCGACAATTGGTCC-1,3689,3125,0.17309405356645585,0.008397166969358565,0.1580782757140696,1.0,0.0,0.3086033001542091
5,72,INT15,1258,CAACTTGTAGTGGGCA-1,2924,10550,0.1730289176106453,0.008425551364101443,0.1047533880919218,0.9,0.0,0.2733540922403336
5,73,INT15,4538,TGGGCAGGCCACCGCA-1,11480,2365,0.17301284670829772,0.00949259506898749,0.1168678268790245,1.0,0.0,0.30402330607175826
5,74,INT15,732,AGCTCCTTCGCACATC-1,11098,5641,0.17299297749996184,0.0067909284353070126,0.14020132943987845,1.0,0.0,0.30375784635543823
5,75,INT15,2520,GAAGTCTCCCTAGCGA-1,8248,5093,0.17290232628583907,0.006061953739825664,0.14358601197600365,0.9,0.0,0.2724409490823746
5,76,INT15,2623,GAGACCCTGCAACGCC-1,3309,2906,0.17281020134687425,0.006337284959424509,0.1668682181276381,1.0,0.0,0.30254720598459245
5,77,INT15,824,AGTAACGTTCATCCTG-1,2167,5089,0.17274292111396788,0.007530480100762811,0.1760404975619167,1.0,0.0,0.28930693566799165
5,78,INT15,2262,CTCCGGCCTAATATGC-1,4825,8586,0.17270751744508744,0.0056440628281785145,0.15198863074183463,1.0,0.0,0.2959774434566498
5,79,INT15,4416,TGCAATTTGGGCACGG-1,3878,3671,0.17269676625728608,0.0064377420745258184,0.007687947899103165,1.0,0.0,0.31248881220817565
5,80,INT15,3470,GTCGATAGGTGACTTT-1,11290,1819,0.1726097822189331,0.004508783695754907,0.13375575393438338,1.0,0.0,0.2905476361513138
5,81,INT15,4127,TCCGCGGCCCAATGAA-1,11289,4221,0.1725771650671959,0.007276012617159846,0.10596768781542779,1.0,0.0,0.30820396542549133
5,82,INT15,4844,TTGAGAAGTTTAGCAT-1,11668,5532,0.17250759452581405,0.005138358894096087,0.04707164913415909,1.0,0.0,0.3084056511521339
5,83,INT15,3179,GGCGTACCCTATATAA-1,1595,9348,0.17248793840408325,0.007889121786680149,0.1291056305170059,0.9,0.0,0.27270683348178865
5,84,INT15,4589,TGTATCAGACTGAAGC-1,3119,3015,0.17240678519010544,0.006519578867402224,0.1750965055078268,0.9,0.0,0.27346538603305814
5,85,INT15,3357,GGTTTGACAAGAAGCT-1,3499,2797,0.17238451391458512,0.003811616975181848,0.18797842897474765,1.0,0.0,0.30997658967971803
5,86,INT15,2546,GACAACGCAGCTTACG-1,5015,9132,0.172377310693264,0.0058199609348615665,0.00775698721408844,0.9,0.0,0.2695769891142845
5,87,INT15,12,AAACCGGAAATGTTAA-1,11480,1491,0.17230526655912398,0.003765871927073916,0.146158702718094,0.9,0.0,0.26675078719854356
5,88,INT15,70,AAATGTGGGTGCTCCT-1,1595,9130,0.17229633331298827,0.00925557425064928,0.11330017149448394,1.0,0.0,0.30625041872262954
5,89,INT15,1352,CACGATTGGTCGTTAA-1,1215,9566,0.1722523257136345,0.004799101879846893,0.05913611203432083,1.0,0.0,0.3219619274139404
5,90,INT15,1707,CCGATATGACGTAAGG-1,11670,1164,0.1720476821064949,0.0063328737133395464,0.11292527392506599,1.0,0.0,0.29999158829450606
5,91,INT15,1028,ATCCACGCTAAATGTT-1,2167,5963,0.1718879371881485,0.006514315480092226,0.10096691995859146,1.0,0.0,0.30686303675174714
5,92,INT15,3237,GGGCCTATACAACCGG-1,1789,2468,0.1718744844198227,0.004746401391331323,0.11979915583506226,1.0,0.0,0.2932703450322151
5,93,INT15,558,ACTGATTTAGTGATTC-1,1977,6291,0.17177326381206512,0.00683524771512978,0.13218093886971474,1.0,0.0,0.2881031230092049
5,94,INT15,4816,TTCTTCCCTTTGATAT-1,1596,7382,0.17162232846021652,0.00905868204258917,0.015515903010964394,0.9,0.0,0.2859795093536377
5,95,INT15,2826,GCAGTTCGATCCGAGC-1,11860,2147,0.17160404920578004,0.00968235861682073,0.03625555858016014,1.0,0.0,0.3042096346616745
5,96,INT15,3473,GTCGGAAGGATACCAG-1,3689,2469,0.17152542769908904,0.004854127656053259,0.17537169083952903,1.0,0.0,0.2958884909749031
5,97,INT15,2528,GAATATTCGGAGTCCC-1,3687,5964,0.17150653451681136,0.006310215458266082,0.17148714438080787,1.0,0.0,0.29055973142385483
5,98,INT15,1678,CCCTCGGGAGCCTTGT-1,1595,8693,0.1714703157544136,0.007786391334432916,0.035092137102037665,1.0,0.0,0.3018556505441666
5,99,INT15,459,ACGATGCATATGTTAT-1,8245,10335,0.17146888971328736,0.008612410797953803,0.09812774062156678,1.0,0.0,0.30431110560894015
5,100,INT15,2849,GCCACTCCTTACGGTA-1,11670,2037,0.17138344049453735,0.007028819460662774,0.1071205697953701,1.0,0.0,0.28576763421297074
5,101,INT15,1398,CAGCAGTCCAGACTAT-1,10719,4112,0.17133931517601014,0.005529961056067778,0.0345063678920269,1.0,0.0,0.3122389644384384
5,102,INT15,2972,GCTAACTGAAGTCTGA-1,12238,5423,0.1712849721312523,0.004345820473407873,0.13093817792832851,1.0,0.0,0.3009114399552345
5,103,INT15,4134,TCCGGCTGTCGGGTCG-1,12431,1164,0.17124116867780687,0.00793741306675201,-0.009305259212851524,1.0,0.0,0.3065043166279793
5,104,INT15,3171,GGCGCGGAGATCTTTC-1,12238,5641,0.17122811675071717,0.00739440876285978,0.23732450902462005,1.0,0.0,0.3050331324338913
5,105,INT15,767,AGGCACGTGACTGTCC-1,12050,2474,0.17121029049158096,0.01072842137279455,0.15087677761912346,0.9,0.0,0.27307295948266985
5,106,INT15,4477,TGCTAAGTGTCTATTT-1,11098,5204,0.17120255827903746,0.007112467890225493,0.04292217642068863,1.0,0.0,0.2997766211628914
5,107,INT15,598,AGAAATTATGACTCGC-1,11290,2474,0.17117816358804702,0.004740585339033673,0.09663766846060753,1.0,0.0,0.29097466468811034
5,108,INT15,3468,GTCCTTTAATGACTTC-1,2738,3670,0.17104783654212952,0.006073251412967313,0.12518020756542683,1.0,0.0,0.2895412191748619
5,109,INT15,2568,GACCAGGTCATTCATA-1,1786,7492,0.17099901735782624,0.007829518607693367,0.15836016945540904,1.0,0.0,0.30360174775123594
5,110,INT15,2919,GCGAGGGACTGCTAGA-1,1402,14262,0.17097751647233964,0.007891396171149426,0.07392426263540983,1.0,0.0,0.3017540663480759
5,111,INT15,3094,GGAGACCAATGTGCTT-1,5399,2143,0.17093558013439178,0.006399963231884926,0.12128007486462593,1.0,0.0,0.2994942024350166
5,112,INT15,1264,CAAGCACCAAATGCCT-1,4636,7821,0.17084641009569168,0.0060697124827385745,0.12629319839179515,1.0,0.0,0.3028053164482117
5,113,INT15,1362,CACGTCTATGATGTGG-1,2548,4653,0.1707669883966446,0.005775284960618196,0.16071466282010077,1.0,0.0,0.2954964503645897
5,114,INT15,3868,TAGGAACAGCCTCCAG-1,2167,5526,0.17076525688171387,0.0074334823535713215,0.10757297389209271,1.0,0.0,0.29353915303945544
5,115,INT15,3288,GGTAGAAGACCGCCTG-1,11287,7279,0.17065919935703278,0.006106458492815589,0.20354687683284284,1.0,0.0,0.28785632848739623
5,116,INT15,3142,GGCAGCGGTAATCCTA-1,3878,4108,0.17061571031808853,0.00849919113445279,0.13091714149340988,1.0,0.0,0.2889548748731613
5,117,INT15,1734,CCGCTTCGCGGTTAAC-1,1594,10877,0.17059564590454102,0.0059473780782565875,0.154562247171998,1.0,0.0,0.2887123003602028
5,118,INT15,4131,TCCGGAGGAAGGGCTG-1,3879,3234,0.1705314815044403,0.007495165717807706,0.14273568531498312,0.9,0.0,0.27203207910060884
5,119,INT15,444,ACCTTTCCTTTAGAAG-1,1216,7819,0.17048849463462828,0.007412727919453065,0.09360123127698898,0.9,0.0,0.26992095708847047
5,120,INT15,2036,CGGCGCCATCAATCCC-1,12428,4877,0.17047798931598662,0.0069898931287507805,0.07721025254577399,1.0,0.0,0.2882369428873062
5,121,INT15,2724,GATCGCTACCCGATTT-1,10719,4330,0.17041696161031722,0.003181113166254611,0.15218313671648503,1.0,0.0,0.29872376322746275
5,122,INT15,4615,TGTGGTAGGGTGCCTT-1,11290,1382,0.1704128637909889,0.008238466748973277,0.15726101957261562,0.9,0.0,0.2644820138812065
5,123,INT15,4216,TCGGCTTGTATCGACG-1,12239,4549,0.17038461267948152,0.005858742791385608,0.01906139999628067,1.0,0.0,0.3036911115050316
5,124,INT15,3296,GGTCAAGACTACTTCG-1,11289,3566,0.17037477642297744,0.006558583221427457,0.14049266343936323,1.0,0.0,0.3015237182378769
5,125,INT15,3097,GGAGCAACATTTCAAG-1,12049,3785,0.17037444263696672,0.00877684450204284,0.0776047058403492,1.0,0.0,0.2987637519836426
5,126,INT15,446,ACGACCCATGAGTTGC-1,12430,1382,0.170347361266613,0.008569651805369791,0.05994071066379547,0.9,0.0,0.2709647923707962
5,127,INT15,2970,GCGTTCTGACTAAGCG-1,12050,1164,0.1703444868326187,0.007172933915492756,0.07228479720652103,1.0,0.0,0.3027942955493927
5,128,INT15,4301,TCTGCTTAGAACAAGC-1,10720,1272,0.17034153640270233,0.004012836487478424,0.2639362342655659,1.0,0.0,0.2972250834107399
5,129,INT15,1520,CATTACGTCGGCCCGT-1,4826,7930,0.1702621027827263,0.003446820281465602,0.16999706029891967,1.0,0.0,0.29471679776906967
5,130,INT15,3072,GGAATAACCTCAAGAA-1,2355,8475,0.17025829255580902,0.006788399114796272,0.1795588072389364,1.0,0.0,0.2943363726139069
5,131,INT15,4888,TTGGACCATCTGGCAA-1,10909,3566,0.17025041878223418,0.006768960768669224,0.13691615983843802,1.0,0.0,0.2883200630545616
5,132,INT15,152,AACTGGGTTCGAGCCG-1,1787,5308,0.17021016925573348,0.008754649218769733,-0.014367489516735077,1.0,0.0,0.3127823993563652
5,133,INT15,1310,CACAGTTCGCTTCCCA-1,11480,2583,0.16999962329864501,0.005941086355976189,0.03834644332528114,1.0,0.0,0.30254347026348116
5,134,INT15,4332,TCTTTAGAGTCTAACA-1,10720,2583,0.16997919529676436,0.0028520198390310017,0.2034567877650261,1.0,0.0,0.28888309448957444
5,135,INT15,3326,GGTGCTGGTACACATT-1,9195,10008,0.16996507495641708,0.006355109852873176,0.07765545011498035,1.0,0.0,0.2951927125453949
5,136,INT15,4311,TCTGTGGCTACATTTC-1,1784,9894,0.16995460391044617,0.011169101470049564,0.11096394062042236,1.0,0.0,0.30502029359340666
5,137,INT15,2105,CGTCAGTTTATCGTCT-1,1595,8474,0.1699371561408043,0.009553706717834641,0.19590022787451744,0.9,0.0,0.27190113365650176
5,138,INT15,1114,ATGGGAACGGAAGCGG-1,1977,5417,0.16990771293640136,0.008678720038627479,0.21691524693742395,1.0,0.0,0.29342231452465056
5,139,INT15,119,AACGATAATGCCGTAG-1,11287,7060,0.16989807933568954,0.009954962002481848,0.10376922972500324,1.0,0.0,0.28423558324575426
5,140,INT15,3547,GTGCGCTTACAAATGA-1,1214,10003,0.16988964080810548,0.004181993953536095,0.11139824390411376,1.0,0.0,0.2961720660328865
5,141,INT15,3696,TAACCTAGGGAGTCCA-1,12619,3457,0.1698031023144722,0.0037185983615133423,0.019613982737064363,1.0,0.0,0.30291267931461335
5,142,INT15,881,AGTGCACGCTTAAGAA-1,11098,4549,0.16977699398994445,0.006781171188862831,0.11135441288352013,1.0,0.0,0.28946947157382963
5,143,INT15,3328,GGTGGACTGCTCTGGC-1,11668,5750,0.16975876092910766,0.005414420710759434,0.11068117171525955,1.0,0.0,0.2905177414417267
5,144,INT15,3633,GTTCGTCTAAAGAACT-1,10908,5313,0.16974931061267853,0.005545351223074987,0.023048925399780273,1.0,0.0,0.29304790645837786
5,145,INT15,3153,GGCCCAGTTATCAGCA-1,3499,2360,0.16974470764398575,0.006502844158559333,0.11927799126133323,1.0,0.0,0.2845667004585266
5,146,INT15,173,AAGAGGCCCTTTGGAA-1,12429,3130,0.169589501619339,0.007499774293570477,0.09356789728626609,1.0,0.0,0.3040102109313011
5,147,INT15,4525,TGGCGGTGTGCGATTG-1,2544,10331,0.16937848031520844,0.007333426511133918,0.09116565883159637,1.0,0.0,0.3060172379016876
5,148,INT15,190,AAGCTCTTTCATGGTG-1,12048,6187,0.1693766713142395,0.004211637015160251,0.1380947098135948,1.0,0.0,0.2940168261528015
5,149,INT15,2927,GCGCCTCCCACTCCGA-1,10339,3019,0.16934581398963927,0.004446710544478227,0.0877237744629383,0.7,0.0,0.19843510091304778
5,150,INT15,4097,TCCCAGCACACGACAT-1,11860,1491,0.16930055767297744,0.006986468949111948,0.15786099340766668,1.0,0.0,0.29319742023944856
5,151,INT15,3841,TAGAGGTTCTACTTGT-1,11478,4549,0.1692269414663315,0.0043364577915811255,0.04966123104095459,1.0,0.0,0.29278683066368105
5,152,INT15,2362,CTGGGATCGCCCAGAT-1,1405,8147,0.1691819593310356,0.0069591253512711684,0.05700472369790077,0.9,0.0,0.27087398171424865
5,153,INT15,1147,ATTACATGTCAGTCTT-1,10719,3238,0.16902898401021957,0.0072123194230877905,0.11750515010207892,1.0,0.0,0.29546123147010805
5,154,INT15,134,AACGTGATGAAGGACA-1,2927,5963,0.16898392885923386,0.010867311966139466,0.13014894481748343,0.9,0.0,0.2617014303803444
5,155,INT15,4183,TCGCCCACTGCGAGAG-1,8052,14812,0.16897243410348892,0.008392790661101594,0.1647129986435175,1.0,0.0,0.28976260423660277
5,156,INT15,1403,CAGCCTCTCCTCAAGA-1,4068,4654,0.16877431571483612,0.005736127580440446,0.0929268628358841,1.0,0.0,0.29730831980705263
5,157,INT15,4276,TCTCCCTGGGCAGCGT-1,11477,6296,0.1687077522277832,0.005203150185012966,0.08603741209954023,0.9,0.0,0.2621284618973732
5,158,INT15,3411,GTATCAAACGTTAGCT-1,11669,4440,0.1686954155564308,0.005489287989868595,0.02509906217455864,1.0,0.0,0.3003936141729355
5,159,INT15,2895,GCCTATTTGCTACACA-1,2735,9567,0.1686486780643463,0.010236157756064805,0.14360353369265794,0.9,0.0,0.2629890233278275
5,160,INT15,450,ACGAGATATTTGCTTA-1,2927,6182,0.16864864379167557,0.00504624230308633,0.17180573558434845,1.0,0.0,0.28972395956516267
5,161,INT15,1265,CAAGCGGCACATAATT-1,11477,7170,0.16861470341682433,0.004711531223006162,0.08962265476584434,1.0,0.0,0.29571093916893004
5,162,INT15,105,AACCCGAGCAGAATCG-1,12050,2693,0.1685115858912468,0.0047895947795045,0.06489351540803909,1.0,0.0,0.29859694838523865
5,163,INT15,3978,TATTCCGGCAGTCCTA-1,2165,8802,0.16850641667842864,0.005435790488394003,0.1298711910843849,1.0,0.0,0.3081312730908394
5,164,INT15,4735,TTCAAGCCGAGCTGAG-1,3686,6838,0.16848140507936477,0.0063921623591797596,0.12970540449023246,1.0,0.0,0.29177761673927305
5,165,INT15,1471,CATATTATTTGCCCTA-1,2927,6400,0.16839511841535568,0.010010095207484852,0.008545272052288055,0.8,0.0,0.23595592826604844
5,166,INT15,786,AGGGACAGCACGGCGG-1,1974,10004,0.1683914214372635,0.006893975707495519,0.15746918097138404,0.9,0.0,0.2721103638410568
5,167,INT15,2267,CTCCTGTTCAAGGCAG-1,11670,2256,0.16839066445827483,0.0034319054996605675,-0.047386402264237404,0.7,0.0,0.20184594243764878
5,168,INT15,918,ATAAACGTTGCACCAC-1,12049,3348,0.1683665081858635,0.009126578033279296,0.02391316890716553,0.9,0.0,0.2597800061106682
5,169,INT15,4551,TGGTACCGGCACAGCC-1,1212,14153,0.1683499827980995,0.006931638322523708,0.17372463792562484,0.9,0.0,0.2516085386276245
5,170,INT15,4515,TGGCAATGGGACGGCG-1,11479,3457,0.16832543164491653,0.007552335530613159,0.1653139552101493,1.0,0.0,0.28650851994752885
5,171,INT15,989,ATATCGTTCCTCGAAC-1,12238,4986,0.16830402314662934,0.008811756365893932,0.007021144637838006,1.0,0.0,0.2956984370946884
5,172,INT15,4000,TCAACGAGGAGACAAA-1,9196,8916,0.16827016621828078,0.00842908537361631,0.10176706509664654,1.0,0.0,0.28648787587881086
5,173,INT15,2900,GCCTGCTACACTGAGA-1,2738,3452,0.16826222836971283,0.007540232212633015,0.08798650018870831,0.9,0.0,0.26762126088142396
5,174,INT15,3610,GTTATAATACGGTGAA-1,11289,3347,0.16825629025697708,0.008637650748365798,0.0720602598041296,0.9,0.0,0.25715209990739823
5,175,INT15,3003,GCTCCATGAGTGCAGA-1,12050,1382,0.168250735104084,0.007451959796031241,-0.038056048564612865,0.9,0.0,0.26048419922590255
5,176,INT15,635,AGAGCCGCCGAGATTT-1,12240,2802,0.16822536438703536,0.008506630074594507,0.1568450695835054,1.0,0.0,0.2914362296462059
5,177,INT15,3408,GTATAGGACTCAGTAG-1,5015,8695,0.1681641772389412,0.004911693872747681,0.1388342197984457,1.0,0.0,0.2882899582386017
5,178,INT15,3198,GGCTTTCAATAAGGGT-1,12616,8262,0.16814285814762114,0.005295028743501756,0.09996741674840451,1.0,0.0,0.29289226084947584
5,179,INT15,4253,TCTACCCAATAGAGAG-1,11859,3457,0.1681000366806984,0.007034124729810398,0.155356777459383,1.0,0.0,0.29773654639720915
5,180,INT15,1719,CCGCCGGTCAACACAC-1,3685,9022,0.16809800565242766,0.008144611254561469,0.15948920510709286,0.9,0.0,0.26392951905727385
5,181,INT15,1308,CACAGGGCCGTTGTCA-1,12996,8481,0.16803819686174393,0.007536036447767128,0.16204923912882804,1.0,0.0,0.29601839929819107
5,182,INT15,804,AGGGTTCCCTTTGGTT-1,6918,5420,0.1679186701774597,0.004488739885211158,0.09246313311159611,1.0,0.0,0.2963443696498871
5,183,INT15,126,AACGCTGTTGCTGAAA-1,11478,4767,0.16791214942932128,0.010226211721898018,0.07991702817380428,1.0,0.0,0.2905165731906891
5,184,INT15,4726,TTATGCGTCCCGGTCC-1,2544,10113,0.16787780374288558,0.00936612761324339,0.03860155353322625,1.0,0.0,0.30724808275699617
5,185,INT15,35,AAAGACATGAAGTTTA-1,1217,4980,0.16787108331918715,0.003588777838370445,0.005719703435897827,1.0,0.0,0.30043396502733233
5,186,INT15,1229,CAAACTCGCGACGCCG-1,9769,2910,0.1678092136979103,0.006336996677156617,0.10375495254993439,1.0,0.0,0.2898851647973061
5,187,INT15,697,AGCCCTTGGACATCCC-1,12050,2256,0.16780608147382736,0.005877570216144976,0.15055268555879592,0.9,0.0,0.25638586580753325
5,188,INT15,1101,ATGCTTAGGAGTTGAT-1,11860,2802,0.1677909329533577,0.008747475041497437,0.11709840279072523,0.9,0.0,0.2646953746676445
5,189,INT15,227,AATAAGTCCTCGAGAC-1,2166,7274,0.16777697950601578,0.008211052847275052,0.11411663517355919,1.0,0.0,0.2870573952794075
5,190,INT15,4377,TGAGCGGAAAGTGTTC-1,11666,7934,0.16777335703372956,0.008648589554274907,-0.047777784336358306,0.9,0.0,0.27195403873920443
5,191,INT15,148,AACTGAGGTCAGCGTC-1,2929,2906,0.16776544153690337,0.005868688347715901,0.0907954528927803,0.9,0.0,0.2669772505760193
5,192,INT15,431,ACCGGTCTGAGTACGG-1,1978,4106,0.16775624006986617,0.006419730110631815,0.07935683727264405,1.0,0.0,0.2845246732234955
5,193,INT15,529,ACTATCTGCCCGCGTA-1,11290,2692,0.16771140694618225,0.00952382293681702,0.13962132036685942,0.8,0.0,0.2262848973274231
5,194,INT15,2247,CTCAGCAGACTGCCGA-1,1599,2796,0.1676986113190651,0.006972322769497721,0.06811269894242286,0.9,0.0,0.2648515611886978
5,195,INT15,4714,TTATATACGCTGTCAC-1,8437,6950,0.16762640625238417,0.004073831226306303,0.09328196682035923,1.0,0.0,0.2797609895467758
5,196,INT15,3385,GTACTGAGGTCGTAAC-1,3305,9895,0.1676074296236038,0.006349615573517623,0.13882514089345932,1.0,0.0,0.2901261210441589
5,197,INT15,878,AGTGATAACCTGCGCG-1,12428,5314,0.16758188903331755,0.004227181952722035,0.12231151647865772,0.9,0.0,0.26353547275066375
5,198,INT15,2233,CTATTGTGTTTGGTCA-1,3688,3998,0.16753942519426346,0.004103773595917296,0.12636148277670145,1.0,0.0,0.28684405237436295
5,199,INT15,2040,CGGCTGCAAGATTAAG-1,1976,7601,0.16752544343471526,0.007129413592487724,-0.03938423898071051,0.9,0.0,0.27050730735063555
5,200,INT15,1617,CCATGCCCTAGATTTC-1,11859,4331,0.16752033978700637,0.005925846812351432,-0.03424368724226952,0.9,0.0,0.2585340514779091
5,201,INT15,4757,TTCCATCATGCGGTGA-1,3688,4217,0.16748265027999878,0.005900612357435774,0.16678472943603992,1.0,0.0,0.2965618446469307
5,202,INT15,2930,GCGCGTCATTGGTACA-1,12048,5969,0.16746738255023957,0.006033657467723188,0.09776295078918337,1.0,0.0,0.30065922290086744
5,203,INT15,3715,TAAGTAAATGTGCCGC-1,2168,4434,0.16742278933525084,0.007229976111416141,0.21569878198206424,1.0,0.0,0.2889464274048805
5,204,INT15,4116,TCCGAAGTAGTCACCA-1,3879,3016,0.1674104303121567,0.005493355813207362,0.17689314298331738,1.0,0.0,0.284470871090889
5,205,INT15,4659,TTAAGGATACGGAGGT-1,2544,10768,0.16740814596414566,0.007461541616752386,-0.0015785166062414647,0.9,0.0,0.2699225291609764
5,206,INT15,1967,CGCCGTTCAGCATAGT-1,12239,3676,0.1673942133784294,0.007312664900085692,0.20497358962893486,1.0,0.0,0.28928643465042114
5,207,INT15,2643,GAGCCAGCTACCTGTG-1,11288,5313,0.1673455834388733,0.005802399955637964,-0.004975957050919533,1.0,0.0,0.2979847192764282
5,208,INT15,338,ACACGGCACTATGCAT-1,2546,7274,0.16733770370483397,0.0046726339802221385,0.11085101217031479,1.0,0.0,0.2883729740977287
5,209,INT15,1943,CGCAGGCGATCCAAAC-1,11099,3893,0.16731848567724228,0.007756970818528756,0.10162663981318473,0.9,0.0,0.25662480890750883
5,210,INT15,1436,CAGTCTGTATACTGGG-1,9196,7824,0.16731792092323303,0.005378114732133629,0.175660390406847,1.0,0.0,0.28194325864315034
5,211,INT15,4114,TCCGAACGTTGCCGCT-1,10910,1818,0.16731533110141755,0.009176248264605037,0.10507317855954171,1.0,0.0,0.28382484763860705
5,212,INT15,318,ACAATTGTGTCTCTTT-1,10908,4439,0.16728986352682113,0.00617335306081088,0.09735631793737412,1.0,0.0,0.2864953979849815
5,213,INT15,3985,TATTTGATTTGCACAG-1,11480,2146,0.16724276691675186,0.010434438948246532,0.11608060114085675,0.9,0.0,0.26233220249414446
5,214,INT15,680,AGCATATCAATATGCT-1,10908,4658,0.16720499843358994,0.011704721644852511,0.11674657575786114,0.8,0.0,0.22802158147096635
5,215,INT15,1549,CCAAGCGTAACTCGTA-1,7486,7277,0.16718278229236602,0.005124006572675944,0.19179768487811089,1.0,0.0,0.28791729509830477
5,216,INT15,2041,CGGCTTTGTATGATAA-1,2735,8912,0.16718243211507797,0.007816217916804155,0.20930565260350703,1.0,0.0,0.2870553910732269
5,217,INT15,3751,TACAGAAACGGTGGGC-1,12428,5751,0.16712624281644822,0.004875022917535424,0.14531020298600197,0.9,0.0,0.25618319809436796
5,218,INT15,3395,GTAGCGCTGTTGTAGT-1,2355,9567,0.16712157130241395,0.0066708839484811615,0.09855970740318298,1.0,0.0,0.2955413192510605
5,219,INT15,1239,CAACAGAATAACGCTA-1,1407,4871,0.1670931413769722,0.008016761772620387,0.06429685205221176,0.9,0.0,0.26054003089666367
5,220,INT15,4873,TTGCGGCATCAGAAAG-1,11285,10118,0.16705707609653472,0.010023476660425884,0.1882188624702394,0.9,0.0,0.25313940346241
5,221,INT15,1785,CCTATAATGAGTGCCC-1,11668,6187,0.1670321449637413,0.009387154249554804,0.16010764464735985,1.0,0.0,0.2848622903227806
5,222,INT15,375,ACCAAACTAGAAATCC-1,1786,7710,0.16699822694063188,0.005101177966100995,0.03623465597629547,0.9,0.0,0.2608762145042419
5,223,INT15,4219,TCGGGATTCAAACATA-1,8623,13393,0.1669955000281334,0.008668846645447703,0.1325892973691225,1.0,0.0,0.2806343510746956
5,224,INT15,2939,GCGCTTAAATAATTGG-1,12048,5314,0.16696520149707794,0.005211576567499046,0.24958604956045746,1.0,0.0,0.2826635241508484
5,225,INT15,4590,TGTATCCTTATTCCAT-1,3115,9567,0.16693784892559052,0.0063859943387194265,0.18108278289437293,1.0,0.0,0.2870083495974541
5,226,INT15,3090,GGACTCTTCCGGTTGA-1,12050,1601,0.1669335260987282,0.007714780880923242,0.17408936247229576,1.0,0.0,0.28898475766181947
5,227,INT15,1514,CATGTAAGAGACATTT-1,11478,5204,0.1668567106127739,0.00657077263476557,0.11696030050516129,1.0,0.0,0.29431682676076887
5,228,INT15,479,ACGCTTAGTGTCTCTC-1,1787,6181,0.16683533936738967,0.0035148419204595206,0.06621221406385303,1.0,0.0,0.2919389635324478
5,229,INT15,390,ACCAGCCCGGTCTTTG-1,1976,7164,0.16681335121393204,0.006649093966637534,0.15906680673360823,1.0,0.0,0.2866262272000313
5,230,INT15,3899,TAGTCTTTCCGAATTG-1,10720,2364,0.16679679304361344,0.004654091711038484,0.0900341659784317,1.0,0.0,0.28528146296739576
5,231,INT15,1505,CATGGATTGTCTTCCG-1,11669,4003,0.16679183393716812,0.007411507409063107,0.11218544961884618,0.9,0.0,0.2519415199756622
5,232,INT15,4291,TCTGAGCAATTGACTG-1,11479,2802,0.16676682829856873,0.005539985906655226,0.14875442162156105,0.9,0.0,0.24928661733865737
5,233,INT15,3482,GTCGTCAATTATAAGG-1,3304,10114,0.16673463135957717,0.00785999703479615,0.12704290710389615,1.0,0.0,0.28853693455457685
5,234,INT15,418,ACCGAAAGGGCCCTGC-1,2925,9240,0.16670878380537033,0.0043718103029570365,0.09671625643968582,1.0,0.0,0.28468313813209534
5,235,INT15,2487,GAACAGATTACTAAAT-1,12047,7279,0.16669632196426393,0.004501311352214325,0.026344862580299378,1.0,0.0,0.29100537300109863
5,236,INT15,4278,TCTCGACGTATCGCCG-1,9769,2691,0.16669188290834427,0.009562154052533557,0.1091541513800621,0.9,0.0,0.2561910659074783
5,237,INT15,3606,GTTAGAGTGTGCCGCT-1,2546,6837,0.16669176369905472,0.009528052801170847,0.23667111285030842,1.0,0.0,0.2800562769174576
5,238,INT15,1448,CATAATGAGCGGGCGA-1,2354,10004,0.16668660938739777,0.005837271865880018,0.12266660630702972,0.9,0.0,0.27025980651378634
5,239,INT15,1156,ATTAGGCGATGCTTTC-1,8247,7277,0.16667844653129577,0.003547923800850168,0.1044585533440113,1.0,0.0,0.2812294945120811
5,240,INT15,2028,CGGCAAACATCGTGCG-1,11097,7825,0.16665609776973725,0.005343243292440016,0.029319561272859573,0.8,0.0,0.23359144628047943
5,241,INT15,2029,CGGCAATAAGATCGCC-1,11479,3238,0.16665436029434205,0.0060146368541671175,0.1373982177115977,1.0,0.0,0.28490650951862334
5,242,INT15,2506,GAAGCAAGGCAATGTT-1,1404,10331,0.1666161447763443,0.0038582287971410164,0.05202299207448959,1.0,0.0,0.29911483377218245
5,243,INT15,2922,GCGATTGTTAACGTTA-1,8247,6622,0.16660053431987762,0.006408365149838114,0.13113688491284847,1.0,0.0,0.29427516609430315
5,244,INT15,3377,GTACGAGATTGCGACA-1,5205,8804,0.16659770607948304,0.007477005215278443,0.02064882665872574,0.9,0.0,0.2767012119293213
5,245,INT15,2610,GACTCGGTCGGCGGAT-1,2928,3343,0.1665803998708725,0.013034612309220919,0.13038170002400876,0.9,0.0,0.2640634700655937
5,246,INT15,4033,TCACTCGTGCAACGGC-1,4068,4872,0.16656530499458314,0.004353608083065349,-0.009160511195659637,1.0,0.0,0.29723907858133314
5,247,INT15,3390,GTAGACAACCGATGAA-1,2545,9021,0.16655822992324829,0.0076900858964463045,0.03799344357103109,1.0,0.0,0.2928751647472382
5,248,INT15,2425,CTTCGTAGATAGGTGA-1,8625,10117,0.16654689610004425,0.005999028379883387,0.06439527831971645,0.8,0.0,0.22866435199975968
5,249,INT15,3005,GCTCCCAGTCGGTCCA-1,9389,3128,0.1665285348892212,0.009234965948418893,0.20777915231883526,0.9,0.0,0.2543939039111137
5,250,INT15,4826,TTGAAAGGTGTAAAGG-1,3688,3780,0.16652689278125762,0.010910150116753094,0.06768612414598466,1.0,0.0,0.29249929040670397
5,251,INT15,2453,CTTTCTGTGCGGGCTT-1,11477,7825,0.1665184497833252,0.005273312119086734,0.08089344203472137,1.0,0.0,0.28167191594839097
5,252,INT15,4320,TCTTAGAGTGAACTCT-1,9388,4220,0.16648849546909333,0.006158113675623972,0.17459962740540505,1.0,0.0,0.28512183725833895
5,253,INT15,2658,GAGGAGTAATTCCTAC-1,1595,9567,0.16643783152103425,0.008322353828425236,0.19216214641928672,1.0,0.0,0.28847183138132093
5,254,INT15,651,AGATACCAATAGAACC-1,13380,3021,0.16642726212739944,0.008594281415015191,0.21488337814807892,1.0,0.0,0.2846039146184921
5,255,INT15,1113,ATGGCTGGAAATGGCC-1,2927,4871,0.16639732867479323,0.0028900123822359377,0.03131545409560203,1.0,0.0,0.2885753646492958
5,256,INT15,3729,TAATCAACCAAATGGG-1,10910,1382,0.16637116074562072,0.004943398853278045,0.11520691998302937,1.0,0.0,0.2909282445907593
