expert_id,rank,sample_id,patch_index,barcode,coord_x,coord_y,affinity_score,affinity_score_sd,mean_logit,actual_top2_frequency,actual_top1_frequency,actual_mean_route_weight
0,1,MEND159,2596,GGTGCATAAATGATTA-1,4517,9961,0.1717582568526268,0.01122676808625027,-0.20545612648129463,0.0,0.0,0.0
0,2,MEND159,2023,GACTAGGCCGTTAGGT-1,6771,9828,0.1717429503798485,0.007482667630843136,-0.017925971187651157,0.0,0.0,0.0
0,3,MEND159,593,AGGCCTGAGAATCTCG-1,7497,9321,0.1716879203915596,0.007152099778198454,0.0028293687850236894,0.0,0.0,0.0
0,4,MEND159,714,ATAAATATTAGCAGCT-1,3130,6304,0.17096854895353317,0.006046198502712933,-0.08448372185230255,0.0,0.0,0.0
0,5,MEND159,1011,CACACAGGGATAGATT-1,3056,4663,0.17019150853157045,0.00881013441529162,-0.055104666575789454,0.0,0.0,0.0
0,6,MEND159,2375,GCTTCCATGTAACCGC-1,8517,10833,0.16980177015066147,0.004311307782863748,-0.056162748485803604,0.0,0.0,0.0
0,7,MEND159,288,ACATTTGAAACCTAAC-1,8299,10708,0.1696495920419693,0.008499394124575775,-0.18398818969726563,0.0,0.0,0.0
0,8,MEND159,2575,GGTCACGTTAGATTCA-1,3853,2262,0.16956525892019272,0.008025483492269576,-0.08537291372194886,0.0,0.0,0.0
0,9,MEND159,3065,TATCCAATTGGTTATC-1,6842,8439,0.1694731220602989,0.00745135518396694,-0.11432566866278648,0.0,0.0,0.0
0,10,MEND159,3791,TTGCAAGAAGACTCCT-1,6044,10336,0.16946877241134645,0.007402187201425829,-0.09249763414263726,0.0,0.0,0.0
0,11,MEND159,921,ATTCGTTTATCGTATT-1,9100,11084,0.1694634348154068,0.00603938212715444,-0.10013145580887794,0.0,0.0,0.0
0,12,MEND159,3339,TCTCCACAAGTTGAAT-1,7861,9194,0.16935060918331146,0.005432573199464284,-0.034268991090357304,0.0,0.0,0.0
0,13,MEND159,3644,TTACATCGTGGCCTGG-1,3709,4030,0.16932632327079772,0.006820134585413729,-0.11624896014109254,0.0,0.0,0.0
0,14,MEND159,1903,CTTTACCGAATAGTAG-1,7205,7807,0.16930853873491286,0.008494166167283521,-0.07707544025033712,0.0,0.0,0.0
0,15,MEND159,2468,GGCCGGCGTCTGCTAT-1,6843,9702,0.16924944072961806,0.004292205774903185,-0.14692421481013299,0.0,0.0,0.0
0,16,MEND159,860,ATGCTTAGGAGTTGAT-1,9242,8559,0.16923412531614304,0.005572111001546243,-0.23154737260192632,0.0,0.0,0.0
0,17,MEND159,578,AGGAGGCCTTCGCGCG-1,8223,8057,0.16889261752367019,0.0060138885130649935,-0.09400780573487282,0.0,0.0,0.0
0,18,MEND159,82,AACCGTTGTGTTTGCT-1,5744,3014,0.1687318667769432,0.007389368333862906,-0.07412634687498212,0.0,0.0,0.0
0,19,MEND159,313,ACCCATTTGTCCCTCT-1,8370,9066,0.16869926750659942,0.0035797705319789807,-0.11820964738726616,0.0,0.0,0.0
0,20,MEND159,1283,CCCGACCATAGTCCGC-1,6473,4022,0.1686766654253006,0.0049321018011941045,-0.18504482507705688,0.0,0.0,0.0
0,21,MEND159,450,ACTTGGGCTTTCGCCA-1,6554,11218,0.16863052248954774,0.006087733470138248,-0.12626452073454858,0.0,0.0,0.0
0,22,MEND159,657,AGTCCCTCGCAGAAAG-1,10109,4516,0.16860211491584778,0.009513420600469297,-0.14229215309023857,0.0,0.0,0.0
0,23,MEND159,255,ACACCCGAGAAATCCG-1,3927,3903,0.16857490837574005,0.010880690067819502,-0.18802665304392577,0.0,0.0,0.0
0,24,MEND159,3068,TATCCGCACCGTCGGG-1,4952,8950,0.16828077137470246,0.008350903885871107,-0.19709564335644245,0.0,0.0,0.0
0,25,MEND159,1612,CGTAAATAACAAAGGG-1,5100,10970,0.16820964962244034,0.006710878790071809,-0.07200261410325766,0.0,0.0,0.0
0,26,MEND159,565,AGCTGAAGTAAACCAA-1,7200,4020,0.16811514645814896,0.005796158402043588,-0.10592064596712589,0.0,0.0,0.0
0,27,MEND159,2983,TACTTGTTAGTAGTCC-1,7421,6165,0.1680363118648529,0.010366807589749337,-0.14337545931339263,0.0,0.0,0.0
0,28,MEND159,1450,CGAATGACGCATAATG-1,5243,9454,0.16798656284809113,0.006090905192476858,-0.07507100068032742,0.0,0.0,0.0
0,29,MEND159,12,AAACGGGCGTACGGGT-1,7716,9699,0.16784494370222092,0.00905331448276213,-0.047296109795570376,0.0,0.0,0.0
0,30,MEND159,3723,TTCCTTTCTGTGTTGC-1,2908,2896,0.16774413287639617,0.009687986812015145,-0.14935156386345624,0.0,0.0,0.0
0,31,MEND159,1832,CTGGCTGCTAACGTAA-1,2907,2138,0.16763845831155777,0.004972001174646574,-0.04002237021923065,0.0,0.0,0.0
0,32,MEND159,1908,CTTTGCATCGCTCTTG-1,7933,9067,0.16763624399900437,0.008513423594405215,-0.15793853327631951,0.0,0.0,0.0
0,33,MEND159,355,ACGCAAACTAATAGAT-1,4516,9456,0.1675602063536644,0.006479375036358546,-0.14254599027335643,0.0,0.0,0.0
0,34,MEND159,3647,TTACCCATTGCCGGGT-1,7272,3641,0.16735973954200745,0.006212381296225568,-0.1768844688311219,0.0,0.0,0.0
0,35,MEND159,739,ATACGTACTTAGCCAC-1,6696,8440,0.1673172667622566,0.004627497370715686,-0.12229142133146524,0.0,0.0,0.0
0,36,MEND159,1129,CATACACGGTTCCCAC-1,5098,9202,0.16726943850517273,0.005039269452517179,-0.2386867856606841,0.0,0.0,0.0
0,37,MEND159,885,ATTAAACATGCGGACC-1,5386,6929,0.16726335138082504,0.007614612972678431,-0.11462880037724972,0.0,0.0,0.0
0,38,MEND159,1594,CGGTATGGGCACTCTG-1,6700,10965,0.16724970787763596,0.008912431405352096,-0.19161554668098688,0.0,0.0,0.0
0,39,MEND159,1559,CGGAGCAATTTAATCG-1,5460,8317,0.16717484295368196,0.007074923954799282,-0.16164359953254462,0.0,0.0,0.0
0,40,MEND159,73,AACCATGGGATCGCTA-1,3272,3274,0.16716165095567703,0.006265193908319417,-0.16398904323577881,0.0,0.0,0.0
0,41,MEND159,175,AATAACACTAGAACAA-1,3860,8069,0.16715911030769348,0.006313142175591915,-0.14612316749989987,0.0,0.0,0.0
0,42,MEND159,2360,GCTGCTAAGTAGTCGA-1,5169,8571,0.16715411990880966,0.01143422447931962,-0.1362793378531933,0.0,0.0,0.0
0,43,MEND159,1522,CGCGACCGCGACAGAT-1,6988,8944,0.1671425834298134,0.009019571429044236,-0.015433508530259132,0.0,0.0,0.0
0,44,MEND159,2795,GTGGTATAGTCTGCCG-1,4079,8700,0.16713686138391495,0.006860607219611958,-0.22014199560508133,0.0,0.0,0.0
0,45,MEND159,813,ATCGGAGACAGACGGC-1,6623,8061,0.16713472157716752,0.004974264751006216,-0.17887719124555587,0.0,0.0,0.0
0,46,MEND159,2997,TAGAGTCTAAGCGAAC-1,5093,5162,0.16709693074226378,0.006235366584966424,-0.17028350438922643,0.0,0.0,0.0
0,47,MEND159,376,ACGGCGGGTTGCCCTG-1,3343,2137,0.1670926421880722,0.005500393671780309,-0.1455128625035286,0.0,0.0,0.0
0,48,MEND159,1686,CTAATTCTCAGATATT-1,8728,4899,0.16708853989839553,0.009378357057921713,-0.03788648918271065,0.0,0.0,0.0
0,49,MEND159,3021,TAGGGTGTTTCAAGAG-1,5019,4279,0.16708807796239852,0.006252455859594119,-0.14450570978224278,0.0,0.0,0.0
0,50,MEND159,3439,TGATTCCCGGTTACCT-1,4734,9582,0.16707399785518645,0.004075129607361405,-0.17442567385733126,0.0,0.0,0.0
0,51,MEND159,2994,TAGAGCTACGAAGAAC-1,4945,3142,0.16706936359405516,0.008496556455329398,-0.2024690940976143,0.0,0.0,0.0
0,52,MEND159,3169,TCATGCAGGTTCTCAT-1,7200,3767,0.16706790328025817,0.006894553859180931,-0.2778730833902955,0.0,0.0,0.0
0,53,MEND159,2045,GAGAGGTGCATTCTGG-1,3131,7062,0.16698545068502427,0.007490867026621478,-0.17345855850726366,0.0,0.0,0.0
0,54,MEND159,2194,GCAGCCTATATCACAT-1,9311,5907,0.16695406585931777,0.008309978652304699,-0.1803963590413332,0.0,0.0,0.0
0,55,MEND159,222,AATTCCAAGCATGTAC-1,5317,9833,0.1668563574552536,0.009414230096784555,-0.09555675871670247,0.0,0.0,0.0
0,56,MEND159,3308,TCGTGTACTATGGATG-1,6695,7430,0.16685074120759963,0.006345336788191332,-0.19133523814380168,0.0,0.0,0.0
0,57,MEND159,2162,GCAAACCTTGGCCATA-1,5970,8694,0.16680967211723327,0.0049593584390613355,-0.1124054279178381,0.0,0.0,0.0
0,58,MEND159,1849,CTGTAGCCATCTCACT-1,4442,8573,0.16679756790399553,0.00440065653086744,-0.12734814137220382,0.0,0.0,0.0
0,59,MEND159,1093,CAGCCGGGCCCTCTAT-1,7271,2883,0.16677734404802322,0.006273646942625576,-0.14446840612217784,0.0,0.0,0.0
0,60,MEND159,1571,CGGCCAGAGCGACCAT-1,4662,9961,0.16671644449234008,0.009387242381692504,-0.10621871128678322,0.0,0.0,0.0
0,61,MEND159,924,ATTCTTCGTACTTATG-1,7416,2630,0.16670313179492952,0.0064794802502045785,-0.17956223022192716,0.0,0.0,0.0
0,62,MEND159,577,AGGAGAGTCTGGCTAC-1,10255,4768,0.16668899357318878,0.00564574920452718,-0.1355257198214531,0.0,0.0,0.0
0,63,MEND159,2021,GACTACAAAGCGGTGG-1,2623,7694,0.1666479304432869,0.006489028808845266,-0.10448182821273803,0.0,0.0,0.0
0,64,MEND159,3346,TCTCTAATAGCTGGTA-1,4873,4026,0.16662369668483734,0.004959781412063201,-0.17950178273022174,0.0,0.0,0.0
0,65,MEND159,3405,TGACCAAATCTTAAAC-1,5607,9832,0.16657984852790833,0.0072055080191964415,-0.15202883668243886,0.0,0.0,0.0
0,66,MEND159,848,ATGCACTACCGCATTG-1,4365,4912,0.166490837931633,0.009090379886614066,-0.10389234945178032,0.0,0.0,0.0
0,67,MEND159,1736,CTCAACTAACCCGGAT-1,7279,9448,0.1664601370692253,0.005049520279305436,-0.16828740257769823,0.0,0.0,0.0
0,68,MEND159,1652,CGTTAATGTCCCGACG-1,7424,8943,0.16640242487192153,0.006950968499631086,-0.03798087295144796,0.0,0.0,0.0
0,69,MEND159,3557,TGGTCTGTTGGGCGTA-1,3203,6178,0.16639928221702577,0.006678613479605183,-0.11303261406719685,0.0,0.0,0.0
0,70,MEND159,2150,GATTACTGAATTTGGG-1,3931,6680,0.16637080311775207,0.004016499409861274,0.006856697797775269,0.0,0.0,0.0
0,71,MEND159,1348,CCGCTTGCTGACATGG-1,9310,4897,0.16631942093372346,0.007485996411870859,-0.18135551810264589,0.0,0.0,0.0
0,72,MEND159,70,AACATTGTGACTCGAG-1,4880,9581,0.1663021683692932,0.008430553196027415,-0.2335407130420208,0.0,0.0,0.0
0,73,MEND159,37,AAATAGCTTAGACTTT-1,8802,6035,0.1662967622280121,0.008122077822624649,-0.1768324479460716,0.0,0.0,0.0
0,74,MEND159,2922,TACAACAGCGCATACA-1,9172,10958,0.16627770513296128,0.006744235886140148,-0.25990642718970774,0.0,0.0,0.0
0,75,MEND159,686,AGTGGCGTCTGAAGGT-1,7352,9322,0.16627188324928283,0.0065883517447707885,-0.11207012757658959,0.0,0.0,0.0
0,76,MEND159,1073,CACTGACGATTGTGGA-1,4807,9708,0.16625822633504866,0.005905573338592736,-0.2528718188405037,0.0,0.0,0.0
0,77,MEND159,3603,TGTGTTCGTATCCAAG-1,2620,5422,0.1662536233663559,0.006531707028752863,-0.09501542523503304,0.0,0.0,0.0
0,78,MEND159,2189,GCAGACCCAGCACGTA-1,8585,6414,0.16624995619058608,0.006200364089806685,-0.16584825664758682,0.0,0.0,0.0
0,79,MEND159,2746,GTGAAGCCGTATAGTC-1,8873,4141,0.1661929801106453,0.008839228157423612,-0.1859372328966856,0.0,0.0,0.0
0,80,MEND159,3640,TTAATTTCAGACGCGG-1,6109,3644,0.16618041694164276,0.005102300333360364,-0.1946146994829178,0.0,0.0,0.0
0,81,MEND159,1489,CGATGGACCCTACGCC-1,8073,4270,0.16616708785295486,0.008012627679580178,-0.041941461339592936,0.0,0.0,0.0
0,82,MEND159,3699,TTCACTTCCTAGAACG-1,4808,9960,0.16616054773330688,0.007583015326844515,-0.12397886291146279,0.0,0.0,0.0
0,83,MEND159,1457,CGACTCAGGATGTTAT-1,7564,4397,0.16614430844783784,0.006729576625264673,-0.12683003768324852,0.0,0.0,0.0
0,84,MEND159,2535,GGGCGTACATTTATAT-1,5019,4531,0.16612001806497573,0.004804046595134967,-0.16670634225010872,0.0,0.0,0.0
0,85,MEND159,2646,GTACTCCTGGGTATGC-1,8510,4773,0.16604641526937486,0.0067977890188537305,-0.1627408977597952,0.0,0.0,0.0
0,86,MEND159,3052,TATAGAGTCGCTTGAA-1,4444,9583,0.16602759212255477,0.009985926412761201,-0.0514465294778347,0.0,0.0,0.0
0,87,MEND159,2888,TAACCGCCCGCAGTGC-1,4653,2638,0.1660196751356125,0.005675664585848744,-0.15071489214897155,0.0,0.0,0.0
0,88,MEND159,769,ATATCTCCCTCGTTAA-1,7418,3893,0.16600320488214493,0.005527401133870934,-0.10316670872271061,0.0,0.0,0.0
0,89,MEND159,391,ACGTTCGTTCAGGAAA-1,4297,9078,0.16599945574998856,0.00773150676091886,-0.08871555998921395,0.0,0.0,0.0
0,90,MEND159,2209,GCATTCAAGGCAACGC-1,8947,5024,0.1659869521856308,0.00877452896613689,-0.06948645673692226,0.0,0.0,0.0
0,91,MEND159,1492,CGCAAACACGAGTTAC-1,3783,4913,0.16596171855926514,0.008002865543301839,-0.09070440605282784,0.0,0.0,0.0
0,92,MEND159,1545,CGCTGTGACGCCGCAC-1,4510,4659,0.16591953337192536,0.009382381111003806,-0.08699088506400585,0.0,0.0,0.0
0,93,MEND159,3223,TCCGCTTATCCCATTA-1,5750,7811,0.16589804440736772,0.006527341940215418,-0.052850307524204256,0.0,0.0,0.0
0,94,MEND159,3179,TCCACCTCTAGCCTTT-1,4952,9202,0.1658959224820137,0.005392373234031175,-0.21169355921447278,0.0,0.0,0.0
0,95,MEND159,322,ACCCTGGTAACGCCCT-1,9454,4139,0.16587911397218705,0.007748476727615412,-0.3261142591014504,0.0,0.0,0.0
0,96,MEND159,397,ACTACCAGCTCTCTGG-1,4074,4660,0.16586383134126664,0.008014770265355988,-0.17885912228375672,0.0,0.0,0.0
0,97,MEND159,1441,CCTTTCAATGAAGAAA-1,8001,4649,0.16585492044687272,0.005591928570706584,-0.09852002561092377,0.0,0.0,0.0
0,98,MEND159,1917,GAAACCTATACAAATG-1,4879,9076,0.16584143787622452,0.005313652492779002,-0.08189921900629997,0.0,0.0,0.0
0,99,MEND159,595,AGGCGTCTATGGACGG-1,9236,3509,0.16582318693399428,0.008482873514683038,-0.07903115078806877,0.0,0.0,0.0
0,100,MEND159,3006,TAGCAGTATGACTAAA-1,8225,9824,0.16581906378269196,0.0034539547382610144,-0.09064779486507177,0.0,0.0,0.0
0,101,MEND159,1907,CTTTCTGTGCGGGCTT-1,5896,8316,0.1658022493124008,0.009564891958743917,0.007658193632960319,0.0,0.0,0.0
0,102,MEND159,247,ACACAAAGACGGGTGG-1,5164,4531,0.16580097675323485,0.007142671821854176,-0.1130758287385106,0.0,0.0,0.0
0,103,MEND159,1665,CGTTGTTTCAATTCCC-1,4003,5796,0.16580090075731277,0.00532329808884052,-0.1677020698785782,0.0,0.0,0.0
0,104,MEND159,3071,TATCGATCTATGCATA-1,7491,4271,0.16576845794916154,0.00834695838496619,-0.17790894843637944,0.0,0.0,0.0
0,105,MEND159,3300,TCGTAAGCTCCGAGGA-1,8799,3510,0.16571861058473586,0.0069600347357929426,-0.07345419321209193,0.0,0.0,0.0
0,106,MEND159,2942,TACCGTAGGTTAACTA-1,5243,8949,0.16570965349674224,0.004373266349043712,-0.22992833107709884,0.0,0.0,0.0
0,107,MEND159,2462,GGCCCAGCTGGTTTGC-1,6481,10334,0.16570650339126586,0.006281338594026668,-0.27444402817636726,0.0,0.0,0.0
0,108,MEND159,859,ATGCTCTGGCGCGGTA-1,6625,9071,0.1657056376338005,0.006573163022017521,-0.037642572075128555,0.0,0.0,0.0
0,109,MEND159,13,AAACGGTTGCGAACTG-1,5389,9959,0.1656823679804802,0.009308322068391432,-0.055545291304588316,0.0,0.0,0.0
0,110,MEND159,2837,GTTCGGATCGGGAACA-1,9094,7044,0.16567753106355668,0.006741975819351739,-0.29596854634583,0.0,0.0,0.0
0,111,MEND159,2187,GCACTGTGCAAATGTA-1,3490,2642,0.1656661957502365,0.007892403564049822,-0.06964829079806804,0.0,0.0,0.0
0,112,MEND159,1868,CTTAGCCTTCCACATG-1,6764,4273,0.16565532982349396,0.004959485993300366,-0.18374482057988645,0.0,0.0,0.0
0,113,MEND159,904,ATTATTATGTCCGTCA-1,3788,8953,0.16563214510679244,0.005401147473279143,-0.12417985647916793,0.0,0.0,0.0
0,114,MEND159,2477,GGCGCGGAGATCTTTC-1,7351,8817,0.16561882048845292,0.009373792250133201,-0.06564711108803749,0.0,0.0,0.0
0,115,MEND159,1340,CCGCGGGTACGAAGAA-1,2984,5547,0.16559795439243316,0.005736127462708386,-0.10607963725924492,0.0,0.0,0.0
0,116,MEND159,3153,TCAGCGCACGCCGTTT-1,6918,10838,0.1655850440263748,0.009155315185854843,-0.12413511425256729,0.0,0.0,0.0
0,117,MEND159,3399,TGAATGAGTGTTTCCC-1,4735,9834,0.16553857922554016,0.006712167306485271,-0.27072652578353884,0.0,0.0,0.0
0,118,MEND159,3404,TGACATGTAACGTGAC-1,5681,10210,0.16550714671611785,0.007415165025038639,-0.13584494329988955,0.0,0.0,0.0
0,119,MEND159,2078,GAGGTACATCCATCTT-1,6035,3013,0.16549082845449448,0.006483629301096159,-0.19754913300275803,0.0,0.0,0.0
0,120,MEND159,2763,GTGATGCACAACATCT-1,8071,3007,0.16548452973365785,0.007669840847616664,-0.17045236444100736,0.0,0.0,0.0
0,121,MEND159,2438,GGATTCCGCTATACCC-1,6982,3894,0.16547324657440185,0.006031358628263157,-0.1927934318780899,0.0,0.0,0.0
0,122,MEND159,3154,TCAGGGCGACTTCCTT-1,1383,4542,0.16546215116977692,0.006856324844852703,-0.13701275354251266,0.0,0.0,0.0
0,123,MEND159,2068,GAGGAGATCCTCATGC-1,1672,3026,0.16544845402240754,0.006672519641305465,-0.21106160581111907,0.0,0.0,0.0
0,124,MEND159,2657,GTAGCGCTGTTGTAGT-1,4725,2259,0.1654159113764763,0.00775705391751532,-0.20540770441293715,0.0,0.0,0.0
0,125,MEND159,416,ACTCGCCGTTCGATAA-1,9171,9948,0.16539316922426223,0.006958923176845751,-0.13789402674883605,0.0,0.0,0.0
0,126,MEND159,3758,TTCTTATCCGCTGGGT-1,8441,7677,0.1653873160481453,0.008147302714641307,-0.20433807745575905,0.0,0.0,0.0
0,127,MEND159,1040,CACCGGGCATCACAAG-1,7935,10582,0.16538583040237426,0.009388447968691163,-0.17089991979300975,0.0,0.0,0.0
0,128,MEND159,1848,CTGTACTTCTTAGCAT-1,4803,6425,0.1653527185320854,0.00793737380397046,-0.10857625296339393,0.0,0.0,0.0
0,129,MEND159,1627,CGTCAGTGCGCACAAG-1,4653,2891,0.16534921675920486,0.007345278056765128,-0.04574968907982111,0.0,0.0,0.0
0,130,MEND159,1901,CTTTAACTTTCAAAGG-1,5964,4402,0.16531637609004973,0.007293913794234115,-0.11655157878994941,0.0,0.0,0.0
0,131,MEND159,3016,TAGGATCTTAACCGCA-1,6191,11093,0.16529905349016188,0.006920375788503117,-0.1986967844888568,0.0,0.0,0.0
0,132,MEND159,2590,GGTGAAGTACAGGGAT-1,3786,7438,0.16528952568769456,0.0078808018664078,-0.013705983757972717,0.0,0.0,0.0
0,133,MEND159,1265,CCATGCTCTGCAGGAA-1,4219,4155,0.16527775079011917,0.004904936739822064,-0.22915605157613755,0.0,0.0,0.0
0,134,MEND159,6,AAACCGGGTAGGTACC-1,3131,6809,0.16526930928230285,0.0047931075960580905,-0.0883792843669653,0.0,0.0,0.0
0,135,MEND159,2393,GGAAGCTCGCTTACAG-1,7126,2884,0.16525953263044357,0.004908756209111722,-0.2288306701928377,0.0,0.0,0.0
0,136,MEND159,1661,CGTTGCCCGCGTGGGA-1,4371,9709,0.16524483114480973,0.008933367866990295,-0.05570309981703758,0.0,0.0,0.0
0,137,MEND159,3097,TATTCCGAGCTGTTAT-1,7351,8312,0.16524125933647155,0.006768528985880497,-0.1730641832575202,0.0,0.0,0.0
0,138,MEND159,1979,GACAAACATATGCAGG-1,8367,7046,0.16523978412151336,0.005110662843848025,-0.16718249153345824,0.0,0.0,0.0
0,139,MEND159,110,AACTCCTAATCCCATG-1,7780,3008,0.16518513709306717,0.008767564794864045,-0.10670859199017287,0.0,0.0,0.0
0,140,MEND159,3823,TTGGCCTAGAATTTCG-1,7054,3515,0.1651396006345749,0.007969481788700876,-0.3610056579113007,0.0,0.0,0.0
0,141,MEND159,1074,CACTGTCCAAGTGAGA-1,4218,3902,0.16510570794343948,0.005745980725946926,-0.16007280871272087,0.0,0.0,0.0
0,142,MEND159,2985,TACTTTCCGCACGCCA-1,2477,7442,0.16508291363716127,0.00636379179129658,-0.17642197608947754,0.0,0.0,0.0
0,143,MEND159,28,AAAGGTAAGCTGTACC-1,8798,2752,0.16506966203451157,0.0055847498000251615,-0.27376722618937493,0.0,0.0,0.0
0,144,MEND159,1036,CACCGCCAGAAGGTTT-1,5383,4909,0.16504581719636918,0.008086687468007978,0.044979053735733035,0.0,0.0,0.0
0,145,MEND159,462,AGAAGGTTGCCGAATT-1,4295,6806,0.16502981930971145,0.005713011927102837,-0.3142723642289639,0.0,0.0,0.0
0,146,MEND159,412,ACTCCCTAATGCTAAA-1,6115,8694,0.16502020508050919,0.012881562117866558,-0.1328021241351962,0.0,0.0,0.0
0,147,MEND159,449,ACTTGGGACCCGGTGG-1,4656,5163,0.16496795266866685,0.006954681278243989,-0.09923020284622908,0.0,0.0,0.0
0,148,MEND159,3600,TGTGGTTGCTAAAGCT-1,4662,9708,0.16492889374494552,0.009233240404066926,-0.1598106280900538,0.0,0.0,0.0
0,149,MEND159,682,AGTGCTAAACACAGCA-1,7715,9194,0.16492720246315,0.004791538752113185,-0.13579822778701783,0.0,0.0,0.0
0,150,MEND159,2747,GTGACAGCTTCCCACT-1,6480,9577,0.16492340415716172,0.008590917884985108,-0.09096661768853664,0.0,0.0,0.0
0,151,MEND159,2957,TACGCCTCCATTCCGA-1,5388,8444,0.164922833442688,0.0038363820732678763,-0.08593040630221367,0.0,0.0,0.0
0,152,MEND159,1453,CGACAGTTCGCGTTAT-1,4148,6049,0.16489043235778808,0.009209337220127765,-0.16285127699375151,0.0,0.0,0.0
0,153,MEND159,976,CAACTGCTCATCCGAT-1,5097,8950,0.1648762881755829,0.006174222817981743,-0.12686563655734062,0.0,0.0,0.0
0,154,MEND159,438,ACTTACGCATCCACGC-1,6770,8818,0.164836385846138,0.007577516635692128,-0.2660160528495908,0.0,0.0,0.0
0,155,MEND159,2333,GCTAGTAGAGCTTGTA-1,5821,6422,0.16479935199022294,0.01022546765529442,-0.26979165375232694,0.1,0.0,0.041892912983894345
0,156,MEND159,78,AACCCTACTGTCAATA-1,8076,6542,0.1647839680314064,0.009260371073846441,-0.2132408767938614,0.0,0.0,0.0
0,157,MEND159,2303,GCGGTTCCCTATCATG-1,4659,7436,0.1647764265537262,0.00593803413387908,-0.23256160989403724,0.0,0.0,0.0
0,158,MEND159,2702,GTCCCGCGACGTTATG-1,7061,8818,0.16477447599172593,0.00771177544929562,-0.09301808178424835,0.0,0.0,0.0
0,159,MEND159,455,ACTTTCCTATAGCTTC-1,5601,5034,0.16474684476852416,0.007515494047359892,-0.07899120151996612,0.0,0.0,0.0
0,160,MEND159,1228,CCACGGTGCCCGGTAG-1,8875,5908,0.1647465080022812,0.003588275512589564,-0.155082568526268,0.0,0.0,0.0
0,161,MEND159,1262,CCATCTTGTTCACAAT-1,4071,2388,0.16473407298326492,0.00729588047911059,-0.10067835059016943,0.0,0.0,0.0
0,162,MEND159,944,ATTTACTAAGTCCATT-1,9165,5403,0.16472473740577698,0.0065012177102536555,-0.11973447743803263,0.0,0.0,0.0
0,163,MEND159,721,ATAAGTAGGGCGACTC-1,8948,6034,0.16471454203128816,0.006945228945836507,-0.15572940818965436,0.0,0.0,0.0
0,164,MEND159,3051,TATACTCATGCGGCAA-1,2400,4034,0.16470340639352798,0.004387924712506014,-0.14641590230166912,0.0,0.0,0.0
0,165,MEND159,1507,CGCCAAGAAGCCGAGT-1,2331,6433,0.16465758830308913,0.007664857852806437,-0.04822385385632515,0.0,0.0,0.0
0,166,MEND159,2294,GCGGGCAGACGGGTGA-1,6118,10967,0.1646299034357071,0.008630318128778592,-0.06965010166168213,0.0,0.0,0.0
0,167,MEND159,278,ACATCAGCTGGGACGC-1,1966,5550,0.1646166369318962,0.007364631942402168,-0.184083906468004,0.0,0.0,0.0
0,168,MEND159,2614,GGTTGTGTAGCCTGGC-1,2039,5676,0.16461337655782698,0.007545853858691293,-0.04534017667174339,0.0,0.0,0.0
0,169,MEND159,1473,CGAGGGTATCCAGGTG-1,5462,9580,0.16460329294204712,0.006864410177142641,-0.16442580223083497,0.0,0.0,0.0
0,170,MEND159,3057,TATATGCTGGGTTGCC-1,1601,4415,0.16460277140140533,0.007710682066610681,-0.09261046648025513,0.0,0.0,0.0
0,171,MEND159,774,ATATTCAGTTAAACCT-1,4004,7059,0.16459705978631972,0.009420780623122795,0.011801987141370773,0.0,0.0,0.0
0,172,MEND159,3519,TGGAGGGAAACACCTC-1,9964,4264,0.16459167301654815,0.0064518752751475585,-0.09802833385765553,0.0,0.0,0.0
0,173,MEND159,1536,CGCTACGGGACATTTA-1,4585,6300,0.1645660951733589,0.008779386765816672,-0.11046433132141828,0.0,0.0,0.0
0,174,MEND159,2697,GTCCAATATTTAGCCT-1,4953,9707,0.1645538702607155,0.010828120313242639,-0.19655629619956017,0.0,0.0,0.0
0,175,MEND159,3152,TCAGCCAATCCGTAAA-1,8734,9444,0.16451711505651473,0.004495558899322194,-0.12155869677662849,0.0,0.0,0.0
0,176,MEND159,854,ATGCCGGTTGATGGGA-1,7127,3894,0.16450483500957488,0.005966046774899118,-0.29047453626990316,0.0,0.0,0.0
0,177,MEND159,938,ATTGTCGCAATACCTT-1,7272,3388,0.1644806057214737,0.004800737106633127,-0.2297243271023035,0.0,0.0,0.0
0,178,MEND159,156,AAGGTATCCTAATATA-1,6983,4651,0.16447125226259232,0.004074425436614136,-0.2910253584384918,0.0,0.0,0.0
0,179,MEND159,981,CAAGCAACGTCGGAGT-1,3857,5544,0.16445434093475342,0.00450743078188744,-0.2162730903364718,0.0,0.0,0.0
0,180,MEND159,2493,GGCTCGTGCCACCAGC-1,3855,4029,0.1644305929541588,0.006821688235855973,-0.17495120428502559,0.0,0.0,0.0
0,181,MEND159,2050,GAGATGGCTTTAATCA-1,6626,10334,0.16442422270774842,0.009648987428170242,-0.14044689610600472,0.0,0.0,0.0
0,182,MEND159,2347,GCTCCTGACATACTGG-1,3424,8576,0.16440871953964234,0.007949935113994175,-0.16895848643034697,0.0,0.0,0.0
0,183,MEND159,3602,TGTGTCGCGAGTTGCA-1,3710,4535,0.16440481841564178,0.005971312723023424,-0.08871301747858525,0.0,0.0,0.0
0,184,MEND159,3532,TGGCGGTGTGCGATTG-1,4216,2387,0.1643957331776619,0.008345309763408599,-0.16547007486224174,0.0,0.0,0.0
0,185,MEND159,1597,CGGTCCGTCGCAAGCC-1,4807,9455,0.16439419686794282,0.006889478660888712,-0.06986890733242035,0.0,0.0,0.0
0,186,MEND159,1906,CTTTATCCGACGCATG-1,5391,11221,0.16439154297113417,0.010700290292164735,-0.23011872377246617,0.0,0.0,0.0
0,187,MEND159,2558,GGGTTTAGGATAGGAT-1,8876,6918,0.16438349187374116,0.008703989825936485,-0.03247707560658455,0.0,0.0,0.0
0,188,MEND159,489,AGAGCGTACAAGCTCG-1,3128,4537,0.16436929404735565,0.008171743271769866,-0.11327281389385462,0.0,0.0,0.0
0,189,MEND159,2055,GAGCCACGGTAGTAGG-1,4508,2639,0.1643655627965927,0.009057949777764517,-0.20293284822255372,0.0,0.0,0.0
0,190,MEND159,3671,TTAGGTCATAACCGAC-1,3861,8827,0.16434835344552995,0.007260140583690932,-0.1077351700514555,0.0,0.0,0.0
0,191,MEND159,3033,TAGTCCCGGAGACCAC-1,4589,9835,0.164311021566391,0.006030813954365703,-0.17872928828001022,0.0,0.0,0.0
0,192,MEND159,558,AGCTCCATATATGTTC-1,9024,8686,0.16428648233413695,0.005775672331970479,-0.06415919177234172,0.0,0.0,0.0
0,193,MEND159,3811,TTGCTGATCATGTTCG-1,5239,5667,0.16427908539772035,0.00686789388087995,-0.09958946034312248,0.0,0.0,0.0
0,194,MEND159,1440,CCTTTAAGGGAGCACT-1,4733,8824,0.164247527718544,0.0056432019197574165,-0.23610393106937408,0.0,0.0,0.0
0,195,MEND159,2919,TAATTAGATGGATATG-1,3417,2768,0.16423142105340957,0.004265409797219409,-0.17827090322971345,0.0,0.0,0.0
0,196,MEND159,655,AGTCCATTGGCTGATG-1,8367,6794,0.16422696858644487,0.006291841675605076,-0.2038213014602661,0.0,0.0,0.0
0,197,MEND159,3301,TCGTACCGACGTCAAG-1,5171,10086,0.1642264112830162,0.0048263777700859245,-0.1606444463133812,0.0,0.0,0.0
0,198,MEND159,1958,GAAGTCTCCCTAGCGA-1,7712,6164,0.16422380208969117,0.008126835475782426,-0.1787112858146429,0.0,0.0,0.0
0,199,MEND159,3682,TTATCGCCTGCGAAGC-1,2329,4918,0.16420824825763702,0.008652463122495346,-0.058752556797116995,0.0,0.0,0.0
0,200,MEND159,21,AAAGACCCAAGTCGCG-1,4580,2765,0.1641955181956291,0.008376495518816486,-0.01692441925406456,0.0,0.0,0.0
0,201,MEND159,751,ATAGCAACTAGGGAAG-1,8225,9319,0.16419153958559035,0.007472546204816647,-0.16838804334402085,0.0,0.0,0.0
0,202,MEND159,2228,GCCCGATCTGTGGTCG-1,5678,8190,0.1641888365149498,0.0051749431046477215,-0.196895682066679,0.0,0.0,0.0
0,203,MEND159,1172,CATGCTGGCTCCAATT-1,5453,3015,0.16417708098888398,0.008594266933487056,-0.1188815001398325,0.0,0.0,0.0
0,204,MEND159,861,ATGGAACCTTTGCACA-1,9821,6284,0.1641514703631401,0.0086265873129885,-0.17659384086728097,0.0,0.0,0.0
0,205,MEND159,340,ACCTACTATAAATCTA-1,5317,10085,0.1641383498907089,0.008626648468654605,-0.11143932342529297,0.0,0.0,0.0
0,206,MEND159,3563,TGGTTGGAGGATCCTG-1,7708,2882,0.16412952840328215,0.008116232308143912,-0.12044668076559902,0.0,0.0,0.0
0,207,MEND159,300,ACCACCCTCTCTTCTA-1,9891,4390,0.16410854011774062,0.005362966404867105,-0.13358299061655998,0.0,0.0,0.0
0,208,MEND159,835,ATCTTGACTTGTCCAA-1,8947,5277,0.16409116834402085,0.004839362473657431,-0.18934643864631653,0.0,0.0,0.0
0,209,MEND159,1875,CTTCAGTTGGACAACG-1,7717,10709,0.16408497393131255,0.0062828238535098885,-0.15028668120503424,0.0,0.0,0.0
0,210,MEND159,952,CAAACCCTCCGGCGGG-1,6190,10335,0.16406836956739426,0.006851255828309808,-0.02767872214317322,0.0,0.0,0.0
0,211,MEND159,1080,CAGACACCGATCGCTG-1,4805,8193,0.1640409380197525,0.007520180774717977,-0.07536038421094418,0.0,0.0,0.0
0,212,MEND159,3546,TGGGCGATACAATAAG-1,5608,10084,0.1640324831008911,0.009126847418409344,-0.2146943559870124,0.0,0.0,0.0
0,213,MEND159,2893,TAACTATTACGCCAAA-1,8874,5151,0.16403187215328216,0.0067000058432766865,-0.20185589641332627,0.0,0.0,0.0
0,214,MEND159,1555,CGGAAAGAATCAAACG-1,4588,8825,0.16402349323034288,0.007216980195255915,-0.1425119787454605,0.0,0.0,0.0
0,215,MEND159,564,AGCTCTTTACTCAGTT-1,4367,6679,0.16402256190776826,0.004981766329867408,-0.12241917494684458,0.0,0.0,0.0
0,216,MEND159,3662,TTAGACACGATCGTTG-1,7345,3514,0.16401920914649964,0.0077978836364756155,-0.10074774622917175,0.0,0.0,0.0
0,217,MEND159,1807,CTGCCAAGGTTGGAAG-1,6691,4147,0.16401614099740983,0.007642761391666291,-0.176770802680403,0.0,0.0,0.0
0,218,MEND159,951,CAAACCATAAGCGTAT-1,7573,11215,0.1639994725584984,0.004121643519851438,-0.13117411341518165,0.0,0.0,0.0
0,219,MEND159,84,AACCTGTCACGGAATT-1,9675,6032,0.16398816257715226,0.010520979408331228,-0.18778849244117737,0.0,0.0,0.0
0,220,MEND159,1174,CATGGCAGGAAGATCG-1,5236,3647,0.16397128403186798,0.006264867645501015,-0.22177373208105564,0.0,0.0,0.0
0,221,MEND159,567,AGCTTATAGAGACCTG-1,4507,2134,0.16395574659109116,0.004859028852826557,-0.14201391041278838,0.0,0.0,0.0
0,222,MEND159,1891,CTTGCCCACCCACGCA-1,8371,10329,0.1639443725347519,0.008784579987124477,-0.09478020332753659,0.3,0.0,0.12175597548484803
0,223,MEND159,2775,GTGCGACAGGGAGTGT-1,8366,6036,0.16394091546535491,0.004901125458025291,-0.07295740265399217,0.0,0.0,0.0
0,224,MEND159,1181,CATGTAGGAGCGCCAA-1,9163,3383,0.16393795162439345,0.0074706970112265155,-0.19536030255258083,0.0,0.0,0.0
0,225,MEND159,728,ATACAGGCCCTCCAAT-1,6333,8567,0.16392294615507125,0.0060068098236034815,-0.15599730089306832,0.0,0.0,0.0
0,226,MEND159,2208,GCATGGGTACTGACGC-1,1313,6688,0.16391416490077973,0.0059067716149890925,-0.10783435376361013,0.0,0.0,0.0
0,227,MEND159,2268,GCGAGAGTTGCGTCCA-1,8875,5656,0.1639031231403351,0.00984704029440032,-0.07601496204733849,0.0,0.0,0.0
0,228,MEND159,2035,GACTTCAACGCATCAA-1,7936,10835,0.16390072107315062,0.0075510173486214435,-0.05547943711280823,0.0,0.0,0.0
0,229,MEND159,902,ATTATCTCGACAGATC-1,5525,2383,0.1638935089111328,0.006076637995440446,-0.06279768384993076,0.0,0.0,0.0
0,230,MEND159,633,AGTAAGGGACAGAATC-1,8736,11211,0.1638902798295021,0.009029940687090444,-0.23102066479623318,0.4,0.0,0.15278880596160888
0,231,MEND159,3287,TCGGAGTACATGAGTA-1,6475,5537,0.16388458013534546,0.00638740285841652,-0.2641017077490687,0.0,0.0,0.0
0,232,MEND159,1446,CGAACGCCCAGTGCCG-1,6181,3265,0.16385510712862014,0.006636605740113579,-0.11335206162184477,0.0,0.0,0.0
0,233,MEND159,3635,TTAATCAGTACGTCAG-1,6618,3769,0.16384171843528747,0.0084433137028305,-0.2717975523322821,0.0,0.0,0.0
0,234,MEND159,2277,GCGCCTCCCACTCCGA-1,9095,7549,0.16383136212825775,0.006099229280137223,-0.17844708561897277,0.0,0.0,0.0
0,235,MEND159,173,AAGTTTATGGGCCCAA-1,6189,10083,0.16382350474596025,0.005837736173929274,-0.26390837859362365,0.0,0.0,0.0
0,236,MEND159,948,ATTTGCGCGAGTAGCT-1,3351,8197,0.16381690949201583,0.007577481412327382,-0.0824732868000865,0.0,0.0,0.0
0,237,MEND159,3050,TATACGCGTCATCACT-1,6043,9073,0.16380809843540192,0.005983349946703655,-0.18852282539010048,0.0,0.0,0.0
0,238,MEND159,3044,TAGTTTATTCTTGCTT-1,5235,3142,0.1637962728738785,0.005931478258402962,-0.2694451067596674,0.0,0.0,0.0
0,239,MEND159,1240,CCAGCGGGATCACCAG-1,10111,5526,0.16379421055316926,0.008730173853914511,-0.08490094989538192,0.0,0.0,0.0
0,240,MEND159,398,ACTACGCGTTAGAATT-1,5170,9076,0.16377214193344117,0.006314040669640169,-0.136397435516119,0.0,0.0,0.0
0,241,MEND159,2182,GCACGCCGATTCCCGC-1,6626,10586,0.16377101689577103,0.011689696991186046,-0.14470434114336966,0.0,0.0,0.0
0,242,MEND159,1866,CTTAGATGTTTCATCC-1,6336,10840,0.1637666180729866,0.0066969456490754845,-0.20977988932281733,0.0,0.0,0.0
0,243,MEND159,3631,TTAAGCCGACAACTTC-1,6690,3137,0.16375714987516404,0.008508161733286395,-0.12290815711021423,0.0,0.0,0.0
0,244,MEND159,2146,GATGTTCAATCCACGA-1,4222,6680,0.16375209838151933,0.004187469197541154,-0.25848730877041814,0.0,0.0,0.0
0,245,MEND159,935,ATTGGTAGGATCCGCT-1,1310,4668,0.16374198347330093,0.006728208043708576,-0.2566442724317312,0.0,0.0,0.0
0,246,MEND159,552,AGCGTCTGAACCCGCA-1,3707,2262,0.1637389287352562,0.007850727600173892,-0.12742724120616913,0.0,0.0,0.0
0,247,MEND159,3844,TTGTGGCCCTGACAGT-1,5454,3772,0.16373850554227828,0.011113725944695115,-0.13467675037682056,0.0,0.0,0.0
0,248,MEND159,639,AGTACGGGCACCTGGC-1,6837,4652,0.1637234091758728,0.009292054732704771,-0.06628250554203988,0.0,0.0,0.0
0,249,MEND159,2790,GTGGCAAACAGCGGCA-1,2551,7821,0.1637068510055542,0.005849872484057729,-0.22459155581891538,0.0,0.0,0.0
0,250,MEND159,1927,GAAATATGCTTGAATG-1,9090,3509,0.1636971727013588,0.007551540104497465,-0.060525581054389474,0.0,0.0,0.0
0,251,MEND159,3473,TGCCGTGGGACCCAAT-1,5972,10462,0.16368661671876908,0.006887039644084719,-0.20601978600025178,0.0,0.0,0.0
0,252,MEND159,1639,CGTGCACACCACTGTA-1,7645,10583,0.16368117332458496,0.007101443978100946,-0.2026697188615799,0.0,0.0,0.0
0,253,MEND159,3331,TCTATCATGCAGTTAC-1,4000,3776,0.1636754423379898,0.007410879487645514,-0.20933650434017181,0.0,0.0,0.0
0,254,MEND159,3406,TGACCAGCTTCAAAGT-1,8143,2376,0.163662451505661,0.006446049218307964,-0.048030174523592,0.0,0.0,0.0
0,255,MEND159,1162,CATGACTTCGCTGAAT-1,8803,6540,0.16365725845098494,0.00994410190162189,-0.1340374667197466,0.0,0.0,0.0
0,256,MEND159,1835,CTGGGATACGCTACCC-1,9602,6159,0.16363589018583297,0.005217640412223579,-0.1793560218065977,0.0,0.0,0.0
1,1,MEND159,3280,TCGCTGTGCGTAAATC-1,4073,3650,0.14237236082553864,0.010909512483882635,-0.4203048378229141,0.0,0.0,0.0
1,2,MEND159,3225,TCCGGCCTAGCGTACA-1,8219,5027,0.14168124049901962,0.017222222661561714,-0.3832382630556822,0.0,0.0,0.0
1,3,MEND159,2526,GGGCCCTTATCTATAC-1,1457,5678,0.1406167760491371,0.013688542496116915,-0.37231452763080597,0.0,0.0,0.0
1,4,MEND159,2592,GGTGATAAGGAGCAGT-1,6839,6167,0.14055062606930732,0.015086906890531144,-0.37508037835359576,0.0,0.0,0.0
1,5,MEND159,3758,TTCTTATCCGCTGGGT-1,8441,7677,0.14035600274801255,0.019088847385305925,-0.3771404281258583,0.0,0.0,0.0
1,6,MEND159,1513,CGCCCTTGAAGGCTGA-1,2547,4538,0.14034219458699226,0.012046017252809018,-0.3616600543260574,0.0,0.0,0.0
1,7,MEND159,2784,GTGGAACCTACATGCG-1,6981,3389,0.14025579169392585,0.013431404445874366,-0.41218201369047164,0.0,0.0,0.0
1,8,MEND159,1331,CCGCACACGAACGTGT-1,10040,7168,0.13956217914819719,0.012576980300667092,-0.3431735023856163,0.0,0.0,0.0
1,9,MEND159,2642,GTACGTTTGCCCGTCA-1,6040,7053,0.13948811143636702,0.01091393095075486,-0.42560348510742185,0.0,0.0,0.0
1,10,MEND159,36,AAATACCTATAAGCAT-1,6113,7432,0.13924982249736786,0.012864003978713609,-0.4182758241891861,0.0,0.0,0.0
1,11,MEND159,1029,CACCCAAATCTTATGT-1,8729,5909,0.13914078176021577,0.012739923915856072,-0.3331969382241368,0.0,0.0,0.0
1,12,MEND159,2723,GTCGTGTCTGGTCATC-1,9092,5024,0.13887778744101525,0.016206740065857185,-0.22619605883955957,0.0,0.0,0.0
1,13,MEND159,989,CAAGTGTGGTTGCAAA-1,7930,6542,0.13859888762235642,0.010683941256601376,-0.4307775616645813,0.0,0.0,0.0
1,14,MEND159,1804,CTGCACCTGGAACCGC-1,4654,3396,0.1385755054652691,0.011853940113573581,-0.49937114417552947,0.0,0.0,0.0
1,15,MEND159,894,ATTACTAGCCTCTTGC-1,4291,3776,0.13850240036845207,0.013206716223593177,-0.3606855858117342,0.0,0.0,0.0
1,16,MEND159,1120,CAGTGTCCGCAGAATG-1,3781,3398,0.13844653218984604,0.012685063974534064,-0.4292443424463272,0.0,0.0,0.0
1,17,MEND159,2958,TACGCTATAGAAACCT-1,8657,5783,0.13836139515042306,0.018230062040708858,-0.2903114274144173,0.0,0.0,0.0
1,18,MEND159,1528,CGCGGCTCAACTTGAA-1,8149,6921,0.13827851489186288,0.014830873329469967,-0.5037378281354904,0.0,0.0,0.0
1,19,MEND159,2090,GAGTCGACAGACCCTC-1,1747,5172,0.13819912150502206,0.013269774433803937,-0.28773713260889056,0.0,0.0,0.0
1,20,MEND159,1668,CGTTTCACTTCGGGCG-1,7781,3765,0.13816117867827415,0.015237896646790611,-0.4779673755168915,0.0,0.0,0.0
1,21,MEND159,3456,TGCAGCTACGTACTTC-1,2258,6812,0.1380343906581402,0.015927720007982357,-0.3211313519626856,0.0,0.0,0.0
1,22,MEND159,242,ACAATCCATTTAAACC-1,3421,6051,0.13795376643538476,0.013037555963166166,-0.26002628207206724,0.0,0.0,0.0
1,23,MEND159,133,AAGAGGCATGGATCGC-1,6912,6040,0.13792809918522836,0.014428494293443424,-0.4473642498254776,0.0,0.0,0.0
1,24,MEND159,429,ACTGGGATGCCAGTGC-1,4954,10717,0.13765454590320586,0.013316613546618382,-0.3353198617696762,0.0,0.0,0.0
1,25,MEND159,3408,TGACGAATATTTCCCT-1,2695,7063,0.13742742612957953,0.014361625419041549,-0.3368905309587717,0.0,0.0,0.0
1,26,MEND159,2907,TAAGTCGCCGAGTATC-1,3424,8323,0.13733281567692757,0.01280787078998743,-0.5096535190939904,0.0,0.0,0.0
1,27,MEND159,658,AGTCGACGGTCTCAAG-1,7639,6291,0.1373250626027584,0.016047736747392072,-0.393640598654747,0.0,0.0,0.0
1,28,MEND159,2966,TACGTGCAAGGTTCCT-1,10256,5778,0.13731786757707595,0.013499764263568866,-0.4068893790245056,0.0,0.0,0.0
1,29,MEND159,7,AAACCGTTCGTCCAGG-1,4151,8069,0.13727831840515137,0.012937259372416842,-0.31657455675303936,0.0,0.0,0.0
1,30,MEND159,781,ATCAAACGAAGGTTTG-1,3496,7692,0.1371871054172516,0.013543845741764886,-0.36389454193413256,0.0,0.0,0.0
1,31,MEND159,1649,CGTGTCTCGTTACGAC-1,3570,9080,0.13718020915985107,0.013742506202775916,-0.4487348526716232,0.0,0.0,0.0
1,32,MEND159,2453,GGCAGCAAACCTATGC-1,8587,7929,0.13717908561229705,0.013150246385331523,-0.3704348549246788,0.0,0.0,0.0
1,33,MEND159,2059,GAGCGCAAATACTCCG-1,8877,7928,0.13716860562562944,0.014742977254715607,-0.3096431367099285,0.0,0.0,0.0
1,34,MEND159,1664,CGTTGTCGGCAATTGA-1,5898,9578,0.13715068772435188,0.01534907640351072,-0.3364471077919006,0.0,0.0,0.0
1,35,MEND159,817,ATCGTCCAATCGAGTC-1,2035,2646,0.137106192111969,0.011616044125206433,-0.42411449998617173,0.0,0.0,0.0
1,36,MEND159,706,AGTTTCGCAGGTCGGA-1,5599,3014,0.137070631980896,0.013742748227082527,-0.43538628667593005,0.0,0.0,0.0
1,37,MEND159,3644,TTACATCGTGGCCTGG-1,3709,4030,0.13706473857164383,0.014442364005444842,-0.3326225597411394,0.0,0.0,0.0
1,38,MEND159,3325,TCTAGCATCTTCGATG-1,4219,4407,0.137049413472414,0.0140131786460427,-0.43063297122716904,0.0,0.0,0.0
1,39,MEND159,3837,TTGTAAGGCCAGTTGG-1,6983,4904,0.13699285238981246,0.01154037137094833,-0.4595956265926361,0.0,0.0,0.0
1,40,MEND159,2108,GATATGCGGTAGCCAA-1,7709,3892,0.13695776388049125,0.0134042501386694,-0.42157244980335234,0.0,0.0,0.0
1,41,MEND159,3255,TCGAATCGCAGGGTAG-1,4954,10970,0.13692749291658401,0.013175809502851228,-0.3479881227016449,0.0,0.0,0.0
1,42,MEND159,3179,TCCACCTCTAGCCTTT-1,4952,9202,0.1369005486369133,0.011090341685263282,-0.4065922675654292,0.0,0.0,0.0
1,43,MEND159,1549,CGCTTCCACTGAAATC-1,4145,3776,0.13680221885442734,0.013383942096835902,-0.3530972868204117,0.0,0.0,0.0
1,44,MEND159,3353,TCTGACGGGCTAACCC-1,9819,5022,0.13676951751112937,0.010767811796312003,-0.33008152395486834,0.0,0.0,0.0
1,45,MEND159,2388,GGAAAGTGCCCATGCC-1,7636,4018,0.13674850463867189,0.018971089960153155,-0.4586311295628548,0.0,0.0,0.0
1,46,MEND159,2287,GCGGACCGCGTTGTGG-1,4223,7942,0.13665030598640443,0.01604442975905363,-0.29687462337315085,0.0,0.0,0.0
1,47,MEND159,139,AAGCCGAAGCGGTTTA-1,8877,7676,0.13664810582995415,0.016402284474318653,-0.35572429597377775,0.0,0.0,0.0
1,48,MEND159,2341,GCTCAATGTAATACCG-1,5316,9328,0.13664100244641303,0.011778709730964962,-0.323752760887146,0.0,0.0,0.0
1,49,MEND159,35,AAATAAGGTAGTGCCC-1,9456,5402,0.1365750789642334,0.01317435421249772,-0.5065871387720108,0.0,0.0,0.0
1,50,MEND159,1186,CATTACGTCGGCCCGT-1,5818,3897,0.1365646354854107,0.012823321566080226,-0.43895464688539504,0.0,0.0,0.0
1,51,MEND159,1227,CCACGGAGCCATAAGA-1,3059,7441,0.13653204962611198,0.017916113382100342,-0.44082464575767516,0.0,0.0,0.0
1,52,MEND159,2742,GTGAAACGGCGCCACC-1,7491,4524,0.13649310767650605,0.013623225407126209,-0.4969507947564125,0.0,0.0,0.0
1,53,MEND159,2738,GTCTTACCACGCCAAG-1,9390,10831,0.13648469150066375,0.013935537349120139,-0.36353324092924594,0.0,0.0,0.0
1,54,MEND159,2357,GCTGAGGCGTGAGTAT-1,5749,6549,0.13645637184381484,0.011993443665933915,-0.39996458441019056,0.0,0.0,0.0
1,55,MEND159,2119,GATCCTCTTGCGCTTA-1,7125,2379,0.13644174933433534,0.012829198173312698,-0.4426380183547735,0.0,0.0,0.0
1,56,MEND159,1323,CCGACGGGCATGAGGT-1,2988,8324,0.13644147291779518,0.011694839026840674,-0.29122377596795557,0.0,0.0,0.0
1,57,MEND159,948,ATTTGCGCGAGTAGCT-1,3351,8197,0.13643553704023362,0.014512555012469607,-0.27011134549975396,0.0,0.0,0.0
1,58,MEND159,1381,CCTACAGTTGAGGGAG-1,7136,11216,0.13643479570746422,0.016111262078411844,-0.36470994651317595,0.0,0.0,0.0
1,59,MEND159,3016,TAGGATCTTAACCGCA-1,6191,11093,0.1364287778735161,0.009928333391007068,-0.3924242563545704,0.0,0.0,0.0
1,60,MEND159,543,AGCGCGGGTGCCAATG-1,7782,4523,0.13640326634049416,0.012942114556109859,-0.4766403466463089,0.0,0.0,0.0
1,61,MEND159,627,AGGTGGTGACCTTCGC-1,5171,9581,0.13628874868154525,0.009747956502278818,-0.3714546259492636,0.0,0.0,0.0
1,62,MEND159,3847,TTGTGGTGGTACTAAG-1,8007,9446,0.13625626489520073,0.009818069896684763,-0.3379890576004982,0.0,0.0,0.0
1,63,MEND159,1650,CGTGTGTTAAACCCTG-1,9529,5528,0.13620929569005966,0.01467617012554373,-0.46364744007587433,0.0,0.0,0.0
1,64,MEND159,3719,TTCCGGTTACCCACTT-1,7422,7175,0.13619299829006196,0.012651760326201657,-0.3213253185153008,0.0,0.0,0.0
1,65,MEND159,3770,TTGAATTCACGTGAGG-1,8148,6416,0.1361432172358036,0.017129764710601687,-0.4341579254716635,0.0,0.0,0.0
1,66,MEND159,1890,CTTGCAACCGCCTCCT-1,2913,6936,0.1361405536532402,0.017805357768766326,-0.37029915042221545,0.0,0.0,0.0
1,67,MEND159,2882,TAAATTGTGGGTAAAG-1,6481,10839,0.1361360415816307,0.01812790375684937,-0.3629201889038086,0.0,0.0,0.0
1,68,MEND159,1712,CTAGGGATAGGGACAA-1,4227,10467,0.13612686321139336,0.0127336753242836,-0.2191236399114132,0.0,0.0,0.0
1,69,MEND159,1501,CGCAGTTCTATCTTTC-1,9390,11083,0.1361243709921837,0.013276111669374056,-0.4123326506465673,0.0,0.0,0.0
1,70,MEND159,3350,TCTGAACTCGTACCCG-1,8004,7426,0.13607843592762947,0.013038086008411729,-0.38462951481342317,0.0,0.0,0.0
1,71,MEND159,2597,GGTGCGGATAAGTGGC-1,4436,3523,0.13607236593961716,0.01709578774714669,-0.4188204169273376,0.0,0.0,0.0
1,72,MEND159,815,ATCGGTTACCTAGTAA-1,1675,5803,0.13607222959399223,0.01528860733318459,-0.4133304953575134,0.0,0.0,0.0
1,73,MEND159,766,ATATCAACCTACAGAG-1,8730,6161,0.13604631796479225,0.013081682363383088,-0.33485701829195025,0.0,0.0,0.0
1,74,MEND159,3616,TTAAACAGAGTCCCGC-1,3053,2643,0.13604556694626807,0.014855728797152775,-0.4276429772377014,0.0,0.0,0.0
1,75,MEND159,393,ACGTTTAGTTGTGATC-1,6036,3266,0.13602451086044312,0.011820872116620348,-0.3279151231050491,0.0,0.0,0.0
1,76,MEND159,3030,TAGTACCTTAGTGGTC-1,2619,4159,0.13598618730902673,0.009713213662994595,-0.37205613404512405,0.0,0.0,0.0
1,77,MEND159,2347,GCTCCTGACATACTGG-1,3424,8576,0.13598396480083466,0.01599548690624193,-0.36517708040773866,0.0,0.0,0.0
1,78,MEND159,3192,TCCCAAAGCCCTAAAT-1,9603,6411,0.13596973866224288,0.01366809368380772,-0.3642827033996582,0.0,0.0,0.0
1,79,MEND159,61,AACACGAGACGCGGCC-1,2623,7189,0.1359418101608753,0.014129280803997658,-0.3712832599878311,0.0,0.0,0.0
1,80,MEND159,3695,TTCAATACTCTGAATC-1,7348,6292,0.13592352196574212,0.011474074314033189,-0.4545608937740326,0.0,0.0,0.0
1,81,MEND159,634,AGTAATCTAAGGGTGG-1,7499,10836,0.13589926660060883,0.01333573267623682,-0.5189217269420624,0.0,0.0,0.0
1,82,MEND159,3521,TGGATAGAGTAACAGA-1,2108,2772,0.13588768243789673,0.010237122799835324,-0.4249843329191208,0.0,0.0,0.0
1,83,MEND159,1981,GACAACGCAGCTTACG-1,5018,4026,0.13587188199162484,0.013311556343605122,-0.3810561090707779,0.0,0.0,0.0
1,84,MEND159,2156,GATTCGACGGTTCACG-1,6258,6674,0.135833278298378,0.010021549197213826,-0.3495714571326971,0.0,0.0,0.0
1,85,MEND159,399,ACTAGTTGCGATCGTC-1,8659,7803,0.13579830825328826,0.014177347030467222,-0.4953568369150162,0.0,0.0,0.0
1,86,MEND159,3727,TTCGCACTGTACGACA-1,5388,9201,0.13579576909542085,0.016225690269830034,-0.37667404748499395,0.0,0.0,0.0
1,87,MEND159,2587,GGTCTTGAGCGCTCTT-1,5825,9705,0.13578637912869454,0.013142460957829765,-0.4428830832242966,0.0,0.0,0.0
1,88,MEND159,274,ACAGTAATACAACTTG-1,2114,7317,0.13575296029448508,0.015842462420049972,-0.43504057824611664,0.0,0.0,0.0
1,89,MEND159,121,AACTTTACGGGAGCTT-1,1602,5425,0.13574423938989638,0.013251297789436707,-0.431876065954566,0.0,0.0,0.0
1,90,MEND159,1856,CTGTTACCCAATCTAG-1,5314,7560,0.1357429400086403,0.018858361378266287,-0.3919749051332474,0.0,0.0,0.0
1,91,MEND159,3043,TAGTTAAGATAGGATA-1,7053,3010,0.135737544298172,0.01672931015453845,-0.28469480760395527,0.0,0.0,0.0
1,92,MEND159,453,ACTTGTTACCGGATCA-1,5245,10969,0.13558393120765685,0.01551153842339621,-0.3965303149074316,0.0,0.0,0.0
1,93,MEND159,3068,TATCCGCACCGTCGGG-1,4952,8950,0.1355690747499466,0.01482718421006441,-0.41823713928461076,0.0,0.0,0.0
1,94,MEND159,1204,CCAACGATGCACTGAT-1,3784,5418,0.13553311079740524,0.01465739044683203,-0.49002339541912077,0.0,0.0,0.0
1,95,MEND159,1835,CTGGGATACGCTACCC-1,9602,6159,0.13552673086524009,0.014684976890473014,-0.37337413653731344,0.0,0.0,0.0
1,96,MEND159,3287,TCGGAGTACATGAGTA-1,6475,5537,0.13550215885043143,0.013451321150115658,-0.4586735725402832,0.0,0.0,0.0
1,97,MEND159,1103,CAGGATATATCGTTGT-1,5458,7055,0.13546472266316414,0.015201283036239143,-0.33994798399507997,0.0,0.0,0.0
1,98,MEND159,3156,TCAGGGTGCACGAAAC-1,7562,2377,0.13538806587457658,0.013003503023299601,-0.4992042616009712,0.0,0.0,0.0
1,99,MEND159,418,ACTCGTCAGTAATCCC-1,6766,6041,0.13537681773304938,0.013437880055752893,-0.35108656622469425,0.0,0.0,0.0
1,100,MEND159,1682,CTAACTGGTCCGGTTC-1,3714,7817,0.1353615142405033,0.012047540593841291,-0.4765012413263321,0.0,0.0,0.0
1,101,MEND159,1411,CCTCTCTCCCATCTAG-1,3712,5797,0.13535990566015244,0.01636896007803479,-0.4205161724239588,0.0,0.0,0.0
1,102,MEND159,2946,TACCTCAGTTGTCTGT-1,4734,9077,0.13531605899333954,0.020592876121772647,-0.37504083961248397,0.0,0.0,0.0
1,103,MEND159,3484,TGCGCAAAGCATTTGG-1,5965,5412,0.13530762046575545,0.014024244524613195,-0.34762669652700423,0.0,0.0,0.0
1,104,MEND159,3291,TCGGGAACGTGCCTAG-1,9020,5403,0.13530267402529716,0.014731680937302781,-0.45125032439827917,0.0,0.0,0.0
1,105,MEND159,3468,TGCCATTACTAAAGAA-1,7418,4145,0.1353000968694687,0.015833890529683262,-0.3641122803092003,0.0,0.0,0.0
1,106,MEND159,1842,CTGGTAACGAGCTCTT-1,8147,5153,0.1352502278983593,0.014256218950552933,-0.40597125291824343,0.0,0.0,0.0
1,107,MEND159,1888,CTTGAGTTAGGGTAAT-1,7857,6416,0.13520600721240045,0.01417356144625174,-0.4047666430473328,0.0,0.0,0.0
1,108,MEND159,2621,GGTTTGAGTGCTGGAA-1,4144,3019,0.13515232875943184,0.011422571448655671,-0.32071503475308416,0.0,0.0,0.0
1,109,MEND159,3327,TCTAGGTGGCGACGCT-1,8292,5153,0.13514562249183654,0.014022915895980412,-0.37677901051938534,0.0,0.0,0.0
1,110,MEND159,2175,GCAATTAGTCGCACCG-1,10038,5400,0.13514236137270927,0.01710086435066224,-0.434861758351326,0.0,0.0,0.0
1,111,MEND159,2501,GGCTTTCAATAAGGGT-1,5606,9074,0.13507465720176698,0.012538234288138706,-0.37032637000083923,0.0,0.0,0.0
1,112,MEND159,29,AAAGTAGCATTGCTCA-1,3060,7946,0.13507191687822342,0.01737846599846238,-0.4552617758512497,0.0,0.0,0.0
1,113,MEND159,3091,TATGTCAAGACCGACT-1,7782,4018,0.13505630791187287,0.016726720775592313,-0.48848876506090166,0.0,0.0,0.0
1,114,MEND159,1608,CGGTTGGGCAGGGTCC-1,6554,10713,0.1350290797650814,0.014196028610496703,-0.41702204942703247,0.0,0.0,0.0
1,115,MEND159,243,ACAATGAATACGGAGA-1,3352,8702,0.13498463854193687,0.013916788811696645,-0.359146561101079,0.0,0.0,0.0
1,116,MEND159,507,AGATGAGGGTTGCGAT-1,8217,3259,0.13497060239315034,0.018699117823508294,-0.3523925721645355,0.0,0.0,0.0
1,117,MEND159,70,AACATTGTGACTCGAG-1,4880,9581,0.13494250923395157,0.014095387090315097,-0.44680835753679277,0.0,0.0,0.0
1,118,MEND159,1497,CGCACGTGCGCTATCA-1,8294,6415,0.1348562180995941,0.01327298290357719,-0.43765692561864855,0.0,0.0,0.0
1,119,MEND159,115,AACTGATATTAGGCCT-1,5890,3518,0.13484786823391914,0.013516065951126921,-0.38868543803691863,0.0,0.0,0.0
1,120,MEND159,2285,GCGCTGCTTTGCATTT-1,7928,5027,0.1348380498588085,0.013773790642840915,-0.4330440402030945,0.0,0.0,0.0
1,121,MEND159,2226,GCCCAGTTGGTATGCC-1,3855,4282,0.13483790755271913,0.012965982590935666,-0.38240599185228347,0.0,0.0,0.0
1,122,MEND159,477,AGACGACGATGCCGCT-1,3496,8197,0.13483648970723153,0.012530012612207472,-0.41492549926042555,0.0,0.0,0.0
1,123,MEND159,1475,CGAGTGAAGGTACCAG-1,3206,8450,0.13481406718492508,0.015269530837932385,-0.37685303539037707,0.0,0.0,0.0
1,124,MEND159,2382,GCTTTACACAACTGGG-1,9535,10325,0.13480205610394477,0.014037711209157908,-0.39124624580144884,0.0,0.0,0.0
1,125,MEND159,2213,GCCAACCATTTCCGGA-1,8801,4772,0.13479898050427436,0.010330041189199755,-0.34246306866407394,0.0,0.0,0.0
1,126,MEND159,1713,CTAGGTCTGAAGGAAT-1,8657,6035,0.13478668332099913,0.013267965489016003,-0.4739049166440964,0.0,0.0,0.0
1,127,MEND159,2013,GACGGTCAATAGAAGC-1,8365,5279,0.13468104749917983,0.014425682467229046,-0.3574412152171135,0.0,0.0,0.0
1,128,MEND159,3762,TTCTTGGAGTAATGAG-1,6837,4147,0.1346184641122818,0.012759030512265864,-0.39023556001484394,0.0,0.0,0.0
1,129,MEND159,2665,GTAGTTCGAAGGCGAA-1,3935,9710,0.134600181132555,0.015113785400144356,-0.406324166059494,0.0,0.0,0.0
1,130,MEND159,3418,TGAGCTTTAATGACGC-1,7273,3893,0.1345665156841278,0.0136270902440492,-0.46002552956342696,0.0,0.0,0.0
1,131,MEND159,3431,TGATCCCAGCATTAGT-1,8874,4898,0.13455723077058793,0.0115981283150768,-0.27620300017297267,0.0,0.0,0.0
1,132,MEND159,3804,TTGCGTCGGCCAACCG-1,4078,7943,0.13455570563673974,0.013356193613585947,-0.3821692831814289,0.0,0.0,0.0
1,133,MEND159,1286,CCCGCAAATAATCATC-1,5100,11222,0.13455367609858512,0.013287458831272272,-0.433350658416748,0.0,0.0,0.0
1,134,MEND159,3640,TTAATTTCAGACGCGG-1,6109,3644,0.13454390689730644,0.017307739239480913,-0.41391697227954866,0.0,0.0,0.0
1,135,MEND159,1893,CTTGGCCAAGCTGGGA-1,5243,9202,0.13454258665442467,0.013235271222731373,-0.4694997400045395,0.0,0.0,0.0
1,136,MEND159,3318,TCTAACCTAGCCTGCG-1,9245,10831,0.13452040851116182,0.013696617665128343,-0.38435474038124084,0.0,0.0,0.0
1,137,MEND159,2318,GCTAAGCCCAGTATGC-1,8954,10832,0.13448708206415178,0.013867881940162158,-0.2832868130877614,0.0,0.0,0.0
1,138,MEND159,2369,GCTGTTGCTACCGAAC-1,8003,6416,0.13445454612374305,0.01476072812816669,-0.40467200726270675,0.0,0.0,0.0
1,139,MEND159,2442,GGCAAAGGCGCCAATA-1,3569,8323,0.1344313405454159,0.01218451727122697,-0.5402720957994461,0.0,0.0,0.0
1,140,MEND159,2854,GTTGTCGTGTTAGTTG-1,4509,3396,0.1344272091984749,0.015250779175131733,-0.3798245996236801,0.0,0.0,0.0
1,141,MEND159,575,AGGACGCTCGATGTTG-1,8218,3764,0.13441588655114173,0.01602084075890304,-0.4522893626242876,0.0,0.0,0.0
1,142,MEND159,2467,GGCCGCAGGAACCGCA-1,9535,10073,0.1343995876610279,0.0168782130321769,-0.42063519209623335,0.0,0.0,0.0
1,143,MEND159,2714,GTCGCGTAACCCGTTG-1,6549,6420,0.13439234644174575,0.01382074158416852,-0.2918352194130421,0.0,0.0,0.0
1,144,MEND159,275,ACAGTATACCGTGGGA-1,9745,3886,0.13437584936618804,0.012213320564301957,-0.35220627784729003,0.0,0.0,0.0
1,145,MEND159,2591,GGTGAGATGCAGATAA-1,3709,3525,0.13437509834766387,0.017631749314107936,-0.5070015609264373,0.0,0.0,0.0
1,146,MEND159,3194,TCCCACTCTCTTCCGG-1,8874,5403,0.13436478823423387,0.016568969145879905,-0.32364421896636486,0.0,0.0,0.0
1,147,MEND159,2473,GGCGAACCGTTCTGAT-1,10326,3632,0.1343485914170742,0.01089730909461446,-0.3275708630681038,0.0,0.0,0.0
1,148,MEND159,1136,CATAGAGGAGATACTA-1,7426,10205,0.13433663472533225,0.011507305443319947,-0.4062308132648468,0.0,0.0,0.0
1,149,MEND159,3331,TCTATCATGCAGTTAC-1,4000,3776,0.13432032167911528,0.01153502139338595,-0.4096341922879219,0.0,0.0,0.0
1,150,MEND159,3399,TGAATGAGTGTTTCCC-1,4735,9834,0.13430564627051353,0.012515172025788782,-0.48395732007920744,0.0,0.0,0.0
1,151,MEND159,1965,GAATAGTGCTCGATTA-1,3716,9080,0.13428379595279694,0.014326292112273377,-0.45876037776470185,0.0,0.0,0.0
1,152,MEND159,2405,GGACGGGCGACCAACC-1,9607,9946,0.13423558026552201,0.01206880897407533,-0.3525635302066803,0.0,0.0,0.0
1,153,MEND159,3405,TGACCAAATCTTAAAC-1,5607,9832,0.13423378467559816,0.013424970975006991,-0.372041454911232,0.0,0.0,0.0
1,154,MEND159,1041,CACCGTATCCCATCCG-1,8659,8055,0.13423243090510367,0.01331746098548477,-0.3459054514765739,0.0,0.0,0.0
1,155,MEND159,450,ACTTGGGCTTTCGCCA-1,6554,11218,0.13420933336019517,0.012330058729585648,-0.3582827515900135,0.0,0.0,0.0
1,156,MEND159,3078,TATGATCCGGCACGCC-1,9237,4771,0.13420671299099923,0.014932938382191957,-0.47343123257160186,0.0,0.0,0.0
1,157,MEND159,602,AGGGACCGGCTGCGTT-1,9093,6034,0.1341884784400463,0.01348762638197521,-0.33357044607400893,0.0,0.0,0.0
1,158,MEND159,2323,GCTACAGTACGGACCG-1,2113,6560,0.13418445661664008,0.015634126648296935,-0.35886300802230836,0.0,0.0,0.0
1,159,MEND159,1194,CATTGTGTGCTAGATC-1,2181,3151,0.1341770276427269,0.01592069876014825,-0.4612083926796913,0.0,0.0,0.0
1,160,MEND159,2863,GTTTCTGCAGTCTCCC-1,6330,6547,0.13416653499007225,0.013121264304258041,-0.3867334142327309,0.0,0.0,0.0
1,161,MEND159,245,ACAATTTGAGCAGTGG-1,7056,5030,0.1341512307524681,0.01322341596306386,-0.42639152258634566,0.0,0.0,0.0
1,162,MEND159,2335,GCTATAAGGGCCAGGA-1,9027,10958,0.13413037583231927,0.0149539038660754,-0.4406527400016785,0.0,0.0,0.0
1,163,MEND159,1039,CACCGGAGATATCTCC-1,7852,2376,0.13413036987185478,0.012618664188085289,-0.353602246940136,0.0,0.0,0.0
1,164,MEND159,2962,TACGGGATGCTAGCAG-1,7127,4146,0.13410558626055719,0.013046695379460386,-0.3692468151450157,0.0,0.0,0.0
1,165,MEND159,253,ACACCACATAATTAGC-1,9601,5401,0.13410064056515694,0.013498008395725026,-0.546617916226387,0.0,0.0,0.0
1,166,MEND159,858,ATGCTCAGTGTTGCAT-1,3201,4158,0.13409858718514442,0.014873315388666167,-0.4329223453998566,0.0,0.0,0.0
1,167,MEND159,3,AAACAGCTTTCAGAAG-1,1750,6939,0.1340772546827793,0.015082464756679117,-0.42541946172714235,0.0,0.0,0.0
1,168,MEND159,3183,TCCAGCGCTATAAGCG-1,9532,8053,0.13402032777667044,0.013661127670404517,-0.3992364495992661,0.0,0.0,0.0
1,169,MEND159,3193,TCCCAATATCGACGAC-1,8445,11212,0.1340179294347763,0.016544942406434747,-0.39670751988887787,0.0,0.0,0.0
1,170,MEND159,573,AGGACATCGCACGTCG-1,3854,3524,0.1340155631303787,0.01720067084481073,-0.30568004250526426,0.0,0.0,0.0
1,171,MEND159,2567,GGTACTAAGTGCTTTG-1,10041,7925,0.1339849904179573,0.011344159314356355,-0.4664271205663681,0.0,0.0,0.0
1,172,MEND159,1448,CGAAGCTATAAATTCA-1,8727,3889,0.13398269712924957,0.012796185127254589,-0.39563984572887423,0.0,0.0,0.0
1,173,MEND159,3389,TCTTTAGCAGGCGAAC-1,9529,5780,0.1339620552957058,0.016263587198003134,-0.3236307293176651,0.0,0.0,0.0
1,174,MEND159,2413,GGAGAAGTCATTGGCA-1,4073,4408,0.13396137431263924,0.016599058466202656,-0.4621074039489031,0.0,0.0,0.0
1,175,MEND159,1152,CATCCGCAGGCCCGAA-1,2182,3403,0.13391892984509468,0.012716333523388757,-0.5113767355680465,0.0,0.0,0.0
1,176,MEND159,52,AAATTGATAGTCCTTT-1,3351,8450,0.1339156836271286,0.013894493409254213,-0.37596030384302137,0.0,0.0,0.0
1,177,MEND159,2124,GATCGGTGGCCATAAC-1,6038,5033,0.1338815398514271,0.011632379976807345,-0.3836388558149338,0.0,0.0,0.0
1,178,MEND159,3533,TGGCTACACTCTACCT-1,8370,9571,0.1338728368282318,0.014749600693509128,-0.37247847616672514,0.0,0.0,0.0
1,179,MEND159,412,ACTCCCTAATGCTAAA-1,6115,8694,0.13377784043550492,0.01618393906370639,-0.34746250323951244,0.0,0.0,0.0
1,180,MEND159,2527,GGGCCGGCCGAAGTAC-1,7203,6040,0.13377657234668733,0.010432398472843288,-0.4316294014453888,0.0,0.0,0.0
1,181,MEND159,3523,TGGCAACTCGCGCGCC-1,7346,4272,0.13376753106713296,0.015025633160942388,-0.37554438337683677,0.0,0.0,0.0
1,182,MEND159,1361,CCGGTATCTGGCGACT-1,7282,11216,0.1337485171854496,0.011582811304044078,-0.43622638285160065,0.0,0.0,0.0
1,183,MEND159,721,ATAAGTAGGGCGACTC-1,8948,6034,0.1337365113198757,0.012412807932353923,-0.36772502325475215,0.0,0.0,0.0
1,184,MEND159,377,ACGGGAGTGTCGGCCC-1,2914,7441,0.1337261565029621,0.015756450679756798,-0.41074700504541395,0.0,0.0,0.0
1,185,MEND159,50,AAATTACCTATCGATG-1,7928,4775,0.1337224140763283,0.01232773725795997,-0.41460948884487153,0.0,0.0,0.0
1,186,MEND159,2748,GTGACCGCACACTACG-1,7712,6417,0.13371310159564018,0.01972580813322433,-0.3859403792768717,0.0,0.0,0.0
1,187,MEND159,1306,CCCTGATGTAACTCGT-1,2254,3277,0.13370113596320152,0.01182935892003076,-0.5328720033168792,0.0,0.0,0.0
1,188,MEND159,3367,TCTGGGAACCTTTGAA-1,8221,6542,0.13369349986314774,0.012453426383956493,-0.40716261714696883,0.0,0.0,0.0
1,189,MEND159,631,AGGTTTCACACACCTT-1,5967,6674,0.133683193475008,0.01423245864726311,-0.32484611980617045,0.0,0.0,0.0
1,190,MEND159,1464,CGAGATTTCGCTCGGG-1,9531,6790,0.13367760479450225,0.013198459582613419,-0.4231927886605263,0.0,0.0,0.0
1,191,MEND159,1017,CACAGGGCCGTTGTCA-1,5461,9327,0.13367559090256692,0.0140187009147909,-0.349271553568542,0.0,0.0,0.0
1,192,MEND159,2462,GGCCCAGCTGGTTTGC-1,6481,10334,0.13365934193134307,0.012030914089918052,-0.492792084813118,0.0,0.0,0.0
1,193,MEND159,3279,TCGCTGGGCGGATTGT-1,6474,5032,0.13365646749734877,0.012372805751392582,-0.3771780923008919,0.0,0.0,0.0
1,194,MEND159,410,ACTCCCGAATTCGTTT-1,8656,5530,0.13365425989031793,0.011368892313705768,-0.33743730261921884,0.0,0.0,0.0
1,195,MEND159,899,ATTATACTTTGCTCGT-1,6763,3768,0.13365352153778076,0.017184477702499146,-0.4320072203874588,0.0,0.0,0.0
1,196,MEND159,384,ACGTATTACTCCGATC-1,8149,6668,0.13363854140043258,0.014975015311886077,-0.4032616913318634,0.0,0.0,0.0
1,197,MEND159,3586,TGTCCGCAAACAATTC-1,4809,10718,0.1336343690752983,0.017352418006322815,-0.3704121932387352,0.0,0.0,0.0
1,198,MEND159,3007,TAGCCATTTCAAAGTC-1,7567,6922,0.13362115249037743,0.013402120103237334,-0.4276605065912008,0.0,0.0,0.0
1,199,MEND159,2151,GATTAGAAACAAGCGT-1,4373,10972,0.1336037926375866,0.015920891432484607,-0.39084510654211047,0.0,0.0,0.0
1,200,MEND159,2997,TAGAGTCTAAGCGAAC-1,5093,5162,0.1335391491651535,0.009142783174921365,-0.3961132660508156,0.0,0.0,0.0
1,201,MEND159,3120,TCAAGAAATACTAGCT-1,8947,5782,0.13352661877870559,0.015966594973389224,-0.37187313884496687,0.0,0.0,0.0
1,202,MEND159,2429,GGATCCGGAATATACT-1,7057,5788,0.13351385295391083,0.013174606595530948,-0.39887958113104105,0.0,0.0,0.0
1,203,MEND159,148,AAGGAGAACTTATAAG-1,5234,1879,0.1334903247654438,0.01257877199335495,-0.3640498161315918,0.0,0.0,0.0
1,204,MEND159,3153,TCAGCGCACGCCGTTT-1,6918,10838,0.13347180485725402,0.01691396804397585,-0.3466741185635328,0.0,0.0,0.0
1,205,MEND159,1920,GAAAGAACAGCGTTAT-1,8584,6162,0.1334620289504528,0.017022574929088805,-0.44559555128216743,0.0,0.0,0.0
1,206,MEND159,648,AGTATTTGGCACGACC-1,4879,8824,0.13345359042286872,0.014237053854589826,-0.3710213452577591,0.0,0.0,0.0
1,207,MEND159,898,ATTAGGCGATGCTTTC-1,6257,6169,0.13344461992383003,0.013033308013243898,-0.48249013125896456,0.0,0.0,0.0
1,208,MEND159,3095,TATTCAATTCTAATCC-1,6475,5789,0.13342453241348268,0.012640695135436189,-0.3201289113610983,0.0,0.0,0.0
1,209,MEND159,1032,CACCCGGTTTGTGACT-1,3933,8195,0.1334182731807232,0.015238658776928862,-0.443223537504673,0.0,0.0,0.0
1,210,MEND159,1529,CGCGGGAATTAGGCAG-1,6910,5030,0.13340574204921724,0.01685476410077785,-0.39336414970457556,0.0,0.0,0.0
1,211,MEND159,3110,TCAAATTTGAGACTCA-1,6188,9073,0.13338109627366065,0.013685778912699514,-0.4473581939935684,0.0,0.0,0.0
1,212,MEND159,1839,CTGGTAAAGACTTACA-1,8299,10455,0.13337355181574823,0.013315584772271167,-0.3326683953404427,0.0,0.0,0.0
1,213,MEND159,2276,GCGCCGTTCCACGATA-1,5822,6675,0.13336619287729262,0.013692127120822385,-0.3739432077854872,0.0,0.0,0.0
1,214,MEND159,2089,GAGTCCGCTTACCGGA-1,5313,7308,0.13336603119969367,0.013056060694539181,-0.3408955667167902,0.0,0.0,0.0
1,215,MEND159,17,AAACTCGTGATATAAG-1,9309,4392,0.13333680331707,0.01494708696419757,-0.33786682821810243,0.0,0.0,0.0
1,216,MEND159,3455,TGCAGATCGTCCTAGG-1,2404,6811,0.13332402780652047,0.01671354869462135,-0.3727400690317154,0.0,0.0,0.0
1,217,MEND159,144,AAGCGTCCCTCATCGA-1,3643,8701,0.1333212897181511,0.015604631324000341,-0.3647271454334259,0.0,0.0,0.0
1,218,MEND159,3215,TCCGATGACTGAGCTC-1,6619,4274,0.13329981043934822,0.016391174492216963,-0.41425308138132094,0.0,0.0,0.0
1,219,MEND159,1717,CTAGTCACGTCTTAAG-1,6112,6169,0.13328617066144943,0.01505586321947821,-0.414589162170887,0.0,0.0,0.0
1,220,MEND159,3688,TTATGTTTGCGATAGA-1,2547,4791,0.1332736022770405,0.015240648090960696,-0.3365864004939795,0.0,0.0,0.0
1,221,MEND159,2235,GCCGATTGGCCAAGCT-1,5531,6676,0.133263398706913,0.009933163595174696,-0.4926941394805908,0.0,0.0,0.0
1,222,MEND159,1316,CCGAACACTGGGCCTC-1,2404,7064,0.1332598201930523,0.012918449647934305,-0.422529599070549,0.0,0.0,0.0
1,223,MEND159,1679,CTAACCGCGCGCCCGT-1,3639,6176,0.13324915617704391,0.013837391495645139,-0.45626025944948195,0.0,0.0,0.0
1,224,MEND159,3493,TGCGTGATTGGGTGTC-1,2326,2898,0.1332401938736439,0.010424318933440724,-0.3199484072625637,0.0,0.0,0.0
1,225,MEND159,2658,GTAGCGGCTATACACT-1,6112,6422,0.13322525545954705,0.016471095417855953,-0.35874196887016296,0.0,0.0,0.0
1,226,MEND159,738,ATACGGTGAAGATGCA-1,1893,5676,0.13321805521845817,0.014812480139815823,-0.4551903635263443,0.0,0.0,0.0
1,227,MEND159,1792,CTGAAAGAGATCCGAC-1,6109,3897,0.13321278914809226,0.01250577626454621,-0.37158393263816836,0.0,0.0,0.0
1,228,MEND159,1525,CGCGCATGTTTGATTG-1,5023,7814,0.13319925889372825,0.015275393062280618,-0.3392183449119329,0.0,0.0,0.0
1,229,MEND159,531,AGCCCGGTAGCCTGTA-1,4661,9203,0.1331963412463665,0.01326034456740498,-0.4299109548330307,0.0,0.0,0.0
1,230,MEND159,1734,CTATTTGGTTACGGAT-1,7057,6040,0.1331762820482254,0.014680595639723475,-0.47539978176355363,0.0,0.0,0.0
1,231,MEND159,2468,GGCCGGCGTCTGCTAT-1,6843,9702,0.13317356035113334,0.013337486571886456,-0.39160587936639785,0.0,0.0,0.0
1,232,MEND159,587,AGGCATTGTCGTAGGG-1,8295,7678,0.13315949067473412,0.01865684133353776,-0.39803969860076904,0.0,0.0,0.0
1,233,MEND159,1566,CGGCAATAAGATCGCC-1,8951,8307,0.13315800577402115,0.011864235975898862,-0.3948402225971222,0.0,0.0,0.0
1,234,MEND159,590,AGGCCCATTGTACAGG-1,5090,3395,0.13314653635025026,0.016075310504027853,-0.40214399695396424,0.0,0.0,0.0
1,235,MEND159,1113,CAGTAGCCCACGCGGT-1,7710,4649,0.13313700631260872,0.01893371682703137,-0.4956303030252457,0.0,0.0,0.0
1,236,MEND159,2216,GCCACAATTTAAGGAC-1,3932,7185,0.13309986144304276,0.014373327156224963,-0.43777680695056914,0.0,0.0,0.0
1,237,MEND159,2996,TAGAGGTTCTACTTGT-1,8078,8310,0.13307657465338707,0.01358478683436331,-0.32851777970790863,0.0,0.0,0.0
1,238,MEND159,2831,GTTCCAGTCTGACCAT-1,4945,3647,0.13306052312254907,0.013411821108393476,-0.32008466124534607,0.0,0.0,0.0
1,239,MEND159,3807,TTGCTAGCTACCAATC-1,3198,1885,0.13305962309241295,0.012859923327543325,-0.47899759858846663,0.0,0.0,0.0
1,240,MEND159,2909,TAATAAACAAGGAGAT-1,7709,3639,0.13305890932679176,0.014272748770022829,-0.36246108263731003,0.0,0.0,0.0
1,241,MEND159,1854,CTGTGCAGGGTAGGTC-1,6185,6800,0.1330446943640709,0.01409579140481505,-0.42624126821756364,0.0,0.0,0.0
1,242,MEND159,611,AGGGTCGATGCGAACT-1,8148,6163,0.13303311988711358,0.012102411102638828,-0.41172146052122116,0.0,0.0,0.0
1,243,MEND159,1773,CTCGTGGCACTGAAAG-1,5318,11095,0.13303158432245255,0.01156699036652205,-0.40700907111167905,0.0,0.0,0.0
1,244,MEND159,3289,TCGGCGTACTGCACAA-1,2041,7696,0.13302576318383216,0.011764584042681832,-0.4426316022872925,0.0,0.0,0.0
1,245,MEND159,1758,CTCCTAAGTTATGTCT-1,3272,3021,0.133009871840477,0.015467863118588302,-0.48590933084487914,0.0,0.0,0.0
1,246,MEND159,2555,GGGTGTTTCAGCTATG-1,6036,3518,0.13300728499889375,0.015475994280623653,-0.42303951978683474,0.0,0.0,0.0
1,247,MEND159,3472,TGCCGTGGATCGTCCT-1,5679,8695,0.1330046273767948,0.012578453706025776,-0.30276073664426806,0.0,0.0,0.0
1,248,MEND159,2302,GCGGTGCGGAGCATCG-1,1455,3910,0.1329817920923233,0.016737520630886422,-0.40239278972148895,0.0,0.0,0.0
1,249,MEND159,1604,CGGTTATCCAACAGTG-1,8220,5279,0.1329763948917389,0.014418217136804813,-0.4415084898471832,0.0,0.0,0.0
1,250,MEND159,2507,GGGAATTCTGTCCAGT-1,1384,5047,0.13296059742569924,0.013402366839638132,-0.4858967065811157,0.0,0.0,0.0
1,251,MEND159,343,ACCTCCGTTATTCACC-1,9238,5781,0.13294487893581391,0.015148403451340869,-0.34003873765468595,0.0,0.0,0.0
1,252,MEND159,659,AGTCGGCCCAAACGAC-1,3928,4660,0.13293460756540298,0.013177167259345571,-0.3560602720826864,0.0,0.0,0.0
1,253,MEND159,2883,TAACAAAGGGAGAAGC-1,3637,4156,0.13292638808488846,0.016225538500532037,-0.3560843516141176,0.0,0.0,0.0
1,254,MEND159,3044,TAGTTTATTCTTGCTT-1,5235,3142,0.1329214431345463,0.012101496397605912,-0.4818849951028824,0.0,0.0,0.0
1,255,MEND159,1673,CTAAAGAATGCCTACT-1,3712,6050,0.13289372995495796,0.017089922025699977,-0.4273996323347092,0.0,0.0,0.0
1,256,MEND159,2219,GCCAGGAGTAACCGAT-1,7564,4145,0.13289096653461457,0.012626631752045245,-0.37198164872825146,0.0,0.0,0.0
2,1,MEND159,46,AAATGGCCCGTGCCCT-1,2332,7695,0.18095002919435502,0.014207362374232098,-0.1054842710494995,0.1,0.0,0.04844860434532165
2,2,MEND159,992,CAATATTCTTGACCTA-1,4006,8322,0.1809108719229698,0.012893507357938205,-0.05231435149908066,0.2,0.1,0.09708374142646789
2,3,MEND159,2208,GCATGGGTACTGACGC-1,1313,6688,0.17870885133743286,0.012235833722174027,-0.023104214295744895,0.1,0.0,0.049868139624595645
2,4,MEND159,2725,GTCTACTCAATTACAA-1,2040,6181,0.17765548527240754,0.013190259488006232,-0.16174568459391594,0.2,0.0,0.09701144397258758
2,5,MEND159,103,AACGTGCGAAAGTCTC-1,6475,6042,0.17758309841156006,0.013947542578977165,-0.1182184249162674,0.1,0.0,0.04921065866947174
2,6,MEND159,3054,TATAGCGCACGTTATC-1,1605,7445,0.17734848260879515,0.014683143071137404,-0.13024388030171394,0.2,0.1,0.09960926175117493
2,7,MEND159,1406,CCTCGCCAGCAAATTA-1,6472,3769,0.17731326073408127,0.013463928499406318,-0.08481534570455551,0.0,0.0,0.0
2,8,MEND159,273,ACAGGTGGAGGTGAGG-1,3932,7943,0.17702903896570205,0.015123104257012741,-0.020092785358428955,0.5,0.0,0.2071388840675354
2,9,MEND159,3212,TCCGAATGGTCCTGAG-1,9311,5402,0.17692720592021943,0.014415208496144449,-0.13387583028525113,0.2,0.1,0.09901081323623658
2,10,MEND159,2273,GCGATTGTTAACGTTA-1,6694,6167,0.17552057206630706,0.01615223899459381,-0.008032806962728501,0.0,0.0,0.0
2,11,MEND159,2591,GGTGAGATGCAGATAA-1,3709,3525,0.17517692744731903,0.007912938293844993,-0.2341287150979042,0.0,0.0,0.0
2,12,MEND159,861,ATGGAACCTTTGCACA-1,9821,6284,0.17443393766880036,0.014181776954558521,-0.11782236509025097,0.0,0.0,0.0
2,13,MEND159,3783,TTGAGCGCCACGTGAT-1,9675,6285,0.17432154715061188,0.014108660531468115,-0.13826864808797837,0.0,0.0,0.0
2,14,MEND159,377,ACGGGAGTGTCGGCCC-1,2914,7441,0.1742374047636986,0.010299104549047441,-0.1405048742890358,0.3,0.0,0.1325161874294281
2,15,MEND159,766,ATATCAACCTACAGAG-1,8730,6161,0.17413297593593596,0.010817424874652126,-0.08510292246937752,0.0,0.0,0.0
2,16,MEND159,2829,GTTCATCGTTTGGCTG-1,8729,5656,0.1741233304142952,0.016776490108005648,-0.138138441182673,0.1,0.1,0.050478965044021606
2,17,MEND159,961,CAAATCTCTCACAAGG-1,2841,7062,0.17411501407623292,0.01288093228746278,-0.09949664492160082,0.2,0.0,0.08091010749340058
2,18,MEND159,2415,GGAGACGACACCTTTG-1,5967,6927,0.17381762266159057,0.012286816706194987,0.041937360912561415,0.1,0.0,0.04381432831287384
2,19,MEND159,2240,GCCGGGTTAGGGTCGC-1,5385,6676,0.17380491495132447,0.01597483413957579,-0.05987132349982858,0.2,0.0,0.07787325382232665
2,20,MEND159,1510,CGCCCAGCACGCCTAG-1,4806,8950,0.17366892248392105,0.01333504065830589,-0.16779339462518691,0.1,0.0,0.046683043241500854
2,21,MEND159,3729,TTCGCGCGCCATACGA-1,4515,8951,0.17354672849178315,0.013282205618084412,-0.10050768852233886,0.0,0.0,0.0
2,22,MEND159,2798,GTGGTTACTTCTTTCG-1,8729,5404,0.17332053035497666,0.012655118136057799,-0.0992879431694746,0.0,0.0,0.0
2,23,MEND159,368,ACGGAACACGAGTGCC-1,8445,10707,0.1733115866780281,0.007297558260677511,-0.049997971206903455,0.0,0.0,0.0
2,24,MEND159,1688,CTACAAGAAATAACCC-1,4006,8827,0.17322784066200256,0.014957781710425224,-0.23493677694350482,0.0,0.0,0.0
2,25,MEND159,3559,TGGTGCCCTGCCTTAC-1,4881,10844,0.1731802374124527,0.017231699325918417,-0.07372957766056061,0.1,0.0,0.04506562650203705
2,26,MEND159,1171,CATGCGTTAGACAGAA-1,5672,3393,0.17317605763673782,0.008971604901302858,-0.07135054469108582,0.0,0.0,0.0
2,27,MEND159,3129,TCACAGCAAACTCGAA-1,4660,7941,0.1731627658009529,0.012189802911285191,-0.13154613990336655,0.1,0.0,0.046076685190200806
2,28,MEND159,3306,TCGTCCGCTGGCGTCT-1,4001,4281,0.1729832783341408,0.017871431393011863,-0.13181196991354227,0.0,0.0,0.0
2,29,MEND159,1046,CACCTCGATGGTGGAC-1,6182,3770,0.1729630559682846,0.014393487293665191,-0.200786817073822,0.0,0.0,0.0
2,30,MEND159,761,ATAGTTCCACCCACTC-1,8512,6288,0.17290678322315217,0.010900673939867557,-0.18075004890561103,0.2,0.0,0.09393021166324615
2,31,MEND159,737,ATACGGGTTTCGATTG-1,7055,4273,0.17279620617628097,0.012336604226757222,-0.16663420600816609,0.1,0.0,0.04743024408817291
2,32,MEND159,1808,CTGCCATGCATCACAT-1,5603,6549,0.17279036343097687,0.02112200597257596,-0.05093939807265997,0.4,0.0,0.164629203081131
2,33,MEND159,3678,TTATATACGCTGTCAC-1,6476,6294,0.17266258895397185,0.016842742912018007,-0.06886438876390458,0.2,0.0,0.09598782658576965
2,34,MEND159,1029,CACCCAAATCTTATGT-1,8729,5909,0.17253966331481935,0.010913014637947737,-0.11574024185538292,0.2,0.0,0.09124734103679658
2,35,MEND159,1280,CCCAGGTCTGAAGGCT-1,9169,8180,0.17253540605306625,0.013288520381104904,-0.05241062194108963,0.0,0.0,0.0
2,36,MEND159,2744,GTGAACTCCCATTCGA-1,8656,5278,0.17240289747714996,0.015844272721268444,-0.21536323679611086,0.2,0.0,0.09264237880706787
2,37,MEND159,3349,TCTGAACCGGTCGGCT-1,3782,4156,0.17240279465913771,0.012195158826741086,-0.1155435524880886,0.2,0.0,0.09172296822071076
2,38,MEND159,738,ATACGGTGAAGATGCA-1,1893,5676,0.17232009768486023,0.012172548835374749,-0.1937949001789093,0.1,0.0,0.04624866545200348
2,39,MEND159,3017,TAGGCATGTTACGCCA-1,7273,4398,0.17226665169000627,0.009601114072760689,-0.22250810777768493,0.0,0.0,0.0
2,40,MEND159,2883,TAACAAAGGGAGAAGC-1,3637,4156,0.17224287390708923,0.012378863272489878,-0.09187107458710671,0.0,0.0,0.0
2,41,MEND159,658,AGTCGACGGTCTCAAG-1,7639,6291,0.1720210865139961,0.011616459346728914,-0.16369845494627952,0.0,0.0,0.0
2,42,MEND159,1414,CCTGAACGATATATTC-1,7275,6166,0.17196106016635895,0.010902935367663565,-0.044342887960374354,0.0,0.0,0.0
2,43,MEND159,1031,CACCCACGAGGCAATT-1,7345,4019,0.17184381932020187,0.013852761327825347,-0.10809845384210348,0.0,0.0,0.0
2,44,MEND159,1825,CTGGCATCCGAATGAG-1,2987,7567,0.1717491164803505,0.009715551069524394,-0.09529080241918564,0.0,0.0,0.0
2,45,MEND159,3620,TTAAAGGCGATGCTCG-1,4663,10718,0.17173178642988204,0.012261323813770812,-0.22494298331439494,0.0,0.0,0.0
2,46,MEND159,3762,TTCTTGGAGTAATGAG-1,6837,4147,0.17170300632715224,0.011937846518704496,-0.1447609167546034,0.0,0.0,0.0
2,47,MEND159,2787,GTGGACGTGCTGAGAC-1,3927,3650,0.17160630077123643,0.017461287517558294,-0.14049746468663216,0.1,0.0,0.04933299124240875
2,48,MEND159,419,ACTCTAAACCTGGGAT-1,1165,4921,0.17155150175094605,0.0137390710577102,-0.1100668616592884,0.1,0.0,0.04657171964645386
2,49,MEND159,3800,TTGCGCACAACCACGT-1,8809,11085,0.17153076380491256,0.013516048269396522,-0.24004160091280938,0.0,0.0,0.0
2,50,MEND159,241,ACAATAGTCGTACGTT-1,2549,6811,0.17147637158632278,0.00826117755339021,-0.24649415984749795,0.1,0.0,0.046157488226890565
2,51,MEND159,3260,TCGATTTACGAAACGA-1,6045,11093,0.17146311402320863,0.018540777046184755,-0.11353613659739495,0.0,0.0,0.0
2,52,MEND159,1070,CACTCGGTTAGGAGGA-1,2039,5929,0.17127555906772612,0.010240065534852625,-0.048656790889799593,0.0,0.0,0.0
2,53,MEND159,986,CAAGGTCCTATAGGCT-1,9093,5782,0.17127016335725784,0.01419725833791062,-0.15225142184644938,0.0,0.0,0.0
2,54,MEND159,989,CAAGTGTGGTTGCAAA-1,7930,6542,0.17112005949020387,0.00801048157346387,-0.21804584749042988,0.1,0.0,0.04768305122852325
2,55,MEND159,1202,CCAAATAACAAGATTC-1,9314,7927,0.17093161195516587,0.01595853628374216,-0.10128093268722296,0.6,0.0,0.22401659488677977
2,56,MEND159,2833,GTTCCGTCCGCCTGCA-1,4154,10341,0.1709140956401825,0.0163789586036379,-0.06149991936981678,0.1,0.0,0.046056079864501956
2,57,MEND159,201,AATCTATGCCGGAGCC-1,9092,4772,0.17090752273797988,0.012738288627786485,-0.11056525483727456,0.1,0.0,0.04686929881572723
2,58,MEND159,113,AACTCTCAGTGTGCTC-1,4078,8195,0.1708859920501709,0.015585377119504475,-0.14923886600881814,0.0,0.0,0.0
2,59,MEND159,2854,GTTGTCGTGTTAGTTG-1,4509,3396,0.17074817419052124,0.012225688613072523,-0.13658008314669132,0.0,0.0,0.0
2,60,MEND159,1595,CGGTCAAGTGGGAACC-1,6910,4778,0.17071233093738555,0.015564793725003573,-0.06170446202158928,0.2,0.0,0.08919036090373993
2,61,MEND159,3576,TGTAGTGATCTATAAT-1,3494,5924,0.17065373361110686,0.011926769579626184,-0.04874733965843916,0.1,0.0,0.04385094940662384
2,62,MEND159,513,AGCAACATATCTTATT-1,7858,6669,0.17058043032884598,0.014027155956415913,-0.17377366907894612,0.5,0.0,0.2036058008670807
2,63,MEND159,863,ATGGATCCGGCGTCCG-1,6836,3894,0.17054855674505234,0.011619500981205375,-0.1598551958799362,0.0,0.0,0.0
2,64,MEND159,1913,GAAACAGATGACCACC-1,7785,6543,0.1705365836620331,0.018596036760285595,-0.125941950827837,0.1,0.0,0.04705513715744018
2,65,MEND159,399,ACTAGTTGCGATCGTC-1,8659,7803,0.1704609364271164,0.0152887873113435,-0.2664246402680874,0.2,0.0,0.09239518344402313
2,66,MEND159,1663,CGTTGTAAGATTGATT-1,8946,4772,0.17045942693948746,0.014139841847297942,-0.11890064049512147,0.2,0.0,0.08924078047275544
2,67,MEND159,1456,CGACGCATCCGTACCT-1,1823,7823,0.17043257504701614,0.009757373948471731,-0.0384966965764761,0.0,0.0,0.0
2,68,MEND159,315,ACCCGGATGACGCATC-1,8366,6289,0.17042309492826463,0.014264700477540103,-0.07977343462407589,0.3,0.0,0.1320984184741974
2,69,MEND159,2527,GGGCCGGCCGAAGTAC-1,7203,6040,0.17041776478290557,0.010271689902809343,-0.18838453404605388,0.0,0.0,0.0
2,70,MEND159,3181,TCCAGAGCACCGGTTC-1,6185,6548,0.17039551436901093,0.012042068076807608,-0.14912704471498728,0.0,0.0,0.0
2,71,MEND159,2165,GCAACACACTAGAACT-1,2259,7317,0.17038575559854507,0.010779403108747709,-0.2511755645275116,0.0,0.0,0.0
2,72,MEND159,1505,CGCATGGTGCGATGCT-1,5894,6548,0.17036293745040892,0.009312145379696024,-0.2393562352284789,0.2,0.0,0.08487288355827331
2,73,MEND159,3247,TCCTTCAATCCCTACG-1,1168,6689,0.170361752808094,0.014640424596402657,-0.10605573710054159,0.1,0.0,0.04697748422622681
2,74,MEND159,2042,GAGAGCGCAGTCCCTG-1,1529,5046,0.17033199965953827,0.014356932826418381,-0.11682537905871868,0.0,0.0,0.0
2,75,MEND159,2059,GAGCGCAAATACTCCG-1,8877,7928,0.17022654861211778,0.012363952864029476,-0.09053174052387476,0.2,0.0,0.08993737697601319
2,76,MEND159,639,AGTACGGGCACCTGGC-1,6837,4652,0.1702222466468811,0.014008464039974258,-0.029086575098335742,0.1,0.0,0.04764969050884247
2,77,MEND159,2727,GTCTATACACGCATGG-1,4736,10844,0.17017313539981843,0.008143171693909797,-0.07961809504777193,0.0,0.0,0.0
2,78,MEND159,3175,TCCAATAAAGGCTACC-1,4952,9455,0.17016884684562683,0.01301388559389535,-0.07220855057239532,0.0,0.0,0.0
2,79,MEND159,708,AGTTTGGCACGGGTTG-1,8513,7551,0.1701675683259964,0.011745681402324962,-0.09922613482922316,0.0,0.0,0.0
2,80,MEND159,3274,TCGCTAAACCGCTATC-1,7563,3892,0.17011089622974396,0.015574326186100374,-0.18628103490918874,0.0,0.0,0.0
2,81,MEND159,800,ATCCAGGATTCGTGAA-1,4440,6553,0.17009336203336717,0.011834875913197275,-0.051602606661617756,0.0,0.0,0.0
2,82,MEND159,1176,CATGGGTCGGGTGTGG-1,7273,4146,0.17004812210798265,0.010401586547981038,-0.17087246105074883,0.0,0.0,0.0
2,83,MEND159,3409,TGACGATGCACTAGAA-1,8003,6164,0.1699950322508812,0.008444441072624511,-0.13921579718589783,0.2,0.0,0.08784196376800538
2,84,MEND159,670,AGTGAACAAACTTCTC-1,8513,7046,0.16994438618421553,0.014107036636291278,-0.09566089659929275,0.3,0.0,0.13073054552078248
2,85,MEND159,790,ATCAGCTCGTCCACTA-1,2187,7696,0.16992315798997878,0.015258013568826414,-0.01786637306213379,0.0,0.0,0.0
2,86,MEND159,2735,GTCTCGATCTGCTTTC-1,6909,4020,0.1699004054069519,0.014876462183292236,-0.12736301943659784,0.0,0.0,0.0
2,87,MEND159,1772,CTCGTCTGTGCCTTCG-1,7062,10333,0.16989167183637618,0.011324286124807105,-0.024147211015224455,0.0,0.0,0.0
2,88,MEND159,3453,TGCAGAACTATATCGT-1,2695,6810,0.16989163756370546,0.0135257055053113,-0.11161154191941022,0.0,0.0,0.0
2,89,MEND159,2104,GATAGTGCGAGTAAGT-1,4299,10088,0.16986431032419205,0.015043922374557987,-0.24143607988953592,0.1,0.0,0.04948410093784332
2,90,MEND159,2288,GCGGAGAAACTTCGCA-1,3497,8449,0.16981885433197022,0.010001567428009544,-0.16051971763372422,0.0,0.0,0.0
2,91,MEND159,1638,CGTGACCAGTCCTCTG-1,5098,9455,0.16980095356702804,0.011284521567384919,-0.18618176653981208,0.0,0.0,0.0
2,92,MEND159,121,AACTTTACGGGAGCTT-1,1602,5425,0.16979377567768097,0.015696504550750504,-0.20767539441585542,0.2,0.0,0.09317940473556519
2,93,MEND159,2364,GCTGGCAGGTGCCGTG-1,1238,4795,0.16970194578170777,0.011138481800356871,-0.02003790605813265,0.0,0.0,0.0
2,94,MEND159,3053,TATAGATGGTCGCAGT-1,8512,6541,0.1696715846657753,0.009864985387217248,-0.16883072555065154,0.0,0.0,0.0
2,95,MEND159,3410,TGACTATAATCCTTTC-1,6041,7306,0.169626647233963,0.015421039603768246,-0.1485002452507615,0.1,0.0,0.045601260662078855
2,96,MEND159,409,ACTCCCATTCCTAAAG-1,2332,7443,0.16956139951944352,0.013930288700538097,-0.13248636927455665,0.0,0.0,0.0
2,97,MEND159,3233,TCCTAAATTGGGAAGC-1,6188,8568,0.16954854130744934,0.012211166246462797,0.04014812111854553,0.0,0.0,0.0
2,98,MEND159,2893,TAACTATTACGCCAAA-1,8874,5151,0.16949890553951263,0.014602515322020096,-0.17197248078882693,0.0,0.0,0.0
2,99,MEND159,3154,TCAGGGCGACTTCCTT-1,1383,4542,0.1694962590932846,0.011655217501646626,-0.11449911892414093,0.0,0.0,0.0
2,100,MEND159,1145,CATATGTCAGGCTACG-1,2841,7567,0.1694628119468689,0.014148766738278626,-0.06165578365325928,0.1,0.0,0.046369990706443785
2,101,MEND159,243,ACAATGAATACGGAGA-1,3352,8702,0.16946161687374114,0.015259771195095875,-0.1307941660284996,0.0,0.0,0.0
2,102,MEND159,1048,CACCTTGGCGCCTTTG-1,8585,6919,0.1694474220275879,0.015316317294231932,-0.22455345764756202,0.0,0.0,0.0
2,103,MEND159,1716,CTAGTATTCGGAATTA-1,6908,3263,0.16944499909877778,0.009669655459140695,-0.19032794386148452,0.1,0.0,0.04394331276416778
2,104,MEND159,1560,CGGAGCATGGCGATCC-1,5967,6422,0.16940694749355317,0.013161871305891068,-0.11201757621020078,0.0,0.0,0.0
2,105,MEND159,2821,GTTATAATACGGTGAA-1,8878,8181,0.16936661005020143,0.01505042242249437,-0.10103736463934183,0.4,0.0,0.17161737978458405
2,106,MEND159,1316,CCGAACACTGGGCCTC-1,2404,7064,0.16934196799993514,0.010968657974029508,-0.1803073201328516,0.0,0.0,0.0
2,107,MEND159,619,AGGTAGATCGAGATAT-1,3643,9459,0.16934158951044082,0.013753315823862952,-0.12099963631480933,0.0,0.0,0.0
2,108,MEND159,2350,GCTCGGAATTTAAAGC-1,7200,4272,0.16929425299167633,0.011828956709118621,-0.14975994676351548,0.0,0.0,0.0
2,109,MEND159,2369,GCTGTTGCTACCGAAC-1,8003,6416,0.16928136795759202,0.015255295397597603,-0.1725274696946144,0.0,0.0,0.0
2,110,MEND159,7,AAACCGTTCGTCCAGG-1,4151,8069,0.16927833408117293,0.01284464544236344,-0.10552162230014801,0.2,0.0,0.09465518593788147
2,111,MEND159,1706,CTAGCAACTAATTTAC-1,3125,1759,0.1691986948251724,0.01515437997752818,-0.08502310588955879,0.2,0.0,0.08718985617160797
2,112,MEND159,2814,GTTACCTACAACTTGC-1,5968,7432,0.16918489336967468,0.02138614618113013,-0.20320739168673754,0.2,0.0,0.08455932438373566
2,113,MEND159,3060,TATCAAAGGTCTGTAA-1,1529,4794,0.16916365772485734,0.01309056819083266,-0.1570129670202732,0.1,0.0,0.04542355239391327
2,114,MEND159,3455,TGCAGATCGTCCTAGG-1,2404,6811,0.16914007663726807,0.013703456422134897,-0.12988211251795292,0.1,0.0,0.043100252747535706
2,115,MEND159,2497,GGCTGGCAATCCCACG-1,7500,11089,0.1691307693719864,0.01484020867392561,-0.160362708568573,0.0,0.0,0.0
2,116,MEND159,1002,CAATGTGCCAACCCTT-1,9457,6159,0.16912158876657485,0.02143000708765452,-0.18142409194260836,0.2,0.0,0.08743897378444672
2,117,MEND159,1866,CTTAGATGTTTCATCC-1,6336,10840,0.1690942630171776,0.009960626511359382,-0.1787509299814701,0.2,0.0,0.08843210339546204
2,118,MEND159,1783,CTCTCGCTGTACTATG-1,1528,4541,0.1690753534436226,0.011620385699974327,-0.05049947500228882,0.0,0.0,0.0
2,119,MEND159,2570,GGTAGGCCAATATCAC-1,5027,10844,0.1690713182091713,0.011650222830323532,-0.1302740450948477,0.0,0.0,0.0
2,120,MEND159,442,ACTTATTTATGTGCCA-1,7640,7301,0.16902743726968766,0.010280818460153034,-0.1372211340814829,0.0,0.0,0.0
2,121,MEND159,1360,CCGGTAATGGCTAGTC-1,9384,6286,0.16902334243059158,0.01259895776363969,-0.17441928759217262,0.0,0.0,0.0
2,122,MEND159,2340,GCTCAATCCGTTTATT-1,3642,8196,0.16899418830871582,0.01466181101999102,-0.1355703964829445,0.2,0.0,0.08757320940494537
2,123,MEND159,1298,CCCGTGACAGTGCCTT-1,7718,11214,0.1689530298113823,0.0065205283184366575,-0.11864074561744928,0.0,0.0,0.0
2,124,MEND159,1509,CGCCATCCGATTATGA-1,6910,4525,0.1689358353614807,0.014409990179232009,-0.13079285752028227,0.0,0.0,0.0
2,125,MEND159,1047,CACCTTGCGAAACTCG-1,7201,4525,0.1689160868525505,0.01418934243681548,-0.05797315239906311,0.0,0.0,0.0
2,126,MEND159,984,CAAGGATCGCATGTTC-1,6040,6548,0.16889455318450927,0.00835228676483024,-0.22442828230559825,0.0,0.0,0.0
2,127,MEND159,59,AACACACGCTCGCCGC-1,7859,7931,0.16885386258363724,0.009132788257798263,-0.11401734873652458,0.4,0.0,0.15554421544075012
2,128,MEND159,1353,CCGGCACGACCGTTTC-1,9166,5908,0.1688004970550537,0.01524399130077314,-0.1516509935259819,0.0,0.0,0.0
2,129,MEND159,3703,TTCAGGCGTCAAAGCC-1,2258,6559,0.1687939152121544,0.012325292243555172,-0.17450390961021184,0.1,0.0,0.04631658792495728
2,130,MEND159,1043,CACCGTTGCGCGATAT-1,3205,7440,0.16872119456529616,0.01010947451903454,-0.11767272371798754,0.0,0.0,0.0
2,131,MEND159,2664,GTAGTGAGCAACCTCA-1,9317,10200,0.16870800107717515,0.011785120389253893,-0.13019676189869642,0.1,0.0,0.04617727100849152
2,132,MEND159,101,AACGTCGCTGCACTTC-1,9026,10706,0.16867693811655043,0.01243733284104979,-0.14293831754475833,0.1,0.0,0.04497990012168884
2,133,MEND159,1537,CGCTAGAGACCGCTGC-1,8439,6415,0.1686485603451729,0.014330269819952777,-0.15593899544328452,0.0,0.0,0.0
2,134,MEND159,655,AGTCCATTGGCTGATG-1,8367,6794,0.16864547729492188,0.01371435268908068,-0.17985353395342826,0.2,0.0,0.09037072360515594
2,135,MEND159,883,ATGTTGTAGTCTGTTT-1,4516,9709,0.16863718628883362,0.008778209731495767,-0.04462193846702576,0.0,0.0,0.0
2,136,MEND159,1027,CACCATCGGAGGAGAC-1,5526,2888,0.168568979203701,0.010689459215476704,-0.2006464559584856,0.0,0.0,0.0
2,137,MEND159,3466,TGCCACCTGGCGAAAC-1,6618,4021,0.16855480819940566,0.01572910293341324,-0.054561391845345496,0.1,0.0,0.04685016572475433
2,138,MEND159,3068,TATCCGCACCGTCGGG-1,4952,8950,0.16853595674037933,0.01323863806784327,-0.19742376245558263,0.0,0.0,0.0
2,139,MEND159,1223,CCACCAACTTTACTGT-1,4005,8069,0.16853467673063277,0.015551201168603354,-0.17435159552842378,0.0,0.0,0.0
2,140,MEND159,2987,TAGAAATTCACGTATA-1,1821,6055,0.16846903860569,0.013657022361114208,-0.1776519950479269,0.2,0.0,0.09141624569892884
2,141,MEND159,958,CAAAGATTATTGGGCC-1,3279,8576,0.16845851987600327,0.00875979532066351,-0.01640503704547882,0.0,0.0,0.0
2,142,MEND159,804,ATCCTGCGTGGAATGG-1,4513,7184,0.16844673156738282,0.010864923957030589,-0.1730195552110672,0.0,0.0,0.0
2,143,MEND159,1589,CGGGTTCGGCACGTAT-1,8871,2373,0.1683957874774933,0.012912537840732043,-0.00037205368280410764,0.2,0.0,0.0876898854970932
2,144,MEND159,3649,TTACCCTAGGGATTGG-1,5316,9075,0.16835299581289292,0.012359887507525712,-0.211855804733932,0.0,0.0,0.0
2,145,MEND159,3673,TTAGTAGGGCGGCGGG-1,2984,5799,0.16831038892269135,0.00885031130153119,-0.14707048907876014,0.0,0.0,0.0
2,146,MEND159,2507,GGGAATTCTGTCCAGT-1,1384,5047,0.1682818725705147,0.010005556403076902,-0.2467816151678562,0.0,0.0,0.0
2,147,MEND159,127,AAGACCCAACTGAACA-1,5025,9076,0.16820753812789918,0.011244200215312151,-0.20560355931520463,0.0,0.0,0.0
2,148,MEND159,3408,TGACGAATATTTCCCT-1,2695,7063,0.16818877905607224,0.015592890361768223,-0.13358614668250085,0.0,0.0,0.0
2,149,MEND159,2413,GGAGAAGTCATTGGCA-1,4073,4408,0.16818536967039108,0.01398115183710848,-0.23015920743346213,0.0,0.0,0.0
2,150,MEND159,1924,GAAATACCTGCTGGCT-1,7271,2378,0.1681830406188965,0.014025919729466565,-0.09933054856956006,0.4,0.0,0.163106968998909
2,151,MEND159,2116,GATCCGGGAATTAACA-1,6403,6421,0.16818271577358246,0.008740969687187985,-0.16991691514849663,0.0,0.0,0.0
2,152,MEND159,3192,TCCCAAAGCCCTAAAT-1,9603,6411,0.16817942410707473,0.01446559532998524,-0.1503035120666027,0.1,0.0,0.04671902060508728
2,153,MEND159,1248,CCAGTCAAATCTCTTA-1,1677,6813,0.16817908734083176,0.009606621449014387,-0.11868495494127274,0.0,0.0,0.0
2,154,MEND159,1377,CCTAAATTGTATCCTA-1,9387,8053,0.1681673064827919,0.011840107219766052,-0.1042997008189559,0.1,0.0,0.04199049770832062
2,155,MEND159,165,AAGTGCCTTGACTGTA-1,8658,7045,0.16816509515047073,0.010182907618492196,-0.18450215868651867,0.7,0.0,0.26399109363555906
2,156,MEND159,721,ATAAGTAGGGCGACTC-1,8948,6034,0.16813306510448456,0.01218354605592579,-0.13699247408658266,0.1,0.0,0.04681665599346161
2,157,MEND159,2245,GCCTAGCGATCTGACC-1,4146,4029,0.16811608225107194,0.017555685672664068,-0.09282162301242351,0.1,0.0,0.04849233329296112
2,158,MEND159,2498,GGCTGGCTAGCTTAAA-1,3199,2895,0.16806085258722306,0.013672455385079363,-0.2553760776296258,0.0,0.0,0.0
2,159,MEND159,538,AGCGACAGGAACGGTC-1,3787,7943,0.16805379390716552,0.010333004690550587,-0.09206330124288797,0.0,0.0,0.0
2,160,MEND159,1455,CGACCCTTAACGCCGG-1,1969,7570,0.16801612973213195,0.014184759368208132,-0.03262766376137734,0.0,0.0,0.0
2,161,MEND159,1700,CTACTGCCACCTGACC-1,5674,4908,0.16801078915596007,0.011250639848068952,-0.06506943553686143,0.0,0.0,0.0
2,162,MEND159,1749,CTCATGGTAATTTGCG-1,2987,7819,0.16799909621477127,0.015938184436796322,-0.060739188175648454,0.0,0.0,0.0
2,163,MEND159,3391,TCTTTCTCTTAAGGAG-1,6834,2379,0.16795931309461593,0.012890908046229931,-0.15049863494932653,0.3,0.0,0.12645123302936553
2,164,MEND159,1780,CTCTATTTGGCTGCAG-1,6041,7558,0.16793259233236313,0.007112797476865633,-0.16704548727720975,0.1,0.0,0.041828930377960205
2,165,MEND159,1106,CAGGCGCACGGTGGTC-1,3133,8577,0.16792881190776826,0.013309729494346813,-0.1946052484214306,0.3,0.0,0.13239178359508513
2,166,MEND159,1549,CGCTTCCACTGAAATC-1,4145,3776,0.16792206168174745,0.014530550728760335,-0.14707882646471263,0.1,0.0,0.04890578389167786
2,167,MEND159,1222,CCACATACTGCACCCA-1,9678,8052,0.16790220737457276,0.01515657974983239,-0.06540981940925121,0.1,0.0,0.046522557735443115
2,168,MEND159,648,AGTATTTGGCACGACC-1,4879,8824,0.16789904683828355,0.01186577604018714,-0.13804932702332734,0.5,0.0,0.20970391631126403
2,169,MEND159,2145,GATGTGTTGTCACAAG-1,6761,2253,0.1678794041275978,0.011976522731628988,-0.0874672956764698,0.1,0.0,0.043290740251541136
2,170,MEND159,971,CAACGGTTCTTGATAC-1,3855,3777,0.1678629755973816,0.013691224048103386,-0.26258247084915637,0.0,0.0,0.0
2,171,MEND159,3740,TTCGTAATCCCAGCGG-1,7344,3009,0.16784862130880357,0.015475623461656372,-0.1733255922794342,0.2,0.0,0.08660523295402527
2,172,MEND159,2788,GTGGAGCATGTCGGCC-1,10184,6157,0.16783880293369294,0.014057520087039161,-0.15587835311889647,0.0,0.0,0.0
2,173,MEND159,1302,CCCTAGTGTCAGGTGT-1,2544,2771,0.16783613115549087,0.009742726519703615,-0.18963511642068626,0.0,0.0,0.0
2,174,MEND159,2596,GGTGCATAAATGATTA-1,4517,9961,0.16783539950847626,0.01297983862441392,-0.22956205382943154,0.0,0.0,0.0
2,175,MEND159,947,ATTTCCGGGTTCTGCG-1,3642,8449,0.16781044006347656,0.008048803790072953,-0.1654951974749565,0.0,0.0,0.0
2,176,MEND159,1355,CCGGCGTGAGACTCTG-1,1896,7444,0.1677890419960022,0.013602148337087103,-0.1440657801926136,0.2,0.0,0.08941400945186614
2,177,MEND159,3468,TGCCATTACTAAAGAA-1,7418,4145,0.16776904761791228,0.014764100079935952,-0.14597261771559716,0.0,0.0,0.0
2,178,MEND159,1053,CACGCGGAACTGTTGC-1,8222,6794,0.16776839643716812,0.013941808154520355,-0.1711753522977233,0.3,0.0,0.12189984619617462
2,179,MEND159,1393,CCTATGAAGTGGTGCC-1,9166,6160,0.1676764667034149,0.01437352782327506,-0.12637561950832604,0.0,0.0,0.0
2,180,MEND159,1094,CAGCCTCCTGCAGAGG-1,6691,4400,0.16767319142818451,0.011168962314516535,-0.0426527738571167,0.0,0.0,0.0
2,181,MEND159,3517,TGGACTGTTCGCTCAA-1,6403,6168,0.16766763627529144,0.014928816863136877,-0.1085909117013216,0.0,0.0,0.0
2,182,MEND159,3100,TATTCGTGCCAGAATA-1,5748,5791,0.16765953302383424,0.010370678654648033,-0.10945266261696815,0.0,0.0,0.0
2,183,MEND159,418,ACTCGTCAGTAATCCC-1,6766,6041,0.16765559017658233,0.01781687977675732,-0.13822371698915958,0.0,0.0,0.0
2,184,MEND159,1330,CCGCACAAAGACCAAC-1,6621,6041,0.16764705777168273,0.011699519212850668,-0.28663908168673513,0.0,0.0,0.0
2,185,MEND159,488,AGAGCGGGCTAATCAT-1,5745,3519,0.1676134392619133,0.016484247293112993,-0.06582112070173025,0.0,0.0,0.0
2,186,MEND159,3770,TTGAATTCACGTGAGG-1,8148,6416,0.1676027923822403,0.015227364713291495,-0.2221537470817566,0.1,0.0,0.04763092398643494
2,187,MEND159,3850,TTGTTAGCAAATTCGA-1,4146,4281,0.1675420105457306,0.010866303926815802,-0.23399824202060698,0.1,0.0,0.043752077221870425
2,188,MEND159,3666,TTAGCAACATGGATGT-1,3128,4032,0.16754170358181,0.013540199804400951,-0.07716332450509071,0.0,0.0,0.0
2,189,MEND159,135,AAGATGGCACCGGACC-1,3934,8953,0.1675112724304199,0.013299464755020448,-0.24112725406885147,0.0,0.0,0.0
2,190,MEND159,3207,TCCCTTAGATTACTCG-1,7345,3767,0.16749171018600464,0.012946893337204345,-0.1454448128119111,0.0,0.0,0.0
2,191,MEND159,350,ACGATACATAGAACTA-1,6909,4273,0.16746461540460586,0.012359267818996201,-0.14773261770606042,0.0,0.0,0.0
2,192,MEND159,3543,TGGGCCACAAGAGCGC-1,6327,3770,0.16740865707397462,0.009440561926042888,-0.14605459794402123,0.0,0.0,0.0
2,193,MEND159,3727,TTCGCACTGTACGACA-1,5388,9201,0.1674085810780525,0.011776102454810911,-0.16240592673420906,0.0,0.0,0.0
2,194,MEND159,356,ACGCAATCACTACAGC-1,9019,4646,0.167381189763546,0.014680413244737508,-0.14275234155356883,0.1,0.0,0.04627492427825928
2,195,MEND159,2767,GTGCACGAAAGTGACT-1,6254,3644,0.1673707976937294,0.011956398849942556,-0.11637346409261226,0.0,0.0,0.0
2,196,MEND159,508,AGATGATGGAGTCTGG-1,8802,5782,0.1673426777124405,0.016397241882839857,-0.2261279359459877,0.1,0.0,0.04967562258243561
2,197,MEND159,1112,CAGTACCAGTTTACGT-1,2405,7569,0.1673325777053833,0.015371784814032386,-0.16677009537816048,0.1,0.0,0.04465148746967316
2,198,MEND159,1358,CCGGGCTGCTCCATAC-1,7348,6039,0.16731625348329543,0.012721120058511228,-0.18694656118750572,0.0,0.0,0.0
2,199,MEND159,2625,GTAACAGGTTAACGGC-1,5027,11096,0.16730843633413314,0.011389132159915112,-0.09616439044475555,0.0,0.0,0.0
2,200,MEND159,607,AGGGCGTGATCGGCTA-1,4363,3649,0.1672918289899826,0.011669628375884932,-0.1227365180850029,0.0,0.0,0.0
2,201,MEND159,2174,GCAAGTGTAAAGCATG-1,4371,9962,0.16728387922048568,0.011321987827695348,-0.19453768096864224,0.0,0.0,0.0
2,202,MEND159,3163,TCATATGAGCTTTGTT-1,5607,9579,0.1672485038638115,0.01661175300499079,-0.151177997328341,0.1,0.0,0.04532615840435028
2,203,MEND159,573,AGGACATCGCACGTCG-1,3854,3524,0.16724352538585663,0.014849458089296837,-0.07918604258447885,0.0,0.0,0.0
2,204,MEND159,2132,GATGACAAGTAGGGCA-1,3497,8702,0.16723384112119674,0.014530090353464564,-0.07758963759988546,0.0,0.0,0.0
2,205,MEND159,3321,TCTACCCGCATCATTT-1,9318,10957,0.1671766832470894,0.0116129595700091,-0.12915772739797832,0.0,0.0,0.0
2,206,MEND159,291,ACCAACCGCACTCCAC-1,8152,9698,0.16716088652610778,0.0076594469604333824,-0.1666333954781294,0.0,0.0,0.0
2,207,MEND159,3328,TCTAGTGATATCGTGG-1,8222,7047,0.16712207198143006,0.010918483205254388,-0.2519704431295395,0.0,0.0,0.0
2,208,MEND159,1091,CAGCAGTCCAGACTAT-1,8368,7804,0.16712087839841844,0.01258073353269353,-0.2640601497143507,0.1,0.0,0.04596357345581055
2,209,MEND159,2500,GGCTTCTCGTGGGTGG-1,7063,11090,0.1671152040362358,0.009261039802404126,-0.08873045686632394,0.0,0.0,0.0
2,210,MEND159,1101,CAGGAAGACTTTATAT-1,7272,3136,0.16711260974407197,0.017763480636894733,-0.10236461386084557,0.0,0.0,0.0
2,211,MEND159,2122,GATCGCTACCCGATTT-1,8223,7804,0.1670997753739357,0.013567235591596012,-0.16814188584685325,0.0,0.0,0.0
2,212,MEND159,2235,GCCGATTGGCCAAGCT-1,5531,6676,0.167098069190979,0.011404585343787937,-0.26600286504253745,0.2,0.0,0.09040121734142303
2,213,MEND159,2784,GTGGAACCTACATGCG-1,6981,3389,0.16709726303815842,0.009239656037068784,-0.2337750442326069,0.0,0.0,0.0
2,214,MEND159,944,ATTTACTAAGTCCATT-1,9165,5403,0.1670902192592621,0.015357457831386158,-0.10900114700198174,0.0,0.0,0.0
2,215,MEND159,2480,GGCGCTTCATTCCCTG-1,6262,9956,0.16708798110485076,0.011170200611634798,-0.23577082231640817,0.3,0.0,0.12889085114002227
2,216,MEND159,274,ACAGTAATACAACTTG-1,2114,7317,0.1670873761177063,0.014143663683865715,-0.2237366333603859,0.1,0.0,0.048377740383148196
2,217,MEND159,1529,CGCGGGAATTAGGCAG-1,6910,5030,0.16707549691200257,0.011545413764396535,-0.1624603420495987,0.0,0.0,0.0
2,218,MEND159,2863,GTTTCTGCAGTCTCCC-1,6330,6547,0.16707334965467452,0.015006504535619336,-0.16660384945571421,0.1,0.0,0.04852479994297028
2,219,MEND159,344,ACCTGCGTGTCATGTT-1,2405,7316,0.16704794019460678,0.016746992050592227,-0.1702378772199154,0.0,0.0,0.0
2,220,MEND159,3785,TTGAGTCCCGCTGCTG-1,9748,6411,0.16702916026115416,0.011531838188101308,-0.2282431297004223,0.0,0.0,0.0
2,221,MEND159,2800,GTGTACCTTGGCTACG-1,6765,4778,0.16701902002096175,0.01409510830823313,-0.13826147764921187,0.0,0.0,0.0
2,222,MEND159,2284,GCGCTGATCCAGACTC-1,7418,3640,0.1670052856206894,0.015272956303446656,-0.18689816500991582,0.0,0.0,0.0
2,223,MEND159,3822,TTGGCCATCTTGCGCT-1,2618,3654,0.16700300574302673,0.007382612444334555,-0.17579471096396446,0.0,0.0,0.0
2,224,MEND159,3046,TATAAGTGAGGATAGC-1,3928,4155,0.1669778123497963,0.011370155182751498,-0.18137839529663324,0.0,0.0,0.0
2,225,MEND159,1373,CCGTTACGTTAGAACA-1,7491,4019,0.1669587567448616,0.013321301874839292,-0.16917259395122528,0.0,0.0,0.0
2,226,MEND159,2838,GTTCGGGCGTACCATT-1,8947,5529,0.16695543974637986,0.011450564422639786,-0.16602872628718615,0.0,0.0,0.0
2,227,MEND159,51,AAATTCCAGGTCCAAA-1,9457,5907,0.1669279381632805,0.014465819295771244,0.012694676965475082,0.0,0.0,0.0
2,228,MEND159,3125,TCAATACGCCGTCATG-1,5534,9453,0.16692496836185455,0.013401397590322538,-0.1742230974137783,0.0,0.0,0.0
2,229,MEND159,2882,TAAATTGTGGGTAAAG-1,6481,10839,0.16691116690635682,0.016718249810589992,-0.15506760478019715,0.0,0.0,0.0
2,230,MEND159,1528,CGCGGCTCAACTTGAA-1,8149,6921,0.1669073447585106,0.01475291193346473,-0.3135955661535263,0.0,0.0,0.0
2,231,MEND159,3289,TCGGCGTACTGCACAA-1,2041,7696,0.1669013172388077,0.013680759547940633,-0.21513583101332187,0.1,0.0,0.04900248050689697
2,232,MEND159,1666,CGTTTAAGCGGAGCAC-1,5381,3141,0.16687881648540498,0.011419250829471582,-0.19427616577595472,0.0,0.0,0.0
2,233,MEND159,1458,CGACTTTGTATAGCCT-1,9020,5656,0.16686598658561708,0.01679592478836393,-0.16136951595544816,0.1,0.0,0.04923621118068695
2,234,MEND159,2574,GGTCAAGACTACTTCG-1,8732,8181,0.1668636307120323,0.01799730443755006,-0.09150909055024385,0.2,0.0,0.07351633906364441
2,235,MEND159,1490,CGATTAAATATCTCCT-1,5606,8569,0.1668631076812744,0.015579647931573978,-0.059154892899096014,0.1,0.0,0.04578636288642883
2,236,MEND159,1989,GACAGAGGTCTTCAGT-1,5973,11220,0.16684994995594024,0.011928827044449027,-0.13325499147176742,0.0,0.0,0.0
2,237,MEND159,2934,TACCAAATAGCCCAGA-1,5534,8948,0.16684284508228303,0.013005528776695632,-0.08259627558290958,0.3,0.0,0.12198622524738312
2,238,MEND159,1226,CCACGAGAAGAGAATC-1,6545,3643,0.16682285219430923,0.014051441580385437,-0.1438170626759529,0.1,0.0,0.043884798884391785
2,239,MEND159,1261,CCATCTCACCAGTGAA-1,8221,6289,0.16679746210575103,0.011444578763873772,-0.17768221478909255,0.0,0.0,0.0
2,240,MEND159,185,AATAGTCGCGAGTCGG-1,1601,4667,0.16677592545747758,0.012786605398743909,-0.14195598606020213,0.0,0.0,0.0
2,241,MEND159,3169,TCATGCAGGTTCTCAT-1,7200,3767,0.16677211970090866,0.014995267279098522,-0.28288538083434106,0.0,0.0,0.0
2,242,MEND159,3777,TTGACGCTCCATGAGC-1,8440,6667,0.16675847619771958,0.013145167408058564,-0.1721576876938343,0.0,0.0,0.0
2,243,MEND159,631,AGGTTTCACACACCTT-1,5967,6674,0.16675143241882323,0.016953513973498074,-0.10331384018063546,0.0,0.0,0.0
2,244,MEND159,319,ACCCTATGCCATATCG-1,4006,8574,0.1667467936873436,0.020048445104310426,-0.16188127025961876,0.1,0.0,0.049228379130363466
2,245,MEND159,280,ACATCCTGGTAACTGT-1,8512,6793,0.16674678325653075,0.013192945983117868,-0.19895560815930366,0.0,0.0,0.0
2,246,MEND159,2349,GCTCGCTCATGTCCAA-1,8294,6668,0.16671657860279082,0.0134901250193388,-0.1067297838628292,0.0,0.0,0.0
2,247,MEND159,1323,CCGACGGGCATGAGGT-1,2988,8324,0.16671408116817474,0.011960655321058678,-0.08962060585618019,0.0,0.0,0.0
2,248,MEND159,3332,TCTATCCGATTGCACA-1,7281,10711,0.16670336574316025,0.014574310179023728,-0.10557693839073182,0.0,0.0,0.0
2,249,MEND159,1804,CTGCACCTGGAACCGC-1,4654,3396,0.1666947051882744,0.00972748001869361,-0.31240347027778625,0.0,0.0,0.0
2,250,MEND159,2382,GCTTTACACAACTGGG-1,9535,10325,0.16668049544095992,0.010592214594890091,-0.17536130286753177,0.0,0.0,0.0
2,251,MEND159,50,AAATTACCTATCGATG-1,7928,4775,0.16667257398366928,0.007123885592305867,-0.1908211199566722,0.1,0.0,0.0445553183555603
2,252,MEND159,2567,GGTACTAAGTGCTTTG-1,10041,7925,0.1666435718536377,0.01659841449054004,-0.2499738924205303,0.2,0.0,0.09192707538604736
2,253,MEND159,1860,CTTAACTTACAGTATA-1,9244,10326,0.16661856323480606,0.012100656007294689,-0.10057690143585205,0.0,0.0,0.0
2,254,MEND159,955,CAAACTACGATAGAGA-1,7199,3010,0.1665843680500984,0.015624849473870467,-0.2112351395189762,0.0,0.0,0.0
2,255,MEND159,943,ATTTACAGTTTACTGG-1,3856,5292,0.166544508934021,0.013006641004154825,-0.16278131175786256,0.0,0.0,0.0
2,256,MEND159,2279,GCGCGGTCTAGTAACT-1,5462,10085,0.16650884002447128,0.01253546239584301,-0.1252717675641179,0.0,0.0,0.0
3,1,MEND159,3714,TTCCGCAGAGAAATAT-1,8436,4142,0.10125861940905452,0.07658146106005231,-1.1899385683238506,0.2,0.2,0.1127372920513153
3,2,MEND159,2096,GATAAGGCAGATGCAA-1,3126,2769,0.10071563431993127,0.07482759124203744,-1.1991981040686368,0.2,0.2,0.10839093923568725
3,3,MEND159,2067,GAGGAATGGAGAGGTT-1,3347,4915,0.09556024689227342,0.06129431064273762,-1.0336927831172944,0.1,0.0,0.048093730211257936
3,4,MEND159,2219,GCCAGGAGTAACCGAT-1,7564,4145,0.09489483684301377,0.07591470886589421,-1.1703024730086327,0.1,0.1,0.05895024538040161
3,5,MEND159,3180,TCCACTTTATCTAGGT-1,6838,5409,0.09486458711326122,0.06591339953831576,-1.1231933176517486,0.1,0.1,0.05038556456565857
3,6,MEND159,1592,CGGTAGAGGTGCAGGT-1,7782,4270,0.09341656295582652,0.06682893335908824,-1.1532888673245907,0.2,0.0,0.09232710003852844
3,7,MEND159,1919,GAAACTCTAATGAAGG-1,6399,3138,0.09325663996860385,0.07060607286557961,-1.2115042746067046,0.2,0.1,0.10184260308742524
3,8,MEND159,1621,CGTATTGTTTCCTAAT-1,10182,4390,0.09148670230060815,0.06538858643138552,-1.0930790558457375,0.1,0.0,0.049181795120239256
3,9,MEND159,117,AACTGGTGTGGGCCTT-1,4653,2386,0.09134848266839982,0.06553059648786659,-1.0313671559095383,0.1,0.0,0.04888921082019806
3,10,MEND159,3369,TCTGTCATACAAGAGC-1,4290,2766,0.09023234229534864,0.06808499960299079,-1.2518361361697317,0.1,0.1,0.05637528896331787
3,11,MEND159,911,ATTCATCGTTGAGGCA-1,7570,9195,0.0901000801473856,0.06496990421831846,-1.2324064373970032,0.1,0.1,0.05202900767326355
3,12,MEND159,961,CAAATCTCTCACAAGG-1,2841,7062,0.09007075717672705,0.0767676755337772,-1.253923013806343,0.1,0.1,0.060231965780258176
3,13,MEND159,1357,CCGGGCGGTCTCGTCA-1,6620,5536,0.08876773249357939,0.06395889457221975,-1.212471318244934,0.1,0.0,0.04485150873661041
3,14,MEND159,2907,TAAGTCGCCGAGTATC-1,3424,8323,0.0885679860599339,0.07400483119877321,-1.499090139567852,0.1,0.1,0.05599750280380249
3,15,MEND159,2394,GGAAGGACACCGTATA-1,7136,10711,0.08835033434443176,0.07746796268437903,-1.3111828848719598,0.1,0.1,0.06002531051635742
3,16,MEND159,860,ATGCTTAGGAGTTGAT-1,9242,8559,0.08767353184521198,0.05882145548817083,-1.1952380776405334,0.0,0.0,0.0
3,17,MEND159,2101,GATAGGATTAATTACA-1,10257,6536,0.08751411200501025,0.06256097993706422,-1.1560879737138747,0.1,0.0,0.04804350137710571
3,18,MEND159,1232,CCACTGGTGGCTGGTT-1,2622,6432,0.08731155935674906,0.061042167476960535,-1.112619286775589,0.1,0.0,0.04679940938949585
3,19,MEND159,2330,GCTAGCAGGGAGTGGG-1,8435,3385,0.0872249231673777,0.06178309037275394,-1.2225303292274474,0.2,0.0,0.09022768437862397
3,20,MEND159,47,AAATGGTCAATGTGCC-1,4802,5668,0.08720465218648314,0.06829573488468844,-1.2713614176958798,0.2,0.1,0.09617587327957153
3,21,MEND159,2518,GGGATTTACCGCACCT-1,7640,6796,0.08712512059137226,0.06354297379769369,-1.2067786693572997,0.1,0.0,0.047573229670524596
3,22,MEND159,42,AAATGACTGATCAAAC-1,5464,11095,0.08712436920031905,0.06794006198222326,-1.336804023757577,0.1,0.1,0.056705743074417114
3,23,MEND159,1641,CGTGCATTGTCGACGC-1,3349,6430,0.08683267487213016,0.06037981210197297,-1.1184195041656495,0.0,0.0,0.0
3,24,MEND159,123,AACTTTCTCGATCATG-1,10109,4264,0.08643944561481476,0.06152523983266545,-1.1090987861156463,0.0,0.0,0.0
3,25,MEND159,627,AGGTGGTGACCTTCGC-1,5171,9581,0.08636577986180782,0.06164292306164592,-1.1904932796955108,0.1,0.1,0.05094284415245056
3,26,MEND159,2596,GGTGCATAAATGATTA-1,4517,9961,0.08631861126050352,0.06739652772540891,-1.3125882178544999,0.2,0.2,0.10301227569580078
3,27,MEND159,280,ACATCCTGGTAACTGT-1,8512,6793,0.08571374551393092,0.0720656391391515,-1.3666934043169021,0.2,0.2,0.10529634952545167
3,28,MEND159,1154,CATCGCCCGCGGCCAA-1,4290,3271,0.08553076316602529,0.06959117209488558,-1.2950959973037244,0.2,0.1,0.10046573579311371
3,29,MEND159,226,AATTGCAGCAATCGAC-1,8516,9571,0.08524225801229476,0.06583794151542607,-1.3331286266446114,0.1,0.1,0.052045786380767824
3,30,MEND159,1599,CGGTGAAGACTAAAGT-1,2766,5926,0.08513564737513661,0.06302580194296228,-1.2505718797445298,0.0,0.0,0.0
3,31,MEND159,3008,TAGCCGGCGGTCAGCG-1,7275,5661,0.085120387095958,0.06563172434554587,-1.4743129372596742,0.2,0.0,0.09537239968776703
3,32,MEND159,2711,GTCCTTTAATGACTTC-1,8652,2500,0.08474306995049119,0.060164612843746024,-1.1903005599975587,0.0,0.0,0.0
3,33,MEND159,24,AAAGGCTACGGACCAT-1,5025,9329,0.08474088530056179,0.07149861364587282,-1.4016482278704643,0.1,0.1,0.05577113628387451
3,34,MEND159,2527,GGGCCGGCCGAAGTAC-1,7203,6040,0.08464936534874141,0.07418830911328962,-1.4390673777088523,0.1,0.1,0.05853188633918762
3,35,MEND159,2976,TACTCTTACTTTACTG-1,9170,8938,0.08462406974285841,0.06161351584452759,-1.1994064807891847,0.2,0.0,0.08668774962425232
3,36,MEND159,385,ACGTGCGCCTCGTGCA-1,5672,3645,0.08460852294228971,0.06382756846159623,-1.436199501156807,0.2,0.0,0.09339451789855957
3,37,MEND159,2446,GGCAAGGCGAAATAGC-1,6113,7179,0.08456044141203164,0.06429824788608487,-1.1995068475604058,0.1,0.0,0.04936710894107819
3,38,MEND159,2144,GATGTCGGTCAACTGC-1,6398,2633,0.08443634337745606,0.06457858724138414,-1.2276802748441695,0.1,0.0,0.04721298813819885
3,39,MEND159,3030,TAGTACCTTAGTGGTC-1,2619,4159,0.08430046252906323,0.058734045989297004,-1.1747469305992126,0.0,0.0,0.0
3,40,MEND159,695,AGTTACTCTATCGTGG-1,7563,3387,0.08421653909608721,0.06561894492074587,-1.3848312348127365,0.1,0.0,0.04651831388473511
3,41,MEND159,1561,CGGAGCTTATAACACC-1,7344,2757,0.08421035595238209,0.06511407457888067,-1.4496216177940369,0.1,0.0,0.04696016907691956
3,42,MEND159,742,ATACTACCCGTACCAC-1,8733,8939,0.08405182547867299,0.057583670652027505,-1.1676050931215287,0.0,0.0,0.0
3,43,MEND159,878,ATGTGTAGTTTAGTCA-1,5380,2131,0.08373380424454809,0.05975596400827257,-1.307988940179348,0.1,0.0,0.0479182243347168
3,44,MEND159,600,AGGGAAACGAGGTACT-1,7562,3135,0.08372316099703311,0.05974548370628453,-1.1448506653308868,0.0,0.0,0.0
3,45,MEND159,2781,GTGCTCAAGTACTGTC-1,4875,5794,0.08361097015440463,0.06318042049855359,-1.1828165456652642,0.1,0.0,0.04894834756851196
3,46,MEND159,3684,TTATGAATGAAAGGGA-1,5676,6675,0.0835369847714901,0.06975261024433863,-1.4154320418834687,0.1,0.1,0.05408893227577209
3,47,MEND159,328,ACCGAGTCTCCTTATT-1,6844,10459,0.0834422493353486,0.055367127624814765,-1.1906387746334075,0.1,0.0,0.04812754392623901
3,48,MEND159,1966,GAATATTCGGAGTCCC-1,7126,3136,0.08314036093652248,0.06619832028977128,-1.4083473086357117,0.1,0.1,0.05099467039108276
3,49,MEND159,470,AGACATAGATCCTTCC-1,4507,2386,0.08297974141314626,0.06013515522106237,-1.2372164338827134,0.1,0.0,0.049725696444511414
3,50,MEND159,1420,CCTGCTACAACCATAC-1,8882,11211,0.08294132528826595,0.057009612968209875,-1.2631309449672699,0.1,0.0,0.042653238773345946
3,51,MEND159,2301,GCGGTGAACTGCGCTC-1,7927,4017,0.08286623070016504,0.06415439795610497,-1.2723086088895799,0.1,0.0,0.04959779977798462
3,52,MEND159,1804,CTGCACCTGGAACCGC-1,4654,3396,0.08257676623761653,0.0673770133779473,-1.4556765917688608,0.1,0.1,0.055001020431518555
3,53,MEND159,1675,CTAAAGGGAAATAGGA-1,5604,7054,0.08251624191179871,0.05821493839371546,-1.214813658595085,0.0,0.0,0.0
3,54,MEND159,1715,CTAGTAGAAAGGGATT-1,6989,9449,0.0824411828070879,0.06026724490814002,-1.228763148188591,0.0,0.0,0.0
3,55,MEND159,614,AGGGTTCAGACGGTCC-1,4372,10214,0.08242987757548689,0.07104923613582907,-1.4681143522262574,0.1,0.1,0.05591114163398743
3,56,MEND159,989,CAAGTGTGGTTGCAAA-1,7930,6542,0.08238608613610268,0.06609469543011988,-1.430857288837433,0.0,0.0,0.0
3,57,MEND159,3338,TCTCCAACGTAGGTTA-1,6764,4021,0.08234723107889294,0.06901918779690848,-1.4190619945526124,0.1,0.1,0.05327269434928894
3,58,MEND159,45,AAATGGCATGTCTTGT-1,6108,3139,0.08226966252550483,0.06448018968835297,-1.3065120577812195,0.1,0.0,0.04874661266803741
3,59,MEND159,1833,CTGGCTGGTTGTCAGT-1,5169,8318,0.08207702310755849,0.06707317980653217,-1.3835140846669673,0.1,0.1,0.05366446971893311
3,60,MEND159,1163,CATGAGATGCACTCTC-1,6843,8944,0.08201662776991725,0.06275475249851642,-1.1828939408063888,0.0,0.0,0.0
3,61,MEND159,127,AAGACCCAACTGAACA-1,5025,9076,0.08190961657091975,0.06972189081963405,-1.5330175369977952,0.1,0.1,0.05521998405456543
3,62,MEND159,2442,GGCAAAGGCGCCAATA-1,3569,8323,0.08188861720263958,0.06596890271452747,-1.5105676263570786,0.1,0.1,0.05097077488899231
3,63,MEND159,3706,TTCATGGCGCAACAGG-1,6545,3895,0.08172465013340116,0.06800825880527604,-1.5068252235651016,0.1,0.1,0.05134345293045044
3,64,MEND159,1461,CGAGAGATGTGAACCT-1,6401,5158,0.08162241261452437,0.05681447448764921,-1.3208654463291167,0.0,0.0,0.0
3,65,MEND159,266,ACAGAACTGAGAACAA-1,2842,8072,0.08162106461822986,0.06429615314834282,-1.3329577654600144,0.1,0.0,0.04578573703765869
3,66,MEND159,3004,TAGCAACCTGTCACAA-1,2983,4284,0.08160324860364199,0.060507351350871784,-1.3195943653583526,0.1,0.0,0.0443561464548111
3,67,MEND159,1598,CGGTCTATCAACCCGT-1,7054,3768,0.0815468555316329,0.06712838865943384,-1.4180528581142426,0.0,0.0,0.0
3,68,MEND159,48,AAATTAACGGGTAGCT-1,5311,5793,0.08150967163965106,0.06121691434877594,-1.2150990460067987,0.1,0.1,0.05121980905532837
3,69,MEND159,1312,CCCTTCTCGTACGCGA-1,3707,1757,0.08150370493531227,0.06324782537692185,-1.3588030457496643,0.1,0.1,0.05189431309700012
3,70,MEND159,1773,CTCGTGGCACTGAAAG-1,5318,11095,0.0813841676339507,0.06402788766171655,-1.3767702549695968,0.0,0.0,0.0
3,71,MEND159,1834,CTGGGATAAATAATGG-1,7203,6292,0.08115779189392924,0.058548221749131005,-1.2602725893259048,0.1,0.0,0.044358575344085695
3,72,MEND159,1546,CGCTGTGTGGATGTTG-1,4225,8952,0.08112623747438193,0.06421886058917349,-1.3677518665790558,0.1,0.0,0.04513186812400818
3,73,MEND159,691,AGTTAAACACTTGCGA-1,4294,6553,0.08102260036394,0.0642287123003104,-1.3644545316696166,0.1,0.1,0.0500030517578125
3,74,MEND159,3357,TCTGATGTATTCTGTC-1,7132,7934,0.08096722178161145,0.06120948979807389,-1.1918973430991173,0.2,0.0,0.08640289306640625
3,75,MEND159,2843,GTTGAACCGGTTCCAT-1,4004,6807,0.08085341500118375,0.0628010218922779,-1.2569861203432082,0.1,0.1,0.05071476697921753
3,76,MEND159,2253,GCCTGCTACACTGAGA-1,8798,2500,0.0807588360272348,0.06197225367103799,-1.3288499739021062,0.1,0.1,0.05173562169075012
3,77,MEND159,1275,CCCAAGTCATTACACT-1,8080,10077,0.08071967009454965,0.06245342183036623,-1.2436568081378936,0.1,0.0,0.04918606281280517
3,78,MEND159,3119,TCAACTGCAGAGTCAG-1,8951,8560,0.08057178701274097,0.07478452397511565,-1.4588022872805595,0.1,0.1,0.06088424921035766
3,79,MEND159,2,AAACAGAGCGACTCCT-1,7926,3260,0.0805679856799543,0.05675410448464139,-1.2537480235099792,0.0,0.0,0.0
3,80,MEND159,2593,GGTGATGAAGGAAGTG-1,1166,5426,0.08055190043523908,0.06611381506396652,-1.3602722972631454,0.1,0.0,0.04961980581283569
3,81,MEND159,1244,CCAGCTTCCGCCCGCA-1,2329,5170,0.08051242278888822,0.06332652626532279,-1.3112145602703094,0.1,0.1,0.05306161642074585
3,82,MEND159,153,AAGGCGCGTAAAGCTT-1,3855,4534,0.08048606151714921,0.06672370123784592,-1.409890277683735,0.1,0.1,0.05239532589912414
3,83,MEND159,3790,TTGATTATGCAGATGA-1,3492,4914,0.08033807901665568,0.05575497813339345,-1.2345591753721237,0.0,0.0,0.0
3,84,MEND159,477,AGACGACGATGCCGCT-1,3496,8197,0.0803349140100181,0.06593916191581697,-1.4176732420921325,0.1,0.1,0.051308083534240725
3,85,MEND159,863,ATGGATCCGGCGTCCG-1,6836,3894,0.08025682186707854,0.07520211468490637,-1.5591891340911388,0.2,0.2,0.10731079578399658
3,86,MEND159,1380,CCTACAAGTCCGGAAT-1,8725,2626,0.08023856393992901,0.059612515080115655,-1.3143114864826202,0.1,0.1,0.051577907800674436
3,87,MEND159,3046,TATAAGTGAGGATAGC-1,3928,4155,0.07990212431177497,0.06965025789241598,-1.4691557947546243,0.2,0.2,0.10453875660896302
3,88,MEND159,1253,CCATAAACAACCCGAC-1,6617,3264,0.07987215174362064,0.05721984596861317,-1.2724251866340637,0.0,0.0,0.0
3,89,MEND159,2933,TACATTTCTAACGTGC-1,5094,6425,0.07970226407051087,0.06186635006112128,-1.3737295985221862,0.0,0.0,0.0
3,90,MEND159,2016,GACGTGTAGGGATTAT-1,3420,5041,0.07968936087563634,0.06407827331492977,-1.3787303388118743,0.1,0.0,0.04600289165973663
3,91,MEND159,444,ACTTCCATGCGGGACA-1,7279,9196,0.0796772800385952,0.05727377581212093,-1.255527263879776,0.0,0.0,0.0
3,92,MEND159,2099,GATAGAACCCGCTAGG-1,5172,10338,0.07965394239872695,0.06013233330809544,-1.2940155148506165,0.0,0.0,0.0
3,93,MEND159,3399,TGAATGAGTGTTTCCC-1,4735,9834,0.07962680752389133,0.06600066262724008,-1.5476673990488052,0.1,0.0,0.049600493907928464
3,94,MEND159,469,AGACAGCTCAGAATCC-1,1964,4287,0.07960733519867062,0.0558413620406765,-1.266009020805359,0.0,0.0,0.0
3,95,MEND159,3521,TGGATAGAGTAACAGA-1,2108,2772,0.07952496781945229,0.06007683751343427,-1.3800170958042144,0.0,0.0,0.0
3,96,MEND159,907,ATTCACTGATGTTGGA-1,6042,8568,0.07951327823102475,0.059374442410658666,-1.3359921783208848,0.1,0.0,0.04384676516056061
3,97,MEND159,1204,CCAACGATGCACTGAT-1,3784,5418,0.07945658406242728,0.06551562448685455,-1.532378500699997,0.1,0.0,0.04892892241477966
3,98,MEND159,3655,TTACTATCGGCTTCTC-1,2257,5802,0.07945026149973274,0.05849094406444661,-1.249013563990593,0.1,0.1,0.05115090608596802
3,99,MEND159,3360,TCTGCAGATTCGAGTC-1,1456,4668,0.07940391143783927,0.06615695129905182,-1.4421439081430436,0.2,0.1,0.09656802415847779
3,100,MEND159,2154,GATTCCGCGTTTCCGT-1,6618,3516,0.07939779879525304,0.05829390437906364,-1.363751435279846,0.1,0.0,0.04416519701480866
3,101,MEND159,1337,CCGCCGTTGAGGATAA-1,9749,7168,0.07936268206685781,0.05885974481890656,-1.2978861927986145,0.1,0.0,0.04869894087314606
3,102,MEND159,2749,GTGACCTAAAGAATAA-1,10110,5274,0.07930002035573125,0.056533879899799834,-1.2218171536922455,0.0,0.0,0.0
3,103,MEND159,3823,TTGGCCTAGAATTTCG-1,7054,3515,0.07927010161802173,0.07269670761871976,-1.6894432947039604,0.1,0.1,0.055526846647262575
3,104,MEND159,2717,GTCGGATGTAGCGCGC-1,6690,3642,0.07926626871339977,0.06462873356113553,-1.373769584298134,0.0,0.0,0.0
3,105,MEND159,2657,GTAGCGCTGTTGTAGT-1,4725,2259,0.07922139624133706,0.05575535845982646,-1.2848199903964996,0.0,0.0,0.0
3,106,MEND159,2606,GGTTACCACCCTCGGG-1,3495,7187,0.07908450122922658,0.0641615524433623,-1.338177915662527,0.1,0.1,0.05034520030021668
3,107,MEND159,2036,GACTTTCGAGCGGTTC-1,6264,11219,0.0790704607963562,0.05960166809334011,-1.2877514243125916,0.1,0.0,0.04991706907749176
3,108,MEND159,3601,TGTGTAGTAGCACGTG-1,9533,8810,0.0790672054514289,0.06169043934892375,-1.2405258655548095,0.1,0.1,0.05045039653778076
3,109,MEND159,136,AAGATTGGCGGAACGT-1,7637,4776,0.0789506146684289,0.05740879777116515,-1.3615375310182571,0.1,0.0,0.04293499290943146
3,110,MEND159,471,AGACCATGGGATACAA-1,3128,4284,0.078943548258394,0.058847885584773205,-1.3505416452884673,0.0,0.0,0.0
3,111,MEND159,1361,CCGGTATCTGGCGACT-1,7282,11216,0.07886805515736342,0.05967682918457494,-1.38580579161644,0.0,0.0,0.0
3,112,MEND159,1172,CATGCTGGCTCCAATT-1,5453,3015,0.07878415887244046,0.07053039720765607,-1.4697154119610787,0.1,0.1,0.057044923305511475
3,113,MEND159,2029,GACTGATTGGTCACAA-1,8434,2627,0.07875531557947398,0.05905615405681763,-1.3290280491113662,0.0,0.0,0.0
3,114,MEND159,1454,CGACATGCGATCTTCT-1,5744,2509,0.07872197926044464,0.05940202855267394,-1.318045085668564,0.1,0.0,0.04762813746929169
3,115,MEND159,3580,TGTATCCTTATTCCAT-1,4726,2764,0.07867437899112702,0.0604802466933857,-1.3525050669908523,0.1,0.0,0.049370193481445314
3,116,MEND159,2782,GTGCTGTTAGAACATA-1,6991,11217,0.07864865832962095,0.059733737731986494,-1.3412129014730454,0.1,0.0,0.04995087683200836
3,117,MEND159,598,AGGCTTCCCGAAGAAG-1,4150,7816,0.0786050135269761,0.05791558224754888,-1.283798921108246,0.2,0.0,0.07656739056110382
3,118,MEND159,3849,TTGTGTTTCCCGAAAG-1,5387,7939,0.07856375146657228,0.05842004740738817,-1.3780092388391494,0.1,0.0,0.041136181354522704
3,119,MEND159,1658,CGTTGAATACCGCGCT-1,6697,8692,0.07841942692175508,0.05870923715315012,-1.3255137592554092,0.1,0.0,0.045076966285705566
3,120,MEND159,128,AAGACTAACCCGTTGT-1,3053,2138,0.07838714364916086,0.059373493585703825,-1.2663580119609832,0.0,0.0,0.0
3,121,MEND159,2387,GGAAAGGGAATTGAGC-1,6408,10713,0.07836426626890898,0.07049368249431841,-1.4533671166747808,0.1,0.1,0.053170430660247806
3,122,MEND159,2642,GTACGTTTGCCCGTCA-1,6040,7053,0.07835059519857168,0.061115081089053024,-1.4418290972709655,0.1,0.0,0.04870632588863373
3,123,MEND159,1068,CACTCCTCTCGGTCGG-1,7417,3388,0.07834619155619293,0.06887711464297626,-1.5022986620664596,0.1,0.0,0.04737614691257477
3,124,MEND159,1554,CGCTTTCTTGCATTCG-1,7274,5408,0.07827246487140656,0.05810786172545093,-1.3936514168977738,0.0,0.0,0.0
3,125,MEND159,854,ATGCCGGTTGATGGGA-1,7127,3894,0.07820714171975851,0.061954726230921235,-1.522794470191002,0.1,0.0,0.0486840695142746
3,126,MEND159,3079,TATGATCTTCTCTTTA-1,7642,8816,0.07811928857117892,0.05649776195085768,-1.2387531787157058,0.0,0.0,0.0
3,127,MEND159,2332,GCTAGGCACCACGGAG-1,7205,8312,0.07811395805329084,0.052006557112484454,-1.1872776180505753,0.0,0.0,0.0
3,128,MEND159,2633,GTAAGTCCACACTCTA-1,9749,6916,0.07809881260618567,0.05800868765100708,-1.2305388152599335,0.0,0.0,0.0
3,129,MEND159,292,ACCAACGCTTATTTAT-1,4660,8193,0.07809768300503492,0.05613707014992998,-1.1757155328989028,0.0,0.0,0.0
3,130,MEND159,3253,TCGAAGAACCGAGCAC-1,8295,7173,0.07807032926939428,0.07094489746338928,-1.467589518427849,0.2,0.1,0.10350168943405151
3,131,MEND159,1585,CGGGCCATAGCCGCAC-1,2400,3276,0.0780354117974639,0.06435622278835418,-1.4106366083025932,0.1,0.1,0.05065725445747375
3,132,MEND159,3564,TGGTTTAAACGTGGGT-1,9237,4519,0.07801874815486372,0.06019768422962791,-1.4074672222137452,0.0,0.0,0.0
3,133,MEND159,2022,GACTACAATTGCTCGT-1,7053,2505,0.07800965094938875,0.06406542675730975,-1.4689796030521394,0.1,0.0,0.04689322710037232
3,134,MEND159,1593,CGGTATAGGTATTAGC-1,8289,2880,0.07797699859365821,0.06407983101504024,-1.3706404209136962,0.1,0.0,0.049256625771522525
3,135,MEND159,2441,GGATTTCACTTCTATA-1,7129,5409,0.07796974582597613,0.06080442262217123,-1.3207243770360946,0.0,0.0,0.0
3,136,MEND159,576,AGGAGACATCCACAGT-1,9964,4517,0.07792742922902107,0.06206814440394339,-1.2861088335514068,0.1,0.0,0.04895605146884918
3,137,MEND159,276,ACATAATAAGGCGGTG-1,5673,4150,0.07791910404339433,0.05923931576081512,-1.308672657608986,0.0,0.0,0.0
3,138,MEND159,760,ATAGTGAAGCGTTCTC-1,5240,6677,0.07780276341363787,0.06172566405485975,-1.3450172260403632,0.1,0.0,0.04924155473709106
3,139,MEND159,682,AGTGCTAAACACAGCA-1,7715,9194,0.07779353018850088,0.06011824125320244,-1.3549450039863586,0.0,0.0,0.0
3,140,MEND159,819,ATCGTTCACTTTCGCC-1,7926,2755,0.07777528185397387,0.06056860984248875,-1.3378423571586608,0.1,0.0,0.04915961027145386
3,141,MEND159,2165,GCAACACACTAGAACT-1,2259,7317,0.07764288913458586,0.06309427764212545,-1.5304236203432082,0.1,0.0,0.04922670125961304
3,142,MEND159,2341,GCTCAATGTAATACCG-1,5316,9328,0.07758321948349475,0.06682311890803651,-1.4167080521583557,0.1,0.1,0.0552132785320282
3,143,MEND159,3328,TCTAGTGATATCGTGG-1,8222,7047,0.07754602702334523,0.05969695473372169,-1.469744935631752,0.0,0.0,0.0
3,144,MEND159,2693,GTCATGCGCGAGGGCT-1,8225,9572,0.07752109980210661,0.06304196112987466,-1.3779691517353059,0.0,0.0,0.0
3,145,MEND159,1732,CTATTGTGTTTGGTCA-1,8435,3132,0.07751663755625486,0.06144619429080262,-1.3412217438220977,0.1,0.0,0.047725236415863036
3,146,MEND159,2418,GGAGCGAGGCCTACTT-1,6117,9957,0.0773759400472045,0.059049529451317244,-1.3894767254590987,0.1,0.0,0.04483259618282318
3,147,MEND159,49,AAATTACACGACTCTG-1,7344,3262,0.07737499377690256,0.06826713079684495,-1.580517163872719,0.1,0.1,0.0557763934135437
3,148,MEND159,422,ACTCTGACCTAATAGA-1,8153,10203,0.07735822955146432,0.061822376836500846,-1.4511200368404389,0.1,0.1,0.05196647644042969
3,149,MEND159,3212,TCCGAATGGTCCTGAG-1,9311,5402,0.07735344665125013,0.06313406816726075,-1.4842734783887863,0.0,0.0,0.0
3,150,MEND159,2835,GTTCGCTGAGACGTCT-1,9023,8181,0.07734692487865687,0.06459536321508788,-1.4822421580553056,0.0,0.0,0.0
3,151,MEND159,1254,CCATACCTTTACTTGT-1,8511,5278,0.07733605736866593,0.060195393948826115,-1.4081253170967103,0.1,0.0,0.04842175543308258
3,152,MEND159,3203,TCCCGTGTGCAATTTG-1,6913,7050,0.07732202704064547,0.06191917812965782,-1.3818755269050598,0.1,0.1,0.05269804000854492
3,153,MEND159,566,AGCTGTAACCTCAATC-1,3133,8324,0.07730312959756702,0.06484322590433592,-1.519955974817276,0.0,0.0,0.0
3,154,MEND159,2586,GGTCTGAGAATCTGGA-1,6911,5283,0.07730043195188045,0.06109449024210347,-1.3430392146110535,0.0,0.0,0.0
3,155,MEND159,3844,TTGTGGCCCTGACAGT-1,5454,3772,0.07727202754467725,0.060713532182594294,-1.290935968607664,0.1,0.1,0.05040749311447144
3,156,MEND159,3703,TTCAGGCGTCAAAGCC-1,2258,6559,0.07727129682898522,0.05714293233376092,-1.3563006520271301,0.0,0.0,0.0
3,157,MEND159,2874,TAAAGAGCCCGAAACC-1,4435,2765,0.07724464340135455,0.06131120440215551,-1.3277513951063156,0.1,0.1,0.051832282543182374
3,158,MEND159,3187,TCCATTAGTTGGATAG-1,2980,2264,0.07723687468096614,0.05272335908370008,-1.236107212305069,0.0,0.0,0.0
3,159,MEND159,3386,TCTTGGTAACACCAAA-1,5818,4150,0.07722487021237612,0.057770990077434775,-1.3055300951004027,0.1,0.0,0.0475454181432724
3,160,MEND159,2009,GACGCTTGCTTCTAAA-1,3712,6302,0.07720489068888128,0.0596647643848293,-1.3329319328069686,0.0,0.0,0.0
3,161,MEND159,1849,CTGTAGCCATCTCACT-1,4442,8573,0.07717359974049032,0.057319464028411676,-1.3163752675056457,0.0,0.0,0.0
3,162,MEND159,3459,TGCAGTTTCCTCCCAT-1,7639,6543,0.07716335179284214,0.05962900226581487,-1.3691945374011993,0.1,0.0,0.04567582607269287
3,163,MEND159,3371,TCTGTGGCTACATTTC-1,4507,1881,0.07708270251750945,0.052563762582829576,-1.3083540052175522,0.0,0.0,0.0
3,164,MEND159,2192,GCAGATTAGGGATATC-1,5530,6171,0.07707055630162359,0.05768218935134928,-1.2693567007780076,0.1,0.0,0.040011608600616456
3,165,MEND159,1224,CCACCCAAGGAAAGTG-1,6548,6168,0.0770668001845479,0.06830973686132706,-1.5687456727027893,0.1,0.1,0.052413266897201535
3,166,MEND159,836,ATCTTTCGTATAACCA-1,9819,4769,0.07705221865326166,0.055527678530734995,-1.2314467906951905,0.0,0.0,0.0
3,167,MEND159,3712,TTCCATCATGCGGTGA-1,8290,3133,0.07696770005859435,0.06193369111594945,-1.4160167545080184,0.1,0.0,0.04431658387184143
3,168,MEND159,88,AACGATAGAAGGGCCG-1,4945,3395,0.07688400028273464,0.059330335322636304,-1.4518632292747498,0.1,0.0,0.046657595038414004
3,169,MEND159,2250,GCCTCATCTGGAAATA-1,8003,6669,0.07680461257696151,0.061230251929389724,-1.455642393231392,0.0,0.0,0.0
3,170,MEND159,856,ATGCGACAGTCCCATT-1,6257,5916,0.07678762143477798,0.059770559367434486,-1.4564550161361693,0.0,0.0,0.0
3,171,MEND159,970,CAACGACCCGTTTACA-1,4728,4027,0.07675703573040664,0.0626807955099849,-1.4310563415288926,0.1,0.1,0.05135939121246338
3,172,MEND159,1566,CGGCAATAAGATCGCC-1,8951,8307,0.07672092160210013,0.06312610776839858,-1.4395352482795716,0.1,0.0,0.04712811708450317
3,173,MEND159,1954,GAAGGCTACCATTGTT-1,9746,4643,0.07670244490727782,0.05706051730407188,-1.2710267305374146,0.0,0.0,0.0
3,174,MEND159,2673,GTATCGGGACGAGCTG-1,2180,2141,0.07668394492939115,0.06081212530448235,-1.4102843433618546,0.1,0.0,0.047974738478660586
3,175,MEND159,2979,TACTGCAATCAATTAC-1,8509,4268,0.07665465455502271,0.05659504403247357,-1.2926925152540207,0.0,0.0,0.0
3,176,MEND159,2612,GGTTCTACTCGTCTGA-1,8730,6414,0.07662441525608302,0.060751132065684874,-1.3311583144590258,0.1,0.1,0.05057981014251709
3,177,MEND159,2297,GCGGTAACCCAAATGA-1,2762,2391,0.07662310097366572,0.05676128839860714,-1.33812814950943,0.1,0.0,0.0413982093334198
3,178,MEND159,63,AACAGCTGTGTGGCAA-1,3352,8955,0.07655306849628687,0.06393907828555263,-1.4909462660551072,0.1,0.1,0.05303327441215515
3,179,MEND159,1665,CGTTGTTTCAATTCCC-1,4003,5796,0.07654070183634758,0.05632868044392777,-1.331953939795494,0.0,0.0,0.0
3,180,MEND159,2409,GGACTCGACAGCGCAT-1,4444,10088,0.07651420934125781,0.06646626527657981,-1.4521071195602417,0.1,0.1,0.052077972888946535
3,181,MEND159,2357,GCTGAGGCGTGAGTAT-1,5749,6549,0.07649536030367017,0.058149338074525,-1.403400656580925,0.0,0.0,0.0
3,182,MEND159,3635,TTAATCAGTACGTCAG-1,6618,3769,0.07648308356292546,0.06544505307056103,-1.634497630596161,0.1,0.1,0.05034856796264649
3,183,MEND159,110,AACTCCTAATCCCATG-1,7780,3008,0.07643341859802603,0.05673695522300471,-1.2589766085147858,0.0,0.0,0.0
3,184,MEND159,2946,TACCTCAGTTGTCTGT-1,4734,9077,0.07640161919407547,0.061320382915325836,-1.471794256567955,0.0,0.0,0.0
3,185,MEND159,1518,CGCCTGGCCTACGTAA-1,3058,6683,0.07635029312223196,0.06133028918192295,-1.436928391456604,0.0,0.0,0.0
3,186,MEND159,2121,GATCGCGGGCTCTCCA-1,4875,6046,0.07626847522333265,0.058888770451064644,-1.3743044257164,0.0,0.0,0.0
3,187,MEND159,3626,TTAACGTTAAAGCCTG-1,1385,6057,0.07623127670958638,0.0607474730966349,-1.495681208372116,0.0,0.0,0.0
3,188,MEND159,2465,GGCCCGTATACCATGC-1,9746,4896,0.0761894497089088,0.063442915974293,-1.3973909437656402,0.1,0.1,0.05148229598999023
3,189,MEND159,3051,TATACTCATGCGGCAA-1,2400,4034,0.07617441620677709,0.05498279217861559,-1.290674591064453,0.0,0.0,0.0
3,190,MEND159,3262,TCGCACCAGGAGGCAG-1,6914,7808,0.07616068124771118,0.05322114073541178,-1.1642873734235764,0.0,0.0,0.0
3,191,MEND159,1471,CGAGGCTAAATATGGC-1,6256,5159,0.07614541556686164,0.061520491574554304,-1.398363721370697,0.1,0.1,0.050186151266098024
3,192,MEND159,523,AGCATTACGAGGCAAG-1,8735,9949,0.07611855990253388,0.06022111589212131,-1.3976686537265777,0.1,0.0,0.04824715852737427
3,193,MEND159,3732,TTCGGACTGATGCCTT-1,8289,2375,0.07611486557871103,0.05383270794874733,-1.215908145904541,0.0,0.0,0.0
3,194,MEND159,3000,TAGATCCGAAGTCGCA-1,6326,2760,0.07611163798719645,0.05888463373035328,-1.3985125064849853,0.0,0.0,0.0
3,195,MEND159,3847,TTGTGGTGGTACTAAG-1,8007,9446,0.07610322367399931,0.05537382889244124,-1.3132678270339966,0.0,0.0,0.0
3,196,MEND159,1298,CCCGTGACAGTGCCTT-1,7718,11214,0.07609968846663832,0.05649514342638287,-1.3133028835058211,0.0,0.0,0.0
3,197,MEND159,604,AGGGAGACATACTTCG-1,9310,5150,0.07607369618490338,0.053507011112241806,-1.316895306110382,0.1,0.0,0.04023856818675995
3,198,MEND159,2123,GATCGGCGATAAGTCG-1,2110,4035,0.07606214764527977,0.06184451742100098,-1.4196979373693466,0.0,0.0,0.0
3,199,MEND159,1902,CTTTAATATTGGTCGA-1,6405,7936,0.07601818349212408,0.06054893155634819,-1.392218205332756,0.0,0.0,0.0
3,200,MEND159,3280,TCGCTGTGCGTAAATC-1,4073,3650,0.07601100020110607,0.06262736290239547,-1.5470116078853606,0.1,0.1,0.05109421610832214
3,201,MEND159,458,AGAACCCAGCGTGACA-1,10113,7041,0.0759196544997394,0.05618004352146354,-1.3397255182266234,0.0,0.0,0.0
3,202,MEND159,953,CAAACGAGTATCGCAG-1,4514,7436,0.0759112044237554,0.056012700915036365,-1.2171101033687592,0.0,0.0,0.0
3,203,MEND159,2868,GTTTGGGTTTCGCCCG-1,7716,9447,0.07590746339410544,0.059951538070053344,-1.3638501673936845,0.1,0.0,0.04798152446746826
3,204,MEND159,1151,CATCCCGAGATTCATA-1,9462,10199,0.07585985972546042,0.06369338548012889,-1.5299255758523942,0.0,0.0,0.0
3,205,MEND159,3431,TGATCCCAGCATTAGT-1,8874,4898,0.07579764570109546,0.06366486979609556,-1.34343141913414,0.1,0.1,0.05230785608291626
3,206,MEND159,3075,TATCTAGCCTAAAGGA-1,1966,5802,0.07577956467866898,0.07173622789412502,-1.622262667492032,0.1,0.1,0.05794529914855957
3,207,MEND159,1404,CCTCCTGTTGTGTCGT-1,8079,9320,0.07576554911211134,0.05635242240803269,-1.357549974322319,0.0,0.0,0.0
3,208,MEND159,241,ACAATAGTCGTACGTT-1,2549,6811,0.0757413369603455,0.05782127648264223,-1.4906270325183868,0.0,0.0,0.0
3,209,MEND159,709,AGTTTGGCCAGACCTA-1,3350,7440,0.07566083166748286,0.05761308127595598,-1.4744091898202896,0.0,0.0,0.0
3,210,MEND159,295,ACCAATATGCAAGTTA-1,6769,8566,0.07565465029329062,0.060572137295315874,-1.5054207563400268,0.0,0.0,0.0
3,211,MEND159,1316,CCGAACACTGGGCCTC-1,2404,7064,0.07563673262484372,0.0590411572027537,-1.4779626041650773,0.0,0.0,0.0
3,212,MEND159,3179,TCCACCTCTAGCCTTT-1,4952,9202,0.07562346761114895,0.0672015435464643,-1.583215069770813,0.2,0.1,0.09953130185604095
3,213,MEND159,1848,CTGTACTTCTTAGCAT-1,4803,6425,0.07561824172735214,0.054570848474701256,-1.2498821705579757,0.0,0.0,0.0
3,214,MEND159,2028,GACTCTAGAGTTCCAA-1,5172,10843,0.0756043050903827,0.06098055593877625,-1.4674354553222657,0.1,0.0,0.0456964910030365
3,215,MEND159,2808,GTTAACATCACTTAAA-1,6406,8441,0.07560390522703528,0.05591249268224573,-1.3781930327415466,0.0,0.0,0.0
3,216,MEND159,3038,TAGTCTGTGACGTTGC-1,8582,4394,0.0756024413742125,0.056429318555783,-1.3072489678859711,0.0,0.0,0.0
3,217,MEND159,3084,TATGGCCCGGCCTCGC-1,3275,5294,0.07559800762683153,0.061498648891157665,-1.4654739439487456,0.0,0.0,0.0
3,218,MEND159,1099,CAGCTCGTGCTTGTGT-1,4145,3271,0.07559592109173537,0.0631158019251705,-1.4748511485755444,0.1,0.0,0.04971308708190918
3,219,MEND159,979,CAAGAGGGCGGAGTAC-1,6477,7304,0.07558430074714124,0.054006242280164936,-1.3447455316781998,0.0,0.0,0.0
3,220,MEND159,3692,TTCAAAGTCTCTAGCC-1,6548,5915,0.07555562639608979,0.05796131606402801,-1.3796959705650806,0.1,0.0,0.04796409606933594
3,221,MEND159,2963,TACGGGTAATAACATA-1,7499,10584,0.07554693380370736,0.055580349274610794,-1.3346338510513305,0.0,0.0,0.0
3,222,MEND159,1127,CATAATGAGCGGGCGA-1,4434,2260,0.07554096356034279,0.05393091179660483,-1.2316975712776184,0.0,0.0,0.0
3,223,MEND159,3082,TATGGAGTTTCTCGTT-1,3416,2263,0.07552081914618611,0.054925948672863004,-1.2720082581043244,0.0,0.0,0.0
3,224,MEND159,783,ATCAAGATCCCAGGAC-1,5317,10590,0.07551085748709738,0.06774790385747606,-1.3972525477409363,0.1,0.1,0.05420439839363098
3,225,MEND159,3709,TTCCACACAGATTTGA-1,4441,7815,0.07545701647177339,0.054678787458229336,-1.4331439912319184,0.0,0.0,0.0
3,226,MEND159,2601,GGTGGACTGCTCTGGC-1,7278,8438,0.07540969150140882,0.052534750707553535,-1.3531331717967987,0.0,0.0,0.0
3,227,MEND159,3323,TCTACGGGCTCAGTTG-1,9963,3506,0.07540746740996837,0.05689415173594535,-1.3295540779829025,0.1,0.0,0.045208439230918884
3,228,MEND159,3612,TGTTGTCAAGAAGTCT-1,7055,4525,0.0753871836233884,0.06908938756779635,-1.5909302465617656,0.1,0.1,0.05801213979721069
3,229,MEND159,401,ACTATCCAGGGCATGG-1,8948,6287,0.07536811837926508,0.05656884373082018,-1.3159153670072556,0.0,0.0,0.0
3,230,MEND159,50,AAATTACCTATCGATG-1,7928,4775,0.07534783286973834,0.058466856104026944,-1.3735873967409133,0.0,0.0,0.0
3,231,MEND159,3130,TCACAGGAGAATAAGA-1,4660,8446,0.07530181254260242,0.0614319743376709,-1.3643642961978912,0.1,0.0,0.04777185022830963
3,232,MEND159,939,ATTGTCTGTTTCATGT-1,4954,10465,0.07525136065669358,0.0635820286320416,-1.4320799842476846,0.1,0.1,0.05085306763648987
3,233,MEND159,3254,TCGAATATCCCGCAGG-1,3425,8828,0.07524852482602,0.0663624850172678,-1.5649535655975342,0.1,0.1,0.05309523344039917
3,234,MEND159,465,AGAATACAGGCTATCC-1,8299,10960,0.07523961034603417,0.058655590822207455,-1.3396347761154175,0.0,0.0,0.0
3,235,MEND159,3817,TTGGAGTCTCCCTTCT-1,4289,2513,0.07513326434418559,0.06253478791919154,-1.5104579273611307,0.1,0.1,0.052675217390060425
3,236,MEND159,3066,TATCCATATCATGCGA-1,4873,3774,0.0751216801814735,0.058324625996283484,-1.395421814918518,0.1,0.0,0.04867923855781555
3,237,MEND159,736,ATACGCCGGCGAAACC-1,6767,6546,0.07511829696595669,0.05989089341812125,-1.3721733421087265,0.0,0.0,0.0
3,238,MEND159,3060,TATCAAAGGTCTGTAA-1,1529,4794,0.07507537617348134,0.06241444336041837,-1.5257221430540084,0.1,0.1,0.05052660703659058
3,239,MEND159,3594,TGTGAGACTAGCCCAA-1,5679,8948,0.07503909454680979,0.06959932533545214,-1.5416908055543899,0.1,0.1,0.05904449820518494
3,240,MEND159,2526,GGGCCCTTATCTATAC-1,1457,5678,0.07500655283220112,0.059235861928606776,-1.4809369206428529,0.0,0.0,0.0
3,241,MEND159,1013,CACACTTGTATTGCGA-1,9525,2750,0.07499162461608648,0.06021392670406228,-1.3915167167782783,0.1,0.0,0.04827188551425934
3,242,MEND159,3551,TGGGTGTTAAGTAGAA-1,6045,10588,0.07495691869407892,0.06705401599416391,-1.4662668086588382,0.1,0.1,0.05219820737838745
3,243,MEND159,1900,CTTGTTTATGTAGCCA-1,3127,3779,0.07494815555401146,0.05755039290086447,-1.2512895166873932,0.0,0.0,0.0
3,244,MEND159,832,ATCTGTAATTGTACCC-1,5236,3394,0.07494054166600109,0.060472932013515536,-1.3500760227441788,0.1,0.0,0.0467749148607254
3,245,MEND159,3219,TCCGCCTGTCTACAAG-1,6478,8567,0.07493722653016448,0.05710983510893488,-1.5484140187501907,0.0,0.0,0.0
3,246,MEND159,2498,GGCTGGCTAGCTTAAA-1,3199,2895,0.07492145751602948,0.06630081551082959,-1.6645049422979354,0.1,0.1,0.05302389264106751
3,247,MEND159,2619,GGTTTCAATCGGTCAG-1,7711,5659,0.07485569743439555,0.05973667133787792,-1.5016301572322845,0.1,0.0,0.04731862545013428
3,248,MEND159,208,AATGATGCGACTCCTG-1,8437,4647,0.07485223799012601,0.05613096060732632,-1.3555870473384857,0.0,0.0,0.0
3,249,MEND159,1879,CTTCCGCTCCGTGAAG-1,4733,8572,0.0748508596792817,0.05060728409088361,-1.2546856701374054,0.0,0.0,0.0
3,250,MEND159,3333,TCTATCGGTCGCAACA-1,5746,4276,0.07477496564388275,0.0549293852082501,-1.4097659051418305,0.1,0.0,0.03900843858718872
3,251,MEND159,1829,CTGGCGGGAATAAGTA-1,2691,4033,0.07475816700607538,0.056234058589294623,-1.3911109894514084,0.0,0.0,0.0
3,252,MEND159,761,ATAGTTCCACCCACTC-1,8512,6288,0.0747389080002904,0.05910041671902713,-1.486331507563591,0.0,0.0,0.0
3,253,MEND159,3098,TATTCCGGCAGTCCTA-1,5234,2132,0.07469515837728977,0.053327551975349385,-1.3178426682949067,0.0,0.0,0.0
3,254,MEND159,3092,TATGTCTCATTGTGCC-1,7056,5283,0.07469400661066175,0.053331676551763574,-1.4415228843688965,0.0,0.0,0.0
3,255,MEND159,2395,GGAATAACCTCAAGAA-1,5452,2257,0.07468533953651786,0.055902976118953535,-1.322950828075409,0.0,0.0,0.0
3,256,MEND159,825,ATCTCGTGAGCGAAAC-1,9531,7548,0.07461425205692648,0.05523857113915995,-1.3785604327917098,0.0,0.0,0.0
4,1,MEND159,830,ATCTGGGCTGTTCTTG-1,6116,9199,0.3974335968494415,0.07269341616283717,0.8381218433380127,1.0,1.0,0.7098784983158112
4,2,MEND159,1939,GAACCCTCTGTGTTCT-1,5970,8947,0.3868368625640869,0.07131133179802641,0.8019255220890045,1.0,1.0,0.699821549654007
4,3,MEND159,1146,CATATTATTTGCCCTA-1,6835,2632,0.38438606560230254,0.07295313366317316,0.7712060809135437,1.0,1.0,0.6967205345630646
4,4,MEND159,857,ATGCGAGTCCCACCAC-1,8659,7550,0.3823054492473602,0.06728678571717421,0.76534683406353,1.0,1.0,0.6996465563774109
4,5,MEND159,3358,TCTGATTGGAAATGGA-1,10038,5905,0.3810185492038727,0.07164731236286626,0.8111783564090729,1.0,1.0,0.6776879549026489
4,6,MEND159,138,AAGCATACTCTCCTGA-1,6114,8189,0.3775403320789337,0.06695959903030373,0.721415114402771,1.0,1.0,0.6951705276966095
4,7,MEND159,2999,TAGATATGGACTGGAA-1,4950,7687,0.37668862044811247,0.08156825502123165,0.6750665310770273,1.0,1.0,0.6954549491405487
4,8,MEND159,2136,GATGCGAATGGTATTA-1,1820,4793,0.37597105503082273,0.06701409763789005,0.7509149223566055,1.0,1.0,0.6982220411300659
4,9,MEND159,1606,CGGTTCCGGCTTCTTG-1,3199,2643,0.3728777080774307,0.06863086321928266,0.6945158988237381,1.0,1.0,0.6746362268924713
4,10,MEND159,3591,TGTCTACAGTTTCTGT-1,4944,2890,0.3724567621946335,0.07152176070683498,0.688025850057602,1.0,1.0,0.6758106648921967
4,11,MEND159,1695,CTACGCCATTTCCGAT-1,6908,3010,0.37156368494033815,0.06998421155381047,0.6009428016841412,1.0,1.0,0.6858619391918183
4,12,MEND159,3636,TTAATGCGAGGTAACT-1,6179,2003,0.3711508721113205,0.06815123184924005,0.7853852123022079,1.0,1.0,0.673949372768402
4,13,MEND159,3547,TGGGTAAGGTTCCCGC-1,6835,3137,0.3710658997297287,0.07225645467212073,0.7077495217323303,1.0,1.0,0.6937534987926484
4,14,MEND159,1519,CGCCTTTAGCATGCTC-1,9604,7169,0.3708774596452713,0.07143449261495491,0.7067890480160713,1.0,1.0,0.6759205162525177
4,15,MEND159,1764,CTCGAGGTCGAACAGT-1,5383,5161,0.3706951916217804,0.06904603237496065,0.7322408944368363,1.0,1.0,0.6787692964076996
4,16,MEND159,1335,CCGCCACCACAATCCA-1,5889,2003,0.3705407947301865,0.07792392607288269,0.7656588643789292,1.0,1.0,0.6853654503822326
4,17,MEND159,244,ACAATTGTGTCTCTTT-1,8150,7931,0.36847599148750304,0.07070786588199249,0.6870272874832153,1.0,1.0,0.6834634423255921
4,18,MEND159,654,AGTCCAGCGGGTACGT-1,2543,2013,0.36825425624847413,0.06497393708519164,0.7382009297609329,1.0,1.0,0.6960049033164978
4,19,MEND159,1972,GAATGCGAATCGGTTC-1,6116,9452,0.3680498212575912,0.06671293488846602,0.7391188621520997,1.0,1.0,0.6886490762233735
4,20,MEND159,551,AGCGTACGAGAGCTAG-1,2835,2517,0.36756984889507294,0.06792973637054359,0.6410721004009247,1.0,1.0,0.6866964936256409
4,21,MEND159,2401,GGACCAACAGGATAAC-1,5969,7937,0.3671629875898361,0.07345471155390719,0.6751327648758888,1.0,1.0,0.6875769555568695
4,22,MEND159,1719,CTAGTTACAACCCGGT-1,5969,8189,0.3671351343393326,0.06867912292477757,0.7078384026885033,1.0,1.0,0.679110586643219
4,23,MEND159,3585,TGTCCCGACATAGCAC-1,5235,2889,0.366987282037735,0.07466906774857866,0.6964373737573624,1.0,1.0,0.67659872174263
4,24,MEND159,2989,TAGAATTAAGGGCAAC-1,6617,2759,0.3664402306079865,0.0715709279669076,0.7517711311578751,1.0,1.0,0.6688769280910491
4,25,MEND159,374,ACGGCCAACATGGACT-1,5096,8192,0.36627302765846254,0.06596614503487136,0.5419008433818817,1.0,1.0,0.6772535562515258
4,26,MEND159,3221,TCCGCGGCCCAATGAA-1,8296,8183,0.3657593548297882,0.0671539759065913,0.7371912255883217,1.0,1.0,0.6768047034740448
4,27,MEND159,2911,TAATACTAGAACAGAC-1,6699,10207,0.3655042827129364,0.0742057174611034,0.6740520477294922,1.0,1.0,0.6812767803668975
4,28,MEND159,373,ACGGCACTTGCTTGGG-1,5460,8065,0.3654304385185242,0.06496555637053741,0.6404637217521667,1.0,1.0,0.6870833754539489
4,29,MEND159,3480,TGCGAGAATATTACCC-1,4005,7817,0.3652482032775879,0.07379916367370457,0.6971659943461418,1.0,1.0,0.680577301979065
4,30,MEND159,306,ACCAGTGCGGGAGACG-1,7932,7552,0.3649455338716507,0.06874671595938829,0.7191611438989639,1.0,1.0,0.6853187859058381
4,31,MEND159,931,ATTGCGATCAGTAACT-1,8296,7930,0.36480848789215087,0.0740143605525873,0.6299107931554317,1.0,1.0,0.6846039950847626
4,32,MEND159,2679,GTATTCTTACCGTGCT-1,2617,2392,0.36474238336086273,0.0746911776050787,0.6309723880141973,1.0,1.0,0.6834017813205719
4,33,MEND159,2576,GGTCAGTGGGTCCCAC-1,5605,7559,0.36473309993743896,0.06803734750932477,0.6232534140348435,1.0,1.0,0.6874793708324433
4,34,MEND159,3730,TTCGCTAGGAAGTTGT-1,9603,6664,0.3642813116312027,0.07234819628989758,0.7775834396481514,1.0,1.0,0.6652582228183747
4,35,MEND159,724,ATAATAGCTGTTGAAT-1,5677,7433,0.36422841250896454,0.07309937345527638,0.7642613321542739,1.0,1.0,0.6704654395580292
4,36,MEND159,872,ATGTACGATGACGTCG-1,5753,9831,0.36419543623924255,0.07166948269325779,0.6825266867876053,1.0,1.0,0.6798405051231384
4,37,MEND159,3674,TTAGTTATTCGTGGCA-1,7713,7427,0.363926437497139,0.068888050436184,0.6569963753223419,1.0,1.0,0.6806233704090119
4,38,MEND159,910,ATTCATATACTGTCCA-1,5459,7307,0.3633935540914536,0.06779606691169715,0.6295765265822411,1.0,1.0,0.6825905978679657
4,39,MEND159,152,AAGGCAGGCTGTCTCC-1,9676,6790,0.36318003833293916,0.06717853950300666,0.6028341859579086,1.0,1.0,0.6778703987598419
4,40,MEND159,3515,TGGACCACGGCGTTGA-1,2471,2392,0.36245724856853484,0.06960297934367915,0.7008591026067734,1.0,1.0,0.6714161098003387
4,41,MEND159,3011,TAGCGTTGGGTCTTAC-1,6039,6296,0.3622047245502472,0.07201384626923721,0.7023353993892669,1.0,1.0,0.6703153371810913
4,42,MEND159,2560,GGTAAATGTGCGTTAC-1,6980,2884,0.36205501556396485,0.0750512645878889,0.6240472137928009,1.0,1.0,0.6719005942344666
4,43,MEND159,812,ATCGCTTTACGTCTCA-1,10184,5905,0.3612685531377792,0.06933436168112447,0.603278923034668,1.0,1.0,0.6897906422615051
4,44,MEND159,850,ATGCATTCCGTGATGG-1,4870,2006,0.3611558109521866,0.07391791052173372,0.6711946032941342,1.0,1.0,0.665423983335495
4,45,MEND159,1580,CGGGAATTTATGTAAA-1,5822,7180,0.36111541390419005,0.06713774176804888,0.7288564503192901,1.0,1.0,0.6724854707717896
4,46,MEND159,3362,TCTGCCAGAAACTGCA-1,6840,6672,0.36056396961212156,0.07374172518013872,0.6957500040531158,1.0,1.0,0.6683097004890441
4,47,MEND159,934,ATTGGGAATATCTTGG-1,4872,3016,0.3605579674243927,0.0735043544239066,0.6209067240357399,1.0,1.0,0.6809840023517608
4,48,MEND159,26,AAAGGGATGTAGCAAG-1,5601,4529,0.3604194700717926,0.07214823529260185,0.6691231608390809,1.0,1.0,0.6742539942264557
4,49,MEND159,1905,CTTTAGTGCTATTATT-1,5749,7054,0.3601860672235489,0.06653713092471554,0.7117283701896667,1.0,1.0,0.6668019890785217
4,50,MEND159,496,AGAGTTGCAGGCCTCC-1,10180,2875,0.3601856380701065,0.06486585329211098,0.6793537229299546,1.0,1.0,0.6812999963760376
4,51,MEND159,1581,CGGGAGCTTCAGTGTA-1,7714,7679,0.3599642813205719,0.07072006632934619,0.7192291170358658,1.0,1.0,0.6813080966472626
4,52,MEND159,3487,TGCGGACTTGACTCCG-1,6626,10081,0.35968642234802245,0.07590953595138739,0.6547787204384804,1.0,1.0,0.666736513376236
4,53,MEND159,3715,TTCCGCGTGAGGCGAT-1,5750,7306,0.3596508979797363,0.06863879991681254,0.7296166241168975,1.0,1.0,0.6771472871303559
4,54,MEND159,1728,CTATGGGAAGCGGAAT-1,8660,8308,0.3592416226863861,0.06903171380824351,0.6180086106061935,1.0,1.0,0.6718033134937287
4,55,MEND159,1544,CGCTGGTGACTACCCT-1,8222,7552,0.3588700920343399,0.07529300099982739,0.6176793038845062,1.0,1.0,0.6770490407943726
4,56,MEND159,270,ACAGCGCACCCGCAGC-1,6908,2758,0.3588619947433472,0.06993701859129012,0.6083016753196716,1.0,1.0,0.6703049540519714
4,57,MEND159,3813,TTGCTGGCCGGGCTTC-1,6762,2506,0.35877419710159303,0.0679296038986784,0.7537396043539047,1.0,1.0,0.6567298769950867
4,58,MEND159,3498,TGCTCGGCGAAACCCA-1,5533,8696,0.3587448924779892,0.07333294662050194,0.6844816476106643,1.0,1.0,0.671460771560669
4,59,MEND159,2313,GCGTGTATGTCGTATT-1,5525,1878,0.3587216019630432,0.07219090881414417,0.6336791262030601,1.0,1.0,0.6738251626491547
4,60,MEND159,2618,GGTTTAGCCTTTCTTG-1,8513,7298,0.358665931224823,0.07171796726336518,0.5783716484904289,1.0,1.0,0.6677547454833984
4,61,MEND159,478,AGACGCCCACTTCGCC-1,9824,9062,0.35863310694694517,0.06879514306752153,0.655406080186367,1.0,1.0,0.6665145635604859
4,62,MEND159,3477,TGCCTGATCAAACGAT-1,6182,4023,0.35830017626285554,0.0722406501814359,0.6528841227293014,1.0,1.0,0.6609704256057739
4,63,MEND159,1196,CATTTATCGTTCAAGA-1,6689,2127,0.35829876363277435,0.06713592259036492,0.6809846431016922,1.0,1.0,0.6746374905109406
4,64,MEND159,1782,CTCTCGATGTGCGCCT-1,5598,2004,0.3581149220466614,0.06712054846932221,0.5368815295398235,1.0,1.0,0.6838220119476318
4,65,MEND159,3146,TCAGAACGGCGGTAAT-1,6845,10712,0.3580305576324463,0.07390579610898401,0.8079616874456406,1.0,1.0,0.6674711346626282
4,66,MEND159,157,AAGGTGATAAACCAGC-1,7786,7048,0.3578653305768967,0.06887276871241027,0.6903435699641705,1.0,1.0,0.6702403426170349
4,67,MEND159,1089,CAGATCATTTAAAGTC-1,8946,4267,0.3577463269233704,0.07558900788474446,0.6663942858576775,1.0,1.0,0.6718275666236877
4,68,MEND159,326,ACCGACACATCTCCCA-1,5970,9200,0.3576903104782104,0.06984757905899083,0.637235639989376,1.0,1.0,0.6669098019599915
4,69,MEND159,2158,GATTGACACTCTGCTC-1,5671,2130,0.3575887203216553,0.07147890338195936,0.6143388979136943,1.0,1.0,0.6652383089065552
4,70,MEND159,3104,TATTTATACCGAGTAG-1,6763,3516,0.35745991170406344,0.07318995528090193,0.6596809066832066,1.0,1.0,0.6611968517303467
4,71,MEND159,2878,TAAAGTGCACGTCTCG-1,4736,10592,0.35721381306648253,0.06857381227481055,0.708744353055954,1.0,1.0,0.6706402957439422
4,72,MEND159,181,AATAGAACAGAGTGGC-1,4442,8068,0.35706068873405455,0.07027194904249102,0.4903237817808986,1.0,1.0,0.6795229911804199
4,73,MEND159,378,ACGGGCGTATGCGACA-1,9673,4517,0.35658552050590514,0.07223961527026408,0.7385555669665337,1.0,1.0,0.6553033649921417
4,74,MEND159,2508,GGGACCCGTATATCTT-1,4951,8697,0.356560206413269,0.07278415029349448,0.6754081547260284,1.0,1.0,0.6761865258216858
4,75,MEND159,2731,GTCTCAAGGCCCGGCT-1,5897,9073,0.35631016194820403,0.06399001418324378,0.6944028347730636,1.0,1.0,0.6760155439376831
4,76,MEND159,1259,CCATCCATACCAAGTC-1,3854,3272,0.35601176619529723,0.07174016057373026,0.7111134141683578,1.0,1.0,0.6629891335964203
4,77,MEND159,2306,GCGTCCCTAAGACATA-1,4153,9584,0.35598776638507845,0.07098437784092912,0.7746516823768616,1.0,1.0,0.6448899924755096
4,78,MEND159,625,AGGTCGCGGAGTTACT-1,8655,4773,0.35553780794143675,0.06606308466283604,0.5636157810688018,1.0,1.0,0.6614733755588531
4,79,MEND159,436,ACTGTTTAGTGTAGGC-1,5379,1879,0.35542123913764956,0.06918959392146663,0.7698758482933045,1.0,1.0,0.656547749042511
4,80,MEND159,3447,TGCAAGAATGACGTAA-1,5456,5287,0.35538496673107145,0.07205500579809244,0.722497233748436,1.0,1.0,0.6463965117931366
4,81,MEND159,482,AGAGAACCGTCTAGGA-1,7492,4776,0.3553427219390869,0.06754506305583415,0.5703894272446632,1.0,1.0,0.6735604345798493
4,82,MEND159,1994,GACATCGATTTATAAC-1,4733,8067,0.35506380498409273,0.07208511779018902,0.6652969788759947,1.0,1.0,0.6665614962577819
4,83,MEND159,2102,GATAGGTAACGTTGAC-1,5459,7560,0.3550198346376419,0.0691314639577074,0.6999837130308151,1.0,1.0,0.6631745159626007
4,84,MEND159,456,ACTTTGTCGACGCACT-1,9824,8557,0.35474434196949006,0.07417736982178343,0.5950445257127285,1.0,1.0,0.6552122712135315
4,85,MEND159,3320,TCTACCCAATAGAGAG-1,8806,8560,0.35470263063907626,0.07055685382331253,0.6978432267904282,1.0,1.0,0.6637351274490356
4,86,MEND159,2492,GGCTCGCGTTGAGGTA-1,7856,5406,0.35461356937885286,0.06945817547636839,0.6158532068133354,1.0,1.0,0.6595732212066651
4,87,MEND159,2680,GTATTTAATGGCATAA-1,9823,8052,0.35442123413085935,0.07418421418011421,0.6049553338438273,1.0,1.0,0.6674516022205352
4,88,MEND159,1724,CTATCGACGAAATACA-1,7860,8184,0.3541541785001755,0.07125761783995847,0.5513772234320641,1.0,1.0,0.6590836882591248
4,89,MEND159,294,ACCAAGTCATCGGCAG-1,8808,10327,0.3541316568851471,0.0750463025987421,0.6573031440377235,1.0,1.0,0.6588292062282562
4,90,MEND159,707,AGTTTGCACCTGCCTC-1,6479,8819,0.35388465523719786,0.07021558445492279,0.6520918600261212,1.0,1.0,0.6536795914173126
4,91,MEND159,616,AGGGTTTAGTTCGGGA-1,5675,5665,0.3538482666015625,0.06680222509491765,0.6459809213876724,1.0,1.0,0.66211416721344
4,92,MEND159,1215,CCAATGTCACAGCAAG-1,4657,6173,0.3538356751203537,0.06986749100938454,0.6974171407520771,1.0,1.0,0.6658425509929657
4,93,MEND159,3486,TGCGCGATTAACGGAG-1,4074,4913,0.35376116335392,0.07048206507110341,0.6897741250693799,1.0,1.0,0.6492406487464905
4,94,MEND159,1745,CTCAGTCACGACAAAT-1,8073,4522,0.35371253788471224,0.06484462088770783,0.5992864355444908,1.0,1.0,0.6716690003871918
4,95,MEND159,2819,GTTAGCCCATGACATC-1,6553,9955,0.3536629617214203,0.0672647288453653,0.6272086471319198,1.0,1.0,0.6551814138889313
4,96,MEND159,3525,TGGCAATGGGACGGCG-1,8805,8307,0.3536388218402863,0.06940004123453208,0.7069566212594509,1.0,1.0,0.6700935065746307
4,97,MEND159,1514,CGCCGCCCATGCCTGT-1,7130,6419,0.3534924328327179,0.06846211136710591,0.6596110582351684,1.0,1.0,0.6530445456504822
4,98,MEND159,1444,CGAACAGTATGGGCGT-1,8077,7805,0.353208863735199,0.0765288346053764,0.5634422980248928,1.0,1.0,0.6581910431385041
4,99,MEND159,2001,GACCGCGTCTGACGTG-1,9241,7801,0.35306352376937866,0.06638649414398698,0.5991260424256325,1.0,1.0,0.6700742483139038
4,100,MEND159,2842,GTTCTTGTAACTCAAT-1,5536,10968,0.3528501778841019,0.07129492770157284,0.6350281663239002,1.0,1.0,0.6429990351200103
4,101,MEND159,11,AAACGAGACGGTTGAT-1,6839,5914,0.3527926653623581,0.07097797320427217,0.6062722854316235,1.0,1.0,0.6590142548084259
4,102,MEND159,2004,GACCTTCCACGTCTAC-1,6480,9829,0.3527833342552185,0.07019336107750264,0.6303434520959854,1.0,1.0,0.6498887002468109
4,103,MEND159,2478,GGCGCGTTCGAGTTTA-1,5386,7434,0.35271177589893343,0.06949565987564864,0.5732600085437298,1.0,1.0,0.6620208024978638
4,104,MEND159,171,AAGTTGTGATGTTATA-1,8807,9822,0.35268798768520354,0.0689353907860321,0.6835435047745705,1.0,1.0,0.6601155638694763
4,105,MEND159,1412,CCTCTGGCCTAGACGG-1,6545,3390,0.35267174243927,0.07285644844693716,0.7143743917346,1.0,1.0,0.6543251991271972
4,106,MEND159,1257,CCATATGGAAACTATA-1,8587,8182,0.35264616906642915,0.06524828240338595,0.6054954767227173,1.0,1.0,0.6728507280349731
4,107,MEND159,1572,CGGCCCAACCTGTAGT-1,9237,5024,0.35260461568832396,0.06855948948508048,0.6327107287943363,1.0,1.0,0.6699346542358399
4,108,MEND159,3511,TGGAATATCCTTGACC-1,8873,4393,0.35256836414337156,0.06867523234945909,0.6181054137647152,1.0,1.0,0.6484839856624603
4,109,MEND159,423,ACTCTTCAGCTCCCGC-1,10257,6031,0.3525113195180893,0.06798293541253789,0.6674697883427143,1.0,1.0,0.6557871043682099
4,110,MEND159,1703,CTAGATAAACTCCTCG-1,2907,2391,0.3523701041936874,0.07110326189535389,0.6048531297594308,1.0,1.0,0.6548279285430908
4,111,MEND159,2538,GGGCGTGGTTTCCCAG-1,6988,9197,0.3521939218044281,0.0677528852753263,0.6391665071249009,1.0,1.0,0.6573870539665222
4,112,MEND159,2991,TAGACGCCCGTACCGG-1,7638,5533,0.3520290940999985,0.07391935244476718,0.6728494346141816,1.0,1.0,0.6515188574790954
4,113,MEND159,116,AACTGGGTCCCGACGT-1,5891,4023,0.3520118445158005,0.06833961111736307,0.5848641909658909,1.0,1.0,0.6543471932411193
4,114,MEND159,3691,TTATTATCTGGAAGGC-1,9896,8430,0.3519635170698166,0.06805863333199985,0.5491795159876347,1.0,1.0,0.6742234945297241
4,115,MEND159,647,AGTATCCATAATAACG-1,2834,2012,0.35172240138053895,0.06886255178272357,0.5821383520960808,1.0,1.0,0.6405733764171601
4,116,MEND159,3121,TCAAGCGCGGACGGTA-1,9388,8811,0.351705527305603,0.0723230770686983,0.7747054293751716,1.0,1.0,0.6414128184318543
4,117,MEND159,495,AGAGTTAGAGACCGAT-1,8216,2249,0.3515632838010788,0.06729455702163434,0.5833858218044042,1.0,1.0,0.6642809987068177
4,118,MEND159,3510,TGGAAGGATAAAGATG-1,6036,4023,0.3512506246566772,0.06715953992263296,0.5664898060262203,1.0,1.0,0.6681577980518341
4,119,MEND159,2528,GGGCCTATTTAAGTAT-1,9599,3129,0.35119918286800383,0.061824468029230265,0.5460376024246216,1.0,1.0,0.6659681916236877
4,120,MEND159,3469,TGCCCGATAGTTAGAA-1,6772,10586,0.35109391510486604,0.0721139329552689,0.6028777316212655,1.0,1.0,0.6566272079944611
4,121,MEND159,191,AATCATGTAAAGACTC-1,8223,8309,0.35094629526138305,0.06761117315235807,0.5618566669523716,1.0,1.0,0.6520137071609498
4,122,MEND159,2463,GGCCCAGTTATCAGCA-1,9526,3003,0.35091832280158997,0.06977132042720277,0.6109832230955362,1.0,1.0,0.6469892382621765
4,123,MEND159,1083,CAGAGACGGTCACCCA-1,5241,7939,0.35069177150726316,0.0666082913332454,0.5205298501998186,1.0,1.0,0.6721705615520477
4,124,MEND159,2185,GCACTAGTCGCGCTAT-1,4217,3145,0.3506604075431824,0.07137288019328508,0.6145973473787307,1.0,1.0,0.6668252587318421
4,125,MEND159,3569,TGTACTACTCTCACGG-1,9818,4012,0.3505882292985916,0.07365719559050082,0.6601114511489868,1.0,1.0,0.6671353340148926
4,126,MEND159,2126,GATCTCGACGCTGTGG-1,9677,7800,0.3504686802625656,0.06827137749590902,0.653378089517355,1.0,1.0,0.6578906893730163
4,127,MEND159,2238,GCCGCTTGTGAGAAAC-1,4003,6049,0.35033866167068484,0.06679150196526136,0.6028559178113937,1.0,1.0,0.6550947725772858
4,128,MEND159,2304,GCGTAAATGGCCATAA-1,8511,5783,0.35009694695472715,0.06258867756802733,0.6902101635932922,1.0,1.0,0.6674737095832824
4,129,MEND159,3765,TTGAAAGGTGTAAAGG-1,8581,3132,0.34991598427295684,0.07528628027194961,0.6907650768756867,1.0,1.0,0.6486361742019653
4,130,MEND159,1309,CCCTGGGAGGGATCCT-1,6336,11092,0.34991405159235,0.07115630646744191,0.5249445717781782,1.0,1.0,0.6753044962882996
4,131,MEND159,3189,TCCATTGTGACCTCGT-1,6616,2506,0.3498132348060608,0.06380088470971192,0.5708243548870087,1.0,1.0,0.6633736312389373
4,132,MEND159,668,AGTCTTCTCCTCAAAT-1,5892,4528,0.34971503019332884,0.06586387018125008,0.6138428270816803,1.0,1.0,0.6660970628261567
4,133,MEND159,1188,CATTCACTGACAGCTA-1,5961,2129,0.34948151707649233,0.07361578897288797,0.6247447155416012,1.0,1.0,0.6638526380062103
4,134,MEND159,284,ACATCGTTAACCTAGT-1,6544,2633,0.3494709193706512,0.07099938695560642,0.6334280803799629,1.0,1.0,0.6580203533172607
4,135,MEND159,3664,TTAGAGTTTAGAAGGA-1,7350,7302,0.3493785947561264,0.06919103453895754,0.6868747621774673,1.0,1.0,0.6444287776947022
4,136,MEND159,3782,TTGAGCAGCCCACGGT-1,9531,7043,0.34936689734458926,0.06947570923463567,0.6714439779520035,1.0,1.0,0.6453884065151214
4,137,MEND159,3751,TTCTGCCGCGCCTAGA-1,6114,7684,0.3491801530122757,0.07238447528182201,0.5729535646736622,1.0,1.0,0.6618955254554748
4,138,MEND159,1975,GAATGTTGGGTAATCT-1,6110,4402,0.34910380393266677,0.07633078477479856,0.5525212313979864,1.0,1.0,0.6526335179805756
4,139,MEND159,2031,GACTGCACCAGCCCAG-1,6913,7303,0.3490567564964294,0.07505099202755489,0.7090123698115349,1.0,1.0,0.6315487623214722
4,140,MEND159,1273,CCCAACCACACTAACA-1,5889,2508,0.34892805218696593,0.06913833024102577,0.5864854976534843,1.0,1.0,0.665528666973114
4,141,MEND159,2629,GTAAGCGGGCAGTCAG-1,5673,4403,0.34889519214630127,0.06378572781604613,0.5009769052267075,1.0,1.0,0.6715916156768799
4,142,MEND159,1710,CTAGGCGCCCTATCAG-1,7714,7932,0.348893341422081,0.06794952061154719,0.5379588350653648,1.0,1.0,0.6726743102073669
4,143,MEND159,1500,CGCAGGCGATCCAAAC-1,8514,8056,0.3488010078668594,0.06597682378635815,0.6394520543515683,1.0,1.0,0.6675516486167907
4,144,MEND159,2674,GTATCTTTCATAACCA-1,5895,7306,0.3485113471746445,0.07010864957253352,0.6053041156381369,1.0,1.0,0.6614125549793244
4,145,MEND159,491,AGAGGCTTCGGAAACC-1,8441,7930,0.34846908748149874,0.0698117731294521,0.6107056021690369,1.0,1.0,0.6635968863964081
4,146,MEND159,1859,CTTAAATAAGACCCAT-1,1747,4667,0.3484472185373306,0.07386921024383902,0.7565076678991318,1.0,1.0,0.6523225009441376
4,147,MEND159,2568,GGTAGAAGACCGCCTG-1,6260,8189,0.3484031021595001,0.06413210464022881,0.6401943188160658,1.0,1.0,0.6559731483459472
4,148,MEND159,1399,CCTCACCTTAGCATCG-1,8146,4901,0.3482079178094864,0.06830156956207148,0.7073856711387634,1.0,1.0,0.6594387412071228
4,149,MEND159,776,ATATTCCCACAGGTCA-1,5381,2889,0.348039773106575,0.06486863736725258,0.5386248871684074,1.0,1.0,0.6686167478561401
4,150,MEND159,188,AATATCGAGGGTTCTC-1,8437,4900,0.34802340269088744,0.07570149239868369,0.6600819036364556,1.0,1.0,0.652683699131012
4,151,MEND159,1249,CCAGTCCATTATTCGA-1,2690,2770,0.3479153200984001,0.06873799986833669,0.6742892175912857,1.0,1.0,0.6518394768238067
4,152,MEND159,3675,TTAGTTCAAGTGTTCG-1,9236,4266,0.34786768853664396,0.07057458016077038,0.6841512635350228,1.0,1.0,0.6465039491653443
4,153,MEND159,3114,TCAACCATGTTCGGGC-1,4801,4658,0.3477026164531708,0.06903791056181773,0.7089874655008316,1.0,1.0,0.6514719367027283
4,154,MEND159,3581,TGTATGGCGCAGACAG-1,7858,6921,0.3476706683635712,0.06690607942171134,0.6667215496301651,1.0,1.0,0.6691608667373657
4,155,MEND159,2118,GATCCTCGACACTGGC-1,3423,7818,0.3475709080696106,0.06665796560125962,0.6301349431276322,1.0,1.0,0.6404391407966614
4,156,MEND159,1242,CCAGCTCGAACGCATT-1,5825,9452,0.347554537653923,0.06970705266320254,0.6111979378387332,1.0,1.0,0.6530273497104645
4,157,MEND159,1530,CGCGGGAATTCCTTTC-1,7208,10585,0.3473939448595047,0.07036435472047468,0.5993607491254807,1.0,1.0,0.6300199866294861
4,158,MEND159,1064,CACTACTCAGTTCTGT-1,6543,2128,0.34738809466362,0.07406582984962873,0.5999197036027908,1.0,1.0,0.6626435399055481
4,159,MEND159,620,AGGTAGGTACAAAGCT-1,3348,5925,0.3473840802907944,0.07147881955589688,0.7092239648103714,1.0,1.0,0.6578379392623901
4,160,MEND159,3356,TCTGATCGGGTGCTAG-1,9675,5780,0.3473369061946869,0.06588688823211859,0.7103719562292099,1.0,1.0,0.6666874170303345
4,161,MEND159,959,CAAAGGTCATCTGAAA-1,10113,7294,0.34732567369937895,0.0702130721480854,0.5940652962774038,1.0,1.0,0.6518706619739533
4,162,MEND159,59,AACACACGCTCGCCGC-1,7859,7931,0.34731457233428953,0.06918475606230241,0.5884768333286047,1.0,1.0,0.6579231083393097
4,163,MEND159,2128,GATCTTCATTGTCCTC-1,1746,3909,0.34729551076889037,0.06826789994731615,0.7169617742300034,1.0,1.0,0.649137943983078
4,164,MEND159,3701,TTCAGCCCTGGTCCAC-1,7277,7428,0.3472644239664078,0.06966941202635799,0.5965779632329941,1.0,1.0,0.6592223703861236
4,165,MEND159,1796,CTGACTGCGCAGCTCG-1,8438,5405,0.34717982411384585,0.06477047451789861,0.5691952727735042,1.0,1.0,0.6578672826290131
4,166,MEND159,1400,CCTCACGTCAGCTAAT-1,9970,9062,0.34711151123046874,0.06640503003390431,0.7122477144002914,1.0,1.0,0.6557450413703918
4,167,MEND159,193,AATCCATGCAAGGGTG-1,2980,2517,0.3469675689935684,0.06907708694960019,0.6523830100893975,1.0,1.0,0.6478077590465545
4,168,MEND159,164,AAGTGCAAAGGTAGAC-1,1820,5045,0.3468571811914444,0.0678475633714424,0.656835874915123,1.0,1.0,0.6410846948623657
4,169,MEND159,2296,GCGGGCGAGCCTTACC-1,4806,8445,0.34678288996219636,0.06803145010769945,0.6848121374845505,1.0,1.0,0.6429061830043793
4,170,MEND159,1005,CAATTTGACCGGGAAG-1,2035,2393,0.3465701460838318,0.0695006361784254,0.5746385894715786,1.0,1.0,0.6542641818523407
4,171,MEND159,3311,TCGTGTTCGACCACAA-1,8733,8686,0.34650962650775907,0.06841356473597575,0.699476782232523,1.0,1.0,0.6379180073738098
4,172,MEND159,2841,GTTCTTCCCTCGATGT-1,4799,3395,0.3464513570070267,0.06788259485522688,0.6109535068273544,1.0,1.0,0.6504105985164642
4,173,MEND159,862,ATGGAGCAGGCCGTGA-1,5894,6043,0.3464490473270416,0.07114701161485407,0.6567448973655701,1.0,1.0,0.6424117863178254
4,174,MEND159,3355,TCTGAGCAATTGACTG-1,9242,8306,0.34638609290122985,0.07377683420851398,0.5325314797461033,1.0,1.0,0.6580499053001404
4,175,MEND159,3451,TGCACGAGTCGGCAGC-1,5889,2256,0.34634648859500883,0.0663983869057307,0.5552551403641701,1.0,1.0,0.6608798742294312
4,176,MEND159,3202,TCCCGTCGCGTCATAG-1,9456,5149,0.34614802002906797,0.06685515395592377,0.6147951662540436,1.0,1.0,0.663605135679245
4,177,MEND159,290,ACCAACACCACACACT-1,9091,4014,0.3460077404975891,0.06511969294480749,0.697570675611496,1.0,1.0,0.6394743144512176
4,178,MEND159,2822,GTTATATCAGGAGCCA-1,9455,4392,0.34600512981414794,0.06971156332253108,0.5974102934822441,1.0,1.0,0.6513701319694519
4,179,MEND159,1132,CATACGGGTGCATGAT-1,2325,2140,0.3459934175014496,0.06435359846121186,0.5896813660860062,1.0,1.0,0.6501573979854584
4,180,MEND159,1342,CCGCTATCAGCACCAG-1,5677,7180,0.3458531141281128,0.0656754165001218,0.6579750835895538,1.0,1.0,0.6529878437519073
4,181,MEND159,2034,GACTGGGCGCCGCAAC-1,7925,2250,0.34566906094551086,0.06788463516556395,0.6578657686710357,1.0,1.0,0.6514927208423614
4,182,MEND159,2220,GCCAGGCGTTCGCATG-1,7562,2630,0.34550813436508176,0.0627674084677025,0.6212939709424973,1.0,1.0,0.6372633516788483
4,183,MEND159,650,AGTCAAGATGACACTT-1,7641,7553,0.3454122990369797,0.0662730572318205,0.6522521525621414,1.0,1.0,0.660404908657074
4,184,MEND159,2435,GGATTAAGCTAAGGTC-1,7416,2378,0.3453695848584175,0.06846456860205645,0.6449876120314002,1.0,1.0,0.6567205250263214
4,185,MEND159,3363,TCTGCGAATCGTTCGC-1,10036,3633,0.3452933579683304,0.06663648038157205,0.6432288430631161,1.0,1.0,0.6401347994804383
4,186,MEND159,3697,TTCACGAAAGGATCAC-1,5021,6299,0.3452533170580864,0.07276561920112887,0.7184326678514481,1.0,1.0,0.6475595891475677
4,187,MEND159,839,ATGACGCCGGCTCTAA-1,5309,3520,0.3451353460550308,0.058418578920026054,0.5409686841070652,1.0,1.0,0.6551158845424652
4,188,MEND159,3398,TGAATGAGATACAGCA-1,10181,3632,0.3450952619314194,0.07299852181705156,0.5688123241066932,1.0,1.0,0.6570952296257019
4,189,MEND159,1646,CGTGGTACCCAAAGGC-1,4153,9836,0.3450873583555222,0.07105755191065126,0.5633105956017971,1.0,1.0,0.6469777166843415
4,190,MEND159,610,AGGGTCAGTAACCCTA-1,9308,3382,0.3449512541294098,0.06686521472410309,0.6945442408323288,1.0,1.0,0.6287205517292023
4,191,MEND159,3613,TGTTTAATACTTCATC-1,6689,2632,0.34484824240207673,0.06003101786523456,0.6025890678167343,1.0,1.0,0.6377146303653717
4,192,MEND159,3102,TATTGCCGGGCTTGTA-1,9316,9947,0.344771134853363,0.06564997451579756,0.6551307227462531,1.0,1.0,0.637555193901062
4,193,MEND159,448,ACTTGCCATATTGTAC-1,5161,2006,0.3447070002555847,0.06457114954711146,0.5631978489458561,1.0,1.0,0.640528553724289
4,194,MEND159,3296,TCGGGTGAAACTGCTA-1,5162,2763,0.34469647109508517,0.06686209228677618,0.5817378737032414,1.0,1.0,0.6567391335964203
4,195,MEND159,585,AGGCAGATGCGTAAAC-1,7346,4777,0.3446612969040871,0.0706384296160482,0.5626285649836064,1.0,1.0,0.6512569904327392
4,196,MEND159,2063,GAGCTCAACATGAGCG-1,6118,10714,0.3446533352136612,0.07212079229177638,0.6377250611782074,1.0,1.0,0.6579943537712097
4,197,MEND159,2890,TAACCTAGGGAGTCCA-1,8806,9065,0.3446325212717056,0.07227516000948449,0.5657070031389594,1.0,1.0,0.6516738653182983
4,198,MEND159,499,AGATACCAGCACTTCA-1,9672,3507,0.3445495545864105,0.06981758024468342,0.6176618620753288,1.0,1.0,0.6646384060382843
4,199,MEND159,635,AGTAATGTCTTGCCGC-1,5454,3520,0.3444343626499176,0.068234644797423,0.6167182758450508,1.0,1.0,0.6550892412662506
4,200,MEND159,3747,TTCTAGGCCAATTGTG-1,4291,4281,0.34435407221317293,0.07371916408564613,0.5411656884476542,1.0,1.0,0.6486597955226898
4,201,MEND159,2759,GTGAGTGGTACAACGC-1,5169,8066,0.34428655207157133,0.06392240537749651,0.6343305826187133,1.0,1.0,0.6625307440757752
4,202,MEND159,2383,GCTTTATTAAGTTACC-1,6845,11217,0.34427527487277987,0.07145181491030368,0.6554711177945137,1.0,1.0,0.6353101074695587
4,203,MEND159,1310,CCCTGGTATGGGCGGC-1,6325,2255,0.3440325915813446,0.07071701085221048,0.5541550420224667,1.0,1.0,0.6424633383750915
4,204,MEND159,1482,CGATATTAGCCGCAGG-1,3635,2389,0.34398929476737977,0.06866514426108956,0.6950022161006928,1.0,1.0,0.6424765706062316
4,205,MEND159,1022,CACATCTCACCGACGA-1,6551,8693,0.34398567080497744,0.0630673032087155,0.533442160487175,1.0,1.0,0.6467321455478668
4,206,MEND159,27,AAAGGGCAGCTTGAAT-1,2983,4537,0.34388377964496614,0.06983582919436936,0.5302786387503147,1.0,1.0,0.6382882177829743
4,207,MEND159,2542,GGGCTGGTTAGTCGCG-1,4802,5415,0.3438679039478302,0.07165876725918773,0.6990479737520218,1.0,1.0,0.6171647846698761
4,208,MEND159,679,AGTGATTCAAGCAGGA-1,7420,5660,0.343734610080719,0.06583844364466698,0.6377859532833099,1.0,1.0,0.6442181706428528
4,209,MEND159,2007,GACGCCGTAAAGGCTA-1,5024,8319,0.34370509088039397,0.06729395975756168,0.5555443227291107,1.0,1.0,0.6476275682449341
4,210,MEND159,3093,TATTAACCTGACCGCG-1,4370,8699,0.34367835521698,0.0725868600918269,0.6375048577785491,1.0,1.0,0.653228622674942
4,211,MEND159,3390,TCTTTCCTTCGAGATA-1,9824,8809,0.3436281830072403,0.06796531312654687,0.5801642209291458,1.0,1.0,0.6421501934528351
4,212,MEND159,831,ATCTGGTTAAGACTGT-1,6619,4779,0.3435814559459686,0.0663939229450072,0.534320967271924,1.0,1.0,0.6528171598911285
4,213,MEND159,1384,CCTACTCAACACGATT-1,9752,9441,0.3435612738132477,0.07368199493956157,0.6431838192045689,1.0,1.0,0.6169601440429687
4,214,MEND159,2192,GCAGATTAGGGATATC-1,5530,6171,0.3435555696487427,0.07139743583215422,0.5996896378695965,1.0,1.0,0.6706912636756897
4,215,MEND159,3514,TGGACCAATCTAAGAT-1,6916,9323,0.34355089664459226,0.06740634172439684,0.6593700744211674,1.0,1.0,0.6549758672714233
4,216,MEND159,1131,CATACGGCGTCTGGGC-1,5676,6423,0.3435488224029541,0.07134857524597459,0.6726491391658783,1.0,1.0,0.6586385846138001
4,217,MEND159,2960,TACGGAAGCCAAACCA-1,6408,10208,0.3435474634170532,0.06869776660993912,0.6632361091673374,1.0,1.0,0.6477886438369751
4,218,MEND159,1133,CATACTATGTAATTGT-1,4585,6047,0.34354675114154815,0.06847975559624869,0.5428336124867201,1.0,1.0,0.6665818452835083
4,219,MEND159,2020,GACTAAGTAGGCTCAC-1,4220,4912,0.34353247880935667,0.06538438039098449,0.5035883568227291,1.0,1.0,0.6599411964416504
4,220,MEND159,2184,GCACGTGGTTTACTTA-1,8807,9570,0.3434256374835968,0.06878686992357798,0.6721249759197235,1.0,1.0,0.6382210373878479
4,221,MEND159,3248,TCCTTCAGTGGTCGAA-1,6108,3392,0.34340478777885436,0.06551163650777415,0.6482564881443977,1.0,1.0,0.6621280193328858
4,222,MEND159,210,AATGCACCAAGCAATG-1,8145,3891,0.3432964161038399,0.07496439798671768,0.5946399610489607,1.0,1.0,0.6599782466888428
4,223,MEND159,1144,CATATAGGTACAGTCA-1,5095,6930,0.34318908751010896,0.07004455402051431,0.519940098375082,1.0,1.0,0.6539443016052247
4,224,MEND159,1168,CATGCATGGAGACCCT-1,6180,2255,0.34316310584545134,0.07276456609270811,0.6202715713530779,1.0,1.0,0.6563899338245391
4,225,MEND159,1483,CGATCATTAGAGGCAC-1,9962,3001,0.34315901100635526,0.06778065099569963,0.628710201382637,1.0,1.0,0.6419305503368378
4,226,MEND159,2698,GTCCACGTCGCATTCG-1,9679,9567,0.3431366547942162,0.06911637639209155,0.6044449634850025,1.0,1.0,0.6352312326431274
4,227,MEND159,486,AGAGCCGCCGAGATTT-1,9242,8811,0.3431152284145355,0.06647816562613261,0.5223969146609306,1.0,1.0,0.6588450253009797
4,228,MEND159,2613,GGTTGTGCTCTTGTCC-1,1819,4540,0.34306140840053556,0.06870553685976813,0.62720205783844,1.0,1.0,0.641115802526474
4,229,MEND159,1138,CATAGCGTTGCCCACC-1,4151,8321,0.3430581003427505,0.07327663330768935,0.5986929435282946,1.0,1.0,0.644358879327774
4,230,MEND159,2083,GAGTAGATACTAGTTG-1,5752,9326,0.34300526678562165,0.06877826739695078,0.6539060689508915,1.0,1.0,0.6440051794052124
4,231,MEND159,795,ATCATCCAATATTTGT-1,5385,6424,0.3429469674825668,0.06349661667342223,0.5375431261956691,1.0,1.0,0.6567821085453034
4,232,MEND159,2201,GCAGTTCGATCCGAGC-1,9678,8557,0.3429422348737717,0.07026521981369765,0.6191481322050094,1.0,1.0,0.6479414582252503
4,233,MEND159,79,AACCCTGGTGGAACCA-1,6180,2508,0.3429185003042221,0.06555727752463984,0.5851087272167206,1.0,1.0,0.6413334548473358
4,234,MEND159,1957,GAAGTCAGTTGCACTA-1,5314,8065,0.34280612170696256,0.07125793028208233,0.6027583830058575,1.0,1.0,0.6432965874671936
4,235,MEND159,1761,CTCCTTTACGCAAGTC-1,9018,4393,0.3427273243665695,0.07202623606011846,0.4891126025468111,1.0,1.0,0.6576340436935425
4,236,MEND159,3554,TGGTATCGGTCTGTAT-1,5380,2384,0.34259034544229505,0.07608718037801247,0.6245891183614731,1.0,1.0,0.6319629669189453
4,237,MEND159,3846,TTGTGGTATAGGTATG-1,10255,4516,0.34249876588582995,0.07819003969899822,0.7041657246649266,1.0,1.0,0.6444659352302551
4,238,MEND159,2196,GCAGCTATGGACAGGT-1,9308,3130,0.3424608767032623,0.06569298512443335,0.6701967418193817,1.0,1.0,0.6448607087135315
4,239,MEND159,2459,GGCATTGAACATCTCA-1,5318,10843,0.34242725372314453,0.06926895992846352,0.6041415624320507,1.0,1.0,0.6357972264289856
4,240,MEND159,182,AATAGAATCTGTTTCA-1,7350,7554,0.34240528345108034,0.06729563391766426,0.6187161386013031,1.0,1.0,0.6392747521400451
4,241,MEND159,3654,TTACTAAAGGACTTTA-1,6768,7556,0.3423283532261848,0.07542584575967909,0.6579582750797272,1.0,1.0,0.6383918404579163
4,242,MEND159,445,ACTTCGCCATACGCAC-1,6547,4905,0.34231439530849456,0.06535880326994357,0.6968110479414463,1.0,1.0,0.6250404596328736
4,243,MEND159,3403,TGACATCGAGCGGACC-1,8439,5910,0.34229824542999265,0.0639918259748568,0.6205060094594955,1.0,1.0,0.6616095960140228
4,244,MEND159,2312,GCGTGGTACTGGGTTA-1,8002,5911,0.34227041304111483,0.06666673820040844,0.6645437709987163,1.0,1.0,0.6392028868198395
4,245,MEND159,1221,CCACAGTACCCATCCT-1,7786,7553,0.3422605961561203,0.0701290658038537,0.5423856981098651,1.0,1.0,0.6557179272174836
4,246,MEND159,3537,TGGGAAATGCCTTTCC-1,3055,4411,0.3422179356217384,0.07224771840082819,0.5614514522254467,1.0,1.0,0.6465141117572785
4,247,MEND159,2945,TACCTCACGCTTGTAC-1,5163,3521,0.3421739488840103,0.07004615241356965,0.6466766059398651,1.0,1.0,0.6395404219627381
4,248,MEND159,3526,TGGCAGATTACGATCA-1,5313,7055,0.3420908093452454,0.07044582230827764,0.6193331956863404,1.0,1.0,0.6511723220348358
4,249,MEND159,966,CAACCAGTGGCCTACC-1,9461,9189,0.34206167459487913,0.06395698793072335,0.6058557763695717,1.0,1.0,0.6420015096664429
4,250,MEND159,811,ATCGCTGCGTGCAGCA-1,9164,4393,0.34204580783843996,0.06547926871277907,0.5472674908116459,1.0,1.0,0.6473321676254272
4,251,MEND159,60,AACACGACTGTACTGA-1,5817,2635,0.3420271545648575,0.06857233061644119,0.6725342873483896,1.0,1.0,0.6492665469646454
4,252,MEND159,842,ATGACTATGCGACATT-1,7495,7554,0.3420100390911102,0.06940078359017512,0.6058616891503334,1.0,1.0,0.6548121094703674
4,253,MEND159,1645,CGTGGCCGAATATCTA-1,8440,7425,0.3419122099876404,0.06906059988839316,0.5693268932402133,1.0,1.0,0.6535954475402832
4,254,MEND159,2634,GTAATAAAGGGCTCCC-1,8583,5404,0.341877880692482,0.0692505197181141,0.5387380629777908,1.0,1.0,0.6530091106891632
4,255,MEND159,2924,TACAAGGGCTTCTTTA-1,7935,10077,0.3418503195047379,0.0721582952568655,0.6765862926840782,1.0,1.0,0.6294590413570404
4,256,MEND159,3643,TTACAGACCTAAATGA-1,8074,4775,0.3418416440486908,0.06950870929875533,0.5630083031952381,1.0,1.0,0.6567802727222443
5,1,MEND159,490,AGAGCTACGAAAGCAT-1,2253,2772,0.24104466885328293,0.011394926421730563,0.23494697138667106,1.0,0.5,0.47514124512672423
5,2,MEND159,3766,TTGAACGAATCCTTTG-1,2618,3907,0.2408820077776909,0.011859048550015776,0.33768047550693153,1.0,0.5,0.47368272840976716
5,3,MEND159,3273,TCGCGTCCAGAAGGTC-1,3202,5420,0.2405755952000618,0.011658976781385024,0.24692444112151862,1.0,0.5,0.46485099494457244
5,4,MEND159,1603,CGGTGTACTTGATCCC-1,3345,3652,0.2386559560894966,0.012685866168560217,0.22838037852197884,1.0,0.4,0.4671977162361145
5,5,MEND159,485,AGAGCAGTTATGAGAC-1,2475,5170,0.23820118457078934,0.009159378621642601,0.32000655950978396,1.0,0.4,0.4676025897264481
5,6,MEND159,386,ACGTTAATGTCGAAGA-1,6112,6674,0.23792779445648193,0.012431366414562241,0.19406685205176472,1.0,0.5,0.4796008199453354
5,7,MEND159,1798,CTGAGCAAGTAACAAG-1,2909,3401,0.23728102445602417,0.015484544628374368,0.2015986107289791,1.0,0.5,0.48731418550014494
5,8,MEND159,567,AGCTTATAGAGACCTG-1,4507,2134,0.2370303452014923,0.012931077783512934,0.2255061686038971,1.0,0.5,0.48010132610797884
5,9,MEND159,1662,CGTTGTAAACGTCAGG-1,2037,4161,0.23573485016822815,0.007867602150692035,0.3289201445877552,1.0,0.3,0.4518037080764771
5,10,MEND159,391,ACGTTCGTTCAGGAAA-1,4297,9078,0.235483980178833,0.01375918027250498,0.2602421887218952,1.0,0.5,0.48084738552570344
5,11,MEND159,3284,TCGGAATGCGCTCTGA-1,3129,5294,0.23531100898981094,0.013763013186550488,0.24564774818718432,1.0,0.3,0.455758273601532
5,12,MEND159,985,CAAGGCCAGTGGTGCA-1,8371,9824,0.2351219281554222,0.013647391094563616,0.2431849308311939,1.0,0.5,0.4937473475933075
5,13,MEND159,3603,TGTGTTCGTATCCAAG-1,2620,5422,0.23491488248109818,0.01228765330943949,0.2501080919057131,1.0,0.5,0.47761739790439606
5,14,MEND159,67,AACATAGCGTGTATCG-1,7136,10964,0.23455944806337356,0.012644142479197333,0.2725538809783757,1.0,0.5,0.46668233573436735
5,15,MEND159,1289,CCCGCCATGCTCCCGT-1,4073,3903,0.23446399420499803,0.01837501779576653,0.2115709561854601,1.0,0.5,0.4948260456323624
5,16,MEND159,2088,GAGTCCACCAGGTTTA-1,7863,11214,0.23413919955492019,0.014543863855146654,0.18218742245808245,1.0,0.5,0.47547084391117095
5,17,MEND159,3682,TTATCGCCTGCGAAGC-1,2329,4918,0.23390601128339766,0.010232960116994852,0.29552273750305175,1.0,0.2,0.4545073062181473
5,18,MEND159,1225,CCACGAATTTAACCTC-1,9021,6666,0.23367778062820435,0.012330053275508969,0.21620437912642956,1.0,0.5,0.4713365167379379
5,19,MEND159,2139,GATGCTACCTTCGATG-1,5317,10338,0.2331548035144806,0.010204927568192263,0.29651537388563154,1.0,0.5,0.47102016508579253
5,20,MEND159,2456,GGCATATCGGTTCTGC-1,7127,3641,0.23271994292736053,0.016265070854818556,0.19290795689448714,1.0,0.4,0.4761741042137146
5,21,MEND159,1744,CTCAGGACTCACCTGT-1,3272,3526,0.2325697585940361,0.012862579972271727,0.376131846383214,1.0,0.4,0.45553608536720275
5,22,MEND159,1926,GAAATATCACCATCAG-1,2766,5674,0.23254264742136002,0.010300426599413276,0.18994239531457424,1.0,0.4,0.4619986295700073
5,23,MEND159,3133,TCACATCTTATCTGAT-1,2547,5043,0.23236043453216554,0.011239376291770692,0.22290045991539956,1.0,0.4,0.45896307229995725
5,24,MEND159,1403,CCTCCGACAATTCAAG-1,3493,5672,0.23204683661460876,0.014607981207136165,0.2567727968096733,1.0,0.3,0.4587097197771072
5,25,MEND159,1275,CCCAAGTCATTACACT-1,8080,10077,0.23202241957187653,0.016198793184215736,0.2669446484185755,1.0,0.5,0.4778196722269058
5,26,MEND159,3071,TATCGATCTATGCATA-1,7491,4271,0.23183563798666001,0.015323875454882833,0.1565263219177723,1.0,0.5,0.4877887606620789
5,27,MEND159,2891,TAACGCTTTGAGAGCG-1,3201,4915,0.23170474618673326,0.016281504288775048,0.15767320645973087,1.0,0.1,0.46044701635837554
5,28,MEND159,392,ACGTTCTGTACAAGTC-1,8007,9699,0.2316991552710533,0.013744043432646883,0.16188541390001773,1.0,0.4,0.45762279331684114
5,29,MEND159,3227,TCCGGGCTTGACGGGA-1,8080,9825,0.23163703680038453,0.01842369756004367,0.17748617874458433,1.0,0.5,0.48060240745544436
5,30,MEND159,1778,CTCTACATCCTGCGTG-1,5899,10588,0.23147442042827607,0.007936675480037797,0.26147733218967917,1.0,0.2,0.449943533539772
5,31,MEND159,1991,GACAGGCACACACTAT-1,2694,6305,0.23144164234399794,0.018158704117006187,0.23315114080905913,1.0,0.4,0.47338584065437317
5,32,MEND159,2947,TACCTGCTGCACTGTG-1,2693,5043,0.23140366673469542,0.007798122210589818,0.23681182665750383,1.0,0.4,0.46157982647418977
5,33,MEND159,3512,TGGAATTAGACGCTTT-1,2401,4791,0.23134188055992128,0.012568611375158812,0.20358822420239447,1.0,0.1,0.4458645135164261
5,34,MEND159,3157,TCAGGGTGTAACGTAA-1,6329,5032,0.23105428069829942,0.012583601059028574,0.18451740946620704,1.0,0.4,0.46307089626789094
5,35,MEND159,1137,CATAGCCGCCCGGGAT-1,2692,4790,0.23105237185955046,0.01430105213056599,0.3182370889000595,1.0,0.4,0.46307985484600067
5,36,MEND159,2157,GATTCTGTTAATGAGT-1,5609,10842,0.23094602972269057,0.011561485144973838,0.2308704551309347,1.0,0.5,0.47453444004058837
5,37,MEND159,2549,GGGTCATGCGTACCAT-1,2110,4287,0.23085446506738663,0.009224068827928344,0.27856620997190473,1.0,0.2,0.4525200307369232
5,38,MEND159,2598,GGTGCTGATCACAAAG-1,2620,4917,0.23072607964277267,0.00888472802933357,0.3032574255019426,1.0,0.3,0.4470716714859009
5,39,MEND159,259,ACACGAGACTCCTTCT-1,6256,5411,0.2303874284029007,0.018083022136638833,0.1983786034397781,1.0,0.4,0.4645702064037323
5,40,MEND159,515,AGCACTACCGGCCTGT-1,2548,5801,0.23020338118076325,0.010795395287933766,0.18647609353065492,1.0,0.4,0.4634417176246643
5,41,MEND159,3351,TCTGAAGCACGTGGTC-1,7206,8565,0.23014035820960999,0.010800579039786224,0.2911779422312975,1.0,0.1,0.45307672321796416
5,42,MEND159,1546,CGCTGTGTGGATGTTG-1,4225,8952,0.23013783097267151,0.015864267691569373,0.10873080445453524,1.0,0.5,0.4903718650341034
5,43,MEND159,3670,TTAGCTGATTTGCCGT-1,7930,6290,0.22987721413373946,0.015139510166959134,-0.00992472916841507,1.0,0.5,0.48597152531147003
5,44,MEND159,1657,CGTTCTTCGCACACCT-1,9018,3888,0.22983623147010804,0.011516723253282436,0.18117464669048786,1.0,0.1,0.456371945142746
5,45,MEND159,2149,GATTAATCCTGGCTCA-1,3125,2012,0.2295544907450676,0.011874373177191954,0.2017459537833929,1.0,0.0,0.4364899039268494
5,46,MEND159,3496,TGCTATACAAACGGAC-1,5089,2132,0.22951471209526061,0.00964542530247578,0.1935732949525118,1.0,0.5,0.46648854613304136
5,47,MEND159,3118,TCAACTAACGTATAAC-1,2475,5422,0.22943354845046998,0.007863298075889496,0.1444397011771798,1.0,0.4,0.45485099852085115
5,48,MEND159,3448,TGCAATCTAACACGGT-1,7643,9321,0.22939357608556749,0.011948139897048071,0.21301074847579002,1.0,0.1,0.45143942534923553
5,49,MEND159,753,ATAGCCTCAGTACCCA-1,2109,3782,0.2292679399251938,0.014186089147197113,0.20831108801066875,1.0,0.4,0.4593432754278183
5,50,MEND159,3567,TGTACCTACACGAGGG-1,7715,8942,0.22913462519645691,0.01220666853295645,0.245413376390934,1.0,0.5,0.4743264228105545
5,51,MEND159,3076,TATGAAGAATTAAGGT-1,8298,9950,0.22898738831281662,0.012479944878912004,0.16672664154320954,1.0,0.5,0.47325930297374724
5,52,MEND159,2150,GATTACTGAATTTGGG-1,3931,6680,0.2288539081811905,0.011641322426979035,0.32474629729986193,1.0,0.3,0.460628080368042
5,53,MEND159,3240,TCCTCTCCAGTTGTCC-1,2547,5296,0.22880065441131592,0.010671446830475871,0.26014186032116415,1.0,0.3,0.45880225896835325
5,54,MEND159,2123,GATCGGCGATAAGTCG-1,2110,4035,0.22879976779222488,0.01260740361148424,0.1379672024399042,1.0,0.3,0.4593734532594681
5,55,MEND159,1173,CATGGATTGTCTTCCG-1,8442,8435,0.2287699654698372,0.009779631860403655,0.26642191875725985,1.0,0.1,0.4507087379693985
5,56,MEND159,3541,TGGGCACGTTCTATGG-1,6399,3391,0.22875293493270873,0.010643143076938139,0.2309804347343743,1.0,0.5,0.4694960117340088
5,57,MEND159,398,ACTACGCGTTAGAATT-1,5170,9076,0.22862359136343002,0.012414626231728997,0.19646370140835642,1.0,0.5,0.4732128232717514
5,58,MEND159,691,AGTTAAACACTTGCGA-1,4294,6553,0.228493732213974,0.01548244084511785,0.1377320934087038,1.0,0.3,0.47154644727706907
5,59,MEND159,1918,GAAACTCGTGCGATGC-1,2838,5042,0.22841304987668992,0.011179472199124631,0.1490197405219078,1.0,0.4,0.46878424286842346
5,60,MEND159,2970,TACTACGTGCAATGCG-1,7281,10458,0.22840870767831803,0.01591294635310599,0.2673216376453638,1.0,0.4,0.4555209010839462
5,61,MEND159,1123,CAGTTCCGCGGGTCGA-1,2983,4789,0.22832651436328888,0.011466661710275544,0.25751538425683973,1.0,0.5,0.4580574244260788
5,62,MEND159,1984,GACACAGCCGGGACTG-1,8372,10581,0.22828856259584426,0.016675029664287546,0.12870102748274803,1.0,0.4,0.4607753664255142
5,63,MEND159,3548,TGGGTGCACAAGCCAT-1,7280,10206,0.22821605503559111,0.010199472529354702,0.29155180025845767,1.0,0.5,0.46813015937805175
5,64,MEND159,3077,TATGAAGACAGGTGCG-1,2620,5169,0.22821014374494553,0.012649752973152493,0.28841042555868623,1.0,0.5,0.46434386968612673
5,65,MEND159,3648,TTACCCTAACAGTCCT-1,2837,4537,0.22815336734056474,0.014733922159639371,0.21683096177875996,1.0,0.4,0.46319209933280947
5,66,MEND159,1049,CACGAAAGTTAGTCCC-1,3202,5673,0.228045092523098,0.008361966106116813,0.29924397757276894,1.0,0.2,0.4475643754005432
5,67,MEND159,3349,TCTGAACCGGTCGGCT-1,3782,4156,0.22799386382102965,0.01578357227269898,0.16414082869887353,1.0,0.5,0.4917199105024338
5,68,MEND159,3834,TTGGTTCGCTCAAAGG-1,10185,6410,0.22788654416799545,0.01408604836663199,0.2083948254585266,1.0,0.5,0.473032483458519
5,69,MEND159,2520,GGGCACGTAGTACTGT-1,4590,10340,0.22785949409008027,0.01296804036130844,0.20245122201740742,1.0,0.4,0.45708225667476654
5,70,MEND159,2114,GATCCCTTTATACTGC-1,5456,5035,0.227841417491436,0.0126669014144879,0.14110375568270683,1.0,0.4,0.47090106904506684
5,71,MEND159,525,AGCCACAGGTTACCCG-1,7570,9447,0.22781153917312622,0.01036584487009199,0.22196292569860815,1.0,0.3,0.4638433665037155
5,72,MEND159,1396,CCTATGTCCACTCCAC-1,7788,9320,0.22779527306556702,0.01051731637427667,0.28686980744823815,1.0,0.5,0.4640163779258728
5,73,MEND159,3268,TCGCCGACATATTCGC-1,7353,9827,0.2277315303683281,0.011391473698517172,0.21028822883963585,1.0,0.4,0.45910624563694
5,74,MEND159,234,ACAACAGCATGAGCTA-1,6329,5537,0.22767149209976195,0.01693901968794035,0.19340215930715204,1.0,0.1,0.44822411239147186
5,75,MEND159,595,AGGCGTCTATGGACGG-1,9236,3509,0.22765174210071565,0.013659440832145818,0.2373821877874434,1.0,0.3,0.45548221468925476
5,76,MEND159,2658,GTAGCGGCTATACACT-1,6112,6422,0.22764158397912979,0.014611426887579854,0.18279112093150615,1.0,0.3,0.46306753158569336
5,77,MEND159,1450,CGAATGACGCATAATG-1,5243,9454,0.227612441778183,0.010864522399366607,0.22823594706133007,1.0,0.4,0.4621893674135208
5,78,MEND159,3411,TGAGAATGCTTTACCG-1,5018,3774,0.22761156409978867,0.007520508995954319,0.20370839592069387,1.0,0.1,0.45034387707710266
5,79,MEND159,1842,CTGGTAACGAGCTCTT-1,8147,5153,0.22759887129068374,0.015907455426999447,0.1179022066295147,1.0,0.5,0.4759472280740738
5,80,MEND159,2964,TACGTAAAGCGGAGTG-1,8588,9444,0.2275665894150734,0.010703268857006879,0.2640700737014413,1.0,0.3,0.45454001128673555
5,81,MEND159,920,ATTCGTGTACCCATTC-1,8154,11213,0.22748025357723237,0.011038798460812682,0.2930375125259161,1.0,0.1,0.4433541357517242
5,82,MEND159,2961,TACGGCATGGACGCTA-1,9461,9442,0.22746567726135253,0.012698443499596061,0.21156631521880626,1.0,0.4,0.45944038331508635
5,83,MEND159,2696,GTCATTGCATTGACCC-1,2329,5423,0.2274603545665741,0.011879937086537945,0.24410257264971733,1.0,0.2,0.45060060620307923
5,84,MEND159,2061,GAGCGGAATGCGGTGT-1,4590,10087,0.22743224799633027,0.016121143201050465,0.24825303042307495,1.0,0.4,0.46284677684307096
5,85,MEND159,2557,GGGTTCAGACGAACAA-1,2473,3907,0.2274082362651825,0.008479839637209685,0.2072723239660263,1.0,0.2,0.45398305356502533
5,86,MEND159,694,AGTTACCGCACATGGT-1,2111,4792,0.2273097962141037,0.01171677468853046,0.20156758017838,1.0,0.2,0.45396036505699155
5,87,MEND159,3007,TAGCCATTTCAAAGTC-1,7567,6922,0.22728832960128784,0.013591456241161336,0.10684561682865024,1.0,0.5,0.47647549510002135
5,88,MEND159,1382,CCTACATTCACAGACG-1,3496,7944,0.22723025381565093,0.011048806005332486,0.2410370260477066,1.0,0.3,0.4459893494844437
5,89,MEND159,2602,GGTGGAGGTTGATACG-1,9967,7042,0.22714900821447373,0.010306665196057057,0.21291040666401387,1.0,0.2,0.45505365133285525
5,90,MEND159,3084,TATGGCCCGGCCTCGC-1,3275,5294,0.22714752554893494,0.014807277825694725,0.09907375425100326,1.0,0.2,0.4593796759843826
5,91,MEND159,239,ACAAGGATGCTTTAGG-1,7425,9195,0.22707852125167846,0.011556006911564854,0.12633364275097847,1.0,0.5,0.4658259481191635
5,92,MEND159,92,AACGCGACCTTGGGCG-1,4953,9960,0.22698860764503478,0.008350387068795793,0.26725870817899705,1.0,0.5,0.4642254114151001
5,93,MEND159,113,AACTCTCAGTGTGCTC-1,4078,8195,0.22692130357027054,0.0150401558546325,0.13643307313323022,1.0,0.4,0.4667955309152603
5,94,MEND159,1116,CAGTCTCTCGGCTAAT-1,3125,2264,0.22688674181699753,0.01303501231809695,0.09964531101286411,1.0,0.4,0.4597884863615036
5,95,MEND159,3767,TTGAACGACGTGCTGA-1,7497,9069,0.22682212740182878,0.009895575907368434,0.20105257714167238,1.0,0.1,0.44650728702545167
5,96,MEND159,3749,TTCTATTAAACGCAGC-1,5099,9960,0.22681635320186616,0.010507037801908422,0.1536367367953062,1.0,0.5,0.4602807998657227
5,97,MEND159,2493,GGCTCGTGCCACCAGC-1,3855,4029,0.22681331634521484,0.014594734233345856,0.14554085880517958,1.0,0.5,0.4738635182380676
5,98,MEND159,3601,TGTGTAGTAGCACGTG-1,9533,8810,0.22668342888355256,0.019367591835459302,0.25329669639468194,1.0,0.4,0.46584297716617584
5,99,MEND159,894,ATTACTAGCCTCTTGC-1,4291,3776,0.2266687735915184,0.013045978694373126,0.13485089652240276,1.0,0.5,0.4752052932977676
5,100,MEND159,2100,GATAGATAGTACAGTC-1,8154,10708,0.2265937000513077,0.013849650910743899,0.10289014875888824,1.0,0.3,0.46096221506595614
5,101,MEND159,3570,TGTACTATCGCTCGTT-1,7936,11087,0.22655379325151442,0.010779909933354625,0.2707287983037531,1.0,0.3,0.45539978742599485
5,102,MEND159,2784,GTGGAACCTACATGCG-1,6981,3389,0.22652862519025802,0.011774570009987714,0.07067845705896617,1.0,0.5,0.4827619642019272
5,103,MEND159,2409,GGACTCGACAGCGCAT-1,4444,10088,0.22640401124954224,0.019683022425537478,0.16181123005226256,1.0,0.4,0.4735741257667542
5,104,MEND159,1127,CATAATGAGCGGGCGA-1,4434,2260,0.22633662521839143,0.014232042532157589,0.20986728807911276,1.0,0.3,0.4610281318426132
5,105,MEND159,2305,GCGTCCAGCTCGTGGC-1,3634,1884,0.22629599273204803,0.014267095204067876,0.14321805951185523,1.0,0.3,0.4542729049921036
5,106,MEND159,1890,CTTGCAACCGCCTCCT-1,2913,6936,0.22627828419208526,0.013246696436771241,0.1448688544332981,1.0,0.5,0.4702958405017853
5,107,MEND159,1044,CACCTAATAGAGTCGT-1,2909,3653,0.22618623524904252,0.012355715783752054,0.15742309084162115,1.0,0.0,0.4449998319149017
5,108,MEND159,930,ATTGCCTTTATGTTTG-1,7207,9575,0.22618090808391572,0.013224619511094927,0.23201552517712115,1.0,0.4,0.4548952043056488
5,109,MEND159,3127,TCACAAACCGAGGTAC-1,8006,9194,0.22603387385606766,0.012726563031865092,0.1425619991030544,1.0,0.3,0.45471822321414945
5,110,MEND159,1971,GAATGCCGAAATGACC-1,2328,4160,0.22598050981760026,0.00860961788615508,0.22905871644616127,1.0,0.2,0.45332907140254974
5,111,MEND159,335,ACCGTGACCACGTGGG-1,3934,9205,0.22595354318618774,0.013307783336152491,0.214875334687531,1.0,0.3,0.454793307185173
5,112,MEND159,1031,CACCCACGAGGCAATT-1,7345,4019,0.2259412571787834,0.016842743478111412,0.1660328470170498,1.0,0.5,0.47275150418281553
5,113,MEND159,2268,GCGAGAGTTGCGTCCA-1,8875,5656,0.22591516226530076,0.012741689830181674,0.24515678808093072,1.0,0.5,0.46697997152805326
5,114,MEND159,3107,TCAAACAACCGCGTCG-1,5455,4530,0.2258843183517456,0.013652854736877383,0.1354816138744354,1.0,0.4,0.468498432636261
5,115,MEND159,3303,TCGTATTACCCATTGC-1,2912,6178,0.22582356184720992,0.01138901500180759,0.3028190732933581,1.0,0.0,0.44555430114269257
5,116,MEND159,2957,TACGCCTCCATTCCGA-1,5388,8444,0.22580860704183578,0.016925450798590185,0.22584952944889664,1.0,0.3,0.4599821150302887
5,117,MEND159,512,AGCAAAGGCCGCTAGT-1,6334,9072,0.22580032348632811,0.010292068028059386,0.15894812233746053,1.0,0.4,0.46501700282096864
5,118,MEND159,470,AGACATAGATCCTTCC-1,4507,2386,0.22570208758115767,0.020743585034513557,0.10578721668571234,1.0,0.5,0.47562507092952727
5,119,MEND159,2917,TAATGAAAGACCCTTG-1,2329,4665,0.22569999396800994,0.007390054795313172,0.20228529162704945,1.0,0.3,0.45520763099193573
5,120,MEND159,529,AGCCCGCAACAAGCAG-1,5026,10086,0.2255656063556671,0.011697368593238194,0.18294802643358707,1.0,0.3,0.44468883872032167
5,121,MEND159,1011,CACACAGGGATAGATT-1,3056,4663,0.2254754424095154,0.015379284146239623,0.22521127257496118,1.0,0.2,0.4540346533060074
5,122,MEND159,3200,TCCCGGTCAGGAATTT-1,3708,2515,0.22547426372766494,0.011424607885496214,0.13588892854750156,1.0,0.4,0.4646229326725006
5,123,MEND159,2974,TACTCGTTTGAATCAA-1,7354,10584,0.22545015066862106,0.012072799008475268,0.1528526152484119,1.0,0.5,0.46062437891960145
5,124,MEND159,2068,GAGGAGATCCTCATGC-1,1672,3026,0.2254269987344742,0.011966219621714654,0.09771017218008637,1.0,0.5,0.4674652099609375
5,125,MEND159,617,AGGTAACCTCCTATTC-1,4072,3145,0.22536301463842393,0.01208875454976769,0.16139177605509758,1.0,0.4,0.4586177676916122
5,126,MEND159,130,AAGAGATGAATCGGTA-1,3056,4916,0.22532365918159486,0.011253289153551328,0.27075212630443274,1.0,0.0,0.4376572698354721
5,127,MEND159,1179,CATGGTTTATTAATCA-1,8589,10202,0.2251715838909149,0.013624771585263488,0.1711654681712389,1.0,0.3,0.4567939072847366
5,128,MEND159,1341,CCGCGTAGGTAAGGGC-1,2693,5295,0.22494628578424453,0.0060082598734727015,0.2125581420958042,1.0,0.1,0.44373978972434996
5,129,MEND159,677,AGTGATAACCTGCGCG-1,7570,8942,0.22488144487142564,0.012533421198997748,0.15536101218312978,1.0,0.3,0.45096305310726165
5,130,MEND159,2187,GCACTGTGCAAATGTA-1,3490,2642,0.22487932443618774,0.008387159704497393,0.236425307020545,1.0,0.2,0.4511720031499863
5,131,MEND159,450,ACTTGGGCTTTCGCCA-1,6554,11218,0.22482917457818985,0.009487599790204929,0.16114501394331454,1.0,0.5,0.47452489137649534
5,132,MEND159,755,ATAGGCGGCTATAGAA-1,3495,6934,0.22477006316184997,0.013594379157800589,0.17936211004853247,1.0,0.4,0.4558149725198746
5,133,MEND159,2693,GTCATGCGCGAGGGCT-1,8225,9572,0.2247373029589653,0.013238110807479827,0.18811782076954842,1.0,0.5,0.4643310010433197
5,134,MEND159,369,ACGGAATTTAGCAAAT-1,3054,3401,0.2247016742825508,0.00884955889442581,0.21344123743474483,1.0,0.1,0.4469688206911087
5,135,MEND159,3811,TTGCTGATCATGTTCG-1,5239,5667,0.22468979507684708,0.010034136825475817,0.21345261847600341,1.0,0.2,0.45534479320049287
5,136,MEND159,1056,CACGGGATTGAGGGTT-1,1893,5424,0.22447144985198975,0.012885970211566502,0.09056029580533505,1.0,0.5,0.4657253921031952
5,137,MEND159,1981,GACAACGCAGCTTACG-1,5018,4026,0.22444866299629213,0.012178558503546096,0.12451180699281394,1.0,0.3,0.46437849998474123
5,138,MEND159,1876,CTTCATAGCTCAAGAA-1,3782,3903,0.2243942677974701,0.017599118115874945,0.07876678258180618,1.0,0.5,0.4790960282087326
5,139,MEND159,119,AACTTGCCCGTATGCA-1,3056,5168,0.22439186424016952,0.012304771886035524,0.16220273016951978,1.0,0.2,0.44898359179496766
5,140,MEND159,2925,TACAAGTCTCGTGCAT-1,3057,5421,0.2243586629629135,0.014519759862938535,0.21616429523564876,1.0,0.2,0.45660071074962616
5,141,MEND159,1964,GAATAGCCCTGCGGTC-1,9090,3762,0.22435097247362137,0.008748532784045417,0.21648839144036175,1.0,0.0,0.4440122216939926
5,142,MEND159,1527,CGCGGCAGTATTACGG-1,2254,3024,0.224337400496006,0.010367959004962256,0.1701212517917156,1.0,0.2,0.45163647532463075
5,143,MEND159,124,AAGAAATCACCAGATT-1,10254,4011,0.2243080511689186,0.015440111904083743,0.1389026189222932,1.0,0.3,0.4663216948509216
5,144,MEND159,1851,CTGTATGGTGTAGAAA-1,3419,4031,0.22418369650840758,0.010143472283018186,0.11970017738640308,1.0,0.2,0.4460519939661026
5,145,MEND159,4,AAACATTTCCCGGATT-1,8152,9193,0.2241217315196991,0.014765680064526679,0.27254806673154236,1.0,0.0,0.43907864987850187
5,146,MEND159,3055,TATAGGGTACTCATGA-1,2548,6053,0.22400230467319487,0.007438781931585305,0.16384968850761653,1.0,0.1,0.44272908568382263
5,147,MEND159,1164,CATGATACGGTGAAAC-1,6627,11091,0.2240014135837555,0.012724413997901963,0.13180930651724337,1.0,0.4,0.46516120433807373
5,148,MEND159,1256,CCATAGTCAGTAACCC-1,2327,3403,0.22399147748947143,0.009919380889054337,0.04440628103911877,1.0,0.2,0.44924754798412325
5,149,MEND159,3720,TTCCTCGAGGGTGTCT-1,4655,4153,0.22398793548345566,0.010860305158567656,0.23542783055454491,1.0,0.1,0.4419809341430664
5,150,MEND159,3803,TTGCGTAGTTTGAGGA-1,2474,4665,0.22398402839899062,0.012332279099063847,0.0839815702289343,1.0,0.5,0.45556453466415403
5,151,MEND159,356,ACGCAATCACTACAGC-1,9019,4646,0.2239172488451004,0.014618176069644061,0.150075510609895,1.0,0.5,0.47907656729221343
5,152,MEND159,1875,CTTCAGTTGGACAACG-1,7717,10709,0.2238721579313278,0.009464147431211682,0.16026017321273683,1.0,0.4,0.45830162763595583
5,153,MEND159,1698,CTACTCAAGGTATAGT-1,4152,9079,0.22383946776390076,0.01019066334194424,0.15442788377404212,1.0,0.3,0.455330154299736
5,154,MEND159,952,CAAACCCTCCGGCGGG-1,6190,10335,0.22377840876579286,0.01515384862434763,0.2813170488923788,1.0,0.2,0.4459273338317871
5,155,MEND159,2174,GCAAGTGTAAAGCATG-1,4371,9962,0.223758527636528,0.01800385544516213,0.09543515779078007,1.0,0.5,0.4768818408250809
5,156,MEND159,596,AGGCTATGGTTAGCTT-1,3274,4789,0.22369481027126312,0.015029803161402951,0.14771412843838333,1.0,0.3,0.4561996519565582
5,157,MEND159,3194,TCCCACTCTCTTCCGG-1,8874,5403,0.22364512234926223,0.011172118178427356,0.1925844021141529,1.0,0.2,0.45137104094028474
5,158,MEND159,3217,TCCGATTACATTGCCG-1,3420,5546,0.2235793173313141,0.010544095053327414,0.21605103313922883,1.0,0.0,0.4425837844610214
5,159,MEND159,700,AGTTCTGCGTTGTATC-1,2472,3150,0.223575359582901,0.009113985048868532,0.1718558082357049,1.0,0.1,0.4425655722618103
5,160,MEND159,1652,CGTTAATGTCCCGACG-1,7424,8943,0.22355145663022996,0.012559719338811103,0.25658217929303645,1.0,0.2,0.44780938029289247
5,161,MEND159,1427,CCTGTCACCCGGGCTC-1,5965,5159,0.22353949397802353,0.00772353704698205,0.17977978214621543,1.0,0.0,0.43690629601478576
5,162,MEND159,1768,CTCGCTAGGTAAGCGA-1,8081,10582,0.22350784242153168,0.012265641005404952,0.23546660197898744,1.0,0.2,0.4481980115175247
5,163,MEND159,2827,GTTCACAGGAGTCTAG-1,3566,5545,0.2234717220067978,0.010160070743470098,0.19077595509588718,1.0,0.0,0.44235250949859617
5,164,MEND159,1868,CTTAGCCTTCCACATG-1,6764,4273,0.22344558984041213,0.013392663438609505,0.11417849585413933,1.0,0.4,0.47268198132514955
5,165,MEND159,3587,TGTCCGTGGCGCCTTT-1,2402,5296,0.22340521216392517,0.01236117061543308,0.2670185028575361,1.0,0.1,0.4474609464406967
5,166,MEND159,2212,GCATTTCCAAGGCTCC-1,9165,5655,0.22338079214096068,0.012532573842736029,0.12202135175466537,1.0,0.4,0.4612156867980957
5,167,MEND159,3019,TAGGCTAAAGTGGCAC-1,8298,9698,0.2233528047800064,0.012199299703016926,0.26534124128520487,1.0,0.0,0.4286561578512192
5,168,MEND159,3086,TATGGGACCGAGCAGG-1,5166,6046,0.22334788888692855,0.011773599599137697,0.17816848075017333,1.0,0.0,0.4450820744037628
5,169,MEND159,1806,CTGCAGAGAATCAGAG-1,8443,9192,0.22333873212337493,0.011595700666403391,0.17743903286755086,1.0,0.4,0.4504734635353088
5,170,MEND159,1183,CATGTGGGCTCATCAC-1,7645,11088,0.22329356521368027,0.011004600746788542,0.25156322261318564,1.0,0.0,0.4359742045402527
5,171,MEND159,3250,TCCTTTAAATCCGCTT-1,7787,8563,0.22328139394521712,0.009161515896807705,0.21530977729707956,1.0,0.3,0.45204303562641146
5,172,MEND159,900,ATTATAGCTACTTTAC-1,9456,5654,0.22323840260505676,0.013497062219018531,0.17035049600526692,1.0,0.4,0.45758519470691683
5,173,MEND159,2328,GCTAGCAACGCACCTA-1,8227,11087,0.2232198253273964,0.010099839808620024,0.21338366940617562,1.0,0.2,0.4501474440097809
5,174,MEND159,1277,CCCAATTTCACAACTT-1,3494,6429,0.22310291081666947,0.012759476596867582,0.0918345533311367,1.0,0.2,0.44851637780666354
5,175,MEND159,1036,CACCGCCAGAAGGTTT-1,5383,4909,0.22310024052858352,0.015742995679292476,0.3450166828930378,1.0,0.1,0.4482410132884979
5,176,MEND159,3361,TCTGCATACCTTGCTT-1,8297,9193,0.22304521948099137,0.008764234019025941,0.20736976861953735,1.0,0.0,0.43234204947948457
5,177,MEND159,1294,CCCGGTGGAAGAACCT-1,2619,4664,0.2230244979262352,0.008493595926947695,0.15906646796502172,1.0,0.0,0.42561877965927125
5,178,MEND159,3332,TCTATCCGATTGCACA-1,7281,10711,0.2230031222105026,0.014170458646688313,0.18720552921295167,1.0,0.4,0.45549871027469635
5,179,MEND159,3741,TTCGTACTCCAGAACG-1,3202,5168,0.22294816821813584,0.011758985050990031,0.24322521560825408,1.0,0.0,0.44288061559200287
5,180,MEND159,2644,GTACTACGGCCTCGTT-1,7281,10963,0.22288800179958343,0.01077267662848769,0.16877378076314925,1.0,0.4,0.45890565514564513
5,181,MEND159,390,ACGTTCGCAATCAATT-1,9311,5655,0.22286540865898133,0.014788088297690133,0.15600222744978964,1.0,0.4,0.4631048828363419
5,182,MEND159,2562,GGTACAAACATGCTAT-1,5022,6551,0.22284621596336365,0.01767999907051759,0.09025234682485461,1.0,0.2,0.4498776257038116
5,183,MEND159,2245,GCCTAGCGATCTGACC-1,4146,4029,0.22283085882663728,0.013964503900389478,0.19262755773961543,1.0,0.5,0.46959581077098844
5,184,MEND159,1821,CTGCTTTATGTCCGCG-1,9236,4014,0.2227771744132042,0.011952649496639088,0.14576418390497564,1.0,0.1,0.43952560126781465
5,185,MEND159,2968,TACGTGGGCCCAGGGC-1,6990,10207,0.2227622613310814,0.011012315884100884,0.331235246732831,1.0,0.2,0.44068213999271394
5,186,MEND159,384,ACGTATTACTCCGATC-1,8149,6668,0.2227487474679947,0.013585023186159433,0.1122293647378683,1.0,0.5,0.4620967835187912
5,187,MEND159,1935,GAACACACATCAACCA-1,4728,4279,0.2227289378643036,0.013618614541873679,0.17106864135712385,1.0,0.0,0.44585769176483153
5,188,MEND159,2226,GCCCAGTTGGTATGCC-1,3855,4282,0.22269733101129532,0.01996619028672061,0.12016229033470154,1.0,0.5,0.47998954355716705
5,189,MEND159,3655,TTACTATCGGCTTCTC-1,2257,5802,0.22263808250427247,0.014352266339731624,0.15011643124744295,1.0,0.2,0.46049719452857973
5,190,MEND159,2375,GCTTCCATGTAACCGC-1,8517,10833,0.22258227318525314,0.010574733483864226,0.2137091754935682,1.0,0.3,0.457296347618103
5,191,MEND159,159,AAGTAGTGACGCGAGG-1,3348,5672,0.22254316210746766,0.01492568267914869,0.16895469687879086,1.0,0.4,0.46380859315395356
5,192,MEND159,2570,GGTAGGCCAATATCAC-1,5027,10844,0.22248860448598862,0.01746893239442204,0.1434249804355204,1.0,0.4,0.4601861506700516
5,193,MEND159,3120,TCAAGAAATACTAGCT-1,8947,5782,0.2224639654159546,0.011797442501513948,0.1446464367210865,1.0,0.4,0.4589630961418152
5,194,MEND159,364,ACGCGCTACACAGGGT-1,3349,6682,0.22239808291196822,0.011506647059134623,0.22313229087740183,1.0,0.2,0.44936068952083585
5,195,MEND159,2919,TAATTAGATGGATATG-1,3417,2768,0.22239527404308318,0.012304707672960342,0.12373164603486657,1.0,0.5,0.4703388512134552
5,196,MEND159,2397,GGACAACCATGAAGCC-1,8517,10328,0.22234724164009095,0.013760285688526707,0.0775784406810999,1.0,0.2,0.4514516770839691
5,197,MEND159,1434,CCTTCAGTTAAAGTGA-1,4516,9204,0.22232730239629744,0.011307118525770097,0.13173694498836994,1.0,0.2,0.45243757367134096
5,198,MEND159,3823,TTGGCCTAGAATTTCG-1,7054,3515,0.22229746729135513,0.01982419659583592,-0.06661835536360741,1.0,0.4,0.4760903626680374
5,199,MEND159,2350,GCTCGGAATTTAAAGC-1,7200,4272,0.22225715070962906,0.011799524008746462,0.12342109009623528,1.0,0.5,0.46328834891319276
5,200,MEND159,2573,GGTATTGCCGAGTTTA-1,4948,5667,0.2222487136721611,0.008780215840512336,0.19210173664614558,1.0,0.0,0.44535336792469027
5,201,MEND159,2344,GCTCCATGCAAAGCAA-1,5099,10212,0.22224022895097734,0.009913897977878222,0.252053555380553,1.0,0.0,0.4328512102365494
5,202,MEND159,3400,TGAATGTCAGCCGGCC-1,9022,7423,0.22223095297813417,0.008187996903381442,0.2607559781521559,1.0,0.3,0.4507414847612381
5,203,MEND159,1582,CGGGAGTATACCGCCG-1,2182,3908,0.22221254110336303,0.007418837569066082,0.21695244014263154,1.0,0.0,0.4354276120662689
5,204,MEND159,3006,TAGCAGTATGACTAAA-1,8225,9824,0.22220074385404587,0.013099703108513414,0.20055865962058306,1.0,0.2,0.45536561906337736
5,205,MEND159,2003,GACCGTGCTGACGGTG-1,4876,6551,0.22219967395067214,0.011211624169806481,0.12804638911038638,1.0,0.0,0.4364816904067993
5,206,MEND159,3164,TCATCACTCGAGCTCG-1,3200,3653,0.22216153293848037,0.013481930331690116,0.20683967024087907,1.0,0.4,0.46332603991031646
5,207,MEND159,1873,CTTATGTTGACTACCA-1,3054,3148,0.2221272647380829,0.010386439747631773,0.13018103409558535,1.0,0.1,0.4350142598152161
5,208,MEND159,3167,TCATCGACGACCGTCG-1,7208,10332,0.22211446911096572,0.013260207945995422,0.162952377833426,1.0,0.3,0.457209450006485
5,209,MEND159,1504,CGCATGCCGAATGCGT-1,7571,9952,0.22206106632947922,0.010112882875986865,0.19182893224060535,1.0,0.2,0.4402004241943359
5,210,MEND159,1306,CCCTGATGTAACTCGT-1,2254,3277,0.2220403864979744,0.013341960129883694,-0.023361945897340773,1.0,0.5,0.4780402213335037
5,211,MEND159,3152,TCAGCCAATCCGTAAA-1,8734,9444,0.22201894521713256,0.010169744364126182,0.17750296797603368,1.0,0.0,0.44667777717113494
5,212,MEND159,858,ATGCTCAGTGTTGCAT-1,3201,4158,0.2219367429614067,0.012258567776945065,0.07559702768921853,1.0,0.4,0.4595963269472122
5,213,MEND159,2766,GTGCACCAGCTTCAAC-1,5026,9834,0.22191402167081833,0.010996516003839066,0.1912489455193281,1.0,0.0,0.43419240713119506
5,214,MEND159,1392,CCTATCTATATCGGAA-1,6691,3895,0.22190884053707122,0.012624778739126633,0.08178411182016135,1.0,0.4,0.45906749069690705
5,215,MEND159,1571,CGGCCAGAGCGACCAT-1,4662,9961,0.22189784348011016,0.010416440264546415,0.18018815256655216,1.0,0.2,0.4471349149942398
5,216,MEND159,912,ATTCCCACATAAACAA-1,2838,4790,0.2218870922923088,0.01090776347876061,0.24551779814064503,1.0,0.1,0.44748036563396454
5,217,MEND159,2588,GGTGAAACCGGGAATG-1,4580,2260,0.22185086011886596,0.011736621786921263,0.20120363235473632,1.0,0.0,0.43736802637577055
5,218,MEND159,870,ATGTAAGGCTGCTCTT-1,9238,5529,0.2218306317925453,0.014685586935466968,0.18375714980065821,1.0,0.4,0.46549423336982726
5,219,MEND159,864,ATGGATTGACCAAACG-1,5529,4908,0.22182686030864715,0.013454882296113852,0.1594823800958693,1.0,0.1,0.44872753620147704
5,220,MEND159,3672,TTAGTAAACCTGCTCT-1,7934,9320,0.2218256637454033,0.013371275648180882,0.12361722737550736,1.0,0.2,0.45579084753990173
5,221,MEND159,1326,CCGAGCTGTGCTTGTC-1,9236,3761,0.2217856839299202,0.009825072677372626,0.22444546353071929,1.0,0.0,0.439849516749382
5,222,MEND159,1617,CGTAGAGAGTAATTAT-1,7426,9953,0.22177308201789855,0.008003202382664281,0.10973288230597973,1.0,0.0,0.44031842350959777
5,223,MEND159,906,ATTCAACCATTTAAGG-1,8370,8814,0.22175478637218476,0.011836722868100866,0.1398908333852887,1.0,0.0,0.4401209056377411
5,224,MEND159,921,ATTCGTTTATCGTATT-1,9100,11084,0.221742907166481,0.015388873870432933,0.16696610748767854,1.0,0.3,0.46152902841567994
5,225,MEND159,1368,CCGTATTAGCGCAGTT-1,9163,3635,0.22168036848306655,0.008926493292311908,0.28754650317132474,1.0,0.2,0.44145913422107697
5,226,MEND159,3729,TTCGCGCGCCATACGA-1,4515,8951,0.22167394757270814,0.012050219107195176,0.14582630135118962,1.0,0.3,0.45503770709037783
5,227,MEND159,3073,TATCTACAGAGGTAAT-1,2838,5295,0.22167310267686843,0.012735469778833818,0.08599222041666507,1.0,0.2,0.4538457542657852
5,228,MEND159,2741,GTCTTGTAGCTATTCA-1,9240,7044,0.2216688722372055,0.008789025274666585,0.2811490444466472,1.0,0.1,0.42701653242111204
5,229,MEND159,166,AAGTGCGTTAGAATCT-1,3060,7693,0.22166504263877868,0.013986204018927457,0.1162528395652771,1.0,0.4,0.4541272699832916
5,230,MEND159,833,ATCTTATCGCACACCC-1,8661,9570,0.22158720046281816,0.011089871275349971,0.18901523239910603,1.0,0.2,0.4472884267568588
5,231,MEND159,3703,TTCAGGCGTCAAAGCC-1,2258,6559,0.22157066762447358,0.014469248407038726,0.09822909012436867,1.0,0.5,0.4889103531837463
5,232,MEND159,1788,CTCTGTTTGAGGATTC-1,6326,3265,0.2215492844581604,0.009644122682810195,0.19055542424321176,1.0,0.0,0.4450772553682327
5,233,MEND159,31,AAAGTCGACCCTCAGT-1,2185,6181,0.22151991575956345,0.0069475608276565615,0.10897665722295642,1.0,0.0,0.4328566551208496
5,234,MEND159,361,ACGCCAGTGCGTTTGC-1,8517,10581,0.22139411121606828,0.014159805629287267,0.12240698300302029,1.0,0.5,0.46402848362922666
5,235,MEND159,1736,CTCAACTAACCCGGAT-1,7279,9448,0.22133827805519105,0.01116500138764654,0.11583649665117264,1.0,0.3,0.4569057375192642
5,236,MEND159,3401,TGACAACGCATGTCGC-1,10112,6536,0.2213135465979576,0.009062374194595211,0.135914696007967,1.0,0.1,0.4476164638996124
5,237,MEND159,2837,GTTCGGATCGGGAACA-1,9094,7044,0.22123758792877196,0.012718793410255924,-0.00758312912657857,1.0,0.3,0.45856609344482424
5,238,MEND159,1393,CCTATGAAGTGGTGCC-1,9166,6160,0.22122340351343156,0.014972422702695703,0.15210251249372958,1.0,0.4,0.46012158393859864
5,239,MEND159,241,ACAATAGTCGTACGTT-1,2549,6811,0.22121862024068834,0.014455229861584512,0.007273052632808685,1.0,0.5,0.4875301688909531
5,240,MEND159,2682,GTCAACCAGGCCTATA-1,8589,9697,0.22120336592197418,0.009636644810791474,0.21808978021144867,1.0,0.0,0.44240033328533174
5,241,MEND159,3678,TTATATACGCTGTCAC-1,6476,6294,0.22119774371385575,0.013004274271643785,0.1821336641907692,1.0,0.5,0.4707389444112778
5,242,MEND159,2703,GTCCGGACCTGAAATT-1,7496,8311,0.22119548916816711,0.010846000305698716,0.13028137907385826,1.0,0.0,0.44444538056850436
5,243,MEND159,1014,CACAGCACCCACGGCA-1,5384,5414,0.2211860626935959,0.0068298327860733,0.22398577276617287,1.0,0.0,0.43170427083969115
5,244,MEND159,3735,TTCGGGACTAATCGCG-1,6330,6042,0.22117216438055037,0.015549303981948958,0.15511607145890594,1.0,0.1,0.45136374831199644
5,245,MEND159,40,AAATCGTGTACCACAA-1,5168,7056,0.22116518020629883,0.012300760443738692,0.19610428549349307,1.0,0.0,0.44121290147304537
5,246,MEND159,3258,TCGAGGGCAACAGACG-1,9751,8683,0.22115806639194488,0.008183084898460322,0.28705615997314454,1.0,0.0,0.42612416446208956
5,247,MEND159,2302,GCGGTGCGGAGCATCG-1,1455,3910,0.22110908031463622,0.013820023321781201,0.11253989674150944,1.0,0.4,0.4539311081171036
5,248,MEND159,2935,TACCAATAAAGTACCA-1,7133,8439,0.22104480415582656,0.010420504973216074,0.09705205261707306,1.0,0.3,0.44737881124019624
5,249,MEND159,1059,CACGTCTATGATGTGG-1,7998,2376,0.22103399634361268,0.010541161282556385,0.0653778575360775,1.0,0.0,0.439818274974823
5,250,MEND159,109,AACTCCAGAGCGTGTT-1,7788,9068,0.22094635516405106,0.007364919102720238,0.25488115921616555,1.0,0.0,0.4426843911409378
5,251,MEND159,984,CAAGGATCGCATGTTC-1,6040,6548,0.22094359695911409,0.012761784368405821,0.043774445168673994,1.0,0.5,0.4696615129709244
5,252,MEND159,1160,CATGAACCGACATTTG-1,4217,2892,0.2208894222974777,0.009723223046024451,0.29381866902112963,1.0,0.0,0.43920154571533204
5,253,MEND159,682,AGTGCTAAACACAGCA-1,7715,9194,0.2208119139075279,0.015062569877092378,0.15408218298107385,1.0,0.2,0.4563888132572174
5,254,MEND159,174,AATAACAACGCTCGGC-1,3276,6051,0.22079520672559738,0.01264104146606675,0.18835273012518883,1.0,0.1,0.44059446454048157
5,255,MEND159,1104,CAGGCAGTCTTACCAG-1,7280,9701,0.22079439014196395,0.011920522274410152,0.13813692033290864,1.0,0.0,0.44021853506565095
5,256,MEND159,801,ATCCCATTTCCGTGGG-1,5245,10464,0.22079187482595444,0.009240178622768127,0.23342257142066955,1.0,0.1,0.4440729469060898
