expert_id,rank,sample_id,patch_index,barcode,coord_x,coord_y,affinity_score,affinity_score_sd,mean_logit,actual_top2_frequency,actual_top1_frequency,actual_mean_route_weight
0,1,MEND162,914,CGAATGACGCATAATG-1,21004,34644,0.27882377803325653,0.017353352616130586,0.37267198488116265,1.0,1.0,0.5935445606708527
0,2,MEND162,1924,TACGTACTAGTGCTGA-1,16636,34140,0.26948224306106566,0.006814880536528975,0.357508784532547,1.0,1.0,0.5656063437461853
0,3,MEND162,78,AAGATGGCACCGGACC-1,15763,32623,0.2692296147346497,0.008048762939613258,0.3666307270526886,1.0,1.0,0.5785694301128388
0,4,MEND162,670,CACTCCTATGTAAGAT-1,14889,31106,0.2655462235212326,0.008937504918179347,0.36862494349479674,1.0,1.0,0.5595542371273041
0,5,MEND162,1352,GATCTGCTATCTAAGG-1,20713,34138,0.2618130847811699,0.013856861411580974,0.37481658160686493,1.0,1.0,0.5546047270298005
0,6,MEND162,2475,TTGCGGCATCAGAAAG-1,17510,29588,0.26132759004831313,0.011736421041809454,0.34602533355355264,1.0,0.8,0.5622767180204391
0,7,MEND162,2224,TGACAACTTAAAGGTG-1,14598,41726,0.26003113240003584,0.01246596321772763,0.3369014710187912,1.0,1.0,0.5487704634666443
0,8,MEND162,68,AACTCTCAGTGTGCTC-1,16345,29589,0.25968964397907257,0.01585443467479767,0.24531547129154205,1.0,1.0,0.5690217018127441
0,9,MEND162,414,AGGTGGTGACCTTCGC-1,20713,35150,0.25962560921907424,0.010112214073637986,0.33365955874323844,1.0,0.9,0.5428553193807601
0,10,MEND162,954,CGCCCAGCACGCCTAG-1,19257,32622,0.2574038550257683,0.00708490481739384,0.33786545544862745,1.0,1.0,0.538491404056549
0,11,MEND162,423,AGTAGAAGGCGCCTCA-1,22459,38183,0.25705819576978683,0.008787861065350306,0.36334651708602905,1.0,1.0,0.5488472998142242
0,12,MEND162,1046,CGTGTCTCGTTACGAC-1,14307,33130,0.256671279668808,0.009416980559814648,0.3872453302145004,1.0,1.0,0.5564828515052795
0,13,MEND162,2250,TGATTCTGTCGCCGGT-1,17219,27060,0.25656471252441404,0.009822853891713909,0.28020656704902647,1.0,1.0,0.5597069025039673
0,14,MEND162,1115,CTCCTCCAGCTCACAC-1,18966,34139,0.25535779297351835,0.014244184634330045,0.3172158244997263,1.0,1.0,0.5524332046508789
0,15,MEND162,2415,TTCCGGCCTTGAGGCT-1,17219,30094,0.2547249123454094,0.007141848036259906,0.31573210582137107,1.0,0.9,0.5566855520009995
0,16,MEND162,1324,GAGTATGCCCGCCTTG-1,16927,27566,0.2540375143289566,0.008992989078174755,0.3100933641195297,1.0,1.0,0.5654841303825379
0,17,MEND162,760,CCACCAACTTTACTGT-1,16054,29083,0.25373397171497347,0.011870119747267194,0.2665848506614566,1.0,1.0,0.5594194531440735
0,18,MEND162,38,AACAGCTGTGTGGCAA-1,13434,32624,0.25319694429636,0.007880859979894317,0.30142185688018797,1.0,1.0,0.5493296146392822
0,19,MEND162,1022,CGTAAAGCAAGAAATC-1,12560,38187,0.25276763141155245,0.010404961064724393,0.36717568933963773,1.0,1.0,0.544673627614975
0,20,MEND162,1408,GCCATCGAGCTGCGTG-1,18092,29588,0.2515767261385918,0.007582696550451174,0.3544572502374649,1.0,1.0,0.5478555262088776
0,21,MEND162,357,AGCCCGGTAGCCTGTA-1,18674,33634,0.2515389874577522,0.01207092089751333,0.18691612370312213,1.0,1.0,0.5513466000556946
0,22,MEND162,6,AAACCGTTCGTCCAGG-1,16636,29083,0.2514645174145699,0.009097002287961582,0.319150285422802,1.0,0.9,0.542161101102829
0,23,MEND162,389,AGGCAGGGAGCGTACT-1,18674,32622,0.25066028982400895,0.009563222291967266,0.31351362019777296,1.0,0.9,0.5200658172369004
0,24,MEND162,2273,TGCGACGGCCGAACGT-1,13725,33130,0.2504509314894676,0.006730919100250981,0.27309076860547066,1.0,1.0,0.5431032121181488
0,25,MEND162,2412,TTCCAGTGGGTTTCGT-1,18092,40714,0.24893852770328523,0.0067128271315685184,0.325422066450119,0.9,0.8,0.4729528516530991
0,26,MEND162,406,AGGGTTCAGACGGTCC-1,17510,37680,0.2482888728380203,0.0101842840733756,0.36161378398537636,1.0,0.6,0.5074097365140915
0,27,MEND162,1936,TACTGCATGATTAAAT-1,19257,41725,0.2480880454182625,0.008221566686782053,0.36784416511654855,1.0,0.9,0.5297039717435836
0,28,MEND162,1316,GAGGGAGTCAGATCGC-1,16345,35657,0.24784599840641022,0.002686480663465627,0.38097536861896514,1.0,0.8,0.5172152936458587
0,29,MEND162,318,AGACGACGATGCCGCT-1,14016,29590,0.2476978898048401,0.005122653745133243,0.22178388461470605,1.0,0.9,0.5227311164140701
0,30,MEND162,2321,TGGTCGATATACCTCT-1,15181,39703,0.24675110429525376,0.008893394262896192,0.3637154154479504,1.0,0.6,0.5164863467216492
0,31,MEND162,475,ATACGAGGTTTGTAAG-1,18674,40713,0.2466891437768936,0.007322906799219594,0.34024480879306795,1.0,0.8,0.525941401720047
0,32,MEND162,262,ACGTTGTCGTTGAAAG-1,13434,40715,0.24652184396982194,0.005731865229793292,0.294881784170866,1.0,1.0,0.5349634110927581
0,33,MEND162,2118,TCCTAACCGTCGGGCA-1,17801,34140,0.2464023321866989,0.009317379855250425,0.26215330362319944,1.0,0.8,0.5297735691070556
0,34,MEND162,1871,TAAGCGCGAATCAAAT-1,11687,35659,0.24635735005140305,0.00579097135353429,0.368042729049921,1.0,0.9,0.5295529156923294
0,35,MEND162,1134,CTCTTCTGGAAGTTAG-1,16054,34140,0.24562042951583862,0.009931783182197973,0.3265389323234558,1.0,1.0,0.5394241333007812
0,36,MEND162,1130,CTCTGCAGGCATTCTT-1,11104,38694,0.24560847729444504,0.01155836638077293,0.25048560854047536,1.0,1.0,0.5339524567127227
0,37,MEND162,1754,GTCTATACACGCATGG-1,18966,40208,0.24530135989189147,0.007169255427432539,0.22643780186772347,1.0,0.9,0.5240496814250946
0,38,MEND162,904,CCTTCGTATAGAATCC-1,22168,37678,0.24521152973175048,0.009512060511456246,0.18619692530483006,1.0,0.9,0.5289235979318618
0,39,MEND162,2508,TTGTTTGTATTACACG-1,16345,39703,0.24500520080327987,0.01001804552880895,0.3311463663354516,1.0,0.8,0.5264671087265015
0,40,MEND162,920,CGACTTGCCGGGAAAT-1,9357,41728,0.24487994015216827,0.013243766243854108,0.30599974617362025,1.0,0.7,0.5166421115398407
0,41,MEND162,691,CAGCGATTCCCTTCAA-1,16927,29589,0.2447388708591461,0.012292838261819358,0.3106845341622829,1.0,1.0,0.5467974185943604
0,42,MEND162,1187,CTTCACGCCCTGGTAC-1,10522,38694,0.2446956753730774,0.00827072554089029,0.32111781984567644,1.0,0.8,0.5184560775756836
0,43,MEND162,987,CGGACCTCTGTAGTTA-1,19548,41219,0.24463047236204147,0.006351219065809929,0.3488528184592724,1.0,0.7,0.5120562434196472
0,44,MEND162,1994,TATATAGGGCTTTACG-1,14016,34647,0.24459283649921418,0.007834242248413208,0.34323208779096603,1.0,1.0,0.5322124063968658
0,45,MEND162,2079,TCCAATAAAGGCTACC-1,19839,34644,0.2443008005619049,0.00901066272204988,0.33417943194508554,1.0,0.6,0.5075581282377243
0,46,MEND162,409,AGGTAGATCGAGATAT-1,14598,34647,0.24401342123746872,0.007530536901832728,0.2978207148611546,1.0,0.7,0.5103695422410965
0,47,MEND162,186,ACATTCGCGCGGAATA-1,12269,39705,0.243896920979023,0.00912554807383224,0.10227822251617909,1.0,1.0,0.5389112949371337
0,48,MEND162,425,AGTATACACAGCGACA-1,18383,35151,0.24385005384683608,0.010256900010317775,0.33979017212986945,1.0,0.5,0.504482826590538
0,49,MEND162,2066,TCAGTGTATACGTCAT-1,14889,32118,0.2436581254005432,0.006551681602391048,0.22535526677966117,1.0,1.0,0.5334127843379974
0,50,MEND162,2168,TCGTTGCTATCCGGTC-1,17801,30094,0.24333146065473557,0.009543751346714167,0.3911314345896244,0.9,0.9,0.484960150718689
0,51,MEND162,1,AAACAGTGTTCCTGGG-1,16927,39703,0.2429747387766838,0.00687509999167212,0.17968328837305308,1.0,1.0,0.539782989025116
0,52,MEND162,2389,TTAGGTCATAACCGAC-1,15472,32118,0.24296481162309647,0.007523074576296706,0.2664625242352486,1.0,0.5,0.5075904250144958
0,53,MEND162,1069,CTACAAGAAATAACCC-1,16054,32117,0.24294163286685944,0.012513075422762913,0.4582520306110382,0.8,0.8,0.4178416132926941
0,54,MEND162,1195,CTTCTGGGCGTACCTA-1,14307,36164,0.24293478280305864,0.005498126233913914,0.3265812613070011,1.0,0.7,0.5160753160715104
0,55,MEND162,2249,TGATTCGTCTATCACT-1,16345,18463,0.2429237261414528,0.00901045581615874,0.3596056096255779,1.0,0.9,0.5309535652399063
0,56,MEND162,623,CAAGTCGTTGAAATCT-1,18383,41219,0.2426550105214119,0.008282984578609742,0.16098775565624238,1.0,1.0,0.5334884822368622
0,57,MEND162,1623,GGGCACGTAGTACTGT-1,18383,38185,0.24263903647661209,0.010499390326531882,0.23156828805804253,1.0,0.9,0.5246229976415634
0,58,MEND162,1091,CTATAGGCGTTGATGT-1,15472,34140,0.24253392964601517,0.012663311456300844,0.1798177666962147,1.0,0.6,0.509052363038063
0,59,MEND162,101,AAGTGCAAAGGTAGAC-1,7319,16950,0.242450575530529,0.006059137581218294,0.23085561394691467,1.0,1.0,0.5358464181423187
0,60,MEND162,2382,TTAGAATAAGGGTCGG-1,17510,33634,0.24226999282836914,0.009370773403073936,0.2969732560217381,1.0,0.5,0.5014639526605607
0,61,MEND162,1326,GAGTCAGACCAGAATC-1,18383,31105,0.2421233043074608,0.01016154522879601,0.28243671245872976,0.9,0.8,0.4776131182909012
0,62,MEND162,120,AATCAGGTTTCATTTA-1,14016,37681,0.24209482669830323,0.009028703297536985,0.20263759344816207,1.0,1.0,0.5279527842998505
0,63,MEND162,1561,GGATCTTACTGCCCTT-1,14598,35658,0.24186569154262544,0.005746826884629312,0.3683383010327816,1.0,0.9,0.5320510238409042
0,64,MEND162,370,AGCTAACAAGCAATGT-1,14016,33635,0.2418370008468628,0.01079990141277894,0.28594627752900126,1.0,0.8,0.520043870806694
0,65,MEND162,1999,TATCCGCACCGTCGGG-1,19839,32622,0.24182508438825606,0.006586742965664687,0.2410262491554022,1.0,0.9,0.5330700933933258
0,66,MEND162,1709,GTAGCTCCGGGAGGCT-1,15181,35658,0.24178100377321243,0.008314593734485365,0.14235845804214478,1.0,1.0,0.5411023914813995
0,67,MEND162,1238,GAAGGAGTCGAGTGCG-1,21877,36161,0.2416881188750267,0.007295541172723476,0.16151893213391305,1.0,1.0,0.5377100110054016
0,68,MEND162,1530,GGAAACAGAGCTTGGG-1,11978,41222,0.24164259284734727,0.009588412595965962,0.2824674040079117,1.0,0.9,0.526549106836319
0,69,MEND162,1572,GGCAAGCCCATAGTGG-1,22168,36666,0.2416056662797928,0.007565207436870814,0.25950660854578017,1.0,0.5,0.5067489624023438
0,70,MEND162,542,ATGACTATCAGCTGTG-1,16927,34646,0.24159580916166307,0.009447694048187417,0.35603434275835755,1.0,0.7,0.5108083128929138
0,71,MEND162,1648,GGTAACCGGGAGGATA-1,12269,31613,0.24157706499099732,0.010359675772008605,0.3197647720575333,1.0,1.0,0.5318101048469543
0,72,MEND162,993,CGGATGAATGCTGTGA-1,10813,38188,0.24156353026628494,0.00603866935542963,0.2866468869149685,0.9,0.9,0.4883266270160675
0,73,MEND162,2410,TTCCACACAGATTTGA-1,17801,28071,0.2414004072546959,0.007563925091213632,0.32423580139875413,1.0,0.8,0.5261775106191635
0,74,MEND162,1570,GGCAAAGGCGCCAATA-1,14307,30095,0.2412601664662361,0.011392342086789072,0.21018676906824113,1.0,1.0,0.5310101747512818
0,75,MEND162,883,CCTCTACAAGGATTGG-1,12269,36670,0.24116611629724502,0.009884917592893972,0.3071585811674595,1.0,0.8,0.5174560874700547
0,76,MEND162,284,ACTGCCCGCCATTCTC-1,13142,37176,0.24103904515504837,0.010905300203293068,0.27672824207693336,1.0,0.8,0.5233946919441224
0,77,MEND162,1592,GGCGCAGGACATCTTC-1,12269,21499,0.24103380292654036,0.006320813077661558,0.29051687717437746,1.0,1.0,0.5394838035106659
0,78,MEND162,2300,TGGCAAGCACAAGTCG-1,20713,36161,0.24096596539020537,0.008001157583507753,0.23381804004311563,1.0,0.8,0.5214398175477981
0,79,MEND162,1664,GGTCTCTGAATGGACT-1,14307,29084,0.24095064550638198,0.007723496590658488,0.1842123292386532,1.0,0.6,0.5044276714324951
0,80,MEND162,1905,TACCTCCACACCAATG-1,12851,35659,0.24067501127719879,0.004624326962988568,0.23775712940841914,1.0,0.7,0.5127035647630691
0,81,MEND162,911,CGAACCTCTTTCCTAG-1,10231,39200,0.24062876105308534,0.0078011158023260615,0.21279937401413918,1.0,0.5,0.5065382808446884
0,82,MEND162,86,AAGCGTCCCTCATCGA-1,14598,31612,0.24051148742437362,0.009200754453747411,0.26887908205389977,1.0,0.9,0.5320677697658539
0,83,MEND162,2425,TTCGCGCGCCATACGA-1,18092,32622,0.24039180129766463,0.009504118928273264,0.25445384308695795,1.0,0.8,0.5191464573144913
0,84,MEND162,764,CCACGGCAGGTGTAGG-1,13434,38693,0.24036017805337906,0.009416220700855373,0.2550132364034653,1.0,0.6,0.5021778285503388
0,85,MEND162,2420,TTCGAACGAAACATGC-1,16636,40209,0.24015283286571504,0.014602145807825671,0.1318681251257658,1.0,0.9,0.5345329403877258
0,86,MEND162,2386,TTAGCCATAGGGCTCG-1,12560,41222,0.24010801762342454,0.0097244939253187,0.1709512544795871,1.0,0.8,0.5199089229106904
0,87,MEND162,674,CACTGACGATTGTGGA-1,19257,35656,0.23973545283079148,0.009731833914832337,0.2266274482011795,1.0,0.6,0.506857430934906
0,88,MEND162,364,AGCGAGACGTGAAGGC-1,10813,37177,0.23958759307861327,0.012793154008964856,0.317602476850152,1.0,0.6,0.5078261017799377
0,89,MEND162,1603,GGCTCCTCCACCTGTT-1,14598,32624,0.23927824199199677,0.010885061519565161,0.19694757759571074,1.0,0.6,0.50875164270401
0,90,MEND162,719,CATAGGGACACTTGTG-1,10522,40717,0.23921806067228318,0.009338316894400796,0.2434865303337574,1.0,0.7,0.5052188605070114
0,91,MEND162,1369,GATTTGCGCTAACACC-1,19257,40713,0.2390347257256508,0.0064032088642730625,0.30140940472483635,1.0,0.7,0.5142052710056305
0,92,MEND162,183,ACATGCTTACGGCAGC-1,9357,40717,0.23900110870599747,0.0072438813481632645,0.22102585732936858,1.0,0.9,0.5172993391752243
0,93,MEND162,1422,GCCGCATTAGTCCGGC-1,9357,20489,0.2390008583664894,0.012114778451115426,0.31521385461091994,1.0,0.6,0.5314054936170578
0,94,MEND162,235,ACGCAAACTAATAGAT-1,18092,34645,0.2388982430100441,0.009792879785447581,0.20819677729159594,1.0,0.7,0.5204862833023072
0,95,MEND162,1746,GTCGCCGTTGTGTGTT-1,16927,31611,0.23889240622520447,0.00630692812663456,0.2875543475151062,1.0,0.7,0.5239721387624741
0,96,MEND162,1763,GTCTGTAGGTTGAACA-1,15763,39703,0.23888051509857178,0.008521632946782591,0.28544593751430514,0.9,0.9,0.4709018588066101
0,97,MEND162,1630,GGGCGGCAAATGAATT-1,17510,27565,0.23879943042993546,0.009023453386246279,0.24571557473391295,1.0,0.9,0.5411411762237549
0,98,MEND162,2135,TCGAGCCAGGCAGGCC-1,15181,31612,0.23868511766195297,0.01135247250169487,0.32961077615618706,1.0,0.5,0.5013972163200379
0,99,MEND162,1488,GCTAGCTTGAATAGCT-1,17219,29083,0.2386186197400093,0.009002094749319171,0.15696990229189395,0.9,0.9,0.47845849990844724
0,100,MEND162,1092,CTATATCCAGCCTGGC-1,13434,37681,0.23848954290151597,0.011416160846626259,0.290844040364027,1.0,0.7,0.4996328830718994
0,101,MEND162,330,AGATAATCACACCTAT-1,8193,41729,0.23846013844013214,0.009486249056424886,0.26072329804301264,1.0,0.6,0.5142820090055465
0,102,MEND162,1560,GGATCTACCGTTCGTC-1,13434,41727,0.2381882518529892,0.012166463632933217,0.2752652131021023,0.9,0.7,0.473791116476059
0,103,MEND162,1841,GTTGTAGATTTATGAG-1,22751,38689,0.2381720244884491,0.010009741675409233,0.27460666820406915,1.0,0.6,0.5083920568227768
0,104,MEND162,1035,CGTGACCAGTCCTCTG-1,20421,34644,0.2381284013390541,0.01100948334252384,0.31472101211547854,1.0,0.7,0.5199808120727539
0,105,MEND162,958,CGCCGCGTTCTGAACG-1,17510,39702,0.2379485249519348,0.007239758364448105,0.24694911316037177,0.8,0.6,0.41452449560165405
0,106,MEND162,1426,GCCGTCGGTTTCGGGC-1,16345,38692,0.2379233345389366,0.006779382969954363,0.2332368366420269,1.0,0.6,0.5110085129737854
0,107,MEND162,2456,TTGACTACCATATGGT-1,16345,24532,0.23778413534164428,0.01072291536245123,0.12352740662172437,1.0,0.9,0.532839122414589
0,108,MEND162,266,ACTACGCGTTAGAATT-1,20713,33127,0.2377806782722473,0.009171530835201839,0.2189359188079834,1.0,0.5,0.5047884225845337
0,109,MEND162,158,ACAATGAATACGGAGA-1,13434,31613,0.23751476407051086,0.010811484740886442,0.2838823521509767,1.0,0.7,0.5261311858892441
0,110,MEND162,11,AAACGGTTGCGAACTG-1,21586,36667,0.23750365078449248,0.010965442644924273,0.4040229290723801,0.9,0.7,0.46551922857761385
0,111,MEND162,942,CGATTTGTCATTAATG-1,11687,40716,0.2374797210097313,0.008663708796008368,0.19943539910018443,0.9,0.6,0.46448563039302826
0,112,MEND162,820,CCCTCGATAATACACA-1,12851,37681,0.23747629821300506,0.010449643792080788,0.16858434900641442,1.0,0.6,0.5070765256881714
0,113,MEND162,1856,TAAAGCGGTATTTCCA-1,18674,34645,0.23709344267845153,0.012363473005505271,0.26489040032029154,0.9,0.8,0.47703519463539124
0,114,MEND162,1547,GGACTCGACAGCGCAT-1,17801,37174,0.23704154491424562,0.013672275143459199,0.21162998620420695,0.9,0.8,0.46549337208271024
0,115,MEND162,1376,GCAAGAATTCCTTGGC-1,14889,25038,0.23700522035360336,0.01075951028302172,0.3272015580907464,1.0,0.7,0.5173103868961334
0,116,MEND162,1517,GCTGTATTACTGGCCC-1,15472,26049,0.23700491935014725,0.01085943966007566,0.3480398178100586,1.0,0.6,0.52519089281559
0,117,MEND162,139,AATTCCAAGCATGTAC-1,21295,36161,0.236977282166481,0.008267849883562235,0.15778363384306432,1.0,0.7,0.5162255078554153
0,118,MEND162,403,AGGGTGCCGTTCTTTA-1,14016,35658,0.23695072233676912,0.007440766867421114,0.2330018337816,1.0,0.6,0.5089207559823989
0,119,MEND162,1760,GTCTCCGCCTCAATAC-1,22168,38689,0.23687050640583038,0.010086494626527179,0.17889053132385016,1.0,0.8,0.5133514523506164
0,120,MEND162,2220,TGAACAAGCAGGGACT-1,14889,36164,0.2368416115641594,0.008369317437870836,0.2602795369923115,1.0,0.5,0.4972319185733795
0,121,MEND162,1635,GGGCGTTTACATTCAT-1,11978,36165,0.23644540458917618,0.013172056159308974,0.17473008409142493,1.0,0.8,0.515352663397789
0,122,MEND162,71,AAGACCCAACTGAACA-1,20130,33127,0.23639126121997833,0.007746070417909542,0.20860675983130933,1.0,0.6,0.5085966944694519
0,123,MEND162,1439,GCGAAGAATCTGACGG-1,28865,36158,0.23630656450986862,0.00663810047416058,0.22140755727887154,1.0,0.7,0.5181939899921417
0,124,MEND162,1493,GCTCAATCCGTTTATT-1,14598,29589,0.23626744747161865,0.009276768348487495,0.24019741639494896,1.0,0.9,0.5249359220266342
0,125,MEND162,840,CCGCGTAGGTAAGGGC-1,10813,17960,0.23619507998228073,0.006823351041208708,0.3487508647143841,1.0,0.7,0.5292079865932464
0,126,MEND162,1075,CTACTCAAGGTATAGT-1,16636,33129,0.23605166524648666,0.009660180529753214,0.3927625626325607,1.0,0.6,0.5004462212324142
0,127,MEND162,2298,TGGATGGCATCTTGGA-1,18092,41725,0.2358710527420044,0.004578269799139102,0.2554253596812487,0.8,0.6,0.40455935299396517
0,128,MEND162,994,CGGATTCTGCCTTATG-1,12851,41727,0.2358531415462494,0.005502756588137688,0.15563653837889432,0.9,0.6,0.46423826813697816
0,129,MEND162,272,ACTCCAATATCATCAT-1,12851,34647,0.23575177937746047,0.007849806218074268,0.11993220206350089,1.0,0.5,0.50843346118927
0,130,MEND162,797,CCCAATGAGATTTGCA-1,16054,33129,0.23567063957452775,0.007384341916479993,0.30779559146612884,1.0,0.4,0.4964046984910965
0,131,MEND162,1854,GTTTGGTGATCGGTGC-1,15472,36163,0.2356059342622757,0.006684770825388715,0.2283862303942442,1.0,0.6,0.500933027267456
0,132,MEND162,1015,CGGTGAAGACTAAAGT-1,11104,20488,0.2355695217847824,0.007685365735268434,0.2636281006038189,1.0,0.7,0.5175803124904632
0,133,MEND162,967,CGCGGCTCAACTTGAA-1,32650,24525,0.23553622663021087,0.006454946671043696,0.32593994960188866,1.0,0.7,0.5247031331062317
0,134,MEND162,1216,GAAACCTATACAAATG-1,19548,33127,0.23550672680139542,0.005950788490914436,0.22000353895127772,1.0,0.6,0.5116967529058456
0,135,MEND162,1565,GGATGTCCTTACCGCA-1,30903,20480,0.23550577014684676,0.006012084450977642,0.30603758096694944,0.9,0.7,0.4744841009378433
0,136,MEND162,1621,GGGATGGTCGTAACCG-1,16927,26554,0.23550013303756714,0.009950356810310031,0.3051141507923603,0.9,0.7,0.4695763349533081
0,137,MEND162,1443,GCGACCCAACCATCTG-1,14016,32624,0.2352381393313408,0.007038305135906251,0.37255842685699464,0.9,0.7,0.4627775907516479
0,138,MEND162,1367,GATTGCTCCAGTTGCA-1,12269,34647,0.23514726907014846,0.00842006236673487,0.1790992511436343,1.0,0.8,0.5239240020513535
0,139,MEND162,2445,TTCTTGGACGATCTGC-1,13725,29084,0.2350668340921402,0.009961264433568075,0.3387370899319649,1.0,0.7,0.5106293588876725
0,140,MEND162,1996,TATATCAAAGTGATCT-1,15181,38692,0.23501527160406113,0.010816942203009544,0.2510206621140242,1.0,0.5,0.5042052537202835
0,141,MEND162,1965,TAGCTAGTGATGATGG-1,18383,33128,0.23498623967170715,0.0076831737157988305,0.20334995798766614,0.9,0.6,0.4640652537345886
0,142,MEND162,245,ACGGACGCAGCGACAA-1,9066,40211,0.2349851131439209,0.009954715561237878,0.2654934644699097,1.0,0.6,0.507591825723648
0,143,MEND162,2035,TCAACTAACGTATAAC-1,9940,18466,0.23496855199337005,0.0074839392878177,0.37419174015522005,0.9,0.6,0.47795297801494596
0,144,MEND162,1416,GCCCGTTCACACAATT-1,15763,41726,0.23492027819156647,0.006448552323165956,0.21500823833048344,1.0,0.7,0.5167414456605911
0,145,MEND162,1607,GGCTGTCCTACTGCGG-1,18966,41219,0.23490731716156005,0.011606501892079638,0.1673471972346306,1.0,0.6,0.5033067435026168
0,146,MEND162,1693,GTAACTGCCCAAGGAG-1,17801,36162,0.23489421159029006,0.009796083136193286,0.25307043492794035,0.9,0.8,0.47366465628147125
0,147,MEND162,1620,GGGATATTGATCGCCA-1,11104,40716,0.23483422994613648,0.00826892657431492,0.20445988997817038,1.0,0.7,0.5182046383619309
0,148,MEND162,579,ATTATCGGAATGTACG-1,21004,37678,0.23478847742080688,0.012164579326367827,0.21763803921639918,1.0,0.5,0.4978997200727463
0,149,MEND162,2099,TCCCTGGCTCGCTGGA-1,12269,19476,0.2347121372818947,0.008417970944579833,0.24098544269800187,0.8,0.7,0.4181985676288605
0,150,MEND162,1117,CTCGAGGCAAGTTTCA-1,13725,39198,0.23469628691673278,0.008432622452889406,0.21865781769156456,1.0,0.8,0.5253287017345428
0,151,MEND162,1543,GGACCTCTAGGCCGCC-1,13142,32119,0.2346654549241066,0.008128316610547043,0.34621677100658416,1.0,0.5,0.5130306631326675
0,152,MEND162,932,CGAGTGAAGGTACCAG-1,12851,30602,0.2346325546503067,0.006199518941735757,0.3479209803044796,1.0,0.6,0.5010293692350387
0,153,MEND162,709,CATACACGGTTCCCAC-1,20421,33633,0.23462141454219818,0.005981819103384883,0.2508595511317253,1.0,0.7,0.5126703381538391
0,154,MEND162,1142,CTGATCCCTTTATGCA-1,12851,38693,0.23450089246034622,0.008905061393520737,0.2319041036069393,1.0,0.5,0.4896054804325104
0,155,MEND162,1589,GGCCTGCTCTGATGTT-1,23042,39195,0.23446130901575088,0.008391915552855112,0.2241297598928213,1.0,0.7,0.5159646838903427
0,156,MEND162,750,CCAACCTTATGTAACT-1,16345,36669,0.23424720168113708,0.004988247592391626,0.25889228340238335,1.0,0.9,0.5261511892080307
0,157,MEND162,2012,TATGGTCTGAGTAACA-1,21295,20990,0.23422925770282746,0.009488914900156697,0.27973214983940126,0.9,0.7,0.46937763392925264
0,158,MEND162,270,ACTATTTCCGGGCCCA-1,16345,32623,0.23422325402498245,0.004886770242740078,0.3253215916454792,1.0,0.6,0.5063760280609131
0,159,MEND162,1061,CTAAATCCGGTGTACA-1,14598,33635,0.23415045887231828,0.008486057222748757,0.3338320076465607,1.0,0.6,0.5063202798366546
0,160,MEND162,715,CATACTTCTTTCTCCG-1,19548,37173,0.23411845564842224,0.008565438660550966,0.2223165135830641,1.0,0.7,0.5157742500305176
0,161,MEND162,1355,GATGACAAGTAGGGCA-1,14016,31612,0.2341028481721878,0.006777920825711718,0.23981387726962566,1.0,0.5,0.5078386157751084
0,162,MEND162,1311,GAGGAATATCTCTTTG-1,17510,38691,0.2339300587773323,0.004487263979963549,0.16828914983198046,1.0,0.9,0.5181655138731003
0,163,MEND162,634,CACAATGAGCTGCTAT-1,18966,24025,0.23389315158128737,0.007061082189068249,0.3379618115723133,1.0,0.7,0.5088273346424103
0,164,MEND162,749,CCAAATCAAAGGGCAA-1,10813,39199,0.23366646021604537,0.0087261919069551,0.27630448192358015,1.0,0.7,0.5101917803287506
0,165,MEND162,1585,GGCCGAGACTCTGGTG-1,13725,34141,0.23364603519439697,0.008564907194890444,0.15091713462024928,0.9,0.8,0.4757436037063599
0,166,MEND162,260,ACGTTCGTTCAGGAAA-1,17219,33128,0.23348211944103242,0.009362284336067912,0.25366602297872304,1.0,0.6,0.5058949202299118
0,167,MEND162,660,CACGAGCAAACCAGAC-1,10813,40211,0.23347610235214233,0.007489001556229958,0.2496685191988945,0.9,0.5,0.44867866337299345
0,168,MEND162,2131,TCGAATATCCCGCAGG-1,13725,32118,0.23346881121397017,0.008789240602262067,0.17798868659883738,1.0,0.9,0.5264442890882493
0,169,MEND162,1083,CTAGGGATAGGGACAA-1,16927,38691,0.23330822885036467,0.0059287570344299925,0.10351259782910346,1.0,0.9,0.5215197652578354
0,170,MEND162,45,AACCCGACAACCCGTG-1,16927,36668,0.23327565789222718,0.00578438957091622,0.23959091752767564,1.0,0.0,0.47238952219486235
0,171,MEND162,948,CGCACGTCTGTTTATG-1,13725,37175,0.2332204297184944,0.011387027543093954,0.1672486774623394,1.0,0.7,0.5026745587587357
0,172,MEND162,1303,GAGCATCAACAACTTG-1,13142,35153,0.2331562876701355,0.010087906917410449,0.18397580534219743,0.9,0.8,0.4713012993335724
0,173,MEND162,122,AATCCCGCTCAGAGCC-1,20713,41218,0.23315478563308717,0.007198938648938834,0.2902795411646366,0.7,0.5,0.35463954210281373
0,174,MEND162,1979,TAGTAGCTTATACCAG-1,16927,33634,0.23305547386407852,0.0050374545937783444,0.32929872423410417,1.0,0.4,0.4843325763940811
0,175,MEND162,1601,GGCTACTATACACTCC-1,17219,35151,0.232932348549366,0.012775235598259329,0.23358587957918645,1.0,0.6,0.5087471157312393
0,176,MEND162,1588,GGCCGTTTGGGTTTCA-1,17510,32623,0.2328174039721489,0.013591184362437418,0.2511874422430992,1.0,0.6,0.5075698614120483
0,177,MEND162,1934,TACTCTTTCGTCTTCA-1,17801,32117,0.23266058266162873,0.009285628851852289,0.11914118379354477,1.0,0.7,0.5079084485769272
0,178,MEND162,156,ACAAGTAATTGTAAGG-1,10522,41728,0.23260892927646637,0.00815265473927836,0.15846648793667556,1.0,0.5,0.5090556412935257
0,179,MEND162,960,CGCCGTTCAGCATAGT-1,34688,32110,0.2324451759457588,0.0097701824184808,0.25030924193561077,0.9,0.7,0.47054824233055115
0,180,MEND162,1991,TATAGAGTCGCTTGAA-1,17801,35151,0.23239082396030425,0.009443809188448294,0.3112741932272911,1.0,0.4,0.49016873836517333
0,181,MEND162,1728,GTCATCCCAAACTCAC-1,11104,41728,0.23237560093402862,0.005989226526663046,0.24970822185277938,0.9,0.5,0.45266667306423186
0,182,MEND162,788,CCATGGCAAACGCTCA-1,16054,40209,0.23230546414852143,0.010037648774178074,0.11141593493521214,1.0,0.6,0.515037116408348
0,183,MEND162,323,AGAGAAGGAGTACAAT-1,14307,32118,0.23222402930259706,0.008712341602200501,0.2705269195139408,1.0,0.6,0.5047099024057389
0,184,MEND162,643,CACAGTTCGCTTCCCA-1,37600,30086,0.23221349269151687,0.00662581465048141,0.2639519475400448,1.0,1.0,0.5246982038021087
0,185,MEND162,1500,GCTCCTGACATACTGG-1,13725,31107,0.23192541152238846,0.008578216152097218,0.24885461553931237,1.0,0.9,0.5279303103685379
0,186,MEND162,1935,TACTGAACAGATTTAG-1,17219,31106,0.23191103637218474,0.008950978280226023,0.22957605235278605,1.0,0.7,0.5111226916313172
0,187,MEND162,1682,GGTTAGTTACGGCGCC-1,11104,16442,0.231831856071949,0.006539422142268196,0.3851085342466831,0.8,0.5,0.41400180459022523
0,188,MEND162,225,ACCTACTATAAATCTA-1,21295,37172,0.23174135982990265,0.007241349616959449,0.34674131199717523,1.0,0.6,0.49789993464946747
0,189,MEND162,448,AGTGCGTAGCTCGTAA-1,16636,26049,0.23169329166412353,0.01009916800772233,0.20954634826630353,0.7,0.7,0.3735740542411804
0,190,MEND162,2391,TTAGTAGGGCGGCGGG-1,11978,19982,0.23164592832326888,0.007390500035976,0.2784144140779972,0.8,0.6,0.40938288271427153
0,191,MEND162,2295,TGGACTGTTCGCTCAA-1,25662,21494,0.2315778136253357,0.011231630706384154,0.3082658529281616,1.0,0.8,0.5289682418107986
0,192,MEND162,300,ACTTGTTACCGGATCA-1,21004,40713,0.23157120794057845,0.004538223760681243,0.2825497306883335,0.7,0.5,0.34964497983455656
0,193,MEND162,559,ATGGGACCTGCTGAAC-1,13434,33636,0.2315633401274681,0.005709045371805215,0.21273098960518838,0.9,0.6,0.46996926367282865
0,194,MEND162,58,AACGTACTGTGGGTAC-1,16636,27060,0.23156076073646545,0.00905839527538351,0.09695023484528065,0.9,0.5,0.45827685594558715
0,195,MEND162,1614,GGGACCCGTATATCTT-1,19839,31610,0.23153136819601058,0.008821401060162421,0.25195193439722063,0.9,0.7,0.4655116409063339
0,196,MEND162,1126,CTCTACATCCTGCGTG-1,23624,39194,0.2315134659409523,0.007815618054250057,0.24184227921068668,0.9,0.7,0.4649099260568619
0,197,MEND162,612,CAACGCGATGAGCCAA-1,14889,40209,0.23137115240097045,0.009723891731333766,0.24513812959194184,1.0,0.6,0.5010892182588578
0,198,MEND162,1533,GGAAAGTCTTGATTGT-1,16927,40714,0.23132284730672836,0.011160838711515651,0.2708579324185848,0.8,0.7,0.41559763848781583
0,199,MEND162,382,AGGACAGTCGAATCCC-1,29156,24527,0.23123786747455596,0.006966052366227341,0.23790126331150532,0.9,0.6,0.4703083783388138
0,200,MEND162,651,CACCCGGTTTGTGACT-1,15763,29589,0.23121940344572067,0.00878527879284839,0.2619113904424012,1.0,0.7,0.5188783913850784
0,201,MEND162,718,CATAGCGTTGCCCACC-1,16636,30094,0.23120846897363662,0.009340775098428254,0.28086370043456554,0.9,0.6,0.46892988979816436
0,202,MEND162,1852,GTTTGGGTTTCGCCCG-1,30903,34640,0.23119824826717378,0.00537554555325968,0.2584950849413872,0.9,0.8,0.4722721606492996
0,203,MEND162,915,CGAATGGTAGGTCGTC-1,12851,39704,0.2311527118086815,0.006501624693355029,0.15359343830496072,1.0,0.6,0.5181309431791306
0,204,MEND162,744,CATTATCCCATTAACG-1,13434,36670,0.23110297620296477,0.007399965961926477,0.20001609064638615,1.0,0.5,0.48839726448059084
0,205,MEND162,2451,TTGACAGGAGCTCCCG-1,33232,26548,0.23109786659479142,0.010112882895761878,0.2610499083995819,0.9,0.9,0.4775246143341064
0,206,MEND162,2313,TGGGCCCATACTAATT-1,30321,26549,0.23107394576072693,0.00895855157690036,0.17915700590237976,1.0,0.8,0.5243393868207932
0,207,MEND162,1787,GTGCCTGAGACCAAAC-1,30321,37675,0.23103110045194625,0.003665567333093009,0.1647909816354513,0.7,0.6,0.36412757337093354
0,208,MEND162,1670,GGTGCATAAATGATTA-1,18092,36668,0.23102892190217972,0.010808331809928445,0.20395408757030964,1.0,0.3,0.4880072832107544
0,209,MEND162,1750,GTCGGGTGAAGTACCG-1,38182,39189,0.2309996724128723,0.010944874545595475,0.41765364408493044,0.7,0.5,0.36417954564094546
0,210,MEND162,1179,CTTACACGGTATTCCA-1,17510,18463,0.23098438680171968,0.008984819976483304,0.26992688328027725,1.0,0.7,0.5233925461769104
0,211,MEND162,2466,TTGCACAATTCAGAAA-1,21004,24530,0.23097413331270217,0.008849106928303607,0.2606433808803558,0.7,0.6,0.3691032826900482
0,212,MEND162,1797,GTGGGAACAAACCGGG-1,18092,38691,0.230955271422863,0.007572111981199512,0.17174641154706477,1.0,0.7,0.5116180568933487
0,213,MEND162,1363,GATTAGAAACAAGCGT-1,17510,40714,0.23088711351156235,0.007257192066064047,0.22797651924192905,0.8,0.7,0.4229915738105774
0,214,MEND162,984,CGCTTTCTTGCATTCG-1,29156,18458,0.23087955117225648,0.006755142446799863,0.3219272144138813,1.0,0.8,0.5278949022293091
0,215,MEND162,1246,GAATAGTGCTCGATTA-1,14889,33129,0.2308697745203972,0.0074139204243521455,0.17958210445940495,1.0,0.7,0.5104862183332444
0,216,MEND162,1200,CTTGGCCAAGCTGGGA-1,21004,33633,0.23082619309425353,0.012802159174548617,0.2033563878387213,1.0,0.8,0.5108440667390823
0,217,MEND162,698,CAGGCGCACGGTGGTC-1,12560,31107,0.23076824545860292,0.0069224410377952544,0.24078252948820592,1.0,0.3,0.48848865628242494
0,218,MEND162,2173,TCTACGCACGATCTCC-1,12851,40716,0.23074990063905715,0.006636957794935434,0.16230194307863713,1.0,0.5,0.49861966371536254
0,219,MEND162,1497,GCTCCATGCAAAGCAA-1,20421,37679,0.23070890903472902,0.0072497161791968065,0.15238963924348353,1.0,0.5,0.4891336649656296
0,220,MEND162,2443,TTCTTGAGCCGCGCTA-1,16345,26555,0.23066600859165193,0.0057753982757207225,0.2841362148523331,0.8,0.5,0.4086508214473724
0,221,MEND162,753,CCAAGCGTAACTCGTA-1,25080,19471,0.2305341124534607,0.013772743463552208,0.222565408796072,0.9,0.8,0.47760272324085234
0,222,MEND162,1681,GGTTAGGGATGCTAAT-1,8484,41223,0.23049090355634688,0.008363312621220203,0.29113215319812297,0.8,0.5,0.4097583323717117
0,223,MEND162,28,AAATCGTGTACCACAA-1,20713,25036,0.23048486411571503,0.009484079023726001,0.27129950001835823,0.7,0.5,0.35632656812667846
0,224,MEND162,1217,GAAACTCGTGCGATGC-1,11395,16948,0.23045008182525634,0.006584325967830439,0.3552842549979687,0.9,0.5,0.46104616522789
0,225,MEND162,2041,TCAATCCGGGAAGTTT-1,34688,40202,0.2303270474076271,0.00520348528231641,0.2298919502645731,0.8,0.6,0.4183022230863571
0,226,MEND162,607,CAAACGGTCGCACTTT-1,16054,17958,0.23031340092420577,0.006260546122733491,0.3630048006772995,0.9,0.5,0.45465663969516756
0,227,MEND162,2251,TGATTTATTAGCTGTG-1,14307,22004,0.23023145347833635,0.006592579048896827,0.28969602286815643,0.7,0.6,0.368595689535141
0,228,MEND162,2016,TATTAACCTGACCGCG-1,17510,31611,0.23018579483032225,0.009513421775700899,0.1702810287475586,1.0,0.6,0.5013524651527405
0,229,MEND162,1455,GCGCGGTCTAGTAACT-1,21877,37172,0.230168941617012,0.009378907248550563,0.21763770133256913,0.9,0.6,0.4571140319108963
0,230,MEND162,329,AGATAACTTCAGGGCC-1,17219,18969,0.23016543686389923,0.008356048014071613,0.2572573222219944,0.8,0.7,0.41220601201057433
0,231,MEND162,2262,TGCATGTGGTAATCTA-1,27991,17447,0.23009586036205293,0.008694282702906179,0.36033448576927185,0.9,0.8,0.47151805758476256
0,232,MEND162,1414,GCCCGCGCGTAAACGG-1,16345,27566,0.2300703838467598,0.009146320256572445,0.1729499761015177,0.9,0.7,0.46979856193065644
0,233,MEND162,1780,GTGATTCGCCGCTCAA-1,16054,27060,0.23001491725444795,0.013891014963877549,0.29122515991330145,0.9,0.8,0.4700785905122757
0,234,MEND162,2046,TCACAGGTTATTGGGC-1,18383,18968,0.229987071454525,0.011956971626345547,0.28686110898852346,0.9,0.6,0.4534619987010956
0,235,MEND162,1049,CGTTCAAGGAAACGGA-1,17801,38185,0.2299393594264984,0.009257101646671534,0.23115761913359165,0.9,0.5,0.45200872123241426
0,236,MEND162,514,ATCATAGATCGACGAG-1,17219,40208,0.2298561677336693,0.007039290165900328,0.1274095069617033,0.8,0.5,0.406620854139328
0,237,MEND162,100,AAGTGAGTCGGGTTTA-1,18383,34139,0.22977578788995742,0.009329877909830229,0.27408721931278707,1.0,0.7,0.5058828383684159
0,238,MEND162,353,AGCCCATACATGTAAG-1,11978,24028,0.2295900896191597,0.009754554724990143,0.2153771176934242,0.8,0.7,0.4238026410341263
0,239,MEND162,2373,TTACCCTAGGGATTGG-1,21295,33127,0.22956168055534362,0.00869001432022985,0.2653852619230747,0.8,0.8,0.4211815118789673
0,240,MEND162,580,ATTATTATGTCCGTCA-1,15181,32623,0.22954877614974975,0.005833124528897572,0.3417617790400982,0.9,0.5,0.4589598149061203
0,241,MEND162,684,CAGAGGCGATGCATGA-1,18383,30094,0.22953419983386994,0.008795744784580091,0.14623921718448402,1.0,0.9,0.522976067662239
0,242,MEND162,1674,GGTGGGATTAGGTCCC-1,13725,41221,0.22953173518180847,0.008516712129343573,0.27633799724280833,0.7,0.6,0.36354933083057406
0,243,MEND162,263,ACTACAAAGAGAGGTG-1,18674,38691,0.22952346354722977,0.004888867987363212,0.23013662584125996,1.0,0.0,0.46850703060626986
0,244,MEND162,1194,CTTCTATTAATGCTAG-1,18092,28577,0.2294781818985939,0.00787454324117554,0.2359330490231514,1.0,0.7,0.5162480741739273
0,245,MEND162,1384,GCACGCCGATTCCCGC-1,26536,39193,0.2294642373919487,0.00755284667579589,0.16298779249191284,0.7,0.5,0.36060927510261537
0,246,MEND162,1269,GACCGACTGAAGCGTC-1,10813,19982,0.22941855043172837,0.006976157218945515,0.2640407720580697,0.9,0.6,0.4682258039712906
0,247,MEND162,315,AGACCCGCCCTCCTCG-1,20713,15933,0.22937262058258057,0.011987318874896232,0.3270352497696877,0.9,0.9,0.4758745789527893
0,248,MEND162,936,CGATCCACCATTGTTG-1,20130,39196,0.22928641885519027,0.009870867293843658,0.30155123211443424,0.9,0.5,0.45970054268836974
0,249,MEND162,1577,GGCACTCCACTGGGCA-1,17801,19980,0.22928286641836165,0.00544862521209681,0.1691900873556733,0.9,0.5,0.4505564570426941
0,250,MEND162,1846,GTTTCCTGGAGGGTGA-1,18674,15428,0.22920038551092148,0.009028167669982892,0.13276306632906199,1.0,0.8,0.515392518043518
0,251,MEND162,361,AGCGACAGGAACGGTC-1,15181,28578,0.22918145060539247,0.013927308142245302,0.1361026894301176,1.0,0.5,0.5251807451248169
0,252,MEND162,645,CACATCGTGCACGCGC-1,15472,33129,0.22909846007823945,0.007400040202909134,0.15488603115081787,0.8,0.7,0.4155342787504196
0,253,MEND162,1678,GGTTACCGCTCCCTAC-1,17219,41220,0.22901446521282195,0.01128085693217584,0.15982011146843433,0.9,0.6,0.45884605646133425
0,254,MEND162,1336,GATAGTGCGAGTAAGT-1,17219,37174,0.22901274710893632,0.0047671506168651305,0.22638741731643677,1.0,0.5,0.4967156708240509
0,255,MEND162,1171,CTGTAGCCATCTCACT-1,17801,31105,0.229010871052742,0.00866646826597293,0.21246402934193612,0.8,0.8,0.4173065423965454
0,256,MEND162,477,ATACGGTGAAGATGCA-1,7610,19478,0.22898145765066147,0.012019324530902554,0.29110770877450703,1.0,0.8,0.5258657217025757
1,1,MEND162,788,CCATGGCAAACGCTCA-1,16054,40209,0.17529456466436386,0.01916583939259431,-0.17556922622025012,0.1,0.0,0.04603604674339294
1,2,MEND162,109,AATAACACTAGAACAA-1,15472,29083,0.17462592720985412,0.014248967573379552,-0.07167043536901474,0.2,0.0,0.09039034545421601
1,3,MEND162,38,AACAGCTGTGTGGCAA-1,13434,32624,0.1724087968468666,0.017566338945508818,-0.08781422823667526,0.2,0.0,0.08646509945392608
1,4,MEND162,68,AACTCTCAGTGTGCTC-1,16345,29589,0.16973781287670137,0.012417759993267729,-0.180769832059741,0.1,0.0,0.04115610718727112
1,5,MEND162,1433,GCCTCATCTGGAAATA-1,32068,23514,0.16922018826007842,0.01864567179292005,0.035279580950737,0.1,0.0,0.04652020633220673
1,6,MEND162,1273,GACGACGATCCGCGTT-1,24789,29080,0.1684488147497177,0.01050325573336751,-0.08358034789562226,0.0,0.0,0.0
1,7,MEND162,361,AGCGACAGGAACGGTC-1,15181,28578,0.16810496300458908,0.011690213332727835,-0.17456541880965232,0.3,0.0,0.13011701107025148
1,8,MEND162,354,AGCCCGCAACAAGCAG-1,20130,37173,0.1680797591805458,0.013787652049638048,-0.18005894236266612,0.0,0.0,0.0
1,9,MEND162,1521,GCTTATGAAGCAGGAA-1,30321,20481,0.16799338907003403,0.01765888142109558,-0.10308707226067781,0.0,0.0,0.0
1,10,MEND162,2240,TGAGTGTAACAACGGG-1,34979,39696,0.16786708533763886,0.016400545909591984,-0.06533605009317398,0.1,0.0,0.04792274534702301
1,11,MEND162,1620,GGGATATTGATCGCCA-1,11104,40716,0.1678072988986969,0.01425831603765761,-0.13468696232885122,0.0,0.0,0.0
1,12,MEND162,2362,TTAAGCGCCTGACCCA-1,17219,17957,0.1673635110259056,0.013080121217257826,-0.036286027356982234,0.0,0.0,0.0
1,13,MEND162,2131,TCGAATATCCCGCAGG-1,13725,32118,0.1671249523758888,0.013215062849289808,-0.15885924696922302,0.0,0.0,0.0
1,14,MEND162,1823,GTTCAGTCGCCAAATG-1,21877,38184,0.16690851002931595,0.014105580866138806,-0.11044985130429268,0.1,0.0,0.046605265140533446
1,15,MEND162,691,CAGCGATTCCCTTCAA-1,16927,29589,0.16670030802488328,0.01448681546297728,-0.07605928927659988,0.2,0.0,0.087717005610466
1,16,MEND162,1805,GTGTCAGTGTACGTGG-1,16636,37174,0.16647081822156906,0.01629646780399211,-0.1331521265208721,0.1,0.0,0.0475657045841217
1,17,MEND162,139,AATTCCAAGCATGTAC-1,21295,36161,0.16631465703248977,0.014411244298636012,-0.1996824000030756,0.0,0.0,0.0
1,18,MEND162,306,AGAACTGTACTTTGTA-1,32359,40202,0.16612255796790124,0.018530074460161184,-0.07199342101812363,0.0,0.0,0.0
1,19,MEND162,810,CCCGTAGCTGGGAAGA-1,15763,31612,0.16587036103010178,0.007891301227791275,-0.09417132697999478,0.0,0.0,0.0
1,20,MEND162,2420,TTCGAACGAAACATGC-1,16636,40209,0.16582617312669753,0.0131075613304482,-0.23978944458067417,0.1,0.0,0.0452190101146698
1,21,MEND162,903,CCTTCAGTTAAAGTGA-1,18092,33634,0.16576296240091323,0.019701242447905314,-0.1396068215370178,0.0,0.0,0.0
1,22,MEND162,1709,GTAGCTCCGGGAGGCT-1,15181,35658,0.16555764377117158,0.009833721466939581,-0.23758925087749957,0.0,0.0,0.0
1,23,MEND162,1871,TAAGCGCGAATCAAAT-1,11687,35659,0.1655023530125618,0.011502810888069025,-0.031872228160500525,0.0,0.0,0.0
1,24,MEND162,1115,CTCCTCCAGCTCACAC-1,18966,34139,0.16546911150217056,0.015752813065929676,-0.11972574926912785,0.1,0.0,0.04440016746520996
1,25,MEND162,1684,GGTTCGCATTTGCCGT-1,34397,40707,0.16533473432064055,0.012262178964926118,-0.16268892399966717,0.0,0.0,0.0
1,26,MEND162,2181,TCTATGCTATAACGAC-1,31776,35146,0.16532433927059173,0.013509242432836755,-0.09718787223100663,0.0,0.0,0.0
1,27,MEND162,715,CATACTTCTTTCTCCG-1,19548,37173,0.16531014293432236,0.012611039826116003,-0.1280422739684582,0.0,0.0,0.0
1,28,MEND162,1994,TATATAGGGCTTTACG-1,14016,34647,0.1652928665280342,0.014154713620006417,-0.052053649351000784,0.0,0.0,0.0
1,29,MEND162,32,AAATTAACGGGTAGCT-1,21295,19978,0.16521200388669968,0.011904343765364995,-0.08192940782755613,0.0,0.0,0.0
1,30,MEND162,1846,GTTTCCTGGAGGGTGA-1,18674,15428,0.16519657224416734,0.010061717301317469,-0.19580427072942258,0.0,0.0,0.0
1,31,MEND162,265,ACTACCATCCGAGGGC-1,12560,40210,0.16497517824172975,0.013935183675732076,-0.04493616372346878,0.0,0.0,0.0
1,32,MEND162,2190,TCTCTTACCGCGAACC-1,16927,35657,0.1649646654725075,0.013013233149181251,-0.15940278880298137,0.0,0.0,0.0
1,33,MEND162,1184,CTTAGTTGAGGAATCG-1,14016,36670,0.16496360599994658,0.015025527180846363,-0.09304678179323674,0.0,0.0,0.0
1,34,MEND162,2032,TCAACCATGTTCGGGC-1,19257,15428,0.1649204045534134,0.014716975740013318,-0.04109789505600929,0.0,0.0,0.0
1,35,MEND162,2352,TGTTCCGGCCTGAGCT-1,23624,38183,0.16491658687591554,0.01606318149065399,-0.21541642881929873,0.0,0.0,0.0
1,36,MEND162,1046,CGTGTCTCGTTACGAC-1,14307,33130,0.164716736972332,0.015208739887381893,-0.05998218357563019,0.1,0.0,0.04098675549030304
1,37,MEND162,561,ATGGGTGTATACCTCC-1,11395,35153,0.1645777016878128,0.018614938199216495,-0.18294881340116262,0.0,0.0,0.0
1,38,MEND162,2273,TGCGACGGCCGAACGT-1,13725,33130,0.16450341790914536,0.01427647182815309,-0.15069975517690182,0.1,0.0,0.043270787596702574
1,39,MEND162,197,ACCATCGTATATGGTA-1,16636,24026,0.16445956528186798,0.011955476015107632,-0.1322999455034733,0.0,0.0,0.0
1,40,MEND162,262,ACGTTGTCGTTGAAAG-1,13434,40715,0.16444527059793473,0.014033815822999557,-0.11348415911197662,0.0,0.0,0.0
1,41,MEND162,1786,GTGCCGCTTCAAAGGT-1,17219,25037,0.16432711780071257,0.014310373864667013,-0.1546975664794445,0.0,0.0,0.0
1,42,MEND162,1530,GGAAACAGAGCTTGGG-1,11978,41222,0.16422342509031296,0.01856160414195628,-0.10955156236886979,0.0,0.0,0.0
1,43,MEND162,1800,GTGGTGATGGTTTGTG-1,41094,30085,0.16419741809368132,0.012593507257386616,-0.10674507264047861,0.0,0.0,0.0
1,44,MEND162,1272,GACCTTCCACGTCTAC-1,25953,36159,0.16400678753852843,0.009418299429801543,-0.10186350271105767,0.0,0.0,0.0
1,45,MEND162,1516,GCTGGGAGCGCGTCAA-1,14016,39704,0.16391900926828384,0.010300692567560618,-0.11487469412386417,0.0,0.0,0.0
1,46,MEND162,132,AATGTGCTAATCTGAG-1,13725,36164,0.16388823986053466,0.01268467115168588,-0.2674593150615692,0.0,0.0,0.0
1,47,MEND162,333,AGATACTCAAGATCGA-1,28283,26044,0.16387147307395936,0.010126587047829459,-0.0710792127996683,0.0,0.0,0.0
1,48,MEND162,1754,GTCTATACACGCATGG-1,18966,40208,0.163869009912014,0.012179832662964121,-0.17937414199113846,0.0,0.0,0.0
1,49,MEND162,2090,TCCCAAACATCCTCTA-1,14598,40715,0.1638588637113571,0.014870164510215025,-0.10024401843547821,0.0,0.0,0.0
1,50,MEND162,342,AGCACTACCGGCCTGT-1,10231,19983,0.16379745602607726,0.013749710838617259,-0.08464675024151802,0.1,0.0,0.046331387758255
1,51,MEND162,914,CGAATGACGCATAATG-1,21004,34644,0.16367398351430892,0.019031785676397576,-0.1653357997536659,0.1,0.0,0.04151533544063568
1,52,MEND162,363,AGCGACTTTGAAGACA-1,17510,41725,0.16363560855388642,0.009738682292420748,-0.2268133983016014,0.0,0.0,0.0
1,53,MEND162,706,CAGTTCGAGGACCCGA-1,18674,37679,0.16358932852745056,0.016124132374931575,-0.1903192650526762,0.0,0.0,0.0
1,54,MEND162,1776,GTGATCAAGCGTGCAC-1,12269,35659,0.163543002307415,0.013614809243522555,-0.16211292669177055,0.0,0.0,0.0
1,55,MEND162,318,AGACGACGATGCCGCT-1,14016,29590,0.16350894868373872,0.015226345751105954,-0.19774845391511917,0.0,0.0,0.0
1,56,MEND162,670,CACTCCTATGTAAGAT-1,14889,31106,0.16349946111440658,0.013746477057235161,-0.11935267858207226,0.0,0.0,0.0
1,57,MEND162,1668,GGTGACTGATAGAGAG-1,41094,35142,0.16348179429769516,0.013557734062716072,-0.10538828540593385,0.0,0.0,0.0
1,58,MEND162,1687,GGTTTAATTACCATCG-1,15763,34646,0.16338875889778137,0.01577787267263451,-0.015597821772098541,0.0,0.0,0.0
1,59,MEND162,1630,GGGCGGCAAATGAATT-1,17510,27565,0.16337641477584838,0.008874402258146718,-0.13460691422224044,0.0,0.0,0.0
1,60,MEND162,1661,GGTCGGCCAGGAGCTT-1,28865,18964,0.1632421538233757,0.010584683911765527,-0.14513505324721337,0.0,0.0,0.0
1,61,MEND162,2224,TGACAACTTAAAGGTG-1,14598,41726,0.16320043951272964,0.016661653321542843,-0.13310546204447746,0.0,0.0,0.0
1,62,MEND162,746,CATTCGTCGTAGCGGT-1,39929,34131,0.16314387023448945,0.009733274973371413,-0.06579884197562932,0.0,0.0,0.0
1,63,MEND162,2406,TTCAGCCCTGGTCCAC-1,29156,26550,0.163136126101017,0.014712287057771242,-0.1952396512031555,0.0,0.0,0.0
1,64,MEND162,89,AAGCTCTTTCATGGTG-1,27991,31607,0.1630799412727356,0.011716212748178266,-0.11406221762299537,0.0,0.0,0.0
1,65,MEND162,1479,GCTAACTGAAGTCTGA-1,30030,32112,0.1630437418818474,0.011028935462274101,-0.14253480806946756,0.0,0.0,0.0
1,66,MEND162,1861,TAAATTTAGTAACACC-1,15763,38692,0.16297204345464705,0.01299092834164856,-0.22507480587810277,0.0,0.0,0.0
1,67,MEND162,684,CAGAGGCGATGCATGA-1,18383,30094,0.1627642869949341,0.015213990981756688,-0.20124160759150983,0.0,0.0,0.0
1,68,MEND162,2141,TCGCCACCCGGATTAC-1,9940,40717,0.16271208673715593,0.01286875208089037,-0.13701045252382754,0.0,0.0,0.0
1,69,MEND162,2435,TTCTAGAAAGTCTTAT-1,17801,33128,0.16252343654632567,0.015321405365349584,-0.15113713927567005,0.0,0.0,0.0
1,70,MEND162,2459,TTGAGAGTACTGCTAA-1,15472,25038,0.1625020131468773,0.015312765050797043,-0.07679460011422634,0.1,0.0,0.045768851041793825
1,71,MEND162,216,ACCGATATTTAATCAT-1,39347,30086,0.16249026358127594,0.01540204767047927,-0.12600693553686143,0.0,0.0,0.0
1,72,MEND162,302,ACTTTCCTATAGCTTC-1,22459,16944,0.1624457448720932,0.01662424786429228,-0.06983103230595589,0.0,0.0,0.0
1,73,MEND162,883,CCTCTACAAGGATTGG-1,12269,36670,0.1623943865299225,0.014520475506153228,-0.09153882469981908,0.0,0.0,0.0
1,74,MEND162,1203,CTTTAATATTGGTCGA-1,25662,28574,0.16238515079021454,0.01237269579950962,-0.19316444601863622,0.0,0.0,0.0
1,75,MEND162,2196,TCTGATGTATTCTGTC-1,28574,28573,0.16236282736063004,0.009472043618787122,-0.11627040654420853,0.0,0.0,0.0
1,76,MEND162,2016,TATTAACCTGACCGCG-1,17510,31611,0.16229976415634156,0.014248267254364795,-0.18231292441487312,0.0,0.0,0.0
1,77,MEND162,857,CCGTGAGGCATTCATG-1,39347,20983,0.16229643076658248,0.011260857872008196,-0.08320417478680611,0.0,0.0,0.0
1,78,MEND162,2347,TGTGTAGTAGCACGTG-1,38182,32109,0.16229396164417267,0.013209867552116174,-0.0444725239649415,0.0,0.0,0.0
1,79,MEND162,569,ATGTCTTGTTTGACTC-1,14307,40209,0.16214511096477507,0.013252327974350345,-0.08492830917239189,0.0,0.0,0.0
1,80,MEND162,1292,GAGACTGATGGGTAGA-1,20713,16944,0.16211516559123992,0.013754571055248598,-0.014010847918689251,0.0,0.0,0.0
1,81,MEND162,1462,GCGGATTACTTGTTCT-1,36435,40201,0.16202408969402313,0.013042365455641585,-0.09407246448099613,0.0,0.0,0.0
1,82,MEND162,466,ATAAGGTGGAGAACAT-1,25371,28068,0.1619807943701744,0.011229652504891744,-0.0780433302745223,0.0,0.0,0.0
1,83,MEND162,1032,CGTCGCTTGGTTATAC-1,11687,34648,0.16195646077394485,0.012398133796951875,-0.19900359511375426,0.0,0.0,0.0
1,84,MEND162,661,CACGCAGCGAGGCTTT-1,16927,18463,0.1618826150894165,0.012468319939434456,0.045277515053749086,0.0,0.0,0.0
1,85,MEND162,1796,GTGGCTGTTTCTGTTC-1,31194,38180,0.16184744238853455,0.015026387681875721,-0.040423864126205446,0.0,0.0,0.0
1,86,MEND162,119,AATATTGGAGTATTGA-1,10813,20994,0.1618326187133789,0.014134447477202862,-0.20527256578207015,0.0,0.0,0.0
1,87,MEND162,2063,TCAGGTTCTTTGAGAA-1,16636,17957,0.16176671981811525,0.013969218078134305,-0.10485280565917492,0.0,0.0,0.0
1,88,MEND162,2000,TATCCTATCAACTGGT-1,21586,37678,0.16169399470090867,0.013217945947668987,-0.21825517863035201,0.0,0.0,0.0
1,89,MEND162,477,ATACGGTGAAGATGCA-1,7610,19478,0.1616562783718109,0.013789092731931121,-0.05950818061828613,0.0,0.0,0.0
1,90,MEND162,760,CCACCAACTTTACTGT-1,16054,29083,0.16163240671157836,0.012391947903893264,-0.18631010912358761,0.2,0.0,0.08488088250160217
1,91,MEND162,1872,TAAGGCATAACATCAA-1,18674,31611,0.16158810257911682,0.010592049394173422,-0.2635032251477242,0.0,0.0,0.0
1,92,MEND162,78,AAGATGGCACCGGACC-1,15763,32623,0.16148151308298112,0.012393892632628472,-0.14718006402254105,0.1,0.0,0.04058525562286377
1,93,MEND162,2474,TTGCGGAAAGCTGCCC-1,16636,41220,0.1614749625325203,0.011689556830915224,-0.045539887808263305,0.0,0.0,0.0
1,94,MEND162,2297,TGGAGTGATGCGATGA-1,16345,17452,0.1614518016576767,0.014879873237252253,-0.11657474935054779,0.0,0.0,0.0
1,95,MEND162,806,CCCGCAGCGCGAACTA-1,23915,27563,0.16141443848609924,0.015950651985099908,-0.2240799881517887,0.0,0.0,0.0
1,96,MEND162,1659,GGTCAGTGGGTCCCAC-1,22459,27058,0.1613674506545067,0.01129407606945479,-0.10320871453732253,0.0,0.0,0.0
1,97,MEND162,46,AACCCGAGCAGAATCG-1,37308,31603,0.1613241970539093,0.015169139476380659,-0.02875427845865488,0.0,0.0,0.0
1,98,MEND162,851,CCGGGTTCGAGGTTAC-1,13725,22004,0.16131552159786225,0.015352391320874719,-0.1719273181632161,0.0,0.0,0.0
1,99,MEND162,2313,TGGGCCCATACTAATT-1,30321,26549,0.1613154947757721,0.017124489639060592,-0.18503288887441158,0.1,0.0,0.04617242515087128
1,100,MEND162,2174,TCTAGCATCTTCGATG-1,16927,14417,0.16128572076559067,0.014365056050691008,-0.0236638356000185,0.0,0.0,0.0
1,101,MEND162,967,CGCGGCTCAACTTGAA-1,32650,24525,0.16122284829616546,0.014802021789860705,-0.05719327628612518,0.0,0.0,0.0
1,102,MEND162,1448,GCGAGTTCTGCAAAGA-1,22751,20484,0.16119276136159896,0.015655406070122353,-0.043286706507205966,0.0,0.0,0.0
1,103,MEND162,1663,GGTCTCCGTCCAGGTT-1,33815,34639,0.1611911028623581,0.012081976868063393,0.11940976586192846,0.0,0.0,0.0
1,104,MEND162,2506,TTGTTTCACATCCAGG-1,16636,32117,0.16118007004261017,0.011147196245940955,-0.10061562694609165,0.0,0.0,0.0
1,105,MEND162,357,AGCCCGGTAGCCTGTA-1,18674,33634,0.16115828603506088,0.012983257992325699,-0.260456083714962,0.0,0.0,0.0
1,106,MEND162,2243,TGATCACCACACTGAC-1,19257,37679,0.16111046820878983,0.011274636841204572,-0.09110265634953976,0.0,0.0,0.0
1,107,MEND162,1414,GCCCGCGCGTAAACGG-1,16345,27566,0.16108649224042892,0.009838100353225146,-0.18459071815013886,0.0,0.0,0.0
1,108,MEND162,50,AACCTCGCTTTAGCCC-1,28283,34135,0.16106276512145995,0.010138981386408305,-0.13450776785612106,0.0,0.0,0.0
1,109,MEND162,1648,GGTAACCGGGAGGATA-1,12269,31613,0.16105739027261734,0.012350140205410068,-0.08777409940958023,0.0,0.0,0.0
1,110,MEND162,250,ACGGCGACGATGGGAA-1,26827,27562,0.16102773398160936,0.014880699484831004,-0.17307925671339036,0.0,0.0,0.0
1,111,MEND162,2022,TATTGACATTTCTGCC-1,38473,20477,0.1609851360321045,0.017381031953816236,-0.177900517731905,0.0,0.0,0.0
1,112,MEND162,1196,CTTGAGTTAGGGTAAT-1,31485,22503,0.1609836846590042,0.015053226787838657,-0.03324371948838234,0.1,0.0,0.04448791742324829
1,113,MEND162,7,AAACCTAAGCAGCCGG-1,28574,35653,0.16098152250051498,0.011150262550088073,-0.1461018703877926,0.0,0.0,0.0
1,114,MEND162,414,AGGTGGTGACCTTCGC-1,20713,35150,0.16097831428050996,0.021365159379827164,-0.15260658115148545,0.1,0.0,0.04406859278678894
1,115,MEND162,924,CGAGAGCTTTCACTAC-1,30030,35146,0.16097216606140136,0.007838899146675172,-0.21614283174276352,0.0,0.0,0.0
1,116,MEND162,2066,TCAGTGTATACGTCAT-1,14889,32118,0.1609334722161293,0.011031751272858433,-0.19139578863978385,0.0,0.0,0.0
1,117,MEND162,1407,GCCAGGAAAGAACACT-1,14598,38692,0.16089299470186233,0.016467494217329945,-0.1180325124412775,0.1,0.0,0.046219393610954285
1,118,MEND162,1238,GAAGGAGTCGAGTGCG-1,21877,36161,0.16087629348039628,0.011686100835414822,-0.2476183995604515,0.0,0.0,0.0
1,119,MEND162,2402,TTCAATACTCTGAATC-1,29447,21998,0.16085274666547775,0.014284103513457994,-0.1411878239363432,0.0,0.0,0.0
1,120,MEND162,2073,TCATGAAGCGCTGCAT-1,8775,41729,0.16084305942058563,0.011357270328521794,-0.14655192457139493,0.0,0.0,0.0
1,121,MEND162,1326,GAGTCAGACCAGAATC-1,18383,31105,0.16083909273147584,0.016028559418633667,-0.13078367635607718,0.0,0.0,0.0
1,122,MEND162,626,CAATATTCTTGACCTA-1,16054,30095,0.16083827018737792,0.011954039412420545,-0.13553020395338536,0.0,0.0,0.0
1,123,MEND162,334,AGATATAATACGACTA-1,25371,35148,0.1608232378959656,0.011354988920566222,-0.1611654218286276,0.0,0.0,0.0
1,124,MEND162,1194,CTTCTATTAATGCTAG-1,18092,28577,0.1608230397105217,0.013296388643449559,-0.12240419313311576,0.0,0.0,0.0
1,125,MEND162,2343,TGTGGCAAAGCGTATG-1,29738,17447,0.16081248074769974,0.020876503803061885,-0.14266424886882306,0.1,0.0,0.047581803798675534
1,126,MEND162,1134,CTCTTCTGGAAGTTAG-1,16054,34140,0.16080102920532227,0.011384209362484642,-0.09889078103005886,0.0,0.0,0.0
1,127,MEND162,2338,TGTCGTGGGTATAGGC-1,23915,40711,0.1607700876891613,0.0161424890715217,-0.24453690387308596,0.0,0.0,0.0
1,128,MEND162,984,CGCTTTCTTGCATTCG-1,29156,18458,0.16075778007507324,0.01929769604097897,-0.04685823991894722,0.1,0.0,0.04591946005821228
1,129,MEND162,734,CATGCACATGAGAGGC-1,10522,39705,0.16075666546821593,0.016938859166142333,-0.11195812933146954,0.0,0.0,0.0
1,130,MEND162,1164,CTGGGATAAATAATGG-1,28865,21998,0.16074997335672378,0.009255577008177146,-0.13126671873033047,0.0,0.0,0.0
1,131,MEND162,766,CCACTCAGATCCGCAA-1,27700,39193,0.16074389964342117,0.014477396344753044,-0.10126187987625598,0.0,0.0,0.0
1,132,MEND162,993,CGGATGAATGCTGTGA-1,10813,38188,0.16058581471443176,0.016836037191943733,-0.12736436128616332,0.1,0.0,0.04244597256183624
1,133,MEND162,634,CACAATGAGCTGCTAT-1,18966,24025,0.16057195365428925,0.012486447577569188,-0.04084822423756122,0.0,0.0,0.0
1,134,MEND162,1346,GATCGCGGGCTCTCCA-1,19548,20990,0.16049990504980088,0.012998373056922427,-0.16843924894928933,0.0,0.0,0.0
1,135,MEND162,1278,GACGGGTTGGCCCGTA-1,19257,33633,0.16048671752214433,0.012290933910405808,-0.11720360293984414,0.0,0.0,0.0
1,136,MEND162,817,CCCTCAGATCGAGAAC-1,11978,39199,0.16043036729097365,0.010307992699569338,-0.10080743711441756,0.0,0.0,0.0
1,137,MEND162,1210,CTTTGCTGTCATGGAT-1,39929,27051,0.1604228898882866,0.01400851963873959,-0.038499797135591506,0.0,0.0,0.0
1,138,MEND162,1566,GGATTAATCATGGACC-1,26244,38688,0.1604067638516426,0.013854529122397903,-0.14540447778999804,0.0,0.0,0.0
1,139,MEND162,961,CGCCTCCCTCCTCTAT-1,25662,24528,0.16039869636297227,0.011530932914785066,-0.07083800211548805,0.0,0.0,0.0
1,140,MEND162,1763,GTCTGTAGGTTGAACA-1,15763,39703,0.16032229512929916,0.014495730284820289,-0.11687243711203336,0.0,0.0,0.0
1,141,MEND162,1711,GTAGTCGCGGGAATCA-1,27991,27561,0.160305979847908,0.014917126641830512,-0.1891937404870987,0.0,0.0,0.0
1,142,MEND162,1493,GCTCAATCCGTTTATT-1,14598,29589,0.16028530299663543,0.013564404753723266,-0.15069325715303422,0.0,0.0,0.0
1,143,MEND162,2456,TTGACTACCATATGGT-1,16345,24532,0.1602707639336586,0.0104919419398407,-0.27217480093240737,0.0,0.0,0.0
1,144,MEND162,1306,GAGCGCGCACGAGTAG-1,31485,27560,0.16024938672780992,0.009741098943632565,-0.17617887407541274,0.0,0.0,0.0
1,145,MEND162,893,CCTGGCTAGACCCGCC-1,16927,17452,0.1602461725473404,0.012372530459523749,-0.038178545981645585,0.0,0.0,0.0
1,146,MEND162,1517,GCTGTATTACTGGCCC-1,15472,26049,0.16023845076560975,0.01657017607828414,-0.04779024347662926,0.2,0.0,0.08478274941444397
1,147,MEND162,1316,GAGGGAGTCAGATCGC-1,16345,35657,0.16018652766942978,0.012531532124738962,-0.05854243915528059,0.0,0.0,0.0
1,148,MEND162,1084,CTAGGTCTGAAGGAAT-1,34688,20985,0.16010637879371642,0.008625299126844291,-0.08098092097789049,0.0,0.0,0.0
1,149,MEND162,1803,GTGGTTTCCGCCTTTC-1,13725,24027,0.16010518968105317,0.01114565396033442,-0.11437721755355597,0.0,0.0,0.0
1,150,MEND162,236,ACGCATACGTTTACTA-1,34106,31099,0.1600487068295479,0.013195150755702035,-0.08359864689409732,0.0,0.0,0.0
1,151,MEND162,270,ACTATTTCCGGGCCCA-1,16345,32623,0.16002516001462935,0.011905323315311437,-0.05825313720852136,0.0,0.0,0.0
1,152,MEND162,1492,GCTATCATACTCATGG-1,27118,30090,0.16001058667898177,0.014497376134317234,-0.07446326967328787,0.0,0.0,0.0
1,153,MEND162,1074,CTACTATCTTTCAGAG-1,31485,17446,0.1599990725517273,0.02160408374746428,-0.10806183498352766,0.1,0.0,0.048328864574432376
1,154,MEND162,1452,GCGCATCCAGTCAGCA-1,32068,17446,0.1599987581372261,0.01483089058797994,-0.16902689300477505,0.0,0.0,0.0
1,155,MEND162,2359,TTAACACCTCGAACAT-1,10813,14925,0.15993986427783966,0.01528107386582679,-0.11004327777773142,0.0,0.0,0.0
1,156,MEND162,367,AGCGGACACTTCGTAG-1,22459,34138,0.1599181056022644,0.012027173226876062,-0.16301017105579377,0.0,0.0,0.0
1,157,MEND162,1597,GGCGGAGTAATATTAG-1,17801,18968,0.15990889370441436,0.011389352471394762,-0.0728706568479538,0.0,0.0,0.0
1,158,MEND162,508,ATCAAAGAGCCGTGGT-1,22459,41218,0.15989868640899657,0.010427509822378849,-0.1300423987209797,0.0,0.0,0.0
1,159,MEND162,1519,GCTTAATGTAACTAAC-1,28865,24021,0.15987735092639924,0.00895770150948439,-0.058450091257691385,0.0,0.0,0.0
1,160,MEND162,1834,GTTGAGTCCCGCCGGT-1,27118,29079,0.15982874035835265,0.015372196239743532,-0.04902874790132046,0.0,0.0,0.0
1,161,MEND162,2408,TTCAGTTCAAGAGGAG-1,15472,39198,0.1598188668489456,0.012063561681735188,-0.018266278132796288,0.0,0.0,0.0
1,162,MEND162,907,CCTTTAAGGGAGCACT-1,18966,32116,0.15978596210479737,0.012004512608229928,-0.22546997666358948,0.0,0.0,0.0
1,163,MEND162,1056,CGTTTCGCTCATTACA-1,18674,20485,0.15978192836046218,0.014772044017319519,-0.20326249115169048,0.0,0.0,0.0
1,164,MEND162,2448,TTGAAGAATTCCCAGG-1,18966,18968,0.15977471992373465,0.016759352846781473,-0.13743360489606857,0.0,0.0,0.0
1,165,MEND162,1706,GTAGACACGCCTGACT-1,23915,34643,0.15976743251085282,0.012418376780311912,-0.14434642978012563,0.0,0.0,0.0
1,166,MEND162,1935,TACTGAACAGATTTAG-1,17219,31106,0.159757561981678,0.014591095694344785,-0.14679849036037923,0.0,0.0,0.0
1,167,MEND162,1910,TACGACTGCCTCTTAG-1,23624,25035,0.15975506752729415,0.013867828966308313,-0.039736198633909224,0.0,0.0,0.0
1,168,MEND162,1914,TACGCCGAGGGTACCC-1,14307,31107,0.15973410457372667,0.015267908957749127,-0.05912536382675171,0.0,0.0,0.0
1,169,MEND162,2045,TCACAGGGAATCGCAA-1,27409,26550,0.1597069039940834,0.01516313814422013,-0.11494856514036655,0.0,0.0,0.0
1,170,MEND162,202,ACCCGAGCGAAATTAC-1,12851,33636,0.1597031608223915,0.013218518446341294,-0.07571960352361203,0.0,0.0,0.0
1,171,MEND162,484,ATAGACGAAGAGAAAG-1,17510,19474,0.15969487130641938,0.01465335150097102,-0.1346446957439184,0.0,0.0,0.0
1,172,MEND162,2158,TCGTAAGACGACATTG-1,26827,16436,0.15969327092170715,0.013219568924486667,-0.19070670008659363,0.0,0.0,0.0
1,173,MEND162,1426,GCCGTCGGTTTCGGGC-1,16345,38692,0.15965480357408524,0.015963093164281537,-0.17031852044165136,0.0,0.0,0.0
1,174,MEND162,322,AGAGAAACACCAGAAA-1,14307,37175,0.15963440537452697,0.013055326751928137,-0.21013980321586131,0.0,0.0,0.0
1,175,MEND162,1269,GACCGACTGAAGCGTC-1,10813,19982,0.15962675213813782,0.016862871133401642,-0.10409312844276428,0.0,0.0,0.0
1,176,MEND162,1936,TACTGCATGATTAAAT-1,19257,41725,0.15962329506874084,0.015427417200255037,-0.07742714956402778,0.0,0.0,0.0
1,177,MEND162,441,AGTGACTGTGACACAA-1,12560,36164,0.159616319835186,0.013561063054521247,-0.09961706642061471,0.0,0.0,0.0
1,178,MEND162,2349,TGTGTTCGTATCCAAG-1,10522,18465,0.15958826690912248,0.009625821779587939,-0.06780465766787529,0.0,0.0,0.0
1,179,MEND162,2007,TATGCTCCCTACTTAC-1,22168,15427,0.1595827341079712,0.01494731781251673,-0.10131102874875068,0.0,0.0,0.0
1,180,MEND162,1667,GGTGAAGTACAGGGAT-1,15181,26555,0.15955077558755876,0.01440025362155397,-0.15466143153607845,0.0,0.0,0.0
1,181,MEND162,220,ACCGCTAGTCATTGGT-1,13725,40210,0.15954943746328354,0.013322682755738176,-0.25252135992050173,0.0,0.0,0.0
1,182,MEND162,2417,TTCCGGTTACCCACTT-1,29738,25538,0.15954160541296006,0.01573690336903186,-0.06941164247691631,0.1,0.0,0.04601939022541046
1,183,MEND162,1267,GACCAGAGCCCTGTAG-1,18092,18462,0.15953770726919175,0.017748643493784154,-0.2591871231794357,0.0,0.0,0.0
1,184,MEND162,938,CGATCCTCGCAACATA-1,16054,36163,0.15952192842960358,0.01001039636009667,-0.21573330760002135,0.0,0.0,0.0
1,185,MEND162,25,AAATAGCTTAGACTTT-1,35270,20984,0.15952033549547195,0.011645320770993046,0.07198648191988469,0.0,0.0,0.0
1,186,MEND162,507,ATCAAACACTGTTCCA-1,35562,26547,0.15951698273420334,0.012887621812344329,-0.09414316229522228,0.0,0.0,0.0
1,187,MEND162,559,ATGGGACCTGCTGAAC-1,13434,33636,0.15940285325050355,0.012613193897597543,-0.16357050687074662,0.0,0.0,0.0
1,188,MEND162,1723,GTCAACCAGGCCTATA-1,34397,35650,0.15938719511032104,0.01314271376466756,-0.10246118605136871,0.0,0.0,0.0
1,189,MEND162,235,ACGCAAACTAATAGAT-1,18092,34645,0.15937517434358597,0.012994937138513041,-0.19904936999082565,0.0,0.0,0.0
1,190,MEND162,255,ACGTATTACTCCGATC-1,32650,23514,0.15932001322507858,0.011939827133411256,0.0007106317207217216,0.0,0.0,0.0
1,191,MEND162,8,AAACCTCATGAAGTTG-1,9940,21500,0.15929626822471618,0.01266410891953264,-0.030643803626298906,0.0,0.0,0.0
1,192,MEND162,1782,GTGCAGCGTAGAGTAG-1,40511,29074,0.15929269194602966,0.01776985640838037,-0.03821995910257101,0.0,0.0,0.0
1,193,MEND162,1367,GATTGCTCCAGTTGCA-1,12269,34647,0.1592896357178688,0.010983443056837967,-0.2120929580181837,0.0,0.0,0.0
1,194,MEND162,948,CGCACGTCTGTTTATG-1,13725,37175,0.15927794426679612,0.009446572435459025,-0.21462820209562777,0.0,0.0,0.0
1,195,MEND162,101,AAGTGCAAAGGTAGAC-1,7319,16950,0.15923416912555693,0.00954784988780757,-0.19109885804355145,0.0,0.0,0.0
1,196,MEND162,1213,CTTTGGGATTGTTGCA-1,17219,34140,0.15919095873832703,0.01768679527499316,-0.10678824614733458,0.0,0.0,0.0
1,197,MEND162,1934,TACTCTTTCGTCTTCA-1,17801,32117,0.15919017791748047,0.011746876408913422,-0.2622572258114815,0.0,0.0,0.0
1,198,MEND162,2296,TGGAGAATAATCGTCC-1,17219,39197,0.15918800234794617,0.011459670074830137,-0.35461913608014584,0.0,0.0,0.0
1,199,MEND162,2414,TTCCGCGTGAGGCGAT-1,23042,26046,0.15917590707540513,0.012905182934864387,-0.13536184057593345,0.0,0.0,0.0
1,200,MEND162,1549,GGACTCTTCCGGTTGA-1,40220,31602,0.15914420336484908,0.013459942674469698,-0.12366098258644342,0.0,0.0,0.0
1,201,MEND162,1179,CTTACACGGTATTCCA-1,17510,18463,0.15914400070905685,0.012684637132867093,-0.10504186842590571,0.0,0.0,0.0
1,202,MEND162,2335,TGTCCGCAAACAATTC-1,19257,39702,0.15912844687700273,0.012857687988904245,-0.09471899308264256,0.0,0.0,0.0
1,203,MEND162,2249,TGATTCGTCTATCACT-1,16345,18463,0.15908005088567734,0.01318706679145585,-0.06649517863988877,0.0,0.0,0.0
1,204,MEND162,444,AGTGATAACCTGCGCG-1,30321,32618,0.15906051695346832,0.012304499849159828,-0.1904066376388073,0.0,0.0,0.0
1,205,MEND162,393,AGGCCTGAGAATCTCG-1,30030,34135,0.15905809700489043,0.011526730957678314,-0.12644286155700685,0.0,0.0,0.0
1,206,MEND162,339,AGCAACATATCTTATT-1,31485,23514,0.1590337410569191,0.0181420498528593,-0.09104799386113882,0.0,0.0,0.0
1,207,MEND162,2104,TCCGATGGTGCGACAT-1,19839,15428,0.15902768969535827,0.016374428082260865,-0.08719578832387924,0.0,0.0,0.0
1,208,MEND162,2336,TGTCCGTGGCGCCTTT-1,9649,17960,0.1590242475271225,0.011054346013789166,-0.14222766421735286,0.0,0.0,0.0
1,209,MEND162,194,ACCACCAATGTAACAA-1,35562,23513,0.15901238322257996,0.012326099544512255,-0.027637071348726748,0.0,0.0,0.0
1,210,MEND162,1715,GTAGTTTAAGCACACG-1,11104,39705,0.1590106412768364,0.014170255476959817,-0.16499514691531658,0.0,0.0,0.0
1,211,MEND162,283,ACTGAATGGCGAAAGT-1,28574,26550,0.15893960744142532,0.0181334640069594,-0.21670526247471572,0.0,0.0,0.0
1,212,MEND162,1921,TACGGCATGGACGCTA-1,37891,34637,0.15893900394439697,0.012499824389921345,-0.09902706369757652,0.0,0.0,0.0
1,213,MEND162,709,CATACACGGTTCCCAC-1,20421,33633,0.1589224874973297,0.013488418680873877,-0.14209058359265328,0.0,0.0,0.0
1,214,MEND162,317,AGACGAAGTGCCGGTC-1,32650,27560,0.1589169457554817,0.013257148124437904,-0.2151552990078926,0.0,0.0,0.0
1,215,MEND162,713,CATACTATGTAATTGT-1,18383,20991,0.15888954252004622,0.010598580335460036,-0.19772048555314542,0.0,0.0,0.0
1,216,MEND162,1555,GGAGGCCGAAGTCGTC-1,38182,23006,0.15886852592229844,0.011557602557164958,-0.1344544380903244,0.0,0.0,0.0
1,217,MEND162,96,AAGGTGATAAACCAGC-1,31194,25032,0.15885552912950515,0.011869952148990408,-0.16877066604793073,0.0,0.0,0.0
1,218,MEND162,1051,CGTTGAATACCGCGCT-1,26827,31608,0.1588326722383499,0.01638746524927849,-0.012592779844999314,0.0,0.0,0.0
1,219,MEND162,937,CGATCCGACCCAGTGC-1,18966,22002,0.15882840752601624,0.014781026800939243,-0.18315831162035465,0.0,0.0,0.0
1,220,MEND162,1352,GATCTGCTATCTAAGG-1,20713,34138,0.1588097795844078,0.01752538904867343,-0.12987312413752078,0.1,0.0,0.043162620067596434
1,221,MEND162,428,AGTCAAATGATGTGAT-1,14598,36669,0.15880755037069322,0.009920674374697765,-0.183932438865304,0.0,0.0,0.0
1,222,MEND162,1514,GCTGGCATATTCACCT-1,13434,18464,0.15880222767591476,0.013654280925955675,-0.0454469233751297,0.0,0.0,0.0
1,223,MEND162,1847,GTTTCTAGAGGCGCGG-1,31485,37674,0.15879664868116378,0.019779984706073155,-0.10828042011708021,0.0,0.0,0.0
1,224,MEND162,1083,CTAGGGATAGGGACAA-1,16927,38691,0.15878971964120864,0.012190445184238966,-0.2838900238275528,0.0,0.0,0.0
1,225,MEND162,30,AAATGACTGATCAAAC-1,21877,41218,0.15877271592617034,0.010244500587064479,-0.1403872026130557,0.0,0.0,0.0
1,226,MEND162,863,CCTAACCCAAACAAGT-1,30321,27560,0.1587717980146408,0.01004268010613301,-0.1375020805746317,0.0,0.0,0.0
1,227,MEND162,2150,TCGCTGGGCGGATTGT-1,25953,16942,0.1587558090686798,0.008513067875649422,-0.11824003010988235,0.0,0.0,0.0
1,228,MEND162,147,ACAAATCGCACCGAAT-1,28283,28067,0.15874738842248917,0.012215637792289902,-0.08870999924838543,0.0,0.0,0.0
1,229,MEND162,2221,TGAATACCGACGCGTA-1,28283,36158,0.15871468782424927,0.008967785932646992,-0.11942343711853028,0.0,0.0,0.0
1,230,MEND162,888,CCTGAGAATAAATGCA-1,14016,38692,0.15871015191078186,0.01614501913043033,-0.12560310922563075,0.0,0.0,0.0
1,231,MEND162,1870,TAAGCAGGCGACACGC-1,9940,20488,0.15870588272809982,0.013377709033176212,-0.11887493878602981,0.1,0.0,0.04458351731300354
1,232,MEND162,1171,CTGTAGCCATCTCACT-1,17801,31105,0.15868915170431136,0.01424385745588672,-0.15781622156500816,0.0,0.0,0.0
1,233,MEND162,403,AGGGTGCCGTTCTTTA-1,14016,35658,0.15866903960704803,0.012756454733544845,-0.17081365827471018,0.0,0.0,0.0
1,234,MEND162,186,ACATTCGCGCGGAATA-1,12269,39705,0.1586529016494751,0.013076651743633582,-0.3306082062423229,0.0,0.0,0.0
1,235,MEND162,442,AGTGAGACTTCCAGTA-1,29738,20481,0.1586296796798706,0.010689144315421359,-0.15626571401953698,0.0,0.0,0.0
1,236,MEND162,1998,TATCCAATTGGTTATC-1,27409,30596,0.15859285444021226,0.015643041348546625,-0.14837380386888982,0.0,0.0,0.0
1,237,MEND162,1146,CTGCAGAGAATCAGAG-1,33815,33628,0.15857030600309371,0.015257435638728147,-0.0710883105173707,0.0,0.0,0.0
1,238,MEND162,158,ACAATGAATACGGAGA-1,13434,31613,0.15856367647647857,0.014346866769904622,-0.12330024763941765,0.0,0.0,0.0
1,239,MEND162,614,CAACTGCTCATCCGAT-1,20421,32621,0.1585580065846443,0.014269448210054263,-0.16305181235074998,0.0,0.0,0.0
1,240,MEND162,2441,TTCTGCGGGTTAGCGG-1,27700,23010,0.15853389352560043,0.015559260908528489,0.022223910316824913,0.0,0.0,0.0
1,241,MEND162,1342,GATCCAACCTTTAAAC-1,7610,41729,0.15852321684360504,0.012529467161685638,-0.13251830488443375,0.0,0.0,0.0
1,242,MEND162,1967,TAGGAGGCTCGAGAAC-1,37891,39695,0.15851859301328658,0.013069392621744495,-0.11018505543470383,0.0,0.0,0.0
1,243,MEND162,24,AAATACCTATAAGCAT-1,24498,26551,0.15851759910583496,0.007486102160418496,-0.20137691162526608,0.0,0.0,0.0
1,244,MEND162,1570,GGCAAAGGCGCCAATA-1,14307,30095,0.15850398689508438,0.011258162545767616,-0.21128969974815845,0.0,0.0,0.0
1,245,MEND162,1664,GGTCTCTGAATGGACT-1,14307,29084,0.1585017889738083,0.011601978507255728,-0.23684823010116815,0.0,0.0,0.0
1,246,MEND162,364,AGCGAGACGTGAAGGC-1,10813,37177,0.15846619233489037,0.016464803410218325,-0.10037748515605927,0.0,0.0,0.0
1,247,MEND162,611,CAACCTACCGAGCAGT-1,34397,33627,0.15844530165195464,0.009789258835262655,-0.10504569858312607,0.0,0.0,0.0
1,248,MEND162,196,ACCAGTGCGGGAGACG-1,31776,27054,0.15843761414289476,0.010539002725507564,-0.03750570546835661,0.0,0.0,0.0
1,249,MEND162,1785,GTGCCCGTTCGGATTC-1,29156,22504,0.15843601226806642,0.010585548972407233,-0.10506687164306641,0.0,0.0,0.0
1,250,MEND162,2508,TTGTTTGTATTACACG-1,16345,39703,0.15843264758586884,0.01335915331989544,-0.10765445567667484,0.0,0.0,0.0
1,251,MEND162,963,CGCCTTTAGCATGCTC-1,38473,25534,0.15842742323875428,0.01581745803665105,-0.06587141081690788,0.0,0.0,0.0
1,252,MEND162,1982,TAGTCGATCACGGGTT-1,32359,27054,0.1584146112203598,0.00839335964330623,-0.14900716356933116,0.0,0.0,0.0
1,253,MEND162,631,CAATTAAGGGTGATGA-1,23333,17449,0.15840702503919601,0.016235142369769768,-0.0863098019734025,0.0,0.0,0.0
1,254,MEND162,1522,GCTTCCATGTAACCGC-1,34106,40202,0.15840304344892503,0.01222011443907273,-0.11328609175980091,0.0,0.0,0.0
1,255,MEND162,1500,GCTCCTGACATACTGG-1,13725,31107,0.15838612616062164,0.012746846797087237,-0.13515150286257266,0.0,0.0,0.0
1,256,MEND162,1961,TAGCGTCCGGTGTGGT-1,26827,29585,0.15836865901947023,0.012413385273139049,-0.06968939006328582,0.0,0.0,0.0
2,1,MEND162,266,ACTACGCGTTAGAATT-1,20713,33127,0.18358149826526643,0.015036142131991627,-0.042446584813296794,0.0,0.0,0.0
2,2,MEND162,1592,GGCGCAGGACATCTTC-1,12269,21499,0.1825644329190254,0.013384414259196427,0.010193874128162861,0.4,0.0,0.1774449735879898
2,3,MEND162,2016,TATTAACCTGACCGCG-1,17510,31611,0.18081171363592147,0.017359310380067036,-0.0747856467962265,0.0,0.0,0.0
2,4,MEND162,109,AATAACACTAGAACAA-1,15472,29083,0.17962811291217803,0.013873154838657602,-0.04308098256587982,0.2,0.0,0.09331426322460175
2,5,MEND162,1046,CGTGTCTCGTTACGAC-1,14307,33130,0.17903286665678025,0.011197698394646426,0.025698472559452058,0.1,0.0,0.04411866962909698
2,6,MEND162,1075,CTACTCAAGGTATAGT-1,16636,33129,0.17826415598392487,0.009141637308246284,0.1114591995254159,0.0,0.0,0.0
2,7,MEND162,617,CAAGCAACGTCGGAGT-1,15472,18969,0.1782552793622017,0.011462913010683268,0.04940024325624108,0.0,0.0,0.0
2,8,MEND162,915,CGAATGGTAGGTCGTC-1,12851,39704,0.17794180363416673,0.005684344702351837,-0.10814088564366102,0.0,0.0,0.0
2,9,MEND162,1877,TAAGTAACATCTTGAC-1,16054,26049,0.1776920184493065,0.023626926992007993,-0.11657806560397148,0.2,0.1,0.10184209942817687
2,10,MEND162,2141,TCGCCACCCGGATTAC-1,9940,40717,0.17749038189649582,0.008353049146421413,-0.04801424313336611,0.0,0.0,0.0
2,11,MEND162,1053,CGTTGCCCGCGTGGGA-1,17510,35657,0.17745944261550903,0.01082822182120891,-0.1122343186289072,0.0,0.0,0.0
2,12,MEND162,1354,GATCTTTGCAGGGTAT-1,15472,20992,0.17721779197454451,0.01172875507282772,0.08752031177282334,0.0,0.0,0.0
2,13,MEND162,535,ATCTGACATGGAAGGA-1,16345,34646,0.1769277811050415,0.009713243207906204,-0.03609862662851811,0.0,0.0,0.0
2,14,MEND162,2190,TCTCTTACCGCGAACC-1,16927,35657,0.17689577341079712,0.012402538498503243,-0.08891023397445678,0.0,0.0,0.0
2,15,MEND162,2014,TATGTAAAGTGCTTAA-1,17219,36163,0.17688459455966948,0.005826128404847002,-0.0383916737511754,0.0,0.0,0.0
2,16,MEND162,1279,GACGGTCAATAGAAGC-1,33523,17951,0.176842625439167,0.009201254377111239,-0.05859212428331375,0.0,0.0,0.0
2,17,MEND162,542,ATGACTATCAGCTGTG-1,16927,34646,0.17679001688957213,0.01251729828365405,0.041920998692512514,0.0,0.0,0.0
2,18,MEND162,441,AGTGACTGTGACACAA-1,12560,36164,0.17677471935749053,0.011497758732222332,0.003943362087011337,0.0,0.0,0.0
2,19,MEND162,802,CCCAGTTAAGGCGCCG-1,28283,24021,0.17667460888624192,0.008291706820072917,0.05273126512765884,0.0,0.0,0.0
2,20,MEND162,1727,GTCAGTTTGGTAGTCG-1,8193,17455,0.1763493984937668,0.0063264879097551996,-0.04108166955411434,0.0,0.0,0.0
2,21,MEND162,777,CCAGGCGAGATGGTCT-1,9066,41223,0.17604910284280778,0.01834880530160909,-0.035046883020550014,0.0,0.0,0.0
2,22,MEND162,1507,GCTGAATCTTCCAATC-1,11104,32625,0.17598194032907485,0.010166950061742515,0.032507721707224844,0.0,0.0,0.0
2,23,MEND162,2236,TGAGGTGTGTGGCGGA-1,19548,38185,0.17596151530742646,0.014481441337219935,-0.13148211315274239,0.0,0.0,0.0
2,24,MEND162,1620,GGGATATTGATCGCCA-1,11104,40716,0.17549861669540406,0.015413763963418644,-0.09006514139473439,0.0,0.0,0.0
2,25,MEND162,2331,TGTAGTGATCTATAAT-1,14016,20487,0.1751905709505081,0.013873256793270932,0.17841834016144276,0.0,0.0,0.0
2,26,MEND162,19,AAAGGGATGTAGCAAG-1,22459,14921,0.17517095804214478,0.015477294089082676,0.07338895564898848,0.1,0.0,0.04752107858657837
2,27,MEND162,1471,GCGTCCCTAAGACATA-1,16636,35151,0.17494506984949112,0.014976509064484222,-0.11187938358634711,0.0,0.0,0.0
2,28,MEND162,1061,CTAAATCCGGTGTACA-1,14598,33635,0.17483912408351898,0.01164877901115803,0.040075193718075754,0.0,0.0,0.0
2,29,MEND162,1311,GAGGAATATCTCTTTG-1,17510,38691,0.17471295297145845,0.00845967007847021,-0.12456586547195911,0.0,0.0,0.0
2,30,MEND162,1687,GGTTTAATTACCATCG-1,15763,34646,0.17462493628263473,0.009286541290107609,0.05424953028559685,0.0,0.0,0.0
2,31,MEND162,370,AGCTAACAAGCAATGT-1,14016,33635,0.17451987862586976,0.021910924637361714,-0.047016463428735736,0.1,0.0,0.04656329452991485
2,32,MEND162,1749,GTCGGGAAGCAGAAAC-1,23333,32620,0.17451652139425278,0.00967679788316425,0.05529684796929359,0.0,0.0,0.0
2,33,MEND162,43,AACATTGTGACTCGAG-1,19548,35150,0.17426884323358535,0.012859485418680521,-0.08102703914046287,0.0,0.0,0.0
2,34,MEND162,232,ACGATCATACATAGAG-1,22751,15426,0.17417703866958617,0.013083221113681485,0.062036929093301295,0.0,0.0,0.0
2,35,MEND162,2296,TGGAGAATAATCGTCC-1,17219,39197,0.1741459921002388,0.008692149182541227,-0.26348884105682374,0.0,0.0,0.0
2,36,MEND162,1548,GGACTCGTGAGTGGTC-1,15472,35152,0.17406149059534073,0.009873267003218378,-0.007387864403426647,0.0,0.0,0.0
2,37,MEND162,1160,CTGGCGATTTACATGT-1,35562,39695,0.17401716411113738,0.007662972317654578,0.14954643025994302,0.0,0.0,0.0
2,38,MEND162,625,CAATACGAGAGTCTGA-1,39347,25028,0.17391472458839416,0.03360554840599321,-0.011260166764259338,0.2,0.1,0.10430605411529541
2,39,MEND162,217,ACCGATGGTAGCATCG-1,31194,20986,0.17389321625232695,0.014204249921090664,0.0543156586587429,0.0,0.0,0.0
2,40,MEND162,1642,GGGTCAGGAGCTAGAT-1,20421,35656,0.17386743128299714,0.008759413601059519,-0.08602033853530884,0.0,0.0,0.0
2,41,MEND162,1824,GTTCCCGTAAACATAT-1,39055,32614,0.1738057479262352,0.008762573544598673,0.06302656792104244,0.0,0.0,0.0
2,42,MEND162,1403,GCATTCGAAATGAACA-1,8484,16949,0.17379890978336335,0.011528840966375324,0.1328514264896512,0.0,0.0,0.0
2,43,MEND162,914,CGAATGACGCATAATG-1,21004,34644,0.1736379846930504,0.014416346721561116,-0.10249077677726745,0.3,0.0,0.11585195064544677
2,44,MEND162,795,CCCAACATACGTCGCG-1,14598,24532,0.17362311631441116,0.010715939457593072,0.008907840773463249,0.0,0.0,0.0
2,45,MEND162,1455,GCGCGGTCTAGTAACT-1,21877,37172,0.17361140847206116,0.013997660054031505,-0.06674583926796913,0.0,0.0,0.0
2,46,MEND162,54,AACGCGACCTTGGGCG-1,19839,36667,0.1736052602529526,0.014113051875009776,-0.10589572750031948,0.0,0.0,0.0
2,47,MEND162,2059,TCAGCAGTAGGCCCTG-1,16345,33634,0.17359214127063752,0.010027415537405252,0.019584470987319948,0.0,0.0,0.0
2,48,MEND162,1823,GTTCAGTCGCCAAATG-1,21877,38184,0.17352930307388306,0.008420405150746268,-0.06911208340898156,0.0,0.0,0.0
2,49,MEND162,190,ACCAAGTCATCGGCAG-1,35270,38178,0.17341151982545852,0.010636766943750112,0.14594034254550933,0.0,0.0,0.0
2,50,MEND162,15,AAAGACTGGGCGCTTT-1,8775,17455,0.17337359935045243,0.013745230989144291,0.10762097444385291,0.0,0.0,0.0
2,51,MEND162,929,CGAGGGACTGCGGTCG-1,27118,21999,0.1733080118894577,0.010114155059886517,0.06131398230791092,0.0,0.0,0.0
2,52,MEND162,1668,GGTGACTGATAGAGAG-1,41094,35142,0.17329854071140288,0.008619653623222031,-0.04480952993035316,0.0,0.0,0.0
2,53,MEND162,1994,TATATAGGGCTTTACG-1,14016,34647,0.17319710701704025,0.009260489060275575,-0.002904308773577213,0.0,0.0,0.0
2,54,MEND162,811,CCCGTCAGCGTCTGAC-1,19257,14416,0.17314796447753905,0.013863402302347262,-0.037254652567207815,0.0,0.0,0.0
2,55,MEND162,360,AGCCCTTGGACATCCC-1,38473,31603,0.17313899397850036,0.014581591993254966,0.031224527023732664,0.0,0.0,0.0
2,56,MEND162,225,ACCTACTATAAATCTA-1,21295,37172,0.17298059314489364,0.010745545655641519,0.0528419341892004,0.0,0.0,0.0
2,57,MEND162,1630,GGGCGGCAAATGAATT-1,17510,27565,0.17291284054517747,0.009236848555642746,-0.07785699684172868,0.1,0.0,0.04402622580528259
2,58,MEND162,2356,TTAAACTCGAATTCAT-1,32068,18457,0.17288445979356765,0.01188910047591872,0.04497430343180895,0.0,0.0,0.0
2,59,MEND162,100,AAGTGAGTCGGGTTTA-1,18383,34139,0.17280403524637222,0.01747676040955249,-0.014996755495667457,0.1,0.0,0.047725099325180056
2,60,MEND162,886,CCTGAACGATATATTC-1,29156,21492,0.17273351550102234,0.01423844346861869,0.00690850056707859,0.0,0.0,0.0
2,61,MEND162,579,ATTATCGGAATGTACG-1,21004,37678,0.17271006107330322,0.015213826811706518,-0.09196408120915293,0.0,0.0,0.0
2,62,MEND162,1097,CTATGAACACCTTGCC-1,12560,39199,0.1726057857275009,0.014522450759887196,-0.08303497843444348,0.0,0.0,0.0
2,63,MEND162,715,CATACTTCTTTCTCCG-1,19548,37173,0.1725865736603737,0.010354646345687198,-0.083750768750906,0.0,0.0,0.0
2,64,MEND162,1670,GGTGCATAAATGATTA-1,18092,36668,0.17247475683689117,0.013567269581886688,-0.09032000750303268,0.0,0.0,0.0
2,65,MEND162,2103,TCCGACCGCTAATCAA-1,14889,38186,0.1724065437912941,0.009114155998821639,-0.12258648052811623,0.0,0.0,0.0
2,66,MEND162,86,AAGCGTCCCTCATCGA-1,14598,31612,0.1723895326256752,0.014614003498613198,-0.06711695427075029,0.0,0.0,0.0
2,67,MEND162,553,ATGCTCAGTGTTGCAT-1,12851,13407,0.17237478941679002,0.021175958071574522,0.04964086785912514,0.1,0.1,0.05016185045242309
2,68,MEND162,713,CATACTATGTAATTGT-1,18383,20991,0.17236794233322145,0.012405346298168623,-0.11672428026795387,0.0,0.0,0.0
2,69,MEND162,1859,TAAATGGGCTACTGAG-1,41385,34636,0.17234161496162415,0.010062768363338507,-0.022790039144456386,0.0,0.0,0.0
2,70,MEND162,373,AGCTCCATATATGTTC-1,36144,31604,0.17233186662197114,0.012069954677564927,0.05542694721370935,0.0,0.0,0.0
2,71,MEND162,2317,TGGGTGTTAAGTAGAA-1,24206,39194,0.1722680702805519,0.010064851930068642,-0.02520423159003258,0.0,0.0,0.0
2,72,MEND162,93,AAGGCGCGTAAAGCTT-1,15472,14924,0.1722559556365013,0.009330101222497033,-0.005184479430317879,0.0,0.0,0.0
2,73,MEND162,688,CAGCAGTCCAGACTAT-1,33523,28065,0.1722486823797226,0.008840496747483446,0.0778115576133132,0.0,0.0,0.0
2,74,MEND162,1157,CTGGAAATGGATGCTT-1,19839,17450,0.17219433188438416,0.011020984444984571,0.074938740208745,0.0,0.0,0.0
2,75,MEND162,2261,TGCATGTGACCCATAG-1,15472,37175,0.17216906696558,0.01184409173719364,-0.04928460735827685,0.0,0.0,0.0
2,76,MEND162,1182,CTTAGTAGGCCTACAG-1,34106,18962,0.17211712747812272,0.00931189988636479,-0.08243558835238218,0.0,0.0,0.0
2,77,MEND162,1734,GTCCAATATTTAGCCT-1,19839,35656,0.17205521017313002,0.017418089476058073,0.08387393038719893,0.0,0.0,0.0
2,78,MEND162,1322,GAGTATACCCTAATCA-1,13142,38187,0.17205126881599425,0.01404251969343776,0.02077765893191099,0.0,0.0,0.0
2,79,MEND162,2471,TTGCCTAATCCAAAGT-1,10522,37682,0.17201865017414092,0.008669845089393648,0.06443197801709175,0.0,0.0,0.0
2,80,MEND162,135,AATTAAAGGTCGGCGT-1,18966,23014,0.1719984531402588,0.010963239730809933,-0.034649363905191424,0.0,0.0,0.0
2,81,MEND162,127,AATCTGCGTTGGGACG-1,31194,18963,0.1719718888401985,0.01583817684271976,0.0531667597591877,0.1,0.1,0.05019712448120117
2,82,MEND162,763,CCACGAATTTAACCTC-1,36144,23513,0.17196577787399292,0.010036363831036635,0.055577239766716954,0.0,0.0,0.0
2,83,MEND162,693,CAGCTCTGGGCTCACT-1,14598,39704,0.17193534225225449,0.011762200958283795,0.019798216596245765,0.0,0.0,0.0
2,84,MEND162,1247,GAATCGACATGGTCAC-1,16636,15934,0.17189554125070572,0.012803747522469868,-0.00969153717160225,0.0,0.0,0.0
2,85,MEND162,1139,CTGAGAAAGTTCGGCG-1,38473,27557,0.17187245488166808,0.01687704014164889,-0.04058884382247925,0.2,0.0,0.09641511738300323
2,86,MEND162,1826,GTTCGACAATTGTATA-1,12269,37682,0.1717769369482994,0.013163275783429783,-0.08768743947148323,0.0,0.0,0.0
2,87,MEND162,2273,TGCGACGGCCGAACGT-1,13725,33130,0.1716946005821228,0.008070580711939602,-0.10521206371486187,0.0,0.0,0.0
2,88,MEND162,590,ATTCGCGCCTTGAGAG-1,35562,35650,0.1716544970870018,0.013521514870970959,-0.026108962297439576,0.0,0.0,0.0
2,89,MEND162,1512,GCTGCTACTGCGTAGC-1,26244,28573,0.17163782119750975,0.010186616282768372,-0.07482214756309986,0.0,0.0,0.0
2,90,MEND162,895,CCTGTAAGACATGATA-1,16345,21497,0.17153816521167756,0.009262624105294088,0.035421982407569885,0.0,0.0,0.0
2,91,MEND162,2411,TTCCAGACGAGATTTA-1,36726,22501,0.1715239703655243,0.012903901848721026,0.09140193555504084,0.0,0.0,0.0
2,92,MEND162,48,AACCCTACTGTCAATA-1,32359,23008,0.17150510102510452,0.011615102901175806,0.17275257520377635,0.0,0.0,0.0
2,93,MEND162,1838,GTTGGATTGAGAACAC-1,30030,18964,0.17141731083393097,0.012455432144364082,0.12541515938937664,0.0,0.0,0.0
2,94,MEND162,2326,TGTACGAACAAATCCG-1,21295,22001,0.17139530777931214,0.011582374646040682,0.08976928293704986,0.0,0.0,0.0
2,95,MEND162,2280,TGCGTTTGTTGACACT-1,26536,24022,0.17127834707498552,0.012677893475120607,-0.12511783055961131,0.0,0.0,0.0
2,96,MEND162,8,AAACCTCATGAAGTTG-1,9940,21500,0.17123894542455673,0.009485297756287035,0.043268770165741446,0.0,0.0,0.0
2,97,MEND162,881,CCTCGGATGCTACCTG-1,7319,18972,0.17122383564710617,0.011004283923458388,0.09548600390553474,0.0,0.0,0.0
2,98,MEND162,1589,GGCCTGCTCTGATGTT-1,23042,39195,0.1711656704545021,0.007400663971273946,-0.09081845730543137,0.0,0.0,0.0
2,99,MEND162,1914,TACGCCGAGGGTACCC-1,14307,31107,0.17113491594791413,0.013937930386515602,0.010797204822301865,0.0,0.0,0.0
2,100,MEND162,424,AGTATAATACTAGGCA-1,14016,15430,0.17112793624401093,0.014055322341276504,-0.048048792965710165,0.0,0.0,0.0
2,101,MEND162,1971,TAGGGAGCTTGGGATG-1,32359,20985,0.171119087934494,0.011522303871645387,0.023300841078162195,0.0,0.0,0.0
2,102,MEND162,1728,GTCATCCCAAACTCAC-1,11104,41728,0.17105432003736495,0.007784219557883211,-0.057364164292812346,0.0,0.0,0.0
2,103,MEND162,243,ACGCGGGCCAAGGACA-1,22459,19978,0.171049065887928,0.013241676999133076,-0.08091288115829229,0.0,0.0,0.0
2,104,MEND162,2143,TCGCCGACATATTCGC-1,29447,36158,0.1710095077753067,0.01028221348397029,-0.10393444821238518,0.0,0.0,0.0
2,105,MEND162,142,AATTGAACGCTCTGGT-1,28574,25538,0.17100498974323272,0.006571459321414158,0.039886032789945604,0.0,0.0,0.0
2,106,MEND162,661,CACGCAGCGAGGCTTT-1,16927,18463,0.1709994599223137,0.00800163365547468,0.10204133931547403,0.0,0.0,0.0
2,107,MEND162,1991,TATAGAGTCGCTTGAA-1,17801,35151,0.1709964469075203,0.015712478666905443,0.0011239707469940185,0.0,0.0,0.0
2,108,MEND162,1355,GATGACAAGTAGGGCA-1,14016,31612,0.17099331468343734,0.013407946927241291,-0.07714928705245257,0.0,0.0,0.0
2,109,MEND162,722,CATCATTACCCTGAGG-1,31776,29077,0.17098484188318253,0.008585801318714559,-0.036345505714416505,0.0,0.0,0.0
2,110,MEND162,994,CGGATTCTGCCTTATG-1,12851,41727,0.17093722075223922,0.011719923720685532,-0.1684170015156269,0.0,0.0,0.0
2,111,MEND162,1342,GATCCAACCTTTAAAC-1,7610,41729,0.1709210008382797,0.007881708903251537,-0.05513867754489184,0.0,0.0,0.0
2,112,MEND162,284,ACTGCCCGCCATTCTC-1,13142,37176,0.17091060280799866,0.012383083332941096,-0.06866599936038256,0.0,0.0,0.0
2,113,MEND162,1714,GTAGTTCGAAGGCGAA-1,15763,35657,0.1709083706140518,0.01230621332563216,-0.08591170385479927,0.0,0.0,0.0
2,114,MEND162,322,AGAGAAACACCAGAAA-1,14307,37175,0.17089322209358215,0.013124043624652998,-0.14176282938569784,0.0,0.0,0.0
2,115,MEND162,149,ACAACAGCATGAGCTA-1,25371,18965,0.17089102864265443,0.006706705165614101,-6.0249119997024534e-06,0.0,0.0,0.0
2,116,MEND162,771,CCAGAGACAAAGCCGG-1,10522,14420,0.17085909396409987,0.012844509200538132,-0.10230454187840224,0.0,0.0,0.0
2,117,MEND162,2352,TGTTCCGGCCTGAGCT-1,23624,38183,0.17082463651895524,0.009241178622116061,-0.17663016244769097,0.0,0.0,0.0
2,118,MEND162,911,CGAACCTCTTTCCTAG-1,10231,39200,0.17080457061529158,0.00997241531264989,-0.13119377736002208,0.0,0.0,0.0
2,119,MEND162,2124,TCCTGCGTTGATACTC-1,13142,22004,0.1707525834441185,0.013826018513025456,-0.06195910349488258,0.0,0.0,0.0
2,120,MEND162,690,CAGCCTCGATAGCGGT-1,40220,34637,0.17075234800577163,0.010955863025042496,0.06881090309470891,0.0,0.0,0.0
2,121,MEND162,916,CGACAATTTGATCTAA-1,32068,24526,0.1707084596157074,0.010063761679209918,-0.022138004004955292,0.0,0.0,0.0
2,122,MEND162,1220,GAAAGCCCTTTGGACC-1,10522,20488,0.17069558501243592,0.011823124873375711,-0.03331773914396763,0.0,0.0,0.0
2,123,MEND162,344,AGCACTTAAGGACGCC-1,14598,18464,0.17069419771432875,0.01069528820007263,0.09570009727030993,0.0,0.0,0.0
2,124,MEND162,820,CCCTCGATAATACACA-1,12851,37681,0.17058623731136321,0.01113554006939047,-0.16351110711693764,0.0,0.0,0.0
2,125,MEND162,1484,GCTACTATAGTAGAGT-1,31776,28066,0.1705675944685936,0.007196150201266241,0.0013288388028740883,0.0,0.0,0.0
2,126,MEND162,926,CGAGATTTCGCTCGGG-1,38182,24017,0.17054589688777924,0.00804301159979151,-0.04880035556852817,0.0,0.0,0.0
2,127,MEND162,630,CAATGTGCCAACCCTT-1,37891,21489,0.17052834033966063,0.00994591056813473,0.04161393269896507,0.0,0.0,0.0
2,128,MEND162,354,AGCCCGCAACAAGCAG-1,20130,37173,0.17051609605550766,0.009743211036766106,-0.1638034425675869,0.0,0.0,0.0
2,129,MEND162,2229,TGACGATGCACTAGAA-1,32068,21491,0.17049397975206376,0.00882532944653114,0.046944748237729074,0.0,0.0,0.0
2,130,MEND162,410,AGGTAGGTACAAAGCT-1,13434,20487,0.17047441750764847,0.00882744188435559,0.02266686800867319,0.0,0.0,0.0
2,131,MEND162,1936,TACTGCATGATTAAAT-1,19257,41725,0.17047011554241182,0.013030844338548621,-0.0098772332072258,0.0,0.0,0.0
2,132,MEND162,1509,GCTGCACGGTTTCTTA-1,25662,23517,0.1704226776957512,0.01109785596295701,-0.034598995745182035,0.0,0.0,0.0
2,133,MEND162,331,AGATACCAATAGAACC-1,36435,35144,0.17037669122219085,0.013080943784574169,0.0876388542354107,0.0,0.0,0.0
2,134,MEND162,132,AATGTGCTAATCTGAG-1,13725,36164,0.17033925652503967,0.01069915068265789,-0.22783244177699088,0.0,0.0,0.0
2,135,MEND162,34,AACAACTGGTAGTTGC-1,16636,16946,0.17032728791236879,0.007243953355611517,-0.12665801346302033,0.0,0.0,0.0
2,136,MEND162,2151,TCGGAATGCGCTCTGA-1,12560,17959,0.17030663788318634,0.01766251482236562,-0.0008486360311508179,0.2,0.1,0.09640171229839326
2,137,MEND162,477,ATACGGTGAAGATGCA-1,7610,19478,0.1702687382698059,0.017535170900379232,-0.009608158096671104,0.1,0.0,0.046117058396339415
2,138,MEND162,6,AAACCGTTCGTCCAGG-1,16636,29083,0.1702676683664322,0.010100973894902368,-0.07187758758664131,0.0,0.0,0.0
2,139,MEND162,2320,TGGTCCCACGCTACGG-1,25953,29079,0.17026470005512237,0.011227878798909668,-0.08434799313545227,0.0,0.0,0.0
2,140,MEND162,623,CAAGTCGTTGAAATCT-1,18383,41219,0.17025687396526337,0.011269534408907917,-0.19501189440488814,0.0,0.0,0.0
2,141,MEND162,434,AGTCGGCCCAAACGAC-1,15763,15429,0.17022116035223006,0.009953743024188905,0.03302825456485152,0.0,0.0,0.0
2,142,MEND162,1516,GCTGGGAGCGCGTCAA-1,14016,39704,0.17021702826023102,0.00861445166667362,-0.0764085803180933,0.0,0.0,0.0
2,143,MEND162,491,ATAGTTCCACCCACTC-1,34106,21996,0.17019847333431243,0.006956644891207515,0.08318487284705042,0.0,0.0,0.0
2,144,MEND162,1904,TACCTCAGTTGTCTGT-1,18966,33128,0.17018438130617142,0.009111067065377811,-0.10755927730351686,0.0,0.0,0.0
2,145,MEND162,1172,CTGTAGTGAGGATCGA-1,16927,37680,0.17005301862955094,0.011638276736088232,0.0071444202214479445,0.0,0.0,0.0
2,146,MEND162,206,ACCCGGATGACGCATC-1,33523,21996,0.17003185898065568,0.009798799460824027,-0.016032838635146617,0.0,0.0,0.0
2,147,MEND162,396,AGGCTTCCCGAAGAAG-1,16636,28072,0.1700093701481819,0.009947031259478704,-0.0027243144810199737,0.0,0.0,0.0
2,148,MEND162,2269,TGCCGTGGGACCCAAT-1,23915,38689,0.16998980641365052,0.015113064250631471,-0.14088286757469176,0.0,0.0,0.0
2,149,MEND162,938,CGATCCTCGCAACATA-1,16054,36163,0.16994699090719223,0.009320456389171682,-0.15190173014998437,0.0,0.0,0.0
2,150,MEND162,1636,GGGCTATGATCGATGG-1,19257,31610,0.16992133259773254,0.010278152682191495,-0.10613299738615752,0.0,0.0,0.0
2,151,MEND162,1780,GTGATTCGCCGCTCAA-1,16054,27060,0.16989732384681702,0.016251611815349874,-0.014615657180547715,0.0,0.0,0.0
2,152,MEND162,1492,GCTATCATACTCATGG-1,27118,30090,0.16989331990480422,0.010523238714353898,-0.01221823450177908,0.0,0.0,0.0
2,153,MEND162,1340,GATCAACATAAAGGGA-1,14889,34141,0.16988461166620256,0.01110340271714534,-0.05838685631752014,0.0,0.0,0.0
2,154,MEND162,1655,GGTAGTGCTCGCACCA-1,25371,19977,0.16984571367502213,0.00611313239392384,-0.06383409202098847,0.0,0.0,0.0
2,155,MEND162,1654,GGTAGGCCAATATCAC-1,20130,40207,0.16980070322752,0.010389875447654903,-0.11800842508673667,0.0,0.0,0.0
2,156,MEND162,680,CAGACCTGTAAGTGTT-1,33232,18457,0.16978341042995454,0.007458278769160392,-0.03985468912869692,0.0,0.0,0.0
2,157,MEND162,1713,GTAGTGAGCAACCTCA-1,37308,37672,0.16976719796657563,0.011951242884575162,0.01205255277454853,0.0,0.0,0.0
2,158,MEND162,779,CCAGGGACGTGGCCTC-1,19839,16439,0.16974701434373857,0.009971627651052495,0.0764236779883504,0.0,0.0,0.0
2,159,MEND162,1184,CTTAGTTGAGGAATCG-1,14016,36670,0.1697159931063652,0.010749263496202734,-0.062332655489444735,0.0,0.0,0.0
2,160,MEND162,870,CCTATATTTGTCCTGG-1,19548,34139,0.16970982104539872,0.011326187659051672,-0.06585324350744486,0.0,0.0,0.0
2,161,MEND162,2443,TTCTTGAGCCGCGCTA-1,16345,26555,0.16969617009162902,0.011053469497787828,-0.024706020951271057,0.0,0.0,0.0
2,162,MEND162,683,CAGAGCATGAGCTTGC-1,24789,15931,0.16963051706552507,0.007391028290396079,-0.031794624775648116,0.0,0.0,0.0
2,163,MEND162,148,ACAAATGGTAGTGTTT-1,28865,25033,0.16962495297193528,0.014698372868730202,-0.12284982409328223,0.0,0.0,0.0
2,164,MEND162,1500,GCTCCTGACATACTGG-1,13725,31107,0.1695750281214714,0.008978113934952412,-0.06499990858137608,0.0,0.0,0.0
2,165,MEND162,666,CACGTTCGTGCTCTAG-1,27991,21493,0.16956274211406708,0.011670400298885213,0.04494467629119754,0.0,0.0,0.0
2,166,MEND162,2079,TCCAATAAAGGCTACC-1,19839,34644,0.16955462992191314,0.012437491366653975,-0.03311418229714036,0.0,0.0,0.0
2,167,MEND162,1374,GCAACAGCAGTATGCG-1,35270,26041,0.16950660198926926,0.008107006242041324,-0.02165826614946127,0.0,0.0,0.0
2,168,MEND162,1443,GCGACCCAACCATCTG-1,14016,32624,0.1694940909743309,0.010152904291549004,0.043450321070849895,0.0,0.0,0.0
2,169,MEND162,1833,GTTGAACCGGTTCCAT-1,16054,24026,0.16948929876089097,0.012201857712101043,-0.07495219372212887,0.0,0.0,0.0
2,170,MEND162,2322,TGGTCTGTTGGGCGTA-1,12851,21499,0.16946402937173843,0.012400101114132455,-0.0008900009095668792,0.0,0.0,0.0
2,171,MEND162,1813,GTTAAGTTAGAGTGGG-1,38182,20983,0.16944628208875656,0.009826107616242714,0.07888339655473828,0.0,0.0,0.0
2,172,MEND162,770,CCAGAAAGCAACTCAT-1,14889,29084,0.16944359689950944,0.008367265857835276,-0.08844456933438778,0.0,0.0,0.0
2,173,MEND162,1148,CTGCCTTTAATACCTT-1,12560,35153,0.1694152370095253,0.011103510228075902,-0.12945844903588294,0.0,0.0,0.0
2,174,MEND162,1344,GATCCGGGAATTAACA-1,25662,22505,0.16940702497959137,0.010185203593896878,0.04492720514535904,0.0,0.0,0.0
2,175,MEND162,2162,TCGTCCGCTGGCGTCT-1,16054,13912,0.16940575540065766,0.01099918508325499,0.027193312905728816,0.0,0.0,0.0
2,176,MEND162,1518,GCTGTTGCTACCGAAC-1,32068,22503,0.1694043755531311,0.01314001008048533,0.00817087795585394,0.0,0.0,0.0
2,177,MEND162,1760,GTCTCCGCCTCAATAC-1,22168,38689,0.16937826871871947,0.015987664154804154,-0.15998361855745316,0.0,0.0,0.0
2,178,MEND162,775,CCAGCTGATGGTACTT-1,10522,21500,0.16936127841472626,0.011493938113344211,-0.04830831382423639,0.0,0.0,0.0
2,179,MEND162,632,CAATTTCGTATAAGGG-1,22751,21495,0.16934178173542022,0.010512010904712227,-0.013176341727375983,0.0,0.0,0.0
2,180,MEND162,1779,GTGATCCTTGTCATGA-1,28865,34135,0.16933908313512802,0.012987977949945356,0.011385872215032577,0.0,0.0,0.0
2,181,MEND162,2100,TCCCTTGTCTGAAACT-1,37891,36660,0.1692925289273262,0.018400637472105984,-0.009866739436984063,0.0,0.0,0.0
2,182,MEND162,985,CGGAAAGAATCAAACG-1,18383,32117,0.16929016411304473,0.010637859023601958,-0.044845459051430225,0.0,0.0,0.0
2,183,MEND162,1242,GAAGTGATTTATCGTG-1,18092,22508,0.1692817524075508,0.012381892446950716,0.01233003567904234,0.0,0.0,0.0
2,184,MEND162,1570,GGCAAAGGCGCCAATA-1,14307,30095,0.16927333772182465,0.012808638637990082,-0.14590669758617877,0.0,0.0,0.0
2,185,MEND162,223,ACCTAATCGACTTCCT-1,13142,18970,0.16926656365394593,0.01366088550665421,-0.03399852458387613,0.0,0.0,0.0
2,186,MEND162,2264,TGCCAGTACGTGGAGA-1,25080,28574,0.16925314515829087,0.007201957202551776,-0.04704343266785145,0.0,0.0,0.0
2,187,MEND162,1880,TAATACTAGAACAGAC-1,26827,37676,0.1692526862025261,0.008074497089317465,-0.010546235367655754,0.0,0.0,0.0
2,188,MEND162,1202,CTTGTTGCTGAGTCAA-1,27700,21999,0.16923227459192275,0.010087429056749461,0.02229037582874298,0.0,0.0,0.0
2,189,MEND162,979,CGCTTAGTATTGATAC-1,19548,36162,0.16922550052404403,0.011411792332536246,-0.1070815609768033,0.0,0.0,0.0
2,190,MEND162,1181,CTTAGATGTTTCATCC-1,25371,40205,0.16922224462032318,0.009248555540379762,-0.11127496967092157,0.0,0.0,0.0
2,191,MEND162,2015,TATGTCTCATTGTGCC-1,28283,17953,0.16918920129537582,0.007503680404167476,-0.0006381632760167122,0.0,0.0,0.0
2,192,MEND162,67,AACTCTCAATAGAGCG-1,31485,20480,0.16918541491031647,0.00770902202646897,0.16523330323398114,0.0,0.0,0.0
2,193,MEND162,639,CACAGCACCCACGGCA-1,21586,18461,0.16918161362409592,0.013213367315829679,0.031104084476828574,0.0,0.0,0.0
2,194,MEND162,1307,GAGCGCTGTTAGGTAA-1,11104,33636,0.16918041557073593,0.010341657272865902,0.027063270658254625,0.0,0.0,0.0
2,195,MEND162,1345,GATCGACACTATCTGA-1,18092,16440,0.16914616376161576,0.011760198981676975,-0.06425156090408564,0.0,0.0,0.0
2,196,MEND162,409,AGGTAGATCGAGATAT-1,14598,34647,0.16913167089223863,0.0103440762061462,-0.07017287947237491,0.0,0.0,0.0
2,197,MEND162,2088,TCCAGGCGAGTACGGT-1,21004,18461,0.1691039741039276,0.014057653466003779,0.0959399938583374,0.0,0.0,0.0
2,198,MEND162,1241,GAAGTCTCCCTAGCGA-1,30903,21492,0.1690932497382164,0.009343426834234017,0.047198590636253354,0.0,0.0,0.0
2,199,MEND162,571,ATGTTCGTCGACCCAC-1,8484,19983,0.16908571273088455,0.00768457888046576,-0.08712523449212313,0.0,0.0,0.0
2,200,MEND162,1666,GGTCTTGAGCGCTCTT-1,23333,35655,0.16906135082244872,0.006245407534541005,-0.0015989748761057853,0.0,0.0,0.0
2,201,MEND162,1068,CTAATTTCAACAACAC-1,12269,13408,0.16905896216630936,0.009326003105074745,-0.1868939684703946,0.0,0.0,0.0
2,202,MEND162,1898,TACCGCGGACTTGCAG-1,32650,19468,0.1690381646156311,0.011638547546129798,0.09929016400128603,0.1,0.0,0.046973595023155214
2,203,MEND162,2118,TCCTAACCGTCGGGCA-1,17801,34140,0.16902594566345214,0.011760762573840176,-0.11660452261567116,0.0,0.0,0.0
2,204,MEND162,1420,GCCGACCCACGACTGC-1,13142,34141,0.16901582330465317,0.00981318978249248,-0.08412625640630722,0.0,0.0,0.0
2,205,MEND162,1398,GCAGTTCGATCCGAGC-1,38764,31097,0.16901433616876602,0.01718267862841102,-0.001693911850452423,0.0,0.0,0.0
2,206,MEND162,1793,GTGCTTACATCAGCGC-1,38182,26040,0.16901102811098098,0.007100655604685307,-0.059319498389959334,0.0,0.0,0.0
2,207,MEND162,2321,TGGTCGATATACCTCT-1,15181,39703,0.16898735463619233,0.015776394244679446,-0.018617453426122664,0.0,0.0,0.0
2,208,MEND162,157,ACAATCCATTTAAACC-1,13725,20993,0.16893366426229478,0.009190395217298348,0.01610476616770029,0.0,0.0,0.0
2,209,MEND162,2022,TATTGACATTTCTGCC-1,38473,20477,0.1689227595925331,0.006715361234042426,-0.12453765273094178,0.0,0.0,0.0
2,210,MEND162,1475,GCGTGGTACTGGGTTA-1,32068,20480,0.16890993863344192,0.009593715125780099,0.047006177343428136,0.0,0.0,0.0
2,211,MEND162,2077,TCCAACTTTAAATTCT-1,16054,23015,0.1689007803797722,0.01292565696867168,0.03547983709722757,0.0,0.0,0.0
2,212,MEND162,204,ACCCGGAAACTCCCAG-1,23333,31609,0.16889176666736602,0.010242778209291111,-0.09042506217956543,0.0,0.0,0.0
2,213,MEND162,38,AACAGCTGTGTGGCAA-1,13434,32624,0.16888924092054367,0.009347559442347666,-0.10457332599908113,0.0,0.0,0.0
2,214,MEND162,292,ACTTATACTTACCCGG-1,30612,20986,0.16887989789247512,0.017328202187606088,0.04373593050986528,0.0,0.0,0.0
2,215,MEND162,324,AGAGCAGTTATGAGAC-1,9940,17454,0.1688772812485695,0.011138767254242071,0.11748103126883506,0.0,0.0,0.0
2,216,MEND162,1423,GCCGCTTGTGAGAAAC-1,16054,20992,0.16887620687484742,0.008142617968840785,0.14299340303987265,0.0,0.0,0.0
2,217,MEND162,2451,TTGACAGGAGCTCCCG-1,33232,26548,0.16887378841638565,0.014615752206304995,-0.055385100096464156,0.0,0.0,0.0
2,218,MEND162,662,CACGCGGAACTGTTGC-1,32941,24020,0.1688338190317154,0.0095150750026223,-0.06485202237963676,0.0,0.0,0.0
2,219,MEND162,215,ACCGATAGGCATAACC-1,38764,33120,0.16882256418466568,0.006444577612359349,-0.14584460239857436,0.0,0.0,0.0
2,220,MEND162,131,AATGGTCCACCGTTCA-1,9066,17960,0.16879760921001435,0.01154584229346946,0.05067966505885124,0.0,0.0,0.0
2,221,MEND162,922,CGAGACTACTGCTGCT-1,32941,39191,0.1687687024474144,0.00813545355122544,0.019223658181726933,0.0,0.0,0.0
2,222,MEND162,824,CCCTTTAATGGAGTTC-1,36144,34638,0.16876491904258728,0.013924934793022778,0.012474018428474665,0.0,0.0,0.0
2,223,MEND162,1314,GAGGCCTGTTGATACA-1,35562,34638,0.1687559649348259,0.007906805235692082,-0.03765788245946169,0.0,0.0,0.0
2,224,MEND162,552,ATGCGAGTCCCACCAC-1,34688,27053,0.16874551624059678,0.011723602021173424,-0.030885418690741063,0.0,0.0,0.0
2,225,MEND162,2437,TTCTATTAAACGCAGC-1,20421,36667,0.16870688945055007,0.009746762285324857,0.02227514972910285,0.0,0.0,0.0
2,226,MEND162,1514,GCTGGCATATTCACCT-1,13434,18464,0.16866280734539033,0.01312241891551951,0.01590674724429846,0.0,0.0,0.0
2,227,MEND162,332,AGATACCGGTGTTCAC-1,15472,23015,0.16865467578172683,0.00718555181958705,-0.02363421246409416,0.0,0.0,0.0
2,228,MEND162,819,CCCTCCTCGCTCGTAT-1,35270,28064,0.16864819675683976,0.013751382405751562,0.06831790823489428,0.0,0.0,0.0
2,229,MEND162,1246,GAATAGTGCTCGATTA-1,14889,33129,0.16861430555582047,0.012018196845332969,-0.13673106357455253,0.0,0.0,0.0
2,230,MEND162,1,AAACAGTGTTCCTGGG-1,16927,39703,0.168589748442173,0.0116354645570484,-0.18777128905057908,0.0,0.0,0.0
2,231,MEND162,1981,TAGTCCTGCACTAAGC-1,11687,37682,0.1685838520526886,0.011998670765752693,-0.04897229839116335,0.0,0.0,0.0
2,232,MEND162,538,ATCTGGGCTGTTCTTG-1,24498,33631,0.1685767263174057,0.01519619736162659,-0.07927886005491018,0.0,0.0,0.0
2,233,MEND162,195,ACCACGTGCAGCTATA-1,26536,27056,0.16854870468378066,0.005144298046426157,-0.055709343403577805,0.0,0.0,0.0
2,234,MEND162,226,ACCTCCGCCCTCGCTG-1,35562,30593,0.1685358464717865,0.008803641857401553,0.05133989434689283,0.0,0.0,0.0
2,235,MEND162,321,AGACTGTTACCGGGTC-1,17510,34645,0.16853303611278533,0.009301043994768535,-0.03820922505110502,0.0,0.0,0.0
2,236,MEND162,959,CGCCGTCTACCCATCG-1,39929,21994,0.1685263231396675,0.009545009258335123,0.16973020527511834,0.0,0.0,0.0
2,237,MEND162,2232,TGAGCCATACAGTCTC-1,15472,24026,0.16852632015943528,0.012378285901549236,0.10989779978990555,0.0,0.0,0.0
2,238,MEND162,380,AGGAACGAACGACTTC-1,39347,35143,0.168484103679657,0.010784796607602103,0.0662935933098197,0.0,0.0,0.0
2,239,MEND162,2430,TTCGTACTCCAGAACG-1,12851,17453,0.1684793770313263,0.00785707767414763,-0.060932502150535583,0.0,0.0,0.0
2,240,MEND162,1954,TAGATTCCTGGTTATT-1,10231,18971,0.1684284821152687,0.005260007411055646,-0.12991563901305198,0.0,0.0,0.0
2,241,MEND162,1347,GATCGCTACCCGATTT-1,32941,28065,0.16842517554759978,0.011782503003235733,0.014223548769950866,0.0,0.0,0.0
2,242,MEND162,2131,TCGAATATCCCGCAGG-1,13725,32118,0.16840319186449051,0.009192906697881786,-0.14946643076837063,0.0,0.0,0.0
2,243,MEND162,717,CATAGCCGCCCGGGAT-1,10813,15937,0.1683847039937973,0.009940225482171964,-0.09376878831535577,0.0,0.0,0.0
2,244,MEND162,1681,GGTTAGGGATGCTAAT-1,8484,41223,0.1683546483516693,0.012372018485695156,-0.025071871280670167,0.0,0.0,0.0
2,245,MEND162,81,AAGCCACTTGCAGGTA-1,13142,40210,0.1683493509888649,0.00826157701559762,-0.01946899201720953,0.0,0.0,0.0
2,246,MEND162,1912,TACGATGTTGATCATC-1,14598,20487,0.16828097701072692,0.011872539321762425,-0.01481799203902483,0.0,0.0,0.0
2,247,MEND162,2146,TCGCGTCCAGAAGGTC-1,12851,18465,0.16826625913381577,0.00948878099804761,0.027172636426985263,0.0,0.0,0.0
2,248,MEND162,1214,GAAACAGATGACCACC-1,31194,23009,0.16824996322393418,0.0052496331842984975,-0.007608160376548767,0.0,0.0,0.0
2,249,MEND162,1694,GTAAGTAACAGTCTGG-1,28283,23010,0.16823879033327102,0.011277814576634421,0.061098999343812466,0.0,0.0,0.0
2,250,MEND162,1726,GTCAGAATAGTCTATG-1,13725,17958,0.1682303160429001,0.009742053284376013,0.03116212822496891,0.0,0.0,0.0
2,251,MEND162,136,AATTAACGGATTTCCA-1,23624,32114,0.16822370737791062,0.010508033991089204,-0.10377143621444702,0.0,0.0,0.0
2,252,MEND162,481,ATACTACCCGTACCAC-1,34979,32616,0.16822039783000947,0.0071014805859996415,0.010085982084274293,0.0,0.0,0.0
2,253,MEND162,1852,GTTTGGGTTTCGCCCG-1,30903,34640,0.16822034418582915,0.005333110143460006,-0.05974321309477091,0.0,0.0,0.0
2,254,MEND162,1977,TAGGTTCGAGTTCGTC-1,23915,20483,0.16821937561035155,0.009700046268844891,0.08619312308728695,0.0,0.0,0.0
2,255,MEND162,2206,TCTTAGAGTGAACTCT-1,33232,24525,0.16821747720241548,0.0055992778754481885,-0.06965447813272477,0.0,0.0,0.0
2,256,MEND162,1916,TACGCTATAGAAACCT-1,34688,19973,0.16817107945680618,0.017974432308692542,0.035129953362047675,0.0,0.0,0.0
3,1,MEND162,249,ACGGCCAACATGGACT-1,20421,29587,0.10477256430312991,0.08331981164851798,-1.0476516783237457,0.1,0.1,0.061564314365386966
3,2,MEND162,36,AACAATTACTCTACGC-1,11687,17454,0.10383833106607199,0.08637138733438415,-0.9399444028735161,0.1,0.1,0.06328343749046325
3,3,MEND162,57,AACGGCCATCTCCGGT-1,15763,26555,0.10244556688703596,0.09059162382767026,-1.0561325788497924,0.2,0.2,0.11636527180671692
3,4,MEND162,1457,GCGCTAATTGAATAGA-1,24789,19977,0.10104783959686756,0.07577375108288927,-0.9369964592158795,0.2,0.2,0.11040837168693543
3,5,MEND162,1929,TACTATGGTTCCTCAG-1,18092,31611,0.0990190479438752,0.0906206909623359,-1.2803128018975258,0.1,0.1,0.06438946723937988
3,6,MEND162,70,AAGACATACGTGGTTT-1,37600,37166,0.09624621472321451,0.07783955889813628,-1.1001726537942886,0.1,0.1,0.055730849504470825
3,7,MEND162,833,CCGATTCGAGGGACCC-1,10231,22005,0.09616816285997629,0.06903477918684187,-0.9444203972816467,0.1,0.1,0.05164210200309753
3,8,MEND162,1084,CTAGGTCTGAAGGAAT-1,34688,20985,0.0940872348845005,0.07317931994442063,-1.045384582877159,0.2,0.1,0.10312181413173675
3,9,MEND162,1451,GCGCAAGAGCGCGCTG-1,33523,23008,0.09400268686003983,0.07775197201129884,-1.126552790403366,0.1,0.1,0.05933747887611389
3,10,MEND162,933,CGAGTTTATCGGACTG-1,31485,21492,0.0934002329595387,0.07667431967970215,-0.9925796836614609,0.1,0.1,0.05817100405693054
3,11,MEND162,1969,TAGGCCTATATAGTCT-1,36435,36155,0.09326828010380268,0.06893502304400838,-1.0182122822850943,0.2,0.0,0.0984900325536728
3,12,MEND162,54,AACGCGACCTTGGGCG-1,19839,36667,0.09293127171695233,0.0759815504659521,-1.1986391097307205,0.1,0.1,0.05900729894638061
3,13,MEND162,972,CGCTACGGGACATTTA-1,18383,22002,0.09205015050247312,0.06493670642018012,-1.0182722695171833,0.0,0.0,0.0
3,14,MEND162,1703,GTACTACGGCCTCGTT-1,29156,40709,0.09195884745568036,0.07253465241417119,-1.2178485333919524,0.1,0.1,0.05559775233268738
3,15,MEND162,1717,GTATCAAGGTACTTCC-1,25371,39194,0.09174455720931292,0.07455322760997811,-1.1521652579307555,0.1,0.1,0.0581819474697113
3,16,MEND162,2150,TCGCTGGGCGGATTGT-1,25953,16942,0.09172289911657572,0.0761488276252757,-1.14905771240592,0.1,0.1,0.05787975788116455
3,17,MEND162,2009,TATGGCCCGGCCTCGC-1,13142,17959,0.09100900860503316,0.06642951691121442,-1.0664226576685905,0.1,0.0,0.04864042103290558
3,18,MEND162,1984,TAGTCTGCGGCACATT-1,14889,39198,0.09096477534621954,0.06810053216365353,-1.1787609867751598,0.1,0.0,0.04930829405784607
3,19,MEND162,472,ATACAGGCCCTCCAAT-1,25371,31102,0.09082744740881026,0.0674448310759327,-1.0304729782044888,0.1,0.1,0.05078933835029602
3,20,MEND162,1828,GTTCGCTGAGACGTCT-1,36144,29581,0.09063004348427058,0.0636911935808689,-0.9760167136788368,0.1,0.1,0.050458776950836184
3,21,MEND162,1699,GTACAGAGGCAAGGGT-1,28574,21493,0.09046061141416431,0.08045901839900016,-1.1880670547485352,0.1,0.1,0.060106056928634646
3,22,MEND162,222,ACCGTGACCACGTGGG-1,15763,33635,0.09026441872119903,0.06983272272343363,-1.1174028150737285,0.2,0.1,0.09874900281429291
3,23,MEND162,1019,CGGTTGACCTGGCATA-1,11687,22511,0.09007530268281698,0.06913528951524692,-1.0194606848061085,0.1,0.1,0.05464537143707275
3,24,MEND162,1808,GTGTTACTATGCGTCC-1,26244,23516,0.08998228088021279,0.06498565639600118,-1.0512118961662054,0.1,0.0,0.04816766977310181
3,25,MEND162,1095,CTATCGCGTAGAGAAC-1,38764,32109,0.08995897127315403,0.07134094532653927,-1.1032259613275528,0.1,0.1,0.05578073263168335
3,26,MEND162,2062,TCAGGGTGTAACGTAA-1,25371,16943,0.08993484480306506,0.07608492567861722,-1.1019995223730803,0.1,0.1,0.0553912103176117
3,27,MEND162,913,CGAAGTTGCTCTGTGT-1,14598,19475,0.08971685320138931,0.07018148903346895,-1.128366719558835,0.1,0.1,0.05002536773681641
3,28,MEND162,1161,CTGGCGCACAGGTCTG-1,30321,21492,0.08970610061660408,0.06961167688235381,-0.980575930327177,0.1,0.1,0.054562002420425415
3,29,MEND162,1050,CGTTCAGACCCGCGAA-1,22168,35655,0.0894181227311492,0.07648415001444678,-1.1204621374607087,0.1,0.1,0.05864170789718628
3,30,MEND162,433,AGTCGACGGTCTCAAG-1,30612,21998,0.0887270711362362,0.06840335591078861,-1.144049632549286,0.1,0.1,0.05501781702041626
3,31,MEND162,1379,GCACAAACGAGGCGTG-1,37600,26041,0.08857813272625208,0.06667865442439518,-1.026458040997386,0.1,0.0,0.04842705130577087
3,32,MEND162,2067,TCATAAGTCCAAGAAG-1,40511,34131,0.08829284552484751,0.06344408391903686,-1.0808883979916573,0.1,0.1,0.05063969492912292
3,33,MEND162,926,CGAGATTTCGCTCGGG-1,38182,24017,0.08828811729326844,0.06176183102444192,-1.0409616611897945,0.1,0.0,0.047617757320404054
3,34,MEND162,233,ACGATCATCTTGTAAA-1,34106,20985,0.08790860455483199,0.07256344335467105,-1.0838482826948166,0.1,0.1,0.05376576781272888
3,35,MEND162,1117,CTCGAGGCAAGTTTCA-1,13725,39198,0.08742548879235983,0.061083244048740104,-1.0932857185602187,0.1,0.0,0.04537141919136047
3,36,MEND162,2487,TTGGCTCAATATGTGT-1,37308,35649,0.08730836659669876,0.06590725032126249,-1.1408528715372086,0.1,0.1,0.050736212730407716
3,37,MEND162,495,ATATACGCTCGTGACG-1,35853,34133,0.08699786905199289,0.06707882493364747,-1.1412982240319252,0.0,0.0,0.0
3,38,MEND162,1952,TAGATGGTTCCTTACT-1,32650,32617,0.08692670101299882,0.0717719296682096,-1.2308273814618587,0.2,0.2,0.10575283765792846
3,39,MEND162,751,CCAACGATGCACTGAT-1,15181,18464,0.08690950875170529,0.07312467665181963,-1.1962783113121986,0.2,0.1,0.09836869239807129
3,40,MEND162,1531,GGAAACTAAATGGGCC-1,34106,33122,0.08689589188434184,0.07769933881729571,-1.3307232767343522,0.1,0.1,0.06027782559394836
3,41,MEND162,1429,GCCTATAGTGTCAGGG-1,30903,17446,0.08687701979652047,0.07407160782474731,-1.1841925173997878,0.2,0.2,0.10719315409660339
3,42,MEND162,268,ACTATCCAGGGCATGG-1,35853,21996,0.08653688570484519,0.07209492053387671,-1.1583908587694167,0.1,0.1,0.05488672852516174
3,43,MEND162,2295,TGGACTGTTCGCTCAA-1,25662,21494,0.08648635921999812,0.0689395088514073,-1.1146923035383225,0.2,0.0,0.09516658782958984
3,44,MEND162,696,CAGGCAGTCTTACCAG-1,29156,35652,0.08645545095205306,0.05975036214942524,-1.2293339252471924,0.0,0.0,0.0
3,45,MEND162,803,CCCATATAGGTCGATT-1,38473,35649,0.08641894068568945,0.06982638111543232,-1.1525391837581993,0.2,0.0,0.09901063442230225
3,46,MEND162,2497,TTGTGATCTGTTCAGT-1,36726,37672,0.08586179595440627,0.07388184742511489,-1.349420613795519,0.1,0.1,0.053337103128433226
3,47,MEND162,493,ATATAAATGTAGCTGC-1,25953,30091,0.08579692486673593,0.0627820030808496,-1.1406846061348914,0.0,0.0,0.0
3,48,MEND162,852,CCGGTAATGGCTAGTC-1,37600,21995,0.08566204914823175,0.07178117161826728,-1.244463685154915,0.1,0.1,0.0556329607963562
3,49,MEND162,2047,TCACATCTTATCTGAT-1,10231,16948,0.08560776547528803,0.08089549992507754,-1.2817908534780145,0.1,0.1,0.05971423983573913
3,50,MEND162,812,CCCGTTTCGCAGATGT-1,35270,29076,0.08559439554810525,0.06358862163071938,-1.0243712063878774,0.1,0.0,0.04891964793205261
3,51,MEND162,44,AACCAAGACTTCTCTG-1,11395,20994,0.08558179466053843,0.07151137727511077,-1.237700167298317,0.1,0.1,0.056016957759857176
3,52,MEND162,587,ATTCCCACATAAACAA-1,11395,15937,0.08556466260924936,0.06288071176102238,-1.0395398952066899,0.1,0.0,0.04896301925182343
3,53,MEND162,35,AACAATACATTGTCGA-1,15181,33635,0.08539314055815339,0.06952559505775116,-1.0925751060247422,0.1,0.1,0.05434120893478393
3,54,MEND162,2240,TGAGTGTAACAACGGG-1,34979,39696,0.08538292273879051,0.05966326799875862,-1.0668173767626286,0.0,0.0,0.0
3,55,MEND162,863,CCTAACCCAAACAAGT-1,30321,27560,0.08537754388526082,0.07605189152718324,-1.2828622132539749,0.1,0.1,0.06058107614517212
3,56,MEND162,2402,TTCAATACTCTGAATC-1,29447,21998,0.08536336054094136,0.06795022319646532,-1.2045399956405163,0.3,0.0,0.14212495982646942
3,57,MEND162,647,CACATGATTCAGCAAC-1,23042,22001,0.08533405922353268,0.06457162650071893,-1.0988616168498992,0.1,0.0,0.04878499507904053
3,58,MEND162,228,ACGAAATGGGCGGCAC-1,11395,18971,0.08531363168731332,0.08295431639322258,-1.398121753334999,0.1,0.1,0.06392894387245178
3,59,MEND162,929,CGAGGGACTGCGGTCG-1,27118,21999,0.08522129002958537,0.06961850681079011,-1.111186082661152,0.1,0.1,0.054147356748580934
3,60,MEND162,683,CAGAGCATGAGCTTGC-1,24789,15931,0.08507119733840227,0.06626570401929172,-1.1514138497412205,0.1,0.1,0.050747412443161014
3,61,MEND162,1325,GAGTATGCGCGTGCAT-1,25080,34642,0.08496233839541674,0.06652389539594813,-1.2613310769200325,0.1,0.1,0.05027604103088379
3,62,MEND162,342,AGCACTACCGGCCTGT-1,10231,19983,0.08490071753039956,0.06957935770160871,-1.2198248468339443,0.2,0.0,0.0975995659828186
3,63,MEND162,1959,TAGCCGGCGGTCAGCG-1,29156,19470,0.08487358083948493,0.06645689952946487,-1.2419731279835104,0.1,0.1,0.050213795900344846
3,64,MEND162,2435,TTCTAGAAAGTCTTAT-1,17801,33128,0.08477446460165083,0.07438875733319704,-1.3391434893012046,0.1,0.1,0.05483707785606384
3,65,MEND162,1139,CTGAGAAAGTTCGGCG-1,38473,27557,0.0847093943040818,0.06728164119760727,-1.2037448100745678,0.2,0.0,0.0983033835887909
3,66,MEND162,24,AAATACCTATAAGCAT-1,24498,26551,0.08462154120206833,0.05745867167814829,-1.133782470971346,0.0,0.0,0.0
3,67,MEND162,1164,CTGGGATAAATAATGG-1,28865,21998,0.0845802441239357,0.06419700394163214,-1.1823663160204887,0.0,0.0,0.0
3,68,MEND162,1872,TAAGGCATAACATCAA-1,18674,31611,0.0845778497401625,0.07377722942879468,-1.401928537338972,0.1,0.1,0.05614807009696961
3,69,MEND162,516,ATCCAACGCAGTCATA-1,15181,15429,0.08451440120115876,0.06933448989307682,-1.2250446505844592,0.1,0.0,0.04548531770706177
3,70,MEND162,1656,GGTATAGTGACACATA-1,37600,19972,0.08446241142228246,0.06032354845816745,-1.073124737292528,0.0,0.0,0.0
3,71,MEND162,1884,TAATTAGGACATCCGT-1,35853,24018,0.08440883588045836,0.061597151529970015,-1.018827148154378,0.0,0.0,0.0
3,72,MEND162,949,CGCACGTGCGCTATCA-1,33232,22502,0.08436868637800217,0.0708961012285052,-1.1895980797708035,0.1,0.1,0.05340071320533753
3,73,MEND162,473,ATACCACGGGCAACTT-1,12851,20487,0.08427030481398105,0.0639430530468393,-1.1577585481107235,0.0,0.0,0.0
3,74,MEND162,1446,GCGAGCGCATGCTCCC-1,36144,21490,0.08422855762764811,0.06426379267094626,-1.104921718686819,0.1,0.1,0.05014519095420837
3,75,MEND162,439,AGTGAACAAACTTCTC-1,34106,25030,0.08409615019336343,0.06546432284929432,-1.1699678003787994,0.1,0.1,0.05151358246803284
3,76,MEND162,2026,TCAAACAACCGCGTCG-1,21877,14921,0.08383894674479961,0.06340882742862466,-1.171985913068056,0.0,0.0,0.0
3,77,MEND162,2259,TGCAGTTTCCTCCCAT-1,30612,23009,0.0836378637701273,0.06820817124924193,-1.2899115711450577,0.1,0.1,0.05540845394134521
3,78,MEND162,497,ATATCGGTAGGGAGAT-1,36435,21995,0.083604293782264,0.06143748934860003,-1.0546393923461437,0.0,0.0,0.0
3,79,MEND162,387,AGGATATCCGACTGCA-1,32068,38685,0.083477333933115,0.06284149503506661,-1.2104229390621186,0.0,0.0,0.0
3,80,MEND162,827,CCGAAGTATATTGTTC-1,10813,13914,0.08341783788055182,0.06159032531240404,-1.15933123473078,0.1,0.1,0.050649219751358034
3,81,MEND162,1032,CGTCGCTTGGTTATAC-1,11687,34648,0.08339417865499854,0.05843345246543227,-1.20977526307106,0.0,0.0,0.0
3,82,MEND162,551,ATGCGACAGTCCCATT-1,25080,20483,0.08339315233752131,0.06269154024924188,-1.1554463818669318,0.1,0.0,0.04991574585437775
3,83,MEND162,1927,TACGTTTACCGGCAAT-1,13725,23016,0.08338749038521201,0.06761772565911309,-1.2089879784733057,0.2,0.0,0.09498424530029297
3,84,MEND162,2275,TGCGCAAAGCATTTGG-1,23915,18460,0.08337695160880684,0.05963966426116073,-1.2256722152233124,0.0,0.0,0.0
3,85,MEND162,1267,GACCAGAGCCCTGTAG-1,18092,18462,0.08335583051666617,0.07035817381436583,-1.4068838506937027,0.1,0.1,0.052346301078796384
3,86,MEND162,1294,GAGAGGCCTATGTGTA-1,38764,36154,0.08328934460878372,0.0725741477862408,-1.246429866552353,0.1,0.1,0.05855734348297119
3,87,MEND162,690,CAGCCTCGATAGCGGT-1,40220,34637,0.08316869847476482,0.0630322938131119,-1.0726428128778935,0.0,0.0,0.0
3,88,MEND162,2075,TCATTTAGAAGTGTGA-1,36435,30087,0.08305757232010365,0.06154765050992507,-1.098740830644965,0.2,0.0,0.09625467956066132
3,89,MEND162,193,ACCACACGGTTGATGG-1,27409,40710,0.08286062078550457,0.06022205248867842,-1.2742394894361495,0.1,0.0,0.04954818189144135
3,90,MEND162,2500,TTGTGGTGGTACTAAG-1,32068,34640,0.08279093294404447,0.06729877307333368,-1.2762484319508076,0.1,0.1,0.05068120956420898
3,91,MEND162,1880,TAATACTAGAACAGAC-1,26827,37676,0.0826939876191318,0.0666325307169424,-1.1725877728313208,0.0,0.0,0.0
3,92,MEND162,747,CATTTGAGTGGTACGT-1,18383,28071,0.08262766692787409,0.06395466146368117,-1.1690779119729995,0.1,0.0,0.04853130578994751
3,93,MEND162,2198,TCTGCCAGAAACTGCA-1,27409,23516,0.0826097419951111,0.06831879357162703,-1.225341036170721,0.1,0.0,0.049475520849227905
3,94,MEND162,480,ATACGTTATGCACGGA-1,22751,34643,0.082591906003654,0.0630167443261353,-1.158727890253067,0.1,0.1,0.05335184931755066
3,95,MEND162,975,CGCTCTCCGTAGATTA-1,15181,19475,0.08253379673697055,0.06526931469918308,-1.0857397504150867,0.1,0.1,0.050717908143997195
3,96,MEND162,1727,GTCAGTTTGGTAGTCG-1,8193,17455,0.08249788368120789,0.0626633763531705,-1.2415585577487946,0.0,0.0,0.0
3,97,MEND162,239,ACGCCAGTGCGTTTGC-1,34106,39190,0.08235858650878072,0.06431465558248609,-1.1605607241392135,0.1,0.1,0.052960765361785886
3,98,MEND162,538,ATCTGGGCTGTTCTTG-1,24498,33631,0.08219092302024364,0.06534945615082058,-1.244720908999443,0.0,0.0,0.0
3,99,MEND162,1602,GGCTATTAAGTTGTAT-1,16345,19475,0.08216913882642984,0.05957785667653459,-1.2139840990304946,0.0,0.0,0.0
3,100,MEND162,1790,GTGCGTGTATATGAGC-1,28574,23515,0.08214303692802787,0.0678733625208824,-1.2194000124931335,0.1,0.1,0.05512239933013916
3,101,MEND162,1662,GGTCGGTCGTCCACAG-1,19548,31105,0.08212137166410685,0.06174735485067839,-1.2369287356734275,0.0,0.0,0.0
3,102,MEND162,868,CCTATAATGAGTGCCC-1,27991,30596,0.08207139689475298,0.05632924708849556,-1.2410636834800244,0.1,0.0,0.04869571626186371
3,103,MEND162,1127,CTCTAGCCCTCGGAAA-1,30612,36157,0.08206002349033951,0.06276434743213147,-1.280294606089592,0.0,0.0,0.0
3,104,MEND162,2057,TCAGAGTGTGAGCATG-1,41385,33625,0.0820366037543863,0.06469709536622806,-1.2628348350524903,0.0,0.0,0.0
3,105,MEND162,1087,CTAGTCACGTCTTAAG-1,24498,21494,0.08201149627566337,0.06489500996977877,-1.2957287304103375,0.1,0.1,0.05228839516639709
3,106,MEND162,874,CCTATGGTCAAAGCTG-1,24206,37171,0.08196108480915427,0.06125473828521661,-1.2584491282701493,0.0,0.0,0.0
3,107,MEND162,62,AACGTGCGAAAGTCTC-1,25953,20988,0.08186687054112554,0.06275943816747445,-1.2323388930410146,0.2,0.0,0.09327673614025116
3,108,MEND162,1468,GCGGTCTTGCTTTCAC-1,28283,39193,0.08185554454103112,0.061369808014616466,-1.2434516370296478,0.0,0.0,0.0
3,109,MEND162,809,CCCGTAAGTCTAGGCC-1,12560,23016,0.0818225800525397,0.06631938634924492,-1.1620896078646183,0.1,0.1,0.05135388374328613
3,110,MEND162,2048,TCACCCTCTTAAGATT-1,21586,25541,0.08172662397846579,0.061899020388148464,-1.1798054307699204,0.1,0.1,0.05185055732727051
3,111,MEND162,1650,GGTACGTTGCGGCCGG-1,37017,36155,0.08169332700781524,0.06113303402015172,-1.2225573927164077,0.0,0.0,0.0
3,112,MEND162,476,ATACGCCGGCGAAACC-1,27118,23010,0.08169244462624192,0.060953169945984265,-1.233020895719528,0.1,0.0,0.04944365024566651
3,113,MEND162,146,ACAAAGCATGACCTAG-1,32650,34640,0.08167356932535767,0.059928924917692694,-1.1233873205259441,0.0,0.0,0.0
3,114,MEND162,1710,GTAGCTTCCTCTTGTT-1,30321,18458,0.08164678569883108,0.07087050875747695,-1.2621419847011566,0.1,0.1,0.05577960014343262
3,115,MEND162,1989,TATACCGAGTGCCACA-1,39347,28063,0.08159231506288052,0.05852482609684938,-1.1256057318300008,0.0,0.0,0.0
3,116,MEND162,1140,CTGAGAGTAGAAATAC-1,40511,35142,0.08152950173243881,0.06665994394476209,-1.229418483376503,0.0,0.0,0.0
3,117,MEND162,1286,GACTCTAGAGTTCCAA-1,20713,40207,0.08152715158648789,0.06309273047855535,-1.2129402481019498,0.0,0.0,0.0
3,118,MEND162,463,ATAAAGGCTCGGTCGT-1,18966,19979,0.08147085178643465,0.06334061956325708,-1.2899709410965443,0.0,0.0,0.0
3,119,MEND162,2355,TGTTTGAGATCGTCAG-1,37891,27558,0.08140917653217912,0.0664095127779278,-1.251095835492015,0.1,0.1,0.05087817311286926
3,120,MEND162,615,CAAGAGGGCGGAGTAC-1,25953,26045,0.08137452099472284,0.06003190333055885,-1.1808953560888766,0.1,0.0,0.04951450526714325
3,121,MEND162,481,ATACTACCCGTACCAC-1,34979,32616,0.08134332005865871,0.06427940365197675,-1.2014544136822223,0.1,0.0,0.049539870023727416
3,122,MEND162,1169,CTGGTAACGAGCTCTT-1,32650,17445,0.08132657259702683,0.05689659208752162,-1.1178529419004917,0.0,0.0,0.0
3,123,MEND162,63,AACTACCCGTTTGTCA-1,37308,26546,0.08129375409334898,0.06043433520168807,-1.1110483478754758,0.0,0.0,0.0
3,124,MEND162,1372,GCAAACGTCGCCAGGT-1,38473,26546,0.08122248444706201,0.06055183775013409,-1.19776953458786,0.0,0.0,0.0
3,125,MEND162,454,AGTTAAACACTTGCGA-1,17219,23014,0.08122190814465284,0.06095694519772443,-1.193965682387352,0.0,0.0,0.0
3,126,MEND162,1471,GCGTCCCTAAGACATA-1,16636,35151,0.08116253968328238,0.06546948649074268,-1.3416624799370767,0.1,0.0,0.049584579467773435
3,127,MEND162,381,AGGAAGCTGTCCGCCG-1,23333,33632,0.08115556077100336,0.0700538744442301,-1.2736022271215917,0.1,0.1,0.05346335768699646
3,128,MEND162,404,AGGGTGCTCTCGAGGG-1,31194,19975,0.08109322963282466,0.06646740001311606,-1.1773070752620698,0.1,0.1,0.05161716938018799
3,129,MEND162,710,CATACCCGTACCCAGT-1,13434,21499,0.08108238335698843,0.0638660173364052,-1.284894873946905,0.1,0.1,0.051541978120803834
3,130,MEND162,1992,TATAGATGGTCGCAGT-1,34106,23008,0.0810812002979219,0.062252405680860066,-1.1593934997916222,0.0,0.0,0.0
3,131,MEND162,762,CCACCTGTATGGAATA-1,40220,33625,0.08099661655724048,0.06034998710449979,-1.172968751192093,0.0,0.0,0.0
3,132,MEND162,2433,TTCTACCTCAATCGGT-1,11104,37682,0.08095473907887936,0.07218813904531607,-1.278683152794838,0.1,0.1,0.054929214715957644
3,133,MEND162,1635,GGGCGTTTACATTCAT-1,11978,36165,0.08073820304125548,0.07161803295115705,-1.3750990524888038,0.1,0.1,0.05140114426612854
3,134,MEND162,658,CACCTTGGCGCCTTTG-1,34397,24525,0.08072396609932184,0.06110106779366523,-1.1424625009298324,0.0,0.0,0.0
3,135,MEND162,411,AGGTATAATTGATAGT-1,36144,20478,0.0806621465831995,0.06142231142500334,-1.198995583690703,0.1,0.0,0.04931306540966034
3,136,MEND162,940,CGATTAAATATCTCCT-1,22459,31104,0.08063836842775345,0.061403517983365255,-1.2562632098793984,0.0,0.0,0.0
3,137,MEND162,315,AGACCCGCCCTCCTCG-1,20713,15933,0.08059152513742447,0.061037222350626814,-1.1225611951202155,0.1,0.0,0.04678874909877777
3,138,MEND162,1785,GTGCCCGTTCGGATTC-1,29156,22504,0.08054145006462932,0.05984204119694527,-1.1644748710095882,0.0,0.0,0.0
3,139,MEND162,643,CACAGTTCGCTTCCCA-1,37600,30086,0.08050900287926196,0.061701119019101094,-1.1915071114897728,0.1,0.0,0.04728332757949829
3,140,MEND162,470,ATAATCTTGGAGAACC-1,26827,33630,0.08046295447275043,0.06351034974522128,-1.2284700244665145,0.1,0.1,0.05343637466430664
3,141,MEND162,4,AAACCGGAAATGTTAA-1,40511,30085,0.08044648086652159,0.05839262081959388,-1.2273918494582177,0.1,0.0,0.04959714710712433
3,142,MEND162,1359,GATGCTGTATTTCATC-1,26244,24528,0.08038054313510656,0.0650004213146592,-1.2563909076154232,0.1,0.1,0.05040766596794129
3,143,MEND162,1624,GGGCAGAGCAATCGTT-1,21877,32115,0.08033587839454412,0.05809191030641432,-1.1465543687343598,0.0,0.0,0.0
3,144,MEND162,2034,TCAACGCGACCGGCAG-1,11104,22511,0.08030427293851972,0.06586797239133124,-1.221597784757614,0.1,0.1,0.05434616208076477
3,145,MEND162,1252,GAATTTCTCGCTGCAG-1,13142,16947,0.0802821934223175,0.056854023345415644,-1.0590417824685574,0.0,0.0,0.0
3,146,MEND162,1000,CGGCCCAGGTATATCC-1,34979,24524,0.08024066239595413,0.06476623043446804,-1.1891089351847768,0.1,0.0,0.0489423394203186
3,147,MEND162,1870,TAAGCAGGCGACACGC-1,9940,20488,0.08024011040106416,0.05954096809172719,-1.1784107238054276,0.0,0.0,0.0
3,148,MEND162,2125,TCCTTACGACGGTCCG-1,32068,27560,0.0801739607937634,0.060679193135774065,-1.2363766320049763,0.0,0.0,0.0
3,149,MEND162,1899,TACCGGCTCACTGCCC-1,23333,26552,0.08014200194738805,0.059855991463154554,-1.2151767130941153,0.0,0.0,0.0
3,150,MEND162,1514,GCTGGCATATTCACCT-1,13434,18464,0.0800903485622257,0.06858903719922656,-1.2495344869792462,0.1,0.1,0.05335743427276611
3,151,MEND162,896,CCTGTACTCACGCCCA-1,11395,23016,0.08002528930082917,0.0626968905316926,-1.2347126565873623,0.1,0.1,0.051199096441268924
3,152,MEND162,1155,CTGCTGTCTAACGAGC-1,39055,27557,0.07997910398989916,0.058025509531529296,-1.1659079879522323,0.0,0.0,0.0
3,153,MEND162,758,CCACAGTACCCATCCT-1,31194,27054,0.07991966921836138,0.05927009573749918,-1.0970677368342876,0.0,0.0,0.0
3,154,MEND162,1548,GGACTCGTGAGTGGTC-1,15472,35152,0.07989230528473854,0.06780836663865618,-1.289160132035613,0.1,0.0,0.049798396229743955
3,155,MEND162,2459,TTGAGAGTACTGCTAA-1,15472,25038,0.07986740106716753,0.06731041563198076,-1.27875816822052,0.1,0.1,0.05392728447914123
3,156,MEND162,2442,TTCTTATCCGCTGGGT-1,33815,27559,0.07982199322432279,0.061062074032196254,-1.1982142835855485,0.0,0.0,0.0
3,157,MEND162,360,AGCCCTTGGACATCCC-1,38473,31603,0.07981283580884338,0.06677662693264852,-1.2272588610649109,0.1,0.1,0.05259472131729126
3,158,MEND162,603,ATTTATACTGGTAAAG-1,26244,40711,0.07980641452595591,0.05770124239205848,-1.1583114355802535,0.1,0.0,0.04890886545181274
3,159,MEND162,1900,TACCGGTCGTTTCCAT-1,14307,25038,0.0798039418645203,0.06882417589121499,-1.3233284935355187,0.1,0.0,0.049847272038459775
3,160,MEND162,1615,GGGACTGCATAGATAG-1,21877,18967,0.07977704368531705,0.061604494885206994,-1.1590125005692244,0.0,0.0,0.0
3,161,MEND162,783,CCATATGGAAACTATA-1,34397,29582,0.07976537998765706,0.06777347509787614,-1.216068860888481,0.1,0.1,0.055645537376403806
3,162,MEND162,1601,GGCTACTATACACTCC-1,17219,35151,0.07974688461981713,0.07075748191356968,-1.3809202417731286,0.2,0.1,0.09756070375442505
3,163,MEND162,1138,CTGACTGCGCAGCTCG-1,33815,18456,0.07965642139315605,0.06336504087658465,-1.2458014827221633,0.0,0.0,0.0
3,164,MEND162,205,ACCCGGAGCACCACAA-1,40220,32614,0.07960140043869615,0.0635326442011807,-1.1904265455901624,0.1,0.0,0.049035373330116275
3,165,MEND162,279,ACTCTCTGACTTAGGT-1,27118,24022,0.07953452738001943,0.058358944177508094,-1.1777141150087118,0.0,0.0,0.0
3,166,MEND162,2205,TCTTAGAGCTCCAATT-1,35853,23007,0.07949145380407571,0.06013170971386643,-1.2754354774951935,0.0,0.0,0.0
3,167,MEND162,2340,TGTGAGACTAGCCCAA-1,22751,32621,0.07948858086019754,0.06327137987068324,-1.2143617890775205,0.0,0.0,0.0
3,168,MEND162,1214,GAAACAGATGACCACC-1,31194,23009,0.07947625815868378,0.05674869133116672,-1.148626407980919,0.0,0.0,0.0
3,169,MEND162,2364,TTAAGTATTGTTATCC-1,30612,35146,0.07941445140168071,0.05917701749309871,-1.2217659160494805,0.0,0.0,0.0
3,170,MEND162,1503,GCTCTATGTTACGTGC-1,16054,15935,0.07939902441576123,0.059903674317778856,-1.1542453058063984,0.1,0.1,0.05038482546806335
3,171,MEND162,186,ACATTCGCGCGGAATA-1,12269,39705,0.07931183911859989,0.05401285226051779,-1.3266734957695008,0.0,0.0,0.0
3,172,MEND162,2430,TTCGTACTCCAGAACG-1,12851,17453,0.07929694755002856,0.06179288847601527,-1.2585091978311538,0.1,0.0,0.04662478864192963
3,173,MEND162,523,ATCCTGCGTGGAATGG-1,18092,25542,0.07924788044765592,0.05969880556940219,-1.1808354683220386,0.0,0.0,0.0
3,174,MEND162,349,AGCATTACGAGGCAAG-1,34979,36661,0.07924038073979318,0.07146784352233469,-1.41004111841321,0.1,0.1,0.054986590147018434
3,175,MEND162,234,ACGATGCATATGTTAT-1,16927,21497,0.07923432877287269,0.06665111118853391,-1.2249864365905523,0.1,0.0,0.0497264564037323
3,176,MEND162,422,AGTACTCTTATGCCCA-1,30030,31101,0.0792313164100051,0.05822134614933018,-1.1963351376354694,0.0,0.0,0.0
3,177,MEND162,1254,GACAAGAGATGAGATT-1,38182,31097,0.07921314453706145,0.0650999467344811,-1.3126838266849519,0.1,0.1,0.05312787890434265
3,178,MEND162,356,AGCCCGGCATTAGAGG-1,11978,35153,0.07920122649520636,0.058575914770228464,-1.2378371715545655,0.0,0.0,0.0
3,179,MEND162,7,AAACCTAAGCAGCCGG-1,28574,35653,0.07916063209995627,0.05920596837278716,-1.2401298403739929,0.0,0.0,0.0
3,180,MEND162,1797,GTGGGAACAAACCGGG-1,18092,38691,0.07913644816726446,0.061485156231215546,-1.3093819841742516,0.1,0.0,0.04705166220664978
3,181,MEND162,2128,TCCTTTCTTACGCTTA-1,22459,17955,0.07913543963804841,0.058090003471796034,-1.265417179465294,0.0,0.0,0.0
3,182,MEND162,1130,CTCTGCAGGCATTCTT-1,11104,38694,0.0791335266083479,0.05986664532898894,-1.2189729023724793,0.1,0.0,0.04633632600307465
3,183,MEND162,1868,TAACTATCGAAGGTCC-1,14307,14924,0.07909212158992887,0.08795448863742666,-1.3420172765851022,0.1,0.1,0.06468510031700134
3,184,MEND162,155,ACAAGGGCAGGCTCTG-1,26536,25033,0.07903143353760242,0.062468541957677856,-1.2672697622328997,0.0,0.0,0.0
3,185,MEND162,1253,GACAAACATATGCAGG-1,33523,25031,0.07903030668385327,0.07978409832493934,-1.3049671322107315,0.1,0.1,0.062100714445114134
3,186,MEND162,2296,TGGAGAATAATCGTCC-1,17219,39197,0.07900211978703738,0.05612053184039372,-1.376792985200882,0.0,0.0,0.0
3,187,MEND162,2384,TTAGAGTATTGTCGAG-1,10813,41222,0.07899914542213082,0.059050481776528475,-1.1436620762571692,0.0,0.0,0.0
3,188,MEND162,682,CAGAGACGGTCACCCA-1,21004,28576,0.07898070244118571,0.06386471330330311,-1.2414216309785844,0.1,0.1,0.05106285214424133
3,189,MEND162,2106,TCCGCCTGTCTACAAG-1,25953,31102,0.07891678269952536,0.0616973648374353,-1.2798264861106872,0.0,0.0,0.0
3,190,MEND162,1923,TACGTAAAGCGGAGTG-1,34397,34639,0.07891075480729341,0.06357083650794286,-1.1995213586837052,0.1,0.1,0.05044316649436951
3,191,MEND162,2022,TATTGACATTTCTGCC-1,38473,20477,0.0788871992379427,0.06575371751151925,-1.3709240183234215,0.1,0.1,0.050088369846343996
3,192,MEND162,1842,GTTGTTGCAAGATGGC-1,39638,34637,0.07881003762595355,0.06868399390007442,-1.2697201251983643,0.1,0.1,0.054819256067276
3,193,MEND162,753,CCAAGCGTAACTCGTA-1,25080,19471,0.0787446303293109,0.05762579990392131,-1.2258490666747093,0.0,0.0,0.0
3,194,MEND162,2146,TCGCGTCCAGAAGGTC-1,12851,18465,0.07859855550341308,0.06531757187729342,-1.262113979458809,0.1,0.1,0.05022761821746826
3,195,MEND162,1873,TAAGGCCCGTCACCCT-1,24789,34137,0.07850528270937503,0.07188688334421763,-1.5028006352484227,0.1,0.1,0.05679980516433716
3,196,MEND162,561,ATGGGTGTATACCTCC-1,11395,35153,0.07850422272458672,0.07591209625980584,-1.4018676787614823,0.1,0.1,0.06101287007331848
3,197,MEND162,1922,TACGGGTAATAACATA-1,30030,39192,0.07848567897453904,0.05738437197919914,-1.2305145166814326,0.0,0.0,0.0
3,198,MEND162,522,ATCCTGAATCGCTGCG-1,11978,22005,0.07847268814221024,0.057553944174214076,-1.2490438163280486,0.0,0.0,0.0
3,199,MEND162,1646,GGGTTTAGGATAGGAT-1,35562,24524,0.07847169656306505,0.06166689465259579,-1.2950074136257173,0.0,0.0,0.0
3,200,MEND162,785,CCATCTCACCAGTGAA-1,32941,21997,0.07845362452790142,0.05978974694527643,-1.3031383156776428,0.0,0.0,0.0
3,201,MEND162,1268,GACCGACGTGAAAGCA-1,37017,21995,0.07839686265215277,0.06099255230539724,-1.3464357763528825,0.0,0.0,0.0
3,202,MEND162,1042,CGTGGCCGAATATCTA-1,33815,26548,0.07836444526910782,0.0621303302347798,-1.2356712363660336,0.0,0.0,0.0
3,203,MEND162,209,ACCCTATGCCATATCG-1,16054,31106,0.07836399571970105,0.05789428732503501,-1.1688943006098271,0.0,0.0,0.0
3,204,MEND162,1030,CGTCCTCATCGCGTGC-1,36726,38684,0.07835754659026861,0.06216595847231848,-1.2667642891407014,0.1,0.1,0.050585979223251344
3,205,MEND162,2392,TTAGTTATTCGTGGCA-1,30903,26549,0.0783396540209651,0.05738708294718983,-1.184385533630848,0.0,0.0,0.0
3,206,MEND162,1009,CGGGTGTACCCATTTA-1,29447,18964,0.07832110808230937,0.0615339969907763,-1.2463430680334568,0.1,0.0,0.04873547852039337
3,207,MEND162,2302,TGGCAGATTACGATCA-1,21295,25035,0.07830385426059365,0.05868231410977028,-1.115821168757975,0.0,0.0,0.0
3,208,MEND162,110,AATAATCTTCGTATCG-1,39929,29074,0.07829786101356148,0.05868668467873253,-1.2698235362768173,0.0,0.0,0.0
3,209,MEND162,687,CAGCAGCCCGTTCCTT-1,27118,16942,0.07826409758999944,0.05999442551599279,-1.1794703297317028,0.0,0.0,0.0
3,210,MEND162,1953,TAGATTCAAAGTGCGG-1,15763,37680,0.0782415368128568,0.062411525148522225,-1.3059121191501617,0.0,0.0,0.0
3,211,MEND162,973,CGCTAGAGACCGCTGC-1,33815,22502,0.07821525642648339,0.060848078538229586,-1.21348864659667,0.1,0.0,0.0470592200756073
3,212,MEND162,653,CACCGATGATGGGTAC-1,38473,38683,0.07816902142949403,0.07393258268182329,-1.4427031889557838,0.2,0.2,0.10516997575759887
3,213,MEND162,383,AGGACGACCCATTAGA-1,17510,24531,0.07814999171532691,0.0637416978833264,-1.3382080323994159,0.1,0.1,0.05023953318595886
3,214,MEND162,2195,TCTGAGCAATTGACTG-1,37017,30086,0.07813826883211732,0.06564559583545632,-1.3132894814014435,0.1,0.1,0.0529354989528656
3,215,MEND162,1941,TACTTTACTGAGCCGG-1,32359,17951,0.07810168145224453,0.06185706529440785,-1.1798516808077693,0.0,0.0,0.0
3,216,MEND162,359,AGCCCTGTCGCACCGT-1,39638,23511,0.0780552027747035,0.05650410785331342,-1.2055960208177567,0.0,0.0,0.0
3,217,MEND162,1631,GGGCGGGTTCCCTACG-1,15181,24532,0.07803666582331062,0.059655064359113205,-1.1167849235236644,0.0,0.0,0.0
3,218,MEND162,2491,TTGGGACGTAAGAGTT-1,36144,28570,0.07791368057951331,0.0568468468716242,-1.2198967546224595,0.0,0.0,0.0
3,219,MEND162,629,CAATGGATCTCTACCA-1,29447,16941,0.07787799760699272,0.07021071059812298,-1.3614897698163986,0.1,0.1,0.05642791986465454
3,220,MEND162,2161,TCGTCAAGTACGCGCA-1,15472,31106,0.07787348702549934,0.059288990357100925,-1.2706235602498055,0.0,0.0,0.0
3,221,MEND162,2468,TTGCCAAGCAGAACCC-1,37600,25029,0.07780568674206734,0.06023373849557206,-1.327928352355957,0.0,0.0,0.0
3,222,MEND162,136,AATTAACGGATTTCCA-1,23624,32114,0.07770055504515767,0.06243099987193704,-1.3377297380939126,0.0,0.0,0.0
3,223,MEND162,569,ATGTCTTGTTTGACTC-1,14307,40209,0.07766917906701565,0.05814814063528608,-1.1942820854485034,0.0,0.0,0.0
3,224,MEND162,1946,TAGACTACCTAGCGTT-1,34688,21996,0.0776611334644258,0.06905969600248402,-1.284327033162117,0.1,0.1,0.05590720176696777
3,225,MEND162,2346,TGTGGTTGCTAAAGCT-1,18674,35656,0.07764047239907086,0.0672421620190389,-1.4871763110160827,0.1,0.0,0.04927956163883209
3,226,MEND162,1993,TATAGGGTACTCATGA-1,10231,20994,0.0775712595321238,0.06549113813700617,-1.3647629908286034,0.1,0.1,0.05245332717895508
3,227,MEND162,1578,GGCACTGCGGTGGTTT-1,36435,38178,0.07757018129341305,0.06209422434604778,-1.2784765750169753,0.0,0.0,0.0
3,228,MEND162,2432,TTCTAACCGAAGCTTA-1,30612,19975,0.07754855463281274,0.06347561037209701,-1.311624528467655,0.0,0.0,0.0
3,229,MEND162,1838,GTTGGATTGAGAACAC-1,30030,18964,0.07751754075288772,0.055229142127367244,-1.021411219984293,0.0,0.0,0.0
3,230,MEND162,1877,TAAGTAACATCTTGAC-1,16054,26049,0.0775096689350903,0.056234341035060344,-1.3165448367595673,0.0,0.0,0.0
3,231,MEND162,59,AACGTCAGACTAGTGG-1,16054,14923,0.07750627929344774,0.058479316507103404,-1.0876035265624524,0.0,0.0,0.0
3,232,MEND162,1784,GTGCCATCACACGGTG-1,14307,24027,0.07749051414430141,0.06929381552785985,-1.228500585258007,0.2,0.1,0.09781216084957123
3,233,MEND162,1393,GCAGCCTATATCACAT-1,37308,20478,0.07746956124901772,0.06053867809098691,-1.2181118831038475,0.0,0.0,0.0
3,234,MEND162,2489,TTGGGAAGACGAGCCG-1,23042,37172,0.07742459448054433,0.05526949933187564,-1.2663011848926544,0.0,0.0,0.0
3,235,MEND162,206,ACCCGGATGACGCATC-1,33523,21996,0.0773986647836864,0.061781061973579354,-1.291218388080597,0.0,0.0,0.0
3,236,MEND162,613,CAACGTGGTGGAGTCT-1,37308,30592,0.0773466064594686,0.06049113487667127,-1.363982966542244,0.0,0.0,0.0
3,237,MEND162,639,CACAGCACCCACGGCA-1,21586,18461,0.07725734282284975,0.058886788618373646,-1.1685551270842551,0.0,0.0,0.0
3,238,MEND162,211,ACCCTCCCTTGCTATT-1,28865,27055,0.07720795236527919,0.06438291202528404,-1.33267380958423,0.1,0.1,0.05417400598526001
3,239,MEND162,921,CGAGACCCTAGAGTGT-1,22168,24529,0.0772047946229577,0.05656231816126378,-1.270630632340908,0.0,0.0,0.0
3,240,MEND162,2416,TTCCGGTATCTGTGTC-1,37891,23512,0.0771979296579957,0.06078633016314833,-1.2448862224817276,0.1,0.1,0.05195231437683105
3,241,MEND162,1983,TAGTCTAACAACGAGA-1,14307,23015,0.07717552315443754,0.06617904851151683,-1.2959489449858665,0.1,0.1,0.05266452431678772
3,242,MEND162,1931,TACTCGGCACGCCGGG-1,9066,20995,0.07716208919882775,0.06396990011385632,-1.1730783756822347,0.0,0.0,0.0
3,243,MEND162,1409,GCCATCGATGCTGCAT-1,36435,18961,0.07713281828910112,0.08432473633941466,-1.5410775680094957,0.1,0.1,0.060806655883789064
3,244,MEND162,1234,GAAGCCACTGATTATG-1,24498,35654,0.07712953267619013,0.05741712986187332,-1.2248016715049743,0.0,0.0,0.0
3,245,MEND162,2006,TATGATCTTCTCTTTA-1,30612,32112,0.07712587360292673,0.054872646516688495,-1.1873602628707887,0.0,0.0,0.0
3,246,MEND162,2060,TCAGCCAATCCGTAAA-1,34979,34639,0.07709104046225548,0.057867653918784616,-1.3141231089830399,0.0,0.0,0.0
3,247,MEND162,210,ACCCTCCCGTCAGGGC-1,33232,37674,0.07707447316497565,0.05770698933316243,-1.250460685789585,0.0,0.0,0.0
3,248,MEND162,1793,GTGCTTACATCAGCGC-1,38182,26040,0.07701624426990747,0.06446299456553348,-1.3442900978028773,0.0,0.0,0.0
3,249,MEND162,792,CCATTCCCTGCCCACA-1,15763,19475,0.07698473809286951,0.06699475041412355,-1.3598042391240597,0.0,0.0,0.0
3,250,MEND162,1567,GGATTGAAGTAGCCTC-1,34106,41213,0.07695165453478695,0.06260490411436305,-1.3569491762667893,0.1,0.1,0.052201581001281736
3,251,MEND162,2237,TGAGTAAATTAGCGTA-1,21004,26553,0.07691758815199137,0.056779357597731714,-1.2115455538034439,0.0,0.0,0.0
3,252,MEND162,363,AGCGACTTTGAAGACA-1,17510,41725,0.07689648345112801,0.06328475486580444,-1.4054738201200963,0.1,0.1,0.05153824090957641
3,253,MEND162,2365,TTAATGTAGACCAGGT-1,24206,17954,0.07687172684818507,0.05647512640981873,-1.2744088530540467,0.0,0.0,0.0
3,254,MEND162,898,CCTGTCCCTCACGTTA-1,37600,20983,0.07687081024050713,0.06060914122842064,-1.2344314970076085,0.0,0.0,0.0
3,255,MEND162,1671,GGTGCTGATCACAAAG-1,10522,16443,0.07686948357149959,0.06245904585465353,-1.3697246789932251,0.0,0.0,0.0
3,256,MEND162,702,CAGTCTGTATACTGGG-1,23624,24023,0.07685371655970812,0.05872099972860618,-1.1417890660464765,0.0,0.0,0.0
4,1,MEND162,1244,GAATAGACGCGACCCA-1,31194,24020,0.24738011211156846,0.06558728814393737,0.38652991876006126,0.8,0.5,0.44528197050094603
4,2,MEND162,636,CACACAGCTTGCGCTC-1,37891,26546,0.24295804798603057,0.06012462996645325,0.43045614957809447,0.5,0.5,0.2956528842449188
4,3,MEND162,575,ATTACATGTCAGTCTT-1,35853,28064,0.23670974224805832,0.06546144803962416,0.39775952193886044,0.6,0.5,0.3429225891828537
4,4,MEND162,1339,GATATTGAGATTGGCG-1,33523,19974,0.23650911897420884,0.06110023911677489,0.3619458220899105,0.6,0.5,0.34081696569919584
4,5,MEND162,2329,TGTAGCCATCCCATTC-1,37017,34132,0.2333560973405838,0.05711034525404729,0.3860545136034489,0.5,0.5,0.28401140570640565
4,6,MEND162,1752,GTCGTTATTCGCTTAT-1,26536,26045,0.2329430103302002,0.0546649950204234,0.4023902272805572,0.5,0.5,0.2779592275619507
4,7,MEND162,1720,GTATGTGGGTCTAGTT-1,31194,21997,0.2316108003258705,0.061743219860251386,0.4207559932023287,0.5,0.5,0.2829685926437378
4,8,MEND162,151,ACAAGCAGTGCCTAGC-1,11978,17959,0.2304494246840477,0.06059093876097574,0.43324417509138585,0.6,0.5,0.3330766648054123
4,9,MEND162,1696,GTAAGTCCACACTCTA-1,39055,24523,0.23001727610826492,0.057238016723728656,0.3205481659621,0.5,0.5,0.2868855893611908
4,10,MEND162,118,AATATCGAATCAATGC-1,36144,27558,0.2300143912434578,0.06004887515111291,0.2680942267179489,0.5,0.5,0.2872292518615723
4,11,MEND162,1442,GCGACATGTAAACATC-1,35562,21490,0.22978348433971404,0.06390477653505315,0.2250333845615387,0.5,0.5,0.28590336441993713
4,12,MEND162,0,AAACAAGTATCTCCCA-1,34106,28065,0.2295447215437889,0.06067726001185485,0.26520471572875975,0.5,0.5,0.2886894285678864
4,13,MEND162,1977,TAGGTTCGAGTTCGTC-1,23915,20483,0.22933659851551055,0.05947110584511464,0.36336848996579646,0.5,0.5,0.2857161045074463
4,14,MEND162,1192,CTTCGGCCAATTGTTT-1,36435,28064,0.22846739888191223,0.05644384343905199,0.34135929085314276,0.5,0.5,0.2797584295272827
4,15,MEND162,289,ACTGTCCAGGATTATA-1,20421,19473,0.22835376858711243,0.06012313290616992,0.2694441083818674,0.5,0.5,0.2871969759464264
4,16,MEND162,2176,TCTAGGTGGCGACGCT-1,33232,17445,0.22819361090660095,0.06045314146536102,0.329515079408884,0.5,0.5,0.28500044345855713
4,17,MEND162,1423,GCCGCTTGTGAGAAAC-1,16054,20992,0.22797288298606871,0.057106787272982386,0.4121634066104889,0.5,0.5,0.2772002160549164
4,18,MEND162,324,AGAGCAGTTATGAGAC-1,9940,17454,0.22788515836000442,0.06381025485734874,0.3791179619729519,0.5,0.5,0.28711029291152956
4,19,MEND162,1751,GTCGTACCATCTCGGG-1,22459,26046,0.22780686020851135,0.058072450398764956,0.25460561718791724,0.5,0.5,0.2712478280067444
4,20,MEND162,1629,GGGCGATATGTGTGAA-1,21295,16944,0.2274917855858803,0.05959807616757179,0.25023645758628843,0.5,0.5,0.28074637055397034
4,21,MEND162,408,AGGGTTTAGTTCGGGA-1,22751,19472,0.22691275775432587,0.06262713364249038,0.43175428844988345,0.5,0.5,0.281355208158493
4,22,MEND162,2147,TCGCTACTGGCTTTGA-1,25662,35654,0.2260044440627098,0.06094647537384777,0.3681364253163338,0.5,0.5,0.2785256266593933
4,23,MEND162,1030,CGTCCTCATCGCGTGC-1,36726,38684,0.225663460791111,0.06028609310129909,0.2441464677453041,0.5,0.5,0.28422988653182985
4,24,MEND162,76,AAGAGGCATGGATCGC-1,27700,20987,0.22561907917261123,0.05886334477723785,0.3474974177777767,0.5,0.5,0.2849186360836029
4,25,MEND162,446,AGTGATTCAAGCAGGA-1,29738,19469,0.22542704194784163,0.06104226134762363,0.2590332332998514,0.5,0.5,0.2833635210990906
4,26,MEND162,1491,GCTATACGTCTCGGAC-1,30030,29078,0.22522397935390473,0.056236379499898355,0.35830154120922086,0.5,0.5,0.2677013695240021
4,27,MEND162,2246,TGATCTCCGGCGCCAG-1,18966,16945,0.2247547075152397,0.060577041913486944,0.30073255859315395,0.5,0.5,0.27659578919410704
4,28,MEND162,229,ACGACCCATGAGTTGC-1,40802,32614,0.22463370710611344,0.05969377987805947,0.244929438829422,0.5,0.5,0.28481924533843994
4,29,MEND162,1576,GGCACTCAGCCGACCC-1,40220,30591,0.22422510981559754,0.057018090534312636,0.2877788092941046,0.5,0.5,0.2718817174434662
4,30,MEND162,2199,TCTGGGAACCTTTGAA-1,32941,23008,0.22413404583930968,0.06111965259348015,0.3066162414848804,0.5,0.5,0.2808559536933899
4,31,MEND162,991,CGGAGTTTGAGAGACA-1,14307,17958,0.22405232191085817,0.061477110680399814,0.31392466425895693,0.5,0.5,0.2768332362174988
4,32,MEND162,2216,TCTTTAGAGTCTAACA-1,37600,28063,0.22403502017259597,0.05682171047186302,0.4042786382138729,0.5,0.5,0.2779350459575653
4,33,MEND162,1232,GAACTGTGGAGAGACA-1,23624,37172,0.2236267015337944,0.05655172861931427,0.3128779077902436,0.5,0.5,0.2748058378696442
4,34,MEND162,1259,GACACTGGAACCCGAT-1,36435,29075,0.2233826845884323,0.05378539699070309,0.23418942801654338,0.5,0.4,0.2643323719501495
4,35,MEND162,1470,GCGTAAATGGCCATAA-1,34106,19973,0.22313881516456605,0.056733196730309465,0.38865580037236214,0.5,0.5,0.2771271526813507
4,36,MEND162,591,ATTCGTGCTATCTCTT-1,36435,24018,0.2225791797041893,0.05901632092985498,0.35772469229996207,0.5,0.5,0.2736726522445679
4,37,MEND162,434,AGTCGGCCCAAACGAC-1,15763,15429,0.2222606733441353,0.05881092419561977,0.266418669372797,0.5,0.5,0.2801273226737976
4,38,MEND162,1412,GCCCGATCTGTGGTCG-1,22751,29586,0.22180794030427933,0.05643425851230719,0.1883449550718069,0.5,0.5,0.27722707986831663
4,39,MEND162,288,ACTGTAGCACTTTGGA-1,15763,16441,0.2217050537467003,0.05833450696462696,0.3053215056657791,0.5,0.5,0.27505211234092714
4,40,MEND162,496,ATATCAACCTACAGAG-1,34979,21490,0.2214338645339012,0.057807058974519536,0.3243549309670925,0.5,0.5,0.2741090178489685
4,41,MEND162,778,CCAGGCTGGCGTCTGA-1,39929,31097,0.22106068432331086,0.054473836742726954,0.2718140363693237,0.5,0.5,0.2689029395580292
4,42,MEND162,2023,TATTGCCGGGCTTGTA-1,37308,36661,0.22085975408554076,0.056693322178058204,0.3386567259207368,0.5,0.5,0.27815428376197815
4,43,MEND162,1318,GAGGTACGCGTGTCCC-1,23915,36666,0.2205413594841957,0.059854649651505505,0.2829759456217289,0.5,0.5,0.274847948551178
4,44,MEND162,714,CATACTTAGGCAATAC-1,37308,21489,0.2204220786690712,0.05982358735923389,0.25908161550760267,0.5,0.5,0.2684289515018463
4,45,MEND162,264,ACTACCAGCTCTCTGG-1,16345,15429,0.22035804837942125,0.05871010966252167,0.26402319557964804,0.5,0.5,0.2816328465938568
4,46,MEND162,1735,GTCCACGTCGCATTCG-1,38764,35143,0.22035181671380996,0.058254947931861145,0.22381126135587692,0.5,0.5,0.27662920355796816
4,47,MEND162,2344,TGTGGCGGGCTTCTGG-1,21586,35655,0.22025071531534196,0.0536947527504686,0.3243065893650055,0.5,0.5,0.2705987155437469
4,48,MEND162,2276,TGCGCGATTAACGGAG-1,16345,16440,0.2202115148305893,0.06157009718210107,0.2761897683143616,0.5,0.5,0.27615236639976504
4,49,MEND162,33,AAATTCCAGGTCCAAA-1,37891,20478,0.2202081561088562,0.05654057785107201,0.18356487080454825,0.5,0.5,0.2776891767978668
4,50,MEND162,167,ACACGAGACTCCTTCT-1,25080,18460,0.2201950207352638,0.05708361771528826,0.30494602415710687,0.5,0.5,0.27556408047676084
4,51,MEND162,534,ATCTCGTGAGCGAAAC-1,38182,27052,0.22010266333818435,0.06036005010011483,0.3220876121893525,0.5,0.5,0.2752975165843964
4,52,MEND162,576,ATTACCACACTGCCTG-1,38764,27051,0.2200491949915886,0.055071944412539764,0.23307015430182218,0.5,0.5,0.2742073178291321
4,53,MEND162,1639,GGGTACTTCATGAACT-1,15763,21498,0.22002388834953307,0.05973933702918475,0.27036360166966916,0.5,0.5,0.28002506494522095
4,54,MEND162,1176,CTGTTCATCTCACGGG-1,14307,13913,0.21998412907123566,0.055703295935236,0.2852907843887806,0.5,0.5,0.27183966636657714
4,55,MEND162,1506,GCTGAACTCTCCAGGG-1,39347,23006,0.21995379775762558,0.06016203254399767,0.23886439986526967,0.5,0.5,0.28302406072616576
4,56,MEND162,704,CAGTTCAAATTGACAC-1,19257,17451,0.21993780732154847,0.0555302972336729,0.19101355411112309,0.5,0.5,0.28145614862442014
4,57,MEND162,40,AACAGGTAGTATGGAT-1,37308,27558,0.21978870630264283,0.06330923822715935,0.30528760626912116,0.5,0.5,0.27934515476226807
4,58,MEND162,365,AGCGATGCGCCTAATA-1,35853,35144,0.219704969227314,0.059561995917216094,0.20485675185918809,0.5,0.5,0.27082656025886537
4,59,MEND162,1949,TAGAGTCTAAGCGAAC-1,20421,17450,0.21966160833835602,0.0593490910250725,0.3414563024416566,0.5,0.5,0.27689775824546814
4,60,MEND162,2122,TCCTCTACGAGATGGC-1,13725,15936,0.21963762640953063,0.05665044117833218,0.24169045500457287,0.5,0.5,0.27137866616249084
4,61,MEND162,1663,GGTCTCCGTCCAGGTT-1,33815,34639,0.2192634642124176,0.055811958613330964,0.39660333283245564,0.5,0.5,0.27154149413108825
4,62,MEND162,1546,GGACTCGAAGCTTTCA-1,40511,33119,0.219245283305645,0.05892067986312763,0.28424305729568006,0.5,0.4,0.27448215484619143
4,63,MEND162,107,AAGTTTATGGGCCCAA-1,24789,37171,0.21907453387975692,0.05709562955025704,0.21276030465960502,0.5,0.5,0.2751775920391083
4,64,MEND162,1499,GCTCCGCTCGCTTCAG-1,37017,24018,0.21878711730241776,0.057510987226609606,0.21528981998562813,0.5,0.5,0.27250484824180604
4,65,MEND162,804,CCCGAGTTTCTCCGTA-1,35853,27053,0.2186482682824135,0.0576381931625955,0.22181002125144006,0.5,0.5,0.27580182552337645
4,66,MEND162,1937,TACTGGACAGCTCGGC-1,11687,20488,0.21858934462070465,0.0601890739531441,0.34951221123337745,0.5,0.3,0.2689467310905457
4,67,MEND162,2244,TGATCGGTTTGACCCT-1,20130,16945,0.21848199814558028,0.053220512202934764,0.28022226840257647,0.5,0.5,0.2728861033916473
4,68,MEND162,248,ACGGCACTTGCTTGGG-1,21877,29081,0.21826690286397935,0.051826037111958934,0.20199426710605622,0.5,0.5,0.2641911327838898
4,69,MEND162,166,ACACCTTACTACTTGC-1,36726,23512,0.21799805015325546,0.06015230320476112,0.2510429620742798,0.5,0.4,0.26851687133312224
4,70,MEND162,2153,TCGGAGTACATGAGTA-1,25953,18965,0.2179628685116768,0.057231584520694795,0.31440016701817514,0.5,0.5,0.27654373049736025
4,71,MEND162,1229,GAACGCGGGTCACACG-1,37600,27052,0.2178734853863716,0.056529360283120444,0.3405232772231102,0.5,0.5,0.27448606491088867
4,72,MEND162,609,CAAATGTCCTTCCGTG-1,19839,25542,0.21779653131961824,0.055389101630072775,0.25485690459609034,0.5,0.5,0.2673873484134674
4,73,MEND162,2461,TTGAGCGCCACGTGAT-1,38764,21994,0.21768536120653154,0.061051630023519515,0.28392165452241896,0.5,0.5,0.27659412026405333
4,74,MEND162,2098,TCCCTCTTCTCAAGGG-1,37891,35649,0.21762109398841858,0.06258693000380589,0.2716662034392357,0.5,0.5,0.27530382871627807
4,75,MEND162,328,AGAGTAAACTTCACTA-1,35270,27053,0.2175481915473938,0.05686485399854777,0.18397169113159179,0.5,0.5,0.2731123149394989
4,76,MEND162,1362,GATTACTGAATTTGGG-1,15763,23520,0.21752753853797913,0.0613917060515805,0.3580529663711786,0.5,0.5,0.2767887055873871
4,77,MEND162,1557,GGAGGGTCAAGTAAGA-1,37600,34132,0.21746648102998734,0.054612955030476966,0.10465402826666832,0.5,0.4,0.26134756207466125
4,78,MEND162,659,CACGAAAGTTAGTCCC-1,12851,19476,0.2174573838710785,0.05859214882608219,0.28288218658417463,0.5,0.5,0.2809563159942627
4,79,MEND162,1740,GTCCGGACCTGAAATT-1,30030,30089,0.21739360839128494,0.05416551992040415,0.2038240186870098,0.5,0.4,0.26381458938121793
4,80,MEND162,946,CGCAATTCTACAATAA-1,12560,15936,0.21738894730806352,0.056385579958584627,0.15925393924117087,0.5,0.4,0.2630159676074982
4,81,MEND162,574,ATTAAACATGCGGACC-1,21586,24530,0.21731121093034744,0.05254134164540286,0.232139752805233,0.5,0.4,0.259283247590065
4,82,MEND162,1270,GACCGCGTCTGACGTG-1,37017,28064,0.2172712042927742,0.05737663308876239,0.14112548828125,0.5,0.5,0.27678108811378477
4,83,MEND162,1540,GGACACAAGTTTACAC-1,36726,26547,0.21717912703752518,0.05463480661944513,0.21822001412510872,0.5,0.5,0.2793709635734558
4,84,MEND162,2483,TTGGACCATCTGGCAA-1,34979,28570,0.21712831258773804,0.05424373224018322,0.37539458051323893,0.5,0.5,0.2732169687747955
4,85,MEND162,1438,GCGAAACTTAACTGGA-1,28283,25033,0.21709889322519302,0.061328121016181444,0.15790376365184783,0.5,0.5,0.27506695985794066
4,86,MEND162,2114,TCCGTTAAGCTAATAT-1,33523,29076,0.21682436168193817,0.055210108971511566,0.2731076255440712,0.5,0.5,0.27038818001747134
4,87,MEND162,304,AGAAATTATGACTCGC-1,37891,29580,0.2168030098080635,0.05205066412437225,0.23044505938887597,0.5,0.5,0.26431220173835757
4,88,MEND162,1133,CTCTTCTATTGACTGG-1,33523,26042,0.21674030572175979,0.058449454178312904,0.21678850390017032,0.5,0.5,0.26946494579315183
4,89,MEND162,918,CGACAGTTCGCGTTAT-1,16636,20992,0.21664206087589263,0.05706858136845082,0.2697921313345432,0.5,0.4,0.2698554009199142
4,90,MEND162,2318,TGGGTTTCGGGCGTAC-1,11687,38693,0.21649216562509538,0.05741310604041814,0.341513580083847,0.5,0.5,0.2695582687854767
4,91,MEND162,2033,TCAACGAGGAGACAAA-1,20713,24024,0.2164703905582428,0.05413009188987611,0.2539121001958847,0.5,0.4,0.2635149747133255
4,92,MEND162,895,CCTGTAAGACATGATA-1,16345,21497,0.21635623574256896,0.057915824908962917,0.2319644220173359,0.5,0.5,0.28192692399024966
4,93,MEND162,1400,GCATCGGCCGTGTAGG-1,34397,27559,0.21619923412799835,0.06007918005937821,0.16557519659399986,0.5,0.5,0.27987430095672605
4,94,MEND162,884,CCTCTCTCCCATCTAG-1,14889,19981,0.21608805656433105,0.05794832611313657,0.1187616229057312,0.5,0.5,0.2736719369888306
4,95,MEND162,2462,TTGATCTAACTTTGTC-1,18092,17451,0.21607538610696791,0.0538059634324319,0.24751963689923287,0.5,0.5,0.26287671327590945
4,96,MEND162,380,AGGAACGAACGACTTC-1,39347,35143,0.21606683284044265,0.05515255616990802,0.28362746089696883,0.5,0.5,0.27601597309112547
4,97,MEND162,468,ATAAGTTACCGCGACG-1,19548,26048,0.2159548208117485,0.0539944309045109,0.2765215542167425,0.5,0.5,0.27321704626083376
4,98,MEND162,277,ACTCGCCGTTCGATAA-1,36726,36661,0.2157082140445709,0.05477192048881028,0.2409488931298256,0.5,0.5,0.27082799673080443
4,99,MEND162,2465,TTGCAAGAAGACTCCT-1,24206,38183,0.21570710241794586,0.05863351746054966,0.20411478355526924,0.5,0.5,0.27952433228492735
4,100,MEND162,1047,CGTTAAACTAGTTAGG-1,36726,27558,0.21566979736089706,0.055020763814289136,0.25652053896337745,0.5,0.5,0.27427658438682556
4,101,MEND162,1312,GAGGAATGGAGAGGTT-1,13434,16441,0.21564901918172835,0.05690863855814481,0.14397547245025635,0.5,0.5,0.2762963533401489
4,102,MEND162,2092,TCCCAGCACACGACAT-1,40511,31096,0.21563110798597335,0.052085565918796095,0.2611395472660661,0.5,0.4,0.2637857526540756
4,103,MEND162,584,ATTCAGTAGCAGGGTC-1,11687,16442,0.21549661904573442,0.05658518183639396,0.1741907335817814,0.5,0.5,0.2735531449317932
4,104,MEND162,1843,GTTTACGTTCCATCTG-1,23042,27058,0.21546988189220428,0.0539560134268915,0.1881733186542988,0.5,0.5,0.26634652018547056
4,105,MEND162,2301,TGGCAATGGGACGGCG-1,35270,30087,0.21546815186738968,0.05625541451110992,0.11430993378162384,0.5,0.5,0.2764646828174591
4,106,MEND162,667,CACGTTTCGTACACAC-1,30903,30595,0.21526269912719725,0.05314556510320283,0.1843467902392149,0.5,0.5,0.2647602200508118
4,107,MEND162,2086,TCCAGCGCTATAAGCG-1,38182,29075,0.21511776894330978,0.05105356275493026,0.17903004512190818,0.5,0.5,0.26365125775337217
4,108,MEND162,63,AACTACCCGTTTGTCA-1,37308,26546,0.21509714126586915,0.05518046821126097,0.23015146031975747,0.5,0.5,0.273329359292984
4,109,MEND162,1600,GGCGTCCTATCCGCTG-1,14016,18464,0.21506715565919876,0.05595428144858061,0.3198684774339199,0.5,0.5,0.2685821831226349
4,110,MEND162,2234,TGAGCTCAACTGTATA-1,40511,32108,0.21504441052675247,0.05657835143731288,0.30295959431678054,0.5,0.4,0.2609907865524292
4,111,MEND162,1310,GAGCTCAACATGAGCG-1,24498,39700,0.2149174377322197,0.05453493181013925,0.11352334320545196,0.5,0.5,0.26565334796905515
4,112,MEND162,1280,GACGTGTAGGGATTAT-1,13725,16947,0.21485311537981033,0.05585019921388256,0.2044963113963604,0.5,0.5,0.2741687953472137
4,113,MEND162,2361,TTAAGATAGGATTGAC-1,33815,24525,0.2148405447602272,0.05904584351546119,0.11922968327999114,0.5,0.5,0.27714803814888
4,114,MEND162,1285,GACTCACCCACGTGAG-1,35270,21996,0.2147783860564232,0.05833628496767874,0.1999708630144596,0.5,0.5,0.27384921312332156
4,115,MEND162,1284,GACTAGGCCGTTAGGT-1,27118,36159,0.2145517125725746,0.05318754050751019,0.24958533868193628,0.5,0.3,0.25459087193012236
4,116,MEND162,644,CACATATTAGCAGGAT-1,25662,26551,0.21446041911840438,0.05436612215369662,0.20735233835875988,0.5,0.5,0.26758621335029603
4,117,MEND162,1063,CTAACGAAACTTGCTG-1,31776,17951,0.21427900791168214,0.056377986645042906,0.2823564186692238,0.5,0.5,0.2711768805980682
4,118,MEND162,1103,CTATTTGGTTACGGAT-1,28283,20987,0.2141542077064514,0.057306465829598356,0.21324805542826653,0.5,0.5,0.2709248185157776
4,119,MEND162,2370,TTACATGCCACAACTA-1,34397,23513,0.2141097754240036,0.056652742694185465,0.29473706111311915,0.5,0.5,0.27151228189468385
4,120,MEND162,1988,TATACACAGACGCCTT-1,21877,28069,0.21391531825065613,0.05067548603271835,0.07480679750442505,0.5,0.5,0.26131431460380555
4,121,MEND162,583,ATTCACTGATGTTGGA-1,24206,31103,0.21387864649295807,0.053142744453735416,0.14819275438785554,0.5,0.4,0.2648564696311951
4,122,MEND162,1041,CGTGGAAGCCTCGTAC-1,39347,27051,0.21372456550598146,0.05908731956795415,0.2444678619503975,0.5,0.4,0.26596773862838746
4,123,MEND162,1388,GCAGAAGGTAATCTCC-1,39929,28062,0.2137204021215439,0.05463200534769425,0.1469221018254757,0.5,0.5,0.2626152396202087
4,124,MEND162,892,CCTGGAAACGTTCTGC-1,37308,22501,0.21364029347896576,0.05369225237751823,0.2444376591593027,0.5,0.5,0.2741285443305969
4,125,MEND162,2071,TCATCGACGACCGTCG-1,28865,38181,0.21360180526971817,0.05217641198403672,0.2328755747526884,0.5,0.5,0.26728509068489076
4,126,MEND162,1090,CTAGTTGGGCCCGGTA-1,24206,15932,0.21355277448892593,0.058451124209857784,0.2354715347290039,0.5,0.4,0.2698318183422089
4,127,MEND162,1201,CTTGTCAACATTCGAG-1,23624,28069,0.2133516028523445,0.05605644179099363,0.1297038286924362,0.5,0.4,0.2636938333511353
4,128,MEND162,695,CAGGATATATCGTTGT-1,21877,25035,0.21328822672367095,0.05447049792902453,0.18322623446583747,0.5,0.4,0.2634018033742905
4,129,MEND162,1158,CTGGAAGACACGGTGG-1,30030,28066,0.21316149830818176,0.053933946805745106,0.16220012903213502,0.5,0.5,0.2663980722427368
4,130,MEND162,1885,TAATTCCAATGCTTCA-1,39638,35648,0.21314037144184111,0.060098058302073966,0.3292485043406487,0.5,0.5,0.26858665943145754
4,131,MEND162,529,ATCGTTAGCTAGCGGA-1,32941,32111,0.2131173700094223,0.05263305867999046,0.1986325990408659,0.5,0.5,0.2612766683101654
4,132,MEND162,421,AGTACAGAAGCTTATA-1,26827,38687,0.2128993958234787,0.05477432400520148,0.18261646777391433,0.5,0.5,0.2644325137138367
4,133,MEND162,1373,GCAAATATTACGCTTT-1,16345,20486,0.21289241909980774,0.059215419027784745,0.21295599415898323,0.5,0.5,0.27368399500846863
4,134,MEND162,2422,TTCGACGGGAAGGGCG-1,17219,14923,0.21281342655420304,0.05367565998701653,0.23857268542051316,0.5,0.4,0.266141277551651
4,135,MEND162,2293,TGGAATTAGACGCTTT-1,9649,15937,0.21280849128961563,0.05578295599703194,0.226407752931118,0.5,0.5,0.27337937951087954
4,136,MEND162,144,AATTGTGGTTGCCAAA-1,39055,35648,0.21272911727428437,0.05784872531679302,0.2359851136803627,0.5,0.5,0.26868743300437925
4,137,MEND162,733,CATGATGGAAGTTAGC-1,34397,25536,0.21272310018539428,0.058291768170976505,0.32421248499304056,0.5,0.4,0.2649770170450211
4,138,MEND162,996,CGGCAATAAGATCGCC-1,35853,30087,0.21265468299388884,0.054270033955513594,0.21234042420983315,0.5,0.4,0.26312525272369386
4,139,MEND162,2088,TCCAGGCGAGTACGGT-1,21004,18461,0.21264901757240295,0.05892508171951959,0.28937438875436783,0.5,0.5,0.27465965151786803
4,140,MEND162,1364,GATTCCTATACGGCGC-1,11104,15431,0.2125951573252678,0.05421204477122564,0.18032254353165628,0.5,0.4,0.26840155124664306
4,141,MEND162,640,CACAGGGCCATATAGT-1,32650,31605,0.21255308389663696,0.05585052429807468,0.1562582165002823,0.5,0.5,0.26847791075706484
4,142,MEND162,1365,GATTCGACGGTTCACG-1,25080,23517,0.21254615038633345,0.05876997052442838,0.17489538714289665,0.5,0.5,0.2715467274188995
4,143,MEND162,1208,CTTTCTGTGCGGGCTT-1,23624,30092,0.21252655237913132,0.052812345515385176,0.29405155777931213,0.5,0.5,0.26632829904556277
4,144,MEND162,2328,TGTAGCCAATTCCGTT-1,27991,38687,0.21251071244478226,0.05404721538181828,0.26907420679926874,0.5,0.4,0.2573757231235504
4,145,MEND162,1564,GGATGGCTTGAAGTAT-1,32941,37168,0.21249104142189026,0.05237477732870754,0.1269821383059025,0.5,0.5,0.26826234459877013
4,146,MEND162,2351,TGTTCCGCTTCCATGA-1,17219,20991,0.2124360039830208,0.054133803725869234,0.22473410964012147,0.5,0.5,0.2651861488819122
4,147,MEND162,2260,TGCATATGTCTGTCAC-1,29156,20481,0.21239106357097626,0.05654383212453524,0.2185955673456192,0.5,0.4,0.26614216566085813
4,148,MEND162,1268,GACCGACGTGAAAGCA-1,37017,21995,0.21219484955072404,0.05873639896131331,0.10933446586132049,0.5,0.5,0.27952930331230164
4,149,MEND162,2089,TCCAGGGTATATACGA-1,22751,33632,0.21214003562927247,0.05380808280556623,0.23918702453374863,0.5,0.5,0.2591771125793457
4,150,MEND162,29,AAATCTAGCCCTGCTA-1,33815,29582,0.21208464503288268,0.05698842565472299,0.23879517056047916,0.5,0.5,0.27156689763069153
4,151,MEND162,73,AAGAGATGAATCGGTA-1,12269,16442,0.2120688572525978,0.05730528614209454,0.29121616259217264,0.5,0.5,0.26991522312164307
4,152,MEND162,447,AGTGCACGCTTAAGAA-1,32359,29077,0.21203433126211166,0.05531205836756554,0.13407105393707752,0.5,0.4,0.26766417920589447
4,153,MEND162,2024,TATTTGATTTGCACAG-1,38764,30086,0.21192784011363983,0.055461451905270805,0.2888660039752722,0.5,0.5,0.26665549278259276
4,154,MEND162,2203,TCTTACGGCATCCGAC-1,12851,15430,0.21192311346530915,0.056538871616130984,0.1821110799908638,0.5,0.5,0.2678624510765076
4,155,MEND162,15,AAAGACTGGGCGCTTT-1,8775,17455,0.21184589266777037,0.05718626274181007,0.2739671427756548,0.5,0.4,0.26362659633159635
4,156,MEND162,2327,TGTACTTCCGGGCATG-1,37600,38178,0.21181000173091888,0.054237441924586946,0.23075836896896362,0.5,0.4,0.26030024588108064
4,157,MEND162,1942,TAGAAAGGTGGCGCTA-1,27991,18459,0.21178121119737625,0.057377014764350094,0.2723912335932255,0.5,0.4,0.26788334250450135
4,158,MEND162,314,AGACCCACCGCTGATC-1,23333,27563,0.21173153966665267,0.0530770865929954,0.09924603402614593,0.5,0.5,0.2563734233379364
4,159,MEND162,327,AGAGGCTTCGGAAACC-1,33815,28571,0.21172913312911987,0.05878791900868582,0.20515245124697684,0.5,0.5,0.27742013335227966
4,160,MEND162,1266,GACCACACTTCCCTTT-1,27700,38181,0.2117261216044426,0.05385767232329197,0.16721520721912383,0.5,0.5,0.2607862114906311
4,161,MEND162,2355,TGTTTGAGATCGTCAG-1,37891,27558,0.21166353970766066,0.05755573341984083,0.16632434353232384,0.5,0.5,0.276659631729126
4,162,MEND162,69,AACTTGCCCGTATGCA-1,12269,17453,0.2115884989500046,0.054390410079186484,0.27826277539134026,0.5,0.5,0.26793895959854125
4,163,MEND162,1837,GTTGCGGACGGTCAGG-1,39055,29580,0.21156535297632217,0.05131689834711602,0.16878447979688643,0.5,0.3,0.2565714716911316
4,164,MEND162,536,ATCTGCACCTCTGCGA-1,33815,17445,0.21155351847410203,0.05512912299883218,0.25089602284133433,0.5,0.4,0.2611605316400528
4,165,MEND162,2115,TCCGTTTAGCCTTGAA-1,30321,17446,0.21154087036848068,0.05253829832752523,0.13476981446146966,0.5,0.5,0.2667384326457977
4,166,MEND162,2432,TTCTAACCGAAGCTTA-1,30612,19975,0.21152703166007997,0.05840253213784637,0.1619229406118393,0.5,0.5,0.27469574809074404
4,167,MEND162,1440,GCGAAGCCATACCCGT-1,22168,18461,0.211482235789299,0.05932106322868894,0.2727332256734371,0.5,0.5,0.27139856219291686
4,168,MEND162,983,CGCTTTCCGCCAAGGT-1,26827,39699,0.2114528551697731,0.054338763809193204,0.27576016187667846,0.5,0.5,0.2644224762916565
4,169,MEND162,488,ATAGGCGGCTATAGAA-1,14016,24533,0.21134597659111024,0.05758107158302278,0.2217600353062153,0.5,0.5,0.2642387390136719
4,170,MEND162,182,ACATCGTATGCAATGG-1,27991,25539,0.21120835095643997,0.055954904297994365,0.19491038098931313,0.5,0.5,0.2636118769645691
4,171,MEND162,1722,GTATTTAATGGCATAA-1,39347,29074,0.2111370086669922,0.05568216646221889,0.1261812835931778,0.5,0.5,0.2649629473686218
4,172,MEND162,2075,TCATTTAGAAGTGTGA-1,36435,30087,0.21113050282001494,0.052806537628526794,0.16605983451008796,0.5,0.5,0.2732991635799408
4,173,MEND162,2333,TGTATGGCGCAGACAG-1,31485,24526,0.21109251230955123,0.05618402970272343,0.15240912064909934,0.5,0.5,0.2719013333320618
4,174,MEND162,1590,GGCCTGCTTCTCCCGA-1,37308,32615,0.21107717603445053,0.053086720760575384,0.1875514268875122,0.5,0.4,0.26221453547477724
4,175,MEND162,1643,GGGTCTATCGCTTTCC-1,37308,34638,0.21100314259529113,0.05359377109733614,0.17238552868366241,0.5,0.2,0.25737193822860716
4,176,MEND162,1976,TAGGTGTTCCACAGAT-1,21877,33127,0.21097739338874816,0.05441509788567863,0.29401363506913186,0.5,0.4,0.26605710983276365
4,177,MEND162,469,ATAATAGCTGTTGAAT-1,22751,26552,0.21094698458909988,0.05066101414292455,0.08365945219993591,0.5,0.5,0.264529150724411
4,178,MEND162,2342,TGTGCTTTACGTAAGA-1,9649,20994,0.21094395220279694,0.058223232105425925,0.2869039634242654,0.5,0.5,0.2688178479671478
4,179,MEND162,763,CCACGAATTTAACCTC-1,36144,23513,0.21090159714221954,0.05333057530869722,0.2284962095320225,0.5,0.5,0.2653002917766571
4,180,MEND162,1411,GCCCAGTTGGTATGCC-1,15472,13912,0.21087719351053238,0.0571490136041492,0.17639413997530937,0.5,0.5,0.27393988966941835
4,181,MEND162,1503,GCTCTATGTTACGTGC-1,16054,15935,0.21082727909088134,0.053888357594677805,0.20468148067593575,0.5,0.5,0.2717900574207306
4,182,MEND162,635,CACACACGCTAACGAG-1,34397,30593,0.21082151979207991,0.05711272243794151,0.2180568754673004,0.5,0.5,0.2671427011489868
4,183,MEND162,664,CACGTCAATCAATGGA-1,38182,34132,0.21077593564987182,0.05330107973708407,0.228053792566061,0.5,0.3,0.2622424066066742
4,184,MEND162,581,ATTATTCAGAGTCACT-1,32650,36662,0.21065663844347,0.052226366088126155,0.17075401097536086,0.5,0.5,0.2612393915653229
4,185,MEND162,1410,GCCCAGATGCTGGAGA-1,39638,21488,0.21062354147434234,0.054780261128644564,0.2814345173537731,0.5,0.5,0.2656122505664825
4,186,MEND162,1910,TACGACTGCCTCTTAG-1,23624,25035,0.21055696308612823,0.052129664371530555,0.2087406612932682,0.5,0.3,0.25680841505527496
4,187,MEND162,725,CATCGGACGGGTTAAT-1,21295,24024,0.21037437319755553,0.056915940344069035,0.15997914746403694,0.5,0.5,0.26423272490501404
4,188,MEND162,898,CCTGTCCCTCACGTTA-1,37600,20983,0.2102957084774971,0.05728370116842182,0.20704551823437214,0.5,0.5,0.2728273570537567
4,189,MEND162,2225,TGACATCGAGCGGACC-1,33815,20479,0.2101614072918892,0.05599958564879055,0.2201098844408989,0.5,0.5,0.26130748987197877
4,190,MEND162,970,CGCGGTACGGTATACA-1,38764,34131,0.2101114124059677,0.05321470569965897,0.16723117120563985,0.5,0.5,0.25955659747123716
4,191,MEND162,2171,TCTACCCAATAGAGAG-1,35270,31099,0.2099602848291397,0.05440951079368418,0.14896210432052612,0.5,0.5,0.266448575258255
4,192,MEND162,2281,TGCTAAGTGTCTATTT-1,30612,29078,0.2099127009510994,0.05323831228068241,0.1655261904001236,0.5,0.3,0.2540805160999298
4,193,MEND162,1361,GATTAACCGAAAGCCC-1,31485,30594,0.2098901867866516,0.05600647217264177,0.3598847843706608,0.5,0.4,0.26060346364974973
4,194,MEND162,2414,TTCCGCGTGAGGCGAT-1,23042,26046,0.20984390527009963,0.05032455890276857,0.11504211649298668,0.5,0.4,0.2644610106945038
4,195,MEND162,762,CCACCTGTATGGAATA-1,40220,33625,0.20977917164564133,0.05789043269865512,0.1371936310082674,0.5,0.5,0.27664650082588194
4,196,MEND162,2212,TCTTGATGCGTAGCGA-1,24206,18966,0.20977203249931337,0.05336881602215508,0.25537391640245916,0.5,0.5,0.2636710226535797
4,197,MEND162,1792,GTGCTCAAGTACTGTC-1,19548,19979,0.20977103114128112,0.0548924128302064,0.1589870322495699,0.5,0.4,0.2569153726100922
4,198,MEND162,1444,GCGACGATAGTTGTAC-1,20130,27059,0.2095542699098587,0.05383113696405066,0.17515732645988463,0.5,0.4,0.2585558831691742
4,199,MEND162,74,AAGAGCTCTTTATCGG-1,26827,20482,0.20953813195228577,0.055844792176862584,0.21651120334863663,0.5,0.5,0.2651990056037903
4,200,MEND162,646,CACATCTCACCGACGA-1,26244,31608,0.20952975153923034,0.05564363424428885,0.14018681421875953,0.5,0.4,0.2608915328979492
4,201,MEND162,1031,CGTCGCATGTGAGCCA-1,26827,35653,0.20948586910963057,0.05102933945223731,0.1423309102654457,0.5,0.5,0.25874478220939634
4,202,MEND162,2195,TCTGAGCAATTGACTG-1,37017,30086,0.20943643152713776,0.05794315814208637,0.13382771909236907,0.5,0.5,0.27364484071731565
4,203,MEND162,1869,TAACTCATCCGCGCGG-1,18674,24531,0.2093799039721489,0.053605305035762434,0.16917973458766938,0.5,0.4,0.25337172448635104
4,204,MEND162,2053,TCACTATCCCTTCGGT-1,34688,39190,0.20933616459369658,0.057811495049718234,0.1513419896364212,0.5,0.5,0.26943201422691343
4,205,MEND162,2,AAACATTTCCCGGATT-1,32650,33628,0.2093348190188408,0.05095394919795667,0.26366697177290915,0.5,0.5,0.2635429322719574
4,206,MEND162,2446,TTCTTGTAACCTAATG-1,14598,14418,0.20933230221271515,0.05705934988733343,0.13660510927438735,0.5,0.4,0.26895321607589723
4,207,MEND162,1558,GGAGTTGATTCTGTGT-1,37017,37166,0.20930919498205186,0.05660715052290842,0.35523795783519746,0.5,0.5,0.2594752967357635
4,208,MEND162,925,CGAGAGGGTAGCCGCG-1,34688,31099,0.20913249850273133,0.052157077080413373,0.23020383939146996,0.5,0.3,0.25232893526554107
4,209,MEND162,1079,CTAGCATAGTATAATG-1,23624,19977,0.20910012871026992,0.05336942166387052,0.20465783402323723,0.5,0.5,0.2656244099140167
4,210,MEND162,828,CCGACAAAGGGAGTGC-1,10522,19477,0.20904313325881957,0.05278328439953687,0.23912159018218518,0.5,0.5,0.26572431325912477
4,211,MEND162,1377,GCAAGTGCACAGAGAA-1,16636,14923,0.2089660033583641,0.057581218955578085,0.11738762333989143,0.5,0.5,0.2718801975250244
4,212,MEND162,1405,GCCACTCAGAGCGCGA-1,32068,32617,0.20895516276359558,0.05313051511019155,0.13824172019958497,0.5,0.5,0.2582505762577057
4,213,MEND162,2488,TTGGCTCGCATGAGAC-1,15181,14418,0.208951036632061,0.056349604245971865,0.25899719819426537,0.5,0.5,0.26869606375694277
4,214,MEND162,2117,TCCTAAATTGGGAAGC-1,24789,31103,0.20879251956939698,0.050044297963898116,0.28915287740528584,0.5,0.5,0.2587838351726532
4,215,MEND162,741,CATGTAAGAGACATTT-1,30612,30089,0.20877063423395156,0.05375651551920731,0.2834355190396309,0.5,0.4,0.2584510684013367
4,216,MEND162,1454,GCGCCTCCCACTCCGA-1,36435,27052,0.20876432806253434,0.05352297999614474,0.1798265516757965,0.5,0.5,0.270840460062027
4,217,MEND162,1261,GACAGCCAGACCTGAC-1,29447,24021,0.2086525470018387,0.05377493961209605,0.1975441925227642,0.5,0.5,0.26130046248435973
4,218,MEND162,1609,GGGAAAGAATGCCAAC-1,35853,38178,0.20860816836357116,0.05612119357297686,0.2175124056637287,0.5,0.5,0.26173481345176697
4,219,MEND162,595,ATTGCGATCAGTAACT-1,33232,28571,0.208530892431736,0.05892062875880526,0.28425818905234335,0.5,0.5,0.2706169843673706
4,220,MEND162,1111,CTCATTGCTCTAACAA-1,27118,33125,0.2085089474916458,0.051942053129795024,0.031904715299606326,0.5,0.4,0.261432945728302
4,221,MEND162,2312,TGGGCAGGCCACCGCA-1,38182,30086,0.20845919102430344,0.05830608342889701,0.12126441299915314,0.5,0.5,0.26911473274230957
4,222,MEND162,205,ACCCGGAGCACCACAA-1,40220,32614,0.20845708549022673,0.053253029805653794,0.19920374304056168,0.5,0.5,0.2705996036529541
4,223,MEND162,1218,GAAAGAACAGCGTTAT-1,34397,21490,0.20844589322805404,0.05937013268615732,0.2564147926867008,0.5,0.5,0.26828383207321166
4,224,MEND162,530,ATCTAATATCCTACGG-1,23915,30597,0.208349347114563,0.05544374158136416,0.22270045094192029,0.5,0.4,0.2589007318019867
4,225,MEND162,532,ATCTAGCTTGTGAGGG-1,23333,36666,0.20830315947532654,0.05081028693716796,0.14583153426647186,0.5,0.5,0.2663884699344635
4,226,MEND162,1119,CTCGCCGAATGTAGGG-1,23042,33126,0.20829467624425888,0.05526438813539414,0.2324788600206375,0.5,0.5,0.2657595217227936
4,227,MEND162,2464,TTGATTATGCAGATGA-1,14016,16441,0.20815420150756836,0.05707666805035964,0.14281404614448548,0.5,0.5,0.26742981672286986
4,228,MEND162,1719,GTATCTTTCATAACCA-1,23624,26046,0.20814374834299088,0.051948867039042945,0.09846949689090252,0.5,0.4,0.26179213225841524
4,229,MEND162,1123,CTCGTCTGTGCCTTCG-1,28283,38181,0.20811669975519181,0.05266478747595011,0.12007584944367408,0.5,0.5,0.2716406941413879
4,230,MEND162,316,AGACCGCTCCGCGGTT-1,36726,28569,0.2081085652112961,0.05238671965397861,0.11755065247416496,0.5,0.4,0.2643942266702652
4,231,MEND162,1973,TAGGTGACGATAACCT-1,27409,33630,0.20808143466711043,0.05241569427073164,0.13676844239234925,0.5,0.4,0.2582615166902542
4,232,MEND162,115,AATAGAATCTGTTTCA-1,29447,27055,0.20801924020051957,0.055222728333458516,0.13546814098954202,0.5,0.4,0.26598547399044037
4,233,MEND162,1920,TACGGAAGCCAAACCA-1,25662,37676,0.2079622596502304,0.05240669877719495,0.1516102984547615,0.5,0.5,0.26354034543037413
4,234,MEND162,1908,TACGAACACGACTTCA-1,19839,18462,0.20793237984180452,0.05538848971953541,0.2140114538371563,0.5,0.4,0.2598848074674606
4,235,MEND162,1581,GGCATTGAACATCTCA-1,21295,40207,0.20786442309617997,0.056743229832046625,0.09394867718219757,0.5,0.4,0.2601833283901215
4,236,MEND162,738,CATGGTAAGTAGCGTT-1,25662,25539,0.20785006284713745,0.0544644038955157,0.19086903743445874,0.5,0.4,0.2635751873254776
4,237,MEND162,2107,TCCGCGGCAGCATCTG-1,28865,19975,0.20784686058759688,0.05557706545441715,0.24159928560256957,0.5,0.5,0.265993070602417
4,238,MEND162,772,CCAGATAGTTGAGTGA-1,28865,16941,0.20778174996376036,0.05183878055027673,0.06342698335647583,0.5,0.5,0.2624366044998169
4,239,MEND162,2491,TTGGGACGTAAGAGTT-1,36144,28570,0.20777693390846252,0.0547987436537479,0.13381806910037994,0.5,0.5,0.272085040807724
4,240,MEND162,282,ACTGAAACGCCGTTAG-1,31485,31606,0.20773890167474746,0.05090992794952,0.0803851194679737,0.5,0.3,0.2546730309724808
4,241,MEND162,259,ACGTTCGCAATCAATT-1,37308,19466,0.2076399117708206,0.054656432965791736,0.2558940839022398,0.5,0.5,0.26547064781188967
4,242,MEND162,1702,GTACTAAGATTTGGAG-1,20421,16439,0.2076202943921089,0.057861364301968435,0.25240199603140356,0.5,0.5,0.2675584375858307
4,243,MEND162,440,AGTGACCTACTTTACG-1,19548,25036,0.20758550018072128,0.05508201015914556,0.17934850007295608,0.5,0.4,0.2636737942695618
4,244,MEND162,832,CCGATCTCAACCTTAT-1,33815,21491,0.20757575780153276,0.055663367075953034,0.2045631270855665,0.5,0.5,0.2675574004650116
4,245,MEND162,673,CACTCTTCTGCTAGCC-1,33815,32616,0.207567036151886,0.05227371902902769,0.08067832104861736,0.5,0.5,0.257710200548172
4,246,MEND162,281,ACTCTTGTATAGTAAC-1,24789,20988,0.20746284872293472,0.060089124841729485,0.20107210874557496,0.5,0.4,0.26972595751285555
4,247,MEND162,2479,TTGCTCATAGTACGTG-1,35562,36661,0.2073838785290718,0.05263507405315107,0.14913482815027237,0.5,0.4,0.25456964075565336
4,248,MEND162,1193,CTTCGTAGATAGGTGA-1,17510,22508,0.20731922388076782,0.051123408625035095,0.10765599086880684,0.5,0.5,0.2619546175003052
4,249,MEND162,2286,TGCTCGGTGGGTCACC-1,25371,36159,0.20728930830955505,0.055721062661164694,0.06328943222761155,0.5,0.4,0.25383234322071074
4,250,MEND162,2179,TCTATAGGTGGGTAAT-1,36144,35650,0.2072461172938347,0.05939977001859926,0.20746813118457794,0.5,0.3,0.2672535091638565
4,251,MEND162,91,AAGGATCGATCGCTTG-1,36144,22501,0.20715942233800888,0.05745061125968604,0.15042591691017151,0.5,0.5,0.26987264752388
4,252,MEND162,1168,CTGGTAACACATAGAA-1,30030,24021,0.20713892877101897,0.05784124591386467,0.07859559226781129,0.5,0.5,0.2699485898017883
4,253,MEND162,39,AACAGGATGGGCCGCG-1,13434,17453,0.20708150416612625,0.054262766525819246,0.09309538379311562,0.5,0.5,0.2664048492908478
4,254,MEND162,2339,TGTGACTAGAGTTTGC-1,36435,37167,0.2070555567741394,0.053583491488500966,0.24213167801499366,0.5,0.5,0.266303277015686
4,255,MEND162,402,AGGGTCGATGCGAACT-1,32650,21491,0.20698427259922028,0.06081122763685125,0.20843325257301332,0.5,0.4,0.26567721664905547
4,256,MEND162,2241,TGAGTTAAAGACATTC-1,37017,27052,0.20698157846927642,0.055050261559986706,0.16206076964735985,0.5,0.5,0.2662264764308929
5,1,MEND162,1435,GCCTCTATACATAGCA-1,26244,30596,0.27065755277872083,0.018374355867800642,0.2909239719621837,1.0,1.0,0.5677839636802673
5,2,MEND162,1906,TACCTCTTTACCATCC-1,39929,36154,0.26500336527824403,0.019507377447814413,0.45544842183589934,1.0,1.0,0.5508765995502471
5,3,MEND162,1289,GACTGCTGGTGAGAAA-1,15763,36669,0.26437016427516935,0.0220688744420827,0.34482796862721443,1.0,1.0,0.5436813235282898
5,4,MEND162,1418,GCCCTGAGGATGGGCT-1,25953,37171,0.26351367235183715,0.018980765198713435,0.39620874524116517,1.0,1.0,0.5451951622962952
5,5,MEND162,1382,GCACAGCACGGGCCGA-1,16636,39197,0.2634424492716789,0.02867479893057058,0.36333999829366803,1.0,1.0,0.5468846142292023
5,6,MEND162,1711,GTAGTCGCGGGAATCA-1,27991,27561,0.2615532219409943,0.016600005945213797,0.30274354852735996,1.0,1.0,0.5539089024066925
5,7,MEND162,45,AACCCGACAACCCGTG-1,16927,36668,0.26129617244005204,0.020306439513038968,0.3503288492560387,1.0,1.0,0.5276104927062988
5,8,MEND162,263,ACTACAAAGAGAGGTG-1,18674,38691,0.26100918650627136,0.01827835552186368,0.35644244626164434,1.0,1.0,0.5314929604530334
5,9,MEND162,1322,GAGTATACCCTAATCA-1,13142,38187,0.25931300818920133,0.02693357183184311,0.4287608209066093,1.0,0.9,0.5368816047906876
5,10,MEND162,1701,GTACGTTTGCCCGTCA-1,24206,25034,0.25851729363203046,0.020826996345864074,0.3634416203945875,1.0,1.0,0.5533448338508606
5,11,MEND162,1275,GACGATATCACTGGGT-1,14307,39198,0.2584392696619034,0.020573565924202425,0.35375707214698193,1.0,1.0,0.529731035232544
5,12,MEND162,191,ACCAATATGCAAGTTA-1,27118,31102,0.2572962835431099,0.018749123735597964,0.381549645960331,1.0,1.0,0.5568570673465729
5,13,MEND162,622,CAAGTAAGTGATAGAC-1,19839,37679,0.2561492398381233,0.024690721078124776,0.3898695170879364,1.0,1.0,0.5381125092506409
5,14,MEND162,374,AGCTCCTTCGCACATC-1,29447,29078,0.2556579202413559,0.022878915146477437,0.4069007597863674,1.0,1.0,0.5317435741424561
5,15,MEND162,900,CCTGTTCAACCTCGGG-1,19257,38690,0.25430514514446256,0.02811687881207136,0.36139826402068137,1.0,1.0,0.5373948335647583
5,16,MEND162,65,AACTCAAGTTAATTGC-1,17219,22003,0.2542515128850937,0.022666295572479737,0.3229934278875589,1.0,1.0,0.5441478371620179
5,17,MEND162,112,AATACCGGAGGGCTGT-1,15181,36669,0.2541238248348236,0.019483263728898168,0.4258533414453268,1.0,1.0,0.5272316634654999
5,18,MEND162,724,CATCCTCTCAAAGATC-1,31194,30089,0.2538305252790451,0.01585693241494381,0.36934913843870165,1.0,1.0,0.5412394762039184
5,19,MEND162,2345,TGTGGTAGGGTGCCTT-1,40802,29579,0.2537557065486908,0.022060896764003884,0.45013040080666544,1.0,0.9,0.546278128027916
5,20,MEND162,2437,TTCTATTAAACGCAGC-1,20421,36667,0.25374473333358766,0.022590853933749946,0.42803965061903,1.0,1.0,0.5480950713157654
5,21,MEND162,55,AACGCTGTTGCTGAAA-1,31776,30088,0.2536898612976074,0.015227072534502116,0.27319132406264546,1.0,1.0,0.538063770532608
5,22,MEND162,478,ATACGTACTTAGCCAC-1,26827,30596,0.25362697392702105,0.01606028392335457,0.2771820154972374,1.0,1.0,0.5397634208202362
5,23,MEND162,1051,CGTTGAATACCGCGCT-1,26827,31608,0.2534049481153488,0.02128307734945994,0.45643191784620285,1.0,1.0,0.5417653262615204
5,24,MEND162,1582,GGCCAATTGTATAGAC-1,32941,40202,0.2529513403773308,0.01668247362485692,0.3597423642873764,1.0,1.0,0.541128259897232
5,25,MEND162,1300,GAGATGGCTTTAATCA-1,26536,38182,0.2525149077177048,0.021774256168072496,0.16151720769703387,1.0,1.0,0.5509977579116822
5,26,MEND162,1998,TATCCAATTGGTTATC-1,27409,30596,0.2521542102098465,0.015239738626645873,0.3185767985880375,1.0,1.0,0.537199068069458
5,27,MEND162,1024,CGTAACTTCGACACTT-1,18966,37173,0.25173995494842527,0.024051836239251268,0.42796736061573026,1.0,1.0,0.5388114035129548
5,28,MEND162,1224,GAAATTGTCTCTATAA-1,19839,24530,0.2515540555119514,0.01975627539091978,0.3319883972406387,1.0,1.0,0.5443343937397003
5,29,MEND162,992,CGGATCCTCAAGGACT-1,27700,33124,0.25138074308633807,0.023723184980327848,0.2579951979219913,1.0,1.0,0.5410998344421387
5,30,MEND162,231,ACGACTGGTCATACTC-1,14307,35152,0.250949926674366,0.021941050582299115,0.3752678897231817,1.0,1.0,0.5292701542377471
5,31,MEND162,1386,GCACGTGGTTTACTTA-1,35270,35144,0.2508320063352585,0.02028824035025538,0.4487176418304443,1.0,1.0,0.5434293270111084
5,32,MEND162,1353,GATCTTGGAGGGCATA-1,24789,25034,0.2507502928376198,0.01855081832503566,0.33978449255228044,1.0,1.0,0.5330372214317322
5,33,MEND162,1930,TACTCCTCTAGTTGAC-1,14889,35152,0.2506815120577812,0.023273492372816815,0.3601099468767643,1.0,1.0,0.5361661314964294
5,34,MEND162,870,CCTATATTTGTCCTGG-1,19548,34139,0.2506541073322296,0.028295886892960306,0.3194995567202568,1.0,0.9,0.5239030569791794
5,35,MEND162,2407,TTCAGCTGGCGTGCCC-1,32068,30594,0.2505305469036102,0.02521783687302484,0.39182602018117907,1.0,1.0,0.5359416365623474
5,36,MEND162,1188,CTTCAGTTGGACAACG-1,30903,39697,0.2505153402686119,0.01931700191720758,0.3462130665779114,1.0,1.0,0.5347915589809418
5,37,MEND162,1980,TAGTCCCGGAGACCAC-1,18383,36162,0.25037895888090134,0.019096909217275634,0.31322112306952477,1.0,1.0,0.5380814909934998
5,38,MEND162,547,ATGCACTACCGCATTG-1,17510,16440,0.25031967759132384,0.01775863660671895,0.3115193944424391,1.0,0.9,0.5234724670648575
5,39,MEND162,866,CCTACTGCTTACACTT-1,18674,16439,0.25030150562524794,0.020188969363227095,0.41121720522642136,1.0,1.0,0.5345851600170135
5,40,MEND162,1721,GTATTCTGAGAAACGA-1,15472,27061,0.25008019953966143,0.019991810888073783,0.3848002806305885,1.0,1.0,0.5324048936367035
5,41,MEND162,1806,GTGTCGTATAGCGTTC-1,26536,30091,0.24990715086460114,0.02173237415290076,0.3188694790005684,1.0,1.0,0.5355731844902039
5,42,MEND162,53,AACGATAATGCCGTAG-1,25662,29585,0.24970558583736419,0.020062692795100555,0.3887273486703634,1.0,1.0,0.5306594431400299
5,43,MEND162,652,CACCCTAACAAGATCT-1,27700,31101,0.24969310760498048,0.022655342687326233,0.3074022173881531,1.0,1.0,0.5436598241329194
5,44,MEND162,512,ATCAGACGGCACGCCG-1,16636,25037,0.24956358969211578,0.017526390894018078,0.3514305777847767,1.0,1.0,0.5334889113903045
5,45,MEND162,1265,GACCAAACGTTGACTG-1,35853,32110,0.24955091029405593,0.02413340185278046,0.40851005874574187,1.0,1.0,0.53239426612854
5,46,MEND162,1863,TAACAGCGTTTGTGCT-1,15181,34646,0.24952452331781388,0.024312216709206417,0.28895074492320416,1.0,0.9,0.5262832522392273
5,47,MEND162,321,AGACTGTTACCGGGTC-1,17510,34645,0.24950432330369948,0.025472953280970857,0.3504910265095532,1.0,0.8,0.5229733675718308
5,48,MEND162,1048,CGTTAATGTCCCGACG-1,29738,32618,0.24923868328332902,0.019575307768675946,0.28843830777332186,1.0,1.0,0.5346012771129608
5,49,MEND162,441,AGTGACTGTGACACAA-1,12560,36164,0.2490845039486885,0.022598644977763913,0.3448494717478752,1.0,1.0,0.5457793593406677
5,50,MEND162,195,ACCACGTGCAGCTATA-1,26536,27056,0.2488756150007248,0.019137790343560265,0.331529522780329,1.0,1.0,0.54058917760849
5,51,MEND162,1979,TAGTAGCTTATACCAG-1,16927,33634,0.24879596531391143,0.01863824673252842,0.392093251645565,1.0,0.6,0.5156674206256866
5,52,MEND162,456,AGTTCCTATTTATGTT-1,23333,24529,0.24872076362371445,0.025086377561631266,0.28890112321823835,1.0,1.0,0.5405520975589753
5,53,MEND162,974,CGCTATTCTTAGGCTC-1,21877,22001,0.2487187922000885,0.019983807673004797,0.3824118384160101,1.0,1.0,0.5350583255290985
5,54,MEND162,907,CCTTTAAGGGAGCACT-1,18966,32116,0.24846758395433427,0.01941841602335225,0.21575735351070763,1.0,0.9,0.5211476922035218
5,55,MEND162,1204,CTTTACCGAATAGTAG-1,28865,28067,0.24845835268497468,0.02083060216689527,0.47766758501529694,1.0,1.0,0.5348350405693054
5,56,MEND162,2027,TCAAACTTAGATTGTT-1,23333,18460,0.24842822402715684,0.015138655570634521,0.3569874629378319,1.0,0.9,0.5319191664457321
5,57,MEND162,770,CCAGAAAGCAACTCAT-1,14889,29084,0.24825415313243865,0.022035298188567625,0.29072840288281443,1.0,1.0,0.5324890971183777
5,58,MEND162,1676,GGTGTAGGTAAGTAAA-1,18966,38185,0.2482305496931076,0.02583319652225966,0.27459763512015345,1.0,0.8,0.5226024925708771
5,59,MEND162,1231,GAACGTTAGGAAGACG-1,8775,19478,0.24814554303884506,0.021851966045851583,0.3090330589562654,1.0,1.0,0.5327495813369751
5,60,MEND162,537,ATCTGCTGTTATCGCC-1,21004,36667,0.24814531207084656,0.0222964646373724,0.276870365254581,1.0,0.8,0.5235156625509262
5,61,MEND162,87,AAGCTAGATCGAGTAA-1,24206,28069,0.24804109185934067,0.021271400372897743,0.21657979423180224,1.0,1.0,0.5332002937793732
5,62,MEND162,271,ACTCAAGTGCAAGGCT-1,29447,33124,0.2480399042367935,0.018127757725210965,0.31616882011294367,1.0,1.0,0.5448510408401489
5,63,MEND162,965,CGCGACCGCGACAGAT-1,27991,32618,0.24757972955703736,0.019468869343418203,0.3572342574596405,1.0,1.0,0.5351374268531799
5,64,MEND162,337,AGATTATAGGACGTTT-1,20130,20990,0.24757498353719712,0.021327041782557028,0.38648565309122207,1.0,1.0,0.5373483538627625
5,65,MEND162,1014,CGGTCCGTCGCAAGCC-1,19257,34645,0.24744330942630768,0.02653028814134562,0.253547091409564,1.0,0.8,0.5190106213092804
5,66,MEND162,1012,CGGTATGGGCACTCTG-1,26827,40710,0.24743806719779968,0.01927167932494694,0.4078362822532654,1.0,0.9,0.5275585293769837
5,67,MEND162,345,AGCAGAAGGAGAAAGA-1,24206,35148,0.24724483042955397,0.01852425671352692,0.32160488441586493,1.0,0.9,0.5252876907587052
5,68,MEND162,1296,GAGAGTCTCGGGAGAG-1,16054,39197,0.24709029197692872,0.021548459826821346,0.32172376587986945,1.0,0.8,0.52305106818676
5,69,MEND162,619,CAAGGATCGCATGTTC-1,24206,23011,0.24695224165916443,0.0165071803404825,0.256186556071043,1.0,1.0,0.5335874021053314
5,70,MEND162,1034,CGTCGTCCTTCGCGAA-1,26536,31102,0.2469015672802925,0.01979224272244012,0.25075230523943903,1.0,1.0,0.5395299196243286
5,71,MEND162,2070,TCATCCTCAGCTGCTT-1,30612,37169,0.2468522623181343,0.018369594706154447,0.3408342614769936,1.0,0.9,0.5233250439167023
5,72,MEND162,1349,GATCGGTGGCCATAAC-1,24206,16943,0.24683620631694794,0.02033509744179738,0.3565863081254065,1.0,1.0,0.5256451487541198
5,73,MEND162,1827,GTTCGCCATAAGTGCC-1,19839,21496,0.24673349261283875,0.020375573441036403,0.374655338935554,1.0,1.0,0.5342553913593292
5,74,MEND162,2055,TCAGACGCTATAGAAG-1,25371,27057,0.2466412976384163,0.018034742683585077,0.3916579090058804,1.0,1.0,0.5308891475200653
5,75,MEND162,1799,GTGGTATAGTCTGCCG-1,16345,31612,0.24648462533950805,0.016722476664164963,0.48950180411338806,1.0,0.9,0.5230951726436615
5,76,MEND162,1894,TACCAATAAAGTACCA-1,28574,30595,0.24647440314292907,0.01624999387508402,0.26286316365003587,1.0,0.9,0.526597410440445
5,77,MEND162,2163,TCGTCTTAGGCGTTAA-1,28574,29584,0.24634615778923036,0.017466546533733966,0.25091177597641945,1.0,1.0,0.5353716790676117
5,78,MEND162,864,CCTACATTCACAGACG-1,14016,28578,0.24615318775177003,0.02039906123756802,0.2821357734501362,1.0,0.8,0.514715951681137
5,79,MEND162,1483,GCTACGACTTATTGGG-1,24498,24528,0.246088208258152,0.021479835181274543,0.32764391228556633,1.0,0.8,0.523574510216713
5,80,MEND162,1627,GGGCCCGTCTTAAACA-1,19548,24025,0.2460288941860199,0.019633137560638773,0.28411799632012846,1.0,1.0,0.5278303980827331
5,81,MEND162,700,CAGGGAGATAGGCCAG-1,9649,40211,0.2460077866911888,0.018388441612752812,0.42328943908214567,1.0,0.9,0.5226574063301086
5,82,MEND162,2213,TCTTGCTCCCGATACT-1,23915,35654,0.2457580864429474,0.021316155726852096,0.4101460129022598,1.0,1.0,0.5272934377193451
5,83,MEND162,1825,GTTCCGTCCGCCTGCA-1,16636,38186,0.24575188010931015,0.020935966655802392,0.30519879404455424,1.0,0.9,0.5263644367456436
5,84,MEND162,2299,TGGCAAACTAAATTAC-1,27118,28067,0.24568362385034562,0.01607701867612544,0.3303327798843384,1.0,1.0,0.5235646307468415
5,85,MEND162,66,AACTCCAGAGCGTGTT-1,31194,33123,0.2456337735056877,0.01842282041609449,0.3212447799742222,1.0,1.0,0.5324116349220276
5,86,MEND162,1839,GTTGGATTTGCGTTGG-1,18966,20991,0.24563138782978058,0.017892746606337447,0.2937479745596647,1.0,1.0,0.5186887621879578
5,87,MEND162,2180,TCTATCCGATTGCACA-1,29156,39698,0.245521579682827,0.015118309823386187,0.3382341243326664,1.0,0.9,0.5174076586961747
5,88,MEND162,1716,GTATCAAACGTTAGCT-1,32650,30594,0.2454576998949051,0.020352525559371216,0.21277660774067045,1.0,1.0,0.5273536205291748
5,89,MEND162,1329,GAGTGTCAACCAGAAA-1,28574,34641,0.2454492434859276,0.02263840388698386,0.2768594674766064,1.0,0.9,0.5311167597770691
5,90,MEND162,777,CCAGGCGAGATGGTCT-1,9066,41223,0.2454044759273529,0.020192119092678835,0.2993531913496554,1.0,0.9,0.521881890296936
5,91,MEND162,1142,CTGATCCCTTTATGCA-1,12851,38693,0.24537790715694427,0.02300911029800597,0.27358743026852606,1.0,0.5,0.5103945225477219
5,92,MEND162,1301,GAGATGGGAGTCGACA-1,25371,29080,0.24529151618480682,0.021686696413999312,0.11949095632880927,1.0,0.9,0.5317987650632858
5,93,MEND162,1718,GTATCCTTTGGTAACC-1,31194,35146,0.2452802211046219,0.01458714882780969,0.3127952478826046,1.0,0.9,0.5273555308580399
5,94,MEND162,2408,TTCAGTTCAAGAGGAG-1,15472,39198,0.24524191915988922,0.022767991167348147,0.4084749032743275,1.0,0.9,0.5288634121417999
5,95,MEND162,712,CATACGGCGTCTGGGC-1,22751,22506,0.2452244818210602,0.01864350851176112,0.32296270933002236,1.0,1.0,0.5260960042476654
5,96,MEND162,252,ACGTACTTTGGCACGG-1,13725,38187,0.24521040320396423,0.02132050067249298,0.2888551812618971,1.0,1.0,0.5336551427841186
5,97,MEND162,2261,TGCATGTGACCCATAG-1,15472,37175,0.24520223289728166,0.018413426176646076,0.3038673344999552,1.0,1.0,0.5328960478305816
5,98,MEND162,955,CGCCCAGCGTTTCACG-1,30321,35652,0.2451498329639435,0.01773253852767329,0.30309916362166406,1.0,1.0,0.5253590047359467
5,99,MEND162,1137,CTGACATAGAAATAGA-1,39055,28569,0.24511830657720565,0.018298383081604048,0.29004229940474036,1.0,0.9,0.5237855941057206
5,100,MEND162,2364,TTAAGTATTGTTATCC-1,30612,35146,0.24511610418558122,0.02170323466724885,0.2571438640356064,1.0,1.0,0.531353747844696
5,101,MEND162,1552,GGAGACGACACCTTTG-1,23915,24529,0.24509804844856262,0.020300593772584034,0.4237244464457035,1.0,0.7,0.5170595735311508
5,102,MEND162,1779,GTGATCCTTGTCATGA-1,28865,34135,0.24509204030036927,0.022083491523424873,0.38009338416159155,1.0,1.0,0.529421603679657
5,103,MEND162,2503,TTGTTAGCAAATTCGA-1,16636,13912,0.24482211470603943,0.017570171895754362,0.3332270853221416,1.0,1.0,0.5248711347579956
5,104,MEND162,493,ATATAAATGTAGCTGC-1,25953,30091,0.24473790377378463,0.022458550749895296,0.2976358704268932,1.0,1.0,0.5415948569774628
5,105,MEND162,2109,TCCGCTGTCATCCCGG-1,27991,26550,0.24471711218357087,0.020210991502392583,0.32723047360777857,1.0,1.0,0.5319097220897675
5,106,MEND162,230,ACGACTCTAGGGCCGA-1,31485,38686,0.24469952136278153,0.016757974226720703,0.32966788448393347,1.0,0.9,0.5288163304328919
5,107,MEND162,1844,GTTTCAAACGAGTTGT-1,36144,33627,0.24453480392694474,0.022468145502572322,0.4175021231174469,1.0,0.9,0.5253348857164383
5,108,MEND162,1025,CGTAGAGAGTAATTAT-1,29738,36663,0.24451352804899215,0.016602984429514342,0.30529122091829775,1.0,1.0,0.5316644251346588
5,109,MEND162,31,AAATGGTCAATGTGCC-1,19257,19473,0.24437825977802277,0.017506043184044626,0.32698444165289403,1.0,0.9,0.5228989452123642
5,110,MEND162,655,CACCGGGCATCACAAG-1,31776,39191,0.24435009509325029,0.017880256093729265,0.24506199583411217,1.0,1.0,0.5285038471221923
5,111,MEND162,1058,CGTTTGTGTAGAGGGT-1,16345,30600,0.24423423856496812,0.019009088642071285,0.43371913582086563,1.0,0.9,0.5275109946727753
5,112,MEND162,1008,CGGGCGATGGATCACG-1,26244,37676,0.24407989233732225,0.02025555683109489,0.32971219550818204,1.0,1.0,0.5353952169418335
5,113,MEND162,590,ATTCGCGCCTTGAGAG-1,35562,35650,0.24398087859153747,0.01764174479692629,0.325912644341588,1.0,0.9,0.5297898709774017
5,114,MEND162,844,CCGGAAGTGCAATATG-1,34979,40707,0.2438978970050812,0.02283425234640237,0.43389842063188555,1.0,0.9,0.5272721201181412
5,115,MEND162,568,ATGTCATAATAAACGA-1,22751,41723,0.24389546364545822,0.022527774515968463,0.3610210571438074,1.0,0.8,0.5228061705827713
5,116,MEND162,286,ACTGGGATGCCAGTGC-1,19839,39702,0.2438845619559288,0.01766202158093123,0.3148773148655891,1.0,1.0,0.5295535087585449
5,117,MEND162,1642,GGGTCAGGAGCTAGAT-1,20421,35656,0.24386449605226518,0.02163459494494265,0.24965062737464905,1.0,0.7,0.5182508856058121
5,118,MEND162,1798,GTGGGCTTAGACACAC-1,15763,17452,0.24377795159816742,0.016087711616560866,0.29539289250969886,1.0,1.0,0.5257363379001617
5,119,MEND162,2116,TCCTAAAGATTCAGAC-1,28865,37170,0.24375740736722945,0.015971143537996203,0.33268918469548225,1.0,0.9,0.5302561283111572
5,120,MEND162,247,ACGGATGGTGCGGATA-1,27409,31607,0.24372061043977739,0.022562000434135168,0.32497423216700555,1.0,0.9,0.5331772446632386
5,121,MEND162,2247,TGATGTCAATTAAGTG-1,34397,32616,0.24370546787977218,0.019971830478872445,0.40283346772193906,1.0,1.0,0.517716258764267
5,122,MEND162,1163,CTGGCTGGTTGTCAGT-1,20713,30093,0.24356679171323775,0.022183125398730064,0.33102231547236444,1.0,0.9,0.5261814564466476
5,123,MEND162,677,CAGAACTTAGCCCTCT-1,29156,29584,0.24350502341985703,0.01755692701599266,0.3177885599434376,1.0,1.0,0.5217526495456696
5,124,MEND162,1284,GACTAGGCCGTTAGGT-1,27118,36159,0.24349884539842606,0.016165735384917036,0.40501996129751205,1.0,0.7,0.5050350874662399
5,125,MEND162,1670,GGTGCATAAATGATTA-1,18092,36668,0.24338385909795762,0.024440539634047607,0.2520668596029282,1.0,0.7,0.5119927227497101
5,126,MEND162,2133,TCGACATAGCGTAGCG-1,13142,39198,0.24332164525985717,0.021122332461951502,0.3083090040832758,1.0,0.8,0.518868362903595
5,127,MEND162,152,ACAAGGAAATCCGCCC-1,26244,27562,0.24324280619621277,0.019738655990186895,0.3348729223012924,1.0,0.9,0.5288706809282303
5,128,MEND162,1174,CTGTGGTCGGGAGATA-1,30321,30595,0.2431160733103752,0.01879942860998226,0.34772341772913934,1.0,0.8,0.5194367200136185
5,129,MEND162,2214,TCTTGGTCAATGATAC-1,10231,40211,0.24306662231683732,0.017951463273302264,0.2550073971040547,1.0,0.9,0.5179335534572601
5,130,MEND162,2175,TCTAGCATGCCCAGAA-1,23624,27057,0.24306468069553375,0.017989117997404904,0.32585047697648406,1.0,0.7,0.5229493826627731
5,131,MEND162,535,ATCTGACATGGAAGGA-1,16345,34646,0.2430266708135605,0.022383721639889442,0.2783748582005501,1.0,0.9,0.5202350884675979
5,132,MEND162,2148,TCGCTCGATATATTCC-1,22751,17449,0.24300579577684403,0.020542462052502944,0.30545317083597184,1.0,1.0,0.5222770869731903
5,133,MEND162,1402,GCATGCTAATAACGAT-1,32068,36663,0.2430053696036339,0.02173930427998115,0.389643245190382,1.0,0.9,0.5181640088558197
5,134,MEND162,1357,GATGCGTCCTGCATTC-1,21004,21496,0.24296945035457612,0.017797394468303567,0.27115090610459447,1.0,1.0,0.5351704776287078
5,135,MEND162,1961,TAGCGTCCGGTGTGGT-1,26827,29585,0.24286258220672607,0.01869397166725676,0.3580498188734055,1.0,1.0,0.5344770073890686
5,136,MEND162,1818,GTTAGCCCATGACATC-1,26244,36665,0.24286057204008102,0.017249273982280582,0.3524989180266857,1.0,1.0,0.5222156167030334
5,137,MEND162,275,ACTCCCTAGAATAGTA-1,24789,27057,0.24282681345939636,0.018875297706308074,0.282967097312212,1.0,0.9,0.5250947386026382
5,138,MEND162,1723,GTCAACCAGGCCTATA-1,34397,35650,0.24282281547784806,0.01572028677204263,0.3199853844940662,1.0,1.0,0.5220971286296845
5,139,MEND162,744,CATTATCCCATTAACG-1,13434,36670,0.24281688034534454,0.02021262077873197,0.24650761913508176,1.0,0.5,0.5116027504205704
5,140,MEND162,2399,TTATTAGAGCGTGTTC-1,24789,26046,0.24269058257341386,0.019399034703107186,0.20433735176920892,1.0,0.9,0.5256378322839736
5,141,MEND162,2014,TATGTAAAGTGCTTAA-1,17219,36163,0.24263570457696915,0.019058607713288368,0.27513796351850034,1.0,1.0,0.53402019739151
5,142,MEND162,886,CCTGAACGATATATTC-1,29156,21492,0.2426300674676895,0.022199863263371457,0.3459275048226118,1.0,1.0,0.534676867723465
5,143,MEND162,1991,TATAGAGTCGCTTGAA-1,17801,35151,0.24261510074138642,0.022684433631650763,0.35069911563768985,1.0,0.6,0.5098312616348266
5,144,MEND162,2193,TCTGAAGCACGTGGTC-1,28865,31101,0.2425868347287178,0.014962367433433177,0.2988951776176691,1.0,0.9,0.5140781611204147
5,145,MEND162,57,AACGGCCATCTCCGGT-1,15763,26555,0.24258621633052826,0.033979523797297115,0.313192255795002,0.9,0.8,0.4772133082151413
5,146,MEND162,1450,GCGCAAATATATTCAA-1,12560,32119,0.24258436113595963,0.018336092201428057,0.39675243496894835,1.0,0.9,0.5228377699851989
5,147,MEND162,650,CACCCGCGTTTGACAC-1,38473,39694,0.242571596801281,0.01813219932076709,0.3992510359734297,1.0,0.9,0.5192429542541503
5,148,MEND162,1756,GTCTATTGCATGCTCG-1,34979,35650,0.24252672791481017,0.019724924676804773,0.2228886652737856,1.0,1.0,0.5375384449958801
5,149,MEND162,1782,GTGCAGCGTAGAGTAG-1,40511,29074,0.24252407550811766,0.020830124415437513,0.3847995363175869,1.0,0.8,0.524507462978363
5,150,MEND162,143,AATTGCAGCAATCGAC-1,34106,35145,0.24250857532024384,0.016450518363474054,0.3109277103096247,1.0,1.0,0.5281785070896149
5,151,MEND162,572,ATGTTGATTAGAGACT-1,31194,37169,0.24244297295808792,0.02008699910946722,0.3023095097392797,1.0,1.0,0.5301018297672272
5,152,MEND162,956,CGCCCTTGAAGGCTGA-1,10231,14926,0.24230982214212418,0.018295485148882535,0.3133619918487966,1.0,0.9,0.5215705066919327
5,153,MEND162,1542,GGACCAACAGGATAAC-1,23915,28574,0.24227066189050675,0.017674615430213748,0.3755243644118309,1.0,0.9,0.5150598794221878
5,154,MEND162,133,AATGTTAAGACCCTGA-1,27991,40710,0.24226117879152298,0.018371574406188928,0.358946231007576,1.0,1.0,0.5251937091350556
5,155,MEND162,698,CAGGCGCACGGTGGTC-1,12560,31107,0.2422461748123169,0.01832271670085748,0.28692182414233686,1.0,0.7,0.5115113586187363
5,156,MEND162,693,CAGCTCTGGGCTCACT-1,14598,39704,0.2422125294804573,0.01843505601330413,0.36190535202622415,1.0,0.8,0.5196481853723526
5,157,MEND162,672,CACTCTCAAGCATCGA-1,18092,37679,0.2422054558992386,0.019728594681818652,0.40366401374340055,1.0,0.7,0.5203741520643235
5,158,MEND162,2283,TGCTCAAAGGATGCAC-1,9940,41728,0.24219418317079544,0.01713909784283072,0.25774116069078445,1.0,0.9,0.5270608991384507
5,159,MEND162,2382,TTAGAATAAGGGTCGG-1,17510,33634,0.24213958531618118,0.026478685718831444,0.2911168150603771,1.0,0.5,0.49853605926036837
5,160,MEND162,2190,TCTCTTACCGCGAACC-1,16927,35657,0.24212703555822374,0.02230810810816731,0.22334000710397958,1.0,0.7,0.5188016921281815
5,161,MEND162,1970,TAGGCTAAAGTGGCAC-1,33232,35651,0.24208655208349228,0.022911488653667163,0.2846024826169014,1.0,1.0,0.5303669035434723
5,162,MEND162,177,ACATCCCGGCCATACG-1,21004,30598,0.2420821264386177,0.01965032503805973,0.26535096801817415,1.0,0.9,0.5202090948820114
5,163,MEND162,2423,TTCGCACTCGCGTGCT-1,17510,15428,0.24207649230957032,0.015268973100354747,0.5085594743490219,1.0,0.9,0.520003804564476
5,164,MEND162,1104,CTCAAACCACTGCCCG-1,16054,35152,0.24203044474124907,0.023662069955890232,0.30450357832014563,1.0,0.9,0.520015862584114
5,165,MEND162,391,AGGCCACCCGTTATGA-1,15472,16946,0.24202491194009781,0.01599224548537057,0.44102223962545395,1.0,0.9,0.5224124044179916
5,166,MEND162,1257,GACACCCAAAGACGCG-1,15181,40715,0.2419433757662773,0.020831347720654876,0.29018317759037016,1.0,0.9,0.5239241570234299
5,167,MEND162,786,CCATGCCCTAGATTTC-1,32941,31099,0.2418060541152954,0.013721448913763515,0.3015830900520086,1.0,0.7,0.5145586431026459
5,168,MEND162,2124,TCCTGCGTTGATACTC-1,13142,22004,0.24175155460834502,0.019473433144778684,0.28581743789836767,1.0,1.0,0.537399172782898
5,169,MEND162,2138,TCGCAAAGATGCATTT-1,26244,26551,0.24175065904855728,0.017644662111255517,0.2722038567066193,1.0,1.0,0.5203391432762146
5,170,MEND162,1043,CGTGGTACCCAAAGGC-1,16636,36163,0.24167463034391404,0.023747017231114703,0.24675564244389533,1.0,0.8,0.5144814074039459
5,171,MEND162,2308,TGGCTACACTCTACCT-1,33523,35145,0.24166926592588425,0.01829757081475895,0.25435905195772646,1.0,1.0,0.5275509595870972
5,172,MEND162,1732,GTCATTAGAGCGAACG-1,23915,21494,0.24166609048843385,0.02056709127576392,0.295528582111001,1.0,1.0,0.5266829788684845
5,173,MEND162,2476,TTGCGTAGTTTGAGGA-1,9940,15431,0.24163525700569152,0.019876588203198518,0.2801030339673162,1.0,1.0,0.5197840213775635
5,174,MEND162,618,CAAGCGGCACATAATT-1,25371,30091,0.24163340777158737,0.018666756242761984,0.2489738623611629,1.0,1.0,0.5319656372070313
5,175,MEND162,485,ATAGAGTACTGGGACA-1,18383,15934,0.2416183367371559,0.018968188961463017,0.2629300359170884,1.0,1.0,0.5376276552677155
5,176,MEND162,1497,GCTCCATGCAAAGCAA-1,20421,37679,0.2415955990552902,0.018758172530530227,0.1959475353360176,1.0,0.5,0.5108663380146027
5,177,MEND162,244,ACGGAACACGAGTGCC-1,33815,39696,0.24158671051263808,0.017162081720424046,0.25667663402855395,1.0,1.0,0.5258003354072571
5,178,MEND162,406,AGGGTTCAGACGGTCC-1,17510,37680,0.24157750457525254,0.019039854683945236,0.3319446716457605,1.0,0.4,0.4925902634859085
5,179,MEND162,620,CAAGGCCAGTGGTGCA-1,33523,36156,0.24150957316160201,0.01546236518057973,0.3585968382656574,1.0,0.8,0.5186136603355408
5,180,MEND162,1634,GGGCGTGGTTTCCCAG-1,27991,33630,0.24150358587503434,0.017298698974286205,0.3501911111176014,1.0,1.0,0.525535649061203
5,181,MEND162,1594,GGCGCGGAGATCTTTC-1,29447,32112,0.2414525955915451,0.02045894917498402,0.22017523050308227,1.0,0.9,0.5270341366529465
5,182,MEND162,378,AGCTTCTTCTCGAGCA-1,33523,37168,0.2414311096072197,0.02246440905406038,0.2653126627206802,1.0,0.7,0.5159989804029464
5,183,MEND162,782,CCAGTTCGGTAACTCA-1,30321,39698,0.24136875867843627,0.018712041433858732,0.3812641373835504,1.0,1.0,0.5214744091033936
5,184,MEND162,1734,GTCCAATATTTAGCCT-1,19839,35656,0.2413560062646866,0.022662996612004743,0.4228999201208353,1.0,0.9,0.5236299246549606
5,185,MEND162,1657,GGTATTGCCGAGTTTA-1,19839,19473,0.2413119211792946,0.01697218703294473,0.31246657520532606,1.0,0.8,0.5143211007118225
5,186,MEND162,606,CAAACGAGTATCGCAG-1,18092,26554,0.24126359969377517,0.014464681337444515,0.4657399743795395,1.0,0.8,0.5084684699773788
5,187,MEND162,2076,TCCAACTCAGCTATCT-1,30903,36663,0.24126266539096833,0.0262045357821351,0.2786575876176357,1.0,0.8,0.5244332313537597
5,188,MEND162,461,ATAAACGGACCCGTAA-1,22168,26552,0.2411295935511589,0.013212605404349332,0.22813852913677693,1.0,0.9,0.5204272359609604
5,189,MEND162,1345,GATCGACACTATCTGA-1,18092,16440,0.2411167472600937,0.017518318069420745,0.29019658677279947,1.0,1.0,0.5256575465202331
5,190,MEND162,41,AACATAGCGTGTATCG-1,28574,40710,0.24110933095216752,0.01744735525790551,0.3038139283657074,1.0,1.0,0.5255922138690948
5,191,MEND162,180,ACATCGCAATATTCGG-1,12269,41727,0.2411057561635971,0.01726367941861945,0.31901782006025314,1.0,1.0,0.5212824165821075
5,192,MEND162,1156,CTGCTTGGCGATAGCT-1,26244,29585,0.24102641344070436,0.02365182689357019,0.2953315277583897,1.0,0.9,0.5256719380617142
5,193,MEND162,2094,TCCCAGGCTTAGCTAA-1,18383,17957,0.24100927859544755,0.021537915435875497,0.3950088359415531,1.0,0.8,0.5197667628526688
5,194,MEND162,1749,GTCGGGAAGCAGAAAC-1,23333,32620,0.2409733086824417,0.022499993126791233,0.37519893869757653,1.0,1.0,0.5293781995773316
5,195,MEND162,1788,GTGCGAAATCGAACAC-1,16927,25543,0.24095340669155121,0.014511153412641191,0.2838428791612387,1.0,0.9,0.5199858129024506
5,196,MEND162,816,CCCTATGTAGAGCAGA-1,11395,33131,0.24094393104314804,0.018779968302843068,0.38478524535894393,1.0,1.0,0.5261792719364167
5,197,MEND162,1897,TACCGAATAATTGTAA-1,31485,36663,0.24092513024806977,0.019693583685515326,0.23104738863185048,1.0,0.9,0.5323965698480606
5,198,MEND162,2210,TCTTCGCGGTGAGAGG-1,38182,33120,0.24087356626987458,0.018190229374227037,0.18082553409039975,1.0,1.0,0.5234651863574982
5,199,MEND162,2083,TCCACCTCTAGCCTTT-1,19839,33633,0.2408016726374626,0.019521126253454247,0.37031230302527546,1.0,0.8,0.5175050407648086
5,200,MEND162,1114,CTCCTAGTAATCGTGA-1,11395,41222,0.2407867893576622,0.02517246276308045,0.35214613201096656,1.0,0.7,0.5170408964157105
5,201,MEND162,1211,CTTTGGCGCTTTATAC-1,9649,18971,0.24073089510202408,0.023625421974883123,0.3332270598970354,1.0,1.0,0.5324808657169342
5,202,MEND162,89,AAGCTCTTTCATGGTG-1,27991,31607,0.24068025946617128,0.017836132221419616,0.2749910358339548,1.0,0.8,0.5229371339082718
5,203,MEND162,801,CCCAGGTCTGAAGGCT-1,36726,29581,0.2406452938914299,0.023177775557092103,0.3210930429399014,1.0,0.8,0.5178065001964569
5,204,MEND162,2129,TCGAAATTTAGGACCA-1,17510,17451,0.24050528258085252,0.01644805818970115,0.22789077972993255,1.0,0.9,0.5179294466972351
5,205,MEND162,1445,GCGACGGTAGTCTCCT-1,25080,39700,0.2405051127076149,0.02065302920744402,0.32335153603926303,1.0,0.7,0.5098642528057098
5,206,MEND162,428,AGTCAAATGATGTGAT-1,14598,36669,0.24049815982580186,0.021726295357962944,0.22892917841672897,1.0,0.8,0.519576969742775
5,207,MEND162,2458,TTGAGAAGTTTAGCAT-1,29738,30595,0.2404913127422333,0.015235093904860397,0.28089223727583884,1.0,0.8,0.5152019828557968
5,208,MEND162,194,ACCACCAATGTAACAA-1,35562,23513,0.24048491418361664,0.017824031375295833,0.38633337542414664,1.0,0.8,0.5212835967540741
5,209,MEND162,2220,TGAACAAGCAGGGACT-1,14889,36164,0.24047289341688155,0.023105415501789246,0.27141991127282383,1.0,0.5,0.5027680665254592
5,210,MEND162,1299,GAGATCTTCCATGACA-1,26827,25539,0.24046522974967957,0.01859387088359801,0.2916301183402538,1.0,0.9,0.5189509212970733
5,211,MEND162,154,ACAAGGATGCTTTAGG-1,29738,33629,0.24038956463336944,0.016608558029790593,0.2873163471929729,1.0,1.0,0.5264494955539704
5,212,MEND162,2323,TGGTGCCCTGCCTTAC-1,19548,40207,0.24038682579994203,0.013849365068347719,0.21368819838389755,1.0,0.8,0.514795970916748
5,213,MEND162,425,AGTATACACAGCGACA-1,18383,35151,0.24037557989358901,0.022839625331792932,0.32183224633336066,1.0,0.5,0.495517173409462
5,214,MEND162,2040,TCAATACGCCGTCATG-1,22168,34644,0.24034915417432784,0.02003995803805772,0.38083973824977874,1.0,1.0,0.516016286611557
5,215,MEND162,793,CCATTTCTACCTATTA-1,25080,30597,0.24025503545999527,0.01704081847977622,0.2891542252153158,1.0,0.9,0.5178487449884415
5,216,MEND162,372,AGCTAAGTACGCAGGC-1,29447,35146,0.24022463709115982,0.018990048921430788,0.3096110951155424,1.0,0.9,0.5223428606987
5,217,MEND162,2427,TTCGGGCGCTAGTCTT-1,15181,30601,0.24020077139139176,0.021778447419879554,0.29491503685712817,1.0,0.8,0.5140541583299637
5,218,MEND162,443,AGTGAGTCGAATTAAC-1,36144,36661,0.24018526673316956,0.017573326183493606,0.2916764572262764,1.0,0.9,0.518249848484993
5,219,MEND162,740,CATGGTTTATTAATCA-1,34397,37673,0.2401772066950798,0.022809151104115036,0.40460987547412514,1.0,0.7,0.5181034743785858
5,220,MEND162,1237,GAAGCTTGCTGACCGC-1,14598,17452,0.24016059339046478,0.01714846454668843,0.33579407408833506,1.0,1.0,0.5253946602344512
5,221,MEND162,94,AAGGCTGTGCTCATCG-1,17801,17957,0.2401598423719406,0.02353006708087034,0.2608309376984835,0.9,0.7,0.46475456058979037
5,222,MEND162,525,ATCGCACGCCGGGAGA-1,21004,15427,0.2401555895805359,0.017717756956835345,0.2898664160631597,1.0,1.0,0.5240000426769257
5,223,MEND162,308,AGAAGGTTGCCGAATT-1,17219,24026,0.24008168876171113,0.021555705815220295,0.3245283465832472,1.0,0.8,0.51299948990345
5,224,MEND162,2266,TGCCCGTACCGTTAAA-1,26244,25539,0.24008163809776306,0.015951870393251785,0.41689440459012983,1.0,0.8,0.5170871198177338
5,225,MEND162,1227,GAACCCTCTGTGTTCT-1,23915,32620,0.24005448520183564,0.024774675111838222,0.26009684801101685,1.0,0.9,0.5207202017307282
5,226,MEND162,685,CAGATAATGGGCGGGT-1,34106,36156,0.24001071304082872,0.0247840103213334,0.22074218094348907,1.0,0.9,0.5194049179553986
5,227,MEND162,2499,TTGTGGAGACAGCCGG-1,7902,41223,0.24000028222799302,0.025297340263960546,0.33202760480344296,1.0,0.6,0.5114494115114212
5,228,MEND162,1803,GTGGTTTCCGCCTTTC-1,13725,24027,0.23998773097991943,0.022761128600582593,0.2880069985054433,1.0,0.9,0.5237377405166626
5,229,MEND162,977,CGCTGTGACGCCGCAC-1,18092,15428,0.2399764448404312,0.016955624927342695,0.38347461372613906,1.0,1.0,0.5309380888938904
5,230,MEND162,951,CGCATGCCGAATGCGT-1,30321,36663,0.2399450197815895,0.018453311004389714,0.32580602178350093,1.0,0.9,0.5208827883005143
5,231,MEND162,797,CCCAATGAGATTTGCA-1,16054,33129,0.23994150757789612,0.02141799493347399,0.3222382102161646,1.0,0.6,0.5035953015089035
5,232,MEND162,1606,GGCTGAAATAGCAAAG-1,27409,27562,0.23990385979413986,0.01586334684784264,0.40047330036759377,1.0,0.8,0.5148281157016754
5,233,MEND162,2400,TTATTATCTGGAAGGC-1,39638,30591,0.239872607588768,0.018687016935720016,0.2676655242219567,1.0,0.9,0.513841912150383
5,234,MEND162,938,CGATCCTCGCAACATA-1,16054,36163,0.23983574658632278,0.01904278145485186,0.1908785761334002,1.0,0.6,0.5131197988986969
5,235,MEND162,1052,CGTTGAGCGACCGTCG-1,25953,25034,0.2397765189409256,0.01990288260816115,0.27506214939057827,1.0,0.9,0.5158099681138992
5,236,MEND162,858,CCGTGTTAAATTCCAT-1,14889,27061,0.2397692784667015,0.021762424027400997,0.2684275471605361,1.0,0.9,0.5223016411066055
5,237,MEND162,1092,CTATATCCAGCCTGGC-1,13434,37681,0.23971663862466813,0.0232741100794973,0.2923462174832821,1.0,0.3,0.5003671228885651
5,238,MEND162,290,ACTGTCTTCTTTAGAA-1,23042,17955,0.23970786929130555,0.014063904379137048,0.3690375998616219,1.0,1.0,0.522039657831192
5,239,MEND162,1489,GCTAGGCACCACGGAG-1,28865,30090,0.2396721914410591,0.021677158272035958,0.4194721614941955,1.0,0.6,0.5068687856197357
5,240,MEND162,1459,GCGCTTAAATAATTGG-1,30321,31606,0.2396504759788513,0.017744548668536395,0.2502152111381292,1.0,0.7,0.5241755306720733
5,241,MEND162,592,ATTGAAGATCTTAGTG-1,18674,18462,0.2395879238843918,0.016967595796312112,0.29507340528070924,1.0,0.7,0.5158204883337021
5,242,MEND162,1586,GGCCGCAGGAACCGCA-1,38182,37166,0.2394959732890129,0.019448400667111516,0.3452814741060138,1.0,0.9,0.514282563328743
5,243,MEND162,1869,TAACTCATCCGCGCGG-1,18674,24531,0.23949581533670425,0.019710785578588033,0.33379902951419355,1.0,0.6,0.5058175057172776
5,244,MEND162,1861,TAAATTTAGTAACACC-1,15763,38692,0.23948124945163726,0.020689170738417247,0.15927194096148015,1.0,0.7,0.5144551247358322
5,245,MEND162,137,AATTAGCGCTGCAGCG-1,22751,28575,0.2394779771566391,0.02132962031672343,0.26569827273488045,1.0,0.8,0.5140223443508148
5,246,MEND162,444,AGTGATAACCTGCGCG-1,30321,32618,0.23946934789419175,0.017957327098499155,0.21911471635103225,1.0,1.0,0.525037270784378
5,247,MEND162,882,CCTCGGTTTCCTTGCC-1,15472,38186,0.23940182030200957,0.019016067935801545,0.3429226715117693,1.0,0.8,0.5127049177885056
5,248,MEND162,352,AGCCATATAGTATGTG-1,23333,38689,0.2393650859594345,0.015797315837085702,0.23867997638881205,1.0,0.5,0.511924147605896
5,249,MEND162,711,CATACGAACTAGCTGG-1,13434,35658,0.2393065556883812,0.022191952405956186,0.24751993687823415,1.0,0.7,0.5168934643268586
5,250,MEND162,1258,GACACTGAGTTCAGTG-1,17801,25037,0.23927387595176697,0.025852832704994944,0.28412727601826193,1.0,1.0,0.5283386826515197
5,251,MEND162,825,CCCTTTGACAGGTCTT-1,20713,28070,0.23926560580730438,0.016528659895549316,0.35497409850358963,1.0,0.6,0.5065280944108963
5,252,MEND162,1957,TAGCAGTATGACTAAA-1,32941,36157,0.23926236480474472,0.01790373650341365,0.2200686833821237,1.0,0.9,0.5154650390148163
5,253,MEND162,941,CGATTCGCCTGGCTGC-1,25662,31608,0.2392396181821823,0.016787874909847046,0.33810568414628506,1.0,0.7,0.5068636864423752
5,254,MEND162,138,AATTATACCCAGCAAG-1,30321,40709,0.23921345472335814,0.01786435009285764,0.309689537063241,1.0,0.8,0.514764478802681
5,255,MEND162,1290,GACTTCAACGCATCAA-1,31776,40203,0.23919286727905273,0.02054284058727665,0.2515846509486437,1.0,1.0,0.5270140826702118
5,256,MEND162,2061,TCAGCGCACGCCGTTT-1,27700,40204,0.23918362557888032,0.01569452029983993,0.17187807336449623,1.0,0.7,0.5068342000246048
