expert_id,rank,sample_id,patch_index,barcode,coord_x,coord_y,affinity_score,affinity_score_sd,mean_logit,actual_top2_frequency,actual_top1_frequency,actual_mean_route_weight
0,1,ZEN49,1208,GATCCGGGAATTAACA-1,8515,7204,0.18147465884685515,0.006150282664603807,-0.03534521944820881,0.1,0.0,0.043418577313423155
0,2,ZEN49,184,ACCCTATGCCATATCG-1,11731,10795,0.18000133484601974,0.0063406337469206105,-0.1649800594896078,0.6,0.0,0.2269502252340317
0,3,ZEN49,1251,GCAGGACTATAGAATA-1,7756,11119,0.17960809916257858,0.009487409504418565,-0.18646734338253737,0.7,0.0,0.2541287153959274
0,4,ZEN49,797,CCTCCGACAATTCAAG-1,7377,11554,0.17613893300294875,0.006675016386807899,-0.22138010691851379,0.6,0.0,0.20417837500572206
0,5,ZEN49,887,CGCTCTCCGTAGATTA-1,7377,11119,0.175764299929142,0.0058502658608042156,-0.15174871869385242,0.3,0.0,0.10467593371868134
0,6,ZEN49,2091,TTATAGGTAATTGTCT-1,12680,7206,0.17423323541879654,0.0051441891933970965,-0.03769035786390305,0.3,0.0,0.1105698138475418
0,7,ZEN49,57,AACTAGGCTTGGGTGT-1,11543,8511,0.17404478490352632,0.0060044297440812675,-0.1112781148403883,0.2,0.0,0.0754537582397461
0,8,ZEN49,94,AAGTGTTTGGAGACGG-1,10976,6444,0.1728065937757492,0.0052311601837337855,-0.10352593809366226,0.1,0.0,0.034123381972312926
0,9,ZEN49,236,ACTACGCGTTAGAATT-1,12489,9055,0.17277386486530305,0.007558426014609156,-0.1802596390247345,0.0,0.0,0.0
0,10,ZEN49,1824,TCCCGGGTGTGCTGCT-1,7567,11446,0.17257047146558763,0.007805447685320036,-0.17724676579236984,0.5,0.0,0.16776702404022217
0,11,ZEN49,1577,GTGGTATAGTCTGCCG-1,11920,10687,0.17250603288412095,0.009099071471079263,-0.1489063661545515,0.4,0.0,0.14514383673667908
0,12,ZEN49,656,CATAGCGTTGCCCACC-1,11353,10578,0.17236689031124114,0.0032671972863689554,-0.12302743494510651,0.0,0.0,0.0
0,13,ZEN49,1616,GTTTACGTTCCATCTG-1,10218,8184,0.17235995084047318,0.007292526234541731,-0.3156554564833641,0.1,0.0,0.0388221800327301
0,14,ZEN49,1672,TACGATGTTGATCATC-1,7756,11337,0.1722949415445328,0.009746352620768924,-0.3046209331601858,0.6,0.0,0.20666768550872802
0,15,ZEN49,1727,TAGGTGTTCCACAGAT-1,12489,8620,0.17212622612714767,0.008667102393331886,-0.15851673111319542,0.0,0.0,0.0
0,16,ZEN49,1599,GTTCACAGGAGTCTAG-1,7188,11445,0.17159298360347747,0.0059066087626023275,-0.2601929035037756,0.1,0.0,0.035579907894134524
0,17,ZEN49,40,AACATATCAACTGGTG-1,6246,4374,0.17124685794115066,0.005111987877550266,-0.1664849165827036,0.0,0.0,0.0
0,18,ZEN49,768,CCGGCACGACCGTTTC-1,7761,3070,0.17121608406305314,0.006820177370397237,-0.15955177266150714,0.1,0.0,0.04045750498771668
0,19,ZEN49,1417,GGGACAGAGTTACTCC-1,11919,13080,0.17106569260358812,0.010887851467494486,-0.15863220281898976,0.3,0.0,0.11381971836090088
0,20,ZEN49,1215,GATCGTGACTGATATC-1,8326,7312,0.17080366611480713,0.0053775338179831485,-0.036562349274754526,0.0,0.0,0.0
0,21,ZEN49,827,CGAAGTTGCTCTGTGT-1,7377,11337,0.17067892104387283,0.009100810613676333,-0.16935930028557777,0.3,0.0,0.10421143472194672
0,22,ZEN49,1306,GCGCTGCTTTGCATTT-1,6435,4918,0.1701730027794838,0.00898225836628936,-0.2039417576044798,0.0,0.0,0.0
0,23,ZEN49,804,CCTCTCTCCCATCTAG-1,7567,11228,0.16988831013441086,0.004597172144065977,-0.22657254822552203,0.1,0.0,0.03328445553779602
0,24,ZEN49,663,CATCGGACGGGTTAAT-1,9082,8836,0.16960847079753877,0.007496211903834016,-0.18267099019140004,0.1,0.0,0.035103386640548705
0,25,ZEN49,992,CTATGCCCGAATGCAA-1,13057,8729,0.16951445937156678,0.0056828653625666786,-0.0881431084126234,0.0,0.0,0.0
0,26,ZEN49,1007,CTCCTCCAGCTCACAC-1,12867,9708,0.16948828995227813,0.008152501196610335,-0.11731560863554477,0.3,0.0,0.11272055208683014
0,27,ZEN49,2196,TTGTGTATGCCACCAA-1,11732,8620,0.1693793550133705,0.007395221813335396,-0.16470262743532657,0.1,0.0,0.03709108233451843
0,28,ZEN49,2114,TTCCGGCCTTGAGGCT-1,11353,10360,0.16932955682277678,0.008119996071046617,-0.17141965217888355,0.3,0.0,0.10995320975780487
0,29,ZEN49,1333,GCTATCATACTCATGG-1,11355,6661,0.16902502328157426,0.00626516631262859,-0.20932853296399118,0.0,0.0,0.0
0,30,ZEN49,76,AAGCTAGATCGAGTAA-1,10597,7749,0.16894824355840682,0.004170480884843902,-0.08971318006515502,0.0,0.0,0.0
0,31,ZEN49,21,AAATAGGGTGCTATTG-1,11166,6553,0.16858378052711487,0.008284984980481209,-0.18538040816783904,0.2,0.0,0.07555828988552094
0,32,ZEN49,1531,GTCGGATATCTCAGAC-1,7188,11228,0.1679567888379097,0.010531545983935952,-0.20304688140749932,0.2,0.0,0.08014806210994721
0,33,ZEN49,677,CATGTCTCATTTATGG-1,10409,5899,0.16779533475637437,0.0043937971542878426,-0.1741292979568243,0.0,0.0,0.0
0,34,ZEN49,1833,TCCGATTACATTGCCG-1,7188,11663,0.16778492778539658,0.010303493096598018,-0.19002739638090133,0.2,0.0,0.06963691711425782
0,35,ZEN49,1182,GAGCCAGCTACCTGTG-1,11166,5465,0.16690944582223893,0.005551178489764973,-0.20017324835062028,0.0,0.0,0.0
0,36,ZEN49,2193,TTGTGCAGCCACGTCA-1,12490,7097,0.16688819974660873,0.008954937515234665,-0.23358343467116355,0.2,0.0,0.0726484328508377
0,37,ZEN49,1662,TACCGTAGGTTAACTA-1,12300,8946,0.16675776690244676,0.005255584506096898,-0.142881128937006,0.2,0.0,0.06677091717720032
0,38,ZEN49,629,CAGCAGTCCAGACTAT-1,10599,4268,0.1666317641735077,0.006142679619919804,-0.1563759684562683,0.0,0.0,0.0
0,39,ZEN49,425,ATAATAGCTGTTGAAT-1,10029,8292,0.16658426970243453,0.005996879267407761,-0.22253091707825662,0.0,0.0,0.0
0,40,ZEN49,1764,TATTACCATCCTGCTT-1,8328,4702,0.16638198494911194,0.006547448354717863,-0.22949303090572357,0.0,0.0,0.0
0,41,ZEN49,1403,GGCGGAGTAATATTAG-1,7189,10140,0.16637308448553084,0.004862262787584853,-0.28317725099623203,0.0,0.0,0.0
0,42,ZEN49,2072,TTACCCTAGGGATTGG-1,12489,8838,0.16629360765218734,0.006360419205979804,-0.18160468861460685,0.1,0.0,0.03453521430492401
0,43,ZEN49,1700,TAGACGAAACGCCAAT-1,13058,7206,0.16629029363393782,0.006378240769181429,-0.13938330113887787,0.1,0.0,0.035350951552391055
0,44,ZEN49,2153,TTGACTACCATATGGT-1,9271,10685,0.166258005797863,0.007275000456309175,-0.14067208468914033,0.0,0.0,0.0
0,45,ZEN49,2015,TGGCGATCAAGTTATG-1,10786,9163,0.16623971313238145,0.007987387795786673,-0.2287229334935546,0.0,0.0,0.0
0,46,ZEN49,2134,TTCTGCCGCGCCTAGA-1,10408,7640,0.16621136516332627,0.005769058721463816,-0.19060511533170937,0.0,0.0,0.0
0,47,ZEN49,48,AACCTTTAAATACGGT-1,11354,7749,0.1661396726965904,0.008844585240607933,-0.10492139700800181,0.0,0.0,0.0
0,48,ZEN49,2116,TTCCGGTTACCCACTT-1,9652,5681,0.16606130450963974,0.00519912185159178,-0.1882296048104763,0.0,0.0,0.0
0,49,ZEN49,1945,TGACATCGAGCGGACC-1,7760,4157,0.16601316630840302,0.003799913713753813,-0.1997750222682953,0.0,0.0,0.0
0,50,ZEN49,1768,TATTCCGAGCTGTTAT-1,11355,5791,0.16578066647052764,0.007081098925734267,-0.20783627964556217,0.0,0.0,0.0
0,51,ZEN49,1168,GACTCGCGGGAATGAC-1,6435,4701,0.1657406285405159,0.008079318649651048,-0.22532487027347087,0.0,0.0,0.0
0,52,ZEN49,1259,GCATTTCCAAGGCTCC-1,7382,3069,0.16572451293468476,0.009149990497262773,-0.14711705818772317,0.1,0.0,0.03839622735977173
0,53,ZEN49,628,CAGCAGCCCGTTCCTT-1,6434,6659,0.16564051657915116,0.003749469720297982,-0.24742851573973895,0.0,0.0,0.0
0,54,ZEN49,751,CCGATCTCAACCTTAT-1,8139,4158,0.16548897475004196,0.005615914176582536,-0.2599523201584816,0.0,0.0,0.0
0,55,ZEN49,125,AATTCATAAGGGATCT-1,5488,5244,0.1654882773756981,0.006732773679729484,-0.2804695390164852,0.0,0.0,0.0
0,56,ZEN49,1156,GACGACGATCCGCGTT-1,10976,7531,0.16515358686447143,0.0052116124499474465,-0.2923395809717476,0.0,0.0,0.0
0,57,ZEN49,785,CCTAACTAAGGCTCTA-1,5110,5026,0.16510530859231948,0.01154016777460332,-0.13970365300774573,0.1,0.0,0.0397984504699707
0,58,ZEN49,724,CCATTTCTACCTATTA-1,11544,7423,0.16505060344934464,0.008189472167199476,-0.1510381268337369,0.0,0.0,0.0
0,59,ZEN49,984,CTAGTGAAGGACAGGA-1,7567,11011,0.1650456190109253,0.011018757372804708,-0.27357972897589206,0.2,0.0,0.0681283563375473
0,60,ZEN49,2092,TTATATACGCTGTCAC-1,8326,7095,0.16499645859003068,0.006077959327349173,-0.24064785726368426,0.0,0.0,0.0
0,61,ZEN49,1814,TCCAGAGCACCGGTTC-1,8704,7530,0.1649555206298828,0.008038206333920122,-0.20530392974615097,0.0,0.0,0.0
0,62,ZEN49,1705,TAGAGTCTAAGCGAAC-1,6621,9161,0.16465740352869035,0.005892034717157289,-0.1718904696404934,0.0,0.0,0.0
0,63,ZEN49,1946,TGACCCACGTTAGACA-1,7378,10031,0.164653417468071,0.005500882190127361,-0.2511364959180355,0.0,0.0,0.0
0,64,ZEN49,139,ACAATCCATTTAAACC-1,7945,11663,0.16464560180902482,0.008776633505089025,-0.17520457021892072,0.0,0.0,0.0
0,65,ZEN49,261,ACTTATTTATGTGCCA-1,9841,5355,0.1646072819828987,0.0057106959713605614,-0.2208957066759467,0.0,0.0,0.0
0,66,ZEN49,597,CACCGTTGCGCGATAT-1,10027,11991,0.16455237567424774,0.006217934460535719,-0.16551574245095252,0.0,0.0,0.0
0,67,ZEN49,1360,GGAAACTAAATGGGCC-1,12492,4051,0.1644767329096794,0.008935950338436607,-0.2759392403066158,0.0,0.0,0.0
0,68,ZEN49,2031,TGTACCTACACGAGGG-1,12302,5248,0.16447443664073944,0.006282753315295511,-0.2523804172873497,0.0,0.0,0.0
0,69,ZEN49,1745,TATCCAATTGGTTATC-1,11544,6553,0.16445940285921096,0.00765426566871373,-0.14965026043355464,0.1,0.0,0.03435961902141571
0,70,ZEN49,1339,GCTCGCTCATGTCCAA-1,8896,4376,0.16444650441408157,0.007483183942400604,-0.2138213861733675,0.0,0.0,0.0
0,71,ZEN49,689,CCAAGAAAGTGGGCGA-1,10975,9490,0.16442447453737258,0.005229888452608498,-0.20989300161600113,0.0,0.0,0.0
0,72,ZEN49,1089,CTTGTGCTCACCGATT-1,5299,4917,0.16442036926746367,0.007475698187973752,-0.13427259903401137,0.0,0.0,0.0
0,73,ZEN49,898,CGGAGTTTGAGAGACA-1,6809,11445,0.16441596448421478,0.007847288779791068,-0.04717433899641037,0.0,0.0,0.0
0,74,ZEN49,978,CTAGCCGATGTTATGA-1,5489,4156,0.16440420150756835,0.009664533133717592,-0.2036454200744629,0.1,0.0,0.04208294451236725
0,75,ZEN49,1911,TCTCCCTGGGCAGCGT-1,11355,6444,0.16440249383449554,0.005144983521435647,-0.1680876411497593,0.0,0.0,0.0
0,76,ZEN49,101,AATAGAATCTGTTTCA-1,10220,5791,0.164313443005085,0.004408175554293074,-0.2377991933375597,0.0,0.0,0.0
0,77,ZEN49,832,CGACTCAGGATGTTAT-1,5488,5461,0.1643097519874573,0.003644541313370121,-0.21262674331665038,0.0,0.0,0.0
0,78,ZEN49,612,CACTCGAGCTGAACAA-1,10219,7096,0.1642942860722542,0.006295463724334222,-0.2537311401218176,0.0,0.0,0.0
0,79,ZEN49,1134,GAATGTGGTCCGGATT-1,9273,6334,0.1640755668282509,0.006997698651173107,-0.20162075236439705,0.0,0.0,0.0
0,80,ZEN49,1161,GACGGTCAATAGAAGC-1,6814,4266,0.16406574696302414,0.012774513056695795,-0.2299222033470869,0.0,0.0,0.0
0,81,ZEN49,821,CCTTGACCACTTTATT-1,11546,3289,0.1640588626265526,0.008520610889725886,-0.1308257445693016,0.1,0.0,0.0366488516330719
0,82,ZEN49,293,AGAGTAAACTTCACTA-1,10221,3615,0.16403975039720536,0.004513950209232566,-0.05473675802350044,0.0,0.0,0.0
0,83,ZEN49,1760,TATGGTCTGAGTAACA-1,7947,8835,0.16403828412294388,0.00463964070651084,-0.16177337616682053,0.0,0.0,0.0
0,84,ZEN49,58,AACTCAAGTTAATTGC-1,8324,10358,0.16401578187942506,0.003480542038127589,-0.1904673408716917,0.0,0.0,0.0
0,85,ZEN49,1773,TATTTGTTACCCTTTA-1,5675,10139,0.16398667693138122,0.004517449648705319,-0.22429694347083567,0.0,0.0,0.0
0,86,ZEN49,1630,TAACATACAATGTGGG-1,8326,7530,0.16397243440151216,0.006600231931043958,-0.2974428214132786,0.0,0.0,0.0
0,87,ZEN49,1201,GATAGGTAACGTTGAC-1,10218,8619,0.16397143602371217,0.007001573707402176,-0.18614651262760162,0.0,0.0,0.0
0,88,ZEN49,2189,TTGTAAGGACCTAAGT-1,9838,11665,0.1639493376016617,0.005177215232268085,-0.13831346184015275,0.0,0.0,0.0
0,89,ZEN49,587,CACATGATTCAGCAAC-1,8326,8183,0.16392764300107956,0.007786256446126818,-0.25456155445426704,0.0,0.0,0.0
0,90,ZEN49,980,CTAGGTCTGAAGGAAT-1,7949,3831,0.16378137916326524,0.0057384542109602645,-0.2769569016993046,0.0,0.0,0.0
0,91,ZEN49,1791,TCACAGGTTATTGGGC-1,7189,9922,0.1637429803609848,0.006570043757068435,-0.2907578334212303,0.0,0.0,0.0
0,92,ZEN49,798,CCTCCTGTTGTGTCGT-1,12870,4704,0.16370461136102676,0.005301450964338106,-0.03950033858418465,0.0,0.0,0.0
0,93,ZEN49,2200,TTGTTTCACATCCAGG-1,12110,10578,0.16370316445827485,0.011363170743173901,-0.24119928646832706,0.1,0.0,0.036330708861351015
0,94,ZEN49,230,ACGTTAATGTCGAAGA-1,8894,7639,0.16362549215555192,0.0070233762345794015,-0.17205755319446325,0.0,0.0,0.0
0,95,ZEN49,1839,TCCGGCCTAGCGTACA-1,6435,4483,0.16361042857170105,0.0061990258354333765,-0.19338741097599269,0.0,0.0,0.0
0,96,ZEN49,414,AGTTTGGCACGGGTTG-1,10221,4050,0.16356313973665237,0.004894944371822978,-0.2162862064316869,0.0,0.0,0.0
0,97,ZEN49,2069,TTACAGACCTAAATGA-1,6056,4700,0.16355250030755997,0.003631982212067187,-0.23395777344703675,0.0,0.0,0.0
0,98,ZEN49,1787,TCACAAACCGAGGTAC-1,12681,4813,0.1635481208562851,0.006417668008734805,-0.17520034313201904,0.1,0.0,0.03460789918899536
0,99,ZEN49,888,CGCTGGTGACTACCCT-1,10220,4485,0.1634271651506424,0.00847692092627598,-0.2090364456176758,0.0,0.0,0.0
0,100,ZEN49,1310,GCGGAGAGGGAGAACG-1,9841,6661,0.1634175330400467,0.007424745573701203,-0.18887776285409927,0.0,0.0,0.0
0,101,ZEN49,2085,TTAGCTGATTTGCCGT-1,8327,4919,0.16334755718708038,0.007271146139140512,-0.20439078845083714,0.0,0.0,0.0
0,102,ZEN49,923,CGGTTCAAGTAGGTGT-1,5678,4483,0.1633088007569313,0.004506829538551052,-0.32366157956421376,0.0,0.0,0.0
0,103,ZEN49,87,AAGGTGATAAACCAGC-1,9463,5137,0.16326970160007476,0.006402932242395401,-0.1369032718241215,0.0,0.0,0.0
0,104,ZEN49,1318,GCGTGGTACTGGGTTA-1,7760,4810,0.1632659301161766,0.005210368852329182,-0.1986266192048788,0.0,0.0,0.0
0,105,ZEN49,782,CCTAAATTAACGGTTC-1,9083,7748,0.1631953775882721,0.004772480397443668,-0.23101101890206338,0.0,0.0,0.0
0,106,ZEN49,326,AGCGCGGGTGCCAATG-1,5677,5135,0.16313824504613877,0.0074419775518750975,-0.25977267138659954,0.0,0.0,0.0
0,107,ZEN49,823,CCTTTCAATGAAGAAA-1,5867,4809,0.16313336789608002,0.006471599588401272,-0.23019960448145865,0.0,0.0,0.0
0,108,ZEN49,993,CTATGGGAAGCGGAAT-1,11357,3833,0.16312356740236283,0.009255030717261184,-0.13927497155964375,0.1,0.0,0.03773457407951355
0,109,ZEN49,564,CAAGGTCCTATAGGCT-1,7571,3178,0.16311360150575638,0.008231115821674162,-0.2237470518797636,0.3,0.0,0.10319248139858246
0,110,ZEN49,462,ATCAATCTGGGCTGCA-1,7379,8073,0.16306548267602922,0.006079892383569808,-0.1822914756834507,0.0,0.0,0.0
0,111,ZEN49,1508,GTATCTTTCATAACCA-1,9840,7966,0.16306359320878983,0.008257783052684466,-0.21838577687740326,0.0,0.0,0.0
0,112,ZEN49,661,CATCATTACCCTGAGG-1,10977,4921,0.16305423825979232,0.0037493709921934968,-0.09980368986725807,0.0,0.0,0.0
0,113,ZEN49,1621,GTTTGACCAAATCCTA-1,6811,8834,0.16296475231647492,0.0058626141484200405,-0.2841907974332571,0.0,0.0,0.0
0,114,ZEN49,756,CCGCACTTGCAATGAC-1,14196,3508,0.1628800094127655,0.007030884197086959,-0.22019701972603797,0.0,0.0,0.0
0,115,ZEN49,1713,TAGCGTCCGGTGTGGT-1,11166,6770,0.16284330040216446,0.008079616702338933,-0.19884084640070795,0.2,0.0,0.06983077824115753
0,116,ZEN49,1964,TGATGTCAATTAAGTG-1,12303,3942,0.16281221956014633,0.010615331769604195,-0.12322936356067657,0.1,0.0,0.03556954562664032
0,117,ZEN49,205,ACGAGTACGGATGCCC-1,6435,3830,0.1627625420689583,0.007209274815994026,-0.2584566153585911,0.0,0.0,0.0
0,118,ZEN49,829,CGACAATTTGATCTAA-1,9274,4811,0.16275684535503387,0.010366972498046538,-0.2442042499780655,0.0,0.0,0.0
0,119,ZEN49,650,CATACACGGTTCCCAC-1,12678,9164,0.16273410469293595,0.008401388519393928,-0.1433920169249177,0.1,0.0,0.03310309648513794
0,120,ZEN49,195,ACCGGGCCTTTGTTGA-1,9842,4485,0.16265403628349304,0.006456908329684101,-0.2806565538048744,0.0,0.0,0.0
0,121,ZEN49,1410,GGCTCGCGTTGAGGTA-1,7002,5027,0.16263807862997054,0.007146930011698049,-0.2233008325099945,0.0,0.0,0.0
0,122,ZEN49,2079,TTAGAAGAACATGACT-1,10975,8184,0.16263463646173476,0.00698033020579955,-0.23294554501771927,0.0,0.0,0.0
0,123,ZEN49,1648,TAATTACGTCAGTAGA-1,12871,4052,0.16259351819753648,0.009297366740839978,-0.33242965638637545,0.0,0.0,0.0
0,124,ZEN49,670,CATGGATTGTCTTCCG-1,11546,4160,0.16258188039064408,0.007363193371617468,-0.2190660409629345,0.0,0.0,0.0
0,125,ZEN49,104,AATATCGAGGGTTCTC-1,6246,4157,0.16256443560123443,0.0072585357984612815,-0.2595016976818442,0.0,0.0,0.0
0,126,ZEN49,303,AGATTATAGGACGTTT-1,7946,9270,0.16255020052194596,0.007191579037676288,-0.3197260079905391,0.0,0.0,0.0
0,127,ZEN49,1955,TGAGTGCCTCTTAAAT-1,9649,10685,0.16254900991916657,0.006467002880329613,-0.25994279850274327,0.0,0.0,0.0
0,128,ZEN49,1014,CTCGGTACCACTGCTC-1,8894,6334,0.16254648715257644,0.006445365047033257,-0.22985417265444993,0.0,0.0,0.0
0,129,ZEN49,1184,GAGCGCGCACGAGTAG-1,10409,5029,0.16254425644874573,0.006848459248003058,-0.2595410838723183,0.0,0.0,0.0
0,130,ZEN49,1293,GCGAGAGTTGCGTCCA-1,7382,3504,0.16253550499677658,0.006500814108565534,-0.2162384122610092,0.0,0.0,0.0
0,131,ZEN49,1285,GCGAAACGATCGGGAG-1,11356,4268,0.1624646559357643,0.007521171860061649,-0.30744079276919367,0.0,0.0,0.0
0,132,ZEN49,773,CCGGTTTGTAATTGTG-1,11731,10578,0.1624452844262123,0.006817592528261508,-0.3221146002411842,0.1,0.0,0.03499498069286346
0,133,ZEN49,1351,GCTGTATTACTGGCCC-1,9838,11012,0.1624211847782135,0.009830467620877756,-0.21420273678377272,0.0,0.0,0.0
0,134,ZEN49,1076,CTTCCGCTCCGTGAAG-1,11732,9708,0.16238660365343094,0.006171001154629143,-0.23457100037485362,0.1,0.0,0.03653736412525177
0,135,ZEN49,148,ACACCTTACTACTTGC-1,8896,3070,0.16237243711948396,0.00634769684843222,-0.29173807334154844,0.0,0.0,0.0
0,136,ZEN49,1928,TCTTACCGGAACTCGT-1,5109,5244,0.16237131506204605,0.005617632502814421,-0.2941765455529094,0.0,0.0,0.0
0,137,ZEN49,947,CGTTCTTCGCACACCT-1,4732,3285,0.16231072396039964,0.004702356642022443,-0.06848126389086247,0.1,0.0,0.03724660873413086
0,138,ZEN49,1917,TCTGAATTCCGTACAA-1,7570,4919,0.16230933070182801,0.006709401547367927,-0.1476173758506775,0.0,0.0,0.0
0,139,ZEN49,666,CATGACTTCGCTGAAT-1,8707,3614,0.16230080723762513,0.007716390404145813,-0.1479899930767715,0.0,0.0,0.0
0,140,ZEN49,1384,GGATTTCACTTCTATA-1,7002,6115,0.1622626945376396,0.0068387832554060715,-0.19230027720332146,0.0,0.0,0.0
0,141,ZEN49,1933,TCTTCGAATAGACGTT-1,8515,7421,0.1622539132833481,0.010516000982900365,-0.1792442874982953,0.0,0.0,0.0
0,142,ZEN49,192,ACCGATGGTAGCATCG-1,7949,5137,0.1622006729245186,0.006088465894988973,-0.2698047779500484,0.0,0.0,0.0
0,143,ZEN49,454,ATATCGTTCCTCGAAC-1,12113,5139,0.16219839453697205,0.008026733412058718,-0.21375241242349147,0.0,0.0,0.0
0,144,ZEN49,1011,CTCGATATTTGCGAGC-1,5489,4374,0.1621706187725067,0.005872295188154486,-0.23799345027655364,0.0,0.0,0.0
0,145,ZEN49,621,CAGAGACGGTCACCCA-1,10786,8946,0.16214704066514968,0.004521273807532307,-0.21889581829309462,0.0,0.0,0.0
0,146,ZEN49,1586,GTTAAAGTAGGACTGG-1,10409,6117,0.1620995059609413,0.0033843838805460488,-0.1933927761390805,0.0,0.0,0.0
0,147,ZEN49,1515,GTCAAGCGGACTCGGG-1,8516,6769,0.16208269000053405,0.003414779075405317,-0.18022121768444777,0.0,0.0,0.0
0,148,ZEN49,1243,GCACGCCTACTTAGAT-1,11542,10904,0.1620723843574524,0.008733220032596939,-0.16231727190315723,0.1,0.0,0.03610559701919556
0,149,ZEN49,1902,TCTAGCAATCTCCGCC-1,9838,11882,0.1620614007115364,0.009068225214806299,-0.25832321047782897,0.1,0.0,0.03555106222629547
0,150,ZEN49,1702,TAGACTACCTAGCGTT-1,8328,3831,0.16205667406320573,0.006332462121344956,-0.2185768909752369,0.0,0.0,0.0
0,151,ZEN49,1798,TCAGAACCTCCACAGG-1,6814,3613,0.1620394691824913,0.004168749408104992,-0.1997355032712221,0.0,0.0,0.0
0,152,ZEN49,623,CAGAGGCGATGCATGA-1,11353,9925,0.16203471571207045,0.011156917340281418,-0.2567672863602638,0.0,0.0,0.0
0,153,ZEN49,1345,GCTGCACGGTTTCTTA-1,8894,7204,0.1620163932442665,0.006704735512212356,-0.19800215028226376,0.0,0.0,0.0
0,154,ZEN49,1548,GTGAACTCCCATTCGA-1,6814,3831,0.16200698018074036,0.0025486464250183394,-0.30865084324032066,0.0,0.0,0.0
0,155,ZEN49,575,CACAATGAGCTGCTAT-1,9082,9706,0.16193918883800507,0.005388574934407956,-0.27005864921957257,0.0,0.0,0.0
0,156,ZEN49,1743,TATATCCCTGGGAGGA-1,7949,4484,0.1619332551956177,0.006103921399768512,-0.22779322657734155,0.0,0.0,0.0
0,157,ZEN49,1023,CTCTTCTATTGACTGG-1,9842,4267,0.16192066222429274,0.0053323725249745674,-0.30059729646891353,0.0,0.0,0.0
0,158,ZEN49,844,CGAGTACTAAAGAGGA-1,9649,11338,0.16191288232803344,0.0081886009464266,-0.22127934210002423,0.0,0.0,0.0
0,159,ZEN49,218,ACGCTAGTGATACACT-1,6435,4265,0.16190729290246964,0.006668020227959645,-0.26817737706005573,0.0,0.0,0.0
0,160,ZEN49,510,ATGTAAGGCTGCTCTT-1,7193,2960,0.16188880801200867,0.009192574896909708,-0.12693525440990924,0.0,0.0,0.0
0,161,ZEN49,1502,GTAGCTTCCTCTTGTT-1,7002,5462,0.16188436299562453,0.004725540758865732,-0.2689373940229416,0.0,0.0,0.0
0,162,ZEN49,1644,TAAGTTGCGACGTAGG-1,11167,4812,0.1618611678481102,0.0032942606269101976,-0.2336604345589876,0.0,0.0,0.0
0,163,ZEN49,732,CCCAGTTAAGGCGCCG-1,9084,6225,0.16186031252145766,0.005169761508573568,-0.24298730529844761,0.0,0.0,0.0
0,164,ZEN49,1235,GCAACAGCAGTATGCG-1,9842,3615,0.1618478924036026,0.0031078466772995464,-0.02738513723015785,0.0,0.0,0.0
0,165,ZEN49,607,CACGTTTCGTACACAC-1,11545,5247,0.16184542328119278,0.006903796629806957,-0.1620614394545555,0.0,0.0,0.0
0,166,ZEN49,561,CAAGCGGCACATAATT-1,11355,7314,0.16183342635631562,0.008844948541686336,-0.15974692404270172,0.4,0.0,0.1318160504102707
0,167,ZEN49,541,ATTGTACAACTCGGCT-1,7760,3940,0.16181612610816956,0.006109091110904817,-0.266761371307075,0.0,0.0,0.0
0,168,ZEN49,1949,TGACTATAATCCTTTC-1,9840,7748,0.16177360564470292,0.005987731368897144,-0.20441679432988166,0.0,0.0,0.0
0,169,ZEN49,136,ACAAGGACAAGAGGTT-1,6620,11119,0.1617667257785797,0.005955140631883578,-0.23290472179651261,0.0,0.0,0.0
0,170,ZEN49,1820,TCCCACTCTCTTCCGG-1,7003,3504,0.1617590606212616,0.005900481236715376,-0.15203442871570588,0.0,0.0,0.0
0,171,ZEN49,513,ATGTGGACATCTTGAT-1,10029,7422,0.16170983761548996,0.005124536125890489,-0.239913272857666,0.0,0.0,0.0
0,172,ZEN49,1340,GCTCGGAATTTAAAGC-1,5298,6005,0.16167973428964616,0.007619845661638412,-0.2790005259215832,0.0,0.0,0.0
0,173,ZEN49,1408,GGCTATTAAGTTGTAT-1,7378,10684,0.16158763319253922,0.0038756365443312533,-0.22265767566859723,0.0,0.0,0.0
0,174,ZEN49,128,AATTGAACGCTCTGGT-1,9652,6117,0.16154582649469376,0.00829546446584633,-0.1993424106389284,0.0,0.0,0.0
0,175,ZEN49,632,CAGCTCACTGAGACAT-1,7379,8726,0.16154019981622697,0.0062889175623065405,-0.1960123749449849,0.0,0.0,0.0
0,176,ZEN49,1579,GTGGTTACTTCTTTCG-1,7003,3722,0.16153278648853303,0.006624552734797635,-0.24455303512513638,0.0,0.0,0.0
0,177,ZEN49,2148,TTGACAGGAGCTCCCG-1,10031,4376,0.16149420589208602,0.004511670307804718,-0.2720408096909523,0.0,0.0,0.0
0,178,ZEN49,55,AACGTGCGAAAGTCTC-1,7948,7095,0.16149024665355682,0.0061932404000437915,-0.21946748793125154,0.0,0.0,0.0
0,179,ZEN49,1126,GAAGTGATTTATCGTG-1,8514,10032,0.16147791892290114,0.005966637946287418,-0.2664414901286364,0.0,0.0,0.0
0,180,ZEN49,2176,TTGCTGATCATGTTCG-1,7379,8944,0.16147545129060745,0.005897850469946102,-0.1875887207686901,0.0,0.0,0.0
0,181,ZEN49,1552,GTGACCGCACACTACG-1,8516,5246,0.16145359128713607,0.005797481962356125,-0.30281342566013336,0.0,0.0,0.0
0,182,ZEN49,1504,GTAGTCTACGATATTG-1,13058,6771,0.16144521981477739,0.005472404867605802,-0.19958755560219288,0.0,0.0,0.0
0,183,ZEN49,1473,GGTGGACTGCTCTGGC-1,11545,5900,0.16141891330480576,0.005936226847077851,-0.19515023268759252,0.0,0.0,0.0
0,184,ZEN49,2004,TGGACTGTTCGCTCAA-1,8137,7203,0.16139464378356932,0.004805006903471659,-0.2768971659243107,0.0,0.0,0.0
0,185,ZEN49,1106,GAAAGAACAGCGTTAT-1,8139,3940,0.16136355102062225,0.005870626941401306,-0.21833418309688568,0.0,0.0,0.0
0,186,ZEN49,737,CCCGTAGCTGGGAAGA-1,11920,10904,0.16134416311979294,0.006629337040714597,-0.14725102316588162,0.0,0.0,0.0
0,187,ZEN49,1669,TACGACGCTTGCTGCG-1,9839,9271,0.16133724004030228,0.006964840138607301,-0.13382673859596253,0.0,0.0,0.0
0,188,ZEN49,1821,TCCCAGCTTTAGTCTG-1,7568,9052,0.16132044941186904,0.007686317429686798,-0.2494630940258503,0.0,0.0,0.0
0,189,ZEN49,1367,GGACCAACAGGATAAC-1,10786,7858,0.16130903363227844,0.006143741608037668,-0.19167069848626853,0.0,0.0,0.0
0,190,ZEN49,784,CCTAACCCAAACAAGT-1,10409,5464,0.16130468398332595,0.0030223362728753187,-0.13056264743208884,0.0,0.0,0.0
0,191,ZEN49,152,ACACTGATCAAGGTGT-1,10974,9925,0.16128898710012435,0.004911756090588089,-0.20679776445031167,0.0,0.0,0.0
0,192,ZEN49,1324,GCTACGACTTATTGGG-1,9272,7639,0.16125663071870805,0.004801267052532462,-0.1882141588255763,0.0,0.0,0.0
0,193,ZEN49,79,AAGGAGCGGTTGGTGC-1,6432,9922,0.16124781966209412,0.0028073060452423397,-0.20971974972635507,0.0,0.0,0.0
0,194,ZEN49,847,CGAGTTTATCGGACTG-1,8138,5028,0.16120782047510146,0.006788645953177535,-0.22075449600815772,0.0,0.0,0.0
0,195,ZEN49,949,CGTTGAGCGACCGTCG-1,9462,7095,0.16120595484972,0.005861645002876908,-0.26236099787056444,0.0,0.0,0.0
0,196,ZEN49,52,AACGGCCATCTCCGGT-1,10028,10903,0.16117870807647705,0.008487319665655833,-0.2385999256744981,0.0,0.0,0.0
0,197,ZEN49,648,CATAACGGACAGTCGT-1,7949,4919,0.1611590713262558,0.004259629009256926,-0.244027940928936,0.0,0.0,0.0
0,198,ZEN49,1479,GGTTCTACTCGTCTGA-1,8517,3723,0.16115699112415313,0.004530129153004789,-0.2991226505488157,0.0,0.0,0.0
0,199,ZEN49,473,ATCCAGGATTCGTGAA-1,8703,10141,0.1611540734767914,0.0061867905945732745,-0.2742757581174374,0.0,0.0,0.0
0,200,ZEN49,498,ATGCCATTTGCGACCA-1,9274,5246,0.161149862408638,0.009369976439131225,-0.17648815512657165,0.0,0.0,0.0
0,201,ZEN49,1050,CTGGCGCACAGGTCTG-1,8138,5463,0.16108839064836503,0.005961349748510547,-0.20688181221485138,0.0,0.0,0.0
0,202,ZEN49,796,CCTCACCTTAGCATCG-1,6246,4592,0.16108546853065492,0.003228799627881158,-0.27612095344811677,0.0,0.0,0.0
0,203,ZEN49,1464,GGTCGGTCGTCCACAG-1,11732,9490,0.16105394214391708,0.008433048568259046,-0.1549239929765463,0.0,0.0,0.0
0,204,ZEN49,1169,GACTGCAAATCGAGCT-1,12301,6988,0.1610511526465416,0.004310225115431963,-0.2662015716545284,0.0,0.0,0.0
0,205,ZEN49,117,AATGATGATACGCTAT-1,5488,5026,0.16104430258274077,0.007438908966441317,-0.1966683194041252,0.0,0.0,0.0
0,206,ZEN49,1609,GTTGAGTCCCGCCGGT-1,10976,6661,0.16104081869125367,0.01012022984973311,-0.22962616384029388,0.0,0.0,0.0
0,207,ZEN49,945,CGTTAATGTCCCGACG-1,12302,5683,0.16103091090917587,0.005850371127938555,-0.21566126607358455,0.0,0.0,0.0
0,208,ZEN49,2028,TGGTTCAACGGGTAAT-1,10598,7096,0.16102829873561858,0.009230927667598608,-0.25583089515566826,0.0,0.0,0.0
0,209,ZEN49,962,CTAAGGGAATGATTGG-1,9462,7313,0.16101967692375183,0.006530757594281069,-0.20603345073759555,0.0,0.0,0.0
0,210,ZEN49,799,CCTCGCGCGATATAGG-1,5110,4809,0.16101834326982498,0.005194883870784532,-0.32877588011324405,0.0,0.0,0.0
0,211,ZEN49,982,CTAGTAGAAAGGGATT-1,13059,6336,0.16100887656211854,0.008419961897426468,-0.2835432205349207,0.1,0.0,0.034909260272979734
0,212,ZEN49,1522,GTCCATTACTGCTACG-1,9085,3614,0.16100844889879226,0.004724525888897304,-0.18408775627613067,0.0,0.0,0.0
0,213,ZEN49,1157,GACGAGGCTAATAAAC-1,11735,4268,0.1610013425350189,0.007523433611053519,-0.16702850684523582,0.0,0.0,0.0
0,214,ZEN49,1198,GAGTGTGCGGTACCCA-1,9463,5573,0.16089648753404617,0.007626551522958027,-0.2550176568329334,0.0,0.0,0.0
0,215,ZEN49,1677,TACGCTATAGAAACCT-1,7571,3831,0.16088135838508605,0.003558127483384713,-0.17883811462670565,0.0,0.0,0.0
0,216,ZEN49,365,AGGTAGGTACAAAGCT-1,7756,11772,0.1608676016330719,0.005308313516350859,-0.08441280331462622,0.0,0.0,0.0
0,217,ZEN49,18,AAAGTTGACTCCCGTA-1,9085,4702,0.16083794683218003,0.006368995255632592,-0.22099204547703266,0.0,0.0,0.0
0,218,ZEN49,658,CATAGTCCACAAGAAC-1,9648,11773,0.16080979406833648,0.007969267890670024,-0.24379455894231797,0.0,0.0,0.0
0,219,ZEN49,1671,TACGAGAACTTCACGT-1,7756,10902,0.16080510765314102,0.006135053265703522,-0.2566191440448165,0.0,0.0,0.0
0,220,ZEN49,2152,TTGACGCTCCATGAGC-1,8896,4158,0.16080366373062133,0.003443593403925742,-0.15207843184471131,0.0,0.0,0.0
0,221,ZEN49,801,CCTCGGACCGGGATAG-1,8895,5899,0.1607927069067955,0.005952216221508022,-0.2779035620391369,0.0,0.0,0.0
0,222,ZEN49,2154,TTGACTATTGTCCGGC-1,9842,3832,0.16076518595218658,0.006596886231713903,-0.2893965419381857,0.0,0.0,0.0
0,223,ZEN49,1889,TCGTCAAGTACGCGCA-1,11731,11013,0.16076506227254866,0.006841205848967886,-0.2508540559560061,0.0,0.0,0.0
0,224,ZEN49,380,AGTCAAGATGACACTT-1,10220,5355,0.1607304558157921,0.005005973792260893,-0.22078390177339316,0.0,0.0,0.0
0,225,ZEN49,393,AGTGAACAAACTTCTC-1,9464,4050,0.16072726100683213,0.005602027332464635,-0.297943951189518,0.0,0.0,0.0
0,226,ZEN49,922,CGGTTATCCAACAGTG-1,6813,4483,0.16072205305099488,0.008760513000827815,-0.238961948081851,0.0,0.0,0.0
0,227,ZEN49,842,CGAGGCTAAATATGGC-1,6622,7420,0.16071995794773103,0.006400775562911674,-0.18434955254197122,0.0,0.0,0.0
0,228,ZEN49,2026,TGGTCTGTTGGGCGTA-1,8134,11990,0.16071151345968246,0.00757594259845399,-0.08566824048757553,0.0,0.0,0.0
0,229,ZEN49,45,AACCGCTAAGGGATGC-1,9842,5138,0.16068775802850724,0.004158508923030868,-0.28345588594675064,0.0,0.0,0.0
0,230,ZEN49,1932,TCTTCCCATGGGCACA-1,7192,4701,0.16064951121807097,0.005425521554392702,-0.2972371234558523,0.0,0.0,0.0
0,231,ZEN49,487,ATCTTATCGCACACCC-1,13249,3834,0.16064075529575347,0.005553265336775166,-0.12540349140763282,0.0,0.0,0.0
0,232,ZEN49,1578,GTGGTGGCCAAGTGAA-1,9651,6552,0.1606283590197563,0.0058872215223335035,-0.20171258971095085,0.0,0.0,0.0
0,233,ZEN49,1036,CTGCAGAGAATCAGAG-1,12681,4160,0.16062794327735902,0.005131784883559854,-0.08080725371837616,0.0,0.0,0.0
0,234,ZEN49,1842,TCCGTTAAGCTAATAT-1,10978,4268,0.16060119718313218,0.004207185328754082,-0.16491709016263484,0.0,0.0,0.0
0,235,ZEN49,2119,TTCGACAGAGCCCGTG-1,10976,7749,0.1605917513370514,0.006651111071675927,-0.1645405687391758,0.0,0.0,0.0
0,236,ZEN49,1065,CTGTGCAGGGTAGGTC-1,9083,7530,0.1605837196111679,0.00681480572426266,-0.2719238048419356,0.0,0.0,0.0
0,237,ZEN49,1929,TCTTACTTATGCCTCT-1,9652,5029,0.16058172583580016,0.00435371284574289,-0.19257419593632222,0.0,0.0,0.0
0,238,ZEN49,1190,GAGGGCGCAGCTCTGC-1,6245,5462,0.16057080328464507,0.005552997155699321,-0.16256010606884957,0.0,0.0,0.0
0,239,ZEN49,1890,TCGTCACACTGTTAGC-1,6241,13077,0.16056644916534424,0.007573183745613261,-0.12631558887660504,0.0,0.0,0.0
0,240,ZEN49,167,ACCAACACCACACACT-1,4921,3177,0.16054770201444626,0.003326216432946757,-0.20674963854253292,0.0,0.0,0.0
0,241,ZEN49,2057,TTAAACTCGAATTCAT-1,7003,4810,0.16054289042949677,0.0049377876095146106,-0.20105716735124587,0.0,0.0,0.0
0,242,ZEN49,1632,TAACCTACCGTCCGAG-1,7381,4157,0.16050985455513,0.006578481337666463,-0.2846011780202389,0.0,0.0,0.0
0,243,ZEN49,1811,TCCACAATGGTTTACG-1,6810,11228,0.16050661206245423,0.007006994912378719,-0.29121301248669623,0.0,0.0,0.0
0,244,ZEN49,1194,GAGTATGCGCGTGCAT-1,13058,7424,0.16050317138433456,0.01026859623167825,-0.18535415083169937,0.0,0.0,0.0
0,245,ZEN49,63,AAGACCCAACTGAACA-1,12489,9273,0.1604657843708992,0.008763371463118647,-0.22688096836209298,0.0,0.0,0.0
0,246,ZEN49,706,CCAGATAGTTGAGTGA-1,6434,6006,0.16046076714992524,0.006340965813910721,-0.29595458656549456,0.0,0.0,0.0
0,247,ZEN49,471,ATCCACATCGACAGAA-1,12869,7315,0.16045768707990646,0.011239097619668256,-0.28558464422822,0.3,0.0,0.10671222805976868
0,248,ZEN49,430,ATACGCCGGCGAAACC-1,8705,6660,0.16045633405447007,0.006589357493507278,-0.2091587010771036,0.0,0.0,0.0
0,249,ZEN49,1620,GTTTCTGCAGTCTCCC-1,8705,7313,0.16045398861169816,0.005437107924102515,-0.2410873595625162,0.0,0.0,0.0
0,250,ZEN49,1021,CTCTCTAACTGCCTAG-1,11919,12862,0.16041971892118453,0.006596617122908677,-0.23790657334029675,0.0,0.0,0.0
0,251,ZEN49,1378,GGATGAAGATCGCTGA-1,9085,4920,0.16039595752954483,0.003642158698328804,-0.22272670827805996,0.0,0.0,0.0
0,252,ZEN49,1239,GCAAGTGCACAGAGAA-1,5674,10574,0.1603922501206398,0.00819220441679471,-0.25953492522239685,0.0,0.0,0.0
0,253,ZEN49,83,AAGGCTGTGCTCATCG-1,6810,10140,0.16038458943367004,0.004337970778168434,-0.19906278178095818,0.0,0.0,0.0
0,254,ZEN49,636,CAGGATATATCGTTGT-1,9461,8618,0.16038449108600616,0.004258301801993926,-0.20131657049059867,0.0,0.0,0.0
0,255,ZEN49,11,AAACTGCTGGCTCCAA-1,9651,7857,0.16036270558834076,0.009177804590005003,-0.279220574349165,0.0,0.0,0.0
0,256,ZEN49,350,AGGCAGGGAGCGTACT-1,12299,9817,0.1603598952293396,0.006192093088111392,-0.28384604025632143,0.0,0.0,0.0
1,1,ZEN49,1374,GGAGGGCTTGGTTGGC-1,7191,6659,0.1834436222910881,0.0389991532805954,-0.2271955642849207,0.5,0.2,0.24988088011741638
1,2,ZEN49,896,CGGAGCAATTTAATCG-1,11354,8619,0.18262251913547517,0.03395140056460831,-0.1984168455004692,0.5,0.4,0.25611242055892947
1,3,ZEN49,2004,TGGACTGTTCGCTCAA-1,8137,7203,0.18204775750637053,0.03592243081530936,-0.176073157787323,0.5,0.5,0.26645796895027163
1,4,ZEN49,933,CGTGAAGTTAATTCAC-1,8704,9053,0.18054860457777977,0.03857417175778143,-0.20848564058542252,0.5,0.4,0.26481405794620516
1,5,ZEN49,695,CCACAGTACCCATCCT-1,10220,5138,0.1796225517988205,0.03390745815612072,-0.2095840286463499,0.5,0.4,0.25529310405254363
1,6,ZEN49,1052,CTGGCTGGTTGTCAGT-1,11354,9055,0.1791907511651516,0.04244455849984659,-0.2165902942419052,0.5,0.5,0.25619382262229917
1,7,ZEN49,305,AGCAACATATCTTATT-1,8895,5028,0.1788942202925682,0.038176304101755314,-0.22342562824487686,0.5,0.5,0.2578743636608124
1,8,ZEN49,1835,TCCGCGGCAGCATCTG-1,7570,6007,0.1787647783756256,0.03831035154355297,-0.1835351526737213,0.5,0.2,0.25151106119155886
1,9,ZEN49,463,ATCACGTGCTAATTAA-1,9838,11229,0.178679221868515,0.03691747235560677,-0.1510522486642003,0.5,0.5,0.2667530596256256
1,10,ZEN49,2131,TTCTAACCGAAGCTTA-1,7570,5354,0.17827092856168747,0.03791268686417157,-0.2955198734998703,0.5,0.5,0.26322232484817504
1,11,ZEN49,659,CATATAGGTACAGTCA-1,9271,9162,0.1778698205947876,0.039028781081011175,-0.134039562754333,0.5,0.4,0.2538345158100128
1,12,ZEN49,867,CGCCATCCGATTATGA-1,5677,6441,0.1777638763189316,0.03458881746804998,-0.24003010541200637,0.5,0.5,0.26205387711524963
1,13,ZEN49,620,CAGACGAACCTGATAC-1,10596,9707,0.17767253667116165,0.039164294794312667,-0.21087264269590378,0.5,0.5,0.25977771878242495
1,14,ZEN49,767,CCGGAGCGTACTTTCT-1,12111,9055,0.17761513739824294,0.038286445097839725,-0.1672373678535223,0.5,0.5,0.26953033804893495
1,15,ZEN49,593,CACCGCCAGAAGGTTT-1,6243,8725,0.1775917574763298,0.04102588096928539,-0.16845516599714755,0.5,0.5,0.26255932450294495
1,16,ZEN49,2043,TGTGAGACTAGCCCAA-1,12300,8294,0.17743040025234222,0.038213834810441105,-0.25550438910722734,0.5,0.5,0.26555509567260743
1,17,ZEN49,1585,GTGTTACTATGCGTCC-1,8894,6986,0.17734708040952682,0.04142494399534429,-0.2142302542924881,0.5,0.3,0.25417156517505646
1,18,ZEN49,273,AGAACGTGGTACATTC-1,6244,7202,0.1772851303219795,0.03665589783694727,-0.10968652293086052,0.5,0.4,0.25794212222099305
1,19,ZEN49,834,CGAGACCCTAGAGTGT-1,9272,8510,0.17725983560085296,0.03693222639963286,-0.10725581236183643,0.5,0.4,0.26252772808074953
1,20,ZEN49,816,CCTGTCACCCGGGCTC-1,6622,7855,0.17723587453365325,0.03361074338786713,-0.2679960161447525,0.5,0.5,0.2591315746307373
1,21,ZEN49,1873,TCGCTGGGCGGATTGT-1,6433,7094,0.1772278629243374,0.0408275153520862,-0.21555650010704994,0.5,0.1,0.24144146144390105
1,22,ZEN49,495,ATGATGCAATGGTACA-1,9460,9706,0.17709810882806779,0.03700048887916213,-0.10635878592729568,0.5,0.4,0.25919021368026735
1,23,ZEN49,1313,GCGGGCGAGCCTTACC-1,11542,9599,0.17704411447048188,0.03533719660154419,-0.13404923677444458,0.5,0.2,0.24584566950798034
1,24,ZEN49,1953,TGAGGAGTGCCAGCTT-1,12111,8837,0.1769621953368187,0.04104653498226134,-0.19439823776483536,0.4,0.4,0.21542293429374695
1,25,ZEN49,552,CAAATGTCCTTCCGTG-1,9650,9380,0.17685481458902358,0.03618744640868506,-0.13930383548140526,0.5,0.2,0.24674889743328093
1,26,ZEN49,684,CATTTAGCGGACCATG-1,5866,5897,0.17669006437063217,0.03984498549875326,-0.13578686844557525,0.5,0.3,0.2518553763628006
1,27,ZEN49,893,CGCTTTCTTGCATTCG-1,7002,5897,0.17658458948135375,0.03762365614100448,-0.18961295783519744,0.5,0.5,0.26013758182525637
1,28,ZEN49,788,CCTAGGCGTAGCGATC-1,7948,5572,0.17647218257188796,0.03248021493264763,-0.22560406401753424,0.5,0.5,0.26083970069885254
1,29,ZEN49,516,ATTAATGAACCAGTCG-1,5487,6549,0.17638583555817605,0.03973816626201085,-0.15335694402456285,0.5,0.4,0.25118795931339266
1,30,ZEN49,2185,TTGGGCGGCGGTTGCC-1,6812,6876,0.17629586011171341,0.03715863964783416,-0.24852939546108246,0.5,0.5,0.2663417518138885
1,31,ZEN49,598,CACCTTGCGAAACTCG-1,5677,6005,0.17624016031622886,0.042868320272946785,-0.16410848125815392,0.5,0.3,0.25383463501930237
1,32,ZEN49,1770,TATTCGTGCCAGAATA-1,7568,8182,0.1761608675122261,0.032583028786932096,-0.1841933885589242,0.5,0.4,0.2539388298988342
1,33,ZEN49,1275,GCCGATTGGCCAAGCT-1,8893,8509,0.1759932667016983,0.03631325150469841,-0.21300870329141616,0.5,0.5,0.25825536251068115
1,34,ZEN49,1566,GTGCGAAATCGAACAC-1,9649,10468,0.17598678767681122,0.035801334040208625,-0.30453833788633344,0.5,0.4,0.26011991798877715
1,35,ZEN49,1427,GGGCAGAGCAATCGTT-1,12111,8620,0.17597874253988266,0.03685997154522203,-0.13666647914797067,0.5,0.1,0.24764846861362458
1,36,ZEN49,1299,GCGCAAGAGCGCGCTG-1,8706,4267,0.1759187564253807,0.03357734138088875,-0.14503512866795062,0.5,0.2,0.24762510061264037
1,37,ZEN49,1502,GTAGCTTCCTCTTGTT-1,7002,5462,0.17587030604481696,0.03630415017648739,-0.20769877210259438,0.5,0.5,0.2677086293697357
1,38,ZEN49,1321,GCTAAGTAGTTTCTCT-1,7569,6442,0.17561883777379989,0.03809824269326374,-0.24998631477355956,0.5,0.5,0.2617974877357483
1,39,ZEN49,432,ATACGGGTTTCGATTG-1,5298,6223,0.17561232671141624,0.0416940727489957,-0.20215806365013123,0.5,0.3,0.2585763603448868
1,40,ZEN49,1158,GACGCCGTAAAGGCTA-1,11353,9272,0.17551159113645554,0.037166340080892445,-0.1117492888122797,0.5,0.4,0.2582629084587097
1,41,ZEN49,335,AGCTCTAGACGTTCCA-1,8326,6877,0.17548074051737786,0.03367185766337615,-0.16063088774681092,0.5,0.4,0.2597287714481354
1,42,ZEN49,1832,TCCGATGGTGCGACAT-1,5864,9378,0.1752227172255516,0.03137681758843553,-0.22157184034585953,0.5,0.4,0.25804645717144015
1,43,ZEN49,1766,TATTCAATTCTAATCC-1,7569,7094,0.17505068331956863,0.03725673793463388,-0.18359573408961297,0.5,0.3,0.2483966201543808
1,44,ZEN49,2092,TTATATACGCTGTCAC-1,8326,7095,0.1749735340476036,0.03001462665707447,-0.19635561294853687,0.5,0.4,0.2562807023525238
1,45,ZEN49,285,AGACTAGCCTTCCAGA-1,6432,10140,0.17495295405387878,0.03430908724670309,-0.19523188136518002,0.5,0.5,0.25919376611709594
1,46,ZEN49,2199,TTGTTGTGTGTCAAGA-1,7001,6768,0.17485990449786187,0.04173898916773514,-0.13173229694366456,0.5,0.3,0.25248671174049375
1,47,ZEN49,1555,GTGACTTCAGTAGTGC-1,9839,9706,0.17479368001222612,0.03844752449431526,-0.22054577618837357,0.5,0.5,0.25425079464912415
1,48,ZEN49,1896,TCGTTAGGAGTCCCTA-1,10975,9272,0.174651663005352,0.03718007866547005,-0.2242916688323021,0.5,0.5,0.2564726710319519
1,49,ZEN49,496,ATGCACTACCGCATTG-1,6242,10248,0.17461504489183427,0.037703585109329855,-0.30667355060577395,0.5,0.4,0.2598746567964554
1,50,ZEN49,53,AACGTACTGTGGGTAC-1,10217,10577,0.17458480149507521,0.03311094219052912,-0.2131718710064888,0.5,0.4,0.25748537182807923
1,51,ZEN49,903,CGGCCACGCACAAAGT-1,7757,8726,0.17452341914176941,0.03256035343207332,-0.16633704900741578,0.5,0.3,0.2527648717164993
1,52,ZEN49,1767,TATTCCACTCAGCTCG-1,10407,8945,0.17451564073562623,0.03972418701547389,-0.09078188724815846,0.5,0.1,0.2465402215719223
1,53,ZEN49,769,CCGGGCGGTCTCGTCA-1,7191,6877,0.17445463240146636,0.03455490652575941,-0.2646406263113022,0.5,0.4,0.25794665813446044
1,54,ZEN49,1209,GATCCTAAATCGGGAC-1,6245,4809,0.17441788762807847,0.03375578549700625,-0.23582525849342345,0.5,0.1,0.24297420382499696
1,55,ZEN49,1296,GCGAGTTCTGCAAAGA-1,7758,8291,0.1743306964635849,0.0334732573108029,-0.18878764007240534,0.5,0.3,0.25379757583141327
1,56,ZEN49,235,ACTACCAGCTCTCTGG-1,5863,10683,0.17427568584680558,0.03215867005800234,-0.21408471912145616,0.5,0.3,0.2504680186510086
1,57,ZEN49,68,AAGAGGCATGGATCGC-1,7948,6442,0.1742617055773735,0.037165602643473836,-0.25671666264534,0.5,0.5,0.2635086715221405
1,58,ZEN49,1851,TCCTCGGGCTGGGCTT-1,8705,6877,0.17424839735031128,0.032715687460583266,-0.2109939932823181,0.5,0.2,0.2510054916143417
1,59,ZEN49,713,CCAGTCTAGACGGCGC-1,5677,5788,0.17424697130918504,0.03243835958536955,-0.15238399878144265,0.5,0.5,0.2567420184612274
1,60,ZEN49,1376,GGATCCGGAATATACT-1,7570,6224,0.17424307391047478,0.04214349725851668,-0.2055454295128584,0.5,0.3,0.2508473753929138
1,61,ZEN49,2161,TTGATCTAACTTTGTC-1,6621,10031,0.1741872638463974,0.034538092185796634,-0.18679416738450527,0.5,0.5,0.25852155685424805
1,62,ZEN49,1132,GAATCTGAACATTCTC-1,9083,8183,0.174089452624321,0.03755259686627218,-0.2159876374527812,0.5,0.5,0.2625010013580322
1,63,ZEN49,2093,TTATATTTGGCAATCC-1,6054,8181,0.17408922016620637,0.033885063973999444,-0.09450807459652424,0.5,0.3,0.2485516369342804
1,64,ZEN49,1498,GTACTGGAGTTAGACC-1,7380,6333,0.17402343675494195,0.03622097243851978,-0.1703158959746361,0.5,0.2,0.24699171185493468
1,65,ZEN49,986,CTAGTTGGGCCCGGTA-1,6054,7746,0.17400484159588814,0.04090252733928171,-0.17936217784881592,0.5,0.3,0.2544854938983917
1,66,ZEN49,1763,TATTAACCTGACCGCG-1,11921,10252,0.17400092035531997,0.032650707699709826,-0.2630785271525383,0.5,0.0,0.23625709414482116
1,67,ZEN49,1876,TCGGACGCCCAGCCCA-1,7380,6550,0.17387708127498627,0.03650811643027544,-0.23562487177550792,0.5,0.4,0.2564054995775223
1,68,ZEN49,215,ACGCGAAGTCAGACGA-1,10407,8728,0.17387591078877448,0.039848326060832176,-0.27946946024894714,0.5,0.3,0.25488474369049074
1,69,ZEN49,2136,TTCTGCGGGTTAGCGG-1,8705,6442,0.1738493971526623,0.03485419621071197,-0.16542338766157627,0.5,0.4,0.25991115570068357
1,70,ZEN49,1026,CTGAATCCGAGACCTC-1,10028,9380,0.1737910881638527,0.03843384167318341,-0.22793365269899368,0.5,0.4,0.2612326741218567
1,71,ZEN49,1948,TGACGATGCACTAGAA-1,8138,4810,0.17375036627054213,0.032519258148646465,-0.16103757880628108,0.5,0.3,0.25121126174926756
1,72,ZEN49,1789,TCACAGGAGAATAAGA-1,11542,9816,0.173675973713398,0.032102112199826775,-0.18261080421507359,0.5,0.0,0.2273400455713272
1,73,ZEN49,1272,GCCCGTAATACCTTCT-1,6244,6550,0.17364600598812102,0.03695560376692283,-0.23751064874231814,0.5,0.3,0.2546583950519562
1,74,ZEN49,2073,TTACGGATGGTTCGAG-1,7381,5027,0.17363159358501434,0.035445809478276594,-0.21342699229717255,0.5,0.5,0.2626078426837921
1,75,ZEN49,1434,GGGCGTCACCACGTAA-1,10217,9707,0.17361825257539748,0.038357723033253154,-0.17640487849712372,0.5,0.4,0.25677104890346525
1,76,ZEN49,1701,TAGACGCCCGTACCGG-1,7191,5354,0.17356281727552414,0.03945694097934203,-0.2796834006905556,0.5,0.3,0.25520489513874056
1,77,ZEN49,358,AGGGACTCTACGCGAC-1,11543,9381,0.17352359145879745,0.03539190217197154,-0.20150063559412956,0.5,0.4,0.25939025580883024
1,78,ZEN49,2164,TTGCACAATTCAGAAA-1,9272,8945,0.17352306395769118,0.03871243441956517,-0.16143220029771327,0.5,0.2,0.2499632477760315
1,79,ZEN49,2181,TTGGATATCGTCTACG-1,10218,9489,0.17348697707056998,0.03918843438999191,-0.19768761843442917,0.5,0.4,0.2585089713335037
1,80,ZEN49,113,AATCTGCGTTGGGACG-1,7192,5136,0.17345276698470116,0.03396863637366563,-0.270503568649292,0.5,0.3,0.2532874494791031
1,81,ZEN49,1207,GATCCCTTTATACTGC-1,6432,8617,0.1734078347682953,0.038688688113014125,-0.16374822705984116,0.5,0.2,0.2444593608379364
1,82,ZEN49,1649,TAATTAGGACATCCGT-1,9085,3397,0.17337290644645692,0.03682976047037487,-0.18187151290476322,0.4,0.4,0.21422888040542604
1,83,ZEN49,1656,TACCAAATAGCCCAGA-1,12300,8511,0.17307182624936104,0.0347145185790117,-0.17478910982608795,0.5,0.1,0.24550744891166687
1,84,ZEN49,28,AAATTAACGGGTAGCT-1,7568,8835,0.17295135855674743,0.03515359939415055,-0.27386199235916137,0.5,0.4,0.25282948315143583
1,85,ZEN49,467,ATCAGTAGGCAGGGAT-1,5488,5679,0.17293007224798201,0.03977382839730688,-0.2322559028863907,0.5,0.1,0.24683813750743866
1,86,ZEN49,674,CATGGTCTAGATACCG-1,6054,7964,0.1727941945195198,0.041717950944945716,-0.2175868321210146,0.5,0.5,0.258444619178772
1,87,ZEN49,1711,TAGCCGGCGGTCAGCG-1,7380,5898,0.1726440355181694,0.04135309155847237,-0.2642303522676229,0.5,0.0,0.24374206662178038
1,88,ZEN49,439,ATAGACAACGGGACCT-1,6434,5136,0.1724729597568512,0.040605321398039004,-0.23075104802846907,0.4,0.4,0.20959674715995788
1,89,ZEN49,222,ACGGCACTTGCTTGGG-1,10975,8619,0.1724370688199997,0.04138707720020435,-0.17642808109521865,0.5,0.1,0.23804855942726136
1,90,ZEN49,895,CGGAACGTAAACATAG-1,10028,10250,0.17242420539259912,0.041207943341437916,-0.1843248065561056,0.5,0.3,0.25088141560554506
1,91,ZEN49,2121,TTCGCACTCGCGTGCT-1,5864,10248,0.17232940196990967,0.0377278910855051,-0.2736685533076525,0.5,0.4,0.2535899758338928
1,92,ZEN49,1200,GATAACTCGCACTGTG-1,8516,5463,0.17224801629781722,0.031013751039427002,-0.2417500615119934,0.5,0.5,0.2599767863750458
1,93,ZEN49,1731,TAGTCGATCACGGGTT-1,10220,4703,0.17224431782960892,0.038766944828900814,-0.2370310053229332,0.5,0.5,0.26167227029800416
1,94,ZEN49,457,ATATTCAGTTAAACCT-1,9460,10794,0.17209294885396959,0.032126609603832935,-0.3097482204437256,0.5,0.3,0.2512558937072754
1,95,ZEN49,1664,TACCTACTCCCAGTAT-1,12111,8402,0.17197236120700837,0.03204015775466865,-0.19260662607848644,0.5,0.0,0.22678179442882537
1,96,ZEN49,1813,TCCACTTTATCTAGGT-1,7002,6550,0.17187620848417282,0.041281774794792184,-0.24632216691970826,0.5,0.1,0.24395619034767152
1,97,ZEN49,424,ATAAGTTACCGCGACG-1,9839,9489,0.17184258848428727,0.03453350974655408,-0.13552593030035495,0.5,0.5,0.2562869369983673
1,98,ZEN49,1352,GCTGTTGCTACCGAAC-1,8517,4811,0.17176480889320372,0.03544250453800747,-0.18695048093795777,0.5,0.5,0.2615571439266205
1,99,ZEN49,66,AAGAGCTCTTTATCGG-1,7759,6768,0.17173163890838622,0.03617931874062574,-0.2023479759693146,0.5,0.4,0.2546725571155548
1,100,ZEN49,488,ATCTTGACCTGCAACG-1,6053,10357,0.17166052982211114,0.03977256925517136,-0.28006109297275544,0.5,0.5,0.2617841362953186
1,101,ZEN49,1136,GAATTCACCCGGGTGT-1,10029,9163,0.17149834111332893,0.04104880108279612,-0.2549698933959007,0.5,0.2,0.24721916317939757
1,102,ZEN49,173,ACCACGTGCAGCTATA-1,10219,6878,0.17127115428447723,0.03208517746504012,-0.19260393381118773,0.5,0.0,0.24520257115364075
1,103,ZEN49,307,AGCACCAGTACTCACG-1,6244,8073,0.17127008140087127,0.03301644455758745,-0.23437575437128544,0.5,0.1,0.2419951379299164
1,104,ZEN49,206,ACGATACATAGAACTA-1,5298,6440,0.17121441438794135,0.03866917171249399,-0.020199915394186974,0.5,0.2,0.2509360253810883
1,105,ZEN49,1501,GTAGCGGCTATACACT-1,8515,7639,0.17120675072073938,0.039197463104908285,-0.14515367038547994,0.5,0.4,0.2520687818527222
1,106,ZEN49,2011,TGGCCAAACTGAAGTA-1,6433,6876,0.1711944416165352,0.03744635886199161,-0.18932707756757736,0.5,0.3,0.25318123400211334
1,107,ZEN49,1291,GCGACGATAGTTGTAC-1,10218,9272,0.17119019031524657,0.03575328355944403,-0.12758247703313827,0.5,0.5,0.25886796712875365
1,108,ZEN49,1874,TCGCTTTAAACGTTTG-1,5866,5679,0.17117638140916824,0.041036441741081425,-0.28665275275707247,0.5,0.2,0.24562969505786897
1,109,ZEN49,1594,GTTACTTTGGGCCTAG-1,9271,9597,0.17117018848657609,0.034828398115029885,-0.224595994874835,0.5,0.4,0.25248648822307584
1,110,ZEN49,1185,GAGCTAAGGGCATATC-1,6623,6115,0.17113616392016412,0.04286960335529868,-0.15501255057752134,0.5,0.3,0.2528395146131516
1,111,ZEN49,725,CCCAAACATGCTGCTC-1,7570,5571,0.17112421244382858,0.04104054609548313,-0.2254384621977806,0.5,0.0,0.23241905272006988
1,112,ZEN49,1048,CTGGATTTACACTTGA-1,10407,9163,0.17098385766148566,0.042574489997304996,-0.28204150274395945,0.5,0.1,0.24410489797592164
1,113,ZEN49,1982,TGCCGTGGATCGTCCT-1,11922,8293,0.17094786390662192,0.03630706553956663,-0.20665071308612823,0.5,0.4,0.25742548406124116
1,114,ZEN49,1581,GTGTACCTTGGCTACG-1,6055,6658,0.1709245264530182,0.030796940392526114,-0.2355871085077524,0.5,0.4,0.25588873624801634
1,115,ZEN49,2067,TTACAACTACGCATCC-1,5675,9487,0.1708897329866886,0.03658865217371002,-0.2843879386782646,0.5,0.4,0.2588505417108536
1,116,ZEN49,1315,GCGTAAATGGCCATAA-1,7571,4048,0.1708848387002945,0.03498090546968325,-0.18347017802298068,0.5,0.4,0.2553013235330582
1,117,ZEN49,45,AACCGCTAAGGGATGC-1,9842,5138,0.17085598707199096,0.03285137877627127,-0.24066018015146257,0.5,0.0,0.23972304463386535
1,118,ZEN49,1885,TCGGGCCGTCGTGGTA-1,8706,5572,0.17078216522932052,0.033396644345737435,-0.3009112119674683,0.5,0.3,0.25367832481861113
1,119,ZEN49,1607,GTTCGTCTAAAGAACT-1,10788,5464,0.17077080011367798,0.032218864804751085,-0.11784290559589863,0.5,0.0,0.2274979293346405
1,120,ZEN49,11,AAACTGCTGGCTCCAA-1,9651,7857,0.17072185426950454,0.033381828546308286,-0.2351438071578741,0.5,0.2,0.2488363891839981
1,121,ZEN49,155,ACAGCGACATTCTCAT-1,12303,4378,0.1706742137670517,0.03381958771968283,-0.22956944592297077,0.5,0.1,0.239694806933403
1,122,ZEN49,341,AGGACAGTCGAATCCC-1,9273,5899,0.17066696137189866,0.029394723487939756,-0.23198430091142655,0.5,0.0,0.2405001550912857
1,123,ZEN49,1063,CTGTAGCCATCTCACT-1,11731,10143,0.17059169113636016,0.030001276093562925,-0.14850336611270903,0.5,0.0,0.2312515377998352
1,124,ZEN49,883,CGCGTTCATGAAATAC-1,6243,9596,0.1705769866704941,0.03543973322683419,-0.1419270161539316,0.5,0.3,0.2519128680229187
1,125,ZEN49,1736,TATACACAGACGCCTT-1,10597,8619,0.17056747004389763,0.04014139323610495,-0.23333329670131206,0.5,0.2,0.2524770528078079
1,126,ZEN49,312,AGCATATCAATATGCT-1,10788,4812,0.17050647288560866,0.036865979460262155,-0.23616086095571517,0.5,0.3,0.2536966592073441
1,127,ZEN49,1069,CTTAGCCTTCCACATG-1,5298,6658,0.17033421993255615,0.03700803435426603,-0.17298522144556044,0.5,0.5,0.2597624659538269
1,128,ZEN49,1364,GGAATGCGCTAGCGTG-1,7191,6224,0.17028893083333968,0.037796206018964114,-0.22804031185805798,0.5,0.3,0.25489125549793246
1,129,ZEN49,1361,GGAACCGTGTAAATTG-1,10407,10033,0.17024678140878677,0.03600422613557995,-0.2213709056377411,0.5,0.5,0.255737966299057
1,130,ZEN49,18,AAAGTTGACTCCCGTA-1,9085,4702,0.1702152259647846,0.03892819099763147,-0.1906034056097269,0.5,0.5,0.258163583278656
1,131,ZEN49,300,AGATCTCAGGTGTGAT-1,6623,6985,0.17021110877394677,0.040003267070814134,-0.23739612698554993,0.5,0.0,0.23516275882720947
1,132,ZEN49,14,AAAGGCTCTCGCGCCG-1,11543,9164,0.17021073549985885,0.033729687236402184,-0.15315742678940297,0.5,0.5,0.2556602001190186
1,133,ZEN49,1045,CTGGAAATGGATGCTT-1,6621,9378,0.17004940956830977,0.036858190240932745,-0.16631778739392758,0.5,0.5,0.260607647895813
1,134,ZEN49,77,AAGCTCGTGCCAAGTC-1,7758,7203,0.1699979193508625,0.039117198563751225,-0.17837454862892627,0.5,0.3,0.25591438114643095
1,135,ZEN49,1758,TATGGGACCGAGCAGG-1,7946,9053,0.1699691653251648,0.034629580633676535,-0.24749039709568024,0.5,0.2,0.251228466629982
1,136,ZEN49,694,CCACACTGAGATATTA-1,8514,9814,0.16991374790668487,0.034249617954187024,-0.24289225451648236,0.5,0.5,0.25761025547981264
1,137,ZEN49,2097,TTATGATCTTAACGAA-1,8327,6225,0.16988189816474913,0.035751479659407365,-0.15494167506694795,0.4,0.2,0.20241833329200745
1,138,ZEN49,2142,TTCTTGGAGTAATGAG-1,5109,6549,0.16983581632375716,0.0352281117854772,-0.25231340508908034,0.4,0.2,0.19885725378990174
1,139,ZEN49,760,CCGCGGAATGCGTCAC-1,10785,10251,0.16983367055654525,0.031129501418123706,-0.3581082358956337,0.4,0.0,0.19282955527305604
1,140,ZEN49,1370,GGAGACGACACCTTTG-1,9272,7857,0.16983274593949318,0.03231768605656282,-0.2792932912707329,0.5,0.4,0.25687817931175233
1,141,ZEN49,718,CCATCTCACCAGTGAA-1,8328,4484,0.1698310784995556,0.03602797057196809,-0.25425180345773696,0.4,0.3,0.20450622141361235
1,142,ZEN49,1954,TGAGTAAATTAGCGTA-1,10029,8945,0.1698208749294281,0.032449910376483114,-0.2255767472088337,0.5,0.0,0.23502249717712403
1,143,ZEN49,1967,TGATTCTGTCGCCGGT-1,10217,10359,0.16979675441980363,0.03196897456948455,-0.2279487207531929,0.5,0.4,0.25064852833747864
1,144,ZEN49,879,CGCGCATGTTTGATTG-1,10596,9272,0.16978368461132048,0.03876466768934053,-0.2931991245597601,0.5,0.4,0.2532390981912613
1,145,ZEN49,1204,GATATTGAGATTGGCG-1,7571,4266,0.16976324766874312,0.03155326907260952,-0.1826471522450447,0.4,0.2,0.1995422899723053
1,146,ZEN49,1025,CTCTTGTCCCGCTTGG-1,11354,8837,0.16975722312927247,0.040451101116558516,-0.27127816528081894,0.5,0.2,0.2486649215221405
1,147,ZEN49,1470,GGTGATAAGGAGCAGT-1,8137,6551,0.16975515708327293,0.02962341774259759,-0.1907216414809227,0.4,0.1,0.19709460735321044
1,148,ZEN49,2183,TTGGGACACTGCCCGC-1,6433,7529,0.16974010393023492,0.03504970918954841,-0.20188622325658798,0.4,0.2,0.2008685976266861
1,149,ZEN49,1728,TAGGTTCGAGTTCGTC-1,7758,7856,0.1697347268462181,0.03568340498734333,-0.1805243706330657,0.5,0.4,0.2509649842977524
1,150,ZEN49,2120,TTCGACGGGAAGGGCG-1,5674,10357,0.16972218751907348,0.03195788732435821,-0.3404879912734032,0.4,0.3,0.2021111488342285
1,151,ZEN49,1402,GGCGCGTTCGAGTTTA-1,10029,8728,0.16968733593821525,0.03675678036361172,-0.1986927781254053,0.5,0.5,0.2584982216358185
1,152,ZEN49,442,ATAGAGTTATCAACTT-1,6245,5027,0.16966350600123406,0.03407646477808213,-0.31230350583791733,0.5,0.2,0.250229087471962
1,153,ZEN49,1082,CTTGAGTTAGGGTAAT-1,8517,5028,0.16964912489056588,0.03907953632964023,-0.29431290179491043,0.5,0.3,0.2519495576620102
1,154,ZEN49,547,CAAACGAGTATCGCAG-1,10028,10033,0.16963562071323396,0.032109817292380397,-0.1174345001578331,0.4,0.3,0.20215399265289308
1,155,ZEN49,636,CAGGATATATCGTTGT-1,9461,8618,0.1696215972304344,0.040324700525736924,-0.17406378090381622,0.4,0.4,0.20807316899299622
1,156,ZEN49,181,ACCCGGATGACGCATC-1,8328,4266,0.16962047889828683,0.0359940621249392,-0.18110225461423396,0.5,0.4,0.25424726903438566
1,157,ZEN49,711,CCAGGGACGTGGCCTC-1,6243,9378,0.16956898421049119,0.032764536877467366,-0.23310169018805027,0.5,0.1,0.2433772414922714
1,158,ZEN49,995,CTATTCATGTGTCCCA-1,10975,8402,0.16954291090369225,0.03489158850694938,-0.22075318694114685,0.5,0.3,0.2553116619586945
1,159,ZEN49,1170,GACTGCACCAGCCCAG-1,9841,6443,0.16951370015740394,0.03504425634290831,-0.2981864795088768,0.5,0.4,0.2591682285070419
1,160,ZEN49,1586,GTTAAAGTAGGACTGG-1,10409,6117,0.16950092539191247,0.03100302347842554,-0.1660482544451952,0.5,0.0,0.23601248860359192
1,161,ZEN49,715,CCATACCTTTACTTGT-1,6814,4048,0.16949589997529985,0.038237568999605016,-0.15347342267632486,0.5,0.4,0.2547407478094101
1,162,ZEN49,223,ACGGCCAACATGGACT-1,11164,9163,0.16942184567451476,0.042475012950398294,-0.2543463930487633,0.5,0.3,0.2516270697116852
1,163,ZEN49,1572,GTGGACGCATTTGTCC-1,11733,8185,0.16939562410116196,0.03293046259444482,-0.19671317413449288,0.4,0.0,0.1962723672389984
1,164,ZEN49,149,ACACGAGACTCCTTCT-1,7001,7420,0.16938125863671302,0.03545200050225997,-0.22212660014629365,0.4,0.3,0.20573650896549225
1,165,ZEN49,515,ATTAAACATGCGGACC-1,9272,8727,0.16934951543807983,0.034861418994867784,-0.19196407794952391,0.5,0.2,0.2453484296798706
1,166,ZEN49,1438,GGGCTGCCTAGGGCGA-1,7379,7638,0.16932614296674728,0.03567048087534584,-0.1592230835929513,0.5,0.3,0.2502725601196289
1,167,ZEN49,177,ACCCAACGCCCGTGGC-1,6813,5789,0.169296059012413,0.03311650314303957,-0.31670708656311036,0.5,0.4,0.2539694607257843
1,168,ZEN49,1103,GAAACCGAATTACCTT-1,9650,9598,0.1692855767905712,0.040199751809013515,-0.25409753024578097,0.4,0.4,0.20978668332099915
1,169,ZEN49,1456,GGTAGACCGTTGGGCG-1,11164,9381,0.16928544342517854,0.03618865819313214,-0.1618106324225664,0.5,0.5,0.25695137977600097
1,170,ZEN49,440,ATAGACGAAGAGAAAG-1,7378,10249,0.16923439130187035,0.03770514432065685,-0.23414658159017562,0.5,0.4,0.2568961322307587
1,171,ZEN49,1901,TCTACCGTCCACAAGC-1,6244,7855,0.16921621114015578,0.03210145686610678,-0.2550761178135872,0.5,0.0,0.24250641763210296
1,172,ZEN49,422,ATAAGTAGGATTCAGA-1,6246,3939,0.16914217323064804,0.027732793346625553,-0.15500939562916755,0.4,0.0,0.18542486131191255
1,173,ZEN49,1797,TCACGTGCCCGATTCA-1,8325,8400,0.16911076605319977,0.031774954495363536,-0.1440803471952677,0.4,0.0,0.19300317764282227
1,174,ZEN49,1288,GCGAAGCCATACCCGT-1,7000,8508,0.1690806195139885,0.03277040197747414,-0.12784039787948132,0.5,0.0,0.23978336453437804
1,175,ZEN49,1267,GCCATCGAGCTGCGTG-1,11164,10034,0.1690530888736248,0.03517228848147506,-0.27969993725419046,0.3,0.1,0.14791753590106965
1,176,ZEN49,1974,TGCAGTTTCCTCCCAT-1,8706,5355,0.16895958706736564,0.033256013512796036,-0.34904200583696365,0.5,0.1,0.2450795739889145
1,177,ZEN49,1450,GGTACAAACATGCTAT-1,8703,9271,0.16893255040049554,0.03831736956842701,-0.2170619282871485,0.5,0.3,0.255421569943428
1,178,ZEN49,2172,TTGCGGCATCAGAAAG-1,11164,10251,0.16892300695180892,0.03485563760207497,-0.330127976834774,0.5,0.1,0.24407863914966582
1,179,ZEN49,786,CCTACATTCACAGACG-1,10784,11556,0.16891163662075998,0.03102356929621498,-0.21692999228835105,0.5,0.0,0.23483290374279023
1,180,ZEN49,1747,TATCGATCTATGCATA-1,5299,5570,0.16885993182659148,0.03812258006199163,-0.2682378962635994,0.5,0.3,0.2562572032213211
1,181,ZEN49,966,CTACCCTAAGGTCATA-1,7002,5245,0.1688499204814434,0.035688050511438446,-0.26406550258398054,0.5,0.4,0.2575231999158859
1,182,ZEN49,52,AACGGCCATCTCCGGT-1,10028,10903,0.1688246339559555,0.026101096751089917,-0.203173566237092,0.4,0.0,0.1878901571035385
1,183,ZEN49,1558,GTGAGTGGTACAACGC-1,10975,9054,0.16881061643362044,0.041449121115821885,-0.21937983483076096,0.3,0.3,0.1593397378921509
1,184,ZEN49,1445,GGGTGACACCTTAACT-1,9839,9054,0.1687518522143364,0.031561988907028396,-0.3070768937468529,0.5,0.1,0.23828574717044831
1,185,ZEN49,939,CGTGGCCGAATATCTA-1,10031,4159,0.16875103414058684,0.03846875541727418,-0.30932909697294236,0.5,0.3,0.25356087684631345
1,186,ZEN49,50,AACGCTGTTGCTGAAA-1,11356,4921,0.16872319728136062,0.029692046509632048,-0.11623451560735702,0.5,0.0,0.22888532280921936
1,187,ZEN49,455,ATATCTTAGGGCCTTC-1,7758,8509,0.16870146319270135,0.03576676902039566,-0.20418008007109165,0.5,0.2,0.25119836926460265
1,188,ZEN49,1807,TCATTTAAGTCTCCGA-1,7760,4375,0.1686875842511654,0.03307325074439476,-0.2521983217447996,0.4,0.1,0.19549337029457092
1,189,ZEN49,1398,GGCGAAATCTAACTTG-1,9273,5681,0.16865804493427278,0.028692563775820957,-0.19698434919118882,0.5,0.0,0.23335463404655457
1,190,ZEN49,1386,GGCAAATTACTTTACT-1,8893,9380,0.16865377947688104,0.03726861823965408,-0.27431853413581847,0.5,0.4,0.2606650859117508
1,191,ZEN49,410,AGTTCCTACAGAATTA-1,6810,9705,0.16855752021074294,0.03582468134072451,-0.23163654170930387,0.5,0.3,0.2522209644317627
1,192,ZEN49,1980,TGCCCGTACCGTTAAA-1,9651,6987,0.16848516017198562,0.029588020517096875,-0.20969107002019882,0.5,0.1,0.2417929947376251
1,193,ZEN49,1353,GCTTAATGTAACTAAC-1,9084,6007,0.16846754625439644,0.035702965145149756,-0.17201236374676226,0.5,0.3,0.2542156964540482
1,194,ZEN49,732,CCCAGTTAAGGCGCCG-1,9084,6225,0.1684653379023075,0.034037385679182325,-0.2235041093081236,0.5,0.4,0.25943304002285006
1,195,ZEN49,881,CGCGGGAATTAGGCAG-1,6434,6441,0.16844435259699822,0.040903122257009206,-0.27092385217547416,0.5,0.0,0.23158366084098816
1,196,ZEN49,144,ACACACCAGGACCAGT-1,9463,5355,0.16842740327119826,0.03191463936040089,-0.16828639507293702,0.5,0.0,0.2347522646188736
1,197,ZEN49,248,ACTCTCTGACTTAGGT-1,9084,6660,0.16839984357357024,0.035850859639173796,-0.26658964678645136,0.5,0.4,0.2600188046693802
1,198,ZEN49,316,AGCCACTCCCGTGCTT-1,5487,6332,0.16834625080227852,0.03592098315834864,-0.22653675973415374,0.5,0.3,0.248040834069252
1,199,ZEN49,1037,CTGCCAAGGTTGGAAG-1,5109,6767,0.16829462051391603,0.02929178358733703,-0.22738631218671798,0.5,0.0,0.23143636882305146
1,200,ZEN49,453,ATATCGGTAGGGAGAT-1,8328,3179,0.1682857908308506,0.030935080120237404,-0.29156452268362043,0.5,0.0,0.23833921551704407
1,201,ZEN49,618,CAGACACCGATCGCTG-1,11164,9598,0.16827912703156472,0.03900011188532207,-0.28216453827917576,0.5,0.4,0.2591776818037033
1,202,ZEN49,520,ATTACTTACTGGGCAT-1,5299,4265,0.16824629306793212,0.03529237832114161,-0.25665904954075813,0.5,0.1,0.24562032520771027
1,203,ZEN49,1060,CTGGTAACGAGCTCTT-1,6624,4592,0.16824593991041184,0.034350179971951146,-0.23791900277137756,0.5,0.2,0.24735831916332246
1,204,ZEN49,829,CGACAATTTGATCTAA-1,9274,4811,0.16822797879576684,0.03722161926732211,-0.23462531417608262,0.5,0.4,0.25502813756465914
1,205,ZEN49,446,ATAGGTTGGGCAGATG-1,6433,8182,0.16820166856050492,0.03027495058201532,-0.24361212849617003,0.5,0.1,0.24651746153831483
1,206,ZEN49,1726,TAGGTGCTCGCCTAGC-1,8705,5790,0.16813065633177757,0.03573669209242871,-0.22282430827617644,0.4,0.3,0.20875320434570313
1,207,ZEN49,928,CGTCACGTCCATTGGT-1,10028,9598,0.1681116186082363,0.0392813480439531,-0.19919442981481553,0.4,0.4,0.21044596433639526
1,208,ZEN49,1149,GACCAGAGCCCTGTAG-1,7000,10031,0.16810586526989937,0.04113930116986374,-0.11903470009565353,0.4,0.4,0.2105367064476013
1,209,ZEN49,625,CAGATACTAACATAGT-1,6053,10139,0.16806886121630668,0.03261114287755848,-0.27591676600277426,0.5,0.2,0.24635842740535735
1,210,ZEN49,58,AACTCAAGTTAATTGC-1,8324,10358,0.16805752888321876,0.033619070338794604,-0.18698758780956268,0.5,0.0,0.23534233272075653
1,211,ZEN49,961,CTAACTGGTCCGGTTC-1,10595,11230,0.1679609090089798,0.02961663547076465,-0.24053241014480592,0.5,0.0,0.22573696672916413
1,212,ZEN49,1301,GCGCCGTTCCACGATA-1,8893,8074,0.16795554682612418,0.03454769149104201,-0.2448994740843773,0.5,0.2,0.24153212308883668
1,213,ZEN49,1388,GGCAATAGTCAATGAG-1,6812,7529,0.16795165166258813,0.03719326495940717,-0.20117116309702396,0.4,0.4,0.2073594033718109
1,214,ZEN49,1404,GGCGGTAGGATCATTG-1,7001,7638,0.16791672334074975,0.03877351341854871,-0.08982871994376182,0.4,0.4,0.2058827817440033
1,215,ZEN49,96,AAGTTCGGCCAACAGG-1,9838,11447,0.16790809482336044,0.029167972658057515,-0.2631907895207405,0.5,0.0,0.22542352974414825
1,216,ZEN49,400,AGTGATTCAAGCAGGA-1,7381,5680,0.1678959086537361,0.03745081363284503,-0.1874890498816967,0.5,0.4,0.2585869044065475
1,217,ZEN49,382,AGTCCATTGGCTGATG-1,9085,4267,0.1678695000708103,0.036627222117610006,-0.30887357890605927,0.5,0.3,0.24838396310806274
1,218,ZEN49,8,AAACGAGACGGTTGAT-1,7759,6551,0.16786087602376937,0.031343962763479206,-0.24737335368990898,0.4,0.0,0.19105025231838227
1,219,ZEN49,774,CCGTAAGTTGGTCCCA-1,7380,6768,0.16785433441400527,0.03619511537115663,-0.24257561415433884,0.4,0.2,0.19863684773445128
1,220,ZEN49,599,CACCTTGGCGCCTTTG-1,9274,3941,0.16784962117671967,0.035068545171629016,-0.26039637476205824,0.5,0.0,0.24238350689411164
1,221,ZEN49,1715,TAGCTAAGTCCGGGAG-1,6622,8943,0.167815700173378,0.03314596688454522,-0.22254081927239894,0.5,0.2,0.23772648870944976
1,222,ZEN49,1716,TAGCTAGAAGGCATGA-1,10785,9598,0.1677289143204689,0.03387620074373348,-0.31130409985780716,0.5,0.1,0.2447568565607071
1,223,ZEN49,183,ACCCGTGTCATCAGTA-1,12111,9273,0.16770676672458648,0.041364094914542814,-0.24430052042007447,0.5,0.3,0.2572279393672943
1,224,ZEN49,71,AAGATTGGCGGAACGT-1,6056,5353,0.1677067443728447,0.03873622561378329,-0.18793391138315202,0.5,0.1,0.24853028059005738
1,225,ZEN49,509,ATGGTCGCGTGGTTTC-1,9652,5899,0.16768226772546768,0.02968169367987018,-0.2676056236028671,0.5,0.0,0.2319238841533661
1,226,ZEN49,690,CCAAGCGTAACTCGTA-1,7380,7421,0.16765992641448973,0.031309822733598565,-0.22431482821702958,0.5,0.0,0.24160275161266326
1,227,ZEN49,2020,TGGGCCCATACTAATT-1,10031,5464,0.16765760779380798,0.03369200976389587,-0.294830659031868,0.5,0.4,0.25363901555538176
1,228,ZEN49,2007,TGGCAACTCGCGCGCC-1,5298,5788,0.16762441471219064,0.031654503256481524,-0.20521900840103627,0.5,0.3,0.25149284303188324
1,229,ZEN49,107,AATCGCCTCAGCGCCA-1,8516,6551,0.1676114171743393,0.028266897676696323,-0.2989428907632828,0.4,0.0,0.1873973786830902
1,230,ZEN49,23,AAATCGTGTACCACAA-1,9461,9054,0.16756184846162797,0.03793210363224346,-0.23256930112838745,0.5,0.4,0.25437167584896087
1,231,ZEN49,1160,GACGGGTTGGCCCGTA-1,12678,9599,0.16753204613924028,0.027736162907782202,-0.16382097974419593,0.5,0.0,0.22308638989925383
1,232,ZEN49,1803,TCAGGGTGTAACGTAA-1,6433,7311,0.16748351231217384,0.02945759056269026,-0.18093423917889595,0.4,0.1,0.19276021122932435
1,233,ZEN49,1247,GCAGATTAGGGATATC-1,8136,8509,0.16747654974460602,0.03503173399859065,-0.2178752228617668,0.5,0.1,0.23980372846126558
1,234,ZEN49,770,CCGGGCTGCTCCATAC-1,7948,5789,0.16746747493743896,0.03478380776028313,-0.2628770381212234,0.5,0.1,0.2453338921070099
1,235,ZEN49,812,CCTGGCTAGACCCGCC-1,6621,10466,0.16742720901966096,0.03560912442641473,-0.31259036511182786,0.5,0.3,0.2509048879146576
1,236,ZEN49,2138,TTCTTATCCGCTGGGT-1,10410,4159,0.16742100194096565,0.03330092514205112,-0.20986852645874024,0.5,0.1,0.23743207454681398
1,237,ZEN49,162,ACATCGATCGTTTACC-1,9083,8401,0.16740377247333527,0.04028163569344796,-0.23639199137687683,0.5,0.4,0.2574721723794937
1,238,ZEN49,1128,GAATAGACGCGACCCA-1,9084,5137,0.16729233413934708,0.035101568898777157,-0.26062001734972,0.5,0.4,0.25449661910533905
1,239,ZEN49,1431,GGGCGATATGTGTGAA-1,6432,8834,0.16728755459189415,0.042232854182441326,-0.18937552720308304,0.4,0.1,0.19757162034511566
1,240,ZEN49,1887,TCGTAAGACGACATTG-1,6244,6767,0.16727951020002366,0.03285149519459381,-0.2475568488240242,0.5,0.0,0.24172208309173585
1,241,ZEN49,448,ATAGTTCCACCCACTC-1,8328,4049,0.1671975888311863,0.03489161150749767,-0.20665218383073808,0.5,0.1,0.24428147077560425
1,242,ZEN49,1297,GCGATTGTTAACGTTA-1,8137,6768,0.16717489063739777,0.03260397414541096,-0.1955699386075139,0.5,0.1,0.24588563442230224
1,243,ZEN49,1038,CTGCCATGCATCACAT-1,8704,8400,0.16716855615377427,0.03425241147141661,-0.23156812600791454,0.5,0.1,0.2439266711473465
1,244,ZEN49,445,ATAGGCTAGCTTCGCA-1,5867,4591,0.16715570390224457,0.032867205507985164,-0.17865768820047379,0.5,0.0,0.2343938648700714
1,245,ZEN49,568,CAATATTCTTGACCTA-1,11353,10795,0.16712375208735467,0.03230398215338963,-0.12246275171637536,0.4,0.0,0.18283672928810119
1,246,ZEN49,60,AACTCTCAATAGAGCG-1,7760,5028,0.1670260325074196,0.03904805112141226,-0.2336828660219908,0.5,0.4,0.25562951564788816
1,247,ZEN49,493,ATGACTATGCGACATT-1,10220,5573,0.1669874057173729,0.033535980990473085,-0.39138555228710176,0.5,0.4,0.2530258625745773
1,248,ZEN49,1544,GTCTGGGCGGTCGAGA-1,9839,10359,0.16697516441345214,0.031191365511046905,-0.22814665287733077,0.4,0.0,0.1862629234790802
1,249,ZEN49,1079,CTTCGTAGATAGGTGA-1,8514,10250,0.16695315763354301,0.03495613488648123,-0.23616381734609604,0.4,0.2,0.20219071507453917
1,250,ZEN49,1906,TCTAGTTATCAGAAGA-1,7568,9270,0.1668872982263565,0.029320513558316615,-0.2404207095503807,0.4,0.0,0.19429871737957
1,251,ZEN49,1694,TACTTGTTAGTAGTCC-1,8138,5681,0.16687610670924186,0.031393713255094796,-0.26071393191814424,0.4,0.2,0.19682416021823884
1,252,ZEN49,345,AGGATATAGGGATTTA-1,9842,4702,0.1668705388903618,0.02960356053100971,-0.2625623483210802,0.5,0.1,0.24165947139263153
1,253,ZEN49,459,ATATTTAACCCTCAAG-1,7000,9161,0.16684635132551193,0.03205780270096224,-0.20613349080085755,0.5,0.1,0.24221131801605225
1,254,ZEN49,1680,TACGGGATGCTAGCAG-1,5109,6114,0.16681078672409058,0.029884347087882717,-0.22738272100687026,0.4,0.0,0.18105603456497193
1,255,ZEN49,973,CTACTGCCACCTGACC-1,6243,8290,0.16672955751419066,0.032679293236590336,-0.28024647682905196,0.5,0.1,0.23059280812740326
1,256,ZEN49,937,CGTGCCCTCCCGAAGA-1,9273,6769,0.16658696234226228,0.03426520328543785,-0.1516164869070053,0.5,0.1,0.24194165468215942
2,1,ZEN49,2033,TGTAGCCATCCCATTC-1,12871,2964,0.1923970803618431,0.021435089919838474,-0.18301034048199655,0.7,0.0,0.2882873028516769
2,2,ZEN49,403,AGTGCTAAACACAGCA-1,12681,5248,0.19037611335515975,0.017845158472088465,-0.01415510717779398,0.7,0.0,0.28283797204494476
2,3,ZEN49,357,AGGGACCGGCTGCGTT-1,7950,3178,0.18997014462947845,0.011265224698689732,-0.04474260248243809,0.3,0.0,0.13452143967151642
2,4,ZEN49,2124,TTCGCTAGGAAGTTGT-1,8897,2418,0.18916648030281066,0.011170488000914996,-0.00026104245334863664,0.5,0.0,0.22568878531455994
2,5,ZEN49,2036,TGTATAACAGATCCTG-1,6623,6550,0.1886967346072197,0.006501540252770039,-0.24890124946832656,0.3,0.0,0.14626727104187012
2,6,ZEN49,178,ACCCATCTTGAGGGTA-1,8135,11120,0.1886783942580223,0.012989859435977132,-0.04619600623846054,0.6,0.0,0.2559904962778091
2,7,ZEN49,1267,GCCATCGAGCTGCGTG-1,11164,10034,0.1884317383170128,0.01571965028422397,-0.15229485500603915,0.2,0.0,0.09728071987628936
2,8,ZEN49,1124,GAAGTCAGTTGCACTA-1,10975,8837,0.18827910274267196,0.011217261061895566,-0.1845224814489484,0.4,0.2,0.19552529156208037
2,9,ZEN49,2054,TGTTGCCGTCGTCCCA-1,9843,1874,0.1880249038338661,0.023438272256692746,-0.1238674558699131,0.5,0.0,0.20902346074581146
2,10,ZEN49,799,CCTCGCGCGATATAGG-1,5110,4809,0.18760932832956315,0.010982635039250146,-0.177174180932343,0.4,0.0,0.18972550928592682
2,11,ZEN49,1181,GAGCACGGCGCCTCTT-1,9086,1874,0.18742065578699113,0.02723444857383599,-0.08715847507119179,0.7,0.0,0.281199312210083
2,12,ZEN49,1606,GTTCGGGCGTACCATT-1,7193,3396,0.18740380704402923,0.0144056754373323,0.01991679146885872,0.4,0.0,0.17547346353530885
2,13,ZEN49,833,CGACTTTGTATAGCCT-1,7382,3287,0.18734197318553925,0.007024053828762201,-0.10748718380928039,0.4,0.0,0.17997986376285552
2,14,ZEN49,671,CATGGGTATGCCTTAT-1,11734,6227,0.18652240335941314,0.0126959581833652,-0.11766434088349342,0.5,0.0,0.2118777811527252
2,15,ZEN49,2021,TGGGTGCACAAGCCAT-1,14195,5902,0.18646803349256516,0.01064779636876556,-0.09533841796219349,0.4,0.0,0.17641574144363403
2,16,ZEN49,284,AGACGACGATGCCGCT-1,11163,11556,0.1861872524023056,0.02690078449039174,-0.06801507156342268,0.4,0.0,0.17893894612789155
2,17,ZEN49,1238,GCAAGAATTCCTTGGC-1,9459,11229,0.1861048609018326,0.013916004803185849,-0.17217200957238674,0.2,0.0,0.09769056439399719
2,18,ZEN49,2086,TTAGGTCATAACCGAC-1,12110,11013,0.18605656325817108,0.008971768777935858,-0.08508665785193444,0.6,0.0,0.2447535902261734
2,19,ZEN49,736,CCCGTAAGTCTAGGCC-1,8702,12099,0.18601297438144684,0.0203064765988151,0.04931681621819735,0.7,0.0,0.26199415922164915
2,20,ZEN49,794,CCTATGTCCACTCCAC-1,12870,5139,0.18548140823841094,0.02011940296913561,-0.09926711516454816,0.8,0.0,0.29971441626548767
2,21,ZEN49,1618,GTTTCATATCGTCGCT-1,8513,12208,0.1853322759270668,0.02359089079489329,-0.2135776558890939,0.6,0.0,0.23620862662792205
2,22,ZEN49,231,ACGTTAGATTTGCCCG-1,8513,10902,0.18529953211545944,0.009839187870898701,-0.02713664937764406,0.4,0.0,0.17168081998825074
2,23,ZEN49,1994,TGCTAAGTGTCTATTT-1,10977,5356,0.18518977910280227,0.021650384900382867,-0.1328771073371172,0.5,0.0,0.21382087767124175
2,24,ZEN49,734,CCCGCAGCGCGAACTA-1,10408,7857,0.18509017676115036,0.00831424221217282,-0.08154545649886132,0.4,0.0,0.1781144142150879
2,25,ZEN49,1226,GATTAACCGAAAGCCC-1,11545,5030,0.1849992573261261,0.011069536573930781,-0.11682067140936851,0.3,0.0,0.1334773540496826
2,26,ZEN49,327,AGCGCTAGAGCGATGT-1,8708,1874,0.18484586477279663,0.019708877641020504,-0.08381442576646805,0.7,0.0,0.27810313999652864
2,27,ZEN49,1530,GTCGCGTAACCCGTTG-1,8516,6986,0.18478118479251862,0.014525372236581334,0.032739369198679924,0.1,0.0,0.04783023297786713
2,28,ZEN49,723,CCATTCCCTGCCCACA-1,7378,10902,0.18460216224193574,0.01860405677160327,-0.20730040594935417,0.5,0.0,0.21843346059322358
2,29,ZEN49,822,CCTTTAAGGGAGCACT-1,12110,9708,0.1845007285475731,0.012951372744281034,-0.08548077717423438,0.4,0.0,0.17203852236270906
2,30,ZEN49,102,AATAGTCCGTCCCGAC-1,11921,8946,0.1843700736761093,0.011900689574827952,-0.05802321657538414,0.4,0.0,0.1792840838432312
2,31,ZEN49,828,CGAATGACGCATAATG-1,13057,8947,0.18429004549980163,0.015925224077497985,-0.17123903632164,0.4,0.0,0.17877668142318726
2,32,ZEN49,2045,TGTGCTTTACGTAAGA-1,7944,13186,0.18424759209156036,0.02034435220191364,0.032224045135080814,0.7,0.0,0.2757928490638733
2,33,ZEN49,564,CAAGGTCCTATAGGCT-1,7571,3178,0.18424466997385025,0.01905736097332579,-0.10588051341474056,0.7,0.0,0.28683059215545653
2,34,ZEN49,2162,TTGATGTGTAGTCCCG-1,5677,5353,0.18423304706811905,0.013421155973715666,-0.11708635166287422,0.3,0.0,0.14137924313545228
2,35,ZEN49,1141,GACACTGAGTTCAGTG-1,9460,10141,0.18422111570835115,0.012234480639727359,-0.16501288935542108,0.3,0.0,0.14058831334114075
2,36,ZEN49,1305,GCGCTATGCCGAGGCA-1,9271,10032,0.18420733362436295,0.014180245287819408,-0.1098774403333664,0.2,0.0,0.09010641872882844
2,37,ZEN49,252,ACTGAATGGCGAAAGT-1,10030,6117,0.18401248902082443,0.01244648808447593,-0.13069869577884674,0.2,0.0,0.09309445023536682
2,38,ZEN49,2194,TTGTGGTAGGAGGGAT-1,10595,12100,0.18401063829660416,0.005550514173363611,-0.05126030668616295,0.4,0.0,0.1692564994096756
2,39,ZEN49,1286,GCGAAACTTAACTGGA-1,9462,6225,0.18398182541131974,0.004941550245814729,-0.035107503086328505,0.1,0.0,0.04744214713573456
2,40,ZEN49,1968,TGATTTATTAGCTGTG-1,8324,11446,0.18397101610898972,0.009679135260701669,-0.04666351620107889,0.5,0.0,0.20741562843322753
2,41,ZEN49,1389,GGCACTCCACTGGGCA-1,7567,10140,0.1835602805018425,0.008233235546822315,0.03202421981841326,0.2,0.0,0.09027201831340789
2,42,ZEN49,1907,TCTATAGGTGGGTAAT-1,13439,3290,0.18355201333761215,0.017087296811382803,-0.02391807585954666,0.6,0.0,0.23752758800983428
2,43,ZEN49,1425,GGGATTTACCGCACCT-1,9084,5355,0.18346691131591797,0.009025815732005662,-0.12489769868552685,0.2,0.0,0.0933463603258133
2,44,ZEN49,884,CGCTACGGGACATTTA-1,8325,9923,0.18346185237169266,0.010501352926266416,-0.08691146429628134,0.2,0.0,0.09139020442962646
2,45,ZEN49,1811,TCCACAATGGTTTACG-1,6810,11228,0.18340196311473847,0.014752218283285018,-0.16004940830171108,0.6,0.0,0.24808632135391234
2,46,ZEN49,892,CGCTTCGGTCTAAGAC-1,13628,3834,0.18337854743003845,0.016041402637381214,-0.025257975980639457,0.8,0.0,0.3114607512950897
2,47,ZEN49,1039,CTGCCTTTCTAGTAAA-1,13059,5031,0.1832832157611847,0.008013625300454609,-0.1249517822638154,0.5,0.0,0.19389540255069732
2,48,ZEN49,2159,TTGAGTCCCGCTGCTG-1,8518,2200,0.18326357156038284,0.016463439786799056,-0.1144659866578877,0.6,0.0,0.23095123767852782
2,49,ZEN49,1194,GAGTATGCGCGTGCAT-1,13058,7424,0.1832592159509659,0.02010882843559175,-0.05733209308236838,0.8,0.0,0.32403101623058317
2,50,ZEN49,1634,TAACTATTACGCCAAA-1,6625,3504,0.18323358446359633,0.013432337792989664,-0.15154818072915077,0.3,0.0,0.13191960155963897
2,51,ZEN49,1769,TATTCCTCCGCCCACT-1,10216,11665,0.18319133818149566,0.009396432217464406,-0.038796115294098855,0.4,0.0,0.1678353875875473
2,52,ZEN49,547,CAAACGAGTATCGCAG-1,10028,10033,0.18315554410219193,0.010441812258480605,-0.02399667017161846,0.1,0.0,0.049764382839202884
2,53,ZEN49,1930,TCTTAGAGCTCCAATT-1,8707,3396,0.1831384375691414,0.011635038180730469,-0.016741142235696317,0.3,0.0,0.1375955820083618
2,54,ZEN49,760,CCGCGGAATGCGTCAC-1,10785,10251,0.18311495780944825,0.010778188485183053,-0.2670789510011673,0.1,0.0,0.047389736771583556
2,55,ZEN49,2202,TTGTTTCCATACAACT-1,9648,12208,0.18309836685657502,0.009951959825792922,-0.07395064309239388,0.5,0.0,0.21247142255306245
2,56,ZEN49,1608,GTTGAACCGGTTCCAT-1,9081,10794,0.18309470117092133,0.0083230175907075,-0.161636976338923,0.5,0.0,0.23425767719745635
2,57,ZEN49,1794,TCACCGCTCGGCACTC-1,6813,5136,0.18306232392787933,0.008785881442030748,-0.12999839019030332,0.5,0.0,0.22369906902313233
2,58,ZEN49,1416,GGGAATGAGCCCTCAC-1,4732,3503,0.1830208882689476,0.014636018001361523,-0.09564979653805494,0.1,0.0,0.04359890222549438
2,59,ZEN49,653,CATACTATGTAATTGT-1,7946,9923,0.18298752307891847,0.015804774304475005,-0.11842436566948891,0.2,0.0,0.09514880180358887
2,60,ZEN49,1690,TACTGCAATCAATTAC-1,5299,4047,0.18292707353830337,0.013625026800911402,-0.19328766986727713,0.6,0.0,0.25817822515964506
2,61,ZEN49,1433,GGGCGGGTTCCCTACG-1,9270,11120,0.18291534930467607,0.015631564048656645,-0.051147115975618364,0.3,0.0,0.13034456968307495
2,62,ZEN49,773,CCGGTTTGTAATTGTG-1,11731,10578,0.18285103440284728,0.018175904773697515,-0.2077585257589817,0.6,0.0,0.2534873068332672
2,63,ZEN49,1628,TAAAGCGGTATTTCCA-1,13057,9817,0.182840496301651,0.021377242748599833,-0.044608935713768005,0.7,0.0,0.2665477991104126
2,64,ZEN49,1430,GGGCCGGCCGAAGTAC-1,7948,6007,0.1827935203909874,0.009764735209087402,-0.14541339743882417,0.3,0.0,0.1453611820936203
2,65,ZEN49,1877,TCGGAGAGTATCGGGA-1,9648,12643,0.18270127177238465,0.018644451148035972,-0.11386406756937503,0.5,0.0,0.20678497552871705
2,66,ZEN49,164,ACATCGTATGCAATGG-1,9652,6334,0.18269752264022826,0.009545358038841906,-0.12450481168925762,0.2,0.0,0.09186208248138428
2,67,ZEN49,33,AACAACTGGTAGTTGC-1,6431,10575,0.1826679825782776,0.009215801973919866,-0.07020990457385778,0.2,0.0,0.08989134132862091
2,68,ZEN49,1970,TGCAAGAATGACGTAA-1,6811,8617,0.18261589258909225,0.00938673752647265,-0.21098310127854347,0.1,0.0,0.046264490485191344
2,69,ZEN49,1094,CTTTAGTGCTATTATT-1,9461,8183,0.18259751945734023,0.015177947814901567,-0.17178504411131143,0.3,0.0,0.13715074956417084
2,70,ZEN49,640,CAGGCGCCATGCTAGG-1,10408,7205,0.18258860111236572,0.011903949498121225,-0.08242545332759618,0.1,0.0,0.047173959016799924
2,71,ZEN49,1697,TAGAAAGGTGGCGCTA-1,7002,6333,0.18258602619171144,0.010093728326150592,-0.13793089035898448,0.2,0.0,0.09913817346096039
2,72,ZEN49,1219,GATCTTTGCAGGGTAT-1,7945,11011,0.1824778899550438,0.015398159145436907,-0.04969869554042816,0.5,0.0,0.22796744704246522
2,73,ZEN49,497,ATGCATGATCCAGGAT-1,5865,8072,0.1824364110827446,0.008333888439847606,-0.11924589239060879,0.0,0.0,0.0
2,74,ZEN49,763,CCGCTATCAGCACCAG-1,9650,8292,0.18243033885955812,0.008825085804886864,-0.09512575715780258,0.1,0.0,0.04597870111465454
2,75,ZEN49,1248,GCAGCACACAGCCCAG-1,8324,10576,0.1823814556002617,0.009252940513559866,-0.13939458280801773,0.2,0.0,0.08966208696365356
2,76,ZEN49,366,AGGTATAATTGATAGT-1,7760,3287,0.18238020539283753,0.012683452518062348,-0.09076441004872322,0.5,0.0,0.2167768210172653
2,77,ZEN49,1937,TCTTGATGCGTAGCGA-1,7190,7747,0.182373808324337,0.006189768486387271,-0.06960215643048287,0.1,0.0,0.047413626313209535
2,78,ZEN49,1424,GGGATGGTCGTAACCG-1,10028,10468,0.18234477788209916,0.008653128443347822,-0.06019075643271208,0.5,0.0,0.22331043481826782
2,79,ZEN49,1474,GGTGGAGGTTGATACG-1,9465,1874,0.18230590224266052,0.009886336403249154,-0.16018649265170098,0.6,0.0,0.23473567366600037
2,80,ZEN49,1583,GTGTCGTATAGCGTTC-1,11355,6879,0.18226405531167983,0.012246986079802286,-0.02485678568482399,0.7,0.0,0.274612495303154
2,81,ZEN49,444,ATAGGCGGCTATAGAA-1,9270,11555,0.18212722837924958,0.0072597609748967645,-0.18206583335995674,0.6,0.0,0.22837997376918792
2,82,ZEN49,1359,GGAAACCTTGTTGAAT-1,4921,3612,0.18208668380975723,0.01314669869798802,0.010258767567574979,0.4,0.0,0.16975816190242768
2,83,ZEN49,186,ACCCTCCCTTGCTATT-1,10220,6008,0.18207292258739471,0.010274648740230737,-0.18504270762205124,0.3,0.0,0.13812847733497619
2,84,ZEN49,1744,TATCACCCAACCGACC-1,5678,4265,0.18200999945402146,0.015385151562247356,-0.22095481380820275,0.4,0.0,0.18267325460910797
2,85,ZEN49,1006,CTCCGCCCACATGAGG-1,9270,10903,0.18196302503347397,0.013019727213721542,-0.19703081529587507,0.1,0.0,0.04605254530906677
2,86,ZEN49,536,ATTGATGAGTCCTAAC-1,7381,4375,0.18194352984428405,0.021323200421675483,-0.01791054829955101,0.2,0.0,0.09498867988586426
2,87,ZEN49,960,CTAACTGATAATCGCC-1,12114,4051,0.1819427102804184,0.01082130022864036,-0.15824439376592636,0.5,0.0,0.20819024741649628
2,88,ZEN49,427,ATACAGGCCCTCCAAT-1,11733,7314,0.1818750709295273,0.010411401957692105,-0.04197440929710865,0.5,0.0,0.20484066307544707
2,89,ZEN49,399,AGTGATATGAGTAGTT-1,9650,9815,0.181809763610363,0.01130373058664252,-0.12670000046491622,0.4,0.0,0.18484873473644256
2,90,ZEN49,311,AGCAGCCAGATGAATA-1,11732,8837,0.18177577555179597,0.01527656976487279,-0.10504978401586414,0.2,0.0,0.09095230102539062
2,91,ZEN49,1577,GTGGTATAGTCTGCCG-1,11920,10687,0.1817447304725647,0.023494530874515526,-0.10351167600601911,0.5,0.0,0.20857146978378296
2,92,ZEN49,642,CAGTAGCCCACGCGGT-1,5867,5244,0.1817227840423584,0.010955830879864546,-0.0979199804365635,0.2,0.0,0.09345025718212127
2,93,ZEN49,1659,TACCGCGGACTTGCAG-1,7381,4592,0.18168895095586776,0.011880907585059095,0.02877039834856987,0.3,0.0,0.13908503353595733
2,94,ZEN49,2192,TTGTGAACCTAATCCG-1,11734,5356,0.18168449699878692,0.019229480141477417,-0.005627435073256493,0.5,0.0,0.2094617396593094
2,95,ZEN49,1645,TAATAGAACAGAGTTA-1,10595,11012,0.18164952099323273,0.01232157380284702,0.032174321822822094,0.4,0.0,0.16474487781524658
2,96,ZEN49,2119,TTCGACAGAGCCCGTG-1,10976,7749,0.18163494020700455,0.012978220590485883,-0.043141812831163404,0.5,0.0,0.22762125432491304
2,97,ZEN49,644,CAGTCTGTATACTGGG-1,9083,7966,0.1816335588693619,0.014405388047099312,-0.03538111913949251,0.3,0.0,0.13189297020435334
2,98,ZEN49,2141,TTCTTGGACGATCTGC-1,10973,11665,0.18160582184791565,0.016895604591493064,-0.11299068182706833,0.5,0.0,0.2102597177028656
2,99,ZEN49,519,ATTACGCGCTGGCAGG-1,8702,11881,0.1815941885113716,0.018694204295133604,-0.11259147375822068,0.6,0.0,0.23866308927536012
2,100,ZEN49,475,ATCCTGAATCGCTGCG-1,8323,12316,0.18157414644956588,0.012781411937622814,-0.10859647449105977,0.6,0.0,0.2356593579053879
2,101,ZEN49,1127,GAAGTTTCCACTCAAT-1,7946,10140,0.18153676092624665,0.01338082444865542,-0.01895422786474228,0.4,0.0,0.183358895778656
2,102,ZEN49,1139,GACACAAGGGAAGAAA-1,6812,7312,0.18138708025217057,0.013088474794964633,-0.0650893384590745,0.2,0.0,0.09365844130516052
2,103,ZEN49,1548,GTGAACTCCCATTCGA-1,6814,3831,0.181359601020813,0.009920546215035849,-0.1971922840923071,0.3,0.0,0.13582872450351716
2,104,ZEN49,1212,GATCGCGGGCTCTCCA-1,7946,9488,0.18131912499666214,0.009497388893680351,-0.06635500490665436,0.3,0.0,0.13737936913967133
2,105,ZEN49,1166,GACTCACCCACGTGAG-1,8328,3614,0.1813069298863411,0.009732767333269643,-0.12471466679126024,0.3,0.0,0.13109392523765565
2,106,ZEN49,1215,GATCGTGACTGATATC-1,8326,7312,0.18130032867193221,0.012484382365582138,0.021197006292641162,0.3,0.0,0.1374339997768402
2,107,ZEN49,2060,TTAACTTCAGGTAGGA-1,9837,12317,0.1812579944729805,0.00892220625617846,-0.094074297696352,0.4,0.0,0.17460496127605438
2,108,ZEN49,1927,TCTGTTACCCAGCATA-1,10784,11339,0.18124784976243974,0.0159701655770789,-0.1301493313163519,0.3,0.0,0.14337480664253235
2,109,ZEN49,2068,TTACACGATCTGCGAC-1,12871,3181,0.18116251677274703,0.011618389739564168,-0.07322016712278127,0.4,0.0,0.16027121543884276
2,110,ZEN49,1222,GATGCGTCCTGCATTC-1,8136,8944,0.1811301216483116,0.011425522223547915,-0.09889153987169266,0.1,0.0,0.04612016677856445
2,111,ZEN49,647,CAGTTCAAATTGACAC-1,6621,9596,0.18105451613664628,0.008919293288462164,-0.08250224851071834,0.2,0.0,0.09773587584495544
2,112,ZEN49,1639,TAAGGCTGAATCCCTC-1,9653,4594,0.18101717680692672,0.008914550546582058,-0.18344253450632095,0.3,0.0,0.13913822770118714
2,113,ZEN49,1258,GCATTCAAGGCAACGC-1,6435,3395,0.18095326274633408,0.011847573219861534,-0.22520563360303641,0.3,0.0,0.13719145953655243
2,114,ZEN49,334,AGCTCCTTCGCACATC-1,10977,5791,0.18089922219514848,0.01399083415339122,-0.13888586815446616,0.3,0.0,0.14109609723091127
2,115,ZEN49,649,CATAAGAAGCTTGGCT-1,12112,7315,0.18086535036563872,0.01471824065921888,-0.06490340251475572,0.4,0.0,0.1724216401576996
2,116,ZEN49,1271,GCCCGCGCGTAAACGG-1,10406,10686,0.1808478757739067,0.012101660284233077,-0.12354235481470824,0.2,0.0,0.09488599002361298
2,117,ZEN49,1684,TACTATGGTTCCTCAG-1,11921,10034,0.18084508925676346,0.016389201696964322,-0.13365978468209505,0.4,0.0,0.17629490792751312
2,118,ZEN49,1366,GGACACAAGTTTACAC-1,10032,3071,0.18080877065658568,0.01414153295162481,-0.07574927061796188,0.6,0.0,0.23956008851528168
2,119,ZEN49,1986,TGCGAGAATATTACCC-1,10595,10795,0.18080150336027145,0.013183302040232436,-0.22709897682070732,0.4,0.0,0.180077987909317
2,120,ZEN49,986,CTAGTTGGGCCCGGTA-1,6054,7746,0.1807784229516983,0.009627341053452598,-0.11386181730777026,0.1,0.0,0.03536410629749298
2,121,ZEN49,1161,GACGGTCAATAGAAGC-1,6814,4266,0.1807475656270981,0.016180540288303305,-0.13434959016740322,0.4,0.0,0.18733568787574767
2,122,ZEN49,645,CAGTGAATAAATGACT-1,5866,6114,0.18072674721479415,0.015857260009954275,0.01511121317744255,0.3,0.0,0.14649092853069307
2,123,ZEN49,1068,CTTACACGGTATTCCA-1,6999,10249,0.1806246504187584,0.011197454413438716,-0.07742187902331352,0.3,0.0,0.13486043810844422
2,124,ZEN49,237,ACTAGTTGCGATCGTC-1,10599,3833,0.1805900052189827,0.014456473529131654,-0.021009033918380736,0.4,0.0,0.1715684026479721
2,125,ZEN49,120,AATGTGCCCGAGGTGT-1,11541,12209,0.1805666133761406,0.0125667987672737,-0.20169194918125868,0.4,0.0,0.17028315365314484
2,126,ZEN49,1422,GGGAGGATGCCCGAAA-1,8135,9597,0.1805506706237793,0.011852233730513877,0.009708567894995213,0.3,0.0,0.13651211857795714
2,127,ZEN49,1906,TCTAGTTATCAGAAGA-1,7568,9270,0.18052637279033662,0.0080547426715488,-0.1464600719511509,0.1,0.0,0.044099563360214235
2,128,ZEN49,259,ACTTATACTTACCCGG-1,7949,5354,0.18051250725984574,0.012792972057363409,-0.1433086648583412,0.2,0.0,0.09805032312870025
2,129,ZEN49,244,ACTCCCTAGAATAGTA-1,10219,7531,0.1804846704006195,0.013404314204781961,-0.15886803958564996,0.3,0.0,0.1365801602602005
2,130,ZEN49,1447,GGGTTAACATTTGAGT-1,11353,9707,0.18048442155122757,0.011505156610268767,-0.09247592464089394,0.4,0.0,0.17739763259887695
2,131,ZEN49,92,AAGTGCCTTGACTGTA-1,9464,3832,0.18047034591436387,0.011774697249765579,-0.1447679340839386,0.5,0.0,0.22673753798007965
2,132,ZEN49,1686,TACTCTCCGAACAAAT-1,5109,6332,0.18042433112859727,0.015131998465126176,-0.18583090752363204,0.1,0.0,0.04769075512886047
2,133,ZEN49,0,AAACAAGTATCTCCCA-1,10599,4050,0.18039817810058595,0.0116927252711347,-0.16070757508277894,0.4,0.0,0.17917583584785463
2,134,ZEN49,285,AGACTAGCCTTCCAGA-1,6432,10140,0.18039535284042357,0.014327526474544309,-0.14783463925123214,0.2,0.0,0.09712664484977722
2,135,ZEN49,43,AACCCGAGCAGAATCG-1,11925,2854,0.18036644905805588,0.013747536006649548,-0.0690747007727623,0.3,0.0,0.12636784017086028
2,136,ZEN49,77,AAGCTCGTGCCAAGTC-1,7758,7203,0.1803392082452774,0.012748904838374929,-0.0942264273762703,0.1,0.0,0.04593237340450287
2,137,ZEN49,602,CACGCGGAACTGTTGC-1,9085,4484,0.18033287227153777,0.010515760119779737,-0.1428990162909031,0.5,0.0,0.23538498282432557
2,138,ZEN49,957,CTAAATCCTATTCCGG-1,6055,6006,0.18030867576599122,0.015317194819494463,-0.14296695813536645,0.2,0.1,0.10052891969680786
2,139,ZEN49,103,AATATCGAATCAATGC-1,10410,3289,0.18029832243919372,0.0147332373020615,-0.17113867793232201,0.5,0.0,0.1969679206609726
2,140,ZEN49,800,CCTCGCGCTGTGCGAT-1,11922,8729,0.18028447031974792,0.01594803716730184,-0.05959204398095608,0.3,0.0,0.13852281570434571
2,141,ZEN49,1064,CTGTCAAATGGCTCGG-1,5488,6114,0.1802732065320015,0.011672190395409385,-0.13978669736534358,0.2,0.0,0.0960530161857605
2,142,ZEN49,1848,TCCTAGCAAAGAAGCT-1,8892,10685,0.1802204057574272,0.012993682050405235,-0.042376633174717425,0.1,0.0,0.04729454517364502
2,143,ZEN49,2051,TGTTCCGCTTCCATGA-1,7946,10358,0.18021970242261887,0.009006169041635629,-0.20945133734494448,0.4,0.0,0.18614278733730316
2,144,ZEN49,1900,TCTACCCAATAGAGAG-1,11735,3616,0.18020816445350646,0.014025765688583268,-0.1113053934648633,0.3,0.0,0.1274762272834778
2,145,ZEN49,489,ATCTTGACTTGTCCAA-1,6814,3395,0.18019343614578248,0.012679850177310908,-0.10091744102537632,0.3,0.0,0.13753086924552918
2,146,ZEN49,1642,TAAGTAACATCTTGAC-1,9838,10794,0.18017125129699707,0.010654639506190961,-0.034324705600738525,0.2,0.0,0.08975238800048828
2,147,ZEN49,179,ACCCATTTGTCCCTCT-1,12492,4269,0.18011386841535568,0.013203733471707165,-0.03547235727310181,0.3,0.0,0.1347343295812607
2,148,ZEN49,1998,TGCTGTTGAAGAACTC-1,8326,7965,0.18009263575077056,0.011410718894979728,-0.1841661727055907,0.2,0.0,0.09385654330253601
2,149,ZEN49,1468,GGTCTGAGAATCTGGA-1,6812,6441,0.1800866350531578,0.012583042788328228,-0.16174569725990295,0.1,0.0,0.047818702459335324
2,150,ZEN49,1033,CTGCACAACTACATAT-1,10598,6879,0.1800799623131752,0.014747433994088135,-0.17593795973807574,0.2,0.0,0.09125786423683166
2,151,ZEN49,171,ACCACAAGTTTCTATC-1,6811,9270,0.18004241585731506,0.007403056392428517,-0.22173025207594038,0.1,0.0,0.047850826382637025
2,152,ZEN49,539,ATTGCTGCTCCTCCAT-1,7756,10467,0.18003100156784058,0.011292267889507834,-0.1551429834216833,0.4,0.0,0.18148159682750703
2,153,ZEN49,952,CGTTTCGCTCATTACA-1,7757,9814,0.18002452701330185,0.014484663061504768,-0.14577576452866198,0.2,0.0,0.0932138055562973
2,154,ZEN49,1940,TCTTTAGCAGGCGAAC-1,7572,2526,0.18002065420150756,0.022906753970363836,-0.11301656533032656,0.5,0.0,0.19141776263713836
2,155,ZEN49,1804,TCAGGTTCTTTGAGAA-1,6810,10575,0.17999786287546157,0.01601109225031746,-0.11383479405194522,0.3,0.0,0.13737696409225464
2,156,ZEN49,99,AATAACACTAGAACAA-1,10974,11012,0.17996117025613784,0.0127890565616029,-0.20204813741147518,0.2,0.0,0.09454273879528045
2,157,ZEN49,233,ACGTTCGTTCAGGAAA-1,12488,10361,0.1799042969942093,0.00900419821524684,-0.17957231551408767,0.5,0.0,0.19228289425373077
2,158,ZEN49,1103,GAAACCGAATTACCTT-1,9650,9598,0.1799001783132553,0.013157384942240852,-0.16635589953511953,0.2,0.0,0.09692483246326447
2,159,ZEN49,2006,TGGCAAACTAAATTAC-1,10598,6661,0.1798490822315216,0.007859688874605506,-0.19760859981179238,0.1,0.0,0.04371172785758972
2,160,ZEN49,1133,GAATGCGAATCGGTTC-1,13058,7641,0.17982588559389115,0.01542965527268107,-0.047020851820707324,0.4,0.0,0.17696064412593843
2,161,ZEN49,2062,TTAAGCGCCTGACCCA-1,6810,10357,0.1798018366098404,0.008268289015568827,-0.12250951584428549,0.4,0.0,0.1814434349536896
2,162,ZEN49,1735,TAGTGCCCTCCAGAGT-1,7189,9487,0.17980004101991653,0.008776803789578602,-0.15289201196283103,0.3,0.0,0.13745515942573547
2,163,ZEN49,1116,GAACGCGGGTCACACG-1,10221,2745,0.17978648394346236,0.00970411015476565,-0.05330141000449658,0.5,0.0,0.2015613704919815
2,164,ZEN49,204,ACGAGGATACCACTCT-1,10594,13188,0.1797831326723099,0.013391672676614154,-0.08682252429425716,0.5,0.0,0.19760415256023406
2,165,ZEN49,2097,TTATGATCTTAACGAA-1,8327,6225,0.17976633310317994,0.009917038671189765,-0.07616315260529519,0.1,0.0,0.04821893274784088
2,166,ZEN49,485,ATCTGCACCTCTGCGA-1,6624,4157,0.1797636106610298,0.009574485475394372,-0.08628840148448944,0.0,0.0,0.0
2,167,ZEN49,1892,TCGTGTACTATGGATG-1,10030,6769,0.17974469512701036,0.011589533025667315,-0.17687935680150985,0.3,0.0,0.13492916226387025
2,168,ZEN49,1842,TCCGTTAAGCTAATAT-1,10978,4268,0.1797075167298317,0.010671498113359093,-0.05396345928311348,0.4,0.0,0.17507100105285645
2,169,ZEN49,1469,GGTGAAGTACAGGGAT-1,10027,11121,0.17969923317432404,0.01036423091954768,-0.10921043939888478,0.2,0.0,0.09430325031280518
2,170,ZEN49,1484,GGTTTCAATCGGTCAG-1,7381,5245,0.1796366572380066,0.01346651851797135,-0.1107530191540718,0.3,0.0,0.13624149560928345
2,171,ZEN49,1716,TAGCTAGAAGGCATGA-1,10785,9598,0.1796305552124977,0.013283773758473531,-0.2244344636797905,0.1,0.0,0.048854097723960876
2,172,ZEN49,297,AGATACTCAAGATCGA-1,9841,6225,0.1796143814921379,0.01084839974162917,-0.14470331445336343,0.3,0.0,0.13901330530643463
2,173,ZEN49,900,CGGCAAACATCGTGCG-1,10976,7967,0.17959169894456864,0.010619860706508926,-0.09922407772392035,0.2,0.0,0.08770387470722199
2,174,ZEN49,388,AGTCGTCGACCACCAA-1,11924,5248,0.17957319915294648,0.016374028095601758,-0.05831995606422424,0.5,0.0,0.20641850531101227
2,175,ZEN49,527,ATTCACTGATGTTGGA-1,11733,7749,0.17952105551958084,0.015794220496102726,-0.09272133465856314,0.6,0.0,0.24087147116661073
2,176,ZEN49,535,ATTGACCGGCGATGAC-1,4922,2742,0.17951643615961074,0.012499100656611485,-0.03624765630811453,0.4,0.0,0.16861075758934022
2,177,ZEN49,1823,TCCCGCGTACTCCTGG-1,6244,7638,0.17949371337890624,0.015458202809630324,-0.1454242944717407,0.1,0.1,0.051261109113693235
2,178,ZEN49,1957,TGAGTTAAAGACATTC-1,10221,2962,0.17946203649044037,0.014333037713480072,-0.14919533506035804,0.8,0.0,0.29532912373542786
2,179,ZEN49,1441,GGGTATGTATGCACTT-1,6431,12098,0.1794462040066719,0.015969223305367285,-0.05302085001021624,0.5,0.0,0.18980867564678192
2,180,ZEN49,1776,TCAACAAAGATAATTC-1,11163,11992,0.17943457812070845,0.013645124277713477,-0.16442101672291756,0.6,0.0,0.22620942294597626
2,181,ZEN49,2156,TTGAGAGTACTGCTAA-1,9460,11012,0.17942343652248383,0.011175682830575195,-0.10006935819983483,0.4,0.0,0.17956482768058776
2,182,ZEN49,1951,TGAGCCATACAGTCTC-1,9081,11011,0.1794162318110466,0.011323856724730266,-0.14954407941550016,0.4,0.0,0.17785510122776033
2,183,ZEN49,701,CCACGGTGCCCGGTAG-1,7760,3505,0.1793894201517105,0.011145003122094689,-0.0772461399435997,0.4,0.0,0.18407426476478578
2,184,ZEN49,302,AGATGCAAGACGTGCA-1,12109,12536,0.17936903089284897,0.005183528040168262,-0.14478966165333987,0.5,0.0,0.1914205938577652
2,185,ZEN49,826,CGAACCCGCATGCGTC-1,10407,9816,0.17936863303184508,0.014836481341131866,-0.2197820521891117,0.1,0.0,0.04985573589801788
2,186,ZEN49,1157,GACGAGGCTAATAAAC-1,11735,4268,0.1793380692601204,0.014248480248912069,-0.06119971051812172,0.4,0.0,0.17747663259506224
2,187,ZEN49,2125,TTCGGGACTAATCGCG-1,7947,7312,0.17930301129817963,0.02236555973367484,-0.15871127787977457,0.2,0.0,0.09372520744800568
2,188,ZEN49,1737,TATACCGAGTGCCACA-1,10600,2092,0.17929786145687104,0.0201936390104816,-0.148318531550467,0.6,0.0,0.22424798905849458
2,189,ZEN49,2123,TTCGCGCGCCATACGA-1,12299,10034,0.17925712317228318,0.008266087688090297,-0.12412040960043669,0.5,0.0,0.20726446509361268
2,190,ZEN49,1673,TACGCAGTTCTTTCCT-1,8893,9597,0.17924154847860335,0.011402209423250506,-0.10853506214916706,0.2,0.0,0.09170959591865539
2,191,ZEN49,1402,GGCGCGTTCGAGTTTA-1,10029,8728,0.17923665642738343,0.008404598375522817,-0.12039800137281417,0.1,0.0,0.04869808256626129
2,192,ZEN49,1044,CTGCTTTATGTCCGCG-1,4921,2959,0.17923457324504852,0.011435106690795303,-0.019895854219794274,0.4,0.0,0.1621909886598587
2,193,ZEN49,2089,TTAGTTATTCGTGGCA-1,10031,5247,0.17922083735466005,0.01351211163328297,-0.18788103759288788,0.2,0.0,0.08970908522605896
2,194,ZEN49,948,CGTTGAATACCGCGCT-1,11923,6771,0.17920110672712325,0.016380807071531143,-0.1689065843820572,0.5,0.0,0.19592733383178712
2,195,ZEN49,68,AAGAGGCATGGATCGC-1,7948,6442,0.17914534956216813,0.008264692817195262,-0.20675497418269514,0.1,0.0,0.04307020902633667
2,196,ZEN49,1462,GGTCGGATAAACGGCG-1,5488,4591,0.1791093334555626,0.013987613464993354,-0.052644936740398406,0.2,0.0,0.08890663385391236
2,197,ZEN49,1431,GGGCGATATGTGTGAA-1,6432,8834,0.17910483628511428,0.014918972415266364,-0.09175676815211772,0.1,0.0,0.048479285836219785
2,198,ZEN49,1800,TCAGCAAATGCATCTC-1,7001,7203,0.17910397201776504,0.013716595168040883,-0.12410847917199135,0.0,0.0,0.0
2,199,ZEN49,560,CAAGCAACGTCGGAGT-1,7188,11010,0.1790937140583992,0.013439515933553537,-0.11559827215969562,0.4,0.0,0.17503744065761567
2,200,ZEN49,89,AAGTCAATTGTCGTCA-1,9653,4158,0.1790881484746933,0.012353409912510206,-0.12941911183297633,0.1,0.0,0.046665361523628233
2,201,ZEN49,1826,TCCCGTGTGCAATTTG-1,9462,6443,0.17908050268888473,0.007235843455805522,-0.17884800545871257,0.1,0.0,0.04575281143188477
2,202,ZEN49,505,ATGGAGCAGGCCGTGA-1,7947,7965,0.17903557121753694,0.00863592661718891,-0.1279406439512968,0.0,0.0,0.0
2,203,ZEN49,1406,GGCGTCCTATCCGCTG-1,6999,11554,0.17897146493196486,0.014368776391563542,-0.0941045643761754,0.6,0.0,0.2382166177034378
2,204,ZEN49,1295,GCGAGGCCCGAGCAGA-1,8135,10032,0.17896667420864104,0.017474187022467693,-0.24358585551381112,0.3,0.0,0.1440983831882477
2,205,ZEN49,902,CGGCAGGGTCGGGTTG-1,7192,4919,0.17894409894943236,0.008041289641051113,-0.10838046744465828,0.2,0.0,0.09285365045070648
2,206,ZEN49,193,ACCGCAATAACTGCCT-1,10787,6552,0.1789316013455391,0.01316774152271244,-0.2285224013030529,0.4,0.0,0.17988068461418152
2,207,ZEN49,1625,GTTTGGTAGGGTCAAC-1,11164,8728,0.17891344279050828,0.010822395168207629,-0.08109356090426445,0.3,0.0,0.14242180287837983
2,208,ZEN49,1257,GCATGAGGGACGCGGC-1,6813,5353,0.17889945656061174,0.011150124057269952,-0.11577807161957025,0.2,0.1,0.09931390583515168
2,209,ZEN49,349,AGGCAGATGCGTAAAC-1,6056,5788,0.17889259606599808,0.010205114152843966,-0.13378712451085448,0.1,0.0,0.043805909156799314
2,210,ZEN49,970,CTACTATCTTTCAGAG-1,6624,5027,0.17885990291833878,0.011627226108688916,-0.13046679804101585,0.2,0.0,0.09152812063694
2,211,ZEN49,309,AGCACTACCTCACCAG-1,11166,6335,0.17885549813508989,0.021566622184622398,-0.03304925505071878,0.5,0.0,0.2090429186820984
2,212,ZEN49,1990,TGCGTAAGAACCTGAT-1,9271,10468,0.17885037511587143,0.01042595016131364,-0.13085420951247215,0.0,0.0,0.0
2,213,ZEN49,490,ATCTTTCGTATAACCA-1,6058,2090,0.17879877835512162,0.019385143450652207,-0.21547827441245318,0.4,0.0,0.15654122233390808
2,214,ZEN49,1694,TACTTGTTAGTAGTCC-1,8138,5681,0.17876334190368653,0.008939694240478302,-0.17476811725646257,0.1,0.0,0.047018811106681824
2,215,ZEN49,152,ACACTGATCAAGGTGT-1,10974,9925,0.17875272631645203,0.012461230482011112,-0.10593416430056095,0.1,0.0,0.04718874394893646
2,216,ZEN49,192,ACCGATGGTAGCATCG-1,7949,5137,0.17869048416614533,0.01276681181164562,-0.1748273404315114,0.2,0.1,0.09778158962726594
2,217,ZEN49,242,ACTCCCGAATTCGTTT-1,7192,3831,0.17867117375135422,0.010146135898949837,-0.1476545797660947,0.3,0.0,0.1371985912322998
2,218,ZEN49,1091,CTTTAATATTGGTCGA-1,10787,7205,0.1786659836769104,0.011756491569004462,-0.04068883080035448,0.3,0.0,0.13788415789604186
2,219,ZEN49,1269,GCCCGACTTCTTCCCG-1,10405,12426,0.17865887135267258,0.01244748242788221,-0.1070962781086564,0.5,0.0,0.20580826699733734
2,220,ZEN49,987,CTATAAGAGCCAATCG-1,6056,4265,0.17865704298019408,0.016363933960878888,-0.10949841495603323,0.2,0.0,0.09116584658622742
2,221,ZEN49,423,ATAAGTAGGGCGACTC-1,7950,3396,0.17864909619092942,0.010142217436068302,-0.10449818857014179,0.2,0.0,0.09083945155143738
2,222,ZEN49,14,AAAGGCTCTCGCGCCG-1,11543,9164,0.1786423072218895,0.011372825698048171,-0.08680203780531884,0.1,0.0,0.04913725256919861
2,223,ZEN49,2145,TTGAAGAATTCCCAGG-1,7189,9705,0.17864200919866563,0.014789755423390297,-0.1594489149749279,0.1,0.1,0.050149405002593996
2,224,ZEN49,2155,TTGAGAAGTTTAGCAT-1,11545,5682,0.1786397397518158,0.016462259224046677,-0.06507024634629488,0.6,0.0,0.2320077508687973
2,225,ZEN49,1189,GAGGCTATCAAAGTCG-1,7755,12207,0.1786389470100403,0.022272608148400486,-0.05185180529952049,0.6,0.0,0.2279896467924118
2,226,ZEN49,1135,GAATTATAGTGAAAGG-1,7569,7747,0.1786318376660347,0.011885364887724018,-0.18580168411135672,0.1,0.0,0.04776536524295807
2,227,ZEN49,1075,CTTCATTGTCAGTGGA-1,7947,8618,0.17862483710050583,0.010153246062143085,-0.05197089612483978,0.1,0.0,0.04655540883541107
2,228,ZEN49,340,AGCTTGATCTTAACTT-1,8891,12643,0.17861685901880264,0.015131061250473839,-0.06270982176065446,0.4,0.0,0.15115997791290284
2,229,ZEN49,849,CGATACCTCGCGGACA-1,8703,9923,0.17861136496067048,0.012822411633931781,-0.15236151423305272,0.3,0.0,0.14050267338752748
2,230,ZEN49,1361,GGAACCGTGTAAATTG-1,10407,10033,0.1786072611808777,0.010978176840868109,-0.15245321951806545,0.0,0.0,0.0
2,231,ZEN49,1279,GCCGGGTTAGGGTCGC-1,8893,8727,0.1785871282219887,0.008992599824428713,-0.11060758382081985,0.1,0.0,0.04665226340293884
2,232,ZEN49,580,CACAGGGCCATATAGT-1,11924,4595,0.17858441770076752,0.011725534081951622,-0.11937507390975952,0.0,0.0,0.0
2,233,ZEN49,780,CCGTGTTAAATTCCAT-1,10217,11230,0.17856667190790176,0.013469108043537341,-0.1380943849682808,0.5,0.0,0.21192973852157593
2,234,ZEN49,1861,TCGAGCCAGGCAGGCC-1,11920,11122,0.17856618911027908,0.011139422566550998,-0.027834051102399827,0.5,0.0,0.2091893345117569
2,235,ZEN49,2005,TGGAGTGATGCGATGA-1,6621,10684,0.17855620980262757,0.01530065927875347,-0.031268304027616975,0.1,0.0,0.04882637858390808
2,236,ZEN49,212,ACGCATACGTTTACTA-1,11735,4051,0.1785553902387619,0.01385370616988734,-0.010593963228166104,0.3,0.0,0.13270314931869506
2,237,ZEN49,1218,GATCTTGGAGGGCATA-1,9462,7531,0.17855484932661056,0.00871992060233488,-0.16645040176808834,0.2,0.0,0.09160414934158326
2,238,ZEN49,20,AAATACCTATAAGCAT-1,10029,7640,0.17851801365613937,0.009936989268840294,-0.2804079756140709,0.2,0.0,0.09349251687526702
2,239,ZEN49,408,AGTTAAACACTTGCGA-1,8703,10358,0.17851398885250092,0.016261561899043698,-0.15863751545548438,0.3,0.0,0.13226398825645447
2,240,ZEN49,1347,GCTGCTACTGCGTAGC-1,10787,6987,0.17849352955818176,0.012057374609125373,-0.12753037158399821,0.4,0.0,0.17883225679397582
2,241,ZEN49,341,AGGACAGTCGAATCCC-1,9273,5899,0.1784757673740387,0.00957359435641157,-0.17373392954468728,0.0,0.0,0.0
2,242,ZEN49,217,ACGCGGGCCAAGGACA-1,7568,8400,0.1784676879644394,0.01151682144245995,-0.024930607154965402,0.4,0.0,0.17688417434692383
2,243,ZEN49,719,CCATGCCCTAGATTTC-1,11735,4486,0.17843396812677384,0.008427988354368955,-0.17768441513180733,0.3,0.0,0.12755519151687622
2,244,ZEN49,362,AGGGTGCTCTCGAGGG-1,7570,5136,0.17843106389045715,0.011397243348341704,-0.16420905720442533,0.1,0.0,0.047141310572624204
2,245,ZEN49,2041,TGTCCTAAGTCACCGC-1,7566,11881,0.1784081742167473,0.013081951061898711,-0.10495735928416253,0.5,0.0,0.20765503048896788
2,246,ZEN49,1809,TCCAACTTTAAATTCT-1,8703,10794,0.17839389443397521,0.014413527066314087,-0.15669995918869972,0.0,0.0,0.0
2,247,ZEN49,788,CCTAGGCGTAGCGATC-1,7948,5572,0.17835227996110917,0.01374337998643312,-0.2004820417612791,0.3,0.0,0.14255038201808928
2,248,ZEN49,1910,TCTCCACAAGTTGAAT-1,12681,5030,0.17834860533475877,0.01664537222676491,0.03475604485720396,0.6,0.0,0.22051479816436767
2,249,ZEN49,533,ATTCGTGCTATCTCTT-1,9086,3179,0.17834823876619338,0.011419657152994492,-0.10109141040593386,0.2,0.0,0.08636372387409211
2,250,ZEN49,1881,TCGGCTTGTATCGACG-1,12113,4704,0.1783388689160347,0.014402113915570072,-0.0824968807399273,0.2,0.0,0.08830668032169342
2,251,ZEN49,616,CAGAACTTAGCCCTCT-1,11166,5900,0.17833613455295563,0.012623166509479854,-0.08642600364983082,0.1,0.0,0.046397989988327025
2,252,ZEN49,2146,TTGAATATGGACTTTC-1,7569,6877,0.17833029925823213,0.013760255690816322,-0.05705384761095047,0.0,0.0,0.0
2,253,ZEN49,199,ACCTACAGTATGTGGT-1,8896,2853,0.17831815481185914,0.01673086976599218,-0.06044550333172083,0.7,0.0,0.27303388714790344
2,254,ZEN49,891,CGCTTATTCCCGGTCG-1,9081,11882,0.17829444110393525,0.011517398666798875,-0.11731908917427063,0.5,0.0,0.20027777254581453
2,255,ZEN49,2063,TTAAGGCCCGTACTTT-1,12298,12427,0.1782440200448036,0.014398633139359598,-0.14666868913918735,0.7,0.0,0.2553978502750397
2,256,ZEN49,356,AGGCTTCCCGAAGAAG-1,10596,10577,0.178215491771698,0.013589160635994243,-0.11382772177457809,0.2,0.0,0.092888942360878
3,1,ZEN49,471,ATCCACATCGACAGAA-1,12869,7315,0.11226775851100683,0.07650216785938078,-0.9761358045041562,0.2,0.1,0.10021020472049713
3,2,ZEN49,971,CTACTCAAGGTATAGT-1,12488,10578,0.1005897406488657,0.06591143817589415,-1.141491699963808,0.2,0.0,0.08702227473258972
3,3,ZEN49,275,AGAAGGTACACTTCAC-1,10972,13623,0.09714151015505194,0.06386546683435007,-1.0754670679569245,0.2,0.0,0.08688437938690186
3,4,ZEN49,1588,GTTAACTATGTTGTCA-1,9275,3070,0.09641564264893532,0.06331321170159582,-0.9524699941277504,0.2,0.0,0.08399685025215149
3,5,ZEN49,561,CAAGCGGCACATAATT-1,11355,7314,0.09375576470047235,0.06495417984601783,-1.037835845351219,0.3,0.0,0.1147011786699295
3,6,ZEN49,2200,TTGTTTCACATCCAGG-1,12110,10578,0.09273091778159141,0.06578201227914689,-1.1373880930244922,0.2,0.0,0.09120167791843414
3,7,ZEN49,97,AAGTTGTGATGTTATA-1,13628,3617,0.09193076770752669,0.061404845417143805,-1.0790344938635825,0.1,0.0,0.04734252691268921
3,8,ZEN49,375,AGTACTCTTATGCCCA-1,11734,5574,0.09168740548193455,0.05558416178052738,-1.1510500818490983,0.0,0.0,0.0
3,9,ZEN49,1629,TAAAGCGTTAGGAGAA-1,6434,5571,0.09152803588658572,0.05035013634003407,-0.9832491159439087,0.0,0.0,0.0
3,10,ZEN49,2149,TTGACATGAACGTGGA-1,9459,11664,0.09150820225477219,0.06076169291140437,-1.0696367532014848,0.1,0.0,0.04291898012161255
3,11,ZEN49,1587,GTTAACATCACTTAAA-1,11544,7205,0.09134278427809477,0.0621524006994051,-1.133352443575859,0.1,0.0,0.03831550776958466
3,12,ZEN49,577,CACACAGCTTGCGCTC-1,10032,2636,0.09023623196408152,0.06265507424082738,-1.271465852856636,0.2,0.0,0.08061568140983581
3,13,ZEN49,1981,TGCCGGATGTACGAGC-1,12866,11449,0.09006837513297797,0.06702093125691487,-1.1985755950212478,0.1,0.0,0.04220143258571625
3,14,ZEN49,1549,GTGAAGATTTCAAGTG-1,5110,3938,0.09001219682395459,0.06182519389501502,-1.0966535270214082,0.1,0.0,0.044277459383010864
3,15,ZEN49,596,CACCGTTAGGGATCAC-1,11163,11121,0.08928858786821366,0.05726031874335253,-1.133850207924843,0.1,0.0,0.04840358793735504
3,16,ZEN49,137,ACAAGGATGCTTTAGG-1,12680,5683,0.08885531108826399,0.060305510814942107,-1.2013441562652587,0.1,0.0,0.04569681286811829
3,17,ZEN49,2015,TGGCGATCAAGTTATG-1,10786,9163,0.08796801622956991,0.05940767014868966,-1.1690537363290787,0.1,0.0,0.04298102557659149
3,18,ZEN49,1647,TAATCGATCCGTACGT-1,5867,5027,0.08787675481289625,0.04908087281356618,-1.1017568737268448,0.0,0.0,0.0
3,19,ZEN49,1968,TGATTTATTAGCTGTG-1,8324,11446,0.08726380001753568,0.055667431221480386,-1.088517466187477,0.0,0.0,0.0
3,20,ZEN49,1737,TATACCGAGTGCCACA-1,10600,2092,0.08681231569498778,0.054883678944769754,-1.120988029241562,0.1,0.0,0.03938015103340149
3,21,ZEN49,450,ATATAAATGTAGCTGC-1,11355,7097,0.08663477478548884,0.063293839554831,-1.2199782758951188,0.1,0.0,0.042727723717689514
3,22,ZEN49,431,ATACGGAACGTCGTTT-1,11730,12753,0.08660214897245169,0.06125951421644106,-1.2911936521530152,0.1,0.0,0.046824675798416135
3,23,ZEN49,2012,TGGCCAATTTGGTACT-1,10404,13949,0.08596201185137034,0.05502131986872884,-1.1662932187318802,0.1,0.0,0.041670358180999754
3,24,ZEN49,1870,TCGCTACTGGCTTTGA-1,13437,7207,0.08583451211452484,0.05346932063087464,-1.2278849840164185,0.0,0.0,0.0
3,25,ZEN49,197,ACCTAAGTACCTTTCA-1,10595,11883,0.08578326590359212,0.06129277523708165,-1.2208115875720977,0.1,0.0,0.040314728021621705
3,26,ZEN49,748,CCGACAATAGGCCGCC-1,11925,3072,0.08569757882505655,0.05673519327935668,-1.1750562995672227,0.1,0.0,0.03626483678817749
3,27,ZEN49,2173,TTGCGTCGGCCAACCG-1,10785,10686,0.08565327227115631,0.052722428845233066,-1.2168141216039658,0.1,0.0,0.047835317254066465
3,28,ZEN49,1970,TGCAAGAATGACGTAA-1,6811,8617,0.08545342478901148,0.055272828029235575,-1.2323171198368073,0.0,0.0,0.0
3,29,ZEN49,2059,TTAACGAACAAGCAGT-1,5300,2742,0.08528433889150619,0.05585576075312301,-1.1948474615812301,0.1,0.0,0.046951118111610415
3,30,ZEN49,614,CACTCTTCTGCTAGCC-1,12303,4160,0.0852280323393643,0.05426755170770041,-1.1146522223949433,0.0,0.0,0.0
3,31,ZEN49,1165,GACTAGGCCGTTAGGT-1,13626,6663,0.08518153252080082,0.054357198228930086,-1.2308050453662873,0.0,0.0,0.0
3,32,ZEN49,2072,TTACCCTAGGGATTGG-1,12489,8838,0.08476457297801972,0.06198204511807218,-1.2454978376626968,0.0,0.0,0.0
3,33,ZEN49,1902,TCTAGCAATCTCCGCC-1,9838,11882,0.08460309598594903,0.06332703166596698,-1.3443622887134552,0.1,0.0,0.04403500556945801
3,34,ZEN49,1638,TAAGGCCCGTCACCCT-1,12869,7533,0.08453997429460287,0.06031508329359474,-1.1919585436582565,0.1,0.0,0.04038744270801544
3,35,ZEN49,1751,TATCTTGCAATACAAC-1,11730,13406,0.08411800675094128,0.05844463365970436,-1.3048817098140717,0.1,0.0,0.04274831712245941
3,36,ZEN49,1509,GTATGAAATTTCACTC-1,10973,12753,0.08379098623991013,0.0493701058094491,-1.1986735701560973,0.0,0.0,0.0
3,37,ZEN49,1080,CTTCTATGTTGAAGTA-1,9838,12100,0.08352908636443317,0.0677609273856815,-1.2885946422815322,0.2,0.0,0.09121785163879395
3,38,ZEN49,2070,TTACATGCCACAACTA-1,8896,3940,0.08344347272068262,0.05504912544521146,-1.1720450580120088,0.0,0.0,0.0
3,39,ZEN49,1573,GTGGAGTCGGCGGTTG-1,11352,11013,0.08311983654275537,0.06266379823893684,-1.2637729920446872,0.1,0.0,0.04528413712978363
3,40,ZEN49,417,ATAAACGTTGCACCAC-1,11925,3507,0.08302186680957675,0.05984637999740214,-1.2475611567497253,0.1,0.0,0.039855921268463136
3,41,ZEN49,1816,TCCAGCGCTATAAGCG-1,10979,2527,0.08299676161259413,0.05226974734861984,-1.2311736643314362,0.1,0.0,0.03865998387336731
3,42,ZEN49,651,CATACCCGTACCCAGT-1,8134,11772,0.08294835886918009,0.06543268000250205,-1.3677583396434785,0.1,0.0,0.042613554000854495
3,43,ZEN49,1713,TAGCGTCCGGTGTGGT-1,11166,6770,0.08280103439465165,0.05809043455871024,-1.2113190196454524,0.1,0.0,0.041340196132659913
3,44,ZEN49,612,CACTCGAGCTGAACAA-1,10219,7096,0.08275354877114297,0.051200128092533735,-1.2125703811645507,0.0,0.0,0.0
3,45,ZEN49,478,ATCGCTGCGTGCAGCA-1,5489,3068,0.08268212070688605,0.05731712552024258,-1.2393123805522919,0.1,0.0,0.03883845210075378
3,46,ZEN49,1236,GCAACCACGGCCGCGT-1,9270,11991,0.08244161922484636,0.057576827891508635,-1.4068829476833344,0.1,0.0,0.04450040459632874
3,47,ZEN49,1153,GACCGCGTCTGACGTG-1,10600,2962,0.08239399716258049,0.04803807626529024,-1.1909517168998718,0.0,0.0,0.0
3,48,ZEN49,914,CGGGTTTGTTAGGGCT-1,11736,2745,0.08228242294862867,0.057673099905532835,-1.2229081094264984,0.0,0.0,0.0
3,49,ZEN49,2042,TGTGACTAGAGTTTGC-1,14007,3182,0.082227629609406,0.05620236275385977,-1.1831993967294694,0.0,0.0,0.0
3,50,ZEN49,1903,TCTAGCATGCCCAGAA-1,10218,7966,0.0821714363526553,0.0686177987706446,-1.4252220816910266,0.2,0.0,0.092380091547966
3,51,ZEN49,2000,TGGAAGAAGGGAACGT-1,8513,11337,0.08214151952415705,0.06026995937934493,-1.2424479067325591,0.1,0.0,0.04681977927684784
3,52,ZEN49,1889,TCGTCAAGTACGCGCA-1,11731,11013,0.08212171737104654,0.062362649184840975,-1.304667216539383,0.1,0.0,0.04494961500167847
3,53,ZEN49,1142,GACACTGGAACCCGAT-1,10978,3180,0.08191969227045774,0.04960840727621932,-1.1234825879335404,0.0,0.0,0.0
3,54,ZEN49,984,CTAGTGAAGGACAGGA-1,7567,11011,0.08176643010228872,0.06553654064300617,-1.4221188247203826,0.1,0.0,0.04638510346412659
3,55,ZEN49,1615,GTTGGTCATGCTATCC-1,11543,8293,0.081557706464082,0.05741404763054876,-1.3735113471746445,0.0,0.0,0.0
3,56,ZEN49,1268,GCCATCGATGCTGCAT-1,7193,3178,0.0814248038455844,0.05863302362796284,-1.3294051885604858,0.1,0.0,0.04556377828121185
3,57,ZEN49,921,CGGTGCGCGTTGGTCC-1,10406,10903,0.08139287196099758,0.06502286116412753,-1.3947882384061814,0.1,0.0,0.045531725883483885
3,58,ZEN49,605,CACGTCGGCAACCTCT-1,10406,11121,0.08134687589481474,0.052718453437229695,-1.2492721557617188,0.0,0.0,0.0
3,59,ZEN49,1399,GGCGCAGGACATCTTC-1,8134,12207,0.0811538740992546,0.06410674966428265,-1.315351652354002,0.1,0.0,0.0464175820350647
3,60,ZEN49,925,CGTAGAGAGTAATTAT-1,13816,5684,0.08105648122727871,0.05468640385321427,-1.360207486152649,0.1,0.0,0.04406249523162842
3,61,ZEN49,1211,GATCGACACTATCTGA-1,6242,10031,0.0810439276508987,0.0509383370663495,-1.340712907910347,0.0,0.0,0.0
3,62,ZEN49,1333,GCTATCATACTCATGG-1,11355,6661,0.08088124897330999,0.06324854825598362,-1.416385880112648,0.0,0.0,0.0
3,63,ZEN49,2060,TTAACTTCAGGTAGGA-1,9837,12317,0.08087226506322623,0.058341192807201854,-1.2710560888051987,0.0,0.0,0.0
3,64,ZEN49,15,AAAGTAGCATTGCTCA-1,10784,12209,0.08068480230867862,0.05786970491193363,-1.3136238694190978,0.1,0.0,0.04383482038974762
3,65,ZEN49,436,ATACTACCCGTACCAC-1,12303,3725,0.08067763205617666,0.06193539213675427,-1.3125555336475372,0.1,0.0,0.041501307487487794
3,66,ZEN49,1648,TAATTACGTCAGTAGA-1,12871,4052,0.08064161790534854,0.06276783374332921,-1.4833585292100906,0.1,0.0,0.04581161141395569
3,67,ZEN49,2130,TTCGTTCAACGAAGTT-1,5489,3721,0.08063002321869135,0.04876423716765958,-1.1885742872953415,0.0,0.0,0.0
3,68,ZEN49,1217,GATCTGCTATCTAAGG-1,12868,9055,0.08062374573200941,0.05279954386668652,-1.2636249870061875,0.0,0.0,0.0
3,69,ZEN49,519,ATTACGCGCTGGCAGG-1,8702,11881,0.08060709424316884,0.05379335211761718,-1.2151910275220872,0.0,0.0,0.0
3,70,ZEN49,775,CCGTAGGAAATCCCTG-1,12492,4704,0.08052655896171927,0.06326512898799765,-1.2644812881946563,0.1,0.0,0.044810032844543456
3,71,ZEN49,564,CAAGGTCCTATAGGCT-1,7571,3178,0.08038215376436711,0.05610717556092805,-1.205086499452591,0.0,0.0,0.0
3,72,ZEN49,61,AACTCTCAGTGTGCTC-1,11163,10686,0.08033019145950675,0.0504001865464816,-1.2613606691360473,0.0,0.0,0.0
3,73,ZEN49,1964,TGATGTCAATTAAGTG-1,12303,3942,0.08027406753972173,0.05909306831183442,-1.226724487543106,0.0,0.0,0.0
3,74,ZEN49,1689,TACTGAACAGATTTAG-1,11731,10360,0.08023961912840605,0.058321050762904704,-1.3804847568273544,0.0,0.0,0.0
3,75,ZEN49,2182,TTGGCTCAATATGTGT-1,13439,2855,0.0802085630595684,0.04846356877985986,-1.2698982179164886,0.0,0.0,0.0
3,76,ZEN49,105,AATATTGGAGTATTGA-1,7944,12751,0.0801400608383119,0.048251310518482596,-1.258333906531334,0.0,0.0,0.0
3,77,ZEN49,210,ACGCAAACTAATAGAT-1,13056,10035,0.08002078239805996,0.0637905406926341,-1.4596333533525467,0.1,0.0,0.04703508615493775
3,78,ZEN49,1018,CTCTAGCCCTCGGAAA-1,13627,5357,0.07990683782845735,0.05873239517139636,-1.3752898007631302,0.1,0.0,0.04387661814689636
3,79,ZEN49,719,CCATGCCCTAGATTTC-1,11735,4486,0.07985675712116062,0.06317952286887335,-1.4643654242157935,0.1,0.0,0.04872994422912598
3,80,ZEN49,112,AATCTCTACTGTGGTT-1,8322,14057,0.07985004093497991,0.05593777139982142,-1.2511922508478164,0.0,0.0,0.0
3,81,ZEN49,1571,GTGGACCAACCCGATT-1,9648,11991,0.07976714828982949,0.05706037213937211,-1.2904394328594209,0.1,0.0,0.04168961942195892
3,82,ZEN49,572,CAATGTGCCAACCCTT-1,8139,2635,0.07974040061235428,0.045190609524991834,-1.2177916646003724,0.0,0.0,0.0
3,83,ZEN49,954,CTAAAGAATGCCTACT-1,7945,11228,0.07968982998281718,0.06486776390373951,-1.474048599600792,0.1,0.0,0.046564900875091554
3,84,ZEN49,337,AGCTCTTTACTCAGTT-1,8892,10250,0.07967855557799339,0.048325355354566765,-1.1413089066743851,0.0,0.0,0.0
3,85,ZEN49,1465,GGTCGTAAGCTCGCAC-1,10405,13079,0.07967134024947882,0.05884594670593197,-1.263830652832985,0.1,0.0,0.04347557425498962
3,86,ZEN49,714,CCAGTCTTGTCATAGA-1,12300,8729,0.07957229795865714,0.06014040361838594,-1.3743458032608031,0.1,0.0,0.047405016422271726
3,87,ZEN49,2094,TTATCCGGGATCTATA-1,10788,5682,0.07942268997430801,0.05676347375330601,-1.2607553869485855,0.0,0.0,0.0
3,88,ZEN49,389,AGTCGTGGGCATTACG-1,10784,11991,0.07938174130395055,0.055952203833975554,-1.2395641207695007,0.1,0.0,0.040694603323936464
3,89,ZEN49,524,ATTATTATGTCCGTCA-1,12299,11122,0.07928224513307214,0.058905580712652277,-1.2901914685964584,0.0,0.0,0.0
3,90,ZEN49,1047,CTGGACGCAGTCCGGC-1,10783,13732,0.07919293604791164,0.05453700201492316,-1.28513143658638,0.1,0.0,0.034248259663581845
3,91,ZEN49,1925,TCTGGGTAGCGCTCAT-1,8702,11229,0.07911965437233448,0.06531555209146697,-1.4442368358373643,0.2,0.0,0.08977240025997162
3,92,ZEN49,2126,TTCGGGCGCTAGTCTT-1,11542,11122,0.07907721186056733,0.055122420660366704,-1.2858904361724854,0.0,0.0,0.0
3,93,ZEN49,499,ATGCCGGTCTTGCATA-1,7001,6985,0.07904797606170177,0.051617892149568904,-1.1029423922300339,0.0,0.0,0.0
3,94,ZEN49,1675,TACGCCGAGGGTACCC-1,11731,11448,0.07904100744053721,0.0603935703437583,-1.3650034248828888,0.0,0.0,0.0
3,95,ZEN49,1455,GGTAGAAGACCGCCTG-1,11165,7423,0.07902758363634348,0.062417172386847256,-1.4464708536863327,0.1,0.0,0.042607980966567996
3,96,ZEN49,1690,TACTGCAATCAATTAC-1,5299,4047,0.07898201830685139,0.052206628721287805,-1.32406844496727,0.0,0.0,0.0
3,97,ZEN49,1733,TAGTCTGTGACGTTGC-1,5489,3939,0.0789416179060936,0.057234074215821745,-1.4181289434432984,0.1,0.0,0.03913961052894592
3,98,ZEN49,1983,TGCCTAATTGAAGATT-1,11546,3724,0.07892205086536705,0.05932633980927029,-1.344730296730995,0.1,0.0,0.043894019722938535
3,99,ZEN49,1513,GTCAAAGAAGTGGTGT-1,11730,13189,0.07889766804873943,0.05824015759545615,-1.2677649289369584,0.0,0.0,0.0
3,100,ZEN49,1759,TATGGGTACGTATCGT-1,7189,8835,0.07888637334108353,0.051320105754191346,-1.1888469517230988,0.0,0.0,0.0
3,101,ZEN49,931,CGTCGGGTCTAAGCGC-1,11351,12753,0.0787005228921771,0.05416180504881906,-1.2481239914894104,0.0,0.0,0.0
3,102,ZEN49,198,ACCTAATCGACTTCCT-1,7188,11881,0.07869194280356169,0.06500920668148005,-1.4561791986227035,0.1,0.0,0.04728529751300812
3,103,ZEN49,611,CACTCCTATGTAAGAT-1,11731,11230,0.07868980932980776,0.059986113679578575,-1.2731478720903397,0.0,0.0,0.0
3,104,ZEN49,1195,GAGTCAGACCAGAATC-1,11732,9925,0.07839962784200907,0.05787853654081503,-1.3681297838687896,0.0,0.0,0.0
3,105,ZEN49,247,ACTCGTCAGTAATCCC-1,7948,6659,0.07838454153388738,0.05712825294917019,-1.3289916455745696,0.0,0.0,0.0
3,106,ZEN49,641,CAGTACCAGTTTACGT-1,10215,13188,0.07838373333215713,0.0556149519774314,-1.344443678855896,0.0,0.0,0.0
3,107,ZEN49,1258,GCATTCAAGGCAACGC-1,6435,3395,0.07836910104379058,0.05164117806319879,-1.4059819757938385,0.0,0.0,0.0
3,108,ZEN49,2193,TTGTGCAGCCACGTCA-1,12490,7097,0.07836023550480604,0.058599454488399975,-1.3983004301786424,0.0,0.0,0.0
3,109,ZEN49,1678,TACGCTCGGTATTGGA-1,12682,2855,0.07835471592843532,0.052236883641027236,-1.3670949071645737,0.1,0.0,0.03843068480491638
3,110,ZEN49,1944,TGAATGTCAGCCGGCC-1,10032,3288,0.07825978901237249,0.05605516067307946,-1.3245714902877808,0.0,0.0,0.0
3,111,ZEN49,687,CCAACGATGCACTGAT-1,6999,11119,0.07822263883426786,0.056850555661650766,-1.2687798231840133,0.0,0.0,0.0
3,112,ZEN49,272,AGAAATTATGACTCGC-1,11168,2636,0.07818853361532092,0.055093457642050106,-1.3552546471357345,0.1,0.0,0.03873414397239685
3,113,ZEN49,309,AGCACTACCTCACCAG-1,11166,6335,0.0781464757397771,0.06117364894140239,-1.2464770346879959,0.0,0.0,0.0
3,114,ZEN49,199,ACCTACAGTATGTGGT-1,8896,2853,0.0781295707449317,0.05224447650606176,-1.2169661313295363,0.0,0.0,0.0
3,115,ZEN49,1681,TACGTAAAGCGGAGTG-1,13060,3943,0.07808112036436796,0.057757742158482894,-1.3624253392219543,0.1,0.0,0.04447440505027771
3,116,ZEN49,1633,TAACCTAGGGAGTCCA-1,12492,3616,0.07806079927831888,0.05037129641523756,-1.3404959559440612,0.0,0.0,0.0
3,117,ZEN49,816,CCTGTCACCCGGGCTC-1,6622,7855,0.0780527839437127,0.04349012115422789,-1.2527568817138672,0.0,0.0,0.0
3,118,ZEN49,850,CGATAGTCGTACTGCA-1,13627,5575,0.07805162202566862,0.05196123467310913,-1.210080486536026,0.0,0.0,0.0
3,119,ZEN49,827,CGAAGTTGCTCTGTGT-1,7377,11337,0.07804978508502244,0.05854796971343854,-1.353246846795082,0.1,0.0,0.04118145108222961
3,120,ZEN49,2081,TTAGACGAGTCACCTC-1,10219,6443,0.07804754199460148,0.04974783025341878,-1.1914516001939774,0.0,0.0,0.0
3,121,ZEN49,1581,GTGTACCTTGGCTACG-1,6055,6658,0.07803554162383079,0.033055283197956906,-1.1144809603691102,0.0,0.0,0.0
3,122,ZEN49,1040,CTGCGGGTGAAATGTT-1,6998,12642,0.0779288474470377,0.04940883866567074,-1.2681396633386612,0.0,0.0,0.0
3,123,ZEN49,1987,TGCGCAAAGCATTTGG-1,7001,7856,0.07779392139054835,0.0500963458885494,-1.3335972636938096,0.0,0.0,0.0
3,124,ZEN49,1603,GTTCGCTGAGACGTCT-1,11168,3289,0.07773456992581487,0.04940152556770011,-1.2167151391506195,0.1,0.0,0.036584123969078064
3,125,ZEN49,130,ACAAAGCATGACCTAG-1,13060,4596,0.07772297179326415,0.052189002505895914,-1.2555798232555389,0.1,0.0,0.035521510243415835
3,126,ZEN49,20,AAATACCTATAAGCAT-1,10029,7640,0.07769815921783448,0.04727437000463052,-1.3370094120502471,0.0,0.0,0.0
3,127,ZEN49,19,AAATAAGGTAGTGCCC-1,7004,2634,0.07758146980777383,0.053923748991819995,-1.468068689107895,0.1,0.0,0.04422763288021088
3,128,ZEN49,318,AGCCCGGTAGCCTGTA-1,12678,9817,0.07754205958917737,0.058139569493961235,-1.341847115755081,0.0,0.0,0.0
3,129,ZEN49,1897,TCGTTGCTATCCGGTC-1,11353,10142,0.07744849836453796,0.05438632575417335,-1.2875128656625747,0.0,0.0,0.0
3,130,ZEN49,727,CCCAAGTCATTACACT-1,14006,4705,0.07743269475176931,0.057156446403216724,-1.3458002209663391,0.1,0.0,0.041913574934005736
3,131,ZEN49,604,CACGTCAATCAATGGA-1,12871,2529,0.07743190051987767,0.058307936496061294,-1.3630789190530777,0.0,0.0,0.0
3,132,ZEN49,159,ACATCAGCTGGGACGC-1,7187,13839,0.07738662073388695,0.05553261008460879,-1.3137078791856767,0.0,0.0,0.0
3,133,ZEN49,2028,TGGTTCAACGGGTAAT-1,10598,7096,0.07722130455076695,0.05228340638635669,-1.2842339813709258,0.0,0.0,0.0
3,134,ZEN49,486,ATCTGGGCTGTTCTTG-1,12679,7641,0.07718007783405482,0.06219100240659583,-1.4967315040528775,0.1,0.0,0.04751865565776825
3,135,ZEN49,1066,CTGTGGTCGGGAGATA-1,11545,5465,0.07715492639690638,0.04704471642539261,-1.255338966846466,0.0,0.0,0.0
3,136,ZEN49,513,ATGTGGACATCTTGAT-1,10029,7422,0.07712993230670691,0.047679437600589944,-1.2417754530906677,0.0,0.0,0.0
3,137,ZEN49,1955,TGAGTGCCTCTTAAAT-1,9649,10685,0.07705849800258875,0.05189707866418901,-1.3011738777160644,0.0,0.0,0.0
3,138,ZEN49,201,ACCTCCGTTATTCACC-1,7571,2961,0.07703575249761344,0.052594634199226664,-1.2148370176553727,0.0,0.0,0.0
3,139,ZEN49,2039,TGTCCACGGCTCAACT-1,13438,4161,0.07703369362279773,0.05928573268558939,-1.46083764731884,0.1,0.0,0.0469511091709137
3,140,ZEN49,1508,GTATCTTTCATAACCA-1,9840,7966,0.07699108654633165,0.059416304192978844,-1.3735511600971222,0.1,0.0,0.0491797536611557
3,141,ZEN49,1230,GATTGGGAAAGGTTGT-1,13626,6445,0.07696969602257013,0.0449536587004486,-1.231874516606331,0.0,0.0,0.0
3,142,ZEN49,634,CAGCTGGCGTAACCGT-1,10216,12753,0.07694503646343946,0.05469041238852373,-1.2704244345426559,0.1,0.0,0.03926110565662384
3,143,ZEN49,631,CAGCGATTCCCTTCAA-1,11163,10469,0.07679562410339713,0.055167950908309,-1.4013684004545213,0.0,0.0,0.0
3,144,ZEN49,2183,TTGGGACACTGCCCGC-1,6433,7529,0.07669264543801546,0.045924779134574344,-1.2078197062015534,0.0,0.0,0.0
3,145,ZEN49,735,CCCGGTGTATCGGAAT-1,11162,13297,0.07659744340926408,0.05141377278968721,-1.2936654418706894,0.0,0.0,0.0
3,146,ZEN49,844,CGAGTACTAAAGAGGA-1,9649,11338,0.07652006447315216,0.04932516515340745,-1.247350150346756,0.0,0.0,0.0
3,147,ZEN49,1002,CTCATGGTAATTTGCG-1,10595,12318,0.07645641071721912,0.05039099819563705,-1.2821097433567048,0.0,0.0,0.0
3,148,ZEN49,1872,TCGCTCGGCACCAGCG-1,5678,3395,0.07639892171137035,0.053440791720490204,-1.33333320915699,0.1,0.0,0.03992864489555359
3,149,ZEN49,1435,GGGCGTGGTTTCCCAG-1,12680,6336,0.07631262289360166,0.04928601060473647,-1.2176844596862793,0.0,0.0,0.0
3,150,ZEN49,1096,CTTTGCATCGCTCTTG-1,12492,4922,0.07622250355780125,0.05414037189802092,-1.2211688846349715,0.0,0.0,0.0
3,151,ZEN49,1390,GGCAGCAAACCTATGC-1,10789,3942,0.07621396631002426,0.056837342984548456,-1.4262801826000213,0.1,0.0,0.04619503915309906
3,152,ZEN49,1276,GCCGCACTCCGTTTCA-1,9275,1983,0.07618201067671179,0.053153690504335833,-1.2281284362077713,0.0,0.0,0.0
3,153,ZEN49,554,CAACCAGTGGCCTACC-1,12682,2637,0.0761416849680245,0.05107970969746784,-1.2997258603572845,0.0,0.0,0.0
3,154,ZEN49,1330,GCTAGGCACCACGGAG-1,11355,6009,0.0760270070284605,0.05788006352250386,-1.3898391842842102,0.1,0.0,0.040968257188797
3,155,ZEN49,1579,GTGGTTACTTCTTTCG-1,7003,3722,0.07597719002515077,0.052163316793710446,-1.345949763059616,0.0,0.0,0.0
3,156,ZEN49,1654,TACATAGGCATACACC-1,8704,8618,0.07591587323695421,0.05008391231064298,-1.2888283550739288,0.0,0.0,0.0
3,157,ZEN49,376,AGTATACACAGCGACA-1,13246,9926,0.07588013019412757,0.054024984916672625,-1.3973385363817215,0.0,0.0,0.0
3,158,ZEN49,1494,GTACGTTTGCCCGTCA-1,9461,7748,0.0758659933693707,0.05144189395474829,-1.4060483813285827,0.0,0.0,0.0
3,159,ZEN49,809,CCTGCGTTCTACGCTT-1,7187,13621,0.07575377300381661,0.062261035225313614,-1.421900859475136,0.1,0.0,0.04625106155872345
3,160,ZEN49,1403,GGCGGAGTAATATTAG-1,7189,10140,0.07573854085057974,0.05047510887020803,-1.4104380548000335,0.0,0.0,0.0
3,161,ZEN49,771,CCGGGTTCGAGGTTAC-1,8324,11664,0.0757115412503481,0.061954079807246806,-1.3193406738340854,0.1,0.0,0.042170938849449155
3,162,ZEN49,821,CCTTGACCACTTTATT-1,11546,3289,0.07569778934121132,0.05692907499594727,-1.31415094435215,0.0,0.0,0.0
3,163,ZEN49,2174,TTGCGTGTGTAGGCAT-1,14194,6119,0.07569521069526672,0.0559785147151051,-1.4226457744836807,0.0,0.0,0.0
3,164,ZEN49,2064,TTAAGTATTGTTATCC-1,13248,5357,0.07556164395064116,0.05083674046119798,-1.4601778864860535,0.0,0.0,0.0
3,165,ZEN49,1894,TCGTGTCACGCTGACA-1,9269,12643,0.0755428809672594,0.05033986020257801,-1.3639838099479675,0.0,0.0,0.0
3,166,ZEN49,286,AGACTGTTACCGGGTC-1,13056,10252,0.07553880177438259,0.05286962625979977,-1.3657510876655579,0.0,0.0,0.0
3,167,ZEN49,1608,GTTGAACCGGTTCCAT-1,9081,10794,0.07551488038152457,0.04686078105574368,-1.2958582103252412,0.0,0.0,0.0
3,168,ZEN49,65,AAGAGATGAATCGGTA-1,6241,12206,0.07549091689288616,0.04940181633395178,-1.3799443006515504,0.0,0.0,0.0
3,169,ZEN49,2029,TGGTTTAAACGTGGGT-1,5679,2960,0.0753692121244967,0.05980912443177138,-1.4481964260339737,0.1,0.0,0.042352592945098876
3,170,ZEN49,2186,TTGGTATGGCTTGTGT-1,7382,2417,0.07536338260397316,0.052491673994352464,-1.4055376172065734,0.1,0.0,0.04098171591758728
3,171,ZEN49,188,ACCGACACATCTCCCA-1,12679,7859,0.07532744724303483,0.051029810991809484,-1.324538004398346,0.0,0.0,0.0
3,172,ZEN49,317,AGCCCATACATGTAAG-1,9080,12317,0.0752857263199985,0.05027830205127239,-1.2894901305437088,0.0,0.0,0.0
3,173,ZEN49,178,ACCCATCTTGAGGGTA-1,8135,11120,0.07528415005654096,0.05569334084259158,-1.3323187559843064,0.0,0.0,0.0
3,174,ZEN49,690,CCAAGCGTAACTCGTA-1,7380,7421,0.07527846666052937,0.050861774119767715,-1.3035166412591934,0.0,0.0,0.0
3,175,ZEN49,326,AGCGCGGGTGCCAATG-1,5677,5135,0.07525690887123346,0.046913982153089985,-1.2922809988260269,0.0,0.0,0.0
3,176,ZEN49,819,CCTGTTTGAAGACACG-1,12113,4921,0.07524897269904614,0.045795413100788676,-1.3267343163490295,0.0,0.0,0.0
3,177,ZEN49,1084,CTTGCAACCGCCTCCT-1,9270,12426,0.07523336680606008,0.05547164214937201,-1.3352373093366623,0.0,0.0,0.0
3,178,ZEN49,140,ACAATGAATACGGAGA-1,11920,11774,0.07523265462368726,0.0571403568516627,-1.3111109673976897,0.1,0.0,0.04251295626163483
3,179,ZEN49,2169,TTGCCGCTTTCTAGTA-1,12869,6662,0.07517745867371559,0.0554215845463183,-1.3979509264230727,0.0,0.0,0.0
3,180,ZEN49,42,AACCAAGACTTCTCTG-1,7944,12534,0.07512453878298402,0.056714196913810945,-1.3570734053850173,0.1,0.0,0.03746995627880097
3,181,ZEN49,245,ACTCGCCGTTCGATAA-1,13818,3073,0.07509853541851044,0.05668460394184656,-1.4495227575302123,0.1,0.0,0.042814412713050844
3,182,ZEN49,650,CATACACGGTTCCCAC-1,12678,9164,0.0750611430965364,0.05768472451275054,-1.3414603978395463,0.1,0.0,0.04033651351928711
3,183,ZEN49,406,AGTGGCGTCTGAAGGT-1,12870,5792,0.07500165477395057,0.05122193182023169,-1.3979821413755418,0.0,0.0,0.0
3,184,ZEN49,1232,GCAAACCTTGGCCATA-1,11922,7858,0.0749966274946928,0.05466911943312418,-1.3641560912132262,0.0,0.0,0.0
3,185,ZEN49,412,AGTTGGCAAGGCTAGA-1,14007,3617,0.07495967615395785,0.04559237230079112,-1.1988036811351777,0.0,0.0,0.0
3,186,ZEN49,1683,TACGTTTACCGGCAAT-1,8702,11664,0.07487166244536639,0.05111401599632632,-1.3266204655170442,0.0,0.0,0.0
3,187,ZEN49,418,ATAAAGGCTCGGTCGT-1,7568,9705,0.07486584791913628,0.0506535507394632,-1.339683747291565,0.0,0.0,0.0
3,188,ZEN49,1104,GAAACCTATACAAATG-1,12489,9490,0.07480014800094067,0.0560536232039582,-1.5534302115440368,0.1,0.0,0.04145106971263886
3,189,ZEN49,182,ACCCGGTTACACTTCC-1,9082,9924,0.07478174176067114,0.04277108050430376,-1.294694149494171,0.0,0.0,0.0
3,190,ZEN49,323,AGCGACAGGAACGGTC-1,10785,11121,0.07466887943446636,0.04585438998946642,-1.3655802011489868,0.0,0.0,0.0
3,191,ZEN49,407,AGTGGCTCCGTCGGCC-1,8701,13839,0.07464481201022863,0.049859623890371914,-1.3479924321174621,0.0,0.0,0.0
3,192,ZEN49,419,ATAAATATTAGCAGCT-1,8323,12099,0.07461761152371764,0.05642839808303202,-1.3903640657663345,0.0,0.0,0.0
3,193,ZEN49,901,CGGCAATAAGATCGCC-1,11357,3398,0.07457998432219029,0.05127346815021119,-1.256858029961586,0.0,0.0,0.0
3,194,ZEN49,1198,GAGTGTGCGGTACCCA-1,9463,5573,0.07455270448699594,0.05042366271472653,-1.3483222126960754,0.0,0.0,0.0
3,195,ZEN49,103,AATATCGAATCAATGC-1,10410,3289,0.07452031699940562,0.05229183206511289,-1.3865348130464554,0.1,0.0,0.042540648579597475
3,196,ZEN49,1064,CTGTCAAATGGCTCGG-1,5488,6114,0.07451519211754203,0.0545798213714282,-1.363279065489769,0.1,0.0,0.049217832088470456
3,197,ZEN49,721,CCATGGCCCTTGTACC-1,7187,12751,0.07450531432405114,0.04896020518126281,-1.283895841240883,0.0,0.0,0.0
3,198,ZEN49,1803,TCAGGGTGTAACGTAA-1,6433,7311,0.07449337895959615,0.052928392103532465,-1.27588232755661,0.1,0.1,0.050344657897949216
3,199,ZEN49,528,ATTCAGTAGCAGGGTC-1,6241,12424,0.07448383122682571,0.05651068226033838,-1.4843566417694092,0.1,0.0,0.04118121862411499
3,200,ZEN49,251,ACTGAAACGCCGTTAG-1,11924,5030,0.07447595112025737,0.05397437584443925,-1.2843598216772079,0.1,0.0,0.04830714166164398
3,201,ZEN49,1709,TAGCAGTATGACTAAA-1,13627,4487,0.074448571074754,0.05085101957590138,-1.4493885546922685,0.0,0.0,0.0
3,202,ZEN49,1320,GCTAACTGAAGTCTGA-1,12113,5574,0.07444794261828065,0.05293855351460159,-1.2717173725366593,0.0,0.0,0.0
3,203,ZEN49,246,ACTCGTAACCCGTCCT-1,10405,12644,0.07443149238824845,0.04793804247447869,-1.3588490605354309,0.0,0.0,0.0
3,204,ZEN49,1866,TCGCCGAAGTTGCGTC-1,9649,11120,0.0743587882257998,0.05237497580671545,-1.3485949590802193,0.1,0.0,0.04713942408561707
3,205,ZEN49,281,AGACCCACCGCTGATC-1,10408,8075,0.07435575043782591,0.0578442449715831,-1.3384634613990785,0.1,0.0,0.04347214102745056
3,206,ZEN49,803,CCTCTATCGATTAGCA-1,10973,12318,0.07435029465705156,0.055109223552541775,-1.3651817709207534,0.0,0.0,0.0
3,207,ZEN49,545,ATTTGCGCGAGTAGCT-1,11163,11774,0.07433989560231566,0.0611489506624969,-1.5133504420518875,0.1,0.0,0.042397162318229674
3,208,ZEN49,938,CGTGGAAGCCTCGTAC-1,10222,2092,0.07433740748092532,0.05320135647619242,-1.3126382917165755,0.0,0.0,0.0
3,209,ZEN49,541,ATTGTACAACTCGGCT-1,7760,3940,0.07427990203723311,0.048749756761436516,-1.326192507147789,0.0,0.0,0.0
3,210,ZEN49,2170,TTGCCTTCTCGCCGGG-1,14006,3835,0.07424616254866123,0.04456108983799509,-1.2832618653774261,0.0,0.0,0.0
3,211,ZEN49,1710,TAGCCATTTCAAAGTC-1,9273,5464,0.07419525776058436,0.04532027763459089,-1.3925936937332153,0.0,0.0,0.0
3,212,ZEN49,172,ACCACCAATGTAACAA-1,8896,3505,0.07411187738180161,0.0478445618501358,-1.3186169475317002,0.0,0.0,0.0
3,213,ZEN49,555,CAACCTACCGAGCAGT-1,12681,3943,0.07409144826233387,0.051161003190300855,-1.2401471138000488,0.0,0.0,0.0
3,214,ZEN49,304,AGCAAAGGCCGCTAGT-1,12490,7315,0.07401533117517829,0.049038651489646104,-1.441837841272354,0.0,0.0,0.0
3,215,ZEN49,1977,TGCCAATGGGTACTCT-1,11353,9490,0.07396811349317431,0.05319326209063046,-1.356970599293709,0.0,0.0,0.0
3,216,ZEN49,609,CACTACGGGAGCTGCC-1,12303,3507,0.07396614952012896,0.05642314929737498,-1.4097803473472594,0.1,0.0,0.04182971119880676
3,217,ZEN49,852,CGATCTGTTGGAGGAC-1,9837,12535,0.07396492902189493,0.053401574933283576,-1.3753507882356644,0.1,0.0,0.04040899872779846
3,218,ZEN49,841,CGAGGATCGGGAACGA-1,6436,2307,0.0738379204645753,0.049571097158194626,-1.4199964344501494,0.0,0.0,0.0
3,219,ZEN49,1329,GCTAGCTTGAATAGCT-1,10974,10360,0.07377843046560884,0.05030742808859187,-1.262654212117195,0.0,0.0,0.0
3,220,ZEN49,1715,TAGCTAAGTCCGGGAG-1,6622,8943,0.07375849746167659,0.05349315358914198,-1.3743512004613876,0.0,0.0,0.0
3,221,ZEN49,1616,GTTTACGTTCCATCTG-1,10218,8184,0.07368690008297563,0.051539652955611005,-1.5256629467010498,0.0,0.0,0.0
3,222,ZEN49,1030,CTGAGAAAGTTCGGCG-1,10411,2418,0.07366445250809192,0.04958557924214573,-1.3706971496343612,0.1,0.0,0.03864381909370422
3,223,ZEN49,2086,TTAGGTCATAACCGAC-1,12110,11013,0.07360623301938177,0.060843431046901056,-1.5307969003915787,0.0,0.0,0.0
3,224,ZEN49,21,AAATAGGGTGCTATTG-1,11166,6553,0.07359930751845241,0.05271683012263133,-1.3625894069671631,0.0,0.0,0.0
3,225,ZEN49,1360,GGAAACTAAATGGGCC-1,12492,4051,0.07358429664745927,0.05615736461536598,-1.5417066842317582,0.0,0.0,0.0
3,226,ZEN49,163,ACATCGGTCAGCCGCG-1,8892,11120,0.07351926257833838,0.05491508209754642,-1.4212584167718887,0.0,0.0,0.0
3,227,ZEN49,1748,TATCTACAGAGGTAAT-1,6809,12533,0.07347070374526084,0.05602122133117385,-1.4111823618412018,0.1,0.0,0.039364096522331235
3,228,ZEN49,724,CCATTTCTACCTATTA-1,11544,7423,0.07345870984718203,0.05723526266939569,-1.3905262976884842,0.0,0.0,0.0
3,229,ZEN49,216,ACGCGCTACACAGGGT-1,8891,11773,0.07338667334988713,0.052476403977159414,-1.3548592716455459,0.0,0.0,0.0
3,230,ZEN49,1992,TGCGTCATGACTGAGC-1,11162,12862,0.07328049978241324,0.052490654302092474,-1.2799430251121522,0.0,0.0,0.0
3,231,ZEN49,1081,CTTCTATTAATGCTAG-1,10785,10033,0.07317959442734719,0.053971922077996774,-1.3956355631351471,0.0,0.0,0.0
3,232,ZEN49,1833,TCCGATTACATTGCCG-1,7188,11663,0.07302440698258579,0.06120165666427445,-1.5188075363636018,0.1,0.0,0.045953333377838135
3,233,ZEN49,74,AAGCCGAAGCGGTTTA-1,10410,3506,0.07301862267777323,0.05291007435444628,-1.3365557581186294,0.0,0.0,0.0
3,234,ZEN49,1911,TCTCCCTGGGCAGCGT-1,11355,6444,0.07299869311973453,0.05734007812403501,-1.4509378015995025,0.0,0.0,0.0
3,235,ZEN49,1867,TCGCCGACATATTCGC-1,13627,5792,0.07296154573559761,0.049458254277502965,-1.3282790064811707,0.0,0.0,0.0
3,236,ZEN49,1529,GTCGCCGTTGTGTGTT-1,11921,10469,0.07295309249311685,0.055545794333380284,-1.4510903745889663,0.0,0.0,0.0
3,237,ZEN49,203,ACGACTCTAGGGCCGA-1,14574,5032,0.07289410727098584,0.049025919057269614,-1.4033077239990235,0.0,0.0,0.0
3,238,ZEN49,2118,TTCCTCTGCCCGAATA-1,7755,13513,0.07288931095972657,0.05115000977415957,-1.2365491062402725,0.0,0.0,0.0
3,239,ZEN49,1281,GCCTATAGTGTCAGGG-1,6624,5245,0.07285420894622803,0.05178655969684037,-1.3595023572444915,0.0,0.0,0.0
3,240,ZEN49,768,CCGGCACGACCGTTTC-1,7761,3070,0.07282892470248044,0.05617608280183458,-1.4345142006874085,0.0,0.0,0.0
3,241,ZEN49,1570,GTGCTTACATCAGCGC-1,9843,2527,0.0727870624512434,0.04227488248473047,-1.3578945338726043,0.0,0.0,0.0
3,242,ZEN49,1849,TCCTATCATAGGTAAC-1,9843,2092,0.07276977133005857,0.050473883592533055,-1.3008197844028473,0.0,0.0,0.0
3,243,ZEN49,1035,CTGCACTCCAGTACAG-1,11354,7532,0.07276303763501346,0.059207625045109326,-1.5732313454151154,0.1,0.0,0.04516918063163757
3,244,ZEN49,16,AAAGTCGACCCTCAGT-1,8133,13513,0.07276226468384266,0.05312900012004479,-1.4381349861621857,0.0,0.0,0.0
3,245,ZEN49,1714,TAGCGTTGGGTCTTAC-1,8326,7748,0.07266824766993522,0.048974546862963125,-1.3489417433738708,0.0,0.0,0.0
3,246,ZEN49,1820,TCCCACTCTCTTCCGG-1,7003,3504,0.07265875115990639,0.04837184378151183,-1.2521709680557251,0.0,0.0,0.0
3,247,ZEN49,2167,TTGCCATAGCCCGCTC-1,11352,12536,0.07265554824844003,0.050990689796287215,-1.4618150174617768,0.1,0.0,0.03821004927158356
3,248,ZEN49,1845,TCCTAAATTGGGAAGC-1,11733,7532,0.07262212310452014,0.06459410342543769,-1.5449815385043622,0.1,0.0,0.04690167605876923
3,249,ZEN49,1904,TCTAGGTGGCGACGCT-1,6624,4374,0.07260295832529665,0.04731899037422578,-1.3650638610124588,0.0,0.0,0.0
3,250,ZEN49,1095,CTTTCTGTGCGGGCTT-1,11354,7967,0.07254896648228168,0.04957315024244344,-1.346236950159073,0.0,0.0,0.0
3,251,ZEN49,287,AGAGAACCGTCTAGGA-1,6056,5571,0.07252928856760263,0.05200149884422256,-1.4381424367427826,0.0,0.0,0.0
3,252,ZEN49,54,AACGTCAGACTAGTGG-1,5674,10792,0.07250398006290197,0.04914744065496191,-1.4089458286762238,0.0,0.0,0.0
3,253,ZEN49,1251,GCAGGACTATAGAATA-1,7756,11119,0.07250083442777396,0.05049574138376142,-1.4441741108894348,0.0,0.0,0.0
3,254,ZEN49,1914,TCTCTCGCCGCACATA-1,11546,2637,0.07249564416706562,0.05512084180220282,-1.4420692771673203,0.1,0.0,0.04382548928260803
3,255,ZEN49,2092,TTATATACGCTGTCAC-1,8326,7095,0.07249299976974725,0.044520227194777016,-1.2953634977340698,0.0,0.0,0.0
3,256,ZEN49,1498,GTACTGGAGTTAGACC-1,7380,6333,0.07243430186063052,0.03640628496887398,-1.18858482837677,0.0,0.0,0.0
4,1,ZEN49,2034,TGTAGGAGAAATTTCC-1,7570,5789,0.3237549990415573,0.06298433010164631,0.4388361133635044,1.0,1.0,0.6257984459400177
4,2,ZEN49,881,CGCGGGAATTAGGCAG-1,6434,6441,0.3037984624505043,0.0630317212206999,0.32738361358642576,1.0,1.0,0.596016800403595
4,3,ZEN49,725,CCCAAACATGCTGCTC-1,7570,5571,0.30301075130701066,0.060848162165075464,0.35516987964510915,1.0,1.0,0.6040502965450287
4,4,ZEN49,1822,TCCCAGGCTTAGCTAA-1,6810,9922,0.2996370866894722,0.05993294106232244,0.3632355187088251,1.0,1.0,0.5918339014053344
4,5,ZEN49,222,ACGGCACTTGCTTGGG-1,10975,8619,0.2950846076011658,0.0639710515245409,0.3668164577335119,1.0,0.9,0.5892052292823792
4,6,ZEN49,300,AGATCTCAGGTGTGAT-1,6623,6985,0.29485541135072707,0.06264472962411816,0.31814909391105173,1.0,1.0,0.5837070405483246
4,7,ZEN49,1658,TACCAGAAGTAGGTTC-1,10407,9598,0.29410090744495393,0.06318475815795463,0.29459975846111774,1.0,1.0,0.5805856227874756
4,8,ZEN49,1873,TCGCTGGGCGGATTGT-1,6433,7094,0.2861532881855965,0.05811295696839549,0.27105351984500886,1.0,0.9,0.5788039863109589
4,9,ZEN49,1813,TCCACTTTATCTAGGT-1,7002,6550,0.2854304268956184,0.06332064995939661,0.26537095438688996,1.0,0.9,0.5681913793087006
4,10,ZEN49,1711,TAGCCGGCGGTCAGCG-1,7380,5898,0.2844593420624733,0.06075801801892482,0.2414055537432432,1.0,1.0,0.5728756010532379
4,11,ZEN49,1942,TGAAAGGACCTGACTC-1,7759,6115,0.28115828335285187,0.06116743523699236,0.26910607926547525,1.0,1.0,0.5711127817630768
4,12,ZEN49,1874,TCGCTTTAAACGTTTG-1,5866,5679,0.28108433037996294,0.06516591854103236,0.2122968927025795,1.0,0.8,0.5730078190565109
4,13,ZEN49,1207,GATCCCTTTATACTGC-1,6432,8617,0.28024587482213975,0.06012130659063041,0.31837296299636364,1.0,0.8,0.5755691975355148
4,14,ZEN49,1431,GGGCGATATGTGTGAA-1,6432,8834,0.2800275459885597,0.06515372571032316,0.33148455768823626,1.0,0.9,0.5688810557126999
4,15,ZEN49,1048,CTGGATTTACACTTGA-1,10407,9163,0.27916002571582793,0.05886175263603249,0.218248937651515,1.0,0.9,0.5637635737657547
4,16,ZEN49,2197,TTGTGTTTCCCGAAAG-1,10786,8728,0.27720933109521867,0.06056831350075788,0.2931999437510967,1.0,1.0,0.565539973974228
4,17,ZEN49,895,CGGAACGTAAACATAG-1,10028,10250,0.276091368496418,0.06588740027864086,0.28680662959814074,1.0,0.7,0.5596019089221954
4,18,ZEN49,1374,GGAGGGCTTGGTTGGC-1,7191,6659,0.27600779980421064,0.05677592584515582,0.18348769396543502,1.0,0.8,0.5530413597822189
4,19,ZEN49,1706,TAGATATGGACTGGAA-1,10407,9380,0.2757319137454033,0.05619582571178994,0.26977257914841174,1.0,0.9,0.571607130765915
4,20,ZEN49,1767,TATTCCACTCAGCTCG-1,10407,8945,0.2751429736614227,0.055894966786041694,0.37014300376176834,1.0,0.9,0.5599343776702881
4,21,ZEN49,81,AAGGATGAGGGACCTC-1,6245,5679,0.2738082349300385,0.06236342327006207,0.29405210316181185,1.0,1.0,0.5569373071193695
4,22,ZEN49,2190,TTGTAAGGCCAGTTGG-1,6245,6332,0.2735133200883865,0.062486985933168614,0.2954460170120001,1.0,1.0,0.5633956611156463
4,23,ZEN49,467,ATCAGTAGGCAGGGAT-1,5488,5679,0.2733497530221939,0.05913182860248808,0.22943148910999298,1.0,0.9,0.5706464290618897
4,24,ZEN49,1136,GAATTCACCCGGGTGT-1,10029,9163,0.27276900559663775,0.06321381534742869,0.212078445777297,1.0,0.8,0.5548468708992005
4,25,ZEN49,1719,TAGGCATGTTACGCCA-1,5488,5897,0.27218485772609713,0.06197186808995052,0.24293620362877846,1.0,0.9,0.5586867481470108
4,26,ZEN49,672,CATGGGTCGGGTGTGG-1,5109,5896,0.27195816934108735,0.06358218138781306,0.20208368375897406,1.0,0.9,0.5570159018039703
4,27,ZEN49,1498,GTACTGGAGTTAGACC-1,7380,6333,0.2719190537929535,0.06150352930038519,0.27292544990777967,1.0,0.8,0.5664110332727432
4,28,ZEN49,1185,GAGCTAAGGGCATATC-1,6623,6115,0.2705539658665657,0.06333647396184508,0.30749998390674593,1.0,0.7,0.5533361315727234
4,29,ZEN49,2055,TGTTGTCAAGAAGTCT-1,5677,6223,0.2705141335725784,0.057762291332723016,0.22192154750227927,1.0,1.0,0.5590413987636567
4,30,ZEN49,1025,CTCTTGTCCCGCTTGG-1,11354,8837,0.2703548088669777,0.059191565081344606,0.1988438107073307,1.0,0.8,0.5545567661523819
4,31,ZEN49,1766,TATTCAATTCTAATCC-1,7569,7094,0.27031855285167694,0.057240869177352015,0.25139654949307444,1.0,0.7,0.5623107850551605
4,32,ZEN49,1585,GTGTTACTATGCGTCC-1,8894,6986,0.2701409563422203,0.06268132894554167,0.20759112387895584,1.0,0.7,0.5494670003652573
4,33,ZEN49,1376,GGATCCGGAATATACT-1,7570,6224,0.2699176013469696,0.05834452088533953,0.23867668062448502,1.0,0.7,0.5513058304786682
4,34,ZEN49,2199,TTGTTGTGTGTCAAGA-1,7001,6768,0.26989343464374543,0.058923741359623236,0.3074264653027058,1.0,0.7,0.5457893520593643
4,35,ZEN49,472,ATCCAGAGCAACAACC-1,10596,9489,0.2696774646639824,0.06183654650744351,0.33252052813768385,0.9,0.8,0.4888308525085449
4,36,ZEN49,659,CATATAGGTACAGTCA-1,9271,9162,0.26964752078056337,0.060774376668884855,0.280735787563026,1.0,0.6,0.555576741695404
4,37,ZEN49,598,CACCTTGCGAAACTCG-1,5677,6005,0.2683658331632614,0.05889907290064306,0.2626266900449991,1.0,0.7,0.5487937211990357
4,38,ZEN49,1052,CTGGCTGGTTGTCAGT-1,11354,9055,0.2677395284175873,0.05884547675297042,0.18944152295589448,1.0,0.5,0.5482806980609893
4,39,ZEN49,1835,TCCGCGGCAGCATCTG-1,7570,6007,0.26742739975452423,0.0560589970725553,0.22071986980736255,1.0,0.8,0.5568292617797852
4,40,ZEN49,516,ATTAATGAACCAGTCG-1,5487,6549,0.2673926010727882,0.059021093317819524,0.2650883957743645,1.0,0.6,0.5572191864252091
4,41,ZEN49,223,ACGGCCAACATGGACT-1,11164,9163,0.2662959054112434,0.05876647383786147,0.20588254034519196,1.0,0.7,0.5414901852607727
4,42,ZEN49,1584,GTGTGAATAACTTAGG-1,7380,6115,0.2656686887145042,0.06316392840537656,0.18238625600934028,1.0,0.8,0.5461810439825058
4,43,ZEN49,206,ACGATACATAGAACTA-1,5298,6440,0.26452250182628634,0.058130821067744476,0.4163505621254444,1.0,0.8,0.5513131827116012
4,44,ZEN49,879,CGCGCATGTTTGATTG-1,10596,9272,0.2641543984413147,0.06265478477288956,0.14690836071968078,1.0,0.6,0.5458007872104644
4,45,ZEN49,1598,GTTATATTATCTCCCT-1,10218,9054,0.26287921220064164,0.06401332249505266,0.2074907600879669,1.0,0.8,0.546992740035057
4,46,ZEN49,1779,TCAACGAGGAGACAAA-1,9082,9053,0.26217472553253174,0.058972621677034515,0.3106983818113804,1.0,0.8,0.5379296004772186
4,47,ZEN49,1547,GTGAAACGGCGCCACC-1,5677,5570,0.26216247081756594,0.05939681128362073,0.2551954030990601,1.0,0.7,0.5404234379529953
4,48,ZEN49,305,AGCAACATATCTTATT-1,8895,5028,0.26198295056819915,0.06156921195047055,0.15377325415611268,1.0,0.5,0.5459704220294952
4,49,ZEN49,432,ATACGGGTTTCGATTG-1,5298,6223,0.26187296211719513,0.06198383827724567,0.198770921677351,1.0,0.7,0.5367823302745819
4,50,ZEN49,986,CTAGTTGGGCCCGGTA-1,6054,7746,0.26159861981868743,0.056667522028801626,0.23321545049548148,1.0,0.7,0.5534275442361831
4,51,ZEN49,215,ACGCGAAGTCAGACGA-1,10407,8728,0.2613265961408615,0.057777338886208146,0.13028965666890144,1.0,0.7,0.5408697605133057
4,52,ZEN49,71,AAGATTGGCGGAACGT-1,6056,5353,0.2607664942741394,0.05467128751745918,0.2590572014451027,1.0,0.9,0.5519135922193528
4,53,ZEN49,1736,TATACACAGACGCCTT-1,10597,8619,0.2599519416689873,0.0590034332131993,0.1909946922212839,1.0,0.8,0.5516629964113235
4,54,ZEN49,1555,GTGACTTCAGTAGTGC-1,9839,9706,0.2593727305531502,0.054287102023654034,0.17681950628757476,1.0,0.5,0.5550606280565262
4,55,ZEN49,1558,GTGAGTGGTACAACGC-1,10975,9054,0.25934045761823654,0.06042682136359489,0.21319856569170953,0.9,0.7,0.48231134116649627
4,56,ZEN49,1762,TATGTCTCATTGTGCC-1,6812,6224,0.25885584205389023,0.059054310836195306,0.1353827953338623,1.0,0.8,0.5416810512542725
4,57,ZEN49,620,CAGACGAACCTGATAC-1,10596,9707,0.2585700362920761,0.05911707665291045,0.16268351748585702,1.0,0.5,0.5372440904378891
4,58,ZEN49,1012,CTCGCCGAATGTAGGG-1,12490,8185,0.25800002068281175,0.05803479776987391,0.22346836812794207,0.9,0.5,0.4740996539592743
4,59,ZEN49,1090,CTTGTTGCTGAGTCAA-1,8327,6442,0.2577900648117065,0.06384438096357324,0.25340924263000486,0.8,0.6,0.437663796544075
4,60,ZEN49,1926,TCTGTGCCATCATAGT-1,7191,6441,0.2577322542667389,0.05717211658057143,0.18304537683725358,1.0,0.7,0.55216284096241
4,61,ZEN49,2121,TTCGCACTCGCGTGCT-1,5864,10248,0.2568195924162865,0.056596773362152256,0.1255913995206356,1.0,0.6,0.5434494465589523
4,62,ZEN49,1193,GAGTATGCCCGCCTTG-1,10406,10468,0.2567825049161911,0.061621105987537596,0.1760138563811779,0.9,0.7,0.48686750829219816
4,63,ZEN49,1423,GGGAGTTAATGAGGCG-1,7380,6985,0.2566475450992584,0.05615471500040061,0.2623000804334879,1.0,0.7,0.533599105477333
4,64,ZEN49,2100,TTCAAAGTCTCTAGCC-1,7758,6986,0.25631082355976104,0.06360134362598399,0.29084583967924116,0.9,0.7,0.4926595240831375
4,65,ZEN49,698,CCACCCAAGGAAAGTG-1,8137,6986,0.25591912418603896,0.0586472954835132,0.19369264990091323,1.0,0.8,0.544539350271225
4,66,ZEN49,1434,GGGCGTCACCACGTAA-1,10217,9707,0.25587430596351624,0.05846160180917777,0.21031496822834014,1.0,0.6,0.5413039416074753
4,67,ZEN49,183,ACCCGTGTCATCAGTA-1,12111,9273,0.25569662302732465,0.06244292404266913,0.17845815420150757,0.8,0.6,0.4326176047325134
4,68,ZEN49,229,ACGTATTACTCCGATC-1,8895,4593,0.2550642117857933,0.055710830285448196,0.24097156897187233,1.0,0.7,0.5349562346935273
4,69,ZEN49,395,AGTGAGACTTCCAGTA-1,7759,5680,0.25495411157608033,0.056694429891576185,0.15755800902843475,1.0,0.9,0.5458691895008088
4,70,ZEN49,394,AGTGACCTACTTTACG-1,9460,9489,0.2544908121228218,0.062623984037434,0.2067477136850357,0.8,0.5,0.4316916584968567
4,71,ZEN49,2181,TTGGATATCGTCTACG-1,10218,9489,0.25443125069141387,0.060897484735957214,0.18344335183501242,1.0,0.6,0.534788402915001
4,72,ZEN49,674,CATGGTCTAGATACCG-1,6054,7964,0.25436412543058395,0.061559044873896636,0.16934071481227875,0.9,0.5,0.4786776006221771
4,73,ZEN49,86,AAGGTATCCTAATATA-1,5866,6332,0.2543476656079292,0.05672228754793764,0.20630558729171752,0.8,0.7,0.4358909010887146
4,74,ZEN49,23,AAATCGTGTACCACAA-1,9461,9054,0.2542794406414032,0.06021539773961411,0.18249997794628142,0.9,0.6,0.48605549335479736
4,75,ZEN49,1378,GGATGAAGATCGCTGA-1,9085,4920,0.2541500523686409,0.06061967507382444,0.208663871884346,0.8,0.6,0.4320888251066208
4,76,ZEN49,143,ACAATTTGAGCAGTGG-1,6434,6223,0.25409769266843796,0.05965460083556473,0.1561574436724186,0.9,0.7,0.4850365400314331
4,77,ZEN49,1272,GCCCGTAATACCTTCT-1,6244,6550,0.2536369815468788,0.05587519063505192,0.14024027958512306,1.0,0.7,0.5461872458457947
4,78,ZEN49,593,CACCGCCAGAAGGTTT-1,6243,8725,0.2534797742962837,0.057587422433310734,0.188821030408144,1.0,0.5,0.5352695554494857
4,79,ZEN49,1364,GGAATGCGCTAGCGTG-1,7191,6224,0.25332830995321276,0.05940402217734851,0.1672649711370468,0.9,0.7,0.4900349587202072
4,80,ZEN49,439,ATAGACAACGGGACCT-1,6434,5136,0.25311259031295774,0.06033675170276843,0.15236938297748565,0.7,0.5,0.38654289245605467
4,81,ZEN49,636,CAGGATATATCGTTGT-1,9461,8618,0.25289797931909563,0.05750030439095041,0.22812226563692092,0.9,0.6,0.4825057953596115
4,82,ZEN49,1388,GGCAATAGTCAATGAG-1,6812,7529,0.25250091701745986,0.0591754140923753,0.2037829875946045,1.0,0.6,0.5361514806747436
4,83,ZEN49,805,CCTCTGTACTATTCTA-1,11165,8511,0.2524250000715256,0.05038533331003549,0.09732010886073113,1.0,0.9,0.544325315952301
4,84,ZEN49,440,ATAGACGAAGAGAAAG-1,7378,10249,0.2523142173886299,0.060821588785100765,0.16245349049568175,1.0,0.6,0.5366861641407012
4,85,ZEN49,2145,TTGAAGAATTCCCAGG-1,7189,9705,0.25201805531978605,0.05898684129138059,0.1604504443705082,0.9,0.7,0.4951442152261734
4,86,ZEN49,1229,GATTCGACGGTTCACG-1,8894,7421,0.2519566729664803,0.06674290701370934,0.11566887199878692,0.7,0.7,0.3900540113449097
4,87,ZEN49,1101,GAAACAGATGACCACC-1,8706,5137,0.25195534229278566,0.06186193412400577,0.136640664935112,0.9,0.6,0.4864208251237869
4,88,ZEN49,1111,GAAATTGTCTCTATAA-1,9271,9380,0.2518200397491455,0.06329066620647737,0.26624018996953963,0.7,0.6,0.3832666426897049
4,89,ZEN49,1026,CTGAATCCGAGACCTC-1,10028,9380,0.25175513327121735,0.06127549250596961,0.13798699975013734,0.9,0.6,0.48596448004245757
4,90,ZEN49,2146,TTGAATATGGACTTTC-1,7569,6877,0.2516708806157112,0.05514252498855054,0.2659463919699192,0.9,0.8,0.4824825286865234
4,91,ZEN49,2067,TTACAACTACGCATCC-1,5675,9487,0.25121698081493377,0.06012124306587756,0.09511319473385811,0.7,0.6,0.3879961758852005
4,92,ZEN49,77,AAGCTCGTGCCAAGTC-1,7758,7203,0.25114635825157167,0.057351709897454646,0.21313864141702651,0.9,0.7,0.4887042999267578
4,93,ZEN49,618,CAGACACCGATCGCTG-1,11164,9598,0.2510073333978653,0.06341066713140324,0.11346183568239213,0.9,0.6,0.4850005656480789
4,94,ZEN49,2131,TTCTAACCGAAGCTTA-1,7570,5354,0.2506116881966591,0.05751660834038972,0.04134058654308319,1.0,0.5,0.5372096508741379
4,95,ZEN49,1876,TCGGACGCCCAGCCCA-1,7380,6550,0.250516901910305,0.052640424564999504,0.12993257939815522,1.0,0.6,0.5357428610324859
4,96,ZEN49,645,CAGTGAATAAATGACT-1,5866,6114,0.25015853345394135,0.06227153784137107,0.3126941634342074,0.6,0.5,0.3293620735406876
4,97,ZEN49,1594,GTTACTTTGGGCCTAG-1,9271,9597,0.24995933026075362,0.05870706567287146,0.14705637693405152,0.7,0.5,0.3828298509120941
4,98,ZEN49,18,AAAGTTGACTCCCGTA-1,9085,4702,0.249616576731205,0.06266140776658154,0.18691158890724183,0.6,0.5,0.3344085603952408
4,99,ZEN49,496,ATGCACTACCGCATTG-1,6242,10248,0.24956640601158142,0.05451990123318663,0.05002232529222965,1.0,0.6,0.5319360375404358
4,100,ZEN49,400,AGTGATTCAAGCAGGA-1,7381,5680,0.24925815016031266,0.060920493781076834,0.2025223918259144,0.7,0.6,0.38644563853740693
4,101,ZEN49,893,CGCTTTCTTGCATTCG-1,7002,5897,0.24923510402441024,0.061064040798629954,0.1480310469865799,0.7,0.5,0.38139223754405976
4,102,ZEN49,162,ACATCGATCGTTTACC-1,9083,8401,0.24826269298791886,0.05866164930492103,0.1601616732776165,0.8,0.5,0.4343389391899109
4,103,ZEN49,699,CCACGAATTTAACCTC-1,8896,3288,0.2482006162405014,0.0585789406568852,0.2006945490837097,0.7,0.5,0.37857697904109955
4,104,ZEN49,1228,GATTCCCTTGTCGCAG-1,5865,7855,0.24811353385448456,0.061490653446977656,0.07024523913860321,0.7,0.5,0.38241024911403654
4,105,ZEN49,1432,GGGCGGCAAATGAATT-1,10406,10251,0.248057721555233,0.058036870780240925,-0.023424501717090606,0.8,0.6,0.4352451771497726
4,106,ZEN49,1202,GATATGAGACACTAAC-1,8516,6333,0.2478594109416008,0.06312699615942943,0.0934843361377716,0.7,0.6,0.38507228493690493
4,107,ZEN49,834,CGAGACCCTAGAGTGT-1,9272,8510,0.24774782508611679,0.05998223965411307,0.22012473363429308,0.6,0.6,0.33699633479118346
4,108,ZEN49,1523,GTCCCAACGTAAAGTA-1,7380,7203,0.24770709574222566,0.05733911096224873,0.14585038274526596,0.9,0.7,0.47967934012413027
4,109,ZEN49,2009,TGGCAGATTACGATCA-1,9461,8836,0.24769283682107926,0.06372292172128881,0.10126943960785866,0.8,0.7,0.4358732372522354
4,110,ZEN49,1953,TGAGGAGTGCCAGCTT-1,12111,8837,0.24767511039972306,0.061228382950740026,0.13848564624786378,0.7,0.6,0.39120336472988126
4,111,ZEN49,1565,GTGCCGCTTCAAAGGT-1,9460,10359,0.24673865884542465,0.0597193303634779,0.30483478009700776,0.7,0.6,0.37194920480251314
4,112,ZEN49,273,AGAACGTGGTACATTC-1,6244,7202,0.24670180976390838,0.05511135119759159,0.21744038611650468,0.7,0.6,0.3767440527677536
4,113,ZEN49,1564,GTGCCCGTTCGGATTC-1,8516,5898,0.24623581767082214,0.06286697357981465,0.13780447021126746,0.6,0.5,0.3322627544403076
4,114,ZEN49,1144,GACAGCCAGACCTGAC-1,9084,5790,0.2460684671998024,0.058930169023716714,0.19034087359905244,0.6,0.5,0.32181923687458036
4,115,ZEN49,1450,GGTACAAACATGCTAT-1,8703,9271,0.24604801535606385,0.059804845062299376,0.15579328835010528,0.6,0.6,0.33165053129196165
4,116,ZEN49,1430,GGGCCGGCCGAAGTAC-1,7948,6007,0.24599021673202515,0.05754414209270564,0.12529624924063681,0.9,0.7,0.4853159189224243
4,117,ZEN49,1051,CTGGCTGATTCATCCT-1,9463,4702,0.2458867460489273,0.061582843291828636,0.20607212483882903,0.6,0.5,0.32665032148361206
4,118,ZEN49,60,AACTCTCAATAGAGCG-1,7760,5028,0.24579453617334365,0.06315952115806682,0.14708657935261726,0.6,0.6,0.33271868228912355
4,119,ZEN49,83,AAGGCTGTGCTCATCG-1,6810,10140,0.24528039395809173,0.05765748557807555,0.19775220081210138,0.7,0.5,0.382331907749176
4,120,ZEN49,933,CGTGAAGTTAATTCAC-1,8704,9053,0.24524850994348527,0.057334997818503965,0.0945760577917099,0.8,0.6,0.43002181947231294
4,121,ZEN49,207,ACGATCATACATAGAG-1,5865,8290,0.2446970447897911,0.056576688054410504,0.18740674182772638,0.7,0.6,0.37300918698310853
4,122,ZEN49,488,ATCTTGACCTGCAACG-1,6053,10357,0.24467898309230804,0.055053532673826,0.07671672999858856,1.0,0.5,0.5253424167633056
4,123,ZEN49,256,ACTGTCCAGGATTATA-1,7379,9161,0.24464183151721955,0.059195101851972735,0.19327733814716339,0.5,0.5,0.27447753548622134
4,124,ZEN49,846,CGAGTTCTGTCCCACC-1,6245,5897,0.24453580677509307,0.06355089152750236,0.10304846763610839,0.7,0.5,0.3746038317680359
4,125,ZEN49,384,AGTCGGCCCAAACGAC-1,5863,10901,0.24451324343681335,0.05955375708539242,0.23670412674546243,0.6,0.5,0.3186924695968628
4,126,ZEN49,912,CGGGCCTTCTTTGTAA-1,8893,9162,0.24446656852960585,0.05816408925691897,0.1856404162943363,0.6,0.6,0.3298910915851593
4,127,ZEN49,1045,CTGGAAATGGATGCTT-1,6621,9378,0.24413181245326995,0.06038643383101199,0.18786372020840644,0.7,0.5,0.3821235835552216
4,128,ZEN49,363,AGGGTTCCCTTTGGTT-1,6813,5571,0.24406486600637436,0.06222058565953352,0.11085759401321411,0.6,0.6,0.3282909691333771
4,129,ZEN49,1993,TGCGTTTGTTGACACT-1,9083,6878,0.24394600242376327,0.0625480911856311,0.11206457018852234,0.7,0.5,0.38438282907009125
4,130,ZEN49,1149,GACCAGAGCCCTGTAG-1,7000,10031,0.24385192543268203,0.06157173444421143,0.25081214122474194,0.6,0.5,0.3285584539175034
4,131,ZEN49,2004,TGGACTGTTCGCTCAA-1,8137,7203,0.2437295585870743,0.054302207880483414,0.11037839949131012,1.0,0.5,0.5209822535514832
4,132,ZEN49,1402,GGCGCGTTCGAGTTTA-1,10029,8728,0.24357232302427292,0.056938133461877635,0.15990604534745217,0.8,0.5,0.43131130635738374
4,133,ZEN49,2073,TTACGGATGGTTCGAG-1,7381,5027,0.24346471726894378,0.056862275760669344,0.11825342774391175,0.9,0.5,0.48275347948074343
4,134,ZEN49,177,ACCCAACGCCCGTGGC-1,6813,5789,0.24332098066806793,0.05802753297334104,0.03667473495006561,0.5,0.5,0.28100699186325073
4,135,ZEN49,1173,GAGACTTCGCGACCGA-1,11164,8946,0.24307068437337875,0.06056401117831729,0.1868218518793583,0.7,0.5,0.37998402416706084
4,136,ZEN49,2043,TGTGAGACTAGCCCAA-1,12300,8294,0.2429136663675308,0.057356297456975715,0.05470431037247181,0.9,0.5,0.4754835307598114
4,137,ZEN49,769,CCGGGCGGTCTCGTCA-1,7191,6877,0.24288348108530045,0.05101440084268798,0.06399036645889282,0.8,0.6,0.4283125102519989
4,138,ZEN49,1747,TATCGATCTATGCATA-1,5299,5570,0.2426594838500023,0.05759851258543593,0.09176459908485413,0.5,0.5,0.28179054260253905
4,139,ZEN49,622,CAGAGCATGAGCTTGC-1,6055,7529,0.24250947088003158,0.05841451172946539,0.26087055578827856,0.6,0.5,0.32324518263339996
4,140,ZEN49,928,CGTCACGTCCATTGGT-1,10028,9598,0.24250521510839462,0.06221058883419293,0.16234570741653442,0.6,0.6,0.3319315671920776
4,141,ZEN49,955,CTAAAGGGAAATAGGA-1,9461,8401,0.24206819832324983,0.058654665256979724,0.14724967777729034,0.5,0.5,0.27677398920059204
4,142,ZEN49,335,AGCTCTAGACGTTCCA-1,8326,6877,0.2417992725968361,0.06060977979300382,0.14885267447680234,0.9,0.6,0.4874764084815979
4,143,ZEN49,1070,CTTAGTAGGCCTACAG-1,7192,4048,0.24171493500471114,0.059762820295936506,0.17540887892246246,0.6,0.5,0.318544340133667
4,144,ZEN49,957,CTAAATCCTATTCCGG-1,6055,6006,0.2416367843747139,0.058247969932585075,0.12415972948074341,0.5,0.5,0.27962433099746703
4,145,ZEN49,706,CCAGATAGTTGAGTGA-1,6434,6006,0.24159053564071656,0.05804398566491136,0.08481694161891937,0.6,0.5,0.32230810523033143
4,146,ZEN49,1996,TGCTCGGCGAAACCCA-1,11922,8511,0.24155672937631606,0.05876171169664065,0.14703212231397628,0.6,0.4,0.32167782783508303
4,147,ZEN49,867,CGCCATCCGATTATGA-1,5677,6441,0.24148044139146804,0.055693231235127004,0.06021859347820282,1.0,0.5,0.5264937520027161
4,148,ZEN49,1726,TAGGTGCTCGCCTAGC-1,8705,5790,0.241063092648983,0.06153210167179713,0.12855187021195888,0.6,0.6,0.3341311991214752
4,149,ZEN49,1400,GGCGCATGAATTGATG-1,9082,9271,0.24097529649734498,0.05839122753664609,0.10483814775943756,0.8,0.6,0.43502728939056395
4,150,ZEN49,715,CCATACCTTTACTTGT-1,6814,4048,0.24093691557645797,0.05965123239717798,0.19400462210178376,0.5,0.5,0.28068025708198546
4,151,ZEN49,1386,GGCAAATTACTTTACT-1,8893,9380,0.24082521200180054,0.05934463950325331,0.07599714398384094,0.7,0.5,0.3801574409008026
4,152,ZEN49,1103,GAAACCGAATTACCTT-1,9650,9598,0.24081243574619293,0.058611853829338846,0.0980873703956604,0.6,0.6,0.3335945248603821
4,153,ZEN49,1196,GAGTCCGCTTACCGGA-1,9839,8836,0.2406048968434334,0.05712497806640764,0.1436041809618473,0.7,0.6,0.3780935615301132
4,154,ZEN49,718,CCATCTCACCAGTGAA-1,8328,4484,0.24054442048072816,0.06172771131996517,0.08409298062324524,0.6,0.5,0.32498676478862765
4,155,ZEN49,14,AAAGGCTCTCGCGCCG-1,11543,9164,0.24031773060560227,0.05872918684914249,0.18121668100357055,0.5,0.5,0.27969265580177305
4,156,ZEN49,192,ACCGATGGTAGCATCG-1,7949,5137,0.2401299551129341,0.05726944040914883,0.09415582418441773,0.5,0.5,0.27373472452163694
4,157,ZEN49,2198,TTGTTCAGTGTGCTAC-1,5676,8181,0.2401057943701744,0.05922888334976494,0.1047917664051056,0.6,0.5,0.32422780692577363
4,158,ZEN49,1731,TAGTCGATCACGGGTT-1,10220,4703,0.24008025079965592,0.06251338333189525,0.08774334788322449,0.6,0.5,0.3314700901508331
4,159,ZEN49,1297,GCGATTGTTAACGTTA-1,8137,6768,0.23993466347455977,0.05918361009706627,0.1539898209273815,0.5,0.5,0.276729428768158
4,160,ZEN49,1069,CTTAGCCTTCCACATG-1,5298,6658,0.23952998518943786,0.052409587583468385,0.1677080512046814,0.6,0.5,0.3261549800634384
4,161,ZEN49,1896,TCGTTAGGAGTCCCTA-1,10975,9272,0.23929188400506973,0.05639042433730108,0.08583950400352477,0.6,0.5,0.32294238805770875
4,162,ZEN49,732,CCCAGTTAAGGCGCCG-1,9084,6225,0.23900483399629593,0.055005818738481996,0.12040872871875763,0.8,0.6,0.4306643813848495
4,163,ZEN49,1568,GTGCGTGTATATGAGC-1,8895,6116,0.23868992030620576,0.061261466862004024,0.031291379034519194,0.8,0.5,0.41743426620960233
4,164,ZEN49,1124,GAAGTCAGTTGCACTA-1,10975,8837,0.23867504745721818,0.055741788758072355,0.026456058025360107,0.5,0.5,0.28185983300209044
4,165,ZEN49,1567,GTGCGACAGGGAGTGT-1,7949,4266,0.2385019838809967,0.05821165052903068,0.1500402420759201,0.7,0.4,0.3740356057882309
4,166,ZEN49,1976,TGCATGTGGTAATCTA-1,6623,6332,0.23850167542696,0.058013013334173504,0.10647065341472625,0.6,0.5,0.3183917313814163
4,167,ZEN49,994,CTATGTCACTAGCCCA-1,6811,7964,0.23847393244504927,0.06170758461619509,0.1946534588932991,0.6,0.5,0.32455331087112427
4,168,ZEN49,647,CAGTTCAAATTGACAC-1,6621,9596,0.23832650929689408,0.05805200474037547,0.1632572203874588,0.5,0.5,0.2766913831233978
4,169,ZEN49,1291,GCGACGATAGTTGTAC-1,10218,9272,0.23816454112529756,0.059786143709155165,0.1925666719675064,0.5,0.5,0.28032557368278505
4,170,ZEN49,1372,GGAGCACCAAGAACTA-1,6055,6223,0.23799809515476228,0.0599780182692741,0.07074599862098693,0.6,0.5,0.3260059207677841
4,171,ZEN49,364,AGGGTTTAGTTCGGGA-1,7379,8291,0.23792104721069335,0.055811889749448645,0.20655427873134613,0.5,0.5,0.2718173682689667
4,172,ZEN49,546,ATTTGTCTTGGGAGCT-1,8705,6007,0.23769650608301163,0.05996813647096294,0.059164625406265256,0.6,0.5,0.325351619720459
4,173,ZEN49,410,AGTTCCTACAGAATTA-1,6810,9705,0.2375375285744667,0.058213276555561584,0.10354948341846466,0.5,0.5,0.27774961590766906
4,174,ZEN49,2185,TTGGGCGGCGGTTGCC-1,6812,6876,0.23732003420591355,0.054665026124164365,0.044726240634918216,0.7,0.5,0.37292865216732024
4,175,ZEN49,1456,GGTAGACCGTTGGGCG-1,11164,9381,0.23723549991846085,0.05488567177317592,0.17173602283000947,0.5,0.5,0.27771753668785093
4,176,ZEN49,1990,TGCGTAAGAACCTGAT-1,9271,10468,0.23718084692955016,0.0542686476290697,0.12634159326553346,0.6,0.5,0.31960550248622893
4,177,ZEN49,2046,TGTGGCAAAGCGTATG-1,6623,5680,0.23716880828142167,0.058640770234799265,0.042302998900413516,0.5,0.5,0.27238011360168457
4,178,ZEN49,463,ATCACGTGCTAATTAA-1,9838,11229,0.23710645586252213,0.0567092281276394,0.12541990578174592,0.6,0.5,0.32831427454948425
4,179,ZEN49,753,CCGCACAAAGACCAAC-1,7948,6877,0.23701298236846924,0.060055304935407595,0.0667984813451767,0.5,0.5,0.27112326622009275
4,180,ZEN49,1056,CTGGGTAGGCAGTTAA-1,9273,6551,0.23686525374650955,0.054537181514427505,0.17023720145225524,0.5,0.5,0.27943336963653564
4,181,ZEN49,1331,GCTAGTAGAGCTTGTA-1,8515,8074,0.2368426650762558,0.06119197327852762,0.15099714696407318,0.6,0.5,0.3171288758516312
4,182,ZEN49,1158,GACGCCGTAAAGGCTA-1,11353,9272,0.23681895881891252,0.06216986483885696,0.17668364942073822,0.5,0.4,0.2739808201789856
4,183,ZEN49,1576,GTGGGCTTAGACACAC-1,6620,10901,0.23679592609405517,0.05875017096961661,0.1444101095199585,0.6,0.5,0.3201521307229996
4,184,ZEN49,1501,GTAGCGGCTATACACT-1,8515,7639,0.23659154623746873,0.06141744751866586,0.17139774262905122,0.5,0.4,0.2693622350692749
4,185,ZEN49,843,CGAGGGACTGCGGTCG-1,8326,6660,0.23645677119493486,0.0556140916140806,0.13031885921955108,0.6,0.5,0.31535413265228274
4,186,ZEN49,1823,TCCCGCGTACTCCTGG-1,6244,7638,0.23634383529424668,0.0562945001658246,0.10432853400707245,0.5,0.5,0.27478654980659484
4,187,ZEN49,826,CGAACCCGCATGCGTC-1,10407,9816,0.23625331073999406,0.05719976761070703,0.029844041168689727,0.6,0.6,0.32754473090171815
4,188,ZEN49,1170,GACTGCACCAGCCCAG-1,9841,6443,0.23624589592218398,0.05712753788337252,0.026521211862564086,0.6,0.5,0.32669339179992674
4,189,ZEN49,1086,CTTGCCCAGGCTCTAC-1,9650,9162,0.23602870404720305,0.05731921125092566,0.09924538731575012,0.5,0.5,0.27074654698371886
4,190,ZEN49,2187,TTGGTCACACTCGTAA-1,10217,9924,0.2358431801199913,0.06307102865876901,0.12423165440559387,0.6,0.5,0.32494404911994934
4,191,ZEN49,312,AGCATATCAATATGCT-1,10788,4812,0.2358095318078995,0.05778444252206438,0.08122108578681946,0.5,0.5,0.2737047433853149
4,192,ZEN49,2154,TTGACTATTGTCCGGC-1,9842,3832,0.23567157238721848,0.05549233932399499,0.06589238047599792,0.6,0.5,0.3257985681295395
4,193,ZEN49,793,CCTATGGGTTACCGTC-1,6622,7638,0.23558685034513474,0.06045868577869419,0.06238691508769989,0.5,0.4,0.2676215320825577
4,194,ZEN49,146,ACACCCAGCATGCAGC-1,5675,9704,0.23555690795183182,0.05535732979574778,0.20570480823516846,0.5,0.5,0.2695148169994354
4,195,ZEN49,1282,GCCTCATCTGGAAATA-1,8895,4811,0.2355566680431366,0.058908459668703464,0.01542491912841797,0.5,0.5,0.27400017380714414
4,196,ZEN49,133,ACAACAGCATGAGCTA-1,7190,7312,0.23544556200504302,0.05702616455027722,0.24197290614247322,0.6,0.5,0.31350940465927124
4,197,ZEN49,1352,GCTGTTGCTACCGAAC-1,8517,4811,0.23538402020931243,0.053877437207248885,0.12344497144222259,0.7,0.5,0.3747952550649643
4,198,ZEN49,1620,GTTTCTGCAGTCTCCC-1,8705,7313,0.23527568429708481,0.05759016851386875,0.11158056557178497,0.5,0.5,0.27390892505645753
4,199,ZEN49,883,CGCGTTCATGAAATAC-1,6243,9596,0.2352294921875,0.058491369672363985,0.17015557289123534,0.5,0.5,0.27435890436172483
4,200,ZEN49,713,CCAGTCTAGACGGCGC-1,5677,5788,0.23517191112041474,0.05656961695054901,0.13593599796295167,0.5,0.5,0.27329577803611754
4,201,ZEN49,939,CGTGGCCGAATATCTA-1,10031,4159,0.2350386217236519,0.056459271786349095,0.019529446586966516,0.5,0.5,0.26710045337677
4,202,ZEN49,506,ATGGATTGACCAAACG-1,6243,8508,0.23493967950344086,0.06104366913041419,0.12695000171661378,0.5,0.5,0.2740548849105835
4,203,ZEN49,1510,GTATGTGGGTCTAGTT-1,8327,5137,0.234442101418972,0.05848938737139297,0.12076716423034668,0.5,0.5,0.2726623773574829
4,204,ZEN49,1502,GTAGCTTCCTCTTGTT-1,7002,5462,0.23440413624048234,0.056066466312396576,0.0722406417131424,0.7,0.5,0.37687948942184446
4,205,ZEN49,254,ACTGTACGATACACAT-1,6812,6659,0.23398851603269577,0.058474658666381935,0.09611819386482238,0.5,0.5,0.2738812446594238
4,206,ZEN49,1271,GCCCGCGCGTAAACGG-1,10406,10686,0.2338980183005333,0.0577437262075408,0.10487399995326996,0.5,0.4,0.2637987345457077
4,207,ZEN49,1793,TCACCCTCTTAAGATT-1,9650,8727,0.23389291763305664,0.056028747024401124,0.030887907743453978,0.5,0.5,0.2643144249916077
4,208,ZEN49,2011,TGGCCAAACTGAAGTA-1,6433,6876,0.2338107332587242,0.05622814594673683,0.11725315749645233,0.5,0.5,0.26897513270378115
4,209,ZEN49,1566,GTGCGAAATCGAACAC-1,9649,10468,0.23378102332353592,0.05917270063822717,-0.03239207267761231,0.5,0.5,0.27562170624732973
4,210,ZEN49,1321,GCTAAGTAGTTTCTCT-1,7569,6442,0.23370550870895385,0.0544032422686562,0.03198026716709137,0.5,0.5,0.2716748118400574
4,211,ZEN49,865,CGCATTAGCTAATAGG-1,6243,8943,0.23350246995687485,0.05768548871464856,0.07713056206703187,0.5,0.5,0.27449005246162417
4,212,ZEN49,1975,TGCATATGTCTGTCAC-1,7759,5898,0.23343789726495742,0.05503262831025466,0.05328207314014435,0.5,0.5,0.2633542060852051
4,213,ZEN49,2113,TTCCGCGTGAGGCGAT-1,9840,8183,0.23328644782304764,0.05903194117239336,0.0032596766948699953,0.5,0.5,0.26669695377349856
4,214,ZEN49,1079,CTTCGTAGATAGGTGA-1,8514,10250,0.23311368972063065,0.06008554929803596,0.0871936023235321,0.6,0.5,0.3224847108125687
4,215,ZEN49,1961,TGATCGGTTTGACCCT-1,6432,9269,0.23287923783063888,0.05575296104997656,0.11758079826831817,0.5,0.5,0.26729666590690615
4,216,ZEN49,849,CGATACCTCGCGGACA-1,8703,9923,0.23278017491102218,0.059063376148402964,0.08181130588054657,0.5,0.5,0.2654574871063232
4,217,ZEN49,1296,GCGAGTTCTGCAAAGA-1,7758,8291,0.23262706845998765,0.05779039152273753,0.08838966488838196,0.5,0.5,0.2728397071361542
4,218,ZEN49,1758,TATGGGACCGAGCAGG-1,7946,9053,0.23261573910713196,0.05548377671437729,0.05907853543758392,0.5,0.5,0.26931798458099365
4,219,ZEN49,534,ATTGAAGATCTTAGTG-1,7000,9814,0.2326085239648819,0.05360881203590066,0.11970539093017578,0.5,0.5,0.2730490744113922
4,220,ZEN49,316,AGCCACTCCCGTGCTT-1,5487,6332,0.2324612706899643,0.05383558579267447,0.09261124134063721,0.5,0.5,0.26710088849067687
4,221,ZEN49,2136,TTCTGCGGGTTAGCGG-1,8705,6442,0.232455338537693,0.060839685163414606,0.11154805719852448,0.5,0.5,0.27853583693504336
4,222,ZEN49,1275,GCCGATTGGCCAAGCT-1,8893,8509,0.23244775384664534,0.05775907416985112,0.05576836466789246,0.5,0.5,0.2744674801826477
4,223,ZEN49,1856,TCCTTTCTTACGCTTA-1,6811,8399,0.2322308212518692,0.0599103031122079,0.13887291252613068,0.6,0.5,0.31820437014102937
4,224,ZEN49,1420,GGGAGAACTCACAGTA-1,7190,8182,0.2319197252392769,0.05576920698329895,-0.0032966792583465575,0.5,0.5,0.2717227578163147
4,225,ZEN49,1857,TCGAAATTTAGGACCA-1,6621,10249,0.23185638338327408,0.06054089242105388,0.21080630123615265,0.5,0.5,0.26123797297477724
4,226,ZEN49,1361,GGAACCGTGTAAATTG-1,10407,10033,0.23179784268140793,0.055530305130629086,0.08123092949390412,0.5,0.5,0.27092007994651796
4,227,ZEN49,1764,TATTACCATCCTGCTT-1,8328,4702,0.23176136314868928,0.05899862993496166,0.06988196074962616,0.5,0.5,0.26972203254699706
4,228,ZEN49,1132,GAATCTGAACATTCTC-1,9083,8183,0.2316671147942543,0.058051435741163275,0.06142522394657135,0.5,0.5,0.27244248390197756
4,229,ZEN49,536,ATTGATGAGTCCTAAC-1,7381,4375,0.2315499186515808,0.058673753427054255,0.1981040470302105,0.6,0.5,0.3085090160369873
4,230,ZEN49,160,ACATCCCGGCCATACG-1,11543,8946,0.23151103258132935,0.055367614984423386,0.07659049034118652,0.5,0.5,0.2691341400146484
4,231,ZEN49,497,ATGCATGATCCAGGAT-1,5865,8072,0.23147984892129897,0.059128851652470345,0.08674923107028007,0.5,0.5,0.2735102891921997
4,232,ZEN49,1353,GCTTAATGTAACTAAC-1,9084,6007,0.231427001953125,0.05288119804997375,0.14201769530773162,0.5,0.5,0.271403306722641
4,233,ZEN49,812,CCTGGCTAGACCCGCC-1,6621,10466,0.23133852630853652,0.05781585756253627,0.002166411280632019,0.5,0.5,0.26909180283546447
4,234,ZEN49,1923,TCTGCCAGAAACTGCA-1,8894,6551,0.2312241390347481,0.06063332272585989,-0.002726229280233383,0.6,0.5,0.3207826942205429
4,235,ZEN49,2142,TTCTTGGAGTAATGAG-1,5109,6549,0.23109731674194336,0.05930506289032886,0.04645038247108459,0.6,0.4,0.3150958836078644
4,236,ZEN49,1649,TAATTAGGACATCCGT-1,9085,3397,0.23108641803264618,0.05486163244436589,0.10105246305465698,0.6,0.5,0.3272536754608154
4,237,ZEN49,1982,TGCCGTGGATCGTCCT-1,11922,8293,0.2310819685459137,0.05329751516949628,0.09091567397117614,0.5,0.5,0.269348669052124
4,238,ZEN49,1909,TCTCATGAGATAGGGT-1,10409,5682,0.23099283277988433,0.058520524329322865,0.1289252109825611,0.6,0.4,0.3046152591705322
4,239,ZEN49,1905,TCTAGTGATATCGTGG-1,9463,4485,0.2308475285768509,0.05279825054968786,0.12214283645153046,0.5,0.5,0.26581522822380066
4,240,ZEN49,1239,GCAAGTGCACAGAGAA-1,5674,10574,0.23079433143138886,0.05896467353625567,0.07215131521224975,0.5,0.5,0.26822266578674314
4,241,ZEN49,707,CCAGCCTGGACCAATA-1,8136,8074,0.23075533509254456,0.06144215492396924,0.07688580453395844,0.5,0.5,0.2686984419822693
4,242,ZEN49,858,CGCACATGTCCACTAC-1,8516,5681,0.2305758625268936,0.05667453155573899,0.12341196835041046,0.5,0.5,0.26210389733314515
4,243,ZEN49,2005,TGGAGTGATGCGATGA-1,6621,10684,0.23057156354188918,0.05978063776433792,0.19387534111738206,0.6,0.5,0.3094544678926468
4,244,ZEN49,648,CATAACGGACAGTCGT-1,7949,4919,0.2302165850996971,0.058867876040808426,0.07990823239088059,0.6,0.4,0.31454595923423767
4,245,ZEN49,1848,TCCTAGCAAAGAAGCT-1,8892,10685,0.23019778430461885,0.056492438328978406,0.17415313348174094,0.6,0.4,0.30619809925556185
4,246,ZEN49,1419,GGGACTGCATAGATAG-1,7190,8617,0.2299600437283516,0.05448176347879283,-0.009323208779096603,0.5,0.5,0.2735734760761261
4,247,ZEN49,181,ACCCGGATGACGCATC-1,8328,4266,0.2299356758594513,0.05743214637862778,0.11453209519386291,0.5,0.5,0.2733540892601013
4,248,ZEN49,1265,GCCAGGAGTAACCGAT-1,5109,5461,0.2299073800444603,0.05209095176852914,0.08111542463302612,0.5,0.5,0.26849396228790284
4,249,ZEN49,767,CCGGAGCGTACTTTCT-1,12111,9055,0.22989554107189178,0.0534623764075746,0.08722966313362121,0.6,0.5,0.31963600516319274
4,250,ZEN49,1438,GGGCTGCCTAGGGCGA-1,7379,7638,0.2298038125038147,0.05750701891890965,0.13713445961475373,0.5,0.5,0.2705495357513428
4,251,ZEN49,476,ATCGACCCAATACAGA-1,9272,8292,0.2296802893280983,0.05610989291080271,0.03468334376811981,0.6,0.5,0.31255645751953126
4,252,ZEN49,1701,TAGACGCCCGTACCGG-1,7191,5354,0.22966791987419127,0.055614254769641686,-0.002717438340187073,0.5,0.5,0.26833090782165525
4,253,ZEN49,1318,GCGTGGTACTGGGTTA-1,7760,4810,0.2294647663831711,0.05352619360395708,0.11451634466648102,0.6,0.4,0.30616257786750795
4,254,ZEN49,1082,CTTGAGTTAGGGTAAT-1,8517,5028,0.22935069352388382,0.05600406287829839,0.004229134321212769,0.5,0.5,0.2642430603504181
4,255,ZEN49,1788,TCACAGCAAACTCGAA-1,10785,9816,0.2291763812303543,0.05523806415820939,0.01920425295829773,0.5,0.5,0.2722530007362366
4,256,ZEN49,1668,TACGAACACGACTTCA-1,7000,9378,0.22915333062410354,0.05515826792548947,0.127179417014122,0.5,0.5,0.2576846957206726
5,1,ZEN49,1819,TCCCAAAGCCCTAAAT-1,8518,2417,0.36720662713050845,0.032987359605438714,0.7117895543575287,1.0,1.0,0.6736392617225647
5,2,ZEN49,2132,TTCTAGAAAGTCTTAT-1,12489,10143,0.36700030565261843,0.039802857720470354,0.6957488775253295,1.0,1.0,0.6796214520931244
5,3,ZEN49,820,CCTTCAGTTAAAGTGA-1,12678,10034,0.3666352927684784,0.03008355117399785,0.7567308396100998,1.0,1.0,0.6764807343482971
5,4,ZEN49,567,CAATACGCTCTGAGGC-1,8701,14057,0.3657876789569855,0.0344335470949544,0.6183293595910072,1.0,1.0,0.6768473327159882
5,5,ZEN49,1118,GAACGTTAGGAAGACG-1,7376,13512,0.36465095579624174,0.03453266860695977,0.5332056254148483,1.0,1.0,0.675099915266037
5,6,ZEN49,1429,GGGCCCTACGAAAGGG-1,8323,13404,0.36426883935928345,0.02919794652118903,0.4844751387834549,1.0,1.0,0.6773420989513397
5,7,ZEN49,1337,GCTCCGCTCGCTTCAG-1,9086,2962,0.3641973525285721,0.03702588416006304,0.6329618275165558,1.0,1.0,0.6853919923305511
5,8,ZEN49,196,ACCGTGACCACGTGGG-1,12677,10905,0.36407282650470735,0.033540976542356764,0.632790581882,1.0,1.0,0.6749540388584137
5,9,ZEN49,2030,TGTAATGACCACAATA-1,7944,13622,0.36212571561336515,0.03957538444073608,0.6248676508665085,1.0,1.0,0.6794500112533569
5,10,ZEN49,613,CACTCGGTTAGGAGGA-1,7755,13730,0.36147988140583037,0.04070044582076682,0.6363514989614487,1.0,1.0,0.6785314679145813
5,11,ZEN49,328,AGCGGCGGTTAGCGGT-1,10594,13841,0.36137855648994444,0.03254651461190044,0.5566562458872795,1.0,1.0,0.6849434792995452
5,12,ZEN49,934,CGTGACCAGTCCTCTG-1,13057,9164,0.3605810165405273,0.025525872494751137,0.7425263971090317,1.0,1.0,0.6609176397323608
5,13,ZEN49,772,CCGGTAATGGCTAGTC-1,8329,2744,0.3591978639364243,0.02886212265821477,0.6330359697341919,1.0,1.0,0.6651876986026763
5,14,ZEN49,1919,TCTGAGCAATTGACTG-1,11357,2963,0.35821704268455506,0.027535601330087103,0.6550467878580093,1.0,1.0,0.6683730840682983
5,15,ZEN49,2118,TTCCTCTGCCCGAATA-1,7755,13513,0.35709951221942904,0.03537235795207151,0.6811327278614044,1.0,1.0,0.6796481430530548
5,16,ZEN49,667,CATGAGATGCACTCTC-1,12301,6553,0.35706552267074587,0.03258338580692406,0.6658427774906158,1.0,1.0,0.6657943367958069
5,17,ZEN49,873,CGCCTGGCCTACGTAA-1,8891,12208,0.3563337743282318,0.03676690428369638,0.6064007878303528,1.0,1.0,0.6635796189308166
5,18,ZEN49,1801,TCAGCAGTAGGCCCTG-1,12678,10687,0.3557248502969742,0.035106057351222957,0.6425597444176674,1.0,1.0,0.6699983537197113
5,19,ZEN49,1721,TAGGCTAAAGTGGCAC-1,13438,4378,0.35522050857543946,0.036470685928158636,0.6262296587228775,1.0,1.0,0.6736156940460205
5,20,ZEN49,468,ATCATAGCCCTATGTA-1,12871,3616,0.3550636529922485,0.0279882004594625,0.5722471743822097,1.0,1.0,0.6681285738945008
5,21,ZEN49,1028,CTGACATAGAAATAGA-1,10790,2201,0.3541120797395706,0.029061208114832135,0.5258785836398602,1.0,1.0,0.655331289768219
5,22,ZEN49,1551,GTGACAGCTTCCCACT-1,13247,7098,0.3539498507976532,0.03364992428893828,0.5562154367566109,1.0,1.0,0.6744539201259613
5,23,ZEN49,627,CAGATCCTGGTTTGAA-1,11540,13297,0.3538020193576813,0.03604117357820415,0.6927316933870316,1.0,1.0,0.6570788800716401
5,24,ZEN49,603,CACGGGATTGAGGGTT-1,6997,13947,0.35370385348796846,0.03321983130002135,0.5500199928879738,1.0,1.0,0.6675358295440674
5,25,ZEN49,761,CCGCGGGTACGAAGAA-1,7188,12316,0.3532658934593201,0.029934731291304386,0.5758818224072456,1.0,1.0,0.6629860818386077
5,26,ZEN49,600,CACGAAAGTTAGTCCC-1,7377,11989,0.3527023524045944,0.03384514975255576,0.5882211208343506,1.0,1.0,0.6689961075782775
5,27,ZEN49,1815,TCCAGATGTACGCCAA-1,5679,2742,0.35266456604003904,0.02754767715465403,0.6480366080999375,1.0,1.0,0.6539489209651947
5,28,ZEN49,1486,GTAACATCTAAGATAA-1,11735,3181,0.352629753947258,0.033676440412639855,0.7312191277742386,1.0,1.0,0.6682258069515228
5,29,ZEN49,1396,GGCCGTTTGGGTTTCA-1,12299,10252,0.35200523138046264,0.0369178836506793,0.6631651997566224,1.0,1.0,0.661597490310669
5,30,ZEN49,1853,TCCTGCGTTGATACTC-1,8323,11881,0.3516233921051025,0.034914787984396546,0.6606465220451355,1.0,1.0,0.6635423719882965
5,31,ZEN49,1452,GGTACATCTGGGACGA-1,8323,13187,0.3515939235687256,0.03188374299549382,0.5284092605113984,1.0,1.0,0.6744272470474243
5,32,ZEN49,531,ATTCGACGCCGGGCCT-1,7945,12316,0.35146553814411163,0.03185762724229016,0.4944429721683264,1.0,1.0,0.6572020053863525
5,33,ZEN49,1363,GGAACTTTGGCGATTA-1,12493,3181,0.3513291567564011,0.03138292090716211,0.5464082717895508,1.0,1.0,0.6558595359325409
5,34,ZEN49,1284,GCCTCTATACATAGCA-1,11544,6988,0.35073134303092957,0.034120996185248435,0.6554269403219223,1.0,1.0,0.6610002040863037
5,35,ZEN49,1965,TGATTCCCGGTTACCT-1,13246,9708,0.3506107687950134,0.025577544654013646,0.5505801662802696,1.0,1.0,0.6494775772094726
5,36,ZEN49,776,CCGTAGGGTTGTTTAC-1,12492,3834,0.3505306750535965,0.038519141157412236,0.5610489249229431,1.0,1.0,0.6648980796337127
5,37,ZEN49,967,CTACGACTAGCTATAA-1,8323,12534,0.3500956565141678,0.03481631847981863,0.6051367804408073,1.0,1.0,0.661171042919159
5,38,ZEN49,907,CGGCTCTAAAGCTGCA-1,9843,3180,0.3499092161655426,0.03314512355048952,0.5943733096122742,1.0,1.0,0.6671943724155426
5,39,ZEN49,1365,GGACAACCATGAAGCC-1,14385,4052,0.34977070391178133,0.029414136361003415,0.5561403080821037,1.0,1.0,0.6599367797374726
5,40,ZEN49,1912,TCTCGACGTATCGCCG-1,9654,2853,0.34949959218502047,0.03172224376780475,0.5350917026400566,1.0,1.0,0.6685289800167084
5,41,ZEN49,972,CTACTCTAGGCCCGGC-1,6998,12424,0.3494591325521469,0.03403734831152408,0.5730662152171135,1.0,1.0,0.6569963455200195
5,42,ZEN49,2135,TTCTGCGAGCGCCCTT-1,7376,13295,0.34921827018260954,0.03129097498895554,0.563367547094822,1.0,1.0,0.6655861973762512
5,43,ZEN49,1757,TATGGCCCGGCCTCGC-1,6809,11880,0.34906111359596254,0.03386736134053976,0.6973904192447662,1.0,1.0,0.6665738463401795
5,44,ZEN49,1435,GGGCGTGGTTTCCCAG-1,12680,6336,0.34892643094062803,0.03368580152526367,0.5898149192333222,1.0,1.0,0.6706439197063446
5,45,ZEN49,1553,GTGACGAGGGTGACCC-1,7193,2743,0.3487421303987503,0.039069347654458866,0.5615329772233963,1.0,1.0,0.6534853458404541
5,46,ZEN49,744,CCCTTTAATGGAGTTC-1,13060,3290,0.348603555560112,0.031376517692472156,0.5345662966370582,1.0,1.0,0.6632575809955596
5,47,ZEN49,728,CCCAATGAGATTTGCA-1,12488,10796,0.3485514998435974,0.03766487857103449,0.6715257719159127,1.0,1.0,0.6524675190448761
5,48,ZEN49,709,CCAGCTTCCGCCCGCA-1,6619,13294,0.34828621447086333,0.028718402717603328,0.6050763159990311,1.0,1.0,0.6431842684745789
5,49,ZEN49,2088,TTAGTAGGGCGGCGGG-1,7566,12316,0.34824644327163695,0.03293728539227783,0.7203712433576583,1.0,1.0,0.6509564995765686
5,50,ZEN49,1233,GCAAACGTCGCCAGGT-1,10032,2418,0.3482129842042923,0.030104717643831727,0.5101658836007118,1.0,1.0,0.6610614240169526
5,51,ZEN49,1590,GTTAAGTTAGAGTGGG-1,7950,2526,0.3481825053691864,0.03278799238528719,0.5709885761141777,1.0,1.0,0.6573441505432129
5,52,ZEN49,899,CGGATCCTCAAGGACT-1,12491,6445,0.34802021384239196,0.029941133992142016,0.5037824995815754,1.0,1.0,0.654408186674118
5,53,ZEN49,503,ATGCTTAGGAGTTGAT-1,11736,2963,0.3478432446718216,0.03631075732362751,0.5556161731481553,1.0,1.0,0.6695878207683563
5,54,ZEN49,1657,TACCAATAAAGTACCA-1,11544,6118,0.34776000678539276,0.03785165573030606,0.6279313832521438,1.0,1.0,0.6662936568260193
5,55,ZEN49,1792,TCACATCTTATCTGAT-1,6430,12968,0.3473639190196991,0.03252698496728852,0.5066819325089454,1.0,1.0,0.6543794333934784
5,56,ZEN49,817,CCTGTCCCTCACGTTA-1,7950,2743,0.3466558516025543,0.035679763503880454,0.5893798306584358,1.0,1.0,0.6531223833560944
5,57,ZEN49,1151,GACCGACGTGAAAGCA-1,8329,2961,0.3465781807899475,0.034239743156597585,0.6595386400818825,1.0,1.0,0.656694209575653
5,58,ZEN49,1624,GTTTGGGTTTCGCCCG-1,13059,5248,0.346339949965477,0.02933355145693997,0.7073810741305351,1.0,1.0,0.6617022454738617
5,59,ZEN49,1910,TCTCCACAAGTTGAAT-1,12681,5030,0.3463001400232315,0.03343074688301943,0.6979913085699081,1.0,1.0,0.6444279730319977
5,60,ZEN49,1005,CTCCCTCCTTTCGATC-1,10784,12644,0.34627036154270174,0.03314455206072954,0.4984455734491348,1.0,1.0,0.6486924529075623
5,61,ZEN49,1444,GGGTCTATCGCTTTCC-1,13061,2855,0.34621567726135255,0.03559506834145862,0.5839688003063201,1.0,1.0,0.6512910544872283
5,62,ZEN49,1485,GGTTTGTGACCTGAGG-1,12682,3725,0.3462004899978638,0.029158907466325962,0.49856426045298574,1.0,1.0,0.6559579908847809
5,63,ZEN49,239,ACTATCTGCCCGCGTA-1,11168,2854,0.34601743817329406,0.03143765602036552,0.46810608357191086,1.0,1.0,0.6480697810649871
5,64,ZEN49,824,CGAAACGCAATTCATG-1,8891,11555,0.345941835641861,0.03298090728050371,0.5573312789201736,1.0,1.0,0.6585624396800995
5,65,ZEN49,1205,GATCAACATAAAGGGA-1,12867,11231,0.3457813858985901,0.02943218820446413,0.4849613979458809,1.0,1.0,0.6482201993465424
5,66,ZEN49,374,AGTACGGCCCGTATCG-1,7754,13948,0.3457666039466858,0.03568192600209636,0.5554721102118492,1.0,1.0,0.6668637692928314
5,67,ZEN49,1869,TCGCGTCCAGAAGGTC-1,6998,11989,0.34547261893749237,0.03508396519148797,0.5476172745227814,1.0,1.0,0.6441432178020478
5,68,ZEN49,566,CAATACGAGAGTCTGA-1,9465,2092,0.3442865818738937,0.03269030659220958,0.4588104672729969,1.0,1.0,0.6448715925216675
5,69,ZEN49,387,AGTCGTATAAAGCAGA-1,13437,6336,0.3442578911781311,0.02817511794596478,0.520727176964283,1.0,1.0,0.657815444469452
5,70,ZEN49,263,ACTTCCATGCGGGACA-1,12680,5901,0.34398880004882815,0.026139954162851066,0.6100593268871307,1.0,1.0,0.6553984701633453
5,71,ZEN49,322,AGCCTAATACCCACGT-1,10594,13623,0.34385353326797485,0.03187558009837412,0.622163787484169,1.0,1.0,0.6530743420124054
5,72,ZEN49,1183,GAGCGCAAATACTCCG-1,10789,3506,0.3437298655509949,0.032088338447348166,0.6084121569991112,1.0,1.0,0.6536824584007264
5,73,ZEN49,518,ATTACCACACTGCCTG-1,10222,2310,0.3435432106256485,0.0255399347139785,0.5530108377337456,1.0,1.0,0.6507977366447448
5,74,ZEN49,2195,TTGTGGTGGTACTAAG-1,13059,4813,0.34342688918113706,0.03676824464488462,0.587190693616867,1.0,1.0,0.6572679102420806
5,75,ZEN49,1399,GGCGCAGGACATCTTC-1,8134,12207,0.34342323541641234,0.0394201623582875,0.4957858558744192,1.0,1.0,0.6529532492160797
5,76,ZEN49,2129,TTCGTACTCCAGAACG-1,6620,11989,0.34334477186203005,0.03102899582038395,0.6201253890991211,1.0,1.0,0.648141747713089
5,77,ZEN49,2056,TGTTTGAGATCGTCAG-1,10411,2636,0.34316591918468475,0.030242743027754176,0.5830651968717575,1.0,1.0,0.6523549497127533
5,78,ZEN49,333,AGCTCCATATATGTTC-1,11925,3290,0.3430704563856125,0.03339676622542358,0.6595439806580543,1.0,1.0,0.6524776101112366
5,79,ZEN49,1073,CTTCAACTCCACTTGG-1,12301,6771,0.34303365349769593,0.0340733362555166,0.5772782601416111,1.0,1.0,0.662000447511673
5,80,ZEN49,216,ACGCGCTACACAGGGT-1,8891,11773,0.342796391248703,0.033652464795832296,0.5493916094303131,1.0,1.0,0.6616054475307465
5,81,ZEN49,409,AGTTAAGTCAACCGCT-1,10784,12427,0.34273926317691805,0.031402775829764466,0.6897973328828811,1.0,1.0,0.6477107226848602
5,82,ZEN49,1369,GGACTCACAAATTAGG-1,10411,1983,0.34233914613723754,0.0333008506228313,0.5793179020285606,1.0,1.0,0.6452167391777038
5,83,ZEN49,733,CCCGAGTTTCTCCGTA-1,10221,3397,0.3420559287071228,0.030267547616758365,0.5977649301290512,1.0,1.0,0.6437361001968384
5,84,ZEN49,385,AGTCGGCTCAACTTTA-1,10027,12644,0.341996842622757,0.028023232075151436,0.5610932305455207,1.0,1.0,0.6486697912216186
5,85,ZEN49,2166,TTGCCAAGCAGAACCC-1,9464,2744,0.3418466508388519,0.030678854020520414,0.4839986886829138,1.0,1.0,0.6545277774333954
5,86,ZEN49,727,CCCAAGTCATTACACT-1,14006,4705,0.3416938692331314,0.03563842356829503,0.5041174963116646,1.0,1.0,0.6518994390964508
5,87,ZEN49,1071,CTTAGTGTAGTAGCAT-1,12680,6118,0.34138948023319243,0.03512157058496618,0.5931967064738274,1.0,1.0,0.6567176342010498
5,88,ZEN49,465,ATCAGCCTCATGCTGC-1,11923,5683,0.34137259125709535,0.030360280983344673,0.4560538873076439,1.0,1.0,0.6526605963706971
5,89,ZEN49,319,AGCCCTGTCGCACCGT-1,8897,1982,0.3412013649940491,0.03576782623821078,0.4769448056817055,1.0,1.0,0.6555916368961334
5,90,ZEN49,875,CGCGAAGTGGCATACT-1,13249,4704,0.3411587417125702,0.02446121450219554,0.5492669224739075,1.0,1.0,0.6474439203739166
5,91,ZEN49,1277,GCCGCATTAGTCCGGC-1,7755,13295,0.34114315211772916,0.03157926130272509,0.585691274702549,1.0,1.0,0.6440758287906647
5,92,ZEN49,1597,GTTATATCAGGAGCCA-1,5490,2633,0.3410091519355774,0.029296425129644334,0.4597077235579491,1.0,1.0,0.6610468983650207
5,93,ZEN49,1057,CTGGTAAAGACTTACA-1,14574,4379,0.3409259170293808,0.03402141409194223,0.5060283556580544,1.0,1.0,0.6645031034946441
5,94,ZEN49,1652,TACACCGTCGTTAGTC-1,5868,2416,0.340748605132103,0.02392477329628621,0.7026200234889984,1.0,1.0,0.6366695523262024
5,95,ZEN49,545,ATTTGCGCGAGTAGCT-1,11163,11774,0.3406178027391434,0.04338822574348681,0.5537374068051577,1.0,1.0,0.647499817609787
5,96,ZEN49,1781,TCAACGCGACCGGCAG-1,8512,12643,0.34060441255569457,0.03261496695357539,0.44670176804065703,1.0,1.0,0.6497701704502106
5,97,ZEN49,1556,GTGAGCGTGCTGCACT-1,7377,12425,0.34049778878688813,0.032834324674799555,0.5672965198755264,1.0,1.0,0.6514908015727997
5,98,ZEN49,1113,GAACAGATTACTAAAT-1,11922,7423,0.340420725941658,0.029287562576499157,0.5499598562717438,1.0,1.0,0.6540706217288971
5,99,ZEN49,988,CTATAGGCGTTGATGT-1,12867,11014,0.34033902883529665,0.03078282708126769,0.5887505829334259,1.0,1.0,0.646860808134079
5,100,ZEN49,1512,GTATTTAATGGCATAA-1,10979,2092,0.3402761697769165,0.03370089030649126,0.5129051841795444,1.0,1.0,0.6586877286434174
5,101,ZEN49,2080,TTAGAATAAGGGTCGG-1,12678,10252,0.34007720947265624,0.030638049986956507,0.5263486221432686,1.0,1.0,0.6565280020236969
5,102,ZEN49,929,CGTCGCATGTGAGCCA-1,13437,6771,0.3400356531143188,0.03418268762627152,0.6422479405999184,1.0,1.0,0.6456670343875885
5,103,ZEN49,1862,TCGAGGGCAACAGACG-1,11925,2202,0.3399081856012344,0.029375331812364958,0.5820112705230713,1.0,1.0,0.6469821751117706
5,104,ZEN49,2128,TTCGGTGGAGACGCCC-1,10033,1983,0.3397706478834152,0.03234177238457384,0.5030961081385612,1.0,1.0,0.6576041340827942
5,105,ZEN49,752,CCGATTCGAGGGACCC-1,8323,12969,0.33955400586128237,0.030570817876867856,0.6068151950836181,1.0,1.0,0.6497879683971405
5,106,ZEN49,1783,TCAACTGCAGAGTCAG-1,11735,3398,0.3395287603139877,0.032318332831297626,0.5329688161611557,1.0,1.0,0.6544773578643799
5,107,ZEN49,2111,TTCCATCGACAGCGTG-1,12682,3508,0.33944529592990874,0.03229664688364271,0.4928723260760307,1.0,1.0,0.6486506998538971
5,108,ZEN49,13,AAAGGCTACGGACCAT-1,12868,9273,0.3393562316894531,0.03194982510532769,0.41883268803358076,1.0,1.0,0.6436279356479645
5,109,ZEN49,997,CTCAACTAACCCGGAT-1,13059,5901,0.3391546279191971,0.03134954958334535,0.5193033441901207,1.0,1.0,0.6419237732887269
5,110,ZEN49,1739,TATAGAGTCGCTTGAA-1,13246,10144,0.33884631395339965,0.032844203883665095,0.5378126442432404,1.0,1.0,0.6497028946876526
5,111,ZEN49,1682,TACGTACTAGTGCTGA-1,12867,10578,0.3387795478105545,0.030482952336441053,0.5005746945738793,1.0,1.0,0.6487584412097931
5,112,ZEN49,306,AGCAACCGAAAGTAAT-1,11730,12971,0.33873774111270905,0.03343269018259507,0.46270607113838197,1.0,1.0,0.6547812759876251
5,113,ZEN49,1261,GCCAATAGGGCATCTC-1,5867,3939,0.3386502653360367,0.036080608551848664,0.5796979829668999,1.0,1.0,0.6531209886074066
5,114,ZEN49,1685,TACTCGGCACGCCGGG-1,7944,13404,0.33864791691303253,0.03319515612282761,0.6781596153974533,1.0,1.0,0.6477207660675048
5,115,ZEN49,355,AGGCGATAACTGGCGT-1,12115,1875,0.33862508535385133,0.03387852323776329,0.45915237367153167,1.0,1.0,0.6454498529434204
5,116,ZEN49,105,AATATTGGAGTATTGA-1,7944,12751,0.33856662213802335,0.032343364644064405,0.4528126552700996,1.0,1.0,0.6635288059711456
5,117,ZEN49,272,AGAAATTATGACTCGC-1,11168,2636,0.33851550817489623,0.03509848795403759,0.43136255890131,1.0,1.0,0.6543846905231476
5,118,ZEN49,504,ATGGAACCTTTGCACA-1,8329,2091,0.3384497672319412,0.02909767403464883,0.5958993941545486,1.0,1.0,0.6418831706047058
5,119,ZEN49,1810,TCCAATAAAGGCTACC-1,13057,9382,0.3383250892162323,0.03141322693469828,0.527712880820036,1.0,1.0,0.6562615752220153
5,120,ZEN49,1883,TCGGGAGACAGCGTAC-1,12301,7423,0.3379270017147064,0.03407291323233387,0.5152437448501587,1.0,1.0,0.6523657858371734
5,121,ZEN49,1666,TACCTGCTGCACTGTG-1,6430,12750,0.33792134523391726,0.03046672939570151,0.5083141013979912,1.0,1.0,0.6503332078456878
5,122,ZEN49,1992,TGCGTCATGACTGAGC-1,11162,12862,0.33782199323177337,0.038187862159778097,0.617066441476345,1.0,1.0,0.654438853263855
5,123,ZEN49,1481,GGTTTAATTACCATCG-1,13056,10905,0.33773249983787534,0.03766071172613892,0.47665826678276063,1.0,1.0,0.6550060391426087
5,124,ZEN49,1750,TATCTAGCCTAAAGGA-1,7565,13839,0.3376890242099762,0.035027717362416284,0.5834104746580124,1.0,1.0,0.6401945114135742
5,125,ZEN49,969,CTACTATCATAGGTTT-1,11162,12427,0.33759125173091886,0.03214379063853409,0.4838287889957428,1.0,1.0,0.6479925513267517
5,126,ZEN49,449,ATATAAAGCGCTCGTG-1,12111,7750,0.3375039309263229,0.03226733503820029,0.6122169345617294,1.0,1.0,0.6512265026569366
5,127,ZEN49,1888,TCGTATTACCCATTGC-1,8134,12425,0.3374380648136139,0.033439105449957034,0.5884769573807717,1.0,1.0,0.6503171980381012
5,128,ZEN49,484,ATCTGACATGGAAGGA-1,13056,10687,0.33734253644943235,0.03418517228693878,0.5983542472124099,1.0,1.0,0.6442260563373565
5,129,ZEN49,1972,TGCAGAACTATATCGT-1,9080,12752,0.3372516632080078,0.031538286812366666,0.5465941429138184,1.0,1.0,0.6476123988628387
5,130,ZEN49,1603,GTTCGCTGAGACGTCT-1,11168,3289,0.3371141254901886,0.034737124496749844,0.5485845804214478,1.0,1.0,0.6585252702236175
5,131,ZEN49,1729,TAGTAGCTTATACCAG-1,12678,10470,0.3370324015617371,0.0293157366178077,0.505428959429264,1.0,1.0,0.6503408968448638
5,132,ZEN49,2008,TGGCAATGGGACGGCG-1,11357,3616,0.33697920441627505,0.04060283117974924,0.6496037825942039,1.0,1.0,0.6479504644870758
5,133,ZEN49,1829,TCCCTGGCTCGCTGGA-1,7377,12207,0.3369556963443756,0.033344805141171587,0.5300909265875816,1.0,1.0,0.6576776564121246
5,134,ZEN49,1405,GGCGTAGGGAAAGCTG-1,13248,6227,0.3368596315383911,0.03125782101692855,0.5921418011188507,1.0,1.0,0.6401694118976593
5,135,ZEN49,682,CATTGCGAAATGGGCG-1,7944,13839,0.3365851938724518,0.03258052134684097,0.5464660674333572,1.0,1.0,0.65079305768013
5,136,ZEN49,1162,GACGTTCGTAAATACA-1,5679,2524,0.3365701884031296,0.02845961723273055,0.5248291298747063,1.0,1.0,0.6456303656101227
5,137,ZEN49,1100,CTTTGGGATTGTTGCA-1,12867,10361,0.33648145496845244,0.028315381408850197,0.4608412578701973,1.0,1.0,0.6389718532562256
5,138,ZEN49,88,AAGTAGTGACGCGAGG-1,7377,11772,0.3362897574901581,0.032688142771224185,0.4757917858660221,1.0,1.0,0.6585492610931396
5,139,ZEN49,370,AGGTGTATCGCCATGA-1,8133,13295,0.3360003590583801,0.034022317886031224,0.5525413811206817,1.0,1.0,0.637788075208664
5,140,ZEN49,1171,GAGAACGGTTCTGACT-1,13817,3943,0.33598052263259887,0.03200653996323478,0.4939797043800354,1.0,1.0,0.6475917160511017
5,141,ZEN49,1840,TCCGGGCTTGACGGGA-1,13627,4705,0.33595022559165955,0.031888726496436225,0.5027454555034637,1.0,1.0,0.6397687911987304
5,142,ZEN49,736,CCCGTAAGTCTAGGCC-1,8702,12099,0.3359273046255112,0.03478226051192967,0.6406790167093277,1.0,1.0,0.6399519205093384
5,143,ZEN49,797,CCTCCGACAATTCAAG-1,7377,11554,0.3359087437391281,0.03840200660880302,0.41832399992272257,1.0,1.0,0.6518671572208404
5,144,ZEN49,1017,CTCTAATGCATTGATC-1,5678,3177,0.3358652710914612,0.03385522019657852,0.4501881912350655,1.0,1.0,0.6534103691577912
5,145,ZEN49,289,AGAGATCTCTAAAGCG-1,8701,13187,0.3357167363166809,0.02759476639894237,0.6119797974824905,1.0,1.0,0.6356463253498077
5,146,ZEN49,2058,TTAAAGTAAGTCGCCA-1,14196,3726,0.3356473982334137,0.03095410480436958,0.49164863377809526,1.0,1.0,0.6437734544277192
5,147,ZEN49,1748,TATCTACAGAGGTAAT-1,6809,12533,0.3355050444602966,0.035491390948017516,0.49999062791466714,1.0,1.0,0.6467599034309387
5,148,ZEN49,1394,GGCCCTCACCCACTTA-1,8134,12643,0.33542153239250183,0.026024244204986745,0.43495697528123856,1.0,1.0,0.6512354791164399
5,149,ZEN49,1880,TCGGCGTACTGCACAA-1,10404,13732,0.3353227347135544,0.03068340274549643,0.38007636964321134,1.0,1.0,0.654434221982956
5,150,ZEN49,1024,CTCTTCTGGAAGTTAG-1,12867,10796,0.33527569472789764,0.028063959875142167,0.534275732934475,1.0,1.0,0.6418681800365448
5,151,ZEN49,1745,TATCCAATTGGTTATC-1,11544,6553,0.335271954536438,0.03323455439347533,0.5587899565696717,1.0,1.0,0.648451054096222
5,152,ZEN49,1188,GAGGCCTGTTGATACA-1,13060,3508,0.33522221744060515,0.03137090224588021,0.4333603322505951,1.0,1.0,0.6457856059074402
5,153,ZEN49,129,AATTGCAGCAATCGAC-1,13249,4052,0.3350675404071808,0.029427343745251685,0.4500971406698227,1.0,1.0,0.6424296498298645
5,154,ZEN49,1521,GTCATTGCATTGACCC-1,6998,13295,0.33505279421806333,0.02793329972635332,0.6033941879868507,1.0,1.0,0.6335693359375
5,155,ZEN49,577,CACACAGCTTGCGCTC-1,10032,2636,0.33500802218914033,0.0347109461760949,0.3435851061716676,1.0,1.0,0.6543145835399627
5,156,ZEN49,708,CCAGCTGATGGTACTT-1,8134,12860,0.33484362363815307,0.030938509544239202,0.4415670961141586,1.0,1.0,0.644367390871048
5,157,ZEN49,1872,TCGCTCGGCACCAGCG-1,5678,3395,0.33467002809047697,0.03624220796086415,0.494193534553051,1.0,1.0,0.651358824968338
5,158,ZEN49,2158,TTGAGCGCCACGTGAT-1,8329,2308,0.33444533348083494,0.028293678816687196,0.47849794328212736,1.0,1.0,0.6377585470676422
5,159,ZEN49,549,CAAACTCGCGACGCCG-1,9653,3071,0.3344049036502838,0.032386172263439185,0.5968450516462326,1.0,1.0,0.6339969098567962
5,160,ZEN49,211,ACGCAATCACTACAGC-1,5868,3286,0.33435791432857515,0.0352418447697582,0.5626824393868446,1.0,1.0,0.645556652545929
5,161,ZEN49,1824,TCCCGGGTGTGCTGCT-1,7567,11446,0.3342753887176514,0.031142023562336467,0.4805738143622875,1.0,1.0,0.6457438051700592
5,162,ZEN49,860,CGCAGATCTTCACCCG-1,5868,2851,0.33426700830459594,0.031206707254318962,0.4864353179931641,1.0,1.0,0.6450753152370453
5,163,ZEN49,1375,GGAGGGTCAAGTAAGA-1,12871,2746,0.33411331176757814,0.03643140175713987,0.5978373184800148,1.0,1.0,0.642710393667221
5,164,ZEN49,130,ACAAAGCATGACCTAG-1,13060,4596,0.33409986793994906,0.0300795667284081,0.5178402006626129,1.0,1.0,0.6587316036224365
5,165,ZEN49,42,AACCAAGACTTCTCTG-1,7944,12534,0.3340549170970917,0.03693191519818351,0.5317647844552994,1.0,1.0,0.6486679434776306
5,166,ZEN49,483,ATCTCGTGAGCGAAAC-1,10222,2527,0.33405458033084867,0.03037371158447878,0.5077914983034134,1.0,1.0,0.6447452545166016
5,167,ZEN49,1180,GAGCACCTGTGTCCAG-1,12112,6444,0.3339883923530579,0.030809804424032906,0.5171023890376091,1.0,1.0,0.6436946570873261
5,168,ZEN49,12,AAAGACTGGGCGCTTT-1,6619,13512,0.3339609295129776,0.02956644754633242,0.49883653819561,1.0,1.0,0.6409741520881653
5,169,ZEN49,2178,TTGGACATGTGGCTTA-1,8891,11990,0.33393806517124175,0.03163454704029525,0.4310915507376194,1.0,1.0,0.6447023212909698
5,170,ZEN49,1108,GAAAGCCCTTTGGACC-1,7755,12860,0.3339029371738434,0.03347947062341474,0.580896221101284,1.0,1.0,0.6450287222862243
5,171,ZEN49,1698,TAGAAATTCACGTATA-1,7944,14057,0.33388455808162687,0.03680396544361816,0.495695686340332,1.0,1.0,0.6497997224330903
5,172,ZEN49,1237,GCAACGGCTAGTTATG-1,9275,2853,0.3338404595851898,0.023361107259953953,0.47841327637434006,1.0,1.0,0.6372438967227936
5,173,ZEN49,1561,GTGATCCTTGTCATGA-1,12870,6010,0.333792570233345,0.03623948193287291,0.41913543194532393,1.0,1.0,0.6415825486183167
5,174,ZEN49,2063,TTAAGGCCCGTACTTT-1,12298,12427,0.3335577040910721,0.028976328294220227,0.4795322611927986,1.0,1.0,0.6385864913463593
5,175,ZEN49,2002,TGGACCAATCTAAGAT-1,12869,6445,0.3335535734891891,0.033330076498380046,0.6235352903604507,1.0,1.0,0.6337611615657807
5,176,ZEN49,1776,TCAACAAAGATAATTC-1,11163,11992,0.3334752440452576,0.0318071491290861,0.45360142886638644,1.0,1.0,0.6364233493804932
5,177,ZEN49,1482,GGTTTAATTGAGCAGG-1,6057,2525,0.33346095979213713,0.031103989815084457,0.5107035234570503,1.0,1.0,0.6393093049526215
5,178,ZEN49,624,CAGATAATGGGCGGGT-1,13628,4052,0.33342652320861815,0.032632029277156464,0.494709786772728,1.0,1.0,0.6530130267143249
5,179,ZEN49,202,ACGAAATGGGCGGCAC-1,7187,12533,0.33328821659088137,0.029068650756282486,0.5538918048143386,1.0,1.0,0.6478693068027497
5,180,ZEN49,1192,GAGTATCAAAGTTACA-1,11925,1984,0.3332697331905365,0.030503923852436342,0.48924491852521895,1.0,1.0,0.6415955305099488
5,181,ZEN49,1830,TCCGAACTTGGCTTAC-1,7376,13077,0.3332038253545761,0.031606359461604755,0.5876674488186836,1.0,1.0,0.6385400950908661
5,182,ZEN49,1446,GGGTGCATATGAAAGC-1,6814,2960,0.3332023054361343,0.031202856400876076,0.4586218908429146,1.0,1.0,0.6494945704936981
5,183,ZEN49,927,CGTCAAGGCTATAAAT-1,6808,13621,0.3331822484731674,0.03273538862688537,0.45497556403279305,1.0,1.0,0.6441810488700866
5,184,ZEN49,583,CACAGTTCGCTTCCCA-1,11357,2745,0.3331290453672409,0.029555241532421773,0.4817599803209305,1.0,1.0,0.6383607447147369
5,185,ZEN49,1302,GCGCCTCCCACTCCGA-1,10221,3180,0.3331147849559784,0.04118367081524467,0.5283715039491653,1.0,1.0,0.6518665313720703
5,186,ZEN49,1534,GTCGTACCTACGATTG-1,8133,14166,0.3330192357301712,0.03246800168675389,0.47864560335874556,1.0,1.0,0.6519751846790314
5,187,ZEN49,742,CCCTGACTAACAAATT-1,8322,13839,0.33301280736923217,0.030956051272322305,0.5662231862545013,1.0,1.0,0.6473803222179413
5,188,ZEN49,2075,TTACTATCGGCTTCTC-1,7565,13404,0.3329948842525482,0.03266197835232096,0.5963078513741493,1.0,1.0,0.6440696060657501
5,189,ZEN49,142,ACAATTTAGGAGGCTC-1,6997,14165,0.3329207479953766,0.02585355022708059,0.4963501915335655,1.0,1.0,0.6387501239776612
5,190,ZEN49,153,ACACTGGGACAGTCGT-1,12304,2637,0.3328199774026871,0.0348253396992222,0.5540639072656631,1.0,1.0,0.6490265488624573
5,191,ZEN49,295,AGATACCAATAGAACC-1,13250,3181,0.3328078329563141,0.03725648833883956,0.4316769801080227,1.0,1.0,0.6344212532043457
5,192,ZEN49,348,AGGCACGTGACTGTCC-1,11925,2637,0.33278459310531616,0.02930309346476013,0.5269136011600495,1.0,1.0,0.64127197265625
5,193,ZEN49,1920,TCTGATCGGGTGCTAG-1,7572,2308,0.33242423832416534,0.028244432035089282,0.37425294555723665,1.0,1.0,0.6296668767929077
5,194,ZEN49,1943,TGAATACCGACGCGTA-1,13627,6228,0.3323865711688995,0.03405152182585818,0.48459773063659667,1.0,1.0,0.6557931244373322
5,195,ZEN49,1802,TCAGCCAATCCGTAAA-1,13060,3725,0.3323755443096161,0.02750833824832311,0.5512316212058067,1.0,1.0,0.6444021999835968
5,196,ZEN49,757,CCGCATGTGGTACGAT-1,11733,7967,0.3323153227567673,0.0365024052431917,0.5787555813789368,1.0,1.0,0.6375142633914948
5,197,ZEN49,1628,TAAAGCGGTATTTCCA-1,13057,9817,0.33230088353157045,0.03351723969005306,0.554387366771698,1.0,1.0,0.6333839535713196
5,198,ZEN49,108,AATCGCGCAGAGGACT-1,9086,2744,0.33227796852588654,0.029284679209712523,0.5556487143039703,1.0,1.0,0.6371663212776184
5,199,ZEN49,278,AGAAGTGATTCGTGAT-1,10216,12100,0.3322185218334198,0.0368333170370952,0.46672962233424187,1.0,1.0,0.6449207365512848
5,200,ZEN49,738,CCCGTTTCGCAGATGT-1,10978,3615,0.33201256990432737,0.03303624300970667,0.4692713677883148,1.0,1.0,0.6456266462802887
5,201,ZEN49,918,CGGTCCGTCGCAAGCC-1,13057,9599,0.33200793266296386,0.03854859963720953,0.5054908856749535,1.0,1.0,0.645264184474945
5,202,ZEN49,1009,CTCCTTTACGCAAGTC-1,5489,3286,0.33194329142570494,0.024212166121707943,0.5068554058670998,1.0,1.0,0.6321075975894928
5,203,ZEN49,731,CCCAGGTCTGAAGGCT-1,11168,3072,0.3318669557571411,0.03297077588323927,0.43651850521564484,1.0,1.0,0.6446416974067688
5,204,ZEN49,2171,TTGCGCTTGATCAATA-1,14196,4161,0.33185244500637057,0.032543622917279906,0.5908465966582298,1.0,1.0,0.648372370004654
5,205,ZEN49,924,CGGTTGACCTGGCATA-1,8512,12425,0.3314957946538925,0.030708744340220577,0.5447957336902618,1.0,1.0,0.6437926113605499
5,206,ZEN49,1884,TCGGGATTCAAACATA-1,8512,13513,0.33129850327968596,0.02528368663859818,0.5336116388440132,1.0,1.0,0.6413839280605316
5,207,ZEN49,1032,CTGCAAGCACGTTCCG-1,12682,3072,0.3312876522541046,0.03747765592961717,0.45811728909611704,1.0,1.0,0.6408838868141175
5,208,ZEN49,253,ACTGCGGACACACCGT-1,8140,2200,0.3309511423110962,0.03255735439629057,0.4163524016737938,1.0,1.0,0.6379149913787842
5,209,ZEN49,1250,GCAGGAACTTAGATCT-1,11162,13515,0.33094412088394165,0.03233150914061647,0.4533594653010368,1.0,1.0,0.644908857345581
5,210,ZEN49,517,ATTACATGTCAGTCTT-1,10600,3398,0.3306810885667801,0.03288137118872539,0.45845203250646593,1.0,1.0,0.6287887811660766
5,211,ZEN49,1377,GGATCTTGACTCAACC-1,10783,13297,0.33065803349018097,0.03080966742372876,0.4284187167882919,1.0,1.0,0.6473175644874573
5,212,ZEN49,2180,TTGGACCTATAACAGT-1,11734,5791,0.33065246045589447,0.03523800462118798,0.5214941874146461,1.0,1.0,0.6374600231647491
5,213,ZEN49,877,CGCGAGTCTGCCGGGT-1,10973,12971,0.33053892850875854,0.03263591505737105,0.5044848151504994,1.0,1.0,0.6364819705486298
5,214,ZEN49,310,AGCACTTAAGGACGCC-1,6999,11337,0.3305071085691452,0.03241363372280098,0.509826123714447,1.0,1.0,0.6451810896396637
5,215,ZEN49,2048,TGTGTAGTAGCACGTG-1,12114,2528,0.3303933799266815,0.026346354667027894,0.5345563009381294,1.0,1.0,0.6288298666477203
5,216,ZEN49,1338,GCTCCTGACATACTGG-1,11731,11666,0.33032574951648713,0.03013384706965351,0.5084999382495881,1.0,1.0,0.6422168254852295
5,217,ZEN49,766,CCGCTTGCTGACATGG-1,6247,2851,0.33005864918231964,0.03498769355387304,0.5449134275317192,1.0,1.0,0.6343387484550476
5,218,ZEN49,377,AGTATGCTGGAGACCA-1,12109,12318,0.329952335357666,0.03140523574431806,0.5343823999166488,1.0,1.0,0.6364747703075408
5,219,ZEN49,1392,GGCCCGGAGCATGTCT-1,7761,2199,0.3299245983362198,0.033716196534429275,0.3995912902057171,1.0,1.0,0.6418562531471252
5,220,ZEN49,932,CGTCGTCCTTCGCGAA-1,11733,6879,0.3299119383096695,0.036525565921811144,0.3925790447741747,1.0,1.0,0.6448448002338409
5,221,ZEN49,982,CTAGTAGAAAGGGATT-1,13059,6336,0.32990114390850067,0.029242467527086508,0.43123382404446603,1.0,1.0,0.6474440515041351
5,222,ZEN49,943,CGTGTGTTAAACCCTG-1,7193,2525,0.3297611027956009,0.028007939126608036,0.5154968842864036,1.0,1.0,0.6363251030445098
5,223,ZEN49,354,AGGCCTGAGAATCTCG-1,12870,5574,0.3293871909379959,0.031264484719641036,0.5919168293476105,1.0,1.0,0.6370375692844391
5,224,ZEN49,1516,GTCAGAATAGTCTATG-1,6809,11663,0.32927187979221345,0.03305366254390139,0.630232521891594,1.0,1.0,0.6334438443183898
5,225,ZEN49,1908,TCTATGCTATAACGAC-1,13249,4922,0.329245001077652,0.028202586046227753,0.5429578065872193,1.0,1.0,0.6397847235202789
5,226,ZEN49,353,AGGCCCTAGAACGCCA-1,9648,12426,0.3290491670370102,0.03568195669379748,0.4297540932893753,1.0,1.0,0.6361405551433563
5,227,ZEN49,367,AGGTCAGGTGAGAGTG-1,9837,12970,0.32896946668624877,0.02895060598462074,0.6556809693574905,1.0,1.0,0.6380720794200897
5,228,ZEN49,151,ACACGTAGGCCACAAG-1,12114,3181,0.32883730828762053,0.035414569990980735,0.4749240316450596,1.0,1.0,0.6408539712429047
5,229,ZEN49,2184,TTGGGACGTAAGAGTT-1,10789,3289,0.3287344813346863,0.032133587449474935,0.442094099521637,1.0,1.0,0.6392953395843506
5,230,ZEN49,369,AGGTGCACGTCCACAT-1,14385,3835,0.3287299543619156,0.03205496685870197,0.5177481934428215,1.0,1.0,0.6358853578567505
5,231,ZEN49,271,ACTTTGTCGACGCACT-1,11736,2093,0.328491148352623,0.03180750513564801,0.42415657788515093,1.0,1.0,0.642031216621399
5,232,ZEN49,168,ACCAACCGCACTCCAC-1,13438,4596,0.3284031540155411,0.03255396441444576,0.5021151542663574,1.0,1.0,0.632998126745224
5,233,ZEN49,451,ATATACGCTCGTGACG-1,12871,3399,0.3282028615474701,0.02793312256084284,0.42827820032835007,1.0,1.0,0.6362060070037842
5,234,ZEN49,654,CATACTTAGGCAATAC-1,8139,2852,0.32817168831825255,0.03400110516094081,0.5241611085832119,1.0,1.0,0.633536434173584
5,235,ZEN49,1254,GCATACGAGGTCTTTA-1,8322,13622,0.3280538946390152,0.0243044524032831,0.5315063074231148,1.0,1.0,0.630887645483017
5,236,ZEN49,1478,GGTTAGTTACGGCGCC-1,6241,12641,0.328043133020401,0.030028062696584805,0.4833558022975922,1.0,1.0,0.6361618280410767
5,237,ZEN49,999,CTCACTGTGATACTTA-1,13058,6989,0.327998560667038,0.030693461997507207,0.45835186541080475,1.0,1.0,0.6390816271305084
5,238,ZEN49,931,CGTCGGGTCTAAGCGC-1,11351,12753,0.32796653509140017,0.0355132750841356,0.5078342035412788,1.0,1.0,0.6537288308143616
5,239,ZEN49,1700,TAGACGAAACGCCAAT-1,13058,7206,0.32795539796352385,0.032357800323266225,0.5356080859899521,1.0,1.0,0.645571905374527
5,240,ZEN49,1441,GGGTATGTATGCACTT-1,6431,12098,0.32793528735637667,0.031788186515255196,0.5492479346692563,1.0,1.0,0.6308659911155701
5,241,ZEN49,227,ACGGTACAGTTCAATG-1,14574,4596,0.3278800517320633,0.031900287093263216,0.5552980840206146,1.0,1.0,0.6442107200622559
5,242,ZEN49,748,CCGACAATAGGCCGCC-1,11925,3072,0.32784160375595095,0.03509317692439007,0.4598916307091713,1.0,1.0,0.6494554460048676
5,243,ZEN49,437,ATACTGCCTTACACCG-1,12112,6009,0.3277178943157196,0.03217737603023698,0.5800209894776345,1.0,1.0,0.6393095254898071
5,244,ZEN49,1575,GTGGCGGTCCCAGCGT-1,8701,12969,0.32770325541496276,0.032859587833985085,0.49362464994192123,1.0,1.0,0.6346733391284942
5,245,ZEN49,1138,GACAAGAGATGAGATT-1,11736,2528,0.3276448339223862,0.03759079413119957,0.5259100556373596,1.0,1.0,0.6466270804405212
5,246,ZEN49,686,CCAAATAACAAGATTC-1,10789,2854,0.32764109075069425,0.030333021951901285,0.4791007719933987,1.0,1.0,0.6341175377368927
5,247,ZEN49,2049,TGTGTTCGTATCCAAG-1,6998,12859,0.3276204466819763,0.03157083878548069,0.38188474625349045,1.0,1.0,0.6385309338569641
5,248,ZEN49,1816,TCCAGCGCTATAAGCG-1,10979,2527,0.3275950163602829,0.03148388771675935,0.40174655243754387,1.0,1.0,0.6444657504558563
5,249,ZEN49,848,CGATAATACTCAGGTT-1,9275,2418,0.327473047375679,0.024034953848251342,0.43323014974594115,1.0,1.0,0.6318849742412567
5,250,ZEN49,762,CCGCGTAGGTAAGGGC-1,6809,12751,0.32741329073905945,0.031451851117665616,0.4663414776325226,1.0,1.0,0.635161817073822
5,251,ZEN49,749,CCGACGGGCATGAGGT-1,11352,12318,0.32739237546920774,0.03209959416392665,0.508116514980793,1.0,1.0,0.6296132445335388
5,252,ZEN49,794,CCTATGTCCACTCCAC-1,12870,5139,0.3273826718330383,0.02784350146468171,0.4709817111492157,1.0,1.0,0.6288804709911346
5,253,ZEN49,678,CATTACATAGATTGTG-1,6247,2416,0.32734438478946687,0.036616083720637675,0.48149513751268386,1.0,1.0,0.6346563339233399
5,254,ZEN49,2047,TGTGGCTCCCACCAAC-1,9465,2309,0.32728357911109923,0.027329441540890773,0.5039579212665558,1.0,1.0,0.6433274149894714
5,255,ZEN49,1725,TAGGTGACGATAACCT-1,12680,6553,0.3272686541080475,0.030736271152819346,0.4139754965901375,1.0,1.0,0.6366503119468689
5,256,ZEN49,340,AGCTTGATCTTAACTT-1,8891,12643,0.3269924223423004,0.026496975756681158,0.5422541782259941,1.0,1.0,0.6263689875602723
