sample_id,patch_index,barcode,coord_x,coord_y,n_contexts,expert0_mean_logit,expert0_sd_logit,expert0_mean_prob,expert0_sd_prob,expert0_mean_route_weight,expert0_top2_frequency,expert0_top1_frequency,expert1_mean_logit,expert1_sd_logit,expert1_mean_prob,expert1_sd_prob,expert1_mean_route_weight,expert1_top2_frequency,expert1_top1_frequency,expert2_mean_logit,expert2_sd_logit,expert2_mean_prob,expert2_sd_prob,expert2_mean_route_weight,expert2_top2_frequency,expert2_top1_frequency,expert3_mean_logit,expert3_sd_logit,expert3_mean_prob,expert3_sd_prob,expert3_mean_route_weight,expert3_top2_frequency,expert3_top1_frequency,expert4_mean_logit,expert4_sd_logit,expert4_mean_prob,expert4_sd_prob,expert4_mean_route_weight,expert4_top2_frequency,expert4_top1_frequency,expert5_mean_logit,expert5_sd_logit,expert5_mean_prob,expert5_sd_prob,expert5_mean_route_weight,expert5_top2_frequency,expert5_top1_frequency
TENX117,0,002x028,19715,-414,10,0.01267554983496666,0.14976689833453952,0.15520167648792266,0.007072596061634587,0.0,0.0,0.0,-0.041575806215405464,0.14840162821436886,0.1473223552107811,0.011678237241814727,0.0,0.0,0.0,0.44967157393693924,0.1436344016769975,0.24113366454839708,0.023211591964238307,0.43093047142028806,1.0,0.0,-1.2421711802482605,0.3617152401966594,0.04698955323547125,0.014760311244120835,0.0,0.0,0.0,0.7303021430969239,0.1956223408571069,0.31942070424556734,0.032574252363349473,0.5690695345401764,1.0,1.0,-0.5338515654206276,0.16566789248125124,0.08993207439780235,0.005525110286042225,0.0,0.0,0.0
TENX117,1,002x029,20445,-414,10,-0.05064380168914795,0.0790268622078232,0.16251880526542664,0.009675169444410847,0.0,0.0,0.0,-0.18997755460441113,0.15844151388099728,0.14165925085544587,0.011996051812659942,0.0,0.0,0.0,0.29566573034971955,0.14849833693037298,0.23060048818588258,0.023424925541611578,0.42303537428379057,1.0,0.0,-0.9581649303436279,0.3981138843307019,0.06857017427682877,0.017847948365235528,0.0,0.0,0.0,0.6085358738899231,0.0595772603731727,0.3148482650518417,0.028150967427864715,0.5769646286964416,1.0,1.0,-0.7382157206535339,0.10962944801793964,0.08180302381515503,0.0062258467533704166,0.0,0.0,0.0
TENX117,2,003x027,18984,316,10,-0.04996071681380272,0.1089711934549767,0.15806222558021546,0.01068155260103364,0.0,0.0,0.0,-0.1912293542176485,0.16250551898368143,0.1377313405275345,0.014497360045379458,0.0,0.0,0.0,0.4737000837922096,0.14367130809347994,0.2680805787444115,0.030669395190898396,0.48385835587978365,1.0,0.5,-0.9108321160078049,0.3479727078048935,0.07102822102606296,0.027164272360313827,0.0,0.0,0.0,0.53896863758564,0.11496876806515982,0.28549647331237793,0.02745024991235623,0.5161416471004486,1.0,0.5,-0.7355740308761597,0.10494860233422033,0.07960115224123002,0.004916018699901703,0.0,0.0,0.0
TENX117,3,003x028,19715,316,10,-0.03449652120471001,0.17013239760457305,0.1650050923228264,0.022480846767200243,0.0,0.0,0.0,-0.15218172930181026,0.11625559936434225,0.14546618163585662,0.005229076426909387,0.0,0.0,0.0,0.5926899552345276,0.2600450551802662,0.31163007616996763,0.0573388633525812,0.6116525053977966,1.0,0.8,-0.9330288022756577,0.47652518209299927,0.07530874088406563,0.03909777197081572,0.0,0.0,0.0,0.12612420022487641,0.20427935312465773,0.1947347640991211,0.032995187675831275,0.3883474975824356,1.0,0.2,-0.45699234753847123,0.18068303679892123,0.10785515159368515,0.012187992759655644,0.0,0.0,0.0
TENX117,4,003x029,20445,316,10,0.037622195482254026,0.20709144622325595,0.15734111964702607,0.014631240783093547,0.0,0.0,0.0,-0.06381656751036643,0.13510428508346267,0.1416807845234871,0.006059238352847863,0.0,0.0,0.0,0.5833016440272332,0.24191307915056523,0.2746328473091125,0.047556347576899714,0.5016328543424606,1.0,0.5,-1.0513772547245026,0.48878893447228006,0.06036529280245304,0.024014120470013892,0.0,0.0,0.0,0.5777097702026367,0.2779548773083975,0.2725783228874207,0.04634027079800515,0.49836714565753937,1.0,0.5,-0.4822960510849953,0.2131470456810186,0.09340161606669425,0.006960211654761722,0.0,0.0,0.0
TENX117,5,004x024,16792,1047,10,-0.12114458419382572,0.1284055676870237,0.1479014649987221,0.011378364229840572,0.0,0.0,0.0,-0.05868671908974647,0.12422395051377089,0.1572221964597702,0.00863661348804029,0.0,0.0,0.0,0.5254134327173233,0.18521275509797197,0.28345098048448564,0.03252448341169596,0.5607045441865921,1.0,0.8,-0.8476722627878189,0.4892018804109937,0.07987763024866582,0.03451566767442796,0.0,0.0,0.0,0.2778291366994381,0.20875926082099328,0.2224673181772232,0.0346543635139385,0.4392954587936401,1.0,0.2,-0.4278577134013176,0.15712037270513715,0.10908040702342987,0.01111226469673005,0.0,0.0,0.0
TENX117,6,004x025,17522,1047,10,0.023911955952644347,0.11683004421115319,0.1545184999704361,0.008894889552086413,0.0,0.0,0.0,-0.07866259440779685,0.12310322493617738,0.13965513929724693,0.01083516457928742,0.0,0.0,0.0,0.6386260092258453,0.11314962241128684,0.2862497314810753,0.023686508544832327,0.5101081937551498,1.0,0.6,-0.9217591762542725,0.2388512479865793,0.0622086139395833,0.016067914272881203,0.0,0.0,0.0,0.597954273223877,0.1373905806131116,0.27478407621383666,0.022056050112854286,0.48989182710647583,1.0,0.4,-0.6042578369379044,0.12976520079949014,0.08258390575647354,0.0066774061943926846,0.0,0.0,0.0
TENX117,7,004x026,18253,1047,10,0.06518220975995064,0.17607371495197416,0.1622280776500702,0.011886326818869527,0.0,0.0,0.0,-0.03398320116102695,0.16329656477214408,0.14740381315350531,0.01610061292025188,0.0,0.0,0.0,0.6794699937105179,0.21602206797179827,0.3009891465306282,0.03385478694653317,0.5578475713729858,1.0,0.9,-0.8866303265094757,0.3734089660440476,0.06540255844593049,0.018731112598289166,0.0,0.0,0.0,0.44513357877731324,0.22564464836226442,0.23778160363435746,0.024005583601789428,0.44215244352817534,1.0,0.1,-0.5682457633316517,0.21688181802424483,0.08619478717446327,0.00747457591462604,0.0,0.0,0.0
TENX117,8,004x027,18984,1047,10,0.05630873590707779,0.15709243568249337,0.1837896004319191,0.01719600701969956,0.0,0.0,0.0,-0.07731535173952579,0.1242527398013923,0.16071463376283646,0.013979913745850467,0.03691032528877258,0.1,0.0,0.4805348813533783,0.20814843140802194,0.2834618240594864,0.046162745850006355,0.5764402091503144,1.0,0.8,-1.1186951339244842,0.2989097936368689,0.060738115757703784,0.02279779764482531,0.0,0.0,0.0,0.1590337224304676,0.20983970857881992,0.20469897389411926,0.0283473741080214,0.38664946854114535,0.9,0.2,-0.48720144629478457,0.13070127855955838,0.10659685954451562,0.008462228183593205,0.0,0.0,0.0
TENX117,9,004x028,19715,1047,10,0.12017559185624123,0.17534918891448925,0.1616436079144478,0.016418328557184378,0.0,0.0,0.0,0.06321762390434742,0.13717456255354005,0.15204353183507918,0.006123545319491714,0.0,0.0,0.0,0.6633300215005875,0.18440403380342207,0.2809057891368866,0.047212767058136505,0.5343019783496856,1.0,0.5,-1.1718543410301208,0.41468680690887305,0.04776164758950472,0.015492492746642309,0.0,0.0,0.0,0.5224479526281357,0.21202451784210286,0.24344030171632766,0.03820669336102902,0.4656980186700821,1.0,0.5,-0.22616512402892114,0.18935258221863194,0.11420511677861214,0.010298024090541551,0.0,0.0,0.0
TENX117,10,004x029,20445,1047,10,0.20433653518557549,0.1343853673702712,0.18287443816661836,0.017921011267318956,0.0,0.0,0.0,-0.04092896729707718,0.1160924540198953,0.14275101125240325,0.009936226773174923,0.0,0.0,0.0,0.6960194244980812,0.24512141906441318,0.3029090389609337,0.05650660027987458,0.594540536403656,1.0,1.0,-1.4311646699905396,0.23036153353390706,0.036810926906764505,0.010077691450692648,0.0,0.0,0.0,0.3028347723186016,0.17189601987079442,0.20290812104940414,0.028999340974685546,0.40545945763587954,1.0,0.0,-0.12113030776381492,0.14569123363174258,0.1317464679479599,0.009123660856534665,0.0,0.0,0.0
TENX117,11,005x023,16061,1777,10,-0.15348263084888458,0.13737667440354448,0.14194858968257903,0.010545879625633333,0.0,0.0,0.0,-0.1521843161433935,0.11041439728133728,0.14218054860830306,0.01111722248724991,0.0,0.0,0.0,0.450769379734993,0.18589426684482024,0.2608297809958458,0.030181179664550833,0.4417639344930649,0.9,0.5,-0.619159334897995,0.5280388281986919,0.10174975730478764,0.05821082887492155,0.04838187098503113,0.1,0.0,0.499016535282135,0.1954474811370093,0.2743169829249382,0.03628219403784219,0.5098541796207428,1.0,0.5,-0.7420889467000962,0.15381714798519333,0.07897434830665588,0.007898874038110189,0.0,0.0,0.0
TENX117,12,005x024,16792,1777,10,-0.1077037014067173,0.19939147985675124,0.15780779272317885,0.01274649224776793,0.0,0.0,0.0,-0.13064867742359637,0.2159940569497244,0.1542659133672714,0.01243107712455559,0.0,0.0,0.0,0.5001395672559739,0.22162369043180408,0.2902131751179695,0.027595802792269575,0.5522758692502976,1.0,0.9,-0.8764804005622864,0.38960648526899894,0.07716338038444519,0.02473432826539001,0.0,0.0,0.0,0.28865889385342597,0.23371438133674988,0.23473816365003586,0.020806455916837222,0.44772414267063143,1.0,0.1,-0.7173311382532119,0.20760692917360243,0.08581157326698304,0.007352471556226322,0.0,0.0,0.0
TENX117,13,005x025,17522,1777,10,-0.10757684111595153,0.23559582491789874,0.15849315226078034,0.013488126064724023,0.0,0.0,0.0,-0.2096313625574112,0.21310987876880613,0.14272122979164123,0.005635702430863576,0.0,0.0,0.0,0.4193294523283839,0.3126031131907727,0.27170880883932114,0.046449819499482334,0.5185558289289475,1.0,0.5,-0.865185534954071,0.34237858710819624,0.08297384381294251,0.03992319914130855,0.0,0.0,0.0,0.34415378272533415,0.2689485264100501,0.2492912754416466,0.024867227729790897,0.481444188952446,1.0,0.5,-0.6196368736214936,0.25680380422692817,0.09481167495250702,0.005785562505770804,0.0,0.0,0.0
TENX117,14,005x026,18253,1777,10,0.07707584425806999,0.22649593957096467,0.16571308821439742,0.015159670813552477,0.0,0.0,0.0,-0.013666225224733352,0.1496359252480257,0.15098948627710343,0.009153549996578955,0.0,0.0,0.0,0.5760138630867004,0.16652899169264926,0.2747471064329147,0.03942397827811517,0.5330446034669876,1.0,0.7,-1.2543357074260713,0.5926152844798824,0.05434846850112081,0.030749969914635994,0.0,0.0,0.0,0.4418120816349983,0.33836831284378194,0.2417838230729103,0.04620056406237602,0.4669553995132446,1.0,0.3,-0.31256248727440833,0.24879007002401213,0.11241801828145981,0.01215934053170062,0.0,0.0,0.0
TENX117,15,005x027,18984,1777,10,0.15392327010631562,0.12672422172177966,0.19820414930582048,0.022393164847376013,0.4095931202173233,1.0,0.0,-0.05305797643959522,0.13524607515626969,0.16036816835403442,0.009256038065560525,0.0,0.0,0.0,0.5278002545237541,0.27541672715992443,0.2915627181529999,0.05584905455644301,0.5904068768024444,1.0,1.0,-1.1205956935882568,0.5315979986567058,0.060528377257287505,0.02610786733169531,0.0,0.0,0.0,-0.066810941696167,0.16829036493457983,0.1607532024383545,0.029834532055653857,0.0,0.0,0.0,-0.27621306404471396,0.1146812606607877,0.1285833775997162,0.011237248876929102,0.0,0.0,0.0
TENX117,16,005x028,19715,1777,10,0.06125468239188194,0.14320283131362907,0.15700269490480423,0.015492412073838991,0.0,0.0,0.0,-0.06094133406877518,0.18593055933743424,0.13871815651655198,0.010957228838863717,0.0,0.0,0.0,0.6783936887979507,0.19463403868439466,0.29335215985774993,0.04641653432844291,0.5721291065216064,1.0,0.6,-0.8481347255408764,0.5601551267684467,0.07175204064697027,0.033951790796918964,0.0,0.0,0.0,0.37763601988554,0.2497400115411764,0.22004464864730836,0.0500167923851328,0.4278708785772324,1.0,0.4,-0.2165062400046736,0.13766176237788258,0.11913028359413147,0.013724164910916683,0.0,0.0,0.0
TENX117,17,005x029,20445,1777,10,0.15233152508735656,0.11165243441442027,0.19824971109628678,0.01818297897092657,0.28909251689910886,0.7,0.0,-0.08452380113303662,0.10309517152908164,0.15608657747507096,0.009738840455956525,0.0,0.0,0.0,0.4847214825451374,0.26217224713992454,0.28028409034013746,0.052670742317448116,0.4792726695537567,0.8,0.8,-1.3405967116355897,0.2357745963985851,0.04617443922907114,0.012858561519168534,0.0,0.0,0.0,0.11449581235647202,0.18329702211381463,0.1923707604408264,0.029698130665116743,0.2316348135471344,0.5,0.2,-0.2924193635582924,0.08953315876737916,0.1268343985080719,0.008611372855308868,0.0,0.0,0.0
TENX117,18,006x021,14600,2508,10,-0.06746924668550491,0.1897858673828967,0.1475987009704113,0.011994935149624013,0.0,0.0,0.0,-0.06795883662998677,0.14879266535875216,0.1474659949541092,0.01142674058544692,0.0,0.0,0.0,0.5650073558092117,0.13854036995276375,0.27803031355142593,0.025345996153757086,0.5077084362506866,1.0,0.5,-0.8916340634226799,0.4596208880019853,0.07680142186582088,0.049970309067092024,0.0,0.0,0.0,0.5335562959313392,0.29425783908583575,0.2722849726676941,0.045633557915215846,0.4922915637493134,1.0,0.5,-0.7086186230182647,0.21207860225247613,0.07781856879591942,0.007234183079429326,0.0,0.0,0.0
TENX117,19,006x022,15330,2508,10,-0.03667767494916916,0.13067093760766346,0.1624090403318405,0.014925712492261075,0.0,0.0,0.0,-0.15829350985586643,0.1189019626483981,0.1437172919511795,0.01186786461214956,0.0,0.0,0.0,0.5178259007632733,0.16675002945880557,0.2826883867383003,0.024366654699408435,0.5185779631137848,1.0,0.6,-0.869653582572937,0.2978477956311523,0.07223889045417309,0.01722756207658519,0.0,0.0,0.0,0.44309292137622835,0.10923234533579489,0.26217748522758483,0.021288142990361924,0.48142205476760863,1.0,0.4,-0.7853712379932404,0.12820301241597037,0.076768908649683,0.0065664216473021566,0.0,0.0,0.0
TENX117,20,006x023,16061,2508,10,0.16340926066040992,0.1881578714698495,0.17865717113018037,0.020310603091153855,0.0,0.0,0.0,-0.07738638836890459,0.1168359050734183,0.14008958637714386,0.01191779607022097,0.0,0.0,0.0,0.6918096780776978,0.20907274272078513,0.3050092190504074,0.0483568323766264,0.5672615021467209,1.0,0.6,-1.0956951916217803,0.3533497672348551,0.05394243523478508,0.018522015563663934,0.0,0.0,0.0,0.41577464491128924,0.1908143379873795,0.23074601143598555,0.03231191772385204,0.43273848593235015,1.0,0.4,-0.502430647611618,0.17104873738424986,0.09155557826161384,0.007968084682335012,0.0,0.0,0.0
TENX117,21,006x024,16792,2508,10,0.068796456605196,0.1588099780790041,0.1811451330780983,0.020809188688206828,0.04129059612751007,0.1,0.0,-0.12835350837558507,0.07756133167120888,0.14843531399965287,0.013997980538621543,0.0,0.0,0.0,0.504964941740036,0.2479155425525911,0.28298452496528625,0.050433209985774004,0.5079530268907547,0.9,0.7,-1.385256552696228,0.5717352740714964,0.04935787422582507,0.025897834616057283,0.0,0.0,0.0,0.30670599564909934,0.22455616606319964,0.23160466849803923,0.03998773769595362,0.45075635612010956,1.0,0.3,-0.46062449365854263,0.17020168011635559,0.10647249072790146,0.010109151233442533,0.0,0.0,0.0
TENX117,22,006x025,17522,2508,10,0.13725361451506615,0.09347411633222877,0.18295304328203202,0.016666060857538658,0.2015371561050415,0.5,0.1,0.017072424292564392,0.09812788897274596,0.1620044767856598,0.012220612334074704,0.03266273140907287,0.1,0.0,0.5640922546386719,0.22478172748755848,0.28428965657949445,0.05288934221166148,0.5944700837135315,1.0,0.9,-0.8721816182136536,0.3832201546233414,0.07115625329315663,0.025533775036258595,0.0,0.0,0.0,0.08764760568737984,0.150666132014547,0.1760024219751358,0.03077672113462848,0.17133004665374757,0.4,0.0,-0.25377278327941893,0.06440688930680653,0.1235941506922245,0.009570188508156902,0.0,0.0,0.0
TENX117,23,006x026,18253,2508,10,0.02937045842409134,0.19483545595657786,0.15945853441953659,0.01486255044265925,0.0,0.0,0.0,-0.014673445001244545,0.2043880438481041,0.1522665500640869,0.010226878402384851,0.034286630153656,0.1,0.0,0.6099980667233467,0.19200280849513307,0.2868123486638069,0.041588227145251476,0.593460476398468,1.0,0.9,-0.7515403628349304,0.3132162362501363,0.07679247073829173,0.024610626578756626,0.0,0.0,0.0,0.21497346311807633,0.25530272945225246,0.19407351315021515,0.033661797658758055,0.372252893447876,0.9,0.1,-0.1707839325070381,0.21288358998238152,0.13059659376740457,0.01288548744065359,0.0,0.0,0.0
TENX117,24,006x027,18984,2508,10,0.06351541876792907,0.1833278304873545,0.17464211732149124,0.02024737065234895,0.04267851710319519,0.1,0.0,-0.042330304905772206,0.054550813805250925,0.15650178194046022,0.011879899051920086,0.06838749945163727,0.2,0.0,0.45582639407366515,0.27659258571237716,0.2634627014398575,0.05897958833316018,0.5209898769855499,0.9,0.7,-1.0887450277805328,0.7714548774115126,0.07385694347321987,0.04875057430936388,0.0,0.0,0.0,0.17070477679371834,0.3098502589100342,0.19925969392061232,0.050971554831292135,0.3679440915584564,0.8,0.3,-0.2134141206741333,0.1982349888633607,0.13227677047252656,0.014465646331818823,0.0,0.0,0.0
TENX117,25,006x028,19715,2508,10,0.0017671823501586915,0.10659845882091484,0.15455773770809172,0.01850303231794049,0.0,0.0,0.0,0.03156101368367672,0.05178940755544071,0.15817666053771973,0.004973360930779522,0.0934094399213791,0.3,0.0,0.6719678580760956,0.182646962790571,0.3032902732491493,0.04458219171812827,0.6076179802417755,1.0,0.9,-0.7458598122000695,0.5319433820136662,0.08250353187322616,0.040665736658949285,0.0,0.0,0.0,0.19677680134773254,0.21698590397080822,0.19164350777864456,0.04429573329075881,0.2989725828170776,0.7,0.1,-0.3399653539061546,0.10887634362522239,0.10982827469706535,0.013105912285501665,0.0,0.0,0.0
TENX117,26,006x029,20445,2508,10,0.09173356667160988,0.16423306813047103,0.15127403438091278,0.015751622080558275,0.0,0.0,0.0,0.0347609693184495,0.11338211077590962,0.1424107551574707,0.009103718102629096,0.0,0.0,0.0,0.7047046691179275,0.1367222470626694,0.2813910827040672,0.04502591744398203,0.5647415816783905,1.0,0.6,-0.4398569606244564,0.45735290225481195,0.09828403480350971,0.042220579413966654,0.03218745589256287,0.1,0.0,0.4316380299627781,0.2742213598561441,0.21629939526319503,0.04659046636129978,0.4030709743499756,0.9,0.4,-0.22319781705737113,0.15580610618888488,0.1103406973183155,0.010821116373585182,0.0,0.0,0.0
TENX117,27,007x020,13869,3239,10,0.007030039280653,0.14542422645387063,0.1568331941962242,0.0078100724743090265,0.0,0.0,0.0,-0.10138696283102036,0.11673420043561201,0.14095018208026885,0.010560739723040695,0.0,0.0,0.0,0.6030771195888519,0.1625249353509739,0.2854568511247635,0.02576470927374788,0.503924211859703,1.0,0.5,-1.126179826259613,0.17616842430910556,0.051635167002677916,0.011303816697213849,0.0,0.0,0.0,0.5872904032468795,0.20962942773372387,0.2812677681446075,0.028644372691745912,0.4960758090019226,1.0,0.5,-0.620772197842598,0.14603945890586573,0.0838568426668644,0.006474487455125877,0.0,0.0,0.0
TENX117,28,007x021,14600,3239,10,0.2573925882577896,0.1481154479617304,0.1921703651547432,0.01927041625685381,0.0,0.0,0.0,-0.030116642639040948,0.11613743374682803,0.1435799315571785,0.006684322889479425,0.0,0.0,0.0,0.6342640578746795,0.18172215439614317,0.28286002278327943,0.048109301355861875,0.5375765919685364,1.0,0.6,-1.159400436282158,0.4374609596335116,0.05145992003381252,0.02484654101957145,0.0,0.0,0.0,0.4809437394142151,0.16442471501514147,0.2406778022646904,0.027714939182203302,0.46242340505123136,1.0,0.4,-0.5088402688503265,0.12789075290563165,0.08925198018550873,0.008480124907455587,0.0,0.0,0.0
TENX117,29,007x022,15330,3239,10,0.06341485753655433,0.11163873937641652,0.18400750756263734,0.022007982968521522,0.20835929811000825,0.6,0.0,-0.1592271238565445,0.08779236756944302,0.14646339565515518,0.008065357943844421,0.0,0.0,0.0,0.5392870277166366,0.22337908269478188,0.29917432069778443,0.054132282540214384,0.6053581655025482,1.0,1.0,-1.0317067444324493,0.30292973082267577,0.06383580975234508,0.018008590797500272,0.0,0.0,0.0,0.05983213633298874,0.18690383964588872,0.18542050272226335,0.03533414644181417,0.18628254234790803,0.4,0.0,-0.3534259498119354,0.1221175551411804,0.12109847143292427,0.012824423360865788,0.0,0.0,0.0
TENX117,30,007x023,16061,3239,10,0.15933754816651344,0.10527604742256184,0.1806569367647171,0.017145670577077023,0.04791617393493652,0.1,0.0,-0.03289261497557163,0.09406480102152821,0.14854229986667633,0.005994957596284747,0.0,0.0,0.0,0.5599066093564034,0.22708555820750656,0.27372340857982635,0.05210915603675146,0.5079186230897903,0.9,0.6,-1.02991681098938,0.35431284053274587,0.05832832977175713,0.01741131219927088,0.0,0.0,0.0,0.3450063943862915,0.18419360931298345,0.2194623053073883,0.03624819358190555,0.4441652178764343,1.0,0.4,-0.2549806676805019,0.12386818333107069,0.11928673759102822,0.010137668197356706,0.0,0.0,0.0
TENX117,31,007x024,16792,3239,10,0.18623811900615692,0.1401477551086848,0.18957359790802003,0.016694662948836578,0.14211700856685638,0.4,0.0,0.0017568256705999374,0.09360244529862116,0.15715372413396836,0.006533599269783929,0.0,0.0,0.0,0.5965288743376732,0.19551480747940292,0.2878861427307129,0.04289953350446785,0.5892032265663147,1.0,0.9,-1.1232802093029022,0.46410643545302793,0.059209621697664264,0.0371642158509036,0.0,0.0,0.0,0.20753715559840202,0.21937695740971594,0.1955883637070656,0.031912806880481065,0.26867975294589996,0.6,0.1,-0.35243491902947427,0.15883700941017187,0.11058858186006545,0.009456421106382007,0.0,0.0,0.0
TENX117,32,007x025,17522,3239,10,0.11980732008814812,0.051291323258943644,0.1728530615568161,0.011838392834359062,0.0,0.0,0.0,-0.03568568583577871,0.07286251296927969,0.1477403685450554,0.006019948929406815,0.0,0.0,0.0,0.6400541216135025,0.19351353751765477,0.29362290650606154,0.0451055828274468,0.5623694956302643,1.0,0.7,-1.1383792579174041,0.2006934185453219,0.04980151243507862,0.008863220020786003,0.0,0.0,0.0,0.38469447791576383,0.0895002732962937,0.226310895383358,0.026567582113313757,0.4376305103302002,1.0,0.3,-0.33564123064279555,0.06238992340994059,0.10967126116156578,0.008320846365443465,0.0,0.0,0.0
TENX117,33,007x026,18253,3239,10,0.09913768991827965,0.10586876502533885,0.18354299962520598,0.02142851882293181,0.031059443950653076,0.1,0.0,-0.0724457275122404,0.08533044315304704,0.15360635966062547,0.0038543883002995095,0.0,0.0,0.0,0.5624483838677407,0.2613655816146209,0.2961344674229622,0.06104377530482041,0.5912927955389022,1.0,0.7,-1.4060780167579652,0.5008965493682396,0.044943336956202985,0.01935011599379884,0.0,0.0,0.0,0.17689694762229918,0.1505055707246966,0.1999550461769104,0.03434119720417222,0.3776477575302124,0.9,0.3,-0.3082033395767212,0.10713414948145372,0.12181779593229294,0.01119989317600477,0.0,0.0,0.0
TENX117,34,007x027,18984,3239,10,-0.060096313059329984,0.10496836460906289,0.16023100912570953,0.019685472235941057,0.0,0.0,0.0,-0.1537298822775483,0.08737221202195915,0.14498691260814667,0.0069329794879929825,0.030439597368240357,0.1,0.0,0.5904131770133972,0.22200452011722713,0.3094991907477379,0.0538318938492338,0.6029310405254364,1.0,0.8,-0.8843758992850781,0.44789110836364426,0.07696862891316414,0.03306332513349567,0.0,0.0,0.0,0.15169495716691017,0.19817852964759508,0.2009527787566185,0.0418733455201062,0.3666293561458588,0.9,0.2,-0.46040739566087724,0.11982681225941952,0.10736147239804268,0.013029314584251613,0.0,0.0,0.0
TENX117,35,007x028,19715,3239,10,0.011544257029891014,0.12858763290323155,0.1663343444466591,0.01636804466670189,0.0,0.0,0.0,-0.04142375327646732,0.05613300067610438,0.15747537612915039,0.01259155934399712,0.06679694354534149,0.2,0.0,0.5841584146022797,0.2181506364473404,0.2976150944828987,0.049592524743093655,0.6016984462738038,1.0,1.0,-1.0270697832107545,0.36630990635460886,0.0627967394888401,0.022267255125036828,0.0,0.0,0.0,0.12923508733510972,0.23740310541284163,0.18971027284860612,0.03658821217770577,0.33150460124015807,0.8,0.0,-0.2660176558420062,0.13288715482525928,0.1260681889951229,0.01293099250678311,0.0,0.0,0.0
TENX117,36,007x029,20445,3239,10,0.01281208023428917,0.1832259002469196,0.1612134635448456,0.01480337301929166,0.0,0.0,0.0,-0.08932017050683498,0.16312597150129055,0.14513474702835083,0.007246014737215647,0.0,0.0,0.0,0.5505914881825447,0.24427143577707958,0.2786353945732117,0.04579539311510999,0.5639125883579255,1.0,0.7,-0.9691899359226227,0.5748381952110304,0.07343647852540017,0.039841899087148705,0.0,0.0,0.0,0.285036750882864,0.34376495440903493,0.21680785566568375,0.052227940417233255,0.43608739972114563,1.0,0.3,-0.24410679638385774,0.2105706122350801,0.1247720591723919,0.012340505047338206,0.0,0.0,0.0
TENX117,37,008x019,13138,3969,10,-0.08311084788292647,0.09721348985866056,0.140884667634964,0.010194074811327298,0.0,0.0,0.0,-0.11669810637831687,0.0829806961425627,0.13632147014141083,0.010887039913744928,0.0,0.0,0.0,0.6535534560680389,0.1228251846890082,0.2949911281466484,0.028656818070826047,0.5230985909700394,1.0,0.7,-0.8201026916503906,0.3570784565581576,0.07230403199791909,0.028055168233703628,0.0,0.0,0.0,0.5600286900997162,0.18218991576699187,0.2702557936310768,0.03941328379115048,0.4769014060497284,1.0,0.3,-0.5861381858587265,0.1254150495023509,0.08524292111396789,0.006736139050124119,0.0,0.0,0.0
TENX117,38,008x020,13869,3969,10,0.049255653470754626,0.09121651664166108,0.16315897107124328,0.01619247844515722,0.0,0.0,0.0,-0.09557966236025095,0.1109786465613879,0.14081970900297164,0.009643732586564336,0.0,0.0,0.0,0.640810152888298,0.21897171004232782,0.29695796221494675,0.04585219323551198,0.5365335762500762,1.0,0.5,-1.1348194748163223,0.404155030208338,0.05303019694983959,0.020962997700078444,0.0,0.0,0.0,0.4921079337596893,0.11087661286279123,0.25416727513074877,0.026007387025738477,0.4634664386510849,1.0,0.5,-0.5234868288040161,0.11594411048419515,0.09186586737632751,0.007447063529490485,0.0,0.0,0.0
TENX117,39,008x021,14600,3969,10,0.14769115149974824,0.17212101315391196,0.17218437790870667,0.020749171488468467,0.03300133943557739,0.1,0.0,0.016616382449865342,0.17944066002423611,0.15035885870456694,0.011121169421867097,0.0,0.0,0.0,0.695908922702074,0.2860479916121247,0.3018811881542206,0.05946074865659748,0.5967346429824829,1.0,0.8,-1.2012261986732482,0.2844354213648419,0.04685274120420217,0.013507333410792213,0.0,0.0,0.0,0.2885269016027451,0.272647817784303,0.19986407309770585,0.03494307924704516,0.3702640235424042,0.9,0.2,-0.13964147977530955,0.18730126001283454,0.12885876074433328,0.012357826102529444,0.0,0.0,0.0
TENX117,40,008x022,15330,3969,10,0.04965792670845985,0.17293899976457977,0.1864343836903572,0.01418797111049094,0.3845534086227417,1.0,0.0,-0.1725813928991556,0.19985080964318927,0.14928480237722397,0.0112096292067993,0.0,0.0,0.0,0.5267391860485077,0.28449533817055167,0.30389595180749895,0.05111287333798374,0.6154465734958648,1.0,1.0,-0.8472429692745209,0.16619445127310162,0.07885248102247715,0.023356958722966847,0.0,0.0,0.0,-0.078415048122406,0.16487661565250955,0.16469697952270507,0.019422134703152388,0.0,0.0,0.0,-0.41862968653440474,0.20754550002876085,0.11683539152145386,0.010259098428347315,0.0,0.0,0.0
TENX117,41,008x023,16061,3969,10,0.24304655343294143,0.12322417869017387,0.18693084716796876,0.01614931360914738,0.0,0.0,0.0,-0.03489084392786026,0.157041419995266,0.14115070104598998,0.005347304842448954,0.0,0.0,0.0,0.667557267844677,0.2629158049715242,0.2900110647082329,0.05482160644271092,0.5609338462352753,1.0,0.7,-1.1880923628807067,0.3730809173950012,0.0479940339922905,0.019352132887242496,0.0,0.0,0.0,0.4165336906909943,0.17279726327970768,0.22359739989042282,0.030745228116818204,0.43906613886356355,1.0,0.3,-0.2826000347733498,0.13047239592275528,0.11031596809625625,0.006943809356287529,0.0,0.0,0.0
TENX117,42,008x024,16792,3969,10,0.1822720654308796,0.07684258913428832,0.1898556649684906,0.013100300969088518,0.07155435681343078,0.2,0.0,-0.01716647557914257,0.10401572197213241,0.15537076443433762,0.00803868422420445,0.0,0.0,0.0,0.5982260227203369,0.18917452011668662,0.29052657037973406,0.04442216454425492,0.5868044435977936,1.0,1.0,-1.2590675413608552,0.3463439204149857,0.048663532547652724,0.02039887385423378,0.0,0.0,0.0,0.22849434316158296,0.13153363945499286,0.1998241737484932,0.024184051600434187,0.34164119958877565,0.8,0.0,-0.3135899819433689,0.09688697396400503,0.11575930714607238,0.00977862794631537,0.0,0.0,0.0
TENX117,43,008x025,17522,3969,10,0.2099331147968769,0.07566328828728901,0.18416928350925446,0.012999389318667905,0.0,0.0,0.0,0.03507370315492153,0.0984101435425439,0.15458823889493942,0.009989014398370862,0.0,0.0,0.0,0.6482536315917968,0.1930095774619598,0.2887928694486618,0.047412182982830425,0.5586596161127091,1.0,0.6,-1.3406632900238038,0.4280377688168532,0.0422279791906476,0.015448106698530722,0.0,0.0,0.0,0.40796980559825896,0.11973276782705157,0.22585322111845016,0.029604384569080797,0.44134038388729097,1.0,0.4,-0.35759405344724654,0.07348584508679806,0.104368407279253,0.006797734107762566,0.0,0.0,0.0
TENX117,44,008x026,18253,3969,10,0.15595709830522536,0.13557546357960085,0.18673731982707978,0.014614465183401593,0.0,0.0,0.0,-0.08466556556522846,0.11454972915969722,0.14669486731290818,0.010044508656562676,0.0,0.0,0.0,0.551948606222868,0.26269330205054986,0.28110464066267016,0.049850354048851665,0.5535309553146363,1.0,0.7,-1.5819122612476348,0.4081526107960446,0.037262071296572684,0.020519357731802478,0.0,0.0,0.0,0.33264665454626086,0.16845350374561183,0.22403873056173323,0.02953208128513145,0.4464690387248993,1.0,0.3,-0.25233631655573846,0.16330889145501112,0.1241623431444168,0.010137359285545402,0.0,0.0,0.0
TENX117,45,008x027,18984,3969,10,0.1464340515434742,0.1592111767775192,0.18883696049451829,0.021354863397233168,0.2217114418745041,0.6,0.0,-0.08443434312939643,0.09838780793179318,0.14931113719940187,0.0105495810798091,0.0,0.0,0.0,0.5748008839786053,0.2954205427036312,0.29423228949308394,0.060466264917568076,0.5993677407503128,1.0,0.9,-0.8561197459697724,0.4028720498406337,0.0745187446475029,0.03044459885562789,0.0,0.0,0.0,0.10597730576992034,0.21439438177150327,0.18308061957359315,0.03230758747629755,0.17892082333564757,0.4,0.1,-0.39087048508226874,0.16795893097537784,0.11002023443579674,0.009232381867849856,0.0,0.0,0.0
TENX117,46,008x028,19715,3969,10,0.20124311968684197,0.07244283402257755,0.19412062913179398,0.017472009669090422,0.31248539984226226,0.8,0.0,-0.0707989890128374,0.135308301046884,0.1481676310300827,0.016226391560116484,0.0,0.0,0.0,0.6093635484576225,0.24840340916350714,0.29597327411174773,0.05485660391732323,0.5958033084869385,1.0,1.0,-1.4455890238285065,0.3501885473703504,0.039326030388474466,0.012573164108291197,0.0,0.0,0.0,0.15424733385443687,0.08609278638791559,0.18591979742050171,0.023293496495850732,0.09171128273010254,0.2,0.0,-0.14948109090328215,0.08356988342942985,0.13649263605475426,0.009779170684093636,0.0,0.0,0.0
TENX117,47,008x029,20445,3969,10,0.20452417582273483,0.08172406762244454,0.19035222828388215,0.014032056833271174,0.3818821728229523,1.0,0.0,-0.035274067893624306,0.060735707279927234,0.1498208999633789,0.011788837275324385,0.0,0.0,0.0,0.6921190977096557,0.17818877830874993,0.3127870559692383,0.04783102019729453,0.6181178271770478,1.0,1.0,-1.0806109607219696,0.2541898379824292,0.05415644273161888,0.012690263029032827,0.0,0.0,0.0,0.042028294503688814,0.1545273790414378,0.16336598694324495,0.025808495664959564,0.0,0.0,0.0,-0.18157205739989876,0.10167153880670117,0.1295173719525337,0.01130050683671651,0.0,0.0,0.0
TENX117,48,009x019,13138,4700,10,-0.02768915817141533,0.14807053071462709,0.15826740711927414,0.014760255701625112,0.0,0.0,0.0,-0.07331431657075882,0.15595108105367786,0.15114765241742134,0.013301035834903621,0.0,0.0,0.0,0.5178356885910034,0.11440718881567,0.27425811141729356,0.03681533601763476,0.5078501760959625,1.0,0.7,-0.9010286271572113,0.3364076805035127,0.07022445164620876,0.024608198318186652,0.0,0.0,0.0,0.485944601893425,0.14041000625023686,0.2647501781582832,0.027388783805715747,0.4921498209238052,1.0,0.3,-0.6930321335792542,0.13171446697462452,0.08135218694806098,0.0076158558266420495,0.0,0.0,0.0
TENX117,49,009x020,13869,4700,10,0.13244596421718596,0.15229260701613395,0.19436405450105668,0.016909185307828218,0.19396500289440155,0.5,0.0,-0.07886843346059322,0.14849769281525527,0.1573645979166031,0.013538322464417758,0.0,0.0,0.0,0.5522894777357579,0.2411642057178335,0.2985828906297684,0.048073137360501936,0.5945432722568512,1.0,1.0,-1.2150476187467576,0.46428397443799685,0.059921820648014545,0.039377246634835696,0.0,0.0,0.0,0.10585996061563492,0.23623150761488865,0.19112086147069932,0.03095766623403961,0.21149171590805055,0.5,0.0,-0.5489810198545456,0.2029521472385426,0.0986457772552967,0.011642420774573845,0.0,0.0,0.0
TENX117,50,009x021,14600,4700,10,0.15303043872117997,0.12577308150704797,0.1746809259057045,0.011459814306776353,0.0,0.0,0.0,0.020618583261966705,0.08979222579245988,0.15295502543449402,0.009050465609234984,0.0,0.0,0.0,0.6851211592555047,0.20135812204970532,0.29964389801025393,0.041475996702198696,0.581331467628479,1.0,0.8,-1.2322556316852569,0.46747191501012114,0.04836440794169903,0.021165942404940952,0.0,0.0,0.0,0.3502181269228458,0.2043742662996198,0.21502074599266052,0.03407605939148603,0.41866853535175325,1.0,0.2,-0.31686497675254943,0.14591723606157436,0.10933499187231063,0.009226062989207338,0.0,0.0,0.0
TENX117,51,009x022,15330,4700,10,0.20751099437475204,0.10663252789340659,0.18965988159179686,0.011718009916416456,0.042572852969169614,0.1,0.0,-0.042749319970607755,0.12015451880273975,0.1476234570145607,0.008077546176911844,0.0,0.0,0.0,0.528078681230545,0.24462678014352351,0.26552761942148206,0.04978183086121362,0.5487450391054154,1.0,0.6,-0.9471752636134625,0.6251051042094173,0.07452039197087287,0.05870118548254122,0.05272727608680725,0.1,0.1,0.28342976942658427,0.16624386096869936,0.2068590924143791,0.03231617481322291,0.35595484673976896,0.8,0.3,-0.28687774017453194,0.09114003514108397,0.11580955684185028,0.0089867105393117,0.0,0.0,0.0
TENX117,52,009x023,16061,4700,10,0.12224064916372299,0.143597093341958,0.18197967559099198,0.013155373190151521,0.0,0.0,0.0,0.004578623920679092,0.1726217541397922,0.1618041515350342,0.01194147422777562,0.0,0.0,0.0,0.5733329795300961,0.2718472184780638,0.28933411836624146,0.05007295207336483,0.575000849366188,1.0,0.9,-1.355507069826126,0.3616208743150032,0.04580985326319933,0.01845672206727375,0.0,0.0,0.0,0.26489262357354165,0.19230659667634903,0.21092213988304137,0.02610869660982425,0.424999138712883,1.0,0.1,-0.3815660919994116,0.22554748992140222,0.1101500540971756,0.010487644419833691,0.0,0.0,0.0
TENX117,53,009x024,16792,4700,10,0.30073837116360663,0.16942501762919907,0.18468862771987915,0.013472704794376471,0.0,0.0,0.0,0.13008444346487522,0.1680981142368385,0.15546823143959046,0.006976288048016618,0.0,0.0,0.0,0.7145949125289917,0.22604901826493481,0.2819183856248856,0.04217764412519506,0.5532475054264069,1.0,0.6,-1.0995920479297638,0.22267055044621528,0.04682027865201235,0.011313488356156939,0.0,0.0,0.0,0.4976682037115097,0.1742269617633455,0.22552016973495484,0.023414941323071196,0.4467524975538254,1.0,0.4,-0.2588690407574177,0.16614791621007857,0.10558429211378098,0.008319794390693054,0.0,0.0,0.0
TENX117,54,009x025,17522,4700,10,0.1650573305785656,0.12813359210303016,0.19048282951116563,0.01002596129850922,0.1947098344564438,0.5,0.0,0.03351401165127754,0.1195148609702946,0.16689945757389069,0.0064416211968236665,0.0,0.0,0.0,0.503207566589117,0.24417412945908962,0.2705462485551834,0.04496789065226495,0.5760004132986069,1.0,0.9,-0.9602791786193847,0.2985365264723927,0.06618255339562892,0.025338431078790174,0.0,0.0,0.0,0.15402882024645806,0.17641027851079458,0.18938299268484116,0.021608418520624798,0.2292897433042526,0.5,0.1,-0.3266983315348625,0.12448183623840245,0.11650592610239982,0.006422875390690854,0.0,0.0,0.0
TENX117,55,009x026,18253,4700,10,-0.013970167934894561,0.04598322539413761,0.16814381927251815,0.011027226205441063,0.0,0.0,0.0,-0.06411107014864684,0.10741047362810102,0.15969146341085433,0.005975154193962019,0.0,0.0,0.0,0.5012847416102886,0.2542949748330169,0.2853470668196678,0.050130332667991356,0.5825689673423767,1.0,0.9,-1.0239888846874237,0.32185279858480315,0.06509721390902996,0.023649155091660285,0.0,0.0,0.0,0.16167905405163766,0.07376135297850495,0.2012932077050209,0.02328201514583783,0.41743103265762327,1.0,0.1,-0.3470135271549225,0.055307042980398055,0.1204272173345089,0.006393565356030966,0.0,0.0,0.0
TENX117,56,009x027,18984,4700,10,0.14745518416166306,0.14322666980805165,0.17730297297239303,0.01741967265636965,0.10677663683891296,0.3,0.0,0.007268090546131134,0.08804804978992535,0.15344704389572145,0.004976897379360942,0.0,0.0,0.0,0.6603369385004043,0.19440338839689766,0.2996039271354675,0.05405545214629822,0.599979916214943,1.0,0.9,-1.0162782073020935,0.4054234733711472,0.0604793056845665,0.02934668463589971,0.0,0.0,0.0,0.2377718485891819,0.20606223141287514,0.19594006538391112,0.03340916072515471,0.29324344396591184,0.7,0.1,-0.2995654635131359,0.12560772938789685,0.11322670429944992,0.009447520603954066,0.0,0.0,0.0
TENX117,57,009x028,19715,4700,10,0.054010986164212224,0.12345722629495434,0.1818090483546257,0.016642266893444734,0.3653128415346146,1.0,0.0,-0.0968680128455162,0.11935866321049053,0.1558999389410019,0.007720524512291207,0.0,0.0,0.0,0.6137156262993813,0.24678858860367406,0.32086528092622757,0.04959961193139813,0.6346871495246887,1.0,1.0,-0.6473307125270367,0.3457715058330403,0.0954221811145544,0.0347713244264269,0.0,0.0,0.0,-0.22283371910452843,0.17746984328321028,0.13906460031867027,0.022675736472171294,0.0,0.0,0.0,-0.47540270537137985,0.1435727063269727,0.10693897977471352,0.008236854276921656,0.0,0.0,0.0
TENX117,58,009x029,20445,4700,10,0.09797604382038116,0.25489931095565727,0.18525753319263458,0.017389239210691226,0.2700422704219818,0.7,0.0,-0.13140592649579047,0.2356445413014915,0.14697596579790115,0.010180707178331767,0.0,0.0,0.0,0.5749658174812794,0.29637523807864746,0.2998551070690155,0.03980457746523393,0.6061819791793823,1.0,1.0,-0.8407225601375103,0.6587595237730666,0.09754572976380586,0.0711556966503381,0.12377575635910035,0.3,0.0,-0.17694680541753768,0.3804392509086756,0.14438323751091958,0.0354827642700574,0.0,0.0,0.0,-0.29239560551941396,0.30553769454300417,0.1259824402630329,0.017059627813447952,0.0,0.0,0.0
TENX117,59,010x018,12407,5431,10,-0.030910972505807877,0.18659902596823458,0.15771652162075042,0.008094848328581405,0.0,0.0,0.0,-0.05933946073055267,0.11228160838303353,0.15395062565803527,0.015457699673144306,0.0,0.0,0.0,0.4985496774315834,0.17224922500191525,0.2684071078896523,0.022590532947555093,0.49466602206230165,1.0,0.5,-1.2821854293346404,0.4512256821631121,0.050855733826756476,0.02323466338040422,0.0,0.0,0.0,0.5202297426760196,0.24719337652744994,0.27536835968494416,0.033932407382776454,0.5053339838981629,1.0,0.5,-0.5542284101247787,0.2353031058915463,0.09370165765285492,0.0085069442081881,0.0,0.0,0.0
TENX117,60,010x019,13138,5431,10,0.05956032760441303,0.1187299642731061,0.16336462646722794,0.013970788438705596,0.0,0.0,0.0,-0.1288816761225462,0.13803446106558925,0.1355329528450966,0.01365161187186772,0.0,0.0,0.0,0.5280717223882675,0.13247201024116123,0.26180943846702576,0.029757453182771433,0.4724137783050537,1.0,0.5,-0.9568559795618057,0.3281370946494912,0.06178156435489655,0.02030437485182671,0.0,0.0,0.0,0.6392273962497711,0.04738532485220535,0.29110081791877745,0.01681565002112092,0.5275862276554107,1.0,0.5,-0.5760877728462219,0.09771316532071324,0.08641059473156928,0.006034319060178429,0.0,0.0,0.0
TENX117,61,010x020,13869,5431,10,0.03353172466158867,0.13073634053715918,0.18843719810247422,0.0177172394358413,0.0,0.0,0.0,-0.14598413165658713,0.13200045298467897,0.15683801621198654,0.004275054368294868,0.0,0.0,0.0,0.38425170406699183,0.27800353604040506,0.2706347435712814,0.0473639698761876,0.53029003739357,1.0,0.5,-1.6779951333999634,0.2511003368139372,0.03453248552978039,0.0072222616846787996,0.0,0.0,0.0,0.2610002152621746,0.13744289704164414,0.2366970807313919,0.023957277622192696,0.46970996260643005,1.0,0.5,-0.4776918515563011,0.12625174873776984,0.11286047771573067,0.008836473342365085,0.0,0.0,0.0
TENX117,62,010x021,14600,5431,10,0.16727917790412902,0.09880985757744644,0.19975685626268386,0.023956988208268228,0.3612950682640076,0.9,0.2,-0.1169133186340332,0.10073873430664794,0.14933820962905883,0.004745716199733478,0.0,0.0,0.0,0.547643706202507,0.28337026358955886,0.2968469187617302,0.06219621726663172,0.5418344050645828,0.9,0.8,-1.0607425153255463,0.2843202623494695,0.05963401272892952,0.013047710915166417,0.0,0.0,0.0,0.0895671546459198,0.122733231838609,0.18605242669582367,0.030771163995206904,0.09687053561210632,0.2,0.0,-0.4402946650981903,0.09345211715807673,0.10837157517671585,0.008659590738760785,0.0,0.0,0.0
TENX117,63,010x022,15330,5431,10,0.1904780462384224,0.2248019883877652,0.20493527203798295,0.01908491244629987,0.4237137079238892,1.0,0.2,-0.06333603113889694,0.19875776543026571,0.15844752192497252,0.006346041502709339,0.0,0.0,0.0,0.5039258696138859,0.3247659025703805,0.2845624342560768,0.05450756099011915,0.5762862920761108,1.0,0.8,-1.2046106040477753,0.16592962761600985,0.05244835503399372,0.01580187303334018,0.0,0.0,0.0,0.0502946600317955,0.22737097815140786,0.1790330246090889,0.024192190507420806,0.0,0.0,0.0,-0.33984466940164565,0.25429482089959554,0.1205733798444271,0.011213114932475687,0.0,0.0,0.0
TENX117,64,010x023,16061,5431,10,0.17689628303050994,0.11135155381823056,0.1985122397542,0.017231979520337826,0.2532138377428055,0.6,0.0,-0.01142820417881012,0.09944084077047302,0.16393951028585435,0.0061962319820512285,0.0,0.0,0.0,0.4750986410304904,0.2567828407381391,0.27163500934839246,0.05252521933499186,0.466110822558403,0.8,0.7,-1.3849769413471222,0.36582209558643763,0.04418366234749556,0.016330946198007942,0.0,0.0,0.0,0.21184008866548537,0.14582485066519915,0.20687693059444429,0.029221449392078932,0.28067533671855927,0.6,0.3,-0.36953120678663254,0.12319982722000575,0.11485265046358109,0.008753549184716061,0.0,0.0,0.0
TENX117,65,010x024,16792,5431,10,-0.040103213489055635,0.12156499368541666,0.17258555442094803,0.01730384330693043,0.0,0.0,0.0,-0.16719238944351672,0.15066714996632755,0.15143658667802812,0.007820844309455267,0.0,0.0,0.0,0.4926520152017474,0.3221259114791464,0.2979439184069633,0.055805221081668,0.5880737930536271,1.0,0.8,-1.121664696931839,0.24270269289080765,0.059597131237387656,0.013241146196236921,0.0,0.0,0.0,0.1285689003765583,0.15932415622800022,0.20475212186574937,0.024587483807269595,0.4119262099266052,1.0,0.2,-0.4562228783965111,0.1350436343304775,0.11368468701839447,0.00992266027437527,0.0,0.0,0.0
TENX117,66,010x025,17522,5431,10,0.2705409750342369,0.1297124400204096,0.1931013733148575,0.02081814010201352,0.1650954306125641,0.4,0.0,0.06894759219139815,0.13568393947237473,0.1575239896774292,0.013287307231566733,0.0,0.0,0.0,0.5816393196582794,0.21941625043549193,0.2679658651351929,0.05521227655581543,0.4700835794210434,0.8,0.6,-1.1227688819169999,0.41186641803810914,0.054034166224300864,0.03254409324563873,0.0,0.0,0.0,0.3459051750600338,0.18389537840690437,0.20959828644990922,0.033142247293458264,0.3648209869861603,0.8,0.4,-0.22108475491404533,0.10921179908441782,0.11777630895376205,0.008884412795198967,0.0,0.0,0.0
TENX117,67,010x026,18253,5431,10,0.14576811641454696,0.12945511762264925,0.19439921975135804,0.011958950290368121,0.03775688111782074,0.1,0.0,-0.10699365325272084,0.16358306140967102,0.1509750157594681,0.00899428022488159,0.0,0.0,0.0,0.4915434271097183,0.20291514495738733,0.27732014656066895,0.04140332858757905,0.5619598746299743,1.0,0.8,-1.529820704460144,0.3243244787479962,0.03786067441105843,0.011086379652215678,0.0,0.0,0.0,0.23827821761369705,0.11900226603188577,0.21412153244018556,0.02366153544656385,0.40028325021266936,0.9,0.2,-0.2936235353350639,0.1411570873479872,0.12532341331243516,0.008472884588984746,0.0,0.0,0.0
TENX117,68,010x027,18984,5431,10,0.058756690472364426,0.14111913603558654,0.1732218012213707,0.017534021072625937,0.06482919156551362,0.2,0.0,-0.04468169063329697,0.09863815838658047,0.15559485852718352,0.007908106978507037,0.0,0.0,0.0,0.5816306374967098,0.2367040827958787,0.29572327733039855,0.0535584487581491,0.602280342578888,1.0,1.0,-0.866041973233223,0.3839433586588749,0.07354764603078365,0.026451069911394256,0.0,0.0,0.0,0.14718004018068315,0.22572028310066505,0.1913941666483879,0.03484611757498195,0.33289044797420503,0.8,0.0,-0.3903434507548809,0.15248105737511275,0.11051826179027557,0.010986867027906567,0.0,0.0,0.0
TENX117,69,010x028,19715,5431,10,0.15120541602373122,0.1315464838404749,0.19195313900709152,0.021309268998058628,0.30139864087104795,0.8,0.0,-0.18479183167219163,0.14730804210110138,0.1368679367005825,0.01240803536280708,0.0,0.0,0.0,0.6655189543962479,0.21422129328016024,0.3226271390914917,0.04800831516432285,0.6176493763923645,1.0,1.0,-0.6972198061645031,0.5977911923398121,0.09659645706415176,0.056036780567170645,0.08095197975635529,0.2,0.0,-0.29652813598513605,0.24445946523617862,0.12543232887983322,0.029837374102701077,0.0,0.0,0.0,-0.26422226019203665,0.1395519424911094,0.12652299404144288,0.012349055461576199,0.0,0.0,0.0
TENX117,70,010x029,20445,5431,10,0.13230897784233092,0.12915809365491152,0.18573072105646132,0.020296875093507066,0.36913437247276304,1.0,0.0,-0.07387413196265698,0.09483028029459478,0.15040709376335143,0.007317649792983252,0.0,0.0,0.0,0.6785234309732914,0.281652456888787,0.32403469532728196,0.057114067084510896,0.6308656454086303,1.0,1.0,-0.773899319767952,0.25039645457596293,0.07744011953473091,0.021673244446651835,0.0,0.0,0.0,-0.1500972755253315,0.1832328483071887,0.1409348115324974,0.0220787292999281,0.0,0.0,0.0,-0.2891424711793661,0.1309348263556007,0.12145256996154785,0.00870265984985769,0.0,0.0,0.0
TENX117,71,011x017,11677,6162,10,-0.16770935244858265,0.18034484622378383,0.15108996629714966,0.014146087369556224,0.0,0.0,0.0,-0.18423337507992982,0.1927773940344796,0.14833348691463472,0.010277187537443756,0.0,0.0,0.0,0.3839916542172432,0.16885304655688643,0.263026288151741,0.0309191760776477,0.505711579322815,1.0,0.5,-1.0390040300786496,0.6239985449381923,0.07977267475798726,0.0545194918956846,0.0,0.0,0.0,0.36148020178079604,0.28747244673363515,0.25981949269771576,0.04922316714642406,0.49428842067718504,1.0,0.5,-0.6022263258695603,0.20540370656310175,0.09795809239149093,0.010099700327736716,0.0,0.0,0.0
TENX117,72,011x018,12407,6162,10,-0.053530768305063245,0.0972982058384913,0.15502474457025528,0.012148592549405805,0.0,0.0,0.0,-0.082572703063488,0.14061454236973342,0.15058303624391556,0.011378087337700309,0.0,0.0,0.0,0.4387910388410091,0.17728136579300402,0.25515119433403016,0.032971439840476825,0.46650242507457734,1.0,0.3,-1.0761887848377227,0.2881654591388005,0.058854198269546035,0.018459453619670694,0.0,0.0,0.0,0.5747905194759368,0.15352763015388068,0.2909877359867096,0.027390134513583946,0.5334975570440292,1.0,0.7,-0.6030270129442215,0.11910273365954609,0.08939907848834991,0.005627299184142326,0.0,0.0,0.0
TENX117,73,011x019,13138,6162,10,0.005098426342010498,0.0963038355460672,0.16360519528388978,0.011973581083749919,0.0,0.0,0.0,-0.12071365267038345,0.09711542597006838,0.14408889710903167,0.007641749990674188,0.0,0.0,0.0,0.48099884018301964,0.18994954257491012,0.26492403298616407,0.034477280201070895,0.47625893652439116,1.0,0.5,-1.437063640356064,0.3058352994423511,0.04054477456957102,0.012561869680060105,0.0,0.0,0.0,0.5773258954286575,0.12871922962248344,0.29056776612997054,0.02836219770550168,0.5237410455942154,1.0,0.5,-0.5244436204433441,0.12267091578937807,0.09626932069659233,0.005942554665586021,0.0,0.0,0.0
TENX117,74,011x020,13869,6162,10,0.24969057217240334,0.1742751607128453,0.1931712582707405,0.020618726466572188,0.27512591481208803,0.7,0.0,0.04842825774103403,0.10363207873292789,0.1572033554315567,0.0063367081068342445,0.0,0.0,0.0,0.6346054345369339,0.1957806226000079,0.28757050484418867,0.05413867542488046,0.4891024351119995,0.8,0.8,-1.1682320177555083,0.5912350176717432,0.053491888102144,0.023529723873611526,0.0,0.0,0.0,0.2930245794355869,0.22726012307405366,0.2043081596493721,0.04037665437346987,0.23577165007591247,0.5,0.2,-0.3664923425763845,0.1688701840442226,0.10425484254956245,0.010555216623021519,0.0,0.0,0.0
TENX117,75,011x021,14600,6162,10,0.19468260556459427,0.11503217165802575,0.19387767910957338,0.015488282744490267,0.11508048474788665,0.3,0.0,-0.08622365519404411,0.13750850338132364,0.14606673270463943,0.006340827490146431,0.0,0.0,0.0,0.6051910161972046,0.2312188632684524,0.2951719745993614,0.04719293486259609,0.5871202766895294,1.0,0.9,-1.4951690554618835,0.3093770181442217,0.03721844181418419,0.010786808244881227,0.0,0.0,0.0,0.2198164112865925,0.14986757603324233,0.20018979907035828,0.028817527191840508,0.2977992296218872,0.7,0.1,-0.22435219585895538,0.13165462604256337,0.12747538834810257,0.009881136043294771,0.0,0.0,0.0
TENX117,76,011x022,15330,6162,10,0.22398631125688553,0.11440499847012453,0.2063247010111809,0.022099626219974196,0.4132786691188812,1.0,0.2,-0.06576203629374504,0.15358025724007981,0.15372713208198546,0.0069777831907241895,0.0,0.0,0.0,0.5814958646893501,0.2531397548798112,0.29904806464910505,0.05747788132872262,0.5867213279008865,1.0,0.8,-1.0575668215751648,0.47456722280003993,0.06349628437310458,0.03060356021197571,0.0,0.0,0.0,0.030632523447275163,0.19348242075185496,0.1713766947388649,0.027889969062407878,0.0,0.0,0.0,-0.4432218953967094,0.1557270247177641,0.10602710396051407,0.012606675185774479,0.0,0.0,0.0
TENX117,77,011x023,16061,6162,10,0.15188944339752197,0.09529201616780915,0.1879373386502266,0.01685415606178611,0.12516893446445465,0.3,0.0,-0.05981369744986296,0.08200899887884786,0.15164774805307388,0.0068835197031285895,0.0,0.0,0.0,0.49402001053094863,0.260305985571457,0.269137354195118,0.054286185911394905,0.5226829946041107,0.9,0.7,-0.8393751814961433,0.522452785141535,0.08031413573771715,0.041984607952073066,0.0,0.0,0.0,0.21368946582078935,0.1528093915917207,0.2010713443160057,0.028512795240787318,0.35214807391166686,0.8,0.3,-0.38257472813129423,0.08423375013534425,0.10989206433296203,0.006534645892094555,0.0,0.0,0.0
TENX117,78,011x024,16792,6162,10,0.2774448812007904,0.1393000375850934,0.19972874224185944,0.017146540058560332,0.24432550072669984,0.6,0.0,-0.02632168997079134,0.09531615644457211,0.14734014719724656,0.011722144529097369,0.0,0.0,0.0,0.5733294874429703,0.2015388661504815,0.2719323217868805,0.048825517625759665,0.4666272819042206,0.8,0.7,-0.9592793643474579,0.2427580506147988,0.059557699039578436,0.014579402003324641,0.0,0.0,0.0,0.2943542838096619,0.17862539578381742,0.20429594069719315,0.027875806120871822,0.28904721736907957,0.6,0.3,-0.25565377324819566,0.1387867637183138,0.11714513152837754,0.009434396482607174,0.0,0.0,0.0
TENX117,79,011x025,17522,6162,10,0.2671272188425064,0.1656454164938679,0.1910104423761368,0.015318034953004406,0.13844446539878846,0.4,0.0,0.014221486262977123,0.15049224894950786,0.14858175963163375,0.014737800841200207,0.0,0.0,0.0,0.6862289682030678,0.20989117038452415,0.29385604709386826,0.050398343710245,0.5847980141639709,1.0,1.0,-1.2928045630455016,0.3866411953080051,0.043701216019690035,0.016996936230781495,0.0,0.0,0.0,0.31862801760435105,0.22155438764596438,0.2030666634440422,0.03282760182269074,0.2767575025558472,0.6,0.0,-0.2002350889146328,0.19142755088818808,0.11978388875722885,0.010670394139668807,0.0,0.0,0.0
TENX117,80,011x026,18253,6162,10,0.1754198543727398,0.16533761036905434,0.19524534195661544,0.01728846056875854,0.3094994813203812,0.8,0.0,-0.023109355941414833,0.16203001342778506,0.15961897373199463,0.00691810063555713,0.0,0.0,0.0,0.5863156743347645,0.24704256068877556,0.29799579828977585,0.052029316472910765,0.5986742496490478,1.0,1.0,-1.0466660976409912,0.2902513768887681,0.06129837743937969,0.021929727575136903,0.0,0.0,0.0,0.07341384738683701,0.20911767299163814,0.17731378376483917,0.024429956053855777,0.09182626008987427,0.2,0.0,-0.4121811561286449,0.1791827300593361,0.10852774530649185,0.010233328330577444,0.0,0.0,0.0
TENX117,81,011x027,18984,6162,10,0.0734192632138729,0.15166115126783053,0.17179326862096786,0.014847618901727118,0.031782838702201846,0.1,0.0,-0.054992373660206796,0.1184557295293697,0.15158123075962066,0.017464570136367055,0.0,0.0,0.0,0.6284299463033676,0.18315390825305505,0.30200195759534837,0.047823661047308084,0.5966214537620544,1.0,0.9,-1.1292996764183045,0.4086556509833211,0.05647866018116474,0.023209651671307164,0.0,0.0,0.0,0.225334332883358,0.23636894259280725,0.20228547006845474,0.035558651796714344,0.3715957075357437,0.9,0.1,-0.3201745759695768,0.1551887823541479,0.11585940793156624,0.009590272120024926,0.0,0.0,0.0
TENX117,82,011x028,19715,6162,10,0.07669746428728104,0.2132534701720901,0.165445576608181,0.014697146413234134,0.0,0.0,0.0,-0.0772375449538231,0.19362871434879278,0.14144786447286606,0.0065487215316483586,0.0,0.0,0.0,0.6772807836532593,0.20717584142409357,0.30370836406946183,0.0433878164022437,0.5869088381528854,1.0,0.8,-0.9889841437339782,0.48418282489157244,0.06550123933702708,0.03187363061126535,0.0,0.0,0.0,0.3154680572450161,0.3146994710131749,0.21419589817523957,0.04607761335640458,0.4130911558866501,1.0,0.2,-0.3354487758129835,0.23302420369819246,0.10970107316970826,0.011247992166107322,0.0,0.0,0.0
TENX117,83,011x029,20445,6162,10,0.12945218086242677,0.13705236617216265,0.1936041459441185,0.022406179287330616,0.25679982304573057,0.7,0.1,-0.16074235774576665,0.07517902026806436,0.14399532377719879,0.005153006249593803,0.0,0.0,0.0,0.5854190438985825,0.19257385117952253,0.30831560045480727,0.054201909290182315,0.6032449334859848,1.0,0.9,-1.6956231713294982,0.5186016946496963,0.03463553655892611,0.014547008185450858,0.0,0.0,0.0,0.06535304635763169,0.18248162777176358,0.1834779515862465,0.03364698127946282,0.13995524048805236,0.3,0.0,-0.22152014933526515,0.10206418255036495,0.13597144782543183,0.012315084933594914,0.0,0.0,0.0
TENX117,84,012x016,10946,6892,10,-0.12337222844362258,0.14900573267950404,0.13949411362409592,0.008082000633573524,0.0,0.0,0.0,-0.07589032500982285,0.10548627728412463,0.1467162065207958,0.013933657608057117,0.0,0.0,0.0,0.6019302651286125,0.16767947559404972,0.2883399799466133,0.019636796286130295,0.5387137353420257,1.0,0.6,-1.0083437412977219,0.5297069862657856,0.0673665514215827,0.036120333520489316,0.0,0.0,0.0,0.4448419094085693,0.2640561316234077,0.24926916807889937,0.041295646403554924,0.46128627359867097,1.0,0.4,-0.3747800089418888,0.1981503600546472,0.10881397351622582,0.010490342716040582,0.0,0.0,0.0
TENX117,85,012x017,11677,6892,10,-0.08200347796082497,0.16806240939328618,0.15609207451343537,0.013687291459636564,0.0,0.0,0.0,-0.17609405927360058,0.1652044904145619,0.1419083908200264,0.010088456827422026,0.0,0.0,0.0,0.46572169438004496,0.24782736248554202,0.27111767530441283,0.03396121160496536,0.5043594300746918,1.0,0.5,-0.8078238546848298,0.2597345433403692,0.07685470096766948,0.016039801787850912,0.0,0.0,0.0,0.44827439486980436,0.17541320416506906,0.2652883380651474,0.023389357224946953,0.4956405729055405,1.0,0.5,-0.6449242532253265,0.185195465491189,0.08873883187770844,0.005585447220250575,0.0,0.0,0.0
TENX117,86,012x018,12407,6892,10,-0.07272235825657844,0.23555967829640917,0.17694036662578583,0.013026476394270983,0.0,0.0,0.0,-0.22613083720207214,0.25324274132635266,0.15183185040950775,0.011600825043610437,0.0,0.0,0.0,0.40107591599226,0.28292759955085667,0.28634866178035734,0.040570650816928074,0.5719717979431153,1.0,1.0,-1.1216319501399994,0.5623533554243427,0.07171547990292311,0.03774650395088043,0.0,0.0,0.0,0.10811332240700722,0.2574982085219331,0.21252989768981934,0.02235922129683033,0.4280281990766525,1.0,0.0,-0.6371923089027405,0.23757729829690408,0.100633754581213,0.007611905400857161,0.0,0.0,0.0
TENX117,87,012x019,13138,6892,10,0.0736505426466465,0.15986309181305342,0.17073144614696503,0.01172533120632956,0.0,0.0,0.0,-0.030302698910236358,0.13196344107498928,0.15374405533075333,0.00839394798690688,0.0,0.0,0.0,0.5452895358204841,0.21847166430195322,0.2759167984127998,0.039920424119841244,0.5275948822498322,1.0,0.6,-1.09771548807621,0.30402784799136096,0.05726229175925255,0.02434004363625222,0.0,0.0,0.0,0.4332472443580627,0.21520711778358936,0.2459635466337204,0.03080406101303822,0.4724051058292389,1.0,0.4,-0.5003363170661033,0.2134972823279592,0.09638187065720558,0.009372676320295826,0.0,0.0,0.0
TENX117,88,012x020,13869,6892,10,0.09306908994913102,0.033157891606112176,0.20589904934167863,0.016290225961998674,0.40949485898017884,1.0,0.1,-0.15135812535881996,0.08275670453121428,0.16078695952892302,0.00308552493798116,0.0,0.0,0.0,0.4634591579437256,0.22571330211936208,0.3009642496705055,0.04596171400078078,0.5905051440000534,1.0,0.9,-0.9224012166261673,0.434945993516321,0.08060849383473397,0.03187359735995877,0.0,0.0,0.0,-0.3264691650867462,0.08648469733690001,0.13615754023194312,0.018353203261402714,0.0,0.0,0.0,-0.48513336181640626,0.04385705012028668,0.11558371409773827,0.010201960512088904,0.0,0.0,0.0
TENX117,89,012x021,14600,6892,10,0.20639582127332687,0.15618905613942735,0.19387896806001664,0.018864448243335066,0.20126050412654878,0.5,0.0,-0.05900788232684136,0.1749090554342107,0.14812567234039306,0.006030849885895975,0.0,0.0,0.0,0.5319563619792461,0.2641887130077051,0.27150795310735704,0.048663080724160125,0.5702945739030838,1.0,0.9,-0.8729177266359329,0.7529981752341599,0.08812443520873785,0.0658733920888345,0.09101044535636901,0.2,0.0,0.14499544501304626,0.24182684806863683,0.18477957248687743,0.034509122141290816,0.13743446469306947,0.3,0.1,-0.32911317581310867,0.15914748391456673,0.1135833851993084,0.011821918423673953,0.0,0.0,0.0
TENX117,90,012x022,15330,6892,10,0.13488962277770042,0.05347721642567575,0.2043538436293602,0.017738015198547976,0.4269822955131531,1.0,0.2,-0.05339266993105411,0.08528583169701764,0.16901418417692185,0.011497208461727922,0.0,0.0,0.0,0.4345309056341648,0.28565699863037974,0.2797955825924873,0.052850590919221625,0.5730177015066147,1.0,0.8,-1.4963137626647949,0.28551626935162894,0.04200671277940273,0.01372398951822398,0.0,0.0,0.0,-0.02195746824145317,0.11109652991513547,0.17514987140893937,0.020037526532415306,0.0,0.0,0.0,-0.31829075515270233,0.04967983257429024,0.12967979684472083,0.008533292604774144,0.0,0.0,0.0
TENX117,91,012x023,16061,6892,10,0.10078430026769639,0.09057231996115417,0.2022374227643013,0.013923130430277075,0.30582289695739745,0.7,0.2,-0.21520539708435535,0.17295238785523898,0.147603178024292,0.011961062017692725,0.0,0.0,0.0,0.36901273000985385,0.24869504736829937,0.2678163290023804,0.045655107212154176,0.5117581754922866,0.9,0.8,-1.139633160829544,0.3043118660824475,0.06213545091450214,0.02250139296963523,0.0,0.0,0.0,0.07740182131528854,0.11619286561577619,0.19816751033067703,0.020866637490559527,0.18241892755031586,0.4,0.0,-0.4046809211373329,0.11175681815038051,0.12204008772969246,0.009150452149178624,0.0,0.0,0.0
TENX117,92,012x024,16792,6892,10,0.27707704678177836,0.10198817448697116,0.1977593868970871,0.019344925910456365,0.3073160916566849,0.8,0.1,-0.02374398186802864,0.0833184129135147,0.14580722004175187,0.005295677413509784,0.0,0.0,0.0,0.6773296862840652,0.21528881994325372,0.2986060082912445,0.0529459344520151,0.5458966970443726,0.9,0.8,-1.318431979417801,0.3928214653016003,0.043425336480140686,0.016434639654206048,0.0,0.0,0.0,0.23246843740344048,0.17129303780454894,0.1908049315214157,0.03136971373644307,0.1467871993780136,0.3,0.1,-0.19081650599837302,0.10102978002031081,0.12359713912010192,0.008742138474916785,0.0,0.0,0.0
TENX117,93,012x025,17522,6892,10,0.2306166723370552,0.10084191508619998,0.19981573075056075,0.01651397881980741,0.29903621077537534,0.7,0.0,-0.023769936338067055,0.07795478140234516,0.1546114891767502,0.0077262335439639614,0.0,0.0,0.0,0.49927050024271014,0.22436183270361582,0.2649203896522522,0.04775314915640923,0.4669846475124359,0.8,0.8,-1.3296511679887772,0.5351171106511818,0.04999160319566727,0.03070127254479051,0.0,0.0,0.0,0.21009835675358773,0.15973938511510755,0.19692178517580033,0.02734746057444438,0.23397914469242095,0.5,0.2,-0.17179895639419557,0.11456699501774824,0.13373899683356286,0.012443586302758958,0.0,0.0,0.0
TENX117,94,012x026,18253,6892,10,0.14225392565131187,0.17159052180437318,0.18239777088165282,0.017400990365040614,0.1888657510280609,0.5,0.0,-0.03650025092065334,0.16266446349155264,0.15200914442539215,0.006900018781354877,0.0,0.0,0.0,0.6143785402178764,0.2503694144167552,0.29602911323308945,0.053762324941144995,0.6067704379558563,1.0,1.0,-1.0146187961101532,0.3339455401447527,0.06177070345729589,0.023731928582675556,0.0,0.0,0.0,0.1465209200978279,0.2074650041256693,0.18426849097013473,0.026837046741174434,0.20436381697654724,0.5,0.0,-0.24711510613560678,0.1325931922273874,0.12352478578686714,0.011250044051488484,0.0,0.0,0.0
TENX117,95,012x027,18984,6892,10,-0.014685207605361938,0.1218791749729288,0.1621331140398979,0.020806941365779055,0.18130986392498016,0.6,0.0,-0.21033501103520394,0.12069166453587735,0.13253792151808738,0.009201821884234459,0.0,0.0,0.0,0.6498828679323196,0.21463894199134215,0.3175737038254738,0.05622443021914696,0.6461774408817291,1.0,1.0,-0.6365956395864487,0.3820112405429287,0.09177106022834777,0.031296556382964885,0.0,0.0,0.0,-0.04560996666550636,0.220693668538281,0.1604527100920677,0.03837012670167153,0.1725127011537552,0.4,0.0,-0.19120021648705005,0.10650503061160002,0.13553148210048677,0.014287112130861684,0.0,0.0,0.0
TENX117,96,012x028,19715,6892,10,0.16989396046847105,0.15222736165203718,0.17472024410963058,0.018515483930621957,0.042216598987579346,0.1,0.0,0.004475474730134011,0.13967068513077072,0.14772192835807801,0.011394861426657415,0.0,0.0,0.0,0.65952877253294,0.2621885086791712,0.2884846791625023,0.05163179853345363,0.511258652806282,0.9,0.6,-1.1567236840724946,0.5220780275405814,0.05361396363005042,0.024735311038654298,0.0,0.0,0.0,0.4416407383978367,0.26987961847857783,0.23209088295698166,0.04350729970099042,0.4465247422456741,1.0,0.4,-0.35311440713703635,0.16724927049334415,0.10336829051375389,0.008699399960647083,0.0,0.0,0.0
TENX117,97,012x029,20445,6892,10,0.007502521574497223,0.12098266951965377,0.16046348065137864,0.01769958606387866,0.0,0.0,0.0,-0.05333855655044317,0.0861261002098091,0.1502923384308815,0.00814669881530631,0.0,0.0,0.0,0.6194866582751274,0.22758869509437976,0.29955903589725497,0.056462515099758484,0.5783644527196884,1.0,0.6,-1.0521459102630615,0.3755630008077439,0.05881418082863092,0.018649030756965383,0.0,0.0,0.0,0.2914596490561962,0.20699140185935194,0.21624274998903276,0.04330365866251579,0.4216355323791504,1.0,0.4,-0.32816232219338415,0.1126439351389807,0.11462818533182144,0.011965298046506838,0.0,0.0,0.0
TENX117,98,013x016,10946,7623,10,-0.16195929422974586,0.15645095112359644,0.15398841351270676,0.011811214968567787,0.0,0.0,0.0,-0.20636570900678636,0.1311816904158234,0.1475010931491852,0.013603057448192433,0.0,0.0,0.0,0.3853151282295585,0.22717912051291433,0.26779610067605975,0.03501218869575646,0.4957455724477768,1.0,0.5,-0.9334811478853225,0.35802672540630537,0.08003468215465545,0.04242912993797908,0.0,0.0,0.0,0.4027905538678169,0.2272939570941071,0.27174827754497527,0.030626541514362744,0.5042544305324554,1.0,0.5,-0.8324335396289826,0.20321251538708693,0.07893143519759178,0.008200958897531013,0.0,0.0,0.0
TENX117,99,013x017,11677,7623,10,0.14503005892038345,0.1329738721590594,0.19481471478939055,0.013647208566072764,0.08631855845451356,0.2,0.0,-0.10157752595841885,0.133483821421159,0.15213786363601683,0.009013401942274058,0.0,0.0,0.0,0.43310149013996124,0.2376549706466261,0.26307508498430254,0.04430647698348178,0.43803887963294985,0.8,0.6,-1.0317616790533066,0.3118577242386202,0.062160860002040866,0.018153650584925424,0.0,0.0,0.0,0.3415390931069851,0.15378248316281296,0.2378098711371422,0.025035364510783475,0.4756425470113754,1.0,0.4,-0.6279631197452545,0.15033486448969138,0.09000159874558449,0.007234278077934053,0.0,0.0,0.0
TENX117,100,013x018,12407,7623,10,0.1342991217970848,0.15109419130751423,0.18357103317975998,0.015875574486920098,0.1301803022623062,0.4,0.0,-0.050403077900409696,0.17827675215142724,0.1522345334291458,0.007359948577959002,0.0,0.0,0.0,0.663931605219841,0.2493715744479448,0.31420059949159623,0.04697457166158467,0.617790162563324,1.0,1.0,-1.1968541204929353,0.38459803955795213,0.052963167615234855,0.021460421814340745,0.0,0.0,0.0,0.1513780929148197,0.19383276214526565,0.18789606243371965,0.026366482581303637,0.25202953815460205,0.6,0.0,-0.38672839468345044,0.15387409175792083,0.10913460701704025,0.01064549693567356,0.0,0.0,0.0
TENX117,101,013x019,13138,7623,10,0.06747823134064675,0.061090599419518464,0.19833658188581466,0.013478159644034635,0.08879906535148621,0.2,0.1,-0.16498138643801213,0.13443073201996023,0.15732660442590712,0.012157077241066532,0.0,0.0,0.0,0.3812740080058575,0.22271294849848416,0.2738743409514427,0.04026844776905197,0.5094669967889786,0.9,0.7,-1.5946442842483521,0.269667303724701,0.0392873490229249,0.011725396837828575,0.0,0.0,0.0,0.12618348151445388,0.10534177823086109,0.2114297017455101,0.02545601261050006,0.40173394680023194,0.9,0.2,-0.43679197430610656,0.05133756119004271,0.11974541321396828,0.007449506121595234,0.0,0.0,0.0
TENX117,102,013x020,13869,7623,10,0.11050435826182366,0.05343482612046452,0.18999402672052385,0.01105775629709255,0.0802306741476059,0.2,0.0,-0.08685863427817822,0.08679099207965973,0.15608873814344407,0.010732530234919298,0.0,0.0,0.0,0.5027001231908799,0.209689549834765,0.28446549028158186,0.045613616594207054,0.570906788110733,1.0,0.8,-1.186093917489052,0.466935065558682,0.05780092738568783,0.02938645682810948,0.0,0.0,0.0,0.19080152735114098,0.11951732960508839,0.20775918960571288,0.03046007502635421,0.3488625347614288,0.8,0.2,-0.49258124828338623,0.06895382127511653,0.10389163494110107,0.004930050137958815,0.0,0.0,0.0
TENX117,103,013x021,14600,7623,10,0.23203919678926468,0.0875812202678506,0.20923231095075606,0.013669017387579977,0.3762658953666687,0.9,0.1,-0.0655544564127922,0.09852139087142017,0.15509680658578873,0.004057927597614549,0.0,0.0,0.0,0.5403712511062622,0.23623650894397816,0.28795300871133805,0.04579620716578202,0.5750077843666077,1.0,0.9,-1.537762039899826,0.38208651131137406,0.03788407780230045,0.014089748144588679,0.0,0.0,0.0,0.09212660193443298,0.09652411992134238,0.1829008713364601,0.022589033585892343,0.04872632920742035,0.1,0.0,-0.26676665991544724,0.09843632314462938,0.12693290337920188,0.006156163259461539,0.0,0.0,0.0
TENX117,104,013x022,15330,7623,10,0.26680312529206274,0.1179106165683331,0.20094191879034043,0.014632217345400985,0.3685145556926727,0.9,0.0,0.003812400996685028,0.11587922518597797,0.15459688305854796,0.01290574801235128,0.0,0.0,0.0,0.6260303184390068,0.26402949778487206,0.2911624401807785,0.048913008543671664,0.5872212052345276,1.0,1.0,-1.4002671450376512,0.54908884050973,0.04497081991285086,0.02662381583305913,0.0,0.0,0.0,0.14848877266049385,0.16830459012628315,0.1795876607298851,0.023498561541167258,0.044264253973960874,0.1,0.0,-0.17762299943715334,0.1211243039434996,0.1287402793765068,0.007806324921698167,0.0,0.0,0.0
TENX117,105,013x023,16061,7623,10,0.13023566454648972,0.1684727459172006,0.20442870557308196,0.01676264385948958,0.4328998148441315,1.0,0.3,-0.15733065977692604,0.13477604972605725,0.15319799035787582,0.0105965693339402,0.0,0.0,0.0,0.4042253352701664,0.25893179453628606,0.2725481137633324,0.04968575934479955,0.567100191116333,1.0,0.7,-1.162609651684761,0.48740037098751443,0.06624100767076016,0.03808145466358202,0.0,0.0,0.0,-0.01966114863753319,0.21944448486171608,0.1771107330918312,0.025075186349496143,0.0,0.0,0.0,-0.3481557764112949,0.14599929413007554,0.12647348046302795,0.007115060721439767,0.0,0.0,0.0
TENX117,106,013x024,16792,7623,10,0.1982674315571785,0.08979962528781907,0.20172328799962996,0.014504994100049526,0.3833100199699402,0.9,0.0,-0.0014617811888456345,0.08809938875930455,0.16485894173383714,0.0046951233543417745,0.0,0.0,0.0,0.4603451557457447,0.22809026409447983,0.2655587151646614,0.045461006009381,0.519422072172165,0.9,0.9,-1.2781514197587966,0.4312790408529158,0.051321879401803015,0.025125356875619828,0.0,0.0,0.0,0.11860325559973717,0.14762261404319427,0.18704030364751817,0.022112807558381912,0.09726790487766265,0.2,0.1,-0.24477495402097701,0.09135603425593332,0.12949686944484712,0.008885461309314575,0.0,0.0,0.0
TENX117,107,013x025,17522,7623,10,0.1624525234103203,0.11571820857305268,0.18583661168813706,0.01395056301794377,0.08482986390590667,0.2,0.0,-0.03160227369517088,0.0952643207585786,0.152860027551651,0.008307042127150215,0.0,0.0,0.0,0.5199026696383953,0.2358756081281934,0.26967697590589523,0.04984082684892384,0.505216583609581,0.9,0.6,-1.3254418909549712,0.5446923090073311,0.05132347717881203,0.034327347134455316,0.0,0.0,0.0,0.3050767756998539,0.1941794134403845,0.21583110243082046,0.03024836786444858,0.40995356142520906,0.9,0.4,-0.2392355151474476,0.15707175251731828,0.12447179779410363,0.010806306168681773,0.0,0.0,0.0
TENX117,108,013x026,18253,7623,10,0.1858633726835251,0.09102250569210349,0.18657439649105073,0.018689883465636135,0.2538017094135284,0.7,0.0,-0.015205703675746918,0.08333111662879643,0.15216852277517318,0.010261132223869946,0.0,0.0,0.0,0.6509686514735222,0.25972568782075883,0.3020940735936165,0.06219067773232356,0.6052896559238434,1.0,1.0,-1.0722100995481014,0.5858320719429587,0.0635325588285923,0.042607472387019764,0.0,0.0,0.0,0.12682781293988227,0.18619213676638557,0.178094582259655,0.033832323106535965,0.14090863168239592,0.3,0.0,-0.27526571601629257,0.08098931304122774,0.11753585189580917,0.010631902961467871,0.0,0.0,0.0
TENX117,109,013x027,18984,7623,10,0.25123359858989713,0.09589995742426752,0.19446030706167222,0.017942077823586235,0.3936633378267288,1.0,0.0,-0.03093837071210146,0.055654141265010094,0.1461431562900543,0.005623318082477534,0.0,0.0,0.0,0.6907504856586456,0.20810432081814406,0.30547219067811965,0.053997264332945126,0.6063366591930389,1.0,1.0,-1.7082605838775635,0.25736649159335434,0.02834408525377512,0.00806307637135983,0.0,0.0,0.0,0.14039208143949508,0.1789648751226864,0.1760127454996109,0.030544741897009453,0.0,0.0,0.0,-0.010992309544235468,0.12376362749453515,0.14956752359867095,0.013431481928736427,0.0,0.0,0.0
TENX117,110,013x028,19715,7623,10,-0.07955353185534478,0.1411539759890876,0.15433988720178604,0.013025057382345828,0.0,0.0,0.0,-0.09496018923819065,0.11635061276121614,0.151618492603302,0.0074318551539629095,0.0,0.0,0.0,0.553005474805832,0.17482525859890377,0.29307248145341874,0.045163919740854964,0.5728058278560638,1.0,0.7,-0.8942064672708512,0.3605006977253589,0.07203641198575497,0.023467913305434053,0.0,0.0,0.0,0.25115791484713557,0.2089832423031556,0.21817379593849182,0.042263855413708376,0.42719416618347167,1.0,0.3,-0.41127155125141146,0.12025037403152934,0.11075893044471741,0.009289323051042495,0.0,0.0,0.0
TENX117,111,013x029,20445,7623,10,-0.06465576887130738,0.1876313447916204,0.16144029498100282,0.019231759194991625,0.030303677916526793,0.1,0.0,-0.1849428754299879,0.12118644301386873,0.14226678013801575,0.005067134965929085,0.0,0.0,0.0,0.5228003352880478,0.23752470926046754,0.2930037185549736,0.04982212569689182,0.5954831421375275,1.0,0.9,-0.7288818806409836,0.41122478789365574,0.09224360324442386,0.03996318095799187,0.03324198126792908,0.1,0.0,0.10592151507735252,0.3158189719809425,0.19554683268070222,0.04634973858590722,0.34097119271755216,0.8,0.1,-0.3989125658757985,0.21012939020350407,0.11549877896904945,0.012984321501450811,0.0,0.0,0.0
TENX117,112,014x015,10215,8354,10,-0.1257106851786375,0.08174860002541012,0.1483859285712242,0.010305442120072027,0.0,0.0,0.0,-0.13797312565147876,0.10397444523921746,0.146563258767128,0.009952948735656638,0.0,0.0,0.0,0.4984865814447403,0.12302152864024615,0.2777473762631416,0.027667554946950453,0.4969659447669983,1.0,0.5,-1.0254025340080262,0.4042787368109369,0.0635577879846096,0.017603836454834192,0.0,0.0,0.0,0.5108651638031005,0.08822969470560423,0.28100754916667936,0.026498772941354255,0.503034046292305,1.0,0.5,-0.711806696653366,0.09576503153948217,0.08273810595273971,0.007888366939191658,0.0,0.0,0.0
TENX117,113,014x016,10946,8354,10,0.05434839203953743,0.1217467390506328,0.17709560692310333,0.012803562646989062,0.0,0.0,0.0,-0.1893307115882635,0.15282964193170173,0.13896672427654266,0.012070169830026796,0.0,0.0,0.0,0.4674885250627995,0.18719159038245664,0.2687403619289398,0.03029916259272897,0.49915880858898165,1.0,0.5,-1.2651738345623016,0.30260348918220153,0.049921907298266885,0.017905371510467148,0.0,0.0,0.0,0.4710178405046463,0.1495419087012887,0.26916785091161727,0.025703138947850285,0.5008411824703216,1.0,0.5,-0.5565272897481919,0.09805498807706657,0.09610754773020744,0.006500212885423771,0.0,0.0,0.0
TENX117,114,014x017,11677,8354,10,0.17131194919347764,0.15132721009767272,0.2079664647579193,0.016104524307988796,0.43107130825519563,1.0,0.2,-0.1746376257389784,0.16647057943663773,0.14690250903367996,0.007430533977317306,0.0,0.0,0.0,0.4492433793842793,0.28093939223141523,0.2785267621278763,0.050736778546008096,0.521056205034256,0.9,0.8,-0.9824540138244628,0.16007526523518084,0.06696289665997028,0.015126345383150873,0.0,0.0,0.0,0.005678776651620865,0.18646963942233424,0.1772106945514679,0.023480536707150754,0.04787248373031616,0.1,0.0,-0.35725208520889284,0.1429226204576443,0.12243068516254425,0.00716975919408971,0.0,0.0,0.0
TENX117,115,014x018,12407,8354,10,0.3293231137096882,0.12349097495131946,0.20770056694746017,0.01586717006579385,0.42621360123157503,1.0,0.0,0.07950527481734752,0.12005674924545971,0.16145816296339036,0.006747950334917339,0.0,0.0,0.0,0.6306718468666077,0.20656992684856562,0.28373297303915024,0.0461672169260062,0.5737864077091217,1.0,1.0,-1.4928154706954957,0.5322798107976937,0.03923131041228771,0.021961091762769537,0.0,0.0,0.0,0.168926240503788,0.18214281857671685,0.17852615118026732,0.027573265267591386,0.0,0.0,0.0,-0.14376983307302,0.13944393682473027,0.12935084328055382,0.008950863218069526,0.0,0.0,0.0
TENX117,116,014x019,13138,8354,10,0.28878833502531054,0.1264019317418855,0.2000380903482437,0.016820864289947123,0.3636573255062103,0.9,0.0,0.03306365795433521,0.15068836828712598,0.1544919490814209,0.006496011309990669,0.0,0.0,0.0,0.6604492142796516,0.2684712315222899,0.2933551728725433,0.049978132865871334,0.5871315062046051,1.0,1.0,-1.105243307352066,0.34351476183461327,0.051035511307418346,0.012374620672500943,0.0,0.0,0.0,0.18200554475188255,0.15849126228866411,0.18120207637548447,0.027557087457031233,0.04921116828918457,0.1,0.0,-0.22234700843691826,0.13565149260439643,0.11987719684839249,0.008763283725244361,0.0,0.0,0.0
TENX117,117,014x020,13869,8354,10,0.2742180168628693,0.20351723948753986,0.21724342554807663,0.012166960701870053,0.44082502722740174,1.0,0.1,-0.038755592331290244,0.24150899380683116,0.15881714820861817,0.007997482480031508,0.0,0.0,0.0,0.5145739948377013,0.28904004433290253,0.27919853627681734,0.04307553892373859,0.5591749727725983,1.0,0.9,-1.3883171200752258,0.49817943631836414,0.04801902547478676,0.028355770839568323,0.0,0.0,0.0,-0.025287123769521712,0.1973526000390978,0.16164406388998032,0.017063919122061903,0.0,0.0,0.0,-0.20025515425950288,0.2076160001441742,0.1350778177380562,0.0056632066982553984,0.0,0.0,0.0
TENX117,118,014x021,14600,8354,10,0.18798108026385307,0.15723830785750045,0.1989353656768799,0.011686161597960987,0.37710740566253664,0.9,0.0,-0.018917526677250864,0.1038026561237034,0.16174309253692626,0.009002761212609045,0.0,0.0,0.0,0.48810565173625947,0.25212999962594274,0.2722645178437233,0.0462951889256191,0.573171979188919,1.0,1.0,-1.1879516325891017,0.6515753946196177,0.06444052550941706,0.04627849989343723,0.0,0.0,0.0,0.015122386068105698,0.23575351082346666,0.16886749118566513,0.025622127053167822,0.049720609188079835,0.1,0.0,-0.21079380363225936,0.18823522718095528,0.13374899998307227,0.011219217382651308,0.0,0.0,0.0
TENX117,119,014x022,15330,8354,10,0.1940634198486805,0.12470423233653102,0.2023162841796875,0.015581307189159798,0.38493727147579193,0.9,0.1,-0.04787947498261928,0.06887557722128193,0.1587279736995697,0.010482984676450582,0.0,0.0,0.0,0.4504419550299644,0.20992474538281583,0.264373354613781,0.04376626945008243,0.5131949543952942,0.9,0.7,-1.547726184129715,0.5241839737461436,0.04185525253415108,0.022925564423715926,0.0,0.0,0.0,0.09470009878277778,0.19270493158605953,0.1847361221909523,0.028663506038358745,0.1018677830696106,0.2,0.2,-0.11759921908378601,0.1178913148167672,0.14799099564552307,0.009039535735424507,0.0,0.0,0.0
TENX117,120,014x023,16061,8354,10,0.11897608041763305,0.1320413803930176,0.19231685400009155,0.012069884601290179,0.3765901952981949,0.9,0.0,-0.041925962269306186,0.21540984366060892,0.16420588344335557,0.015922124752809193,0.03621726334095001,0.1,0.0,0.4799960613250732,0.26028409160157057,0.2787450194358826,0.0429376958045283,0.5871925473213195,1.0,1.0,-1.295549315214157,0.36476257235629544,0.05031944196671247,0.018918265216015678,0.0,0.0,0.0,-0.0521396704018116,0.16421748202233147,0.16252411603927613,0.01579053923426797,0.0,0.0,0.0,-0.11742981970310211,0.1209295084281772,0.15188868641853331,0.010442179438323405,0.0,0.0,0.0
TENX117,121,014x024,16792,8354,10,0.1307861790060997,0.05668191919192712,0.1967245250940323,0.012640628380656145,0.3280440181493759,0.8,0.1,-0.06935633793473243,0.0618106573812511,0.16111353486776353,0.011523218831333613,0.0,0.0,0.0,0.4550332650542259,0.2525008277082393,0.2753762900829315,0.04598946701618392,0.5771692931652069,1.0,0.9,-1.512453269958496,0.23494598146792256,0.03971810955554247,0.011698096746348557,0.0,0.0,0.0,0.06481333002448082,0.114827719393948,0.1848902240395546,0.02039855495045549,0.09478668570518493,0.2,0.0,-0.19375831708312036,0.10269598487992314,0.1421773165464401,0.008931582336531645,0.0,0.0,0.0
TENX117,122,014x025,17522,8354,10,0.2344746969640255,0.13573100228938145,0.19673157185316087,0.014955171623794504,0.20399403274059297,0.5,0.0,0.0006208352744579316,0.10627919691531845,0.15563383102416992,0.010560781827496826,0.0,0.0,0.0,0.5758042924106122,0.2714350415157613,0.28063053339719773,0.050939554394773684,0.5754507184028625,1.0,0.9,-1.3241875767707825,0.24117741920783042,0.04396167676895857,0.016678079527419686,0.0,0.0,0.0,0.24009957164525986,0.18505746830911407,0.19866441190242767,0.02407205535728781,0.22055524289608003,0.5,0.1,-0.22382173538208008,0.17963704015590778,0.1243779830634594,0.009142597771532273,0.0,0.0,0.0
TENX117,123,014x026,18253,8354,10,0.2202122412621975,0.09565094908160761,0.18897559642791747,0.018978931713640127,0.10883058607578278,0.3,0.0,-0.05489430166780949,0.070999795502228,0.14286755621433259,0.004232165360191046,0.0,0.0,0.0,0.6808423012495041,0.22341083927480918,0.3033526510000229,0.0561113959099253,0.5894163548946381,1.0,0.8,-1.3678174376487733,0.4245740928899151,0.04143871096894145,0.014997495659283926,0.0,0.0,0.0,0.290749005228281,0.20400009583845177,0.20560712814331056,0.040036179528047014,0.3017530620098114,0.7,0.2,-0.2510321542620659,0.07129841318670711,0.11775834411382675,0.009685323933832068,0.0,0.0,0.0
TENX117,124,014x027,18984,8354,10,-0.05796766243875027,0.11087715676475242,0.14424996003508567,0.013163998997613226,0.0,0.0,0.0,0.0023845382034778594,0.09900910986571919,0.1527976080775261,0.008156013224481362,0.03370938003063202,0.1,0.0,0.6903944224119186,0.16037655361389144,0.306267911195755,0.0405411679016421,0.600567752122879,1.0,0.9,-0.7174512647092343,0.46684147372943846,0.08227073885500431,0.03326118204019433,0.0,0.0,0.0,0.26885898411273956,0.21981106065960002,0.20383592545986176,0.04370534096231958,0.36572285890579226,0.9,0.1,-0.32629546001553533,0.1506653622882636,0.11057787016034126,0.013008854196355875,0.0,0.0,0.0
TENX117,125,014x028,19715,8354,10,-0.03603956289589405,0.15216448134423843,0.16071684658527374,0.012149875766977358,0.0,0.0,0.0,-0.06348332539200782,0.13409181189457353,0.15607280284166336,0.00705884905673213,0.0,0.0,0.0,0.5487282909452915,0.2176368291209735,0.2908215433359146,0.043112212194868334,0.5815349370241165,1.0,0.7,-1.1556735336780548,0.5753598355262168,0.06293779071420431,0.034432616625579456,0.0,0.0,0.0,0.2098395884037018,0.2758333610963438,0.20952440649271012,0.04407770307483961,0.41846508383750913,1.0,0.3,-0.3304156355559826,0.20193291481076825,0.11992661729454994,0.011327235911526198,0.0,0.0,0.0
TENX117,126,014x029,20445,8354,10,-0.008739396184682845,0.13832325460491246,0.16192927956581116,0.015746705719081766,0.0,0.0,0.0,-0.09285083077847958,0.12957528491185935,0.14844157844781875,0.009188749063610717,0.0,0.0,0.0,0.5711792424321175,0.21879944104325288,0.2926510289311409,0.05247481803899765,0.5720957458019257,1.0,0.7,-1.0709585458040238,0.4887516809707741,0.06065274141728878,0.023863160668089495,0.0,0.0,0.0,0.27030453011393546,0.22110909474656887,0.21777589172124862,0.04543059770946599,0.42790424525737764,1.0,0.3,-0.3206871673464775,0.1295882218452653,0.11854948252439498,0.01174782765069452,0.0,0.0,0.0
TENX117,127,015x014,9485,9084,10,-0.17649643793702124,0.15335636768461677,0.14436020106077194,0.009723244856641259,0.0,0.0,0.0,-0.1731962703168392,0.10769197008100899,0.14524937868118287,0.014718211453991478,0.0,0.0,0.0,0.4963864453136921,0.19289121586282737,0.2842423766851425,0.0324772566733377,0.5387227177619934,1.0,0.7,-0.863891364634037,0.6167722384689859,0.08513684999197721,0.04366553161274812,0.0,0.0,0.0,0.33946194797754287,0.20831013898894246,0.24387697875499725,0.035794483514338386,0.4612772881984711,1.0,0.3,-0.5742351561784744,0.1872153467997111,0.09713421985507012,0.00842758347328622,0.0,0.0,0.0
TENX117,128,015x015,10215,9084,10,-0.06771610677242279,0.15134107101762503,0.15424078553915024,0.010429231951693457,0.0,0.0,0.0,-0.1589486926794052,0.1650043396222377,0.14100110828876494,0.011870331966015259,0.0,0.0,0.0,0.4771013095974922,0.20201543907125544,0.2664288505911827,0.023474460318443358,0.4724177986383438,1.0,0.3,-1.0981407821178437,0.28302857791744684,0.057487846538424495,0.01886521066081759,0.0,0.0,0.0,0.588095971941948,0.18158260530280126,0.29715619385242464,0.01972649585489895,0.5275822132825851,1.0,0.7,-0.6791066706180573,0.1898551665510122,0.08368521556258202,0.005601969280028303,0.0,0.0,0.0
TENX117,129,015x016,10946,9084,10,0.21094681471586227,0.15743317651767752,0.19147947132587434,0.014916657430034393,0.04451681673526764,0.1,0.0,-0.057977451011538506,0.14196189037953755,0.14632008150219916,0.010810615318879488,0.0,0.0,0.0,0.5140794381499291,0.17483392465201752,0.26266354620456694,0.04580153486624407,0.4721700817346573,0.9,0.6,-1.3469357997179032,0.4920298604247745,0.04592747800052166,0.026961116725624495,0.0,0.0,0.0,0.4549994498491287,0.17858497007995427,0.24554375261068345,0.03042196831751258,0.48331310153007506,1.0,0.4,-0.36151038045063616,0.15065820097944796,0.10806566551327705,0.008986388042954803,0.0,0.0,0.0
TENX117,130,015x017,11677,9084,10,0.3704054832458496,0.18897683209794255,0.2263372763991356,0.017307725749639614,0.4455389142036438,1.0,0.3,0.04045774675905704,0.1330113558879472,0.16243768185377122,0.007596535136570289,0.0,0.0,0.0,0.5920424818992615,0.2633590376897979,0.2857749044895172,0.047821475775094206,0.5544610679149627,1.0,0.7,-1.368719232082367,0.3763338339966481,0.04436754025518894,0.020714347137696775,0.0,0.0,0.0,0.03804071620106697,0.22569294033556211,0.16346546560525893,0.02282329071748944,0.0,0.0,0.0,-0.2855652004480362,0.22854867092385606,0.11761714965105056,0.011019000631586551,0.0,0.0,0.0
TENX117,131,015x018,12407,9084,10,0.24913160055875777,0.11825242322018054,0.21373129040002822,0.01623858764375237,0.4313909292221069,1.0,0.1,-0.024399198591709137,0.20099001832364752,0.1624761089682579,0.011006318029007728,0.0,0.0,0.0,0.5288819899782539,0.2889035321771391,0.28571690171957015,0.04625832118929033,0.5686090499162674,1.0,0.9,-1.4340167731046676,0.47299784939471173,0.043845025822520256,0.022163608471533622,0.0,0.0,0.0,-0.08368763774633407,0.11414653031337754,0.15398366004228592,0.019161383623012514,0.0,0.0,0.0,-0.17130815163254737,0.11781542021675571,0.14024702608585357,0.008778857961486593,0.0,0.0,0.0
TENX117,132,015x019,13138,9084,10,0.24771783947944642,0.07796337224818367,0.205095311999321,0.018312941438464538,0.42610548734664916,1.0,0.1,0.05286042056977749,0.11363943530631518,0.16891319453716278,0.016534669666384786,0.044432663917541505,0.1,0.0,0.5463360942900181,0.22388190093104757,0.28003265559673307,0.049416700256368525,0.5294618308544159,0.9,0.9,-0.8862461172044277,0.4037636699308953,0.072280378267169,0.03623502461003486,0.0,0.0,0.0,-0.17861749827861786,0.1351653468116808,0.13457588106393814,0.01773038919707958,0.0,0.0,0.0,-0.1405858026817441,0.08115727807059755,0.13910259082913398,0.012192290918776433,0.0,0.0,0.0
TENX117,133,015x020,13869,9084,10,0.21286248415708542,0.13770998738006107,0.19610367566347123,0.012533111084083363,0.32379086315631866,0.8,0.0,-0.00682029090821743,0.12188091765268058,0.1574679896235466,0.01034006316484433,0.0,0.0,0.0,0.5640990376472473,0.1987587739542582,0.28139592707157135,0.042641873858699934,0.5834612607955932,1.0,0.9,-1.4062030375003816,0.3540493098318118,0.04230535551905632,0.017910113585262996,0.0,0.0,0.0,0.13689070716500282,0.18180488183500257,0.1828010842204094,0.023235176653948027,0.09274786412715912,0.2,0.1,-0.1243548252619803,0.12822964485066599,0.13992594182491302,0.008157373411428873,0.0,0.0,0.0
TENX117,134,015x021,14600,9084,10,0.20865616276860238,0.15316830792610991,0.1877974107861519,0.014219100763893136,0.08446241617202759,0.2,0.0,0.06612487658858299,0.17144415900888718,0.16246433556079865,0.004877129557892518,0.0,0.0,0.0,0.6258262753486633,0.2543983568042956,0.2883795663714409,0.04833958028542927,0.5838683545589447,1.0,1.0,-1.5155014157295228,0.3598661950721533,0.03619538359344006,0.016059607180640235,0.0,0.0,0.0,0.2745995454490185,0.17553194336114938,0.2012846902012825,0.02249800462921021,0.33166922628879547,0.8,0.0,-0.20647263079881667,0.16751049110444446,0.12387861087918281,0.007636116333234074,0.0,0.0,0.0
TENX117,135,015x022,15330,9084,10,0.2350359156727791,0.13415211806199867,0.2174283668398857,0.018724820552001992,0.4329832375049591,1.0,0.2,-0.06203895844519138,0.09885208824313615,0.1611545592546463,0.007702769429640703,0.0,0.0,0.0,0.5080227352678776,0.24140409926963105,0.2883368253707886,0.04570614672406082,0.5670167684555054,1.0,0.8,-1.0523012340068818,0.4197311800708301,0.06657746098935605,0.028530013116097763,0.0,0.0,0.0,-0.3422932535409927,0.18996914694041325,0.12283298671245575,0.017251853495712767,0.0,0.0,0.0,-0.17800456890836358,0.12996959402571626,0.14366980344057084,0.009801769388775626,0.0,0.0,0.0
TENX117,136,015x023,16061,9084,10,0.31798890233039856,0.1809733458399523,0.21380960941314697,0.013760199673301362,0.4397206515073776,1.0,0.1,0.023478072509169577,0.13311162816219876,0.159280164539814,0.01049896017043776,0.0,0.0,0.0,0.5631291337311268,0.2573504820515255,0.276463158428669,0.045039136265612595,0.5602793574333191,1.0,0.9,-1.347815528512001,0.42012853346948453,0.04535176157951355,0.025250099907954463,0.0,0.0,0.0,-0.0023506298661231995,0.1792399495657739,0.15563857406377793,0.015477863883791765,0.0,0.0,0.0,-0.03942589173093438,0.19579905618457488,0.14945672452449799,0.007920161598541786,0.0,0.0,0.0
TENX117,137,015x024,16792,9084,10,0.17698865607380868,0.08973307318468117,0.2276296943426132,0.018632740867767762,0.4621365457773209,1.0,0.5,-0.1563770841807127,0.10062706807993481,0.16281036734580995,0.009050177807409658,0.0,0.0,0.0,0.331209653429687,0.29413057123112585,0.2691554486751556,0.04882065001958565,0.5378634303808212,1.0,0.5,-1.4768026292324066,0.4167746540157018,0.049729299172759055,0.027131751162985787,0.0,0.0,0.0,-0.1925260066986084,0.1441214929944425,0.15767507404088973,0.016606417250223122,0.0,0.0,0.0,-0.3597307190299034,0.13199432481596143,0.13300011083483695,0.009680424243130564,0.0,0.0,0.0
TENX117,138,015x025,17522,9084,10,0.09775963872671127,0.06731851534295763,0.18179375678300858,0.011564798386717395,0.2543470233678818,0.7,0.0,-0.041405022516846655,0.10689532252317709,0.15825567841529847,0.010942794227406858,0.0,0.0,0.0,0.5895052269101143,0.1967027860887241,0.3001372441649437,0.04516436588088605,0.6118526637554169,1.0,1.0,-1.1849983245134355,0.3774630668965531,0.05385783351957798,0.02201504341562624,0.0,0.0,0.0,0.06812495812773704,0.10335591621507052,0.1779610961675644,0.026114615339228327,0.13380029499530793,0.3,0.0,-0.2536029241979122,0.08983490202685658,0.12799439653754235,0.009072547680820255,0.0,0.0,0.0
TENX117,139,015x026,18253,9084,10,0.023744773864746094,0.06990476649617848,0.1807747960090637,0.015312505693418996,0.0,0.0,0.0,-0.15384800508618354,0.09623681145947895,0.15101265013217927,0.007598173325261111,0.0,0.0,0.0,0.4784912757575512,0.23517349608580504,0.2885622501373291,0.051268708932668126,0.5900565624237061,1.0,1.0,-1.07037812769413,0.3518470303437008,0.06537593435496092,0.02849262093906852,0.0,0.0,0.0,0.10616041347384453,0.12433376247835429,0.19733988493680954,0.02645429705595287,0.4099434375762939,1.0,0.0,-0.41056381464004515,0.07452386935847305,0.11693447306752205,0.007974974178689972,0.0,0.0,0.0
TENX117,140,015x027,18984,9084,10,0.1439669795334339,0.14300224328492536,0.17448312789201736,0.019400624602613055,0.0,0.0,0.0,-0.003538324683904648,0.12246634398426945,0.1499340295791626,0.009824982011929592,0.0,0.0,0.0,0.6451584577560425,0.2105710479800324,0.291881699860096,0.0568835123105077,0.5709814995527267,1.0,0.6,-1.1491836190223694,0.4871985515783318,0.054109243862330916,0.02493906389143554,0.0,0.0,0.0,0.3470308296382427,0.2683492895336476,0.21775486469268798,0.04798055400245571,0.42901850044727324,1.0,0.4,-0.30004144087433815,0.15887100968038342,0.11183701828122139,0.011626760363525022,0.0,0.0,0.0
TENX117,141,015x028,19715,9084,10,-0.0347113236784935,0.11437994653381459,0.1612481951713562,0.018775052838351187,0.0,0.0,0.0,-0.0992526974529028,0.060496136586243573,0.1504359021782875,0.009459512891427903,0.029332271218299864,0.1,0.0,0.5946484744548798,0.20833765914450555,0.30517171025276185,0.05309709499915872,0.607515063881874,1.0,0.8,-0.9900528401136398,0.5496885923327948,0.07005270440131425,0.03156455866811177,0.0,0.0,0.0,0.135829845815897,0.23723044236242202,0.1952645182609558,0.045720647515951736,0.3631526708602905,0.9,0.2,-0.3450530119240284,0.10479603692314785,0.11782697513699532,0.009698538989131138,0.0,0.0,0.0
TENX117,142,015x029,20445,9084,10,-0.05408986508846283,0.1374805131388108,0.15494298711419105,0.019454603783961737,0.0,0.0,0.0,-0.09475315436720848,0.11812849666321253,0.14787199199199677,0.009099613928798232,0.03184535205364227,0.1,0.0,0.5816809669137001,0.2038078797978884,0.2947986751794815,0.05026938293058171,0.5905657202005387,1.0,0.7,-0.8532659403979779,0.4187871893951008,0.07556449435651302,0.03214045323642647,0.0,0.0,0.0,0.18440214470028876,0.23553102966440226,0.20029487311840058,0.04524279726661157,0.3775889307260513,0.9,0.3,-0.2586407856084406,0.15174500743465819,0.12652698382735253,0.017902198741127587,0.0,0.0,0.0
TENX117,143,016x013,8754,9815,10,-0.1895025186240673,0.14928866526324563,0.1469478912651539,0.016606800692507254,0.0,0.0,0.0,-0.16988887526094915,0.12333484342287455,0.14908961057662964,0.009581830008987774,0.0,0.0,0.0,0.426692932844162,0.1515592702546087,0.2717659920454025,0.029562506512463248,0.5258108019828797,1.0,0.6,-0.9221990220248699,0.7786854427747181,0.09933321028947831,0.09412354240358606,0.10436822772026062,0.2,0.1,0.2048158548772335,0.2958135301507545,0.22394612655043603,0.05397603424041469,0.36982097327709196,0.8,0.3,-0.4959149532020092,0.20956176987046096,0.10891718342900276,0.017284555980455703,0.0,0.0,0.0
TENX117,144,016x014,9485,9815,10,-0.059374527633190156,0.05901562111641587,0.15057767182588577,0.010827107728153497,0.0,0.0,0.0,-0.09366536885499954,0.10359084861295806,0.145405213534832,0.008871424142953603,0.0,0.0,0.0,0.559087085723877,0.1504306313770683,0.28030065149068834,0.029323037977894283,0.503754836320877,1.0,0.5,-0.9512434087693691,0.45948340457729436,0.06750310398638248,0.030428531611255402,0.0,0.0,0.0,0.5440013885498047,0.06656261806515117,0.2758882388472557,0.026805131983467557,0.4962451696395874,1.0,0.5,-0.6886964321136475,0.09542820537584043,0.08032511249184608,0.0069231379134560836,0.0,0.0,0.0
TENX117,145,016x015,10215,9815,10,0.19881917238235475,0.15310543761584414,0.18349988907575607,0.015944242184996932,0.0,0.0,0.0,0.020717311277985574,0.13278243042626103,0.15319572389125824,0.008004001063724328,0.0,0.0,0.0,0.5777854681015014,0.15733757560730746,0.2699443832039833,0.0393998065960361,0.5095485240221024,1.0,0.5,-1.2234487593173982,0.23817087486510624,0.0452314704656601,0.010092167942858797,0.0,0.0,0.0,0.5391595661640167,0.15533083361736455,0.25804446190595626,0.024213976793926922,0.4904514729976654,1.0,0.5,-0.5114570409059525,0.13087660450530408,0.09008407667279243,0.006552048314678874,0.0,0.0,0.0
TENX117,146,016x016,10946,9815,10,0.11318613812327386,0.15074995575214117,0.19711793810129166,0.020400249774432118,0.3724005579948425,0.9,0.2,-0.08923016637563705,0.13239087616435777,0.16036171317100525,0.007663659335668402,0.0,0.0,0.0,0.45109918862581255,0.3107776985561338,0.2809657096862793,0.0564523707271546,0.5308475583791733,0.9,0.8,-0.8259639993309975,0.49192879927843935,0.09222842156887054,0.06149600451511088,0.09675188958644867,0.2,0.0,-0.11280534639954568,0.25658613218047205,0.15885515436530112,0.02682806480464973,0.0,0.0,0.0,-0.46533438563346863,0.1765322660682963,0.11047106236219406,0.010449431191191988,0.0,0.0,0.0
TENX117,147,016x017,11677,9815,10,0.32742382287979127,0.06594868102282739,0.20861288160085678,0.016799904390194388,0.3347731649875641,0.8,0.0,0.013832119479775428,0.09304646417501869,0.15232346951961517,0.010043295151292818,0.0,0.0,0.0,0.6251926720142365,0.1497403029491279,0.28409122228622435,0.047630138111206394,0.5719641089439392,1.0,1.0,-1.0763192616403103,0.9645973840186517,0.07657197499647736,0.06606189741920677,0.04817509651184082,0.1,0.0,0.08215998336672783,0.17305027683925067,0.16622427254915237,0.03437035446830515,0.04508761465549469,0.1,0.0,-0.2952921137213707,0.07948659908556914,0.11217618882656097,0.01168380449887731,0.0,0.0,0.0
TENX117,148,016x018,12407,9815,10,0.14763485118746758,0.07913345195606726,0.21546653807163238,0.016253712459733925,0.43807336390018464,1.0,0.2,-0.11286877952516079,0.13029280419221367,0.16611287593841553,0.01309443661609873,0.0,0.0,0.0,0.3995819604024291,0.2330654632621404,0.28026570826768876,0.04551725300703323,0.5619266271591187,1.0,0.8,-1.3513581842184066,0.560858100695452,0.05789833907037974,0.037368990237815015,0.0,0.0,0.0,-0.2019253820180893,0.16150840895591118,0.15328175500035285,0.023563050667509914,0.0,0.0,0.0,-0.3804320067167282,0.09894880362419275,0.12697480022907257,0.008032485816981148,0.0,0.0,0.0
TENX117,149,016x019,13138,9815,10,0.16522689238190652,0.1867773060881794,0.2076448082923889,0.015884437407050412,0.4256063222885132,1.0,0.1,-0.055984188243746756,0.20596354547092618,0.1665563777089119,0.014273758772837378,0.0,0.0,0.0,0.46837635710835457,0.2678818725435883,0.28386654853820803,0.04404624153573423,0.5743936896324158,1.0,0.9,-1.3736198902130128,0.3974690436575099,0.050079275667667386,0.02623608325101518,0.0,0.0,0.0,-0.10682218372821808,0.21165774689943154,0.15899845957756042,0.02031281882731156,0.0,0.0,0.0,-0.28212308380752804,0.19092103916528902,0.13285452276468276,0.011460068507493967,0.0,0.0,0.0
TENX117,150,016x020,13869,9815,10,0.19394570738077163,0.08174671319632923,0.19678740352392196,0.011968099525070384,0.2836248904466629,0.7,0.0,-0.04513420611619949,0.11004908935708559,0.15512776374816895,0.012265430628606935,0.0,0.0,0.0,0.5428482726216316,0.23133883734967037,0.2820825964212418,0.04517532853564218,0.5823222279548645,1.0,1.0,-1.4632900923490524,0.5430773052766067,0.04570991955697536,0.03144001020080092,0.0,0.0,0.0,0.07464632391929626,0.17866444345851276,0.17622555047273636,0.02643089935804792,0.1340528815984726,0.3,0.0,-0.11821248400956393,0.1158213734117291,0.14406674355268478,0.009568412318929232,0.0,0.0,0.0
TENX117,151,016x021,14600,9815,10,0.32235356271266935,0.10030013485520285,0.21230422109365463,0.011772161708275946,0.4452008128166199,1.0,0.1,0.010891526937484741,0.1051029050831473,0.15550585091114044,0.008886860026586238,0.0,0.0,0.0,0.5448759913444519,0.2449122439885072,0.2686547711491585,0.044991745938847104,0.5547991782426834,1.0,0.9,-1.1563935697078704,0.5233377948284308,0.05721336305141449,0.03531697896401963,0.0,0.0,0.0,-0.04674056991934776,0.13745427539080288,0.14741889238357545,0.01618559383953575,0.0,0.0,0.0,0.030723716225475074,0.1270633606309288,0.15890287905931472,0.013097594817416725,0.0,0.0,0.0
TENX117,152,016x022,15330,9815,10,0.2406059592962265,0.06639219273152433,0.2048322468996048,0.013970114402328215,0.42079761028289797,1.0,0.0,0.007845032028853893,0.11800603811006308,0.16209027916193008,0.0074757536169620985,0.0,0.0,0.0,0.5641196429729461,0.23415996876991976,0.28619626462459563,0.04615968203088596,0.5792023777961731,1.0,1.0,-1.2661540865898133,0.34216297792697653,0.048686840943992137,0.018793513585872435,0.0,0.0,0.0,-0.09826008826494217,0.11556092257841254,0.14639734327793122,0.015328062450020916,0.0,0.0,0.0,-0.058616352174431084,0.09555220874997053,0.1517970398068428,0.00935661278838347,0.0,0.0,0.0
TENX117,153,016x023,16061,9815,10,0.1701767548918724,0.22076017201921694,0.1979020580649376,0.0154789414052042,0.38069523870944977,0.9,0.0,-0.06403982676565648,0.21849340024847058,0.15627779215574264,0.007802098659644165,0.0,0.0,0.0,0.4654529796913266,0.33354305461952066,0.26978087425231934,0.049523293455529235,0.5113043338060379,0.9,0.8,-1.0308453254401684,0.6404663948480444,0.08357383962720633,0.08187157654680986,0.10800043344497681,0.2,0.2,-0.024483808130025864,0.295868278788883,0.165129254758358,0.027882519586523203,0.0,0.0,0.0,-0.27568676555529237,0.2447637796950267,0.12733619064092636,0.01530847703112177,0.0,0.0,0.0
TENX117,154,016x024,16792,9815,10,0.200680860131979,0.1691260279716003,0.18617765009403228,0.013436267768468495,0.04369637072086334,0.1,0.0,0.03370416387915611,0.12119910315382264,0.157275228202343,0.006286915382910787,0.0,0.0,0.0,0.5812595665454865,0.1783517483095984,0.27591572254896163,0.047241100323180574,0.5146785020828247,0.9,0.7,-1.2422850996255874,0.4222065072132386,0.0495351517572999,0.02542039083599676,0.0,0.0,0.0,0.3464794263243675,0.25415073009565303,0.21781241297721862,0.03652977663198743,0.441625127196312,1.0,0.3,-0.29636286087334157,0.161913870202043,0.11328382417559624,0.008482239264510513,0.0,0.0,0.0
TENX117,155,016x025,17522,9815,10,0.11283297464251518,0.20270040757735294,0.18228376805782318,0.015780527750238693,0.06521623134613037,0.2,0.0,-0.09211126826703549,0.10839765280676963,0.148267662525177,0.009343986933177121,0.0,0.0,0.0,0.6055219545960426,0.24931364411987517,0.3016336038708687,0.05120383561899795,0.5943221271038055,1.0,0.8,-1.2246133446693421,0.3785997298745863,0.05334033640101552,0.022215145875138252,0.0,0.0,0.0,0.203217526525259,0.2846753872204466,0.20224256217479705,0.038009420601810895,0.3404616147279739,0.8,0.2,-0.3733113244175911,0.23131039350983143,0.11223205775022507,0.01118904171389078,0.0,0.0,0.0
TENX117,156,016x026,18253,9815,10,0.058861006051301956,0.19563952194144757,0.15352461785078048,0.013007635164013674,0.0,0.0,0.0,-0.08013824820518493,0.1850560346813294,0.13333362638950347,0.0075777026617750015,0.0,0.0,0.0,0.699813723564148,0.29154706468858294,0.29542245268821715,0.053765538946498576,0.5519278913736343,1.0,0.6,-0.9951226443052292,0.6179153940914279,0.06531625390052795,0.03430864826706633,0.0,0.0,0.0,0.4847607210278511,0.2996073282556691,0.23872845023870468,0.04718275839427488,0.44807212650775907,1.0,0.4,-0.24203007919713854,0.22775124478340372,0.11367458328604699,0.01022541699130437,0.0,0.0,0.0
TENX117,157,016x027,18984,9815,10,-0.028520642966032028,0.11044689350828205,0.1675968199968338,0.018981971722384795,0.03072134256362915,0.1,0.0,-0.18498929142951964,0.06977523610308788,0.1427827224135399,0.010525602392732862,0.0,0.0,0.0,0.5795720808207989,0.23670789846578602,0.3111200615763664,0.056689478403116264,0.6042452692985535,1.0,0.8,-1.0838114678859712,0.45009045549428245,0.06357217375189066,0.026843646269634192,0.0,0.0,0.0,0.1298336938023567,0.23186867829628574,0.2002165883779526,0.045223284372085316,0.36503339409828184,0.9,0.2,-0.40735754519701006,0.1265681517010566,0.11471162065863609,0.012920659860166507,0.0,0.0,0.0
TENX117,158,016x028,19715,9815,10,-0.010313455760478974,0.1798902475748472,0.1550369679927826,0.02323268552006496,0.05536177158355713,0.2,0.0,-0.07732520960271358,0.14797251966220204,0.14378247708082198,0.011413170883967184,0.05681477785110474,0.2,0.0,0.6988210916519165,0.1924429847802526,0.3157823204994202,0.0516728009724319,0.6333724558353424,1.0,1.0,-0.7025099247694016,0.6125933712764092,0.09247343018651008,0.05880217138769492,0.08030153214931487,0.2,0.0,0.01841002479195595,0.24005915814941084,0.16185465976595878,0.03680715484057773,0.17414946258068084,0.4,0.0,-0.17741196155548095,0.18217951823129944,0.13107014298439026,0.018782854879140148,0.0,0.0,0.0
TENX117,159,016x029,20445,9815,10,0.08956768736243248,0.19665552585356902,0.17081934064626694,0.018845221029619403,0.17508032619953157,0.5,0.0,-0.012631663307547569,0.16571558220845195,0.15350293666124343,0.008311797490258807,0.05972647666931152,0.2,0.0,0.665182301402092,0.21012174890618265,0.30654902905225756,0.05322854167982681,0.6326416790485382,1.0,1.0,-1.029374462366104,0.43364940460330986,0.06209279764443636,0.02628357054500446,0.0,0.0,0.0,0.012911222130060195,0.28999505756838206,0.1610398106276989,0.03501612548708907,0.13255151808261872,0.3,0.0,-0.06553346663713455,0.17624705127650192,0.14599608182907103,0.013468321427078352,0.0,0.0,0.0
TENX117,160,017x012,8023,10546,10,-0.07854515723884106,0.15368999119460833,0.15472692400217056,0.010292781036364974,0.0,0.0,0.0,-0.020629590004682542,0.08361353838986221,0.1638900026679039,0.009689916065707285,0.07467682957649231,0.2,0.0,0.4933451235294342,0.11845182389300048,0.27442937791347505,0.022212009468788377,0.5636277168989181,1.0,0.9,-0.9669290535151959,0.6126239819963235,0.07774292398244143,0.04577415829829009,0.037596327066421506,0.1,0.0,0.2191435568034649,0.2691331629227278,0.21213889718055726,0.04238274873598647,0.32409913539886476,0.7,0.1,-0.36128888512030244,0.18516078953346043,0.11707185804843903,0.012857929182601188,0.0,0.0,0.0
TENX117,161,017x013,8754,10546,10,-0.13345917984843253,0.06452179116153815,0.1719327911734581,0.012625753199659914,0.0,0.0,0.0,-0.29241990894079206,0.1220654617205744,0.14670518338680266,0.01111337811204507,0.0,0.0,0.0,0.34058087449520824,0.19432512420663856,0.27859037816524507,0.04080485994894482,0.5434894591569901,1.0,0.7,-0.9246453016996383,0.4491488088608142,0.08648848161101341,0.041599027987062366,0.0,0.0,0.0,0.1646531529724598,0.0623730827937548,0.2317200556397438,0.018132793292816102,0.4565105319023132,1.0,0.3,-0.8451600909233093,0.10212607747834833,0.0845631167292595,0.008564664371761472,0.0,0.0,0.0
TENX117,162,017x014,9485,10546,10,0.14938684776425362,0.2113079917302753,0.2063045620918274,0.01817721464316247,0.43659788370132446,1.0,0.2,-0.08732474111020565,0.22316665500113914,0.1629533812403679,0.015250415905934248,0.0,0.0,0.0,0.3973755083978176,0.2951532611724317,0.26793031841516496,0.048767900895820955,0.4159233570098877,0.7,0.7,-1.009658980369568,0.25653037654854094,0.06967678554356098,0.027169509609766447,0.0,0.0,0.0,0.06950567290186882,0.23961074909714986,0.19150899797677995,0.025993689988148848,0.14747876822948455,0.3,0.1,-0.5593619972467423,0.22768248759741944,0.10162596851587295,0.009734307813808287,0.0,0.0,0.0
TENX117,163,017x015,10215,10546,10,0.24896551668643951,0.07934402025781624,0.20720040798187256,0.016032194874064525,0.4210542678833008,1.0,0.1,-0.021267949789762496,0.14439658809937786,0.1579632803797722,0.009748611138077902,0.0,0.0,0.0,0.571656983345747,0.23790926569971665,0.28952471166849136,0.04863437945357468,0.578945729136467,1.0,0.9,-1.17844198346138,0.30638428374127036,0.05258597303181887,0.017811418571419078,0.0,0.0,0.0,0.024208486825227738,0.13386717014690414,0.1662489041686058,0.020459508086413777,0.0,0.0,0.0,-0.24433726519346238,0.054492419714936326,0.12647671103477479,0.009072716841478307,0.0,0.0,0.0
TENX117,164,017x016,10946,10546,10,0.2987237453460693,0.10567711560584353,0.22745570838451384,0.014413965673394074,0.45103585720062256,1.0,0.3,-0.04200763516128063,0.13844831268398816,0.16175312399864197,0.00987522568412227,0.0,0.0,0.0,0.4975122779607773,0.22910211992905036,0.28097452223300934,0.04654530980877015,0.5489641517400742,1.0,0.7,-1.5402422308921815,0.49345716944050844,0.041939827520400284,0.023786808025656886,0.0,0.0,0.0,-0.06121617034077644,0.1510862640974866,0.1593673124909401,0.01792420223326851,0.0,0.0,0.0,-0.2737672753632069,0.12119795022953025,0.12850953564047812,0.01096942262612994,0.0,0.0,0.0
TENX117,165,017x017,11677,10546,10,0.24621995463967322,0.20171072246092286,0.21818040758371354,0.01757156718821295,0.44298496544361116,1.0,0.3,-0.05888168290257454,0.20577550897194183,0.16062581092119216,0.010161088491064703,0.0,0.0,0.0,0.47849817872047423,0.3052730190679458,0.27901840806007383,0.050385287126231755,0.5570150345563889,1.0,0.7,-1.1506891578435898,0.4814507972295371,0.06569701340049505,0.04731950455670677,0.0,0.0,0.0,-0.12470577955245972,0.22078811490397027,0.15098213031888008,0.01645811766066506,0.0,0.0,0.0,-0.30777780935168264,0.2289992423075022,0.1254962533712387,0.01151081689304876,0.0,0.0,0.0
TENX117,166,017x018,12407,10546,10,0.2670048713684082,0.180283195286868,0.2158581256866455,0.016008337681517208,0.44484674036502836,1.0,0.2,-0.008939173072576523,0.19487543651040237,0.163538621366024,0.0075813402934178,0.0,0.0,0.0,0.49182959645986557,0.29838628065486333,0.27428329885005953,0.0501228523624885,0.5551532477140426,1.0,0.8,-1.4171489000320434,0.5377825281756098,0.049284685775637625,0.033779958097761256,0.0,0.0,0.0,-0.01897518038749695,0.2160704398262361,0.16296607851982117,0.020276621378495938,0.0,0.0,0.0,-0.2093222990632057,0.20910831199694446,0.1340691976249218,0.010074796297025727,0.0,0.0,0.0
TENX117,167,017x019,13138,10546,10,0.2569752141833305,0.16650914957642482,0.20481500327587127,0.02083838342857325,0.41327040195465087,1.0,0.1,-0.012015749886631965,0.12631081448989387,0.1557585522532463,0.0030974465690965067,0.0,0.0,0.0,0.61361173838377,0.24791470268794416,0.29587754905223845,0.052478772644706115,0.5867295891046524,1.0,0.9,-1.369470489025116,0.5527785138525739,0.04751959349960089,0.025944521332715267,0.0,0.0,0.0,0.05401134118437767,0.2005963654655766,0.16808183044195174,0.024589507511750527,0.0,0.0,0.0,-0.21143537163734435,0.14516041137907285,0.12794747054576874,0.009834446491706634,0.0,0.0,0.0
TENX117,168,017x020,13869,10546,10,0.22475434318184853,0.1059641833473195,0.20640613585710527,0.012215779463772477,0.432626286149025,1.0,0.0,-0.032159297913312915,0.09252457698879767,0.1600544661283493,0.014915617016133887,0.0,0.0,0.0,0.4989171601831913,0.2558925901667195,0.2743334397673607,0.04225701221943239,0.5673737108707428,1.0,1.0,-1.7275588035583496,0.3395941903353244,0.03161635212600231,0.01345617752484541,0.0,0.0,0.0,0.08654489070177078,0.131835573182324,0.18040052205324172,0.018953067889644588,0.0,0.0,0.0,-0.11294665951281786,0.12775750861086804,0.1471890926361084,0.007619160298156825,0.0,0.0,0.0
TENX117,169,017x021,14600,10546,10,0.12167455404996871,0.09801225422309394,0.19435594975948334,0.008343811517092976,0.41849478185176847,1.0,0.0,-0.06014650911092758,0.1301985489944857,0.1621998131275177,0.009857548214292664,0.0,0.0,0.0,0.45351419150829314,0.22312301405495133,0.273893640935421,0.04210190915572777,0.5815052151679992,1.0,1.0,-1.1960841357707976,0.5195271778669461,0.060188219882547855,0.032904043019739704,0.0,0.0,0.0,-0.004905984550714493,0.11281868860576229,0.17217166423797609,0.019657097158843492,0.0,0.0,0.0,-0.22738273292779923,0.1081886479311858,0.13719071447849274,0.007921741135619682,0.0,0.0,0.0
TENX117,170,017x022,15330,10546,10,0.2305752955377102,0.11507857198892078,0.21314617395401,0.014865724864626246,0.43766168653965,1.0,0.0,-0.09768428523093461,0.12707334756151217,0.15341977924108505,0.009599788605958616,0.0,0.0,0.0,0.4846352435648441,0.26511630737034075,0.27798615396022797,0.04611691725621663,0.5623383045196533,1.0,1.0,-1.7500455856323243,0.5897411892516912,0.03605382908135653,0.022249435094802653,0.0,0.0,0.0,-0.030536885559558868,0.1315954364680835,0.16473988592624664,0.018932999312364578,0.0,0.0,0.0,-0.08969608042389154,0.13286399993047543,0.15465415716171266,0.009461603360616154,0.0,0.0,0.0
TENX117,171,017x023,16061,10546,10,0.1953801229596138,0.12032386910223837,0.2031667187809944,0.011830909109436417,0.4296043187379837,1.0,0.0,-0.05565105602145195,0.17629980390884556,0.1583031639456749,0.012735012801453328,0.0,0.0,0.0,0.48171460460871457,0.2346029054613111,0.2732001215219498,0.04127830190707694,0.5703956663608551,1.0,1.0,-1.3016403257846831,0.3404304033035398,0.04901856128126383,0.019021392034168683,0.0,0.0,0.0,-0.010727407783269883,0.14309794786305116,0.16594038307666778,0.017186605843762155,0.0,0.0,0.0,-0.10635925168171526,0.0941456203557067,0.15037105232477188,0.010711868929366172,0.0,0.0,0.0
TENX117,172,017x024,16792,10546,10,0.10853559672832488,0.15514448831652475,0.18394580483436584,0.016579335589218012,0.043697530031204225,0.1,0.0,-0.11222451515495777,0.11346684119882477,0.1469976171851158,0.00481144044900282,0.0,0.0,0.0,0.5348084636032582,0.2311801588642642,0.2860441833734512,0.055193428409667816,0.5305791079998017,0.9,0.8,-1.3647683382034301,0.5807962504572064,0.049260239396244285,0.028083308963735513,0.0,0.0,0.0,0.2296079859137535,0.22193562610684314,0.20961502939462662,0.03524807190713664,0.4257233768701553,1.0,0.2,-0.2841310653835535,0.13651318986088534,0.12413710877299308,0.01028881033115284,0.0,0.0,0.0
TENX117,173,017x025,17522,10546,10,0.17119672149419785,0.2029208821174148,0.2016392394900322,0.017276090416664742,0.41223604083061216,1.0,0.0,-0.09895184133201837,0.19723508778660329,0.1534705340862274,0.006317249425502364,0.0,0.0,0.0,0.5316282659769058,0.289268454745904,0.2923933193087578,0.0497464058631594,0.5877639472484588,1.0,1.0,-1.4591819524765015,0.40164370206695515,0.041798195242881774,0.013874556338594905,0.0,0.0,0.0,0.051369210332632066,0.2137949158910328,0.17996032387018204,0.024916921584151493,0.0,0.0,0.0,-0.26118584210053086,0.21594906173899225,0.13073838576674462,0.009699417998254611,0.0,0.0,0.0
TENX117,174,017x026,18253,10546,10,0.030750741064548493,0.17385208119427306,0.1624779686331749,0.016503594283898162,0.0322880744934082,0.1,0.0,-0.07219071686267853,0.10059170987386096,0.14611074030399324,0.00936067505247104,0.0,0.0,0.0,0.6082744866609573,0.23967988470423976,0.2930377125740051,0.05447231175901092,0.5958238869905472,1.0,0.9,-0.8581074118614197,0.5149931521795074,0.07660661842674017,0.03403168047072596,0.0,0.0,0.0,0.20092022866010667,0.30326551325868667,0.19685053676366807,0.046762803699812054,0.3718880504369736,0.9,0.1,-0.230099855363369,0.16927398493567636,0.1249164216220379,0.009984625702744556,0.0,0.0,0.0
TENX117,175,017x027,18984,10546,10,-0.11227199509739876,0.15473195723498492,0.1549626648426056,0.018942071917450464,0.026964876055717468,0.1,0.0,-0.14710852392017842,0.1520379153495271,0.148795185983181,0.008755349065767627,0.10722314417362214,0.4,0.0,0.6473566740751266,0.22915688388826858,0.3333634376525879,0.05526000354596306,0.6557375192642212,1.0,1.0,-1.1302152454853058,0.5033323668369254,0.06238566618412733,0.02561642218937777,0.0,0.0,0.0,-0.07022337019443511,0.2299691148295134,0.16469157934188844,0.037396717615054365,0.21007446050643921,0.5,0.0,-0.24272332787513734,0.16796448692096325,0.13580148071050643,0.014867629124789079,0.0,0.0,0.0
TENX117,176,017x028,19715,10546,10,-0.17458524480462073,0.13732814177634536,0.1475795179605484,0.01467765393367331,0.03928880095481872,0.1,0.0,-0.1466619372367859,0.08671527175821107,0.15189699083566666,0.01658111991068435,0.13661547303199767,0.4,0.0,0.5571995720267295,0.18569394866735048,0.3081738889217377,0.04179994385868277,0.642353230714798,1.0,1.0,-0.6009320676326751,0.562827461267089,0.10712005198001862,0.04450848814470674,0.06405772864818574,0.2,0.0,-0.21192837730050088,0.22217640320607496,0.14536782577633858,0.03419501389228586,0.1176847517490387,0.3,0.0,-0.2291751615703106,0.13455754590421623,0.13986171260476113,0.015050217808250341,0.0,0.0,0.0
TENX117,177,017x029,20445,10546,10,-0.00946444496512413,0.17664839177059347,0.16436316668987275,0.015832270058638468,0.0,0.0,0.0,-0.08427338525652886,0.14467531659036661,0.1521448090672493,0.009637905623673223,0.033059602975845336,0.1,0.0,0.5547542169690132,0.2846646250242312,0.291966886818409,0.05005606894641021,0.5986001253128052,1.0,0.9,-0.8938209876418114,0.5436855394720606,0.0795102646574378,0.04592471313540696,0.0,0.0,0.0,0.13008379712700843,0.26562273650318646,0.19236688315868378,0.04137016194576706,0.3683402627706528,0.9,0.1,-0.328714819252491,0.2260815773142216,0.11964800208806992,0.013492896502279793,0.0,0.0,0.0
TENX117,178,018x011,7292,11277,10,-0.04212165921926499,0.2109976638239182,0.15914684236049653,0.014252479625358538,0.0,0.0,0.0,-0.11012239307165146,0.1911875333813277,0.14843080192804337,0.010116958739378186,0.0,0.0,0.0,0.5196115866303443,0.1918381532989065,0.27963133454322814,0.03038689925026522,0.5247188746929169,1.0,0.6,-1.0864061295986176,0.2885719702284662,0.05832120180130005,0.01791354843228906,0.0,0.0,0.0,0.4195342905819416,0.2162669030274609,0.25310869365930555,0.028638176458528897,0.4752811223268509,1.0,0.4,-0.49225753396749494,0.18876148239437182,0.10136112123727799,0.007894664491754824,0.0,0.0,0.0
TENX117,179,018x012,8023,11277,10,0.08969799727201462,0.14493570784510976,0.17554449886083603,0.016427909353338016,0.0,0.0,0.0,-0.13149143420159817,0.09768463339302846,0.14067014008760453,0.012491977444347527,0.0,0.0,0.0,0.5892959162592888,0.17493903271462266,0.2908044204115868,0.03942172986232154,0.5506626784801483,1.0,0.8,-0.8803349256515502,0.3261162446088665,0.07037443406879902,0.022772815846069976,0.0,0.0,0.0,0.38347654938697817,0.16053959241150106,0.23587851971387863,0.026083413053297675,0.4493373245000839,1.0,0.2,-0.6128644317388534,0.12592363284152316,0.08672800213098526,0.005213612444146064,0.0,0.0,0.0
TENX117,180,018x013,8754,11277,10,0.05927622988820076,0.23583451613403145,0.18154644072055817,0.01578819961589728,0.0,0.0,0.0,-0.04056829083710909,0.1709221168666724,0.16390628665685653,0.008674111993003159,0.0,0.0,0.0,0.41434496771544216,0.25418836994517485,0.2617281511425972,0.043752334210197204,0.5140310049057006,1.0,0.6,-1.5403442859649659,0.47090654849702196,0.04478156343102455,0.027511185717779874,0.0,0.0,0.0,0.3572981655597687,0.3072986563137908,0.24619555920362474,0.03559058129260668,0.4859689950942993,1.0,0.4,-0.5188869293779135,0.2486358790631512,0.10184200257062911,0.008971953986862867,0.0,0.0,0.0
TENX117,181,018x014,9485,11277,10,0.22053808495402336,0.12246397964870974,0.2211974322795868,0.018266487884575282,0.436555278301239,1.0,0.2,-0.1314938586205244,0.10895795835383544,0.15525907874107361,0.008115603762256824,0.0,0.0,0.0,0.4788831278681755,0.22786260715964227,0.2893243059515953,0.04654887586205422,0.5634447306394577,1.0,0.8,-1.4291610836982727,0.3513390399774928,0.046464968100190164,0.020207763210339225,0.0,0.0,0.0,-0.10036679580807686,0.13926952132093656,0.16111708879470826,0.01938998279930435,0.0,0.0,0.0,-0.3358248069882393,0.11193106617036111,0.12663712576031685,0.007956461013286658,0.0,0.0,0.0
TENX117,182,018x015,10215,11277,10,0.4468139737844467,0.1106515596854784,0.22006217241287232,0.015348342120137515,0.44051310122013093,1.0,0.2,0.059262648597359656,0.09383894018428973,0.14916960000991822,0.006924714722680401,0.0,0.0,0.0,0.6887948334217071,0.22821128451184564,0.2833776906132698,0.045386426010663686,0.559486910700798,1.0,0.8,-1.6184125185012816,0.45340074819153603,0.03112057726830244,0.014019892055207109,0.0,0.0,0.0,0.17158914729952812,0.14249579146397545,0.16766634583473206,0.017875272303466555,0.0,0.0,0.0,0.05478082206100225,0.13988495148503596,0.14860363751649858,0.009051895683716456,0.0,0.0,0.0
TENX117,183,018x016,10946,11277,10,0.33989570662379265,0.1491026123636463,0.22138971835374832,0.017081999037673965,0.4523789405822754,1.0,0.3,0.02871958501636982,0.11449876768657327,0.1618233948945999,0.0058766805265412555,0.0,0.0,0.0,0.5331974945962429,0.23379288644745533,0.2718247830867767,0.04534887530806811,0.5476210594177247,1.0,0.7,-1.501027637720108,0.3710206298279458,0.03895833101123571,0.018454275250887105,0.0,0.0,0.0,0.06569797992706299,0.17207296526762936,0.16891672164201738,0.01942875930423978,0.0,0.0,0.0,-0.138208497595042,0.14267605935555674,0.13708705827593803,0.007983881558303606,0.0,0.0,0.0
TENX117,184,018x017,11677,11277,10,0.29698371663689616,0.12476299429341575,0.2177695631980896,0.018603822733879043,0.41491934657096863,1.0,0.0,-0.0480438157916069,0.10089541549103988,0.15401739329099656,0.010512745385078228,0.0,0.0,0.0,0.644466295838356,0.2522832027449354,0.3103651970624924,0.04478310611603059,0.5850806295871734,1.0,1.0,-1.0280979566276074,0.5422326666231266,0.06620097439736128,0.03788956040433971,0.0,0.0,0.0,-0.2559092275798321,0.17580702804801174,0.12612555101513861,0.01798214595502149,0.0,0.0,0.0,-0.25240354612469673,0.14918186212515505,0.12552131116390228,0.008112058035099973,0.0,0.0,0.0
TENX117,185,018x018,12407,11277,10,0.3107631206512451,0.09770203156512693,0.22460405230522157,0.017759585025906997,0.46839918196201324,1.0,0.5,0.015281345322728157,0.08986515727580441,0.16754774302244185,0.017853169076230312,0.04486234188079834,0.1,0.0,0.43195037841796874,0.2907195685343243,0.2579885333776474,0.05163303280387413,0.44137679040431976,0.8,0.5,-1.5922319650650025,0.31752131978502723,0.035209241323173046,0.011472278851072845,0.0,0.0,0.0,0.033613923192024234,0.17430561537531797,0.17147704660892488,0.024151905948310626,0.045361685752868655,0.1,0.0,-0.13867641258984803,0.13543250992597988,0.1431733936071396,0.009687403020750666,0.0,0.0,0.0
TENX117,186,018x019,13138,11277,10,0.13788312003016473,0.12628504181852027,0.20487434566020965,0.015096407791587212,0.42207777202129365,1.0,0.1,-0.1296063169836998,0.11208332141185665,0.15660552978515624,0.008623143889874034,0.0,0.0,0.0,0.4559653915464878,0.2538148169404853,0.2845007374882698,0.045331864558105915,0.5779222190380097,1.0,0.9,-1.089513298869133,0.4947303471106099,0.06633418407291174,0.028632710754723192,0.0,0.0,0.0,-0.07363602295517921,0.13512337752091783,0.16698486655950545,0.023706390291768166,0.0,0.0,0.0,-0.39009906351566315,0.13588991464855957,0.12070032432675362,0.006857640895773377,0.0,0.0,0.0
TENX117,187,018x020,13869,11277,10,0.2625085264444351,0.08505651658341612,0.20422046035528182,0.014425847422631448,0.4086285889148712,1.0,0.0,-0.007921741344034672,0.06407243228700524,0.15551563799381257,0.00473986250645554,0.0,0.0,0.0,0.6370927155017853,0.21831481397573227,0.30033656805753706,0.0490237106333993,0.5913714349269867,1.0,1.0,-1.0062257289886474,0.270703382991294,0.05934476181864738,0.01571906205375249,0.0,0.0,0.0,-0.1089544415473938,0.14879414619375889,0.14171576797962188,0.018574610823066537,0.0,0.0,0.0,-0.12289448389783501,0.08411961001351737,0.1388668179512024,0.009228202569556712,0.0,0.0,0.0
TENX117,188,018x021,14600,11277,10,0.19118516743183137,0.13373451295151817,0.20814161300659179,0.012136290696972913,0.43311408162117004,1.0,0.1,-0.10687071606516838,0.16092364380619048,0.15442102551460266,0.007606091426309648,0.0,0.0,0.0,0.46364750489592554,0.25601629607457543,0.27676755636930467,0.04641584542829772,0.56688591837883,1.0,0.9,-1.2588051795959472,0.5892175706233134,0.059934419114142656,0.03367185510575249,0.0,0.0,0.0,-0.11520151942968368,0.18692958575032095,0.15419332981109618,0.020176663309385244,0.0,0.0,0.0,-0.16009388044476508,0.14845045793436681,0.1465420812368393,0.009617082024995003,0.0,0.0,0.0
TENX117,189,018x022,15330,11277,10,0.16577357202768325,0.18938487481881117,0.2080716997385025,0.016941245491615835,0.361663419008255,0.8,0.3,-0.11224478743970394,0.16830474294351044,0.15727676302194596,0.008119559081530317,0.0,0.0,0.0,0.3939107857644558,0.26903374948439873,0.2649746835231781,0.048159245817713345,0.4601421356201172,0.8,0.7,-1.2228309512138367,0.3491069318876902,0.05485865268856287,0.01945254830058687,0.0,0.0,0.0,0.06285098046064377,0.1524093232802294,0.18839149475097655,0.022051533660643084,0.17819443345069885,0.4,0.0,-0.3306567152030766,0.1547137381865545,0.12642671391367913,0.0068024989329196345,0.0,0.0,0.0
TENX117,190,018x023,16061,11277,10,0.14926357418298722,0.08969429066820554,0.19648293852806092,0.02022433032881547,0.21661565005779265,0.6,0.1,-0.12965787388384342,0.0995838995237885,0.14826464504003525,0.010627623787049189,0.0,0.0,0.0,0.5609886214137078,0.2565295098060144,0.3009651854634285,0.05915858211037799,0.5407371193170547,0.9,0.8,-1.508726704120636,0.31520336153535367,0.03934791749343276,0.011759763575956188,0.0,0.0,0.0,0.14348845481872557,0.1668739084716016,0.19741758406162263,0.034857957397927894,0.2426472306251526,0.5,0.1,-0.3629529908299446,0.10671170620461116,0.11752172708511352,0.009898501124917084,0.0,0.0,0.0
TENX117,191,018x024,16792,11277,10,0.30229969397187234,0.16551325135422237,0.21034771502017974,0.020205593737760985,0.3788734614849091,0.9,0.2,-0.1062167689204216,0.11275874140191205,0.13949839025735855,0.00946132714425559,0.0,0.0,0.0,0.5674722246825695,0.24534388943670185,0.27871289700269697,0.056143809602912806,0.4681777387857437,0.8,0.6,-1.3577632904052734,0.5072697159834054,0.04548187702894211,0.02184342321744624,0.0,0.0,0.0,0.19867082089185714,0.2445344662580713,0.19256979525089263,0.0392982110883176,0.152948796749115,0.3,0.2,-0.15378740802407265,0.19898148570594956,0.13338933140039444,0.01365519765495718,0.0,0.0,0.0
TENX117,192,018x025,17522,11277,10,0.0031641311943531036,0.1526419394249567,0.16448745876550674,0.017193110144372033,0.0,0.0,0.0,-0.10610159635543823,0.17175153089261577,0.14689744114875794,0.008434326687829598,0.0,0.0,0.0,0.5828203512355685,0.271435923043729,0.29701157212257384,0.0533679109219074,0.584019786119461,1.0,0.7,-0.8751964896917344,0.3366547474321818,0.07349405083805323,0.02761055269469037,0.0,0.0,0.0,0.23412527218461038,0.21427888333096973,0.20906287878751756,0.03532652506954889,0.4159802049398422,1.0,0.3,-0.4057962290942669,0.14594584623101958,0.10904658064246178,0.008979448529608901,0.0,0.0,0.0
TENX117,193,018x026,18253,11277,10,0.10243084207177162,0.1704970533648504,0.16969215422868728,0.018497958473982962,0.08805099725723267,0.3,0.0,-0.07999431304633617,0.13925278465570504,0.14060620963573456,0.0034866922279485693,0.0,0.0,0.0,0.6883450284600258,0.21746027889016717,0.308145047724247,0.0550660555620855,0.6168660044670105,1.0,0.9,-1.0412384867668152,0.3648775871665976,0.05730863846838474,0.01939762776221919,0.0,0.0,0.0,0.1822586290538311,0.2608967849284146,0.18679145276546477,0.039000356684889895,0.2950829893350601,0.7,0.1,-0.10730573162436485,0.1892846403803646,0.13745650574564933,0.013809157426426442,0.0,0.0,0.0
TENX117,194,018x027,18984,11277,10,0.030382240563631056,0.1272623668038436,0.16337797343730925,0.017934872327653697,0.029916828870773314,0.1,0.0,-0.12328353561460972,0.08426548891207554,0.1397246465086937,0.01135205664380884,0.0,0.0,0.0,0.6830562591552735,0.24892892457712013,0.3172192394733429,0.057165116455976495,0.6166059494018554,1.0,1.0,-1.2238212376832962,0.531661900795592,0.052546446584165095,0.023333651727755967,0.0,0.0,0.0,0.18718801215291023,0.24798400360003017,0.19473563879728317,0.043034544813948486,0.3534772276878357,0.9,0.0,-0.1794647119939327,0.14968412492899966,0.1323960542678833,0.013984046764715884,0.0,0.0,0.0
TENX117,195,018x028,19715,11277,10,-0.02415604591369629,0.13813086239138972,0.1548572689294815,0.013347852944179067,0.0,0.0,0.0,-0.06229086685925722,0.09873679685892633,0.1486011952161789,0.0051836375691981925,0.03144134879112244,0.1,0.0,0.5888905823230743,0.1478577293772808,0.2876578524708748,0.040185108647931324,0.5836609870195388,1.0,0.8,-0.8819485865533352,0.6484427431524946,0.07976866122335195,0.044402145833094174,0.03527102470397949,0.1,0.0,0.2212008111178875,0.2961437694614608,0.20356250256299974,0.05109586138500815,0.3496266484260559,0.8,0.2,-0.23537395447492598,0.13279096608243587,0.12555251345038415,0.01280558278038917,0.0,0.0,0.0
TENX117,196,018x029,20445,11277,10,0.09073010981082916,0.14601433285986407,0.17533735632896424,0.014795093518361769,0.13303709030151367,0.4,0.0,-0.07344595678150653,0.12323622903475627,0.14855117052793504,0.009424284446022368,0.0,0.0,0.0,0.6119433164596557,0.134238738813049,0.29654537290334704,0.03680583086429266,0.5917522698640824,1.0,0.9,-1.0588280908763408,0.6941560585617977,0.06866527218371629,0.03991609548706178,0.0,0.0,0.0,0.20588123202323913,0.2661527904138029,0.20177800953388214,0.048254402346336586,0.27521063983440397,0.6,0.1,-0.38579298704862597,0.16298310811898203,0.10912280306220054,0.011756352100914226,0.0,0.0,0.0
TENX117,197,019x010,6562,12007,10,-0.11789598912000657,0.1422851892943456,0.15581808984279633,0.011325117021745351,0.0,0.0,0.0,-0.22377440072596072,0.13434663651646855,0.14012710824608804,0.009520285375517615,0.0,0.0,0.0,0.4399928241968155,0.15837490126767279,0.27348465025424956,0.032712112992130296,0.48510982990264895,1.0,0.5,-1.1073845267295837,0.18306626823583316,0.05838694646954536,0.00841956225206775,0.0,0.0,0.0,0.5003124713897705,0.1482141312322989,0.2897815778851509,0.028473001386771373,0.5148901760578155,1.0,0.5,-0.7551785707473755,0.14037143011555897,0.0824016161262989,0.006193373134242796,0.0,0.0,0.0
TENX117,198,019x011,7292,12007,10,0.10682346299290657,0.2796891602816135,0.1914961352944374,0.018731338986240013,0.08209103047847748,0.2,0.0,-0.10717792101204396,0.23087548941905073,0.1541757121682167,0.009513121299759692,0.0,0.0,0.0,0.4529719455167651,0.273252508910659,0.2731480270624161,0.04456093933668333,0.5051371842622757,0.9,0.7,-0.8985936157405376,0.551315846743577,0.09010635763406753,0.07283745034861257,0.10031027495861053,0.2,0.1,0.15664372816681862,0.3453285248683154,0.20409217178821565,0.03852220379376609,0.31246150434017184,0.7,0.2,-0.6830415710806846,0.2840519011503292,0.08698156923055649,0.009027159699087196,0.0,0.0,0.0
TENX117,199,019x012,8023,12007,10,0.105197624117136,0.18012646139360045,0.19410358965396882,0.023560154957497876,0.36602329313755033,0.9,0.1,-0.05636363327503204,0.1498234696815139,0.163978610932827,0.003759003990240223,0.031023246049880982,0.1,0.0,0.5351413942873477,0.25239281301231814,0.3008768707513809,0.05224444944293177,0.6029534608125686,1.0,0.9,-1.0377840757369996,0.40184091687351736,0.06811004802584648,0.03477888782347707,0.0,0.0,0.0,-0.047063183039426804,0.22620233025109399,0.16765795648097992,0.026748690524088944,0.0,0.0,0.0,-0.5055246610194445,0.18877967608451737,0.10527293309569359,0.011621409614687649,0.0,0.0,0.0
TENX117,200,019x013,8754,12007,10,0.07528208792209626,0.18526411391695008,0.18653195053339006,0.014118927484404,0.18573916852474212,0.5,0.0,-0.06042596213519573,0.16127851641317006,0.16264558732509612,0.008699837567750278,0.0,0.0,0.0,0.4931726878508925,0.22430497203913866,0.2860332578420639,0.04495034090470609,0.5921280801296234,1.0,1.0,-1.061917345970869,0.6506706714057853,0.07864426132291555,0.057560824980004255,0.04436216652393341,0.1,0.0,0.04466966390609741,0.30116091886956603,0.1835273563861847,0.03420907232090817,0.17777060270309447,0.4,0.0,-0.5250750109553337,0.2219741319940281,0.10261756107211113,0.010940130861129773,0.0,0.0,0.0
TENX117,201,019x014,9485,12007,10,0.22228160724043847,0.09587600071897978,0.22947752177715303,0.02305557576397047,0.43499618768692017,1.0,0.4,-0.13624911941587925,0.1426831885203522,0.1596200317144394,0.005632450798938307,0.0,0.0,0.0,0.4888223193585873,0.27291287480791704,0.30278666168451307,0.05335011293964157,0.5650038152933121,1.0,0.6,-1.428704035282135,0.21964629405273284,0.0454605994746089,0.013274070207801946,0.0,0.0,0.0,-0.20007248520851134,0.17713477406371725,0.15122805312275886,0.02197868211823647,0.0,0.0,0.0,-0.49925768226385114,0.13643864933848412,0.11142712831497192,0.010316249973736443,0.0,0.0,0.0
TENX117,202,019x015,10215,12007,10,0.23563804775476455,0.16833806984987276,0.21179227977991105,0.015058342490048143,0.4356033235788345,1.0,0.2,-0.03637841828167439,0.12471957013927622,0.16108584851026536,0.006649687040218305,0.0,0.0,0.0,0.49800794050097463,0.22781716748412437,0.2787601962685585,0.04724558096266284,0.5643966764211654,1.0,0.8,-1.0422215282917022,0.46835214365414746,0.06865434236824512,0.04136296273812371,0.0,0.0,0.0,-0.011340711265802383,0.23953909807809529,0.16696546822786332,0.02524901160908999,0.0,0.0,0.0,-0.3951357826590538,0.17258027763054923,0.1127418451011181,0.008462334415608513,0.0,0.0,0.0
TENX117,203,019x016,10946,12007,10,0.331529027223587,0.14230680985646527,0.22209027409553528,0.014059289981631792,0.45231149196624754,1.0,0.4,-0.020053876936435698,0.13895143513778846,0.15631605088710784,0.010732860869200516,0.0,0.0,0.0,0.5255314765498043,0.27488875293548365,0.27364228665828705,0.049345382174727344,0.5476885110139846,1.0,0.6,-1.1299950450658798,0.3838627771815305,0.058736912719905374,0.03406298900029175,0.0,0.0,0.0,-0.060058148205280305,0.18074560893839306,0.15051079392433167,0.014353862066170894,0.0,0.0,0.0,-0.1404440799728036,0.17108106554456526,0.13870367780327797,0.0113312583799107,0.0,0.0,0.0
TENX117,204,019x017,11677,12007,10,0.20117082223296165,0.10840791406284622,0.20245665609836577,0.009057081912567195,0.42311098277568815,1.0,0.0,-0.0941711686551571,0.1313188090196854,0.1509332612156868,0.010878772167555518,0.0,0.0,0.0,0.51384546905756,0.20881396941878066,0.27960489839315417,0.041272861620161576,0.576889020204544,1.0,1.0,-1.32997328042984,0.5833227459671303,0.05369922202080488,0.03532606205048756,0.0,0.0,0.0,-0.022469138354063035,0.15668872578621537,0.16289647668600082,0.019707043724446306,0.0,0.0,0.0,-0.09662099778652192,0.1286998385565328,0.15040947645902633,0.008637172189836357,0.0,0.0,0.0
TENX117,205,019x018,12407,12007,10,0.3560560792684555,0.11438388534510324,0.22534780204296112,0.014608215633416318,0.4488337218761444,1.0,0.3,-0.04780695848166942,0.208230526428718,0.15076203346252443,0.013440788319518825,0.0,0.0,0.0,0.5638617523014545,0.28507172416274174,0.2808193668723106,0.04647807553812376,0.5511662930250167,1.0,0.7,-1.26779825091362,0.3576942531138086,0.05043288134038448,0.029562689807413462,0.0,0.0,0.0,-0.039835785329341886,0.19117756937770133,0.15236606001853942,0.01765624582208877,0.0,0.0,0.0,-0.1178008571267128,0.16134727662794365,0.14027183949947358,0.00866695815045661,0.0,0.0,0.0
TENX117,206,019x019,13138,12007,10,0.352963450551033,0.061457442020939106,0.22424479871988295,0.017112225828363033,0.4458418726921082,1.0,0.2,-0.033949241414666174,0.09601795158454714,0.15235941410064696,0.01213509936666479,0.0,0.0,0.0,0.5730297282338143,0.2261074774315539,0.2825435549020767,0.045752238855179386,0.5541581451892853,1.0,0.8,-1.7503921627998351,0.20884252081863713,0.028094409964978695,0.0067267860014017695,0.0,0.0,0.0,0.06528913229703903,0.09326080992490934,0.16862603276968002,0.01768602773984241,0.0,0.0,0.0,-0.087921910174191,0.07288470456454843,0.14413181990385054,0.008468514300696612,0.0,0.0,0.0
TENX117,207,019x020,13869,12007,10,0.10565322414040565,0.15341469279349013,0.2007359206676483,0.02254227028095477,0.4109511703252792,1.0,0.1,-0.19133174009621143,0.13310033169205338,0.14858435988426208,0.010558481475114763,0.0,0.0,0.0,0.4726811654865742,0.26216279645445356,0.29274029582738875,0.05241271964779212,0.5890488207340241,1.0,0.9,-1.0177106976509094,0.4148312894058872,0.07205157317221164,0.03380721359320228,0.0,0.0,0.0,-0.10488404631614685,0.1599505974468215,0.16355099752545357,0.025067201579937498,0.0,0.0,0.0,-0.38874799758195877,0.15413083558937396,0.12233684062957764,0.012873845678874497,0.0,0.0,0.0
TENX117,208,019x021,14600,12007,10,0.13864404633641242,0.10385512564156606,0.19090258032083512,0.01859820320872762,0.28209276497364044,0.7,0.0,-0.10746559910476208,0.16625024431045735,0.14915681630373,0.013266925349175356,0.0,0.0,0.0,0.51806480884552,0.2548836855838352,0.2827484682202339,0.05287702911029839,0.5392013430595398,0.9,0.9,-0.8085844725370407,0.3162750220880103,0.07678576074540615,0.023383593835067967,0.0,0.0,0.0,0.12007779106497765,0.14773357766494596,0.18865456581115722,0.028465851056616098,0.17870588302612306,0.4,0.1,-0.3950768783688545,0.11518435292041704,0.11175181344151497,0.008498973154043304,0.0,0.0,0.0
TENX117,209,019x022,15330,12007,10,0.08556732684373855,0.08877074939532865,0.1904583528637886,0.02153603835248186,0.2980953574180603,0.8,0.1,-0.15037836022675038,0.08046457465312686,0.14973574429750441,0.009004997338881453,0.0,0.0,0.0,0.5360123515129089,0.2657373728205352,0.3031537488102913,0.06072739030090877,0.6072536200284958,1.0,0.9,-1.043692809343338,0.2621940489629713,0.06298562437295914,0.015618455619562058,0.0,0.0,0.0,0.006824237108230591,0.12660217819545125,0.17726960629224778,0.028910870526814816,0.09465101063251495,0.2,0.0,-0.4032964438199997,0.07631280584778993,0.1163969285786152,0.008822158355329667,0.0,0.0,0.0
TENX117,210,019x023,16061,12007,10,0.1362874537706375,0.12414642828583428,0.1820064291357994,0.01910006232999412,0.17817532420158386,0.5,0.0,-0.08187455497682095,0.0876194753420029,0.1456770807504654,0.00627177747799789,0.0,0.0,0.0,0.6187438607215882,0.19910599470632767,0.29703006595373155,0.04693198471085355,0.5959661304950714,1.0,0.9,-0.9497453778982162,0.4001660955084992,0.06659408137202263,0.026255340669207546,0.0,0.0,0.0,0.17623998373746871,0.26091640982425485,0.19293380230665208,0.04169896476613057,0.22585854828357696,0.5,0.1,-0.3177973628975451,0.15898211151489738,0.11575853750109673,0.013583834498782376,0.0,0.0,0.0
TENX117,211,019x024,16792,12007,10,0.1894972689449787,0.22511244514505543,0.18987395465373993,0.021894259187581394,0.17757006287574767,0.5,0.0,-0.0625168826431036,0.11464748622665182,0.1468859449028969,0.008899688762557229,0.0,0.0,0.0,0.6086495116353035,0.2590008621362675,0.2934109091758728,0.06082628281831222,0.5408762246370316,0.9,0.7,-1.1621726274490356,0.2559094917079466,0.050998277962207794,0.014180587952533718,0.0,0.0,0.0,0.23049375265836716,0.2539764979626806,0.19939877688884736,0.03361007883458076,0.281553715467453,0.6,0.3,-0.2725434720516205,0.222676483071055,0.11943212151527405,0.012122950458703208,0.0,0.0,0.0
TENX117,212,019x025,17522,12007,10,0.08773540779948234,0.14716633749841806,0.176253017783165,0.021612424598177533,0.19547559916973115,0.6,0.0,-0.11828087419271469,0.17921200787213495,0.1429707795381546,0.01353548126049459,0.0,0.0,0.0,0.6609437368810177,0.24214206595839044,0.3166002854704857,0.06187480538301281,0.6255097806453704,1.0,1.0,-1.1421093046665192,0.35606292857849364,0.05489923730492592,0.018854203638719504,0.0,0.0,0.0,0.08126315549015999,0.23744706330938198,0.17728668600320815,0.03482167921008509,0.1790146201848984,0.4,0.0,-0.19956441298127175,0.15928101090506736,0.1319899782538414,0.014062782572851748,0.0,0.0,0.0
TENX117,213,019x026,18253,12007,10,-0.02153915762901306,0.16577535466052618,0.1751961037516594,0.02454948066068355,0.1427637070417404,0.4,0.0,-0.1711477342993021,0.11423248451305885,0.14946457743644714,0.004790079502365936,0.028104281425476073,0.1,0.0,0.5154418230056763,0.24229957104985578,0.30237545669078825,0.056760106582041996,0.6130316078662872,1.0,0.9,-1.2898663997650146,0.36426927091933003,0.05211631786078215,0.020122220553929475,0.0,0.0,0.0,-0.01263992339372635,0.23213168562617234,0.17851201295852662,0.035190035566176975,0.21610040068626404,0.5,0.1,-0.22367721199989318,0.12431298510244941,0.14233553856611253,0.012887711598474233,0.0,0.0,0.0
TENX117,214,019x027,18984,12007,10,-0.08559764325618743,0.1649033571618475,0.15100785344839096,0.018129292241788452,0.0,0.0,0.0,-0.08618203438818454,0.11122589359773281,0.15002534091472625,0.007570761837946067,0.0,0.0,0.0,0.605933877825737,0.23551347688779029,0.3034355461597443,0.04933829929306358,0.5995383471250534,1.0,0.8,-0.7520610354840755,0.4809135252998411,0.08439934477210045,0.034939981016940035,0.029925242066383362,0.1,0.0,0.18181746378540992,0.2687473092893108,0.20161802619695662,0.047807819148002986,0.37053641080856325,0.9,0.2,-0.40593091398477554,0.15982272839152797,0.10951388329267502,0.012204414115878486,0.0,0.0,0.0
TENX117,215,019x028,19715,12007,10,0.07072772085666656,0.23308654855741182,0.16572535932064056,0.018463414573568638,0.0,0.0,0.0,-0.02486850507557392,0.19318252894997134,0.150150328874588,0.012224455230146234,0.03227242529392242,0.1,0.0,0.6317738518118858,0.23049187133294774,0.2925261855125427,0.0477561523252264,0.581400665640831,1.0,0.7,-0.9619822859764099,0.6535082029927177,0.07759424205869436,0.05867669019064986,0.04184859693050384,0.1,0.0,0.22418723925948142,0.39076156022200875,0.19941288307309152,0.05471675945056111,0.3444783091545105,0.8,0.3,-0.30112923346459863,0.27799835615040447,0.1145909808576107,0.015122159841267063,0.0,0.0,0.0
TENX117,216,019x029,20445,12007,10,-0.08117526806890965,0.12709471800909422,0.1427461937069893,0.01295626321277916,0.0,0.0,0.0,-0.045732495561242106,0.06421616147310558,0.14751432836055756,0.00841545187756777,0.0,0.0,0.0,0.6694708377122879,0.13147366267037391,0.30372912287712095,0.03941943116069098,0.5945058196783066,1.0,0.8,-0.8793541185557843,0.6431290271052107,0.07903040461242199,0.04620572555960423,0.03412246108055115,0.1,0.0,0.2541912436485291,0.2954518243776696,0.2054006963968277,0.051852057829710176,0.3713717073202133,0.9,0.2,-0.2453180767595768,0.16933821113250816,0.1215792641043663,0.015264455453445751,0.0,0.0,0.0
TENX117,217,020x008,5100,12738,10,0.02435107994824648,0.15938703345182623,0.15353642255067826,0.01332373587052177,0.0,0.0,0.0,-0.03372107297182083,0.126049701984755,0.14446435868740082,0.006212564919216231,0.0,0.0,0.0,0.6140113800764084,0.17100883070491182,0.27814737856388094,0.03544696213499019,0.4986409366130829,1.0,0.5,-1.024630856513977,0.2629418249208065,0.05699720159173012,0.02153548192518078,0.0,0.0,0.0,0.6198827147483825,0.2083099778997417,0.279718154668808,0.03567372942465543,0.5013590604066849,1.0,0.5,-0.5415552705526352,0.17296700252268024,0.08713647723197937,0.006958908789785596,0.0,0.0,0.0
TENX117,218,020x009,5831,12738,10,-0.0031159467995166778,0.11149464053236612,0.17829560339450837,0.013113916923731784,0.0,0.0,0.0,-0.1362446654587984,0.14311614943207118,0.15610178411006928,0.011763431962368868,0.0,0.0,0.0,0.47227941676974294,0.20674905314152445,0.28835043013095857,0.03587866763807733,0.5500126570463181,1.0,0.7,-1.1505441844463349,0.3564078458186792,0.05899963527917862,0.018519839671884038,0.0,0.0,0.0,0.2694978825747967,0.12235083918822053,0.23471830636262894,0.023626978536003797,0.4499873459339142,1.0,0.3,-0.7607058703899383,0.14810375994986463,0.08353426232933998,0.005399392997997628,0.0,0.0,0.0
TENX117,219,020x010,6562,12738,10,0.1663064680993557,0.13623776506129712,0.20689142793416976,0.019166613472452968,0.0850014179944992,0.2,0.0,-0.18914555869996547,0.10008364347687197,0.14492227137088776,0.012187386634666494,0.0,0.0,0.0,0.4542659789323807,0.17564354452937275,0.2784001544117928,0.043791509282937055,0.5047139704227448,0.9,0.7,-1.2974560499191283,0.378668335163679,0.05192423705011606,0.01961221195082354,0.0,0.0,0.0,0.2563399329781532,0.18713533117932268,0.2276688277721405,0.03216447816765145,0.41028461456298826,0.9,0.3,-0.6640937179327011,0.14452714651672607,0.09019308462738991,0.00850142671804719,0.0,0.0,0.0
TENX117,220,020x011,7292,12738,10,0.10546746253967285,0.07457329364176817,0.1970951497554779,0.01692419904030241,0.3368188589811325,0.8,0.0,-0.07014520429074764,0.0924377486777987,0.1651580423116684,0.011677785178532095,0.034089550375938416,0.1,0.0,0.47166159749031067,0.2133906232558193,0.28767979592084886,0.04963780757109203,0.5380517423152924,0.9,0.9,-1.0955550998449326,0.37400516375176485,0.06416870132088662,0.027163535975091968,0.0,0.0,0.0,-0.04050513431429863,0.14286719024327812,0.17170648276805878,0.02693561049746957,0.09103986620903015,0.2,0.1,-0.4407666131854057,0.09582828634326418,0.11419182047247886,0.01055476897827801,0.0,0.0,0.0
TENX117,221,020x012,8023,12738,10,0.15300536453723906,0.1116002145131362,0.19643663763999938,0.01591192093522871,0.30625942051410676,0.8,0.0,-0.057672344520688056,0.09761027246307694,0.15911219120025635,0.012936618495276896,0.0,0.0,0.0,0.5683960646390915,0.17795199992265298,0.3005332723259926,0.04764111009123964,0.6004239797592164,1.0,1.0,-0.8910788230597972,0.5578953619361834,0.07999578919261693,0.039616287776116414,0.0,0.0,0.0,-0.022567886114120483,0.22530539014759535,0.16725611239671706,0.03227365762561195,0.0933165967464447,0.2,0.0,-0.5571296751499176,0.1306384073381923,0.09666599109768867,0.009073014127735679,0.0,0.0,0.0
TENX117,222,020x013,8754,12738,10,0.029178815335035323,0.21116933733981402,0.1921614021062851,0.014712204695281141,0.35315335392951963,0.9,0.0,-0.13514522835612297,0.2132906177397158,0.16266931891441344,0.005666723623586542,0.0,0.0,0.0,0.45736141204833985,0.2784370661603086,0.29792692363262174,0.04749912282297982,0.6032748103141785,1.0,1.0,-0.9616888523101806,0.3014452684921721,0.07786006592214108,0.031930775951602305,0.0,0.0,0.0,-0.14785496965050698,0.2825674005706273,0.162473813444376,0.025251842412438302,0.04357185065746307,0.1,0.0,-0.5582449823617935,0.25326288362003485,0.10690845772624016,0.009611808167100073,0.0,0.0,0.0
TENX117,223,020x014,9485,12738,10,0.12555743902921676,0.13426589052964102,0.20339432656764983,0.020073183815222415,0.3905209630727768,1.0,0.0,-0.08421067930758,0.14732810797150836,0.16471075713634492,0.01395553462295096,0.0,0.0,0.0,0.5790366366505623,0.25563117017682,0.3237319603562355,0.05741719288539775,0.6094790458679199,1.0,1.0,-1.3198449969291688,0.2558190434506796,0.050352655723690985,0.016601032601280315,0.0,0.0,0.0,-0.15402081981301308,0.18032051764554308,0.15473116263747216,0.023034130358572137,0.0,0.0,0.0,-0.5532322019338608,0.16178187599613605,0.10307914689183235,0.00929751637782097,0.0,0.0,0.0
TENX117,224,020x015,10215,12738,10,0.15247036814689635,0.07293999039583263,0.21603508442640304,0.018675670825992818,0.42111780047416686,1.0,0.1,-0.11748209930956363,0.08565841508379214,0.16440335363149644,0.005751664948230089,0.0,0.0,0.0,0.47601312305778265,0.24671920156436433,0.30213994085788726,0.052894277225114604,0.5788822025060654,1.0,0.9,-1.2134305119514466,0.3580303915372474,0.058528528176248075,0.02021680514868392,0.0,0.0,0.0,-0.197773514688015,0.1695835944422913,0.1535952977836132,0.024989921817640454,0.0,0.0,0.0,-0.5659611195325851,0.085996013321335,0.10529778376221657,0.00892795742410388,0.0,0.0,0.0
TENX117,225,020x016,10946,12738,10,0.2367284044623375,0.13049131966491695,0.2217131584882736,0.017109866628879204,0.43705445528030396,1.0,0.2,-0.0037093862891197206,0.1182740725686374,0.17394543588161468,0.00663024006304476,0.0,0.0,0.0,0.49346683323383334,0.2324955136534187,0.29076775908470154,0.05279866391804074,0.5629455327987671,1.0,0.8,-0.9292841367423534,0.5246098348511523,0.08032541926950217,0.04616091602822377,0.0,0.0,0.0,-0.36430615559220314,0.15576978853360018,0.12245172411203384,0.017934740149533623,0.0,0.0,0.0,-0.4567102327942848,0.13128131162480608,0.11079650670289994,0.008274409011470163,0.0,0.0,0.0
TENX117,226,020x017,11677,12738,10,0.3059900037944317,0.1723450267710929,0.20553954392671586,0.018918664056290793,0.4122039139270782,1.0,0.1,0.025999706611037253,0.1297258546203265,0.1548929914832115,0.00740087355649,0.0,0.0,0.0,0.6658335447311401,0.21613527376185665,0.2977020651102066,0.050064173876375,0.5877960979938507,1.0,0.9,-0.9751018822193146,0.5023201600358531,0.06710661817342042,0.0357340938707796,0.0,0.0,0.0,-0.00749894455075264,0.2465149004348588,0.1515202544629574,0.024053427956001128,0.0,0.0,0.0,-0.2056072622537613,0.17481123699898976,0.12323853299021721,0.011089769287285268,0.0,0.0,0.0
TENX117,227,020x018,12407,12738,10,0.2530326388776302,0.11828442421117952,0.2148405358195305,0.022895448861708977,0.41678627133369445,1.0,0.1,-0.09681632481515408,0.09587985033260876,0.15084464251995086,0.009373744688943572,0.0,0.0,0.0,0.5968669444322586,0.3014053524696092,0.307552407681942,0.06149934820382834,0.5832137078046798,1.0,0.9,-1.4071081280708313,0.3170091958172553,0.04347725808620453,0.016584203012164858,0.0,0.0,0.0,0.042404179275035855,0.13156731068402755,0.1741426482796669,0.01967566261297639,0.0,0.0,0.0,-0.4213384985923767,0.14062631642810675,0.10914251282811165,0.008338154747535121,0.0,0.0,0.0
TENX117,228,020x019,13138,12738,10,0.10970940366387368,0.10090174555477176,0.18874600976705552,0.016253890582343448,0.0,0.0,0.0,-0.0827205564826727,0.09455266265861954,0.15520491898059846,0.004915348911788485,0.0,0.0,0.0,0.478475384414196,0.22613971554052317,0.2763965293765068,0.04967453975697056,0.5505124509334565,1.0,0.6,-1.2783080458641052,0.40176264348626817,0.05061166398227215,0.020890931337367344,0.0,0.0,0.0,0.27208852767944336,0.07622747578925353,0.22231372445821762,0.02241693888205214,0.4494875520467758,1.0,0.4,-0.46192175447940825,0.08419768279441875,0.10672715455293655,0.010961665650755006,0.0,0.0,0.0
TENX117,229,020x020,13869,12738,10,0.13554818779230118,0.0873602297754776,0.18907313644886017,0.01877510294169923,0.22577657103538512,0.6,0.0,-0.0859633233398199,0.1000852714576336,0.1515129655599594,0.015663583726160047,0.0,0.0,0.0,0.5575556501746177,0.25676992143749766,0.2929762989282608,0.05928741865472654,0.5950775802135467,1.0,0.9,-1.2342370212078095,0.23808929112681,0.049741065688431264,0.013950020974369252,0.0,0.0,0.0,0.13205473646521568,0.13363040614011762,0.18960633426904677,0.02879605963204484,0.17914586067199706,0.4,0.1,-0.26142715141177175,0.11054972574678522,0.12709019258618354,0.012545258604207769,0.0,0.0,0.0
TENX117,230,020x021,14600,12738,10,0.10934121310710906,0.0963545486236424,0.1908820763230324,0.01613905660664859,0.35715299248695376,0.9,0.0,-0.1402164064347744,0.10892191964593179,0.1483100727200508,0.0057996502795195064,0.0,0.0,0.0,0.49973635002970695,0.25698610518188336,0.286049510538578,0.053313317867039495,0.5943345189094543,1.0,1.0,-0.9769548624753952,0.5467536753822256,0.07216532528400421,0.03355618415311121,0.0,0.0,0.0,-0.04275386482477188,0.11372745723890385,0.16533994525671006,0.025933352281528044,0.04851248562335968,0.1,0.0,-0.22014830484986306,0.10743956216628678,0.13725305274128913,0.010856669785335449,0.0,0.0,0.0
TENX117,231,020x022,15330,12738,10,0.15858694538474083,0.08795048249930919,0.19922456592321397,0.020586654674292763,0.4118688315153122,1.0,0.0,-0.11985917203128338,0.08485806904951322,0.1504436507821083,0.011996750784608746,0.0,0.0,0.0,0.5232641130685807,0.2654443705377776,0.2915451377630234,0.05957367955650949,0.5881311774253846,1.0,1.0,-1.4213245570659638,0.40226173572033896,0.044342979229986666,0.016730898538190386,0.0,0.0,0.0,0.031377941370010376,0.14201688282558575,0.17699818611145018,0.029771220186563484,0.0,0.0,0.0,-0.21053930297493934,0.10911895419856887,0.13744549304246903,0.011281278440656949,0.0,0.0,0.0
TENX117,232,020x023,16061,12738,10,0.012989003956317902,0.09060081894679857,0.17424595206975937,0.01626882558753179,0.0,0.0,0.0,-0.1952875405550003,0.0826850138477223,0.1410820633172989,0.007825202767707904,0.0,0.0,0.0,0.5353217802941799,0.2517280147645304,0.297655288875103,0.05512922755853897,0.589026540517807,1.0,0.7,-1.1672983407974242,0.3409261365313192,0.055303487554192544,0.01412685981411225,0.0,0.0,0.0,0.16257542371749878,0.17034335641035295,0.20526284724473953,0.0394276823172052,0.41097345054149625,1.0,0.3,-0.306307815015316,0.07935326375458353,0.1264503851532936,0.009875952988857033,0.0,0.0,0.0
TENX117,233,020x024,16792,12738,10,0.12349981665611268,0.22044628697647178,0.1583411693572998,0.013986190851519286,0.0,0.0,0.0,0.0883152935653925,0.20203115898545126,0.15248337984085084,0.008023443213620801,0.03185132443904877,0.1,0.0,0.7652736537158489,0.2763551545380625,0.30280904471874237,0.04341999665270158,0.5972943663597107,1.0,0.9,-0.8391022823750973,0.5102407137948591,0.06837529316544533,0.0327731978967798,0.0,0.0,0.0,0.3508926466107368,0.32578071728347513,0.20290726125240327,0.044448265165618055,0.3708543092012405,0.9,0.1,-0.19784741140902043,0.23778265744930513,0.11508385464549065,0.012702225257402097,0.0,0.0,0.0
TENX117,234,020x025,17522,12738,10,0.06412528902292251,0.13048290141994284,0.1574382245540619,0.01411754699143662,0.0,0.0,0.0,-0.0446098119020462,0.12989329738047653,0.14080434143543244,0.0065944148838264416,0.0,0.0,0.0,0.6965284556150436,0.20046483239646543,0.29904417842626574,0.04778998885613068,0.5794748693704606,1.0,0.7,-0.82255137860775,0.3881461064173622,0.0701262291520834,0.02757236265692671,0.0,0.0,0.0,0.3656912788748741,0.23656660518545974,0.21673683822155,0.04536973538152759,0.42052513360977173,1.0,0.3,-0.24246077314019204,0.13421760473540326,0.11585019379854203,0.01030566848751709,0.0,0.0,0.0
TENX117,235,020x026,18253,12738,10,-0.05824025124311447,0.12746108247853954,0.16112107932567596,0.017219925486746487,0.0,0.0,0.0,-0.18897679299116135,0.10745873987934267,0.14066192060708999,0.004468057381355259,0.0,0.0,0.0,0.5562501370906829,0.21864233634138944,0.2999845057725906,0.04620325480239498,0.5777641534805298,1.0,0.8,-1.0563618659973144,0.48361139317704904,0.06530917752534152,0.027293727324677736,0.0,0.0,0.0,0.23403178602457048,0.2172453245223341,0.21877878308296203,0.04283287111320128,0.4222358375787735,1.0,0.2,-0.402536379545927,0.15863428339655025,0.11414454355835915,0.011666120102486481,0.0,0.0,0.0
TENX117,236,020x027,18984,12738,10,-0.06319612488150597,0.12662438761492167,0.1516304209828377,0.013798010521541957,0.0,0.0,0.0,-0.1278886806219816,0.11718778622625234,0.14187292754650116,0.009860835029265057,0.0,0.0,0.0,0.6468672335147858,0.18014007452885686,0.31092028468847277,0.04769901740109389,0.6044931679964065,1.0,0.9,-0.8113838940858841,0.5255427681134014,0.08110984861850738,0.03689659016952521,0.0,0.0,0.0,0.20875448286533355,0.23818529081803053,0.20315335541963578,0.04504643211019968,0.39550683200359343,1.0,0.1,-0.37340341210365297,0.12060806277280778,0.11131316274404526,0.011502268367041211,0.0,0.0,0.0
TENX117,237,020x028,19715,12738,10,0.09265275448560714,0.13462939284917208,0.16572244316339493,0.013556442952035123,0.0,0.0,0.0,-0.045801160484552385,0.1385967725796049,0.144173364341259,0.010197029482877644,0.0,0.0,0.0,0.671725207567215,0.2127660556928862,0.2989234909415245,0.050132511049493476,0.5666231095790863,1.0,0.5,-1.175197559595108,0.4550913315483857,0.05227990094572306,0.023975214604140017,0.0,0.0,0.0,0.39478192776441573,0.24981965207858486,0.22816821187734604,0.04642167293860774,0.4333768844604492,1.0,0.5,-0.31126282960176466,0.16366080275176567,0.11073256954550743,0.01002789318441371,0.0,0.0,0.0
TENX117,238,020x029,20445,12738,10,-0.06556711792945862,0.12217265734567996,0.15636182576417923,0.014227824866373466,0.0,0.0,0.0,-0.15378429219126702,0.06870157315771508,0.14275580942630767,0.007201408537916471,0.032264143228530884,0.1,0.0,0.5660227030515671,0.16405178398391546,0.29608463048934935,0.04354909342874134,0.5900777667760849,1.0,0.9,-1.01002157330513,0.6596501978366596,0.07236031172797083,0.03674063471788254,0.0,0.0,0.0,0.18736910521984101,0.2622345528834977,0.2058475762605667,0.047014134013677,0.3776580899953842,0.9,0.1,-0.2794013351202011,0.15573752968281587,0.126589847356081,0.014793409297748446,0.0,0.0,0.0
TENX117,239,021x007,4370,13469,10,-0.09026270285248757,0.10539759267553557,0.15387780219316483,0.011219458747204118,0.0,0.0,0.0,-0.12625327259302138,0.06995235859294695,0.14839911013841628,0.01009627069603452,0.0,0.0,0.0,0.512350107729435,0.12937426446299682,0.2823526471853256,0.032367574730823925,0.5176922649145126,1.0,0.6,-1.1812134496867657,0.6320780583044614,0.06455881241708994,0.04610791220429277,0.0,0.0,0.0,0.4410465002059937,0.1912963160475505,0.2640136629343033,0.039496108800139866,0.48230772614479067,1.0,0.4,-0.6634656459093093,0.11409364251744723,0.08679796382784843,0.007029740706150097,0.0,0.0,0.0
TENX117,240,021x008,5100,13469,10,0.07208156138658524,0.19768005675546174,0.2032334715127945,0.02174487657436865,0.13552743792533875,0.3,0.0,-0.25801276713609694,0.20876714326041573,0.14573052525520325,0.011012941576768345,0.0,0.0,0.0,0.3456122413277626,0.3049525422075474,0.27110124826431276,0.053173118481304966,0.4999513030052185,0.9,0.7,-1.2243528187274932,0.4129160738005916,0.06464944873005152,0.04405394796978233,0.0,0.0,0.0,0.16435513868927956,0.27192329806939575,0.2239496663212776,0.03244851304395767,0.3645212411880493,0.8,0.3,-0.7249353885650635,0.20774273745964916,0.09133562594652175,0.006701769292397231,0.0,0.0,0.0
TENX117,241,021x009,5831,13469,10,0.1980876885354519,0.18474045330208042,0.21250466704368592,0.02093400774424196,0.4304403245449066,1.0,0.2,-0.0462661974132061,0.11036749620993844,0.16596380174160003,0.010620262430809565,0.0,0.0,0.0,0.48355949819087984,0.2616656815697759,0.28651558607816696,0.05385613244499508,0.5695596754550933,1.0,0.8,-0.981782078742981,0.3033969457824848,0.06898812726140022,0.024794686281461555,0.0,0.0,0.0,0.006353944540023804,0.2048751695296756,0.176381653547287,0.02484906667671983,0.0,0.0,0.0,-0.6664658665657044,0.22177328713404965,0.08964617922902107,0.010046552021580153,0.0,0.0,0.0
TENX117,242,021x010,6562,13469,10,-0.01830664128065109,0.1529161159536506,0.18946568220853804,0.01217865916018617,0.2691259264945984,0.7,0.0,-0.19865215420722962,0.14107702728740096,0.15816829204559327,0.009509953306004782,0.0,0.0,0.0,0.44540676325559614,0.17847785837676564,0.3033761531114578,0.04060605226486469,0.6051859319210052,1.0,1.0,-1.1144794583320619,0.38522120490569633,0.06803003884851933,0.023159349675836098,0.0,0.0,0.0,-0.08130418360233307,0.22514891356522598,0.18031739443540573,0.03271963270667384,0.1256881594657898,0.3,0.0,-0.65339595079422,0.18709340764088156,0.10064243301749229,0.009619727186066877,0.0,0.0,0.0
TENX117,243,021x011,7292,13469,10,0.22015572786331178,0.132352355196132,0.21091535389423371,0.01970608298396318,0.4210823893547058,1.0,0.2,-0.020296285301446913,0.08600416545836391,0.16519687622785567,0.004396078337533206,0.0,0.0,0.0,0.5435906112194061,0.21888880372543948,0.29497523605823517,0.052287533571774784,0.5789175927639008,1.0,0.8,-1.1315592736005784,0.5988849783655471,0.06489379471167922,0.030246299961095686,0.0,0.0,0.0,-0.010680800676345826,0.19626331751531662,0.16839785426855086,0.024269846285692134,0.0,0.0,0.0,-0.5699318900704384,0.13628801428145068,0.09562087431550026,0.007784585223117779,0.0,0.0,0.0
TENX117,244,021x012,8023,13469,10,0.12448534369468689,0.14853900510444154,0.20852064192295075,0.016180284549977123,0.41697932183742525,1.0,0.1,-0.06702982671558858,0.12072451775861238,0.17184419482946395,0.00760427322645827,0.0,0.0,0.0,0.46374549325555564,0.23751390410541423,0.2957328110933304,0.04687326047628616,0.5830206781625747,1.0,0.9,-1.2518137514591217,0.38934615748640466,0.05779603086411953,0.02790444901242106,0.0,0.0,0.0,-0.19286680296063424,0.20222862895227706,0.15269263461232185,0.020091763755485357,0.0,0.0,0.0,-0.4875420413911343,0.19896168080502016,0.11341368108987808,0.012546616484118348,0.0,0.0,0.0
TENX117,245,021x013,8754,13469,10,0.1854609504342079,0.16415068614675546,0.20719804018735885,0.01588198465645313,0.3861718773841858,0.9,0.1,-0.08148885741829873,0.15850895430036877,0.158684703707695,0.012496926299256807,0.0,0.0,0.0,0.456763694435358,0.20660712240023704,0.2749032869935036,0.045544707401242036,0.5168594300746918,0.9,0.8,-1.0562116138637065,0.518381367940144,0.06838288716971874,0.037091568374392675,0.0,0.0,0.0,0.10975897684693336,0.22008358415651758,0.19376483261585237,0.029782483429633872,0.096968674659729,0.2,0.1,-0.5740227922797203,0.18658545603708473,0.09706624820828438,0.008844061900742791,0.0,0.0,0.0
TENX117,246,021x014,9485,13469,10,0.04902771413326264,0.07709347973041138,0.19902843236923218,0.01693562641481157,0.4019819855690002,1.0,0.0,-0.20668277591466905,0.09632343405099252,0.15378329902887344,0.00777818514196696,0.0,0.0,0.0,0.45268013384193184,0.24255264517661088,0.3020953074097633,0.055143100918063674,0.5980180025100708,1.0,1.0,-1.1133499883115292,0.526377707645724,0.07308286223560571,0.04423727639117499,0.0,0.0,0.0,-0.1469520263373852,0.14134734669225013,0.1646076373755932,0.022735053944204994,0.0,0.0,0.0,-0.5691435962915421,0.10923746467239254,0.10740244686603546,0.010448681207536744,0.0,0.0,0.0
TENX117,247,021x015,10215,13469,10,0.026859103143215178,0.12181954572761867,0.19506141990423204,0.022360715396755434,0.2839067101478577,0.7,0.0,-0.14914610758423805,0.15129424340557782,0.1634415715932846,0.01719736269011493,0.03288936018943787,0.1,0.0,0.4288353867828846,0.2564311741753453,0.2963044196367264,0.06182717953517066,0.5666051834821701,1.0,0.8,-1.0351773768663406,0.8772815124940152,0.1026539508253336,0.10438209455897156,0.1165987491607666,0.2,0.2,-0.3762790746986866,0.2238929227776261,0.13270681351423264,0.02817305920766599,0.0,0.0,0.0,-0.5517749041318893,0.16364975276476038,0.10983182936906814,0.015953710392566687,0.0,0.0,0.0
TENX117,248,021x016,10946,13469,10,0.1952095240354538,0.1768341029558101,0.2146001175045967,0.017687767517156616,0.4198805958032608,1.0,0.1,-0.07667987123131752,0.1490754751110197,0.16307560205459595,0.005738467509192344,0.0,0.0,0.0,0.5227411990985275,0.2698259558772826,0.30111106783151625,0.04960602868249862,0.580119401216507,1.0,0.9,-1.2771728932857513,0.29005696744228177,0.05141736902296543,0.015486526475669862,0.0,0.0,0.0,-0.21226600036025048,0.2013792332956916,0.14333582445979118,0.017151167521391817,0.0,0.0,0.0,-0.3338457189500332,0.19469611616356067,0.12646003291010857,0.010589556829947694,0.0,0.0,0.0
TENX117,249,021x017,11677,13469,10,0.2271113194525242,0.11496835605952889,0.21043291687965393,0.014686521470564243,0.42696472704410554,1.0,0.2,-0.07059273794293404,0.12921926403204897,0.1560627043247223,0.007683355153037129,0.0,0.0,0.0,0.5254278399050236,0.24129319997467324,0.28727162033319475,0.04906643916927207,0.5730352848768234,1.0,0.8,-1.4372915148735046,0.3860894788800493,0.0443802023306489,0.021937947649917806,0.0,0.0,0.0,0.03320087194442749,0.17461851177918475,0.17452957183122636,0.023730403122179604,0.0,0.0,0.0,-0.2759370505809784,0.12326105016026741,0.12732297629117967,0.010070233790400562,0.0,0.0,0.0
TENX117,250,021x018,12407,13469,10,0.12657539248466493,0.12344557435867527,0.19608886986970903,0.013219368821650085,0.39378850162029266,1.0,0.0,-0.1102848157286644,0.08609722575109377,0.15450498908758165,0.005873332451217109,0.0,0.0,0.0,0.5618685618042946,0.18407635035302272,0.3050343930721283,0.04000973664230519,0.6062115013599396,1.0,1.0,-1.347148334980011,0.3288722726302345,0.047249841317534444,0.014457426862314531,0.0,0.0,0.0,-0.02616255357861519,0.14906920717067185,0.16951509416103364,0.022933390120346595,0.0,0.0,0.0,-0.3033766940236092,0.1285813037325533,0.1276068091392517,0.009104956944788672,0.0,0.0,0.0
TENX117,251,021x019,13138,13469,10,0.22014247477054597,0.13428906433333826,0.20631639361381532,0.018712537371996702,0.21970787942409514,0.5,0.2,-0.057958409562706946,0.09035619051775842,0.15589479058980943,0.009653971979213121,0.0,0.0,0.0,0.49083980470895766,0.2555252942425925,0.2742828831076622,0.05090165156807408,0.5563473403453827,1.0,0.7,-1.4143847405910492,0.3276203540469367,0.043606287240982054,0.01964109534844311,0.0,0.0,0.0,0.2048686444759369,0.23105807583514992,0.20399305373430252,0.027071643366343944,0.22394476532936097,0.5,0.1,-0.354337852448225,0.14899258486953704,0.11590660735964775,0.007151389211427007,0.0,0.0,0.0
TENX117,252,021x020,13869,13469,10,0.1780417777597904,0.1543983224890281,0.20115777403116225,0.015680158668693503,0.3829423367977142,0.9,0.1,-0.03686329647898674,0.17786957329863703,0.1623736247420311,0.014174312074237666,0.0,0.0,0.0,0.45828709974884985,0.26839958656359963,0.27079533189535143,0.05346627601630783,0.5199717998504638,0.9,0.8,-1.3746707797050477,0.37232506909192375,0.04620827790349722,0.01866927142034058,0.0,0.0,0.0,0.08507092520594597,0.16889056734308672,0.18447983860969544,0.02569877618507567,0.09708587527275085,0.2,0.1,-0.21938247606158257,0.1314814738813676,0.13498515486717225,0.007450985366680601,0.0,0.0,0.0
TENX117,253,021x021,14600,13469,10,0.17582404389977455,0.17398297870866283,0.18950480371713638,0.016710349223986367,0.2638873398303986,0.7,0.0,-0.05210854783654213,0.1660151635674102,0.15046824216842652,0.007431106555756433,0.0,0.0,0.0,0.6437365911900997,0.2645469129138964,0.30603654235601424,0.05285469023440489,0.6093245923519135,1.0,1.0,-1.2116660356521607,0.34739072741300897,0.05124654546380043,0.019459293254246696,0.0,0.0,0.0,0.022085384279489518,0.2982536787334279,0.16521901339292527,0.034196607262331286,0.12678806483745575,0.3,0.0,-0.14413768388330936,0.17829514295170884,0.13752484545111657,0.011168739054270543,0.0,0.0,0.0
TENX117,254,021x022,15330,13469,10,0.027616725116968156,0.1653342176588768,0.19093168377876282,0.01841841540481012,0.19936892986297608,0.5,0.1,-0.23139274213463068,0.19853601669258622,0.14704966992139817,0.010697106064060848,0.0,0.0,0.0,0.4471377104520798,0.35223032137582705,0.2954926759004593,0.0608466641289913,0.5933659821748734,1.0,0.9,-1.3923538148403167,0.33388901984676767,0.05013609174638987,0.02091309549408144,0.0,0.0,0.0,0.0245030477643013,0.2387553543218216,0.19162775725126266,0.02896173206469499,0.20726510286331176,0.5,0.0,-0.3957367278635502,0.1876678926458652,0.12476214468479156,0.008913711157603022,0.0,0.0,0.0
TENX117,255,021x023,16061,13469,10,-0.01005495861172676,0.15040011260679156,0.14920453131198883,0.016670386262111626,0.0,0.0,0.0,-0.06738752238452435,0.14043958269425094,0.14038023799657823,0.009728185739577547,0.0,0.0,0.0,0.6715704247355461,0.21012973550888467,0.2972929015755653,0.048558812305471676,0.5767407536506652,1.0,0.7,-0.915625810623169,0.49268703585029444,0.06747817043215036,0.03052150998789249,0.0,0.0,0.0,0.3507344856858253,0.2718989609835242,0.21868412643671037,0.05135708665916334,0.42325924932956693,1.0,0.3,-0.17154933735728264,0.18920319697287324,0.12696003019809723,0.014151895788284909,0.0,0.0,0.0
TENX117,256,021x024,16792,13469,10,0.16341374367475509,0.20382678174449972,0.16013750582933425,0.017305446005731286,0.0,0.0,0.0,0.04925087727606296,0.09430531008677207,0.14238166883587838,0.00996829231889917,0.02963022291660309,0.1,0.0,0.7822173506021499,0.17506320935158903,0.2999182313680649,0.05061281283901879,0.5833426952362061,1.0,0.6,-0.9377374731004238,0.564863691204028,0.06347557678818702,0.03611168432938198,0.0,0.0,0.0,0.4302544504404068,0.32431694833354796,0.21435100883245467,0.052354694535194334,0.38702708184719087,0.9,0.4,-0.12643711166456342,0.1885147714456811,0.1197360023856163,0.011828640733926706,0.0,0.0,0.0
TENX117,257,021x025,17522,13469,10,0.05351620838046074,0.10599822488924733,0.15752327144145967,0.015270708378159581,0.0,0.0,0.0,-0.009341438859701156,0.07109123853325257,0.14744272828102112,0.007903525462940727,0.0,0.0,0.0,0.6831105291843415,0.1663560375322175,0.29734709560871125,0.04238469277407047,0.5780830979347229,1.0,0.6,-0.6005513988435268,0.3811583472987482,0.08672791756689549,0.02965366678805522,0.0,0.0,0.0,0.3591114737093449,0.20053403848930265,0.21709981709718704,0.04276996930160889,0.4219169050455093,1.0,0.4,-0.46463846117258073,0.12037885131773719,0.09385917782783508,0.00948509417917059,0.0,0.0,0.0
TENX117,258,021x026,18253,13469,10,-0.0501204751431942,0.14330924981403,0.15654619932174682,0.012882096271115626,0.0,0.0,0.0,-0.10893094427883625,0.12921227935523977,0.147147299349308,0.003335756121647351,0.0,0.0,0.0,0.598474009335041,0.25919004285978525,0.30285448729991915,0.05082782933945529,0.5732513904571533,1.0,0.7,-0.9607705295085907,0.4514044664304229,0.07040448319166899,0.03275509720932797,0.0,0.0,0.0,0.2953215017914772,0.21478994714557992,0.22377001494169235,0.03892743215438696,0.42674861252307894,1.0,0.3,-0.5069223746657372,0.17652737526854143,0.09927752539515496,0.009851654204969237,0.0,0.0,0.0
TENX117,259,021x027,18984,13469,10,-0.0026594433933496476,0.16783682157242613,0.1659853845834732,0.014496743479475951,0.0,0.0,0.0,-0.17868017107248307,0.18794611872284975,0.13914075270295143,0.011854610027470739,0.0,0.0,0.0,0.616618400812149,0.20657898749525203,0.3113869935274124,0.05103507444383385,0.5879073560237884,1.0,0.7,-1.295815396308899,0.5970858236107834,0.05414480585604906,0.03070204286010722,0.0,0.0,0.0,0.24815804287791252,0.278693986196445,0.2182935133576393,0.050200574382220586,0.4120926380157471,1.0,0.3,-0.40553639344871045,0.1588494332345349,0.11104854419827462,0.010935775314685836,0.0,0.0,0.0
TENX117,260,021x028,19715,13469,10,-0.08248478807508945,0.10990195524256666,0.1525672346353531,0.01641322786771682,0.0,0.0,0.0,-0.16678366400301456,0.07260189335956178,0.13972970694303513,0.009530510027577144,0.0,0.0,0.0,0.5488304793834686,0.14062611064064173,0.2877436429262161,0.03791912486811407,0.5775675445795059,1.0,0.7,-0.7719163134694099,0.6530792683819507,0.09070962592959404,0.04828110517047328,0.067892125248909,0.2,0.0,0.19436523094773292,0.26141675731507225,0.2065692737698555,0.05144557311853063,0.3545403301715851,0.8,0.3,-0.3013590484857559,0.11536879540281841,0.12268051728606225,0.014299927848516735,0.0,0.0,0.0
TENX117,261,021x029,20445,13469,10,-0.08082568384706974,0.10974437404207996,0.14975505769252778,0.015794902730143,0.0,0.0,0.0,-0.06109998784959316,0.0824029745697222,0.1520199790596962,0.006532935062390085,0.0,0.0,0.0,0.5344563394784927,0.1645120880219973,0.27907976061105727,0.04500085546657251,0.5610125064849854,1.0,0.6,-0.8638069622218609,0.6901002636322345,0.08478324972093106,0.056653777059054014,0.04323922097682953,0.1,0.0,0.23390907049179077,0.23883601720769299,0.21014299243688583,0.050696405498114175,0.39574827551841735,0.9,0.4,-0.26843986958265303,0.11045247402840218,0.12421896234154702,0.013669671073090504,0.0,0.0,0.0
TENX117,262,022x006,3639,14199,10,-0.1845988228917122,0.09606836987535455,0.14485715329647064,0.01039530501063581,0.0,0.0,0.0,-0.17733646519482135,0.09376807158391749,0.1457017183303833,0.00676558896789551,0.0,0.0,0.0,0.5504173010587692,0.13766386214191567,0.30250014960765836,0.026220594728531475,0.5497372657060623,1.0,0.8,-1.0247255831956863,0.38787954901162136,0.06799288205802441,0.028580761013667338,0.0,0.0,0.0,0.34866204485297203,0.17055456890097187,0.24862728267908096,0.03405867453501351,0.4502627283334732,1.0,0.2,-0.658976623415947,0.11240997559937323,0.09032078981399536,0.008605874792545683,0.0,0.0,0.0
TENX117,263,022x007,4370,14199,10,0.11518676280975342,0.10591298448370043,0.19107783287763597,0.014117235109217974,0.0,0.0,0.0,-0.05940777808427811,0.1319257974633358,0.1605402335524559,0.01288406791863624,0.0,0.0,0.0,0.5134577944874763,0.18814657757866918,0.286834280192852,0.04147613292056559,0.5650803714990615,1.0,0.9,-1.2301614165306092,0.6330740993858195,0.05698801949620247,0.02940208268440083,0.0,0.0,0.0,0.24807127490639685,0.10385606635450628,0.21903375387191773,0.025139619576151517,0.4349196285009384,1.0,0.1,-0.6890136659145355,0.09513433883663663,0.08552589267492294,0.006717715420049003,0.0,0.0,0.0
TENX117,264,022x008,5100,14199,10,0.273541971296072,0.15945097548033627,0.20668776482343673,0.020411271142445224,0.343086177110672,0.8,0.2,0.025816532969474792,0.10676908628471975,0.16090380698442458,0.009875354779267086,0.0,0.0,0.0,0.5589487910270691,0.1289960604029208,0.27691158652305603,0.04224305662000589,0.5690350502729415,1.0,0.8,-0.6105965457856655,0.49067555997195317,0.09736162908375263,0.052691212757692556,0.08787877857685089,0.2,0.0,-0.02343731001019478,0.23611909848181906,0.15527870133519173,0.027237845096381347,0.0,0.0,0.0,-0.42288730591535567,0.14024520277131747,0.1028564840555191,0.00821820807401008,0.0,0.0,0.0
TENX117,265,022x009,5831,14199,10,0.09387267529964446,0.12334523486825756,0.21060681343078613,0.020016594404118904,0.37924663722515106,0.9,0.2,-0.12818044982850552,0.16458718149136195,0.16835215985774993,0.011776087069500151,0.0,0.0,0.0,0.3866460440680385,0.22542291864770445,0.28533183336257933,0.04877108329145131,0.47588341534137724,0.8,0.7,-1.5359719932079314,0.4835264056170157,0.04743214249610901,0.024900032874778648,0.0,0.0,0.0,0.005779321491718292,0.18390777074352185,0.19430393129587173,0.029790364689121804,0.14486995935440064,0.3,0.1,-0.7118602126836777,0.1275718872757112,0.09397311955690384,0.007485420517847846,0.0,0.0,0.0
TENX117,266,022x010,6562,14199,10,-0.03099825568497181,0.14336561310998586,0.19245928674936294,0.01701763491144548,0.2689631551504135,0.7,0.0,-0.21836464144289494,0.10495744626168468,0.1593320697546005,0.010802041372423679,0.0,0.0,0.0,0.41298824455589056,0.21543122913514431,0.3022568479180336,0.04534469557883247,0.603264045715332,1.0,1.0,-1.1040030717849731,0.16967383507723466,0.06631285399198532,0.009812318873326401,0.0,0.0,0.0,-0.08507076501846314,0.21999064344168565,0.18371702432632447,0.028170203777885438,0.12777279913425446,0.3,0.0,-0.7279855996370316,0.18852159454600206,0.09592190235853196,0.009217507835028126,0.0,0.0,0.0
TENX117,267,022x011,7292,14199,10,0.17079390361905097,0.10211681607837352,0.21833469569683076,0.029296985682947547,0.41544355154037477,1.0,0.2,-0.14985009469091892,0.07455713389763734,0.15711497962474824,0.0036080618119040063,0.0,0.0,0.0,0.5207383906468749,0.27293560795952243,0.3138295128941536,0.06319654371669986,0.5845564574003219,1.0,0.8,-1.0502129673957825,0.26837916386639415,0.06704477928578853,0.021844281160418418,0.0,0.0,0.0,-0.3003472678363323,0.13909544773762733,0.13642372265458108,0.018843905709758316,0.0,0.0,0.0,-0.5357427328824997,0.07810926620447661,0.1072522833943367,0.010075178331354642,0.0,0.0,0.0
TENX117,268,022x012,8023,14199,10,0.14632827416062355,0.1481806645001897,0.2161301702260971,0.015940306973223007,0.42722455561161043,1.0,0.1,-0.13263494707643986,0.12412451826988372,0.16329798102378845,0.008509586318574477,0.0,0.0,0.0,0.44369885623455046,0.23491313015925855,0.294396398961544,0.0494849929603457,0.5727754473686218,1.0,0.9,-1.4140683710575104,0.2588853320319466,0.04710114262998104,0.012901077918120809,0.0,0.0,0.0,-0.08089296668767929,0.15628623024234392,0.17285286784172058,0.01966629887217373,0.0,0.0,0.0,-0.5641869306564331,0.14937867698535698,0.10622144490480423,0.008020748685152762,0.0,0.0,0.0
TENX117,269,022x013,8754,14199,10,0.1079326368868351,0.09505149399566772,0.20825006067752838,0.01140454064739662,0.41942380368709564,1.0,0.0,-0.14467590376734735,0.07898231677863166,0.16224159598350524,0.015569266240683164,0.0,0.0,0.0,0.4352464258670807,0.10035431717958535,0.2902847960591316,0.03269009776509432,0.5805761992931366,1.0,1.0,-0.9319026291370391,0.27685474066824584,0.076644778996706,0.02125642478061666,0.0,0.0,0.0,-0.16004859581589698,0.19531351257682425,0.16110182106494902,0.02578217221026115,0.0,0.0,0.0,-0.6132022559642791,0.1268606672159982,0.10147697553038597,0.008861941674544009,0.0,0.0,0.0
TENX117,270,022x014,9485,14199,10,0.13403635397553443,0.09348723182286942,0.2024284467101097,0.013977405682700263,0.36737401187419894,0.9,0.0,-0.1036713294684887,0.09154507412126689,0.15951816141605377,0.009637699632347813,0.0,0.0,0.0,0.4712746351957321,0.1324379560996192,0.28569244146347045,0.03927103211532038,0.5822344779968261,1.0,0.9,-1.12116120159626,0.45277151366384033,0.06391036007553338,0.028177039885544344,0.0,0.0,0.0,0.040105564147233964,0.15495242275839616,0.18544165641069413,0.02440454379095228,0.05039149522781372,0.1,0.1,-0.5428758680820465,0.09922623535698376,0.10300891846418381,0.00890863677300413,0.0,0.0,0.0
TENX117,271,022x015,10215,14199,10,0.12021244838833808,0.09628708810494643,0.20304906368255615,0.021754048759676455,0.3980997771024704,1.0,0.0,-0.10132159404456616,0.13065161963798633,0.16216591000556946,0.011249368141245839,0.0,0.0,0.0,0.5411298392340541,0.28024923110267963,0.31236707121133805,0.05427220898201616,0.6019002199172974,1.0,1.0,-1.381977140903473,0.5715927271149219,0.05248449053615332,0.02896437818838331,0.0,0.0,0.0,-0.14312588199973106,0.1309138824871717,0.15636760294437407,0.019424108401772028,0.0,0.0,0.0,-0.4584351420402527,0.10910543488783649,0.1135658599436283,0.009166135795633058,0.0,0.0,0.0
TENX117,272,022x016,10946,14199,10,0.00986740067601204,0.09479453656889278,0.19495932012796402,0.016575572984140443,0.4045174181461334,1.0,0.0,-0.10876881331205368,0.09904433423663948,0.17284842282533647,0.010203899964245587,0.0,0.0,0.0,0.40304523464292286,0.26276342485683823,0.2934227719902992,0.056761426840269115,0.5954825699329376,1.0,1.0,-0.9186899475753307,0.5910191126304836,0.08865253105759621,0.04644470267498896,0.0,0.0,0.0,-0.3669190101325512,0.14372726974852743,0.13429926037788392,0.01657661101536748,0.0,0.0,0.0,-0.5107418417930603,0.11433241653932134,0.11581768244504928,0.009452067966843721,0.0,0.0,0.0
TENX117,273,022x017,11677,14199,10,0.19853039011359214,0.12086334506523905,0.19241075664758683,0.015770271369379828,0.30030218660831454,0.8,0.0,-0.01729523651301861,0.09446056971343376,0.15493174642324448,0.010920314378379611,0.0,0.0,0.0,0.6756127119064331,0.22214287660789542,0.31300918459892274,0.04926643434895144,0.6124071896076202,1.0,1.0,-1.3773720800876617,0.28308297058472837,0.04225068017840385,0.014268583149179672,0.0,0.0,0.0,0.10723059922456742,0.17006232232639074,0.17644716501235963,0.0225067252194481,0.08729064166545868,0.2,0.0,-0.26430402109399437,0.128217141179417,0.12095044255256653,0.00748462168618994,0.0,0.0,0.0
TENX117,274,022x018,12407,14199,10,0.24693855717778207,0.11333377225098565,0.2007894530892372,0.010732343571456466,0.3659512311220169,0.9,0.0,-0.0208606481552124,0.08145175091659353,0.15391958355903626,0.012795064514724392,0.0,0.0,0.0,0.6184749573469162,0.244056039932969,0.2941149041056633,0.04457883274238633,0.5878119170665741,1.0,1.0,-1.3542658269405365,0.5602699706580773,0.04981048069894314,0.030898383481588295,0.0,0.0,0.0,0.07712095230817795,0.23102365905341532,0.17114957123994828,0.02712024375006898,0.046236848831176756,0.1,0.0,-0.18683128282427788,0.16632588350101526,0.1302159883081913,0.008637227311189953,0.0,0.0,0.0
TENX117,275,022x019,13138,14199,10,0.2043927066028118,0.11627797955900897,0.2014816477894783,0.01859422296393882,0.41417607963085173,1.0,0.0,-0.0544487114995718,0.10414750953251636,0.15526300817728042,0.011083829192154823,0.0,0.0,0.0,0.5560232415795326,0.22324148081574055,0.289153590798378,0.04791711112787569,0.5858239233493805,1.0,1.0,-1.1530571036040782,0.675116885388815,0.06728108711540699,0.050789442373448505,0.0,0.0,0.0,-0.027109863609075545,0.18112449534134065,0.1611674651503563,0.02521708543062229,0.0,0.0,0.0,-0.26931634694337847,0.13984165789671732,0.1256532035768032,0.013503434077829746,0.0,0.0,0.0
TENX117,276,022x020,13869,14199,10,0.15577060282230376,0.2089578237412676,0.19575271755456924,0.01727228186656102,0.4003924340009689,1.0,0.0,-0.06769202463328838,0.16829724580463643,0.1561005175113678,0.007010971755589234,0.0,0.0,0.0,0.5654048450291157,0.2841299371904352,0.2978610694408417,0.0492406312549999,0.5996075868606567,1.0,1.0,-1.1574459016323089,0.4522318973975453,0.06298969592899084,0.038097578695724145,0.0,0.0,0.0,-0.0597677119076252,0.2947822443163628,0.15923592299222947,0.025761198482297173,0.0,0.0,0.0,-0.2664295509457588,0.20425058335080884,0.12806006148457527,0.007535106205985038,0.0,0.0,0.0
TENX117,277,022x021,14600,14199,10,0.18091662004590034,0.1794486563138604,0.1985705241560936,0.017936431697943758,0.377664190530777,0.9,0.1,-0.04560427591204643,0.19409842283168613,0.15826946049928664,0.013799795057788947,0.03635048866271973,0.1,0.0,0.5276333129033446,0.2752473967632431,0.28510706722736356,0.05467158671526941,0.5375574052333831,0.9,0.9,-1.1366626411676406,0.4214421761749169,0.0599143423140049,0.03203746960138637,0.0,0.0,0.0,-0.05627305954694748,0.22415267658502103,0.15797573029994966,0.026291787954642404,0.0484279066324234,0.1,0.0,-0.16663627633824946,0.19157707945329822,0.1401628687977791,0.011293555674166518,0.0,0.0,0.0
TENX117,278,022x022,15330,14199,10,0.19165115803480148,0.11427479296750752,0.19454335421323776,0.01564119059567597,0.2678299605846405,0.7,0.0,-0.09067381154745817,0.09266990555298907,0.14635410457849501,0.006227102822860773,0.0,0.0,0.0,0.5922639891505241,0.2619496895535938,0.2942026272416115,0.052399596569284154,0.5910502254962922,1.0,1.0,-1.4839314818382263,0.3531149975319418,0.038670040853321555,0.012738709883425195,0.0,0.0,0.0,0.17488592267036437,0.1596474620133747,0.19219572544097902,0.024219351886526838,0.1411198228597641,0.3,0.0,-0.1807492308318615,0.13521039447251793,0.1340341418981552,0.010643825572897494,0.0,0.0,0.0
TENX117,279,022x023,16061,14199,10,0.02757938802242279,0.12392494488232467,0.18279945552349092,0.019161579869898637,0.3531737208366394,0.9,0.0,-0.11070948354899883,0.09130666772760584,0.15851471573114395,0.007977781879888573,0.030549919605255126,0.1,0.0,0.5111223384737968,0.24650316398377442,0.2998368158936501,0.05426992183266763,0.6162763655185699,1.0,1.0,-1.0269969940185546,0.2741839218470799,0.06525119580328465,0.015226471241345005,0.0,0.0,0.0,-0.19174548611044884,0.15227339343678534,0.14854682609438896,0.027414537390297585,0.0,0.0,0.0,-0.20450737625360488,0.15742748338667234,0.14505098909139633,0.016465937144253668,0.0,0.0,0.0
TENX117,280,022x024,16792,14199,10,0.10203170850872993,0.19152720707181378,0.16618341356515884,0.017701609076777664,0.16105321645736695,0.5,0.0,0.0013340696692466735,0.1318746191054091,0.1496640756726265,0.0087017910632146,0.029779359698295593,0.1,0.0,0.7201641634106636,0.24603466796229406,0.31167024523019793,0.05588930606662188,0.6325443387031555,1.0,1.0,-0.9487751662731171,0.4911044528475221,0.06781083531677723,0.03829816145933363,0.0,0.0,0.0,0.08636657297611236,0.31853920130360025,0.1673908330500126,0.039630644401017684,0.17662310004234313,0.4,0.0,-0.08778229616582393,0.1921118928145044,0.13728060349822044,0.012928997378652314,0.0,0.0,0.0
TENX117,281,022x025,17522,14199,10,0.09055560622364282,0.15591207464517504,0.1686171904206276,0.014857560256349869,0.0,0.0,0.0,-0.017276028543710707,0.14703891232299665,0.15089015662670135,0.005581067600803871,0.029412129521369935,0.1,0.0,0.6419038601219654,0.25827061608015084,0.296230810880661,0.05230503568192681,0.5840024173259735,1.0,0.7,-1.095661646127701,0.6305820633740606,0.06302838288247585,0.035062266359348136,0.0,0.0,0.0,0.28911977633833885,0.284086120777686,0.21034425050020217,0.04804904661215205,0.3865854531526566,0.9,0.3,-0.3302682403475046,0.19952846950085376,0.11088919937610626,0.011851209627384344,0.0,0.0,0.0
TENX117,282,022x026,18253,14199,10,-0.10985059961676598,0.08785683585639951,0.14869106113910674,0.015170138833596981,0.0,0.0,0.0,-0.12084251306951047,0.08030591186929364,0.1467786967754364,0.011840275829184054,0.0,0.0,0.0,0.5986308336257935,0.13440483138363818,0.3027040511369705,0.03696362333655921,0.5902994513511658,1.0,0.9,-0.8237825617194175,0.6247873002724903,0.08599601984024048,0.04799514220850098,0.06685495376586914,0.2,0.0,0.19465654119849204,0.23501486067015426,0.20670904070138932,0.04999316045080234,0.34284559488296507,0.8,0.1,-0.4215445891022682,0.11141090124290062,0.10912111327052117,0.013342174662792796,0.0,0.0,0.0
TENX117,283,022x027,18984,14199,10,0.04527998119592667,0.11061571433721029,0.16200520545244218,0.0159498725152261,0.0,0.0,0.0,-0.08714409247040748,0.05404794174254365,0.1413862720131874,0.00677972659404837,0.0,0.0,0.0,0.6399719297885895,0.1541656659423851,0.2961603730916977,0.04854966987174959,0.5696501433849335,1.0,0.5,-0.9234814494848251,0.4846416915613885,0.06887665335088969,0.031007461036057872,0.0,0.0,0.0,0.3496329076588154,0.24869093302403153,0.22402714043855668,0.04929846162460389,0.43034985661506653,1.0,0.5,-0.3639041677117348,0.12038021198629578,0.10754436105489731,0.00997835836375051,0.0,0.0,0.0
TENX117,284,022x028,19715,14199,10,-0.1748196430504322,0.15395924186573917,0.14537239521741868,0.011763737243908301,0.0,0.0,0.0,-0.14238223396241664,0.1265930229222864,0.14987849891185762,0.007779131223452831,0.03213644027709961,0.1,0.0,0.5457626923918724,0.1653355014454716,0.3003256797790527,0.03844600842627119,0.5857983380556107,1.0,0.7,-1.0945269554853438,0.5642494691915293,0.06748325806111097,0.0361651345706114,0.0,0.0,0.0,0.18315019086003304,0.2687658199851995,0.21248601675033568,0.04691562587991973,0.38206520676612854,0.9,0.3,-0.331565722450614,0.17407160350009784,0.12445415332913398,0.011993973309910373,0.0,0.0,0.0
TENX117,285,022x029,20445,14199,10,-0.06092534065246582,0.16896793368415128,0.15097320824861526,0.014227223423780633,0.0,0.0,0.0,-0.11176552027463912,0.11326748005149846,0.14311041980981826,0.008538116692551678,0.0,0.0,0.0,0.6078982681035996,0.1595875847826838,0.2968087136745453,0.044583806819322815,0.5795607447624207,1.0,0.7,-0.9936532527208328,0.6769376249513462,0.07336853351444006,0.04173476037618168,0.0,0.0,0.0,0.27608938589692117,0.28131501020415844,0.21622859686613083,0.04952422992191257,0.42043924033641816,1.0,0.3,-0.29652316868305206,0.1827742455685642,0.11951052024960518,0.013594697696008632,0.0,0.0,0.0
TENX117,286,023x006,3639,14930,10,0.05677004307508469,0.08535195338199891,0.1830454409122467,0.01425389530709701,0.0,0.0,0.0,-0.11756410412490367,0.12809639206690546,0.153480564057827,0.007355328581034808,0.0,0.0,0.0,0.46763296499848367,0.19702351268491344,0.2776317834854126,0.0357774971550412,0.5393177270889282,1.0,0.8,-0.9886074393987656,0.46125098456270935,0.07232261169701815,0.03367118000391135,0.0,0.0,0.0,0.3087188385426998,0.14866111184641145,0.23571158647537233,0.02127297257057364,0.460682275891304,1.0,0.2,-0.7999058902263642,0.12054044680920994,0.07780801132321358,0.007163445786052711,0.0,0.0,0.0
TENX117,287,023x007,4370,14930,10,0.11189030185341835,0.14149816271515658,0.21046162545681,0.02293624094666162,0.4010543614625931,1.0,0.1,-0.24110391028225422,0.14634750525131882,0.14760709330439567,0.01314586100139241,0.0,0.0,0.0,0.5197719499468804,0.20598039313037256,0.3190821141004562,0.05211945745783922,0.5989456176757812,1.0,0.9,-1.3237561583518982,0.2805475686553534,0.052091465517878535,0.01620981002640721,0.0,0.0,0.0,-0.08217214196920394,0.17176561403709856,0.17430889904499053,0.026000187906968213,0.0,0.0,0.0,-0.66743683218956,0.12496460719576531,0.09644879326224327,0.009444490673647069,0.0,0.0,0.0
TENX117,288,023x008,5100,14930,10,0.1966557726264,0.1721598930417374,0.20061124116182327,0.014701796915452798,0.3601610630750656,0.9,0.1,-0.05220341272652149,0.11227020307534881,0.15629064440727233,0.009635819608576646,0.0,0.0,0.0,0.5863073609769345,0.22866888229478358,0.29969714432954786,0.050074151505498495,0.5933873921632766,1.0,0.9,-1.0637517988681793,0.34971013146090607,0.06209112945944071,0.02358029866712033,0.0,0.0,0.0,0.10026393607258796,0.23626076801696227,0.1832926169037819,0.024607906153463557,0.04645155370235443,0.1,0.0,-0.5204563111066818,0.20440202158011653,0.09801723808050156,0.00839754598279966,0.0,0.0,0.0
TENX117,289,023x009,5831,14930,10,0.2986425757408142,0.11224668011596674,0.22776419073343276,0.020337165278119646,0.44379388391971586,1.0,0.3,-0.10682563558220863,0.06447444656549965,0.15140456408262254,0.00698075063358419,0.0,0.0,0.0,0.5289246343076229,0.24825941030270246,0.291550900042057,0.05805184259361727,0.5562061190605163,1.0,0.7,-1.2523315250873566,0.27268542562824494,0.05068742781877518,0.01663596911228874,0.0,0.0,0.0,0.03854672238230705,0.13870632411051928,0.17582667171955108,0.01810330543618758,0.0,0.0,0.0,-0.4971308529376984,0.1206837433381768,0.1027662418782711,0.009194171250757081,0.0,0.0,0.0
TENX117,290,023x010,6562,14930,10,0.2522998429834843,0.16273715258071378,0.2188155770301819,0.02213716753931673,0.4306079924106598,1.0,0.3,-0.06510723978281022,0.11156869634553851,0.15863262116909027,0.006773457500710477,0.0,0.0,0.0,0.536690579354763,0.16220583990937762,0.2936967879533768,0.05050166214067454,0.5693920135498047,1.0,0.7,-1.2991512775421143,0.35135797074815395,0.050016866996884346,0.02101389189173334,0.0,0.0,0.0,0.05344609096646309,0.21396491933796324,0.18044241815805434,0.026874932987310446,0.0,0.0,0.0,-0.5448821872472763,0.14343215298916495,0.0983957327902317,0.007759472937098256,0.0,0.0,0.0
TENX117,291,023x011,7292,14930,10,0.04446626231074333,0.09631690092732173,0.19570353180170058,0.01939832306282338,0.3609269052743912,0.9,0.0,-0.12131135575473309,0.14342239155376313,0.16530555337667466,0.009772180013925146,0.0,0.0,0.0,0.4230121523141861,0.21390130950298833,0.28930976092815397,0.053194500776534495,0.5410549759864807,0.9,0.9,-1.011488401144743,0.5016967507159156,0.0755581058561802,0.03654964223085768,0.0,0.0,0.0,-0.028667835146188737,0.1493784600414873,0.1835988312959671,0.031020998877758405,0.09801812171936035,0.2,0.1,-0.7246492683887482,0.08883748788724051,0.09052421748638154,0.006947328878050824,0.0,0.0,0.0
TENX117,292,023x012,8023,14930,10,0.25702457427978515,0.15446123731907094,0.2161974549293518,0.01606739671810982,0.4250581949949265,1.0,0.2,-0.02310447730123997,0.08127589637787422,0.1632258728146553,0.009760506245121748,0.0,0.0,0.0,0.564045288413763,0.24955100405642985,0.2983780920505524,0.05538090418369393,0.5749417930841446,1.0,0.8,-1.1946587264537811,0.3939189974548485,0.057219864800572395,0.03195186561711687,0.0,0.0,0.0,-0.045715349912643435,0.25743542721714213,0.16153274178504945,0.02721358611955873,0.0,0.0,0.0,-0.481320933252573,0.19774928015890628,0.10344598442316055,0.009367590672113305,0.0,0.0,0.0
TENX117,293,023x013,8754,14930,10,0.07054578438401223,0.16155809846862523,0.19619508385658263,0.012562098853677869,0.41417654156684874,1.0,0.0,-0.15162170343101025,0.1352720250143689,0.15719028562307358,0.011138899094763169,0.0,0.0,0.0,0.4215639052912593,0.2399025586329577,0.2823923960328102,0.04818019053230537,0.5858234584331512,1.0,1.0,-0.5945535778999329,0.19205360251367934,0.1044723428785801,0.02978178994521052,0.0,0.0,0.0,-0.11715026050806046,0.22444951521313514,0.16391302794218063,0.02330083276694205,0.0,0.0,0.0,-0.6460228055715561,0.15446305265800464,0.09583687260746956,0.006264718448202614,0.0,0.0,0.0
TENX117,294,023x014,9485,14930,10,0.13525700569152832,0.2678111976495039,0.20536229610443116,0.02380903643807724,0.2528152853250504,0.6,0.2,-0.10330255925655366,0.18301756283831785,0.16078709959983825,0.0061688821883073034,0.0,0.0,0.0,0.4445167027413845,0.293072603266167,0.2821004793047905,0.04877236257255755,0.5602886199951171,1.0,0.7,-1.2594322375953197,0.6865995012577761,0.07330510970205069,0.06984901022831672,0.09063011705875397,0.2,0.0,0.020429837703704833,0.34237908964818875,0.18594518899917603,0.038685583149621165,0.09626598656177521,0.2,0.1,-0.6611446917057038,0.2629268265617493,0.09249983578920365,0.009616607036813971,0.0,0.0,0.0
TENX117,295,023x015,10215,14930,10,0.2589653357863426,0.1722284661874554,0.20600953102111816,0.019750440401192636,0.3755195885896683,0.9,0.1,0.049187950789928436,0.1338033256466554,0.16653324663639069,0.009476645622046977,0.03473505973815918,0.1,0.0,0.6292731940746308,0.19915565395630755,0.3015568360686302,0.05195649259073441,0.589745357632637,1.0,0.9,-1.3116795241832733,0.3155924730113154,0.04479483421891928,0.014071925368273399,0.0,0.0,0.0,0.021390818804502488,0.22554451931667552,0.1636365085840225,0.02532596428088801,0.0,0.0,0.0,-0.30185792669653894,0.14978724249806488,0.1174690343439579,0.010079820633467,0.0,0.0,0.0
TENX117,296,023x016,10946,14930,10,0.20986498892307281,0.13679888766703485,0.22881956696510314,0.017145728935368663,0.46106916964054107,1.0,0.3,-0.12937279231846333,0.12061306633352695,0.16282565295696258,0.009670277462179524,0.0,0.0,0.0,0.36812345311045647,0.2686107259639254,0.27188869565725327,0.04911201794469595,0.53893081843853,1.0,0.7,-1.4316499829292297,0.34831563654222897,0.04901527427136898,0.023125998569987313,0.0,0.0,0.0,-0.2363039456307888,0.18672873099781107,0.1468745142221451,0.015875270274787183,0.0,0.0,0.0,-0.2761486753821373,0.16327281754219924,0.1405763030052185,0.008045447665115989,0.0,0.0,0.0
TENX117,297,023x017,11677,14930,10,0.14599220529198648,0.08443352749376151,0.22205468118190766,0.018259384672810807,0.43185506463050843,1.0,0.2,-0.11713774800300598,0.10572577289750769,0.1703554391860962,0.008832238702411154,0.0,0.0,0.0,0.42411608174443244,0.2335592139894056,0.29649327844381335,0.04944847148313364,0.5681449413299561,1.0,0.8,-1.3695512890815735,0.3886701455955865,0.05312611013650894,0.02164425639204378,0.0,0.0,0.0,-0.31402157843112943,0.09500870977817173,0.14063000455498695,0.016397375176731434,0.0,0.0,0.0,-0.49083682894706726,0.08499197160240445,0.11734050214290619,0.007935307977354679,0.0,0.0,0.0
TENX117,298,023x018,12407,14930,10,0.2106170251965523,0.178078717917912,0.21923138499259948,0.019051343637540224,0.4330726802349091,1.0,0.2,-0.1641038242727518,0.15848433236135442,0.1503170371055603,0.00698028623906652,0.0,0.0,0.0,0.4842501565814018,0.2845295237311247,0.29179911911487577,0.0509983101505915,0.5669273257255554,1.0,0.8,-1.466459685564041,0.38763329431716886,0.04712605159729719,0.024857370238759117,0.0,0.0,0.0,-0.12552081644535065,0.24551407167936853,0.15774826854467391,0.023234761957879792,0.0,0.0,0.0,-0.28535279631614685,0.22434089539505936,0.13377812653779983,0.014578056800904094,0.0,0.0,0.0
TENX117,299,023x019,13138,14930,10,0.2500936731696129,0.1543984208271728,0.22890375107526778,0.02133270040475987,0.4063741445541382,0.9,0.4,-0.11617987565696239,0.10368587963957081,0.15858863592147826,0.013896200360304192,0.0,0.0,0.0,0.4352805746719241,0.27129381661028606,0.2787264913320541,0.05017131205764808,0.5426151752471924,1.0,0.5,-1.384708111733198,0.8067691521525767,0.06907436400651931,0.0708923847397356,0.051010674238204955,0.1,0.1,-0.17025518789887428,0.2818365229155181,0.15276961997151375,0.029978577359633624,0.0,0.0,0.0,-0.46999081373214724,0.21193933243716576,0.11193713024258614,0.014631042607297765,0.0,0.0,0.0
TENX117,300,023x020,13869,14930,10,0.26962749660015106,0.13874135886689917,0.2198831707239151,0.017645055693553076,0.4291068971157074,1.0,0.1,-0.05085834376513958,0.07283984335331976,0.15935199111700057,0.009201262758786341,0.0,0.0,0.0,0.5584724903106689,0.19094009976873907,0.296155221760273,0.045553061482535434,0.5708931058645248,1.0,0.9,-1.3406351327896118,0.4429951251840189,0.04938806798309088,0.02289937762774644,0.0,0.0,0.0,-0.12938069701194763,0.2041978863100155,0.14851642549037933,0.021339743414918975,0.0,0.0,0.0,-0.2806808278895915,0.1274705747179003,0.1267051063477993,0.008355900656658102,0.0,0.0,0.0
TENX117,301,023x021,14600,14930,10,0.08673090562224388,0.17429844569349473,0.2054927632212639,0.0131338868025673,0.428805410861969,1.0,0.1,-0.11580191776156426,0.15966587706291518,0.1678781107068062,0.011267052671109381,0.0,0.0,0.0,0.3771981932222843,0.2941083286117191,0.27811954766511915,0.04643048882776388,0.5711945921182633,1.0,0.9,-1.400311341881752,0.45643241287226016,0.05197727717459202,0.026421132186097405,0.0,0.0,0.0,-0.12724268585443496,0.21489352497028705,0.16649753153324126,0.017869415933307133,0.0,0.0,0.0,-0.37027589827775953,0.16135641661315223,0.13003478869795798,0.006935854903389964,0.0,0.0,0.0
TENX117,302,023x022,15330,14930,10,0.053027179837226865,0.08248599388746873,0.17941383719444276,0.016352962595828222,0.04422810971736908,0.1,0.0,-0.05077130682766438,0.11341573305350307,0.16149095445871353,0.011123530975102847,0.035150778293609616,0.1,0.0,0.4915101557970047,0.22629728396214357,0.2814197286963463,0.04934573732723284,0.5857230931520462,1.0,0.9,-1.0753831796348094,0.5372933641354772,0.06595730353146792,0.0367380561289937,0.0,0.0,0.0,0.12790069580078126,0.08668978361587991,0.19418674558401108,0.02479538365345515,0.3348980247974396,0.8,0.1,-0.37015872448682785,0.1012027984260807,0.11753143221139908,0.010933865439081553,0.0,0.0,0.0
TENX117,303,023x023,16061,14930,10,0.15564903765916824,0.1367164608938338,0.18146998584270477,0.018473690790978256,0.3242771714925766,0.9,0.0,-0.02969362884759903,0.11646305630571395,0.15013519078493118,0.006840532764289101,0.0,0.0,0.0,0.7195187926292419,0.270515483739678,0.32257702946662903,0.05824477838474867,0.6340692639350891,1.0,1.0,-1.2613574862480164,0.23816072786338302,0.04550216533243656,0.013121770500608728,0.0,0.0,0.0,0.07608695179224015,0.1891665781206504,0.168976990878582,0.02736770328834614,0.041653582453727724,0.1,0.0,-0.16659272834658623,0.15819428595688462,0.13133861348032952,0.012077872064191239,0.0,0.0,0.0
TENX117,304,023x024,16792,14930,10,0.08181538283824921,0.11000529739558035,0.17112856954336167,0.0230612687454266,0.10822576582431793,0.3,0.0,-0.08947319984436035,0.07476014677694852,0.14334820508956908,0.010702552469310829,0.0,0.0,0.0,0.678961269557476,0.25859529080404,0.3143830433487892,0.061360315176115246,0.5605735898017883,0.9,0.9,-1.1403357982635498,0.5287936112254076,0.05744281988590956,0.027594740124827107,0.0,0.0,0.0,0.21578786000609398,0.23740324430132595,0.19850923717021943,0.042660440167968765,0.3312006384134293,0.8,0.1,-0.31110614025965333,0.14262540062024143,0.1151881419122219,0.012523266806636183,0.0,0.0,0.0
TENX117,305,023x025,17522,14930,10,0.07683036867529154,0.12900669666224646,0.1546865239739418,0.014997571291256694,0.0,0.0,0.0,0.029717753827571868,0.08632278100544707,0.14717091917991637,0.009668538848633907,0.0,0.0,0.0,0.7011290937662125,0.1964180087542867,0.2917074427008629,0.05020088266141845,0.5691433399915695,1.0,0.6,-0.9365718446671962,0.8045993347139726,0.07509030317887663,0.04891468915534765,0.03471923172473908,0.1,0.0,0.39726931899785994,0.28921608832995943,0.21848256289958953,0.05296462736457164,0.3961374372243881,0.9,0.4,-0.24022352062165736,0.16946091062925853,0.1128622606396675,0.012893853124686955,0.0,0.0,0.0
TENX117,306,023x026,18253,14930,10,0.10822008773684502,0.14502471763319033,0.1640405386686325,0.016767409522240654,0.031456181406974794,0.1,0.0,0.03322919402271509,0.060229122366723155,0.15179022997617722,0.010814296329704319,0.030743777751922607,0.1,0.0,0.6904874324798584,0.18100253560296226,0.2962843269109726,0.049480618456583796,0.5995014935731888,1.0,0.7,-0.8457441382110119,0.465620590141487,0.07102651763707399,0.037121474694505274,0.03350972235202789,0.1,0.0,0.2409866966307163,0.25864242320300956,0.19194435104727745,0.04606033490553116,0.3047888308763504,0.7,0.3,-0.1647875034250319,0.15212057919360122,0.12491403296589851,0.01341485718435734,0.0,0.0,0.0
TENX117,307,023x027,18984,14930,10,-0.03381590507924557,0.1779852628258736,0.15939176380634307,0.013580185651562287,0.0,0.0,0.0,-0.12908125519752503,0.14231858373026823,0.14443814009428024,0.004174570719869788,0.0,0.0,0.0,0.5743429005146027,0.2112007938166315,0.2950798287987709,0.043873727483660495,0.5794534742832184,1.0,0.7,-0.9618790239095688,0.5827994844357106,0.07458991967141629,0.037180618626281525,0.0,0.0,0.0,0.2440672069787979,0.289705314146187,0.21464114636182785,0.04635249319905689,0.42054652273654936,1.0,0.3,-0.3898378424346447,0.19615078546803397,0.1118591882288456,0.011742752207897302,0.0,0.0,0.0
TENX117,308,023x028,19715,14930,10,0.016110690683126448,0.18365109549175926,0.15006764233112335,0.01397452582371254,0.0,0.0,0.0,-0.002777779847383499,0.12386489714269605,0.14675359725952147,0.005656882239848464,0.0,0.0,0.0,0.6305241405963897,0.10623765506682155,0.2788071885704994,0.035818476024094034,0.5747123211622238,1.0,0.8,-0.9604029469192028,0.6637325387826146,0.07126790005713701,0.04418483700981275,0.0,0.0,0.0,0.3211298458278179,0.2970261875665685,0.20784081071615218,0.04551066715507423,0.42528766989707945,1.0,0.2,-0.0203484402038157,0.2172578278430671,0.14526285231113434,0.018552380239219096,0.0,0.0,0.0
TENX117,309,023x029,20445,14930,10,0.09322957545518876,0.17991937981314735,0.17222584336996077,0.01245353320579453,0.0,0.0,0.0,-0.1212660688906908,0.14157683219155975,0.13883060812950135,0.007644666998619053,0.0,0.0,0.0,0.5933838285505771,0.2217915240770541,0.28685849756002424,0.045369108780769614,0.5540242731571198,1.0,0.6,-1.0761691749095916,0.36150924115667626,0.05813340004533529,0.023809015997250278,0.0,0.0,0.0,0.3701688751578331,0.2856631055449056,0.23096545040607452,0.044995327785869454,0.445975723862648,1.0,0.4,-0.3302036665380001,0.1894852447631488,0.11298621743917465,0.010843128734415565,0.0,0.0,0.0
TENX117,310,024x005,2908,15661,10,-0.10846923477947712,0.20461902155569897,0.1465773895382881,0.009023167061235515,0.0,0.0,0.0,-0.18967563658952713,0.24142862656919703,0.13533157259225845,0.010792031686044444,0.0,0.0,0.0,0.530324199795723,0.1875251123527937,0.27810473293066024,0.023271201534419465,0.48629807233810424,1.0,0.4,-0.9400127321481705,0.344474707188556,0.06807359755039215,0.02464777151403812,0.0,0.0,0.0,0.5856398850679397,0.24425165378375358,0.29465844482183456,0.032039521961245016,0.5137019187211991,1.0,0.6,-0.7508471354842186,0.22382693165442438,0.07725427746772766,0.006762485173809086,0.0,0.0,0.0
TENX117,311,024x006,3639,15661,10,0.12202799022197723,0.15343669106581628,0.18509864062070847,0.01635028502044646,0.0,0.0,0.0,-0.11844022721052169,0.10492718808650657,0.14515758454799652,0.007056023662129795,0.0,0.0,0.0,0.6118299156427384,0.20077944677227216,0.30440872013568876,0.04546876428372276,0.5667118549346923,1.0,0.8,-1.4342710614204406,0.2712248200165289,0.04121672846376896,0.013707138414561676,0.0,0.0,0.0,0.33884483352303507,0.1870508829229656,0.23065208196640014,0.02743373839149719,0.4332881420850754,1.0,0.2,-0.5616378933191299,0.16927110857959574,0.09346625283360481,0.008649494784446385,0.0,0.0,0.0
TENX117,312,024x007,4370,15661,10,0.3034655176103115,0.24303069746485154,0.22461624592542648,0.027422447097651927,0.4224959224462509,1.0,0.3,-0.1026933252811432,0.24286598657193703,0.14890484809875487,0.01065460067154265,0.0,0.0,0.0,0.6246301636099816,0.35387760165623405,0.31452504396438596,0.06646587257646465,0.5775040864944458,1.0,0.7,-1.0929132342338561,0.305644650500378,0.05952599011361599,0.02161352426285612,0.0,0.0,0.0,-0.08260583654046058,0.28821777713878977,0.1537130817770958,0.02591093520271582,0.0,0.0,0.0,-0.5152977235615254,0.2507776326792008,0.09871479868888855,0.008912904434705549,0.0,0.0,0.0
TENX117,313,024x008,5100,15661,10,0.044744301587343216,0.1312520345294398,0.1943945914506912,0.02886704182425252,0.24618226289749146,0.6,0.1,-0.23217679001390934,0.1265127663662042,0.14591710418462753,0.006200052848274086,0.0,0.0,0.0,0.42861493658274413,0.2521679173375625,0.287730248272419,0.05780519672927417,0.553629919886589,1.0,0.6,-0.777255242317915,0.9907569652825885,0.12607241198420524,0.10412090010560258,0.20018780827522278,0.4,0.3,-0.20866143181920052,0.2179412743367372,0.15439242497086525,0.03884637264626005,0.0,0.0,0.0,-0.7166525542736053,0.15222538072473513,0.09149322062730789,0.017168019741790125,0.0,0.0,0.0
TENX117,314,024x009,5831,15661,10,0.23312848657369614,0.1344029298205812,0.20803409069776535,0.01992787028799457,0.35614460706710815,0.9,0.0,-0.06491056159138679,0.08332455636935475,0.15382807701826096,0.0054718851983104186,0.0,0.0,0.0,0.6339873403310776,0.20070525431911565,0.31486653089523314,0.05942236736556368,0.5950655698776245,1.0,1.0,-1.0116255395114422,0.639400409543701,0.07621514666825532,0.062289010032996785,0.048789820075035094,0.1,0.0,-0.12306632548570633,0.2070951903867215,0.14725413098931311,0.02491910992492128,0.0,0.0,0.0,-0.5037229791283607,0.16225767364467727,0.09980201348662376,0.011586013641482549,0.0,0.0,0.0
TENX117,315,024x010,6562,15661,10,0.02642401084303856,0.15076959081868718,0.18886660933494567,0.009831520444857913,0.2735749393701553,0.7,0.0,-0.1339457266032696,0.19338265484181905,0.16121753603219985,0.012978584761232639,0.0,0.0,0.0,0.41380897518247367,0.20559019598639797,0.28039560765028,0.03771897331104728,0.5907137036323548,1.0,1.0,-0.8540174067020416,0.25617341680061134,0.08364984206855297,0.03314987066374537,0.0,0.0,0.0,-0.028007158637046815,0.21250079468717809,0.18005386888980865,0.022250294845413708,0.13571134209632874,0.3,0.0,-0.5546220064163208,0.1626476473692864,0.10581655129790306,0.008424174992493335,0.0,0.0,0.0
TENX117,316,024x011,7292,15661,10,0.156010939180851,0.09398307618439225,0.20552619099617003,0.01987308559269707,0.3779841631650925,0.9,0.1,-0.0629250880330801,0.08514897665935248,0.1645655870437622,0.007443168266746353,0.0,0.0,0.0,0.4796989938244224,0.21020876179455436,0.28661748915910723,0.04556001701755813,0.5336685538291931,0.9,0.9,-1.140593135356903,0.39803397780977606,0.0610140323638916,0.028075020175040988,0.0,0.0,0.0,0.023407673090696336,0.14391193607179434,0.180658720433712,0.022800284170950407,0.08834728002548217,0.2,0.0,-0.5485255718231201,0.12527715748036164,0.10161796435713769,0.009672511544665887,0.0,0.0,0.0
TENX117,317,024x012,8023,15661,10,0.11586296558380127,0.13897397226537336,0.2024165451526642,0.009614353293252477,0.2877457946538925,0.7,0.0,-0.1175025325268507,0.156528342601218,0.1604050561785698,0.009718359303762782,0.0,0.0,0.0,0.41135998871177437,0.1921298406379811,0.27401719242334366,0.03557909567318238,0.5701383709907532,1.0,1.0,-0.9904763758182525,0.3056172015994949,0.07023065872490405,0.023244812199619345,0.0,0.0,0.0,0.06659681871533393,0.17474688331691182,0.1936902090907097,0.02179288476952492,0.14211584627628326,0.3,0.0,-0.5971112936735153,0.15895929316357726,0.09924034252762795,0.005136754025006755,0.0,0.0,0.0
TENX117,318,024x013,8754,15661,10,0.2059391736984253,0.14633148502484514,0.2069428414106369,0.014428513483596776,0.36024725437164307,0.9,0.0,-0.14103799425065516,0.14360789131636192,0.14629093408584595,0.010335239705440324,0.0,0.0,0.0,0.6122667714953423,0.17651895185385233,0.3129979133605957,0.04319998814269719,0.5980231821537018,1.0,1.0,-1.4169426798820495,0.3272530045972588,0.04377136323601007,0.015160001164205095,0.0,0.0,0.0,0.06882063746452331,0.21694514500883727,0.18226148784160615,0.02870105733140494,0.041729554533958435,0.1,0.0,-0.4478493720293045,0.16312340325130606,0.10773545652627944,0.008946039312187747,0.0,0.0,0.0
TENX117,319,024x014,9485,15661,10,0.15906290486454963,0.06651632443772686,0.19800329357385635,0.014879457573794344,0.3148111879825592,0.8,0.0,-0.025060870870947837,0.06692086154256088,0.16434568762779236,0.005487974702048388,0.0,0.0,0.0,0.5846346974372864,0.20821812917453558,0.3061456859111786,0.048171999811104524,0.6007816851139068,1.0,1.0,-1.3950821101665496,0.22706986016609415,0.04309935607016087,0.011092870121314569,0.0,0.0,0.0,0.07513254210352897,0.14083879033371932,0.18291594088077545,0.02251954677956719,0.08440712094306946,0.2,0.0,-0.4706969350576401,0.10471942794550668,0.1054900236427784,0.008012583368280764,0.0,0.0,0.0
TENX117,320,024x015,10215,15661,10,0.14601907804608344,0.047482631526739566,0.21889548897743225,0.016660790270130493,0.4367383748292923,1.0,0.1,-0.16524418331682683,0.11023076938143929,0.16021632999181748,0.0101380930830079,0.0,0.0,0.0,0.4040033042430878,0.2566949516954126,0.2872127011418343,0.05138260076348214,0.5632616311311722,1.0,0.9,-1.3033614717423916,0.7211756506835523,0.06550349239259959,0.047595985017562854,0.0,0.0,0.0,-0.17833071127533912,0.09252040165177128,0.15970000624656677,0.02484933805890554,0.0,0.0,0.0,-0.5563205510377884,0.07102243130634854,0.10847198590636253,0.008611399108842704,0.0,0.0,0.0
TENX117,321,024x016,10946,15661,10,0.23287107199430465,0.16047785493964178,0.21788133233785628,0.018796064342745743,0.40076038539409636,0.9,0.1,-0.09367316290736198,0.15883970161591962,0.1570335566997528,0.011467343612251832,0.0,0.0,0.0,0.4418098432943225,0.24752635074454454,0.2726269379258156,0.05264873694827409,0.49672592878341676,0.9,0.7,-0.8503274768590927,0.6341345276043033,0.0954811204224825,0.07572417979703673,0.10251368284225464,0.2,0.2,-0.21900888979434968,0.2152908126370888,0.14008321315050126,0.02198133096547061,0.0,0.0,0.0,-0.39160023629665375,0.17508366996147035,0.11689384505152703,0.012029385864940928,0.0,0.0,0.0
TENX117,322,024x017,11677,15661,10,0.18597402721643447,0.09216048525056512,0.20907146781682967,0.01582683423691588,0.4291731506586075,1.0,0.2,-0.011955016106367112,0.13245008600205369,0.1714174970984459,0.01130858156955334,0.0,0.0,0.0,0.4754528492689133,0.2667326181867814,0.2830087959766388,0.05014877987564133,0.5708268523216248,1.0,0.8,-1.188791850209236,0.44038181277991634,0.05877543017268181,0.03146627364281145,0.0,0.0,0.0,-0.25843708515167235,0.10465506039955608,0.13477761149406434,0.017527284646673892,0.0,0.0,0.0,-0.19326872527599334,0.08587541982174125,0.1429491862654686,0.008821680641349612,0.0,0.0,0.0
TENX117,323,024x018,12407,15661,10,0.28838619887828826,0.08965036895572188,0.21857935935258865,0.016174936659932672,0.42271030247211455,1.0,0.1,-0.0354551887139678,0.11361069813457275,0.15795200169086457,0.008816190021144471,0.0,0.0,0.0,0.6034411191940308,0.1893878490295035,0.3021144181489944,0.04462550630504113,0.5772896975278854,1.0,0.9,-1.2537733763456345,0.439153944313021,0.051844471134245396,0.024132589789072463,0.0,0.0,0.0,-0.11228089034557343,0.14961762856706684,0.14790905490517617,0.024149088404380153,0.0,0.0,0.0,-0.2968239262700081,0.0832701567488112,0.12160068824887275,0.0065874362849588485,0.0,0.0,0.0
TENX117,324,024x019,13138,15661,10,0.09733351543545724,0.21198041441203255,0.19960142225027083,0.02191409121123218,0.40205269157886503,1.0,0.1,-0.139286757260561,0.1646803301483295,0.1568336457014084,0.007264417415962694,0.0,0.0,0.0,0.5004970669746399,0.29041167923159583,0.3018725335597992,0.05228634913856455,0.5979472994804382,1.0,0.9,-1.086276000738144,0.38469964700416254,0.06865901723504067,0.034120361333598255,0.0,0.0,0.0,-0.25793799981474874,0.2484370493838793,0.14077704697847365,0.02171806919328422,0.0,0.0,0.0,-0.31346834311261773,0.20662495231557593,0.13225631713867186,0.013245160984702483,0.0,0.0,0.0
TENX117,325,024x020,13869,15661,10,0.07311378344893456,0.1174740136293436,0.19896024465560913,0.015494227210041579,0.4117285430431366,1.0,0.0,-0.13740101605653762,0.12330513848896457,0.16090394407510758,0.007761607809233732,0.0,0.0,0.0,0.4339947639033198,0.24260757681786604,0.2885908231139183,0.04632522700252259,0.5882714748382568,1.0,1.0,-1.348914548009634,0.5943032734885616,0.05958825703710317,0.04662847530692374,0.0,0.0,0.0,-0.22788682878017424,0.15895268027571513,0.14796982556581498,0.018907376231259366,0.0,0.0,0.0,-0.250338173750788,0.13290939610895627,0.1439869225025177,0.011250644766253325,0.0,0.0,0.0
TENX117,326,024x021,14600,15661,10,0.2000812903046608,0.18891719580571478,0.20710118860006332,0.014580624954768003,0.4188045084476471,1.0,0.0,-0.05136624872684479,0.15637959629011172,0.16079331636428834,0.0063568966418366055,0.0,0.0,0.0,0.5311876930296421,0.2690572632509675,0.29093620777130125,0.04301592979042122,0.5811954975128174,1.0,1.0,-1.465985745191574,0.48628180774011626,0.04630247745662928,0.028043299511182954,0.0,0.0,0.0,-0.11832583248615265,0.24671271256997232,0.15143794044852257,0.01894852161001929,0.0,0.0,0.0,-0.16753119528293609,0.20906494011935117,0.14342889189720154,0.010595428980592746,0.0,0.0,0.0
TENX117,327,024x022,15330,15661,10,0.12447187304496765,0.22247287631123364,0.19772149473428727,0.016045126639243602,0.31785746812820437,0.8,0.0,-0.07435858435928822,0.1661850181422881,0.16203359365463257,0.012803944312952873,0.0,0.0,0.0,0.4764075897634029,0.3024249288719577,0.28439131528139117,0.048471370962386406,0.5846693933010101,1.0,1.0,-1.4648649513721466,0.4169311175868867,0.04731789976358414,0.0262183929583657,0.0,0.0,0.0,0.012555781751871109,0.29712347246210313,0.17820181846618652,0.02730914261659676,0.09747313857078552,0.2,0.0,-0.2904852069914341,0.20124220352941086,0.13033386543393136,0.007128600950874231,0.0,0.0,0.0
TENX117,328,024x023,16061,15661,10,0.24164386093616486,0.15295787756594242,0.19624625742435456,0.017805295496294747,0.2386124074459076,0.6,0.1,-0.009693494439125061,0.13177529717244177,0.15215198546648026,0.006486196422447557,0.0,0.0,0.0,0.6098922058939934,0.21971085996877707,0.2864506781101227,0.04739746433123473,0.5823831796646118,1.0,0.9,-1.2646286129951476,0.3672566250354248,0.046782242320477965,0.019069300484314062,0.0,0.0,0.0,0.21355553939938546,0.191891724746305,0.19217657595872878,0.028746570815349703,0.1790044128894806,0.4,0.0,-0.20084770256653428,0.19225519769465557,0.12619225457310676,0.012735270046487288,0.0,0.0,0.0
TENX117,329,024x024,16792,15661,10,-0.08572734966874122,0.13065860031571228,0.15426259487867355,0.015586993312932266,0.0,0.0,0.0,-0.10025736708194018,0.09029380590781642,0.151542367041111,0.00951850846324114,0.0,0.0,0.0,0.558042959868908,0.2033024509671012,0.29603192359209063,0.047789203169487225,0.5918511867523193,1.0,0.8,-0.9481145642697811,0.7873378773388158,0.08438625568524002,0.051913279006633874,0.037920081615448,0.1,0.0,0.12964944913983345,0.28980157253258587,0.1966457560658455,0.05028917011170308,0.37022874057292937,0.9,0.2,-0.3625396631658077,0.14299333558940858,0.11713109388947487,0.013475294125022687,0.0,0.0,0.0
TENX117,330,024x025,17522,15661,10,-0.015781231969594956,0.13495949735653887,0.16546740531921386,0.01774937013034924,0.0,0.0,0.0,-0.09224009476602077,0.0825156201989376,0.1528167948126793,0.011521680913250745,0.09416688680648803,0.3,0.0,0.5521141348406673,0.2542528357239519,0.29494847655296325,0.05132610162679745,0.6025876760482788,1.0,0.9,-1.0032113701105119,0.5779692991439446,0.07129373215138912,0.03175814689307111,0.0,0.0,0.0,0.11283405870199203,0.2513814691439669,0.19132122695446013,0.04051168424290818,0.30324544608592985,0.7,0.1,-0.3012812268920243,0.14035326026747838,0.12415235787630081,0.010963185758956955,0.0,0.0,0.0
TENX117,331,024x026,18253,15661,10,0.02906226459890604,0.15235983502582107,0.1576746493577957,0.015739702317132197,0.0,0.0,0.0,-0.02583541963249445,0.11518788075607514,0.14859506785869597,0.005061018419108507,0.0,0.0,0.0,0.6511850044131279,0.23697977470126214,0.2968138292431831,0.05133534165633704,0.5770589619874954,1.0,0.6,-1.0941548317670822,0.6036865685518482,0.06174017339944839,0.034158753488749326,0.0,0.0,0.0,0.32812961265444757,0.2845690153895518,0.21758127808570862,0.051073323815521515,0.4229410380125046,1.0,0.4,-0.2650817405432463,0.17519499348496143,0.11759501472115516,0.012643288562983256,0.0,0.0,0.0
TENX117,332,024x027,18984,15661,10,-0.03185978718101978,0.16646641680116517,0.14489625245332718,0.013078032383744666,0.0,0.0,0.0,0.021853888221085072,0.15879432508925137,0.1525166302919388,0.008674417869826926,0.0,0.0,0.0,0.7104479551315308,0.1957714577146937,0.3063338130712509,0.043828074079346364,0.6003895193338394,1.0,0.8,-0.8116835705935955,0.5003798243103135,0.07708000540733337,0.03867559889327722,0.03156847655773163,0.1,0.0,0.28317403644323347,0.2925631179448018,0.20292143672704696,0.04572496550790091,0.3680420070886612,0.9,0.2,-0.2536919996142387,0.1854802584215375,0.1162518471479416,0.012334106687305882,0.0,0.0,0.0
TENX117,333,024x028,19715,15661,10,0.12380397282540798,0.2055192493249417,0.16081046164035798,0.010417760707194811,0.0,0.0,0.0,0.0210049943998456,0.21334363420627253,0.14505444169044496,0.008435495156784703,0.0,0.0,0.0,0.7015939444303513,0.23426819192656562,0.2888543173670769,0.04091361279776812,0.567816412448883,1.0,0.6,-1.1984770268201828,0.6893707435328795,0.055494708102196456,0.037295413301646645,0.0,0.0,0.0,0.42046579346060753,0.34906829645189796,0.22118373811244965,0.047935225191493666,0.4321835786104202,1.0,0.4,-0.10202152887359262,0.22088516710094408,0.1286023184657097,0.012185535209852268,0.0,0.0,0.0
TENX117,334,024x029,20445,15661,10,-0.0821826420724392,0.10239852358356993,0.15580073446035386,0.010099646047532024,0.0,0.0,0.0,-0.1427705891430378,0.13493845202626123,0.14705633372068405,0.014608309442574257,0.0,0.0,0.0,0.4552741840481758,0.19377460680518332,0.269751763343811,0.044112267488571034,0.519517570734024,1.0,0.5,-1.3158572137355804,0.45871652983669026,0.05024472028017044,0.021955279222154376,0.0,0.0,0.0,0.37503302171826364,0.2002037731717958,0.25039791911840437,0.049547118075632696,0.4804824411869049,1.0,0.5,-0.2909448578953743,0.13586576765166247,0.12674854174256325,0.012147565263859239,0.0,0.0,0.0
TENX117,335,025x005,2908,16392,10,0.07249907180666923,0.10103999891253354,0.1995786100625992,0.015919732871573968,0.36528773605823517,0.9,0.0,-0.16340166442096232,0.08879508266839674,0.15727075338363647,0.006415647900600128,0.0,0.0,0.0,0.4521663159132004,0.1649596580118778,0.29470667243003845,0.04685130666906992,0.5901990830898285,1.0,1.0,-0.9431501358747483,0.2873358843228433,0.0747467428445816,0.019909122006277584,0.0,0.0,0.0,-0.006304484605789184,0.13987082143524218,0.1853594809770584,0.02350032329847493,0.04451315701007843,0.1,0.0,-0.742407089471817,0.09877566890636219,0.08833774626255035,0.006862846942259585,0.0,0.0,0.0
TENX117,336,025x006,3639,16392,10,0.30365207269787786,0.22006455349962176,0.23522468656301498,0.023430315814512576,0.44476482570171355,1.0,0.4,-0.18501552678644656,0.17079705481372223,0.14383484423160553,0.008622771643220874,0.0,0.0,0.0,0.5303923361003399,0.268582490470813,0.2994101122021675,0.05853918954142644,0.5552351534366607,1.0,0.6,-1.106842315196991,0.2618266898070064,0.05935080125927925,0.016030598920195066,0.0,0.0,0.0,-0.07785388231277465,0.22433053396781996,0.16144272983074187,0.022991318826273328,0.0,0.0,0.0,-0.5452810731716454,0.23909478920562183,0.10073683187365531,0.011237581817855299,0.0,0.0,0.0
TENX117,337,025x007,4370,16392,10,0.08860733434557914,0.1667348709287913,0.2063356578350067,0.01845922823264639,0.41107118129730225,1.0,0.1,-0.12451943010091782,0.1270207453454686,0.1664113759994507,0.010581064785046555,0.0,0.0,0.0,0.4540753856301308,0.21889409104110236,0.30105127543210985,0.05352914862364156,0.5889288157224655,1.0,0.9,-1.081256341934204,0.3082597463599284,0.0678047701716423,0.02345190065664127,0.0,0.0,0.0,-0.1687007278203964,0.1835296008096392,0.16013395190238952,0.019879964573897697,0.0,0.0,0.0,-0.6531788975000381,0.15799758794402605,0.0982629731297493,0.008610410171035983,0.0,0.0,0.0
TENX117,338,025x008,5100,16392,10,0.26902503818273543,0.17710568697767123,0.20128925293684005,0.01845702197209264,0.36763817369937896,0.9,0.1,0.01818898618221283,0.14843880370823245,0.15672725290060044,0.014631173797097174,0.0,0.0,0.0,0.6322999894618988,0.2240294398433471,0.2926366001367569,0.04908739988818408,0.5407562851905823,0.9,0.9,-1.009258860349655,0.5147192892283068,0.06222926266491413,0.026367842485131125,0.0,0.0,0.0,0.13075144439935685,0.2424511536506512,0.17678531706333162,0.028230874201147123,0.091605544090271,0.2,0.0,-0.3316408693790436,0.19363372108288018,0.11033232137560844,0.009210110730529606,0.0,0.0,0.0
TENX117,339,025x009,5831,16392,10,0.20472608432173728,0.1802814698601615,0.22988060861825943,0.018915800911238605,0.42981153130531313,1.0,0.1,-0.18219183720648288,0.19912146729833252,0.15602965503931046,0.011570574558598775,0.0,0.0,0.0,0.49045446142554283,0.22857226292235908,0.30813541263341904,0.0437232149308893,0.5701884657144547,1.0,0.9,-1.1003334820270538,0.2954401771530879,0.06492706760764122,0.019072402655713118,0.0,0.0,0.0,-0.2920736126601696,0.23329007793827541,0.14094076827168464,0.020743843886310065,0.0,0.0,0.0,-0.6280374079942703,0.2046646469468116,0.10008649304509162,0.009556144278708654,0.0,0.0,0.0
TENX117,340,025x010,6562,16392,10,0.14292239397764206,0.1663228039922013,0.20782783329486848,0.010973451081272215,0.38147087693214415,0.9,0.1,-0.08930881433188916,0.11327604867240915,0.1649058312177658,0.011308271092311065,0.0,0.0,0.0,0.43530235141515733,0.26149971841946695,0.2824206590652466,0.04875551896824521,0.5690268218517304,1.0,0.9,-1.1265436641871929,0.5987940735640708,0.06974474377930165,0.04234881550113495,0.0,0.0,0.0,-0.04963173344731331,0.27235707930522685,0.17386004328727722,0.03166535116373936,0.049502280354499814,0.1,0.0,-0.579487892985344,0.2038225897027246,0.10124090015888214,0.009958057501317657,0.0,0.0,0.0
TENX117,341,025x011,7292,16392,10,0.1492642916738987,0.09955078237331069,0.21167631596326827,0.019036971323170105,0.42542147934436797,1.0,0.1,-0.1393307000398636,0.052924195683148545,0.15804655551910402,0.004706676399935189,0.0,0.0,0.0,0.4548585504293442,0.2098470116166676,0.2910952910780907,0.05320246232057235,0.5745785266160965,1.0,0.9,-1.0907910764217377,0.4985694093899973,0.07000137288123369,0.036916125771263374,0.0,0.0,0.0,-0.07317113280296325,0.16741794452782666,0.17088411375880241,0.026602780198610614,0.0,0.0,0.0,-0.6182417064905167,0.10482395230769175,0.09829633757472038,0.009173073632416158,0.0,0.0,0.0
TENX117,342,025x012,8023,16392,10,0.07398639991879463,0.23347934582024474,0.20151986330747604,0.015325722349841388,0.3955433309078217,1.0,0.0,-0.2342398263514042,0.1899051581049425,0.14834556207060814,0.014240796004056455,0.0,0.0,0.0,0.502116821706295,0.2337998598094622,0.311407507956028,0.0431196686764066,0.6044566810131073,1.0,1.0,-1.0945412635803222,0.3579733956809958,0.06623213216662407,0.023787090451536774,0.0,0.0,0.0,-0.08741791695356368,0.24645447318832017,0.17211171239614487,0.019677923759684118,0.0,0.0,0.0,-0.6272830575704574,0.2970324037551807,0.10038322508335114,0.012311275929318804,0.0,0.0,0.0
TENX117,343,025x013,8754,16392,10,0.1345310091972351,0.13603828975057633,0.20068452507257462,0.014684801282724423,0.3969341337680817,1.0,0.0,-0.05432820096611977,0.10316042971967604,0.16632552146911622,0.014510739653959829,0.0,0.0,0.0,0.5574609614908695,0.19231200695980638,0.3088460862636566,0.044690020666948535,0.6030658662319184,1.0,1.0,-1.0643401741981506,0.26676483117574945,0.06285670474171638,0.01668439356800124,0.0,0.0,0.0,-0.09134438112378121,0.18394530331467426,0.16129143834114074,0.02295250329596944,0.0,0.0,0.0,-0.5630197614431381,0.15739833403607564,0.09999573230743408,0.008560123949867963,0.0,0.0,0.0
TENX117,344,025x014,9485,16392,10,0.03655804544687271,0.10614120342062151,0.18400982022285461,0.0271967658889889,0.24172094762325286,0.6,0.1,-0.11515337191522121,0.10644771504484059,0.1573547750711441,0.01853075813005137,0.0,0.0,0.0,0.39303199127316474,0.20281200143964515,0.26533212810754775,0.05430372408853358,0.5340947449207306,1.0,0.7,-0.5774777144193649,0.7978895523872213,0.1372554749250412,0.132700932076837,0.13610799312591554,0.2,0.2,-0.10148722603917122,0.26195824930813877,0.1651934377849102,0.04123520867944818,0.08807632029056549,0.2,0.0,-0.6688900560140609,0.12075206389772736,0.09085435532033444,0.013051717957800553,0.0,0.0,0.0
TENX117,345,025x015,10215,16392,10,0.36978836059570314,0.11933575754435741,0.2268911272287369,0.020921502472068396,0.44619314968585966,1.0,0.3,-0.0383406363427639,0.09190935052281483,0.15032266825437546,0.005648033842529372,0.0,0.0,0.0,0.5900880292057991,0.2765683156335716,0.2871810019016266,0.05576527126357864,0.5538068443536759,1.0,0.7,-1.615753024816513,0.3259608466215612,0.033806747570633885,0.016099442034942645,0.0,0.0,0.0,0.12097845822572709,0.1546085095907974,0.17774278074502944,0.02392834388158705,0.0,0.0,0.0,-0.23148348787799478,0.10951762555420747,0.12405567988753319,0.007431874320855375,0.0,0.0,0.0
TENX117,346,025x016,10946,16392,10,0.2837101735174656,0.1840486520376483,0.21805128455162048,0.02110618762811299,0.4386196434497833,1.0,0.3,-0.05874233357608318,0.12596551354575353,0.15442624539136887,0.009596902899506618,0.0,0.0,0.0,0.5347537949681282,0.221270300823513,0.283981616795063,0.052646387974214545,0.5613803625106811,1.0,0.7,-0.9510389983654022,0.4232782034079041,0.0702292451635003,0.03069493412244777,0.0,0.0,0.0,-0.10761097446084023,0.19320445535701244,0.14792255461215972,0.01909823556778657,0.0,0.0,0.0,-0.2671116963028908,0.14592281342904445,0.12538906261324884,0.008128571283263974,0.0,0.0,0.0
TENX117,347,025x017,11677,16392,10,0.25253603160381316,0.13666506618346191,0.2270316794514656,0.015489315857571764,0.44857670068740846,1.0,0.4,-0.053372734040021894,0.1539845565557768,0.16711221039295196,0.01006913559643676,0.0,0.0,0.0,0.4615692311897874,0.2188425596185595,0.282752537727356,0.044694321852471616,0.5514232903718949,1.0,0.6,-1.5193733096122741,0.2877719180346597,0.040716159529983996,0.013922619723080133,0.0,0.0,0.0,-0.1773849055171013,0.17248152554181198,0.14833676144480706,0.017286177262209757,0.0,0.0,0.0,-0.27506033182144163,0.0731847943259064,0.13405065834522248,0.010685221659654437,0.0,0.0,0.0
TENX117,348,025x018,12407,16392,10,0.26062326282262804,0.1750198660271242,0.20899214893579482,0.019061409533498132,0.4172232121229172,1.0,0.0,-0.010113449767231941,0.1323383729428116,0.1588305875658989,0.004676496467511262,0.0,0.0,0.0,0.5996786251664161,0.2594776763287486,0.29596255272626876,0.04727043631664336,0.582776790857315,1.0,1.0,-1.5415054380893707,0.4238542737595318,0.03859082665294409,0.01965341030709674,0.0,0.0,0.0,-0.06447552591562271,0.18801911192986295,0.15155252814292908,0.018855969953713768,0.0,0.0,0.0,-0.09713340550661087,0.18876330157669555,0.14607133343815804,0.01265478445509223,0.0,0.0,0.0
TENX117,349,025x019,13138,16392,10,0.11754354387521744,0.15123492822587264,0.1960429921746254,0.018892045221651957,0.4088197201490402,1.0,0.1,-0.04136511944234371,0.18440679703282134,0.16659503430128098,0.005869040629583057,0.0,0.0,0.0,0.49131386876106264,0.3127339032838564,0.28810015320777893,0.050038265552336945,0.5438564777374267,0.9,0.9,-1.1908020108938218,0.629499025237447,0.061321372911334035,0.0341578323084628,0.0,0.0,0.0,-0.17742601335048674,0.13892516148697692,0.14739902690052986,0.026348391885917286,0.047323796153068545,0.1,0.0,-0.21218599304556846,0.1455056190995875,0.14054142385721208,0.00740566298296168,0.0,0.0,0.0
TENX117,350,025x020,13869,16392,10,0.3069893606007099,0.11712439373204436,0.21023865640163422,0.013854938701512366,0.42172636091709137,1.0,0.0,0.014364801347255707,0.11443136651613782,0.15667284429073333,0.00567750330432197,0.0,0.0,0.0,0.6257311791181565,0.21524693561007935,0.29152239114046097,0.04129241820836134,0.5782736301422119,1.0,1.0,-1.4641046226024628,0.6498809519400005,0.04417491042986512,0.029153610251117672,0.0,0.0,0.0,-0.0741533987224102,0.17128029455624919,0.14509596228599547,0.023553035586769255,0.0,0.0,0.0,-0.015326029993593693,0.13157913943023702,0.15229524821043014,0.009764543246390369,0.0,0.0,0.0
TENX117,351,025x021,14600,16392,10,0.3153884679079056,0.08203624102506418,0.21119091808795928,0.015066538030662718,0.4314038872718811,1.0,0.1,0.08390878979116678,0.14235758954890343,0.168195877969265,0.01869407587902983,0.0,0.0,0.0,0.5952024787664414,0.21393947210826494,0.282332019507885,0.045373106342764424,0.5685961067676544,1.0,0.9,-1.548797184228897,0.3216283644351561,0.03537168689072132,0.015542207462276367,0.0,0.0,0.0,-0.07304886281490326,0.1254021277033367,0.14363951086997986,0.015159244979118238,0.0,0.0,0.0,0.03457815758883953,0.07921672877505624,0.1592700034379959,0.007760965723438977,0.0,0.0,0.0
TENX117,352,025x022,15330,16392,10,0.2992201805114746,0.1281789394054713,0.19815291613340377,0.016216944167123746,0.2856940269470215,0.7,0.0,0.024187522754073144,0.1384455225802938,0.1503114566206932,0.008898117295302715,0.0,0.0,0.0,0.6241064071655273,0.21036441236066944,0.27699670791625974,0.044191840884278806,0.5228314399719238,0.9,0.7,-1.5067971967160703,0.7202917390039523,0.043072374816983935,0.036971463005162915,0.0,0.0,0.0,0.2783393248915672,0.18259290995300934,0.1962153360247612,0.033535968354998245,0.19147451519966124,0.4,0.3,-0.08101144367828965,0.11525699911906405,0.13525121957063674,0.007488203874509624,0.0,0.0,0.0
TENX117,353,025x023,16061,16392,10,0.056828849762678144,0.1095458745854892,0.19995196908712387,0.020577484575743727,0.4027213484048843,1.0,0.0,-0.17743814997375013,0.12777158119145435,0.15754274576902388,0.007561972750244739,0.0,0.0,0.0,0.4594322795048356,0.2965779995614338,0.3031346634030342,0.05818581240263634,0.597278642654419,1.0,1.0,-1.3737663686275483,0.3043233526533447,0.04858007244765759,0.009708506727034947,0.0,0.0,0.0,-0.10142903998494149,0.10837291425049152,0.17189191430807113,0.026922482426475294,0.0,0.0,0.0,-0.4602766126394272,0.10085640159596979,0.11889864131808281,0.008611526954940335,0.0,0.0,0.0
TENX117,354,025x024,16792,16392,10,-0.0537210002541542,0.18241244941101115,0.1585134506225586,0.017568254304872282,0.0,0.0,0.0,-0.12553224749863148,0.11814074082270247,0.1473487302660942,0.014591313276337831,0.09017625153064728,0.3,0.0,0.640021362900734,0.2615698253433936,0.3193484053015709,0.050615111525336744,0.6215917408466339,1.0,0.9,-1.1151550829410553,0.6572290461122794,0.06589695299044251,0.03614737369397638,0.0,0.0,0.0,0.0886974960565567,0.33832171044851955,0.18862805366516114,0.05221593229671466,0.2882320135831833,0.7,0.1,-0.3305603594519198,0.21366827680772127,0.12026441544294357,0.01411275815272337,0.0,0.0,0.0
TENX117,355,025x025,17522,16392,10,0.045592933893203735,0.18059641425531897,0.17271243929862976,0.02108712846727707,0.25232493281364443,0.7,0.0,-0.09687527641654015,0.16018068520281592,0.1489021122455597,0.008143304395332372,0.028583624958992006,0.1,0.0,0.6126625664532185,0.2380664573262908,0.30798986852169036,0.0588489074964394,0.6253022909164428,1.0,1.0,-1.1783438444137573,0.47570551367124175,0.05722621325403452,0.024413144985935786,0.0,0.0,0.0,-0.02792310416698456,0.3330611220334403,0.1644565038383007,0.041689956619564296,0.09378915131092072,0.2,0.0,-0.10001512393355369,0.15305340348968233,0.14871285408735274,0.012252362632561303,0.0,0.0,0.0
TENX117,356,025x026,18253,16392,10,-0.0571645213291049,0.15992139559437074,0.1445433482527733,0.014565850192883232,0.0,0.0,0.0,-0.06438605338335038,0.15879908651080063,0.1429295912384987,0.006567033052787557,0.0,0.0,0.0,0.7322184056043625,0.18984958324062426,0.31879425048828125,0.03647064596579337,0.617755389213562,1.0,1.0,-0.7470562018454074,0.5927138459653991,0.0852179054170847,0.04368251090432094,0.0,0.0,0.0,0.23677617833018302,0.3043707642238981,0.19909356385469437,0.04913980124302163,0.38224461674690247,1.0,0.0,-0.3370486579835415,0.17412774434989672,0.10942132472991943,0.01257431025790301,0.0,0.0,0.0
TENX117,357,025x027,18984,16392,10,-0.13687366545200347,0.1232319651554551,0.1514180123806,0.016571967517535813,0.0,0.0,0.0,-0.17579699903726578,0.07754116998171096,0.14503453075885772,0.00831547951316523,0.0,0.0,0.0,0.4927256599068642,0.1771327912569236,0.286632114648819,0.047121323560544055,0.5625600755214691,1.0,0.6,-0.9707704871892929,0.5815766089270108,0.07514178324490786,0.035477043823010625,0.0,0.0,0.0,0.2327703632414341,0.21736191510341882,0.2232069656252861,0.04880476356500697,0.4374399185180664,1.0,0.4,-0.3812571853399277,0.11067661407745202,0.1185665912926197,0.012643627634649308,0.0,0.0,0.0
TENX117,358,025x028,19715,16392,10,-0.024290607869625093,0.10211361827795158,0.16019055843353272,0.013497093597867608,0.0,0.0,0.0,-0.15003308840095997,0.10778908246107614,0.14109016954898834,0.00930170578520947,0.0,0.0,0.0,0.589918801188469,0.17729258178486593,0.2984574526548386,0.044851805388079015,0.5716571599245072,1.0,0.6,-1.2143612205982208,0.6852086541905531,0.060721433535218236,0.03599403652461455,0.0,0.0,0.0,0.29116685390472413,0.2538084717280367,0.2249642640352249,0.0526007156463687,0.42834284603595735,1.0,0.4,-0.36009636968374253,0.1319603928875215,0.1145761102437973,0.01051460793678548,0.0,0.0,0.0
TENX117,359,025x029,20445,16392,10,-0.15255274809896946,0.13935091751559947,0.14186829924583436,0.012682723985638794,0.0,0.0,0.0,-0.12361544594168664,0.12018685751412347,0.14570583999156952,0.00877467878840544,0.0,0.0,0.0,0.5425197377800941,0.1935211091983713,0.28650605827569964,0.04413687450021835,0.5721971720457077,1.0,0.6,-0.9637158803641797,0.633798553712963,0.07567151812836528,0.04152328779037406,0.034498158097267154,0.1,0.0,0.22929151579737664,0.26851799103663426,0.21325627863407134,0.05154644046426343,0.39330466985702517,0.9,0.4,-0.18854039832949637,0.14700296936625948,0.136992010474205,0.013748608060398394,0.0,0.0,0.0
TENX117,360,026x004,2177,17122,10,-0.06589157935231924,0.11097655020409158,0.15101665109395981,0.007842767634850116,0.0,0.0,0.0,-0.1376479361206293,0.10763974363289541,0.14065867513418198,0.008888740408010262,0.0,0.0,0.0,0.58856191188097,0.173494579547013,0.29286995679140093,0.038905320955256804,0.5629617840051651,1.0,0.9,-0.358043060451746,0.2574877208990997,0.11678649708628655,0.03170158433178773,0.0,0.0,0.0,0.3332792788743973,0.1258858156490826,0.22539194971323012,0.01635122990983608,0.4370382249355316,1.0,0.1,-0.789173623919487,0.11924965991513713,0.07327625602483749,0.004005658574554187,0.0,0.0,0.0
TENX117,361,026x005,2908,17122,10,0.04163849502801895,0.10499599867904481,0.20245726257562638,0.014316087158091798,0.12846201062202453,0.3,0.0,-0.21816193051636218,0.12007881516225816,0.15627894550561905,0.012567481000393562,0.0,0.0,0.0,0.29540621414780616,0.15492491178890253,0.26247584372758864,0.033395869053788795,0.4921117752790451,0.9,0.7,-1.1551379263401031,0.4559993039570089,0.0680120512843132,0.0327752041662093,0.0,0.0,0.0,0.1313071072101593,0.12322255515735797,0.2221721112728119,0.02379771705242653,0.37942622900009154,0.8,0.3,-0.7845697343349457,0.09661496071483336,0.0886037789285183,0.006073856588820711,0.0,0.0,0.0
TENX117,362,026x006,3639,17122,10,0.14323062151670457,0.08845937895624974,0.20960986167192458,0.02017269567184316,0.4212866872549057,1.0,0.2,-0.15003683380782604,0.127069709135065,0.15590644031763076,0.009689110359446751,0.0,0.0,0.0,0.46827717646956446,0.2683288519770467,0.29566782265901564,0.06310670512396067,0.5787133127450943,1.0,0.8,-1.1822817236185075,0.5620171579905479,0.06505703646689653,0.03340023090937387,0.0,0.0,0.0,-0.020184753090143205,0.11558310584150429,0.17851665765047073,0.02263680770416517,0.0,0.0,0.0,-0.6441265195608139,0.07330179296785955,0.09524216502904892,0.007714393748172319,0.0,0.0,0.0
TENX117,363,026x007,4370,17122,10,0.0819497674703598,0.1364591513643616,0.20402922332286835,0.013059400333958908,0.21391254663467407,0.5,0.1,-0.13561701402068138,0.08423017278144017,0.16412712782621383,0.010267188865872799,0.0,0.0,0.0,0.3611141873523593,0.22186610892765155,0.2725763380527496,0.042408988432020435,0.46332569122314454,0.8,0.7,-1.3265084743499755,0.44584918365015996,0.054780715703964235,0.025425147806283816,0.0,0.0,0.0,0.09126798659563065,0.15165366243617542,0.20685042291879654,0.023475390053197747,0.32276175618171693,0.7,0.2,-0.655824214220047,0.14414203034960582,0.09763617739081383,0.007332699735643159,0.0,0.0,0.0
TENX117,364,026x008,5100,17122,10,0.2271311141550541,0.11472172366240138,0.2330485314130783,0.019949975972060618,0.4647698879241943,1.0,0.3,-0.15098729282617568,0.11350659609758916,0.15942996591329575,0.010158260690646296,0.0,0.0,0.0,0.3672578401863575,0.2120823365906661,0.271665059030056,0.048299269843318435,0.4926749885082245,0.9,0.7,-1.1462469518184661,0.35676321884583545,0.06299897469580173,0.02317180725688629,0.0,0.0,0.0,-0.11382343247532845,0.16962646291077607,0.16699950993061066,0.025661794429238802,0.04255512952804565,0.1,0.0,-0.5619741708040238,0.12380000773425075,0.10585797131061554,0.008923177980231683,0.0,0.0,0.0
TENX117,365,026x009,5831,17122,10,0.2537333734333515,0.10840040302654824,0.22624951750040054,0.021116821430789346,0.43741466104984283,1.0,0.3,-0.11211527325212955,0.08774766877375682,0.15654123872518538,0.009760371555396578,0.0,0.0,0.0,0.5105926215648651,0.22132013524646746,0.29677469432353976,0.05710821643752808,0.5625853270292283,1.0,0.7,-1.1988431751728057,0.3289371527844272,0.055415140278637406,0.01696482322496817,0.0,0.0,0.0,-0.03675364777445793,0.1518842628967189,0.17060480117797852,0.027118662847537365,0.0,0.0,0.0,-0.6184217780828476,0.08207712959679482,0.09441459029912949,0.006825379797074983,0.0,0.0,0.0
TENX117,366,026x010,6562,17122,10,0.18579326197504997,0.10777137802044338,0.215526182949543,0.0180330031254652,0.4292473465204239,1.0,0.2,-0.09194038920104504,0.11260600331177512,0.16351473182439805,0.016204133299274375,0.0,0.0,0.0,0.47527211159467697,0.19830317337316222,0.2917367458343506,0.052244630250399486,0.5707526624202728,1.0,0.8,-0.9899922490119935,0.2877900980022446,0.0698487613350153,0.023291427293853455,0.0,0.0,0.0,-0.16863348111510276,0.1845821661288353,0.1524467796087265,0.023140421097714532,0.0,0.0,0.0,-0.5160376101732254,0.1283692835374075,0.10692680478096009,0.010062783935134626,0.0,0.0,0.0
TENX117,367,026x011,7292,17122,10,0.22336385175585746,0.14721769837361753,0.23344137519598007,0.020347070973760102,0.4419676214456558,1.0,0.4,-0.1545872375369072,0.1251961143930397,0.15951886624097825,0.006895120001796356,0.0,0.0,0.0,0.4606885155662894,0.24108116041022667,0.3002527683973312,0.056150029397189105,0.558032363653183,1.0,0.6,-1.007993397116661,0.28636231292778597,0.06964842602610588,0.016408428220093953,0.0,0.0,0.0,-0.2820482857525349,0.17037712017597173,0.14170941933989525,0.020018527035853124,0.0,0.0,0.0,-0.6709942430257797,0.17775882292248166,0.09542913883924484,0.00805131070462935,0.0,0.0,0.0
TENX117,368,026x012,8023,17122,10,0.15131617113947868,0.15998867372061187,0.20635820627212526,0.023316664542532367,0.40345196425914764,1.0,0.0,-0.13212161138653755,0.07130877567516938,0.15460821241140366,0.007373929409253735,0.0,0.0,0.0,0.5504855901002884,0.1987179823772291,0.3105414018034935,0.05500241221544803,0.5965480327606201,1.0,1.0,-1.2270770072937012,0.3508692452451588,0.05473009347915649,0.01877877354033669,0.0,0.0,0.0,-0.03839680254459381,0.16725743403810647,0.17128816843032837,0.023962696945905134,0.0,0.0,0.0,-0.547275522351265,0.15843110290277743,0.10247392430901528,0.010286332167067218,0.0,0.0,0.0
TENX117,369,026x013,8754,17122,10,0.2760774254798889,0.12239999701125791,0.21920306235551834,0.01812891926876033,0.43893773257732394,1.0,0.2,-0.040472878515720366,0.1385873495748983,0.15969278365373613,0.012574455290334303,0.0,0.0,0.0,0.5256454735994339,0.222573713781796,0.28536828607320786,0.05281023089913137,0.5610622495412827,1.0,0.8,-1.2854904174804687,0.4138243340670126,0.05073995012789965,0.025338361344093483,0.0,0.0,0.0,0.05092225074768066,0.16241984735007742,0.17558338344097138,0.020388530542596373,0.0,0.0,0.0,-0.4175307109951973,0.11576641197444527,0.10941256284713745,0.007068977803928269,0.0,0.0,0.0
TENX117,370,026x014,9485,17122,10,0.11104953587055207,0.1452328393611165,0.20532192587852477,0.015634847713022215,0.3757182687520981,0.9,0.0,-0.16353214532136917,0.20355695324889983,0.15579248815774918,0.008220286502205805,0.0,0.0,0.0,0.43812436461448667,0.2846601599405528,0.28791299611330035,0.047458665409620265,0.578371787071228,1.0,1.0,-1.2365188151597977,0.45515646882082494,0.058217982202768324,0.023930286916552024,0.0,0.0,0.0,0.011974278837442398,0.17346885339557058,0.18719095289707183,0.02591638306923805,0.04590992033481598,0.1,0.0,-0.5533950239419937,0.1764910074686928,0.10556365475058556,0.006742238846671327,0.0,0.0,0.0
TENX117,371,026x015,10215,17122,10,0.2769350841641426,0.16471072200806233,0.21727555245161057,0.014356508016861103,0.43311861753463743,1.0,0.1,-0.05829897969961166,0.145079725862308,0.15517340004444122,0.006131148554075058,0.0,0.0,0.0,0.5495926678180695,0.2620616188528883,0.2888398110866547,0.04808553885683876,0.5668813914060593,1.0,0.9,-1.1453833401203155,0.2989757124271014,0.05607440657913685,0.021934103661669955,0.0,0.0,0.0,0.024632006138563155,0.26385341401845086,0.17012275010347366,0.024187895390088962,0.0,0.0,0.0,-0.38171375915408134,0.19767779347802142,0.11251407414674759,0.00835667216988897,0.0,0.0,0.0
TENX117,372,026x016,10946,17122,10,0.3042581543326378,0.15512483113743072,0.20203156322240828,0.014750935052850652,0.4041041135787964,1.0,0.0,0.06403284333646297,0.10509365831279008,0.1588335782289505,0.01089898893809632,0.0,0.0,0.0,0.6976160287857056,0.2157332161485946,0.302306267619133,0.04704633892775045,0.5958958923816681,1.0,1.0,-0.8846786797046662,0.24239519708970036,0.06232126206159592,0.01113937924961041,0.0,0.0,0.0,0.05297960042953491,0.15219489745442683,0.15796264559030532,0.01991413978916636,0.0,0.0,0.0,-0.24583632238209246,0.16980266544482756,0.11654468178749085,0.008467096861833825,0.0,0.0,0.0
TENX117,373,026x017,11677,17122,10,0.32057740092277526,0.06387424923113094,0.22720022201538087,0.019495534901597042,0.4538846969604492,1.0,0.5,0.002723601460456848,0.10738397751003093,0.16525738835334777,0.012820416030817959,0.0,0.0,0.0,0.5092427186667919,0.2815984967008851,0.2788034245371819,0.054809392635921106,0.5461153030395508,1.0,0.5,-1.3427385985851288,0.39930292200430656,0.04764629751443863,0.02320692184774663,0.0,0.0,0.0,-0.09680186361074447,0.07240809224666803,0.14975883513689042,0.013785389719496397,0.0,0.0,0.0,-0.22546668872237205,0.07024732048906758,0.1313338451087475,0.00755622787456107,0.0,0.0,0.0
TENX117,374,026x018,12407,17122,10,0.18849394619464874,0.1703489508775162,0.20129385590553284,0.015716866821603115,0.3946613222360611,1.0,0.0,-0.042929394915699956,0.15470414708932853,0.1593658596277237,0.006532560442384206,0.0,0.0,0.0,0.6212282702326775,0.24094035388067248,0.3127419248223305,0.04536609578835131,0.6053386569023133,1.0,1.0,-1.293983381986618,0.2455401280320761,0.04827941954135895,0.01569896433059901,0.0,0.0,0.0,-0.11623414009809493,0.19195755402682224,0.14915089458227157,0.018675603851243273,0.0,0.0,0.0,-0.25490984693169594,0.19139127859209412,0.12916803732514381,0.009741867473742538,0.0,0.0,0.0
TENX117,375,026x019,13138,17122,10,0.25973408073186877,0.14478990086606114,0.20865563601255416,0.01891193555845705,0.4367354393005371,1.0,0.1,-0.01527705006301403,0.1264629725074932,0.15803730487823486,0.00708369686371238,0.0,0.0,0.0,0.5131845248863101,0.2724728510943577,0.27181732952594756,0.045585907634563605,0.5192394733428956,0.9,0.9,-1.706988513469696,0.36180936077058057,0.032002821750938895,0.014625708896245095,0.0,0.0,0.0,0.08099915534257889,0.13828894292266508,0.174498550593853,0.01525593979492816,0.04402508139610291,0.1,0.0,-0.036115273367613554,0.14719834735691664,0.15498837530612947,0.011040830985661903,0.0,0.0,0.0
TENX117,376,026x020,13869,17122,10,0.24791236519813536,0.08217693961070428,0.20647448897361756,0.015141306464948436,0.4127971112728119,1.0,0.0,-0.05888767316937447,0.10746102159944021,0.1519416257739067,0.011395836151796816,0.0,0.0,0.0,0.6050382897257804,0.23684829818732445,0.2983335852622986,0.04838508221536602,0.5872028946876526,1.0,1.0,-1.3260791063308717,0.5271793113295588,0.04982251273468137,0.025242546556213698,0.0,0.0,0.0,0.0027580372989177704,0.14413598732697866,0.16266921609640123,0.02272582899001456,0.0,0.0,0.0,-0.20818445906043054,0.1095776992719505,0.13075858280062674,0.008309941031951222,0.0,0.0,0.0
TENX117,377,026x021,14600,17122,10,0.2749523475766182,0.1464845016158307,0.20357727855443955,0.014801967675959232,0.4141256958246231,1.0,0.0,0.010001109540462494,0.15583058052214308,0.1561318129301071,0.010330829815433118,0.0,0.0,0.0,0.6259959757328033,0.24482066373852088,0.2921293929219246,0.04620213666337755,0.5858743011951446,1.0,1.0,-1.4454512298107147,0.7472227890869093,0.05012770108878613,0.046970480776209106,0.0,0.0,0.0,-0.07980486676096916,0.24630576181316102,0.14497103542089462,0.026983941421882728,0.0,0.0,0.0,-0.0119569250382483,0.19215689825101523,0.15306278467178344,0.01433527232452555,0.0,0.0,0.0
TENX117,378,026x022,15330,17122,10,0.14561385661363602,0.0966597816966755,0.20407984405755997,0.015944300148422134,0.4288533329963684,1.0,0.1,-0.07963934987783432,0.11395608126943231,0.16275290995836258,0.01017433393792112,0.0,0.0,0.0,0.4362282454967499,0.24615746462836863,0.2764206171035767,0.04803117519892913,0.5711466699838639,1.0,0.9,-1.1856656968593597,0.3509895355372399,0.057785114645957945,0.022093939869145082,0.0,0.0,0.0,-0.14537808448076248,0.05370168794747632,0.15262628942728043,0.012782327481152548,0.0,0.0,0.0,-0.1845807582139969,0.07130608641707706,0.14633522927761078,0.00505801741273873,0.0,0.0,0.0
TENX117,379,026x023,16061,17122,10,0.25568483769893646,0.16967310575348665,0.20870548486709595,0.020872903757041372,0.41312085688114164,1.0,0.1,-0.012750044837594033,0.15499350498182646,0.15922249406576156,0.011788926956083693,0.0,0.0,0.0,0.6136896133422851,0.27932114987666284,0.30253331959247587,0.056832316990664135,0.5868791669607163,1.0,0.9,-1.171673446893692,0.2887895516878958,0.0518324751406908,0.014194595965257692,0.0,0.0,0.0,-0.028161820769309998,0.198723746459357,0.15797129794955253,0.02253474738651014,0.0,0.0,0.0,-0.2972869727760553,0.17098240603749917,0.11973494067788124,0.008085327624695108,0.0,0.0,0.0
TENX117,380,026x024,16792,17122,10,-0.01238873079419136,0.14114823653653039,0.16996573954820632,0.018677999309428147,0.09598217606544494,0.3,0.0,-0.13878440782427787,0.08586633039280525,0.1492127299308777,0.009837410678131592,0.06003628671169281,0.2,0.0,0.5226035729050637,0.19244458211916782,0.2926326677203178,0.04898325862501742,0.6056687355041503,1.0,1.0,-0.9846847802400589,0.4368545835874727,0.07013168688863516,0.027197501202353917,0.0,0.0,0.0,0.04547030031681061,0.2472347705439647,0.1833919808268547,0.03993294994603034,0.23831281661987305,0.5,0.0,-0.24512842521071435,0.13538726802581436,0.1346651867032051,0.0148445116376969,0.0,0.0,0.0
TENX117,381,026x025,17522,17122,10,0.2060575544834137,0.21515941525554363,0.1750824823975563,0.01715519206676572,0.0,0.0,0.0,0.05940952058881521,0.11538614039907552,0.15090034306049346,0.011069865544633075,0.0317798376083374,0.1,0.0,0.7159089803695678,0.1946109369189549,0.2946237653493881,0.05108809526436137,0.5786200225353241,1.0,0.7,-1.2968648254871369,0.31064654790078694,0.043137678131461146,0.021361419876439223,0.0,0.0,0.0,0.3849004626274109,0.29626825073594976,0.211958110332489,0.038899520541660085,0.3896001487970352,0.9,0.3,-0.13521820204332471,0.2124313185914134,0.12429761961102485,0.010379053323859723,0.0,0.0,0.0
TENX117,382,026x026,18253,17122,10,0.1289384737610817,0.09639410462382786,0.17470011562108995,0.01808051251927808,0.04293504357337952,0.1,0.0,-0.03343608230352402,0.05728681062756068,0.14804674535989762,0.009457295457193225,0.0,0.0,0.0,0.6580156877636909,0.21718777552072235,0.3004619061946869,0.05627513568247754,0.5358952641487121,0.9,0.8,-1.4197405278682709,0.4489253705458806,0.04081456568092108,0.017876972993863424,0.0,0.0,0.0,0.3333671733736992,0.18189591945565609,0.21658139377832414,0.038483190325668014,0.42116968929767606,1.0,0.2,-0.2504568487405777,0.09403396190463362,0.11939527839422226,0.010739775710327281,0.0,0.0,0.0
TENX117,383,026x027,18984,17122,10,0.006972118467092514,0.13561676797007224,0.16552213430404664,0.017274601091340113,0.0,0.0,0.0,-0.1466176003217697,0.06682825366345924,0.14141688793897628,0.008003709949622568,0.0,0.0,0.0,0.5947455763816833,0.20481641753421798,0.30038760006427767,0.048690086570905594,0.5891591876745224,1.0,0.7,-1.0546289533376694,0.4859781948451649,0.06372746452689171,0.028992933672272788,0.0,0.0,0.0,0.22168111726641654,0.2555123843841462,0.20906276851892472,0.0455647818112623,0.41084082424640656,1.0,0.3,-0.3149433278478682,0.13399389397016942,0.11988317295908928,0.011753650947715438,0.0,0.0,0.0
TENX117,384,026x028,19715,17122,10,-0.16788168326020242,0.15014030822703697,0.14892665296792984,0.011136210448775644,0.0,0.0,0.0,-0.1576213665306568,0.10069358809938242,0.15042240768671036,0.010470687948885182,0.0,0.0,0.0,0.4656863002106547,0.19627331734944814,0.28226110339164734,0.03648886311867001,0.574054691195488,1.0,0.7,-0.9646151602268219,0.529770539917024,0.07694912068545819,0.03650170541202309,0.0,0.0,0.0,0.1587409794330597,0.25630830323192066,0.2109512135386467,0.04624934535323559,0.4259452998638153,1.0,0.3,-0.30170827116817234,0.17276714988113354,0.13048951104283332,0.01229124394668036,0.0,0.0,0.0
TENX117,385,026x029,20445,17122,10,-0.11123736724257469,0.1870430421029455,0.14598544239997863,0.01368384466134654,0.0,0.0,0.0,-0.10984645560383796,0.09365951460639609,0.14570243060588836,0.006554970750268087,0.0,0.0,0.0,0.5349663302302361,0.19568479143594153,0.280639711022377,0.04295886251255304,0.5813402652740478,1.0,0.8,-0.8013708226382732,0.46503450461879664,0.08366592545062304,0.040307959175066764,0.03474069833755493,0.1,0.0,0.1921270914375782,0.27601469269395607,0.2012325644493103,0.04176470889570199,0.38391905426979067,0.9,0.2,-0.1369352176785469,0.2295794398475617,0.14277392253279686,0.017926253471515937,0.0,0.0,0.0
TENX117,386,027x004,2177,17853,10,0.08503671735525131,0.13460432054328247,0.2035384804010391,0.01984909443770633,0.36730729341506957,0.9,0.0,-0.1907761786133051,0.06988559524446818,0.15395197868347169,0.00788253384398181,0.0,0.0,0.0,0.4578410489484668,0.19841840097126218,0.2977617189288139,0.04581365085808185,0.5887791812419891,1.0,1.0,-1.0353370547294616,0.21696202512786916,0.06788847036659718,0.01514509085547592,0.0,0.0,0.0,-0.025920315831899642,0.18194450698744377,0.18329749405384063,0.02697690946880047,0.04391351640224457,0.1,0.0,-0.6923420608043671,0.1519220187417083,0.09356185495853424,0.009251748494443133,0.0,0.0,0.0
TENX117,387,027x005,2908,17853,10,0.05109683126211166,0.2164114696045698,0.20747940093278885,0.015389491144535753,0.4158204525709152,1.0,0.1,-0.24295975603163242,0.18772501090528407,0.15439448058605193,0.007602440232710578,0.0,0.0,0.0,0.3947970248758793,0.24012377800306303,0.2950772374868393,0.04331432351853672,0.5841795384883881,1.0,0.9,-1.0117752969264984,0.3092619349786487,0.07450223602354526,0.01944897735705726,0.0,0.0,0.0,-0.17419892698526382,0.25838962657522485,0.16713393926620485,0.025991254587356766,0.0,0.0,0.0,-0.6653929844498634,0.21796257315329048,0.1014127179980278,0.008288739952988065,0.0,0.0,0.0
TENX117,388,027x006,3639,17853,10,0.12179340645670891,0.12651472130132155,0.20539826154708862,0.01333838033132541,0.3848450779914856,0.9,0.1,-0.10531244240701199,0.14636409181220428,0.163613922894001,0.009742864434026098,0.0,0.0,0.0,0.3937502756714821,0.1703925678631565,0.2716386288404465,0.03726455008631603,0.5644393026828766,1.0,0.8,-0.9327460110187531,0.45663749896067873,0.08115613795816898,0.04074220473040801,0.0,0.0,0.0,-0.0017253920435905457,0.22477124696159279,0.18358075320720674,0.029783725973747417,0.050715625286102295,0.1,0.1,-0.6543149948120117,0.14380880595213608,0.0946122869849205,0.0073012983240951035,0.0,0.0,0.0
TENX117,389,027x007,4370,17853,10,0.09923479110002517,0.17889176366980675,0.2107267752289772,0.01247059349737577,0.4412028849124908,1.0,0.2,-0.16070187240839004,0.13871185812069944,0.16288069635629654,0.014951250317446232,0.0,0.0,0.0,0.3382879711687565,0.2496274853834279,0.2711322963237762,0.04590514876130108,0.5587971031665802,1.0,0.8,-1.0320138931274414,0.3186727305956311,0.0736785639077425,0.029886764396102952,0.0,0.0,0.0,-0.11396828666329384,0.22817439774417267,0.17104474306106568,0.019355159806912176,0.0,0.0,0.0,-0.5469843879342079,0.19210255217271915,0.11053692102432251,0.008283557558220581,0.0,0.0,0.0
TENX117,390,027x008,5100,17853,10,0.2407200440764427,0.15177121555618106,0.21687266379594802,0.015977059838328166,0.4371282160282135,1.0,0.1,-0.02070469819009304,0.12622072700968565,0.16676936745643617,0.00878962395254183,0.0,0.0,0.0,0.4969172954559326,0.20637284245573523,0.28354585617780687,0.047448865910618594,0.5628717750310898,1.0,0.9,-0.9703476369380951,0.2270478790533273,0.06605183333158493,0.014501111014738584,0.0,0.0,0.0,-0.06323645263910294,0.18207233813627458,0.16079094111919404,0.019637016398558554,0.0,0.0,0.0,-0.47535569220781326,0.15328673669430293,0.10596934854984283,0.007664070809319904,0.0,0.0,0.0
TENX117,391,027x009,5831,17853,10,0.15404143258929254,0.12187163800023006,0.21790179908275603,0.01661574163056126,0.4419288635253906,1.0,0.2,-0.1417769245803356,0.13059974657056028,0.1620262160897255,0.011058248507482266,0.0,0.0,0.0,0.390623015165329,0.23016707837096922,0.27998826205730437,0.0506728792430935,0.5580711334943771,1.0,0.8,-0.8748612612485885,0.4376540663103103,0.08533977158367634,0.03396178143162946,0.0,0.0,0.0,-0.18732213079929352,0.15085476805395193,0.15571943819522857,0.020307276442796767,0.0,0.0,0.0,-0.6349064648151398,0.11275062741243098,0.09902447387576103,0.007948870309712317,0.0,0.0,0.0
TENX117,392,027x010,6562,17853,10,0.16502164229750632,0.1498025196884182,0.2015191376209259,0.018711505040895925,0.1977643609046936,0.5,0.0,-0.16898704096674919,0.1581306685692717,0.14418985694646835,0.01179668410343265,0.0,0.0,0.0,0.5351234644651413,0.2194533198754141,0.29534567445516585,0.05226775065987534,0.5376712143421173,0.9,0.9,-1.0393264077603817,0.4713812633975516,0.06985281705856324,0.043585684299496746,0.0,0.0,0.0,0.13896149918437004,0.2012786412615538,0.1976704180240631,0.02887622825781578,0.2645644336938858,0.6,0.1,-0.6247299134731292,0.13625032748561877,0.0914220966398716,0.008035862858603643,0.0,0.0,0.0
TENX117,393,027x011,7292,17853,10,0.06162138283252716,0.13670853066543423,0.20179914236068724,0.01986903842503156,0.4191737353801727,1.0,0.1,-0.15659552924335002,0.08121892399211464,0.16190155893564223,0.011508842550410476,0.0,0.0,0.0,0.3787937633693218,0.1787486637289631,0.2801171228289604,0.047260034400534834,0.5323282539844513,0.9,0.9,-0.9635319977998733,0.41396167367328424,0.07829294577240944,0.02993183502723194,0.0,0.0,0.0,-0.07828299999237061,0.1892323809457835,0.17659277766942977,0.02659823773379596,0.04849801957607269,0.1,0.0,-0.626392713189125,0.12194616253643917,0.1012964591383934,0.008496890671808347,0.0,0.0,0.0
TENX117,394,027x012,8023,17853,10,0.20887359455227852,0.11481430509437013,0.22018276900053024,0.024855638235920803,0.4026699423789978,0.9,0.3,-0.1576217941939831,0.15161037753953802,0.15185000002384186,0.007803737965668253,0.0,0.0,0.0,0.42127969339489935,0.22128507441137743,0.2762950584292412,0.057220924084087244,0.4923205941915512,0.9,0.5,-0.9990113884210586,0.8092830313389332,0.08964744172990322,0.08069527248154364,0.10500947237014771,0.2,0.2,-0.03961295932531357,0.21011554707685565,0.17525355145335197,0.0384389857354095,0.0,0.0,0.0,-0.7234889388084411,0.13723633321247994,0.0867711789906025,0.010447752625325423,0.0,0.0,0.0
TENX117,395,027x013,8754,17853,10,0.2898878663778305,0.06438682295610329,0.22156962901353836,0.016415751290634,0.3964129716157913,0.9,0.4,-0.12595252580940725,0.0844055235288079,0.14618770629167557,0.01065350342123437,0.0,0.0,0.0,0.5246275901794434,0.24813680139071004,0.2843601867556572,0.052360297502651344,0.5570252239704132,1.0,0.6,-1.3029118359088898,0.36583754584914885,0.04926742613315582,0.023965333790365282,0.0,0.0,0.0,0.13675385415554048,0.12980167159241612,0.19065722823143005,0.020349982906892473,0.04656180739402771,0.1,0.0,-0.42897487580776217,0.09397062176915036,0.10795779675245284,0.007860895076915907,0.0,0.0,0.0
TENX117,396,027x014,9485,17853,10,0.19863784834742546,0.11142101827074061,0.20997333228588105,0.01651612447763007,0.42419777512550355,1.0,0.1,-0.040269152447581294,0.06918901115621673,0.16496501117944717,0.006164793546191494,0.0,0.0,0.0,0.5078155994415283,0.16268546209302756,0.2890830382704735,0.04729326440351677,0.5758022278547287,1.0,0.9,-1.0967217527329922,0.5701536872582335,0.06764391548931599,0.03901020701798956,0.0,0.0,0.0,0.012992126494646072,0.1819414384736013,0.1761783927679062,0.028936185776495007,0.0,0.0,0.0,-0.6252477377653122,0.10901131807070696,0.09215630665421486,0.007557837596745558,0.0,0.0,0.0
TENX117,397,027x015,10215,17853,10,0.07633455842733383,0.15435003913731354,0.19527007043361663,0.01757789246054703,0.3478539228439331,0.9,0.0,-0.09808648712933063,0.16974548617769275,0.16383016109466553,0.012498388714435786,0.0,0.0,0.0,0.5027880936861038,0.24101656017824807,0.30230390280485153,0.05109715355962975,0.6016304045915604,1.0,0.9,-1.0229475855827332,0.47132914771491674,0.07236450053751468,0.03061051854971282,0.0,0.0,0.0,-0.09278074279427528,0.22403179271216378,0.16717051938176156,0.03274814303665186,0.05051568746566772,0.1,0.1,-0.6029919296503067,0.14376376211775216,0.09906085506081581,0.009536041771260448,0.0,0.0,0.0
TENX117,398,027x016,10946,17853,10,0.40506182610988617,0.18098261757992812,0.2200160175561905,0.022247116553123385,0.42767184376716616,1.0,0.2,0.11946605332195759,0.1041248495048125,0.1647124782204628,0.007347010575894039,0.0,0.0,0.0,0.7004469692707062,0.14934702401748637,0.29811961352825167,0.04781691544349367,0.5723281532526017,1.0,0.8,-0.9512334495782853,0.438225390209095,0.06282846909016371,0.02505883645179025,0.0,0.0,0.0,0.07063904255628586,0.24191086829850228,0.15865399539470673,0.02477074173421183,0.0,0.0,0.0,-0.4265092946588993,0.181665190049415,0.09566943272948265,0.008225893753165913,0.0,0.0,0.0
TENX117,399,027x017,11677,17853,10,0.12083185985684394,0.10541392384307681,0.20775849223136902,0.013679787688793526,0.4324144572019577,1.0,0.2,-0.15341814309358598,0.10222656554869729,0.15785513520240785,0.009063051038576176,0.0,0.0,0.0,0.3960684694349766,0.19800021463995948,0.2771042689681053,0.04678236265138149,0.5675855249166488,1.0,0.8,-0.8578982137143611,0.4014777706336096,0.08307649679481983,0.032576444471560946,0.0,0.0,0.0,-0.07545924633741379,0.10322081864299519,0.1711557000875473,0.016646745347652335,0.0,0.0,0.0,-0.580529198050499,0.08171266425398882,0.10304989963769913,0.007145179539113622,0.0,0.0,0.0
TENX117,400,027x018,12407,17853,10,0.22359172627329826,0.08160966875610898,0.21158491522073747,0.01234440370615305,0.4297006994485855,1.0,0.0,-0.098907820135355,0.08833876706245464,0.15345434248447418,0.011426340882745434,0.0,0.0,0.0,0.5093585968017578,0.13372868598517232,0.2839629098773003,0.03995449960865213,0.5702992975711823,1.0,1.0,-0.8080568104982376,0.19579918311487504,0.076817836612463,0.01705329423788941,0.0,0.0,0.0,-0.0015302442014217376,0.1404336590850635,0.17008645385503768,0.022487553831738703,0.0,0.0,0.0,-0.48767852783203125,0.10212917468224114,0.1040935218334198,0.008940211768369687,0.0,0.0,0.0
TENX117,401,027x019,13138,17853,10,0.08884332403540611,0.13803081978799364,0.21119957715272902,0.013629856168219054,0.42618373930454256,1.0,0.0,-0.2082282667979598,0.150592964801152,0.1566379502415657,0.0035882126339980775,0.0,0.0,0.0,0.38933051824569703,0.2537511186018308,0.28780120313167573,0.04239007091099681,0.5738162577152253,1.0,1.0,-1.8292285680770874,0.44238661101442284,0.03509724512696266,0.017926452964763293,0.0,0.0,0.0,-0.08889803141355515,0.138500823707372,0.17755443900823592,0.019663405389861457,0.0,0.0,0.0,-0.3841255381703377,0.16703601825575537,0.1317095898091793,0.009871376438503407,0.0,0.0,0.0
TENX117,402,027x020,13869,17853,10,0.19383113756775855,0.16967820803143568,0.20850355178117752,0.014937691233632115,0.42668081521987916,1.0,0.1,-0.10767649747431278,0.15619712936979316,0.1542907878756523,0.011646000835659975,0.0,0.0,0.0,0.4927371256053448,0.25195391779201,0.2839851140975952,0.04445827110944144,0.5733191668987274,1.0,0.9,-1.2242652475833893,0.31277364262751584,0.05274998173117638,0.015982551276864328,0.0,0.0,0.0,0.00045795589685440066,0.18970610644381425,0.17271660417318344,0.021062527730129715,0.0,0.0,0.0,-0.29645624980330465,0.19228344955990853,0.12775394767522813,0.009831425660514629,0.0,0.0,0.0
TENX117,403,027x021,14600,17853,10,0.09537362977862358,0.1415562883425278,0.1839839607477188,0.012220782336406862,0.03431687653064728,0.1,0.0,-0.10281538404524326,0.19926264287696277,0.15084699541330338,0.008883149723132634,0.0,0.0,0.0,0.5406064704060555,0.24393984360436963,0.2903131231665611,0.046519452069318755,0.5881336033344269,1.0,1.0,-1.3182373285293578,0.3794471622490285,0.05106486435979605,0.027411423358838213,0.0,0.0,0.0,0.17285349741578102,0.20577589784492184,0.19969408512115477,0.023171090491321482,0.3775495231151581,0.9,0.0,-0.29852254763245584,0.18095586774699204,0.12409697324037552,0.008429467267256146,0.0,0.0,0.0
TENX117,404,027x022,15330,17853,10,0.20137814059853554,0.11852246686460971,0.20431117117404937,0.01539274731946548,0.3751837819814682,0.9,0.0,-0.04898163415491581,0.11201240596279012,0.1587349906563759,0.006132933934771478,0.0,0.0,0.0,0.5472026020288467,0.2554702983552831,0.29191506952047347,0.04752226828413086,0.582909905910492,1.0,1.0,-1.3354423254728318,0.5270739667456881,0.05193831846117973,0.03211321764431129,0.0,0.0,0.0,0.07139148712158203,0.1733493670017353,0.18033782094717027,0.023007748669719313,0.041906332969665526,0.1,0.0,-0.3932826489210129,0.14762395573658726,0.11276262626051903,0.00881316339301377,0.0,0.0,0.0
TENX117,405,027x023,16061,17853,10,0.22682448998093604,0.24080306800279683,0.1917692944407463,0.016097395799602662,0.35083783864974977,0.9,0.0,0.01303129382431507,0.20583214718870532,0.1544075220823288,0.0051832979035133595,0.0,0.0,0.0,0.6728907614946366,0.2889358837502466,0.30301668494939804,0.05178744260335978,0.6066562950611114,1.0,1.0,-1.322219932079315,0.2995663184080886,0.04472512826323509,0.02019315210169638,0.0,0.0,0.0,0.1171680212020874,0.290805778842312,0.17302051633596421,0.024868920738828758,0.04250586330890656,0.1,0.0,-0.13744186237454414,0.23866460030632455,0.13306086584925653,0.008970194166468345,0.0,0.0,0.0
TENX117,406,027x024,16792,17853,10,0.08023142889142036,0.17254869460299999,0.17870601564645766,0.020665165502840005,0.2614287734031677,0.7,0.1,-0.06764646843075753,0.15167554454844945,0.1534837156534195,0.01089398946047593,0.030006369948387145,0.1,0.0,0.5956359066069126,0.2869319772291722,0.30334957540035246,0.06003359879822167,0.6207696169614791,1.0,0.9,-0.9097754120826721,0.43873147795152173,0.07357871197164059,0.032296343793547205,0.0,0.0,0.0,-0.005413791537284851,0.2106823665561617,0.16570112109184265,0.0300731822717551,0.08779522776603699,0.2,0.0,-0.2736960776150227,0.1678428599756798,0.12518089413642883,0.012080828219147988,0.0,0.0,0.0
TENX117,407,027x025,17522,17853,10,0.010727044194936752,0.1463022048958889,0.15210818946361543,0.015145047103551069,0.0,0.0,0.0,-0.041091975197196005,0.13012323005164014,0.14421092942357064,0.011987344000010886,0.029515579342842102,0.1,0.0,0.7600940823554992,0.12811684749762703,0.3228456139564514,0.041028135032177546,0.6195702373981475,1.0,1.0,-1.033040849864483,0.6782164132434028,0.066827386431396,0.04251799584014409,0.02956225872039795,0.1,0.0,0.24194116592407228,0.3126592695683425,0.19759891480207442,0.051847412537667635,0.32135193347930907,0.8,0.0,-0.2583181791007519,0.1366869872210146,0.11640897393226624,0.013311033357204606,0.0,0.0,0.0
TENX117,408,027x026,18253,17853,10,-0.07815563008189201,0.16534683276018292,0.16462742835283278,0.02268829351073243,0.03188496232032776,0.1,0.0,-0.14291856326162816,0.10470503039468851,0.1536135956645012,0.015450250403934078,0.08785839676856995,0.3,0.0,0.5535300739109517,0.29921398891524364,0.3129901632666588,0.06144659240301502,0.6232410490512847,1.0,0.9,-1.477109134197235,0.6348822271748463,0.048125619627535345,0.024165285238231998,0.0,0.0,0.0,-0.0026422619819641115,0.29480836019072115,0.1803777500987053,0.04056913792444651,0.25701560378074645,0.6,0.1,-0.23586132153868675,0.23437849611944392,0.14026544615626335,0.016574678497843005,0.0,0.0,0.0
TENX117,409,027x027,18984,17853,10,-0.0011065036058425903,0.08879951342970865,0.1737252041697502,0.017559065083771065,0.0,0.0,0.0,-0.14737212359905244,0.054029018072806474,0.149606791138649,0.009236612755494615,0.0,0.0,0.0,0.5276140660047531,0.23500709052646648,0.2986997112631798,0.056827875714349316,0.5820741891860962,1.0,0.7,-1.4437597870826722,0.3490575537793596,0.04355085790157318,0.01499568242494531,0.0,0.0,0.0,0.18586387038230895,0.17643370009792034,0.21135419756174087,0.03549755165202684,0.41792580485343933,1.0,0.3,-0.34481278881430627,0.11069192905465172,0.12306321412324905,0.011311895299120708,0.0,0.0,0.0
TENX117,410,027x028,19715,17853,10,0.030098791420459747,0.1428717365582216,0.16827739477157594,0.020009997585986754,0.11672070324420929,0.4,0.0,-0.15223428048193455,0.054931698383654984,0.13962908387184142,0.010490930460762275,0.0,0.0,0.0,0.6357240006327629,0.2194525056965535,0.3120946079492569,0.05990584887024624,0.6297189295291901,1.0,1.0,-0.8294616162776947,0.34120624275170436,0.07467814311385154,0.023477600948583685,0.0,0.0,0.0,0.05452887788414955,0.23679790492548253,0.1748513713479042,0.03559397014188271,0.25356038212776183,0.6,0.0,-0.22136254757642745,0.13339848732173573,0.1304694101214409,0.011764610994648641,0.0,0.0,0.0
TENX117,411,027x029,20445,17853,10,-0.05837091282010078,0.13320404704014724,0.15121391266584397,0.009903819256472868,0.0,0.0,0.0,-0.06585820056498051,0.09756429010373686,0.1500987619161606,0.009718394148100938,0.0,0.0,0.0,0.5403092041611671,0.14920679862554506,0.27688689827919005,0.03565325629217708,0.5478405267000198,1.0,0.6,-1.0667810529470443,0.7238249053972065,0.06892913756892086,0.03812032043733343,0.0,0.0,0.0,0.3432285599410534,0.28100351138277657,0.23122509121894835,0.05201777477093187,0.4521594613790512,1.0,0.4,-0.2794113472104073,0.1670983329422581,0.1216461941599846,0.012822063566741874,0.0,0.0,0.0
TENX117,412,028x003,1447,18584,10,-0.07602323964238167,0.13327613438263164,0.1579005688428879,0.013073258860296689,0.0,0.0,0.0,-0.18357990086078643,0.13052439303437302,0.14170001745223998,0.010165305126977425,0.0,0.0,0.0,0.5564735114574433,0.11709007454332471,0.2975807175040245,0.027969294906733545,0.5355856388807296,1.0,0.7,-1.0190842568874359,0.2598006881251891,0.0645484033972025,0.021306368167332564,0.0,0.0,0.0,0.412829315662384,0.13270675467524146,0.2575731918215752,0.022053427103521327,0.4644143432378769,1.0,0.3,-0.7482777267694474,0.13871885825818397,0.08069706931710244,0.0075556730105182605,0.0,0.0,0.0
TENX117,413,028x004,2177,18584,10,0.1431256927549839,0.1455403576411855,0.21450387984514235,0.01956752568842785,0.4365848064422607,1.0,0.3,-0.15231168679893017,0.13989441722262946,0.15956280678510665,0.013173003137938916,0.0,0.0,0.0,0.40242564380168916,0.2831274057057901,0.28243226557970047,0.05572327119880051,0.5141937583684921,0.9,0.7,-1.255372792482376,0.42074177599159285,0.05775997079908848,0.02636874562832557,0.0,0.0,0.0,-0.00950077697634697,0.17859257282283886,0.18490206003189086,0.024142169489752695,0.04922144412994385,0.1,0.0,-0.6101517111063004,0.16354585569818864,0.10083900690078736,0.007345273450843593,0.0,0.0,0.0
TENX117,414,028x005,2908,18584,10,0.07113094627857208,0.16598661960994646,0.2018829494714737,0.016775139127611575,0.40473093688488004,1.0,0.0,-0.177960342168808,0.16773006146460392,0.15697851330041884,0.006829309819162411,0.0,0.0,0.0,0.46236687060445547,0.24485306766126075,0.30137872993946074,0.048057332113305894,0.5952690482139588,1.0,1.0,-1.0216103583574294,0.39261935632182615,0.07351732105016709,0.03120348572189064,0.0,0.0,0.0,-0.14905087873339654,0.2351451258038312,0.16340156197547911,0.025218682734366886,0.0,0.0,0.0,-0.6045243680477143,0.18158213570491474,0.10284092202782631,0.00982455698430276,0.0,0.0,0.0
TENX117,415,028x006,3639,18584,10,-0.009327107667922973,0.15515970794466846,0.19194208234548568,0.01073174368390398,0.2782218039035797,0.7,0.0,-0.21255762837827205,0.11598273793332982,0.1565411776304245,0.006669871599755615,0.0,0.0,0.0,0.35865752547979357,0.16681742919466735,0.2789776548743248,0.03351048541523406,0.587942373752594,1.0,1.0,-0.773729445785284,0.4711158775842308,0.0998039796948433,0.04614748394944584,0.0,0.0,0.0,-0.10738934203982353,0.22282413106703572,0.1758477583527565,0.027066373144631648,0.13383584320545197,0.3,0.0,-0.6972059041261673,0.195917858076839,0.09688735976815224,0.01044946659542065,0.0,0.0,0.0
TENX117,416,028x007,4370,18584,10,0.185612316429615,0.11713832644405754,0.22731349617242813,0.021946339903204774,0.4371744394302368,1.0,0.3,-0.20399569272994994,0.10798184492480643,0.1536794677376747,0.011202943165541756,0.0,0.0,0.0,0.44266100153326987,0.2869740833601864,0.29838462024927137,0.0571443724758858,0.5628255665302276,1.0,0.7,-1.034175157546997,0.27729719371504474,0.07004586644470692,0.020732998062076975,0.0,0.0,0.0,-0.20105846896767615,0.1752997964465516,0.15521598905324935,0.021439775168453204,0.0,0.0,0.0,-0.6825556933879853,0.15144836283147486,0.09536057561635972,0.008622956971179516,0.0,0.0,0.0
TENX117,417,028x008,5100,18584,10,0.32158431112766267,0.15417612493142735,0.24882291704416276,0.0247234260513375,0.46414336264133454,1.0,0.5,-0.12755220830440522,0.14963342488622727,0.15863618552684783,0.013787152790518958,0.0,0.0,0.0,0.46795799732208254,0.22282126980543315,0.29174270331859586,0.054380268453137454,0.5358566343784332,1.0,0.5,-1.3564983159303665,0.43535479609450634,0.05178052932024002,0.02779970644568502,0.0,0.0,0.0,-0.2477508492767811,0.17106362983638687,0.14171457216143607,0.021529816514291172,0.0,0.0,0.0,-0.5189223170280457,0.1431258986996276,0.10730307400226594,0.009945082949047114,0.0,0.0,0.0
TENX117,418,028x009,5831,18584,10,0.1033115915954113,0.14758929078300417,0.21474564224481582,0.013126555470068699,0.4264110535383224,1.0,0.2,-0.20407331623136998,0.13560831504879167,0.1577421545982361,0.0060661148092096715,0.0,0.0,0.0,0.40441199522465465,0.29290948166429714,0.29566539227962496,0.057686724988967125,0.5735889405012131,1.0,0.8,-1.046198707818985,0.4264388802955804,0.07816786170005799,0.04806095179110815,0.0,0.0,0.0,-0.2445453055202961,0.22594417547546536,0.15296290963888168,0.022478216120569352,0.0,0.0,0.0,-0.6542829185724258,0.180114469132424,0.10071603879332543,0.006955837753947183,0.0,0.0,0.0
TENX117,419,028x010,6562,18584,10,0.24439817070960998,0.11522874641086059,0.20982731878757477,0.02122891976498738,0.40227734446525576,1.0,0.1,-0.06739377081394196,0.06522189722737652,0.15303579419851304,0.007527120488827939,0.0,0.0,0.0,0.6478869169950485,0.18941815108347212,0.31786067187786105,0.057320589134811424,0.5977226614952087,1.0,0.9,-1.4135329365730285,0.47157565841968463,0.043334187287837264,0.016241844091114604,0.0,0.0,0.0,0.039928552508354184,0.1685196868133871,0.17219881415367128,0.026535517758753853,0.0,0.0,0.0,-0.4596094161272049,0.10623330295365496,0.10374322086572647,0.010133283229037646,0.0,0.0,0.0
TENX117,420,028x011,7292,18584,10,0.17770454958081244,0.23516951016992577,0.19937242269515992,0.012744511186680319,0.23253404796123506,0.6,0.0,-0.05895415842533112,0.20714539523429343,0.1572730705142021,0.008498398549747125,0.0,0.0,0.0,0.534972856938839,0.19105071515731556,0.2868938520550728,0.03755912351787823,0.5844730406999588,1.0,0.9,-0.9910061597824097,0.3625384706108088,0.0676904033869505,0.026013898011757127,0.0,0.0,0.0,0.14336897805333138,0.2945441935160247,0.19392092972993852,0.02525826641418724,0.18299291133880616,0.4,0.1,-0.5663249880075455,0.23950105256448337,0.09484932869672776,0.007519643615600353,0.0,0.0,0.0
TENX117,421,028x012,8023,18584,10,0.19597262814640998,0.1348148188295786,0.21431468725204467,0.015573094402235397,0.37847740650177003,0.9,0.1,-0.06631819158792496,0.09815628238494269,0.16465025693178176,0.00833506189840043,0.0,0.0,0.0,0.5064724057912826,0.19993695939587514,0.2948193594813347,0.043444696965295015,0.5754882276058197,1.0,0.9,-1.1370829194784164,0.38040866326107525,0.0594580989331007,0.019594327603329378,0.0,0.0,0.0,0.017405030876398088,0.19311070600630506,0.18078209161758424,0.027002126022078264,0.04603436887264252,0.1,0.0,-0.7180750817060471,0.13429130990250296,0.08597550094127655,0.006975764837197469,0.0,0.0,0.0
TENX117,422,028x013,8754,18584,10,0.0806425653398037,0.14143571284902648,0.21235175132751466,0.01887590893223499,0.39150358736515045,0.9,0.2,-0.20837153308093548,0.17696363100171683,0.15941181629896164,0.017681958395188123,0.0,0.0,0.0,0.33707913290709257,0.2451162075715898,0.2779813572764397,0.05080200204999002,0.5625222653150559,1.0,0.8,-1.0317951291799545,0.46774650611087304,0.08205254450440407,0.05204528116574655,0.045974144339561464,0.1,0.0,-0.1979837656021118,0.1918674684126166,0.16169213950634004,0.02284965066574917,0.0,0.0,0.0,-0.609248873591423,0.15556026453444127,0.10651040896773338,0.009303920667043475,0.0,0.0,0.0
TENX117,423,028x014,9485,18584,10,0.13912702053785325,0.22684183212007572,0.19914170503616332,0.025791173276814842,0.28953259289264677,0.7,0.1,-0.13326848968863486,0.14815539161955285,0.15047287344932556,0.006770327081928334,0.0,0.0,0.0,0.4704454354941845,0.26221091568843086,0.2799399271607399,0.05347360592531067,0.5504144489765167,1.0,0.7,-0.7755357444286346,0.5977620892200747,0.10567287504673004,0.09407034610734173,0.11225003600120545,0.2,0.2,-0.020402618497610093,0.3320660589954397,0.17281493172049522,0.037132831334897615,0.04780291318893433,0.1,0.0,-0.6357743054628372,0.24210728851048727,0.09195770099759101,0.013045492409689528,0.0,0.0,0.0
TENX117,424,028x015,10215,18584,10,0.15998269990086555,0.1286587580830999,0.20181298851966858,0.021588994081278023,0.28199227154254913,0.7,0.1,-0.06865886077284813,0.11120371943137855,0.15974812507629393,0.005516912145342079,0.0,0.0,0.0,0.5462585240602493,0.21418482399810024,0.2993916586041451,0.04995213812000363,0.5864847064018249,1.0,0.9,-1.199206428974867,0.6958121781771451,0.06939781475812197,0.06366156883233993,0.08372937738895417,0.2,0.0,0.020676685124635698,0.22159667775603287,0.1774735063314438,0.03184111894347784,0.047793644666671756,0.1,0.0,-0.6256770849227905,0.15476585140152413,0.0921759270131588,0.011247477143920473,0.0,0.0,0.0
TENX117,425,028x016,10946,18584,10,0.2259953498840332,0.10055038232390583,0.2029554694890976,0.016401111514789322,0.21587884724140166,0.5,0.0,-0.028059150278568267,0.1312151165682768,0.15740195363759996,0.012113063791001289,0.0,0.0,0.0,0.5021188199520111,0.19113874913217418,0.2709259673953056,0.04788717614204085,0.41017202734947206,0.7,0.5,-1.0290660440921784,0.2573216377725343,0.059899435564875605,0.01712488132733997,0.0,0.0,0.0,0.2904119774699211,0.16785750058981005,0.21789640039205552,0.03090446270033558,0.37394913136959074,0.8,0.5,-0.5767435669898987,0.09327163191994005,0.09092077389359474,0.007095801347646778,0.0,0.0,0.0
TENX117,426,028x017,11677,18584,10,0.30576889514923095,0.13562837405554448,0.20847216844558716,0.011359358275962104,0.3400758296251297,0.8,0.1,-0.015985910966992378,0.11101397429538092,0.151367948949337,0.011548968298766074,0.0,0.0,0.0,0.5652160912752151,0.15204047938546683,0.27350997775793073,0.04455731002807263,0.5593337863683701,1.0,0.8,-0.7467281274497509,0.34749149046443334,0.07686932049691678,0.027270228576123372,0.0,0.0,0.0,0.2487357400357723,0.19319922965464398,0.19811897575855256,0.02463314274493324,0.10059038102626801,0.2,0.1,-0.516717717051506,0.15941461656429937,0.09166160076856614,0.006279853510807219,0.0,0.0,0.0
TENX117,427,028x018,12407,18584,10,0.18354520574212074,0.13787754142452607,0.19583189487457275,0.0179392791261866,0.08168673813343048,0.2,0.0,-0.08459865823388099,0.1347672038334233,0.1495099201798439,0.01011945948055858,0.0,0.0,0.0,0.582091961801052,0.2251228729627373,0.29569830298423766,0.054215774773262004,0.5295934915542603,0.9,0.8,-1.5524230033159256,0.4796107512945236,0.03993071988224983,0.025415184255057777,0.0,0.0,0.0,0.27310032919049265,0.175117050516931,0.2153528928756714,0.03022489382344748,0.3887197434902191,0.9,0.2,-0.4510779738426208,0.12653325083898775,0.10367627739906311,0.007756959505851486,0.0,0.0,0.0
TENX117,428,028x019,13138,18584,10,0.19555191025137902,0.11862071861729315,0.20114076435565947,0.015010783095816846,0.28541182577610014,0.7,0.1,-0.05855738818645477,0.06146052043400728,0.15595126003026963,0.010395367425960755,0.0,0.0,0.0,0.5197403639554977,0.1492987790015682,0.2805591493844986,0.04132285999740905,0.5223665028810501,0.9,0.8,-1.1986905992031098,0.37451016260994047,0.05344289243221283,0.023070223982063334,0.0,0.0,0.0,0.191053669154644,0.14816825122067503,0.20126506090164184,0.02514435553989341,0.1922216683626175,0.4,0.1,-0.4316346310079098,0.13576014491811464,0.1076408751308918,0.010772719025784127,0.0,0.0,0.0
TENX117,429,028x020,13869,18584,10,0.2519298791885376,0.07086896852617469,0.21340488493442536,0.021192640331979463,0.42038441598415377,1.0,0.2,-0.036557618901133536,0.07894918622947915,0.15924322605133057,0.0055072941382326044,0.0,0.0,0.0,0.5801386266946793,0.27155144836326645,0.30101425796747205,0.06030526790432915,0.5796155869960785,1.0,0.8,-1.3266640454530716,0.4853118339858288,0.04898838214576244,0.0242286051461029,0.0,0.0,0.0,-0.006474191695451737,0.07962665299010116,0.1653571605682373,0.021304334483280254,0.0,0.0,0.0,-0.39030144810676576,0.06747630784400037,0.11199210211634636,0.007745389522009512,0.0,0.0,0.0
TENX117,430,028x021,14600,18584,10,0.2013553947210312,0.14378626494844618,0.1963513523340225,0.017463024396348743,0.2739588379859924,0.7,0.0,-0.03680307008326054,0.19680745270801644,0.1543601706624031,0.008281066785190421,0.0,0.0,0.0,0.6045746743679047,0.2841417640979544,0.2977454915642738,0.05373408035651036,0.5435177743434906,0.9,0.9,-1.444321435689926,0.38572940549595464,0.04166613407433033,0.01981804268808878,0.0,0.0,0.0,0.20202559530735015,0.22492659040340804,0.19841302186250687,0.03407147905265515,0.1825233906507492,0.4,0.1,-0.36468530297279356,0.15833156111543656,0.11146385297179222,0.009734522215309021,0.0,0.0,0.0
TENX117,431,028x022,15330,18584,10,0.16107343882322311,0.06001123542820347,0.1915803149342537,0.014862236537475466,0.08194498419761657,0.2,0.0,-0.0892930019646883,0.05921716098524588,0.14891737401485444,0.007784464612099595,0.0,0.0,0.0,0.5470011934638024,0.23299656622613907,0.28540940433740614,0.0495628573461296,0.5746409147977829,1.0,0.9,-1.2967543751001358,0.4089385061908866,0.049682469293475154,0.025328829134808422,0.0,0.0,0.0,0.2320600375533104,0.1395334115180997,0.20662194043397902,0.025435304024660443,0.343414106965065,0.8,0.1,-0.32473182678222656,0.06313995141244388,0.11778848916292191,0.008102234299442148,0.0,0.0,0.0
TENX117,432,028x023,16061,18584,10,0.10956364683806896,0.16287543048881784,0.1858636260032654,0.014137922778403863,0.3846797525882721,1.0,0.0,-0.039118484035134314,0.17767920182740737,0.1600245341658592,0.009700203721234864,0.0,0.0,0.0,0.5845830902457237,0.2565580221796281,0.30129793733358384,0.04417098642150035,0.6153202533721924,1.0,1.0,-1.5477426648139954,0.32558295228685796,0.038858909532427786,0.017274135203238394,0.0,0.0,0.0,0.009514661133289337,0.19715531233991473,0.16860866993665696,0.01770129293148914,0.0,0.0,0.0,-0.1352893527597189,0.17748220711874754,0.14534631222486497,0.008699487365356343,0.0,0.0,0.0
TENX117,433,028x024,16792,18584,10,0.0806113064289093,0.13822879209709485,0.18378945887088777,0.02492927218286986,0.3474512845277786,0.9,0.0,-0.08558895215392112,0.045449716142942756,0.15455649346113204,0.010397493446344929,0.02709774672985077,0.1,0.0,0.6084714993834496,0.2681174843801176,0.31562030762434007,0.06547923162209032,0.6254509687423706,1.0,1.0,-1.3237407982349396,0.5485757182525595,0.05111060068011284,0.024293231224013532,0.0,0.0,0.0,-0.08633562996983528,0.19913570492161048,0.15781348049640656,0.034352665865809866,0.0,0.0,0.0,-0.21005116552114486,0.1325208240784993,0.1371096834540367,0.016254672129284702,0.0,0.0,0.0
TENX117,434,028x025,17522,18584,10,0.10240574404597283,0.1304729126084307,0.1673506259918213,0.020416688265653266,0.030101555585861205,0.1,0.0,0.017075615003705025,0.09560915505478751,0.15275240689516068,0.008257611062274822,0.05760762393474579,0.2,0.0,0.7412908554077149,0.18847551647811908,0.31996996998786925,0.057881787191671356,0.619137167930603,1.0,1.0,-1.2070601135492325,0.4554420178978428,0.04935587998479605,0.02066535417142291,0.0,0.0,0.0,0.23025342151522638,0.2401293342495298,0.19354907274246216,0.0429243897133629,0.2931536376476288,0.7,0.0,-0.2524467155337334,0.10472751568386207,0.1170220248401165,0.01117434183126303,0.0,0.0,0.0
TENX117,435,028x026,18253,18584,10,-0.05418122932314873,0.19310996021894905,0.16678587347269058,0.02014615638391895,0.028480613231658937,0.1,0.0,-0.18580977749079466,0.1593441376947351,0.14534586668014526,0.007765681986794753,0.02899862825870514,0.1,0.0,0.5606723740696907,0.270386286830841,0.312060222029686,0.0599693425762531,0.617208081483841,1.0,0.9,-1.3004752814769744,0.5201090091201955,0.05426214942708611,0.02559494215835885,0.0,0.0,0.0,0.055362360924482344,0.2832423208482239,0.18922520726919173,0.04112267365331199,0.32531269192695617,0.8,0.1,-0.28338659293949603,0.19743620644426182,0.13232068717479706,0.01330141740127223,0.0,0.0,0.0
TENX117,436,028x027,18984,18584,10,0.1074732057750225,0.16379212968262147,0.1729729652404785,0.021385289275441585,0.09685680568218231,0.3,0.0,-0.005135077238082886,0.1337592532535499,0.1536443993449211,0.009224079606626804,0.08593209087848663,0.3,0.0,0.712104344367981,0.1900769608368071,0.32044618129730223,0.06219633189385279,0.6317067325115204,1.0,1.0,-1.3606581389904022,0.3961376192405532,0.042882946133613584,0.01865320360796298,0.0,0.0,0.0,0.10447413697838784,0.2400475331593688,0.175352293998003,0.03821066656847119,0.18550436198711395,0.4,0.0,-0.1403365045785904,0.15520482964473561,0.13470121547579766,0.01388944392175313,0.0,0.0,0.0
TENX117,437,028x028,19715,18584,10,0.04597268402576447,0.1491695190264705,0.1870419427752495,0.018351597526158194,0.25554597079753877,0.7,0.0,-0.12825831212103367,0.24151809022582946,0.15719068944454193,0.015669800550203894,0.0,0.0,0.0,0.5158157853409648,0.2656785246753724,0.3032504588365555,0.05653617118039961,0.5558525800704956,0.9,0.9,-1.5792816877365112,0.21943996830406276,0.038580586388707164,0.013272531235709073,0.0,0.0,0.0,0.0536018967628479,0.20150845133843298,0.18979915529489516,0.029200253125818965,0.18860146403312683,0.4,0.1,-0.36273461356759074,0.14458855106131796,0.12413716092705726,0.010383377126240085,0.0,0.0,0.0
TENX117,438,028x029,20445,18584,10,-0.15902093499898912,0.12573885562708173,0.14894814491271974,0.014031120066879805,0.0,0.0,0.0,-0.14304797612130643,0.0793851023275172,0.1511857256293297,0.012774466132844366,0.0,0.0,0.0,0.5839300453662872,0.18960852992676488,0.3161054104566574,0.052186279150286445,0.5919246315956116,1.0,0.7,-1.4543714463710784,0.6519082704111243,0.04959625862538815,0.02868928251262387,0.0,0.0,0.0,0.19794802814722062,0.24181649976200498,0.21751074641942977,0.049139658366426184,0.4080753684043884,1.0,0.3,-0.4040461465716362,0.1320671710798034,0.11665371060371399,0.011717802207525734,0.0,0.0,0.0
TENX117,439,029x003,1447,19314,10,0.20844081416726112,0.22998758080496637,0.19995591789484024,0.014633507111784827,0.08196978271007538,0.2,0.0,-0.1735201295465231,0.20433387920735108,0.13637762814760207,0.00831940379005493,0.0,0.0,0.0,0.5689392760396004,0.2085362894969685,0.2889236807823181,0.04065734250860346,0.5181319355964661,0.9,0.9,-1.0509254783391953,0.4445279075191132,0.06568398289382457,0.03990544445968358,0.0,0.0,0.0,0.30622179955244067,0.27045131865336874,0.22137439399957656,0.02549666507953367,0.39989828765392305,0.9,0.1,-0.6180454537272453,0.2497565423988465,0.0876843936741352,0.008588090075768143,0.0,0.0,0.0
TENX117,440,029x004,2177,19314,10,0.08700112029910087,0.2406632415090146,0.19976634085178374,0.02739715449905008,0.37190537452697753,0.9,0.1,-0.12112360708415508,0.19909910533985453,0.1609699934720993,0.00992427651928612,0.0,0.0,0.0,0.49410930555313826,0.25191513104152075,0.3017013564705849,0.05076854286163116,0.5978173285722732,1.0,0.9,-1.0616060435771941,0.49626754635536907,0.07102740071713924,0.03868166175017111,0.030277308821678162,0.1,0.0,-0.08337149396538734,0.2506977988741767,0.16968545094132423,0.030504574998571298,0.0,0.0,0.0,-0.6333397552371025,0.22331214415469708,0.09684944450855255,0.010432907016486416,0.0,0.0,0.0
TENX117,441,029x005,2908,19314,10,0.2523482218384743,0.15388442503466238,0.20514173954725265,0.01640663962846252,0.41060076355934144,1.0,0.1,-0.006069916859269142,0.11124276491156006,0.1581810563802719,0.008898290177952647,0.0,0.0,0.0,0.6178490191698074,0.16769738020364103,0.2983292981982231,0.04572240917960403,0.5893992125988007,1.0,0.9,-0.8221966117620468,0.517693373195688,0.07652701959013938,0.03733494149507547,0.0,0.0,0.0,-0.04158703163266182,0.20802628670908177,0.15476507395505906,0.02732339349485841,0.0,0.0,0.0,-0.3991450771689415,0.14472321227488463,0.10705581977963448,0.009925660883269221,0.0,0.0,0.0
TENX117,442,029x006,3639,19314,10,0.11245707497000694,0.1312187150102898,0.20271560102701186,0.018157718076003904,0.4044717580080032,1.0,0.0,-0.15995163209736346,0.0943753762852053,0.15392856448888778,0.006971474158423476,0.0,0.0,0.0,0.5040477842092514,0.18368186424658356,0.30210101008415224,0.04496372019421729,0.5955282568931579,1.0,1.0,-0.9729629397392273,0.43756265774695946,0.07554060220718384,0.03218248819343556,0.0,0.0,0.0,-0.11653958782553672,0.20114606413195507,0.16259890347719191,0.025692525276683524,0.0,0.0,0.0,-0.5647826462984085,0.13861750581482624,0.1031152993440628,0.01061780294760217,0.0,0.0,0.0
TENX117,443,029x007,4370,19314,10,0.11612742766737938,0.16129932078453257,0.20893680602312087,0.015380482470660123,0.42184545993804934,1.0,0.1,-0.17374798953533171,0.1438101631696912,0.1562652125954628,0.009676350174329823,0.0,0.0,0.0,0.4343282327055931,0.1688121228307033,0.2894871860742569,0.0409827285574341,0.578154543042183,1.0,0.9,-1.1081860542297364,0.3636542633327679,0.06665429435670375,0.025404426780987335,0.0,0.0,0.0,-0.15058078840374947,0.17217679272528877,0.16073672771453856,0.019061037325269925,0.0,0.0,0.0,-0.45627992004156115,0.15509054006311,0.11791977733373642,0.009202488516424521,0.0,0.0,0.0
TENX117,444,029x008,5100,19314,10,0.11562503576278686,0.1464870903759002,0.2243804633617401,0.016030333474139617,0.4571735054254532,1.0,0.2,-0.27190304547548294,0.0769185582024181,0.15247722864151,0.013102415215987295,0.0,0.0,0.0,0.28992285802960394,0.24641738685630715,0.27127591520547867,0.05095120208533291,0.5428264945745468,1.0,0.8,-0.9536612927913666,0.42787679840301596,0.0850046830251813,0.03527133614128571,0.0,0.0,0.0,-0.20535654649138452,0.19524875502926847,0.16406468749046327,0.024251861807077044,0.0,0.0,0.0,-0.6663750857114792,0.17541650921960536,0.10279703438282013,0.009234668348882896,0.0,0.0,0.0
TENX117,445,029x009,5831,19314,10,0.08946417793631553,0.16191131724687002,0.21659286320209503,0.018018560223155115,0.4229394972324371,1.0,0.1,-0.20575740188360214,0.13404553751993034,0.16080327332019806,0.006420935158443516,0.0,0.0,0.0,0.4049291327595711,0.21736463269389594,0.3004719436168671,0.051948068584058434,0.5770605087280274,1.0,0.9,-1.2347580015659332,0.2231251046613812,0.0603870328515768,0.019459761034459365,0.0,0.0,0.0,-0.1960722342133522,0.18206294796855643,0.16339279264211654,0.019481489955747406,0.0,0.0,0.0,-0.699849072098732,0.15308695599028063,0.09835209921002389,0.007973478387088477,0.0,0.0,0.0
TENX117,446,029x010,6562,19314,10,0.16732163578271866,0.19618624267758242,0.2139592930674553,0.021990653122678283,0.4133798122406006,1.0,0.1,-0.17150294929742813,0.15802251050314417,0.15229200199246407,0.013389104499844044,0.0,0.0,0.0,0.525000031106174,0.28831934473192944,0.31051847487688067,0.06126093634662306,0.5866201877593994,1.0,0.9,-1.1596364676952362,0.530667256366039,0.0646454082801938,0.029737541007919803,0.0,0.0,0.0,-0.11921380907297134,0.2669809519693612,0.16200530305504798,0.027104647220575713,0.0,0.0,0.0,-0.626868051290512,0.21031659657258958,0.0965795248746872,0.008736473210434732,0.0,0.0,0.0
TENX117,447,029x011,7292,19314,10,0.1617156445980072,0.08137117853276658,0.20034579634666444,0.011527181408298663,0.03828088939189911,0.1,0.0,-0.08885252252221107,0.138414014559238,0.1562618061900139,0.013249626820191566,0.0,0.0,0.0,0.45776637122035024,0.20967236588362376,0.2716411963105202,0.0381529048841535,0.5460112869739533,1.0,0.7,-1.2944413006305695,0.44473235361053265,0.05229683239012957,0.025405865170396717,0.0,0.0,0.0,0.2658757910132408,0.15694457754975188,0.22358373552560806,0.027019849616481947,0.4157078295946121,0.9,0.3,-0.5750722467899323,0.07990123077613687,0.09587061926722526,0.00498454466483345,0.0,0.0,0.0
TENX117,448,029x012,8023,19314,10,0.11397468745708465,0.14595340180183128,0.20126391798257828,0.012316294880286691,0.19189910292625428,0.5,0.0,-0.1552643172442913,0.1484988405767265,0.1537273034453392,0.00885999650467504,0.0,0.0,0.0,0.46555454656481743,0.2207353935882137,0.28875645995140076,0.042722766949346576,0.5801473140716553,1.0,1.0,-1.0872068345546722,0.32929576337669886,0.06391683369874954,0.021557677312369496,0.0,0.0,0.0,0.1115384079515934,0.15835380591263282,0.2017952412366867,0.023758418014647953,0.22795358300209045,0.5,0.0,-0.684863168001175,0.16183272340521376,0.09054024070501328,0.005636636548256658,0.0,0.0,0.0
TENX117,449,029x013,8754,19314,10,0.16197115331888198,0.1202762062101252,0.19345251172780992,0.0143258755941072,0.2251744508743286,0.6,0.0,-0.11195606961846352,0.08444950150907331,0.14701100289821625,0.009258486146656704,0.0,0.0,0.0,0.5921665921807289,0.18689134503808086,0.2998380705714226,0.04305542556972113,0.5927771925926208,1.0,0.9,-0.9760318361222744,0.5221711563582934,0.07087594456970692,0.03937594596261964,0.0,0.0,0.0,0.18500736653804778,0.19101983800428368,0.1995348870754242,0.029262187428531313,0.18204834759235383,0.4,0.1,-0.6128269225358963,0.1682501404893739,0.08928757309913635,0.008406436579794023,0.0,0.0,0.0
TENX117,450,029x014,9485,19314,10,0.05857385769486427,0.10477398173788059,0.20615798085927964,0.01460028865799814,0.3651807099580765,0.9,0.1,-0.23162746466696263,0.10438428419657607,0.15395169109106063,0.005694301315957215,0.0,0.0,0.0,0.4188245765864849,0.20578397601570156,0.2988358035683632,0.04807581066242067,0.5867523640394211,1.0,0.9,-1.3213795602321625,0.3877767795287424,0.05633667893707752,0.02086430397087762,0.0,0.0,0.0,-0.09362263083457947,0.1954736129171407,0.1784728318452835,0.026396427692562337,0.04806692004203796,0.1,0.0,-0.6040151208639145,0.10376186735437483,0.10624500289559365,0.007037390041099058,0.0,0.0,0.0
TENX117,451,029x015,10215,19314,10,0.11960516721010209,0.08046535322992243,0.21123424619436265,0.018696398060016644,0.4348242849111557,1.0,0.3,-0.19491648562252523,0.09863785704348675,0.15385413020849228,0.007813834392569547,0.0,0.0,0.0,0.38581634014844896,0.2108482106987479,0.2795221760869026,0.0520412510928521,0.5157333731651306,0.9,0.7,-0.7393378585577011,0.496599852994135,0.0999219011515379,0.04397046055569986,0.0,0.0,0.0,-0.14113329648971557,0.16139651237521643,0.16437925398349762,0.02832623289861718,0.04944233596324921,0.1,0.0,-0.7205472648143768,0.0740204730144166,0.09108829572796821,0.006824086021006076,0.0,0.0,0.0
TENX117,452,029x016,10946,19314,10,0.22022321447730064,0.1493067702522685,0.21497560441493987,0.013399026082012834,0.36034068167209626,0.8,0.2,-0.08458662293851375,0.10712616593933223,0.15868320018053056,0.01252119286445243,0.0,0.0,0.0,0.4088758571073413,0.2782784741756773,0.26379519551992414,0.04905599929443163,0.44733225703239443,0.8,0.6,-1.0914573073387146,0.30418026987201163,0.06283049136400223,0.026368750833568513,0.0,0.0,0.0,0.18830855339765548,0.23711035211079634,0.20948791056871413,0.02698891835475178,0.1923270732164383,0.4,0.2,-0.648053103685379,0.17444398079102078,0.09022761583328247,0.005808137514104993,0.0,0.0,0.0
TENX117,453,029x017,11677,19314,10,0.060222646594047545,0.15895340407785882,0.19310555160045623,0.013736281139464014,0.3213532269001007,0.8,0.0,-0.09926621057093143,0.15276205004067936,0.16429805159568786,0.005202016713467357,0.0,0.0,0.0,0.4328469205647707,0.2515139404754433,0.2839263081550598,0.04843147445874961,0.5864002645015717,1.0,1.0,-0.9401973098516464,0.39598325102087767,0.07726652696728706,0.033004319256983564,0.0,0.0,0.0,-0.017328579723834992,0.24044207637568685,0.18016229569911957,0.026713192390376676,0.09224651753902435,0.2,0.0,-0.5855279207229614,0.15260737751311404,0.10124124810099602,0.007375319929494977,0.0,0.0,0.0
TENX117,454,029x018,12407,19314,10,0.16737498790025712,0.1205184139935138,0.19162411838769913,0.011484966154003693,0.0,0.0,0.0,-0.03722228147089481,0.1078845365319209,0.15620590895414352,0.009677055639123357,0.0,0.0,0.0,0.517724408954382,0.16373850390087036,0.2735164076089859,0.03242350252990037,0.5487871170043945,1.0,0.8,-1.069586044549942,0.25338782451562425,0.0579340860247612,0.01591819526589092,0.0,0.0,0.0,0.3199409157037735,0.16389708267431372,0.22405462563037873,0.023894265355383526,0.4512128859758377,1.0,0.2,-0.5171139568090439,0.12843899392125488,0.09666484966874123,0.006099646598737968,0.0,0.0,0.0
TENX117,455,029x019,13138,19314,10,0.24483407214283942,0.14183514637078706,0.20467284470796585,0.011727321727391025,0.19469813406467437,0.5,0.0,-0.0014646336436271667,0.0741749385512851,0.16014444082975388,0.01115610626571034,0.0,0.0,0.0,0.5411355376243592,0.18777241361679106,0.27723492830991747,0.03614772187533968,0.5610924601554871,1.0,0.8,-1.2346542239189149,0.2916482251492551,0.04938168544322252,0.015834185199716952,0.0,0.0,0.0,0.26641945540905,0.21574913941046356,0.2105349823832512,0.027562299414429347,0.2442094087600708,0.5,0.2,-0.49235984981060027,0.1822063029338631,0.09803111553192138,0.007277325832112881,0.0,0.0,0.0
TENX117,456,029x020,13869,19314,10,0.14901661053299903,0.1439117195723042,0.20262411683797837,0.015195849329179832,0.17473873496055603,0.4,0.1,-0.052177416160702705,0.1770784189272506,0.16570159345865249,0.011608814176852814,0.0,0.0,0.0,0.44204006493091585,0.2379556138326551,0.2745414599776268,0.043985144364632654,0.5153167605400085,0.9,0.9,-1.342412143945694,0.3064675879869917,0.04725845381617546,0.013784776079799672,0.0,0.0,0.0,0.1781855434179306,0.12462164067632805,0.20903181731700898,0.020152407738390322,0.30994450151920316,0.7,0.0,-0.5477411150932312,0.13827831118682304,0.10084259435534478,0.0057456691191226685,0.0,0.0,0.0
TENX117,457,029x021,14600,19314,10,0.1475870281457901,0.14250036851762568,0.21407923400402068,0.017693003156284443,0.34418066740036013,0.8,0.1,-0.16523939929902554,0.1254581979673226,0.1564892441034317,0.011505681640570602,0.0,0.0,0.0,0.3593288317322731,0.2760111011952974,0.2680181279778481,0.04729774884995353,0.4094397872686386,0.7,0.6,-1.28404101729393,0.25730949398029906,0.05235190205276012,0.01207762123143161,0.0,0.0,0.0,0.12244307324290275,0.15943762181568857,0.2096499502658844,0.025664771876656386,0.2463795304298401,0.5,0.3,-0.6179834723472595,0.14409431698011863,0.09941153898835182,0.00603204181455934,0.0,0.0,0.0
TENX117,458,029x022,15330,19314,10,0.1667057119309902,0.0934849377691381,0.1952741712331772,0.01660044005868415,0.1723728746175766,0.4,0.0,-0.09584452770650387,0.14269079826882655,0.14987754672765732,0.00822538814101011,0.0,0.0,0.0,0.527022908627987,0.2510917683180067,0.2837498217821121,0.05141113065269325,0.5265695035457612,0.9,0.8,-1.400755736231804,0.42493427413537765,0.04503831062465906,0.02238403962437686,0.0,0.0,0.0,0.19236486330628394,0.12832988055414807,0.2013585925102234,0.02653598425996301,0.3010576099157333,0.7,0.2,-0.2803965650498867,0.11769401766227582,0.12470156028866768,0.008347874719854619,0.0,0.0,0.0
TENX117,459,029x023,16061,19314,10,-0.12579098716378212,0.13752764505841153,0.16604555696249007,0.014668073952245711,0.029020088911056518,0.1,0.0,-0.20028023160994052,0.09074170667073012,0.15437105521559716,0.016092826167465827,0.06073111891746521,0.2,0.0,0.5372317187488079,0.27232019783256506,0.32498435378074647,0.05076830455410118,0.6307851850986481,1.0,1.0,-1.3351705968379974,0.3947815484722639,0.05195024702697992,0.016265062551100953,0.0,0.0,0.0,-0.019446661323308946,0.1482666318034775,0.18611965626478194,0.02812988020742889,0.27946360409259796,0.7,0.0,-0.47922597378492354,0.14126807029406252,0.11652911752462387,0.009435304353506743,0.0,0.0,0.0
TENX117,460,029x024,16792,19314,10,-0.11900617107748986,0.07801922976080249,0.17115947753190994,0.019758095580159566,0.10449144244194031,0.3,0.0,-0.23924222588539124,0.0747221714123863,0.15094296336174012,0.007661224281527786,0.026572051644325256,0.1,0.0,0.5012833571061492,0.28507259689837844,0.3220371544361115,0.061452157820842866,0.634964382648468,1.0,1.0,-1.5553296089172364,0.3819768452956008,0.0430983942002058,0.01520784544579666,0.0,0.0,0.0,-0.09407953470945359,0.1581009357450347,0.17730047851800917,0.03288609452589157,0.23397212624549865,0.6,0.0,-0.34980884939432144,0.09198522952844107,0.13546155765652657,0.011509907440376712,0.0,0.0,0.0
TENX117,461,029x025,17522,19314,10,-0.06319368556141854,0.1765104967080789,0.15696212500333787,0.02266275819144304,0.0,0.0,0.0,-0.13694202322512866,0.10721033945817504,0.14448502212762832,0.007330622898864481,0.02750748097896576,0.1,0.0,0.6100361406803131,0.2512858427194722,0.31121492832899095,0.0640699853082169,0.6095657885074616,1.0,0.8,-0.8354348480701447,0.32695620462099456,0.07705897353589534,0.029117139832893733,0.0,0.0,0.0,0.1434476636350155,0.25133498073072247,0.1958269238471985,0.043879160555720186,0.36292673349380494,0.9,0.2,-0.3747388616204262,0.15001490114090707,0.11445202752947807,0.012646710794252152,0.0,0.0,0.0
TENX117,462,029x026,18253,19314,10,0.02143034338951111,0.13941712703650025,0.17009848803281785,0.02127334901986789,0.12420718669891358,0.4,0.0,-0.15602592825889589,0.047852771369198896,0.14179031550884247,0.011554415891799051,0.0,0.0,0.0,0.6685972779989242,0.2530578837805455,0.32867570221424103,0.06353280571596501,0.6415295898914337,1.0,1.0,-1.1581460237503052,0.3953024481386312,0.054392197355628016,0.016413169477483044,0.0,0.0,0.0,0.03287009447813034,0.20745646027467313,0.1743703857064247,0.035663634185542914,0.23426321446895598,0.6,0.0,-0.2389420337975025,0.11534489895376923,0.13067291006445886,0.01251852439962117,0.0,0.0,0.0
TENX117,463,029x027,18984,19314,10,-0.021664167940616607,0.179936774571396,0.17076195031404495,0.019492337556441662,0.0,0.0,0.0,-0.20264666453003882,0.15510578594109956,0.14186231642961503,0.009057558413689151,0.0,0.0,0.0,0.5662272915244102,0.2592840020661417,0.3115483894944191,0.061400038374623676,0.5958727359771728,1.0,0.7,-1.3587153255939484,0.2759107148704791,0.04695289526134729,0.01503650769451935,0.0,0.0,0.0,0.16487401649355887,0.2148408001753499,0.207480351626873,0.03553790758075108,0.4041272670030594,1.0,0.3,-0.3587776213884354,0.16101727881469363,0.12139410749077797,0.00839806199545796,0.0,0.0,0.0
TENX117,464,029x028,19715,19314,10,-0.019085150957107545,0.1252677086887757,0.1609397664666176,0.01599144509138879,0.0,0.0,0.0,-0.1199776403605938,0.04704960317154128,0.14488130211830139,0.005622985954432932,0.0,0.0,0.0,0.6058678358793259,0.18653978671761956,0.30387442409992216,0.0530964537818761,0.5744378685951232,1.0,0.7,-1.4034860014915467,0.5592426211669067,0.04637522930279374,0.021955865521608775,0.0,0.0,0.0,0.29594123885035517,0.2117557668619149,0.22352765649557113,0.042761969869014156,0.42556211948394773,1.0,0.3,-0.31040678881108763,0.15542679390290232,0.12040161639451981,0.013348675460958834,0.0,0.0,0.0
TENX117,465,029x029,20445,19314,10,-0.1500070508569479,0.1216727551043639,0.13814429119229316,0.010148175325957165,0.0,0.0,0.0,-0.09951155222952365,0.0528834615377775,0.14525166153907776,0.010329393204586496,0.0,0.0,0.0,0.5907888323068619,0.13013201316985795,0.29138569682836535,0.03676531876519697,0.5668965011835099,1.0,0.7,-0.7710727386176586,0.561901344697091,0.08560375329107046,0.04131151211196188,0.03405269980430603,0.1,0.0,0.31333609148859976,0.24912771909001807,0.2239159017801285,0.04649050059949681,0.3990508109331131,0.9,0.3,-0.32975091636180875,0.15457345502454528,0.11569869965314865,0.011763175906706835,0.0,0.0,0.0
TENX117,466,030x002,716,20045,10,-0.2028914734721184,0.12626330170075722,0.14359636306762696,0.011250903697329501,0.0,0.0,0.0,-0.1694534659385681,0.12475519177499272,0.14839620292186737,0.010383913022374772,0.0,0.0,0.0,0.49211724698543546,0.1594645227501467,0.28861344158649443,0.03198434256235168,0.5677546411752701,1.0,0.7,-0.8188632808625698,0.4860948079516591,0.08843958657234907,0.04216099259869859,0.03550733029842377,0.1,0.0,0.20994893461465836,0.23867020166290703,0.22027089893817903,0.04171442458699005,0.39673801362514494,0.9,0.3,-0.468242909014225,0.1789993589683891,0.1106835089623928,0.014196857958608386,0.0,0.0,0.0
TENX117,467,030x003,1447,20045,10,0.2332156077027321,0.13599556033516874,0.22498052269220353,0.018876324770430608,0.4387513041496277,1.0,0.1,-0.11489893682301044,0.12895589424316162,0.1586534470319748,0.010784836851274395,0.0,0.0,0.0,0.48302931189537046,0.17015678766658704,0.2920031875371933,0.04914929270753884,0.561248704791069,1.0,0.9,-1.158928969502449,0.3879865721208135,0.06098292358219624,0.026070340023039543,0.0,0.0,0.0,-0.059920252114534375,0.17152202613245834,0.1686228722333908,0.02156818676999137,0.0,0.0,0.0,-0.6316812694072723,0.12620113073314673,0.09475706592202186,0.008197702832975632,0.0,0.0,0.0
TENX117,468,030x004,2177,20045,10,0.1329881638288498,0.11413349778478729,0.21152719408273696,0.014664188670677807,0.43541221022605897,1.0,0.3,-0.08885592706501484,0.09059765351249263,0.16924560368061065,0.008376584534764656,0.0,0.0,0.0,0.3910945445299149,0.19168476708144727,0.2767247065901756,0.04382140848718867,0.5154194593429565,0.9,0.7,-1.171589532494545,0.3442228207724751,0.06041441410779953,0.02186420414555248,0.0,0.0,0.0,-0.059253446757793427,0.1485032732009996,0.17600491344928743,0.026335466397901207,0.04916834533214569,0.1,0.0,-0.5575683742761612,0.09997863159109059,0.10608316287398338,0.008122684016970623,0.0,0.0,0.0
TENX117,469,030x005,2908,20045,10,0.13068250492215155,0.1580504222090903,0.19126182943582534,0.019389870503277538,0.2771969884634018,0.7,0.1,-0.06369296535849571,0.1646910894676889,0.15715549290180206,0.012484144199309578,0.0,0.0,0.0,0.5154701313003898,0.21860500945511963,0.28396003097295763,0.05082155393707489,0.5708890855312347,1.0,0.7,-0.8108475536108017,0.7694421870583628,0.09944087825715542,0.08859040845547787,0.10656543970108032,0.2,0.2,-0.06974851414561271,0.25717814674597145,0.15996664240956307,0.034267951928995226,0.04534848630428314,0.1,0.0,-0.44224187433719636,0.16955595150572458,0.10821513682603837,0.013486281866562788,0.0,0.0,0.0
TENX117,470,030x006,3639,20045,10,0.04422307088971138,0.12406266190333873,0.19105079919099807,0.01346488170146742,0.354289585351944,0.9,0.0,-0.13375665582716464,0.07871271421037923,0.15965481847524643,0.006589219439725241,0.0,0.0,0.0,0.4720495119690895,0.1665988593700942,0.2953122153878212,0.041537611217715355,0.6032039046287536,1.0,1.0,-0.8864266127347946,0.2969616558971223,0.07821669541299343,0.022013138896096324,0.0,0.0,0.0,-0.06774994283914566,0.18200572304814153,0.1721247613430023,0.024232667072618393,0.04250650703907013,0.1,0.0,-0.5687178939580917,0.12752259361258575,0.10364070385694504,0.008963140243796528,0.0,0.0,0.0
TENX117,471,030x007,4370,20045,10,0.11491817981004715,0.1566599885915555,0.2163541540503502,0.014087215928719036,0.43770959973335266,1.0,0.1,-0.17408858872950078,0.08982417123780516,0.16204099357128143,0.010204465601677164,0.0,0.0,0.0,0.36851906180381777,0.22305564814503875,0.28223545104265213,0.04684855045642672,0.5622903972864151,1.0,0.9,-1.19118033349514,0.4791813900497328,0.06460558101534844,0.027102701207207446,0.0,0.0,0.0,-0.078934895247221,0.214777728221693,0.17957891672849655,0.025147208097915826,0.0,0.0,0.0,-0.7065474510192871,0.16264598396056626,0.09518491104245186,0.006802096705267729,0.0,0.0,0.0
TENX117,472,030x008,5100,20045,10,0.1900512084364891,0.13165975419017725,0.20983386486768724,0.01711581180273949,0.403258353471756,1.0,0.0,-0.11414085887372494,0.0851054389832555,0.1543485105037689,0.004519280184378943,0.0,0.0,0.0,0.5871053725481034,0.16120027073259785,0.3145307511091232,0.04669348667279461,0.596741646528244,1.0,1.0,-1.148635482788086,0.3769391359221367,0.057874135300517084,0.01799904376253944,0.0,0.0,0.0,-0.06752488911151885,0.1950357208531064,0.16361293494701384,0.025314536882121805,0.0,0.0,0.0,-0.5546576589345932,0.14321170812734568,0.09979980438947678,0.010024527758998876,0.0,0.0,0.0
TENX117,473,030x009,5831,20045,10,0.11136415153741837,0.15097179108981082,0.19434457868337632,0.014370137472268264,0.3477998346090317,0.9,0.0,-0.11463025882840157,0.1256394502888086,0.15477327555418013,0.006864235803348887,0.0,0.0,0.0,0.5615260899066925,0.1571826579470459,0.30719552636146547,0.04395637380454806,0.6074277043342591,1.0,1.0,-0.945798397064209,0.37641773687665575,0.074707255885005,0.03243408273356265,0.0,0.0,0.0,-0.013247919827699661,0.2587874333964674,0.17341577112674714,0.028416700685396753,0.04477245807647705,0.1,0.0,-0.6007577195763588,0.1952879672657021,0.09556358978152275,0.009622215216596466,0.0,0.0,0.0
TENX117,474,030x010,6562,20045,10,0.15922456234693527,0.12384702187161539,0.20562455505132676,0.014359447333872882,0.3723820745944977,0.9,0.0,-0.09057368971407413,0.10991816595107395,0.16012026369571686,0.010524332722572081,0.0,0.0,0.0,0.480592904984951,0.1837258130648642,0.2867592483758926,0.04674172507635194,0.5786170542240143,1.0,1.0,-0.9722506076097488,0.41440905487706137,0.07248871438205243,0.030046196622581334,0.0,0.0,0.0,-0.0004504747688770294,0.2266818437320889,0.1770072788000107,0.02788790162702692,0.04900084137916565,0.1,0.0,-0.5820331454277039,0.13389419468086947,0.0979999341070652,0.007050485183568171,0.0,0.0,0.0
TENX117,475,030x011,7292,20045,10,0.2520189665257931,0.1190389050746548,0.2101239189505577,0.013706452189887306,0.3061339735984802,0.7,0.1,-0.04105057753622532,0.07376434489100225,0.15680927485227586,0.010812459268913855,0.0,0.0,0.0,0.47941007614135744,0.1269977393846462,0.265721932053566,0.03613329052953302,0.5046077579259872,0.9,0.8,-0.9956392288208008,0.4210872923628159,0.06598570086061954,0.027704277655803387,0.0,0.0,0.0,0.19199275299906732,0.1637858911852579,0.1992529109120369,0.02667271200528862,0.18925825953483583,0.4,0.1,-0.4728578865528107,0.15171661327776698,0.102106261998415,0.010729599836150166,0.0,0.0,0.0
TENX117,476,030x012,8023,20045,10,0.19167448952794075,0.19758289618560365,0.22007454931735992,0.019471491204728172,0.4239845424890518,1.0,0.2,-0.21227044835686684,0.1420468077945136,0.14654137939214706,0.007016202177650739,0.0,0.0,0.0,0.5019950561225415,0.21594665015521655,0.3025789842009544,0.04600754278850375,0.5760154753923417,1.0,0.8,-1.1235892295837402,0.2797626897935479,0.06362014915794134,0.023511996219837645,0.0,0.0,0.0,-0.014776641130447387,0.2531229208200162,0.1804792284965515,0.027988666207461793,0.0,0.0,0.0,-0.7416990548372269,0.2200009210900351,0.08670572191476822,0.009374807232141884,0.0,0.0,0.0
TENX117,477,030x013,8754,20045,10,0.0519969142973423,0.18034258088327956,0.19979062527418137,0.01654896199957687,0.3355238139629364,0.8,0.2,-0.18294977247714997,0.15317192553737333,0.15756449550390245,0.00674948526828785,0.0,0.0,0.0,0.3935974193736911,0.24611331367855066,0.2848809063434601,0.0505246704879095,0.5786462545394897,1.0,0.7,-0.9383878976106643,0.43942045056472256,0.08495017774403095,0.03966899257656186,0.0,0.0,0.0,-0.035223905742168424,0.27112064124770546,0.18516286015510558,0.03224862678841268,0.08582992851734161,0.2,0.1,-0.7726894944906235,0.20904453308072457,0.08765094801783561,0.008083845609315424,0.0,0.0,0.0
TENX117,478,030x014,9485,20045,10,0.21598134711384773,0.20753356319063151,0.2070188269019127,0.016854882290926635,0.40256425440311433,1.0,0.1,-0.0933286938816309,0.19417134823702414,0.15155939012765884,0.005618093489643746,0.0,0.0,0.0,0.6169671460986137,0.30819367573221,0.31372434049844744,0.05700845689678807,0.5974357336759567,1.0,0.9,-1.1534387201070786,0.47681811886208825,0.06295507308095694,0.042567631128299595,0.0,0.0,0.0,-0.05556677132844925,0.29511576906597214,0.15936887115240098,0.02658107569605624,0.0,0.0,0.0,-0.46118950210511683,0.2268746667233344,0.10537350326776504,0.010694981285603783,0.0,0.0,0.0
TENX117,479,030x015,10215,20045,10,0.01420506164431572,0.11552729322332417,0.1964067965745926,0.015171057579737215,0.368079736828804,0.9,0.0,-0.22913798689842224,0.09640165161395722,0.15376548916101457,0.008616717748753413,0.0,0.0,0.0,0.35152207016944886,0.23429483002098378,0.2788144886493683,0.04883997786595437,0.5771601289510727,1.0,0.9,-0.643416129797697,0.4162403550515537,0.11183425858616829,0.05334686362380114,0.05476011037826538,0.1,0.1,-0.15927617251873016,0.20509522337727085,0.1667882964015007,0.02662721566364521,0.0,0.0,0.0,-0.7464038044214248,0.19096968426222263,0.09239067733287812,0.012465101535546709,0.0,0.0,0.0
TENX117,480,030x016,10946,20045,10,0.3072861462831497,0.15834716963895235,0.22794762551784514,0.014993129644000694,0.46550257205963136,1.0,0.5,0.007572755590081215,0.125356174768519,0.1688162252306938,0.009492242650228841,0.0,0.0,0.0,0.44711722806096077,0.19237110107311114,0.2649953991174698,0.04228725711738106,0.5344974398612976,1.0,0.5,-1.1534649431705475,0.38365593564950884,0.05806608814746141,0.024442061390090884,0.0,0.0,0.0,0.05604328513145447,0.21567403395253218,0.17854321599006653,0.024405502975842572,0.0,0.0,0.0,-0.5001399382948876,0.14276427084203114,0.10163142904639244,0.006147606782203772,0.0,0.0,0.0
TENX117,481,030x017,11677,20045,10,0.29272073209285737,0.10886953412808832,0.21334036886692048,0.01515974322742268,0.3080278068780899,0.7,0.2,-0.010163244605064393,0.07421536355436191,0.15768689066171646,0.012244360053173921,0.0,0.0,0.0,0.485783027112484,0.15549941922120908,0.26138220727443695,0.040903686607557124,0.4482130020856857,0.8,0.6,-1.217660117149353,0.29443896444592726,0.049506531283259395,0.016109818276890144,0.0,0.0,0.0,0.2834985665977001,0.19973123781081217,0.21306719481945038,0.03146011944864521,0.2437591940164566,0.5,0.2,-0.41744246110320093,0.1407433036621311,0.1050168126821518,0.009320682706312419,0.0,0.0,0.0
TENX117,482,030x018,12407,20045,10,0.2159200444817543,0.1388789713479873,0.19867738485336303,0.011938743120163537,0.08351748883724212,0.2,0.0,0.005527195706963539,0.1349376658747619,0.16094935536384583,0.009051245961752975,0.0,0.0,0.0,0.5361685872077941,0.15791508627392217,0.2761457934975624,0.039714013562639636,0.5111427754163742,0.9,0.8,-1.1294261813163757,0.22017898892975302,0.05305569507181644,0.01143417229178372,0.0,0.0,0.0,0.3005904473364353,0.18074118637110803,0.21713782101869583,0.023784592285335904,0.4053397387266159,0.9,0.2,-0.5326571851968765,0.1159636816973389,0.09403395429253578,0.006523307846021657,0.0,0.0,0.0
TENX117,483,030x019,13138,20045,10,0.24062254950404166,0.13586198235287059,0.2067538693547249,0.01753072248942532,0.37784800827503207,0.9,0.1,-0.053435013815760615,0.18468087616647696,0.15456896424293518,0.017234235524478843,0.0,0.0,0.0,0.5151774354279042,0.20893391048435317,0.2758749172091484,0.05106003517902768,0.5195193201303482,0.9,0.8,-0.9539988182485104,0.6775164617101636,0.07736178897321225,0.05090820438486401,0.0,0.0,0.0,0.16599714681506156,0.20837694483291477,0.19406837224960327,0.03429851203400901,0.10263267457485199,0.2,0.1,-0.5792213305830956,0.150058965243175,0.09137210249900818,0.011000540858266714,0.0,0.0,0.0
TENX117,484,030x020,13869,20045,10,0.312655420601368,0.1765831718789226,0.19697003215551376,0.01854596351066008,0.17586129307746887,0.5,0.0,0.09316355884075164,0.16808530181039552,0.1576996013522148,0.008642154006353387,0.0,0.0,0.0,0.7610647499561309,0.1836938823904116,0.3119043231010437,0.054394603440681547,0.5998818308115006,1.0,0.9,-1.3086606860160828,0.40447292566426923,0.042743592709302905,0.01888629497618346,0.0,0.0,0.0,0.31959406957030295,0.2311700603979971,0.19992754012346267,0.031692028300635104,0.2242568850517273,0.5,0.1,-0.46248638778924944,0.16342727652643532,0.09075489193201065,0.008778478310524886,0.0,0.0,0.0
TENX117,485,030x021,14600,20045,10,0.3005795478820801,0.12019454558761322,0.19994695633649825,0.014788331822787123,0.2785451978445053,0.7,0.1,0.047553129494190216,0.09452833554118584,0.15532215237617492,0.0125383813583937,0.0,0.0,0.0,0.622508542239666,0.20905896118769873,0.2805835098028183,0.054011380915785875,0.5258268594741822,0.9,0.7,-0.7685623161494732,0.42051327197945665,0.07633981555700302,0.03580704486538341,0.0,0.0,0.0,0.27284097522497175,0.2060519835089078,0.19638910442590712,0.031243198912077302,0.19562794268131256,0.4,0.2,-0.483232744038105,0.14899243569743062,0.09141846001148224,0.00817429655772502,0.0,0.0,0.0
TENX117,486,030x022,15330,20045,10,0.31196165829896927,0.1958033409610747,0.22580089271068574,0.01926608024961587,0.4524094879627228,1.0,0.4,0.009549388289451599,0.1757391555176509,0.16654201447963715,0.009545165347312928,0.0,0.0,0.0,0.5050310863181948,0.29144646576159317,0.27873570919036866,0.05652999778774879,0.5016673743724823,0.9,0.6,-1.357544130086899,0.3154349667062342,0.046039600670337674,0.02062073009691571,0.0,0.0,0.0,0.06839246898889542,0.22819640755504675,0.17805585116147996,0.024716322895684633,0.045923161506652835,0.1,0.0,-0.4553365170955658,0.21564861618750666,0.10482594296336174,0.008897377187062128,0.0,0.0,0.0
TENX117,487,030x023,16061,20045,10,-0.22225627079606056,0.16785508621071585,0.1480485275387764,0.013219457988898143,0.0,0.0,0.0,-0.1543353544548154,0.15168532206879498,0.15814685821533203,0.009876173246330014,0.1235433042049408,0.4,0.0,0.5571130082011223,0.18153642550056873,0.3243477940559387,0.042900209549552815,0.6288703322410584,1.0,1.0,-1.2285511016845703,0.35216682303344143,0.059909823909401895,0.02980473090959643,0.0,0.0,0.0,-0.011464912444353104,0.2368614310800857,0.18501560688018798,0.03303328690941253,0.24758634567260743,0.6,0.0,-0.39895603954792025,0.19495812536683088,0.12453140020370483,0.015538586797140331,0.0,0.0,0.0
TENX117,488,030x024,16792,20045,10,0.205027012526989,0.11038565088577432,0.19034446775913239,0.016580620315688348,0.3884885996580124,1.0,0.0,0.051336915045976636,0.08686975357184668,0.16282152086496354,0.008433829297978384,0.0,0.0,0.0,0.6652334868907929,0.20848637669566206,0.30427641421556473,0.04749389057302462,0.6115113973617554,1.0,1.0,-1.072671151161194,0.4487016250041449,0.058468423411250116,0.024284036591728293,0.0,0.0,0.0,0.05986090451478958,0.206017895715192,0.16707296520471573,0.03201293861268973,0.0,0.0,0.0,-0.28218294195830823,0.14729876449532908,0.11701620444655418,0.011054715281979419,0.0,0.0,0.0
TENX117,489,030x025,17522,20045,10,0.06211134195327759,0.2008235468597858,0.1615648716688156,0.01967473276564422,0.055949229001998904,0.2,0.0,-0.007255469262599945,0.1491724430204273,0.15021699517965317,0.013877658851283076,0.0855306327342987,0.3,0.0,0.7188133254647255,0.2334450704275288,0.31449503600597384,0.05703218435897103,0.6406374335289001,1.0,1.0,-0.8116386145353317,0.30084380085038953,0.06884432323276997,0.01666163180562493,0.0,0.0,0.0,0.07263667061924935,0.2760198196109829,0.1655900090932846,0.03398876931401861,0.21788271963596345,0.5,0.0,-0.08307428443804384,0.20007351952924907,0.1392887718975544,0.012946815805423494,0.0,0.0,0.0
TENX117,490,030x026,18253,20045,10,0.03147875368595123,0.17256753338225037,0.17026012986898423,0.02300632415828559,0.0924912691116333,0.3,0.0,-0.08336575236171484,0.07340374521717584,0.150741745531559,0.009893712632253875,0.05772590339183807,0.2,0.0,0.6000518262386322,0.1745713862879968,0.30328535586595534,0.05573062344313364,0.6211060613393784,1.0,0.9,-1.0769048362970353,0.5265770008756795,0.0640429949387908,0.03140838029128358,0.0,0.0,0.0,0.05367641523480415,0.25440837619354434,0.17672677785158158,0.03902622655546579,0.22867676615715027,0.5,0.1,-0.19785701632499694,0.13836780355884706,0.13494299128651618,0.014651824604802272,0.0,0.0,0.0
TENX117,491,030x027,18984,20045,10,-0.0035083603113889696,0.15142355611506908,0.157272569835186,0.012905603591319145,0.0,0.0,0.0,-0.09655099138617515,0.11781846154125092,0.1428838163614273,0.0043748326844502035,0.0,0.0,0.0,0.5994773358106613,0.18209142637224046,0.2905926465988159,0.04900152236492399,0.5556488871574402,1.0,0.5,-1.1832719326019288,0.5311168879528397,0.05509852357208729,0.027645632657411368,0.0,0.0,0.0,0.3678569957613945,0.2524957565539724,0.23245177119970323,0.049011615286615136,0.4443511128425598,1.0,0.5,-0.2609448000788689,0.16586014412952493,0.12170067057013512,0.011459957368383369,0.0,0.0,0.0
TENX117,492,030x028,19715,20045,10,0.0037366475909948347,0.20268105834526745,0.14831568151712418,0.011763701582196669,0.0,0.0,0.0,-0.011741818487644195,0.157752281611151,0.14581339210271835,0.008214947725774639,0.0,0.0,0.0,0.6149960353970527,0.21247785720357334,0.2753561154007912,0.040044586934043495,0.525568300485611,1.0,0.6,-1.178691478818655,0.7301746588733119,0.06312719071283937,0.0469394694083456,0.0,0.0,0.0,0.5098966345191002,0.3546496317024347,0.25177132040262223,0.05715317634710087,0.474431699514389,1.0,0.4,-0.24735697284340857,0.23004259694022464,0.11561627462506294,0.011767462001783422,0.0,0.0,0.0
TENX117,493,030x029,20445,20045,10,0.02277948036789894,0.113842248422609,0.16400930732488633,0.013494131054100883,0.0,0.0,0.0,-0.0753793366253376,0.10638213596966137,0.14830223321914673,0.006229179575645622,0.0,0.0,0.0,0.5701407074928284,0.1857743382142493,0.28637995570898056,0.0467565037243382,0.5685638815164566,1.0,0.7,-0.9459460794925689,0.5220358400647496,0.06965363007038831,0.0308335004602155,0.0,0.0,0.0,0.2858684502542019,0.2082653519757487,0.21680575460195542,0.042555574977510564,0.43143612146377563,1.0,0.3,-0.33320690244436263,0.10267026951674066,0.11484912112355232,0.008934248905876125,0.0,0.0,0.0
TENX117,494,031x002,716,20776,10,-0.22748964056372642,0.06339059077854724,0.14351606518030166,0.011389951471639818,0.0,0.0,0.0,-0.1895822837948799,0.0864177596973475,0.1490724615752697,0.011466020953064229,0.0,0.0,0.0,0.44773120488971474,0.20497922702448124,0.283562545478344,0.03647167054490658,0.521679499745369,1.0,0.7,-0.8503824852406978,0.4348485926225861,0.08459507338702679,0.039757194339247445,0.0,0.0,0.0,0.3602603644132614,0.13359186079900662,0.25915795713663103,0.02913044211627639,0.4783205211162567,1.0,0.3,-0.8102049171924591,0.08837712915367459,0.08009589686989785,0.00570482681229275,0.0,0.0,0.0
TENX117,495,031x003,1447,20776,10,0.16684841737151146,0.17020841289471203,0.21314666867256166,0.020370615684289106,0.4104430258274078,1.0,0.0,-0.22859205752611161,0.11168814191246003,0.14323293194174766,0.010092004540674106,0.0,0.0,0.0,0.5349892430007458,0.2183018285814967,0.3108822822570801,0.051062166464396104,0.5895569801330567,1.0,1.0,-0.8997525930404663,0.2748620918133358,0.07678777072578669,0.021320175217475645,0.0,0.0,0.0,-0.20943957194685936,0.2053444030994567,0.147594927996397,0.024367853831762754,0.0,0.0,0.0,-0.5108485646545887,0.20424477924474366,0.10835542008280755,0.011882115026187107,0.0,0.0,0.0
TENX117,496,031x004,2177,20776,10,0.2287627413868904,0.12761081132854146,0.21877784729003907,0.011194238117126928,0.4303189367055893,1.0,0.1,-0.03766105398535728,0.09627362253572899,0.16790599822998048,0.012980931139014534,0.0,0.0,0.0,0.5117375424131752,0.2106039090586656,0.29338758289813993,0.043367333961950645,0.5696810573339463,1.0,0.9,-1.1902004182338715,0.354722022358293,0.05774966888129711,0.02571771672515186,0.0,0.0,0.0,-0.1416211359202862,0.18839802111218446,0.15195781737565994,0.018422295030726482,0.0,0.0,0.0,-0.46017603799700735,0.18799236322772128,0.11022111102938652,0.010954569890472245,0.0,0.0,0.0
TENX117,497,031x005,2908,20776,10,0.15588034838438034,0.1617620034348576,0.2066771939396858,0.01450103386382986,0.3922042340040207,0.9,0.2,-0.09747576601803302,0.13773206593224463,0.16034424304962158,0.009728773896776555,0.0,0.0,0.0,0.4022178776562214,0.18647825644467458,0.26684087216854097,0.040056049850369924,0.5126115083694458,0.9,0.8,-1.0306104660034179,0.32045400206892843,0.06667995005846024,0.02319442157307012,0.0,0.0,0.0,0.06484213843941689,0.16345086834059372,0.1893318474292755,0.02025718744797047,0.09518423676490784,0.2,0.0,-0.47360605001449585,0.15210948056047252,0.11012589931488037,0.0075635450238770024,0.0,0.0,0.0
TENX117,498,031x006,3639,20776,10,0.07885093539953232,0.14057753089867128,0.20724849104881288,0.014545513487853951,0.4162287175655365,1.0,0.0,-0.22250578850507735,0.10391829614524606,0.15321801453828812,0.0088675923770781,0.0,0.0,0.0,0.4209383076056838,0.20906298606906573,0.2944281414151192,0.04417919224694284,0.58377126455307,1.0,1.0,-1.2462030589580535,0.16667701158634435,0.05635375939309597,0.012440241006082105,0.0,0.0,0.0,-0.06844797059893608,0.161386133777738,0.1798391595482826,0.02253026824194122,0.0,0.0,0.0,-0.5645595729351044,0.12466121788334485,0.1089124210178852,0.007717720580733504,0.0,0.0,0.0
TENX117,499,031x007,4370,20776,10,0.33240820467472076,0.057448712242672874,0.22910026758909224,0.02428223802490798,0.445019343495369,1.0,0.4,-0.056159622594714166,0.0966550705387573,0.15474064648151398,0.009360058146098242,0.0,0.0,0.0,0.5588396534323692,0.29909745284765266,0.2925741016864777,0.0627098815936596,0.5549806594848633,1.0,0.6,-1.5408403038978578,0.4758897138613827,0.04012947026640177,0.02193650446453414,0.0,0.0,0.0,0.007056018710136414,0.07985692397074706,0.16567032039165497,0.01946628995679711,0.0,0.0,0.0,-0.3297862231731415,0.09083392639952943,0.11778518781065941,0.00850464675405596,0.0,0.0,0.0
TENX117,500,031x008,5100,20776,10,0.2067359410226345,0.1856041150089592,0.2146816149353981,0.01910007019164881,0.43156890869140624,1.0,0.2,-0.034915617853403094,0.1375817621838743,0.1683078646659851,0.011119412543980068,0.0,0.0,0.0,0.48580771014094354,0.21102125536815314,0.2868374764919281,0.047522190022877026,0.5684310883283615,1.0,0.8,-0.9886973977088929,0.26857781666988684,0.06868792623281479,0.024061174182035433,0.0,0.0,0.0,-0.10130388811230659,0.2074137626562415,0.15850059688091278,0.02053535430728976,0.0,0.0,0.0,-0.5301999092102051,0.22441801231491154,0.10298452749848366,0.01171566853544839,0.0,0.0,0.0
TENX117,501,031x009,5831,20776,10,0.16638506278395654,0.0627063756211269,0.20051240921020508,0.007158786604003633,0.11945944130420685,0.3,0.0,-0.055929068848490714,0.13327415978461582,0.1610551506280899,0.013710730472136948,0.0,0.0,0.0,0.4329920828342438,0.1599460891519142,0.26342097371816636,0.030598115755315496,0.5483382880687714,1.0,0.8,-1.2026776224374771,0.45145061200423614,0.056359087489545344,0.026791159814417865,0.0,0.0,0.0,0.2241988979279995,0.10983490861901325,0.2139699414372444,0.02731057566525501,0.33220226764678956,0.7,0.2,-0.48623826801776887,0.10006405263364415,0.10468244329094886,0.008511596113286678,0.0,0.0,0.0
TENX117,502,031x010,6562,20776,10,0.1396554723381996,0.1850607260360767,0.20801097452640532,0.013265375793471191,0.4092253476381302,1.0,0.0,-0.10972076542675495,0.1674590209281935,0.16196392029523848,0.007733651873202423,0.0,0.0,0.0,0.509973349235952,0.2532445799192345,0.3032620310783386,0.039609654500465136,0.590774655342102,1.0,1.0,-1.2703153192996979,0.2118226010808331,0.05353664662688971,0.017011091813661634,0.0,0.0,0.0,-0.11934812813997268,0.252412422358021,0.16193392723798752,0.02357475173969747,0.0,0.0,0.0,-0.4875778891146183,0.2406759950085147,0.11129249632358551,0.009775863073348724,0.0,0.0,0.0
TENX117,503,031x011,7292,20776,10,0.17282373756170272,0.10556368980374042,0.21350040286779404,0.02009269025832181,0.4250739276409149,1.0,0.2,-0.15636690706014633,0.03421062493086968,0.15305180251598358,0.006092115758808818,0.0,0.0,0.0,0.48141312748193743,0.22153643471525788,0.2953541412949562,0.05913048522871039,0.574926084280014,1.0,0.8,-1.0119600892066956,0.27200142358103585,0.06767654865980148,0.02011676459359392,0.0,0.0,0.0,0.014835069328546524,0.16770632283398576,0.18353017568588256,0.02766740085964694,0.0,0.0,0.0,-0.7262904286384583,0.11226405939546848,0.08688690662384033,0.00842305801256501,0.0,0.0,0.0
TENX117,504,031x012,8023,20776,10,0.158005740493536,0.20731016589015386,0.21572709828615189,0.022763448569295,0.4254815071821213,1.0,0.2,-0.19071633741259575,0.21172908013760472,0.15171422809362411,0.010113677760895433,0.0,0.0,0.0,0.46066419761627914,0.28281897451386334,0.2966868862509727,0.06030615444045554,0.5271861046552658,0.9,0.8,-1.1148604720830917,0.5434757594744921,0.07106433734297753,0.038420934235147475,0.0,0.0,0.0,-0.08823241740465164,0.2919333182135539,0.1700308471918106,0.028603375406886546,0.04733238816261291,0.1,0.0,-0.6663449883460999,0.22224109873893577,0.09477661997079849,0.011706748293596176,0.0,0.0,0.0
TENX117,505,031x013,8754,20776,10,0.16113236248493196,0.1158507271304253,0.21062666773796082,0.017399555695360343,0.4110933840274811,1.0,0.0,-0.13382726199924946,0.09262409296634831,0.1565009981393814,0.008101399148737424,0.0,0.0,0.0,0.5260902568697929,0.1766048998548906,0.3066394791007042,0.05102890116699797,0.5889066159725189,1.0,1.0,-0.9363709837198257,0.3259951386480232,0.0734220951795578,0.022099141671990924,0.0,0.0,0.0,-0.10477421507239341,0.1420193697596204,0.16220895498991011,0.020870996575211118,0.0,0.0,0.0,-0.6818073272705079,0.10436406779477962,0.090601796656847,0.0067886134365874925,0.0,0.0,0.0
TENX117,506,031x014,9485,20776,10,0.2522728905081749,0.11891835073677878,0.21193264275789261,0.01600086735928949,0.4200572043657303,1.0,0.1,-0.001919400319457054,0.095962612253914,0.16419387906789779,0.009864597508487892,0.0,0.0,0.0,0.5786827623844146,0.13904121074534415,0.2965966179966927,0.04613892195587298,0.5799427807331086,1.0,0.9,-1.0753329277038575,0.4382352699118849,0.06231403686106205,0.03140767562908256,0.0,0.0,0.0,0.0009229414165019989,0.2003070223149671,0.16638449281454087,0.025849338496166132,0.0,0.0,0.0,-0.5138928055763244,0.1192806419186575,0.09857831001281739,0.00836326127255761,0.0,0.0,0.0
TENX117,507,031x015,10215,20776,10,0.16552732810378074,0.17012082462882633,0.21416105180978776,0.019990686766617968,0.43809749484062194,1.0,0.3,-0.09081585928797722,0.12429861559606112,0.16542898863554,0.01126888546564238,0.0,0.0,0.0,0.41741601284593344,0.21459564352388358,0.2793536797165871,0.051849841300525654,0.5152542114257812,0.9,0.7,-0.9557619959115982,0.4297779673157028,0.07913867942988873,0.040884205852384614,0.0,0.0,0.0,-0.08687883391976356,0.2261147295779034,0.16753079742193222,0.025353079572100607,0.046648284792900084,0.1,0.0,-0.654254025220871,0.18120161981048039,0.09438681825995446,0.009226299705320446,0.0,0.0,0.0
TENX117,508,031x016,10946,20776,10,0.11307879835367203,0.12170890765103887,0.21194362342357637,0.020005046830905347,0.41703738570213317,1.0,0.1,-0.16176161132752895,0.09675574545830332,0.16039256304502486,0.00576713954359384,0.0,0.0,0.0,0.45216162502765656,0.1654925130683554,0.2992984414100647,0.04297318998555589,0.5829626321792603,1.0,0.9,-0.9535847127437591,0.4283358363708753,0.07904281951487065,0.03143163624682916,0.0,0.0,0.0,-0.20315316468477249,0.192410347152766,0.1565595045685768,0.029328063565372826,0.0,0.0,0.0,-0.7131271183490753,0.128379899559268,0.09276305958628654,0.008846364798828353,0.0,0.0,0.0
TENX117,509,031x017,11677,20776,10,0.10222102850675582,0.11462557143558451,0.194896924495697,0.013114857033759697,0.0,0.0,0.0,-0.06441336050629616,0.11216231320699944,0.16485664993524551,0.008813508836516493,0.0,0.0,0.0,0.42085831314325334,0.18890071302831474,0.2696798861026764,0.034145030660832465,0.5398214340209961,1.0,0.6,-1.3561570167541503,0.34426706808308966,0.047793954610824585,0.01704425176904017,0.0,0.0,0.0,0.25905580073595047,0.1478584893048834,0.2292700782418251,0.02894696337777068,0.4601785600185394,1.0,0.4,-0.6321421235799789,0.11205363768020468,0.09350249245762825,0.006116630739821622,0.0,0.0,0.0
TENX117,510,031x018,12407,20776,10,0.24763062447309495,0.17265526835995368,0.20798704475164415,0.018525874238573905,0.3265427350997925,0.8,0.1,-0.034886212646961214,0.14486586917044936,0.15640519857406615,0.008088157551307625,0.0,0.0,0.0,0.5547155976295471,0.20748634840916394,0.28556412011384963,0.046825003687219854,0.5247526198625565,0.9,0.8,-1.1158893048763274,0.2721689279231545,0.05633966661989689,0.02046794779257323,0.0,0.0,0.0,0.2055002585053444,0.2259598624111871,0.20070479810237885,0.029008932748964884,0.14870465695858,0.3,0.1,-0.5594062030315399,0.18280009575370437,0.09299916476011276,0.010649976514455178,0.0,0.0,0.0
TENX117,511,031x019,13138,20776,10,0.18303031846880913,0.20238867451378134,0.20102571696043015,0.016913404778559793,0.08703683316707611,0.2,0.0,-0.05696019977331161,0.10137025263778043,0.15801168382167816,0.01157774838361752,0.0,0.0,0.0,0.4489377593621612,0.20186558984933745,0.26415909826755524,0.03833505504366874,0.4989699721336365,0.9,0.7,-1.1053577423095704,0.22651508502859954,0.058914057537913324,0.0244542600441364,0.0,0.0,0.0,0.2621880531311035,0.21582963000630115,0.21855016946792602,0.027656069188721523,0.4139932215213776,0.9,0.3,-0.523043705523014,0.21562228689884713,0.09933927431702613,0.009827936371133694,0.0,0.0,0.0
TENX117,512,031x020,13869,20776,10,0.19653851613402368,0.1076139556689494,0.21080316007137298,0.011505964960701612,0.3451539546251297,0.8,0.0,-0.09790756367146969,0.1413799140777118,0.1574653521180153,0.014184215293919222,0.0,0.0,0.0,0.43729944676160815,0.1980036363979947,0.27092957198619844,0.040346086002562766,0.40601579546928407,0.7,0.7,-1.2352921903133391,0.24641908877508692,0.0525521706789732,0.016625407427084286,0.0,0.0,0.0,0.17122712433338166,0.19090460343449728,0.207508085668087,0.030715667672787654,0.248830246925354,0.5,0.3,-0.5439461588859558,0.13771673922260538,0.10074166879057884,0.00856784665719303,0.0,0.0,0.0
TENX117,513,031x021,14600,20776,10,0.12969531193375589,0.14962462902370682,0.19386872947216033,0.013833913861588512,0.1122146189212799,0.3,0.0,-0.08201492428779603,0.190495028856072,0.15689561516046524,0.011451151869952356,0.0,0.0,0.0,0.5281742667779327,0.2316330175285831,0.2914902091026306,0.04452971588621462,0.5817695885896683,1.0,0.9,-1.2603441417217254,0.5151908591669617,0.05563774630427361,0.02978532956450704,0.0,0.0,0.0,0.1574854612350464,0.23880705015094564,0.20153691321611406,0.033405983165702376,0.30601578056812284,0.7,0.1,-0.5281952142715454,0.15333549121077653,0.100570797175169,0.009152686221801433,0.0,0.0,0.0
TENX117,514,031x022,15330,20776,10,0.21228354647755623,0.09034858025724214,0.18721506595611573,0.012384506521575477,0.26401283740997317,0.7,0.0,0.029599449783563613,0.07285130191390891,0.155737940967083,0.0061185592948378035,0.0,0.0,0.0,0.6640219867229462,0.17520184503380157,0.29744548350572586,0.04862368236018979,0.6001836895942688,1.0,1.0,-0.647325724363327,0.5307359875678632,0.09249765910208226,0.06010554158018925,0.09207530319690704,0.2,0.0,0.08234805464744568,0.1929693714556619,0.16689117699861528,0.029844599917031703,0.043728166818618776,0.1,0.0,-0.41463022530078886,0.10666923791547085,0.10021266639232636,0.008906304141842972,0.0,0.0,0.0
TENX117,515,031x023,16061,20776,10,-0.04214515388011932,0.19828457873220778,0.16146425902843475,0.01654509512483974,0.0,0.0,0.0,-0.0500577948987484,0.1396548525591437,0.15959158092737197,0.008685562597395472,0.09340686500072479,0.3,0.0,0.6247861914336681,0.2813721078032699,0.3181543990969658,0.05718512202691561,0.621151077747345,1.0,1.0,-0.9695587277412414,0.1943710289901597,0.06632812358438969,0.02021660843218164,0.0,0.0,0.0,0.08826489523053169,0.2588620912351741,0.18576325476169586,0.032268187630179336,0.28544207513332365,0.7,0.0,-0.4386702859774232,0.21534163115721291,0.10869837552309036,0.01208376426433476,0.0,0.0,0.0
TENX117,516,031x024,16792,20776,10,0.22047400027513503,0.13056947849442846,0.19293828159570695,0.021273763336958105,0.39421015083789823,1.0,0.0,-0.076522484049201,0.08352774528723703,0.14258064776659013,0.005206531169646835,0.0,0.0,0.0,0.6586858674883842,0.23074505766080597,0.3022183433175087,0.054465081373728734,0.6057898342609406,1.0,1.0,-0.8995250761508942,0.33305852436024475,0.06752930507063866,0.02704252208712039,0.0,0.0,0.0,-0.03959130197763443,0.18064324387903039,0.14974537268280982,0.023962418605376963,0.0,0.0,0.0,-0.062000937014818194,0.11228163660161994,0.1449880376458168,0.010976589181043696,0.0,0.0,0.0
TENX117,517,031x025,17522,20776,10,0.12901650369167328,0.18950961385478562,0.1872216284275055,0.020786703305576956,0.25082912147045133,0.7,0.0,-0.0628980502486229,0.11195526993169684,0.15382534712553025,0.008791808189246752,0.0,0.0,0.0,0.6038764871656894,0.2587327355105,0.30523780435323716,0.06054890136898483,0.609216159582138,1.0,1.0,-1.277155303955078,0.32364628357574643,0.0477419450879097,0.014339958610237031,0.0,0.0,0.0,0.07319895848631859,0.21705124058932626,0.17890411019325256,0.03261091122086918,0.1399547427892685,0.3,0.0,-0.25525331050157546,0.17637191879798642,0.12706914097070693,0.009620595425718017,0.0,0.0,0.0
TENX117,518,031x026,18253,20776,10,0.02401810735464096,0.1707535487080767,0.15683746039867402,0.01873397192496575,0.0,0.0,0.0,-0.05568085424602032,0.08860096132933712,0.14415179342031478,0.010219405436362745,0.0,0.0,0.0,0.6542976707220077,0.1659942602020704,0.2973067253828049,0.0530582425100792,0.5888273328542709,1.0,0.7,-0.9533872418105602,0.8174542662343597,0.07818242739886046,0.0512463658067358,0.035367217659950254,0.1,0.0,0.2572600215673447,0.29195259033402793,0.20278424471616746,0.0503578031702411,0.37580545246601105,0.9,0.3,-0.2372816763818264,0.1722501516543338,0.12073735445737839,0.014172303264325626,0.0,0.0,0.0
TENX117,519,031x027,18984,20776,10,0.008301110938191414,0.18762469194272552,0.15583414286375047,0.016060795152053015,0.0,0.0,0.0,-0.07693977709859609,0.11631791649209366,0.1424022600054741,0.004096496171995656,0.0,0.0,0.0,0.6469344466924667,0.19301450710880608,0.2970981076359749,0.04530497030313735,0.5804006725549697,1.0,0.8,-0.9267053514719009,0.5288967178294951,0.06943954695016145,0.030683282484780534,0.0,0.0,0.0,0.31218089908361435,0.25893740524886955,0.21476946473121644,0.04503667287581699,0.41959933042526243,1.0,0.2,-0.25000801496207714,0.2042199444864267,0.12045646533370018,0.01335061869393953,0.0,0.0,0.0
TENX117,520,031x028,19715,20776,10,-0.096836107224226,0.1382219748898813,0.15204176753759385,0.010296682470292912,0.0,0.0,0.0,-0.1130887258797884,0.07029367723080633,0.14948550760746002,0.008429965391421103,0.0,0.0,0.0,0.5295674994587898,0.169385663572755,0.2857953369617462,0.03375078201582041,0.573849281668663,1.0,0.7,-0.9582140736281872,0.6193600988782906,0.07543580457568169,0.039218452133073234,0.0,0.0,0.0,0.22384824454784394,0.26636037311953714,0.21446232348680497,0.048305935143290735,0.4261507153511047,1.0,0.3,-0.3134668618440628,0.16011306314539456,0.12277924865484238,0.012399021075177331,0.0,0.0,0.0
TENX117,521,031x029,20445,20776,10,-8.686371147632599e-05,0.11250131958558467,0.15531591176986695,0.012199972573474613,0.0,0.0,0.0,0.017027322575449942,0.11533059162249945,0.1581029549241066,0.01350529769562878,0.0,0.0,0.0,0.5683066219091415,0.14783649127473994,0.2765285730361938,0.0414827674845762,0.5464098662137985,1.0,0.5,-0.8824764929711819,0.45814144210324953,0.07130048684775829,0.031314672983498264,0.0,0.0,0.0,0.3766809619963169,0.23117249155009714,0.23027201145887374,0.04581490833690349,0.45359012484550476,1.0,0.5,-0.3600068211555481,0.12422818188463024,0.1084800787270069,0.009883048892696925,0.0,0.0,0.0
TENX117,522,032x002,716,21507,10,0.12407734468579293,0.133188610113182,0.18490564078092575,0.01910335706362427,0.042802059650421144,0.1,0.0,-0.13000514097511767,0.101993191273402,0.14288524836301802,0.0076625236762247,0.0,0.0,0.0,0.5960960820317268,0.21118262983542135,0.29867277592420577,0.046278187210595435,0.5113614320755004,0.9,0.9,-1.1508437186479568,0.36262808784026007,0.05667335893958807,0.02610692594367054,0.0,0.0,0.0,0.37597833275794984,0.16612736268438505,0.23815227299928665,0.027469950067670536,0.4458365261554718,1.0,0.1,-0.7290569126605988,0.15692189218851132,0.07871070802211762,0.007400013333072628,0.0,0.0,0.0
TENX117,523,032x003,1447,21507,10,0.21051322519779206,0.12196384511889855,0.2088010013103485,0.020495784848063178,0.42405167520046233,1.0,0.2,-0.11919687800109387,0.10753437688445026,0.14966945797204972,0.008170105437488421,0.0,0.0,0.0,0.50731792896986,0.2553629167440411,0.28638017624616624,0.06160471061539484,0.5247375100851059,0.9,0.7,-1.022287517786026,0.5705552970205316,0.07176724188029766,0.04963881284741719,0.0,0.0,0.0,0.06047705560922623,0.18924730469003898,0.18149415254592896,0.031998019407628496,0.051210814714431764,0.1,0.1,-0.5058488085865974,0.13942213122556665,0.10188795998692513,0.008738257504027184,0.0,0.0,0.0
TENX117,524,032x004,2177,21507,10,0.10403383448719979,0.09472639786698261,0.20760663598775864,0.00987377105025096,0.425440126657486,1.0,0.0,-0.09008450359106064,0.15162012253378362,0.17096875309944154,0.007842990345167,0.0,0.0,0.0,0.40691145732998846,0.19028576618934492,0.283451671898365,0.03884369550643211,0.5745598495006561,1.0,1.0,-0.9955965757369996,0.1997073508464079,0.07084845490753651,0.016769605396715098,0.0,0.0,0.0,-0.19245420768857002,0.16298267820921267,0.15529220551252365,0.018671972637485417,0.0,0.0,0.0,-0.5157452195882797,0.14579489447323235,0.1118322841823101,0.007570492345605547,0.0,0.0,0.0
TENX117,525,032x005,2908,21507,10,0.17242271304130555,0.12808065245201064,0.20714595466852187,0.01327554141865757,0.384958079457283,0.9,0.1,-0.06710921786725521,0.14817264362194893,0.16278969198465348,0.0054601162880533235,0.0,0.0,0.0,0.4529487185180187,0.2157158575488345,0.27640358805656434,0.038643392490217136,0.5656738668680191,1.0,0.9,-1.0976186364889144,0.3162630558945151,0.06268540546298026,0.025182186361001915,0.0,0.0,0.0,0.03214329481124878,0.2461793374399268,0.18183462470769882,0.028255606195818888,0.04936806857585907,0.1,0.0,-0.46880055516958236,0.1623532859820828,0.10914072021842003,0.007712304883009143,0.0,0.0,0.0
TENX117,526,032x006,3639,21507,10,0.17779053673148154,0.19851760168636248,0.201603202521801,0.010738207273685208,0.33362093269824983,0.8,0.0,-0.05867562219500542,0.15165031837341797,0.15903395414352417,0.005963140027688374,0.0,0.0,0.0,0.4707796975970268,0.25371146829103325,0.2728860542178154,0.04031471902754806,0.5690712928771973,1.0,1.0,-0.9465811282396317,0.3004339775563966,0.07215323820710182,0.03317654964166982,0.0,0.0,0.0,0.08443015962839126,0.2889560795429424,0.1853424236178398,0.026999407628359506,0.0973077654838562,0.2,0.0,-0.4396847281605005,0.2460030082855428,0.1089811272919178,0.00941618142950188,0.0,0.0,0.0
TENX117,527,032x007,4370,21507,10,0.16315048187971115,0.1524315643999591,0.21496739387512206,0.015248923417416658,0.42748949527740476,1.0,0.0,-0.15296131409704686,0.13014686496849,0.1566409632563591,0.010121186870251571,0.0,0.0,0.0,0.4589293159544468,0.23279577467924542,0.292867885529995,0.05161694578852671,0.5725105345249176,1.0,1.0,-0.9877341084182263,0.4659106107625745,0.07938010282814503,0.04919496210585377,0.0,0.0,0.0,-0.23391309455037118,0.18724319504352868,0.14519230127334595,0.017536981972395276,0.0,0.0,0.0,-0.49906483143568037,0.17301911018258145,0.11095136255025864,0.009087452386248559,0.0,0.0,0.0
TENX117,528,032x008,5100,21507,10,0.3270669549703598,0.11708173266764865,0.23271881341934203,0.026600323637204736,0.44212170541286466,1.0,0.3,-0.07708059512078762,0.10907894918270289,0.15494381189346312,0.01359977310213083,0.0,0.0,0.0,0.5640727005898952,0.25446659228877366,0.29909027069807054,0.05798539516226474,0.5578783065080642,1.0,0.7,-1.3868366658687592,0.3843755404433244,0.044939660280942914,0.01650890790552998,0.0,0.0,0.0,-0.10977020338177682,0.09334185773543568,0.15023757442831992,0.015578419188912156,0.0,0.0,0.0,-0.34709087908267977,0.08513005433182703,0.11806985959410668,0.007399525160856025,0.0,0.0,0.0
TENX117,529,032x009,5831,21507,10,0.1891685426235199,0.16173498203695305,0.22184402793645858,0.018566355307193902,0.44164452254772185,1.0,0.2,-0.18435969166457652,0.14121295346052787,0.15230426490306853,0.006156024149201961,0.0,0.0,0.0,0.4272561490535736,0.2721232172375771,0.2854107588529587,0.05217459994418069,0.5583554714918136,1.0,0.8,-1.1565624833106996,0.350796396510202,0.06251651477068662,0.023014285152317827,0.0,0.0,0.0,-0.15247714817523955,0.18776793642206593,0.15817791670560838,0.01833954945665343,0.0,0.0,0.0,-0.4282454840838909,0.1598408259717889,0.1197465218603611,0.011033385216514846,0.0,0.0,0.0
TENX117,530,032x010,6562,21507,10,0.254505980014801,0.08049832499537284,0.22971658557653427,0.019955695648598393,0.43408664166927335,1.0,0.1,-0.09408406801521778,0.1128162400582177,0.16177083402872086,0.009359301277869107,0.0,0.0,0.0,0.5235795706510544,0.21916829159640655,0.30344962477684023,0.048674266183956885,0.5659133583307266,1.0,0.9,-1.1514933288097382,0.3529629822567193,0.05859963893890381,0.01720403884699229,0.0,0.0,0.0,-0.35030764937400816,0.1077677571507086,0.12582518309354782,0.014580754002673117,0.0,0.0,0.0,-0.38931999653577803,0.10447681170904616,0.1206381343305111,0.010293684184416453,0.0,0.0,0.0
TENX117,531,032x011,7292,21507,10,0.11856405958533286,0.11220888127381122,0.21405219584703444,0.021632986257786483,0.41894587874412537,1.0,0.2,-0.26394631862640383,0.07465631867016947,0.1454678311944008,0.007192480081431756,0.0,0.0,0.0,0.45195823907852173,0.2075329706480476,0.30281672328710557,0.05704963671431133,0.5810541212558746,1.0,0.8,-1.1895212978124619,0.485021108005583,0.06414696276187896,0.029702099714819533,0.0,0.0,0.0,-0.07870138064026833,0.16980026637976778,0.1771463081240654,0.02869156102148471,0.0,0.0,0.0,-0.6788587749004364,0.12053689015057048,0.09636999741196632,0.009031392230330849,0.0,0.0,0.0
TENX117,532,032x012,8023,21507,10,0.05465072244405746,0.1210610334516517,0.2040776342153549,0.016040521148254445,0.42221757769584656,1.0,0.1,-0.19439948834478854,0.1243194714043551,0.1587671995162964,0.007429254331775752,0.0,0.0,0.0,0.37347148880362513,0.2483532971547071,0.2846639588475227,0.05217517206329395,0.5777824223041534,1.0,0.9,-0.9797024399042129,0.2864234373748985,0.07491019293665886,0.019788019797774333,0.0,0.0,0.0,-0.13029063120484352,0.17855645609549484,0.17032565027475358,0.020560718464224196,0.0,0.0,0.0,-0.5875277578830719,0.1327887434927128,0.10725534781813621,0.006794054550126323,0.0,0.0,0.0
TENX117,533,032x013,8754,21507,10,0.22586232796311378,0.15511829466889238,0.21810193806886674,0.022904579168723134,0.42575929760932923,1.0,0.2,-0.10599007159471512,0.0867222711469962,0.15605399757623672,0.010672835751240999,0.0,0.0,0.0,0.5285923212766648,0.1692026387320484,0.29813354313373563,0.05057775266682471,0.529326319694519,0.9,0.8,-1.0988802403211593,0.3889077899321713,0.06435225307941436,0.03494787161428461,0.0,0.0,0.0,-0.08324056714773179,0.25249360253393566,0.16262179762125015,0.03413920651742364,0.04491439759731293,0.1,0.0,-0.5445979803800582,0.13240788037921175,0.10073649063706398,0.008156114006102774,0.0,0.0,0.0
TENX117,534,032x014,9485,21507,10,0.048906223475933076,0.14877394650949513,0.2000514656305313,0.019506489143144377,0.40512228310108184,1.0,0.1,-0.1686251897364855,0.0975621866749742,0.16047342419624328,0.009099788541931048,0.0,0.0,0.0,0.4379703477025032,0.16741953740785784,0.29714020639657973,0.04375093473480095,0.5948777079582215,1.0,0.9,-0.8502660721540451,0.3141459092240799,0.08576157577335834,0.030146218887024397,0.0,0.0,0.0,-0.219753997027874,0.21046282016424805,0.1540391243994236,0.023775509175505555,0.0,0.0,0.0,-0.6203072905540467,0.16270079324866918,0.10253420323133469,0.010753188391569368,0.0,0.0,0.0
TENX117,535,032x015,10215,21507,10,0.11356543749570847,0.11981340152973556,0.21174742430448532,0.01956696962935723,0.4254225969314575,1.0,0.2,-0.16971198618412017,0.10536073646011418,0.15912800282239914,0.00940012086949882,0.0,0.0,0.0,0.41916046291589737,0.1925162387703256,0.29075140208005906,0.05090127501241106,0.574577409029007,1.0,0.8,-0.9418304115533829,0.2990346253827424,0.07705418504774571,0.025993397298832977,0.0,0.0,0.0,-0.10950050204992294,0.13808283032004437,0.17008998095989228,0.021870427121870695,0.0,0.0,0.0,-0.7291903853416443,0.15486131320491886,0.09122901037335396,0.00918345320647785,0.0,0.0,0.0
TENX117,536,032x016,10946,21507,10,0.19886369109153748,0.11832176658656783,0.22166271656751632,0.01773487653429215,0.38834862112998964,0.9,0.2,-0.1925717696547508,0.08559017451600948,0.14970055222511292,0.009408860746356572,0.0,0.0,0.0,0.4671121880412102,0.20208873264745797,0.29212169349193573,0.04253217236419757,0.5657938450574875,1.0,0.8,-1.2482914447784423,0.2984630032922481,0.054275638237595555,0.015196562684281137,0.0,0.0,0.0,0.029417473077774047,0.19795962143708754,0.18853694945573807,0.027427164154142328,0.04585753679275513,0.1,0.0,-0.6648697018623352,0.16443413102016108,0.0937024362385273,0.010206218260813237,0.0,0.0,0.0
TENX117,537,032x017,11677,21507,10,0.23119681030511857,0.13655058677052115,0.21016392409801482,0.01729599818007695,0.3799399256706238,0.9,0.2,-0.09271810464560985,0.14954707187079258,0.15181325525045394,0.009697845004137456,0.0,0.0,0.0,0.5405207671225071,0.19492905710702735,0.2897337555885315,0.049538224921418295,0.5228244692087174,0.9,0.8,-1.1395054817199708,0.3363439098084582,0.05603620316833258,0.01746707709039624,0.0,0.0,0.0,0.1496955581009388,0.21466494743842165,0.19511414021253587,0.028852516359618344,0.09723560214042663,0.2,0.0,-0.539782440662384,0.14736334177646143,0.09713875278830528,0.007060074492595905,0.0,0.0,0.0
TENX117,538,032x018,12407,21507,10,0.15045426413416862,0.20834573338606746,0.194059294462204,0.01507505837275862,0.07964439988136292,0.2,0.0,-0.08173221088945866,0.16066063535153105,0.15382671505212783,0.011303052157690004,0.0,0.0,0.0,0.5289841264486312,0.2271625035860762,0.2863973915576935,0.0464028536609247,0.5226099848747253,0.9,0.8,-1.2067090719938278,0.41569141829523243,0.057529407739639285,0.030820934038798136,0.0,0.0,0.0,0.2654719054698944,0.27446420083583467,0.2195780023932457,0.034887108413348786,0.3977456122636795,0.9,0.2,-0.6330704748630523,0.16752226831758604,0.08860917687416077,0.006354906052188342,0.0,0.0,0.0
TENX117,539,032x019,13138,21507,10,0.11323034390807152,0.16646001019011222,0.21535118371248246,0.01599894492684634,0.4206289768218994,1.0,0.1,-0.18423334062099456,0.24101605746699475,0.16052494645118714,0.018599768317718045,0.0,0.0,0.0,0.43822325468063356,0.2884132075616735,0.3023261770606041,0.054292654240414524,0.5793710142374039,1.0,0.9,-1.2881114542484284,0.32602621270018917,0.05823822971433401,0.023764101509208786,0.0,0.0,0.0,-0.19138564243912698,0.2581836577247297,0.1604260429739952,0.025978939235361046,0.0,0.0,0.0,-0.6239364981651306,0.15045298638971077,0.10313341021537781,0.00883293859877603,0.0,0.0,0.0
TENX117,540,032x020,13869,21507,10,0.2437245637178421,0.07475714942431781,0.21340216398239137,0.01621763171618335,0.3409128159284592,0.8,0.1,-0.021453411132097245,0.043878287508725265,0.16335863322019578,0.006458572969208732,0.0,0.0,0.0,0.5018837749958038,0.19385437919922738,0.27945228666067123,0.046972482034534205,0.5139932453632354,0.9,0.9,-1.4228261172771455,0.4542695632203059,0.04453675225377083,0.018577394668243038,0.0,0.0,0.0,0.17519260942935944,0.13945492164765114,0.20024131536483764,0.024843265680299702,0.1450939506292343,0.3,0.0,-0.5232405573129654,0.08311554611966242,0.09900884926319123,0.006035739551574252,0.0,0.0,0.0
TENX117,541,032x021,14600,21507,10,0.3054155454039574,0.17120332454540862,0.21042805463075637,0.01769850992929735,0.3288551777601242,0.8,0.1,-0.0045595914125442505,0.10774360153642296,0.1540766254067421,0.009149759904489364,0.0,0.0,0.0,0.5819777362048626,0.21470113243702657,0.2808027222752571,0.04848269843302933,0.4694010645151138,0.8,0.7,-1.1715655386447907,0.31136616862464356,0.05061280988156795,0.015925171559845765,0.0,0.0,0.0,0.2819653943181038,0.21481501527808178,0.20739575028419494,0.033003890831067646,0.20174374878406526,0.4,0.2,-0.4740433622151613,0.21675507321033585,0.09668401405215263,0.010093726390978884,0.0,0.0,0.0
TENX117,542,032x022,15330,21507,10,0.004750505089759827,0.13101876627033107,0.17663587480783463,0.010776308517724561,0.0,0.0,0.0,-0.14063230156898499,0.11990256666557599,0.15260181725025176,0.0065724216340255865,0.0,0.0,0.0,0.48060004096478226,0.2532144767430511,0.2873556181788445,0.04510108074052031,0.5667644649744034,1.0,0.8,-1.2484583884477616,0.549248224298463,0.058987188152968884,0.03072643552479834,0.0,0.0,0.0,0.2074260227382183,0.17461721930853055,0.21767185479402543,0.028124098304232528,0.4332355231046677,1.0,0.2,-0.4992315858602524,0.15558305393322513,0.10674762725830078,0.007110274246090529,0.0,0.0,0.0
TENX117,543,032x023,16061,21507,10,-0.07386974766850471,0.1706873143142307,0.14716319143772125,0.017331398803960826,0.0,0.0,0.0,0.06947527378797531,0.08087173026500653,0.16903619319200516,0.011436607962822377,0.14483290910720825,0.4,0.0,0.6169958680868148,0.20763413147140347,0.29382046312093735,0.0357665114766851,0.6105989933013916,1.0,1.0,-0.5461801379919052,0.5938898452280212,0.10700374189764261,0.05069170828194172,0.07268589437007904,0.2,0.0,-0.024057718366384505,0.32622127811641527,0.15929576978087426,0.04267527683037735,0.17188221514225005,0.4,0.0,-0.2505732949823141,0.2160830640315543,0.12368065044283867,0.01744832844188522,0.0,0.0,0.0
TENX117,544,032x024,16792,21507,10,0.19846477434039117,0.10040527849070004,0.18668868094682695,0.01688914190049882,0.17859164476394654,0.5,0.0,-0.0041154386475682255,0.03938278728379417,0.1520283117890358,0.007634116866208305,0.0,0.0,0.0,0.6373455971479416,0.22867500885533787,0.29366721361875536,0.05520863807374948,0.5940708309412003,1.0,0.9,-1.2191239893436432,0.29483234269248126,0.047513460367918016,0.01628150752715432,0.0,0.0,0.0,0.2180724672973156,0.18028916264191017,0.19237137734889984,0.03279203699144508,0.22733752131462098,0.5,0.1,-0.18050725534558296,0.10042022321620687,0.12773096188902855,0.01081549001611475,0.0,0.0,0.0
TENX117,545,032x025,17522,21507,10,0.16518272310495377,0.14908217321742037,0.1856612280011177,0.021519192966397982,0.17186678647994996,0.5,0.0,-0.07454866282641888,0.1229328918699296,0.14531259387731552,0.007827079719838302,0.0,0.0,0.0,0.6185249358415603,0.2739045179544963,0.29652473628520964,0.061153796292362304,0.5955857813358307,1.0,0.8,-1.15666513890028,0.649306203894659,0.06263077612966299,0.04887143180837698,0.032111772894859315,0.1,0.0,0.16176922395825385,0.2525613473873544,0.18868821933865548,0.042534130029764985,0.2004356414079666,0.4,0.2,-0.2575755324214697,0.13808553275042504,0.1211824283003807,0.009102758537010897,0.0,0.0,0.0
TENX117,546,032x026,18253,21507,10,-0.05096348002552986,0.18603553952981544,0.1505691424012184,0.011132777359878988,0.0,0.0,0.0,-0.07337209191173315,0.18054756198573155,0.14696985632181167,0.006416660758036232,0.0,0.0,0.0,0.6285486273467541,0.21790210399808574,0.2992846488952637,0.042420161286270346,0.5801737368106842,1.0,0.6,-1.1638011366128922,0.5842864405391496,0.06041250173002481,0.03504702069216376,0.0,0.0,0.0,0.293956033885479,0.31909761488920163,0.21802749931812287,0.051148619162896654,0.41982626616954805,1.0,0.4,-0.24107326418161393,0.20256649821235706,0.12473635897040367,0.011991572608278654,0.0,0.0,0.0
TENX117,547,032x027,18984,21507,10,-0.023951011896133422,0.1661154162375107,0.14592694789171218,0.013848395632994998,0.0,0.0,0.0,-0.01406182125210762,0.15888916765856448,0.14684750884771347,0.006080316876707767,0.0,0.0,0.0,0.6512826666235924,0.18952098445198406,0.28781052827835085,0.036922937579918595,0.5804109811782837,1.0,0.8,-0.5934158638119698,0.5041410376551301,0.09283838458359242,0.0406486189383167,0.03360950648784637,0.1,0.0,0.313210579007864,0.2861132340088648,0.2085682898759842,0.04614605651853279,0.3859795182943344,0.9,0.2,-0.23745313063263893,0.17392797185131736,0.1180083505809307,0.012505530595650934,0.0,0.0,0.0
TENX117,548,032x028,19715,21507,10,-0.10035154987126589,0.10759204875802522,0.15089642852544785,0.011434424850095591,0.0,0.0,0.0,-0.11368292197585106,0.06745828614126535,0.1485457718372345,0.004379918676150325,0.0,0.0,0.0,0.5628905445337296,0.11516287863296748,0.29422219693660734,0.0350784709178816,0.5717075854539871,1.0,0.7,-1.1286867827177047,0.6470311866028536,0.06611543297767639,0.03869675100436091,0.0,0.0,0.0,0.2651562072336674,0.2643414810209133,0.22302471846342087,0.05211054865671299,0.4282924085855484,1.0,0.3,-0.35587123669683934,0.142132705058838,0.11719544902443886,0.012376869957531237,0.0,0.0,0.0
TENX117,549,032x029,20445,21507,10,-0.05993518754839897,0.1240873442245024,0.1486787050962448,0.013534020271502497,0.0,0.0,0.0,-0.05948873609304428,0.07847442667882978,0.14838493317365647,0.008146181655673636,0.0,0.0,0.0,0.5887288808822632,0.13136959677325097,0.2855830878019333,0.03544880092939787,0.5687341600656509,1.0,0.6,-1.0470296673476696,0.7079373364444925,0.06939270626753569,0.04231844789908316,0.0,0.0,0.0,0.3037041276693344,0.27377148564186127,0.21906500458717346,0.05118223395875161,0.4312658429145813,1.0,0.4,-0.20397412031888962,0.15752192548853733,0.1288955569267273,0.013156420421185007,0.0,0.0,0.0
TENX117,550,033x002,716,22237,10,-0.015455716103315354,0.09281692472712672,0.17899211794137954,0.00782452900622708,0.0,0.0,0.0,-0.2336128205060959,0.11169016549045954,0.14445939138531685,0.013789642208076575,0.0,0.0,0.0,0.3934903725981712,0.16024297049490158,0.2708991602063179,0.030133733723470977,0.5199025481939316,1.0,0.6,-0.9369224220514297,0.3368329975892146,0.07677943035960197,0.028812320889822877,0.0,0.0,0.0,0.31344625949859617,0.13408501975853654,0.2492394357919693,0.020127039565082838,0.4800974428653717,1.0,0.4,-0.8273279249668122,0.1294565093478194,0.07963044121861458,0.006074878881465054,0.0,0.0,0.0
TENX117,551,033x003,1447,22237,10,0.19690257161855698,0.1505799419670395,0.2149954095482826,0.018206946329346916,0.3958202004432678,0.9,0.2,-0.08438116237521172,0.14506100501904096,0.16215159147977828,0.011531096870317585,0.0,0.0,0.0,0.41878402754664423,0.22318923272953656,0.27173987179994585,0.04822402840024465,0.5496773391962051,1.0,0.7,-0.943405219912529,0.7248683315126915,0.09185890574008226,0.06846204117374337,0.054502463340759276,0.1,0.1,-0.22116610407829285,0.2393724934743068,0.14360809996724128,0.027415282137077206,0.0,0.0,0.0,-0.4244452193379402,0.15242485234983474,0.11564613208174705,0.011603681330831037,0.0,0.0,0.0
TENX117,552,033x004,2177,22237,10,0.10616770535707473,0.0909293796725738,0.21808993965387344,0.016979821405042436,0.42995538413524625,1.0,0.3,-0.17049983590841294,0.07236865171773317,0.16512220352888107,0.008982488929842608,0.0,0.0,0.0,0.39264344424009323,0.22976062931663926,0.294317290186882,0.052232664380688444,0.5700446128845215,1.0,0.7,-1.1887601137161254,0.3316941771727638,0.06290039792656898,0.02229315363463662,0.0,0.0,0.0,-0.257776390761137,0.11097457239995945,0.15209415256977082,0.017329250796845278,0.0,0.0,0.0,-0.601060825586319,0.08002826563818116,0.10747603103518485,0.007747732456194468,0.0,0.0,0.0
TENX117,553,033x005,2908,22237,10,0.16435320749878884,0.14879614746794284,0.19365822076797484,0.00839872589472685,0.32377800941467283,0.8,0.0,-0.033457595482468606,0.10298916237739716,0.1590541958808899,0.009618652361998471,0.0,0.0,0.0,0.5421157538890838,0.09287144817800766,0.28443254679441454,0.0342599053459816,0.5887398064136505,1.0,1.0,-0.7900286905467511,0.42678716328394556,0.07864949479699135,0.023985733346542755,0.0,0.0,0.0,0.06928043738007546,0.18916937994817834,0.17735459059476852,0.022388061204919884,0.08748218715190888,0.2,0.0,-0.43119804859161376,0.13369047689194163,0.1068509578704834,0.006449928944609524,0.0,0.0,0.0
TENX117,554,033x006,3639,22237,10,0.1839708611369133,0.11547112013705765,0.22807227373123168,0.01782926365074547,0.44451144635677337,1.0,0.3,-0.18788720928132535,0.1445627010058153,0.15758371502161025,0.01565901895465313,0.0,0.0,0.0,0.4099657818675041,0.25066418127804874,0.28932285606861113,0.04918657854203285,0.5554885476827621,1.0,0.7,-1.3707911252975464,0.504393251157057,0.053304524160921574,0.02156881219335156,0.0,0.0,0.0,-0.22923951745033264,0.18551260116310905,0.15271227583289146,0.027889607046758032,0.0,0.0,0.0,-0.46655822098255156,0.1204768262004248,0.11900436729192734,0.00932804248353554,0.0,0.0,0.0
TENX117,555,033x007,4370,22237,10,0.24384418204426767,0.11776338566262391,0.22153396904468536,0.016468661512959133,0.44732042253017423,1.0,0.4,-0.06730432212352752,0.14133364306186166,0.16224488317966462,0.011574347103302024,0.0,0.0,0.0,0.45853310599923136,0.20472296818687052,0.27800376564264295,0.047897439030187575,0.5526795566082001,1.0,0.6,-1.5207951486110687,0.39269398525201,0.040488500520586966,0.01287329467055305,0.0,0.0,0.0,0.030683277547359465,0.1524784642887473,0.18019923567771912,0.02483352697087275,0.0,0.0,0.0,-0.38933648020029066,0.09686704277500319,0.11752964332699775,0.007536442386095711,0.0,0.0,0.0
TENX117,556,033x008,5100,22237,10,0.3317927360534668,0.16338084866166072,0.21689271777868271,0.013863315862438254,0.4375874578952789,1.0,0.1,-0.0029188066720962523,0.16839254875256074,0.1550497367978096,0.007201236043923361,0.0,0.0,0.0,0.5859916746616364,0.2739511820956766,0.28385388255119326,0.0505673899447902,0.5624125480651856,1.0,0.9,-0.8830809257924557,0.5277707522242013,0.07469561956822872,0.041606332909814324,0.0,0.0,0.0,-0.08511299639940262,0.21971224708108872,0.14444679468870164,0.0230496403189158,0.0,0.0,0.0,-0.21780259907245636,0.1671644661935469,0.12506124898791313,0.005609655280736376,0.0,0.0,0.0
TENX117,557,033x009,5831,22237,10,0.24019411355257034,0.1625920933917804,0.19368052780628203,0.017382408459929076,0.38045535087585447,1.0,0.0,0.01875460669398308,0.13975735484666055,0.15476420223712922,0.007544691332330016,0.0,0.0,0.0,0.7353194713592529,0.1894362190157056,0.3207839995622635,0.05213724026134741,0.6195446491241455,1.0,1.0,-0.8897604197263718,0.39987980109189025,0.06734449751675128,0.025645704713024763,0.0,0.0,0.0,0.05915413796901703,0.1815859462034727,0.1626213774085045,0.023209545520737156,0.0,0.0,0.0,-0.41512988656759264,0.18224915376366882,0.10080539360642433,0.011397541044378538,0.0,0.0,0.0
TENX117,558,033x010,6562,22237,10,0.15068495720624925,0.0858080460101813,0.22256805896759033,0.020806039316962708,0.4524390369653702,1.0,0.4,-0.16345906369388102,0.16456551120148466,0.16261548697948455,0.0157052702640647,0.0,0.0,0.0,0.34522777125239373,0.28837977366021383,0.27564956694841386,0.058575320314151934,0.5475609421730041,1.0,0.6,-0.9843921422958374,0.3763112215872994,0.07849417589604854,0.03380877723971546,0.0,0.0,0.0,-0.1661205269396305,0.12949719720798225,0.16244669556617736,0.018189124936777407,0.0,0.0,0.0,-0.6660741806030274,0.10318141259643702,0.09822602644562721,0.007692070321842063,0.0,0.0,0.0
TENX117,559,033x011,7292,22237,10,0.16514991745352745,0.3410781738130943,0.21940259784460067,0.02401801032779895,0.4261884480714798,1.0,0.2,-0.19845969714224337,0.2383178208880426,0.15225095599889754,0.013665673553274724,0.0,0.0,0.0,0.4678077608346939,0.3104558878514194,0.3005932614207268,0.05588705515064443,0.573811537027359,1.0,0.8,-1.1742911361157895,0.4378295089521097,0.0685109069570899,0.04292500096907238,0.0,0.0,0.0,-0.17615099996328354,0.3744816865347094,0.15699224770069123,0.025012846471503355,0.0,0.0,0.0,-0.5986501857638359,0.3342848156539345,0.10225003138184548,0.011549179741527934,0.0,0.0,0.0
TENX117,560,033x012,8023,22237,10,0.03822015002369881,0.13373303584766744,0.1973278120160103,0.01461192502477758,0.41390191316604613,1.0,0.0,-0.18550304658710956,0.1029012201989731,0.15763965249061584,0.009774818427621972,0.0,0.0,0.0,0.39000869914889336,0.16807155987157357,0.28300999850034714,0.04282689730652732,0.5860980808734894,1.0,1.0,-0.6696636110544205,0.418342420467526,0.10577617660164833,0.03606499056655364,0.0,0.0,0.0,-0.20337115377187728,0.22894163257491792,0.15704701021313666,0.02864825174442446,0.0,0.0,0.0,-0.6498309165239334,0.141091526220458,0.09919934347271919,0.00770637510491993,0.0,0.0,0.0
TENX117,561,033x013,8754,22237,10,0.18496791645884514,0.13661283452364842,0.21882142275571823,0.02029166357545828,0.4297205716371536,1.0,0.2,-0.10270883813500405,0.15718140252226534,0.16429619193077089,0.01723169293341401,0.0,0.0,0.0,0.47309894412755965,0.24687587427028723,0.2962685450911522,0.05649151531442792,0.5702794253826141,1.0,0.8,-1.224393579363823,0.5056521375126427,0.0577996626496315,0.024885927009581726,0.0,0.0,0.0,-0.24014899805188178,0.16909046169216488,0.1447204701602459,0.026406668763267062,0.0,0.0,0.0,-0.4298220224678516,0.146742289680008,0.1180937223136425,0.007975272179742478,0.0,0.0,0.0
TENX117,562,033x014,9485,22237,10,0.154900461435318,0.09377000092945878,0.21444495171308517,0.014913240273447,0.43297477066516876,1.0,0.2,-0.13602925539016725,0.029735738298605662,0.1602011129260063,0.009463699019099398,0.0,0.0,0.0,0.42875338401645424,0.2278156761069831,0.2861663669347763,0.05204366864896809,0.56702521443367,1.0,0.8,-1.2379494786262513,0.36798779743734056,0.05745393633842468,0.023470734465641054,0.0,0.0,0.0,-0.03418156951665878,0.12886789848504973,0.17808632999658586,0.01903290156837955,0.0,0.0,0.0,-0.5718890219926834,0.109712179695163,0.10364730805158615,0.006868045332514258,0.0,0.0,0.0
TENX117,563,033x015,10215,22237,10,0.21973807886242866,0.149377498398673,0.21366086602210999,0.019993256209451207,0.423320335149765,1.0,0.2,-0.15349707007408142,0.07779348306112809,0.1465597227215767,0.0052820525800864595,0.0,0.0,0.0,0.5349334955215455,0.19502183205679588,0.2969006672501564,0.05613017380329993,0.5766796588897705,1.0,0.8,-1.0340962827205658,0.22499665446243577,0.06297848522663116,0.016313401216183746,0.0,0.0,0.0,0.08525924906134605,0.19153595677009166,0.18759677559137344,0.024744068957557677,0.0,0.0,0.0,-0.6183498829603196,0.14397755805236637,0.09230347871780395,0.007316751574292526,0.0,0.0,0.0
TENX117,564,033x016,10946,22237,10,0.1448064461350441,0.16133793542200073,0.21034418642520905,0.014399446317409758,0.380257785320282,0.9,0.0,-0.11520710326731205,0.14115989724164138,0.16215735375881196,0.01073426874273659,0.0,0.0,0.0,0.4336309378966689,0.21934004344651226,0.28453018963336946,0.04961362096943448,0.5705687940120697,1.0,1.0,-1.132041770219803,0.46568057489367737,0.06474671401083469,0.031653822026019934,0.0,0.0,0.0,0.010048750042915344,0.2371219797218721,0.18528919368982316,0.02669035589214128,0.049173402786254886,0.1,0.0,-0.6719080120325088,0.1624611947301938,0.0929323710501194,0.006142071802129093,0.0,0.0,0.0
TENX117,565,033x017,11677,22237,10,0.16480562090873718,0.11264120110154019,0.19409757554531099,0.015319684574080535,0.09026851952075958,0.2,0.0,-0.09457417353987693,0.09980745547747726,0.14983354210853578,0.0125558624548263,0.0,0.0,0.0,0.46552964001894,0.1563623117806879,0.2645206540822983,0.04013773662984563,0.4423496663570404,0.8,0.6,-0.8915664665400982,0.4790235822375962,0.07603004388511181,0.03741362736422474,0.0,0.0,0.0,0.3372837133705616,0.14663392890495436,0.23127111345529555,0.025325915996101667,0.4673818200826645,1.0,0.4,-0.6728108048439025,0.13429218180107275,0.08424708172678948,0.009574263419913208,0.0,0.0,0.0
TENX117,566,033x018,12407,22237,10,0.22755429670214652,0.1416097589951334,0.1901673197746277,0.01256295249465998,0.035539987683296206,0.1,0.0,0.06947462037205696,0.10603735960228386,0.16231742948293687,0.009903111507907684,0.0,0.0,0.0,0.6176620543003082,0.17501920182911754,0.2833305895328522,0.04108494215611099,0.571788701415062,1.0,0.9,-0.8662410736083984,0.3787613730342572,0.06795801520347595,0.022689692601658307,0.0,0.0,0.0,0.3236127570271492,0.1822441778842824,0.21071231067180635,0.028209934853896116,0.3926713079214096,0.9,0.1,-0.572006008028984,0.14555324891183619,0.08551432937383652,0.005997730626004095,0.0,0.0,0.0
TENX117,567,033x019,13138,22237,10,0.05954205393791199,0.10925247942226109,0.1997082307934761,0.013313336816828416,0.12621329426765443,0.3,0.0,-0.1824150625616312,0.13341211063130545,0.15676722377538682,0.009915429874455525,0.0,0.0,0.0,0.3658996693789959,0.19770946719580507,0.27414155155420306,0.04234833345097077,0.5055397570133209,0.9,0.6,-1.3740360140800476,0.3925996870558341,0.0520449435338378,0.022479316232195512,0.0,0.0,0.0,0.1421049304306507,0.17045838489757717,0.21842152178287505,0.030070113095256083,0.3682469427585602,0.8,0.4,-0.642200943827629,0.09323150110525341,0.09891652166843415,0.00513444409189341,0.0,0.0,0.0
TENX117,568,033x020,13869,22237,10,0.31340029165148736,0.19509260877670248,0.20289850234985352,0.01383400936361062,0.37400003969669343,0.9,0.1,0.08586084060370922,0.1029029733928562,0.16190911829471588,0.01478760262820263,0.0,0.0,0.0,0.6414557084441185,0.2322128908734121,0.2847172930836678,0.0454287019000829,0.577709099650383,1.0,0.9,-1.112361603975296,0.35613529969235797,0.05238691456615925,0.018841083848091883,0.0,0.0,0.0,0.17639140486717225,0.2979604821285887,0.1788703218102455,0.029604501729921802,0.04829086065292358,0.1,0.0,-0.21873125955462455,0.22016771081462622,0.11921784207224846,0.008728008351236338,0.0,0.0,0.0
TENX117,569,033x021,14600,22237,10,0.3593811303377151,0.14322356448190776,0.21555211544036865,0.018446097623187364,0.4244406223297119,1.0,0.2,0.022831228375434876,0.0781825279201982,0.15357129275798798,0.007319841692281566,0.0,0.0,0.0,0.6696528404951095,0.21638501882921268,0.2985908478498459,0.05779716054775788,0.5755593806505204,1.0,0.8,-1.408966338634491,0.4997060392968032,0.041811912506818774,0.023308553336732585,0.0,0.0,0.0,0.15274420380592346,0.18024859024788858,0.17645812779664993,0.025421241792268578,0.0,0.0,0.0,-0.27665077671408655,0.12531719814804573,0.1140156976878643,0.008559238606643201,0.0,0.0,0.0
TENX117,570,033x022,15330,22237,10,0.26433627083897593,0.2087716010653437,0.19069395810365677,0.014865052062114697,0.38298337161540985,1.0,0.0,0.09693074636161328,0.17993424695003324,0.16093676686286926,0.006228145605177758,0.0,0.0,0.0,0.747263741493225,0.25216440812740376,0.31178910136222837,0.047371619886437684,0.6170166313648224,1.0,1.0,-1.5108835518360137,0.4421737172916591,0.034859322011470795,0.013883810957325467,0.0,0.0,0.0,0.09107762947678566,0.17292689705220213,0.16101758629083635,0.019428274852548975,0.0,0.0,0.0,-0.03919384628534317,0.20757488789827197,0.1407032586634159,0.010063239655344629,0.0,0.0,0.0
TENX117,571,033x023,16061,22237,10,-0.06355543509125709,0.1437499455476505,0.14558833315968514,0.014456777027845195,0.0,0.0,0.0,0.026690932363271712,0.13620139224241962,0.1586316555738449,0.005083470013746498,0.10067385733127594,0.3,0.0,0.6054110258817673,0.21132959836414592,0.2857104554772377,0.04054678872990814,0.5855794340372086,1.0,0.7,-0.7860385552048683,0.5614167669540254,0.08180161193013191,0.04065449683659856,0.033513587713241574,0.1,0.0,0.2204615704715252,0.26622101793696357,0.1981605276465416,0.04750084349929647,0.28023312985897064,0.6,0.3,-0.17632917016744615,0.16226402825556113,0.13010742142796516,0.013438955060235642,0.0,0.0,0.0
TENX117,572,033x024,16792,22237,10,0.08594430536031723,0.17792297613622493,0.16867876946926116,0.01928596412575082,0.09556638300418854,0.3,0.0,-0.0029696544632315637,0.14957066138280273,0.15393369048833846,0.014015849397411632,0.029926589131355284,0.1,0.0,0.6704086035490036,0.13508699820969003,0.30437593162059784,0.04606724584011598,0.6206571131944656,1.0,0.9,-0.7694381415843964,0.5368228410702925,0.08128053955733776,0.038260192542387786,0.02933070659637451,0.1,0.0,0.10860913917422295,0.28639140850891687,0.1763502135872841,0.042049954981181706,0.2245192050933838,0.5,0.1,-0.29295715419575574,0.16653633123787623,0.11538085341453552,0.012160117065695721,0.0,0.0,0.0
TENX117,573,033x025,17522,22237,10,-0.005901117622852325,0.17520187069520177,0.1700405389070511,0.019849022062232106,0.13760690093040467,0.4,0.0,-0.12783872485160827,0.14747184148539783,0.149985371530056,0.012138417340033065,0.0,0.0,0.0,0.5415082514286041,0.3050394002272523,0.2981733977794647,0.06020619724638861,0.6152232587337494,1.0,0.9,-0.9775514513254165,0.43284859049837754,0.07044273503124714,0.030649928327429347,0.0,0.0,0.0,0.010326239466667175,0.2937084459044551,0.1758372128009796,0.03843345009978864,0.24716984629631042,0.6,0.1,-0.2299392931163311,0.19662803126076947,0.1355207420885563,0.01199938725622631,0.0,0.0,0.0
TENX117,574,033x026,18253,22237,10,-0.05367039516568184,0.20818863915913324,0.15041039437055587,0.013150930735293945,0.0,0.0,0.0,-0.11656609550118446,0.1818685141334824,0.14083014726638793,0.006141663039564175,0.0,0.0,0.0,0.6207943633198738,0.21611485339424538,0.29773554056882856,0.0461897439749348,0.5784387350082397,1.0,0.6,-1.001191145181656,0.529469959976741,0.06851639226078987,0.03794613209752019,0.0,0.0,0.0,0.29214986562728884,0.3521783793321226,0.21820120513439178,0.052578913933348945,0.42156125903129577,1.0,0.4,-0.245412577688694,0.20110618159221072,0.1243063010275364,0.01245153185607157,0.0,0.0,0.0
TENX117,575,033x027,18984,22237,10,-0.2075143650174141,0.07718221172596243,0.14069323390722274,0.006460081556161164,0.0,0.0,0.0,-0.1420002780854702,0.08670516054683026,0.15031266957521439,0.008664737031078631,0.0,0.0,0.0,0.39724330604076385,0.08849428594211554,0.2583195388317108,0.022725492654726995,0.5309251576662064,1.0,0.5,-1.0804596453905106,0.7072452280015489,0.07496109157800675,0.04811956572464775,0.0,0.0,0.0,0.2706902205944061,0.2593149116915249,0.2327893927693367,0.05295251076263696,0.4690748393535614,1.0,0.5,-0.19630820387974382,0.1384513326026487,0.14292408525943756,0.01500087269446864,0.0,0.0,0.0
TENX117,576,033x028,19715,22237,10,-0.16618232876062394,0.1396372574364994,0.1413855791091919,0.010906810149876968,0.0,0.0,0.0,-0.12713633179664613,0.09053291300858053,0.14687349498271943,0.009514922908612186,0.0,0.0,0.0,0.49505246579647066,0.14747209418995452,0.27486322075128555,0.03177267670579039,0.5509981483221054,1.0,0.7,-0.8995211325585842,0.8094216887722495,0.09111404856666923,0.06475286708718252,0.08237040042877197,0.2,0.0,0.21360848546028138,0.30805879076891873,0.2136772468686104,0.05645924115483371,0.36663143932819364,0.8,0.3,-0.23842897191643714,0.18886108539034746,0.1320864088833332,0.01572297377506708,0.0,0.0,0.0
TENX117,577,033x029,20445,22237,10,-0.004167257621884346,0.13732701252397836,0.15080083906650543,0.014612506322214275,0.0,0.0,0.0,0.016535800509154798,0.07136601655968892,0.15344542264938354,0.008017511609735888,0.0,0.0,0.0,0.6304153561592102,0.1533961436075681,0.28491718620061873,0.03125246682272056,0.5732036709785462,1.0,0.9,-0.695431062579155,0.5727562718283893,0.0878918420523405,0.04703180668622637,0.03799522519111633,0.1,0.0,0.30510191172361373,0.2639900804429363,0.20931123644113542,0.04446605089502477,0.3888010919094086,0.9,0.1,-0.28927490264177325,0.1720547732317607,0.11363348141312599,0.013190329036722497,0.0,0.0,0.0
TENX117,578,034x002,716,22968,10,0.11798581667244434,0.13594670178538645,0.16635670363903046,0.01200070181413323,0.0,0.0,0.0,-0.10259172357618809,0.09380130627121434,0.13368014246225357,0.012343495865840543,0.0,0.0,0.0,0.6510113328695297,0.10058072475541405,0.2848109111189842,0.033788978644092256,0.5098899245262146,1.0,0.6,-1.2775728046894073,0.311935831454344,0.04374736323952675,0.014489503465989087,0.0,0.0,0.0,0.6110486656427383,0.1867938783658149,0.2737244352698326,0.03349403451875921,0.49011007249355315,1.0,0.4,-0.4164965141564608,0.16370292249130414,0.09768045395612716,0.009529779919547099,0.0,0.0,0.0
TENX117,579,034x003,1447,22968,10,0.0938351683318615,0.18385191222590222,0.21447427719831466,0.018096107620842763,0.42995683550834657,1.0,0.2,-0.22604609429836273,0.13294689718601674,0.15543641597032548,0.008372395003396912,0.0,0.0,0.0,0.38045618291944266,0.2868299967464275,0.29022623896598815,0.05529155844796746,0.5700431704521179,1.0,0.8,-1.1454085260629654,0.6128962088205925,0.07887827213853597,0.05287211347191612,0.0,0.0,0.0,-0.20071207508444786,0.2885305022037974,0.16147291213274,0.027848323003253454,0.0,0.0,0.0,-0.6780947178602219,0.25651286707571785,0.0995118871331215,0.012428727085932194,0.0,0.0,0.0
TENX117,580,034x004,2177,22968,10,0.2384110286831856,0.10122524819546543,0.22126757204532624,0.014080540945297256,0.44526904821395874,1.0,0.3,-0.08861396722495556,0.10478522181298007,0.15926988273859025,0.003673630156653231,0.0,0.0,0.0,0.46141832023859025,0.21141701873803415,0.28069988489151,0.05093005972486594,0.5547309309244156,1.0,0.7,-1.207034856081009,0.43557723371764784,0.05742223002016544,0.031052337377936494,0.0,0.0,0.0,-0.04178541004657745,0.16902301038737527,0.16861737221479417,0.024517940692519048,0.0,0.0,0.0,-0.4359780803322792,0.11505719197898422,0.11272308975458145,0.0070974410905479636,0.0,0.0,0.0
TENX117,581,034x005,2908,22968,10,0.22188128381967545,0.12679317352797076,0.20465108901262283,0.010908572624910882,0.33626377284526826,0.8,0.0,-0.02360672578215599,0.08884183630519303,0.16003504544496536,0.007123256370949667,0.0,0.0,0.0,0.5105032384395599,0.2053889417714858,0.2759292900562286,0.04162117808619758,0.5706812977790833,1.0,1.0,-0.9149662673473358,0.3770697087923108,0.07185071501880884,0.029133385910274597,0.0,0.0,0.0,0.10845350623130798,0.19858446142839567,0.18404001593589783,0.023748724170314723,0.09305491745471954,0.2,0.0,-0.4618362635374069,0.1669503639746222,0.10349383130669594,0.008461413472102714,0.0,0.0,0.0
TENX117,582,034x006,3639,22968,10,0.29137445986270905,0.12284716655364691,0.22449177503585815,0.019188395925089117,0.42944671511650084,1.0,0.2,-0.12072095349431038,0.12925314153215492,0.14823006093502045,0.005373391129131614,0.0,0.0,0.0,0.5800072968006134,0.26315490189676954,0.30279902219772337,0.05061847163930605,0.5705532968044281,1.0,0.8,-1.609309011697769,0.3515109496160078,0.035996203497052195,0.014409324131853871,0.0,0.0,0.0,0.02179829329252243,0.15589008499209817,0.17181329280138016,0.01855527145093989,0.0,0.0,0.0,-0.36231977343559263,0.10724016307091512,0.1166696384549141,0.008863285186501707,0.0,0.0,0.0
TENX117,583,034x007,4370,22968,10,0.30977196991443634,0.1937776665991442,0.2164165660738945,0.01514205000304735,0.43765648603439333,1.0,0.3,-0.011543052643537522,0.15814199361695966,0.15672554820775986,0.0070742418716234915,0.0,0.0,0.0,0.5636895798146725,0.2573391241957752,0.28226176649332047,0.04676523729796011,0.5623435080051422,1.0,0.7,-1.603131467103958,0.48655352537128255,0.040163157507777214,0.03272388555607698,0.0,0.0,0.0,0.06890313625335694,0.27814928330614236,0.17155247628688813,0.02545957200352582,0.0,0.0,0.0,-0.17886992562562226,0.22480156835955334,0.1328805133700371,0.010784910539690462,0.0,0.0,0.0
TENX117,584,034x008,5100,22968,10,0.24706644266843797,0.1513142568253344,0.22006193399429322,0.018217683731856726,0.4406294822692871,1.0,0.3,-0.04001004211604595,0.12529827002630137,0.16471510380506516,0.0065918371023473985,0.0,0.0,0.0,0.4887383207678795,0.2532369671716198,0.28308138251304626,0.04587025261628328,0.5593705296516418,1.0,0.7,-1.2725593090057372,0.3981200817300515,0.05296006724238396,0.021921925730380185,0.0,0.0,0.0,-0.11632097214460373,0.1711305728625663,0.1536184936761856,0.018121795406389456,0.0,0.0,0.0,-0.3118696540594101,0.1214996909672248,0.12556300088763236,0.006237610162086344,0.0,0.0,0.0
TENX117,585,034x009,5831,22968,10,0.26404876112937925,0.15143791106772928,0.21177099645137787,0.01952637257446676,0.4316406071186066,1.0,0.2,-0.03295103684067726,0.09563047337217694,0.15681794583797454,0.0057367721738990655,0.0,0.0,0.0,0.5433884963393212,0.1961481166332136,0.2836138442158699,0.051491598096959086,0.5683593869209289,1.0,0.8,-0.6625849470496178,0.5724048186951267,0.09490842744708061,0.04326387768285673,0.0,0.0,0.0,-0.10255327820777893,0.2152613580522434,0.148492468893528,0.02689609996007713,0.0,0.0,0.0,-0.44309811741113664,0.18265753765203271,0.10439629405736923,0.009360118447660862,0.0,0.0,0.0
TENX117,586,034x010,6562,22968,10,0.12130292803049088,0.18110904627669808,0.21642816662788392,0.015239566134540484,0.43254621922969816,1.0,0.1,-0.10872048735618592,0.14644665576316135,0.17226409316062927,0.015264203995260794,0.0,0.0,0.0,0.39564129542559384,0.20300275771503828,0.28720269203186033,0.042115743274549124,0.5674537748098374,1.0,0.9,-1.159164434671402,0.14249739152250493,0.061139562353491786,0.011780851452223738,0.0,0.0,0.0,-0.22452166303992271,0.19858446101352598,0.15411106497049332,0.020224617104330773,0.0,0.0,0.0,-0.5683876425027847,0.20848145482586344,0.10885440036654473,0.010685511939067593,0.0,0.0,0.0
TENX117,587,034x011,7292,22968,10,0.18536121621727944,0.19444483837302468,0.2097990483045578,0.014780261271879534,0.4206918030977249,1.0,0.0,-0.16138167604804038,0.14435396839513684,0.14841128140687943,0.011400880492288202,0.0,0.0,0.0,0.5087635755538941,0.20613673061188803,0.2925281226634979,0.044086818069827095,0.5793082177639007,1.0,1.0,-0.9339263141155243,0.46555444728338086,0.07432472202926874,0.028655220927873974,0.0,0.0,0.0,-0.0006417818367481232,0.25175775412837315,0.17584602981805803,0.027368999943384462,0.0,0.0,0.0,-0.5663834512233734,0.1918074768904755,0.09909080490469932,0.009205996482116908,0.0,0.0,0.0
TENX117,588,034x012,8023,22968,10,0.20286378040909767,0.19884303379344212,0.23238907903432846,0.018304277933541634,0.461960169672966,1.0,0.4,-0.21596011333167553,0.23928657344172719,0.1527540624141693,0.010211436097289198,0.0,0.0,0.0,0.346761716157198,0.29989604379007306,0.272043314576149,0.049076172378698435,0.4462100684642792,0.8,0.6,-1.0437840908765792,0.4421654499811162,0.07368609849363565,0.03173968037597742,0.0,0.0,0.0,-0.05883771255612373,0.23759515793530597,0.1802999496459961,0.027044748735661577,0.09182977378368377,0.2,0.0,-0.7597076117992401,0.20399498979962838,0.08882749825716019,0.007866137952889646,0.0,0.0,0.0
TENX117,589,034x013,8754,22968,10,0.23528287708759307,0.14091352730434037,0.2165940910577774,0.016907338860964766,0.41721151471138,1.0,0.1,-0.14678051955997945,0.12380052953082016,0.14753203094005585,0.00688807885308799,0.0,0.0,0.0,0.5744587436318398,0.2186655325201383,0.30760805010795594,0.05187554623484572,0.5827884942293167,1.0,0.9,-1.0461111783981323,0.3130088481100009,0.0638256274163723,0.021869636163962126,0.0,0.0,0.0,-0.03674192056059837,0.21259245551647366,0.16623638868331908,0.024116862515788574,0.0,0.0,0.0,-0.5568885266780853,0.15217015817862042,0.09820383489131927,0.009094751656452873,0.0,0.0,0.0
TENX117,590,034x014,9485,22968,10,0.28672206178307535,0.14137055497393555,0.2123846858739853,0.016565727364616332,0.3776846617460251,0.9,0.1,-0.014042232185602188,0.09821283616116352,0.15684188902378082,0.005558510492064031,0.0,0.0,0.0,0.604326742887497,0.18405430370173004,0.2947984844446182,0.04740991026166251,0.5758779257535934,1.0,0.9,-1.3279422283172608,0.2722796604089364,0.04424571488052607,0.013454247104582073,0.0,0.0,0.0,0.17187768891453742,0.21430124080647026,0.19057283103466033,0.026365206802822682,0.046437430381774905,0.1,0.0,-0.4556627869606018,0.16068402005902568,0.10115640461444855,0.008718898449920612,0.0,0.0,0.0
TENX117,591,034x015,10215,22968,10,0.027310024946928024,0.10299785956144036,0.20801617354154586,0.01882203958435036,0.3837047517299652,0.9,0.3,-0.30642503350973127,0.11678560547626551,0.1487657271325588,0.010106838876431889,0.0,0.0,0.0,0.3124758621677756,0.24937681631654157,0.28088583052158356,0.054877415335832964,0.5664644926786423,1.0,0.7,-0.8348818503320217,0.4859724477661009,0.10030099153518676,0.052783216014290965,0.04983074963092804,0.1,0.0,-0.1971098631620407,0.1524543829344641,0.1674054518342018,0.024866605652821786,0.0,0.0,0.0,-0.7607803106307983,0.13184852703848585,0.09462581872940064,0.008878101629854175,0.0,0.0,0.0
TENX117,592,034x016,10946,22968,10,0.23576171100139617,0.17420607937001037,0.22450595796108247,0.01589769899840804,0.4513953775167465,1.0,0.3,-0.08938518017530442,0.13518267302296275,0.16186526268720627,0.005112210319190952,0.0,0.0,0.0,0.43380973022431135,0.26760298929095333,0.27767048329114913,0.05075618248336578,0.5486046105623246,1.0,0.7,-1.2150910139083861,0.36654358667058246,0.059014519490301606,0.030695066859570942,0.0,0.0,0.0,-0.00018019899725914003,0.23174768542867322,0.17857843041419982,0.02488853889159452,0.0,0.0,0.0,-0.5884339317679406,0.17462151760621658,0.09836535155773163,0.00537779359506236,0.0,0.0,0.0
TENX117,593,034x017,11677,22968,10,0.17144797071814538,0.15612431199564766,0.21109956204891206,0.017417748845549513,0.17422360479831694,0.4,0.1,-0.133508874848485,0.1632287134298312,0.1553180381655693,0.008328005693562837,0.0,0.0,0.0,0.4336739515885711,0.25315034477425735,0.27712648510932925,0.04475619783163233,0.5067393481731415,0.9,0.7,-1.2575880527496337,0.3447486433029351,0.05424822568893432,0.021176681425917908,0.0,0.0,0.0,0.18965644165873527,0.21354365080647317,0.21620851755142212,0.029304306009614242,0.31903704106807707,0.7,0.2,-0.7267803728580475,0.18939917676831483,0.08599916473031044,0.007307840523464415,0.0,0.0,0.0
TENX117,594,034x018,12407,22968,10,0.08933343142271041,0.10646101110289277,0.18717181533575059,0.015815734557474072,0.08030683696269988,0.2,0.0,-0.16233478114008904,0.11078210493484539,0.14541893750429152,0.010777577701529028,0.0,0.0,0.0,0.47519937008619306,0.19995634419071184,0.27824227064847945,0.04621113176026421,0.5116497784852981,0.9,0.6,-0.921938693523407,0.3965617978505437,0.07396106235682964,0.03275803513225474,0.0,0.0,0.0,0.24278398975729942,0.1875734799849078,0.22043901234865187,0.03665337027755837,0.4080433905124664,0.9,0.4,-0.5919235646724701,0.11499237030811038,0.09476689472794533,0.008808719977010895,0.0,0.0,0.0
TENX117,595,034x019,13138,22968,10,0.12129756435751915,0.2152009910167274,0.19425990283489228,0.010086915159991798,0.17049694061279297,0.4,0.0,-0.11984182186424733,0.20246560028031887,0.15258875638246536,0.006836542834584935,0.0,0.0,0.0,0.42534115314483645,0.2735832657195502,0.26644579619169234,0.04243750448344765,0.5431625723838807,1.0,0.8,-1.1832994878292085,0.5565983080607904,0.06747468281537294,0.04598324796173991,0.0,0.0,0.0,0.22328741997480392,0.35693043221240356,0.21825600862503053,0.038748288035734914,0.28634048998355865,0.6,0.2,-0.5342448025941848,0.24343169936363507,0.10097488015890121,0.007220802757542262,0.0,0.0,0.0
TENX117,596,034x020,13869,22968,10,0.2118010088801384,0.1235853829279009,0.19919387251138687,0.018755584366370155,0.2800512194633484,0.7,0.1,-0.05293610543012619,0.07612370701794126,0.1526741564273834,0.011826024868257979,0.0,0.0,0.0,0.5734791651368141,0.25357461344675414,0.2903500720858574,0.05632156472974261,0.5332674831151962,0.9,0.8,-1.2557715058326722,0.2670258403713128,0.04860043041408062,0.017085801418780678,0.0,0.0,0.0,0.19413059055805207,0.19855069843592077,0.1972372516989708,0.031069481448677463,0.1866812974214554,0.4,0.1,-0.3622496709227562,0.12913847978561865,0.11194421648979187,0.007335120267443928,0.0,0.0,0.0
TENX117,597,034x021,14600,22968,10,0.22267978489398957,0.16856859202301275,0.19461333602666855,0.01740203699056252,0.2826549232006073,0.7,0.0,0.05447244346141815,0.10364454094470975,0.16404167860746383,0.007967863039867481,0.0,0.0,0.0,0.5842879429459572,0.21289140690404912,0.2821571961045265,0.0464281867088755,0.533054918050766,0.9,0.9,-1.174787575006485,0.2829865419855777,0.05130570344626904,0.01919943709354854,0.0,0.0,0.0,0.20865344181656836,0.22340314380884738,0.1932995468378067,0.02892768389426092,0.1842901736497879,0.4,0.1,-0.3072554491460323,0.16714977360680947,0.11458254829049111,0.010509574881502379,0.0,0.0,0.0
TENX117,598,034x022,15330,22968,10,0.2200987808406353,0.07020737612405265,0.18278972208499908,0.015053847626106046,0.1073978990316391,0.3,0.0,0.05065010823309422,0.06949974301076686,0.15396654158830642,0.007824646424308523,0.0,0.0,0.0,0.7173355370759964,0.2089016452109741,0.3045153573155403,0.054796032870072876,0.5926145583391189,1.0,0.9,-1.7538526237010956,0.6707038094916032,0.03160949880257249,0.020335909590596012,0.0,0.0,0.0,0.3125932261347771,0.16494321213991753,0.2027849778532982,0.035275519025753085,0.29998753368854525,0.7,0.1,-0.16481210961937903,0.06562816525158428,0.12433389276266098,0.009653670357569992,0.0,0.0,0.0
TENX117,599,034x023,16061,22968,10,0.056775306537747386,0.21445636489873332,0.16036008894443513,0.017283185860343508,0.0,0.0,0.0,0.0625712063163519,0.14712900482569574,0.16058567762374878,0.00889697294058449,0.12689037919044494,0.4,0.0,0.6847029753029347,0.24127101538398385,0.302551743388176,0.04746044676907937,0.5967551290988922,1.0,0.8,-1.0058135390281677,0.6577756430368635,0.06855835197493435,0.0402282423782507,0.0,0.0,0.0,0.2453264608979225,0.34068073362360685,0.19909706711769104,0.051091966296382005,0.2763544976711273,0.6,0.2,-0.3334700897336006,0.2584149799170856,0.10884707197546958,0.014344139631682063,0.0,0.0,0.0
TENX117,600,034x024,16792,22968,10,0.016689369827508925,0.17359020291184438,0.15699311047792436,0.01691371503349663,0.03145054280757904,0.1,0.0,-0.0487826157361269,0.12890431015598755,0.1463469460606575,0.006645050151574553,0.05703766345977783,0.2,0.0,0.7141606986522675,0.1739619432917528,0.31838344782590866,0.0543733966222387,0.6230875611305237,1.0,1.0,-1.0772585690021514,0.6352098161819428,0.062342132162302735,0.03104836127780669,0.0,0.0,0.0,0.19073345363140107,0.2736677898915328,0.19050727933645248,0.042717462209673235,0.2884242385625839,0.7,0.0,-0.20649084374308585,0.1523373463869815,0.12542708665132524,0.011755968623823582,0.0,0.0,0.0
TENX117,601,034x025,17522,22968,10,-0.08289317935705184,0.1179001685197696,0.17734073251485824,0.017111559374407545,0.0,0.0,0.0,-0.3008854329586029,0.13123697308051077,0.14216002970933914,0.007679650165494117,0.0,0.0,0.0,0.4160883314907551,0.22527858674153248,0.29580325037240984,0.054406798046756376,0.5796113044023514,1.0,0.7,-1.353593212366104,0.4835573709530836,0.05496635418385267,0.025615052854825796,0.0,0.0,0.0,0.08421838954091072,0.17943544723958155,0.212556828558445,0.041117956522966584,0.4203887075185776,1.0,0.3,-0.4983829468488693,0.0947675576679476,0.11717278435826302,0.012812477010843,0.0,0.0,0.0
TENX117,602,034x026,18253,22968,10,0.06265960969030857,0.13777638950061158,0.15831471085548401,0.012309549534774726,0.0,0.0,0.0,-0.031161724403500558,0.07785589236331782,0.14395199567079545,0.008453336951244983,0.0,0.0,0.0,0.6433098316192627,0.17090674004479767,0.2863759472966194,0.04915348735424611,0.5569551169872284,1.0,0.6,-1.0029917925596237,0.7134209796510923,0.06891658529639244,0.04161481733323143,0.0,0.0,0.0,0.4076759763062,0.28406838000167595,0.2284219369292259,0.05157524562885074,0.44304490089416504,1.0,0.4,-0.26761196590960024,0.1563158200512211,0.11401881873607636,0.011495872950564116,0.0,0.0,0.0
TENX117,603,034x027,18984,22968,10,-0.11433298140764236,0.1329369494880769,0.14724547117948533,0.015277340614414372,0.0,0.0,0.0,-0.11061653196811676,0.08669161737905191,0.14715508818626405,0.006535727912832889,0.06407120525836944,0.2,0.0,0.5801241114735604,0.1628554863151117,0.29505004584789274,0.031275161000920745,0.597469511628151,1.0,0.9,-0.817483439296484,0.6840966383231012,0.09092085175216198,0.05629693134199492,0.07198583781719207,0.2,0.0,0.11127007529139518,0.2968488890656564,0.19034140259027482,0.05039409167448095,0.2664734244346619,0.6,0.1,-0.24760952526703478,0.18106189181292992,0.12928713485598564,0.016867499820298427,0.0,0.0,0.0
TENX117,604,034x028,19715,22968,10,0.0039767690002918245,0.08520805711205438,0.15135056376457215,0.007832084661904076,0.0,0.0,0.0,0.04027345478534698,0.09465140037126664,0.15715984702110292,0.011469995090008322,0.0,0.0,0.0,0.5560576140880584,0.11383061635156559,0.2646080359816551,0.032939320404509725,0.5224977552890777,1.0,0.5,-1.2327264726161957,0.6111438155668941,0.053327294625341894,0.032905458740640436,0.0,0.0,0.0,0.4640646010637283,0.22007240246083523,0.24387725740671157,0.04625844185605191,0.47750223278999326,1.0,0.5,-0.152197237405926,0.11978331658776213,0.12967701032757759,0.009973069721610823,0.0,0.0,0.0
TENX117,605,034x029,20445,22968,10,-0.027001503854990005,0.1644322523424211,0.15070799738168716,0.010668097890371122,0.0,0.0,0.0,-0.02715519294142723,0.17341732656395378,0.15100100189447402,0.014460909791826957,0.0,0.0,0.0,0.5541951030492782,0.12836680318329666,0.270435157418251,0.029229392377766176,0.5379043966531754,1.0,0.6,-0.9893470220267773,0.6604847468660606,0.07284269612282515,0.0461986211910344,0.0,0.0,0.0,0.3987635776400566,0.2914910916746678,0.2357737272977829,0.051138115510412946,0.4620956093072891,1.0,0.4,-0.26283210813999175,0.1584739817181667,0.11923941224813461,0.010785680828381041,0.0,0.0,0.0
TENX117,606,035x002,716,23699,10,-0.14713436216115952,0.10867325787706428,0.1444687530398369,0.011210055511081517,0.0,0.0,0.0,-0.1622592680156231,0.10352822837584087,0.1423385389149189,0.011168998506369213,0.0,0.0,0.0,0.5111010909080506,0.14367888119911265,0.2793231964111328,0.024654022376049446,0.5058422178030014,1.0,0.5,-0.9825956523418427,0.2673580037588292,0.06490324176847935,0.01660065656666558,0.0,0.0,0.0,0.4876249015331268,0.14327544612958676,0.2733886823058128,0.029991206464057438,0.4941577881574631,1.0,0.5,-0.5612994462251664,0.1548237897314773,0.09557757675647735,0.008731961304741504,0.0,0.0,0.0
TENX117,607,035x003,1447,23699,10,0.06029195412993431,0.1509805927013505,0.19253261387348175,0.01211100734153499,0.07941227555274963,0.2,0.0,-0.24964363276958465,0.15209492857421597,0.14123242795467378,0.009036799841931242,0.0,0.0,0.0,0.5007236368954182,0.2314441066350776,0.30164294987916945,0.04342612269097172,0.5882081747055053,1.0,1.0,-0.9893951743841172,0.3192905161389074,0.07343089561909437,0.030283044993963323,0.0,0.0,0.0,0.12753895297646523,0.23296943468848316,0.20675246715545653,0.022744544244267934,0.3323795676231384,0.8,0.0,-0.7643956452608108,0.1757758714465032,0.08440866097807884,0.0054378393649570644,0.0,0.0,0.0
TENX117,608,035x004,2177,23699,10,0.1252902239561081,0.1225177182356708,0.20367649495601653,0.015063850286897095,0.4109054535627365,1.0,0.0,-0.10078320913016796,0.09252534537706678,0.1620786815881729,0.003999268341887037,0.0,0.0,0.0,0.48960601892322303,0.1910617030105096,0.2958487540483475,0.04453590812869441,0.5890945613384246,1.0,1.0,-0.9214916557073594,0.3481574576535368,0.07681184969842433,0.028138798711756736,0.0,0.0,0.0,-0.15217867717146874,0.18256831123615108,0.1554949812591076,0.022216689409695185,0.0,0.0,0.0,-0.5286546394228935,0.17245789168872397,0.1060892291367054,0.0100779193815923,0.0,0.0,0.0
TENX117,609,035x005,2908,23699,10,-0.02268642857670784,0.09403109696923306,0.21008742451667786,0.01330300884312096,0.422558656334877,1.0,0.1,-0.3102813720703125,0.13420745289226985,0.15795017033815384,0.014727743663977451,0.0,0.0,0.0,0.293122742138803,0.20377878397352456,0.29196819812059405,0.049384456821541155,0.577441331744194,1.0,0.9,-1.0100223176181315,0.4016535454437248,0.08583926036953926,0.040524256002300856,0.0,0.0,0.0,-0.32429724037647245,0.15275147008771198,0.15631434470415115,0.01977361807311839,0.0,0.0,0.0,-0.7881028711795807,0.1096555308290584,0.09784059822559357,0.007991197245812931,0.0,0.0,0.0
TENX117,610,035x006,3639,23699,10,0.4217624872922897,0.07782209478913249,0.2227027416229248,0.012091896425507941,0.43212905824184417,1.0,0.1,0.025186896696686743,0.08737468308838386,0.15013228058815004,0.012776640491847343,0.0,0.0,0.0,0.6973158925771713,0.167697045869162,0.29572116732597353,0.04019080261797368,0.5678709447383881,1.0,0.9,-1.0774591833353042,0.32131350387750757,0.052721241302788255,0.01873366430830238,0.0,0.0,0.0,-0.012359226495027542,0.17576156728386141,0.1456188216805458,0.021500024538942963,0.0,0.0,0.0,-0.09299066290259361,0.08498154626317653,0.13310375437140465,0.007303630279010852,0.0,0.0,0.0
TENX117,611,035x007,4370,23699,10,0.3210980735719204,0.14354674016799698,0.2206982523202896,0.015853641227264913,0.44503950476646426,1.0,0.2,-0.017318785935640336,0.11780339293463327,0.15771312564611434,0.015359821222461873,0.0,0.0,0.0,0.5440640896558762,0.22742720507141992,0.27802701443433764,0.039661132543778795,0.554960498213768,1.0,0.8,-1.6823814451694488,0.46507230016322,0.033330512791872026,0.014647085230008614,0.0,0.0,0.0,-0.008257492631673812,0.149985062024319,0.1592436447739601,0.0168712613670502,0.0,0.0,0.0,-0.05941517502069473,0.17772032919326763,0.15098745077848436,0.012807706711920382,0.0,0.0,0.0
TENX117,612,035x008,5100,23699,10,0.2337440088391304,0.10585416905670525,0.2146715223789215,0.01810050858138253,0.43512497246265414,1.0,0.2,-0.08971030600368976,0.06010119217250721,0.1550973191857338,0.009371078593771459,0.0,0.0,0.0,0.49321783930063245,0.18713006901172877,0.28123618513345716,0.046588063515184415,0.5175043702125549,0.9,0.8,-1.195431825518608,0.4488711158899605,0.05771694909781218,0.028356953723193155,0.0,0.0,0.0,0.04189063459634781,0.16254091348403618,0.1783800706267357,0.025664670042869098,0.04737065136432648,0.1,0.0,-0.41001860350370406,0.12823128308626924,0.11289794966578484,0.010911819124773379,0.0,0.0,0.0
TENX117,613,035x009,5831,23699,10,0.08450470194220543,0.09883601889744788,0.19416216611862183,0.0257392494630916,0.33265126347541807,0.8,0.1,-0.11007073000073433,0.1058690907186397,0.15899400860071183,0.013509631248469905,0.0,0.0,0.0,0.42727098166942595,0.14472082333638306,0.27492789179086685,0.0457012238658454,0.5492597430944443,1.0,0.7,-0.461701375246048,0.6748228717585768,0.13645997904241086,0.09561504246660758,0.1180889904499054,0.2,0.2,-0.24605957716703414,0.20135026871633643,0.14225175529718398,0.03244666548839088,0.0,0.0,0.0,-0.653491273522377,0.1160477119094936,0.0932042010128498,0.014669333372499602,0.0,0.0,0.0
TENX117,614,035x010,6562,23699,10,0.22434737756848336,0.10050713644989245,0.21559976041316986,0.014964261335840804,0.37973097562789915,0.9,0.2,-0.16654842533171177,0.09973802822475929,0.14573994427919387,0.008241507729019245,0.0,0.0,0.0,0.5118189617991448,0.21838459151544196,0.2916364535689354,0.05222382542017531,0.5702255249023438,1.0,0.7,-1.1022442936897279,0.49031586593544213,0.06522333733737469,0.036476178664380444,0.0,0.0,0.0,0.035293926298618314,0.18276191345663598,0.17995206713676454,0.02728572203856306,0.0500434935092926,0.1,0.1,-0.5264890789985657,0.11796443547703188,0.10184846073389053,0.008376435919067341,0.0,0.0,0.0
TENX117,615,035x011,7292,23699,10,0.23474050909280778,0.09401427168739748,0.2178708240389824,0.018399625360637026,0.44524639248847964,1.0,0.3,-0.1056028489023447,0.07460531439630348,0.15473246574401855,0.008718184945488998,0.0,0.0,0.0,0.45792561024427414,0.16272602144042064,0.2755615070462227,0.047858944086206195,0.5547536164522171,1.0,0.7,-1.0348061352968216,0.3638192894578403,0.06480563208460807,0.021568612995039135,0.0,0.0,0.0,0.061276013404130934,0.14783989994796534,0.18412034213542938,0.024200723082253572,0.0,0.0,0.0,-0.5146626472473145,0.0987727005925291,0.10290920734405518,0.007739063056517065,0.0,0.0,0.0
TENX117,616,035x012,8023,23699,10,0.2779516614973545,0.10750515536165,0.22626187056303024,0.022656321922009687,0.44460504651069643,1.0,0.4,-0.08316824324429035,0.06449839240813664,0.1572567492723465,0.010149283708574186,0.0,0.0,0.0,0.5046357259154319,0.2014886170409719,0.2884377375245094,0.05747181480199114,0.5553949475288391,1.0,0.6,-0.852842316031456,0.44703898541950177,0.08077123649418354,0.042060130615575626,0.0,0.0,0.0,-0.11008873879909516,0.17482760765687663,0.15501108169555664,0.026707604190882552,0.0,0.0,0.0,-0.6198648929595947,0.11142925720755172,0.09226133599877358,0.009905302550382428,0.0,0.0,0.0
TENX117,617,035x013,8754,23699,10,0.24740444794297217,0.09654693611049593,0.22109989523887635,0.021052404772646985,0.43649027943611146,1.0,0.2,-0.07150150313973427,0.0957390503269997,0.16024228632450105,0.008364178055046774,0.0,0.0,0.0,0.48365572839975357,0.19982543517564416,0.28360486030578613,0.051558882046401,0.4648558676242828,0.8,0.7,-1.384451550245285,0.44064398348623557,0.04741609189659357,0.020670343408256697,0.0,0.0,0.0,0.0805896945297718,0.17415355269716057,0.1889539748430252,0.032378500949470895,0.09865385591983795,0.2,0.1,-0.5586670190095901,0.10198683380154619,0.09868289008736611,0.008634566475719143,0.0,0.0,0.0
TENX117,618,035x014,9485,23699,10,0.16957369819283485,0.16376470156148557,0.2091161385178566,0.018974392782456915,0.41021370589733125,1.0,0.0,-0.12320530526340008,0.10493925039558738,0.1556590899825096,0.009040863707191487,0.0,0.0,0.0,0.5393661975860595,0.21590647684713543,0.30663657039403913,0.056389458374789904,0.5897862792015076,1.0,1.0,-0.8607724338769913,0.2736683001756224,0.07770488820970059,0.023838598078141007,0.0,0.0,0.0,-0.1197185143828392,0.21109344930697796,0.15767609179019929,0.023722307284954728,0.0,0.0,0.0,-0.6383874148130417,0.1829443005983194,0.09320723339915275,0.008478946726598392,0.0,0.0,0.0
TENX117,619,035x015,10215,23699,10,0.17426030859351158,0.10381518288220314,0.21003143042325972,0.012196459727380466,0.2528694421052933,0.6,0.0,-0.1536308489739895,0.08761182898905441,0.1515538975596428,0.012133899923814927,0.0,0.0,0.0,0.4433702275156975,0.14117433543557795,0.27705209851264956,0.03797914276015715,0.5582562208175659,1.0,0.9,-1.2860752165317535,0.39472255685392144,0.05345573108643294,0.022966175548363044,0.0,0.0,0.0,0.1374890051782131,0.19638594585673963,0.2044218361377716,0.031183896633469904,0.188874351978302,0.4,0.1,-0.5337688475847244,0.08565440538067186,0.10348499044775963,0.006359837157703339,0.0,0.0,0.0
TENX117,620,035x016,10946,23699,10,0.24057386294007302,0.21372166669145706,0.2054778143763542,0.017112637434102396,0.1665599375963211,0.4,0.0,-0.06722941696643829,0.2034432906031233,0.15078847259283065,0.008926179100906097,0.0,0.0,0.0,0.5255992790684104,0.24551126862287545,0.2762380912899971,0.045493968209217535,0.4653908282518387,0.8,0.7,-1.0333425462245942,0.1732890999998017,0.059926695004105565,0.017334640601557778,0.0,0.0,0.0,0.29222333133220674,0.2781352313139533,0.2181119665503502,0.033345317324538,0.3680492639541626,0.8,0.3,-0.5929931812919677,0.23996801735489284,0.08945696130394935,0.00937243284209854,0.0,0.0,0.0
TENX117,621,035x017,11677,23699,10,0.19512097388505936,0.109198276935659,0.21611866652965545,0.017079072505368293,0.3939982086420059,0.9,0.3,-0.09690873250365258,0.09454821981220746,0.16109537631273269,0.008335854403580666,0.0,0.0,0.0,0.41333558037877083,0.20167758173233133,0.2719423994421959,0.04636973214557977,0.4559823632240295,0.8,0.6,-1.2512340664863586,0.2691959468280148,0.05291230864822864,0.01446125711363609,0.0,0.0,0.0,0.11735020950436592,0.14848814368538502,0.20125654935836793,0.02782197294460991,0.15001941919326783,0.3,0.1,-0.6091146409511566,0.12489818538300239,0.09667471051216125,0.007448400390888687,0.0,0.0,0.0
TENX117,622,035x018,12407,23699,10,0.1319708153605461,0.08500901885609792,0.19833702296018602,0.016199692508982868,0.3195736140012741,0.8,0.1,-0.13287076428532602,0.0753033895856413,0.15187083035707474,0.007213869577354911,0.0,0.0,0.0,0.5204446457326413,0.19477053993560123,0.2953250214457512,0.046135081978993846,0.5911561578512192,1.0,0.9,-1.010477065294981,0.44069815772181015,0.06872699670493602,0.030398592930548484,0.0,0.0,0.0,0.06443571597337723,0.12228887330348932,0.18656531870365142,0.025836236441443287,0.08927023112773895,0.2,0.0,-0.5620520025491714,0.10052696159279864,0.09917480498552322,0.009231039396434559,0.0,0.0,0.0
TENX117,623,035x019,13138,23699,10,0.23519475609064103,0.12455826802145865,0.21172498315572738,0.016581980858168706,0.3866024762392044,0.9,0.1,-0.06374431028962135,0.09437759149312576,0.15677689462900163,0.008725325989085679,0.0,0.0,0.0,0.48097080588340757,0.21112287468118648,0.27434625327587125,0.048972306717160505,0.4128294765949249,0.7,0.7,-1.1869106441736221,0.45897554055386575,0.05795746482908726,0.029079176340896417,0.0,0.0,0.0,0.1771361105144024,0.21156227133268277,0.20158298015594484,0.031775850301055154,0.20056804418563842,0.4,0.2,-0.5398900866508484,0.14087118522911712,0.0976114183664322,0.008616980224717205,0.0,0.0,0.0
TENX117,624,035x020,13869,23699,10,0.2103594496846199,0.12088251526583282,0.20958770662546158,0.018923070390496635,0.24723391830921174,0.6,0.0,-0.137710615247488,0.1132837214815975,0.14760113805532454,0.008026855656549488,0.0,0.0,0.0,0.5652200862765312,0.2581572473928262,0.30268797278404236,0.05492689178834614,0.5823622703552246,1.0,1.0,-1.4450173020362853,0.3961938971663818,0.04375945832580328,0.017201638790417154,0.0,0.0,0.0,0.14994291812181473,0.1878079778224894,0.19823584854602813,0.02649844821005743,0.1704038143157959,0.4,0.0,-0.5475269943475723,0.11341698363472111,0.09812787398695946,0.0077332121012615935,0.0,0.0,0.0
TENX117,625,035x021,14600,23699,10,0.08801563680171967,0.16378597553691848,0.17764153480529785,0.016427331135736453,0.0,0.0,0.0,-0.048966522142291066,0.1573166634764415,0.1547018140554428,0.01145159821370674,0.0,0.0,0.0,0.48245429545640944,0.18942037671471182,0.2662747398018837,0.04469685519679771,0.5420561462640763,1.0,0.7,-0.7553264975547791,0.6263906008156146,0.09457305558025837,0.06773000546383529,0.09758494794368744,0.2,0.1,0.23865723237395287,0.23950610827918328,0.20952537953853606,0.03918217314800566,0.360358914732933,0.8,0.2,-0.5141057565808296,0.1539938610531231,0.09728347063064575,0.008790441848546826,0.0,0.0,0.0
TENX117,626,035x022,15330,23699,10,0.13670878931879998,0.13778272973709949,0.1847965180873871,0.019051144854622133,0.2948267549276352,0.8,0.0,-0.04534699581563473,0.11809858385007414,0.15341416001319885,0.007556515182027809,0.0,0.0,0.0,0.668692646920681,0.279247889339676,0.31866428405046465,0.0598845355666868,0.6236220687627793,1.0,0.9,-1.2123045027256012,0.5638157740510114,0.05360379004850983,0.019525551972473448,0.0,0.0,0.0,0.07046704143285751,0.1996893223622614,0.1745847389101982,0.03055782703696974,0.08155116140842437,0.2,0.1,-0.33701407313346865,0.11564104748997822,0.11493649408221245,0.010594816574210781,0.0,0.0,0.0
TENX117,627,035x023,16061,23699,10,-0.03414230309426784,0.13800099382733116,0.1532147631049156,0.015312331735322279,0.0,0.0,0.0,-0.015007100999355316,0.07354871186563477,0.15566847175359727,0.009495729355950519,0.09338674545288086,0.3,0.0,0.6590532004833222,0.15385892388177783,0.306720507144928,0.03357649713843741,0.616244637966156,1.0,1.0,-0.7119071528315544,0.6672037429135376,0.09524357188493013,0.056498801937177975,0.03985644280910492,0.1,0.0,0.05667329058051109,0.28929950061112875,0.17376375645399095,0.0485667845329203,0.25051216781139374,0.6,0.0,-0.32123421914875505,0.16683437996599298,0.11538893803954124,0.015137742132444362,0.0,0.0,0.0
TENX117,628,035x024,16792,23699,10,-0.05615116134285927,0.19834538825726641,0.1576494812965393,0.016052234985204455,0.0,0.0,0.0,-0.11442217733711005,0.1530649151422792,0.14816200733184814,0.007827026208950188,0.06052793264389038,0.2,0.0,0.5875162467360496,0.21977606684106968,0.3021357551217079,0.04649066625376693,0.604396453499794,1.0,0.9,-0.8364275693893433,0.5561592404349693,0.08436148203909397,0.03911519536587176,0.0,0.0,0.0,0.14042391031980514,0.3218947713336091,0.19680742174386978,0.04852020411860629,0.33507560193538666,0.8,0.1,-0.4084787700325251,0.18688334125190786,0.11088386476039887,0.011719900560104142,0.0,0.0,0.0
TENX117,629,035x025,17522,23699,10,-0.013058245927095414,0.12462573199651154,0.15465020388364792,0.013702401298361097,0.0,0.0,0.0,-0.07639120779931545,0.06269713568509523,0.14480862468481065,0.007775433114438459,0.0,0.0,0.0,0.6495081961154938,0.18842271040996744,0.3029694095253944,0.04990220140070266,0.5736035287380219,1.0,0.6,-1.0984202742576599,0.5095320926609661,0.058847003057599066,0.026135209132042266,0.0,0.0,0.0,0.34215845093131064,0.25500314740719515,0.22516083121299743,0.049207124368271106,0.42639648020267484,1.0,0.4,-0.322749709431082,0.14297911126942894,0.11356392577290535,0.011285874937734837,0.0,0.0,0.0
TENX117,630,035x026,18253,23699,10,-0.08300958592444659,0.09933665786111154,0.15227219760417937,0.01341334332696361,0.0,0.0,0.0,-0.12506701480597257,0.1373136779134574,0.14583874195814134,0.011004009297320557,0.031174135208129884,0.1,0.0,0.6390659838914872,0.17410538620459853,0.315225750207901,0.042711812586913665,0.6026219487190246,1.0,0.9,-0.9776686042547226,0.5942245910312741,0.07103932593017817,0.03285498019654866,0.0,0.0,0.0,0.206857930123806,0.2010607857267196,0.20775617361068727,0.04625769863520192,0.36620392501354215,0.9,0.1,-0.42929976284503935,0.1127252171511602,0.10786781087517738,0.011173561785675305,0.0,0.0,0.0
TENX117,631,035x027,18984,23699,10,-0.1689751498401165,0.13331290365596504,0.14096077159047127,0.013108069549631373,0.0,0.0,0.0,-0.09754453562200069,0.11119521441249594,0.15087077617645264,0.006255332430803415,0.03113018870353699,0.1,0.0,0.5676036715507508,0.1816979827050607,0.2957629457116127,0.03915122432462596,0.5869612544775009,1.0,0.7,-0.9541597656905652,0.7295634217755966,0.08017180478200317,0.04548221587419181,0.032488536834716794,0.1,0.0,0.1956143282353878,0.25848903553828884,0.20803892761468887,0.05007690498312485,0.3494200348854065,0.8,0.3,-0.29755782186985014,0.1620640167733444,0.1241947703063488,0.013890502341375765,0.0,0.0,0.0
TENX117,632,035x028,19715,23699,10,-0.08149164542555809,0.14144293783609665,0.1378676787018776,0.007314298853231245,0.0,0.0,0.0,-0.07399037536233663,0.12980167165535808,0.13897655978798867,0.008559605212357475,0.0,0.0,0.0,0.6695005416870117,0.13385466855053244,0.29300068914890287,0.026964031445845364,0.5638416320085525,1.0,0.6,-0.9220676898956299,0.6007680255792209,0.07213025037199258,0.041457994433188955,0.0,0.0,0.0,0.40656709745526315,0.29350350184307344,0.22999800890684127,0.05073155619560608,0.4361583799123764,1.0,0.4,-0.16017378494143486,0.17855114196570873,0.12802680656313897,0.01403399922650246,0.0,0.0,0.0
TENX117,633,035x029,20445,23699,10,-0.06031844764947891,0.10675256859790386,0.1547622874379158,0.016948272702037716,0.0,0.0,0.0,-0.11230681538581848,0.038966102437709635,0.14608516544103622,0.00363435319528061,0.05858694612979889,0.2,0.0,0.6091357797384263,0.15363556321264815,0.30386785566806795,0.04506029155145689,0.6207975655794143,1.0,0.9,-0.6758185110986232,0.4784622522159719,0.09147249646484852,0.037260720714607384,0.03251821994781494,0.1,0.0,0.07251059263944626,0.20744473949846143,0.17975547015666962,0.03831275710636343,0.2880972623825073,0.7,0.1,-0.28251744657754896,0.1140663882627836,0.12405673637986184,0.014776112310296834,0.0,0.0,0.0
TENX117,634,036x002,716,24429,10,-0.09942432716488839,0.10526185597317743,0.14583575278520583,0.00950305154997544,0.0,0.0,0.0,-0.09471984580159187,0.11554906906983611,0.14662931337952614,0.010901443592960572,0.0,0.0,0.0,0.5260475419461728,0.2063306485861833,0.273995640873909,0.032990670906444655,0.5065381050109863,1.0,0.6,-1.10790011882782,0.5453842010387243,0.0635664101690054,0.034478709475785345,0.0,0.0,0.0,0.49976504445075987,0.2434681184174595,0.2686660572886467,0.04533901625731805,0.49346189498901366,1.0,0.4,-0.46479769647121427,0.14649835664030814,0.10130683183670045,0.008038835686459517,0.0,0.0,0.0
TENX117,635,036x003,1447,24429,10,0.009518152475357056,0.14560242457535771,0.19506551772356034,0.022495364049612714,0.04852950572967529,0.1,0.0,-0.2034304216504097,0.14255983913803286,0.15699197500944137,0.010478369547796313,0.0,0.0,0.0,0.340036915242672,0.2160466526060806,0.2733810096979141,0.04417207013198144,0.5104191154241562,0.9,0.8,-1.2296298265457153,0.5211246778919707,0.06622133422642947,0.04060165398709637,0.0,0.0,0.0,0.11211658790707588,0.13349227233270486,0.21616902947425842,0.02496432902561754,0.4410513609647751,1.0,0.2,-0.7369977980852127,0.11511049928057476,0.09217114821076393,0.007600962311647401,0.0,0.0,0.0
TENX117,636,036x004,2177,24429,10,0.1853768140077591,0.10081926662946485,0.21055878847837448,0.018510599088185857,0.4246833324432373,1.0,0.1,-0.1054148267954588,0.13401350456115302,0.1571497157216072,0.009879558774881602,0.0,0.0,0.0,0.49395777359604837,0.25596563309026554,0.29056958109140396,0.053454655735467316,0.575316670536995,1.0,0.9,-0.9926154792308808,0.4400539947051178,0.07400081269443035,0.04280144323770953,0.0,0.0,0.0,-0.18147572726011277,0.1706120707584918,0.14696451872587205,0.021754303920217218,0.0,0.0,0.0,-0.37096516937017443,0.1316528556427265,0.12075655907392502,0.010960239468087902,0.0,0.0,0.0
TENX117,637,036x005,2908,24429,10,0.3010533802211285,0.11152515658131017,0.2016447201371193,0.012055066237633437,0.40391613245010377,1.0,0.0,0.07406248673796653,0.0975454809745451,0.16058875918388366,0.007530474878103538,0.0,0.0,0.0,0.6944290071725845,0.22369212674412856,0.3017328009009361,0.045166363999367944,0.5960838794708252,1.0,1.0,-1.0253917962312697,0.3065088875599247,0.056508497521281245,0.02070578689216548,0.0,0.0,0.0,0.11187337711453438,0.12191803849690404,0.16748505979776382,0.017307555828262572,0.0,0.0,0.0,-0.28691532760858535,0.11119734076117942,0.11204016730189323,0.007346074833457872,0.0,0.0,0.0
TENX117,638,036x006,3639,24429,10,0.31372130215168,0.08803222585863642,0.23732864409685134,0.017084898648025842,0.47025837302207946,1.0,0.5,-0.06701325476169587,0.12463940768054119,0.1621936708688736,0.01165209673366196,0.0,0.0,0.0,0.4347193384543061,0.28067616476531715,0.27245084196329117,0.05294745894965444,0.5297416359186172,1.0,0.5,-1.4179701596498488,0.64946146961748,0.05456432597711682,0.04307233138311722,0.0,0.0,0.0,-0.20410264432430267,0.15574714548145813,0.14250411540269853,0.020639415654193655,0.0,0.0,0.0,-0.2802606597542763,0.10672203472602951,0.1309584155678749,0.00821718813216584,0.0,0.0,0.0
TENX117,639,036x007,4370,24429,10,0.22071540206670762,0.17173747379632232,0.21334327161312103,0.024963943767796152,0.4153678357601166,1.0,0.1,-0.15845165252685547,0.11053922538768017,0.14562447220087052,0.013206905621624559,0.0,0.0,0.0,0.5679909199476242,0.26081863811696515,0.30450708568096163,0.05237505318411771,0.5846321672201157,1.0,0.9,-1.4827911376953125,0.7064261683707315,0.05476506687700748,0.04879916420510495,0.0,0.0,0.0,-0.04252901449799538,0.25660912699418065,0.16539679020643233,0.028552224248335246,0.0,0.0,0.0,-0.3845548011362553,0.19967468165377142,0.11636332869529724,0.0125896641058218,0.0,0.0,0.0
TENX117,640,036x008,5100,24429,10,0.2383471719920635,0.08569604546217341,0.22532972395420076,0.01916543492422489,0.4330714702606201,1.0,0.3,-0.09617423675954342,0.13202055760602954,0.16107760667800902,0.011009670546056088,0.0,0.0,0.0,0.5122857071459294,0.2673989749216983,0.3004146099090576,0.05460799597731045,0.5669285297393799,1.0,0.7,-1.501686930656433,0.429989967243829,0.04258657433092594,0.016251430139994215,0.0,0.0,0.0,-0.13529172539710999,0.10729395736494943,0.15590629056096078,0.02098741014367261,0.0,0.0,0.0,-0.4371446892619133,0.07419434041525927,0.11468516886234284,0.009953568781444402,0.0,0.0,0.0
TENX117,641,036x009,5831,24429,10,0.2675042629241943,0.15398755059206823,0.2169326052069664,0.01778028049285358,0.4352755337953568,1.0,0.2,-0.050188110396265986,0.15200885514958815,0.15755272954702376,0.007707794532436883,0.0,0.0,0.0,0.5208118036389351,0.2128067088589361,0.2833728834986687,0.05158696406210017,0.5173571705818176,0.9,0.8,-1.2490231394767761,0.2691712156117324,0.0491300418972969,0.013486943375815652,0.0,0.0,0.0,0.09817678481340408,0.1877229023115632,0.18423127979040146,0.0251298585653605,0.04736729860305786,0.1,0.0,-0.42346020340919494,0.14361879786181317,0.10878047123551368,0.009944741828458338,0.0,0.0,0.0
TENX117,642,036x010,6562,24429,10,0.18449677899479866,0.06957940983506959,0.21829533576965332,0.02003120729404641,0.4360661804676056,1.0,0.2,-0.15009822621941565,0.08929522257489964,0.15584937185049058,0.009367403805627427,0.0,0.0,0.0,0.4468979872763157,0.2441957109660288,0.28851733803749086,0.05775162714060975,0.5639338016510009,1.0,0.8,-1.1932119607925415,0.4820916547298652,0.06283712405711413,0.03567819265283152,0.0,0.0,0.0,-0.040770191699266434,0.1381692457694215,0.1751442149281502,0.023979148971602447,0.0,0.0,0.0,-0.6013043940067291,0.06393052639424157,0.09935659617185592,0.007445119211161768,0.0,0.0,0.0
TENX117,643,036x011,7292,24429,10,0.2209048017859459,0.18644915232982728,0.23402649462223052,0.020689012710415455,0.45933522284030914,1.0,0.4,-0.1596507452428341,0.12400271204251308,0.16011002212762832,0.01581245682651493,0.0,0.0,0.0,0.38607744630426166,0.32155655524134014,0.2800234958529472,0.05176593935150098,0.5406647861003876,1.0,0.6,-1.1472981303930283,0.5943501205265074,0.07111189737915993,0.036950778615779896,0.0,0.0,0.0,-0.19933686703443526,0.23908872251022198,0.15503838434815406,0.024960380786752577,0.0,0.0,0.0,-0.632580803334713,0.21870874762784853,0.09968969747424125,0.0090282991550818,0.0,0.0,0.0
TENX117,644,036x012,8023,24429,10,0.19939156994223595,0.10308860031735427,0.2186412423849106,0.021076877630748916,0.43548102378845216,1.0,0.3,-0.10824692398309707,0.10356348146723897,0.16029246896505356,0.009771190564033303,0.0,0.0,0.0,0.46407189667224885,0.2770167986800215,0.28934066593647,0.056604670493964004,0.5645189821720124,1.0,0.7,-1.193895733356476,0.3028305695668286,0.056207218393683436,0.01604129424726896,0.0,0.0,0.0,-0.03620662987232208,0.15558591508715452,0.1731431007385254,0.02040457672056556,0.0,0.0,0.0,-0.5567575186491013,0.10167681462523465,0.10237531140446662,0.0064228594594697,0.0,0.0,0.0
TENX117,645,036x013,8754,24429,10,0.1673903174698353,0.16742643494899948,0.21068461388349533,0.01409458115639356,0.37115772664546964,0.9,0.0,-0.11891144365072251,0.10837052842687483,0.15814552456140518,0.0092608229918999,0.0,0.0,0.0,0.5011536106467247,0.1340068545758218,0.295931750535965,0.037953539903808745,0.5816883087158203,1.0,1.0,-1.4470079779624938,0.38213336597513087,0.0457877729088068,0.017673374315385952,0.0,0.0,0.0,0.013613151758909226,0.22261216273508405,0.18224823325872422,0.026998943525181812,0.0471539705991745,0.1,0.0,-0.5115366041660309,0.1903496863383568,0.10720209926366805,0.01126428164728005,0.0,0.0,0.0
TENX117,646,036x014,9485,24429,10,0.3070897668600082,0.11207238246055687,0.21151887625455856,0.01418278432998043,0.4239180624485016,1.0,0.0,-0.03818896561861038,0.05093124568979276,0.14955667704343795,0.006138162196388396,0.0,0.0,0.0,0.6172248661518097,0.13826596132314237,0.2912460297346115,0.04469885116184869,0.5760819256305695,1.0,1.0,-0.9382795304059982,0.5658663345393359,0.06901498064398766,0.03750669055460751,0.0,0.0,0.0,0.1774491287767887,0.16149778670221923,0.18762706965208054,0.029081314567243267,0.0,0.0,0.0,-0.5377886414527893,0.13334205008538605,0.09103640392422677,0.008258318560030295,0.0,0.0,0.0
TENX117,647,036x015,10215,24429,10,0.14024591743946074,0.22931451703370573,0.22005209922790528,0.02070250201840821,0.40620784759521483,0.9,0.3,-0.19920360930263997,0.20320631691899346,0.15627488046884536,0.008646783951335607,0.0,0.0,0.0,0.32046549059450624,0.2876718600776663,0.26743129193782805,0.052507828038453754,0.44224840104579927,0.8,0.5,-1.038308098167181,0.7369037087729077,0.0959549143910408,0.07773077754510536,0.10273354649543762,0.2,0.2,-0.14200270399451256,0.3547564353598788,0.16938521713018417,0.03692221213746026,0.04881020784378052,0.1,0.0,-0.7472097098827362,0.26751624189813594,0.09090157970786095,0.011245084771100393,0.0,0.0,0.0
TENX117,648,036x016,10946,24429,10,0.1561942793428898,0.1378790189380512,0.2166225492954254,0.019881754787384492,0.4478248804807663,1.0,0.3,-0.1855668094009161,0.17422721351298734,0.15373591035604478,0.011861677537263847,0.0,0.0,0.0,0.3482708103954792,0.22383567573080806,0.2658561781048775,0.047888854282574105,0.4099793791770935,0.7,0.7,-0.9744943857192994,0.2534763340214446,0.0714706439524889,0.015055193361733348,0.0,0.0,0.0,-0.012867530435323715,0.18708374630893315,0.18430502712726593,0.028249028979773987,0.142195725440979,0.3,0.0,-0.5387964248657227,0.12545565528801803,0.10800969451665879,0.008681262106191395,0.0,0.0,0.0
TENX117,649,036x017,11677,24429,10,0.18971543982625008,0.15239543407952644,0.20510035157203674,0.01332633151804603,0.16735787987709044,0.4,0.1,-0.09059426076710224,0.17851752544875066,0.1547674149274826,0.006280170589534846,0.0,0.0,0.0,0.4927785314619541,0.23473544295816337,0.28128477931022644,0.048052198358871846,0.5153244793415069,0.9,0.7,-1.1094208657741547,0.33524480582529104,0.059321194514632226,0.02192356949005403,0.0,0.0,0.0,0.2162487745285034,0.19481597619866212,0.21146562546491623,0.02354307664559805,0.31731763780117034,0.7,0.2,-0.6561631947755814,0.13648810436058584,0.08806062117218971,0.006303119186426758,0.0,0.0,0.0
TENX117,650,036x018,12407,24429,10,0.2218327082693577,0.1413140394355353,0.1977627158164978,0.011706676443934586,0.03916433155536651,0.1,0.0,-0.04493190161883831,0.1102410204574341,0.1518668681383133,0.01409344202807391,0.0,0.0,0.0,0.5527800038456917,0.17921273489228284,0.2773547455668449,0.03684056562690909,0.5647472947835922,1.0,0.9,-1.0584364980459213,0.38940362216554286,0.059757775999605654,0.025930755560466714,0.0,0.0,0.0,0.27990146204829214,0.21366944984753058,0.21089769303798675,0.026714599395413305,0.39608836770057676,0.9,0.1,-0.4397211290895939,0.16435050647293709,0.10236019492149354,0.010087995046240349,0.0,0.0,0.0
TENX117,651,036x019,13138,24429,10,0.02077062427997589,0.14710145782473413,0.19635210633277894,0.01161017734318593,0.08150378465652466,0.2,0.0,-0.2077705018222332,0.14959071376766733,0.1563969850540161,0.011542339607779862,0.0,0.0,0.0,0.3829944498836994,0.20446474032005965,0.28359753340482713,0.03348834572326684,0.5704882442951202,1.0,1.0,-1.1127376288175583,0.398021158925746,0.07074508927762509,0.038713110859235136,0.0,0.0,0.0,0.08655142262578011,0.200134845357465,0.2109799787402153,0.026100572738896956,0.34800795316696165,0.8,0.0,-0.8547518461942673,0.16963691666913194,0.08192828670144081,0.006569009449034483,0.0,0.0,0.0
TENX117,652,036x020,13869,24429,10,0.20261028856039048,0.14392179747724979,0.2047679081559181,0.01651236068929196,0.36724792420864105,0.9,0.1,-0.05419161915779114,0.12140800980898313,0.15805509984493255,0.007475882041200515,0.0,0.0,0.0,0.5597041308879852,0.19187807269895363,0.29606447368860245,0.050412834966602225,0.5869614541530609,1.0,0.9,-0.914732939004898,0.21377504898688485,0.06926429569721222,0.018063742716711097,0.0,0.0,0.0,0.04547335505485535,0.2127328590024529,0.1765205293893814,0.027115743784821008,0.045790621638298036,0.1,0.0,-0.5618203788995743,0.13967737188372764,0.09532769098877907,0.007624383454121034,0.0,0.0,0.0
TENX117,653,036x021,14600,24429,10,0.35725157260894774,0.12588921714817058,0.22400542944669724,0.02388148268790855,0.4279422342777252,1.0,0.2,0.04262106381356716,0.08437632439345219,0.16273508965969086,0.0063462244397086,0.0,0.0,0.0,0.6537014871835709,0.214823147070561,0.305192731320858,0.05776715709638795,0.5720577567815781,1.0,0.8,-0.9614030301570893,0.23881667244018476,0.06153504550457001,0.01595046238396322,0.0,0.0,0.0,-0.12619625702500342,0.20566814089676322,0.13968903496861457,0.025526953714954805,0.0,0.0,0.0,-0.3808808758854866,0.11507775515457914,0.10684265792369843,0.008897420251202035,0.0,0.0,0.0
TENX117,654,036x022,15330,24429,10,0.041047745198011396,0.12857414503672152,0.18296148329973222,0.020511861068799406,0.1824898511171341,0.5,0.0,-0.10485503375530243,0.11250126343888164,0.15779834538698195,0.014676987141382948,0.031868621706962585,0.1,0.0,0.5705493792891503,0.23701916693832814,0.31420319676399233,0.05847344494965784,0.6183887749910355,1.0,0.9,-1.4023781061172484,0.59733932716988,0.05003988901153207,0.02261683004818817,0.0,0.0,0.0,-0.007594743371009826,0.22628799446066353,0.17710457891225814,0.03837657528944765,0.1672527700662613,0.4,0.1,-0.3967797890305519,0.13387695688012707,0.11789250373840332,0.011415071668517436,0.0,0.0,0.0
TENX117,655,036x023,16061,24429,10,-0.175647396966815,0.09024447838416046,0.15372310876846312,0.01946117211269459,0.05190695524215698,0.2,0.0,-0.22268456518650054,0.13653691431520604,0.1462496981024742,0.015266793149930227,0.05931268930435181,0.2,0.0,0.5530298158526421,0.20256673686996698,0.31902396082878115,0.04410708355325882,0.6399279952049255,1.0,1.0,-0.730044224858284,0.6318835541448584,0.1007497951388359,0.047758948721543536,0.03511203527450561,0.1,0.0,-0.13659785687923431,0.21146300674697474,0.16481239646673201,0.045496070817986574,0.2137403279542923,0.5,0.0,-0.4601175785064697,0.06255575006135108,0.11544104740023613,0.01288111055651843,0.0,0.0,0.0
TENX117,656,036x024,16792,24429,10,0.0040579821914434435,0.18918855725172412,0.15579803586006163,0.014763641530119276,0.0,0.0,0.0,-0.003661128133535385,0.17423499957797328,0.1540980726480484,0.007784349999295185,0.0,0.0,0.0,0.6318056166172028,0.18753926706059998,0.2929992213845253,0.037640419148337184,0.5797130644321442,1.0,0.8,-1.0237661503255366,0.6799305658706771,0.07236003763973713,0.04901999532991195,0.03306611180305481,0.1,0.0,0.2846653275191784,0.344016950776324,0.21236920803785325,0.054088643043908126,0.38722080886363985,0.9,0.2,-0.3262963637709618,0.23509274198605976,0.11237541735172271,0.01429390458155023,0.0,0.0,0.0
TENX117,657,036x025,17522,24429,10,-0.04326306506991386,0.11850146772067097,0.1559982940554619,0.011962391624125868,0.0,0.0,0.0,-0.10478331819176674,0.07601099303114917,0.14643555581569673,0.00701565603240708,0.0,0.0,0.0,0.581157597899437,0.16091122006984226,0.2930376008152962,0.038894294148324196,0.5648444056510925,1.0,0.6,-0.924372860789299,0.5077765870212854,0.07296208124607802,0.033344930372579476,0.0,0.0,0.0,0.31267968118190764,0.2447584342167849,0.22729628682136535,0.04883298948002635,0.435155588388443,1.0,0.4,-0.44959376752376556,0.1554233900498737,0.10427017286419868,0.011888069017350036,0.0,0.0,0.0
TENX117,658,036x026,18253,24429,10,-0.055139902234077456,0.14077242761509862,0.14760244488716126,0.013754186122856067,0.0,0.0,0.0,-0.06104122921824455,0.049964169800216625,0.14634747356176375,0.00820448086898369,0.0,0.0,0.0,0.6284838736057281,0.13966557477857452,0.2939228296279907,0.04034269845759692,0.5645044088363648,1.0,0.7,-1.080341487377882,0.7800079562483829,0.06894558435305953,0.0435470196324451,0.0,0.0,0.0,0.3612973436713219,0.2604741041361732,0.2287554383277893,0.051835951765399034,0.43549561500549316,1.0,0.3,-0.310837496817112,0.13973337858991897,0.11442621126770973,0.01184678269680123,0.0,0.0,0.0
TENX117,659,036x027,18984,24429,10,-0.05997935393825173,0.2097819153251093,0.14558155983686447,0.01175693714615238,0.0,0.0,0.0,-0.017691730335354806,0.217331412301566,0.1519504502415657,0.013756105433651482,0.0,0.0,0.0,0.609262689948082,0.19220395338207633,0.2864580973982811,0.04225451584336102,0.5631966888904572,1.0,0.5,-1.1353855401277542,0.6422292221293442,0.06210617674514651,0.03629092271364135,0.0,0.0,0.0,0.3462591037154198,0.3237873850869101,0.2237927258014679,0.05158789796787969,0.43680331110954285,1.0,0.5,-0.17421292075887324,0.2215922964923707,0.1301109917461872,0.01326794211002434,0.0,0.0,0.0
TENX117,660,036x028,19715,24429,10,-0.12051725238561631,0.11812892249457355,0.14199644327163696,0.013988337673654486,0.0,0.0,0.0,-0.08465860914438963,0.11957556961700665,0.14681414961814881,0.01022960478464676,0.0318553239107132,0.1,0.0,0.6320333629846573,0.17993350431933539,0.302835151553154,0.04193804459338058,0.6097852468490601,1.0,1.0,-0.7158312752842904,0.5483673336917462,0.09033417142927647,0.045120014651821104,0.06243656873703003,0.2,0.0,0.14706565141677858,0.27767828213280954,0.19069846272468566,0.047635610269963866,0.2959228575229645,0.7,0.0,-0.2326354831457138,0.1624224959155125,0.12732161208987236,0.016087232390062718,0.0,0.0,0.0
TENX117,661,036x029,20445,24429,10,-0.1152953814715147,0.20957129223476598,0.1538034975528717,0.015290392713610292,0.0,0.0,0.0,-0.1536661371588707,0.20837973990872935,0.14748904407024382,0.007264366279550499,0.0,0.0,0.0,0.48566914405673745,0.2652412677150917,0.2832922041416168,0.04759327348959444,0.5591359823942185,1.0,0.5,-1.2548807322978974,0.746709576441523,0.06408967729657888,0.04051045028718879,0.0,0.0,0.0,0.23918773233890533,0.34126971300033,0.22483633011579512,0.05463230119052163,0.4408640116453171,1.0,0.5,-0.31001715958118437,0.21450053384556297,0.1264892488718033,0.01124533987721459,0.0,0.0,0.0
TENX117,662,037x002,716,25160,10,-0.12224168255925179,0.08906607938437783,0.14814801514148712,0.009159484473554903,0.0,0.0,0.0,-0.17319061383605003,0.12293993438800935,0.14089318737387657,0.010082299085843481,0.0,0.0,0.0,0.4416391409933567,0.1761849185978513,0.2615141376852989,0.028792206902051882,0.4575487345457077,1.0,0.1,-1.1221909701824189,0.30459455025428145,0.05695788525044918,0.015290274020804646,0.0,0.0,0.0,0.6130803227424622,0.1240473135791417,0.30914334356784823,0.02042110001584616,0.5424512654542923,1.0,0.9,-0.6980639338493347,0.11617880789254789,0.08334343805909157,0.005983932606608506,0.0,0.0,0.0
TENX117,663,037x003,1447,25160,10,-0.13828292228281497,0.07045482635701776,0.1579702839255333,0.012273306291217197,0.0,0.0,0.0,-0.24463303238153458,0.10520699914745896,0.14209237322211266,0.011352804405097944,0.0,0.0,0.0,0.40075399335473777,0.18676341567901597,0.2718487083911896,0.030992799226481304,0.48980333507061,1.0,0.5,-1.0993220925331115,0.4524289612843589,0.06557802129536867,0.026784232461080068,0.0,0.0,0.0,0.4420864909887314,0.05152175440731169,0.282460418343544,0.02450582169471713,0.5101966559886932,1.0,0.5,-0.8176726162433624,0.08790311551927578,0.08005020692944527,0.0058276353761945125,0.0,0.0,0.0
TENX117,664,037x004,2177,25160,10,0.14179519191384315,0.14397132731282028,0.18674604892730712,0.020315042903928483,0.0,0.0,0.0,-0.04150815941393375,0.09228882193819164,0.15461615473031998,0.004473724146204185,0.0,0.0,0.0,0.5623596847057343,0.18930906166202086,0.2863194227218628,0.04553006858426716,0.5701026856899262,1.0,0.8,-1.1421644747257234,0.7843147963957114,0.07151940688490868,0.0628985946171291,0.08523828089237213,0.2,0.0,0.22927749454975127,0.21256451526957043,0.20604099482297897,0.03592610343540809,0.344659024477005,0.8,0.2,-0.5377331852912903,0.15360396575518764,0.09475799053907394,0.011160588283873153,0.0,0.0,0.0
TENX117,665,037x005,2908,25160,10,0.326100093126297,0.085211038588155,0.21362482458353044,0.015843519468642316,0.4262950986623764,1.0,0.1,0.0032273706048727034,0.10234201905674103,0.15442352443933488,0.007251588496499054,0.0,0.0,0.0,0.6272764205932617,0.24172050862366468,0.29231241196393964,0.050295674966067065,0.5737049162387848,1.0,0.9,-1.2567905209958554,0.60271932687268,0.05243819206953049,0.036265686598062334,0.0,0.0,0.0,-0.034479434788227084,0.0911540093543279,0.1496569409966469,0.018153745494830377,0.0,0.0,0.0,-0.11608428061008454,0.046982130516648825,0.13754409030079842,0.013154348661329597,0.0,0.0,0.0
TENX117,666,037x006,3639,25160,10,0.18359608128666877,0.0863499336913026,0.207382670044899,0.014039268216234226,0.4142726242542267,1.0,0.1,-0.11364003233611583,0.10636669700372894,0.15405667424201966,0.010195136889368758,0.0,0.0,0.0,0.5336711287498475,0.21276065056125137,0.29720733761787416,0.04509012375637795,0.5857273697853088,1.0,0.9,-1.1161823093891143,0.28444227223971275,0.05994789525866508,0.02279152282305862,0.0,0.0,0.0,-0.021017135679721834,0.09350456634593453,0.1693639189004898,0.015824696565181325,0.0,0.0,0.0,-0.43087995052337646,0.06343741885852201,0.11204150468111038,0.005108625198780895,0.0,0.0,0.0
TENX117,667,037x007,4370,25160,10,0.05440288484096527,0.1476085774165116,0.19055994153022765,0.016667386673228243,0.19036490023136138,0.5,0.0,-0.14814221113920212,0.1598987202004755,0.15521910339593886,0.00753524072839469,0.0,0.0,0.0,0.5259912975132466,0.2701063810232857,0.3099262580275536,0.05796774916166875,0.608521568775177,1.0,1.0,-1.2083609126508237,0.42944587498387415,0.06322111487388611,0.044388452570586066,0.0,0.0,0.0,0.039665183424949645,0.2114340668906244,0.18874862045049667,0.025293599299102437,0.20111354887485505,0.5,0.0,-0.6699963241815567,0.15643697928629194,0.09232495650649071,0.007716243899358565,0.0,0.0,0.0
TENX117,668,037x008,5100,25160,10,0.07198190987110138,0.16537771616746824,0.1797411099076271,0.017759460826166133,0.08239121735095978,0.2,0.0,-0.07833048664033412,0.1599118183020551,0.15455921590328217,0.014373015444149529,0.0,0.0,0.0,0.4804128214716911,0.1888916167333606,0.27300080060958865,0.04589816464352953,0.5610382676124572,1.0,0.8,-0.5189403623342514,0.791459642820468,0.12150982804596425,0.07990231665190184,0.10615585744380951,0.2,0.1,0.0868141658604145,0.13660487022974463,0.1842275358736515,0.030248852913227004,0.2504146546125412,0.6,0.1,-0.65713652074337,0.13099601556576246,0.08696150556206703,0.01051867827474134,0.0,0.0,0.0
TENX117,669,037x009,5831,25160,10,0.23043863102793694,0.11983664016386239,0.2291271686553955,0.015786428108914816,0.45039727687835696,1.0,0.3,-0.12972659468650818,0.1592731022156711,0.1601020649075508,0.014644583267707277,0.0,0.0,0.0,0.43177967220544816,0.1755921680248086,0.2829011037945747,0.043337486606425474,0.5496027261018753,1.0,0.7,-1.2334872335195541,0.3598710140183932,0.05742519572377205,0.02617987642118244,0.0,0.0,0.0,-0.09130802154541015,0.19255765537640812,0.16802284270524978,0.028589596545401497,0.0,0.0,0.0,-0.5740391433238983,0.10867150020384002,0.10242159217596054,0.005926149341044603,0.0,0.0,0.0
TENX117,670,037x010,6562,25160,10,0.06113473623991013,0.10490401251657151,0.19508445858955384,0.015530628783056749,0.4206110507249832,1.0,0.1,-0.04360702410340309,0.0755798405486345,0.17560042142868043,0.012388133972352658,0.04625332951545715,0.1,0.0,0.3854839116334915,0.2155933312927428,0.27274000197649,0.044144706356695936,0.5331356167793274,0.9,0.9,-0.6824744701385498,0.2905051455036835,0.09658758752048016,0.028371614382708837,0.0,0.0,0.0,-0.08251605853438378,0.19504551285771599,0.17016540765762328,0.023877288008189196,0.0,0.0,0.0,-0.714353084564209,0.13215146128663732,0.08982213065028191,0.006940402456397067,0.0,0.0,0.0
TENX117,671,037x011,7292,25160,10,0.13722501173615456,0.13246264279810518,0.21436748951673507,0.02040241402916741,0.4416713446378708,1.0,0.2,-0.13707423508167266,0.16427315328619807,0.16266219615936278,0.012008583042745382,0.0,0.0,0.0,0.3504189781844616,0.2688536669151168,0.2696278244256973,0.05322890648550738,0.41537100076675415,0.7,0.7,-1.1142138481140136,0.47360182365624576,0.06837701890617609,0.030978612459787665,0.0,0.0,0.0,0.0026810862123966216,0.17861233332334808,0.1887124538421631,0.02920860269680645,0.1429576575756073,0.3,0.1,-0.6619974374771118,0.13116280550522952,0.09625302255153656,0.007511842318054428,0.0,0.0,0.0
TENX117,672,037x012,8023,25160,10,0.22022610753774643,0.24765940195135727,0.2193755477666855,0.022193493004495985,0.42644279897212983,1.0,0.2,-0.10421495586633682,0.1794642812093053,0.15814539194107055,0.010406171095148804,0.0,0.0,0.0,0.5214719645678997,0.23594658018330178,0.29954022765159605,0.05183956690428906,0.5735571891069412,1.0,0.8,-0.9806911677122117,0.37691030189534486,0.07123921103775502,0.028672386415765493,0.0,0.0,0.0,-0.11694972217082977,0.25576494765460417,0.157613455504179,0.024101040161747318,0.0,0.0,0.0,-0.6273511052131653,0.22405373263793701,0.0940861739218235,0.010448368163847324,0.0,0.0,0.0
TENX117,673,037x013,8754,25160,10,0.1708172671496868,0.09243934674065905,0.20739233791828154,0.010759211498341218,0.21336497962474824,0.5,0.1,-0.1493126481771469,0.11275460216755635,0.150877246260643,0.01210625531145092,0.0,0.0,0.0,0.3848713830113411,0.2127196347266571,0.2602670207619667,0.04228090576517885,0.49934485256671907,0.9,0.7,-0.8712512135505677,0.420817692139533,0.08175180889666081,0.039296115629175545,0.0,0.0,0.0,0.1767845071852207,0.16476422939470198,0.20959229171276092,0.02305813967376633,0.2872901737689972,0.6,0.2,-0.664450341463089,0.11520302152169774,0.09011927619576454,0.0071763652999397905,0.0,0.0,0.0
TENX117,674,037x014,9485,25160,10,0.07261178791522979,0.16031395345333468,0.20596345961093904,0.013183669266047778,0.37589171826839446,0.9,0.0,-0.22919480465352535,0.11389905469454055,0.15219620615243912,0.007905933080090114,0.0,0.0,0.0,0.38435142785310744,0.21713659800616328,0.2842040240764618,0.04358524068280578,0.5731161653995513,1.0,0.9,-0.8550087839365006,0.4393828565835844,0.09150480572134256,0.04047359317151917,0.0,0.0,0.0,-0.09212180152535439,0.2553805427236822,0.1767914667725563,0.031292246415139245,0.05099213123321533,0.1,0.1,-0.7648975402116776,0.1989039438665842,0.08934002965688706,0.008526110720804643,0.0,0.0,0.0
TENX117,675,037x015,10215,25160,10,0.29021306037902833,0.11972145959654475,0.20691823363304138,0.015656533892965317,0.29609568119049073,0.7,0.1,-0.018228118494153022,0.12702132986673906,0.15218589901924134,0.01405524589315124,0.0,0.0,0.0,0.6008442968130112,0.18401016349678914,0.2857918828725815,0.04959107782361404,0.5702037334442138,1.0,0.8,-0.8313390463590622,0.2555091135078899,0.0698098361492157,0.019888079492249224,0.0,0.0,0.0,0.2506937175989151,0.1928855833402824,0.19979821443557738,0.02449686678189577,0.13370057046413422,0.3,0.1,-0.5933320701122284,0.1467662441960245,0.08549594059586525,0.006083026615452505,0.0,0.0,0.0
TENX117,676,037x016,10946,25160,10,0.0758501149713993,0.1136466736804979,0.20223128348588942,0.017831073702561085,0.32747356295585633,0.8,0.2,-0.1590181805193424,0.1345919112072665,0.15932429879903792,0.002865042257273784,0.0,0.0,0.0,0.42638384327292445,0.27894703101326285,0.29078599959611895,0.05137542347799878,0.5822644293308258,1.0,0.8,-1.0601479291915894,0.3845537755087434,0.07077351845800876,0.028997273674734984,0.0,0.0,0.0,-0.03346558287739754,0.20780396707771862,0.18273618072271347,0.028064921815818395,0.09026199579238892,0.2,0.0,-0.6869656652212143,0.15005376249308722,0.09414872378110886,0.00603959660136076,0.0,0.0,0.0
TENX117,677,037x017,11677,25160,10,0.1361534669995308,0.1312595070687397,0.19127315729856492,0.012412109074369947,0.04262300431728363,0.1,0.0,-0.1008455440402031,0.11592943675066532,0.1510295271873474,0.011306324365808553,0.0,0.0,0.0,0.460577130317688,0.16051057117084505,0.2662705287337303,0.03398884666888645,0.46512275040149687,0.9,0.6,-1.3367338240146638,0.4414488017648318,0.04761177767068148,0.017057157687097695,0.0,0.0,0.0,0.4301136493682861,0.16112479265413926,0.25802076160907744,0.031340597040306006,0.4922542333602905,1.0,0.4,-0.6653287529945373,0.11046187858876293,0.08579426109790803,0.005132316118254772,0.0,0.0,0.0
TENX117,678,037x018,12407,25160,10,0.18617976903915406,0.10070672489189185,0.19685285538434982,0.010071648711486213,0.08023506999015809,0.2,0.0,0.00558086596429348,0.0765950950740029,0.16437655687332153,0.009237919691280837,0.0,0.0,0.0,0.4546517387032509,0.14334330403221957,0.25877062529325484,0.02900937277436585,0.5379253268241883,1.0,0.6,-1.0001791775226594,0.17449107518727577,0.061144348606467246,0.011765540911190506,0.0,0.0,0.0,0.29787427857518195,0.15426336495558934,0.22142245918512343,0.026670259099703,0.3818396031856537,0.8,0.4,-0.5170874238014221,0.10073019464322952,0.09743316993117332,0.004987543893110773,0.0,0.0,0.0
TENX117,679,037x019,13138,25160,10,0.13538531884551047,0.18488744845976468,0.20195133239030838,0.014431062323107972,0.32906119525432587,0.8,0.1,-0.08308958262205124,0.15073240515515116,0.1622817412018776,0.01086661273355956,0.0,0.0,0.0,0.4674126967787743,0.17773069679210124,0.2837908402085304,0.04081587534611057,0.5790361404418946,1.0,0.9,-0.8776349894702434,0.4418715513737901,0.08287994712591171,0.046258337846057276,0.0472515732049942,0.1,0.0,-0.013281600177288055,0.24033084850197325,0.17569675594568251,0.02723926865856084,0.04465110003948212,0.1,0.0,-0.6381127282977104,0.20584018599799545,0.09339938536286355,0.00929719432606977,0.0,0.0,0.0
TENX117,680,037x020,13869,25160,10,0.16018104627728463,0.15254782281685395,0.20447278618812562,0.013314852364700749,0.2076312005519867,0.5,0.0,-0.15070532485842705,0.13879332491521168,0.14993349313735962,0.01085191791299181,0.0,0.0,0.0,0.46388312578201296,0.22066996488375887,0.27982949167490007,0.042951482471452335,0.5126650422811508,0.9,0.7,-1.224051481485367,0.36022569325422327,0.0568433603271842,0.029592878513608693,0.0,0.0,0.0,0.2010677143931389,0.23199649969530176,0.21465966254472732,0.030019127119031135,0.27970375716686247,0.6,0.3,-0.6150358766317368,0.16502179507948941,0.09426121413707733,0.007247252482958369,0.0,0.0,0.0
TENX117,681,037x021,14600,25160,10,-0.0007388494908809662,0.17322014286856685,0.1771657109260559,0.01689323924343525,0.0,0.0,0.0,-0.18183680735528468,0.13019146990922792,0.14719254225492479,0.0035770400860761155,0.0,0.0,0.0,0.5057495765388011,0.2441940114016862,0.29760109484195707,0.053915627394430315,0.5810705214738846,1.0,0.7,-0.9069879531860352,0.30406834560982465,0.07634285055100917,0.029575582212079524,0.0,0.0,0.0,0.17027868703007698,0.2019167088633926,0.21168660819530488,0.032398128612035865,0.4189294666051865,1.0,0.3,-0.6781817495822906,0.16915674565304306,0.0900112047791481,0.008945482349725139,0.0,0.0,0.0
TENX117,682,037x022,15330,25160,10,0.08954072296619416,0.2108804583501524,0.17041842341423036,0.019879842672753698,0.058848020434379575,0.2,0.0,-0.054642337188124654,0.19612841323140104,0.14683001339435578,0.00936328319672409,0.05649459064006805,0.2,0.0,0.7420918494462967,0.22199137250186607,0.3303853154182434,0.05845893688192919,0.6370213449001312,1.0,1.0,-1.3644047498703002,0.41078423404301284,0.04315917175263166,0.01743341229713144,0.0,0.0,0.0,0.11581841111183167,0.31423719969389646,0.17814935892820358,0.03942383910177124,0.24763604998588562,0.6,0.0,-0.17187767922878266,0.17969304586988186,0.13105772137641908,0.013861197397913113,0.0,0.0,0.0
TENX117,683,037x023,16061,25160,10,-0.12487701661884784,0.20614670651255393,0.14898743927478791,0.014499833120285896,0.0,0.0,0.0,-0.07124285921454429,0.16124426393261532,0.15679134130477906,0.010249083857293418,0.03442203402519226,0.1,0.0,0.5152765892446041,0.2091252750622943,0.28410222232341764,0.04007686741443034,0.5783111542463303,1.0,0.8,-0.8707431957125664,0.8596540738243841,0.09527890970930457,0.05924446173981391,0.07700537443161011,0.2,0.0,0.12753996774554252,0.3359658066366373,0.1973726272583008,0.05173422457017565,0.3102614343166351,0.7,0.2,-0.366255456302315,0.24154384130369064,0.11746744960546493,0.015159484883221141,0.0,0.0,0.0
TENX117,684,037x024,16792,25160,10,-0.11986193656921387,0.18022116056928172,0.151362544298172,0.017893245410926264,0.0,0.0,0.0,-0.15722239017486572,0.13830749929056266,0.14566885828971862,0.016363678931270303,0.028446888923645018,0.1,0.0,0.5854246139526367,0.16714707469520632,0.30699091851711274,0.04103293819072177,0.6202431797981263,1.0,1.0,-0.7937456272542477,0.6833734026758894,0.09591778768226504,0.056932924839436426,0.10382542014122009,0.3,0.0,-0.05490036904811859,0.340199364920304,0.16714308261871338,0.04771992419936089,0.2474845290184021,0.6,0.0,-0.2539278581738472,0.2063036068029342,0.13291679248213767,0.019821328902699036,0.0,0.0,0.0
TENX117,685,037x025,17522,25160,10,0.043167114816606046,0.15760479301463526,0.17543486058712005,0.016301126480218066,0.03409107327461243,0.1,0.0,-0.10560963042080403,0.17246675337157555,0.15081034898757933,0.009049279204653154,0.0,0.0,0.0,0.5362662866711616,0.24056599740593207,0.29051453471183775,0.051282642615799914,0.5831007629632949,1.0,0.7,-1.0549321264028548,0.42878727078108025,0.06430591605603694,0.028132777244614503,0.0,0.0,0.0,0.17976735457777976,0.23423275008110736,0.20458163917064667,0.042266960856060055,0.38280815482139585,0.9,0.3,-0.3850188873708248,0.18824465936509588,0.11435273066163062,0.010988745160435602,0.0,0.0,0.0
TENX117,686,037x026,18253,25160,10,-0.00016819573938846587,0.13783284102185567,0.14913127273321153,0.008736604316438096,0.0,0.0,0.0,-0.007648565433919429,0.05215183760804157,0.14807601571083068,0.009366689750526841,0.0,0.0,0.0,0.60504110455513,0.09309587843545848,0.2744098544120789,0.03081885522179323,0.5507671117782593,1.0,0.5,-1.0300137847661972,0.629553130384203,0.0657494068145752,0.039461330305114735,0.0,0.0,0.0,0.3964670293033123,0.28706830115598236,0.22679900676012038,0.04992846643067869,0.44923288822174073,1.0,0.5,-0.0972247987985611,0.18424166084607183,0.1358344189822674,0.014017859219872692,0.0,0.0,0.0
TENX117,687,037x027,18984,25160,10,-0.00023324675858020781,0.18017561935142,0.15445057153701783,0.014113587995678833,0.0,0.0,0.0,0.03150285240262747,0.13439205736361776,0.1589363396167755,0.007618448073906808,0.0,0.0,0.0,0.5667140007019043,0.14569102958970015,0.27341912090778353,0.034663648688526096,0.5521250933408737,1.0,0.6,-0.806720682233572,0.601885493729631,0.08053840417414904,0.04037252778372433,0.0,0.0,0.0,0.3524787500500679,0.257542138324824,0.22325946390628815,0.04439723005887296,0.44787488877773285,1.0,0.4,-0.3453426122665405,0.17494558156737508,0.10939610004425049,0.010243572466486241,0.0,0.0,0.0
TENX117,688,037x028,19715,25160,10,-0.16389616234228016,0.12081802142850329,0.14593746960163118,0.014300947609385469,0.0,0.0,0.0,-0.09336083009839058,0.09025306373364012,0.15602310448884965,0.007620311593699788,0.06297648847103118,0.2,0.0,0.5621149748563766,0.11085985416099539,0.30227857530117036,0.0355768397200256,0.6013870567083359,1.0,0.9,-0.8141319654881954,0.783481629893287,0.09826105162501335,0.06449195109909701,0.07850826382637024,0.2,0.0,0.0210627980530262,0.2669503916813004,0.18127016127109527,0.048768731401741656,0.2571281850337982,0.6,0.1,-0.3952416777610779,0.14402837584077777,0.1162296250462532,0.015133021769528151,0.0,0.0,0.0
TENX117,689,037x029,20445,25160,10,-0.02977139167487621,0.13727701745493828,0.14927736073732376,0.008212592560415854,0.0,0.0,0.0,-0.03656584974378348,0.06842625481261416,0.14828240126371384,0.008385603215629464,0.0,0.0,0.0,0.5960264712572098,0.18199903747489432,0.28123550713062284,0.03748555254643474,0.5315091013908386,1.0,0.5,-1.2291180342435837,0.6359652858272514,0.055876937508583066,0.03340659402878968,0.0,0.0,0.0,0.4667780563235283,0.2704004459512083,0.24983513802289964,0.049468576579735905,0.46849090456962583,1.0,0.5,-0.28879107534885406,0.18130889844919748,0.1154926598072052,0.010269992125164717,0.0,0.0,0.0
TENX117,690,038x002,716,25891,10,-0.18014526925981045,0.16506303844070153,0.14415479600429534,0.007142392114903099,0.0,0.0,0.0,-0.12201906852424145,0.1760778085802,0.15290264338254927,0.009543283277523894,0.0,0.0,0.0,0.4472582019865513,0.16968432583390558,0.27015675902366637,0.016782063092046655,0.4861715018749237,1.0,0.5,-1.0919899106025697,0.3868706695715896,0.06107376217842102,0.02010046514000047,0.0,0.0,0.0,0.5030212163925171,0.1624088706957046,0.2867518082261086,0.030952167660177648,0.5138284772634506,1.0,0.5,-0.7094386488199234,0.1844346507211831,0.08496023863554,0.005128177155301721,0.0,0.0,0.0
TENX117,691,038x003,1447,25891,10,0.10763031020760536,0.1318701211251296,0.19962709844112397,0.012676720754761067,0.2462697446346283,0.6,0.0,-0.15907860286533831,0.0854081852113592,0.15270502716302872,0.006018135352754276,0.0,0.0,0.0,0.459824301302433,0.14821089743588367,0.28679786175489425,0.04419585620353971,0.575462880730629,1.0,0.9,-0.9725747048854828,0.3765349070367762,0.07287097871303558,0.02785447376376154,0.0,0.0,0.0,0.10152604877948761,0.20436248330513326,0.20000449568033218,0.02867179557336537,0.17826736867427825,0.4,0.1,-0.7113296985626221,0.1240977149852016,0.08799453005194664,0.005247979401364345,0.0,0.0,0.0
TENX117,692,038x004,2177,25891,10,0.2146362043917179,0.12971886098372185,0.19875870198011397,0.020728534894767472,0.29522530138492586,0.7,0.1,-0.016244863718748094,0.16022590946028306,0.15771357864141464,0.015517752779043572,0.0,0.0,0.0,0.6099418267607689,0.23456106605792398,0.2989752858877182,0.056410496747805385,0.5888729304075241,1.0,0.9,-1.335990172624588,0.3759509088698925,0.04452788606286049,0.016468621961773424,0.0,0.0,0.0,0.19486572295427323,0.14605294190964802,0.1948767051100731,0.020254879954159744,0.11590177416801453,0.3,0.0,-0.4206520617008209,0.1285153750203984,0.10514785796403885,0.00940083780678059,0.0,0.0,0.0
TENX117,693,038x005,2908,25891,10,0.3101982980966568,0.10631046359948446,0.21536732017993926,0.015769004494189394,0.43942170441150663,1.0,0.2,-0.021127358078956604,0.06374027800358077,0.15455503165721893,0.010114187862345041,0.0,0.0,0.0,0.5567504614591599,0.24594680097676527,0.279559962451458,0.050162891677910416,0.560578316450119,1.0,0.8,-0.8941578947007656,0.5176612728488833,0.07609405312687159,0.045778862957826245,0.0,0.0,0.0,-0.049863096326589584,0.16891650393837382,0.15122735723853112,0.02078595298497616,0.0,0.0,0.0,-0.24876525849103928,0.12392463281362445,0.12319628670811653,0.009453944378795844,0.0,0.0,0.0
TENX117,694,038x006,3639,25891,10,0.19610781818628312,0.09730263824467794,0.21761296838521957,0.01709423790339554,0.42296749353408813,1.0,0.1,-0.17996071763336657,0.10212481467807566,0.1490323469042778,0.0048520595768115835,0.0,0.0,0.0,0.5115746296942234,0.2387684173174857,0.3024900883436203,0.05462396333988022,0.5770325064659119,1.0,0.9,-1.0920724481344224,0.5078423057445837,0.06626071352511645,0.029079396638641054,0.0,0.0,0.0,-0.107284414768219,0.11216664373857162,0.1615457221865654,0.021124669500223032,0.0,0.0,0.0,-0.5527225762605668,0.10739918379359832,0.10305818468332291,0.009743839669479929,0.0,0.0,0.0
TENX117,695,038x007,4370,25891,10,0.11163608208298684,0.17178961235626697,0.20734200477600098,0.016813372898080072,0.42008883953094484,1.0,0.0,-0.167621248960495,0.12018456939930941,0.15642188489437103,0.005537899242698179,0.0,0.0,0.0,0.43862944319844244,0.24042247964140628,0.2911698341369629,0.05089112321039297,0.5799111545085907,1.0,1.0,-0.9453473657369613,0.4122739291783164,0.07927126046270132,0.032119202740952056,0.0,0.0,0.0,-0.13552147895097733,0.22401438903852575,0.16288322061300278,0.021900680002910563,0.0,0.0,0.0,-0.591446453332901,0.22558254230063782,0.10291178971529007,0.011375970096649594,0.0,0.0,0.0
TENX117,696,038x008,5100,25891,10,0.09008058905601501,0.05944322172428414,0.20603442192077637,0.006443169815172152,0.1208820641040802,0.3,0.0,-0.16903279572725297,0.13784021225326443,0.15940258353948594,0.01203722886185172,0.0,0.0,0.0,0.37259113490581514,0.14332038225839427,0.2745951905846596,0.027917288466891378,0.5619871139526367,1.0,0.9,-1.3909414112567902,0.3592326280851915,0.04967349637299776,0.018260271635161557,0.0,0.0,0.0,0.09643032997846604,0.07807175504763054,0.20808226615190506,0.01875599150580269,0.31713081896305084,0.7,0.1,-0.6126784443855285,0.05155231912496467,0.10221204906702042,0.006974776085220133,0.0,0.0,0.0
TENX117,697,038x009,5831,25891,10,0.23841373324394227,0.1309960941622432,0.22345980852842331,0.012536442853701132,0.45172321498394014,1.0,0.4,-0.11093761697411537,0.16112714729440586,0.157976870238781,0.014060329476853926,0.0,0.0,0.0,0.43454081043601034,0.18640666590360636,0.27567045092582704,0.047960460690220544,0.5482767730951309,1.0,0.6,-1.0600061535835266,0.4576665289240761,0.06830180864781141,0.03291798075542914,0.0,0.0,0.0,-0.005416305363178253,0.19742329669831293,0.17641682922840118,0.02359283313510488,0.0,0.0,0.0,-0.5842325508594512,0.13665928988953335,0.09817423895001412,0.005756952478075994,0.0,0.0,0.0
TENX117,698,038x010,6562,25891,10,0.11895155310630798,0.19782527176783424,0.19908760786056517,0.017870987174135947,0.3604824662208557,0.9,0.0,-0.14751136712729931,0.12276241038253465,0.1522585332393646,0.009989452106861271,0.0,0.0,0.0,0.4929985046386719,0.23457695971087889,0.29330745190382,0.05442029339966508,0.5880389928817749,1.0,0.9,-1.1350810550153256,0.5813638977638477,0.07049862463027239,0.047563735503153064,0.0,0.0,0.0,-0.012974989414215089,0.3121010481042168,0.17711445838212966,0.035090913078227454,0.05147854685783386,0.1,0.1,-0.4973958760499954,0.22444202061461632,0.10773331820964813,0.011984529511536704,0.0,0.0,0.0
TENX117,699,038x011,7292,25891,10,0.054830197244882584,0.043333358024988895,0.20319499224424362,0.010531367546298279,0.16142808198928832,0.4,0.0,-0.22291341722011565,0.11982222989874436,0.15421630442142487,0.012225666149333481,0.0,0.0,0.0,0.3743179991841316,0.1807374208951921,0.28248907029628756,0.04194929839191135,0.5729648649692536,1.0,1.0,-1.065650823712349,0.3397313649129962,0.07039411328732967,0.026047528128005423,0.0,0.0,0.0,0.05239489898085594,0.0783582636961462,0.20310655236244202,0.01685571156875702,0.2656070590019226,0.6,0.0,-0.7985473930835724,0.062032173705318674,0.08659898489713669,0.005355819845091391,0.0,0.0,0.0
TENX117,700,038x012,8023,25891,10,0.3377407073974609,0.26586926181768306,0.23380523771047593,0.020633844563892837,0.4488889515399933,1.0,0.3,-0.0748780507594347,0.22403217505766976,0.15451744198799133,0.010139719648234232,0.0,0.0,0.0,0.5454261362552643,0.20998181087910464,0.29065279215574263,0.04725151327147657,0.5511110603809357,1.0,0.7,-1.1570392429828644,0.25212575501540707,0.056664608605206016,0.02311378913127627,0.0,0.0,0.0,-0.0190735824406147,0.30076633788174545,0.16478254199028014,0.023875003165959717,0.0,0.0,0.0,-0.5164103202521801,0.2628279980101537,0.0995773695409298,0.009326049223798117,0.0,0.0,0.0
TENX117,701,038x013,8754,25891,10,0.246103236079216,0.13266809408093758,0.2272915482521057,0.021046946697536234,0.4626210629940033,1.0,0.4,-0.121833635866642,0.12614646318804185,0.156809900701046,0.00682346707128958,0.0,0.0,0.0,0.39566575195640324,0.2291082354219644,0.2677678883075714,0.05085534787174257,0.4473594307899475,0.8,0.6,-1.0075933992862702,0.2643289627367786,0.06727334670722485,0.020205619621849098,0.0,0.0,0.0,0.05437140688300133,0.18235262091118226,0.1881944239139557,0.02268052069246935,0.09001949727535248,0.2,0.0,-0.6507175296545029,0.12496408379479716,0.09266291409730912,0.00808510619735016,0.0,0.0,0.0
TENX117,702,038x014,9485,25891,10,0.13322916999459267,0.09107914646839252,0.2242098033428192,0.02143649612857036,0.4439424932003021,1.0,0.2,-0.23136641085147858,0.08725792795350962,0.15549120754003526,0.012451106324052462,0.0,0.0,0.0,0.3601833513006568,0.2337543921301894,0.2853200599551201,0.05417463255039182,0.5093840718269348,0.9,0.8,-1.216476184129715,0.3032893043553001,0.0609245378524065,0.018721422121216025,0.0,0.0,0.0,-0.11507849618792534,0.1348194122674099,0.17615270018577575,0.02686951987098739,0.046673423051834105,0.1,0.0,-0.6942674934864044,0.08159269331404725,0.09790167659521103,0.008043622376820622,0.0,0.0,0.0
TENX117,703,038x015,10215,25891,10,0.09142057001590728,0.05987995027140085,0.21771123111248017,0.017883832969898785,0.4406589031219482,1.0,0.3,-0.28393740952014923,0.08887098888675364,0.14959184154868127,0.012324573550198187,0.0,0.0,0.0,0.3208422791212797,0.22282386385075964,0.27778300940990447,0.05172478492848648,0.5068697392940521,0.9,0.6,-1.2951410412788391,0.4068013513860644,0.05884498599916697,0.0235671334872844,0.0,0.0,0.0,-0.019251012057065964,0.14121388160017304,0.19670846909284592,0.032254996013694484,0.05247134566307068,0.1,0.1,-0.6943091690540314,0.09874331482362764,0.09936047494411468,0.009775309459822228,0.0,0.0,0.0
TENX117,704,038x016,10946,25891,10,0.2342749685049057,0.0828629181293297,0.21326045989990233,0.019925865489053236,0.3785540759563446,0.9,0.1,-0.11478977352380752,0.06491533094635549,0.15021695345640182,0.011428021281591679,0.0,0.0,0.0,0.5252058885991573,0.2067884263901169,0.2888670027256012,0.05138593264361281,0.5271724224090576,0.9,0.9,-1.1253821820020675,0.4501308762397726,0.05946816392242908,0.023401478869453738,0.0,0.0,0.0,0.1226357102394104,0.137238898004942,0.19183174073696135,0.027073130688094485,0.09427350461483001,0.2,0.0,-0.5608500063419342,0.09339265772410818,0.09635570421814918,0.009684092389551867,0.0,0.0,0.0
TENX117,705,038x017,11677,25891,10,0.12571631073951722,0.19828508931919034,0.1856190010905266,0.015921720427932728,0.0,0.0,0.0,-0.12927978932857515,0.22262079376879743,0.14428126960992813,0.01678727834347435,0.0,0.0,0.0,0.5205737305805087,0.2070060054266666,0.2772747799754143,0.03869595519413732,0.5573690563440323,1.0,0.7,-0.8990200243890285,0.5752990573219853,0.08094669003039598,0.04400947123712952,0.0,0.0,0.0,0.28585053980350494,0.2727028111794637,0.22011546343564986,0.037141973419314175,0.4426309436559677,1.0,0.3,-0.5794739827513695,0.22388851627009582,0.09176279827952386,0.008620728379315996,0.0,0.0,0.0
TENX117,706,038x018,12407,25891,10,0.2263241060078144,0.16222982416224765,0.18846473842859268,0.013271209371837239,0.11537044942378998,0.3,0.0,0.01104995459318161,0.11969007196227013,0.15186693221330644,0.009131876431725972,0.0,0.0,0.0,0.666632454097271,0.21504816644590805,0.2954751804471016,0.044534057815882676,0.5794328063726425,1.0,0.9,-1.0837485671043396,0.4181399080015446,0.05751698110252619,0.02548098289422697,0.0,0.0,0.0,0.33024069890379903,0.26541685760742517,0.2108871027827263,0.03121491115562318,0.3051967293024063,0.7,0.1,-0.45405166521668433,0.24045721253986393,0.09578906893730163,0.010686038420820864,0.0,0.0,0.0
TENX117,707,038x019,13138,25891,10,0.21565184891223907,0.08492108831137786,0.20263065099716188,0.012693222839531533,0.12287824153900147,0.3,0.0,-0.01583225391805172,0.032773765713887945,0.16060663610696793,0.007153187750116287,0.0,0.0,0.0,0.5373030036687851,0.14393043673339262,0.28194988518953323,0.04061054757785884,0.5638508766889572,1.0,0.8,-1.3553655385971068,0.37155640281971414,0.04545330051332712,0.019499777456908306,0.0,0.0,0.0,0.24884447678923607,0.16708305315017338,0.21132035106420516,0.03117092591587288,0.31327086985111235,0.7,0.2,-0.5133401125669479,0.11094087593911134,0.09803918451070785,0.009876895721262756,0.0,0.0,0.0
TENX117,708,038x020,13869,25891,10,0.033001646399497986,0.16916828157779015,0.19437659233808519,0.011601177481293913,0.11722943484783173,0.3,0.0,-0.212629184871912,0.20290618745821914,0.1521586835384369,0.010683536711925451,0.0,0.0,0.0,0.4324684016406536,0.2601290906056332,0.2924050331115723,0.041993118384611734,0.5832766473293305,1.0,1.0,-1.1611277103424071,0.2849860823980035,0.06382465623319149,0.028228558561428082,0.0,0.0,0.0,0.07534260153770447,0.23627994845771627,0.2040562778711319,0.025898002177969552,0.29949390292167666,0.7,0.0,-0.7052499026060104,0.20458134110741383,0.09317877516150475,0.009457867928219614,0.0,0.0,0.0
TENX117,709,038x021,14600,25891,10,0.12149301245808601,0.1536353156171572,0.18042506873607636,0.016469553514733806,0.3044180661439896,0.8,0.0,-0.0060578413307666775,0.18457012254082994,0.15877678245306015,0.014025105249039996,0.032242041826248166,0.1,0.0,0.6283759012818336,0.23517755450264563,0.30259432941675185,0.05087405038419179,0.6200893700122834,1.0,1.0,-0.84244125187397,0.4131108116147441,0.07719178479164839,0.0336702531599775,0.0,0.0,0.0,0.005363493412733078,0.2531964612330758,0.1626948393881321,0.029593996474763067,0.04325050413608551,0.1,0.0,-0.29970813244581224,0.15995879975517496,0.11831719279289246,0.009778566373811573,0.0,0.0,0.0
TENX117,710,038x022,15330,25891,10,0.03167231455445289,0.17334942530801578,0.1649755448102951,0.018992667424813047,0.1170279175043106,0.4,0.0,-0.08146250136196613,0.14097743151396785,0.14654748439788817,0.007480977786814514,0.0,0.0,0.0,0.656822246313095,0.22440466114235963,0.3119274705648422,0.05826185175616056,0.6250727713108063,1.0,1.0,-0.9844656884670258,0.5108113325748518,0.06603076010942459,0.02714675882655247,0.0,0.0,0.0,0.0921049490571022,0.2709712900029929,0.17905100733041762,0.04200206600506282,0.25789931416511536,0.6,0.0,-0.19385914066806437,0.17961959440188302,0.13146774992346763,0.013219548763141334,0.0,0.0,0.0
TENX117,711,038x023,16061,25891,10,0.021603524684906006,0.1594471614846297,0.15508444011211395,0.017036357499935085,0.0,0.0,0.0,-0.003384606167674065,0.06756646156208408,0.15053913593292237,0.008060594604320497,0.0,0.0,0.0,0.6829953849315643,0.14847699588805963,0.30225746929645536,0.04680826366388061,0.5925312399864197,1.0,0.8,-0.9250428818166256,0.7820857885180741,0.07996343662962317,0.05429795346107916,0.06776306927204132,0.2,0.0,0.25008522272109984,0.3198231955438327,0.20131508260965347,0.05577550864313409,0.33970568478107455,0.8,0.2,-0.31752830259501935,0.19388351195409512,0.11084042116999626,0.015178347358109587,0.0,0.0,0.0
TENX117,712,038x024,16792,25891,10,0.0366090290248394,0.21551287061055127,0.15525946766138077,0.01714106669929198,0.030587261915206908,0.1,0.0,-0.015677963942289354,0.1572528035848147,0.14663534015417098,0.0074313333010462635,0.0597211480140686,0.2,0.0,0.7196912065148353,0.2101765597768066,0.3083602786064148,0.041515152014244765,0.62080058157444,1.0,0.9,-0.7849915258586406,0.523185138348261,0.07874124515801668,0.04001635671241468,0.0,0.0,0.0,0.18839682191610335,0.3320844604829363,0.1849888652563095,0.04451107688392856,0.28889100849628446,0.7,0.1,-0.1751723639667034,0.2582461941329216,0.12601478919386863,0.01733386336719593,0.0,0.0,0.0
TENX117,713,038x025,17522,25891,10,-0.01832217797636986,0.17471211787150334,0.15420028567314148,0.014938448724709496,0.0,0.0,0.0,-0.10342795923352241,0.12334891091758388,0.14107069224119187,0.005794639455705011,0.0,0.0,0.0,0.5747987493872643,0.1737632907162498,0.28114706873893736,0.04386436841660229,0.5594083607196808,1.0,0.5,-0.8720264725387097,0.5167451892015442,0.07453302703797818,0.037625024699098585,0.0,0.0,0.0,0.32737593203783033,0.2859850498466657,0.22260216623544693,0.050219219628069606,0.4405916422605515,1.0,0.5,-0.2183619444258511,0.19044705273104032,0.12644676119089127,0.014397679013706522,0.0,0.0,0.0
TENX117,714,038x026,18253,25891,10,-0.0722751647233963,0.13205987513883077,0.14637520164251328,0.010515356753657888,0.0,0.0,0.0,-0.07300462871789933,0.09651953577350089,0.14599281549453735,0.00528690502356078,0.0,0.0,0.0,0.6342891991138458,0.1607467122538998,0.2977684333920479,0.032617439692314544,0.5895774513483047,1.0,0.9,-0.9733925387263298,0.6869731209346547,0.07383274286985397,0.04343071911099926,0.03152992129325867,0.1,0.0,0.26164568662643434,0.2806541951928353,0.20977103263139724,0.049494109957943025,0.37889263927936556,0.9,0.1,-0.22371488744392992,0.1738230940433566,0.12625978142023087,0.013897906174380185,0.0,0.0,0.0
TENX117,715,038x027,18984,25891,10,-0.03947593122720718,0.171692281806147,0.15294860303401947,0.013593687141173332,0.0,0.0,0.0,-0.02713203728199005,0.1533423941533749,0.15439750254154205,0.006911187567202576,0.06420629024505616,0.2,0.0,0.5938085660338401,0.18761922818401536,0.29000904262065885,0.04145929720873688,0.5928770780563355,1.0,0.8,-0.8821604639291764,0.49820677806168984,0.07478743325918913,0.03602856959755959,0.0,0.0,0.0,0.19353896677494048,0.30281495913094886,0.19772449433803557,0.045962257501308945,0.3429166316986084,0.8,0.2,-0.20247820839285852,0.19015498351005583,0.13013292476534843,0.013441537353768306,0.0,0.0,0.0
TENX117,716,038x028,19715,25891,10,-0.03801717534661293,0.1411064490500147,0.14802850037813187,0.011882533618777577,0.0,0.0,0.0,-0.06518670432269573,0.13495722603081794,0.14403027817606925,0.010917413132437772,0.0,0.0,0.0,0.6012805014848709,0.1725269311579763,0.2822818845510483,0.03855283653304739,0.5636238694190979,1.0,0.6,-1.0079376868903638,0.7085651260361125,0.07127082850784064,0.044020812314250056,0.03483959436416626,0.1,0.0,0.3370125278830528,0.30994413381786007,0.22075425684452057,0.051981209693625456,0.40153653025627134,0.9,0.4,-0.14454091573134065,0.18946528402113824,0.1336342476308346,0.01644704496413011,0.0,0.0,0.0
TENX117,717,038x029,20445,25891,10,-0.1236759502440691,0.19081644595162622,0.14218574464321138,0.01367430512921639,0.0,0.0,0.0,-0.11594340167939662,0.1108440920027312,0.14282504320144654,0.007315467317710689,0.03205772638320923,0.1,0.0,0.6164164051413537,0.19705454777394382,0.2998176798224449,0.04333738154801788,0.5903574913740158,1.0,0.9,-1.0450660310685636,0.683021576007376,0.06968795508146286,0.04010730315236829,0.0,0.0,0.0,0.2343621611595154,0.2891913023083989,0.20884138345718384,0.0510538093367201,0.377584782242775,0.9,0.1,-0.16671646488830447,0.22186113391482587,0.136642187833786,0.017207556530901048,0.0,0.0,0.0
TENX117,718,039x002,716,26622,10,-0.07384272441267967,0.055581384694031934,0.14809033870697022,0.008608007044901377,0.0,0.0,0.0,-0.1367791686207056,0.10952896089475873,0.1394337423145771,0.012757942235843627,0.0,0.0,0.0,0.5150360286235809,0.120378370743249,0.26754510402679443,0.02441819925509689,0.4719693213701248,1.0,0.4,-1.0244225561618805,0.21774439515893726,0.058853423967957494,0.014814685597076776,0.0,0.0,0.0,0.6280728429555893,0.08567213398732364,0.2991041600704193,0.022040273533722413,0.5280306667089463,1.0,0.6,-0.6080045729875565,0.08956962708841236,0.08697322309017182,0.007425092721397174,0.0,0.0,0.0
TENX117,719,039x003,1447,26622,10,0.14389566257596015,0.16454612485810294,0.21673469692468644,0.02583562529083159,0.4274614483118057,1.0,0.2,-0.14113106168806552,0.0727294910394632,0.16215256303548814,0.009809303057008278,0.0,0.0,0.0,0.4323589660227299,0.2338999987549171,0.29267982542514803,0.055517542630438475,0.52657430768013,0.9,0.8,-1.2259613454341889,0.4093533507813766,0.06133770626038313,0.028476872471728372,0.0,0.0,0.0,-0.1132716841995716,0.21949922176690168,0.16900017857551575,0.030278667807084783,0.04596423804759979,0.1,0.0,-0.647137114405632,0.1508863409965147,0.09809504747390747,0.010053924271216068,0.0,0.0,0.0
TENX117,720,039x004,2177,26622,10,0.2230829305946827,0.18241845165400566,0.2190100759267807,0.020036571768012622,0.43142029941082,1.0,0.2,-0.11309760212898254,0.14580273454825388,0.15636909157037734,0.013006751155413953,0.0,0.0,0.0,0.5040480971336365,0.2956934741812427,0.2938570395112038,0.053712817744666914,0.5685797035694122,1.0,0.8,-1.3357585869729518,0.6510958860522708,0.05607025772333145,0.035130771368546594,0.0,0.0,0.0,-0.03889826536178589,0.22745864414154354,0.16957735717296601,0.024917937932590013,0.0,0.0,0.0,-0.5108003452420234,0.19798407761003106,0.10511619821190835,0.009481767777590326,0.0,0.0,0.0
TENX117,721,039x005,2908,26622,10,0.20611198171973227,0.16122843001228135,0.20399599224328996,0.016522465739815324,0.3322641611099243,0.8,0.1,-0.03480627499520779,0.1647792700285784,0.1599753439426422,0.007074835513527773,0.0,0.0,0.0,0.4975323505699635,0.23355241977508784,0.2763631209731102,0.04722093059831771,0.5259998679161072,0.9,0.9,-1.1781471371650696,0.23185702795352472,0.052708984911441804,0.014644439225232137,0.0,0.0,0.0,0.06488635167479515,0.15767197213472373,0.17854153662919997,0.026682444102365883,0.141735976934433,0.3,0.0,-0.25590520203113554,0.15941275865881796,0.12841503843665122,0.008871748666626574,0.0,0.0,0.0
TENX117,722,039x006,3639,26622,10,0.11043427437543869,0.11106582762041328,0.19780065715312958,0.014611432858911024,0.39692287147045135,1.0,0.0,-0.15358806662261487,0.07525642547776755,0.1519169479608536,0.011213108273307593,0.0,0.0,0.0,0.535048320889473,0.1803632817474966,0.3063781276345253,0.05377367996957504,0.6030771195888519,1.0,1.0,-1.0956058293581008,0.3694146303615813,0.0630301807075739,0.023457967227322622,0.0,0.0,0.0,0.02945943921804428,0.13825666698550637,0.18289150297641754,0.018932474554281396,0.0,0.0,0.0,-0.5922033488750458,0.09190983161766132,0.09798256978392601,0.007425390018460627,0.0,0.0,0.0
TENX117,723,039x007,4370,26622,10,0.20051392838358878,0.16736173143481484,0.20903858095407485,0.016577669106011016,0.41430924236774447,1.0,0.1,-0.04462992958724499,0.18958767267836274,0.16322131156921388,0.006343750451013753,0.0,0.0,0.0,0.5504943408071995,0.2518794037616889,0.2991097018122673,0.04387419019333928,0.5856907576322555,1.0,0.9,-0.9909101635217666,0.49950175929045937,0.06840650979429483,0.023788507653959245,0.0,0.0,0.0,-0.12842049151659013,0.23848194990209962,0.1519875317811966,0.02470587064005525,0.0,0.0,0.0,-0.4575046941637993,0.19821841596265102,0.1082363672554493,0.008169176525913929,0.0,0.0,0.0
TENX117,724,039x008,5100,26622,10,0.049590888619422915,0.13430142763933292,0.20022462904453278,0.01290745445175721,0.32848855555057527,0.8,0.0,-0.18934589214622974,0.14946270456583868,0.15767459869384765,0.010188668628987532,0.0,0.0,0.0,0.36134610772132875,0.18716227031106164,0.27596393823623655,0.04093293339033643,0.5756253004074097,1.0,1.0,-1.0032890647649766,0.5542713083610042,0.08237607460469007,0.04508630380701682,0.0,0.0,0.0,-0.06678693592548371,0.22165428241237045,0.18011093139648438,0.02841524435446649,0.0958861380815506,0.2,0.0,-0.6095870047807693,0.1409999350179337,0.10364983305335045,0.007817269006918589,0.0,0.0,0.0
TENX117,725,039x009,5831,26622,10,0.16922952383756637,0.13262172007302322,0.2118330106139183,0.013791864728115803,0.4202951639890671,1.0,0.0,-0.14729728661477565,0.13158035572377258,0.1549743264913559,0.01728315867428763,0.0,0.0,0.0,0.48548752069473267,0.14517363409566192,0.2927034482359886,0.03926262145756735,0.5284237742424012,0.9,0.9,-1.0937817960977554,0.32673552977694664,0.06462346352636814,0.025638604028427475,0.0,0.0,0.0,0.03509949967265129,0.22985428999128432,0.1873592123389244,0.031124390314217317,0.05128106474876404,0.1,0.1,-0.7049263834953308,0.15304711681845629,0.08850655555725098,0.007453352225336046,0.0,0.0,0.0
TENX117,726,039x010,6562,26622,10,0.1533775046467781,0.10066881563400915,0.21760232448577882,0.017754479428640987,0.43252808451652525,1.0,0.2,-0.16508488059043885,0.03569275103339515,0.1580471694469452,0.009891190616982702,0.0,0.0,0.0,0.4282294034957886,0.1580791387700521,0.2890051230788231,0.044845620718892205,0.567471930384636,1.0,0.8,-0.9519530318677425,0.5224424833975744,0.0825425311923027,0.04632922054442159,0.0,0.0,0.0,-0.26569109335541724,0.2039178466430414,0.14520065858960152,0.02726870138301953,0.0,0.0,0.0,-0.5521692842245102,0.12895852508349814,0.10760217607021332,0.010397340334421492,0.0,0.0,0.0
TENX117,727,039x011,7292,26622,10,0.1538226507604122,0.19190471886158303,0.19863420128822326,0.014464604392497457,0.12200231254100799,0.3,0.0,-0.11913743391633033,0.16746235281632013,0.15106682181358339,0.009011175101355264,0.0,0.0,0.0,0.46075602024793627,0.24596667408390108,0.2734895035624504,0.04523280501672591,0.5178889483213425,0.9,0.7,-0.9865743756294251,0.3649318147599715,0.07170315254479646,0.03452008888951549,0.0,0.0,0.0,0.20102089270949364,0.2608968281893386,0.20967620611190796,0.02913527308781951,0.3601087272167206,0.8,0.3,-0.5793822467327118,0.207540645327951,0.09543012082576752,0.007133664622743749,0.0,0.0,0.0
TENX117,728,039x012,8023,26622,10,0.2652270011603832,0.12968466089691227,0.2082955077290535,0.01541092087522682,0.3316838264465332,0.8,0.2,-0.0435785211622715,0.09975612392479975,0.15277423858642578,0.008334443191682748,0.0,0.0,0.0,0.5629500776529313,0.20607262912261487,0.2846310555934906,0.05226998177147866,0.5220846831798553,0.9,0.8,-1.0110572278499603,0.32300625775244796,0.061292560398578645,0.021575947638861594,0.0,0.0,0.0,0.24257054775953293,0.1454371553289661,0.20394455194473265,0.018914866796946702,0.14623151123523712,0.3,0.0,-0.5834823310375213,0.11242452827685442,0.08906209394335747,0.005363588460360044,0.0,0.0,0.0
TENX117,729,039x013,8754,26622,10,0.2226947456598282,0.1872571933565563,0.22842425405979155,0.023095207283661507,0.44000000357627866,1.0,0.4,-0.19784259758889675,0.14251423828194207,0.1493169844150543,0.004644823463871773,0.0,0.0,0.0,0.4692066229879856,0.2390348705305752,0.2966894581913948,0.058946960282570425,0.5599999785423279,1.0,0.6,-1.0568943113088607,0.42980388492708393,0.06814582571387291,0.02709273335233908,0.0,0.0,0.0,-0.12170892357826232,0.20796240707039532,0.1634509190917015,0.028438308601009623,0.0,0.0,0.0,-0.6639647394418716,0.18354325478243042,0.09397255405783653,0.007922760395940953,0.0,0.0,0.0
TENX117,730,039x014,9485,26622,10,0.14543844684958457,0.1448824737639612,0.22448029965162278,0.02610324943495826,0.4419291764497757,1.0,0.3,-0.20306977033615112,0.1629912164496346,0.15755005925893784,0.007663758604279077,0.0,0.0,0.0,0.3809739828109741,0.27056759275451064,0.2879407927393913,0.05551252500313296,0.5136399388313293,0.9,0.7,-0.9954239368438721,0.27807158639686086,0.07451224364340306,0.021371735199688425,0.0,0.0,0.0,-0.1757317937910557,0.199886982780866,0.1635577067732811,0.02457620212548703,0.04443088173866272,0.1,0.0,-0.7455589354038239,0.13769981978855295,0.09195889979600906,0.009308223337367935,0.0,0.0,0.0
TENX117,731,039x015,10215,26622,10,0.25456178188323975,0.1697099082406964,0.20848178267478942,0.015318137267619599,0.21995716094970702,0.5,0.2,-0.084404331818223,0.2559493313296674,0.14866196364164352,0.012013757804887847,0.0,0.0,0.0,0.4856374017894268,0.26852441238919883,0.2655403956770897,0.04245185706312305,0.4984660863876343,0.9,0.6,-1.0300605744123459,0.29765573814439034,0.062178092822432515,0.022631026808005265,0.0,0.0,0.0,0.28644897863268853,0.2501815576481495,0.2160564512014389,0.02449466674750707,0.2815767526626587,0.6,0.2,-0.4891825243830681,0.21910064385313355,0.09908133447170257,0.006956852980470243,0.0,0.0,0.0
TENX117,732,039x016,10946,26622,10,0.12724303752183913,0.17949509139007125,0.21583999395370485,0.015204352934915061,0.3421312242746353,0.8,0.1,-0.2173720259219408,0.213182741236584,0.15293416380882263,0.010685836915597664,0.0,0.0,0.0,0.3638556435704231,0.26575652209412326,0.2759620830416679,0.040806029536030464,0.4603398859500885,0.8,0.8,-1.3056193709373474,0.1474380442227298,0.05250865966081619,0.010926272647459497,0.0,0.0,0.0,0.09424052461981773,0.2235883093191894,0.21005542129278182,0.02697878394773335,0.1975288897752762,0.4,0.1,-0.7182940602302551,0.18613531819835286,0.09269966185092926,0.007007314681025715,0.0,0.0,0.0
TENX117,733,039x017,11677,26622,10,0.24752653613686562,0.11147835314559042,0.21861170083284379,0.017664269963497292,0.3989305704832077,0.9,0.2,-0.06817074343562127,0.1455017121571737,0.15941352695226668,0.012483350022270865,0.0,0.0,0.0,0.46607626155018805,0.18438231748659928,0.27523090988397597,0.04644250755254249,0.4618882775306702,0.8,0.8,-1.1043603807687759,0.5062622235033386,0.062486329860985276,0.02633682488265803,0.0,0.0,0.0,0.10969374626874924,0.15281731667530246,0.19153660237789155,0.025462531926738113,0.1391811639070511,0.3,0.0,-0.6102526277303696,0.11126995607586643,0.09272093549370766,0.007554026342428044,0.0,0.0,0.0
TENX117,734,039x018,12407,26622,10,0.21009098663926123,0.12524161029950165,0.21784283071756363,0.021164226799164534,0.44695242643356325,1.0,0.3,-0.102762233838439,0.06766269026306666,0.15927469581365586,0.014514657880673517,0.0,0.0,0.0,0.3983037455007434,0.21090102408084616,0.2661072641611099,0.04717374917693545,0.40734324753284457,0.7,0.6,-0.9695166431367397,0.4167997914606472,0.0708171159029007,0.026726589648269062,0.0,0.0,0.0,0.08018783405423165,0.1418665695478549,0.1925777867436409,0.029074322788237027,0.14570432603359224,0.3,0.1,-0.6373954653739929,0.1443570673703779,0.09338028356432915,0.009415106572168557,0.0,0.0,0.0
TENX117,735,039x019,13138,26622,10,0.12410258427262306,0.15760982306322924,0.20558011531829834,0.021199945882546437,0.4094161957502365,1.0,0.1,-0.11621430218219757,0.1857385907426985,0.16116234064102172,0.010400138203592132,0.0,0.0,0.0,0.497174072265625,0.252849407546809,0.3024690017104149,0.056792796606918335,0.5905838072299957,1.0,0.9,-0.9338041804730892,0.47662607420848374,0.08233131375163794,0.042442603396178676,0.0,0.0,0.0,-0.16369315311312677,0.22988055747243766,0.15522681549191475,0.024480921330767298,0.0,0.0,0.0,-0.6673017337918281,0.1854466793255038,0.09323040917515754,0.010167685788921332,0.0,0.0,0.0
TENX117,736,039x020,13869,26622,10,0.05740426257252693,0.14690465174632264,0.19784854501485824,0.017048664067088524,0.39382522404193876,1.0,0.0,-0.19269312731921673,0.14488313159954025,0.15368032157421113,0.007550972265216271,0.0,0.0,0.0,0.49511329606175425,0.2222267764742361,0.30947152972221376,0.05001893250258165,0.6061747789382934,1.0,1.0,-1.1424438595771789,0.2600931737696637,0.061979138478636744,0.018271830477104952,0.0,0.0,0.0,-0.0578871339559555,0.18219651488405567,0.17709289789199828,0.02250863534028232,0.0,0.0,0.0,-0.6247520983219147,0.1488045710645232,0.09992757365107537,0.007524528226854999,0.0,0.0,0.0
TENX117,737,039x021,14600,26622,10,0.12663644924759865,0.11330283041592255,0.1826826587319374,0.022067272994130947,0.14087305068969727,0.4,0.0,-0.06481052991002798,0.07165914831273061,0.1498559057712555,0.005860865427171541,0.0,0.0,0.0,0.6027293011546135,0.2611721123662566,0.2984079197049141,0.061899032167309055,0.6032088071107864,1.0,0.9,-0.9806154131889343,0.16688023610208652,0.060473451390862465,0.008010480742213577,0.0,0.0,0.0,0.1526418961584568,0.16490097342798077,0.18875545412302017,0.03140734255223208,0.2559181571006775,0.6,0.1,-0.2908171907067299,0.0879724580954097,0.1198246069252491,0.009556491399752277,0.0,0.0,0.0
TENX117,738,039x022,15330,26622,10,-0.12173347100615502,0.1503768049760479,0.1559774585068226,0.018634239238736177,0.0,0.0,0.0,-0.11981271728873252,0.07750563746261556,0.15560741424560548,0.01221377244146511,0.09098988473415374,0.3,0.0,0.5094586752355099,0.22142545805044325,0.2953583627939224,0.05043951880848331,0.6010323315858841,1.0,0.9,-0.8976701185107231,0.8963177313852316,0.103505315259099,0.090148576122463,0.13275286853313445,0.3,0.1,-0.13327062875032425,0.299028718246333,0.1594661518931389,0.044150454287140574,0.17522491812705993,0.4,0.0,-0.3108189434744418,0.2141337625331047,0.1300852857530117,0.021772748923062833,0.0,0.0,0.0
TENX117,739,039x023,16061,26622,10,-0.10584532283246517,0.09747697609196948,0.1482920080423355,0.014836966164821642,0.0,0.0,0.0,-0.05892507396638393,0.08947500061886633,0.15483447909355164,0.007845679582944862,0.06062130928039551,0.2,0.0,0.6150225698947906,0.16436194366155527,0.3059221744537354,0.039535313323234636,0.6124903500080109,1.0,1.0,-0.7668965831398964,0.651878838576418,0.09100773315876723,0.05046874750966824,0.06999386548995971,0.2,0.0,0.0663947381079197,0.2458040150965765,0.1813393823802471,0.04673724903662597,0.2568944811820984,0.6,0.0,-0.33189365416765215,0.12505012077096764,0.11860420703887939,0.014557447205891437,0.0,0.0,0.0
TENX117,740,039x024,16792,26622,10,0.15935173369944095,0.11649260641094564,0.1613547146320343,0.010152306462624204,0.0,0.0,0.0,0.05778523534536362,0.07884778107004299,0.14578405767679214,0.009212751982423079,0.0,0.0,0.0,0.634533268213272,0.1619573476565506,0.26164221614599226,0.037290692236863446,0.5560444802045822,1.0,0.5,-0.5850632376968861,0.47641096935013133,0.08755930103361606,0.042685108216050954,0.03632071018218994,0.1,0.0,0.3986911609768867,0.2782772437803574,0.2093036651611328,0.044016414509420176,0.4076347917318344,0.9,0.5,-0.026964875403791666,0.1790425532462434,0.13435605615377427,0.013701458680582333,0.0,0.0,0.0
TENX117,741,039x025,17522,26622,10,-0.0391462329775095,0.16888592380372378,0.15884914845228196,0.011501328691631965,0.0,0.0,0.0,-0.08752772957086563,0.1478037411485129,0.15107673555612564,0.006007310710628738,0.0,0.0,0.0,0.4668571725487709,0.18480571718686487,0.265953928232193,0.040893555380211374,0.5328188598155975,1.0,0.5,-1.124805599451065,0.5304180096338635,0.06324335988610982,0.033544322785393786,0.0,0.0,0.0,0.33124402835965155,0.2896229659775512,0.23477540612220765,0.049785826663128745,0.467181134223938,1.0,0.5,-0.2711468979716301,0.18094604849037468,0.12610142976045607,0.010933426014161817,0.0,0.0,0.0
TENX117,742,039x026,18253,26622,10,-0.05803575813770294,0.16558200630907843,0.16264114379882813,0.02017476618001711,0.04236529767513275,0.1,0.0,-0.16184574477374553,0.14289643739010188,0.14558081775903703,0.0051633961200823735,0.03012426197528839,0.1,0.0,0.4677511155605316,0.2329819399839157,0.2774271875619888,0.04786851228456516,0.5400242507457733,0.9,0.8,-0.9495447896420955,0.6041071169640093,0.07882241774350404,0.046354688580977126,0.03821164667606354,0.1,0.0,0.09485495388507843,0.2761022823589397,0.1939488649368286,0.04765637293904271,0.3492745101451874,0.8,0.2,-0.19558697044849396,0.1605730316637191,0.1415795437991619,0.01609391652230002,0.0,0.0,0.0
TENX117,743,039x027,18984,26622,10,0.01696685701608658,0.22846085443692132,0.16177157312631607,0.018753496827923967,0.0,0.0,0.0,-0.10421367809176445,0.14503991124607402,0.14238527715206145,0.003727570658739494,0.02985202968120575,0.1,0.0,0.6456387251615524,0.19038471276192648,0.3059618160128593,0.05300268235060286,0.5961533308029174,1.0,0.8,-1.2714835345745086,0.569528451421551,0.054556673765182494,0.03295389840360189,0.0,0.0,0.0,0.23527697771787642,0.3431288801142446,0.20570976734161378,0.04869104968870732,0.37399465441703794,0.9,0.2,-0.20378985833376645,0.2299073724913859,0.12961487844586372,0.014101109514924756,0.0,0.0,0.0
TENX117,744,039x028,19715,26622,10,0.11858963519334793,0.19187161832935232,0.1541372373700142,0.015168049345334523,0.0,0.0,0.0,0.1240943256765604,0.17352194616253458,0.15481938868761064,0.013520381563776407,0.035922196507453916,0.1,0.0,0.7061613857746124,0.12315235881085648,0.2787240073084831,0.038924009156105326,0.5651296943426132,1.0,0.7,-0.8053942322731018,0.6422093809344335,0.07600338822230697,0.04786762945821446,0.03999774754047394,0.1,0.0,0.3959232568740845,0.3219980834551109,0.20839563757181168,0.05008919433008798,0.35895035564899447,0.8,0.3,-0.06974331624805927,0.20513377397296706,0.12792035266757013,0.014825036814845375,0.0,0.0,0.0
TENX117,745,039x029,20445,26622,10,0.015209101140499115,0.10336962175241778,0.1523389846086502,0.00787637809525669,0.0,0.0,0.0,0.051041913032531736,0.1274895557923901,0.1581561267375946,0.012359176320766599,0.07281361520290375,0.2,0.0,0.6358049988746644,0.04859908834120957,0.28367023169994354,0.019629213018894424,0.5785293847322464,1.0,0.9,-0.8380739770829677,0.6243651048922111,0.07924553491175175,0.04602495635935082,0.0,0.0,0.0,0.3024023652076721,0.2658908433218257,0.20794662833213806,0.04630478602457293,0.3486569941043854,0.8,0.1,-0.2387837402522564,0.13712883772401008,0.11864249035716057,0.012272812748079369,0.0,0.0,0.0
TENX117,746,040x002,716,27352,10,-0.08870288096368313,0.17284733691358092,0.14727348685264588,0.010456627959118179,0.0,0.0,0.0,-0.1274829674512148,0.14832062258833814,0.14168359488248825,0.010042489498859542,0.0,0.0,0.0,0.5478525839745998,0.19680010124510658,0.2797993376851082,0.0344743136150334,0.503816369175911,1.0,0.6,-1.072517716884613,0.43372165354238174,0.06438060365617275,0.03923466770191027,0.0,0.0,0.0,0.532679783552885,0.26123537149121523,0.2761321350932121,0.03856205143624847,0.49618363976478574,1.0,0.4,-0.5746055036783219,0.20575260416577779,0.09073084741830825,0.008151111145042226,0.0,0.0,0.0
TENX117,747,040x003,1447,27352,10,0.2755244463682175,0.1140213914017493,0.23067395389080048,0.018850585827352637,0.4449477195739746,1.0,0.4,-0.08930338807404041,0.08625936280793772,0.15984225422143936,0.008168532554075524,0.0,0.0,0.0,0.49999893382191657,0.21991574014975818,0.29206059873104095,0.04958345397133836,0.5550522834062577,1.0,0.6,-1.5283597588539124,0.4428086226942885,0.04153081737458706,0.018399756886141365,0.0,0.0,0.0,-0.08899645954370498,0.16148241217725096,0.16125462651252748,0.022672593386296572,0.0,0.0,0.0,-0.4243121802806854,0.13361339661560073,0.11463773995637894,0.010171575801980866,0.0,0.0,0.0
TENX117,748,040x004,2177,27352,10,0.30717881917953493,0.09399814506121927,0.2241656869649887,0.017512835983253157,0.45088703036308286,1.0,0.3,-0.05639273226261139,0.10163469497306804,0.15604006201028825,0.01455806769743686,0.0,0.0,0.0,0.507634499669075,0.23844938678833202,0.2785319656133652,0.054257716030346376,0.5491129726171493,1.0,0.7,-0.9359802007675171,0.2782268809844888,0.06737690418958664,0.01972599487474232,0.0,0.0,0.0,-0.059749189764261246,0.08940063736902645,0.15554354041814805,0.014686916298062944,0.0,0.0,0.0,-0.3302139714360237,0.08808018282432085,0.11834184303879738,0.006744455634453454,0.0,0.0,0.0
TENX117,749,040x005,2908,27352,10,0.3997156977653503,0.17105583943965788,0.22680838108062745,0.014802195809802876,0.4528471678495407,1.0,0.3,0.002576611563563347,0.18850332062117972,0.15233766585588454,0.007589661220414603,0.0,0.0,0.0,0.5914955414831639,0.3141673959373918,0.2784093350172043,0.04805896006490533,0.547152841091156,1.0,0.7,-1.0187427431344986,0.27926285363877146,0.05724224336445331,0.017446562704610754,0.0,0.0,0.0,-0.02845451906323433,0.15835997631746135,0.1485067553818226,0.017358466968425225,0.0,0.0,0.0,-0.10604458237066865,0.21636450540418217,0.13669560402631759,0.0076397777456820685,0.0,0.0,0.0
TENX117,750,040x006,3639,27352,10,0.1786135457456112,0.1471377207218922,0.20419809818267823,0.01383580324378943,0.31752645671367646,0.8,0.0,-0.09414153546094894,0.11887303015484167,0.1552099823951721,0.006045509675631976,0.0,0.0,0.0,0.5513320073485375,0.22564404642722366,0.3001404494047165,0.05130925188877568,0.5901343882083893,1.0,1.0,-1.1781808733940125,0.38860990455721706,0.05587332509458065,0.020827992789595337,0.0,0.0,0.0,0.09911459982395172,0.13364402887115664,0.18923741281032563,0.020264622739135863,0.09233914315700531,0.2,0.0,-0.5839284658432007,0.13786559984144828,0.09534072577953338,0.007701986511995029,0.0,0.0,0.0
TENX117,751,040x007,4370,27352,10,0.12726027891039848,0.18087431919073416,0.1929212912917137,0.02028954423661617,0.08392447829246522,0.2,0.0,-0.12258970215916634,0.11093654125725555,0.1498508095741272,0.011603807612932417,0.0,0.0,0.0,0.39711313545703886,0.1684492037696655,0.2533360466361046,0.03320993306901733,0.5272436797618866,1.0,0.5,-0.6903008453547954,0.6407795884631615,0.10905226990580559,0.08052437116576346,0.10440782904624939,0.2,0.2,0.17049471512436867,0.279743035288098,0.20480168461799622,0.04155739808104685,0.28442400097846987,0.6,0.3,-0.639453737437725,0.22195886144124813,0.09003788381814956,0.012774267695044996,0.0,0.0,0.0
TENX117,752,040x008,5100,27352,10,0.18743122816085817,0.12225455821771204,0.21153912097215652,0.0129239254603038,0.4315464645624161,1.0,0.1,-0.08627758361399174,0.12278945881352886,0.16094318479299546,0.010421521331461429,0.0,0.0,0.0,0.4653785556554794,0.11695750464080953,0.2815280258655548,0.03796378779283189,0.5684535443782807,1.0,0.9,-0.8559281915426254,0.2860688544885209,0.07628300674259662,0.016618668641576063,0.0,0.0,0.0,-0.12539629712700845,0.18371635919108267,0.15587856918573378,0.02126712821342151,0.0,0.0,0.0,-0.4336027592420578,0.1140527255729596,0.11382809430360794,0.009132674402232673,0.0,0.0,0.0
TENX117,753,040x009,5831,27352,10,0.15677818208932875,0.17390154970682475,0.2037893995642662,0.012159339001615546,0.24355351328849792,0.6,0.0,-0.13870166204869747,0.1877578114553672,0.15192458629608155,0.012719699218350729,0.0,0.0,0.0,0.4837821900844574,0.1245360864640487,0.2848103195428848,0.037799116041403735,0.5264504790306092,0.9,0.9,-1.1595881223678588,0.2554150536149498,0.05814752019941807,0.020838773051708597,0.0,0.0,0.0,0.14695073366165162,0.24037596581411497,0.2034560576081276,0.02875414572006825,0.2299960196018219,0.5,0.1,-0.577928377687931,0.18245160362304455,0.09787212014198303,0.007670605293350845,0.0,0.0,0.0
TENX117,754,040x010,6562,27352,10,0.13571427315473555,0.14356814225491937,0.19847998023033142,0.015367364207680673,0.2766112685203552,0.7,0.1,-0.1303036104887724,0.20238251616493869,0.15212564766407013,0.011814155015844874,0.0,0.0,0.0,0.483759506046772,0.2052529983338826,0.2843329727649689,0.04760684208279249,0.5775547713041306,1.0,0.8,-1.1500208169221877,0.5465190096976744,0.060298630781471727,0.02528642790857382,0.0,0.0,0.0,0.11614812165498734,0.16732116780063114,0.19661390036344528,0.03214916634064154,0.14583397209644317,0.3,0.1,-0.47246200144290923,0.13228490712866411,0.10814889222383499,0.009860709263426094,0.0,0.0,0.0
TENX117,755,040x011,7292,27352,10,0.17064887508749962,0.13383418345374604,0.21593738496303558,0.013533060008938336,0.4507809400558472,1.0,0.4,-0.10302211232483387,0.1720182401996135,0.16429855823516845,0.01111257897814985,0.0,0.0,0.0,0.37129468396306037,0.24039808047828837,0.2684897407889366,0.05186206215384874,0.5492190748453141,1.0,0.6,-0.8183075688779354,0.3511093056711255,0.08457823768258095,0.029300843296418504,0.0,0.0,0.0,-0.052718248963356015,0.15276325526751455,0.17338305115699768,0.018891974924309173,0.0,0.0,0.0,-0.668324425816536,0.13922614602024613,0.09331304877996445,0.005782173296698883,0.0,0.0,0.0
TENX117,756,040x012,8023,27352,10,0.2553473673760891,0.12887796850579192,0.21451437175273896,0.013990493597754014,0.2944636881351471,0.7,0.2,-0.031798279657959935,0.10833568789998309,0.16147518455982207,0.016558923364201096,0.0,0.0,0.0,0.5185232356190681,0.24280619467133707,0.28212319761514665,0.04437398031690479,0.5128284960985183,0.9,0.7,-1.363470095396042,0.33461326704804656,0.045139329880476,0.01874053575637626,0.0,0.0,0.0,0.19643529057502745,0.17804826121654685,0.20326081663370132,0.02430890475278612,0.19270782470703124,0.4,0.1,-0.5758853673934936,0.1627700198155224,0.09348710179328919,0.007011105785095538,0.0,0.0,0.0
TENX117,757,040x013,8754,27352,10,0.13580375239253045,0.09923787981150943,0.2050083637237549,0.010968596445920503,0.3382066756486893,0.8,0.0,-0.17725736051797866,0.1017700214502207,0.15060752406716346,0.016627201800165057,0.0,0.0,0.0,0.41025116443634035,0.18746488674231543,0.27270992398262023,0.04266093115468958,0.5617396175861359,1.0,0.9,-0.8410728245973587,0.4243621012058435,0.08367753736674785,0.03477722574018913,0.0,0.0,0.0,0.0709760196506977,0.16357558952204732,0.19403813630342484,0.028755833118381938,0.10005369782447815,0.2,0.1,-0.6451837033033371,0.11562233895809292,0.09395851865410805,0.006261123444626426,0.0,0.0,0.0
TENX117,758,040x014,9485,27352,10,0.2851050592958927,0.12832431161241187,0.2255253955721855,0.019832779398344543,0.44504410624504087,1.0,0.4,-0.0386920478194952,0.12463289496643674,0.16305973529815673,0.013628092054592833,0.0,0.0,0.0,0.510734848678112,0.21014717571309235,0.28746496289968493,0.05857902663482468,0.5549558788537979,1.0,0.6,-0.9786783181130886,0.512213480728357,0.07018616814166308,0.03190955763718696,0.0,0.0,0.0,-0.011585436761379242,0.14751558080089294,0.16862643659114837,0.023815631688829934,0.0,0.0,0.0,-0.6877299964427948,0.09973160298173955,0.08513730689883232,0.0061925929157407925,0.0,0.0,0.0
TENX117,759,040x015,10215,27352,10,0.25272601246833803,0.11553175382423676,0.22358130365610124,0.020592833847983997,0.45718577802181243,1.0,0.3,-0.0982868243008852,0.06661696973916105,0.15702999979257584,0.009453130695367995,0.0,0.0,0.0,0.42445157170295716,0.14107188504257537,0.2680594429373741,0.04389464271239446,0.4502728134393692,0.8,0.7,-0.8585757911205292,0.4787503380897737,0.0821535661816597,0.042347863341752584,0.0,0.0,0.0,-0.02887708991765976,0.1999241509239488,0.17060991674661635,0.03017428102930912,0.0925414115190506,0.2,0.0,-0.565197029709816,0.11510489178705424,0.09856577813625336,0.007746484157790322,0.0,0.0,0.0
TENX117,760,040x016,10946,27352,10,0.2772796407341957,0.17700251075100065,0.23227595239877702,0.019263326343261417,0.4513243019580841,1.0,0.3,-0.11296803243458271,0.12114069417870851,0.15714822858572006,0.012061283401009558,0.0,0.0,0.0,0.4754378393292427,0.18097829570566965,0.2867549151182175,0.04987769707591428,0.5486756950616837,1.0,0.7,-1.0819279730319977,0.35142500596528436,0.06240037865936756,0.018482320494153853,0.0,0.0,0.0,-0.09348938167095185,0.2359849795780207,0.1614010825753212,0.022802521262455147,0.0,0.0,0.0,-0.565259250998497,0.1724469062270444,0.10001944825053215,0.008201845582440775,0.0,0.0,0.0
TENX117,761,040x017,11677,27352,10,0.18261738270521163,0.12823277000105363,0.21710656732320785,0.015060146452528516,0.44978325068950653,1.0,0.3,-0.10994013398885727,0.10227584244853424,0.16242510080337524,0.01642973073470494,0.0,0.0,0.0,0.3830672323703766,0.1918176139048297,0.2697033271193504,0.0514775195485188,0.502496463060379,0.9,0.7,-0.858438354730606,0.4396086905922122,0.08234453052282334,0.03635772550753824,0.0,0.0,0.0,-0.01347448155283928,0.1489135555956505,0.17944563031196595,0.0230279998149419,0.04772027134895325,0.1,0.0,-0.708917087316513,0.12334012034613243,0.0889748439192772,0.005492464913652342,0.0,0.0,0.0
TENX117,762,040x018,12407,27352,10,0.11755525916814805,0.16934786983264083,0.17415242195129393,0.018776021627968792,0.0,0.0,0.0,-0.05073611065745354,0.16811307772895082,0.1471615068614483,0.01551179399174848,0.0,0.0,0.0,0.5652020394802093,0.16456832355942785,0.2739335760474205,0.040847229583016766,0.5506777375936508,1.0,0.7,-0.5018230438232422,0.6363726146414983,0.11986110880970954,0.0950611269398368,0.11447336673736572,0.2,0.2,0.1738389663398266,0.2970737176422908,0.1885239750146866,0.042333968303496956,0.3348488837480545,0.8,0.1,-0.4758119761943817,0.18051336138263477,0.09636738896369934,0.011410158658592223,0.0,0.0,0.0
TENX117,763,040x019,13138,27352,10,0.22903042137622834,0.12166002019636407,0.21935585439205169,0.019591728798338672,0.3942485272884369,0.9,0.4,-0.08630564361810684,0.09528697499164193,0.1597246751189232,0.01055827931869102,0.0,0.0,0.0,0.46833252217620613,0.24128606393682162,0.28278686553239823,0.053878159362144865,0.5570918798446656,1.0,0.6,-1.3791581630706786,0.23821818870134603,0.04578228443861008,0.013395395299392068,0.0,0.0,0.0,0.0871922291815281,0.2185137795666637,0.19198064059019088,0.030539170129638814,0.04865961968898773,0.1,0.0,-0.5524528205394745,0.14756685772239791,0.100369693338871,0.00862342569703027,0.0,0.0,0.0
TENX117,764,040x020,13869,27352,10,0.09177858605980874,0.15582575889497233,0.18362531065940857,0.019270524437472913,0.3111006587743759,0.8,0.0,-0.0947703916579485,0.1374288881253073,0.15166118144989013,0.006268675547332879,0.0,0.0,0.0,0.5489236898720264,0.23867249388300463,0.2922204077243805,0.04677502033730456,0.6034749686717987,1.0,1.0,-0.5810376510024071,0.6225535733068303,0.10984711367636919,0.05376474668983559,0.038283166289329526,0.1,0.0,-0.1350541427731514,0.26330311116332855,0.1493763081729412,0.03431040486941571,0.047141197323799136,0.1,0.0,-0.39483979493379595,0.1856440922472563,0.11326966509222984,0.015568440732144338,0.0,0.0,0.0
TENX117,765,040x021,14600,27352,10,-0.1103796474635601,0.08232561208530204,0.15294712409377098,0.019519351127245507,0.0,0.0,0.0,-0.15775934159755706,0.09002164848533009,0.144992695748806,0.009665776878306996,0.1099028617143631,0.4,0.0,0.6319753095507622,0.24633446383015015,0.3244152098894119,0.06020306740302265,0.6439703404903412,1.0,1.0,-1.0292444735765458,0.5357571224055091,0.06786472667008639,0.02779381451179551,0.0,0.0,0.0,-0.008148609846830367,0.18942106244483078,0.17224651724100112,0.038437143433625476,0.24612679183483124,0.6,0.0,-0.21444299891591073,0.09608094687812004,0.13753369078040123,0.015129080214771572,0.0,0.0,0.0
TENX117,766,040x022,15330,27352,10,0.09567399024963379,0.1977728288813675,0.16589264273643495,0.018123634976878748,0.06315212845802307,0.2,0.0,0.0067861942574381825,0.15105800501149813,0.15097319781780244,0.00566844216231912,0.030713945627212524,0.1,0.0,0.6574175000190735,0.16958152225164383,0.29287795126438143,0.04560191935328102,0.6059812009334564,1.0,0.9,-0.9444500148296356,0.8700207401193036,0.07796967625617982,0.046947527734330856,0.03353204131126404,0.1,0.0,0.15001026913523674,0.3331938954375883,0.1805042654275894,0.049726675653155666,0.2666206955909729,0.6,0.1,-0.13390432596206664,0.18491438500056134,0.13178228661417962,0.013479475732040044,0.0,0.0,0.0
TENX117,767,040x023,16061,27352,10,0.0969974547624588,0.1879705939140446,0.1536528632044792,0.014619050021014525,0.0,0.0,0.0,0.04190756063908339,0.1208466796142808,0.14481058418750764,0.0037859749903857197,0.0,0.0,0.0,0.746524116396904,0.11750758289587596,0.29562063664197924,0.039856194356397534,0.5763756960630417,1.0,0.7,-0.9254023663699626,0.711434042282185,0.07006013290956617,0.04214860428886627,0.0,0.0,0.0,0.4284912347793579,0.33357301021547164,0.21934736222028733,0.05253690823122024,0.4236243158578873,1.0,0.3,-0.18144464045763015,0.2052020925276936,0.11650842949748039,0.012987671190567778,0.0,0.0,0.0
TENX117,768,040x024,16792,27352,10,-0.08871069252490997,0.1578969940175707,0.16196245700120926,0.013107534908373535,0.0,0.0,0.0,-0.24814728870987893,0.18242629990849085,0.1377952516078949,0.006447314343360875,0.0,0.0,0.0,0.4964240603148937,0.25414603725763407,0.29280854761600494,0.041086623806035893,0.5822179466485977,1.0,0.7,-0.9145284771919251,0.6057207826525405,0.08219819907099009,0.03552345742493451,0.0,0.0,0.0,0.15504385381937028,0.2540795050566122,0.21056235432624817,0.04402210451217922,0.41778205037117006,1.0,0.3,-0.4354348719120026,0.17454286241070993,0.11467319875955581,0.011092645125399732,0.0,0.0,0.0
TENX117,769,040x025,17522,27352,10,-0.1631649486720562,0.16147046018306516,0.14855845272541046,0.015139959116414463,0.0,0.0,0.0,-0.09292135685682297,0.09158834399677955,0.15871605426073074,0.007183677786949016,0.06910304129123687,0.2,0.0,0.47387861758470534,0.162290094875806,0.28191742300987244,0.0368803657465641,0.5811200618743897,1.0,0.9,-0.9612781524658203,0.4921034988275823,0.0748804273083806,0.033790619085459925,0.0,0.0,0.0,0.12636060938239096,0.24664510931241443,0.20185956060886384,0.04193601924953472,0.349776902794838,0.8,0.1,-0.26543149128556254,0.15631180654432034,0.13406807631254197,0.013118817938693583,0.0,0.0,0.0
TENX117,770,040x026,18253,27352,10,0.06300284042954445,0.14916204128439112,0.16690540462732315,0.020270788226073644,0.0,0.0,0.0,-0.07614875622093678,0.09560886080078194,0.14446047693490982,0.00949046344468386,0.028014561533927916,0.1,0.0,0.6683121234178543,0.1883095576005396,0.3092882513999939,0.059440436858930384,0.6086716413497925,1.0,0.9,-1.309503823518753,0.3894602066446081,0.04567105527967215,0.017924094296431003,0.0,0.0,0.0,0.20651243776082992,0.24919708030083418,0.19559372812509537,0.04148494910701034,0.36331379413604736,0.9,0.1,-0.1236313596367836,0.12796032303575117,0.13808108121156693,0.013135835564322932,0.0,0.0,0.0
TENX117,771,040x027,18984,27352,10,-0.03767416700720787,0.13512476582209806,0.15362392514944076,0.012241138296914556,0.0,0.0,0.0,-0.0063274955376982685,0.09454437036725039,0.15813911706209183,0.006318208521454638,0.0,0.0,0.0,0.5707187637686729,0.19482383957742863,0.2844539135694504,0.04165161381961595,0.5710281997919082,1.0,0.6,-1.0571331441402436,0.516392719803442,0.06411086041480303,0.032984960989418964,0.0,0.0,0.0,0.2761252485215664,0.25653693610273887,0.21411914080381395,0.0439423887131605,0.4289718002080917,1.0,0.4,-0.24102279767394066,0.1695040245248667,0.1255530409514904,0.012207440974848749,0.0,0.0,0.0
TENX117,772,040x028,19715,27352,10,-0.007411972433328628,0.11843793860466782,0.15687395632266998,0.011111878516092898,0.0,0.0,0.0,-0.004300591349601745,0.09795357279050794,0.1570618897676468,0.005475321370130301,0.03435931801795959,0.1,0.0,0.5544717848300934,0.15930082961821443,0.27672178447246554,0.03543104465953983,0.5682271212339401,1.0,0.6,-0.9146348655223846,0.45422084605400775,0.07023870926350355,0.03231936684332968,0.0,0.0,0.0,0.2709641337394714,0.22653579483507613,0.21067566871643068,0.040576089368913215,0.39741358160972595,0.9,0.4,-0.20961963953450322,0.13141215311048396,0.12842799127101898,0.012406672833117824,0.0,0.0,0.0
TENX117,773,040x029,20445,27352,10,-0.01069622002542019,0.17109938705377364,0.1497633457183838,0.009923124515747972,0.0,0.0,0.0,-0.06954781077802182,0.18361175694894838,0.14137566238641738,0.011644957267117033,0.0,0.0,0.0,0.5526978835463524,0.16523072625065288,0.2651314541697502,0.036943904391559555,0.5158642113208771,1.0,0.5,-1.208449986577034,0.7157712639119271,0.05834704395383596,0.03688047826248786,0.0,0.0,0.0,0.4877244718372822,0.2867904266146188,0.25141260027885437,0.052277426112608195,0.48413577675819397,1.0,0.5,-0.1245079830288887,0.18174203680608952,0.13396990224719046,0.012818745595456002,0.0,0.0,0.0
TENX117,774,041x002,716,28083,10,-0.01387764811515808,0.08999546298234541,0.14912976175546647,0.011735614317300087,0.0,0.0,0.0,-0.08081845119595528,0.060056064259357195,0.1394786536693573,0.01094402920923351,0.0,0.0,0.0,0.6203737437725068,0.1178667230788343,0.2823253273963928,0.03307511105464549,0.4821233332157135,1.0,0.5,-1.2330499649047852,0.2563131665455895,0.04556223936378956,0.012109179633064512,0.0,0.0,0.0,0.6927151650190353,0.11885301087481585,0.30279614925384524,0.029310785835289135,0.5178766697645187,1.0,0.5,-0.6275005161762237,0.09735809548421182,0.08070784509181976,0.005964140567480572,0.0,0.0,0.0
TENX117,775,041x003,1447,28083,10,0.12816879153251648,0.18195260805185925,0.2033417657017708,0.019112721817031133,0.23826222717761994,0.6,0.1,-0.141759305074811,0.18370985663208295,0.1547684833407402,0.007752937454990524,0.0,0.0,0.0,0.47697432413697244,0.31103239668898947,0.2913892135024071,0.049843139665459626,0.5314613670110703,0.9,0.8,-1.5452211380004883,0.21437874000807952,0.03941930662840605,0.011251046566480339,0.0,0.0,0.0,0.1173467181622982,0.2316136295428817,0.20202017873525618,0.026478950487037148,0.23027639091014862,0.5,0.1,-0.4942742049694061,0.20413669190530503,0.10906104221940041,0.009460090243741235,0.0,0.0,0.0
TENX117,776,041x004,2177,28083,10,0.34835063815116885,0.11782423464914665,0.24225638806819916,0.022779459714577482,0.45125008225440977,1.0,0.3,-0.04531625621020794,0.12344590737556321,0.16328999102115632,0.013739867163478888,0.0,0.0,0.0,0.5468554042279721,0.25189784285278327,0.2985717013478279,0.05054202756158818,0.548749914765358,1.0,0.7,-1.4184617817401886,0.22593441476884232,0.043366560526192185,0.015204395967481304,0.0,0.0,0.0,-0.29787932112813,0.13270170203111312,0.12715218514204024,0.013822588954601197,0.0,0.0,0.0,-0.30896605737507343,0.1478497727153651,0.12536317855119705,0.009527653666478047,0.0,0.0,0.0
TENX117,777,041x005,2908,28083,10,0.21249556690454482,0.11173861803509799,0.20891685783863068,0.018085456759921723,0.4272800862789154,1.0,0.1,-0.07635582387447357,0.0893696128235618,0.15617378503084184,0.00869726564136488,0.0,0.0,0.0,0.5096411734819413,0.23791288519571824,0.2839038908481598,0.045929953637754706,0.5727199107408524,1.0,0.9,-1.4131818294525147,0.3158838117467775,0.044150321185588835,0.019691641492698083,0.0,0.0,0.0,0.058330485969781874,0.12254355392181461,0.17951077222824097,0.019980083378310066,0.0,0.0,0.0,-0.28070772141218187,0.09455108299586253,0.1273443691432476,0.00782811753678723,0.0,0.0,0.0
TENX117,778,041x006,3639,28083,10,0.0027888745069503786,0.17403139403243578,0.19173676818609237,0.014333886729345076,0.19561196267604827,0.5,0.0,-0.2487428069114685,0.17803166610116394,0.14900954067707062,0.009659678747242058,0.0,0.0,0.0,0.396225705742836,0.24922727468699046,0.2880594477057457,0.05164791810446678,0.5788699090480804,1.0,0.9,-0.8801682434976101,0.585002282893066,0.09702063463628292,0.06751581083755845,0.0989027351140976,0.2,0.1,-0.05007852613925934,0.20218765614346712,0.1836164638400078,0.028000480155535287,0.12661540508270264,0.3,0.0,-0.7491236686706543,0.1759228867886343,0.09055712968111038,0.008446963037262605,0.0,0.0,0.0
TENX117,779,041x007,4370,28083,10,0.09030658602714539,0.17872347504261873,0.20350771695375441,0.016779468637896606,0.16845301389694214,0.4,0.0,-0.1784053649753332,0.19498483696020283,0.15543855726718903,0.010639217336633026,0.0,0.0,0.0,0.40372378211468457,0.2637867317831888,0.2806121125817299,0.04079323793796859,0.5152180045843124,0.9,0.7,-1.3865632653236388,0.2997626246894936,0.049761565215885636,0.02066279821013489,0.0,0.0,0.0,0.1377207651734352,0.246649104542781,0.2147428035736084,0.02931013120111025,0.3163289725780487,0.7,0.3,-0.6616660773754119,0.19543198793837116,0.09593722596764565,0.007732781659509846,0.0,0.0,0.0
TENX117,780,041x008,5100,28083,10,0.18399461582303048,0.14180399287468293,0.20530537962913514,0.012589446492513538,0.42845284938812256,1.0,0.1,-0.03644564338028431,0.10796049800444328,0.16444079279899598,0.00449614960082115,0.0,0.0,0.0,0.47526062428951266,0.1468189633740966,0.27742248475551606,0.04176767644502287,0.571547144651413,1.0,0.9,-0.7746058702468872,0.1581871637091797,0.07920865453779698,0.009979341946859045,0.0,0.0,0.0,0.015907570719718933,0.16792301414101682,0.17426741272211074,0.019097048198840595,0.0,0.0,0.0,-0.5432238876819611,0.15907516160999735,0.09935525208711624,0.008136860574746524,0.0,0.0,0.0
TENX117,781,041x009,5831,28083,10,0.16986448764801027,0.11501331059388321,0.21027680933475495,0.015960889555090497,0.4327175378799438,1.0,0.2,-0.13125095292925834,0.07102873307391007,0.15541127175092698,0.008811887874223113,0.0,0.0,0.0,0.43902051672339437,0.1667854773954587,0.27761941999197004,0.04139508072983878,0.5188097715377807,0.9,0.8,-0.9201386749744416,0.361544294775028,0.07396737299859524,0.022839164202895022,0.0,0.0,0.0,0.012145310640335083,0.15967062808634633,0.18055684864521027,0.023012357815567354,0.04847269356250763,0.1,0.0,-0.5515495598316192,0.11586856057623039,0.10216827690601349,0.007157106220477805,0.0,0.0,0.0
TENX117,782,041x010,6562,28083,10,0.27893311008810995,0.10031860899555756,0.20983335375785828,0.012776297373406059,0.24879244565963746,0.6,0.0,0.012626442313194274,0.10505879901728246,0.16080154329538346,0.00971657898830764,0.0,0.0,0.0,0.5201721012592315,0.1360881128089004,0.2690406978130341,0.03566435302260324,0.5036237299442291,0.9,0.9,-1.3013636291027069,0.177259900194029,0.04407733492553234,0.009981514184962226,0.0,0.0,0.0,0.29542598500847816,0.1371336652601515,0.2142164260149002,0.02336405898401587,0.24758383333683015,0.5,0.1,-0.4416437953710556,0.09509486152750549,0.10203063786029816,0.005227998774044739,0.0,0.0,0.0
TENX117,783,041x011,7292,28083,10,0.10635650157928467,0.09106076224866017,0.21041688174009324,0.015481393832433849,0.4298772573471069,1.0,0.1,-0.21301680952310562,0.06493166992919697,0.15288715362548827,0.01078097618122037,0.0,0.0,0.0,0.3927355147898197,0.1958336575196223,0.28444878458976747,0.05256181974429225,0.5701227486133575,1.0,0.9,-0.7885980241000652,0.4861734086309422,0.09625068083405494,0.04289750906921736,0.0,0.0,0.0,-0.20029684156179428,0.16735533311981574,0.1561552792787552,0.02438300298752885,0.0,0.0,0.0,-0.6390953898429871,0.09221278186638203,0.09984124824404716,0.007256823075682144,0.0,0.0,0.0
TENX117,784,041x012,8023,28083,10,0.2188507631421089,0.11085998900320385,0.22134450674057007,0.01925458861690257,0.4353857696056366,1.0,0.2,-0.12112816907465458,0.08664164115577482,0.15722197145223618,0.00891847312282753,0.0,0.0,0.0,0.4824310690164566,0.19782772435091767,0.2910066992044449,0.047492621501777,0.5646142303943634,1.0,0.8,-1.0659132421016693,0.3161022186247502,0.06390373855829239,0.018318012269789324,0.0,0.0,0.0,0.019890496879816054,0.17213818460479363,0.1823029637336731,0.023998951487375887,0.0,0.0,0.0,-0.7480907201766968,0.140045563747683,0.08422013223171235,0.007950592160890477,0.0,0.0,0.0
TENX117,785,041x013,8754,28083,10,0.14907312840223313,0.11096050798885346,0.1942286267876625,0.011832988424078749,0.08565816581249237,0.2,0.0,-0.011910661682486534,0.10144041060788991,0.16531582772731782,0.009435384608807582,0.0,0.0,0.0,0.48356805741786957,0.1371354296646226,0.2732681781053543,0.03595075978604489,0.557745736837387,1.0,0.8,-1.2955912530422211,0.44334983116513427,0.050926672481000426,0.023602472289212133,0.0,0.0,0.0,0.22617143169045448,0.20251969679726914,0.21180998980998994,0.03204390637797147,0.356596103310585,0.8,0.2,-0.47261965870857237,0.1176550329221412,0.10445072874426842,0.008470527019397135,0.0,0.0,0.0
TENX117,786,041x014,9485,28083,10,0.43496786057949066,0.17294059122087127,0.23261126577854158,0.021492719088992102,0.45440498292446135,1.0,0.4,0.08958265222609044,0.1184064305188923,0.16423071026802064,0.009100604033605984,0.0,0.0,0.0,0.6213770359754562,0.14159793898697756,0.28431071788072587,0.05398296355526662,0.5455950260162353,1.0,0.6,-1.2951032102108002,0.40802642074486534,0.04415542148053646,0.016723494762360073,0.0,0.0,0.0,0.12447472587227822,0.20705712492421627,0.17147702276706694,0.02415422206870589,0.0,0.0,0.0,-0.3775046423077583,0.1661905987108284,0.10321485996246338,0.009471671527347198,0.0,0.0,0.0
TENX117,787,041x015,10215,28083,10,0.125725906342268,0.13532572165360568,0.21361968368291856,0.016561268882553052,0.3909177452325821,0.9,0.2,-0.1657856460660696,0.1410151347216464,0.15944114625453948,0.009813773031052953,0.0,0.0,0.0,0.36524067521095277,0.19528531674505234,0.2748607128858566,0.047173994234027364,0.46415379643440247,0.8,0.8,-1.2321325480937957,0.37602610543174586,0.05867129284888506,0.019602782741313853,0.0,0.0,0.0,0.01574377194046974,0.17178146555346113,0.19280856996774673,0.028109362543613594,0.1449284553527832,0.3,0.0,-0.6265766948461533,0.10380656160705615,0.10059855878353119,0.00664226573580754,0.0,0.0,0.0
TENX117,788,041x016,10946,28083,10,0.20144957825541496,0.12927178880467405,0.20802294313907624,0.013287897875909534,0.2975454717874527,0.7,0.1,-0.1508952032774687,0.10706037064853274,0.14634824246168138,0.010413043784477227,0.0,0.0,0.0,0.4654619112610817,0.1490105134101792,0.2734731167554855,0.04076642269072495,0.5088377863168716,0.9,0.8,-1.01681792140007,0.2656543775287257,0.06388140097260475,0.019282927594771487,0.0,0.0,0.0,0.22151390835642815,0.19733960902250433,0.21420486867427826,0.03290165677563796,0.19361673891544343,0.4,0.1,-0.5932333141565322,0.1323583478600769,0.09406941533088684,0.007409960850441726,0.0,0.0,0.0
TENX117,789,041x017,11677,28083,10,0.380624271184206,0.19275532591919023,0.24193598777055741,0.014440196297351854,0.46991173923015594,1.0,0.3,0.025974708795547485,0.17688179590915154,0.16955761164426802,0.007346280411096638,0.0,0.0,0.0,0.5023116379976272,0.1756990311029406,0.27621219158172605,0.043106241833775254,0.5300882756710052,1.0,0.7,-1.1656930983066558,0.27145357568232914,0.05454348102211952,0.01705272277785715,0.0,0.0,0.0,-0.04760571792721748,0.2547886910506273,0.15890943557024,0.021882567064792854,0.0,0.0,0.0,-0.5160690233111381,0.20527517803796222,0.09884129315614701,0.008028115061068283,0.0,0.0,0.0
TENX117,790,041x018,12407,28083,10,0.12760107591748238,0.07778811086847796,0.18198970705270767,0.009583332212071746,0.0,0.0,0.0,-0.05881302393972874,0.10416932333661622,0.15101726055145265,0.007441981755024602,0.0,0.0,0.0,0.5367820680141449,0.1594149224233157,0.27682986706495283,0.041628136619453686,0.5557918220758438,1.0,0.7,-0.9131586164236069,0.49956156256483664,0.07087500132620335,0.0308222611807858,0.0,0.0,0.0,0.309022793918848,0.1396163309886789,0.22006431370973586,0.03193890480175382,0.4442081779241562,1.0,0.3,-0.47963798940181734,0.09185175070556058,0.09922384098172188,0.0063553617453350995,0.0,0.0,0.0
TENX117,791,041x019,13138,28083,10,0.10892192870378495,0.1921198746640837,0.18241880238056182,0.013584611710745268,0.0815195769071579,0.2,0.0,-0.022419565171003342,0.1722621059279971,0.1597481459379196,0.008369512042886074,0.03697392046451568,0.1,0.0,0.5343891128897666,0.24912849224610906,0.28243878930807115,0.046953444297963116,0.5805128902196884,1.0,0.8,-1.0668176233768463,0.6969055359454172,0.07660050000995397,0.06165960270332683,0.05209524631500244,0.1,0.1,0.14469662681221962,0.2846160121884305,0.19109536111354827,0.031011253064381433,0.24889837205410004,0.6,0.1,-0.4204333290457726,0.22513231450566779,0.1076983742415905,0.010849270470949267,0.0,0.0,0.0
TENX117,792,041x020,13869,28083,10,0.1493785060942173,0.23476034307432891,0.18627851605415344,0.017521932929152953,0.1810619980096817,0.5,0.0,-0.022050669603049754,0.1719654422791735,0.15648609548807144,0.008811504829068811,0.03293666839599609,0.1,0.0,0.5987322464585304,0.24527687582023242,0.29486673027276994,0.04930027438401781,0.60177663564682,1.0,1.0,-1.0956769168376923,0.4015364091209721,0.059929225500673054,0.022967309261458815,0.0,0.0,0.0,0.11863429099321365,0.2740273254490424,0.18229672461748123,0.02995787910914404,0.18422470688819886,0.4,0.0,-0.29181791096925735,0.2743055569763467,0.12014271765947342,0.014438431520782325,0.0,0.0,0.0
TENX117,793,041x021,14600,28083,10,0.04712386578321457,0.17259247196583571,0.16704368740320205,0.018511584746926452,0.0,0.0,0.0,-0.09982405118644237,0.15602573081159088,0.14375274628400803,0.010819997818781783,0.0,0.0,0.0,0.5579250380396843,0.28060914687984906,0.28151344507932663,0.05147360725362387,0.5751886606216431,1.0,0.7,-0.6962220750749111,0.5362035345892352,0.08860793840140105,0.03899641609964652,0.03284390866756439,0.1,0.0,0.24162064343690873,0.26110194203440906,0.2063028484582901,0.04387622728740873,0.39196743369102477,0.9,0.3,-0.34571479856967924,0.2023595038698093,0.11277934759855271,0.012552454178201293,0.0,0.0,0.0
TENX117,794,041x022,15330,28083,10,-0.024817346781492233,0.11336973361567998,0.15486158877611161,0.014442731923956903,0.0,0.0,0.0,-0.07150617428123951,0.06103439317798821,0.14740887731313707,0.008755136751076652,0.03158304393291474,0.1,0.0,0.642722076177597,0.16913618990195528,0.3043999895453453,0.048214410032293986,0.5875087410211564,1.0,0.8,-1.004953670501709,0.49153073380480694,0.06462396383285522,0.029489580879132043,0.0,0.0,0.0,0.2741708174347878,0.22644453887113383,0.21304188668727875,0.046483488135616285,0.38090820908546447,0.9,0.2,-0.3176853314042091,0.11481491229394576,0.11566369086503983,0.011979970321017221,0.0,0.0,0.0
TENX117,795,041x023,16061,28083,10,0.024004564434289933,0.14498920720424482,0.17082302272319794,0.015178810323794607,0.03391124010086059,0.1,0.0,-0.06969197541475296,0.0918271852402737,0.155148883163929,0.00835434179350785,0.033333593606948854,0.1,0.0,0.5220470741391182,0.21567521321501643,0.2840822637081146,0.04793429240934268,0.5820840716361999,1.0,0.7,-1.1536562711000442,0.49919467045389676,0.059290746226906776,0.027561224645954046,0.0,0.0,0.0,0.16556861102581025,0.2524040114052797,0.20070894658565522,0.0435458767217201,0.3506710857152939,0.8,0.3,-0.24895898588001728,0.14223544180492734,0.12994615212082863,0.010663452058744012,0.0,0.0,0.0
TENX117,796,041x024,16792,28083,10,0.16283473670482634,0.1368294040855875,0.1718236818909645,0.017684353294630386,0.0,0.0,0.0,-0.022786687687039377,0.082184116114827,0.14208812564611434,0.006126532492358902,0.0,0.0,0.0,0.7301274180412293,0.16340708729130962,0.3071060091257095,0.05882898261708095,0.5894112914800644,1.0,0.6,-1.3334494411945343,0.49071259402347256,0.04278475716710091,0.017677899583804675,0.0,0.0,0.0,0.35412748232483865,0.2462215753633317,0.21143597811460496,0.043392482179830445,0.4105887025594711,1.0,0.4,-0.15701736696064472,0.12774436413978033,0.12476146668195724,0.012785966112900594,0.0,0.0,0.0
TENX117,797,041x025,17522,28083,10,0.06287685558199882,0.16946866417527137,0.1575343906879425,0.018161845557907428,0.0,0.0,0.0,0.04101138338446617,0.07983687262513907,0.15338048189878464,0.008944449469459473,0.06707946062088013,0.2,0.0,0.6843778491020203,0.16062025478274744,0.29486036747694017,0.04473914172244741,0.5795738607645035,1.0,0.7,-0.984295916557312,0.6234851243224302,0.06697730161249638,0.038976640538475285,0.0,0.0,0.0,0.34678966328501704,0.2935439069634124,0.21378110349178314,0.04989195533089429,0.35334669053554535,0.8,0.3,-0.26659516990184784,0.18953876065002415,0.11346636265516281,0.014323667324472393,0.0,0.0,0.0
TENX117,798,041x026,18253,28083,10,0.029968707263469695,0.11333442914190202,0.1661863371729851,0.011414248445929776,0.0,0.0,0.0,-0.036177534610033035,0.08741915778284108,0.15529309064149857,0.0057000130161503695,0.0,0.0,0.0,0.4522742792963982,0.1389484645037358,0.25468469560146334,0.029440187115795956,0.5412982553243637,1.0,0.5,-0.778528419137001,0.45267734536927295,0.08192397095263004,0.03505588739844592,0.0,0.0,0.0,0.28332107290625574,0.20966686140507465,0.21740284860134124,0.040487368773880046,0.4587017297744751,1.0,0.5,-0.26028938600793483,0.12740984948629036,0.12450904920697212,0.011080427079510971,0.0,0.0,0.0
TENX117,799,041x027,18984,28083,10,-0.004502617940306664,0.15687622925430084,0.14676040634512902,0.013506132324548068,0.0,0.0,0.0,-0.025316106528043746,0.09222490269598232,0.14343601912260057,0.009025484175166375,0.0,0.0,0.0,0.6108284533023834,0.07610314023524824,0.2723653599619865,0.03159954444321515,0.5520561605691909,1.0,0.7,-0.6985909178853035,0.6106400263551844,0.08956901468336582,0.05327180150609871,0.03815794587135315,0.1,0.0,0.3766071371734142,0.3176186982010774,0.22099909782409669,0.05622513163071474,0.40978589951992034,0.9,0.3,-0.15402215160429478,0.1871305147606616,0.12687011510133744,0.016109531421512963,0.0,0.0,0.0
TENX117,800,041x028,19715,28083,10,-0.05771111138164997,0.15925247073314108,0.14725180864334106,0.010292821330200829,0.0,0.0,0.0,-0.0676928073167801,0.18524920749297513,0.14565544575452805,0.00813844994985617,0.0,0.0,0.0,0.5942236632108688,0.1643348455593415,0.28283563405275347,0.022709202702592128,0.5879729747772217,1.0,0.9,-0.5747750647366047,0.5063251397827037,0.0995768129825592,0.046593801005096906,0.0692914605140686,0.2,0.0,0.21652361750602722,0.2791421267409503,0.19830151349306108,0.04468788169678733,0.34273554384708405,0.8,0.1,-0.21295313388109208,0.1701000390565181,0.126378782838583,0.012459575164829846,0.0,0.0,0.0
TENX117,801,041x029,20445,28083,10,-0.04241149304434657,0.13343425426077182,0.1496572807431221,0.014496430969199527,0.0,0.0,0.0,-0.07737334445118904,0.08518000367939318,0.1439754381775856,0.006469871195994696,0.0,0.0,0.0,0.6430686935782433,0.1663898204998802,0.2981701225042343,0.03849516823072692,0.5889310419559479,1.0,0.9,-0.9848890095949173,0.7925724645259156,0.07464567758142948,0.048493730824392275,0.03681246042251587,0.1,0.0,0.24253666028380394,0.2615813761230524,0.204713174700737,0.052501149372156046,0.3742564797401428,0.9,0.1,-0.19724538028240204,0.1757254817628623,0.1288382850587368,0.017972710608871387,0.0,0.0,0.0
TENX117,802,042x002,716,28814,10,-0.08842851482331752,0.14844044155368877,0.14319402426481248,0.007593669900820361,0.0,0.0,0.0,-0.08240439593791962,0.14344133183015045,0.14427350610494613,0.010729104962057557,0.0,0.0,0.0,0.6127174720168114,0.1507310214435088,0.2896024987101555,0.027196065756243604,0.5129011064767838,1.0,0.5,-1.4665403544902802,0.6217674705378797,0.04409120520576835,0.026705229247163814,0.0,0.0,0.0,0.5605349719524384,0.22978282669422645,0.2765025109052658,0.03966495239933505,0.48709889948368074,1.0,0.5,-0.42631245106458665,0.18237844884247315,0.1023362509906292,0.008340267702621881,0.0,0.0,0.0
TENX117,803,042x003,1447,28814,10,0.2257573425769806,0.15249689405204506,0.21143530756235124,0.017829883905945604,0.33406802713871003,0.8,0.1,-0.11066150963306427,0.16501890555557913,0.15108550786972047,0.013257122277231425,0.0,0.0,0.0,0.5114576265215873,0.18883716616172722,0.2844737619161606,0.047685406443176266,0.5194277793169022,0.9,0.8,-1.3950264513492585,0.28289320672997975,0.04345068875700235,0.012843642981126956,0.0,0.0,0.0,0.17675571963191034,0.18055373422090984,0.20250149369239806,0.0276577070451983,0.14650419652462005,0.3,0.1,-0.45408235490322113,0.13928001838728674,0.10705324858427048,0.007979980111740885,0.0,0.0,0.0
TENX117,804,042x004,2177,28814,10,0.30209485739469527,0.15556944157645392,0.23138975203037263,0.019490808145630763,0.44915695786476134,1.0,0.2,-0.06642269156873226,0.12347544402226221,0.15954284369945526,0.0035792318423378705,0.0,0.0,0.0,0.508712619356811,0.23968884531096402,0.28717352598905566,0.04526170656814782,0.5508430570363998,1.0,0.8,-1.2242359101772309,0.22768251586675592,0.0519570704549551,0.013572459969343175,0.0,0.0,0.0,-0.13236100673675538,0.17041121855570537,0.15045415312051774,0.018499938561532668,0.0,0.0,0.0,-0.3582638241350651,0.14149591569539186,0.11948263198137284,0.009171521800897699,0.0,0.0,0.0
TENX117,805,042x005,2908,28814,10,0.3141342669725418,0.15869431640570453,0.21084010004997253,0.018255140300557415,0.4157953172922134,1.0,0.1,0.00042795687913894654,0.16060493552820834,0.15354753136634827,0.004277103181684954,0.0,0.0,0.0,0.6597387999296188,0.2789936758098238,0.301170739531517,0.05107329112609432,0.584204688668251,1.0,0.9,-1.36226943731308,0.235108880449394,0.040827742964029315,0.012462244537872733,0.0,0.0,0.0,0.15397160723805428,0.20039210236226232,0.1804552212357521,0.023198705403898418,0.0,0.0,0.0,-0.3069321006536484,0.17781512882148418,0.11315865740180016,0.008087340212350101,0.0,0.0,0.0
TENX117,806,042x006,3639,28814,10,0.19173540621995927,0.18083259689199782,0.2045522466301918,0.017662080223574718,0.413791698217392,1.0,0.0,-0.08267726823687553,0.15969975578355794,0.15508362352848054,0.007642133422375478,0.0,0.0,0.0,0.5461981862783432,0.29850259497748094,0.2960677996277809,0.057107023652325166,0.586208289861679,1.0,1.0,-0.7682913236320019,0.44299610467586903,0.0898064412176609,0.04479264699188899,0.0,0.0,0.0,-0.08113507851958275,0.22712899918751564,0.15641736537218093,0.02041443140511611,0.0,0.0,0.0,-0.5451580164022743,0.23380620027743695,0.09807252734899521,0.01069616935732014,0.0,0.0,0.0
TENX117,807,042x007,4370,28814,10,0.1327079080045223,0.16217668345968614,0.21011628806591034,0.013250793907363683,0.3778100609779358,0.9,0.1,-0.16360348239541053,0.12249008016056409,0.15607856065034867,0.006834134977957974,0.0,0.0,0.0,0.4306678004562855,0.21915318208456927,0.286454875767231,0.04730702755559937,0.571618315577507,1.0,0.8,-0.993692010641098,0.3855564373512569,0.07403632309287786,0.027696824478723726,0.0,0.0,0.0,-0.041700240969657895,0.2481295167901206,0.1780870169401169,0.027230965218483123,0.050571632385253903,0.1,0.1,-0.6588407903909683,0.1585855807613151,0.09522693529725075,0.006189115841266586,0.0,0.0,0.0
TENX117,808,042x008,5100,28814,10,0.16219689920544625,0.14642517441134478,0.2222053289413452,0.020136362691048414,0.43220276534557345,1.0,0.2,-0.21791946962475778,0.12884572719994153,0.15164092779159546,0.009625738232351425,0.0,0.0,0.0,0.4395242750644684,0.180018684734276,0.29680014997720716,0.05228278435796673,0.5677972286939621,1.0,0.8,-1.3317002713680268,0.23488345813294143,0.05111410953104496,0.01238585090744717,0.0,0.0,0.0,-0.10132799148559571,0.17902682301137657,0.17213089019060135,0.027124051989157554,0.0,0.0,0.0,-0.5757321506738663,0.12490959138104646,0.10610859617590904,0.007949843822152672,0.0,0.0,0.0
TENX117,809,042x009,5831,28814,10,0.26186919286847116,0.11933478988423533,0.21145860403776168,0.013651092568777895,0.38476268351078036,0.9,0.1,-0.02963252030313015,0.0985194096951321,0.15805200189352037,0.010762404752644044,0.0,0.0,0.0,0.5288434654474259,0.17692327055668614,0.278685262799263,0.04101747091596096,0.5153443396091462,0.9,0.8,-1.074121206998825,0.23206255276387452,0.05777997560799122,0.016742907564615463,0.0,0.0,0.0,0.19830637648701668,0.17348941325653508,0.1999821662902832,0.02879584526561433,0.09989296793937683,0.2,0.1,-0.5498869732022286,0.14751515391869627,0.09404198974370956,0.008152420912040936,0.0,0.0,0.0
TENX117,810,042x010,6562,28814,10,0.065389134734869,0.2025467415062234,0.20100640654563903,0.015288132112269147,0.24260025024414061,0.6,0.0,-0.16291661448776723,0.1699780514585793,0.1596187725663185,0.006114680460053922,0.0,0.0,0.0,0.37442289274185897,0.2486336715195324,0.2763328403234482,0.04284784098990882,0.5695026278495788,1.0,1.0,-1.0882614634931087,0.5806537209027597,0.08265385907143355,0.06387656237061985,0.09104619920253754,0.2,0.0,-0.07602069526910782,0.32222724949908305,0.17771289497613907,0.03479617794647857,0.09685093760490418,0.2,0.0,-0.6086265236139298,0.23956587997102655,0.1026752196252346,0.01046411918153204,0.0,0.0,0.0
TENX117,811,042x011,7292,28814,10,0.28191024959087374,0.19425988266858885,0.21445442587137223,0.021088987289734802,0.4217368423938751,1.0,0.2,-0.05800341926515103,0.19033085968403815,0.15223514586687087,0.009752129842567235,0.0,0.0,0.0,0.5927434369921685,0.22363698406728216,0.2963907793164253,0.05475094021896799,0.5282987266778946,0.9,0.8,-1.2172524988651277,0.21291635178646423,0.049491914734244344,0.014417579138569248,0.0,0.0,0.0,0.17157933190464975,0.2505086851005512,0.1933506414294243,0.02971693187355427,0.04996441900730133,0.1,0.0,-0.542258408665657,0.19724975855319699,0.09407709464430809,0.009500800741829898,0.0,0.0,0.0
TENX117,812,042x012,8023,28814,10,0.1741336204111576,0.13939612018868283,0.2092968687415123,0.016364700482604955,0.1671351283788681,0.4,0.1,-0.11534657068550587,0.10963603846116005,0.15662323981523513,0.01133984680035453,0.0,0.0,0.0,0.4583085387945175,0.1988161768521241,0.28135292083024976,0.047223148234259923,0.5158764302730561,0.9,0.8,-1.281764554977417,0.3583046787653742,0.05323975756764412,0.025045656524684233,0.0,0.0,0.0,0.1694519579410553,0.19154919057633263,0.2093910038471222,0.02678853628774869,0.31698843836784363,0.7,0.1,-0.6693526595830918,0.15340416938372212,0.09009620621800422,0.007718249900460802,0.0,0.0,0.0
TENX117,813,042x013,8754,28814,10,0.09671799913048744,0.12228077950344791,0.2036370486021042,0.013748749093235894,0.3333644449710846,0.8,0.1,-0.13650136031210422,0.18604687098998082,0.1615049347281456,0.013967996160750814,0.0,0.0,0.0,0.40015190225094555,0.22263196913093838,0.2793532952666283,0.04767387503803181,0.5713004797697068,1.0,0.9,-1.1718586564064026,0.5081685769613661,0.0643593780696392,0.03175511241618562,0.0,0.0,0.0,0.018948834389448166,0.16031052904489115,0.1903426617383957,0.029461985814664235,0.09533506333827972,0.2,0.0,-0.6082727044820786,0.09325312560441384,0.1008026771247387,0.009078515580053329,0.0,0.0,0.0
TENX117,814,042x014,9485,28814,10,0.24316196367144585,0.17887400155171984,0.21093973964452745,0.01798186310896263,0.41867809295654296,1.0,0.1,-0.03622209243476391,0.09024261478178992,0.15905617624521257,0.005926113775114308,0.0,0.0,0.0,0.5764542445540428,0.18977958221398689,0.2976056009531021,0.04992646802783478,0.5813218981027604,1.0,0.9,-0.9004165053367614,0.3419678898475335,0.071959113702178,0.024993136901966955,0.0,0.0,0.0,-0.02054404988884926,0.24624500847742029,0.1634911060333252,0.026150891844285155,0.0,0.0,0.0,-0.5346533194184303,0.1880900353901532,0.09694825112819672,0.008775269311922115,0.0,0.0,0.0
TENX117,815,042x015,10215,28814,10,0.11628911346197128,0.10870692950911498,0.201008078455925,0.01712278493602291,0.1690988451242447,0.4,0.0,-0.09619786962866783,0.1338258789874152,0.16259493976831435,0.014144467426256415,0.0,0.0,0.0,0.40238186046481134,0.18482128038466275,0.2705445408821106,0.0453465482902001,0.4602631747722626,0.8,0.7,-1.3621130168437958,0.5155552223825672,0.05326774232089519,0.03256541611356729,0.0,0.0,0.0,0.1936909705400467,0.14911079411258676,0.21832875907421112,0.029134924450629027,0.3706379771232605,0.8,0.3,-0.6403977841138839,0.10980747389736342,0.094255930185318,0.007278523847000407,0.0,0.0,0.0
TENX117,816,042x016,10946,28814,10,0.2732106395065784,0.13780312571727502,0.20388432443141938,0.016296646303556876,0.16559218168258666,0.4,0.0,0.008947373926639557,0.08923802710467442,0.1563747853040695,0.009920227208218797,0.0,0.0,0.0,0.5755162164568901,0.17149689694574263,0.27837604731321336,0.04306454464731502,0.5123497128486634,0.9,0.7,-1.05289169549942,0.49372540401616016,0.06120556090027094,0.028735510855558647,0.0,0.0,0.0,0.3142866887152195,0.18557231678715883,0.21357707530260087,0.027500896742846278,0.32205810844898225,0.7,0.3,-0.5827870428562164,0.12721694658789343,0.08658218905329704,0.006323021713962124,0.0,0.0,0.0
TENX117,817,042x017,11677,28814,10,0.3539000265300274,0.17343936415702313,0.22067870050668717,0.021301184892679775,0.4350774049758911,1.0,0.3,0.03598929643630981,0.11061641865175663,0.1600010260939598,0.007025918432576014,0.0,0.0,0.0,0.6198655501008034,0.2432575514539321,0.2918186768889427,0.05455040516936985,0.5649226009845734,1.0,0.7,-1.0119687646627427,0.28432833142571917,0.06085957959294319,0.027024395015178157,0.0,0.0,0.0,0.11489392295479775,0.21529689982630731,0.17428412288427353,0.02148120605438388,0.0,0.0,0.0,-0.5178126022219658,0.1944255196369812,0.09235790148377418,0.009597610769036839,0.0,0.0,0.0
TENX117,818,042x018,12407,28814,10,0.11475706696510315,0.11042995586261763,0.18188878893852234,0.014788409146798737,0.0,0.0,0.0,-0.07295691408216953,0.11674927608861475,0.1504205122590065,0.006767013117294089,0.0,0.0,0.0,0.4922840105369687,0.22820063266511922,0.26823128312826156,0.04484610653333271,0.5242552846670151,1.0,0.5,-1.1597669005393982,0.3210355675297863,0.052206838876008986,0.0128640346048435,0.0,0.0,0.0,0.3934283763170242,0.12592309895773257,0.241335628926754,0.02939121237804938,0.47574472427368164,1.0,0.5,-0.426510089635849,0.15721320247740722,0.10591693297028541,0.009490248680076821,0.0,0.0,0.0
TENX117,819,042x019,13138,28814,10,0.015372422337532044,0.09505716236461505,0.17944168150424958,0.014089446152015869,0.13150026202201842,0.4,0.0,-0.08733009062707424,0.12231088330183569,0.1617293432354927,0.00951926901126097,0.03371685743331909,0.1,0.0,0.5158697791397572,0.2297209083363505,0.29917698055505754,0.04851285871597639,0.6053945928812027,1.0,0.9,-1.2829731106758118,0.2745180868752927,0.050544283166527745,0.014575766850077807,0.0,0.0,0.0,0.04938672780990601,0.1372212308612993,0.18740566223859786,0.029636015206200458,0.229388290643692,0.5,0.1,-0.37318792194128036,0.07948582598022337,0.1217020332813263,0.009983943046853738,0.0,0.0,0.0
TENX117,820,042x020,13869,28814,10,0.11369845420122146,0.15307590868930254,0.18387359380722046,0.021980975666442925,0.3438499480485916,0.9,0.0,-0.0719943143427372,0.11104333643317253,0.15194649249315262,0.009311167902228346,0.0,0.0,0.0,0.5809878006577491,0.21402846002455428,0.2957876145839691,0.0505207480713631,0.6107654809951782,1.0,1.0,-0.7701473563909531,0.34952650514252637,0.08140515014529229,0.03295125343188923,0.0,0.0,0.0,-0.0423704095184803,0.25792883849198717,0.16022349148988724,0.03572704765831174,0.04538455903530121,0.1,0.0,-0.25716215558350086,0.1715789168655793,0.1267636589705944,0.013717846368467474,0.0,0.0,0.0
TENX117,821,042x021,14600,28814,10,-0.06624020040035247,0.13337597561232933,0.16501082330942154,0.018266099400282905,0.03050079047679901,0.1,0.0,-0.17161970995366574,0.12174398514615134,0.14854030162096024,0.017287944725404084,0.030281403660774232,0.1,0.0,0.5430025726556778,0.2617053290072802,0.30648740381002426,0.05429313896820834,0.601270318031311,1.0,0.8,-1.0670738428831101,0.5920818099993969,0.07106979116797447,0.037076694498173066,0.0,0.0,0.0,0.1070751279592514,0.25864122579738436,0.20080221444368362,0.0481076165373297,0.3379474937915802,0.8,0.2,-0.48835561871528627,0.1597535853883329,0.10808944180607796,0.011030370178283682,0.0,0.0,0.0
TENX117,822,042x022,15330,28814,10,0.06309820227324962,0.16207129120246236,0.16379282027482986,0.013321637172751165,0.03064851462841034,0.1,0.0,-0.031521307304501534,0.143079199336446,0.14864518940448762,0.006264994832775993,0.03214457333087921,0.1,0.0,0.7011522889137268,0.1620996305758655,0.31182372719049456,0.04161358634663116,0.6072991073131562,1.0,1.0,-1.214238178730011,0.6161537724325662,0.055637747328728435,0.030808636562960456,0.0,0.0,0.0,0.24287529289722443,0.2990873938370005,0.20103053152561187,0.047415411627640125,0.32990780770778655,0.8,0.0,-0.25807438120245935,0.19906067855806606,0.11906998232007027,0.012680803871358379,0.0,0.0,0.0
TENX117,823,042x023,16061,28814,10,0.024496141262352465,0.13194533851248821,0.1591818869113922,0.011372987931841516,0.0,0.0,0.0,-0.04222632870078087,0.09419430649212619,0.1488668441772461,0.010102349740378432,0.0668788343667984,0.2,0.0,0.6449037611484527,0.1031096001529426,0.29722218215465546,0.0345170605016206,0.5935703337192535,1.0,0.8,-1.0164562933146954,0.804343542740052,0.07421306762844324,0.04897958748891948,0.03470476269721985,0.1,0.0,0.2069185867905617,0.3126576439765254,0.19745079725980758,0.05271027536575467,0.3048460423946381,0.7,0.2,-0.23747231885790826,0.16668389152894164,0.12306521683931351,0.014707058514895791,0.0,0.0,0.0
TENX117,824,042x024,16792,28814,10,0.06238678693771362,0.15417084267313577,0.15533021241426467,0.010238017692279819,0.0,0.0,0.0,0.020564614236354826,0.12276072235152442,0.14881500601768494,0.007009656496987451,0.0,0.0,0.0,0.7243957936763763,0.12140972451753274,0.30307646542787553,0.039373636588852616,0.5764255791902542,1.0,0.8,-1.2893814116716384,0.6968845410692441,0.05207004686817527,0.033480212575142,0.0,0.0,0.0,0.4074860863387585,0.3007861585693842,0.22431981861591338,0.049161677067467754,0.4235744297504425,1.0,0.2,-0.23019592240452766,0.2044542247381485,0.1163884498178959,0.012967415304736971,0.0,0.0,0.0
TENX117,825,042x025,17522,28814,10,-0.11920815445482731,0.13484480448906416,0.1450731188058853,0.011726552109297059,0.0,0.0,0.0,-0.045307572558522226,0.09115963784116426,0.15618470013141633,0.012817676230449824,0.07092519998550414,0.2,0.0,0.501007191836834,0.15229140712947054,0.2705665349960327,0.03038629409117868,0.5751354694366455,1.0,0.8,-0.8466175779700279,0.6707236424378088,0.08628957886248827,0.05051838619035756,0.0366095244884491,0.1,0.0,0.15396565124392508,0.2777249499843923,0.19550358653068542,0.04639668312502752,0.31732980310916903,0.7,0.2,-0.1150615000165999,0.1960004655125832,0.14638248234987258,0.018673966177132587,0.0,0.0,0.0
TENX117,826,042x026,18253,28814,10,-0.013821128197014332,0.12467666180155698,0.15235705822706222,0.00831580563292763,0.0,0.0,0.0,-0.032812177389860156,0.07982793995195457,0.14932036101818086,0.0039565957487555274,0.0,0.0,0.0,0.5343317970633507,0.15202964593704646,0.2653059050440788,0.033426711796780084,0.5320741891860962,1.0,0.5,-0.9427643209695816,0.585178594323573,0.07066452205181122,0.03690814560973516,0.0,0.0,0.0,0.40266960561275483,0.23134592440295085,0.23544169664382936,0.04703468518784335,0.4679258018732071,1.0,0.5,-0.1986416787840426,0.13907533957180365,0.12691045850515364,0.010708052499005912,0.0,0.0,0.0
TENX117,827,042x027,18984,28814,10,0.028431421518325804,0.13850031807568478,0.1604015588760376,0.01581750650272349,0.0,0.0,0.0,-0.11007687933743,0.09153218008499885,0.13935373723506927,0.010024569852103862,0.0,0.0,0.0,0.6085786163806916,0.18204399798491513,0.2881793543696404,0.04113702108473139,0.5612980008125306,1.0,0.7,-0.9376813851296901,0.6366442275809558,0.07277075201272964,0.0393426841984129,0.0,0.0,0.0,0.35499779134988785,0.31060102942191625,0.227938874065876,0.056103727247832406,0.43870200514793395,1.0,0.3,-0.33816404789686205,0.17893918956571922,0.11135572865605355,0.012685071228642446,0.0,0.0,0.0
TENX117,828,042x028,19715,28814,10,-0.07827769592404366,0.17472296238221488,0.15849666744470597,0.01438321111907012,0.030688491463661195,0.1,0.0,-0.15047008357942104,0.13102580517982437,0.1471197187900543,0.008770385508749883,0.05967136919498443,0.2,0.0,0.5747821122407913,0.2523039768861071,0.3082539901137352,0.054632327629097296,0.6227512121200561,1.0,1.0,-1.088244265317917,0.6060340945767593,0.06876204684376716,0.03507484034859611,0.0,0.0,0.0,0.03537266477942467,0.28412393623686283,0.1813151568174362,0.04047122464831521,0.2868889272212982,0.7,0.0,-0.23179415762424468,0.21419921799394434,0.13605241924524308,0.013618030436627897,0.0,0.0,0.0
TENX117,829,042x029,20445,28814,10,0.022248586267232896,0.13119807526416624,0.15271893739700318,0.01200725137116719,0.0,0.0,0.0,-0.04318927582353353,0.04981712915143547,0.1428120329976082,0.007435450905044601,0.0,0.0,0.0,0.6209551125764847,0.12771493630308872,0.2799531102180481,0.03981114362393105,0.5420028746128083,1.0,0.5,-1.2964642882347106,0.6453886674124476,0.050989960134029386,0.0311018760017353,0.0,0.0,0.0,0.44715669825673104,0.2701133776274333,0.2386168956756592,0.05223040412538207,0.4579971194267273,1.0,0.5,-0.10399795258417725,0.1576731829981504,0.13490906208753586,0.013921312076564947,0.0,0.0,0.0
TENX117,830,043x002,716,29544,10,-0.2372634807601571,0.10805925833726679,0.13832909539341925,0.01118392401695788,0.0,0.0,0.0,-0.15155115798115731,0.11369184228716493,0.1510344035923481,0.015399461648418345,0.0,0.0,0.0,0.4092176780104637,0.20214960500070878,0.2646097898483276,0.027370386480341728,0.5168768435716629,1.0,0.5,-0.7992196194827557,0.48732359847701034,0.08798372969031334,0.0400570966854859,0.0,0.0,0.0,0.34085306972265245,0.21211657978059184,0.24851081669330596,0.036776665811621756,0.48312315046787263,1.0,0.5,-0.47238059937953947,0.1512559948482792,0.10953215435147286,0.011004053007233908,0.0,0.0,0.0
TENX117,831,043x003,1447,29544,10,0.07828458026051521,0.10804269782201414,0.1895715445280075,0.01902583438980384,0.08564059734344483,0.2,0.0,-0.17103734165430068,0.05541046593396087,0.14715485125780106,0.0067812644159031925,0.0,0.0,0.0,0.5189532428979874,0.1999043473997338,0.2976814180612564,0.05173637855714169,0.5894407451152801,1.0,0.9,-1.2795088827610015,0.30246485029921205,0.051059053465723994,0.01616731115926794,0.0,0.0,0.0,0.1418742910027504,0.12403097492331572,0.20218877941370011,0.0219593722084536,0.32491864264011383,0.8,0.1,-0.44282748103141784,0.08882903379583848,0.11234435439109802,0.008577282327864644,0.0,0.0,0.0
TENX117,832,043x004,2177,29544,10,0.28876336142420767,0.20847347959496282,0.22981882393360137,0.017032791683084483,0.44461997747421267,1.0,0.3,-0.08994937874376774,0.221925211090422,0.1570883348584175,0.006799275421030532,0.0,0.0,0.0,0.5142339505255222,0.336981410520109,0.2919401988387108,0.05116593227375078,0.5553800314664841,1.0,0.7,-1.297806864976883,0.3203752507660732,0.052367128618061545,0.025396990998074135,0.0,0.0,0.0,-0.2010431855916977,0.24961582159777662,0.14136138632893563,0.01620792122976928,0.0,0.0,0.0,-0.2997496017254889,0.22062886227790163,0.12742411941289902,0.0069670959133462836,0.0,0.0,0.0
TENX117,833,043x005,2908,29544,10,0.27402854189276693,0.09814790398007792,0.20109945684671401,0.017717689346414735,0.2381879597902298,0.6,0.0,0.03272932730615139,0.1068548315837889,0.15787238329648973,0.012598317501366257,0.0,0.0,0.0,0.6524202108383179,0.21885936367361694,0.29729136675596235,0.05326804594340924,0.5829140454530716,1.0,0.9,-1.7263439416885376,0.43188706976080976,0.029105672799050807,0.01013555048786486,0.0,0.0,0.0,0.2849308826029301,0.11295863299089487,0.20435146540403365,0.027665813434444374,0.17889797389507295,0.4,0.1,-0.3253972038626671,0.07635215816344743,0.11027968376874923,0.007874808397680594,0.0,0.0,0.0
TENX117,834,043x006,3639,29544,10,0.1390377700328827,0.07674847315974895,0.19392113834619523,0.01576095879290489,0.12567733824253083,0.3,0.1,-0.009993787482380867,0.100226195023142,0.1666717126965523,0.006999579435662319,0.0,0.0,0.0,0.4686801632866263,0.23212547463827457,0.2729383990168571,0.046851310744334206,0.5179878681898117,0.9,0.7,-1.0810943752527238,0.5644713228913849,0.06439353208988904,0.031158026756488984,0.0,0.0,0.0,0.17914989814162255,0.09324781713963565,0.20251111388206483,0.023089690403581397,0.3563347846269608,0.8,0.2,-0.5269011288881302,0.07243385876986537,0.09956410750746728,0.007187721808893498,0.0,0.0,0.0
TENX117,835,043x007,4370,29544,10,0.12018750682473182,0.06935615551936791,0.20660099536180496,0.01474252840605268,0.3736746460199356,0.9,0.0,-0.16291386522352697,0.06435426199670705,0.15560533553361894,0.01015430996250784,0.0,0.0,0.0,0.4483781173825264,0.16714801421412084,0.28979517966508866,0.04609726044178216,0.5778252422809601,1.0,1.0,-1.2436389863491057,0.3921099287574425,0.056785442493855955,0.021866649677032383,0.0,0.0,0.0,0.03573012202978134,0.130235291505386,0.19109343290328978,0.02589142836821973,0.04850012958049774,0.1,0.0,-0.6044914484024048,0.07866225636802648,0.10011960417032242,0.0075432098549006,0.0,0.0,0.0
TENX117,836,043x008,5100,29544,10,0.2422181636095047,0.05454699812195158,0.21967850923538207,0.014065843066536243,0.3481664776802063,0.8,0.2,-0.0934873141348362,0.06119654818082649,0.15698614716529846,0.009193862746370813,0.0,0.0,0.0,0.46474317014217376,0.18301864908897805,0.27770781964063646,0.045581691520226265,0.5050442218780518,0.9,0.7,-1.4643400192260743,0.41319441179367244,0.043224666453897956,0.016977600340434246,0.0,0.0,0.0,0.14693558588624,0.1272164451479507,0.2010580912232399,0.026813377144054323,0.1467892825603485,0.3,0.1,-0.5317625910043716,0.06632062893595254,0.10134476125240326,0.007046522321875757,0.0,0.0,0.0
TENX117,837,043x009,5831,29544,10,0.10848876759409905,0.07807604796399338,0.20330873280763626,0.009678025055076122,0.1272703915834427,0.3,0.0,-0.1782189428806305,0.07681347817496453,0.15279084891080857,0.009920514409860892,0.0,0.0,0.0,0.34782653376460076,0.1417599503000559,0.260411337018013,0.035075267505935294,0.5358033567667008,1.0,0.7,-1.1493273667991162,0.5144024554374145,0.0662298345938325,0.040534098932284386,0.0,0.0,0.0,0.18866374641656875,0.13055850696217178,0.22190732955932618,0.02843465302376805,0.33692624866962434,0.7,0.3,-0.6507520914077759,0.07292857934315969,0.0953519105911255,0.007614230989300184,0.0,0.0,0.0
TENX117,838,043x010,6562,29544,10,0.19793783128261566,0.19762209115750554,0.20966549664735795,0.013741797219987344,0.3823503315448761,0.9,0.2,-0.09191164113581181,0.22334174449354222,0.1570934236049652,0.012933822520776423,0.0,0.0,0.0,0.4769978202879429,0.22750892845387574,0.2807502970099449,0.04788206809585919,0.5681335389614105,1.0,0.8,-0.9208877056837081,0.36582060358538127,0.0734950415790081,0.026694242495446708,0.0,0.0,0.0,0.07092030569911004,0.2415300153786112,0.1859617978334427,0.025510056512850196,0.04951612651348114,0.1,0.0,-0.6148157566785812,0.20280488813527814,0.09303392991423606,0.006339274476313984,0.0,0.0,0.0
TENX117,839,043x011,7292,29544,10,0.14196637645363808,0.08080849453718288,0.20026771426200868,0.011935827187592032,0.038087967038154605,0.1,0.0,-0.1461656540632248,0.09318180724636224,0.15009478777647017,0.008175514725720319,0.0,0.0,0.0,0.49543328434228895,0.19097369976619863,0.28733657896518705,0.038682883791023505,0.5641901940107346,1.0,0.8,-1.1245816946029663,0.3119873522997725,0.05890110302716493,0.016593656080755737,0.0,0.0,0.0,0.2300555922091007,0.0959008515330819,0.21948953419923783,0.02254174725396621,0.39772183895111085,0.9,0.2,-0.7286358594894409,0.08524559184791244,0.08391028121113778,0.005938834571484291,0.0,0.0,0.0
TENX117,840,043x012,8023,29544,10,0.24374344423413277,0.17205705947279035,0.20910972952842713,0.011700067651865683,0.36252494156360626,0.9,0.0,-0.08366986364126205,0.13485472926491787,0.15063502192497252,0.006564225785067686,0.0,0.0,0.0,0.6186731576919555,0.17635561011228365,0.3068608775734901,0.04344220014337299,0.5916492164134979,1.0,1.0,-1.0019574075937272,0.37044774879494907,0.06587310507893562,0.027187600787200433,0.0,0.0,0.0,0.09065058827400208,0.24230790478652975,0.18082756102085112,0.024968958624441425,0.04582582712173462,0.1,0.0,-0.6384926497936249,0.19662931850502946,0.08669371902942657,0.007044760489137262,0.0,0.0,0.0
TENX117,841,043x013,8754,29544,10,0.08808140233159065,0.1037155233182529,0.21158815622329713,0.01694537627756556,0.4189986974000931,1.0,0.0,-0.24005992524325848,0.11180136806126587,0.15210498571395875,0.007715313184546701,0.0,0.0,0.0,0.42001002505421636,0.19654324389629052,0.2983287423849106,0.050827695945050225,0.5810013294219971,1.0,1.0,-1.1750427305698394,0.1960088611585483,0.060634439811110497,0.010455606212342346,0.0,0.0,0.0,-0.09364460706710816,0.1472387625102991,0.17727824449539184,0.02242875998326774,0.0,0.0,0.0,-0.6613699108362198,0.11484242576082591,0.10006544589996338,0.008794003552451395,0.0,0.0,0.0
TENX117,842,043x014,9485,29544,10,0.2350721277296543,0.09010307003518653,0.21112515181303024,0.012115735215066962,0.347315126657486,0.8,0.1,-0.0424283891916275,0.08130646328242558,0.16046510487794877,0.015121779677025484,0.0,0.0,0.0,0.4864269321784377,0.19517700626335927,0.2749204009771347,0.04444245455999759,0.4633416891098022,0.8,0.8,-1.1502244591712951,0.3830738762238539,0.05824650153517723,0.030363593952744433,0.0,0.0,0.0,0.12815652266144753,0.1862987867653878,0.19163976460695267,0.029504907956611422,0.18934317231178283,0.4,0.1,-0.47818792760372164,0.10570769753575698,0.1036030538380146,0.008086371398261925,0.0,0.0,0.0
TENX117,843,043x015,10215,29544,10,0.274773208796978,0.18287512469733744,0.23034937977790831,0.019157005990567733,0.45551311373710635,1.0,0.4,-0.09888984002172947,0.15189399973574552,0.1582450807094574,0.009125406578982483,0.0,0.0,0.0,0.45600944980978964,0.21639148196977792,0.2798423707485199,0.05072591151581455,0.5444868713617325,1.0,0.6,-0.8399222932755948,0.4822151429299884,0.08210621885955334,0.033463703116798645,0.0,0.0,0.0,-0.16544778645038605,0.21046380635987513,0.14946127012372018,0.022310815738388914,0.0,0.0,0.0,-0.5596045240759849,0.19222859172366924,0.0999956525862217,0.00814548344487943,0.0,0.0,0.0
TENX117,844,043x016,10946,29544,10,0.21179757192730903,0.13259505606222904,0.2164330691099167,0.017748032018359967,0.440061491727829,1.0,0.4,-0.1060536302626133,0.115313161098336,0.15759614557027818,0.014150101572629654,0.0,0.0,0.0,0.457599644176662,0.27496255815430487,0.28163013607263565,0.056935847800644444,0.5599385023117065,1.0,0.6,-1.0326876908540725,0.31179258439373814,0.06516254246234894,0.01982009725855569,0.0,0.0,0.0,-0.04631485790014267,0.19946168673705336,0.16811488270759584,0.022770417536215483,0.0,0.0,0.0,-0.45481064543128014,0.15927907862850257,0.11106325164437295,0.008372248104456397,0.0,0.0,0.0
TENX117,845,043x017,11677,29544,10,0.12600088939070703,0.04885712601814375,0.21376154124736785,0.018566836937012967,0.422004309296608,1.0,0.1,-0.12095981016755104,0.09148788121878684,0.16651321053504944,0.007142180986453532,0.0,0.0,0.0,0.4453803777694702,0.24517592777497463,0.2972926437854767,0.04971696013802705,0.5779956698417663,1.0,0.9,-1.1846964240074158,0.3922108298688669,0.06131514683365822,0.02260030296514018,0.0,0.0,0.0,-0.22521903365850449,0.10409305870459132,0.15148987099528313,0.022359171961889523,0.0,0.0,0.0,-0.5416605055332184,0.04287378975279685,0.10962758511304856,0.00941925294459168,0.0,0.0,0.0
TENX117,846,043x018,12407,29544,10,0.27459602653980253,0.17717539052897652,0.2210223913192749,0.021985295423478,0.4394425481557846,1.0,0.3,-0.11627468205988407,0.17510023068282365,0.14909785389900207,0.009279033720241543,0.0,0.0,0.0,0.5168093422427773,0.2769427003047341,0.285214264690876,0.05200520571562431,0.5161864757537842,0.9,0.7,-1.420108437538147,0.47605768728008946,0.04934796281158924,0.033769311989505946,0.0,0.0,0.0,0.08816753327846527,0.2145642455615633,0.18416709303855897,0.02450305686259897,0.044370982050895694,0.1,0.0,-0.41188225001096723,0.18504907079132848,0.11115044206380845,0.009900605496340153,0.0,0.0,0.0
TENX117,847,043x019,13138,29544,10,0.1548488661646843,0.10366687154092895,0.20927827358245848,0.019114504415557794,0.3872097790241241,0.9,0.3,-0.11006107851862908,0.14981077978665006,0.16038568764925004,0.012460991879103973,0.0,0.0,0.0,0.41287583857774734,0.3144152405744407,0.2763433188199997,0.05957980307975545,0.516994372010231,0.9,0.7,-1.1910516381263734,0.2664086522221568,0.05669854395091534,0.017481242162883152,0.0,0.0,0.0,0.009670663625001907,0.17550430270580714,0.18226244300603867,0.027301579620678123,0.09579583108425141,0.2,0.0,-0.44235255420207975,0.08355800896290372,0.11503171697258949,0.008789124244547381,0.0,0.0,0.0
TENX117,848,043x020,13869,29544,10,0.06208105757832527,0.16888914216708245,0.17589315325021743,0.02133258580901411,0.12322126924991608,0.4,0.0,-0.11535698026418686,0.09712770070824141,0.14639668613672258,0.0070189420389359675,0.0,0.0,0.0,0.5898825094103813,0.234070109695189,0.30144993364810946,0.05683262206985801,0.6057764232158661,1.0,0.9,-1.1190134286880493,0.4204101390508942,0.05868437550961971,0.02284627547470193,0.0,0.0,0.0,0.1264628790318966,0.2485400179068407,0.19033702164888383,0.039964270102352435,0.2710023134946823,0.6,0.1,-0.25852729491889476,0.14202084018954766,0.1272388443350792,0.011484871876745233,0.0,0.0,0.0
TENX117,849,043x021,14600,29544,10,0.04884451292455196,0.1808957357374492,0.1584390327334404,0.014733448547783464,0.0,0.0,0.0,-0.028130243718624114,0.16009091503416734,0.1468354195356369,0.015582298122245737,0.03269188106060028,0.1,0.0,0.626203702390194,0.2236977480254361,0.28498162925243375,0.046574252273585796,0.5753090053796768,1.0,0.8,-0.7220868907868863,0.4539559443623517,0.07912729792296887,0.029839191225341743,0.0,0.0,0.0,0.30939783006906507,0.26263199461888087,0.2097669005393982,0.046440839163390986,0.39199912250041963,0.9,0.2,-0.22281579673290253,0.18380143803639126,0.12084971517324447,0.012298873701353748,0.0,0.0,0.0
TENX117,850,043x022,15330,29544,10,0.037924501299858096,0.1293947795082107,0.16411517858505248,0.014302436341530268,0.0,0.0,0.0,-0.06071063950657844,0.08907026696457662,0.14882445335388184,0.013820681562411846,0.032157570123672485,0.1,0.0,0.5725194841623307,0.16478791323449984,0.2833891108632088,0.04860375922015265,0.5648324877023697,1.0,0.7,-1.1469129115343093,0.5994676355523897,0.059590925462543964,0.03217520009757841,0.0,0.0,0.0,0.30067033171653745,0.28298782076850476,0.21941796094179153,0.055174147010114465,0.4030099451541901,0.9,0.3,-0.23903641030192374,0.1474618151514995,0.12466237097978591,0.013508769622724471,0.0,0.0,0.0
TENX117,851,043x023,16061,29544,10,0.1206416480243206,0.1382802792005125,0.16312923282384872,0.01283837560559575,0.0,0.0,0.0,0.021588468924164772,0.08089532943797177,0.1475047916173935,0.00788125551618849,0.0,0.0,0.0,0.6896697044372558,0.16678488700773078,0.2912746176123619,0.04821113854618391,0.5700919836759567,1.0,0.5,-1.1089668810367583,0.48235675522776483,0.05343375075608492,0.024147002350606718,0.0,0.0,0.0,0.3976766191422939,0.26662380477231973,0.21942261457443238,0.046010592500542756,0.42990802228450775,1.0,0.5,-0.14450210342183709,0.15568510504902805,0.12523497864603997,0.011108411825136508,0.0,0.0,0.0
TENX117,852,043x024,16792,29544,10,0.1797822341322899,0.1521402963351791,0.17341919094324112,0.01205389736170786,0.0,0.0,0.0,0.02030443139374256,0.14811812154097218,0.14811391532421112,0.01358633803906692,0.0,0.0,0.0,0.6250815004110336,0.21675177531861475,0.2732202857732773,0.04111183652349895,0.5414109826087952,1.0,0.6,-0.9909979224205017,0.41629206102795696,0.05962720587849617,0.026059764104009637,0.0,0.0,0.0,0.45483510866761206,0.27084881925126386,0.23167284578084946,0.04256907146648542,0.45858903229236603,1.0,0.4,-0.2425571583211422,0.18630488872360143,0.11394654959440231,0.011193164182225249,0.0,0.0,0.0
TENX117,853,043x025,17522,29544,10,-0.08804179672151805,0.07717494727497345,0.15640767216682433,0.012515576168525598,0.0,0.0,0.0,-0.09899281226098537,0.13153335439204603,0.15452076345682145,0.010003450760786936,0.033740898966789244,0.1,0.0,0.4866527572274208,0.16679697415479183,0.2790315479040146,0.033464407285888245,0.5782053202390671,1.0,0.8,-0.9846995495259762,0.7165159253095779,0.0772878946736455,0.04162369471623697,0.0,0.0,0.0,0.15805509611964225,0.22733969745934363,0.20448105782270432,0.04541422491131801,0.38805378079414365,0.9,0.2,-0.29002685397863387,0.11624376178245253,0.12827105671167374,0.015195069049889582,0.0,0.0,0.0
TENX117,854,043x026,18253,29544,10,-0.15618552044034004,0.11167359929542212,0.13978941962122918,0.01017557230212706,0.0,0.0,0.0,-0.0631301049143076,0.0642591735634615,0.15315690487623215,0.0065184714151874275,0.06772825121879578,0.2,0.0,0.5624623090028763,0.07649112154384649,0.28698124885559084,0.023187204631001525,0.5853638112545013,1.0,0.8,-0.8912178069353104,0.6707863781105671,0.08308308571577072,0.04820420731251699,0.0,0.0,0.0,0.20063368156552314,0.26444947896348353,0.20494502931833267,0.04834456116906467,0.34690794348716736,0.8,0.2,-0.217437407001853,0.1483719369072491,0.132044318318367,0.015512017737399027,0.0,0.0,0.0
TENX117,855,043x027,18984,29544,10,-0.07147165723145008,0.12755159250650328,0.1552248179912567,0.011961141302238874,0.0,0.0,0.0,-0.08753695450723172,0.11368646422601607,0.15280983746051788,0.01266046777796843,0.03366548418998718,0.1,0.0,0.507432496547699,0.14700564056050414,0.2782677814364433,0.034663398191163666,0.5783282548189164,1.0,0.7,-0.7908686235547066,0.6588669333552721,0.09054272919893265,0.04753106767199412,0.03680879473686218,0.1,0.0,0.1624009132385254,0.26725322843434623,0.20128967761993408,0.048063173074693946,0.35119745433330535,0.8,0.3,-0.3171998359262943,0.15858243915717435,0.12186514511704445,0.014171493749859161,0.0,0.0,0.0
TENX117,856,043x028,19715,29544,10,0.13430144712328912,0.16441509160277026,0.18581086546182632,0.02267440413981591,0.29161026477813723,0.8,0.0,-0.1476474955677986,0.14762733981320383,0.1394563987851143,0.009619986109618301,0.0,0.0,0.0,0.6349545136094094,0.2543611954503111,0.31062714457511903,0.06228483994182394,0.6169503390789032,1.0,1.0,-1.0317381173372269,0.33547353318168444,0.06259974390268326,0.028318745053437004,0.0,0.0,0.0,0.059143070876598355,0.21963300905023897,0.17419583201408387,0.032796943617544906,0.09143939316272735,0.2,0.0,-0.23930130302906036,0.1259473259560694,0.12731000781059265,0.009662756195833733,0.0,0.0,0.0
TENX117,857,043x029,20445,29544,10,-0.08204482942819595,0.13622623800117556,0.1525804504752159,0.013842731925945288,0.0,0.0,0.0,-0.08186684064567089,0.04093566487086117,0.15246203243732454,0.01210741429550226,0.06326223611831665,0.2,0.0,0.6386242493987083,0.1897978625315556,0.31616413295269014,0.04861448658371191,0.6115311324596405,1.0,1.0,-1.1323149025440216,0.4591131486174405,0.058749308437108995,0.02351753613961073,0.0,0.0,0.0,0.16254282221198083,0.2476023514959822,0.19874812960624694,0.0430035254975577,0.3252066344022751,0.8,0.0,-0.312457375228405,0.16125877760214402,0.12129595577716827,0.012290595389809934,0.0,0.0,0.0
TENX117,858,044x002,716,30275,10,0.1145585186779499,0.11822185899699403,0.15350036323070526,0.008901098583798759,0.0,0.0,0.0,0.1065195094794035,0.0629622494443895,0.15242357850074767,0.011025634289219108,0.0,0.0,0.0,0.6643132835626602,0.12868115195984023,0.26705711185932157,0.0281885415122737,0.517222237586975,1.0,0.5,-0.8831270925700665,0.5247463747084974,0.06447334643453359,0.032039429875379916,0.0,0.0,0.0,0.5943826138973236,0.21279230259397722,0.2512984976172447,0.04320407987195695,0.4827777653932571,1.0,0.5,-0.21208156272768974,0.1800482971571888,0.11124711260199546,0.012543482097073006,0.0,0.0,0.0
TENX117,859,044x003,1447,30275,10,0.0013408519327640534,0.1652424324482152,0.19849244952201844,0.01578220282650118,0.08676060736179352,0.2,0.1,-0.25627291984856126,0.16649876301885058,0.15306197106838226,0.006303646700428072,0.0,0.0,0.0,0.34185921102762223,0.26095770457792555,0.28181037604808806,0.04509243727809237,0.5635484397411347,1.0,0.8,-1.3530830144882202,0.36586760875781776,0.054553971625864506,0.019873650442025853,0.0,0.0,0.0,0.07816242948174476,0.16807442088770888,0.21429515182971953,0.016332286973106194,0.3496909558773041,0.8,0.1,-0.7054371416568757,0.15719661334761179,0.0977860689163208,0.0061272877499412605,0.0,0.0,0.0
TENX117,860,044x004,2177,30275,10,0.30984807685017585,0.13028143742759615,0.21123414784669875,0.015240255765646808,0.40985837280750276,1.0,0.0,0.005020764842629433,0.11094361822856487,0.15547139048576356,0.0065427128147498076,0.0,0.0,0.0,0.6781870692968368,0.20403222410434313,0.3076053082942963,0.04357232665362563,0.5901416122913361,1.0,1.0,-1.3366922348737718,0.5033356254505459,0.04490871615707874,0.02078528164997763,0.0,0.0,0.0,-0.07563218995928764,0.15617771190078167,0.14455629959702493,0.019020412417449173,0.0,0.0,0.0,-0.1283041849732399,0.11331177141249374,0.13622412607073783,0.008780835915710454,0.0,0.0,0.0
TENX117,861,044x005,2908,30275,10,0.2812026560306549,0.045934510975420076,0.22042893022298812,0.018785187030283382,0.44091571867465973,1.0,0.3,-0.009576449170708656,0.054915658470717145,0.164450766146183,0.008692628378548952,0.0,0.0,0.0,0.5225818514823913,0.24451788773486324,0.28419356793165207,0.0508240684580354,0.5590842723846435,1.0,0.7,-1.4253432273864746,0.2957282234423694,0.041888723336160186,0.013857854510538626,0.0,0.0,0.0,0.04965842664241791,0.09255493226299462,0.17543962895870208,0.020550026853554264,0.0,0.0,0.0,-0.3807608872652054,0.06738230922456266,0.11359839513897896,0.00825434898049203,0.0,0.0,0.0
TENX117,862,044x006,3639,30275,10,0.08531640544533729,0.12486054635064,0.20455738306045532,0.012660948012793136,0.41646772623062134,1.0,0.1,-0.19388957358896733,0.18320409500804696,0.15483754724264145,0.011253619503622378,0.0,0.0,0.0,0.42621174082159996,0.1915108558417031,0.29127629697322843,0.047814028495041266,0.5835322678089142,1.0,0.9,-0.6967968933284283,0.4726970531924368,0.10193508416414261,0.03972861603730991,0.0,0.0,0.0,-0.3177651211619377,0.16712700142363526,0.13752424195408822,0.017551456095954272,0.0,0.0,0.0,-0.5378083512187004,0.14083719852435658,0.1098694533109665,0.009322136279731597,0.0,0.0,0.0
TENX117,863,044x007,4370,30275,10,0.0788225568830967,0.12747284165195175,0.20415211021900176,0.015747128348427383,0.33310251235961913,0.8,0.1,-0.17671907544136048,0.11585472615536367,0.1580074355006218,0.01031697360200398,0.0,0.0,0.0,0.40336181223392487,0.19182982948446783,0.28519128262996674,0.045578222217891706,0.5759053975343704,1.0,0.9,-1.0575042530894279,0.6363472732841603,0.08378742896020412,0.06426830980695915,0.09099208414554597,0.2,0.0,-0.17506908103823662,0.24167286821339815,0.16118728816509248,0.031751184413909964,0.0,0.0,0.0,-0.5634102165699005,0.15182869346745137,0.10767446607351303,0.011117864423191254,0.0,0.0,0.0
TENX117,864,044x008,5100,30275,10,0.2576019078493118,0.07832394865452082,0.22875563353300093,0.015309336673888759,0.45032837986946106,1.0,0.3,-0.05814899727702141,0.09344624864616108,0.166604183614254,0.006968264072802995,0.0,0.0,0.0,0.4593398667871952,0.19734708206061116,0.28389633297920225,0.04992584460713128,0.5496716201305389,1.0,0.7,-1.051179226487875,0.5190466867029844,0.07022739704698325,0.03607001144909458,0.0,0.0,0.0,-0.2341023787856102,0.16583872285940382,0.1414007693529129,0.022791459154571477,0.0,0.0,0.0,-0.4838315203785896,0.10997197880830843,0.10911566987633706,0.00905508371236408,0.0,0.0,0.0
TENX117,865,044x009,5831,30275,10,0.2211270347237587,0.10912476443852782,0.22382160127162934,0.017387942171391158,0.45150328874588014,1.0,0.4,-0.12755330950021743,0.07959029757746919,0.1576856032013893,0.008273893830527852,0.0,0.0,0.0,0.41198512688279154,0.20560639018973745,0.2749639004468918,0.0513997746386369,0.5003303855657577,0.9,0.6,-1.1142556846141816,0.6285203365210716,0.06964488010853528,0.04320516905066181,0.0,0.0,0.0,-0.03342499807476997,0.15463929655031405,0.17506379932165145,0.02797287036393606,0.04816633462905884,0.1,0.0,-0.5958976566791534,0.11562189514461864,0.09882023334503173,0.006997259452940272,0.0,0.0,0.0
TENX117,866,044x010,6562,30275,10,0.21855066120624542,0.09648718848238595,0.21877580285072326,0.01634757777335567,0.44254653453826903,1.0,0.3,-0.06261321865022182,0.11484617923944582,0.16490185409784316,0.00803893899742679,0.0,0.0,0.0,0.4490595445036888,0.22849441498787032,0.27966837882995604,0.05133893155392133,0.5086608707904816,0.9,0.7,-0.9826847523450851,0.3392256714610141,0.07016747556626797,0.026069183157823042,0.0,0.0,0.0,-0.029247403144836426,0.18202880618113965,0.1722842887043953,0.0269830708448771,0.048792576789855956,0.1,0.0,-0.6239857077598572,0.1046778344714196,0.09420219361782074,0.006979536379698913,0.0,0.0,0.0
TENX117,867,044x011,7292,30275,10,0.22186915203928947,0.18381701377188797,0.21477251797914504,0.01912417100575031,0.33513789176940917,0.8,0.1,-0.15742498449981213,0.12680732384855706,0.14683892726898193,0.011005425973114356,0.0,0.0,0.0,0.4970632461830974,0.2393080856089361,0.28648092448711393,0.05215684230893955,0.5650542587041855,1.0,0.8,-1.3106970727443694,0.42949825406829695,0.05279574897140264,0.03039703199806989,0.0,0.0,0.0,0.13578443750739097,0.24441810000346215,0.19855027496814728,0.030130198888478225,0.09980785250663757,0.2,0.1,-0.5366138055920601,0.19745741111464274,0.10056162327528,0.008606236787190776,0.0,0.0,0.0
TENX117,868,044x012,8023,30275,10,0.3738167703151703,0.14744170585661992,0.23707434237003328,0.022756633224344007,0.4540148973464966,1.0,0.3,-0.058085323125123975,0.07751280171776115,0.15334902405738832,0.006095480611155525,0.0,0.0,0.0,0.5459903329610825,0.1643555100418521,0.2853714421391487,0.05287198860053083,0.45283861756324767,0.8,0.7,-1.2650693953037262,0.31574862456012065,0.047868300788104536,0.013675842204219581,0.0,0.0,0.0,0.14961106777191163,0.19774570215934364,0.19107497483491898,0.031223553101179656,0.09314649701118469,0.2,0.0,-0.6489643096923828,0.15664375133774847,0.08526194021105767,0.008280150619909506,0.0,0.0,0.0
TENX117,869,044x013,8754,30275,10,0.1679445393383503,0.14435255332242536,0.21188613921403884,0.023299318112090458,0.43502897024154663,1.0,0.4,-0.1643780767917633,0.13230515103152296,0.1512515738606453,0.007881464899310133,0.0,0.0,0.0,0.43051673136651514,0.2950215148237505,0.28032389283180237,0.060303649644277764,0.515714094042778,0.9,0.6,-1.1477700471878052,0.34191134003147305,0.060202633030712605,0.02086730336554779,0.0,0.0,0.0,0.10883982554078102,0.14906290419414317,0.19969063997268677,0.02181342740017138,0.04925694465637207,0.1,0.0,-0.6147729456424713,0.1365032258499849,0.09664513468742371,0.008595862743743734,0.0,0.0,0.0
TENX117,870,044x014,9485,30275,10,0.08622976094484329,0.19656596598943618,0.2139708459377289,0.0146526103879893,0.3547565519809723,0.8,0.2,-0.26308306492865086,0.1812059338469358,0.15107741504907607,0.01283325614823701,0.0,0.0,0.0,0.3050752615556121,0.2853688112464845,0.2692358553409576,0.043394232130858586,0.5014126032590867,0.9,0.6,-1.066999125480652,0.29340464997412885,0.07107924334704877,0.02330559792270625,0.0,0.0,0.0,0.027177789062261582,0.27929529431273264,0.20308607518672944,0.027578435697669098,0.1438308596611023,0.3,0.2,-0.7650927633047104,0.2194654898553106,0.09155058041214943,0.00887079037701691,0.0,0.0,0.0
TENX117,871,044x015,10215,30275,10,0.10531079024076462,0.11654904052123342,0.20448117554187775,0.018987134424970464,0.386570405960083,0.9,0.2,-0.19923412688076497,0.10595502158214117,0.15048447996377945,0.009967133643330399,0.0,0.0,0.0,0.39420051500201225,0.21914579360414255,0.27621499747037886,0.04848194711425607,0.5209898680448533,0.9,0.7,-0.8146999657154084,0.5293129753744419,0.09067162610590458,0.033487482753175646,0.0,0.0,0.0,-0.033772526681423186,0.16130601458745267,0.17895818054676055,0.026210206833403246,0.09243970811367035,0.2,0.1,-0.6180967718362809,0.10121180575024563,0.09918952733278275,0.009246589724469447,0.0,0.0,0.0
TENX117,872,044x016,10946,30275,10,0.16184687614440918,0.09146797407601306,0.1956755980849266,0.015183739986681613,0.22779203951358795,0.6,0.0,-0.04815632775425911,0.11936483297921438,0.15869975686073304,0.013111066380245447,0.0,0.0,0.0,0.5371884599328041,0.18537344572441986,0.28745025843381883,0.0445701779215916,0.587276715040207,1.0,1.0,-1.0101190619170666,0.5243670947537071,0.0722964957356453,0.04986234579072792,0.044677847623825075,0.1,0.0,0.09357770979404449,0.19293822160341792,0.18485313057899475,0.030594512692428712,0.140253421664238,0.3,0.0,-0.500160989165306,0.11576587599806257,0.10102475062012672,0.008994130629237578,0.0,0.0,0.0
TENX117,873,044x017,11677,30275,10,0.07628954499959946,0.2189647040642567,0.19071302562952042,0.020882780994856638,0.3557863414287567,0.9,0.2,-0.061783834174275395,0.22281994398459978,0.16548445373773574,0.010191092936547422,0.0,0.0,0.0,0.48288538083434107,0.32163081389086273,0.2908097475767136,0.05857799219257976,0.5964037239551544,1.0,0.8,-0.85451919734478,0.3367080850112345,0.08447993695735931,0.04575768583917127,0.047809934616088866,0.1,0.0,-0.03846208229660988,0.23321597508548053,0.1705530196428299,0.0225273943519495,0.0,0.0,0.0,-0.5869123041629791,0.2130873267321608,0.09795982986688614,0.00716470036003611,0.0,0.0,0.0
TENX117,874,044x018,12407,30275,10,0.21994439363479615,0.11922757893514359,0.20115081816911698,0.018002117313179942,0.32901617884635925,0.8,0.2,-0.045151475071907046,0.07240190928124961,0.1539336159825325,0.008540331691492865,0.0,0.0,0.0,0.5239636346697807,0.27761859272199463,0.27746052145957945,0.05669612188922291,0.5698120146989822,1.0,0.7,-1.208652675151825,0.3804654119446773,0.05231096688657999,0.02210190407161586,0.0,0.0,0.0,0.16583718433976175,0.1609440031012001,0.19143520295619965,0.025548225231584308,0.1011717975139618,0.2,0.1,-0.26458109319210055,0.12923974358482937,0.12370888143777847,0.0085768865651075,0.0,0.0,0.0
TENX117,875,044x019,13138,30275,10,0.26299152597784997,0.13801006411075187,0.19799748659133912,0.024709644602721948,0.3988812446594238,1.0,0.1,0.05183644443750381,0.17970474090974237,0.15974312126636506,0.014701507924571993,0.0,0.0,0.0,0.6832053914666176,0.2925756751755896,0.30548565089702606,0.06169369677379892,0.6011187613010407,1.0,0.9,-1.0154263079166412,0.2447024217800903,0.05647721514105797,0.013941703996600363,0.0,0.0,0.0,-0.0024422116577625273,0.20182106437027758,0.15289500057697297,0.026279776537832436,0.0,0.0,0.0,-0.1740344670601189,0.15679178989032685,0.12740150466561317,0.010987388588856398,0.0,0.0,0.0
TENX117,876,044x020,13869,30275,10,0.02053082212805748,0.16520494116668008,0.1511940211057663,0.014945723538025642,0.0,0.0,0.0,-0.024999135360121726,0.1208886390732592,0.14382840991020202,0.004580973328677024,0.0,0.0,0.0,0.7540887594223022,0.17143687945689226,0.3170983135700226,0.04875852141917522,0.6068771332502365,1.0,0.9,-1.0519925594329833,0.5430410995511009,0.06035849023610353,0.03381590567923645,0.0,0.0,0.0,0.3041405528783798,0.27910206349001426,0.20529827773571013,0.04718051598939822,0.3931228518486023,1.0,0.1,-0.19323840737342834,0.1998423652691444,0.12222250699996948,0.013526992033629514,0.0,0.0,0.0
TENX117,877,044x021,14600,30275,10,-0.08098688945174218,0.18716425550055374,0.15020960569381714,0.01678774756689778,0.0,0.0,0.0,-0.16292273942381144,0.16491858400461645,0.13762761354446412,0.004894637689544825,0.0,0.0,0.0,0.6132365763187408,0.2046990106732093,0.3021682158112526,0.044597716392846334,0.5844138234853744,1.0,0.7,-0.9675872705876827,0.7369671900422463,0.07921233661472797,0.050252708488008425,0.036828890442848206,0.1,0.0,0.2295333869755268,0.3404708989578695,0.21108580380678177,0.055876362980185175,0.37875729501247407,0.9,0.3,-0.3095104583539069,0.20064891912988422,0.11969641298055649,0.014763466328890015,0.0,0.0,0.0
TENX117,878,044x022,15330,30275,10,0.032474273815751076,0.1951508143953862,0.15371469855308534,0.013649030870791445,0.0,0.0,0.0,-0.013154866546392441,0.14117327051264952,0.14656094014644622,0.008969214848638081,0.0,0.0,0.0,0.7143938422203064,0.13922724959476496,0.30575632154941557,0.041517495918616754,0.59427510201931,1.0,0.8,-1.0448228597640992,0.5465092378348494,0.062364717945456505,0.03603091978217001,0.0,0.0,0.0,0.3201759397983551,0.3235772959255951,0.20999480038881302,0.04917487340994624,0.40572488605976104,1.0,0.2,-0.20289052538573743,0.18979919095704814,0.12160852551460266,0.012051548607178197,0.0,0.0,0.0
TENX117,879,044x023,16061,30275,10,0.005829128623008728,0.16052153328400673,0.1540163055062294,0.015213659100699098,0.0,0.0,0.0,-0.03133816458284855,0.10508934269896147,0.14802779108285904,0.010184266353996182,0.03465341031551361,0.1,0.0,0.590796560049057,0.13925504035380956,0.27928347140550613,0.04790172641155957,0.5650338947772979,1.0,0.6,-0.9225441545248032,0.5114002998199828,0.06903819311410189,0.032148081302139184,0.0,0.0,0.0,0.3176642082631588,0.2719654351342468,0.214981709420681,0.04917457261883468,0.40031267404556276,0.9,0.4,-0.1283508911728859,0.1485509608157222,0.13465254306793212,0.013035699893958341,0.0,0.0,0.0
TENX117,880,044x024,16792,30275,10,0.09424058739095927,0.15648974191256115,0.1600293055176735,0.01472602343676897,0.0,0.0,0.0,0.0472086600959301,0.15226028697536656,0.15266581624746323,0.013610112467728194,0.0,0.0,0.0,0.6149702578783035,0.17829237774029502,0.2715975746512413,0.041992282307939534,0.5416826605796814,1.0,0.6,-1.002895610779524,0.6506615302169361,0.0674223756417632,0.042857479355707204,0.0,0.0,0.0,0.44283531084656713,0.3067223223294995,0.23109544813632965,0.04892229830226881,0.45831734538078306,1.0,0.4,-0.21915226727724074,0.1969469647425541,0.11718947738409043,0.012818821765863016,0.0,0.0,0.0
TENX117,881,044x025,17522,30275,10,-0.0722230926156044,0.23896450399548885,0.15914833098649978,0.010766697381026574,0.0,0.0,0.0,-0.20186120606958866,0.23631761592573242,0.13977950662374497,0.008887055074290705,0.0,0.0,0.0,0.46398126482963564,0.28555555904447183,0.2745040416717529,0.04064250633470573,0.5405159592628479,1.0,0.5,-1.140510129928589,0.5613395940480781,0.06141885668039322,0.029874457396348565,0.0,0.0,0.0,0.29736650437116624,0.2846682114687889,0.23382803052663803,0.04325485385290376,0.4594840407371521,1.0,0.5,-0.26638097539544103,0.21848103945732728,0.13132122233510019,0.01205691983428244,0.0,0.0,0.0
TENX117,882,044x026,18253,30275,10,0.002608276903629303,0.20328544742336008,0.15143804699182511,0.012020170157569416,0.0,0.0,0.0,0.023393708281219006,0.14803330165575998,0.15422285795211793,0.005301752090846742,0.0,0.0,0.0,0.5623074546456337,0.19156098942334662,0.2672081351280212,0.03995473443170866,0.5546773731708526,1.0,0.5,-0.8746826231479645,0.5255581552682308,0.07221960946917534,0.03519078585262193,0.0,0.0,0.0,0.33525625094771383,0.30152736878243236,0.21587814688682555,0.047941862774793724,0.4453226238489151,1.0,0.5,-0.08427922055125237,0.22057689369839906,0.13903321623802184,0.013375006734413277,0.0,0.0,0.0
TENX117,883,044x027,18984,30275,10,-0.01224818304181099,0.15715973807581823,0.15876400619745254,0.015220643980100949,0.0,0.0,0.0,-0.09991433825343847,0.07852880225647944,0.14487962126731874,0.005799584936088433,0.0,0.0,0.0,0.6320327624678612,0.1828714228212302,0.30509285628795624,0.04957989347249246,0.6078614383935929,1.0,0.9,-1.16986163854599,0.4352164683397064,0.05462854877114296,0.022245718830463022,0.0,0.0,0.0,0.18009503707289695,0.23450731180712245,0.19518576860427855,0.037443546275038625,0.3921385556459427,1.0,0.1,-0.12785142147913575,0.15931591457220007,0.1414492130279541,0.013817669098579384,0.0,0.0,0.0
TENX117,884,044x028,19715,30275,10,-0.06035403534770012,0.15597933624294047,0.15275059416890144,0.019661376058096987,0.0,0.0,0.0,-0.1553442571312189,0.08511838098503946,0.13795171678066254,0.007437806962526548,0.05389633774757385,0.2,0.0,0.679599991440773,0.2580551247812968,0.3230904370546341,0.05967641688334604,0.6497812449932099,1.0,1.0,-0.7630587548017502,0.4650375642141161,0.08137977346777917,0.03301631826540732,0.027550172805786134,0.1,0.0,0.015038172900676727,0.23720686766296084,0.1671374574303627,0.03550116993816539,0.2687722384929657,0.7,0.0,-0.160526879504323,0.14557920432469232,0.1376900315284729,0.013297472933908289,0.0,0.0,0.0
TENX117,885,044x029,20445,30275,10,-0.11827764883637429,0.16648033718674946,0.15592391192913055,0.01880200934537735,0.027234426140785216,0.1,0.0,-0.20072456896305085,0.10276555085069529,0.14268766194581986,0.006545985718539371,0.08375721871852874,0.3,0.0,0.5751452952623367,0.18820626919917988,0.3148549973964691,0.057051133168847454,0.6312015414237976,1.0,0.9,-1.2410108506679536,0.6197937296320392,0.06065985420718789,0.03317360924085843,0.0,0.0,0.0,-0.010655436664819717,0.2833085222744706,0.17807147651910782,0.0453497250792848,0.25780682265758514,0.6,0.1,-0.1690065622329712,0.14673201646557169,0.14780209362506866,0.014105643671174659,0.0,0.0,0.0
TENX117,886,045x003,1447,31006,10,0.038714070618152616,0.11426101778390425,0.20151328593492507,0.01894432799322322,0.39611431062221525,1.0,0.0,-0.267289924621582,0.11701305862155661,0.14778676480054856,0.0038901332472087023,0.0,0.0,0.0,0.4676483809947968,0.23988763252396866,0.31282777786254884,0.05417793930886266,0.6038856863975525,1.0,1.0,-1.1639239579439162,0.37502071373649065,0.06521865390241147,0.027478898114021554,0.0,0.0,0.0,-0.10193134397268296,0.14729818315122184,0.17582479417324065,0.023174526203612954,0.0,0.0,0.0,-0.6934680849313736,0.11162124927948176,0.09682870060205459,0.008319689639478631,0.0,0.0,0.0
TENX117,887,045x004,2177,31006,10,0.1978544309735298,0.13925472481041531,0.21718529611825943,0.01577452339979288,0.3872470915317535,0.9,0.2,-0.17304176241159439,0.15127822571423627,0.15026702135801315,0.014879105482560722,0.0,0.0,0.0,0.4619246246293187,0.31765201092643697,0.2863367795944214,0.048477888620370196,0.5182312846183776,0.9,0.8,-1.5011660695075988,0.5390170123521619,0.046260985732078555,0.029705984900575886,0.0,0.0,0.0,0.07247676402330398,0.18602984740613351,0.19240538477897645,0.022912929968184156,0.0945216178894043,0.2,0.0,-0.5064687722362577,0.22205542109207965,0.10754453465342521,0.009861498978115647,0.0,0.0,0.0
TENX117,888,045x005,2908,31006,10,0.15544902607798577,0.17181728198747576,0.21687616854906083,0.018834461022376677,0.42429753243923185,1.0,0.1,-0.1801721926778555,0.16092207719855317,0.15480662137269974,0.010510689101793399,0.0,0.0,0.0,0.46574307829141615,0.31375206108670917,0.2995362147688866,0.05330238855130934,0.5757024735212326,1.0,0.9,-1.2324150562286378,0.22636468254270364,0.057277126051485536,0.01982032160119259,0.0,0.0,0.0,-0.17410358488559724,0.19152101861429086,0.15640471130609512,0.017631653746210462,0.0,0.0,0.0,-0.47750347703695295,0.19608013413039127,0.11509915813803673,0.009285729835297362,0.0,0.0,0.0
TENX117,889,045x006,3639,31006,10,0.23901348561048508,0.13923619529960837,0.20649834871292114,0.020594729872060867,0.3846170723438263,0.9,0.0,-0.02336166948080063,0.1124489614239683,0.1582779675722122,0.009323836304676557,0.0,0.0,0.0,0.5314822256565094,0.22696332026887692,0.2803022891283035,0.053448951692003865,0.5059806197881699,0.9,0.8,-0.7810814559459687,0.6990074114640819,0.0983735827729106,0.08626937020905145,0.10940229296684265,0.2,0.2,-0.03256673738360405,0.25257749532290286,0.16064562797546386,0.03387739051431192,0.0,0.0,0.0,-0.5309239745140075,0.1589470031237235,0.09590218514204026,0.011640449934912877,0.0,0.0,0.0
TENX117,890,045x007,4370,31006,10,0.12463922426104546,0.16218489639001035,0.2020327553153038,0.017487426638164685,0.36659528613090514,0.9,0.1,-0.07203692123293877,0.12868332353660863,0.1655690401792526,0.008586900260286103,0.0,0.0,0.0,0.4808045238256454,0.1926299398922206,0.2910998582839966,0.04594694504690685,0.5862019091844559,1.0,0.9,-1.1410361677408218,0.5276604617280434,0.0674069220200181,0.037988352674040535,0.0,0.0,0.0,-0.03286364749073982,0.2339001918049138,0.17392893582582475,0.02661088477719301,0.04720280468463898,0.1,0.0,-0.5796040087938309,0.185827547735403,0.09996246621012687,0.009399135393384658,0.0,0.0,0.0
TENX117,891,045x008,5100,31006,10,0.1836446166038513,0.11962941178699256,0.1993625432252884,0.017724795488039975,0.28428810834884644,0.7,0.0,-0.043477846682071684,0.14464204544980763,0.1584658592939377,0.00821295871303453,0.0,0.0,0.0,0.55428796261549,0.1916896521661743,0.2913537174463272,0.0457293757223428,0.58273786008358,1.0,0.9,-1.221287727355957,0.5327050720389447,0.0539599159732461,0.023224880145624904,0.0,0.0,0.0,0.1398826941847801,0.1756403099464101,0.19241344481706618,0.030725667551509763,0.13297404944896699,0.3,0.1,-0.46383523792028425,0.12913699616073995,0.10444451719522477,0.010436284135483056,0.0,0.0,0.0
TENX117,892,045x009,5831,31006,10,0.20694156661629676,0.13918308155066253,0.2111309587955475,0.020673682401324223,0.4232898384332657,1.0,0.2,-0.08737059868872166,0.10395207880775675,0.15670332908630372,0.006074181554277536,0.0,0.0,0.0,0.5092217653989792,0.19754069017619863,0.2886296004056931,0.049014189688807074,0.5272275030612945,0.9,0.8,-1.1415865182876588,0.5057874348661873,0.06266372054815292,0.031340804818565805,0.0,0.0,0.0,0.07172829508781434,0.1908156724933491,0.1855532243847847,0.027979307047731918,0.049482664465904234,0.1,0.0,-0.5913471579551697,0.1718047333386913,0.09531916975975037,0.012167045198523373,0.0,0.0,0.0
TENX117,893,045x010,6562,31006,10,0.32647579312324526,0.15701221776001784,0.22059287875890732,0.01778274814962037,0.4002704113721848,0.9,0.4,-0.008399921655654907,0.08042724695381577,0.15805439949035643,0.01561977566231047,0.0,0.0,0.0,0.5207430399954319,0.22256146537064014,0.27174758464097976,0.05038334352753504,0.4541300445795059,0.8,0.6,-1.1254590511322022,0.3542959020571906,0.05358391888439655,0.014708697619327608,0.0,0.0,0.0,0.20913624316453933,0.2145560114732017,0.1972916916012764,0.02643547330994478,0.14559954404830933,0.3,0.0,-0.47944044107571243,0.1858552952326306,0.09872953519225121,0.0104381704286536,0.0,0.0,0.0
TENX117,894,045x011,7292,31006,10,0.18141368702054023,0.16126156256842236,0.2189539074897766,0.019652375099713022,0.43269191682338715,1.0,0.2,-0.0830717772245407,0.2105379237664594,0.16751945167779922,0.006203710415718329,0.0,0.0,0.0,0.4564613295719028,0.2984222933071578,0.2917905330657959,0.05178414022563005,0.5673080772161484,1.0,0.8,-1.0863878399133682,0.6854493352746852,0.07021529264748097,0.035390823181396226,0.0,0.0,0.0,-0.19950480833649636,0.1367581333807153,0.15110500976443292,0.02547021119632926,0.0,0.0,0.0,-0.5976486772298812,0.17210305714256446,0.10041581839323044,0.008458311645716345,0.0,0.0,0.0
TENX117,895,045x012,8023,31006,10,0.1393549457192421,0.12985130387353563,0.2104114904999733,0.019845086778492692,0.4258947104215622,1.0,0.2,-0.17356205359101295,0.12766531306767737,0.15336409360170364,0.007067830950805905,0.0,0.0,0.0,0.43669447526335714,0.20391756745692396,0.28623333275318147,0.048719945531158854,0.5247690230607986,0.9,0.8,-1.0978482007980346,0.4255118441349072,0.06678779199719428,0.0286562957501299,0.0,0.0,0.0,0.03816206306219101,0.16712925331912976,0.19118353724479675,0.026807836594996276,0.04933626353740692,0.1,0.0,-0.6882740199565888,0.11994835689865029,0.09201974719762802,0.0092119296473219,0.0,0.0,0.0
TENX117,896,045x013,8754,31006,10,0.22371544167399407,0.0940491746473239,0.2186170756816864,0.017601317706555927,0.44214828610420226,1.0,0.2,-0.07842804975807667,0.08202813656793984,0.1614439606666565,0.010944862425722575,0.0,0.0,0.0,0.44138663038611414,0.2329399152808243,0.27575321644544604,0.051740159431746285,0.45643530189991,0.8,0.6,-1.3383707702159882,0.2715450161236077,0.04775855801999569,0.015948600467131528,0.0,0.0,0.0,0.0914886400103569,0.1681629701364872,0.19325934946537018,0.030624971817455552,0.10141641497612,0.2,0.2,-0.5267146795988082,0.08316325462733952,0.10316782370209694,0.007688176409018372,0.0,0.0,0.0
TENX117,897,045x014,9485,31006,10,0.18900838643312454,0.12953603995410454,0.19859465807676316,0.013111811797845653,0.03769629001617432,0.1,0.0,-0.0431334387511015,0.12222276384715812,0.15740361362695693,0.009425252387013864,0.0,0.0,0.0,0.492049403488636,0.18850138051677728,0.2713535502552986,0.04044833883951165,0.5408498555421829,1.0,0.6,-1.3032785832881928,0.33878165868280125,0.04634090811014176,0.014110202331463413,0.0,0.0,0.0,0.32380629554390905,0.13530618469086458,0.2286560282111168,0.02963833481681557,0.42145384252071383,0.9,0.4,-0.5230680227279663,0.13554102655054917,0.09765122532844543,0.00924122476342467,0.0,0.0,0.0
TENX117,898,045x015,10215,31006,10,0.22182164415717126,0.10405418972972884,0.2082783505320549,0.020907230607047696,0.31934499740600586,0.8,0.1,-0.09515447504818439,0.11591613462635646,0.15116654187440873,0.00770792854571522,0.0,0.0,0.0,0.574058098345995,0.26524036108948085,0.30006682872772217,0.05411110421404005,0.5416919171810151,0.9,0.9,-1.0229484409093856,0.398527614325678,0.06502596847712994,0.029452916223506445,0.0,0.0,0.0,0.10260343402624131,0.17875617332383686,0.18636938482522963,0.0299084613889394,0.13896310031414033,0.3,0.0,-0.6259212732315064,0.12484790023668468,0.08909291923046112,0.007340573547205725,0.0,0.0,0.0
TENX117,899,045x016,10946,31006,10,0.18827075511217117,0.1792145311479311,0.20157019644975663,0.015573597024640085,0.2810410916805267,0.7,0.0,-0.005347362533211708,0.15139179542115802,0.16611185073852539,0.013001589940006508,0.0,0.0,0.0,0.516576986759901,0.25619455987064793,0.283511283993721,0.049123267484256564,0.5263670265674592,0.9,0.8,-1.2718522787094115,0.2429057206097142,0.04828175082802773,0.012444504437353125,0.0,0.0,0.0,0.1753770098090172,0.2204600917606387,0.20017763525247573,0.026492556335365278,0.19259190261363984,0.4,0.2,-0.5088481895625592,0.19373782518769972,0.10034729912877083,0.007106950836723248,0.0,0.0,0.0
TENX117,900,045x017,11677,31006,10,0.12644935324788092,0.10249055780577378,0.18775413930416107,0.015869939904969876,0.033576345443725585,0.1,0.0,-0.06256734058260918,0.1006755686618341,0.15511880517005922,0.008662365143857124,0.0,0.0,0.0,0.5199989199638366,0.23145127623801387,0.28217368572950363,0.051715497683450073,0.5713763654232025,1.0,0.6,-1.008305808901787,0.29383153890395647,0.06334411054849624,0.020526515349020783,0.0,0.0,0.0,0.21572810783982277,0.18976523674035595,0.20745002776384353,0.0346043155304879,0.39504729211330414,0.9,0.4,-0.4625470131635666,0.11407959060078038,0.10415925905108452,0.008542872840212967,0.0,0.0,0.0
TENX117,901,045x018,12407,31006,10,0.10335859432816505,0.08174943101561259,0.19442888349294662,0.01887954416359383,0.3091872245073318,0.8,0.0,-0.10105963796377182,0.10422111487009122,0.15786199271678925,0.006417368908062209,0.0,0.0,0.0,0.5078589811921119,0.25426809018260105,0.29526176303625107,0.05553837538594552,0.5944113612174988,1.0,1.0,-1.3969265639781951,0.42467375904232835,0.046282492391765115,0.017617968874243193,0.0,0.0,0.0,0.017964981496334076,0.16864619299214828,0.1803864285349846,0.031425355255747606,0.09640142917633057,0.2,0.0,-0.3312636375427246,0.08489980757531156,0.1257784567773342,0.011006140716688479,0.0,0.0,0.0
TENX117,902,045x019,13138,31006,10,0.03901593536138535,0.11022715091004859,0.1748870000243187,0.019397373094577324,0.0,0.0,0.0,-0.15074125826358795,0.08363607980604405,0.14416129589080812,0.01105328564338276,0.0,0.0,0.0,0.5777146086096764,0.23031757637490385,0.30384127497673036,0.059857897763139795,0.596373564004898,1.0,0.9,-1.1384052813053132,0.3599065030990847,0.05623904671519995,0.017141055240357157,0.0,0.0,0.0,0.17295183166861533,0.17162813289307363,0.20222319811582565,0.03749937930694831,0.4036264389753342,1.0,0.1,-0.3480182260274887,0.11661660517965688,0.11864818036556243,0.012275184783744314,0.0,0.0,0.0
TENX117,903,045x020,13869,31006,10,-0.09897449463605881,0.14160468435037846,0.15037750378251075,0.018678719160479692,0.0,0.0,0.0,-0.09804928265511989,0.07242136634829247,0.14951420426368714,0.007462552992923112,0.06144451797008514,0.2,0.0,0.61201793551445,0.16613407308869554,0.3065989002585411,0.04147408740680957,0.6136462688446045,1.0,1.0,-0.7412652373313904,0.591734597464239,0.09180041458457708,0.04841954996216194,0.06643261313438416,0.2,0.0,0.08077619671821594,0.23866774364480584,0.18386764451861382,0.04385644596500112,0.25847658812999724,0.6,0.0,-0.34324365518987177,0.13921078513473006,0.11784134432673454,0.015270413252328396,0.0,0.0,0.0
TENX117,904,045x021,14600,31006,10,-0.11351868845522403,0.12653661909472866,0.1453277975320816,0.014977391341342306,0.0,0.0,0.0,0.003937140852212906,0.08437584698627087,0.16279333531856538,0.007577806624907657,0.10035309791564942,0.3,0.0,0.5691890195012093,0.17532176553778106,0.28886274695396424,0.03766849986948285,0.5834535837173462,1.0,0.9,-0.9817067950963974,0.5707124027305767,0.07160366158932448,0.038660137574719484,0.0,0.0,0.0,0.21229108944535255,0.26213683004616406,0.20537807792425156,0.04539935913062624,0.3161933124065399,0.7,0.1,-0.2586054466664791,0.15318666195319205,0.12603437379002572,0.015821457367344846,0.0,0.0,0.0
TENX117,905,045x022,15330,31006,10,-0.04600709155201912,0.15571895558989235,0.13757953345775603,0.008258796082496276,0.0,0.0,0.0,0.021404643170535566,0.12219016034686483,0.1471903696656227,0.008969812389748652,0.0,0.0,0.0,0.6565469622611999,0.09221355594373204,0.2785056561231613,0.025934500482418826,0.5460524559020996,1.0,0.6,-0.7128758989274502,0.5811831333303715,0.08216285649687052,0.042304101078180834,0.0,0.0,0.0,0.4680757440626621,0.26193353886530846,0.23435840308666228,0.04672958515942869,0.45394755601882936,1.0,0.4,-0.18473624624311924,0.17291477972014177,0.12020317539572715,0.012560978925863215,0.0,0.0,0.0
TENX117,906,045x023,16061,31006,10,-0.059462780505418776,0.12408008409915482,0.15009204745292665,0.013610894310413598,0.0,0.0,0.0,-0.12028233483433723,0.08287163989915759,0.14101289808750153,0.009677317385987514,0.0,0.0,0.0,0.5404441118240356,0.19904086236755938,0.27579443752765653,0.04331675163670267,0.5564507305622101,1.0,0.6,-0.7461002938449383,0.8092412921258728,0.09896825905889273,0.05765970593062483,0.07758581638336182,0.2,0.0,0.2687020361423492,0.29985616125338566,0.21415963172912597,0.05436054038512461,0.3659634470939636,0.8,0.4,-0.2857366347685456,0.16340572430411135,0.11997272223234176,0.013515380497769599,0.0,0.0,0.0
TENX117,907,045x024,16792,31006,10,-0.06036164239048958,0.1349167384721876,0.14769402146339417,0.010759585757096748,0.0,0.0,0.0,-0.08272453211247921,0.07703299095103766,0.14421289712190627,0.006812274885852064,0.0,0.0,0.0,0.5848796874284744,0.13438876133848415,0.28397236466407777,0.04191640553484232,0.5426066935062408,1.0,0.5,-1.2155540049076081,0.5596847262346828,0.05455156452953815,0.028961973072777255,0.0,0.0,0.0,0.40869602039456365,0.260943372044955,0.24085839688777924,0.050839766418942466,0.45739327371120453,1.0,0.5,-0.1995515614748001,0.15093733339838344,0.1287107415497303,0.011838245115071725,0.0,0.0,0.0
TENX117,908,045x025,17522,31006,10,-0.01960075497627258,0.1143701691102662,0.1602528750896454,0.009928226591924345,0.0,0.0,0.0,-0.10286436639726163,0.11107049747420031,0.14740301966667174,0.008331320738400318,0.0,0.0,0.0,0.5201376974582672,0.13949731585447608,0.2761633485555649,0.0309044210066767,0.5544711500406265,1.0,0.6,-1.0610239326953887,0.6500259737446559,0.06944932304322719,0.04026541534110026,0.0,0.0,0.0,0.2960973381996155,0.25822311884271726,0.22429533302783966,0.047047946407003535,0.4455288499593735,1.0,0.4,-0.2919398233294487,0.15826137194757997,0.12243611291050911,0.012331472197206683,0.0,0.0,0.0
TENX117,909,045x026,18253,31006,10,-0.17520619556307793,0.13713530745762992,0.1504122197628021,0.0178296376590827,0.0,0.0,0.0,-0.133390224352479,0.09048100109147758,0.15592810809612273,0.007909116104590198,0.09625090956687928,0.3,0.0,0.48716956824064256,0.17256107037352114,0.29312615692615507,0.043982360402759366,0.59819797873497,1.0,0.8,-0.919076519459486,0.5394382605803131,0.0809411209076643,0.0404015350279275,0.03309248983860016,0.1,0.0,0.03913961425423622,0.23774039623528126,0.1904895558953285,0.045768407172339744,0.27245860993862153,0.6,0.2,-0.32710245847702024,0.11743512396124783,0.1291028454899788,0.014179614757232638,0.0,0.0,0.0
TENX117,910,045x027,18984,31006,10,-0.16318031549453735,0.1976225849460307,0.143794684112072,0.014306489757860632,0.0,0.0,0.0,-0.12840352430939675,0.2138849792246919,0.14868898466229438,0.012538151218319615,0.0,0.0,0.0,0.583080081641674,0.17233580919551286,0.30485484302043914,0.04226233092384657,0.5800144135951996,1.0,0.7,-1.1094734787940979,0.5664387053820684,0.06476002261042595,0.03230131394048922,0.0,0.0,0.0,0.2518281303346157,0.2718330926821041,0.221242493391037,0.04522152808283295,0.41998556852340696,1.0,0.3,-0.37230755761265755,0.19009252709672456,0.11665895953774452,0.011491309320577524,0.0,0.0,0.0
TENX117,911,045x028,19715,31006,10,-0.18046355247497559,0.14524813511431678,0.1462092161178589,0.008604633996121732,0.0,0.0,0.0,-0.15744143277406691,0.12402053731386514,0.14957981556653976,0.008111181908361695,0.0,0.0,0.0,0.41885734498500826,0.13975413528396408,0.26719134896993635,0.02708367762392907,0.533294090628624,1.0,0.5,-0.8772180110216141,0.5855159023292404,0.08450165819376707,0.0400350302979616,0.0,0.0,0.0,0.2827844999730587,0.25282751863077796,0.23701339960098267,0.04909042103605246,0.466705909371376,1.0,0.5,-0.4194283090531826,0.18014415852509946,0.11550454944372177,0.011539238263393078,0.0,0.0,0.0
TENX117,912,045x029,20445,31006,10,-0.13686981834471226,0.15033575594499385,0.14373701214790344,0.014021308795529045,0.0,0.0,0.0,-0.09238891191780567,0.1003960352782463,0.14966290891170503,0.005650691956907831,0.03180094063282013,0.1,0.0,0.5718613743782044,0.17455138642045057,0.29342924505472184,0.04033294886176269,0.5795320183038711,1.0,0.8,-0.947170665115118,0.6869701722137266,0.07911306750029326,0.04717731941460532,0.034982848167419436,0.1,0.0,0.22201559245586394,0.2908430345411728,0.21117462813854218,0.051663501743500526,0.35368418991565703,0.8,0.2,-0.29691567867994306,0.17786043585924471,0.12288313955068589,0.0155789873305238,0.0,0.0,0.0
TENX117,913,046x003,1447,31737,10,0.10359885096549988,0.20674275550111978,0.2056789591908455,0.019712006287196708,0.36498661935329435,0.9,0.0,-0.16643838472664357,0.13077796811956569,0.15672552436590195,0.011857886918179798,0.0,0.0,0.0,0.46635101214051244,0.20793055261844945,0.29751808345317843,0.04393429444600312,0.5882877588272095,1.0,1.0,-1.2033092498779296,0.3499831062932106,0.06161173358559609,0.027870226783724743,0.0,0.0,0.0,0.013388297706842422,0.2628784909784563,0.1891401305794716,0.027918623140204112,0.04672560691833496,0.1,0.0,-0.7299128293991088,0.1915091551064668,0.0893255777657032,0.008086162159590111,0.0,0.0,0.0
TENX117,914,046x004,2177,31737,10,0.3363717943429947,0.10655159649235352,0.23413664996623992,0.02327758864772716,0.4550731658935547,1.0,0.3,-0.07166578248143196,0.07327519106990002,0.15527324080467225,0.010310185610953822,0.0,0.0,0.0,0.5196292653679848,0.22926861439684676,0.28523297011852267,0.05404527189111588,0.5449268192052841,1.0,0.7,-1.4837623953819274,0.2643767452335515,0.03955284412950277,0.01144835408420539,0.0,0.0,0.0,0.010799857974052429,0.1570480680170571,0.17002850621938706,0.024323867827007985,0.0,0.0,0.0,-0.36649267226457594,0.09273156431648129,0.11577578336000442,0.009562418363053991,0.0,0.0,0.0
TENX117,915,046x005,2908,31737,10,0.23590303882956504,0.12822528616497614,0.21321795582771302,0.019973233838298084,0.4220528870820999,1.0,0.2,-0.10432223416864872,0.11886105927383543,0.1512541577219963,0.00705254632426326,0.0,0.0,0.0,0.5544489910826087,0.25786699758866305,0.29578488022089006,0.04650637821485805,0.5779471009969711,1.0,0.8,-1.1132745563983917,0.2819409194268289,0.05921951550990343,0.022979600130613235,0.0,0.0,0.0,-0.015941133350133897,0.19971409751372599,0.16654208898544312,0.022651928146490606,0.0,0.0,0.0,-0.38887198716402055,0.14392162767160327,0.11398140788078308,0.008480643752530685,0.0,0.0,0.0
TENX117,916,046x006,3639,31737,10,0.328105092048645,0.1471849438126755,0.23298340886831284,0.023121377521668818,0.45690957903862,1.0,0.3,-0.0723630964756012,0.11989616209124582,0.15568147897720336,0.009976353121549411,0.0,0.0,0.0,0.503445853292942,0.24765234577078896,0.28092819899320604,0.05017663601844782,0.5430904060602189,1.0,0.7,-1.359820556640625,0.5736510098025336,0.05107851438224316,0.027633595471189796,0.0,0.0,0.0,-0.05586571991443634,0.21067580734487984,0.1599736087024212,0.025719990351875516,0.0,0.0,0.0,-0.3401599809527397,0.13219802438191564,0.11935479789972306,0.011016300157729756,0.0,0.0,0.0
TENX117,917,046x007,4370,31737,10,0.18283159658312798,0.12296895010399977,0.19362732619047165,0.019264276642604817,0.3860830724239349,1.0,0.0,-0.04050461295992136,0.1493527066135145,0.15431683212518693,0.008154565746743702,0.0,0.0,0.0,0.6558445870876313,0.2550783958150176,0.31464934200048444,0.05799912160259407,0.613916939496994,1.0,1.0,-1.3113562345504761,0.21334266045994024,0.04421164616942406,0.0093071276396372,0.0,0.0,0.0,0.047905678302049635,0.17203360451913885,0.17017136961221696,0.024851093632317498,0.0,0.0,0.0,-0.2697483320720494,0.14388578324646348,0.12302348464727401,0.011134939097657368,0.0,0.0,0.0
TENX117,918,046x008,5100,31737,10,0.19641352593898773,0.13932006446568287,0.2156711682677269,0.017637687220969894,0.4249899238348007,1.0,0.0,-0.1562187574803829,0.17218910010180347,0.1513609915971756,0.009444466052149565,0.0,0.0,0.0,0.5035890072584153,0.3045902285976859,0.29653134047985075,0.050347797158569664,0.5750100672245025,1.0,1.0,-1.8122647404670715,0.2665038391218309,0.031266110669821504,0.012788649823798428,0.0,0.0,0.0,0.022176086902618408,0.16299303305269855,0.18168195486068725,0.02024964000544176,0.0,0.0,0.0,-0.3601926416158676,0.1592210630422743,0.12348843291401863,0.008599617339028493,0.0,0.0,0.0
TENX117,919,046x009,5831,31737,10,0.282321971654892,0.09053226931477384,0.20425658524036408,0.018330684073093434,0.3192072004079819,0.8,0.1,0.01817214787006378,0.10026574734659291,0.1564475938677788,0.00832108603932187,0.0,0.0,0.0,0.6702725559473037,0.1910709811120761,0.3037277579307556,0.047736728604944684,0.5916699320077896,1.0,0.9,-1.275881725549698,0.32979075338688013,0.04586762636899948,0.01836922484139459,0.0,0.0,0.0,0.20095293521881102,0.15625365658589668,0.18960696905851365,0.02779844137549057,0.08912286162376404,0.2,0.0,-0.43019513189792635,0.09708739072334331,0.10009348392486572,0.00791018116872589,0.0,0.0,0.0
TENX117,920,046x010,6562,31737,10,0.20152075663208963,0.08027837394386499,0.19555976390838622,0.013395032099728366,0.1844286471605301,0.5,0.0,-0.04941245056688785,0.0882203068814127,0.15195245146751404,0.006707178201351798,0.0,0.0,0.0,0.599650676548481,0.2214732824656161,0.2947918906807899,0.049875421105993356,0.5869198948144912,1.0,0.9,-1.0765340894460678,0.32041086438164795,0.058095696941018106,0.02379923142562512,0.0,0.0,0.0,0.2090960994362831,0.1413120758558792,0.1986136332154274,0.028889354001528582,0.2286514461040497,0.5,0.1,-0.4605440810322762,0.12477792795176919,0.10098655819892884,0.008668466956893925,0.0,0.0,0.0
TENX117,921,046x011,7292,31737,10,0.3151507616043091,0.14726301863516253,0.2171519488096237,0.02101429364989285,0.43418368995189666,1.0,0.2,-0.003767676278948784,0.15605514422109948,0.15753056555986406,0.011146412612662422,0.0,0.0,0.0,0.5665468484163284,0.21978751563467694,0.28311177641153334,0.05353443583326811,0.41923937797546384,0.7,0.7,-1.4085929572582245,0.259643350197317,0.04027049168944359,0.01129358375011469,0.0,0.0,0.0,0.20101585388183593,0.19323004076894287,0.19543648809194564,0.03192902689441485,0.14657691419124602,0.3,0.1,-0.396961610019207,0.12668359726222794,0.10649872720241546,0.009849555530126682,0.0,0.0,0.0
TENX117,922,046x012,8023,31737,10,0.17093596905469893,0.11221460335991114,0.19686146825551987,0.015987035204391428,0.36824538707733157,0.9,0.0,-0.008844830468297005,0.06592306018778855,0.16416819244623185,0.008612953778773446,0.0,0.0,0.0,0.5369191691279411,0.18957027835848286,0.28725872486829757,0.048660316509566794,0.5887195885181427,1.0,1.0,-0.9385896354913712,0.3352838140838658,0.06973029151558877,0.030535992205258204,0.0,0.0,0.0,0.07710925191640854,0.14623817333122044,0.17999038249254226,0.02202513633735835,0.04303502440452576,0.1,0.0,-0.4872751772403717,0.12400261409402566,0.1019909366965294,0.009068756029424958,0.0,0.0,0.0
TENX117,923,046x013,8754,31737,10,0.22146690934896468,0.14345043910569938,0.2100257471203804,0.015832703258774103,0.4403885692358017,1.0,0.3,-0.04466332085430622,0.13861962923058732,0.16078370064496994,0.009541609590774321,0.0,0.0,0.0,0.45307775046676396,0.21536749678804445,0.2681776151061058,0.04669019018576277,0.5109201043844223,0.9,0.7,-0.8853093534708023,0.27835887750330524,0.07112978585064411,0.015950189182658007,0.0,0.0,0.0,0.10486357361078262,0.16208853331353745,0.1878011092543602,0.023066803947565263,0.048691296577453615,0.1,0.0,-0.5001865819096565,0.1512687371458039,0.10208203792572021,0.007947301846141737,0.0,0.0,0.0
TENX117,924,046x014,9485,31737,10,0.07299877181649209,0.12205716781683175,0.19269585758447647,0.013337869709185839,0.12119381427764893,0.3,0.0,-0.09490129239857197,0.1658819021717812,0.1630665436387062,0.012779923475901272,0.0,0.0,0.0,0.4458622446283698,0.2188575413017493,0.28230697810649874,0.04172338241446232,0.5678162544965744,1.0,0.8,-1.411341655254364,0.6514126436005709,0.056845531333237886,0.04228834620310722,0.0,0.0,0.0,0.15422302410006522,0.22101711611460545,0.21062400192022324,0.030016462506960023,0.310989910364151,0.7,0.2,-0.6398593693971634,0.1463915437210491,0.09446107149124146,0.006458697126530719,0.0,0.0,0.0
TENX117,925,046x015,10215,31737,10,0.12433783486485481,0.11066298956720887,0.17676454782485962,0.018393351878488364,0.0,0.0,0.0,-0.058453680761158464,0.12142131475494446,0.14656604826450348,0.005991341052800348,0.0,0.0,0.0,0.6289013102650642,0.25651096564401416,0.2971427097916603,0.05873572965650294,0.5451381653547287,1.0,0.6,-1.4151568591594696,0.33007461636541996,0.03930244594812393,0.01184483444976905,0.0,0.0,0.0,0.4426174104213715,0.13824810283063377,0.24445790350437163,0.03669911844626485,0.45486182272434234,1.0,0.4,-0.4875232636928558,0.0948470552668381,0.09576634243130684,0.008992460750456567,0.0,0.0,0.0
TENX117,926,046x016,10946,31737,10,0.2142515540122986,0.07385266916718673,0.19768408983945845,0.0196899644983152,0.40354030430316923,1.0,0.0,-0.011273714527487756,0.06629355665561099,0.15748350769281388,0.012864229617988247,0.0,0.0,0.0,0.613483390212059,0.2539517801139215,0.29896774142980576,0.058278657836233205,0.5964597046375275,1.0,1.0,-1.2747702479362488,0.20854000934972378,0.04541108496487141,0.009226031616008882,0.0,0.0,0.0,0.051500517129898074,0.11113184677612171,0.16892653703689575,0.024430876839133364,0.0,0.0,0.0,-0.1913321390748024,0.07909061480608678,0.13152705281972885,0.01036830690629028,0.0,0.0,0.0
TENX117,927,046x017,11677,31737,10,0.11715906113386154,0.1419295361021795,0.18458782881498337,0.020030618080351833,0.34014253616333007,0.9,0.0,-0.09097969494760036,0.08376046251769928,0.14937596172094345,0.010438887083272728,0.0,0.0,0.0,0.5911056473851204,0.26385304008769883,0.3004155561327934,0.05821270581550592,0.611798632144928,1.0,1.0,-0.6626586854457855,0.3919200418250065,0.09343783035874367,0.040150651122047507,0.0,0.0,0.0,-0.002748136967420578,0.24347100362984514,0.1659127488732338,0.03304554528518152,0.04805884063243866,0.1,0.0,-0.4326106920838356,0.14824455807372494,0.10627007260918617,0.008931651762860999,0.0,0.0,0.0
TENX117,928,046x018,12407,31737,10,0.16552061960101128,0.1463062556456425,0.176193468272686,0.016643097007770356,0.0,0.0,0.0,-0.09458891414105892,0.13198064204210075,0.13537756204605103,0.006040389104846717,0.0,0.0,0.0,0.6417817294597625,0.21760502324950393,0.28661066144704817,0.048628951965429795,0.5650942921638489,1.0,0.6,-0.7947532624006272,0.4684900396429666,0.07496537361294031,0.03132683378136466,0.0,0.0,0.0,0.3710915222764015,0.25126935207463574,0.22010891288518905,0.0454970235266215,0.4349056988954544,1.0,0.4,-0.33701189355924727,0.1411378698588077,0.1067439965903759,0.01166537044406938,0.0,0.0,0.0
TENX117,929,046x019,13138,31737,10,0.061451834812760356,0.16403339337444586,0.15713048130273818,0.013750905347673686,0.0,0.0,0.0,-0.06442435812205076,0.05983743797096753,0.13830465599894523,0.008820833902549924,0.0,0.0,0.0,0.6863811820745468,0.1727499858555039,0.2959681019186974,0.04569868912803395,0.5564228028059006,1.0,0.6,-1.1947690688073636,0.6676506445968468,0.055739621818065646,0.037357968101918514,0.0,0.0,0.0,0.4526487745344639,0.26735698061775987,0.2371201068162918,0.05135584156639082,0.4435772091150284,1.0,0.4,-0.24606610089540482,0.1834740413462539,0.11573704034090042,0.012432023609660735,0.0,0.0,0.0
TENX117,930,046x020,13869,31737,10,0.02258635312318802,0.09900891499814427,0.17713762074708939,0.019279892507901845,0.12102815508842468,0.4,0.0,-0.19584898501634598,0.04768889304049821,0.14185334295034407,0.00958873027223958,0.0,0.0,0.0,0.5788596391677856,0.22088914066398915,0.3129075035452843,0.05987187059302531,0.6150277525186538,1.0,0.9,-1.257927256822586,0.37509795157445597,0.05201654732227325,0.018592261189392577,0.0,0.0,0.0,0.0592351108789444,0.20633014835910626,0.18691156059503555,0.03988417267880534,0.26394411027431486,0.6,0.1,-0.29074757024645803,0.094677680296931,0.1291734278202057,0.010896937882073921,0.0,0.0,0.0
TENX117,931,046x021,14600,31737,10,-0.10766074173152447,0.22173120109357705,0.14264478608965875,0.014335898431268992,0.0,0.0,0.0,-0.1271465953439474,0.15431823019118293,0.13925022184848784,0.004284127346387586,0.05647922158241272,0.2,0.0,0.6822959840297699,0.18917855280538615,0.315384840965271,0.04077591648294285,0.6306238830089569,1.0,1.0,-0.9212998382747173,0.5622106276410279,0.07589093651622533,0.04545727463597243,0.0358347624540329,0.1,0.0,0.06927455365657806,0.34281064295330427,0.1750400707125664,0.04386644485711766,0.24724648594856263,0.6,0.0,-0.04752612113952637,0.23666062565558563,0.15178912431001662,0.017938651850968768,0.029815667867660524,0.1,0.0
TENX117,932,046x022,15330,31737,10,0.08350373543798924,0.15105404170706638,0.15972146540880203,0.01323412282976866,0.0,0.0,0.0,-0.030997280776500703,0.14472860461088977,0.14242809191346167,0.011747957692956983,0.0,0.0,0.0,0.671631035208702,0.12184733437307874,0.2896389067173004,0.041061266922308784,0.5584885060787201,1.0,0.7,-0.9418696969747543,0.6328007906417458,0.0692591080442071,0.03932982919414103,0.0,0.0,0.0,0.42933635637164114,0.2902011494527653,0.23168021440505981,0.05634808967836146,0.44151149690151215,1.0,0.3,-0.31536015421152114,0.15947244636065577,0.10727223008871078,0.00979976242506797,0.0,0.0,0.0
TENX117,933,046x023,16061,31737,10,-0.015416744351387023,0.13977690904962622,0.16302483081817626,0.015989991846062656,0.0,0.0,0.0,-0.1902704942971468,0.1522813495684572,0.13646111637353897,0.0080888283185039,0.0,0.0,0.0,0.567071633785963,0.24660473090720872,0.29509695470333097,0.05124688811313754,0.5899990260601043,1.0,0.7,-1.050169163942337,0.5345373478269584,0.06650951486080885,0.0318782115300114,0.0,0.0,0.0,0.18918654322624207,0.25588782394975207,0.2042588159441948,0.0457366235960763,0.41000098586082456,1.0,0.3,-0.20661579445004463,0.16336265634134076,0.13464877158403396,0.013202805691929177,0.0,0.0,0.0
TENX117,934,046x024,16792,31737,10,0.03631264716386795,0.1053839326038323,0.16161404997110368,0.011347687248524705,0.0,0.0,0.0,-0.02123516406863928,0.08957187924090891,0.1523819863796234,0.007370179362946789,0.0,0.0,0.0,0.48871061503887175,0.14927077003977804,0.2566143125295639,0.04004290682294568,0.5172785341739654,1.0,0.5,-0.9888014853000641,0.38425569645106344,0.06266532279551029,0.023912259121551826,0.0,0.0,0.0,0.41762020662426946,0.21624396691662767,0.24023524671792984,0.04466676097207357,0.4827214598655701,1.0,0.5,-0.2103169582784176,0.11777172185942399,0.12648908123373986,0.011513173508247014,0.0,0.0,0.0
TENX117,935,046x025,17522,31737,10,-0.12282110303640366,0.13383325681922442,0.15597063601016997,0.018488177551618863,0.0,0.0,0.0,-0.17140002213418484,0.12178504084374553,0.14781554341316222,0.009150275920990792,0.060327017307281496,0.2,0.0,0.5016479536890983,0.19698730341913614,0.2928911432623863,0.045850267759523486,0.6081741660833359,1.0,0.8,-0.8683848462998867,0.5120648184975983,0.08166023790836334,0.03646772941398827,0.031105035543441774,0.1,0.0,0.01610063910484314,0.22622006931123692,0.18295249789953233,0.042886135233756985,0.3003937840461731,0.7,0.2,-0.2385321244597435,0.13012672363398758,0.13870995193719865,0.014411740171247769,0.0,0.0,0.0
TENX117,936,046x026,18253,31737,10,-0.04763867296278477,0.10744626382308607,0.15058771818876265,0.008277791214621267,0.0,0.0,0.0,-0.05757974106818438,0.07091485213187287,0.14910921156406404,0.008273327496293401,0.0,0.0,0.0,0.5387268632650375,0.12891324927150102,0.2725784555077553,0.035190008435057055,0.5307121962308884,1.0,0.5,-1.4066868633031846,0.7181120641209403,0.05104678431525826,0.035902881229649644,0.0,0.0,0.0,0.412500811368227,0.2808343894268882,0.24350074976682662,0.050442908254484116,0.46928779482841493,1.0,0.5,-0.17300499314442278,0.154285054864315,0.1331770710647106,0.011892012562530712,0.0,0.0,0.0
TENX117,937,046x027,18984,31737,10,-0.02849097438156605,0.09690988050966959,0.15500287115573883,0.0117291212980723,0.0,0.0,0.0,-0.0948303148150444,0.05467427375936149,0.14467355459928513,0.0029927407942507934,0.0,0.0,0.0,0.5739617496728897,0.13075807456257157,0.28470676094293595,0.035894931095053546,0.5774268239736557,1.0,0.8,-0.9256068371236325,0.6542620828729976,0.07723052445799113,0.045948173862922354,0.03447398841381073,0.1,0.0,0.24804950058460234,0.24048167704562637,0.20900482684373856,0.046333429982815776,0.3880991905927658,0.9,0.2,-0.2132634290494025,0.14025271261115185,0.1293814681470394,0.015254871374261274,0.0,0.0,0.0
TENX117,938,046x028,19715,31737,10,-0.049053673073649405,0.10838041058222199,0.1458680398762226,0.010330703928261534,0.0,0.0,0.0,-0.026437862403690816,0.07553413859004694,0.14907909482717513,0.00887233441815738,0.0,0.0,0.0,0.5765348136425018,0.09294317894263289,0.27430790215730666,0.03532442215674549,0.5407256990671158,1.0,0.6,-1.0235881447792052,0.7782340978070951,0.07310895463451743,0.05028143248347984,0.038117891550064086,0.1,0.0,0.38500577211380005,0.28960562215172503,0.23184898644685745,0.05779445963445364,0.42115642726421354,0.9,0.4,-0.20117370188236236,0.15211945895312973,0.12578702345490456,0.014556895418711534,0.0,0.0,0.0
TENX117,939,046x029,20445,31737,10,-0.03699660152196884,0.22358615360341288,0.154901422560215,0.014885062123881724,0.0,0.0,0.0,-0.04595271497964859,0.1572691370382063,0.1528563991189003,0.00397826763890465,0.03225124478340149,0.1,0.0,0.5453113183379174,0.17286262599840366,0.278729048371315,0.038484573816042235,0.5699755132198334,1.0,0.6,-0.9683576755225658,0.6427794774221387,0.07445764932781458,0.042830001153329945,0.0,0.0,0.0,0.25172502398490904,0.3106996357681455,0.2113278701901436,0.048336987484269095,0.3977732390165329,0.9,0.4,-0.2333484970033169,0.22620447110388398,0.12772761061787605,0.016420889564890625,0.0,0.0,0.0
TENX117,940,047x003,1447,32467,10,0.19191814064979554,0.15957755730700313,0.21523504555225373,0.018399132830971724,0.43079962730407717,1.0,0.1,-0.17426825873553753,0.1517153899102487,0.1490217223763466,0.009832450278935586,0.0,0.0,0.0,0.46149235144257544,0.20479546742107763,0.2849013954401016,0.04771429670574736,0.46968809366226194,0.8,0.8,-1.1675098836421967,0.126462400915998,0.056028549745678904,0.010710217401729349,0.0,0.0,0.0,0.13223333284258842,0.18914179768552244,0.2034326523542404,0.024126207436601654,0.09951229095458984,0.2,0.1,-0.6654066473245621,0.16896688966278942,0.09138061702251435,0.008481991008200665,0.0,0.0,0.0
TENX117,941,047x004,2177,32467,10,0.3319221526384354,0.09767778252308844,0.2356864258646965,0.018293806493158007,0.4568059742450714,1.0,0.4,-0.08695030584931374,0.11049731335499009,0.15474710166454314,0.0075797448177549265,0.0,0.0,0.0,0.5079735703766346,0.2263831048592172,0.28502735793590545,0.05197282334216533,0.5431940257549286,1.0,0.6,-1.1256808310747146,0.36965704651662556,0.05968687571585178,0.025730924095681635,0.0,0.0,0.0,-0.06796195730566978,0.1417511510977975,0.15877340883016586,0.01998944476383211,0.0,0.0,0.0,-0.4649008125066757,0.09353275062947415,0.106078839302063,0.0058953117019333034,0.0,0.0,0.0
TENX117,942,047x005,2908,32467,10,0.2768948882818222,0.14703844707464986,0.22240366637706757,0.022823757986790615,0.43361633718013765,1.0,0.1,-0.04994596503674984,0.09460478727659101,0.1602015256881714,0.013834381486419479,0.0,0.0,0.0,0.5470419809222221,0.1993391636524801,0.29372968673706057,0.046758428024030706,0.5220149040222168,0.9,0.9,-1.1834921024739742,0.5953223760919184,0.06404931303113699,0.04761177505529583,0.0,0.0,0.0,-0.051840133219957354,0.24157563497563111,0.16241330280900002,0.03234661315306499,0.04436875581741333,0.1,0.0,-0.5491799592971802,0.14246406341351137,0.09720249697566033,0.008315308543430981,0.0,0.0,0.0
TENX117,943,047x006,3639,32467,10,0.2872564733028412,0.15962999110838272,0.20955614000558853,0.0163893986784859,0.4146979540586472,1.0,0.0,-0.0314757127314806,0.09255434403556238,0.1521448537707329,0.008564940616063218,0.0,0.0,0.0,0.6369652926921845,0.2719500484423895,0.30101675242185594,0.05201161467840402,0.5853020489215851,1.0,1.0,-1.0600837230682374,0.28304052049295414,0.059303410723805426,0.02546494064775276,0.0,0.0,0.0,-0.02343083396553993,0.2582814127536201,0.15514870434999467,0.025692804514412294,0.0,0.0,0.0,-0.24557920247316362,0.16528730974381747,0.12283014804124832,0.007068894140661288,0.0,0.0,0.0
TENX117,944,047x007,4370,32467,10,0.3347354233264923,0.1429204533452058,0.21397125273942946,0.02191107353097383,0.34072778224945066,0.8,0.2,0.021000593900680542,0.06647707775903705,0.1563366413116455,0.015490066720762268,0.0,0.0,0.0,0.5627167761325836,0.2997513886492722,0.2735961526632309,0.056626316170045696,0.5130967944860458,0.9,0.7,-1.295852828025818,0.37415440577546716,0.043900837562978266,0.013926196895267626,0.0,0.0,0.0,0.24265118315815926,0.1913424955448094,0.19629966616630554,0.029379402686130856,0.14617539048194886,0.3,0.1,-0.2761925049126148,0.14500559369705798,0.11589546352624894,0.00874692318852133,0.0,0.0,0.0
TENX117,945,047x008,5100,32467,10,0.23732093274593352,0.15949503542622726,0.19530639797449112,0.01374486414342258,0.15899520516395568,0.4,0.1,-0.033979860693216325,0.14678664366568867,0.14876797497272493,0.008183439637907438,0.0,0.0,0.0,0.5817244661971926,0.292288043241174,0.2797973871231079,0.05077601725021394,0.5666808545589447,1.0,0.6,-1.3800941430032254,0.5876462421726282,0.052429101709276435,0.04974593705430926,0.0,0.0,0.0,0.25571190789341924,0.29722815449151335,0.20208027511835097,0.03806366952601808,0.27432392835617064,0.6,0.3,-0.23608690425753592,0.18595184936899609,0.1216188684105873,0.008006918564865472,0.0,0.0,0.0
TENX117,946,047x009,5831,32467,10,0.10016153454780578,0.13678236537232177,0.19327190965414048,0.014103855175991317,0.35262005031108856,0.9,0.0,-0.08398643508553505,0.14669037428659593,0.16067778766155244,0.01038423575304656,0.0,0.0,0.0,0.5261947304010391,0.25465065336550097,0.29936091005802157,0.049567418946645625,0.601362532377243,1.0,1.0,-1.1172318577766418,0.2585884221105769,0.06057557687163353,0.021241116512187668,0.0,0.0,0.0,0.01845391243696213,0.15541594617686247,0.1789107456803322,0.02169524988462365,0.046017414331436156,0.1,0.0,-0.48900277614593507,0.13374341604246795,0.10720306485891343,0.007580937400587867,0.0,0.0,0.0
TENX117,947,047x010,6562,32467,10,0.20138413831591606,0.1982789701338902,0.2035236343741417,0.019325946077997896,0.3683567762374878,0.9,0.0,-0.048670032620429994,0.14851551324993462,0.1579512357711792,0.007167404105151079,0.0,0.0,0.0,0.5569663591682911,0.2688491670751386,0.29409455209970475,0.05377247352895667,0.5354039609432221,0.9,0.9,-1.2753588676452636,0.5195083361868575,0.050920918211340906,0.020496095250243478,0.0,0.0,0.0,0.14558954834938048,0.21227716266914634,0.19333601593971253,0.02603727484578876,0.09623924791812896,0.2,0.1,-0.5085259601473808,0.21567617438636036,0.10017364472150803,0.010744156239649619,0.0,0.0,0.0
TENX117,948,047x011,7292,32467,10,0.2337052896618843,0.13792993631249512,0.200485460460186,0.01191775284625821,0.19920281767845155,0.5,0.0,-0.0017957568168640136,0.17554148432645977,0.15849407464265824,0.010396410849961249,0.0,0.0,0.0,0.5480028033256531,0.2062880132259064,0.27751259356737135,0.043478520915104485,0.5189358234405518,0.9,0.9,-0.8833406358957291,0.26686694542787376,0.06847225986421109,0.021495755400542618,0.0,0.0,0.0,0.24776920825242996,0.17304175310229625,0.20412874072790146,0.021664822180082286,0.2818613648414612,0.6,0.1,-0.5568584710359573,0.11951202302783157,0.0909068912267685,0.004736456014013223,0.0,0.0,0.0
TENX117,949,047x012,8023,32467,10,0.16003467813134192,0.12086515568685428,0.1961357846856117,0.015878234360284453,0.16854853332042694,0.4,0.0,-0.07347623370587826,0.13400808225026364,0.15543216168880464,0.013727934934104135,0.0,0.0,0.0,0.5140560001134873,0.18142775417333412,0.2819580525159836,0.04274832639792534,0.5256168246269226,0.9,0.9,-1.0435481309890746,0.31115432052802,0.06185112129896879,0.018813824418755346,0.0,0.0,0.0,0.21138879880309105,0.1886113944642587,0.207625350356102,0.027445385523662814,0.30583464205265043,0.7,0.1,-0.5441705077886582,0.1104174516672931,0.09699751958250999,0.0076890010668836505,0.0,0.0,0.0
TENX117,950,047x013,8754,32467,10,0.07813731878995896,0.14508282538846679,0.19211290180683135,0.011210419114226065,0.19106992185115815,0.5,0.0,-0.025879481062293052,0.13560321580895932,0.17289600819349288,0.004301233365505394,0.0,0.0,0.0,0.4386505611240864,0.19652663268880965,0.2777073532342911,0.037856592700703524,0.5742424339056015,1.0,0.9,-1.2510760605335236,0.4200677393845953,0.05887891426682472,0.03368804682122077,0.0,0.0,0.0,0.1071196287870407,0.24857489165474894,0.19975101500749587,0.03029080249612603,0.2346876561641693,0.5,0.1,-0.5895434439182281,0.17435538727860356,0.09865380227565765,0.007406746647871449,0.0,0.0,0.0
TENX117,951,047x014,9485,32467,10,0.05378293842077255,0.19898749095521975,0.18030109703540803,0.016325345868683082,0.0,0.0,0.0,-0.09655103459954262,0.18347986394068921,0.15482978224754335,0.009847570089861781,0.0,0.0,0.0,0.5136902578175068,0.24728609652023056,0.28816247880458834,0.04571600200678705,0.5559774726629257,1.0,0.8,-1.2057201862335205,0.1615369651417158,0.05222817212343216,0.011308683524708563,0.0,0.0,0.0,0.2851995386183262,0.22832102603301874,0.22794654667377473,0.027514215773392303,0.444022536277771,1.0,0.2,-0.5713195875287056,0.1889445584115636,0.0965319313108921,0.00908452983754314,0.0,0.0,0.0
TENX117,952,047x015,10215,32467,10,0.10770613104104995,0.16564585316455868,0.18069006651639938,0.0193675328992205,0.30375022888183595,0.8,0.0,-0.03248235397040844,0.09510993208046446,0.15662131011486052,0.012257811218740637,0.0,0.0,0.0,0.6205629900097847,0.2646270311160073,0.304977086186409,0.05473177522719109,0.621360594034195,1.0,1.0,-0.8415494613349438,0.38054929194877796,0.0769234474748373,0.03998671852757586,0.031456473469734195,0.1,0.0,-0.06720791161060333,0.2750088740210042,0.1542503871023655,0.03232520133000048,0.043432694673538205,0.1,0.0,-0.24656765535473824,0.16068501566933166,0.1265377052128315,0.010881816476282362,0.0,0.0,0.0
TENX117,953,047x016,10946,32467,10,-0.028197505325078965,0.14702004162229576,0.16241962015628814,0.02110020857865847,0.07754334211349487,0.2,0.0,-0.0886443205177784,0.11456189669003393,0.15181479156017302,0.007105798011451302,0.08319937586784362,0.3,0.0,0.5941301077604294,0.21406486899399874,0.3062298446893692,0.06017924049240859,0.6312424004077911,1.0,1.0,-0.7321124248206615,0.4766163253987508,0.0893888607621193,0.04708849755667413,0.08205630779266357,0.2,0.0,-0.08894994184374809,0.20325589142375186,0.15491267740726472,0.032261851208150706,0.12595857083797454,0.3,0.0,-0.21010659756138922,0.15377836720737859,0.13523420542478562,0.015998674739557964,0.0,0.0,0.0
TENX117,954,047x017,11677,32467,10,0.055271444469690324,0.12727442849485923,0.16917842626571655,0.01923301946730863,0.17838437259197235,0.5,0.0,-0.07583368793129922,0.04476465132442652,0.1476140484213829,0.007114031297110448,0.0,0.0,0.0,0.6477329105138778,0.2013372069780048,0.3084736347198486,0.052397552165326954,0.6273182451725006,1.0,1.0,-0.5818172186613083,0.32899685957135677,0.09455092661082745,0.03664545097752493,0.038260257244110106,0.1,0.0,0.03512687757611275,0.2115910385125613,0.16799425929784775,0.03284075321808311,0.1560371309518814,0.4,0.0,-0.35403498262166977,0.11701294402860357,0.11218870133161545,0.011051443755480868,0.0,0.0,0.0
TENX117,955,047x018,12407,32467,10,-0.0020915277302265166,0.1751229809547214,0.15093969255685807,0.015008915961222941,0.0,0.0,0.0,-0.05562111772596836,0.12809957072055475,0.14248243123292922,0.005676142183114728,0.0,0.0,0.0,0.653181278705597,0.19399718116301923,0.29121586978435515,0.033782657095903786,0.6060270667076111,1.0,1.0,-0.379212761670351,0.4567097901512674,0.1146373338997364,0.04698115514153519,0.10033640861511231,0.3,0.0,0.16800362840294839,0.3069804670264929,0.1833314135670662,0.04425451558139384,0.2936365336179733,0.7,0.0,-0.2552267014980316,0.20269370032619966,0.11739325746893883,0.013723022847738187,0.0,0.0,0.0
TENX117,956,047x019,13138,32467,10,0.0682663731276989,0.16371802520464254,0.1707859992980957,0.020975133504479826,0.042871317267417906,0.1,0.0,-0.12472348250448703,0.1202355948737061,0.1398772269487381,0.005282554445052568,0.0,0.0,0.0,0.5326422087848186,0.24777815775398226,0.2752427592873573,0.05463511689993314,0.5097265094518661,0.9,0.5,-0.724220234155655,0.29771275976414746,0.08039472736418248,0.022957783169936994,0.0,0.0,0.0,0.31477784290909766,0.19473007422200816,0.2207302138209343,0.04123477846570939,0.447402161359787,1.0,0.5,-0.34056096225976945,0.13045898199325204,0.11296907365322113,0.008688027025904804,0.0,0.0,0.0
TENX117,957,047x020,13869,32467,10,-0.10602336525917053,0.1263004032522141,0.1524667888879776,0.013014824634252567,0.0,0.0,0.0,-0.11204119082540273,0.12685652237150738,0.15150597244501113,0.012306569118666047,0.034658771753311154,0.1,0.0,0.4857903435826302,0.15620073934956588,0.27774509191513064,0.04151575150269867,0.5656898289918899,1.0,0.6,-1.2529517322778703,0.6745005117391342,0.05987517889589071,0.03604668038302917,0.0,0.0,0.0,0.209866975992918,0.26898700441766316,0.21455485969781876,0.05109728580088907,0.39965139925479887,0.9,0.4,-0.1669917158782482,0.1431910976615857,0.1438521295785904,0.01660056535146434,0.0,0.0,0.0
TENX117,958,047x021,14600,32467,10,-0.18975990191102027,0.20825931290905766,0.14174590036273002,0.013742209566141089,0.0,0.0,0.0,-0.12499618157744408,0.15738511872449365,0.1510414555668831,0.011972417073106468,0.033452534675598146,0.1,0.0,0.4953819580376148,0.20383330249795686,0.2825470924377441,0.03826316229973497,0.5821723818778992,1.0,0.8,-1.049157065153122,0.6118906701893463,0.07293942850083113,0.043096810759620206,0.03388663828372955,0.1,0.0,0.14139388427138327,0.29747983441636505,0.2016580656170845,0.04554266756940689,0.3504884451627731,0.8,0.2,-0.13702822849154472,0.23787674194508177,0.15006805285811425,0.020513353511207953,0.0,0.0,0.0
TENX117,959,047x022,15330,32467,10,0.003215093910694122,0.11479768674583157,0.16298868060111998,0.013194042502174704,0.0,0.0,0.0,-0.1351731548085809,0.16851982864024112,0.14208848029375076,0.013539595757833171,0.0,0.0,0.0,0.5508164756000042,0.22755626516579827,0.2845573976635933,0.045323799369952844,0.5670822978019714,1.0,0.6,-0.7233721375465393,0.3879264241519075,0.08241050988435746,0.02245592792668547,0.0,0.0,0.0,0.2726007953286171,0.19545450346866508,0.21684834510087966,0.04254045779797141,0.4329176753759384,1.0,0.4,-0.3797738328576088,0.12822808449805453,0.11110659465193748,0.00869564205123054,0.0,0.0,0.0
TENX117,960,047x023,16061,32467,10,0.11188199650496244,0.1578916788673399,0.15610416680574418,0.010587386641383395,0.0,0.0,0.0,0.06470333971083164,0.12952200892025842,0.14875880479812623,0.007412654484509589,0.0,0.0,0.0,0.6515442967414856,0.16772071312291725,0.27000636905431746,0.03871078281098999,0.5253904402256012,1.0,0.5,-1.1225947082042693,0.5107806734107064,0.05336088333278895,0.031316234243396315,0.0,0.0,0.0,0.5471081227064133,0.27020058872694924,0.2453840672969818,0.04759341316141015,0.4746095597743988,1.0,0.5,-0.10138973370194435,0.170064204375426,0.1263857051730156,0.011837538836429849,0.0,0.0,0.0
TENX117,961,047x024,16792,32467,10,-0.03656575158238411,0.12876226703460092,0.16556205749511718,0.018210522224974296,0.0,0.0,0.0,-0.15886501409113407,0.0797200209137751,0.14568141400814055,0.004351697052474389,0.0,0.0,0.0,0.5269460499286651,0.19996737859747743,0.2944821909070015,0.055914190667341705,0.5909965425729752,1.0,0.6,-1.331832629442215,0.46664562092215167,0.04996155630797148,0.02075186376457582,0.0,0.0,0.0,0.14374760538339615,0.23611913370526863,0.20174223631620408,0.04326106728522431,0.4090034574270248,1.0,0.4,-0.18446167334914207,0.1272039482456739,0.14257053881883622,0.013517633373070053,0.0,0.0,0.0
TENX117,962,047x025,17522,32467,10,-0.07669626772403718,0.17975102764539272,0.1403987556695938,0.010684695510934416,0.0,0.0,0.0,-0.023996599949896336,0.10172399097498275,0.14767269641160966,0.005599782351362661,0.0,0.0,0.0,0.6313636988401413,0.160522797648409,0.2861327901482582,0.03333994541196847,0.5741200596094131,1.0,0.7,-0.8716049365699291,0.564869802923081,0.07511483393609523,0.04142375441419627,0.0,0.0,0.0,0.32461648508906366,0.2871045571718356,0.21417092382907868,0.04633763355978173,0.4258799433708191,1.0,0.3,-0.10809483900666236,0.21941442865319546,0.13651000261306762,0.0152485551239849,0.0,0.0,0.0
TENX117,963,047x026,18253,32467,10,-0.037653733417391776,0.1377238422031724,0.15294961780309677,0.012618132609686472,0.0,0.0,0.0,-0.07032794021070003,0.08659204784249723,0.14768289476633073,0.006860072659504299,0.0,0.0,0.0,0.5651818037033081,0.11720788082458071,0.280731612443924,0.035143033384828735,0.5618136376142502,1.0,0.7,-0.9766322337090969,0.6555915252318663,0.07426933906972408,0.046287027074709775,0.03283314406871796,0.1,0.0,0.306140860915184,0.29411553606875124,0.22183433175086975,0.05515250915933037,0.4053532212972641,0.9,0.3,-0.26217321008443834,0.14814152702502298,0.12253221124410629,0.013627857384631643,0.0,0.0,0.0
TENX117,964,047x027,18984,32467,10,-0.27549727372825145,0.23514156191828922,0.1352090172469616,0.01504707153091502,0.0,0.0,0.0,-0.145159612596035,0.18469325909368398,0.15316639393568038,0.0052131894696920665,0.0,0.0,0.0,0.46653458159416916,0.2551940184444488,0.28522398620843886,0.040325439120449426,0.5609168171882629,1.0,0.7,-1.1413067907094956,0.8832224467171089,0.08073742873966694,0.05901680761894201,0.041892600059509275,0.1,0.0,0.16584716737270355,0.36222336480776,0.21609357446432115,0.05559924230717471,0.3971905827522278,0.9,0.3,-0.3194086723029613,0.24649941855106305,0.12956959307193755,0.015563865028832575,0.0,0.0,0.0
TENX117,965,047x028,19715,32467,10,-0.1181012824177742,0.18371867093367264,0.14068203419446945,0.014722423214942486,0.0,0.0,0.0,-0.06170881390571594,0.13465661313826202,0.14815110564231873,0.006006337187951355,0.0,0.0,0.0,0.567429393529892,0.15023041052982603,0.2796642541885376,0.03259362972468499,0.5734971731901168,1.0,0.8,-0.9357613943517208,0.8365020662693079,0.08398644113913178,0.059646462016782996,0.07718433141708374,0.2,0.0,0.201840291172266,0.32630354957902785,0.19943087100982665,0.051512138298417574,0.3493184924125671,0.8,0.2,-0.0705401323735714,0.1892074424120645,0.14808530658483504,0.02000723116714726,0.0,0.0,0.0
TENX117,966,047x029,20445,32467,10,0.07751607447862625,0.16464323956889942,0.15844794511795043,0.014647938447965504,0.0,0.0,0.0,0.002759367972612381,0.13762477179034843,0.14680899381637574,0.01055932664102651,0.0,0.0,0.0,0.6497071087360382,0.16915768915204088,0.2822069600224495,0.03791159267914472,0.5604346007108688,1.0,0.7,-0.8407144695520401,0.5655415852929973,0.0742113582789898,0.03946050465022386,0.0,0.0,0.0,0.3999325521290302,0.26853540312071805,0.22321102917194366,0.04926622913623778,0.4395654022693634,1.0,0.3,-0.2441770050674677,0.19166473887555294,0.11511370837688446,0.013018555461671591,0.0,0.0,0.0
TENX117,967,048x003,1447,33198,10,0.11992606222629547,0.08873831078810356,0.19360664635896682,0.012224859065923877,0.0,0.0,0.0,-0.15105077102780343,0.1144221327125946,0.1476273462176323,0.008861145970962481,0.0,0.0,0.0,0.5003723323345184,0.15293346612401107,0.2846293270587921,0.03308454801377835,0.5499637305736542,1.0,0.8,-1.2894812285900117,0.4617182506279076,0.051962137781083585,0.02220049216794432,0.0,0.0,0.0,0.29788028076291084,0.12276311158131144,0.23202089369297027,0.02343561815512616,0.4500362664461136,1.0,0.2,-0.6465438485145569,0.12290279915667907,0.09015365093946456,0.008319275524778933,0.0,0.0,0.0
TENX117,968,048x004,2177,33198,10,0.19085658714175224,0.056148738314409724,0.21265867799520494,0.013558721830108828,0.38041346371173856,0.9,0.0,-0.11146368160843849,0.055007744601421535,0.1570741727948189,0.008130251446324616,0.0,0.0,0.0,0.4915110245347023,0.20149612222970487,0.29143635779619215,0.05213040373674617,0.5733858823776246,1.0,1.0,-1.1135857306420802,0.5043723542712152,0.06556624136865138,0.0374897087085181,0.0,0.0,0.0,-0.05081766396760941,0.12277310031400189,0.1682795137166977,0.024088151307462793,0.046200650930404666,0.1,0.0,-0.5158112615346908,0.06804274684055797,0.10498502179980278,0.007914734116447768,0.0,0.0,0.0
TENX117,969,048x005,2908,33198,10,0.2983785837888718,0.17491766286138868,0.21803249567747116,0.0143007560973004,0.4374101758003235,1.0,0.2,-0.015091640315949917,0.15491943499621721,0.15920839756727218,0.007559172203935951,0.0,0.0,0.0,0.5525035232305526,0.22851301450061304,0.2839117169380188,0.0433786835425488,0.5625898241996765,1.0,0.8,-1.269138005375862,0.7011191073634003,0.06110800476744771,0.0443236624986167,0.0,0.0,0.0,0.012865856289863586,0.29250910673335323,0.16608993709087372,0.03009026414190854,0.0,0.0,0.0,-0.37318770959973335,0.21978322887097906,0.11164945587515832,0.010484663120251607,0.0,0.0,0.0
TENX117,970,048x006,3639,33198,10,0.23034469932317733,0.15621072623534848,0.1965960144996643,0.01861139440880382,0.31308108270168306,0.8,0.0,-0.0758119747042656,0.12600182007303154,0.1444036677479744,0.009127086174955145,0.0,0.0,0.0,0.6224617682397365,0.2825082947258657,0.29523611515760423,0.05613740183846164,0.5863779515028,1.0,0.9,-1.1594455152750016,0.6461952897041966,0.06890925895422698,0.0704662991311179,0.055821335315704344,0.1,0.1,0.04107877537608147,0.25552818684080186,0.16458258628845215,0.02898297847623821,0.04471963346004486,0.1,0.0,-0.18276341259479523,0.1983459057575729,0.1302723616361618,0.014202442505189565,0.0,0.0,0.0
TENX117,971,048x007,4370,33198,10,0.20605466589331628,0.10058713878734057,0.1904121682047844,0.016560622187715385,0.11782985925674438,0.3,0.0,0.009014597535133362,0.08870846001216356,0.15599680840969085,0.008557861208589064,0.0,0.0,0.0,0.6186540007591248,0.2044648444752455,0.2913678377866745,0.05237627404137499,0.5818811625242233,1.0,0.9,-1.256241911649704,0.38796321386487603,0.047209220752120015,0.01688575837288807,0.0,0.0,0.0,0.2759776473045349,0.14136079390092737,0.20583371818065643,0.03242412340413149,0.30028899013996124,0.7,0.1,-0.3494434908032417,0.10410239687812735,0.1091802291572094,0.008716284560667696,0.0,0.0,0.0
TENX117,972,048x008,5100,33198,10,0.24197312891483308,0.11325125730479015,0.19594846218824385,0.014213665153326633,0.0885149747133255,0.2,0.0,-0.023267753422260284,0.11053951514925271,0.15029553025960923,0.010523898785489112,0.0,0.0,0.0,0.524563829600811,0.18992157696474624,0.2631765753030777,0.044934822401594944,0.4359009087085724,0.8,0.5,-1.2116889834403992,0.38119793520775747,0.04835528954863548,0.016495872401969435,0.0,0.0,0.0,0.43665885329246523,0.14617110143674558,0.23994290232658386,0.03458981227892641,0.4755841225385666,1.0,0.5,-0.4084709629416466,0.09032445791182167,0.10228124931454659,0.007799228017972565,0.0,0.0,0.0
TENX117,973,048x009,5831,33198,10,0.15847184732556344,0.06184156440965599,0.19223136007785796,0.017173641388090886,0.13494098484516143,0.4,0.0,-0.07253877632319927,0.1141568454243014,0.1524316266179085,0.011445539172269412,0.0,0.0,0.0,0.581579151749611,0.20476936968145143,0.2963435426354408,0.048297658180474136,0.5931169211864471,1.0,0.9,-1.1998784422874451,0.21011407468594773,0.05016939751803875,0.010216919701727497,0.0,0.0,0.0,0.17128700017929077,0.13233357831542308,0.19611551016569137,0.029169938909934304,0.2719421058893204,0.6,0.1,-0.3753404080867767,0.06843058866977302,0.11270857155323029,0.00996848618142835,0.0,0.0,0.0
TENX117,974,048x010,6562,33198,10,0.05679094344377518,0.12346757830149728,0.17564823627471923,0.015263543525736419,0.07381826937198639,0.2,0.0,-0.06051599495112896,0.1137165695851954,0.15576037764549255,0.006537473878190558,0.0,0.0,0.0,0.5817108064889908,0.2650252564591062,0.3005490407347679,0.05305192836521891,0.6072765111923217,1.0,1.0,-1.03143253326416,0.368121700145029,0.06566403210163116,0.03157424608554002,0.0,0.0,0.0,0.12039983943104744,0.19549277258893039,0.18902045041322707,0.03080628303319286,0.31890522241592406,0.8,0.0,-0.38012415915727615,0.1380948863519313,0.11335786208510398,0.008429763313635446,0.0,0.0,0.0
TENX117,975,048x011,7292,33198,10,0.17471250966191293,0.14268502817562734,0.19912431091070176,0.013281960793118225,0.2732843279838562,0.7,0.1,-0.049991782009601596,0.15757560924581496,0.1587964192032814,0.005482785000333632,0.0,0.0,0.0,0.5522854788228869,0.28035838260891655,0.2950414389371872,0.05422272584336087,0.5907122284173966,1.0,0.9,-1.1063602715730667,0.4596677090213054,0.06682694964110851,0.0457407985862581,0.0,0.0,0.0,0.043996992707252505,0.24809489252332223,0.17635802775621415,0.027420411680948123,0.13600344955921173,0.3,0.0,-0.4782197386026382,0.19445563992295328,0.10385285913944245,0.009777057729544555,0.0,0.0,0.0
TENX117,976,048x012,8023,33198,10,0.3220467448234558,0.11453829453789242,0.22471696585416795,0.01734662149204777,0.4416209369897842,1.0,0.3,-0.026224841363728046,0.07855432697015641,0.1587746784090996,0.014138484685600259,0.0,0.0,0.0,0.56085155159235,0.24547091572183793,0.29007080346345904,0.05621006448152801,0.558379065990448,1.0,0.7,-1.2875969290733338,0.4935716404799594,0.05119962468743324,0.02508750333379368,0.0,0.0,0.0,0.06004953011870384,0.20249773060970463,0.17411159574985505,0.024528921523800543,0.0,0.0,0.0,-0.47619240283966063,0.14436111568087168,0.10112634003162384,0.007562718706996336,0.0,0.0,0.0
TENX117,977,048x013,8754,33198,10,0.2893675059080124,0.12622349518742965,0.1960964098572731,0.01855037228880984,0.30914898216724396,0.8,0.0,0.024648192152380944,0.09701309781640334,0.15003545582294464,0.00821064374447623,0.0,0.0,0.0,0.7008230924606323,0.19568462517939678,0.29865353256464006,0.0491178789243735,0.598333740234375,1.0,1.0,-1.1089605048298836,0.6580407004978169,0.05702084023505449,0.03407603296689623,0.0,0.0,0.0,0.14542872905731202,0.2202832354168101,0.17307085171341896,0.03709508079464015,0.09251728951931,0.2,0.0,-0.15936900079250335,0.11672882893873951,0.1251228965818882,0.011000260432212675,0.0,0.0,0.0
TENX117,978,048x014,9485,33198,10,0.12148905098438263,0.15875972778719663,0.1716411978006363,0.018093669116792877,0.22938691079616547,0.7,0.0,-0.027622703835368155,0.11181771940581578,0.14728191643953323,0.008388395020738133,0.0,0.0,0.0,0.725141316652298,0.24879104132564464,0.3175282716751099,0.05826402069961991,0.6396366715431213,1.0,1.0,-0.900124442577362,0.4022487181936383,0.06781675424426795,0.030953768734298167,0.0,0.0,0.0,0.04914894998073578,0.22717045830971966,0.16200728788971902,0.032271753924847574,0.13097640573978425,0.3,0.0,-0.12859430573880673,0.18892180388823787,0.13372457027435303,0.01478856436396364,0.0,0.0,0.0
TENX117,979,048x015,10215,33198,10,0.14393699318170547,0.1205904045421853,0.16535273492336272,0.017259020246083584,0.0,0.0,0.0,0.04076276123523712,0.07343892140897608,0.14870346933603287,0.010162397847652806,0.030264374613761903,0.1,0.0,0.7640185117721557,0.20242807248673408,0.3106961756944656,0.0551386963807696,0.6025173127651214,1.0,0.9,-0.9395001620054245,0.38473308556643365,0.060103355720639226,0.025243901567180167,0.0,0.0,0.0,0.33594207242131235,0.17953112807834584,0.20240265727043152,0.035827918897778026,0.3672183185815811,0.9,0.1,-0.23671656101942062,0.09534885080148646,0.11274161264300346,0.008823944064380076,0.0,0.0,0.0
TENX117,980,048x016,10946,33198,10,0.07724002376198769,0.20231441843066686,0.17541417330503464,0.01812872494784258,0.09865819811820983,0.3,0.0,-0.061376873031258584,0.21238910297234637,0.15231060832738877,0.010851766321767917,0.0,0.0,0.0,0.584867575019598,0.29676714954096084,0.29483487010002135,0.05328704318293638,0.5961871325969696,1.0,0.8,-0.9212336570024491,0.5307413232682396,0.07842803234234452,0.04599923773086558,0.0,0.0,0.0,0.15892973318696021,0.3245131385520661,0.19365257322788237,0.04159354729168389,0.3051546633243561,0.7,0.2,-0.4327887803316116,0.2426574968240527,0.10535973086953163,0.01112408898874417,0.0,0.0,0.0
TENX117,981,048x017,11677,33198,10,0.11445279717445374,0.1688401794684546,0.17660607099533082,0.016079322762973497,0.1664693683385849,0.5,0.0,-0.04964166171848774,0.10814322787382477,0.14945880323648453,0.007620268811175196,0.0,0.0,0.0,0.605354554951191,0.21476120551994765,0.2900529935956001,0.038817735786842666,0.5965955138206482,1.0,1.0,-0.9085986316204071,0.5921889800489861,0.07552825454622507,0.03883739935974925,0.0,0.0,0.0,0.15164100155234336,0.30291596456059566,0.18758483082056046,0.043436671475393804,0.2369351089000702,0.5,0.0,-0.2673658847808838,0.1991791058825195,0.12076904177665711,0.013156182725567688,0.0,0.0,0.0
TENX117,982,048x018,12407,33198,10,0.3024969346821308,0.1527898446104412,0.17539302706718446,0.015309566927017602,0.03376247882843018,0.1,0.0,0.10983081199228764,0.06538390424150956,0.14422095268964769,0.005497662978936038,0.0,0.0,0.0,0.7984230428934097,0.14476748474726223,0.2911447748541832,0.04833725809563512,0.5761580616235733,1.0,0.8,-0.8624298475682736,0.5754493991071933,0.06370266899466515,0.032229831825223244,0.0,0.0,0.0,0.47439172938466073,0.27665704240739614,0.21234114170074464,0.04509736710444553,0.3900794595479965,0.9,0.2,-0.13564307168126105,0.160659842606059,0.11319742798805237,0.010051102941847087,0.0,0.0,0.0
TENX117,983,048x019,13138,33198,10,0.16540448889136314,0.12783038189010448,0.16871874332427977,0.013931858058415491,0.0,0.0,0.0,-0.016001107543706893,0.09772882365243538,0.1406319595873356,0.010119087738627491,0.0,0.0,0.0,0.7322828292846679,0.10841036022916944,0.29873305559158325,0.03702462464853993,0.59957554936409,1.0,1.0,-0.5739040188491344,0.4104291980299592,0.08638127371668816,0.02898511522404685,0.0,0.0,0.0,0.31956425309181213,0.22762617848382857,0.19981998801231385,0.03875497205400855,0.400424462556839,1.0,0.0,-0.30336339101195336,0.1469089619976797,0.10571497604250908,0.010221510395879705,0.0,0.0,0.0
TENX117,984,048x020,13869,33198,10,-0.13531219139695166,0.2189348934623223,0.14187209829688072,0.01347713692349923,0.0,0.0,0.0,-0.1325334396213293,0.1586360883588176,0.14180464595556258,0.007174729125616894,0.0,0.0,0.0,0.6005536280572414,0.2197689724838215,0.2971291095018387,0.037221649346284615,0.5899079710245132,1.0,0.8,-0.9284840390086174,0.6743567745713704,0.08069463483989239,0.04959288457064896,0.03453395664691925,0.1,0.0,0.20649125501513482,0.33834577427334805,0.20528669506311417,0.05148326065365714,0.375558078289032,0.9,0.2,-0.20252499356865883,0.251565755667821,0.1332128070294857,0.017805855715280896,0.0,0.0,0.0
TENX117,985,048x021,14600,33198,10,0.13387783393263816,0.1915998084523757,0.17315334379673003,0.013071979531154495,0.03519959151744843,0.1,0.0,-0.005321856588125229,0.15622488047302702,0.1502801865339279,0.00403105347230735,0.0,0.0,0.0,0.5810695081949234,0.21727738377558095,0.27394030094146726,0.046048388667207334,0.5610051274299621,1.0,0.6,-1.2435966789722444,0.5088597946098983,0.051095725037157536,0.02726799984201799,0.0,0.0,0.0,0.3219335176050663,0.323794921986647,0.21334439963102342,0.04591915228820152,0.40379529595375063,0.9,0.4,-0.09282093876972794,0.2108867992841874,0.13818605840206147,0.012307713044702046,0.0,0.0,0.0
TENX117,986,048x022,15330,33198,10,-0.18813516125082969,0.09416884198899572,0.1520070195198059,0.012326672735155563,0.0,0.0,0.0,-0.19336403124034404,0.08177458732405533,0.15089023113250732,0.0070053799724197835,0.06588833034038544,0.2,0.0,0.39025669991970063,0.17253888503632053,0.27267550081014635,0.03698037735027711,0.5824971497058868,1.0,0.8,-0.8087518118321896,0.5399460251677941,0.09255244769155979,0.044515275136192946,0.038094693422317506,0.1,0.0,0.02107109725475311,0.20229108262975565,0.19092649966478348,0.03987660078951857,0.3135198146104813,0.7,0.2,-0.2653307088650763,0.11577414533856577,0.14094831347465514,0.013923144048651222,0.0,0.0,0.0
TENX117,987,048x023,16061,33198,10,0.02420736774802208,0.18951752047037754,0.1690281495451927,0.019827898954522003,0.10416313707828521,0.3,0.0,-0.12050472162663936,0.1649631608480383,0.14540648758411406,0.006587417617151037,0.029284876585006715,0.1,0.0,0.6503985717892646,0.23195189865192498,0.3184893235564232,0.052896281914010614,0.6387114286422729,1.0,1.0,-1.251161414384842,0.32355644528467115,0.04903076477348804,0.013136058080211253,0.0,0.0,0.0,0.024526096135377883,0.209447301931158,0.1702547162771225,0.027967898604070746,0.22784055173397064,0.6,0.0,-0.10694779623299837,0.16140005316294234,0.14779056310653688,0.012728263863917759,0.0,0.0,0.0
TENX117,988,048x024,16792,33198,10,-0.07565759569406509,0.12253734981819155,0.15690429508686066,0.013200938056106072,0.0,0.0,0.0,-0.16842942237854003,0.07442971045157329,0.1425582215189934,0.004098135075634124,0.0,0.0,0.0,0.47741801738739015,0.16732274466974567,0.2752597615122795,0.04323191235461145,0.5337125897407532,1.0,0.5,-1.12417973279953,0.4239275420436619,0.06027985531836748,0.02658670868947132,0.0,0.0,0.0,0.3385227009654045,0.2183208043093588,0.24096974730491638,0.045835948928384614,0.4662873953580856,1.0,0.5,-0.3107460424304008,0.13365576764557038,0.12402812391519547,0.010334902620753261,0.0,0.0,0.0
TENX117,989,048x025,17522,33198,10,-0.017930934205651283,0.14693515680798486,0.14716067165136337,0.012186236557092943,0.0,0.0,0.0,-0.03451816756278277,0.08409689322113877,0.14434012919664382,0.005070324638196447,0.0,0.0,0.0,0.6249000757932663,0.10461637143533334,0.28026740103960035,0.027247946223999182,0.5732441574335099,1.0,0.8,-0.6549661085009575,0.500630081340962,0.08825409784913063,0.042614489192920386,0.0,0.0,0.0,0.3232920207083225,0.23897684405932873,0.2109199807047844,0.044081204337328685,0.42675585150718687,1.0,0.2,-0.15200701728463173,0.16212603013253168,0.12905774265527725,0.014309623029101371,0.0,0.0,0.0
TENX117,990,048x026,18253,33198,10,-0.020080472342669964,0.1675165945325872,0.14570518881082534,0.009006495990333322,0.0,0.0,0.0,0.00425681360065937,0.10758798116834219,0.1494378186762333,0.010813551487085965,0.0,0.0,0.0,0.6106657087802887,0.1486562968386828,0.2749817296862602,0.030987904483189912,0.5479917496442794,1.0,0.5,-1.0917036168277263,0.7482634013169394,0.06726254485547542,0.04782727856690401,0.0,0.0,0.0,0.41318594962358474,0.3405935632433542,0.23069257140159607,0.05422984989819803,0.45200826823711393,1.0,0.5,-0.12286990284919738,0.2185913080796654,0.13192015513777733,0.013484449320358843,0.0,0.0,0.0
TENX117,991,048x027,18984,33198,10,0.00571412704885006,0.15751618052965646,0.15802594572305678,0.011043189972016669,0.0,0.0,0.0,-0.07017628960311413,0.05542803752582571,0.1469301998615265,0.015214062106983424,0.0,0.0,0.0,0.46974676102399826,0.19156228388511415,0.25304852426052094,0.033782598824966675,0.5278215557336807,1.0,0.6,-0.7782271586358547,0.5601494435594458,0.08340635206550359,0.040940485060932515,0.0,0.0,0.0,0.3556116446852684,0.27835384774692573,0.22931486517190933,0.051532957046352065,0.47217845618724824,1.0,0.4,-0.1974067182280123,0.1825955384305826,0.12927412763237953,0.012573112548633065,0.0,0.0,0.0
TENX117,992,048x028,19715,33198,10,0.09785217382013797,0.17176655030815535,0.1468486174941063,0.008541160241442011,0.0,0.0,0.0,0.0678752452135086,0.1048432602510097,0.14261263161897658,0.00992414495704671,0.0,0.0,0.0,0.7700880587100982,0.16345596361622453,0.29048180729150774,0.04425992332539719,0.5498955756425857,1.0,0.5,-1.3084368467330934,0.6987627485987723,0.04719368191435933,0.031199261214381574,0.0,0.0,0.0,0.5632374703884124,0.3281883070444225,0.23924482613801956,0.0523901526020791,0.45010442435741427,1.0,0.5,0.0006612569093704223,0.22276501576682664,0.13361846357584,0.012669848752787595,0.0,0.0,0.0
TENX117,993,048x029,20445,33198,10,-0.08147549983114004,0.13885369545199883,0.14516972973942757,0.014848442967205298,0.0,0.0,0.0,-0.025133663415908815,0.0876179951928097,0.15301255732774735,0.008777349182910274,0.03207857012748718,0.1,0.0,0.5690493583679199,0.11710165688438627,0.2791604414582253,0.03619567332741082,0.5832189351320267,1.0,0.8,-0.8271313451230526,0.6059510103522201,0.08274771552532911,0.04709892946717928,0.03483075499534607,0.1,0.0,0.1977645955979824,0.2884022323002758,0.19718751162290574,0.04961422154423125,0.3498717486858368,0.8,0.2,-0.09954308718442917,0.14782131917650151,0.1427220530807972,0.01603476973424707,0.0,0.0,0.0
TENX117,994,049x003,1447,33929,10,-0.2395709253847599,0.07598456739200446,0.14420365840196608,0.007820013709237881,0.0,0.0,0.0,-0.21899606771767138,0.13031517369278603,0.1472897469997406,0.00934189990384673,0.0,0.0,0.0,0.4258569538593292,0.13485375937341126,0.28124974966049193,0.025144801999691893,0.516335180401802,1.0,0.6,-1.0100921869277955,0.35776545806717286,0.07104637585580349,0.028136932954289477,0.0,0.0,0.0,0.3599621206521988,0.13814166654500729,0.26429232507944106,0.032452073508748625,0.48366481363773345,1.0,0.4,-0.691900634765625,0.06699958873858805,0.09191813096404075,0.007828710627659859,0.0,0.0,0.0
TENX117,995,049x004,2177,33929,10,0.04156373739242554,0.2435746864813185,0.20651955753564835,0.019922001926841276,0.2666646271944046,0.6,0.2,-0.21944520734250544,0.1868404511536218,0.1585446134209633,0.00757314863966112,0.0,0.0,0.0,0.3061630614101887,0.3063117602422937,0.2715980976819992,0.04471884677166558,0.45547972321510316,0.8,0.7,-1.3218521237373353,0.38726192668908205,0.06161023508757353,0.035336300610022485,0.0,0.0,0.0,0.05176367312669754,0.2928550810374163,0.20953493267297746,0.027917457869436064,0.2778556376695633,0.6,0.1,-0.7648210793733596,0.26761300330630033,0.09219256415963173,0.008791558702681595,0.0,0.0,0.0
TENX117,996,049x005,2908,33929,10,0.22633742392063141,0.19686140550234665,0.19952098429203033,0.012765737467926364,0.3696101039648056,0.9,0.0,0.0015060380101203918,0.16079892214074448,0.1592259779572487,0.007924217104962897,0.0,0.0,0.0,0.5772963918745517,0.26347581190505426,0.2862934276461601,0.04430931980488665,0.5855995833873748,1.0,1.0,-1.3387998461723327,0.5418696300064804,0.047489324025809763,0.02622499674031723,0.0,0.0,0.0,0.06532855853438377,0.22382012381798347,0.17113131880760193,0.023945882033276102,0.04479031562805176,0.1,0.0,-0.1546837419271469,0.20915114506491372,0.1363389492034912,0.009161715282918549,0.0,0.0,0.0
TENX117,997,049x006,3639,33929,10,0.2127659499645233,0.1436226861283325,0.19656892865896225,0.010558170604235924,0.4003322720527649,1.0,0.0,0.01694513447582722,0.15007019262832183,0.16159857660531998,0.008191134267387011,0.0,0.0,0.0,0.6205764286220073,0.27914391501367686,0.2983210325241089,0.04316409803116534,0.5996677219867707,1.0,1.0,-1.1343323469161988,0.32150697955477336,0.05332699380815029,0.016059932297066787,0.0,0.0,0.0,0.009149010479450225,0.18965963079264156,0.16078677028417587,0.014591220282216011,0.0,0.0,0.0,-0.205049055069685,0.1731321147166937,0.12939768731594087,0.006114287133622693,0.0,0.0,0.0
TENX117,998,049x007,4370,33929,10,0.23434212803840637,0.06516365321045749,0.20749861896038055,0.01343631827943551,0.4237620234489441,1.0,0.2,-0.03735000677406788,0.09330220600042535,0.1581121191382408,0.00964362278070681,0.0,0.0,0.0,0.5463644832372665,0.2833185164270244,0.2889952376484871,0.05718031268380799,0.5762379795312882,1.0,0.8,-0.7314468793570995,0.4104091837842847,0.08760331496596337,0.04205745650168749,0.0,0.0,0.0,-0.09339692518115043,0.1564897812704582,0.14990175813436507,0.015001806238535585,0.0,0.0,0.0,-0.42011376917362214,0.10479119034825665,0.10788894817233086,0.007751633624042376,0.0,0.0,0.0
TENX117,999,049x008,5100,33929,10,0.2693341881036758,0.07518419201408844,0.2165803998708725,0.013481797408849002,0.4421937346458435,1.0,0.2,-0.012905331328511238,0.11098124624426334,0.1633290410041809,0.010456790288470305,0.0,0.0,0.0,0.5045026309788228,0.24871789408504016,0.27733478099107745,0.045982419595405465,0.557806271314621,1.0,0.8,-1.365101021528244,0.3366096102444306,0.0455573383718729,0.017839089207399746,0.0,0.0,0.0,0.03813114315271378,0.07384107735268863,0.1722078874707222,0.015079195789192366,0.0,0.0,0.0,-0.2799530439078808,0.08946381628159143,0.1249905526638031,0.006769234418001312,0.0,0.0,0.0
TENX117,1000,049x009,5831,33929,10,0.31805007755756376,0.12945890927959017,0.21791604459285735,0.021482774053242434,0.4402135908603668,1.0,0.3,-0.030951014906167983,0.10245824166348286,0.15333275645971298,0.010440999105653291,0.0,0.0,0.0,0.5634186826646328,0.28431285983965365,0.2829919159412384,0.05685901786899966,0.5597863972187043,1.0,0.7,-1.3683821588754654,0.44707150875442025,0.044690543040633204,0.022424750050390404,0.0,0.0,0.0,0.07379752323031426,0.12638256677767334,0.1714857965707779,0.02352255052368669,0.0,0.0,0.0,-0.19937958903610706,0.14094507819858385,0.129582928866148,0.009145322216904348,0.0,0.0,0.0
TENX117,1001,049x010,6562,33929,10,0.23045336157083512,0.13233652619269576,0.20357375144958495,0.018129159746126722,0.2929131925106049,0.7,0.1,-0.06832574605941773,0.12240254699111434,0.1506938636302948,0.009213575351432713,0.0,0.0,0.0,0.5356528341770173,0.20996841074595687,0.28011648952960966,0.05190759006730302,0.4731618523597717,0.8,0.7,-1.126014804840088,0.2525827250912176,0.053759194910526276,0.013110265140459187,0.0,0.0,0.0,0.20100695714354516,0.14317838611651815,0.1991589993238449,0.030105226957194177,0.23392493724823,0.5,0.2,-0.3609888169914484,0.14224312631134975,0.11269771233201027,0.010346320351677884,0.0,0.0,0.0
TENX117,1002,049x011,7292,33929,10,0.14765502214431764,0.22101400096425539,0.19890642017126084,0.019887635060691775,0.4178615152835846,1.0,0.1,-0.07797285616397857,0.196156782370548,0.1581699088215828,0.008544372197088462,0.0,0.0,0.0,0.46404051017016174,0.32533620254431767,0.27776242345571517,0.05804294496751465,0.4799717962741852,0.8,0.7,-1.164947509765625,0.23763815636158378,0.05384281538426876,0.0075118109105528855,0.0,0.0,0.0,0.10303654819726944,0.24667086637362537,0.19155579209327697,0.029870941745426594,0.10216668844223023,0.2,0.2,-0.35819030553102493,0.2019717643985279,0.11976263001561165,0.010066222908954738,0.0,0.0,0.0
TENX117,1003,049x012,8023,33929,10,0.17929524779319764,0.17782319473363353,0.1809452399611473,0.01764422516438621,0.0938094824552536,0.3,0.0,-0.06341854892671109,0.09221651667481585,0.14157698154449463,0.008911084866137994,0.0,0.0,0.0,0.7229469954967499,0.2466269662009438,0.31540885716676714,0.056821471656928364,0.6025519967079163,1.0,0.9,-1.1700830817222596,0.30753064054820517,0.04937077853828668,0.015687233935821672,0.0,0.0,0.0,0.28784937411546707,0.25498742196389107,0.204414701461792,0.039249864864379376,0.3036385327577591,0.7,0.1,-0.3340537264943123,0.2001781925691511,0.10828343257308007,0.010484064985021626,0.0,0.0,0.0
TENX117,1004,049x013,8754,33929,10,0.07109781727194786,0.10788748050660998,0.17396836131811141,0.018260529193657695,0.0,0.0,0.0,-0.08962272889912129,0.0723994364187676,0.14764762222766875,0.009680973597787917,0.0,0.0,0.0,0.5716856574639678,0.29503436683531803,0.29124116599559785,0.05729042672518868,0.5528815597295761,1.0,0.6,-1.2719090640544892,0.3973792604955246,0.04846431780606508,0.017267785578506653,0.0,0.0,0.0,0.35228440836071967,0.1835973868385081,0.23305914252996446,0.04243293222660171,0.44711842834949495,1.0,0.4,-0.4261659890413284,0.15773942648528194,0.10561937764286995,0.009078545150054332,0.0,0.0,0.0
TENX117,1005,049x014,9485,33929,10,-0.012825398147106171,0.11381794147656828,0.16712502837181092,0.01792281499062785,0.0,0.0,0.0,-0.19411991983652116,0.11791712742889049,0.13868485540151596,0.004353221166501136,0.0,0.0,0.0,0.5823664560914039,0.28206329780760386,0.30823302567005156,0.06365009835405801,0.5999974727630615,1.0,0.8,-0.9210614286363125,0.4309002759683822,0.07510722130537033,0.03771907641014591,0.0,0.0,0.0,0.1646983079612255,0.185896098890187,0.20121061503887178,0.03375608738213367,0.400002533197403,1.0,0.2,-0.4320058062672615,0.117677024808794,0.10963925793766975,0.009137276864334482,0.0,0.0,0.0
TENX117,1006,049x015,10215,33929,10,-0.029610241949558257,0.12439188175396916,0.151014044880867,0.01727331720557274,0.03880772888660431,0.1,0.0,-0.08028429783880711,0.0980459604108501,0.14283984750509263,0.007674790425498929,0.08631390631198883,0.3,0.0,0.7036948025226593,0.1681498544189303,0.3160028025507927,0.047404825403167004,0.6304202198982238,1.0,1.0,-0.5570111446082592,0.46927961432004495,0.09832752272486686,0.04758325219244453,0.03907971978187561,0.1,0.0,0.06442172005772591,0.24779485530987905,0.16992162615060807,0.041428083772136796,0.20537842512130738,0.5,0.0,-0.24341446310281753,0.11608684207699985,0.12189416438341141,0.013366965646852597,0.0,0.0,0.0
TENX117,1007,049x016,10946,33929,10,0.145537306368351,0.16616281020029722,0.16572530567646027,0.019177317718260853,0.1593355655670166,0.5,0.0,-0.003316474333405495,0.09649691704307929,0.1419635608792305,0.00516505752555826,0.0,0.0,0.0,0.7670041143894195,0.19884865868725246,0.3114642590284348,0.054912799174586024,0.6305446267127991,1.0,1.0,-0.6850401647388935,0.5683286169260161,0.08600652907043696,0.04732892626371305,0.030472543835639954,0.1,0.0,0.160560791939497,0.2916998793115904,0.17208855897188186,0.042492328175568306,0.17964728474617003,0.4,0.0,-0.15433187261223794,0.1834129294202739,0.12275177836418152,0.013893249250846241,0.0,0.0,0.0
TENX117,1008,049x017,11677,33929,10,0.02104048803448677,0.11482318024449274,0.17692625373601914,0.022206357497880917,0.27544755339622495,0.8,0.0,-0.12002388462424278,0.12748598881523465,0.15280813872814178,0.01042176699828685,0.0,0.0,0.0,0.6270041927695275,0.26139837189924015,0.3272778123617172,0.05939780502184001,0.6416031718254089,1.0,1.0,-1.2269362270832063,0.3384015392979197,0.05363334808498621,0.017671323195008318,0.0,0.0,0.0,-0.11057490035891533,0.200486641428774,0.15661193579435348,0.02934224447701623,0.08294927179813386,0.2,0.0,-0.26178608387708663,0.10338973850180137,0.1327425107359886,0.010802873895071575,0.0,0.0,0.0
TENX117,1009,049x018,12407,33929,10,-0.04035385400056839,0.17606821278964496,0.15855595469474792,0.015033601410127112,0.0,0.0,0.0,-0.19382352009415627,0.17731544363497237,0.13568389862775804,0.008984951928621462,0.0,0.0,0.0,0.56061876937747,0.2645927111496299,0.2922010734677315,0.04957515235815625,0.5702186226844788,1.0,0.6,-0.9853243470191956,0.5640170111899075,0.07314256597310305,0.033775106158202214,0.0,0.0,0.0,0.2683003157377243,0.3002015227157511,0.21986582428216933,0.04674911868952233,0.4297813683748245,1.0,0.4,-0.31439161151647566,0.20582225784026134,0.12055068165063858,0.01135299773968485,0.0,0.0,0.0
TENX117,1010,049x019,13138,33929,10,0.019661436975002288,0.24205094504680913,0.16513919532299043,0.013904732420543034,0.0,0.0,0.0,-0.13194096498191357,0.1935296976136674,0.141471728682518,0.00435027766055818,0.0,0.0,0.0,0.5655041553080082,0.2549883758951171,0.2870448976755142,0.041487704175941824,0.5772196412086487,1.0,0.7,-0.8377749443054199,0.4064010173186864,0.07827354744076728,0.035103338534197503,0.0,0.0,0.0,0.24605912268161773,0.2904490514091709,0.20992352366447448,0.03881655045063185,0.42278035879135134,1.0,0.3,-0.31995615512132647,0.2904299511303478,0.11814713031053543,0.015461637907361781,0.0,0.0,0.0
TENX117,1011,049x020,13869,33929,10,0.1836462914943695,0.23608461502840877,0.1636846110224724,0.010677225589109697,0.0,0.0,0.0,0.04811418950557709,0.18798746245980763,0.1430787958204746,0.01114646086396947,0.0,0.0,0.0,0.7363233059644699,0.19773340689211633,0.287183378636837,0.042747439440938985,0.5596346080303192,1.0,0.7,-1.328721636533737,0.7806937139396608,0.04917567470110953,0.03266374132121707,0.0,0.0,0.0,0.4894439086318016,0.3835218907757979,0.22767254263162612,0.052577562148232906,0.4403653711080551,1.0,0.3,-0.05611216686666012,0.2535550456641474,0.12920500040054322,0.013438559625053737,0.0,0.0,0.0
TENX117,1012,049x021,14600,33929,10,0.06047885715961456,0.16291650821414627,0.15884822458028794,0.01618209143591906,0.03656937777996063,0.1,0.0,-0.00634150393307209,0.10198074821560882,0.1481457084417343,0.00965227524679081,0.0,0.0,0.0,0.6214667320251465,0.17293279227572414,0.28208830058574674,0.05127991447510412,0.5124735563993454,0.9,0.6,-1.004170036315918,0.5535087887143492,0.06387048633769155,0.032494994489856974,0.0,0.0,0.0,0.42362474650144577,0.27151740535900915,0.23277114182710648,0.05114369482954983,0.45095706880092623,1.0,0.4,-0.2700208812952042,0.17171386457754476,0.11427612975239754,0.01276462433311273,0.0,0.0,0.0
TENX117,1013,049x022,15330,33929,10,-0.15691363215446472,0.10745477214524068,0.14435941427946092,0.01618804218967957,0.0,0.0,0.0,-0.09054726921021938,0.08817980726194277,0.1533919706940651,0.004722791878352582,0.0,0.0,0.0,0.4794696159660816,0.1970740930396775,0.2742758050560951,0.040672845847947385,0.568785673379898,1.0,0.6,-0.8562496565282345,0.5707528178505091,0.08347698487341404,0.04521970543127584,0.03687293827533722,0.1,0.0,0.16934846788644792,0.2370707020007973,0.2043663740158081,0.0469211875698715,0.39434137642383577,0.9,0.4,-0.18623750433325767,0.11600586214864542,0.14012945145368577,0.01490910751602004,0.0,0.0,0.0
TENX117,1014,049x023,16061,33929,10,-0.06121360585093498,0.16027063743904923,0.14748615324497222,0.013658846231834783,0.0,0.0,0.0,-0.11009636837989092,0.10045633387393091,0.13999290466308595,0.006283480786190409,0.0,0.0,0.0,0.6006527155637741,0.18038274825318193,0.28820827305316926,0.045171313972840015,0.577074721455574,1.0,0.6,-0.7400711946189403,0.41420679951991884,0.08126171752810478,0.03360984916157436,0.03336041271686554,0.1,0.0,0.2763879388570786,0.24950280407490372,0.2106010839343071,0.044796616426813964,0.38956484794616697,0.9,0.4,-0.17032312899827956,0.18338971096525505,0.13244986459612845,0.01434635441340819,0.0,0.0,0.0
TENX117,1015,049x024,16792,33929,10,-0.02625146433711052,0.19433113737602964,0.15306171476840974,0.014557284771971253,0.0,0.0,0.0,-0.05025083888322115,0.17372386956357938,0.1491013541817665,0.00982496626876994,0.0,0.0,0.0,0.5390838503837585,0.14732468955253236,0.2715951308608055,0.04184596275551476,0.5482469588518143,1.0,0.6,-1.099420076608658,0.6221220199547326,0.06373683987185359,0.03664802954528875,0.0,0.0,0.0,0.33962363451719285,0.2907098651850477,0.2252913996577263,0.05021240221842143,0.45175303518772125,1.0,0.4,-0.13536418378353118,0.167656102205641,0.13721355721354483,0.012621187798060159,0.0,0.0,0.0
TENX117,1016,049x025,17522,33929,10,-0.021959756687283515,0.13894311050317765,0.154999840259552,0.012363248287050172,0.0,0.0,0.0,-0.08667774498462677,0.05423820936922425,0.14501053243875503,0.007408797992383218,0.03415036499500275,0.1,0.0,0.5289031267166138,0.1329131691706023,0.2708534523844719,0.039368044760065106,0.5648704946041108,1.0,0.5,-1.1124692730605603,0.7869540959240345,0.06944409757852554,0.0458540357837702,0.035052672028541565,0.1,0.0,0.25628132596611974,0.2977303107216258,0.21029267609119415,0.05090153927168691,0.365926456451416,0.8,0.5,-0.06094421446323395,0.16654671109652305,0.14939940720796585,0.015446710916370907,0.0,0.0,0.0
TENX117,1017,049x026,18253,33929,10,-0.030441215634346007,0.14617990176887452,0.14830066114664078,0.012658871577742602,0.0,0.0,0.0,0.011515596322715283,0.09779196384544958,0.15428801774978637,0.007715881922773736,0.03572811782360077,0.1,0.0,0.5601675346493721,0.20843583743562724,0.26889022439718246,0.03373059188159833,0.5655983984470367,1.0,0.7,-0.8993253543972969,0.6455988112879881,0.0761744512245059,0.044559873627426555,0.0,0.0,0.0,0.2831828542053699,0.3149071159681791,0.207855723798275,0.0484107583884465,0.39867348968982697,0.9,0.3,-0.05922440886497497,0.17585041087014988,0.14449091851711274,0.016216949692255136,0.0,0.0,0.0
TENX117,1018,049x027,18984,33929,10,-0.004391973745077849,0.12002125556074524,0.14343716949224472,0.00963064568906515,0.0,0.0,0.0,0.040712100267410276,0.11006848466172539,0.15016907900571824,0.011425582796384556,0.0,0.0,0.0,0.6240947842597961,0.1604706410770246,0.2711680144071579,0.039058665770856704,0.5350524455308914,1.0,0.5,-1.243661254644394,0.6853028449940882,0.0527578616514802,0.0348148908199427,0.0,0.0,0.0,0.479426921159029,0.2754620188178514,0.23796623647212983,0.05224896697016721,0.4649475634098053,1.0,0.5,0.0018440358340740203,0.16496648727906135,0.14450165778398513,0.011816089628679123,0.0,0.0,0.0
TENX117,1019,049x028,19715,33929,10,-0.04722510930150747,0.13778470634840798,0.14420188665390016,0.012023572714944725,0.0,0.0,0.0,-0.05620756335556507,0.08666012752882073,0.14267778396606445,0.008305748193010594,0.03235235512256622,0.1,0.0,0.6224076330661774,0.13537258049575598,0.2826848790049553,0.0328506549574853,0.570772647857666,1.0,0.7,-0.8854567930102348,0.6287347823863167,0.07756641767919063,0.048825820198318874,0.03692621886730194,0.1,0.0,0.31939821466803553,0.3076386533673534,0.213734033703804,0.052038864285454144,0.3599487662315369,0.8,0.3,-0.08709600567817688,0.17977649009135419,0.13913498520851136,0.017148707733715254,0.0,0.0,0.0
TENX117,1020,049x029,20445,33929,10,-0.05054432395845652,0.1411476060132962,0.14725483059883118,0.01223644938813211,0.0,0.0,0.0,-0.045114397257566455,0.09066554640087646,0.1478555053472519,0.009725861890296962,0.0,0.0,0.0,0.5856660693883896,0.1395264955517579,0.27966210395097735,0.03745117220230271,0.5631554245948791,1.0,0.6,-0.8822098903357982,0.7452959939072122,0.08222575299441814,0.05310995701839763,0.0405075877904892,0.1,0.0,0.28992919251322746,0.29177953476274565,0.2126588985323906,0.05202494729924936,0.3963369816541672,0.9,0.4,-0.17607155963778495,0.16753322948320534,0.1303429238498211,0.015317152724340762,0.0,0.0,0.0
TENX117,1021,050x004,2177,34659,10,0.08017441183328629,0.17698235914117824,0.1877001032233238,0.015701785630379952,0.0,0.0,0.0,-0.15207595825195314,0.16139314403412275,0.1485881581902504,0.009344257589697673,0.0,0.0,0.0,0.5092259772121907,0.239275192468486,0.2903126761317253,0.041722467120976374,0.5491847574710846,1.0,0.7,-1.4560929775238036,0.30436776412832006,0.04396937508136034,0.016796822642795903,0.0,0.0,0.0,0.3094373568892479,0.21493982906807127,0.23639579117298126,0.023449627859964055,0.4508152276277542,1.0,0.3,-0.6216090381145477,0.1792717019065513,0.09303387701511383,0.007657130205017774,0.0,0.0,0.0
TENX117,1022,050x005,2908,34659,10,0.04060571789741516,0.1493534970751309,0.18698454052209854,0.019179558079250696,0.14403981864452362,0.4,0.0,-0.11982404962182044,0.1192588767150678,0.15859830230474473,0.0071456151142853435,0.0319172739982605,0.1,0.0,0.533990241587162,0.21646090438434373,0.3086385190486908,0.04921674970113303,0.6083158195018769,1.0,1.0,-1.2573249161243438,0.20998183103146476,0.05241675451397896,0.013846482264202814,0.0,0.0,0.0,0.05288516581058502,0.2174069242186291,0.19078406393527986,0.030448645554408744,0.2157270848751068,0.5,0.0,-0.5601657927036285,0.16504609559227243,0.10257780328392982,0.010862627724688264,0.0,0.0,0.0
TENX117,1023,050x006,3639,34659,10,0.1069682352244854,0.09908966039589284,0.19680363237857817,0.019632250054631237,0.29302991926670074,0.7,0.1,-0.12069905549287796,0.1484824102709451,0.1565396621823311,0.013511940786259911,0.0336276113986969,0.1,0.0,0.43497025296092034,0.26578807250606684,0.27641621232032776,0.04985356345118834,0.5275546491146088,0.9,0.8,-0.9975485235452652,0.553837885018676,0.07487656455487013,0.04435587656069928,0.0,0.0,0.0,0.04938670694828033,0.10933805888857834,0.1868264600634575,0.027302624432143707,0.1457878202199936,0.3,0.1,-0.48717540204524995,0.11237521472084858,0.1085374765098095,0.009709045323027224,0.0,0.0,0.0
TENX117,1024,050x007,4370,34659,10,0.20547844246029853,0.14421780038922138,0.21096069365739822,0.014342120412137407,0.4215062469244003,1.0,0.1,-0.10235382132232189,0.19868226321597368,0.1554751753807068,0.015924838863633144,0.0,0.0,0.0,0.5264148660004139,0.27409437426383887,0.29438518583774564,0.049638723074623296,0.5784937560558319,1.0,0.9,-1.251323801279068,0.25815195047917466,0.05234989412128925,0.018486877362855682,0.0,0.0,0.0,-0.1000853069126606,0.15365816436831356,0.15562149733304978,0.013192731175923086,0.0,0.0,0.0,-0.26846944615244867,0.12403789860717952,0.13120755776762963,0.006860571454456312,0.0,0.0,0.0
TENX117,1025,050x008,5100,34659,10,0.20272173956036568,0.17320340914346313,0.20556860864162446,0.016476406398705467,0.26504655182361603,0.6,0.2,-0.04568223766982556,0.15388591867359136,0.1602424755692482,0.011117968643750096,0.0,0.0,0.0,0.485486451536417,0.3181394216388991,0.2761854663491249,0.04854474609804484,0.5673403203487396,1.0,0.8,-1.3702415764331817,0.3794615789673304,0.04584981221705675,0.018018927108717542,0.0,0.0,0.0,0.14240763410925866,0.2133263522107329,0.19348570704460144,0.014957086689325362,0.16761313378810883,0.4,0.0,-0.34453762620687484,0.21148390295685238,0.11866791546344757,0.00536480760344403,0.0,0.0,0.0
TENX117,1026,050x009,5831,34659,10,0.12654827311635017,0.10491159716643007,0.19318738728761672,0.012234428706375063,0.3168343365192413,0.8,0.0,-0.06441167499870062,0.11361494243945977,0.15939614921808243,0.0059480833043555085,0.0,0.0,0.0,0.5187134861946106,0.21181530416617797,0.28877919167280197,0.04374922509603499,0.5929100513458252,1.0,1.0,-1.0396192699670792,0.382431639292872,0.06383103094995021,0.0246098588405935,0.0,0.0,0.0,0.05193707644939423,0.11773934600915253,0.18020861595869064,0.021844185193402685,0.09025560319423676,0.2,0.0,-0.3953656330704689,0.11885709627374888,0.11459762901067734,0.006701989721738645,0.0,0.0,0.0
TENX117,1027,050x010,6562,34659,10,0.28731655776500703,0.08474773296434712,0.19711807370185852,0.01767851480905546,0.24942502677440642,0.6,0.1,0.07079926300793886,0.05320947862682362,0.15817651897668839,0.004431340374054156,0.0,0.0,0.0,0.6096738040447235,0.1908062836681439,0.27534922063350675,0.04839265513249064,0.5222177654504776,0.9,0.7,-1.3555129498243332,0.6349422953952183,0.0453306071460247,0.026234964448531503,0.0,0.0,0.0,0.25367506220936775,0.166029991864489,0.192582468688488,0.03323634010757073,0.2283572107553482,0.5,0.2,-0.11696044588461518,0.07067762300347803,0.13144310489296912,0.010244280693265296,0.0,0.0,0.0
TENX117,1028,050x011,7292,34659,10,0.13942630141973494,0.03854278177811584,0.20967402309179306,0.015443032235243126,0.42919167280197146,1.0,0.2,-0.09560405071824789,0.1078389871858561,0.16632431000471115,0.018703175605415272,0.04662997424602509,0.1,0.0,0.42389988601207734,0.2555451877033886,0.28231569975614546,0.04816308191179959,0.5241783559322357,0.9,0.8,-1.2853560209274293,0.38712495746803227,0.05472006481140852,0.023089060985931505,0.0,0.0,0.0,-0.20278459712862967,0.1547726082273534,0.15058906003832817,0.024845927302390342,0.0,0.0,0.0,-0.2899121344089508,0.06052907717716683,0.1363768458366394,0.00830461436043482,0.0,0.0,0.0
TENX117,1029,050x012,8023,34659,10,0.197275098413229,0.18469763616598994,0.20120076090097427,0.012342698884464789,0.4053375571966171,1.0,0.0,-0.08288626708090305,0.14825565389497622,0.15189061909914017,0.006388220758065771,0.0,0.0,0.0,0.5844742879271507,0.2492496436571838,0.2990371033549309,0.04358284242457053,0.5946624457836152,1.0,1.0,-1.2679288357496261,0.4566294977277567,0.05161350890994072,0.022057894962377714,0.0,0.0,0.0,-0.029917076975107194,0.2043594343595538,0.16156419664621352,0.02258265920621075,0.0,0.0,0.0,-0.20529261827468873,0.19461431671135493,0.13469381183385848,0.010685434103023066,0.0,0.0,0.0
TENX117,1030,050x013,8754,34659,10,0.15337230116128922,0.1289389231677433,0.18509128391742707,0.01667720095364597,0.3681022673845291,1.0,0.0,-0.00905708149075508,0.12844086772130422,0.15691213309764862,0.008125613224403373,0.0,0.0,0.0,0.7017054557800293,0.2180694687432939,0.3229710400104523,0.05044472305125533,0.6318977296352386,1.0,1.0,-1.2173838555812835,0.33896383989048784,0.04961499609053135,0.01770547786204328,0.0,0.0,0.0,-0.020395470410585405,0.19796115831161276,0.15725597962737084,0.026850822567004693,0.0,0.0,0.0,-0.21300463592633606,0.12899182274237112,0.12815455943346024,0.009637241051711423,0.0,0.0,0.0
TENX117,1031,050x014,9485,34659,10,0.17255762815475464,0.07321771089335576,0.19693232476711273,0.01961812929739263,0.4042528569698334,1.0,0.1,-0.10700433664023876,0.034833899336294126,0.148404960334301,0.008216751199693251,0.0,0.0,0.0,0.5673994138836861,0.22006849240835763,0.2957759603857994,0.0534420855813276,0.5957471340894699,1.0,0.9,-1.2863091826438904,0.5203745300863912,0.050940158497542146,0.022238124328864285,0.0,0.0,0.0,0.005109823495149613,0.14304235228239096,0.16804910749197005,0.028010089690603448,0.0,0.0,0.0,-0.1692866993136704,0.08629986988130758,0.13989749252796174,0.01379289587240799,0.0,0.0,0.0
TENX117,1032,050x015,10215,34659,10,-0.11446936056017876,0.23773920792577352,0.1473367139697075,0.019668100462198093,0.0,0.0,0.0,-0.13332186173647642,0.18949921046087254,0.1434607520699501,0.0065077901587857175,0.0,0.0,0.0,0.6366713434457779,0.20167733178146965,0.31323646008968353,0.0468516938601574,0.6049997061491013,1.0,0.8,-0.9904975526034832,0.6833196357085642,0.07705958606675267,0.04798489400724586,0.03170320391654968,0.1,0.0,0.1748748578131199,0.33071184696381606,0.20208586603403092,0.05267395360236612,0.3632970958948135,0.9,0.2,-0.34743249490857125,0.25284366248944035,0.11682061851024628,0.016106901013812524,0.0,0.0,0.0
TENX117,1033,050x016,10946,34659,10,-0.13274169638752936,0.15645677850532283,0.1570114016532898,0.02011641894777511,0.0,0.0,0.0,-0.15063841305673123,0.13402257628470957,0.15321624726057054,0.008832645386916926,0.14443731009960176,0.5,0.0,0.5541218891739845,0.2667499503296072,0.314438471198082,0.05539773815039335,0.6330869138240814,1.0,1.0,-0.8354062020778656,0.3707764819667936,0.08223179765045643,0.027346804379824445,0.0,0.0,0.0,-0.03813660368323326,0.20768324086927958,0.1748096764087677,0.03582894967935742,0.22247577607631683,0.5,0.0,-0.41411732584238053,0.1241411293802013,0.1182923898100853,0.013576140436701262,0.0,0.0,0.0
TENX117,1034,050x017,11677,34659,10,-0.07603053525090217,0.10400707216053064,0.17077900022268294,0.020717755659206732,0.22034253776073456,0.6,0.0,-0.16915078461170197,0.11989092642958135,0.15483026057481766,0.011018910418642244,0.03061901032924652,0.1,0.0,0.4742898911237717,0.2617934333410372,0.2988686442375183,0.05383347346936993,0.6253559231758118,1.0,1.0,-0.9279064387083054,0.5719442853859935,0.08402050863951445,0.04207853342881383,0.034786033630371097,0.1,0.0,-0.19280390217900276,0.21853882407357195,0.15498866364359856,0.03562142824461652,0.08889650106430054,0.2,0.0,-0.2976576410233974,0.11684011035045158,0.13651290461421012,0.013805741405024921,0.0,0.0,0.0
TENX117,1035,050x018,12407,34659,10,-0.06575485318899155,0.1300532955118089,0.15226460695266725,0.014869318450606796,0.0,0.0,0.0,-0.1000561136752367,0.12579797132582848,0.14673179835081102,0.009184826197736085,0.0,0.0,0.0,0.6235182821750641,0.2387206620211031,0.30549210757017137,0.04599262861358654,0.5957804590463638,1.0,0.8,-1.0590699821710587,0.505006418257992,0.06378054395318031,0.03043782588641474,0.0,0.0,0.0,0.22272656261920928,0.2604115641679267,0.20739446729421615,0.04628667951590703,0.40421953797340393,1.0,0.2,-0.26823271811008453,0.176508904525557,0.1243364617228508,0.011859394925236357,0.0,0.0,0.0
TENX117,1036,050x019,13138,34659,10,-0.04532755799591541,0.12516441570935335,0.15460221469402313,0.01183777929724633,0.0,0.0,0.0,-0.1384015079587698,0.09539019805334094,0.1409190908074379,0.011182235262936505,0.0,0.0,0.0,0.4964317463338375,0.19422517578687332,0.2685875788331032,0.043921371207411096,0.5195817321538925,1.0,0.5,-1.1986059933900832,0.5726413962892561,0.0568328682333231,0.028850511476860807,0.0,0.0,0.0,0.41533973887562753,0.2562104815285147,0.2498834475874901,0.052361804719132515,0.480418261885643,1.0,0.5,-0.22654278427362443,0.17222784252769424,0.12917481362819672,0.0125963005024079,0.0,0.0,0.0
TENX117,1037,050x020,13869,34659,10,0.10784797519445419,0.1954572677722548,0.16776636689901353,0.010994883618679523,0.0,0.0,0.0,0.0029923178255558012,0.1828792549656104,0.15088343471288682,0.0065674958426925265,0.0,0.0,0.0,0.5488222524523735,0.19678616848074762,0.2633369266986847,0.04077679773608545,0.5422598630189895,1.0,0.6,-1.2718805700540543,0.7578888017630832,0.055686284229159354,0.037020607420073924,0.0,0.0,0.0,0.373905161768198,0.33087293314714794,0.2241925671696663,0.051150020244587514,0.45774013102054595,1.0,0.4,-0.08913429975509643,0.20207785702760048,0.13813439682126044,0.013595625809016746,0.0,0.0,0.0
TENX117,1038,050x021,14600,34659,10,-0.02972143143415451,0.1502273785660258,0.15775166898965837,0.014163259533722116,0.0,0.0,0.0,-0.11769013144075871,0.10047877860223127,0.14398013353347777,0.005089985896311493,0.0,0.0,0.0,0.5124241843819618,0.15607177793489144,0.2732493683695793,0.04032850440316722,0.5575711399316787,1.0,0.6,-0.9942003786563873,0.5896785155758707,0.07047346327453852,0.037664134550029406,0.0,0.0,0.0,0.2737584762275219,0.27362966463428556,0.21812882721424104,0.04793555236990318,0.44242883622646334,1.0,0.4,-0.17632405692711473,0.15461817213784868,0.13641653433442116,0.01407183526576568,0.0,0.0,0.0
TENX117,1039,050x022,15330,34659,10,-0.2322802621871233,0.1479517601627346,0.13993865996599197,0.0120423367275486,0.0,0.0,0.0,-0.1949651375412941,0.08601424772134296,0.14516468048095704,0.011544536996153425,0.0,0.0,0.0,0.40794778391718867,0.192408522391963,0.26701718121767043,0.03653352617536866,0.5572330832481385,1.0,0.6,-0.7712042264640331,0.5538913545648507,0.09155389256775379,0.04068854386563394,0.03628409802913666,0.1,0.0,0.15904358625411988,0.21828631664175915,0.21166236251592635,0.04829347327570477,0.4064828157424927,0.9,0.4,-0.2017203226685524,0.1592403532881056,0.1446632295846939,0.016400371025327445,0.0,0.0,0.0
TENX117,1040,050x023,16061,34659,10,0.02642131857573986,0.23258207047958657,0.15379103571176528,0.011048423298874697,0.0,0.0,0.0,0.01956974472850561,0.13969199412330877,0.15266353636980057,0.009812887060569313,0.03445636630058289,0.1,0.0,0.6224211826920509,0.18699628132117763,0.28090939223766326,0.03728247581802248,0.5575539231300354,1.0,0.7,-0.9767326764762402,0.6467281649281441,0.06941661508753896,0.03869903111610309,0.0,0.0,0.0,0.3829482182860374,0.3696791111751655,0.22539360374212264,0.05427562753729992,0.40798972845077514,0.9,0.3,-0.2448648601770401,0.26679435546689817,0.11782580614089966,0.014486648156106117,0.0,0.0,0.0
TENX117,1041,050x024,16792,34659,10,-0.08606375530362129,0.16979701141988904,0.1569481834769249,0.01309626518839214,0.0,0.0,0.0,-0.140852377936244,0.12093885869212306,0.14848550111055375,0.011324234130956264,0.0,0.0,0.0,0.4178434319794178,0.23206204953192366,0.26247826367616656,0.04337533622911521,0.5264377593994141,1.0,0.6,-0.866903131455183,0.5054550731700149,0.08298893589526415,0.04247737994431555,0.0,0.0,0.0,0.3092900663614273,0.28170822009837077,0.23775216490030288,0.051948090665440934,0.4735622316598892,1.0,0.4,-0.4310676734894514,0.19325728278827434,0.11134692654013634,0.011453043800644089,0.0,0.0,0.0
TENX117,1042,050x025,17522,34659,10,0.042944674380123615,0.14730091971203021,0.15063992887735367,0.010260119226507032,0.0,0.0,0.0,0.014821895956993103,0.10075634351793505,0.14695266261696815,0.0159080000930021,0.0,0.0,0.0,0.6662145674228668,0.1885332448626684,0.28299161046743393,0.03858539057926738,0.5617973446846009,1.0,0.6,-1.08648881316185,0.6847692360997231,0.06174871791154146,0.03703196937806312,0.0,0.0,0.0,0.41035693809390067,0.3097334342192088,0.22332016378641129,0.053601634648218086,0.4382026374340057,1.0,0.4,-0.07592201381921768,0.20622821179007605,0.13434691429138185,0.015723810059259,0.0,0.0,0.0
TENX117,1043,050x026,18253,34659,10,-0.021048276498913766,0.14229181361490265,0.14954782724380494,0.01200975105889502,0.0,0.0,0.0,-0.05140476264059544,0.1189857297097741,0.14483305662870408,0.008077081668027843,0.0,0.0,0.0,0.5239292323589325,0.1298392877150466,0.2588266164064407,0.029897020326401368,0.539503636956215,1.0,0.6,-0.5402424328029156,0.5787648130495217,0.10485529340803623,0.05432662119500349,0.0815042495727539,0.2,0.0,0.3190975360572338,0.29388785564261705,0.21585721224546434,0.052872014989735074,0.3789921224117279,0.8,0.4,-0.1953911952674389,0.16904100350790285,0.12607999220490457,0.014849203835640151,0.0,0.0,0.0
TENX117,1044,050x027,18984,34659,10,-0.05419367384165526,0.07811611512036735,0.14656170457601547,0.00849193074865017,0.0,0.0,0.0,-0.017244425043463706,0.127373318016673,0.1521682322025299,0.010212530408491316,0.0,0.0,0.0,0.5380908071994781,0.12723954296924436,0.26640345007181165,0.031304188207939836,0.5344560474157334,1.0,0.5,-1.158655834197998,0.6961113041689555,0.060302652325481175,0.03633755666294931,0.0,0.0,0.0,0.39638027027249334,0.23351406425971918,0.23472164273262025,0.048743647393941596,0.46554393470287325,1.0,0.5,-0.10496770180761814,0.12067989975423332,0.13984231278300285,0.014797822454392146,0.0,0.0,0.0
TENX117,1045,050x028,19715,34659,10,-0.08586463052779436,0.16763701604990555,0.14337292611598967,0.014237297375376138,0.0,0.0,0.0,0.02689351998269558,0.13979874791659214,0.15982360541820526,0.006172287849877924,0.03205386102199555,0.1,0.0,0.5732772767543792,0.18966559933650382,0.2779915302991867,0.0340268578823357,0.5680307149887085,1.0,0.7,-0.5775615207850933,0.5243326780739194,0.09805258251726627,0.04486417982545557,0.038056415319442746,0.1,0.0,0.27369299829006194,0.245323579146949,0.2093222826719284,0.04540281222560425,0.3618590086698532,0.8,0.3,-0.3396799363195896,0.1809981158562347,0.11143707558512687,0.012850244161032216,0.0,0.0,0.0
TENX117,1046,050x029,20445,34659,10,-0.08987558744847775,0.11593641900587989,0.14392601549625397,0.01395485698879934,0.0,0.0,0.0,-0.050520421005785465,0.06429869386819345,0.14925699830055236,0.008785736479931958,0.0,0.0,0.0,0.650138857960701,0.18249270081694724,0.30292825400829315,0.0408249842352177,0.6082723259925842,1.0,1.0,-0.6547982826828956,0.537279230058043,0.09348132088780403,0.04626260957380582,0.07057169377803803,0.2,0.0,0.15541621074080467,0.2535291854176127,0.18864425867795945,0.04607117755446428,0.3211559891700745,0.8,0.0,-0.2597180835902691,0.14030387316579673,0.12176314592361451,0.014674749703162787,0.0,0.0,0.0
TENX117,1047,051x004,2177,35390,10,-0.05974929928779602,0.10107806838826909,0.16294333934783936,0.01626546949608148,0.04247867465019226,0.1,0.0,-0.09858051985502243,0.07237089521101488,0.15610133111476898,0.006742629180044411,0.03238895833492279,0.1,0.0,0.6182272672653198,0.17848896837909542,0.32291043251752855,0.047353430253752916,0.6252242684364319,1.0,1.0,-1.2951609015464782,0.5670073691982669,0.055632253922522065,0.03509901899184764,0.0,0.0,0.0,0.07128391340374947,0.16367933898917117,0.18766366988420485,0.03227207086060076,0.29990809261798856,0.8,0.0,-0.40971688777208326,0.08828015329395963,0.11474897041916847,0.010663758690183822,0.0,0.0,0.0
TENX117,1048,051x005,2908,35390,10,0.04647357314825058,0.07021297462390462,0.19557527899742128,0.0188230826682951,0.36250585317611694,0.9,0.1,-0.0840526983141899,0.07801157239615686,0.1712873950600624,0.01231784234663209,0.0,0.0,0.0,0.4181194521486759,0.25868764471569233,0.2888080045580864,0.060545683246882746,0.5886785000562668,1.0,0.9,-1.0789858371019363,0.7200718700976196,0.07812956785783172,0.04295376405116659,0.0,0.0,0.0,-0.055653537064790724,0.11729256662786883,0.1774865761399269,0.025524246940671094,0.04881565272808075,0.1,0.0,-0.7428932011127471,0.07281843814692932,0.0887131817638874,0.007470441481963085,0.0,0.0,0.0
TENX117,1049,051x006,3639,35390,10,0.15221489518880843,0.1392150726784748,0.21754012107849122,0.019965341138361195,0.43504477441310885,1.0,0.2,-0.14141299277544023,0.08899312759207177,0.16186777204275132,0.01068265975020325,0.0,0.0,0.0,0.4171704575419426,0.2138645250857657,0.2865029349923134,0.04832057997709392,0.5649552375078202,1.0,0.8,-1.0894009798765183,0.46548190290222147,0.07124591544270516,0.03306430677960983,0.0,0.0,0.0,-0.15983455777168273,0.1963771935281458,0.160235632956028,0.023570378082680157,0.0,0.0,0.0,-0.5974784612655639,0.11903958962872997,0.10260761976242065,0.007023506921042609,0.0,0.0,0.0
TENX117,1050,051x007,4370,35390,10,0.13313987255096435,0.13854142418021867,0.1953613579273224,0.014470959788146479,0.10619832277297973,0.3,0.0,-0.08486477136611939,0.16328051662406412,0.15684300065040588,0.007346070021479449,0.0,0.0,0.0,0.5177302313968539,0.24679433490757582,0.28957020193338395,0.04376846661180019,0.5873158872127533,1.0,1.0,-1.4979566216468811,0.422021828933835,0.04212909396737814,0.018715631681781645,0.0,0.0,0.0,0.1436292715370655,0.18096635093816996,0.1982704296708107,0.023602695661093194,0.30648578703403473,0.7,0.0,-0.3731473028659821,0.15861930601340377,0.117825897783041,0.009768390269029153,0.0,0.0,0.0
TENX117,1051,051x008,5100,35390,10,0.2240525297820568,0.19902698883287068,0.20244168490171432,0.013687972747021436,0.2946253061294556,0.7,0.0,-0.05431202314794063,0.22969779946976895,0.15348073840141296,0.013120555340736396,0.0,0.0,0.0,0.5284438662230968,0.22896432408117132,0.27727704495191574,0.042889355938983666,0.5197494506835938,0.9,0.8,-1.3487081050872802,0.31824956688131517,0.047406633570790294,0.028696545682692448,0.0,0.0,0.0,0.21789427027106284,0.25253131496248116,0.20249133706092834,0.027486078766145193,0.18562522828578948,0.4,0.2,-0.3248663693666458,0.2094041096875376,0.1169025495648384,0.007630415977951172,0.0,0.0,0.0
TENX117,1052,051x009,5831,35390,10,0.01838849112391472,0.08522394452912803,0.18589842617511748,0.014793882069714577,0.0,0.0,0.0,-0.15823947936296462,0.07090580946974359,0.15542155802249907,0.005994357584391184,0.0,0.0,0.0,0.44421069100499155,0.2244494893033119,0.28757993429899215,0.047123456124497275,0.5649856448173523,1.0,0.7,-1.6820302605628967,0.3897880010865829,0.0367316098883748,0.014281659049840429,0.0,0.0,0.0,0.1781756527721882,0.10869162068123168,0.21892728209495543,0.025992644447266833,0.43501436412334443,1.0,0.3,-0.4583582326769829,0.13335869840369668,0.11544120013713836,0.009782366180800195,0.0,0.0,0.0
TENX117,1053,051x010,6562,35390,10,0.06259672045707702,0.10863428998687033,0.18934469819068908,0.011279209329885562,0.27483378648757933,0.7,0.0,-0.11756208725273609,0.16858305049606684,0.1589217334985733,0.01917451844336844,0.08362227380275726,0.2,0.0,0.4853277621790767,0.23588221786548055,0.2917242169380188,0.043419769959613955,0.600160825252533,1.0,1.0,-1.1539140045642853,0.2824587633917276,0.0595436692237854,0.020822897872979827,0.0,0.0,0.0,-0.08058513551950455,0.10249529067683884,0.16492805033922195,0.01902623836376469,0.04138310551643372,0.1,0.0,-0.27254483103752136,0.1373657607271733,0.13553761392831803,0.009743403876038921,0.0,0.0,0.0
TENX117,1054,051x011,7292,35390,10,0.14420864656567572,0.21114169628908197,0.2010122463107109,0.012156936996382725,0.41921910345554353,1.0,0.0,-0.10617834404110908,0.20352080776544587,0.15628949850797652,0.00514931525847424,0.0,0.0,0.0,0.4733163766562939,0.26696988110845354,0.2816744789481163,0.03952306862316196,0.5807808876037598,1.0,1.0,-1.3925677120685578,0.2754119347771803,0.04736029058694839,0.019456865251026995,0.0,0.0,0.0,-0.05591512694954872,0.2475025476992694,0.16534661054611205,0.018896078874489356,0.0,0.0,0.0,-0.15965270176529883,0.23345386788731853,0.14831684827804564,0.008654486613258574,0.0,0.0,0.0
TENX117,1055,051x012,8023,35390,10,-0.06093767285346985,0.19487293273505701,0.18293654471635817,0.017622929285085017,0.34117524027824403,0.9,0.0,-0.24386689364910125,0.20975149372272625,0.15184738636016845,0.007716538411686348,0.0,0.0,0.0,0.41571863517165186,0.33852384103374067,0.298293425142765,0.053838632917135386,0.6147305965423584,1.0,1.0,-1.305176591873169,0.40188031605419117,0.058219531551003456,0.02773041209977546,0.0,0.0,0.0,-0.14637843444943427,0.21355104304675432,0.16885147839784623,0.0234221327142952,0.0440941721200943,0.1,0.0,-0.32812225818634033,0.22514615562939322,0.13985161185264589,0.01124817482626546,0.0,0.0,0.0
TENX117,1056,051x013,8754,35390,10,0.15506064817309378,0.1362717696312935,0.17926389575004578,0.01545648213651299,0.16548328399658202,0.5,0.0,-0.016228165850043295,0.0717151347007239,0.15058855563402176,0.005432722829729592,0.0,0.0,0.0,0.6973903477191925,0.18827273918519377,0.3114069879055023,0.05087037108860372,0.6203234910964965,1.0,1.0,-1.2798036336898804,0.4659326362741426,0.04872926436364651,0.023942178943327876,0.0,0.0,0.0,0.1580563396215439,0.22004736082264223,0.1818773031234741,0.031890153571361955,0.2141932338476181,0.5,0.0,-0.18049902878701687,0.139973697142125,0.12813398987054825,0.010653732709519338,0.0,0.0,0.0
TENX117,1057,051x014,9485,35390,10,0.10769595056772233,0.1787704340234013,0.1766179695725441,0.019294790082160715,0.0,0.0,0.0,-0.09753860384225846,0.13539495412933505,0.14309847354888916,0.005193959992321525,0.0,0.0,0.0,0.6095468312501907,0.20721616643913257,0.2947039991617203,0.05237473134936968,0.5858334690332413,1.0,0.8,-1.0197302579879761,0.4387539782933326,0.06267898660153151,0.02580459942726389,0.0,0.0,0.0,0.2523144245147705,0.20844093929909377,0.20608035773038863,0.03638589748140359,0.4141665190458298,1.0,0.2,-0.3038152664899826,0.16201971773342705,0.11682021468877793,0.010524278227275809,0.0,0.0,0.0
TENX117,1058,051x015,10215,35390,10,0.24018603563308716,0.24852568829895597,0.16662987917661667,0.01425882590883923,0.040696078538894655,0.1,0.0,0.14059755951166153,0.21928434345991338,0.15071092247962953,0.011285998962451728,0.0,0.0,0.0,0.7555168628692627,0.24087638817374066,0.2826582342386246,0.05010205947057881,0.5162501037120819,0.9,0.7,-0.8477023184299469,0.46075390172167735,0.0620905565097928,0.025168076289648737,0.0,0.0,0.0,0.5199385978281498,0.3436750276494085,0.22411303371191024,0.044990516207780495,0.44305381178855896,1.0,0.3,-0.14126177057623862,0.2532636064798488,0.11379736959934235,0.009842048511132503,0.0,0.0,0.0
TENX117,1059,051x016,10946,35390,10,0.2631539136171341,0.176177048242085,0.17792192846536636,0.01660979461743518,0.0,0.0,0.0,0.06204989068210125,0.15037536902071946,0.1450588583946228,0.007141920547734622,0.0,0.0,0.0,0.7481152594089509,0.2373433843129147,0.2922976478934288,0.05119103791335056,0.5771770298480987,1.0,0.6,-0.9719251990318298,0.35731741086599117,0.05491924230009317,0.017976564995525596,0.0,0.0,0.0,0.4272064954042435,0.25833586433380185,0.21213454008102417,0.037877811546404044,0.422822967171669,1.0,0.4,-0.15066726747900247,0.20414587464028572,0.1176677979528904,0.011350387240698992,0.0,0.0,0.0
TENX117,1060,051x017,11677,35390,10,0.017172832787036896,0.11677714890718771,0.1608702301979065,0.013372476033075365,0.0,0.0,0.0,-0.11840186230838298,0.0716866058607499,0.14028521701693536,0.009003162532590522,0.0,0.0,0.0,0.5864701092243194,0.15131671225452012,0.28657557517290116,0.04297287572245208,0.5628950476646424,1.0,0.6,-1.0125823229551316,0.48744081878076856,0.06380191911011934,0.02610849636476056,0.0,0.0,0.0,0.3261427015066147,0.2212199233857348,0.22259155362844468,0.043319356991339396,0.4371049374341965,1.0,0.4,-0.22816218063235283,0.12294578615842906,0.12587547302246094,0.010484929208455793,0.0,0.0,0.0
TENX117,1061,051x018,12407,35390,10,-0.014427902549505234,0.1489835107843309,0.16187912225723267,0.013853468957201034,0.0,0.0,0.0,-0.08306147363036871,0.08042847772542747,0.1512082040309906,0.013568462614448792,0.0,0.0,0.0,0.5533941492438317,0.1644766485781163,0.28747771084308626,0.040203456571081084,0.5672307074069977,1.0,0.7,-1.0928404062986374,0.4839993400914924,0.061416260153055194,0.02826879607820391,0.0,0.0,0.0,0.27522650063037873,0.2357168793173971,0.21991277784109114,0.04400131761836937,0.43276927769184115,1.0,0.3,-0.33197998339310286,0.161171233939576,0.11810591444373131,0.012897291386848378,0.0,0.0,0.0
TENX117,1062,051x019,13138,35390,10,-0.06678171455860138,0.11991191735258204,0.15658775418996812,0.016562962235732906,0.0,0.0,0.0,-0.0913742572069168,0.12020760144646822,0.15217167139053345,0.00844040421237853,0.0,0.0,0.0,0.5241906464099884,0.17923747836038986,0.28490375727415085,0.04470964498766324,0.564886498451233,1.0,0.7,-1.0772741876542569,0.5837493568018652,0.06723241582512855,0.03838407279754767,0.03254841864109039,0.1,0.0,0.2465953215956688,0.25349793521872777,0.21885406225919724,0.050601669343877255,0.4025650918483734,0.9,0.3,-0.33335486948490145,0.12962868908509695,0.12025033906102181,0.015402643444420877,0.0,0.0,0.0
TENX117,1063,051x020,13869,35390,10,-0.09305734038352967,0.2709876993601522,0.14671563878655433,0.018647614613686987,0.0,0.0,0.0,-0.136640053242445,0.2281059993067126,0.13972596377134322,0.011070877743223986,0.0,0.0,0.0,0.5669577695429325,0.22528449486648616,0.2833791270852089,0.03340845873781564,0.5602576643228531,1.0,0.7,-0.5271945998072625,0.647191052889682,0.12352754697203636,0.08647897103082032,0.13711282908916472,0.3,0.1,0.18523334115743637,0.39167295751650616,0.19908024445176126,0.05226240831299049,0.3026295155286789,0.7,0.2,-0.406574650015682,0.2876781233462543,0.10757147744297982,0.016163232614187756,0.0,0.0,0.0
TENX117,1064,051x021,14600,35390,10,-0.023810935951769353,0.13668705093518646,0.1493767485022545,0.013536178168859447,0.0,0.0,0.0,-0.04487075060606003,0.1058269690720076,0.1456954762339592,0.0030329358732766516,0.0,0.0,0.0,0.6233479157090187,0.19152500318605137,0.2878428056836128,0.0461140931605271,0.5710467457771301,1.0,0.6,-1.156271430104971,0.7254279477397327,0.06295896777883173,0.043707802373964016,0.035203170776367185,0.1,0.0,0.3125164844095707,0.2980222291900923,0.21431371867656707,0.050805963609337056,0.3937500774860382,0.9,0.4,-0.09237032607197762,0.15789359610202658,0.13981227502226828,0.015965785810022597,0.0,0.0,0.0
TENX117,1065,051x022,15330,35390,10,-0.08874720446765423,0.12763563788376417,0.15023396015167237,0.012124650624668743,0.0,0.0,0.0,-0.10390213504433632,0.1584928652994316,0.14788715094327926,0.01058302360233625,0.0,0.0,0.0,0.5531593129038811,0.17368303695991452,0.28806690871715546,0.0449510729656946,0.5801494091749191,1.0,0.7,-1.2080919735133648,0.8677776113282203,0.0656991725321859,0.042089199422795626,0.033482643961906436,0.1,0.0,0.2139732763171196,0.27623500197229967,0.2088352546095848,0.05130538724142886,0.3863679587841034,0.9,0.3,-0.16660880781710147,0.1411388217199357,0.13927753567695617,0.014572519045261788,0.0,0.0,0.0
TENX117,1066,051x023,16061,35390,10,-0.04659976791590452,0.16592132933358064,0.1499925062060356,0.012683755582847121,0.0,0.0,0.0,-0.08048482909798622,0.14256247799954327,0.1445581302046776,0.004719709288944296,0.0,0.0,0.0,0.622912272810936,0.20747296413593563,0.2953525081276894,0.04488735395499209,0.5717206090688706,1.0,0.7,-1.114585855603218,0.5781466961543541,0.062158549670130014,0.034887059027918325,0.0,0.0,0.0,0.3249894671142101,0.29122352208225416,0.22208486050367354,0.048970263860692656,0.4282793790102005,1.0,0.3,-0.2231491081416607,0.1703303705916414,0.12585343345999717,0.01211778457627304,0.0,0.0,0.0
TENX117,1067,051x024,16792,35390,10,-0.1424477431923151,0.10349052045816173,0.14473479986190796,0.010473721720417955,0.0,0.0,0.0,-0.10546796210110188,0.09788196452943038,0.14999209195375443,0.007495369024328569,0.06899077892303467,0.2,0.0,0.48374672383069994,0.1342295128592688,0.2713594377040863,0.02622289174858408,0.5723406046628952,1.0,0.8,-0.8829586051404477,0.7231541147008449,0.08892049193382263,0.05441581602366747,0.03763652443885803,0.1,0.0,0.16053782925009727,0.2816510520258457,0.20150016099214554,0.04894272261384737,0.32103210389614106,0.7,0.2,-0.15605816766619682,0.17949906353916972,0.14349300563335418,0.01775191773334733,0.0,0.0,0.0
TENX117,1068,051x025,17522,35390,10,-0.07757860124111175,0.21045053065006614,0.15130921304225922,0.016073035696095986,0.0,0.0,0.0,-0.09403371922671795,0.15341049386568537,0.14814794659614564,0.006493175288398528,0.0,0.0,0.0,0.5362737208604813,0.1504778457707475,0.2798726111650467,0.031773656503801914,0.5843329787254333,1.0,0.9,-0.5338117517530918,0.48923950721874715,0.10716500449925662,0.04742357598435148,0.10608317255973816,0.3,0.0,0.136259925365448,0.3040919855870072,0.1916985258460045,0.04585387742649681,0.309583842754364,0.7,0.1,-0.29640864292159674,0.1805537346157143,0.12180669754743575,0.015072086200109141,0.0,0.0,0.0
TENX117,1069,051x026,18253,35390,10,-0.09565882608294488,0.1501041929493605,0.14586323201656343,0.012353124654480161,0.0,0.0,0.0,-0.03869594801217317,0.12980822997186303,0.15407663583755493,0.008410408128315451,0.0,0.0,0.0,0.5665848046541214,0.12765823729725315,0.28485545367002485,0.04123967290700321,0.566436305642128,1.0,0.7,-1.198230605572462,0.7766744816766121,0.06586070274934172,0.04804814068689684,0.03534641563892364,0.1,0.0,0.2735293410718441,0.325347439293176,0.21729676872491838,0.05513336259516177,0.39821727871894835,0.9,0.3,-0.19710445776581764,0.17503981879279773,0.13204720765352249,0.013794200162297984,0.0,0.0,0.0
TENX117,1070,051x027,18984,35390,10,0.0554228451102972,0.13511209415301703,0.14834030121564865,0.009271804895438426,0.0,0.0,0.0,0.08253511972725391,0.06830924041131049,0.15239958763122557,0.009201157641346524,0.0,0.0,0.0,0.6456256628036499,0.12774817132950825,0.269288370013237,0.033976112488853544,0.5355174362659454,1.0,0.5,-1.0690583765506745,0.6451527839183783,0.05802241042256355,0.03223616889978453,0.0,0.0,0.0,0.49985039606690407,0.26195692524811753,0.23552120476961136,0.046450868708298995,0.4644825577735901,1.0,0.5,-0.03060385063290596,0.17477082507499198,0.13642809987068177,0.012609976621961914,0.0,0.0,0.0
TENX117,1071,051x028,19715,35390,10,-0.08226814512163401,0.11535445374640385,0.15132515132427216,0.01224620796251314,0.0,0.0,0.0,-0.02722163088619709,0.09743874853490002,0.15950018614530564,0.006438847865472569,0.06669243276119233,0.2,0.0,0.537295788526535,0.14617545351520309,0.28311889320611955,0.03972851838793953,0.5816674292087555,1.0,0.8,-1.0394625335931778,0.6784009628361068,0.0711351914331317,0.039767683239257084,0.0,0.0,0.0,0.19279225468635558,0.2692332273871865,0.2035614177584648,0.044614465657478806,0.35164012014865875,0.8,0.2,-0.2255529820919037,0.13754733814567832,0.13135915473103524,0.013192027108494712,0.0,0.0,0.0
TENX117,1072,051x029,20445,35390,10,-0.13601497560739517,0.1520317907518091,0.14412520974874496,0.012686362384171595,0.0,0.0,0.0,-0.11929684989154339,0.125530537785525,0.14626722931861877,0.00908329395043871,0.0,0.0,0.0,0.48366119861602785,0.24777284398143765,0.2691001743078232,0.0342951673019508,0.5605961412191391,1.0,0.8,-0.7269719235599041,0.6982389693540527,0.09971914365887642,0.060687921772506925,0.11266535818576813,0.3,0.0,0.16058028861880302,0.30612768015054675,0.20011459290981293,0.05270395852019163,0.32673849165439606,0.7,0.2,-0.16411053538322448,0.20303558961651824,0.1406736418604851,0.017407897195865284,0.0,0.0,0.0
TENX117,1073,052x005,2908,36121,10,-0.0691562607884407,0.12769675117171417,0.15936063677072526,0.011162680897465763,0.0,0.0,0.0,-0.1454081002622843,0.09604979067778431,0.14774260073900222,0.011383230934081728,0.0,0.0,0.0,0.6034759655594826,0.17920673182385374,0.3131804555654526,0.03230144921216424,0.5689335405826569,1.0,1.0,-1.091282033920288,0.24221964091296408,0.05896729081869125,0.013920623119372148,0.0,0.0,0.0,0.3237495914101601,0.1495736410942468,0.23642052710056305,0.021153094653249885,0.4310664564371109,1.0,0.0,-0.7063676118850708,0.137481684486744,0.08432849496603012,0.0067857824729607935,0.0,0.0,0.0
TENX117,1074,052x006,3639,36121,10,0.10016441568732262,0.1111560458996841,0.1972002148628235,0.022680511905471514,0.24518977999687194,0.6,0.0,-0.16334213465452194,0.11575070647917857,0.15067267715930938,0.006607768754926799,0.0,0.0,0.0,0.513038695603609,0.2318761386474606,0.3005148351192474,0.05148365766996828,0.5943704187870026,1.0,1.0,-1.1628805935382842,0.41365563398050803,0.060458873584866527,0.022252331812587806,0.0,0.0,0.0,0.0759982518851757,0.14458627275040925,0.19271314442157744,0.024147347728219793,0.16043979823589324,0.4,0.0,-0.5916184514760972,0.11418679262186146,0.09844025149941445,0.008415353486091135,0.0,0.0,0.0
TENX117,1075,052x007,4370,36121,10,0.15344512909650804,0.11988975251766047,0.20485747903585433,0.015826333041151434,0.4189050942659378,1.0,0.0,-0.04933341220021248,0.1925702737668627,0.16717318296432496,0.011789384476363645,0.0,0.0,0.0,0.48434816896915434,0.2122296442393244,0.2875016301870346,0.04244614134139559,0.5810949087142945,1.0,1.0,-1.0278447151184082,0.34852054524623316,0.06513371802866459,0.016849110267095943,0.0,0.0,0.0,0.008525944501161575,0.1478809427948494,0.1782013863325119,0.02338121887798772,0.0,0.0,0.0,-0.5924543365836143,0.166169850277086,0.0971325933933258,0.00703476574147728,0.0,0.0,0.0
TENX117,1076,052x008,5100,36121,10,0.04813973531126976,0.19529518710680482,0.18092161417007446,0.015396114484456744,0.0,0.0,0.0,-0.16677489094436168,0.19716103776658347,0.14553026854991913,0.005962139429340369,0.0,0.0,0.0,0.47262770533561704,0.30174962151366735,0.28126210570335386,0.05553895285480095,0.553871214389801,1.0,0.8,-1.3426292687654495,0.4205280704681854,0.05133302342146635,0.03229136516742354,0.0,0.0,0.0,0.25171264410018923,0.22686514411800482,0.22286588847637176,0.02966869022310573,0.446128785610199,1.0,0.2,-0.3779319867491722,0.2049764357756251,0.11808711513876916,0.009311550769386176,0.0,0.0,0.0
TENX117,1077,052x009,5831,36121,10,0.2567258134484291,0.14688291935567588,0.2059803381562233,0.01531341103145555,0.43102489709854125,1.0,0.2,-0.012663725763559341,0.12522217627626156,0.15720405131578447,0.009670092954278751,0.0,0.0,0.0,0.538251943141222,0.24509670999272137,0.276200944185257,0.0464893673862434,0.5689750999212265,1.0,0.8,-1.4681218206882476,0.35547430432916727,0.04034369140863418,0.01984288744819229,0.0,0.0,0.0,0.08280053585767747,0.1626925623590516,0.17409271895885467,0.02297084291196837,0.0,0.0,0.0,-0.08616976961493492,0.16807295709124281,0.14617825895547867,0.010855365080344572,0.0,0.0,0.0
TENX117,1078,052x010,6562,36121,10,0.10483159720897675,0.06824964649287833,0.18496707826852798,0.014453335406402215,0.16640003323554992,0.4,0.0,-0.08010035399347544,0.1084814903813184,0.15333907306194305,0.004422764685178798,0.0,0.0,0.0,0.5253877684473991,0.2720521336673633,0.28549145460128783,0.05071708846207846,0.5897651463747025,1.0,0.9,-1.154322999715805,0.4862590772017042,0.059768776036798955,0.0318013333847308,0.0,0.0,0.0,0.11428653970360755,0.10228432106522449,0.18741746693849565,0.022098900218189794,0.2438348114490509,0.6,0.1,-0.2537692040205002,0.06566486224164803,0.12901616320014,0.006852289466270126,0.0,0.0,0.0
TENX117,1079,052x011,7292,36121,10,0.21979182735085487,0.10433550914324921,0.2012352854013443,0.019005761052458825,0.3178483545780182,0.8,0.0,-0.042247334867715834,0.09169031334614056,0.15440007895231248,0.008421707885397362,0.0,0.0,0.0,0.579533657245338,0.27130487503161194,0.2919702798128128,0.05249370460507952,0.5379834532737732,0.9,0.9,-1.5557973027229308,0.18904660122105088,0.0345689695328474,0.006757306274231389,0.0,0.0,0.0,0.16598866283893585,0.15880597498759652,0.1920095846056938,0.0291025317712235,0.14416819512844087,0.3,0.1,-0.2500482276082039,0.15679516898828322,0.1258157916367054,0.012282427592330123,0.0,0.0,0.0
TENX117,1080,052x012,8023,36121,10,0.11218773275613785,0.08710504832352303,0.18990518301725387,0.020176515774696605,0.39157222807407377,1.0,0.0,-0.16870485283434392,0.08071950230762007,0.14271758049726485,0.005816999275972418,0.0,0.0,0.0,0.561870177090168,0.2496086133732257,0.30149984508752825,0.056834480251108446,0.608427780866623,1.0,1.0,-0.7837411433458328,0.38829775111576575,0.08302918821573257,0.032395047477523094,0.0,0.0,0.0,-0.035718710720539094,0.15586893250214917,0.16531994566321373,0.028453251093261963,0.0,0.0,0.0,-0.3670386075973511,0.08799517655176188,0.11752827689051629,0.01189987244743243,0.0,0.0,0.0
TENX117,1081,052x013,8754,36121,10,-0.02591688483953476,0.1576700448025369,0.17125479876995087,0.01957340408831754,0.0,0.0,0.0,-0.19664118774235248,0.15705681594808207,0.14370684027671815,0.009136545564344819,0.0,0.0,0.0,0.5176719404757023,0.28578964650991817,0.2992003381252289,0.06032681625785553,0.5921526104211807,1.0,0.8,-1.114662915468216,0.37899759841282976,0.0620545843616128,0.02205826351885671,0.0,0.0,0.0,0.13188345059752465,0.21174401935107304,0.20239343345165253,0.0360468100518266,0.4078473895788193,1.0,0.2,-0.3663624428212643,0.1397803685767074,0.12139000371098518,0.009169824260766186,0.0,0.0,0.0
TENX117,1082,052x014,9485,36121,10,0.08629357740283013,0.17501749744845496,0.15656676143407822,0.015950662876714306,0.0,0.0,0.0,-0.0024996601045131684,0.15193447744556512,0.14260983914136888,0.005004900615622972,0.0,0.0,0.0,0.6841392919421196,0.21044761617561825,0.28810633569955824,0.05329431501575672,0.5539088785648346,1.0,0.5,-0.893646103143692,0.5300399625021341,0.06641676258295774,0.030485352040884144,0.0,0.0,0.0,0.459798264503479,0.2605152550632106,0.23139243423938752,0.048649485480983364,0.4460911095142365,1.0,0.5,-0.22188617549836637,0.17233739159250405,0.11490787044167519,0.01025600983103622,0.0,0.0,0.0
TENX117,1083,052x015,10215,36121,10,0.07014048062264919,0.145274069832706,0.1618250072002411,0.013026478079650237,0.0,0.0,0.0,-0.06168888472020626,0.1584368099637633,0.1416512221097946,0.008802830833130609,0.0,0.0,0.0,0.616284467279911,0.2051559500842695,0.2823766753077507,0.046229648683798606,0.5453847438097,1.0,0.5,-1.0588787078857422,0.4843704914208991,0.0578895540907979,0.025260161313434237,0.0,0.0,0.0,0.4287338227033615,0.21810316774531827,0.23518269509077072,0.04478647557625241,0.45461525619029997,1.0,0.5,-0.2228689569979906,0.13728394285661713,0.12107484340667725,0.013391431595518075,0.0,0.0,0.0
TENX117,1084,052x016,10946,36121,10,0.07599430233240127,0.1376112157154958,0.16054863929748536,0.01456455873597175,0.0,0.0,0.0,-0.05546316634863615,0.053448152979636745,0.14034544676542282,0.006397770708113869,0.0,0.0,0.0,0.6944647371768952,0.13327235919650895,0.2999254733324051,0.04358772118058582,0.5701455950737,1.0,0.7,-1.173516857624054,0.7207954370953767,0.05887274472042918,0.039202765975415776,0.0,0.0,0.0,0.40252232998609544,0.26888813508783527,0.22774036973714828,0.052340642994175506,0.42985441386699674,1.0,0.3,-0.2803570557385683,0.14030156459382506,0.1125673234462738,0.011650147847497003,0.0,0.0,0.0
TENX117,1085,052x017,11677,36121,10,0.01873935982584953,0.12022579132308385,0.1666606366634369,0.016835767050721904,0.0,0.0,0.0,-0.1009981781244278,0.1876349083871404,0.1473688542842865,0.008631745366539418,0.0,0.0,0.0,0.517636489868164,0.26435207390640286,0.2765785425901413,0.0428957181174423,0.5584908813238144,1.0,0.6,-0.7935483366250992,0.40252149584475655,0.07811440490186214,0.02750256610417126,0.0,0.0,0.0,0.2752022735774517,0.2237417524898172,0.219098798930645,0.045537710097592166,0.44150913059711455,1.0,0.4,-0.37714589238166807,0.10797319707509492,0.11217877119779587,0.011381538855583474,0.0,0.0,0.0
TENX117,1086,052x018,12407,36121,10,0.06699573621153831,0.1884048719319023,0.1637844368815422,0.014625019568338511,0.0,0.0,0.0,-0.026233329251408578,0.09127995105891397,0.1487959533929825,0.0071811006338140864,0.03135899603366852,0.1,0.0,0.6555082023143768,0.16139208029148036,0.2972336024045944,0.044350174261779146,0.5738497287034988,1.0,0.7,-1.239667197316885,0.5996516104692893,0.05358558483421803,0.03407175812084534,0.0,0.0,0.0,0.3435385935008526,0.29912102180211547,0.2209181308746338,0.05035064957423372,0.3947912633419037,0.9,0.3,-0.28204443752765657,0.16991286910434283,0.1156823068857193,0.011777248312239757,0.0,0.0,0.0
TENX117,1087,052x019,13138,36121,10,0.057288511842489245,0.1855591626734818,0.15184675455093383,0.014493328787518597,0.0,0.0,0.0,0.03484487161040306,0.12948341530217866,0.14800557792186736,0.007818932426319975,0.0,0.0,0.0,0.6631355732679367,0.1297515217502926,0.2793412372469902,0.03512660950342304,0.5742562144994736,1.0,0.6,-0.8224099658429622,0.6144838721419922,0.07662177290767432,0.04529824162331201,0.0,0.0,0.0,0.3546043120324612,0.3193634830051117,0.2091442823410034,0.04827380848528447,0.42574378550052644,1.0,0.4,-0.0630484157241881,0.20602110964400855,0.13504036739468575,0.01652257866974555,0.0,0.0,0.0
TENX117,1088,052x020,13869,36121,10,0.030561237968504427,0.16029478298727573,0.15151556804776192,0.016574616285869176,0.0,0.0,0.0,0.03287469279021025,0.07221707509414824,0.15119078755378723,0.00875420610182807,0.0,0.0,0.0,0.672694182395935,0.17041851596974397,0.2900258168578148,0.04691429760409452,0.5743950724601745,1.0,0.7,-0.8562670066952706,0.6394571402430993,0.07717523276805878,0.04827617587377706,0.06624743640422821,0.2,0.0,0.3401817217469215,0.29494551300814836,0.21169487088918687,0.05238197420503808,0.35935749113559723,0.8,0.3,-0.218717323243618,0.18314470959620593,0.11839771270751953,0.015519773809272198,0.0,0.0,0.0
TENX117,1089,052x021,14600,36121,10,-0.07419602051377297,0.18525003455234734,0.14756746143102645,0.009876121759674698,0.0,0.0,0.0,-0.14139912128448487,0.15082467302868982,0.13804139643907548,0.010309512683583133,0.0,0.0,0.0,0.5925586432218551,0.12978349666375547,0.2879951879382133,0.02616422024637047,0.5734248220920563,1.0,0.9,-0.997328232228756,0.715245767193455,0.07823350206017494,0.05507366873224801,0.07234004139900208,0.2,0.0,0.2655477665364742,0.3407239714611372,0.21333090960979462,0.05246096623231641,0.3542351365089417,0.8,0.1,-0.1684792511165142,0.2093947793080297,0.13483154624700547,0.014948825420699804,0.0,0.0,0.0
TENX117,1090,052x022,15330,36121,10,-0.14326266199350357,0.13883246757711196,0.15606425404548646,0.013730711001723852,0.0,0.0,0.0,-0.19026341289281845,0.10548845629799977,0.14859748780727386,0.008861347848592787,0.030057170987129213,0.1,0.0,0.5436686530709267,0.17613538477680155,0.31121742725372314,0.03690332761599425,0.6057647287845611,1.0,1.0,-1.016446080803871,0.5567315526717233,0.07406560853123664,0.03600783901842871,0.0,0.0,0.0,0.09908639192581177,0.23368090053472407,0.20325885862112045,0.045476843021141335,0.3641781032085419,0.9,0.0,-0.5267558082938194,0.1597958024540942,0.10679637491703034,0.013548809610364592,0.0,0.0,0.0
TENX117,1091,052x023,16061,36121,10,-0.09001456052064896,0.1541507190124385,0.15353367924690248,0.014397024395428008,0.0,0.0,0.0,-0.09218371026217938,0.16634926580655016,0.15297871381044387,0.012418385490141452,0.031350168585777285,0.1,0.0,0.5215329825878143,0.21506531773430823,0.28437670320272446,0.038992240466827886,0.5819742977619171,1.0,0.7,-0.8329175621271133,0.6199189906197703,0.08726371880620717,0.05085513981588582,0.04118319153785706,0.1,0.0,0.1284021891653538,0.2960499723654789,0.19648095220327377,0.04998512095449925,0.34549235701560976,0.8,0.3,-0.2960585650056601,0.1595577827980074,0.12536623254418372,0.015620380613333252,0.0,0.0,0.0
TENX117,1092,052x024,16792,36121,10,0.022396180778741837,0.15797433151704252,0.15419082939624787,0.014854506094069925,0.0,0.0,0.0,-0.006064321659505367,0.13394993056064844,0.14960701763629913,0.011489091130758834,0.030244067311286926,0.1,0.0,0.6339934393763542,0.20118760284460604,0.287436380982399,0.05094981001405416,0.569716340303421,1.0,0.6,-1.171999317407608,0.6656967573337705,0.056871026568114755,0.032090100941181476,0.0,0.0,0.0,0.34095719903707505,0.30755897610244176,0.21738588213920593,0.05277736791238326,0.4000395923852921,0.9,0.4,-0.11458896175026893,0.17986118935521242,0.1345088668167591,0.01351646990322199,0.0,0.0,0.0
TENX117,1093,052x025,17522,36121,10,-0.07230920381844044,0.09992620163755075,0.1404851034283638,0.007984952828181537,0.0,0.0,0.0,-0.011686171218752862,0.10488149303307222,0.14924895465373994,0.007959234496201414,0.0,0.0,0.0,0.6722466856241226,0.15398127821780425,0.29627867639064787,0.023593831604210726,0.58109150826931,1.0,0.9,-0.8124979458749294,0.6253663225972893,0.08070178460329772,0.04429899000097413,0.0,0.0,0.0,0.33844586834311485,0.2643814821464641,0.2166956454515457,0.04709802340053501,0.41890848278999326,1.0,0.1,-0.26249667033553126,0.16351264904582738,0.11658980622887612,0.012046792707640855,0.0,0.0,0.0
TENX117,1094,052x026,18253,36121,10,-0.06850235443562269,0.12531294781682256,0.14449923783540725,0.010163816970929803,0.0,0.0,0.0,-0.051344162225723265,0.06311631968676025,0.14705860018730163,0.010766120586417266,0.0,0.0,0.0,0.6278308898210525,0.164237193425315,0.2908135622739792,0.030467671922420458,0.5770202994346618,1.0,0.7,-0.7431499183177948,0.5447706141019759,0.08344462849199771,0.041188678708171444,0.03368898630142212,0.1,0.0,0.3080047510564327,0.24062115028943293,0.21488527208566666,0.04540970901055138,0.3892907083034515,0.9,0.3,-0.2639451362192631,0.169650706689821,0.11929868459701538,0.013317346989742802,0.0,0.0,0.0
TENX117,1095,052x027,18984,36121,10,-0.16698605231940747,0.13872464252888406,0.14434242695569993,0.01108559994248525,0.0,0.0,0.0,-0.09857798237353563,0.14428492934423537,0.1541981041431427,0.00516747002087686,0.0,0.0,0.0,0.5279059886932373,0.17569749854272546,0.29074236154556277,0.036934640365880136,0.5768710166215897,1.0,0.7,-1.088130310177803,0.654748649698692,0.0698001867160201,0.03982787774619288,0.0,0.0,0.0,0.2087943434715271,0.2720401562535753,0.2153267592191696,0.049760749379382664,0.42312897443771363,1.0,0.3,-0.3080866128206253,0.1612493654826915,0.12559013515710832,0.012338174709058652,0.0,0.0,0.0
TENX117,1096,052x028,19715,36121,10,-0.013101297616958617,0.1911481846015068,0.15436807721853257,0.01342430235427731,0.0,0.0,0.0,-0.1014520563185215,0.11903087845030019,0.14097043722867966,0.007328953125782512,0.0,0.0,0.0,0.5208776876330375,0.16761086859053992,0.2644538938999176,0.033655762379986714,0.5577560931444168,1.0,0.5,-0.6469489075243473,0.5875629374174597,0.0949105704203248,0.0470770912560014,0.03614883720874786,0.1,0.0,0.272221864014864,0.2828943037973252,0.21001582443714142,0.0475711795278196,0.40609506964683534,0.9,0.5,-0.14935309290885926,0.21267122813925096,0.13528118655085564,0.01735068723084341,0.0,0.0,0.0
TENX117,1097,052x029,20445,36121,10,-0.07973997183144092,0.14067577801973083,0.14950888901948928,0.010650932631376,0.0,0.0,0.0,-0.11122107617557049,0.12006585708520404,0.14513694420456885,0.013498935660335078,0.0,0.0,0.0,0.5153835624456405,0.21147898920484914,0.27333661913871765,0.03948293351576453,0.5331177651882172,1.0,0.5,-1.0722811311483382,0.6019274619753865,0.06687410529702902,0.03486325400211256,0.0,0.0,0.0,0.3786765687167645,0.2856115115221721,0.241468545794487,0.051995382264780794,0.46688222587108613,1.0,0.5,-0.2726338215172291,0.18558310159190253,0.12367489412426949,0.013341167490762498,0.0,0.0,0.0
TENX117,1098,053x006,3639,36852,10,-0.0024170055985450745,0.08658847295108259,0.15688286125659942,0.016648471822360508,0.0,0.0,0.0,-0.08378512356430293,0.07069515015397003,0.14402761161327363,0.007472557835148311,0.0,0.0,0.0,0.6072724431753158,0.17080371504767805,0.29023108035326006,0.0421887300240563,0.5184499710798264,1.0,0.5,-1.034272226691246,0.4369168563718382,0.05986243095248937,0.020811982606417336,0.0,0.0,0.0,0.5324228852987289,0.09498595107843989,0.2678369805216789,0.02857666981815217,0.4815500408411026,1.0,0.5,-0.6589266061782837,0.06755744430800682,0.08115903288125992,0.0062248635925288166,0.0,0.0,0.0
TENX117,1099,053x007,4370,36852,10,0.10667466595768929,0.11270884700646892,0.1980840966105461,0.01496466877692179,0.1244682639837265,0.3,0.0,-0.15492809787392617,0.14422360206691648,0.15237746238708497,0.009782530865946484,0.0,0.0,0.0,0.4459366537630558,0.19331897709331297,0.2808623120188713,0.04433785518417682,0.5167705714702606,0.9,0.8,-1.339023169875145,0.47953265672730855,0.053690540790557864,0.029605220883289356,0.0,0.0,0.0,0.19132082983851434,0.1620627924000911,0.2166684240102768,0.027266428537389337,0.3587611734867096,0.8,0.2,-0.5957925155758858,0.1452943894151338,0.09831716939806938,0.00979942706850296,0.0,0.0,0.0
TENX117,1100,053x008,5100,36852,10,0.10602345392107963,0.10955741476774648,0.19281212836503983,0.01886132518886854,0.13181278109550476,0.3,0.0,-0.12980305664241315,0.1088051483270241,0.1522623747587204,0.014506985983378322,0.0,0.0,0.0,0.4726934595033526,0.25531779253725106,0.2817643120884895,0.05136417727279794,0.4612433105707169,0.8,0.6,-1.5150936126708985,0.3474379158907713,0.040050547756254676,0.012281282082203002,0.0,0.0,0.0,0.2564275190234184,0.16328323405299572,0.22517492324113847,0.03090401591987518,0.4069439351558685,0.9,0.4,-0.4736709758639336,0.1517497241493459,0.10793573558330535,0.010113770152674966,0.0,0.0,0.0
TENX117,1101,053x009,5831,36852,10,0.0389517031610012,0.10676532877098928,0.17610636055469514,0.015937266389361705,0.0,0.0,0.0,-0.06755300685763359,0.09392950910650075,0.15801146030426025,0.01043178699031072,0.03246791660785675,0.1,0.0,0.5280330270528794,0.23118519645250493,0.29035970866680144,0.049237642106046885,0.5795747309923172,1.0,0.9,-1.3984637618064881,0.16551264425219428,0.04298301227390766,0.010777190324055308,0.0,0.0,0.0,0.20042929351329802,0.16286956407772019,0.2079122096300125,0.027507576272702693,0.38795735239982604,0.9,0.1,-0.30497153103351593,0.10575639747181975,0.12462724521756172,0.008320542445554219,0.0,0.0,0.0
TENX117,1102,053x010,6562,36852,10,0.2977449998259544,0.12315436959529506,0.19633432626724243,0.019070287481894856,0.20278140604496003,0.5,0.1,0.10310424230992794,0.07604694545540494,0.1610702320933342,0.008278255062661133,0.0,0.0,0.0,0.6642351180315018,0.21620410807050067,0.2863891080021858,0.05016339176997392,0.5772802114486695,1.0,0.7,-1.5230388581752776,0.5388625162483069,0.0379347562789917,0.02377283815553325,0.0,0.0,0.0,0.2959652245044708,0.16453069614304702,0.19710971564054489,0.028792199281609403,0.21993837654590606,0.5,0.2,-0.18200977370142937,0.08066097623122064,0.12116186171770096,0.007121597576524846,0.0,0.0,0.0
TENX117,1103,053x011,7292,36852,10,0.13449107408523558,0.08311758260479715,0.19367201030254363,0.013596803293056963,0.26354162096977235,0.7,0.0,-0.08285062070935964,0.11240029613071534,0.15587266236543657,0.011269961502565174,0.0,0.0,0.0,0.5629551485180855,0.1988908848674624,0.2998728707432747,0.044384974393937536,0.6009602844715118,1.0,1.0,-1.3595803320407867,0.4119967303920382,0.04627672508358956,0.016892060443295033,0.0,0.0,0.0,0.06801277324557305,0.10462622587371315,0.18260697573423385,0.025894634834683693,0.13549807965755462,0.3,0.0,-0.3313029929995537,0.09990958712535321,0.12169875651597976,0.010422746860664125,0.0,0.0,0.0
TENX117,1104,053x012,8023,36852,10,0.27032566368579863,0.13245515425130866,0.19681368321180343,0.01963661895323164,0.31768696904182436,0.8,0.2,0.004693903028964996,0.13363560099316069,0.15032152831554413,0.0069174271739246285,0.0,0.0,0.0,0.6634924501180649,0.20697361253836122,0.29452540874481203,0.049838299056854,0.5912978678941727,1.0,0.8,-1.1574974417686463,0.26658726586372805,0.04930602014064789,0.015461190493986313,0.0,0.0,0.0,0.21471907645463945,0.1919315156392592,0.1873904913663864,0.028215840476957983,0.09101516008377075,0.2,0.0,-0.21030911728739737,0.1577684488331295,0.12164285257458687,0.011417636634422657,0.0,0.0,0.0
TENX117,1105,053x013,8754,36852,10,0.06910847276449203,0.1449289219211562,0.17395178973674774,0.02121456522797737,0.22926027774810792,0.7,0.0,-0.07814185805618763,0.10560736426697571,0.1491916596889496,0.007271865826235302,0.0,0.0,0.0,0.6503370583057404,0.22999323203528058,0.3149523094296455,0.06214137085334077,0.6354044318199158,1.0,1.0,-1.0368301272392273,0.30456517382616094,0.05983859971165657,0.018322111149628246,0.0,0.0,0.0,-0.007108725607395172,0.20264758586879958,0.1632693499326706,0.03269413516415735,0.1353352725505829,0.3,0.0,-0.15273319641128183,0.10015998783819677,0.13879630714654922,0.01168833080325015,0.0,0.0,0.0
TENX117,1106,053x014,9485,36852,10,-0.019050870835781098,0.1602668788500293,0.16045375168323517,0.015077677848324582,0.0,0.0,0.0,-0.10171144232153892,0.11662161614237958,0.14725319743156434,0.007315701160675286,0.0,0.0,0.0,0.5457725808024406,0.17730573915528103,0.2845011830329895,0.04416775518132894,0.5809459060430526,1.0,0.7,-0.7053410798311234,0.31147085419507214,0.0860774464905262,0.03209037704192881,0.0,0.0,0.0,0.21013300344347954,0.25194845947478417,0.20457710921764374,0.038947124127665884,0.41905408501625063,1.0,0.3,-0.3331397376954556,0.16115220232797045,0.11713730022311211,0.010314874009958612,0.0,0.0,0.0
TENX117,1107,053x015,10215,36852,10,0.03344996720552444,0.18017021907102598,0.16042831689119338,0.014131732268821938,0.0,0.0,0.0,-0.03922523576766253,0.13940090421854853,0.14881145507097243,0.007636666572877029,0.0,0.0,0.0,0.5997570008039474,0.2751738821224413,0.28597885370254517,0.04992818616938025,0.5547230571508408,1.0,0.5,-1.0102182924747467,0.3994255626183935,0.061015724949538705,0.021472732183338242,0.0,0.0,0.0,0.3727856852114201,0.2540636563179111,0.22852629721164702,0.04345600842334438,0.44527692794799806,1.0,0.5,-0.29735784232616425,0.20802784268904254,0.11523935049772263,0.010236198428706968,0.0,0.0,0.0
TENX117,1108,053x016,10946,36852,10,-0.1522847056388855,0.1719695886488001,0.1496355026960373,0.01359679387437367,0.0,0.0,0.0,-0.2132378403097391,0.10007747729447485,0.14058036655187606,0.010236684533746335,0.032105347514152525,0.1,0.0,0.5405571773648262,0.1587608461981749,0.3008912280201912,0.041830979121816214,0.5904478609561921,1.0,0.8,-1.2135203182697296,0.6053142493635953,0.06301735136657953,0.03959805214475386,0.0,0.0,0.0,0.1535293273627758,0.31836687223514226,0.208984811604023,0.052423516713640615,0.377446785569191,0.9,0.2,-0.24325457736849784,0.16418805352166738,0.13689075410366058,0.015057148439800308,0.0,0.0,0.0
TENX117,1109,053x017,11677,36852,10,-0.04495720118284226,0.12630062180999907,0.1612168401479721,0.02012717874849775,0.031239694356918334,0.1,0.0,-0.09872204959392547,0.04444822146738179,0.15192576199769975,0.010066376021070692,0.06330626010894776,0.2,0.0,0.5218284219503403,0.1678701296465609,0.28533905893564226,0.043327846380022905,0.5971842527389526,1.0,0.9,-0.7595221012830734,0.5868492015705027,0.09066492784768343,0.046304003220273726,0.03713156580924988,0.1,0.0,0.0574517548084259,0.2282720038899453,0.1822338357567787,0.043118579247780814,0.2711382478475571,0.6,0.1,-0.27015697956085205,0.11711378350749109,0.12861958667635917,0.015164306654731662,0.0,0.0,0.0
TENX117,1110,053x018,12407,36852,10,0.05491172671318054,0.11919367630041705,0.15798116028308867,0.013646087909434047,0.0,0.0,0.0,-0.03360448703169823,0.07178489971241185,0.14424754530191422,0.007563251954212983,0.0,0.0,0.0,0.618083581328392,0.169590077631922,0.28102758824825286,0.05034143600069537,0.5451283812522888,1.0,0.6,-1.1885909616947175,0.6395961116829436,0.05370670277625322,0.02607115746573955,0.0,0.0,0.0,0.4302463047206402,0.25071954400626206,0.23483877927064895,0.05222279182611419,0.4548716127872467,1.0,0.4,-0.15408629942685365,0.12474989126080217,0.12819823548197745,0.011377669757093093,0.0,0.0,0.0
TENX117,1111,053x019,13138,36852,10,-0.10244338661432266,0.10785447211184755,0.15234791189432145,0.015316007148354164,0.0,0.0,0.0,-0.08330401442945004,0.0669757784796882,0.15484947413206102,0.009770176802595941,0.0677828162908554,0.2,0.0,0.5286391071975232,0.19147731286428135,0.2873405084013939,0.035805425970739595,0.588692358136177,1.0,0.9,-0.8701645493507385,0.5145582776413248,0.0797581471502781,0.03892541731124925,0.0,0.0,0.0,0.1525725953280926,0.24200245778274138,0.20006578117609025,0.04182220820155326,0.34352482855319977,0.8,0.1,-0.29781320616602897,0.14835889737815502,0.12563816905021669,0.015441651436939997,0.0,0.0,0.0
TENX117,1112,053x020,13869,36852,10,0.012912504374980927,0.1684640060833563,0.1533583000302315,0.012246038760839772,0.0,0.0,0.0,-0.007615822553634644,0.15490322523882072,0.15003082156181335,0.008726234297949454,0.0,0.0,0.0,0.6050751328468322,0.14390495187057775,0.2794795840978622,0.04127278549825126,0.5623816132545472,1.0,0.7,-0.9857905000448227,0.5345353117776476,0.06532350368797779,0.03417471328868214,0.0,0.0,0.0,0.3461724638938904,0.28278208183805176,0.21848847568035126,0.04716407295026525,0.43761840760707854,1.0,0.3,-0.12851680228486656,0.18072308848270402,0.13331931456923485,0.012726094555888683,0.0,0.0,0.0
TENX117,1113,053x021,14600,36852,10,-0.10120251215994358,0.16530303861712228,0.15148897469043732,0.012749145207518651,0.0,0.0,0.0,-0.15317083299160003,0.18509215107969307,0.14345861375331878,0.006656158404499403,0.0,0.0,0.0,0.4944540746510029,0.20193222685032974,0.2764191433787346,0.037428685430190255,0.5471772819757461,1.0,0.5,-1.0332102917134762,0.7020720688413229,0.07338794711977244,0.04488191585605118,0.0,0.0,0.0,0.29892560839653015,0.263150231028371,0.23143577873706817,0.05291452409484549,0.4528227120637894,1.0,0.5,-0.3059329532086849,0.16779271276033703,0.12380955144762992,0.01415947106496884,0.0,0.0,0.0
TENX117,1114,053x022,15330,36852,10,-0.1204600341618061,0.1248373383969276,0.14672393798828126,0.010624842751147341,0.0,0.0,0.0,-0.08334707040339709,0.10266730552154127,0.1519725114107132,0.00555919007116291,0.0,0.0,0.0,0.47231326401233675,0.15071039918810908,0.26647064834833145,0.030150345900556715,0.5555227696895599,1.0,0.6,-0.7381009988486766,0.4762463651165805,0.08829563334584237,0.03741414511236229,0.0,0.0,0.0,0.2443955808877945,0.2295521958425485,0.21487776339054107,0.042083190904387675,0.44447721242904664,1.0,0.4,-0.23076287433505058,0.1443893782568367,0.13165949508547783,0.012618130540804623,0.0,0.0,0.0
TENX117,1115,053x023,16061,36852,10,-0.08895798772573471,0.08259824530690393,0.14932577610015868,0.010339192256917571,0.0,0.0,0.0,-0.06794416159391403,0.10644896586772419,0.1525168463587761,0.010832689959815019,0.0354383647441864,0.1,0.0,0.48949039578437803,0.1342280436574685,0.26796761006116865,0.035319903544344194,0.5516206979751587,1.0,0.6,-1.144755771011114,0.6809842002619055,0.06356085035949946,0.037722441900806786,0.0,0.0,0.0,0.27078227028250695,0.22613883971061563,0.21909349262714387,0.049627229432714214,0.4129409432411194,0.9,0.4,-0.10230532372370363,0.08892270729363969,0.14753542393445968,0.012651069242278018,0.0,0.0,0.0
TENX117,1116,053x024,16792,36852,10,-0.006152775511145592,0.15529708732006858,0.1568784683942795,0.0182892441968299,0.0,0.0,0.0,-0.07943467982113361,0.07906557583472201,0.14488008618354797,0.004332292997200921,0.0,0.0,0.0,0.6227144628763199,0.1951392055969074,0.2969434067606926,0.05225928276454359,0.5952592968940735,1.0,0.8,-1.3174319386482238,0.5253437667641098,0.04813075596466661,0.02368982807278664,0.0,0.0,0.0,0.2222749650478363,0.27561188502635564,0.20054910182952881,0.04336556328868956,0.4047407001256943,1.0,0.2,-0.031708916276693346,0.1508308004799289,0.1526181861758232,0.014830067032576022,0.0,0.0,0.0
TENX117,1117,053x025,17522,36852,10,0.06348959133028984,0.12914774511638413,0.16161616146564484,0.019873417482203174,0.030544871091842653,0.1,0.0,0.021952554956078528,0.08973994546653676,0.1541418179869652,0.008654485472122978,0.12547130286693572,0.4,0.0,0.6907520890235901,0.16190831050330023,0.30392827838659286,0.04629286208176502,0.6159443497657776,1.0,1.0,-0.7166591882705688,0.33846796526129774,0.07849015817046165,0.025774640295209816,0.0,0.0,0.0,0.16871890053153038,0.2638240221785353,0.18231981992721558,0.03880998119156719,0.22803947031497956,0.5,0.0,-0.23699791207909585,0.14609326638443507,0.11950374394655228,0.013187491456686958,0.0,0.0,0.0
TENX117,1118,053x026,18253,36852,10,-0.11481962949037552,0.19738044992953616,0.15015859156847,0.010169380036949652,0.0,0.0,0.0,-0.03213944174349308,0.14974666470624545,0.16292538195848466,0.00799491624865617,0.0,0.0,0.0,0.4042242899537086,0.26671057220795713,0.25417379289865494,0.034908562775912366,0.5187169909477234,1.0,0.5,-1.2917100876569747,0.7123434901646494,0.05838835369795561,0.03574608394674273,0.0,0.0,0.0,0.3270877107977867,0.30008181520190197,0.23850273340940475,0.050659974414738886,0.4812829911708832,1.0,0.5,-0.21542587727308274,0.2197595774166546,0.13585115373134612,0.010077774799124736,0.0,0.0,0.0
TENX117,1119,053x027,18984,36852,10,0.106621415913105,0.144251454722336,0.15429914891719818,0.0094631163212337,0.0,0.0,0.0,0.09116356596350669,0.12493471753950566,0.1517778977751732,0.0062356971461212775,0.0,0.0,0.0,0.6430835485458374,0.17763762283100354,0.2657750114798546,0.036191953730414804,0.5335461229085923,1.0,0.5,-1.0049904584884644,0.5553966985316375,0.061248371563851836,0.036207282948069255,0.0,0.0,0.0,0.5054284192621707,0.29078810456069965,0.2341238483786583,0.046506879327027996,0.46645388007164,1.0,0.5,-0.046159423887729645,0.1985155516507267,0.13277573212981225,0.012477367864977398,0.0,0.0,0.0
TENX117,1120,053x028,19715,36852,10,-0.10009465496987105,0.11165378361922744,0.1488935261964798,0.013648675308271548,0.0,0.0,0.0,-0.13183731622993947,0.08258079557925307,0.14377685785293579,0.006569740038811997,0.0,0.0,0.0,0.550958375632763,0.2016170020373642,0.28759734630584716,0.043481407020836166,0.5697822004556656,1.0,0.6,-0.9560368977487087,0.6194000679996677,0.07598758824169635,0.044171746426283645,0.03518975675106049,0.1,0.0,0.24553429782390596,0.23783160390937702,0.21513287276029586,0.04934513550733976,0.39502806663513185,0.9,0.4,-0.24912300035357476,0.14171065332899654,0.12861181274056435,0.0148987836054405,0.0,0.0,0.0
TENX117,1121,053x029,20445,36852,10,-0.08121569063514471,0.10201906682534947,0.1509254515171051,0.013244234793123007,0.0,0.0,0.0,-0.08782226555049419,0.04799814330332665,0.14951410740613938,0.006666899347364043,0.0,0.0,0.0,0.5174172595143318,0.14341389060899043,0.2765396013855934,0.039539105783000274,0.5482795923948288,1.0,0.5,-1.0361507527530194,0.7362339089925167,0.07325778342783451,0.0460304031957339,0.0,0.0,0.0,0.31805906295776365,0.24065846655555787,0.23026743829250335,0.052831233257201356,0.45172039270401,1.0,0.5,-0.31591654270887376,0.1180995347765422,0.11949561461806298,0.011808825199088682,0.0,0.0,0.0
TENX117,1122,054x007,4370,37582,10,-0.12142005916684866,0.11186806233261896,0.147732275724411,0.007971890025640367,0.0,0.0,0.0,-0.11759625263512134,0.14529721790771133,0.14842229187488556,0.009958033664072882,0.0,0.0,0.0,0.49438122138381,0.1813822869664998,0.27450302094221113,0.027489774599729715,0.5179848909378052,1.0,0.5,-0.6496164798736572,0.224589298579411,0.09155286513268948,0.03200055832989645,0.0,0.0,0.0,0.42183313593268396,0.17886191260183043,0.2554017692804337,0.027366072061634026,0.48201512098312377,1.0,0.5,-0.7081405103206635,0.15079745081049137,0.08238779231905938,0.007667020855347315,0.0,0.0,0.0
TENX117,1123,054x008,5100,37582,10,0.01646551564335823,0.12563012316423713,0.16897569894790648,0.01987616832552695,0.0,0.0,0.0,-0.1125122543424368,0.09141884441475867,0.1476811110973358,0.008968912739718221,0.0,0.0,0.0,0.5112935990095139,0.15881273478933244,0.2773005425930023,0.035430936616272335,0.5339027106761932,1.0,0.8,-0.6152692109346389,0.6291020983342182,0.11111148335039615,0.08521908934431333,0.10465668439865113,0.2,0.1,0.24435392692685126,0.2260012986144742,0.21558883115649224,0.041128211157566257,0.36144059896469116,0.8,0.1,-0.7427924036979675,0.15106644273655156,0.0793423481285572,0.010791598038689258,0.0,0.0,0.0
TENX117,1124,054x009,5831,37582,10,0.059664145857095716,0.07309776649225341,0.19150285422801971,0.015223039690516,0.04239051342010498,0.1,0.0,-0.17177717126905917,0.07750118694470497,0.15157126933336257,0.0058478473967155395,0.0,0.0,0.0,0.43231857717037203,0.18304991585555794,0.28063270896673204,0.04330036676641472,0.5092433452606201,0.9,0.8,-1.182669535279274,0.4020624854540015,0.060166322812438014,0.027083888389001144,0.0,0.0,0.0,0.22346076592803002,0.12080066490769117,0.2266617402434349,0.02913315943229023,0.44836612939834597,1.0,0.2,-0.6998038649559021,0.05762433791086972,0.08946509957313538,0.005037425763506255,0.0,0.0,0.0
TENX117,1125,054x010,6562,37582,10,0.0072099842131137844,0.08968354064838213,0.1708374485373497,0.018601106409243555,0.0,0.0,0.0,-0.12039248831570148,0.09706358680126813,0.1503201998770237,0.015600685653221506,0.0,0.0,0.0,0.3890170244500041,0.2207651866628668,0.2563239082694054,0.05956087871966381,0.5083040177822113,1.0,0.6,-0.6896631777286529,0.8956447513459946,0.1278385693207383,0.13319628930073915,0.14118729829788207,0.2,0.2,0.11088317036628723,0.22953557214205283,0.19546476528048515,0.047676289380439184,0.35050868391990664,0.8,0.2,-0.541973814368248,0.11604606334168845,0.09921511933207512,0.014467155061773202,0.0,0.0,0.0
TENX117,1126,054x011,7292,37582,10,0.25591809004545213,0.13953638998152754,0.20794027894735337,0.015558524619653447,0.3324733376502991,0.8,0.2,-0.009419702365994454,0.1508663317947981,0.15971507281064987,0.014924747368577301,0.0,0.0,0.0,0.5517659306526184,0.2877302970513717,0.2835325986146927,0.05112226441593331,0.5715927720069885,1.0,0.8,-1.3248878061771392,0.3338741665374716,0.045789665170013906,0.018442749921980972,0.0,0.0,0.0,0.13121348544955252,0.19169765958445087,0.1847866579890251,0.025802076356731447,0.09593387842178344,0.2,0.0,-0.30875653848052026,0.16112200942569485,0.11823571473360062,0.009154332833188823,0.0,0.0,0.0
TENX117,1127,054x012,8023,37582,10,-0.015954411029815672,0.1448244389391153,0.17517988085746766,0.01941197604086063,0.06240383386611938,0.2,0.0,-0.18625082224607467,0.10312636376111438,0.14726150631904603,0.011069392251973995,0.03139664828777313,0.1,0.0,0.5316726803779602,0.22651464547495317,0.30604186505079267,0.05441707651154774,0.6041347235441208,1.0,0.8,-1.3146848142147065,0.5468070792308455,0.055114418361335994,0.027481549794368666,0.0,0.0,0.0,0.08292908295989036,0.24774503854460084,0.1963316321372986,0.04083504117726517,0.30206478834152223,0.7,0.2,-0.3926142565906048,0.16964662583869292,0.12007069662213325,0.011998594583158122,0.0,0.0,0.0
TENX117,1128,054x013,8754,37582,10,-0.05798081792891026,0.14804568448907407,0.14118579477071763,0.015402845185289489,0.0,0.0,0.0,-0.03379108160734177,0.09107066670618569,0.14409019500017167,0.009380919713546104,0.0,0.0,0.0,0.7019663766026497,0.2307925695753766,0.3054787412285805,0.05553616094967724,0.5649927675724029,1.0,0.7,-1.107874482870102,0.5183421798805455,0.05679315365850925,0.029262512759939616,0.0,0.0,0.0,0.4307561218738556,0.2652237018662729,0.2348097175359726,0.052966305554100424,0.43500724732875823,1.0,0.3,-0.23975573033094405,0.16683426909701113,0.11764241904020309,0.01205580157399579,0.0,0.0,0.0
TENX117,1129,054x014,9485,37582,10,-0.03665902838110924,0.13360218460332943,0.15737230330705643,0.018196623800023154,0.0,0.0,0.0,-0.11659950762987137,0.07866840507975374,0.14457765221595764,0.008629131124565148,0.0,0.0,0.0,0.581185194849968,0.1858010734957866,0.2944036334753036,0.05020876975313564,0.5773474544286727,1.0,0.7,-0.9206963568925858,0.5204935871262303,0.07277060970664025,0.033369126857138935,0.0,0.0,0.0,0.2579640083014965,0.22866572340977603,0.21528177112340927,0.04820234789898356,0.4226525455713272,1.0,0.3,-0.3431257948279381,0.10910659803463434,0.11559403389692306,0.011037945715042963,0.0,0.0,0.0
TENX117,1130,054x015,10215,37582,10,-0.0053259551525115965,0.13869894641703778,0.15683868974447251,0.017440284475830622,0.0,0.0,0.0,-0.10325014740228652,0.05069799373721506,0.1416967824101448,0.010225942289351857,0.0,0.0,0.0,0.5921691283583641,0.23115245941748822,0.28871777802705767,0.054850596968529466,0.5663794189691543,1.0,0.7,-0.8461960107088089,0.5473637578313201,0.07770835403352976,0.037097414770228904,0.0,0.0,0.0,0.3166799023747444,0.2162545297091848,0.2186928167939186,0.04000692419542679,0.43362058103084566,1.0,0.3,-0.30317219188436867,0.1556251604596199,0.11634557843208312,0.012200943874977862,0.0,0.0,0.0
TENX117,1131,054x016,10946,37582,10,-0.06041380390524864,0.1512188595169812,0.15457458645105362,0.016922110405440227,0.0,0.0,0.0,-0.0802297830581665,0.1435708311311813,0.15093718767166137,0.009214738020736406,0.06277902126312256,0.2,0.0,0.573593108355999,0.17265638509734982,0.29304253309965134,0.044286273112703736,0.5912037253379822,1.0,0.7,-1.1009616434574128,0.7109685254679959,0.06837284825742244,0.04071917479517557,0.0,0.0,0.0,0.18399757370352746,0.27206050656465036,0.20228094309568406,0.050230870578560544,0.34601725041866305,0.8,0.3,-0.22649761885404587,0.14409213487371897,0.13079190477728844,0.01305841585677205,0.0,0.0,0.0
TENX117,1132,054x017,11677,37582,10,0.07606228440999985,0.16506450587713004,0.1684634730219841,0.019382821096163343,0.0899488776922226,0.3,0.0,-0.024969896115362645,0.09602945346125792,0.15172091126441956,0.011820741206760707,0.029711881279945375,0.1,0.0,0.6379877418279648,0.18175089887194396,0.29945469498634336,0.05896028289354039,0.6038541167974472,1.0,0.9,-1.4319004774093629,0.6252186715649258,0.0441874127369374,0.021869847569015194,0.0,0.0,0.0,0.177460528165102,0.2871871190624462,0.19060424864292144,0.046391679216682344,0.27648513317108153,0.6,0.1,-0.06789894066751004,0.15079836868154262,0.14556927159428595,0.013821916363233046,0.0,0.0,0.0
TENX117,1133,054x018,12407,37582,10,0.11074162367731333,0.10152415107916396,0.1717834860086441,0.01193703395879324,0.0,0.0,0.0,-0.04946799669414759,0.06477026227942968,0.14628663659095764,0.00916789291674537,0.0,0.0,0.0,0.5481857597827912,0.15094010268733501,0.26901147365570066,0.04344201732162565,0.5374192804098129,1.0,0.6,-1.1088027983903885,0.7112961304324443,0.06256714463233948,0.03284512979289579,0.0,0.0,0.0,0.39420315772295,0.23551113749397118,0.23247940838336945,0.04904447848190592,0.4625807344913483,1.0,0.4,-0.26852924944832923,0.13026218948363097,0.1178718477487564,0.012028108258922232,0.0,0.0,0.0
TENX117,1134,054x019,13138,37582,10,-0.06824975609779357,0.19863627602245243,0.1468479797244072,0.014744504083895566,0.0,0.0,0.0,-0.10248790066689253,0.20910563786899253,0.14170696586370468,0.011797360612819073,0.0,0.0,0.0,0.6573621153831481,0.203305565839203,0.30566705018281937,0.047240262590924266,0.5975836724042892,1.0,0.8,-0.9571699857711792,0.7013842529354483,0.07646718407049775,0.042105259392854054,0.030525505542755127,0.1,0.0,0.2416298992931843,0.3625658612580453,0.2055854767560959,0.05270772302436389,0.37189081609249114,0.9,0.2,-0.23971071699634194,0.2293568337700369,0.12372533529996872,0.012411215296561546,0.0,0.0,0.0
TENX117,1135,054x020,13869,37582,10,0.025108030438423155,0.14164403890954796,0.16075859516859053,0.016626090688252455,0.0,0.0,0.0,-0.019591743871569634,0.09893869215373043,0.15305502712726593,0.006601538351548132,0.033759108185768126,0.1,0.0,0.5585113376379013,0.17806226172714734,0.27774781733751297,0.053269700446269004,0.5563090234994889,1.0,0.6,-1.1348190933465958,0.6251873335952353,0.059723342210054396,0.031840284326781126,0.0,0.0,0.0,0.3220238283276558,0.23978801487711698,0.2201242819428444,0.046873311432283314,0.4099318891763687,0.9,0.4,-0.19726832807064057,0.12589803417801376,0.12859093770384789,0.012286263444938526,0.0,0.0,0.0
TENX117,1136,054x021,14600,37582,10,0.0002337649464607239,0.15382549403628568,0.14918849468231202,0.01220465688449339,0.0,0.0,0.0,-0.028077281080186367,0.10952314186736453,0.14468735605478286,0.006626887148075493,0.0,0.0,0.0,0.60064038336277,0.10020106675816595,0.27289803624153136,0.031675644251913104,0.5617479771375656,1.0,0.5,-0.548266676813364,0.5593725286804265,0.10044773183763027,0.048040516058782526,0.035499221086502074,0.1,0.0,0.3435956560075283,0.2859236301087985,0.21489615738391876,0.048046568031080046,0.4027527928352356,0.9,0.5,-0.23850029641762377,0.17515885440651793,0.11788223460316657,0.013630006325024334,0.0,0.0,0.0
TENX117,1137,054x022,15330,37582,10,-0.0005677677690982819,0.1209348166211515,0.16126815378665924,0.013061157550184782,0.0,0.0,0.0,-0.08014132119715214,0.07984223286651586,0.14852775931358336,0.004854852528572271,0.0,0.0,0.0,0.5414391681551933,0.18944513114751957,0.2796052172780037,0.042423514437646,0.5789355725049973,1.0,0.6,-0.9318985372781754,0.5408106665887197,0.07220184579491615,0.0353056467769532,0.0,0.0,0.0,0.21265635415911674,0.23818901426825417,0.20378925204277037,0.044341672834263934,0.4210644245147705,1.0,0.4,-0.18237455720081924,0.12226657228072436,0.13460779041051865,0.012560718203970759,0.0,0.0,0.0
TENX117,1138,054x023,16061,37582,10,-0.116475810110569,0.1393099955443333,0.14505793750286103,0.016207972665918502,0.0,0.0,0.0,-0.07045901790261269,0.12763491665532276,0.15099675953388214,0.00418895896443469,0.03315313756465912,0.1,0.0,0.5432434841990471,0.2049834770148416,0.28184393644332884,0.04110551454519303,0.5765197932720184,1.0,0.7,-0.9159974783658982,0.6837657565940493,0.08141579274088144,0.051097095013744126,0.03711833953857422,0.1,0.0,0.18034308925271034,0.3165499234615079,0.2008437305688858,0.05269523418760952,0.35320874452590945,0.8,0.3,-0.15607929080724717,0.16961609569263775,0.13984183818101883,0.019012415294306927,0.0,0.0,0.0
TENX117,1139,054x024,16792,37582,10,-0.15173754785209895,0.13091198247687116,0.14068463742733,0.01026457926664888,0.0,0.0,0.0,-0.057274772226810454,0.11875903661460344,0.1543005034327507,0.00529886371734796,0.0,0.0,0.0,0.462608552724123,0.16945522890874132,0.261836601793766,0.035640835337443076,0.552677795290947,1.0,0.6,-1.0022662371397018,0.6511155921090984,0.07208431186154485,0.03776119700084277,0.0,0.0,0.0,0.24481574669480324,0.24032140262502205,0.21354324668645858,0.04591309188363981,0.4473222017288208,1.0,0.4,-0.0412407816387713,0.1628297001969454,0.15755070745944977,0.016504190730330937,0.0,0.0,0.0
TENX117,1140,054x025,17522,37582,10,-0.11877149939537049,0.1409115567715793,0.16129095926880838,0.021855857406723227,0.17250945270061493,0.5,0.0,-0.17902844175696372,0.12608404687597877,0.1506829395890236,0.008262956287524255,0.02899104654788971,0.1,0.0,0.5151098027825356,0.29053923577705676,0.30621281266212463,0.05345049819171424,0.6337835401296615,1.0,0.9,-0.8807032845914364,0.5734128353789106,0.0852703720331192,0.043721530780527464,0.03485572040081024,0.1,0.0,-0.19639344438910483,0.22553914582673856,0.15250343233346939,0.03776311406961955,0.12986024618148803,0.3,0.1,-0.23003703840076922,0.12472409997700862,0.14403947964310646,0.01730331431975008,0.0,0.0,0.0
TENX117,1141,054x026,18253,37582,10,-0.0906794834882021,0.15523174617970523,0.14550709426403047,0.011981273268867287,0.0,0.0,0.0,-0.05333082526922226,0.16772461041609016,0.15079959779977797,0.008927438635365431,0.0,0.0,0.0,0.5605008721351623,0.18643876673431206,0.2815175011754036,0.043656278155264364,0.5547846674919128,1.0,0.5,-1.1544408440589904,0.6989660578862862,0.06200929377228022,0.035380399857927944,0.0,0.0,0.0,0.3335042729973793,0.23743707214932394,0.2265558585524559,0.04728443575589418,0.44521533250808715,1.0,0.5,-0.1779221657663584,0.16016940739297164,0.1336106389760971,0.01372367608594378,0.0,0.0,0.0
TENX117,1142,054x027,18984,37582,10,-0.1270133800804615,0.22793363204144557,0.15245714485645295,0.015227528213760918,0.0,0.0,0.0,-0.1634033128619194,0.18471398313863646,0.14653110951185228,0.0086077260642548,0.0,0.0,0.0,0.47231069281697274,0.21233387731174072,0.278748682141304,0.03746014385041311,0.5681459844112396,1.0,0.7,-0.7229524664580822,0.5061616437927905,0.09592067673802376,0.04293773953744323,0.03793749213218689,0.1,0.0,0.17283857092261315,0.30560910702652533,0.20927696377038957,0.0438673551724051,0.39391652345657346,0.9,0.3,-0.3923743799328804,0.23701375157403362,0.11706542745232582,0.013079802032345555,0.0,0.0,0.0
TENX117,1143,054x028,19715,37582,10,-0.24019929394125938,0.07129313391027671,0.1435423493385315,0.01391472686767433,0.0,0.0,0.0,-0.15101456977427005,0.08510152002348763,0.1565371721982956,0.010349490258490147,0.032358044385910036,0.1,0.0,0.4168068036437035,0.19672561188119667,0.27794516980648043,0.036053543145947914,0.5765759289264679,1.0,0.8,-0.6836699403822422,0.5710268714807599,0.10413972400128842,0.04911104188481723,0.10896530449390411,0.3,0.0,0.04606163427233696,0.21141671967996378,0.19619476646184922,0.048431120151040695,0.28210071921348573,0.6,0.2,-0.40664018988609313,0.0854093504647206,0.12164082229137421,0.012764434509881697,0.0,0.0,0.0
TENX117,1144,054x029,20445,37582,10,-0.1968807116150856,0.11299540835436886,0.14556432217359544,0.012912655057699438,0.0,0.0,0.0,-0.19679775573313235,0.07985377472572368,0.14527352154254913,0.00881038983933262,0.03400041162967682,0.1,0.0,0.41177926417440175,0.222700112533855,0.26965981870889666,0.041365082863593715,0.5564389705657959,1.0,0.5,-1.0840887539088726,0.7809176301258517,0.07808331539854407,0.05003091980484668,0.038338187336921695,0.1,0.0,0.1597554139792919,0.26465895720924615,0.21348011195659639,0.052567992286054854,0.37122242748737333,0.8,0.5,-0.18373999372124672,0.14944939064502336,0.1479388952255249,0.01747280113442334,0.0,0.0,0.0
TENX117,1145,055x008,5100,38313,10,-0.10499155595898628,0.09126675160888831,0.15429798215627671,0.009817197474788845,0.0,0.0,0.0,-0.15052098948508502,0.15845738669386594,0.14814335778355597,0.01668987138900669,0.0,0.0,0.0,0.4636841878294945,0.12257071000371057,0.2727440640330315,0.020733800690616807,0.504711589217186,1.0,0.5,-0.8382631957530975,0.3012504995110474,0.07767085991799831,0.023349864058039318,0.0,0.0,0.0,0.4447632670402527,0.12325401915191347,0.26782442778348925,0.023048628474106558,0.4952884137630463,1.0,0.5,-0.7727640628814697,0.14124063885796853,0.07931929975748062,0.007485875560690627,0.0,0.0,0.0
TENX117,1146,055x009,5831,38313,10,0.048102390766143796,0.16821391180733777,0.16950196623802186,0.0165552531440466,0.0,0.0,0.0,-0.14266178011894226,0.1397064839268971,0.13960206657648086,0.00745436299878143,0.0,0.0,0.0,0.5617940276861191,0.19727115318826924,0.2856487661600113,0.045041617000340775,0.512461519241333,1.0,0.6,-1.2392500579357146,0.2369505044174688,0.048863392882049085,0.015514885399399025,0.0,0.0,0.0,0.5112189881503582,0.20908312554305675,0.2701012372970581,0.03282793240946632,0.48753846883773805,1.0,0.4,-0.6252451211214065,0.1632885569447954,0.08628256022930145,0.006599242402511462,0.0,0.0,0.0
TENX117,1147,055x010,6562,38313,10,0.17588655427098274,0.17411898100971207,0.1686462491750717,0.017892687747122573,0.03083166778087616,0.1,0.0,0.04833324551582337,0.11173135537019652,0.14784659594297409,0.008058525346459093,0.0,0.0,0.0,0.7934583187103271,0.24572460382427241,0.31583331525325775,0.054812018886749116,0.609943425655365,1.0,1.0,-1.0928405821323395,0.30644830043533344,0.050099439546465875,0.017119264919279,0.0,0.0,0.0,0.33239553272724154,0.2577233425900903,0.19952060878276826,0.03681494093405051,0.35922489762306214,0.9,0.0,-0.17843302646651865,0.1872933757685844,0.11805378124117852,0.009582485243760853,0.0,0.0,0.0
TENX117,1148,055x011,7292,38313,10,0.13190668672323227,0.14769736380465576,0.1597169369459152,0.013903773741477561,0.0,0.0,0.0,0.029832450672984123,0.10985718851435575,0.14371588826179504,0.003749930005448847,0.0,0.0,0.0,0.7064860343933106,0.19929450363395182,0.2860641270875931,0.04381222700444053,0.5650336533784867,1.0,0.6,-0.5808331750333309,0.4184171096943939,0.08627980574965477,0.03638879024586264,0.03360508382320404,0.1,0.0,0.43599043861031533,0.2536400936681522,0.22008945792913437,0.04386719092902811,0.4013612776994705,0.9,0.4,-0.29820885211229325,0.1652132572218262,0.10413379743695259,0.011671178443256809,0.0,0.0,0.0
TENX117,1149,055x012,8023,38313,10,0.0023656908422708513,0.13698390971591767,0.15202986299991608,0.016766304586882518,0.0,0.0,0.0,-0.06581455487757921,0.0914477532426146,0.14121254533529282,0.00420966566456268,0.0,0.0,0.0,0.6825277894735337,0.20728547860494065,0.3034481480717659,0.0553402712284925,0.5773118615150452,1.0,0.6,-1.0671192914247514,0.6597508700938464,0.062457362096756695,0.0336347849679745,0.0,0.0,0.0,0.35802613347768786,0.2523305197920677,0.22147489488124847,0.05106451896937562,0.42268813848495485,1.0,0.4,-0.2391035310924053,0.1546307684733742,0.11937717795372009,0.012828807948188026,0.0,0.0,0.0
TENX117,1150,055x013,8754,38313,10,-0.05997046902775764,0.2531829785747699,0.1463591143488884,0.016666463339931797,0.0,0.0,0.0,-0.04409983456134796,0.23840216098538453,0.1482737496495247,0.01267138379243367,0.0311809241771698,0.1,0.0,0.6362110465765,0.22168155019009822,0.2950378775596619,0.04412900350689105,0.5850796431303025,1.0,0.7,-0.9832917533814907,0.7843387792822583,0.07813660381361842,0.05260727291314428,0.03645398914813995,0.1,0.0,0.2462872728705406,0.36788322202735496,0.2047265037894249,0.05387159800186381,0.3472854316234589,0.8,0.3,-0.1981111966073513,0.2512766180664802,0.1274661310017109,0.014605021599792795,0.0,0.0,0.0
TENX117,1151,055x014,9485,38313,10,-0.1885235771536827,0.14407582545042824,0.15062748193740844,0.019125874679846267,0.0,0.0,0.0,-0.19457962065935136,0.0655707813664354,0.14867598861455916,0.006882018582618684,0.11607620120048523,0.4,0.0,0.501063996553421,0.19766113064379726,0.3024389654397964,0.052601458387979395,0.6151376128196716,1.0,0.9,-1.1612692140042782,0.7870242935963258,0.07220282508060336,0.046084311421521924,0.03427583873271942,0.1,0.0,-0.05731585100293159,0.2771291372118448,0.1773869700729847,0.049979257296854665,0.234510338306427,0.5,0.1,-0.20009638592600823,0.12758504210649105,0.14866776615381241,0.01676005049102701,0.0,0.0,0.0
TENX117,1152,055x015,10215,38313,10,-0.032969245314598085,0.1724329143780234,0.15585393756628035,0.021503123010434916,0.028948196768760683,0.1,0.0,-0.13153259493410588,0.07162187516142002,0.1401217147707939,0.007528275186944131,0.10574306845664978,0.4,0.0,0.7083747506141662,0.14086485913917565,0.3285316631197929,0.05298758942321529,0.6495221138000489,1.0,1.0,-1.2059462904930114,0.7329746538830567,0.061167726293206215,0.037677224584413284,0.0,0.0,0.0,0.00789324939250946,0.32647475461888903,0.16738621592521669,0.047036563012031816,0.2157866209745407,0.5,0.0,-0.09129043258726596,0.17671129994816964,0.146938743442297,0.019289086271990264,0.0,0.0,0.0
TENX117,1153,055x016,10946,38313,10,-0.02966203950345516,0.22861825354979992,0.1586048647761345,0.019167031654107644,0.06387341320514679,0.2,0.0,-0.0924858096987009,0.16061495305905027,0.14808911085128784,0.008056867431477833,0.0,0.0,0.0,0.5281241208314895,0.2226178927494706,0.27878096848726275,0.04569752418667345,0.603000620007515,1.0,0.9,-0.5760797180235386,0.5540304228176307,0.10567896496504545,0.0488539600127577,0.07005048990249634,0.2,0.0,0.020210409164428712,0.29596755168954403,0.17001914158463477,0.03929084713495058,0.2630754679441452,0.6,0.1,-0.1648891419172287,0.245786766641605,0.13882693499326706,0.019052521401882412,0.0,0.0,0.0
TENX117,1154,055x017,11677,38313,10,0.0007180461660027504,0.10659093938901372,0.16647086143493653,0.015202318557944359,0.033105701208114624,0.1,0.0,-0.08062192983925343,0.13773927742281203,0.15334625840187072,0.012440841736291728,0.0,0.0,0.0,0.5574988961219788,0.18394579974076863,0.2925040364265442,0.04313749109850874,0.5908075481653213,1.0,0.8,-0.9566301606595516,0.5523020457520538,0.07267680205404758,0.03829511935044269,0.03422512710094452,0.1,0.0,0.15559312626719474,0.20367219477513737,0.19863957315683364,0.0451055700652744,0.3418616384267807,0.8,0.2,-0.3581586703658104,0.10573059514825262,0.11636245027184486,0.011598940911825058,0.0,0.0,0.0
TENX117,1155,055x018,12407,38313,10,0.03611423447728157,0.17471772290051757,0.1522728532552719,0.013762849092850846,0.0,0.0,0.0,0.009372403100132942,0.09906678408845444,0.1478542849421501,0.0078122764697590935,0.0,0.0,0.0,0.6652707040309906,0.16610311597745114,0.28744068890810015,0.04093633467236365,0.5726165533065796,1.0,0.7,-0.7754837900400162,0.4163311832417445,0.0748249601572752,0.03148665444405978,0.0,0.0,0.0,0.3641037032008171,0.27991343859715184,0.21504562348127365,0.044028427779896157,0.42738343477249147,1.0,0.3,-0.18225864470005035,0.19276139979930726,0.12256158515810966,0.012787359023751315,0.0,0.0,0.0
TENX117,1156,055x019,13138,38313,10,-0.07053592763841152,0.16255609292403758,0.15036987662315368,0.01554284630655385,0.0,0.0,0.0,-0.07227387558668852,0.12247766324888458,0.1494125872850418,0.005510638802696893,0.0,0.0,0.0,0.5864935427904129,0.15792063686998625,0.29122372567653654,0.03942108652365872,0.5849702447652817,1.0,0.7,-0.9388662457466126,0.5898442333247959,0.07323819436132908,0.03853499299075662,0.0,0.0,0.0,0.23177880346775054,0.2704587695936422,0.20805802196264267,0.04842366131004072,0.4150297522544861,1.0,0.3,-0.23381440984085203,0.15396666530154457,0.12769757732748985,0.012943422918396806,0.0,0.0,0.0
TENX117,1157,055x020,13869,38313,10,-0.04432251695543528,0.1295676471057967,0.16036020070314408,0.019462128969377997,0.0,0.0,0.0,-0.11012336649000645,0.09996467286340681,0.14973797053098678,0.014267320381382202,0.06239055395126343,0.2,0.0,0.5281074769794941,0.22734071468712475,0.2858196422457695,0.04527365376753605,0.5960312455892562,1.0,0.8,-0.8057282529771328,0.6289212027943594,0.08652058076113463,0.04731944698319155,0.06974568367004394,0.2,0.0,0.06017364040017128,0.23218845175861128,0.1825331687927246,0.04560482740947309,0.27183252274990083,0.6,0.2,-0.21505617806687952,0.13799697880466225,0.1350284196436405,0.014957862926488883,0.0,0.0,0.0
TENX117,1158,055x021,14600,38313,10,-0.09156163781881332,0.20494992446404578,0.13864615857601165,0.013736423978443527,0.0,0.0,0.0,-0.009416658990085125,0.1246061996533649,0.15043064206838608,0.013928713529124552,0.06392613649368287,0.2,0.0,0.6554456263780594,0.15922946259835197,0.2945868819952011,0.04405641806625877,0.5767550796270371,1.0,0.8,-1.0839801162481308,0.6790068834268081,0.06626291936263443,0.04391679925307613,0.0,0.0,0.0,0.32586500197649004,0.35533766301192893,0.21713851392269135,0.05808567685144752,0.3593187749385834,0.8,0.2,-0.13514022678136825,0.2235812575493073,0.13293489143252374,0.01507090580448891,0.0,0.0,0.0
TENX117,1159,055x022,15330,38313,10,-0.042408780008554456,0.12213110148702037,0.14646371304988862,0.009184983142600241,0.0,0.0,0.0,-0.03638933897018433,0.07163744463965284,0.1473696142435074,0.00942659360576725,0.03257511854171753,0.1,0.0,0.6415466487407684,0.13624037669510256,0.29185338467359545,0.03530194730399603,0.5775212734937668,1.0,0.6,-1.0126964770257474,0.6483365059655105,0.06682678293436765,0.03756427511522795,0.0,0.0,0.0,0.3147482924163342,0.27559406284341637,0.21463562399148942,0.04927492263118954,0.38990360498428345,0.9,0.4,-0.14428235068917275,0.16418741121673647,0.13285088986158372,0.014860274357329607,0.0,0.0,0.0
TENX117,1160,055x023,16061,38313,10,-0.11432036682963372,0.13273905620764312,0.14575800970196723,0.01722708188246637,0.0,0.0,0.0,-0.09024434834718705,0.07085315494714892,0.14897047206759453,0.014478136037041624,0.03467552363872528,0.1,0.0,0.5622344210743904,0.17046323705671082,0.2880076229572296,0.043381157104935786,0.5772547870874405,1.0,0.6,-1.0878173410892487,0.6193418384082071,0.06585517972707748,0.03849377562662887,0.0,0.0,0.0,0.23854174688458443,0.2531933826212788,0.21179328709840775,0.049414863356153346,0.3880697011947632,0.9,0.4,-0.15775691494345664,0.13908101148638607,0.13961543142795563,0.017397738824883116,0.0,0.0,0.0
TENX117,1161,055x024,16792,38313,10,-0.16802213862538337,0.1472655091882718,0.1472899705171585,0.012930348312870266,0.0,0.0,0.0,-0.1549086833372712,0.126337993072965,0.14881657510995866,0.006427137410220794,0.0,0.0,0.0,0.39149644151329993,0.15884891974772644,0.2590231359004974,0.03365268578861494,0.556178194284439,1.0,0.5,-0.6577961973845958,0.5365502729607774,0.10099134128540754,0.041345648877096824,0.0,0.0,0.0,0.16001548394560813,0.23542590938017918,0.2081882193684578,0.04332167432961422,0.4438218057155609,1.0,0.5,-0.2517489954829216,0.13597294212438713,0.13569075167179107,0.014170772551196016,0.0,0.0,0.0
TENX117,1162,055x025,17522,38313,10,-0.09747973904013633,0.1558801707856275,0.14086873307824135,0.014734760797811192,0.0,0.0,0.0,-0.043385049887001516,0.09722527641806761,0.14802383184432982,0.006027472435538776,0.06126644015312195,0.2,0.0,0.6594518035650253,0.15827900684806284,0.3013769671320915,0.03947221351788301,0.6084469527006149,1.0,0.9,-0.8316106379032135,0.5960095752115133,0.07994772288948297,0.04104842623013406,0.0,0.0,0.0,0.19318070709705354,0.2840604492660235,0.19293290227651597,0.04608538901919243,0.33028661012649535,0.8,0.1,-0.12825284227728845,0.17342001508970964,0.13684985265135766,0.01640693704951041,0.0,0.0,0.0
TENX117,1163,055x026,18253,38313,10,-0.000421123206615448,0.14419352571326507,0.1630440980195999,0.01595629828297214,0.0,0.0,0.0,-0.11280111111700535,0.11387851232606176,0.14530386328697203,0.009107832822807426,0.0,0.0,0.0,0.5678132303059101,0.22630097595060736,0.29047230035066607,0.047354916942318095,0.5725466489791871,1.0,0.7,-1.0145416997373105,0.5447616670438463,0.06788765825331211,0.0345488064021263,0.0,0.0,0.0,0.26598300486803056,0.27029060316704895,0.21695534884929657,0.04738239949915902,0.427453351020813,1.0,0.3,-0.3388657420873642,0.17821415432317494,0.11633675917983055,0.012367438539703504,0.0,0.0,0.0
TENX117,1164,055x027,18984,38313,10,-0.0712158016860485,0.10429374275773408,0.14616892039775847,0.010566146584091824,0.0,0.0,0.0,-0.061313871666789053,0.05610711518819493,0.14731765985488893,0.004800957923683678,0.0,0.0,0.0,0.5194837436079979,0.15408519856839353,0.2655183956027031,0.035140375235514575,0.5557603001594543,1.0,0.6,-1.0145485892891883,0.8155039993006941,0.07632461376488209,0.05086802249825104,0.038312005996704104,0.1,0.0,0.27055429518222807,0.27110391262475886,0.21129809468984603,0.05064981561414541,0.4059276908636093,0.9,0.4,-0.02669517919421196,0.13266907430698094,0.15337231010198593,0.016980878882288223,0.0,0.0,0.0
TENX117,1165,055x028,19715,38313,10,-0.03566151484847069,0.16654603350876265,0.1498260572552681,0.012816799501286325,0.0,0.0,0.0,-0.06893913149833679,0.130743946738742,0.14467307925224304,0.008723700253246421,0.0,0.0,0.0,0.6100109025835991,0.19964424082098484,0.28795854151248934,0.04290127560155181,0.5542843788862228,1.0,0.5,-1.501229351758957,0.7213576927180515,0.04517479538917542,0.028730307522305747,0.0,0.0,0.0,0.3839068956673145,0.3488312555651326,0.23366083800792695,0.05509714787995597,0.4457156151533127,1.0,0.5,-0.11319059664383531,0.18646122551800812,0.13870667517185212,0.012479381061340477,0.0,0.0,0.0
TENX117,1166,055x029,20445,38313,10,0.09895114004611968,0.15043730416189052,0.16683670431375502,0.0167527482553799,0.033751487731933594,0.1,0.0,0.005884843319654465,0.11455619748344628,0.1515411764383316,0.009454405307438764,0.0,0.0,0.0,0.6253353863954544,0.16209251768414948,0.28507430404424666,0.04769565152566569,0.5884578198194503,1.0,0.7,-1.1924578100442886,0.5264197339894496,0.05274252165108919,0.027101040753141185,0.0,0.0,0.0,0.2551684148609638,0.26269318040021844,0.1985441565513611,0.04222442376584302,0.37779068648815156,0.9,0.3,-0.038128355890512465,0.1524445954559209,0.14526112526655197,0.012446861405208065,0.0,0.0,0.0
TENX117,1167,056x008,5100,39044,10,-0.09153408110141754,0.11813719157996669,0.15241702944040297,0.01178851226639394,0.0,0.0,0.0,-0.11482509784400463,0.09749790114715656,0.14922069385647774,0.014490181568581346,0.0,0.0,0.0,0.5952321648597717,0.10843438428148158,0.3033286303281784,0.02760446485020227,0.5923312723636627,1.0,1.0,-0.6453862220048905,0.3756073128940759,0.09204562157392501,0.02666873068060414,0.0,0.0,0.0,0.21736598685383796,0.16146095804089752,0.20909689366817474,0.030018886785896894,0.4076687455177307,1.0,0.0,-0.5782667100429535,0.12659180949268858,0.09389113858342171,0.009575545989475472,0.0,0.0,0.0
TENX117,1168,056x009,5831,39044,10,0.00781501978635788,0.17792896853968546,0.1652173712849617,0.015555362786462601,0.0,0.0,0.0,-0.18091412018984557,0.17335021055501723,0.1364154689013958,0.007606389771737903,0.0,0.0,0.0,0.49220255240797994,0.25658622494910555,0.27023348659276963,0.04160639353777448,0.48961580693721773,1.0,0.5,-1.0652339071035386,0.3742261715697936,0.059720559418201445,0.021180596887935662,0.0,0.0,0.0,0.5345347344875335,0.18850055268467095,0.2796798229217529,0.025628979010493477,0.5103841900825501,1.0,0.5,-0.6115593940019608,0.18090771484013923,0.0887332685291767,0.00587954826380937,0.0,0.0,0.0
TENX117,1169,056x010,6562,39044,10,0.15335386991500854,0.12021893857138122,0.2003055617213249,0.02120489964653131,0.3173467516899109,0.8,0.1,-0.10470827184617519,0.09023453445006613,0.1540681913495064,0.007731491141677921,0.0,0.0,0.0,0.5427820349112153,0.2933450211718273,0.30059477090835574,0.06167041068140446,0.59063760638237,1.0,0.9,-0.9800028190016746,0.6717642553409433,0.078667545132339,0.04463661297747827,0.0,0.0,0.0,-0.0006054051220417023,0.2181089088805276,0.17405047863721848,0.034756654966009805,0.09201565384864807,0.2,0.0,-0.6206069499254226,0.155048412618757,0.09231345355510712,0.009163319754412771,0.0,0.0,0.0
TENX117,1170,056x011,7292,39044,10,0.08585037067532539,0.13638799231583543,0.1697620615363121,0.018544552606892688,0.029237186908721922,0.1,0.0,-0.0960014384239912,0.1292281934898513,0.14096025377511978,0.008923936669467081,0.0,0.0,0.0,0.6844323575496674,0.21948549862252756,0.3121012061834335,0.055774039521535985,0.619614714384079,1.0,1.0,-0.920113143324852,0.31783962348631056,0.06550429593771696,0.02206718361249597,0.0,0.0,0.0,0.17651279717683793,0.19842632305111946,0.18773917108774185,0.033224559498442524,0.3511481165885925,0.9,0.0,-0.22704462753608823,0.14562758336445797,0.12393298372626305,0.011470834757422884,0.0,0.0,0.0
TENX117,1171,056x012,8023,39044,10,-0.01625363528728485,0.09880014244316283,0.1517221823334694,0.01686776811870785,0.0,0.0,0.0,-0.04369808919727802,0.07042958608328173,0.146975277364254,0.008450037011958168,0.0,0.0,0.0,0.6667871952056885,0.24730720291445069,0.3034598931670189,0.05332995317249156,0.5889814585447312,1.0,0.7,-0.9135163307189942,0.45112984478176316,0.06802779585123062,0.029534592216232145,0.0,0.0,0.0,0.29560870602726935,0.2318113230913271,0.21041159927845002,0.043669475710524826,0.41101853251457215,1.0,0.3,-0.254541227966547,0.1019740259449585,0.11940325051546097,0.011567344236886221,0.0,0.0,0.0
TENX117,1172,056x013,8754,39044,10,0.041977671161293986,0.1420525330547612,0.15533103197813034,0.009555936153820341,0.0,0.0,0.0,-0.027230907417833804,0.12237575569579426,0.14484256356954575,0.00703885330456194,0.0,0.0,0.0,0.6500096186995507,0.15856431045264524,0.28769081085920334,0.040483881462587024,0.576749461889267,1.0,0.7,-0.9569256767630577,0.7616831612097418,0.0777681023813784,0.05437212385191862,0.03609778881072998,0.1,0.0,0.3183341383934021,0.30932755860087235,0.2097328245639801,0.047924480583133276,0.38715274035930636,0.9,0.3,-0.1806221343576908,0.1806681058740908,0.12463466376066208,0.011660085906230126,0.0,0.0,0.0
TENX117,1173,056x014,9485,39044,10,-0.056394338607788086,0.17089431706647634,0.15019990652799606,0.014743871174289571,0.0,0.0,0.0,-0.08544492423534393,0.12263288234726077,0.14538134038448333,0.007363649623496259,0.0,0.0,0.0,0.5761966153979301,0.261115977424649,0.28550258427858355,0.04789843739517575,0.5786248832941056,1.0,0.7,-0.7113886594772338,0.4948816755808029,0.08700101617723703,0.03502537205293009,0.0,0.0,0.0,0.24848998188972474,0.2681014739772889,0.20729940235614777,0.04371840408364306,0.4213751137256622,1.0,0.3,-0.24330824315547944,0.20030453658876016,0.12461573481559754,0.012527137691936106,0.0,0.0,0.0
TENX117,1174,056x015,10215,39044,10,-0.019354749470949173,0.12228214912676785,0.161052468419075,0.01796715322220852,0.0,0.0,0.0,-0.08398270830512047,0.107800061996834,0.1502440556883812,0.007629987770434194,0.0,0.0,0.0,0.5720089606940746,0.22518513505705037,0.29314126670360563,0.04808780993910873,0.5722196400165558,1.0,0.6,-1.0435485057532787,0.6768223357498938,0.06989197954535484,0.04115494151327092,0.033102419972419736,0.1,0.0,0.2580853007733822,0.2646448867363055,0.21763065159320832,0.05271948970136271,0.39467793703079224,0.9,0.4,-0.4179726764559746,0.15839506857492275,0.10803959667682647,0.011334642695353895,0.0,0.0,0.0
TENX117,1175,056x016,10946,39044,10,0.035964103788137435,0.09682285956712489,0.16298806220293044,0.014181765884737753,0.0,0.0,0.0,-0.08770599924027919,0.10432617031871957,0.14387960731983185,0.010385757848436145,0.0,0.0,0.0,0.6132649928331375,0.20981647398581538,0.29249749034643174,0.04313596489084607,0.5748169779777527,1.0,0.7,-1.0526737213134765,0.422323873965206,0.06002410463988781,0.024567286369087334,0.0,0.0,0.0,0.303559186309576,0.21420516452524627,0.21624051928520202,0.042030303734519686,0.42518301904201505,1.0,0.3,-0.23686308450996876,0.15248304596563966,0.12437020763754844,0.014005778711493144,0.0,0.0,0.0
TENX117,1176,056x017,11677,39044,10,-0.11754984837025403,0.11796336624035626,0.14971540868282318,0.013714846740817072,0.0,0.0,0.0,-0.14112969748675824,0.1310700117977442,0.1466108001768589,0.01711825829704139,0.03458843529224396,0.1,0.0,0.4906684473156929,0.1560439462001449,0.27740035355091097,0.04358364535108072,0.5556685537099838,1.0,0.6,-1.2029832690954207,0.6656854785279629,0.06278166491538287,0.03830659032072197,0.0,0.0,0.0,0.256841117888689,0.27729070141337486,0.2234800010919571,0.054896979166128644,0.40974302887916564,0.9,0.4,-0.18565915524959564,0.1351218543851468,0.1400117814540863,0.014385794522152502,0.0,0.0,0.0
TENX117,1177,056x018,12407,39044,10,0.10141590833663941,0.16180660075215167,0.1529138132929802,0.0136881020535063,0.0,0.0,0.0,0.03315717242658138,0.1396157693826085,0.14267721995711327,0.011035551486897532,0.0,0.0,0.0,0.7506132602691651,0.16600073382792038,0.2947756007313728,0.04273683350499389,0.5676019072532654,1.0,0.7,-0.9134154461324215,0.551566585531907,0.06408709771931172,0.03426648450995013,0.0,0.0,0.0,0.4700576141476631,0.28313451314070515,0.2263048842549324,0.05289773508557228,0.43239808082580566,1.0,0.3,-0.15086137354373932,0.18627798928369443,0.11924136504530906,0.014771462584003317,0.0,0.0,0.0
TENX117,1178,056x019,13138,39044,10,-0.18815096318721772,0.16051989988722368,0.1414273865520954,0.01087161155613905,0.0,0.0,0.0,-0.11743796281516553,0.1767458570098848,0.1517472818493843,0.010938233788170134,0.0,0.0,0.0,0.455715699493885,0.13064178217924277,0.26959227174520495,0.024630391034485867,0.5669319421052933,1.0,0.5,-0.7544637493789196,0.5899064986444856,0.09399755001068115,0.04848888666692744,0.0,0.0,0.0,0.17940196692943572,0.24635335576911452,0.20940425395965576,0.0492951035640098,0.43306806981563567,1.0,0.5,-0.24719901531934738,0.1753098547139763,0.1338312491774559,0.015634742000398508,0.0,0.0,0.0
TENX117,1179,056x020,13869,39044,10,-0.10262831654399633,0.15835362737311787,0.1550935834646225,0.016659078713414707,0.0,0.0,0.0,-0.08132811821997166,0.130352568690452,0.15790587961673735,0.011110901740526216,0.09763905704021454,0.3,0.0,0.49149951338768005,0.19862943453336257,0.2827255934476852,0.0438383651860641,0.5936882972717286,1.0,0.9,-0.8464635811746121,0.6384330586774899,0.08640554547309875,0.04261901097557501,0.034064745903015135,0.1,0.0,0.05139752253890038,0.26843253313409965,0.18543300330638884,0.04603505000990864,0.2746079176664352,0.6,0.1,-0.2606171299703419,0.15293162370605656,0.13243639543652536,0.014406265461688904,0.0,0.0,0.0
TENX117,1180,056x021,14600,39044,10,0.00519857257604599,0.17504620935892087,0.15628817528486252,0.018648651121726808,0.0,0.0,0.0,-0.0426729004830122,0.13860467007435306,0.14824675917625427,0.009434888414193396,0.09060231149196625,0.3,0.0,0.6504608795046807,0.26367984947553225,0.2998147070407867,0.04789809272540993,0.6175702929496765,1.0,1.0,-0.8763237588107586,0.5737876619522474,0.07716332608833909,0.03959191264259769,0.031979185342788694,0.1,0.0,0.10957635715603828,0.3555922282700904,0.17813103646039963,0.04584329953222834,0.2598481923341751,0.6,0.0,-0.10070875734090805,0.2180316116478249,0.14035598933696747,0.014541886816520282,0.0,0.0,0.0
TENX117,1181,056x022,15330,39044,10,-0.06793195158243179,0.13240982334124796,0.14924078136682511,0.014066152152071444,0.0,0.0,0.0,-0.09955839924514294,0.04044566020080995,0.14422811269760133,0.00870305434322712,0.0,0.0,0.0,0.5134005576372147,0.12903749574666232,0.2673762008547783,0.0290816213255163,0.542409572005272,1.0,0.6,-0.7647477112710476,0.6750867476002286,0.09158657509833575,0.05505787948779178,0.040610691905021666,0.1,0.0,0.3139085739850998,0.28471246384380094,0.22453037649393082,0.05558288025767778,0.4169797390699387,0.9,0.4,-0.26398588344454765,0.16540304136534606,0.123037950694561,0.014977564017658086,0.0,0.0,0.0
TENX117,1182,056x023,16061,39044,10,-0.021285542845726015,0.16930778038645355,0.1573701798915863,0.01933975623095438,0.0,0.0,0.0,-0.05217484906315804,0.174780128254379,0.1515523076057434,0.005764680064306378,0.09224697947502136,0.3,0.0,0.5983181476593018,0.2919741640979625,0.29546582847833636,0.054947607150679395,0.5992939889430999,1.0,0.8,-1.0749673634767531,0.5525806272334101,0.06228929366916418,0.030638172209953907,0.0,0.0,0.0,0.16404221951961517,0.27835490898542314,0.19335250854492186,0.04520698694341182,0.30845901668071746,0.7,0.2,-0.13789451718330384,0.19137713091986347,0.1399698682129383,0.016515254872362863,0.0,0.0,0.0
TENX117,1183,056x024,16792,39044,10,0.001345335692167282,0.18337634583710039,0.1618960589170456,0.02136500975908888,0.12559681832790376,0.3,0.0,-0.0666503630578518,0.11634719259389435,0.1500626027584076,0.005963975625947612,0.11563040614128113,0.4,0.0,0.6588005855679512,0.21939884112748312,0.31444530189037323,0.053696712914814745,0.6430858492851257,1.0,1.0,-1.050486096739769,0.5865197449288462,0.06615376295521855,0.03390809913569574,0.0,0.0,0.0,-0.08388172537088394,0.32388298338970056,0.15266784951090812,0.040960147945593856,0.0871963381767273,0.2,0.0,-0.04205419979989529,0.19074633829937393,0.15477442741394043,0.018360504477441277,0.028490564227104186,0.1,0.0
TENX117,1184,056x025,17522,39044,10,-0.039611988514661786,0.1661468409726739,0.14734503552317618,0.013307274862773512,0.0,0.0,0.0,-0.041586386412382124,0.14046824366770852,0.14684443771839142,0.01091956814046846,0.03561920821666718,0.1,0.0,0.5794569656252861,0.1445400465685403,0.27456642091274264,0.03337859472771235,0.5748419970273971,1.0,0.8,-0.6995051577687263,0.7264878892101853,0.09565002787858248,0.05266959854604509,0.07319482266902924,0.2,0.0,0.2272785298526287,0.3125019768023332,0.19749275743961334,0.048758090153746,0.3163439750671387,0.7,0.2,-0.10625553652644157,0.18903433887681037,0.13810131549835206,0.015043829761027068,0.0,0.0,0.0
TENX117,1185,056x026,18253,39044,10,-0.19395317062735556,0.1832987295774109,0.14125223234295844,0.0154968292961251,0.0,0.0,0.0,-0.20977638214826583,0.08548607380417589,0.13841826394200324,0.007521178884198239,0.0,0.0,0.0,0.4943953722715378,0.14689262977517445,0.28164979815483093,0.03397930117199485,0.5507462114095688,1.0,0.6,-0.9565865270793438,0.6587466312444716,0.08186005037277937,0.04949879869169494,0.03626929223537445,0.1,0.0,0.2699109725654125,0.31254315907044666,0.23067436665296553,0.058605955282061084,0.412984499335289,0.9,0.4,-0.30682395547628405,0.17986270842329163,0.12614529430866242,0.01346886595340549,0.0,0.0,0.0
TENX117,1186,056x027,18984,39044,10,-0.03044779263436794,0.16914235195767915,0.14471446126699447,0.009069747898964786,0.0,0.0,0.0,0.027818920835852624,0.13414308081487167,0.15339599996805192,0.00942385286346886,0.0,0.0,0.0,0.6575705572962761,0.18207892105446072,0.28977036029100417,0.0368864584784157,0.5619496196508408,1.0,0.6,-1.2425752133131027,0.7561818880530577,0.057808125484734775,0.03683404414643645,0.0,0.0,0.0,0.40048410221934316,0.35105647081719166,0.22916097790002823,0.056781973864799815,0.43805037438869476,1.0,0.4,-0.17788917906582355,0.2058795840545516,0.12515007629990577,0.011279376125199444,0.0,0.0,0.0
TENX117,1187,056x028,19715,39044,10,-0.22568932846188544,0.11693308406788415,0.1410540260374546,0.013854608011805682,0.0,0.0,0.0,-0.11929152235388756,0.1494117560897869,0.1567425936460495,0.014081557965085142,0.09760109484195709,0.3,0.0,0.5133836612105369,0.16912683069254977,0.2961500510573387,0.03606987988964696,0.6004467844963074,1.0,0.9,-1.030922394245863,0.712891376722255,0.07756176926195621,0.04687050502824622,0.033542320132255554,0.1,0.0,0.051640094816684724,0.24796214138456338,0.19089725911617278,0.04639827698773181,0.2684097796678543,0.6,0.1,-0.2530202820897102,0.13581874599819016,0.13759431838989258,0.01685149865037302,0.0,0.0,0.0
TENX117,1188,056x029,20445,39044,10,0.010284309089183808,0.1751759289336465,0.1453925207257271,0.011326048700283519,0.0,0.0,0.0,-0.02034389115869999,0.10586411609894181,0.14086104482412337,0.008737369931939142,0.0,0.0,0.0,0.6451532989740372,0.20380535545537368,0.27688954323530196,0.042795757344064524,0.516928544640541,1.0,0.5,-1.2465531915426253,0.5612345737679898,0.049338501319289206,0.02810838891896312,0.0,0.0,0.0,0.5755852289497853,0.29210455542798935,0.26003791838884355,0.05034452924156847,0.48307145535945895,1.0,0.5,-0.12361670136451722,0.21606232001227688,0.12748045101761818,0.013333105252954369,0.0,0.0,0.0
TENX117,1189,057x009,5831,39774,10,0.0711975246667862,0.14641058773423626,0.15532469004392624,0.011996305821030416,0.0,0.0,0.0,-0.014298507198691367,0.1239826364838683,0.14277746379375458,0.01296103621359775,0.0,0.0,0.0,0.7328871011734008,0.15454894367392608,0.3010835230350494,0.023214079984116866,0.5342487633228302,1.0,0.8,-1.0893277525901794,0.3272369413779495,0.05180265884846449,0.018329211480768055,0.0,0.0,0.0,0.5947022914886475,0.18519076083149857,0.26308016628026965,0.02965442476356303,0.46575123965740206,1.0,0.2,-0.5232301861047745,0.1704732116647866,0.08593150675296783,0.008949216846755446,0.0,0.0,0.0
TENX117,1190,057x010,6562,39774,10,0.22816930189728737,0.12492871666501655,0.18370429575443267,0.01928629476251957,0.0,0.0,0.0,-0.04625577516853809,0.09019496883364315,0.1390383720397949,0.007114309659444063,0.0,0.0,0.0,0.6647717162966729,0.21031987243231234,0.2870331913232803,0.049493250741434694,0.5271033585071564,1.0,0.5,-1.0526828050613404,0.2985813215884986,0.053579588793218134,0.017719396668599098,0.0,0.0,0.0,0.5542119234800339,0.13041649918825443,0.2545208990573883,0.026794726803122806,0.4728966414928436,1.0,0.5,-0.5727414011955261,0.09656680024138382,0.08212363719940186,0.004185597500932235,0.0,0.0,0.0
TENX117,1191,057x011,7292,39774,10,-0.03693745657801628,0.16946700413327648,0.16650399565696716,0.017664448578854405,0.0,0.0,0.0,-0.16934278458356858,0.09176975668951655,0.14535082876682281,0.009074977574709445,0.0,0.0,0.0,0.5192653998732567,0.2435463807840181,0.29367277920246126,0.052851686737719526,0.5801735758781433,1.0,0.8,-0.92301105260849,0.25977142785907326,0.07257028184831142,0.024361088543106254,0.0,0.0,0.0,0.18795401230454445,0.209610917429845,0.2096501588821411,0.031531222288171644,0.4198264092206955,1.0,0.2,-0.4307312622666359,0.1838514717074305,0.11225196644663811,0.011384267918117127,0.0,0.0,0.0
TENX117,1192,057x012,8023,39774,10,0.127327062189579,0.15402590872457858,0.1614063248038292,0.013973984654768066,0.0,0.0,0.0,0.04967045057564974,0.0503157295054379,0.14901675581932067,0.008256783328682191,0.0,0.0,0.0,0.7172729402780533,0.1615060970074303,0.2937852814793587,0.04636370520024098,0.5674404829740525,1.0,0.6,-1.0856027960777284,0.47735590254209687,0.05438966080546379,0.024590858522311514,0.0,0.0,0.0,0.4377551220357418,0.25435251308925494,0.22352717369794844,0.0432210922524752,0.43255951404571535,1.0,0.4,-0.18782903710380197,0.17335704068339736,0.11787483170628547,0.01127560364398261,0.0,0.0,0.0
TENX117,1193,057x013,8754,39774,10,0.07511066943407059,0.1717637382113271,0.16627189069986342,0.01481602073894387,0.0,0.0,0.0,-0.07866189163178205,0.12025071109236503,0.14213615506887436,0.005968151308659682,0.0,0.0,0.0,0.6387594640254974,0.19711899121499885,0.29517060369253156,0.04916279391505018,0.5672968477010727,1.0,0.6,-1.0233158491551877,0.5694448679107666,0.0642476424574852,0.03402258499219571,0.0,0.0,0.0,0.35862790867686273,0.2700544425399475,0.22542266696691513,0.050269654836362816,0.4327031522989273,1.0,0.4,-0.3687098571099341,0.17384661331664256,0.10675103291869163,0.01028708116533211,0.0,0.0,0.0
TENX117,1194,057x014,9485,39774,10,0.10481590628623963,0.1690397781084804,0.15272755026817322,0.013062040075599447,0.0,0.0,0.0,0.08091611582785845,0.10380563018502938,0.14860982298851014,0.002919834460165937,0.0,0.0,0.0,0.7543788731098175,0.15345881809628395,0.29490858018398286,0.04553719841096178,0.5596771389245987,1.0,0.6,-0.957361713051796,0.6457112567741864,0.06530169630423188,0.036261794069956804,0.0,0.0,0.0,0.5069982677698135,0.3032493198697111,0.2329622209072113,0.05065323134137998,0.44032285511493685,1.0,0.4,-0.2669539921917021,0.18364352181680038,0.1054901510477066,0.010921838156936182,0.0,0.0,0.0
TENX117,1195,057x015,10215,39774,10,0.06267418563365937,0.12384207280679557,0.16230947971343995,0.015898930678338523,0.0,0.0,0.0,-0.07136528976261616,0.09265580208612893,0.14179055094718934,0.01188836712993959,0.0,0.0,0.0,0.6126428946852684,0.19737720257932603,0.284735643863678,0.05176235015030162,0.5438285589218139,1.0,0.5,-1.2011439085006714,0.623315444453277,0.05532289016991854,0.03164014297388043,0.0,0.0,0.0,0.43058042600750923,0.26235786500545555,0.23923534005880356,0.05333739861890493,0.45617145895957945,1.0,0.5,-0.2684219604358077,0.14124471635558317,0.11660611182451248,0.011942137470368725,0.0,0.0,0.0
TENX117,1196,057x016,10946,39774,10,0.05257718786597252,0.1546238962053472,0.16596668362617492,0.016374700286882527,0.0,0.0,0.0,-0.10448112916201353,0.13941580349919017,0.14125380665063858,0.0052436097666116515,0.0,0.0,0.0,0.6138706266880035,0.22788841282370692,0.2943744421005249,0.05324809770865537,0.5537742376327515,1.0,0.5,-0.9338746190071106,0.20144394473340663,0.0629980567842722,0.012942269668951732,0.0,0.0,0.0,0.39106339290738107,0.20369261439385986,0.23518288135528564,0.040351212905968575,0.4462257713079453,1.0,0.5,-0.45026332437992095,0.11714689330729629,0.10022412911057473,0.008249174071679646,0.0,0.0,0.0
TENX117,1197,057x017,11677,39774,10,-0.08863557102158666,0.20216160062525163,0.13839812874794005,0.007985937986794832,0.0,0.0,0.0,0.007920967042446136,0.12015135189140239,0.15266333371400834,0.011978589415388421,0.0,0.0,0.0,0.5820195198059082,0.22525692906089403,0.2724956780672073,0.03539413842364346,0.5478781521320343,1.0,0.5,-0.989011499285698,0.6734652948148058,0.0697084179148078,0.041776395850894876,0.0,0.0,0.0,0.38397579416632655,0.3500327663852899,0.22789063900709153,0.053167880795827994,0.4521218746900558,1.0,0.5,-0.08846927220001817,0.24127066053761384,0.13884380906820298,0.013470613793260443,0.0,0.0,0.0
TENX117,1198,057x018,12407,39774,10,-0.04808148890733719,0.11348826495029729,0.14893072992563247,0.013470624847124179,0.0,0.0,0.0,-0.021325046196579933,0.10463154795599239,0.15265554189682007,0.009626441062209633,0.0,0.0,0.0,0.5755631014704704,0.18340966274696716,0.2800389230251312,0.0426814694970201,0.558376955986023,1.0,0.6,-0.9498709827661515,0.6653670491076467,0.07122344067320227,0.03298505452276941,0.0,0.0,0.0,0.33484396561980245,0.21869598737298507,0.22194484621286392,0.04502202509120788,0.44162305593490603,1.0,0.4,-0.22295410046353936,0.15833562948657698,0.1252065360546112,0.013111783977053008,0.0,0.0,0.0
TENX117,1199,057x019,13138,39774,10,-0.07739214599132538,0.1429622689679427,0.1505456507205963,0.010972841450754143,0.0,0.0,0.0,-0.07464198637753724,0.09634732529874836,0.15062594711780547,0.004470089576070018,0.0,0.0,0.0,0.5168693132698536,0.210722174243264,0.2753957763314247,0.04227561304791236,0.5539923518896103,1.0,0.5,-0.9660311125218868,0.6503867655668704,0.0766026021912694,0.04542245671000792,0.03605815470218658,0.1,0.0,0.2865696392953396,0.29506122518017897,0.22208988964557647,0.05187882463508208,0.4099494755268097,0.9,0.5,-0.2670134410262108,0.1626069083375236,0.12474012970924378,0.011463607721899494,0.0,0.0,0.0
TENX117,1200,057x020,13869,39774,10,0.04401393905282021,0.11251517690480754,0.16197321563959122,0.01161224748206345,0.0,0.0,0.0,-0.053907671198248866,0.11013604944438517,0.14667961597442628,0.007479540784816076,0.0,0.0,0.0,0.5948127835988999,0.12750220695781136,0.28242800682783126,0.03512550828979615,0.5578822582960129,1.0,0.7,-1.0324436724185944,0.5909977556104895,0.06362859867513179,0.03179028011555459,0.0,0.0,0.0,0.35679367259144784,0.2164354578683407,0.22490686178207397,0.042565426896064344,0.4421177417039871,1.0,0.3,-0.25498229786753657,0.1454619176416538,0.12038369402289391,0.011853963146892275,0.0,0.0,0.0
TENX117,1201,057x021,14600,39774,10,-0.10876791216433049,0.12853504273283725,0.15487212538719178,0.014427706815659793,0.0,0.0,0.0,-0.09856927059590817,0.11138594078594695,0.15644024908542634,0.014466928297424552,0.06642146110534668,0.2,0.0,0.5083825392648578,0.2313405857339673,0.29020976126194,0.05054284140134985,0.5916974604129791,1.0,0.7,-1.0561338633298873,0.5227156081819246,0.06714087836444378,0.03288717838252995,0.0,0.0,0.0,0.09795614629983902,0.24256800859903227,0.19488031715154647,0.045069476060534255,0.3418810933828354,0.8,0.3,-0.2373191587626934,0.13769488082418999,0.1364566758275032,0.01543161395519438,0.0,0.0,0.0
TENX117,1202,057x022,15330,39774,10,-0.06539851315319538,0.1625248754349423,0.14454687684774398,0.016590697553488864,0.0,0.0,0.0,-0.05172398239374161,0.155060395869927,0.14596153274178505,0.010375799243812328,0.032450520992279054,0.1,0.0,0.6561267957091331,0.1784549243609975,0.29882328361272814,0.04358572953257015,0.5929101854562759,1.0,0.7,-0.8911375507712365,0.6483647344761607,0.07755445167422295,0.045566560952412745,0.031809696555137636,0.1,0.0,0.24930211305618286,0.30021458613299007,0.2028896227478981,0.04969974729065159,0.34282960593700407,0.8,0.3,-0.17106516510248185,0.17516020634238919,0.1302242361009121,0.01627073312743417,0.0,0.0,0.0
TENX117,1203,057x023,16061,39774,10,-0.16969151496887208,0.22983295749750737,0.1439226508140564,0.013775049893878236,0.0,0.0,0.0,-0.14739681631326676,0.1930398769948164,0.14704789966344833,0.012670630567233599,0.0,0.0,0.0,0.5232712000608444,0.2881109887455507,0.29074701964855193,0.0501977326235498,0.5662108331918716,1.0,0.6,-1.246722438186407,0.8048326861096415,0.0714901071973145,0.060099989925429906,0.04152342975139618,0.1,0.0,0.2081933833658695,0.3700307484539377,0.21588421911001204,0.054423652903013764,0.39226574301719663,0.9,0.4,-0.2693899370729923,0.29279744084997794,0.13090810254216195,0.018367010830522387,0.0,0.0,0.0
TENX117,1204,057x024,16792,39774,10,0.0803696133196354,0.12971287533342188,0.16166529506444932,0.011667757053587352,0.0,0.0,0.0,0.08505037911236286,0.08473420585312663,0.16252661645412445,0.013258194742613288,0.03624937236309052,0.1,0.0,0.5711404785513878,0.14201278977567702,0.26591129004955294,0.03626685175020576,0.5510609149932861,1.0,0.5,-0.8920507222414017,0.5935692816746396,0.07279004156589508,0.03892543301990581,0.0,0.0,0.0,0.35578191429376604,0.2759462587506227,0.21804490834474563,0.04998984434632322,0.4126897156238556,0.9,0.5,-0.22865052232518793,0.16661381114606247,0.11906185746192932,0.012776751549267582,0.0,0.0,0.0
TENX117,1205,057x025,17522,39774,10,0.03434600215405226,0.18520046776065105,0.15399639010429383,0.015676125998725858,0.0,0.0,0.0,-0.001809958927333355,0.1088636317098486,0.1478517860174179,0.005247935388163774,0.0,0.0,0.0,0.62382832467556,0.13490955288135825,0.27924762964248656,0.04126932397539575,0.5556670159101487,1.0,0.5,-1.1032849967479705,0.6649110150163977,0.06364969331771135,0.0484589185881957,0.0392720639705658,0.1,0.0,0.36828478798270226,0.299990892165437,0.22013693749904634,0.05164805262296644,0.4050609141588211,0.9,0.5,-0.09709760546684265,0.1840904648300673,0.1351175658404827,0.014439361243457124,0.0,0.0,0.0
TENX117,1206,057x026,18253,39774,10,-0.0032064154744148254,0.15621812574659255,0.15445879250764846,0.011211522230776164,0.0,0.0,0.0,-0.04360556676983833,0.09275400892490653,0.14826744496822358,0.009519175477224723,0.0,0.0,0.0,0.6046805381774902,0.12477857395122971,0.2849430561065674,0.03341514795461771,0.56665098965168,1.0,0.7,-0.9420438259840012,0.5254759272720885,0.06926916670054198,0.03517767335200596,0.0,0.0,0.0,0.3297333352267742,0.26710376401425584,0.2196264699101448,0.04520571860372384,0.4333490043878555,1.0,0.3,-0.23073455318808556,0.1802967843288294,0.12343505397439003,0.013489451105072018,0.0,0.0,0.0
TENX117,1207,057x027,18984,39774,10,0.022360802441835404,0.12504901989619985,0.15542711317539215,0.011926044480151688,0.0,0.0,0.0,-0.019715477526187897,0.12608106531451785,0.14947646781802176,0.016230751490623693,0.0,0.0,0.0,0.5615238070487976,0.12867340775424974,0.26889798045158386,0.040926699622114135,0.5355780273675919,1.0,0.5,-0.990929365158081,0.5617128122739106,0.06654129065573215,0.03635947231565174,0.0,0.0,0.0,0.4146377511322498,0.26429768226539113,0.23494760245084761,0.05099410010809688,0.46442197561264037,1.0,0.5,-0.1998308565467596,0.13904019609554036,0.12470953613519668,0.012465452644821882,0.0,0.0,0.0
TENX117,1208,057x028,19715,39774,10,-0.14774850904941558,0.10650047048728765,0.1474348336458206,0.014372822520614665,0.0,0.0,0.0,-0.16788373589515687,0.05009365199727009,0.1440844163298607,0.008712472530333528,0.033767995238304135,0.1,0.0,0.46497881338000296,0.15649692156873754,0.2725627154111862,0.030801716126223587,0.5796663582324981,1.0,0.8,-0.7851338997483254,0.6407870259552289,0.09418115299195051,0.054716181303957265,0.0762670397758484,0.2,0.0,0.07848964780569076,0.2640716709587782,0.19020109474658967,0.048336878133965394,0.31029860973358153,0.7,0.2,-0.12329161465168,0.13151886199447707,0.15153578370809556,0.018768139220717447,0.0,0.0,0.0
TENX117,1209,057x029,20445,39774,10,-0.053201854787766935,0.14110031252302344,0.14873325526714326,0.01429034103577296,0.0,0.0,0.0,0.002729611098766327,0.1476425056760513,0.1569588750600815,0.011032926706779661,0.03464468121528626,0.1,0.0,0.6079161703586579,0.18481980962904399,0.29074924290180204,0.048104736386154215,0.5646963745355607,1.0,0.5,-1.1528828114271163,0.6187380346095506,0.059214120358228685,0.0346899030515861,0.0,0.0,0.0,0.3334724299609661,0.24756307353417073,0.22338150888681413,0.04893409647109065,0.4006589412689209,0.9,0.5,-0.2628819655627012,0.16512477340392756,0.1209630012512207,0.014901486414996584,0.0,0.0,0.0
TENX117,1210,058x009,5831,40505,10,-0.17026188559830188,0.19419758176575397,0.14705637246370315,0.013682872157956303,0.0,0.0,0.0,-0.14836564864963292,0.22293223507148863,0.15058937445282936,0.016297974702687297,0.0,0.0,0.0,0.44734003469347955,0.16771145998291373,0.2731961697340012,0.029419586205425036,0.523676159977913,1.0,0.6,-0.7543768219649791,0.507220480210569,0.094017131626606,0.05143867377522451,0.038788750767707825,0.1,0.0,0.34516251981258395,0.2425876793677759,0.24897406846284867,0.043738347069941765,0.4375350832939148,0.9,0.4,-0.7049796134233475,0.1884728870381464,0.08616690337657928,0.008158520823788358,0.0,0.0,0.0
TENX117,1211,058x010,6562,40505,10,0.09589679762721062,0.17365305715986332,0.17649970352649688,0.014534390050313806,0.0,0.0,0.0,-0.05234648659825325,0.1490322114825365,0.1519773542881012,0.00947124239995084,0.0,0.0,0.0,0.5549265034496784,0.2307399762885338,0.2807845786213875,0.03666886695699517,0.5321441799402237,1.0,0.6,-1.0467299789190292,0.3590797180462238,0.061559461802244184,0.03032123478980735,0.0,0.0,0.0,0.42483802139759064,0.21415390140054813,0.24576617479324342,0.025520652180756036,0.467855829000473,1.0,0.4,-0.6520635902881622,0.15518294020759757,0.08341271206736564,0.005051250137837354,0.0,0.0,0.0
TENX117,1212,058x011,7292,40505,10,-0.014360143989324569,0.10341433293137232,0.1542631134390831,0.018632415887548267,0.0,0.0,0.0,-0.08252736143767833,0.0686191278111362,0.14355224817991258,0.012387118443819905,0.0,0.0,0.0,0.6157240599393845,0.23606971710956576,0.29331446886062623,0.05764705303149859,0.5468302220106125,1.0,0.5,-1.0446441113948821,0.4362525291898425,0.05958753041923046,0.024077874825780957,0.0,0.0,0.0,0.42211138606071474,0.1520961133066028,0.24006670117378234,0.038858440205377494,0.4531697690486908,1.0,0.5,-0.3563392490148544,0.10897843619943166,0.10921594277024269,0.009779202216533427,0.0,0.0,0.0
TENX117,1213,058x012,8023,40505,10,0.13211480844765902,0.1385328121780154,0.1642507791519165,0.015313435556343999,0.0,0.0,0.0,0.03299851156771183,0.042108322740791466,0.14821748584508895,0.005442822510654872,0.0,0.0,0.0,0.6918015301227569,0.17690073486571897,0.2916450992226601,0.05485960881205922,0.5566634058952331,1.0,0.6,-1.1117563843727112,0.45618214144057295,0.052926377207040784,0.024336792562747317,0.0,0.0,0.0,0.45607014670968055,0.2571934346980897,0.23120804578065873,0.0485203230056653,0.4433366060256958,1.0,0.4,-0.2549936883151531,0.1485353809381457,0.1117522232234478,0.012745709791133616,0.0,0.0,0.0
TENX117,1214,058x013,8754,40505,10,0.054652678221464156,0.12433677085986822,0.15301027595996858,0.01291499962009922,0.0,0.0,0.0,-0.04924733527004719,0.10438218558233783,0.13753693103790282,0.0056258466950007075,0.0,0.0,0.0,0.6818337500095367,0.15620986531695313,0.2888196840882301,0.04421969204285135,0.5629191219806671,1.0,0.6,-0.7589537642896176,0.6417879494893363,0.07988050170242786,0.044478202389533684,0.03718075156211853,0.1,0.0,0.4094407208263874,0.2207809126672809,0.2230412930250168,0.05022328451220082,0.3999001145362854,0.9,0.4,-0.20943854078650476,0.1269205909057433,0.11771130785346032,0.012135000016738059,0.0,0.0,0.0
TENX117,1215,058x014,9485,40505,10,0.12736187689006329,0.16869791175398452,0.17177624851465226,0.01514751963845801,0.0,0.0,0.0,-0.09476562514901161,0.1874447608306067,0.1372452326118946,0.007401914490898433,0.0,0.0,0.0,0.577025207132101,0.23920004874223655,0.2729921191930771,0.05015842635230511,0.5260104477405548,1.0,0.5,-1.276121935248375,0.4241189769670282,0.04789946600794792,0.02389822722492139,0.0,0.0,0.0,0.4696833975613117,0.2776823153277508,0.2451854571700096,0.045383061108989965,0.47398954927921294,1.0,0.5,-0.19247679375112056,0.21420671200887612,0.12490148618817329,0.012455576845655299,0.0,0.0,0.0
TENX117,1216,058x015,10215,40505,10,0.0067763950675725935,0.1817107426604067,0.15608371943235397,0.015420027195207279,0.0,0.0,0.0,-0.043449928238987925,0.1738510670052533,0.14804566353559495,0.009767594282569781,0.0,0.0,0.0,0.5758666157722473,0.20007924869000382,0.27860857993364335,0.04808392257281512,0.5416572034358978,1.0,0.5,-1.031311735510826,0.5545199372836873,0.06390884649008513,0.032218615853781316,0.0,0.0,0.0,0.40376254767179487,0.27095124444260144,0.23550811856985093,0.04582537399652763,0.45834279954433443,1.0,0.5,-0.2733886126428843,0.17910640207097503,0.11784507185220719,0.010483994407783472,0.0,0.0,0.0
TENX117,1217,058x016,10946,40505,10,0.06399504579603672,0.1553858782144056,0.1702642023563385,0.014491001956679211,0.0,0.0,0.0,0.0014830142259597777,0.11905503288626344,0.1597665950655937,0.011477343025562683,0.0,0.0,0.0,0.5121173456311225,0.21695723559025257,0.2692681014537811,0.04425990955926572,0.5442251801490784,1.0,0.5,-1.2995655953884124,0.5577055015017376,0.0502802474424243,0.02438009878399095,0.0,0.0,0.0,0.32947719991207125,0.2570770793454072,0.22508229017257692,0.04146942081777538,0.4557748228311539,1.0,0.5,-0.24391868263483046,0.17517129775878926,0.12533857226371764,0.01293943198260143,0.0,0.0,0.0
TENX117,1218,058x017,11677,40505,10,-0.13897583559155463,0.12040441708779297,0.14407383799552917,0.015921065594627182,0.0,0.0,0.0,-0.06990481503307819,0.1236930571543626,0.15409123599529267,0.014296500048884723,0.06292700171470642,0.2,0.0,0.6119326829910279,0.19338566261842677,0.3077567368745804,0.051456912568392445,0.602453202009201,1.0,1.0,-1.1402057528495788,0.4976559485318196,0.05861617084592581,0.025998389835834575,0.0,0.0,0.0,0.16738816648721694,0.225212532026764,0.19918991178274154,0.04296937214153924,0.3346197932958603,0.8,0.0,-0.19385254988446832,0.12995466189538715,0.13627209812402724,0.014113217276328522,0.0,0.0,0.0
TENX117,1219,058x018,12407,40505,10,0.08729388564825058,0.14667058318741497,0.15809972435235978,0.017119286659245583,0.0,0.0,0.0,0.01472339779138565,0.0891831514666498,0.14629497230052949,0.006042257636701569,0.0,0.0,0.0,0.6800163924694062,0.14975343044134956,0.28793039321899416,0.04504644022766412,0.5826214164495468,1.0,0.6,-0.7554726228117943,0.5898771534234487,0.07879239693284035,0.04040444643101686,0.030472198128700258,0.1,0.0,0.3301147386431694,0.2958513823927875,0.20623144060373305,0.04895880793146828,0.3869064003229141,0.9,0.4,-0.16781008001416922,0.1530957438494145,0.12265108078718186,0.014613759526592213,0.0,0.0,0.0
TENX117,1220,058x019,13138,40505,10,-0.03881024569272995,0.11089011525358107,0.15086501389741896,0.012465254331930803,0.0,0.0,0.0,-0.049404640682041645,0.07003514174205086,0.14895498752593994,0.00773512591660247,0.0,0.0,0.0,0.5710524022579193,0.14028679623117554,0.2792738273739815,0.03813282472750977,0.5573526620864868,1.0,0.6,-0.8275880381464958,0.5657621674910686,0.07990327347069978,0.04172713937317703,0.0,0.0,0.0,0.3335219517350197,0.23476728317166135,0.223528628051281,0.04862257861647773,0.4426473528146744,1.0,0.4,-0.29215979762375355,0.14154760774302225,0.1174742691218853,0.013545164725126912,0.0,0.0,0.0
TENX117,1221,058x020,13869,40505,10,-0.0010002247989177703,0.09386133339917507,0.15760810822248458,0.013055964138774223,0.0,0.0,0.0,-0.0421998705714941,0.06407287339744626,0.1508438318967819,0.00550290320899193,0.0,0.0,0.0,0.5135006949305534,0.20288363086825625,0.26638134866952895,0.04335652953533811,0.5387032985687256,1.0,0.6,-1.1151329070329665,0.5316179246060361,0.0597206087782979,0.03154396289203535,0.0,0.0,0.0,0.353703410923481,0.2435185171989245,0.22884643226861953,0.047358206164831475,0.46129670441150666,1.0,0.4,-0.1449784935452044,0.11247142167224797,0.1365996778011322,0.012618115807261854,0.0,0.0,0.0
TENX117,1222,058x021,14600,40505,10,0.01623626463115215,0.15103035644514082,0.15512599498033525,0.018215709654871126,0.0,0.0,0.0,-0.006299231946468353,0.08283397196601905,0.15114169120788573,0.012369414824874327,0.09609911143779755,0.3,0.0,0.6332139104604722,0.16280836055289297,0.2889834761619568,0.04380222785631235,0.5983307212591171,1.0,0.7,-0.8357488378882408,0.5983584259815559,0.07767484113574027,0.04111128584731953,0.032401281595230105,0.1,0.0,0.21331434026360513,0.2706090359425689,0.19277589470148088,0.0442615577518586,0.2731688916683197,0.6,0.3,-0.1286924250423908,0.16210296607059752,0.13429808989167213,0.016423712864474756,0.0,0.0,0.0
TENX117,1223,058x022,15330,40505,10,-0.18110252022743226,0.12531881674009107,0.13855656757950782,0.01311757307390846,0.0,0.0,0.0,-0.12611114270985127,0.08234424231264857,0.14592217803001403,0.007451435706880221,0.0,0.0,0.0,0.5133832678198814,0.19044878387807387,0.27875800281763075,0.03758836353637993,0.5633986026048661,1.0,0.6,-0.7847012899816036,0.6448517312363927,0.09179893862456083,0.05588634050109632,0.07960969507694245,0.2,0.0,0.1935279682278633,0.2754549737149811,0.20712235271930696,0.0513535996441999,0.35699169933795927,0.8,0.4,-0.1898561730980873,0.16246574784570905,0.13784196451306344,0.0173346046995736,0.0,0.0,0.0
TENX117,1224,058x023,16061,40505,10,-0.059209218621253966,0.2159641713037574,0.16461663395166398,0.015156232694933871,0.03250255286693573,0.1,0.0,-0.1088756050914526,0.1855753776855633,0.15606240332126617,0.004847667747728488,0.06635657250881195,0.2,0.0,0.4892954034730792,0.24599547902760596,0.2875149235129356,0.04690867176479995,0.593400165438652,1.0,0.9,-1.3839017897844315,0.658631675704622,0.05173717942088842,0.026580178209612615,0.0,0.0,0.0,0.08768403232097625,0.29104810115836194,0.1939906433224678,0.0398876419521816,0.30774071216583254,0.7,0.1,-0.1780926138162613,0.21302634464006898,0.14607821255922318,0.012495499973055595,0.0,0.0,0.0
TENX117,1225,058x024,16792,40505,10,-0.10555643364787101,0.12909520312747597,0.14626638889312743,0.007783298672159654,0.0,0.0,0.0,0.0043458241969347,0.11050991025327758,0.16327518224716187,0.00885851107566441,0.0,0.0,0.0,0.4714269623160362,0.16120567353833912,0.2615638837218285,0.027564621816903057,0.5362209886312485,1.0,0.5,-0.9880321644246578,0.6535590808413064,0.07305828798562289,0.04084823759603838,0.0,0.0,0.0,0.323044590651989,0.25675037075479007,0.2291502386331558,0.04763122337978794,0.46377902626991274,1.0,0.5,-0.2516717159189284,0.15985331853598897,0.12668601274490357,0.011021106722901379,0.0,0.0,0.0
TENX117,1226,058x025,17522,40505,10,-0.10216962210834027,0.1863399218346526,0.1436677522957325,0.012903910718499171,0.0,0.0,0.0,-0.059988120943307875,0.16026625304309333,0.14944320172071457,0.007455491312536093,0.0,0.0,0.0,0.534138010442257,0.23293654545490666,0.27312746793031695,0.03857765089807496,0.5571321576833725,1.0,0.6,-0.7170050702989101,0.624403548665671,0.09402898782864214,0.04702065614831867,0.038896185159683225,0.1,0.0,0.2739964909851551,0.3131713866625819,0.2140015572309494,0.04880148761410383,0.4039716511964798,0.9,0.4,-0.2376405231654644,0.22523241425685528,0.12573101967573166,0.013843211035714658,0.0,0.0,0.0
TENX117,1227,058x026,18253,40505,10,0.02542768195271492,0.15514670976958664,0.15752608180046082,0.014717938781108912,0.0,0.0,0.0,0.025845973938703536,0.17476150601909787,0.1572812169790268,0.010963138963572202,0.07047479450702668,0.2,0.0,0.6248610243201256,0.24327236151734163,0.288397940993309,0.04066853159782703,0.5893597662448883,1.0,0.9,-0.7988195396959782,0.6787645062468207,0.0844191562384367,0.045786121527570375,0.0,0.0,0.0,0.23150427341461183,0.2717355880661655,0.19780781865119934,0.04527089185978875,0.34016542732715604,0.8,0.1,-0.2964650742709637,0.19898393407477166,0.11456777229905128,0.01430305282079816,0.0,0.0,0.0
TENX117,1228,058x027,18984,40505,10,-0.052629728987813,0.16397691353345623,0.14149805009365082,0.013970788053345543,0.0,0.0,0.0,0.007666104100644588,0.056633076938001195,0.14992416948080062,0.01063894388044111,0.06924733221530914,0.2,0.0,0.6171344816684723,0.12358563526071718,0.27664067447185514,0.02864706593048659,0.5775671601295471,1.0,0.7,-0.7065214768052102,0.6345929161063364,0.08813197296112776,0.04856935380643249,0.033514398336410525,0.1,0.0,0.2833321690559387,0.2991765011671566,0.20264723896980286,0.047345963740411126,0.31967110335826876,0.7,0.3,-0.058513674233108756,0.2082791798438448,0.1411578834056854,0.018457963869831173,0.0,0.0,0.0
TENX117,1229,058x028,19715,40505,10,0.004429295845329762,0.19826834204628785,0.15030667036771775,0.01463794174432494,0.0,0.0,0.0,-0.03791566863656044,0.10166050483991523,0.14360694140195845,0.007838489010996126,0.0,0.0,0.0,0.571307635307312,0.14931520536432588,0.26620578169822695,0.036099730136372986,0.5557705372571945,1.0,0.6,-0.6627241924405098,0.4486361370354004,0.08571654111146927,0.03806032040087894,0.0,0.0,0.0,0.3408618800342083,0.30271832636938395,0.21458838880062103,0.04740306636063018,0.444229456782341,1.0,0.4,-0.07110347906127572,0.18301926619576378,0.13957567214965821,0.01560160180419561,0.0,0.0,0.0
TENX117,1230,058x029,20445,40505,10,0.0077911127358675,0.24090084466989828,0.15045466423034667,0.013187043433208647,0.0,0.0,0.0,0.006508173421025276,0.16384203623020566,0.15030812174081803,0.013770543997399295,0.035972169041633605,0.1,0.0,0.5789170786738396,0.2240143814798599,0.26767868399620054,0.03524458321838349,0.5546661674976349,1.0,0.7,-0.9128011584281921,0.6804983324673575,0.07562227454036474,0.04786970478643333,0.035951855778694156,0.1,0.0,0.337773060053587,0.39140484573055057,0.21512122303247452,0.053907976700058216,0.3734097987413406,0.8,0.3,-0.06143261352553964,0.2866588257553801,0.14081503450870514,0.016490695052676002,0.0,0.0,0.0
TENX117,1231,059x010,6562,41236,10,-0.2367554597556591,0.12917106331878617,0.14448978751897812,0.009808807444962384,0.0,0.0,0.0,-0.19877023473381997,0.12553907393709451,0.1499303549528122,0.007588358601184933,0.0,0.0,0.0,0.44894625842571256,0.17354044412146136,0.2874397858977318,0.026962579657164937,0.5581335932016372,1.0,0.7,-0.7658027142286301,0.44074123536377713,0.09146821089088916,0.032368204006595555,0.0,0.0,0.0,0.21233610212802886,0.20078816667005303,0.22867342829704285,0.03584937068661151,0.4418663948774338,1.0,0.3,-0.6257524758577346,0.1578220120041171,0.09799843654036522,0.007633370214925476,0.0,0.0,0.0
TENX117,1232,059x011,7292,41236,10,0.30389964655041696,0.14213571832570826,0.21715514361858368,0.023156394560309813,0.4218795269727707,1.0,0.2,-0.060707291960716246,0.1779898694621526,0.15036000162363053,0.0108687476672502,0.0,0.0,0.0,0.6261096000671387,0.2540729477005322,0.30381888449192046,0.058968648435076446,0.5781204849481583,1.0,0.8,-1.0351478427648544,0.3057904290029605,0.06196721903979778,0.029139188278033225,0.0,0.0,0.0,0.07562720254063607,0.22240622437619448,0.1738147497177124,0.026384558403718717,0.0,0.0,0.0,-0.5426009923219681,0.14828558141228682,0.0928840085864067,0.007153862859673443,0.0,0.0,0.0
TENX117,1233,059x012,8023,41236,10,-0.01982687711715698,0.1096240927415232,0.1516633525490761,0.011976660360526257,0.0,0.0,0.0,-0.044238312914967534,0.07641517110521263,0.14774763584136963,0.007898845245191254,0.0,0.0,0.0,0.6357386916875839,0.13194261436931515,0.29362408369779586,0.0373508563853919,0.5693710505962372,1.0,0.7,-0.8020212762057781,0.48094448614302526,0.07737421989440918,0.035772032349239286,0.033232906460762025,0.1,0.0,0.34589763432741166,0.2317848738158983,0.2228593721985817,0.04626411302024582,0.397396045923233,0.9,0.3,-0.37304334416985513,0.13584838195761972,0.10673133879899979,0.01084023282634845,0.0,0.0,0.0
TENX117,1234,059x013,8754,41236,10,-0.002484235167503357,0.21347517517452747,0.1578759118914604,0.015001647399763937,0.0,0.0,0.0,-0.04550333693623543,0.15127927742250252,0.15076749175786971,0.0081006328744345,0.0,0.0,0.0,0.5852231159806252,0.27246679212495634,0.2863967716693878,0.0452062603301061,0.5747412145137787,1.0,0.6,-0.9748942226171493,0.6093205244263106,0.0729159832932055,0.039914858404176405,0.0,0.0,0.0,0.2748542159795761,0.31538409426201724,0.21205227971076965,0.04451126848892237,0.42525877952575686,1.0,0.4,-0.27742826119065284,0.22846657266213516,0.11999156847596168,0.012080918595785506,0.0,0.0,0.0
TENX117,1235,059x014,9485,41236,10,-0.04415222406387329,0.1189608987538569,0.1676570311188698,0.020417562332037103,0.21318629682064055,0.6,0.0,-0.16573788672685624,0.12023918280943899,0.14773242622613908,0.010536101187185544,0.0,0.0,0.0,0.5666875377297401,0.23301273471018544,0.3115282192826271,0.05591081528758837,0.637825894355774,1.0,1.0,-0.7525793418288231,0.6199756138234795,0.09633796587586403,0.048957708205402614,0.06517464816570281,0.2,0.0,-0.20637899413704872,0.21895794179291955,0.14544121623039247,0.03419400774539019,0.08381316065788269,0.2,0.0,-0.2865344498306513,0.12963947374278104,0.13130312636494637,0.013665950558818562,0.0,0.0,0.0
TENX117,1236,059x015,10215,41236,10,0.011379489302635193,0.1994375238878268,0.16653169840574264,0.019794097605166566,0.0,0.0,0.0,-0.1794959630817175,0.07549832516869728,0.1371156841516495,0.012129630582341377,0.0,0.0,0.0,0.5832748651504517,0.24292326784523913,0.2983200803399086,0.055574617887904146,0.5942243605852127,1.0,0.9,-0.9808000564575196,0.5453235899779275,0.07100795395672321,0.032082924422800536,0.0,0.0,0.0,0.18846360892057418,0.30377131002357083,0.20247507989406585,0.04736584461192292,0.4057756543159485,1.0,0.1,-0.2770551726222038,0.20596300828032515,0.12454951107501984,0.01267496332090601,0.0,0.0,0.0
TENX117,1237,059x016,10946,41236,10,-0.07646365165710449,0.139827710532091,0.1508222982287407,0.01568923609702544,0.0,0.0,0.0,-0.08591279275715351,0.08911883642016498,0.1488625094294548,0.008748667778368798,0.0,0.0,0.0,0.5673433534801007,0.2228055653575081,0.2899624541401863,0.049991563910219285,0.5584705382585525,1.0,0.5,-1.018996888399124,0.37158850991890024,0.06351292710751295,0.025214656174184173,0.0,0.0,0.0,0.3244703970849514,0.24652019112829632,0.22860189229249955,0.04566438541950757,0.4415294587612152,1.0,0.5,-0.3187638819217682,0.1548006792579178,0.11823793947696686,0.010941649861817445,0.0,0.0,0.0
TENX117,1238,059x017,11677,41236,10,-0.07947544679045677,0.18670609888013714,0.15415724366903305,0.017202537761535318,0.0,0.0,0.0,-0.10846863836050033,0.1850000733685671,0.14936910942196846,0.012052415588873,0.03230843245983124,0.1,0.0,0.5026759080588817,0.23735952476845165,0.2783678859472275,0.04764168997322686,0.5743361502885819,1.0,0.6,-0.8318771928548813,0.3358674164335207,0.07818037755787373,0.03073386076566988,0.0,0.0,0.0,0.1909793198108673,0.2917734734870267,0.20495697408914565,0.04106479532649811,0.39335542917251587,0.9,0.4,-0.21186551675200463,0.19022015021102082,0.13496839702129365,0.014322427398313435,0.0,0.0,0.0
TENX117,1239,059x018,12407,41236,10,0.01953728273510933,0.17143682247904854,0.15829457491636276,0.01984563175938136,0.0,0.0,0.0,-0.06949992068111896,0.11695845815104827,0.14398030191659927,0.009231536870321256,0.03002903163433075,0.1,0.0,0.6581412583589554,0.18092112536091368,0.3026959553360939,0.05520178576446035,0.6147753834724426,1.0,1.0,-0.8537560850381851,0.32040599422376326,0.06942532695829869,0.02396464229551906,0.0,0.0,0.0,0.17248714715242386,0.2403254597070818,0.18700641691684722,0.03827496861972211,0.35519557893276216,0.9,0.0,-0.11041956404224038,0.1429956012818386,0.13859741315245627,0.013604512260094058,0.0,0.0,0.0
TENX117,1240,059x019,13138,41236,10,0.05839829556643963,0.21130603812092413,0.15720903724431992,0.013751074711710836,0.0,0.0,0.0,-0.015572002530097962,0.19699869249805396,0.14571130126714707,0.008874650613263466,0.0,0.0,0.0,0.6583852618932724,0.20228001333269635,0.28881602734327316,0.04433758080832962,0.5848925679922103,1.0,0.8,-0.7612395577132702,0.5432117869822334,0.08156210351735353,0.04150355987688306,0.031182995438575743,0.1,0.0,0.3011933460831642,0.3112243421372777,0.2049614116549492,0.04702599959559509,0.3839244365692139,0.9,0.2,-0.20151970945298672,0.2502576187969891,0.12174011990427971,0.015789605124227876,0.0,0.0,0.0
TENX117,1241,059x020,13869,41236,10,-0.11004307959228754,0.21415424800147506,0.15163697749376298,0.01395635291375172,0.0,0.0,0.0,-0.15394991412758827,0.15180589326608865,0.144770285487175,0.008686993576144237,0.0,0.0,0.0,0.5079890549182892,0.23986171733902034,0.2836934104561806,0.04482634866561672,0.5684122174978257,1.0,0.5,-1.1932879149913789,0.6172302281376179,0.06274724034592509,0.03479462607244227,0.0,0.0,0.0,0.22306733205914497,0.3266377059931173,0.21612696945667267,0.048776677453553983,0.4315877854824066,1.0,0.5,-0.18366281166672707,0.25141214982589766,0.14102513194084168,0.014517012444087367,0.0,0.0,0.0
TENX117,1242,059x021,14600,41236,10,-0.038541143760085106,0.1919276225528697,0.15043307691812516,0.01231985076198788,0.0,0.0,0.0,-0.05976139679551125,0.11921524386026952,0.14741476848721505,0.013634214821994676,0.0,0.0,0.0,0.5693144991993904,0.19240597337818804,0.2780007153749466,0.038076571539806085,0.5602992117404938,1.0,0.5,-1.0695554316043854,0.6129925600266424,0.06538151316344738,0.03733265993378776,0.0,0.0,0.0,0.31888009011745455,0.3201302178156382,0.2201588675379753,0.05037965118060212,0.43970079720020294,1.0,0.5,-0.12170575335621833,0.19715785792158005,0.13861106112599372,0.013385173848283461,0.0,0.0,0.0
TENX117,1243,059x022,15330,41236,10,0.022266780957579613,0.163483952665688,0.15844877511262895,0.013748260868158342,0.0,0.0,0.0,-0.062178772687911985,0.10600756394784278,0.14553276300430298,0.011425980222269287,0.034088364243507384,0.1,0.0,0.5696611344814301,0.14284368407416032,0.27624399960041046,0.04239445022541029,0.5609929084777832,1.0,0.6,-1.2787723869085312,0.6788678543452145,0.05408132914453745,0.032055444169627,0.0,0.0,0.0,0.31192328333854674,0.2933265134108107,0.21670228540897368,0.05006096850861869,0.4049187362194061,0.9,0.4,-0.04137347862124443,0.1893959366441922,0.14899085462093353,0.016143160167093815,0.0,0.0,0.0
TENX117,1244,059x023,16061,41236,10,0.045731819793581964,0.1662912188089919,0.14730261415243148,0.009768584499189574,0.0,0.0,0.0,0.026814503222703935,0.08510380801606922,0.14456270188093184,0.009680818067190424,0.0,0.0,0.0,0.6536502540111542,0.10090070342321306,0.27137266248464587,0.02800192153221515,0.5483036905527114,1.0,0.5,-0.9242197535932064,0.7015417585157236,0.0734097526408732,0.05080897370435385,0.037916967272758485,0.1,0.0,0.447344209253788,0.31787419894431285,0.225603786110878,0.05133822903603375,0.4137793302536011,0.9,0.5,-0.027538107335567476,0.21700065251676498,0.1377484992146492,0.017913838296737452,0.0,0.0,0.0
TENX117,1245,059x024,16792,41236,10,-0.0451633520424366,0.1515917060855018,0.14985936284065246,0.013070846839541014,0.0,0.0,0.0,-0.07343947291374206,0.09599654776346549,0.14531197100877763,0.007253792908890213,0.0,0.0,0.0,0.5968740880489349,0.1823364259327931,0.28731160759925845,0.04579134865129918,0.5650406599044799,1.0,0.5,-1.0207832239568233,0.6632660994806732,0.06937202680855989,0.04249142471583329,0.036549171805381774,0.1,0.0,0.3197298586368561,0.27955832151419785,0.2209409147500992,0.05072413969329664,0.3984101742506027,0.9,0.5,-0.21034269630908967,0.18516565694366618,0.12720412015914917,0.012891022037595411,0.0,0.0,0.0
TENX117,1246,059x025,17522,41236,10,-0.02614618428051472,0.10287804600391337,0.15732030123472213,0.010669237517907396,0.0,0.0,0.0,-0.05303848832845688,0.14392100991942453,0.15300074815750123,0.007800051670741519,0.0,0.0,0.0,0.4940109565854073,0.19378181622111357,0.2664175987243652,0.035344573704668245,0.5408338785171509,1.0,0.5,-1.2160673201084138,0.5118380294117651,0.054133014753460884,0.02835070649349369,0.0,0.0,0.0,0.32623116821050646,0.22187152987484032,0.22732405811548234,0.04263583635513158,0.4591661274433136,1.0,0.5,-0.13371704826131464,0.14942405352319513,0.1418042965233326,0.015793417543411164,0.0,0.0,0.0
TENX117,1247,059x026,18253,41236,10,-0.0901625968515873,0.1563982717363967,0.14978639036417007,0.015458438410850572,0.0,0.0,0.0,-0.07639379277825356,0.07019852973152019,0.1512121483683586,0.006057895302599543,0.03422092199325562,0.1,0.0,0.4960592985153198,0.09945651453012594,0.27039579302072525,0.03587509455868678,0.5619858294725418,1.0,0.7,-1.102779895067215,0.7643926848127021,0.07185153989121318,0.046622980354975405,0.0,0.0,0.0,0.23851473107934,0.2960035458516006,0.21339896321296692,0.05183504009588682,0.40379324555397034,0.9,0.3,-0.1355621762573719,0.17164912368960325,0.1433551587164402,0.016473416210318698,0.0,0.0,0.0
TENX117,1248,059x027,18984,41236,10,-0.0684848316013813,0.12107974210831464,0.15276639312505721,0.01449616391725348,0.0,0.0,0.0,-0.09279260709881783,0.07917379203638707,0.14868856221437454,0.008511748644076032,0.0,0.0,0.0,0.5304794654250145,0.18222407622039896,0.28077320009469986,0.046546289591276,0.5534636437892914,1.0,0.5,-0.9803304076194763,0.5322257993710111,0.07003883831202984,0.033475408233764804,0.0,0.0,0.0,0.3086527518928051,0.24036428474710902,0.22679590433835983,0.047621017721669864,0.44653636813163755,1.0,0.5,-0.30430523455142977,0.15090332160557018,0.12093710079789162,0.014071709098509367,0.0,0.0,0.0
TENX117,1249,059x028,19715,41236,10,-0.018691864982247352,0.12279179641550705,0.14555660784244537,0.010287611546250899,0.0,0.0,0.0,-0.0035866376012563704,0.10506498720949145,0.14766907095909118,0.008740293330961137,0.033897513151168825,0.1,0.0,0.6061430603265763,0.11830737447617821,0.2730390906333923,0.031330295576539394,0.5612937241792679,1.0,0.6,-0.888843049108982,0.7341651131873487,0.07877114657312631,0.048371189392995874,0.0,0.0,0.0,0.34978940188884733,0.2960908340229727,0.21610602885484695,0.05167423728429927,0.4048087775707245,0.9,0.4,-0.06910141194239258,0.16673554772169666,0.13885803744196892,0.014867178795947709,0.0,0.0,0.0
TENX117,1250,059x029,20445,41236,10,-0.12378363646566867,0.1683259454342609,0.14485225081443787,0.013670721294109511,0.0,0.0,0.0,-0.11640693005174399,0.1286067546830397,0.1455083593726158,0.008280339647544878,0.0,0.0,0.0,0.4550937948748469,0.1849319592464027,0.26035514920949937,0.03925664872329823,0.530663275718689,1.0,0.6,-1.2196142755448818,0.8802809434305169,0.06572785759344697,0.04709364644920528,0.0,0.0,0.0,0.32855104729533197,0.2877645514096671,0.23348151296377181,0.05625900721438903,0.4693367302417755,1.0,0.4,-0.08944210866466165,0.16984150622945804,0.15007487386465074,0.01573593414561298,0.0,0.0,0.0
TENX117,1251,060x010,6562,41967,10,-0.03452700898051262,0.20168921618019642,0.14414189606904984,0.009028442832532934,0.0,0.0,0.0,-0.060021637752652165,0.237171232928867,0.14087301939725877,0.013026209471339138,0.0,0.0,0.0,0.5775408744812012,0.21887350313079926,0.266461455821991,0.023979764338160847,0.46477548480033876,1.0,0.2,-1.0988563776016236,0.2714374992372693,0.054253227263689044,0.02527837161875957,0.0,0.0,0.0,0.7201854705810546,0.25356131868124254,0.3075375258922577,0.03089117105738932,0.5352245151996613,1.0,0.8,-0.5434169948101044,0.2094359911109697,0.08673286586999893,0.006583781167166471,0.0,0.0,0.0
TENX117,1252,060x011,7292,41967,10,-0.08193184360861779,0.1017827625771548,0.16367333382368088,0.012976927932500264,0.0,0.0,0.0,-0.1336823470890522,0.10639431840968008,0.15529630780220033,0.010650564891192893,0.0,0.0,0.0,0.46623281985521314,0.21147596039811245,0.2852221980690956,0.040814429766836614,0.5424615561962127,1.0,0.7,-1.07351795732975,0.3438566615947316,0.06501234993338585,0.02633073011486945,0.0,0.0,0.0,0.2942094661295414,0.13754975103093636,0.2385495975613594,0.020768986538630935,0.457538440823555,1.0,0.3,-0.6555724114179611,0.10897820812880667,0.09224621281027794,0.0076452494158658485,0.0,0.0,0.0
TENX117,1253,060x012,8023,41967,10,-0.04934189580380917,0.13922662777566083,0.15178685933351516,0.018659171757195073,0.0,0.0,0.0,-0.12819286845624447,0.10873390760535834,0.13982413187623025,0.01226310712837166,0.0,0.0,0.0,0.670904102921486,0.1767840598483296,0.3143197879195213,0.0525294665421329,0.6015869915485382,1.0,0.8,-0.8391262382268906,0.4047364028859748,0.07431527189910411,0.026789718447691468,0.0,0.0,0.0,0.24691838026046753,0.21245017140047046,0.20639808177948,0.03953722176933957,0.3984129995107651,1.0,0.2,-0.338059501349926,0.1129951264906281,0.1133558601140976,0.010260283120756301,0.0,0.0,0.0
TENX117,1254,060x013,8754,41967,10,0.040253838151693346,0.15621541497734914,0.15557473599910737,0.01367585334732605,0.0,0.0,0.0,0.008343380503356456,0.1104579109942661,0.15032095611095428,0.007895333928111849,0.0,0.0,0.0,0.6705889582633973,0.1639241711475566,0.29501625895500183,0.047840216523054514,0.5733227074146271,1.0,0.8,-0.9977839946746826,0.5146704483537555,0.06359264478087426,0.029928459880481758,0.0,0.0,0.0,0.3657956652343273,0.2857786714808479,0.21942733377218246,0.04656032289590745,0.426677280664444,1.0,0.2,-0.2541931889951229,0.15687693011618964,0.11606805995106698,0.012019762930945406,0.0,0.0,0.0
TENX117,1255,060x014,9485,41967,10,0.019189507141709326,0.1327513471376661,0.16358406841754913,0.018484131956184188,0.0,0.0,0.0,-0.06065519191324711,0.11199536922211002,0.15027789622545243,0.00782249676193947,0.0,0.0,0.0,0.5644882068037986,0.21658554172046593,0.28499948382377627,0.050398806321095425,0.5641180545091629,1.0,0.6,-0.9678343683481216,0.4576360271763233,0.066962256655097,0.02863582773020982,0.0,0.0,0.0,0.29723989889025687,0.2334642243102631,0.21940907835960388,0.04545268706917313,0.4358819484710693,1.0,0.4,-0.33423582911491395,0.1549163399875759,0.11476721838116646,0.01192621262224509,0.0,0.0,0.0
TENX117,1256,060x015,10215,41967,10,0.04084343984723091,0.17583460428659928,0.1535735696554184,0.017662480250479975,0.0,0.0,0.0,0.01141430288553238,0.12815031173087948,0.14845512211322784,0.009256447441417525,0.0,0.0,0.0,0.6368424504995346,0.15979848565764238,0.2809873640537262,0.04744444099382119,0.5537390291690827,1.0,0.5,-0.8510746717453003,0.4998891853985883,0.07140127923339605,0.034081241034564606,0.0,0.0,0.0,0.41374156028032305,0.2584620615949973,0.22665329575538634,0.04791377331384265,0.44626096189022063,1.0,0.5,-0.21410526223480703,0.16812654298791518,0.11892935112118722,0.01279805227204981,0.0,0.0,0.0
TENX117,1257,060x016,10946,41967,10,0.10192694962024688,0.12988571161091686,0.16268195062875748,0.016785490453397296,0.0,0.0,0.0,0.016249348223209382,0.0692904174099631,0.14876316487789154,0.00828736583868334,0.0,0.0,0.0,0.644128754734993,0.2025189795584522,0.28376862555742266,0.055128457221747196,0.5443313926458359,1.0,0.5,-1.2030846238136292,0.37887408986791615,0.047247976250946525,0.016747457044172687,0.0,0.0,0.0,0.4601119965314865,0.21683733104910996,0.23563238084316254,0.04394194152180364,0.4556685984134674,1.0,0.5,-0.1848623923957348,0.11929918254530208,0.12190590351819992,0.010268587275232985,0.0,0.0,0.0
TENX117,1258,060x017,11677,41967,10,-0.06252207681536674,0.1423984835460157,0.14826533794403077,0.016400756006963346,0.0,0.0,0.0,-0.05986714325845242,0.09024901051053112,0.14798634946346284,0.008140059033009548,0.0,0.0,0.0,0.5643018960952759,0.1367494702305865,0.27960589379072187,0.0447396460906711,0.5665176779031753,1.0,0.6,-0.8279939316213131,0.6951618822615311,0.08406962733715773,0.046043047076374195,0.0,0.0,0.0,0.2875427782535553,0.24889083652803295,0.2146187976002693,0.04832309112999609,0.43348232209682463,1.0,0.4,-0.2326064731925726,0.1737904263125556,0.12545399516820907,0.01694056613272391,0.0,0.0,0.0
TENX117,1259,060x018,12407,41967,10,-0.09184040501713753,0.1624144312292915,0.1610109403729439,0.02028514092870817,0.0,0.0,0.0,-0.17908247336745262,0.16400452573565416,0.14677545577287673,0.01033764129538529,0.05887099206447601,0.2,0.0,0.5274336397647857,0.19791083611853896,0.3016419529914856,0.053180816626190626,0.6140410959720611,1.0,0.8,-1.0571979373693465,0.4624505936275307,0.06655965726822614,0.02648058093864394,0.0,0.0,0.0,0.03722556680440903,0.23717452654920465,0.18625352531671524,0.041116603254430575,0.3270879119634628,0.8,0.2,-0.24553101370111108,0.14956874074377768,0.13775846734642982,0.014554958784677182,0.0,0.0,0.0
TENX117,1260,060x019,13138,41967,10,-0.053091173991560936,0.12075954102324422,0.15489142537117004,0.017216063275747248,0.028996023535728454,0.1,0.0,-0.06405186355113983,0.0819399606112923,0.15248791724443436,0.008620191211045966,0.12289178967475892,0.4,0.0,0.6169701963663101,0.150525689515744,0.3039413169026375,0.042960182914913034,0.6285912573337555,1.0,1.0,-0.763278329372406,0.5023170530806997,0.08502833545207977,0.03778525054287082,0.0,0.0,0.0,0.004071968793869019,0.2440151187413605,0.16781962737441064,0.04038251305644855,0.2195209264755249,0.5,0.0,-0.18507661204785109,0.12517704550271141,0.135831368714571,0.0159663135086167,0.0,0.0,0.0
TENX117,1261,060x020,13869,41967,10,0.020719685778021812,0.15367625652807015,0.15279752910137176,0.012919399334506169,0.0,0.0,0.0,-0.0499189518392086,0.06825243625171212,0.1419780120253563,0.005717230666513494,0.0,0.0,0.0,0.641057676076889,0.1212381588365995,0.28670030236244204,0.04555427329841618,0.5669039160013198,1.0,0.6,-1.4263777516782283,0.8242989969150804,0.05111912838183343,0.04252097534945224,0.03489379286766052,0.1,0.0,0.3445222876966,0.3281203636191511,0.2176120713353157,0.05517716147288803,0.39820228815078734,0.9,0.4,-0.00033852234482765196,0.16959759105637887,0.14979298561811447,0.014517074429618545,0.0,0.0,0.0
TENX117,1262,060x021,14600,41967,10,-0.06957652661949396,0.16249382356719802,0.15207334756851196,0.0146624105753068,0.0,0.0,0.0,-0.09907371718436479,0.1353599081595363,0.14724125415086747,0.008813020400422561,0.0,0.0,0.0,0.5393697133287787,0.24166892054630898,0.2821530312299728,0.046238265391251324,0.5572828024625778,1.0,0.6,-0.9894025325775146,0.5534424128348334,0.07106775529682637,0.03675393492978948,0.0,0.0,0.0,0.3011461593210697,0.2852223729426387,0.22480091005563735,0.04957049186230834,0.4427172064781189,1.0,0.4,-0.28613558113574983,0.20918453175548543,0.12266372069716454,0.013917524154721207,0.0,0.0,0.0
TENX117,1263,060x022,15330,41967,10,-0.23173804357647895,0.09828835746216516,0.1460621863603592,0.011495776444521572,0.0,0.0,0.0,-0.15244983993470668,0.11865227641091691,0.1577552318572998,0.00661841448998789,0.10188472867012024,0.3,0.0,0.3644666112959385,0.16107547264869704,0.2662531688809395,0.03218818217715643,0.5741295486688613,1.0,0.7,-0.9737748108804226,0.7092834706664062,0.08575610835105181,0.05043916318802607,0.0368826150894165,0.1,0.0,0.017169541865587234,0.24444206288092435,0.1925683945417404,0.04702033538416644,0.28710309863090516,0.6,0.3,-0.1972310312092304,0.13068834740155047,0.15160489827394485,0.016350694580886015,0.0,0.0,0.0
TENX117,1264,060x023,16061,41967,10,-0.1642155885696411,0.10970523086871505,0.13955057933926582,0.010702526115071326,0.0,0.0,0.0,-0.08677355907857418,0.16243591122515263,0.15054948925971984,0.0076269998506889695,0.0,0.0,0.0,0.5665534719824791,0.19325564273391865,0.290480250120163,0.029588387464355395,0.5682306855916976,1.0,0.7,-1.0096281133592129,0.7476143005900674,0.07632380928844214,0.046658935166499445,0.0370687872171402,0.1,0.0,0.27726874947547914,0.26230875755524835,0.22232488095760344,0.051509630669862465,0.3947005122900009,0.9,0.3,-0.31025278717279436,0.15892813505923126,0.1207709826529026,0.011289890345749471,0.0,0.0,0.0
TENX117,1265,060x024,16792,41967,10,-0.03273545019328594,0.15064857616535063,0.15224722474813462,0.009958807217387348,0.0,0.0,0.0,0.010971436277031898,0.16148572363444105,0.15884190201759338,0.00638508453172573,0.0,0.0,0.0,0.4873331144452095,0.17472611336378294,0.25874022096395494,0.04059227563125204,0.5331344753503799,1.0,0.5,-1.1089545160531997,0.6788545085522002,0.0640890222042799,0.03727533068489218,0.0,0.0,0.0,0.3506806239485741,0.2629510785462456,0.2275572672486305,0.04589422345626966,0.4668655186891556,1.0,0.5,-0.13102321848273277,0.19660155173674124,0.1385243721306324,0.01526047868067646,0.0,0.0,0.0
TENX117,1266,060x025,17522,41967,10,-0.013615550100803375,0.12087050920878774,0.15591255873441695,0.01135162331050104,0.0,0.0,0.0,-0.042425676435232165,0.18123298079453087,0.15162557363510132,0.01275488939301066,0.03669666349887848,0.1,0.0,0.5226961292326451,0.18342105322988939,0.26802848279476166,0.03391840124366464,0.5471468806266785,1.0,0.6,-1.1102968603372574,0.6661385749318816,0.06246788930147886,0.03329645358824776,0.0,0.0,0.0,0.3267972879111767,0.2344470164122421,0.2237082302570343,0.04838329034909587,0.4161564469337463,0.9,0.4,-0.13501714468002318,0.15879963147649667,0.13825725466012956,0.012118119090064092,0.0,0.0,0.0
TENX117,1267,060x026,18253,41967,10,-0.04484894387423992,0.14910520608876046,0.1431662306189537,0.013249315144722735,0.0,0.0,0.0,0.03557005673646927,0.06844395507479391,0.15523459166288375,0.015399589586336797,0.036089611053466794,0.1,0.0,0.6243225544691086,0.17174287631719487,0.27990808337926865,0.029568171811658734,0.5664301604032517,1.0,0.6,-0.7230433002114296,0.7555926527717115,0.09461906608194112,0.06043822585474899,0.07614893615245819,0.2,0.0,0.30278692170977595,0.3369799745227806,0.20920466035604476,0.055246526288602646,0.32133128941059114,0.7,0.4,-0.24216249221935868,0.2128317867945258,0.11786736398935319,0.014062305826721857,0.0,0.0,0.0
TENX117,1268,060x027,18984,41967,10,0.017993491142988205,0.23490387936768323,0.14499232918024063,0.013491580510743685,0.0,0.0,0.0,-0.02439030297100544,0.15808737136147283,0.13859188109636306,0.0076558968883843285,0.0,0.0,0.0,0.7149515450000763,0.1824854873474916,0.2935637205839157,0.04626935140883653,0.5660700350999832,1.0,0.6,-1.0481090694665909,0.609905170959973,0.06243912931531668,0.03883660504108446,0.0,0.0,0.0,0.43903186544775963,0.3655980578911791,0.22657072246074678,0.054310428346459334,0.4339299529790878,1.0,0.4,-0.06641084076836705,0.2696688534993542,0.13384223133325576,0.017630650530334965,0.0,0.0,0.0
TENX117,1269,060x028,19715,41967,10,-0.201471196860075,0.1557541007595347,0.14145310148596763,0.015614117376485857,0.0,0.0,0.0,-0.12513684891164303,0.13527527092394173,0.15215538144111634,0.011053957812325228,0.03486035764217377,0.1,0.0,0.46057005524635314,0.12803251764822204,0.27425317615270617,0.029884239479263604,0.5629421800374985,1.0,0.8,-0.7575398549437523,0.6894843362557257,0.10041436105966568,0.060042570333784136,0.08013360798358918,0.2,0.0,0.13016261756420136,0.27111013094856046,0.2026885762810707,0.052288085341603445,0.3220638453960419,0.7,0.2,-0.2951264962553978,0.15217818565479,0.1290354050695896,0.01596843966738449,0.0,0.0,0.0
TENX117,1270,060x029,20445,41967,10,-0.0301377066411078,0.1431250453209073,0.14122897535562515,0.010832512749598793,0.0,0.0,0.0,-0.009103567153215409,0.09950189353414811,0.14411565884947777,0.009068739310435173,0.0,0.0,0.0,0.6744288146495819,0.1340971940611437,0.28703138828277586,0.03491135732149351,0.5634738326072692,1.0,0.6,-0.9904312811791897,0.6916483895180667,0.06818445287644863,0.04265140049291982,0.0,0.0,0.0,0.41140983551740645,0.30001856763408286,0.2255640745162964,0.05445382803156435,0.43652617633342744,1.0,0.4,-0.08566562682390214,0.16256495760180983,0.13387543708086014,0.013324394320123693,0.0,0.0,0.0
