expert_id,rank,sample_id,patch_index,barcode,coord_x,coord_y,affinity_score,affinity_score_sd,mean_logit,actual_top2_frequency,actual_top1_frequency,actual_mean_route_weight
0,1,INT14,3297,GTGGCGTGCACCAGAG-1,1254,4211,0.2104274585843086,0.005366032291724144,0.396973642706871,1.0,0.0,0.39374860227108
0,2,INT14,3213,GTCGTATTGGCGTACA-1,4677,4867,0.21020632535219191,0.009045038772314672,0.39624735414981843,1.0,0.0,0.40626888871192934
0,3,INT14,3102,GTAACATCAGCTCATC-1,1635,2900,0.20421597957611085,0.010428341447805883,0.3545809417963028,1.0,0.0,0.38530049920082093
0,4,INT14,2983,GGGCCTATACAACCGG-1,1635,2681,0.20118519514799119,0.011713005597446329,0.3501597173511982,1.0,0.0,0.3792807191610336
0,5,INT14,2284,GAAATTAGCACGGATA-1,4487,4758,0.2003910630941391,0.01050330746843464,0.32470889650285245,1.0,0.0,0.37558581829071047
0,6,INT14,2425,GAGATGACAATCCTTA-1,6198,2026,0.2002412721514702,0.0068259690472729,0.2833239506930113,1.0,0.0,0.3793028473854065
0,7,INT14,2911,GGCCCGTATACCATGC-1,6198,2244,0.20007041245698928,0.010506908050885598,0.3490384817123413,1.0,0.0,0.380548945069313
0,8,INT14,4341,TTAGTTCAAGTGTTCG-1,5247,3009,0.20002350509166716,0.010863807901015841,0.3002866394817829,1.0,0.0,0.3755885511636734
0,9,INT14,2295,GAACGACCGAATGATA-1,4677,8364,0.19876313507556914,0.0064836169771054835,0.27974630855023863,1.0,0.0,0.38694794178009034
0,10,INT14,3876,TCGGAATGACCATCAA-1,2205,6943,0.19868663400411607,0.009134449756718135,0.27832323387265206,1.0,0.0,0.40672604739665985
0,11,INT14,2075,CTCCCTCCTTTCGATC-1,10761,12735,0.19833386689424515,0.008119860700642183,0.25713294446468354,1.0,0.0,0.3995458781719208
0,12,INT14,4222,TGTACTACTCTCACGG-1,4867,2135,0.19822197109460832,0.011399202874983782,0.4147420175373554,1.0,0.0,0.38491552174091337
0,13,INT14,450,ACGGGCGTATGCGACA-1,5628,2354,0.19753036350011827,0.012517151730934808,0.42912317216396334,1.0,0.0,0.38385477662086487
0,14,INT14,765,AGTAGCTAGACGCCGA-1,1825,4102,0.19752807170152664,0.009362652658977304,0.2619231794029474,1.0,0.0,0.38111102283000947
0,15,INT14,1176,CAATCCATTATCCGTT-1,1064,4320,0.19742745012044907,0.010069204981900627,0.36036172807216643,1.0,0.0,0.3685867846012115
0,16,INT14,2098,CTCGGTTGTCGGCCCT-1,11711,12407,0.1970488265156746,0.0077434255727414055,0.2669020287692547,1.0,0.0,0.40211357176303864
0,17,INT14,2258,CTTTGAAACATATTCC-1,1064,4757,0.19697039872407912,0.009681551666462286,0.33230002745985987,1.0,0.0,0.3836595892906189
0,18,INT14,1856,CGGACGTTACTTGAAG-1,9049,14592,0.1967715859413147,0.008232985156774305,0.4092096097767353,1.0,0.0,0.36685200929641726
0,19,INT14,39,AAAGGGCAGCTTGAAT-1,5627,12407,0.1966272622346878,0.007651602808367863,0.21972748972475528,1.0,0.0,0.3757994115352631
0,20,INT14,4205,TGGTCGTTTGATAGAT-1,1445,3665,0.19661779552698136,0.010606236108462123,0.4759045749902725,1.0,0.0,0.37723231315612793
0,21,INT14,1664,CCTCGCGCGATATAGG-1,5057,4867,0.19648274928331375,0.009083568778579106,0.3191699281334877,1.0,0.0,0.3720808237791061
0,22,INT14,3024,GGTAACCGGGAGGATA-1,11902,12298,0.19574755132198335,0.009097025960031556,0.4076670676469803,1.0,0.0,0.3754633396863937
0,23,INT14,3862,TCGCCGGTCGATCCGT-1,4677,8582,0.19568404108285903,0.007672088409555139,0.2819357641041279,1.0,0.0,0.3839378863573074
0,24,INT14,1071,ATTCAGGATCGCCTCT-1,1254,5741,0.1953435003757477,0.007561933198772194,0.26052663326263426,1.0,0.0,0.3798367530107498
0,25,INT14,3311,GTGTATATCAGCGGGC-1,12092,6943,0.1953212484717369,0.00669464956032268,0.26672145426273347,1.0,0.0,0.3783790558576584
0,26,INT14,4532,TTGTAACTTCATAGCG-1,1445,3228,0.1952989175915718,0.008243931149062859,0.3584693618118763,1.0,0.0,0.37312727570533755
0,27,INT14,1956,CGTGTATGGGAGCTGA-1,13423,3119,0.19521839171648026,0.008671735538645246,0.2770006664097309,1.0,0.0,0.3742187827825546
0,28,INT14,1070,ATTCAGGACCTATTTC-1,4867,4539,0.19515614807605744,0.010374858407730649,0.33370952531695364,1.0,0.0,0.36193135380744934
0,29,INT14,4365,TTCAACGACCCGACCG-1,4867,10003,0.1949472576379776,0.008326422592788577,0.3087202701717615,1.0,0.0,0.38711596727371217
0,30,INT14,4547,TTGTGGTGGTACTAAG-1,13043,4867,0.19487587064504625,0.007477968154872926,0.29132021516561507,1.0,0.0,0.3850808203220367
0,31,INT14,479,ACTATCTGCCCGCGTA-1,11141,2900,0.19481753408908845,0.008686911883130671,0.23723134072497487,1.0,0.0,0.39634826183319094
0,32,INT14,781,AGTCCCGCCTTTAATT-1,4296,5085,0.19478500485420228,0.00868139073570682,0.32859581559896467,1.0,0.0,0.3657448381185532
0,33,INT14,2122,CTGAAAGAGATCCGAC-1,4677,7708,0.19457535445690155,0.01100050807065851,0.3067579373717308,1.0,0.0,0.36141028702259065
0,34,INT14,3808,TCCGCCTGTCTACAAG-1,11712,7162,0.19457009434700012,0.008696558135885157,0.25554615892469884,1.0,0.0,0.35693828761577606
0,35,INT14,2700,GCGCGTCATTGGTACA-1,11902,6178,0.19440799653530122,0.007322859976713021,0.3145600698888302,1.0,0.0,0.3699767768383026
0,36,INT14,461,ACGTGCGCCTCGTGCA-1,4296,8364,0.19424484074115753,0.00987189174997347,0.3418920569121838,0.9,0.0,0.3427984744310379
0,37,INT14,1871,CGGCGCCATCAATCCC-1,12282,5086,0.19415813833475112,0.008973773519648724,0.2324235685169697,1.0,0.0,0.3710546433925629
0,38,INT14,4472,TTGAGGGTCGAACGCG-1,1635,2244,0.19375890344381333,0.01117265863051031,0.3621768854558468,1.0,0.0,0.350587260723114
0,39,INT14,270,ACAAAGCATGACCTAG-1,13043,4649,0.19374652057886124,0.009796904967112663,0.362635450810194,1.0,0.0,0.38419732451438904
0,40,INT14,3376,GTTGTAGATTTATGAG-1,14564,8364,0.19373306334018708,0.008664222123757469,0.33193227276206017,1.0,0.0,0.3667784869670868
0,41,INT14,2076,CTCCGAGTAAATCCGC-1,1254,1807,0.19362526535987853,0.008999919988711155,0.2977752938866615,1.0,0.0,0.38092146515846254
0,42,INT14,3193,GTCCGGACCTGAAATT-1,11331,5632,0.19346122294664383,0.008375160540602205,0.2797207675874233,1.0,0.0,0.3627181887626648
0,43,INT14,2350,GACACAGCCGGGACTG-1,14754,4321,0.19331925809383393,0.009620152606883545,0.2704261176288128,1.0,0.0,0.3879474252462387
0,44,INT14,10,AAACCCGAACGAAATC-1,9620,2682,0.1932328000664711,0.007064078783757012,0.27627481445670127,1.0,0.0,0.37251626551151273
0,45,INT14,2051,CTATTTGCTTGGAGGA-1,14373,8255,0.192984177172184,0.009916994369521098,0.2951457418501377,1.0,0.0,0.3603853464126587
0,46,INT14,2468,GAGTATACCCTAATCA-1,14373,11970,0.19295709282159806,0.008059141933636356,0.41825793161988256,1.0,0.0,0.38847713768482206
0,47,INT14,197,AAGTTCACTCCAAGCT-1,11902,5960,0.19292210191488265,0.009125725160004847,0.21947847455739974,1.0,0.0,0.37248395681381224
0,48,INT14,1630,CCTAACCCAAACAAGT-1,10381,5523,0.192825847864151,0.009687317447604323,0.32159104347229006,1.0,0.0,0.3662957102060318
0,49,INT14,2304,GAAGAAACGATATTGT-1,12282,12079,0.19260130375623702,0.011844151124107286,0.2519722873345017,0.8,0.0,0.31362697184085847
0,50,INT14,2064,CTCAGCAGACTGCCGA-1,1445,3009,0.19253394603729249,0.010413261657359561,0.35009111538529397,0.9,0.0,0.3471765279769897
0,51,INT14,551,AGAATACAGGCTATCC-1,15324,4430,0.19250987619161605,0.006635239234402677,0.3487210921943188,1.0,0.0,0.3693342268466949
0,52,INT14,64,AAATTAATAAGCGCGA-1,7148,14811,0.19235240221023558,0.009698700716235714,0.38441712856292726,1.0,0.0,0.37188000679016114
0,53,INT14,19,AAACGCCCGAGATCGG-1,1825,3446,0.1921881005167961,0.009603427134623891,0.3219490759074688,1.0,0.0,0.3691373825073242
0,54,INT14,4306,TTACACGATCTGCGAC-1,12853,3228,0.19217050820589066,0.009821367090318023,0.3359928414225578,0.8,0.0,0.31374797224998474
0,55,INT14,2260,CTTTGCATCGCTCTTG-1,12472,4976,0.1921604797244072,0.010295460741443583,0.2991787225008011,1.0,0.0,0.3707454174757004
0,56,INT14,3654,TATGATCCGGCACGCC-1,6008,3009,0.1920952692627907,0.010986708220352272,0.2654017761349678,1.0,0.0,0.3513902276754379
0,57,INT14,2165,CTGGCGGGAATAAGTA-1,4867,12844,0.192070609331131,0.01009147192674958,0.402863535284996,1.0,0.0,0.36569119095802305
0,58,INT14,1811,CGCGAAGTGGCATACT-1,13233,4758,0.19200003296136856,0.010367444162452695,0.32516637053340675,0.8,0.0,0.32700403332710265
0,59,INT14,4015,TGACATATATGACGAT-1,8289,15029,0.191928368806839,0.0087983289795558,0.3202540658414364,1.0,0.0,0.38134905397892
0,60,INT14,161,AAGATTGGCGGAACGT-1,6008,5413,0.19167086333036423,0.008815820548302012,0.2349302053451538,1.0,0.0,0.35232293009758
0,61,INT14,2580,GCACCTAGGCGAGTCC-1,14944,3993,0.19162147641181945,0.011115731142248418,0.3207763671875,0.7,0.0,0.28165739476680757
0,62,INT14,2132,CTGCAAGCACGTTCCG-1,12662,3119,0.19160064607858657,0.007068989574057525,0.33030329197645186,0.9,0.0,0.3432357877492905
0,63,INT14,3181,GTCATGCGCGAGGGCT-1,13233,4539,0.1914673149585724,0.008876193263283694,0.21547391638159752,1.0,0.0,0.3711247742176056
0,64,INT14,1342,CATACTTAGGCAATAC-1,8099,2900,0.19146114438772202,0.00952896278767847,0.3556702025234699,0.9,0.0,0.35213969349861146
0,65,INT14,965,ATCGGCAAGCAGTCCA-1,4867,4758,0.19137507826089858,0.010830171293598404,0.3887431710958481,1.0,0.0,0.3571289360523224
0,66,INT14,2534,GATGGTGCCCTAGGCA-1,2965,6724,0.19112954139709473,0.007977448813574511,0.26851001381874084,0.6,0.0,0.26251513957977296
0,67,INT14,3223,GTCTATTGCATGCTCG-1,13423,3774,0.19110914915800095,0.01065555969609649,0.3324260629713535,1.0,0.0,0.35902404189109804
0,68,INT14,1607,CCGGGCGGTCTCGTCA-1,7148,6943,0.19106756150722504,0.00962029477182149,0.24644931368529796,1.0,0.0,0.36020044386386874
0,69,INT14,1237,CACCTCTACGAGTGTG-1,1064,2353,0.19102304726839064,0.00706532952988796,0.2629119411110878,1.0,0.0,0.3684667944908142
0,70,INT14,4138,TGCTGGTTGGACAATT-1,5057,10768,0.1909665510058403,0.005938849353411032,0.2127797357738018,0.9,0.0,0.3501206487417221
0,71,INT14,2566,GCAACGGCTAGTTATG-1,9240,2900,0.19094728529453278,0.009658646792742913,0.16948152426630259,1.0,0.0,0.3638508528470993
0,72,INT14,1944,CGTGACATTGGGTCGT-1,3916,6178,0.1908277913928032,0.00662318545970302,0.2710279136896133,1.0,0.0,0.3841822028160095
0,73,INT14,4436,TTCTGCTAGACTCCAA-1,6388,3665,0.19081395715475083,0.00856609556256955,0.2751607678830624,1.0,0.0,0.36144739985466
0,74,INT14,990,ATCTTTCGTATAACCA-1,6008,2135,0.19068057090044022,0.0060327310287736965,0.23087847139686346,1.0,0.0,0.35613312423229215
0,75,INT14,2797,GCTGGTGACTCGTAGT-1,3156,2463,0.19067248851060867,0.010126513390856939,0.35458526834845544,1.0,0.0,0.3523315191268921
0,76,INT14,4078,TGCAGCTACGTACTTC-1,9050,13500,0.19063265323638917,0.00759828229921954,0.2976528681814671,1.0,0.0,0.3646867036819458
0,77,INT14,4540,TTGTGAACCTAATCCG-1,11712,5413,0.19062735736370087,0.009903873291457694,0.20846384577453136,1.0,0.0,0.3691180557012558
0,78,INT14,2958,GGGAAGGGCTTTCTCA-1,13043,5741,0.19060442745685577,0.009041222461010103,0.19364626742899418,1.0,0.0,0.36438210904598234
0,79,INT14,4500,TTGCGTGAACGCTTAG-1,3726,4758,0.19059240818023682,0.006621892039301478,0.24744518473744392,1.0,0.0,0.36459144949913025
0,80,INT14,503,ACTGAATGGCGAAAGT-1,10000,6178,0.19046423137187957,0.009504977299326405,0.3135046660900116,0.9,0.0,0.34232295155525205
0,81,INT14,312,ACAGAACTGAGAACAA-1,10951,12625,0.19045176357030869,0.008876022315650624,0.23172914888709784,1.0,0.0,0.3622100919485092
0,82,INT14,998,ATGATCGGGAATAGAC-1,4106,9347,0.1903989791870117,0.012686793498842735,0.25246856063604356,1.0,0.0,0.36593556106090547
0,83,INT14,346,ACCAATATGCAAGTTA-1,11712,6725,0.19029200822114944,0.009524738680191281,0.18987415712326766,1.0,0.0,0.3646905839443207
0,84,INT14,2936,GGCTAAAGGGCGGGTC-1,4677,4430,0.19024363309144973,0.009024608141338307,0.22698313295841216,1.0,0.0,0.3600819170475006
0,85,INT14,9,AAACCACTACACAGAT-1,1635,2463,0.19021353423595427,0.012649033979943403,0.17124399058520795,1.0,0.0,0.3653143376111984
0,86,INT14,708,AGGCCTGAGAATCTCG-1,12852,5632,0.19016415625810623,0.00755822372878125,0.2172479245811701,1.0,0.0,0.37062837481498717
0,87,INT14,2262,CTTTGGCAGACAGAGT-1,2015,2900,0.19007036387920379,0.011465120719491883,0.21136819049715996,1.0,0.0,0.3498957186937332
0,88,INT14,495,ACTCGCCGTTCGATAA-1,13803,3119,0.18999466001987458,0.00901748629217233,0.272500304877758,1.0,0.0,0.3711299866437912
0,89,INT14,1132,CAAATGTCCTTCCGTG-1,9620,9456,0.1899941861629486,0.007825329750537478,0.291799084097147,1.0,0.0,0.3534596681594849
0,90,INT14,4424,TTCGTTCAACGAAGTT-1,5437,3774,0.1899639517068863,0.011828630572612261,0.23084826096892358,1.0,0.0,0.3691124141216278
0,91,INT14,2758,GCTAGGCACCACGGAG-1,11331,6069,0.18990198373794556,0.01342115266498292,0.2919891968369484,1.0,0.0,0.3454971551895142
0,92,INT14,1519,CCCGCAGGGCCCAAAG-1,3156,6615,0.18986825346946717,0.009336053468521725,0.3796758808195591,1.0,0.0,0.3834141492843628
0,93,INT14,2960,GGGACAGAGTTACTCC-1,11902,13172,0.18986277878284455,0.0057034986064806075,0.19172116369009018,1.0,0.0,0.3658770054578781
0,94,INT14,1772,CGATGGACCCTACGCC-1,5247,4758,0.18985651582479476,0.01068580249479604,0.2824758619070053,1.0,0.0,0.3623988687992096
0,95,INT14,48,AAATAAGGTAGTGCCC-1,6958,2681,0.1897689461708069,0.006683850750849293,0.32166316341608764,1.0,0.0,0.3759517431259155
0,96,INT14,3427,TAAGCAGGCGACACGC-1,7719,13172,0.18957577645778656,0.01182761374027563,0.2276641484349966,1.0,0.0,0.36708245277404783
0,97,INT14,3451,TAATCAGGAATGCTGC-1,1064,3446,0.18954314887523652,0.011107633066924142,0.2944865569472313,1.0,0.0,0.3511876493692398
0,98,INT14,1560,CCGAACACTGGGCCTC-1,9430,13281,0.1895006015896797,0.00891122791798933,0.3272982507944107,1.0,0.0,0.36351971626281737
0,99,INT14,3160,GTATGTGGGTCTAGTT-1,8289,5195,0.1893552616238594,0.005198612953763613,0.3486177187412977,0.9,0.0,0.33924718499183654
0,100,INT14,2298,GAACGGTGTAAAGCAG-1,1825,3228,0.1892540156841278,0.009610263318649634,0.33468273356556894,1.0,0.0,0.36660919785499574
0,101,INT14,1869,CGGCCCAACCTGTAGT-1,6388,3009,0.18924102634191514,0.006679226891473962,0.22914835661649705,1.0,0.0,0.36559447944164275
0,102,INT14,2337,GAATGTATGGCAGGTC-1,3916,5304,0.18920207023620605,0.009824971591149161,0.30357608795166013,1.0,0.0,0.36411107778549195
0,103,INT14,252,AATGTTGTCGTGAGAC-1,13993,3447,0.18915298730134963,0.008566202858190453,0.325566915422678,1.0,0.0,0.3574396014213562
0,104,INT14,4180,TGGCTTTGGGTAGACA-1,4677,9675,0.18910973370075226,0.015020572850255962,0.37044511884450915,1.0,0.0,0.34121766984462737
0,105,INT14,3816,TCCGGGCTTGACGGGA-1,13613,4758,0.18906578570604324,0.011682329378170316,0.22781870514154434,1.0,0.0,0.3555087685585022
0,106,INT14,2536,GATGTCCGGATCACAT-1,2395,11205,0.1890465423464775,0.009756013970557526,0.27530950494110584,0.9,0.0,0.34973340332508085
0,107,INT14,1149,CAACTCCAACGTTTAG-1,1825,5850,0.18900309205055238,0.009817798354190005,0.25281601324677466,0.9,0.0,0.3212395220994949
0,108,INT14,3270,GTGCCCGTTCGGATTC-1,8479,5960,0.18896230608224868,0.009901559945782614,0.31614704728126525,1.0,0.0,0.36566063165664675
0,109,INT14,3466,TACACCGTCGTTAGTC-1,5818,2463,0.1889458566904068,0.010347295077490562,0.28379744188860057,1.0,0.0,0.3645785689353943
0,110,INT14,4218,TGTAATGCCTTCGGAC-1,1635,3555,0.18887034207582473,0.007796754672774707,0.3025644339621067,1.0,0.0,0.3610597103834152
0,111,INT14,2022,CTAGCCACAGGCGAGC-1,12282,2463,0.1888414055109024,0.010025023644048886,0.32333869859576225,1.0,0.0,0.35048780143260955
0,112,INT14,3086,GGTTCGATGCTGAGTT-1,1825,3009,0.18882986158132553,0.009145899506017633,0.21245720107108354,1.0,0.0,0.35263912081718446
0,113,INT14,2602,GCAGGTAGAGTATGGT-1,4487,4976,0.18881867974996566,0.007932401943994522,0.19543489590287208,0.9,0.0,0.3348871529102325
0,114,INT14,4246,TGTGACTACGCCAGTC-1,5057,7271,0.18881005942821502,0.007877803363974673,0.21576161216944456,0.9,0.0,0.3379353791475296
0,115,INT14,1859,CGGAGTCCTAACCTGG-1,1064,4102,0.18877414166927337,0.01125007585693253,0.26512966528534887,1.0,0.0,0.34625984728336334
0,116,INT14,4062,TGATTTATTAGCTGTG-1,8289,11533,0.18870686143636703,0.010532046424964402,0.47535008415579794,0.9,0.0,0.33857625126838686
0,117,INT14,2736,GCGTGGTACTGGGTTA-1,7719,4867,0.18870115876197815,0.005661882538881303,0.1899065002799034,1.0,0.0,0.3714063882827759
0,118,INT14,909,ATATCGTTCCTCGAAC-1,12092,5195,0.18868084996938705,0.010419242449390997,0.1584547495469451,1.0,0.0,0.36484581530094146
0,119,INT14,2778,GCTCGCTCATGTCCAA-1,8860,4430,0.18861639499664307,0.00974671191115732,0.315149599313736,1.0,0.0,0.3640058428049088
0,120,INT14,1586,CCGCCTGCGAATTGGT-1,3916,4648,0.18855003714561464,0.008371483756794026,0.21710519334301354,1.0,0.0,0.35599022805690766
0,121,INT14,3390,GTTTGGCGTCAGGCAC-1,1825,2572,0.18851257860660553,0.00793555392535853,0.18112768791615963,1.0,0.0,0.36638369262218473
0,122,INT14,2737,GCGTGTATGTCGTATT-1,1634,8582,0.18843907117843628,0.012995060402783816,0.18571892641484739,1.0,0.0,0.3369753897190094
0,123,INT14,2693,GCGCAAATATATTCAA-1,12092,12188,0.18843425661325455,0.009780129214281966,0.35984974466264247,1.0,0.0,0.36237196028232577
0,124,INT14,1247,CACGCGGAACTGTTGC-1,9050,4539,0.18841366916894914,0.009808012918624539,0.33230445310473444,1.0,0.0,0.3548546940088272
0,125,INT14,4398,TTCCTCGGACTAACCA-1,10571,5851,0.18839030861854553,0.01143696409623232,0.3321960331872106,1.0,0.0,0.35747104585170747
0,126,INT14,775,AGTCAAGATGACACTT-1,10191,5413,0.1883004903793335,0.010529301162901763,0.27457590531557796,1.0,0.0,0.3696715384721756
0,127,INT14,604,AGATTCAAGCGGGTCG-1,1635,3118,0.1882291927933693,0.00959405716703021,0.3560793958604336,1.0,0.0,0.3645076543092728
0,128,INT14,2547,GATTCCGCGTTTCCGT-1,4106,6943,0.18819356858730316,0.0059435648435178625,0.21149816159158946,0.9,0.0,0.3430599421262741
0,129,INT14,4072,TGCACAGTGAAGTTAT-1,3346,4320,0.18813633173704147,0.012565428035937872,0.23484495840966702,1.0,0.0,0.3441695928573608
0,130,INT14,3349,GTTCATCGTTTGGCTG-1,7339,3774,0.18812718987464905,0.009119477457127666,0.22429164182394742,1.0,0.0,0.36101666986942293
0,131,INT14,1875,CGGCTGCAAGATTAAG-1,1825,7817,0.188126403093338,0.008906177787505137,0.2852478824555874,1.0,0.0,0.3483824610710144
0,132,INT14,4097,TGCCGAAAGCGTATTC-1,7339,2244,0.1880953148007393,0.01027081489497167,0.2665089378133416,1.0,0.0,0.3675365000963211
0,133,INT14,4531,TTGGTTGCGGTGCGCG-1,11141,12735,0.18808744698762894,0.008643032770271722,0.21009618118405343,0.9,0.0,0.35250599682331085
0,134,INT14,2137,CTGCAGAGAATCAGAG-1,12662,4212,0.18805096298456192,0.006710480491268625,0.2151897955685854,1.0,0.0,0.3762741893529892
0,135,INT14,3080,GGTTAGCTATATGTCT-1,10000,5741,0.18802589178085327,0.007027785113591886,0.21046751625835897,1.0,0.0,0.3653710722923279
0,136,INT14,1628,CCTAAATTAACGGTTC-1,9050,7817,0.18796636462211608,0.007201715390615687,0.1687097292393446,1.0,0.0,0.35452182292938234
0,137,INT14,245,AATGCACCAAGCAATG-1,4677,4648,0.1877637878060341,0.010283857707057061,0.22967527881264688,1.0,0.0,0.3483435958623886
0,138,INT14,2302,GAACTTAGCGCCCGGT-1,2015,4211,0.18772850036621094,0.010385060188588017,0.19855162613093852,1.0,0.0,0.3544245332479477
0,139,INT14,277,ACAAGCTATATGGAAG-1,8099,15139,0.18770268559455872,0.00845180669332857,0.26982036605477333,1.0,0.0,0.3462408572435379
0,140,INT14,1621,CCGTGGAACGATCCAA-1,5627,3665,0.18764923512935638,0.005515714855509967,0.21215302534401417,1.0,0.0,0.37245396375656126
0,141,INT14,3583,TAGGCGATGAGGTCTC-1,11521,14046,0.18761944770812988,0.008694125110401265,0.3757370121777058,0.9,0.0,0.33167982995510104
0,142,INT14,2808,GCTTCCATGTAACCGC-1,15134,4102,0.18755036294460298,0.007703209847389864,0.28546432219445705,0.8,0.0,0.3127842158079147
0,143,INT14,4389,TTCCCGACGCTTCACT-1,1254,5522,0.18750726133584977,0.012128616953917747,0.33674398958683016,1.0,0.0,0.350981542468071
0,144,INT14,3868,TCGCTACTGGCTTTGA-1,13423,7271,0.1875004604458809,0.006925688749742141,0.23232324216514827,1.0,0.0,0.3610836833715439
0,145,INT14,4257,TGTGGTTGCTAAAGCT-1,13423,9894,0.18749213367700576,0.010337055434240636,0.23581599332392217,1.0,0.0,0.3407084971666336
0,146,INT14,2921,GGCGAACCGTTCTGAT-1,4297,1370,0.18742208778858185,0.010564410019919125,0.1744403876364231,1.0,0.0,0.3580359250307083
0,147,INT14,3044,GGTCCCATAACATAGA-1,1254,3993,0.1873867094516754,0.009785086706713929,0.2622645076364279,1.0,0.0,0.3582443505525589
0,148,INT14,102,AACCGTTGTGTTTGCT-1,3346,8254,0.18735987842082977,0.012497073511159154,0.385207025706768,0.8,0.0,0.29879196882247927
0,149,INT14,3063,GGTGATGAAGGAAGTG-1,6958,15139,0.18734592497348784,0.005971277289101766,0.22843952737748624,1.0,0.0,0.37312408685684206
0,150,INT14,3361,GTTCGTCTAAAGAACT-1,10761,5523,0.18734511286020278,0.012015323260775158,0.17707607634365558,1.0,0.0,0.35203889608383176
0,151,INT14,2565,GCAACCCAAGTTGTTT-1,6958,14920,0.1873348504304886,0.006146872745306923,0.3379052370786667,0.9,0.0,0.34876722991466524
0,152,INT14,2404,GACTGATTGGTCACAA-1,2775,4211,0.18726096749305726,0.008494564346919708,0.14801189228892325,1.0,0.0,0.3602920264005661
0,153,INT14,3005,GGGTATTCTAGCAAAC-1,11521,13609,0.18724627196788787,0.00596113915226759,0.31634658202528954,1.0,0.0,0.363251331448555
0,154,INT14,4192,TGGGTAAGGTTCCCGC-1,3536,6615,0.1872294157743454,0.0074305271343850995,0.2812152288854122,0.9,0.0,0.33874734342098234
0,155,INT14,3582,TAGGCCTATATAGTCT-1,13613,3228,0.18722556978464128,0.007833443743007169,0.1576662387698889,1.0,0.0,0.36844289004802705
0,156,INT14,2242,CTTGGCCAAGCTGGGA-1,12662,9019,0.18721770942211152,0.009995633475863085,0.3416139304637909,1.0,0.0,0.3671017199754715
0,157,INT14,4027,TGAGAATGCTTTACCG-1,4486,9347,0.18713301569223403,0.009838047816635484,0.2637767128646374,1.0,0.0,0.36947640478610994
0,158,INT14,3577,TAGCTGATGTGAAGCG-1,9049,14155,0.18706557601690293,0.010085056994663172,0.29292199984192846,1.0,0.0,0.35843734741210936
0,159,INT14,908,ATATCGTGCCAGACCC-1,1635,6615,0.18704437613487243,0.012398947424689557,0.2167786207050085,1.0,0.0,0.35207146108150483
0,160,INT14,395,ACCGGTCTGAGTACGG-1,1825,4320,0.18700631558895112,0.011212553769410145,0.3044485807418823,1.0,0.0,0.35634959638118746
0,161,INT14,3925,TCTACGGGCTCAGTTG-1,4106,1916,0.1869780883193016,0.009149294984125115,0.3183323793113232,1.0,0.0,0.35064188241958616
0,162,INT14,4215,TGGTTTAAACGTGGGT-1,5627,3009,0.18694707304239272,0.01020948450352532,0.3305974151939154,1.0,0.0,0.3412719339132309
0,163,INT14,3241,GTGAACTCCCATTCGA-1,6768,3883,0.18691954016685486,0.008996888555335534,0.26669618859887123,1.0,0.0,0.36291103065013885
0,164,INT14,3673,TATTATGTTTGCCTGC-1,11902,13390,0.18689876049757004,0.006462126853334094,0.3373850457370281,0.9,0.0,0.33990820944309236
0,165,INT14,1773,CGATGTTGTTATCTAC-1,12092,13937,0.18687719851732254,0.0068656153747634315,0.29960517957806587,1.0,0.0,0.3704932421445847
0,166,INT14,237,AATCTGGGTAGACCCT-1,1825,4976,0.18687291592359542,0.012646035700438473,0.3010885249823332,1.0,0.0,0.3596917510032654
0,167,INT14,429,ACGCCAGTGCGTTTGC-1,14754,4102,0.18685709834098815,0.009798969432398946,0.3166832707822323,1.0,0.0,0.3530122131109238
0,168,INT14,686,AGGACGCTCGATGTTG-1,4487,4539,0.18682840019464492,0.0097949018162513,0.28051488324999807,0.9,0.0,0.3255570262670517
0,169,INT14,3071,GGTGGACTGCTCTGGC-1,11522,5960,0.18676625639200212,0.006742533790330676,0.21274602683261037,1.0,0.0,0.3749849170446396
0,170,INT14,587,AGAGTTGCAGGCCTCC-1,3156,1589,0.18676095604896545,0.00942571341273503,0.2942184641957283,1.0,0.0,0.34558880627155303
0,171,INT14,2200,CTGTTCATCTCACGGG-1,5247,11532,0.18675827383995056,0.012423092836351417,0.25952632501721384,1.0,0.0,0.36244448125362394
0,172,INT14,2836,GGACAACCATGAAGCC-1,14374,4102,0.18673971742391587,0.008315000112668811,0.22988759428262712,0.8,0.0,0.312611123919487
0,173,INT14,1249,CACGGCGCGCCAAAGG-1,3916,3993,0.18673206716775895,0.006535488237588157,0.29335856027901175,1.0,0.0,0.35180848836898804
0,174,INT14,2108,CTCTAGCCCTCGGAAA-1,13613,5414,0.18671471923589705,0.011844322258156011,0.27569407038390636,1.0,0.0,0.348344099521637
0,175,INT14,624,AGCCATATAGTATGTG-1,14564,8145,0.18666936010122298,0.008838083839020336,0.34582571387290956,1.0,0.0,0.35832278728485106
0,176,INT14,976,ATCTCATAAACCTACC-1,1064,3883,0.18666886240243913,0.00879312974870702,0.3043093554675579,0.9,0.0,0.33614118695259093
0,177,INT14,3932,TCTATAGGTGGGTAAT-1,13423,3337,0.1866248682141304,0.011564002367069256,0.1493948969990015,0.7,0.0,0.27297371327877046
0,178,INT14,837,AGTTTCGCAGGTCGGA-1,3346,8473,0.18657042682170868,0.01187244139356022,0.1369873106479645,0.9,0.0,0.3593872100114822
0,179,INT14,969,ATCGTTAGCTAGCGGA-1,12092,4539,0.18656564354896546,0.007703981432460383,0.26691936179995535,1.0,0.0,0.34711928367614747
0,180,INT14,3616,TATAAGTGAGGATAGC-1,5057,10986,0.1864938035607338,0.007684402475501597,0.14866093210875989,0.9,0.0,0.3376314014196396
0,181,INT14,3740,TCAGGGCGCAAACTCG-1,5247,13499,0.1864682212471962,0.00896130307191179,0.3108453221619129,1.0,0.0,0.3560738295316696
0,182,INT14,2451,GAGGCCTGTTGATACA-1,13043,3556,0.18646628856658937,0.01123670225832317,0.22950442172586918,0.9,0.0,0.3336931884288788
0,183,INT14,2584,GCACGTGGTTTACTTA-1,13233,3665,0.186435666680336,0.010055620675102787,0.20396724101155997,1.0,0.0,0.34171212315559385
0,184,INT14,4030,TGAGATTAGGCCCTAA-1,4106,4976,0.18641775101423264,0.009088014002088076,0.32103019431233404,1.0,0.0,0.36410985291004183
0,185,INT14,4383,TTCCACATTTCTCGTC-1,1254,6834,0.18634292781352996,0.009232737045221845,0.25179818347096444,1.0,0.0,0.36197514533996583
0,186,INT14,2813,GCTTGCAGCACAATTG-1,4677,2463,0.18633907437324523,0.012609499693774642,0.21529862117022275,0.9,0.0,0.33192829191684725
0,187,INT14,267,AATTTGGTTCCAAAGA-1,3156,7926,0.18631690591573716,0.0069771396361621675,0.16327869854867458,1.0,0.0,0.3526135265827179
0,188,INT14,319,ACAGGCTTGCCCGACT-1,11141,5741,0.18631666749715806,0.009021376845548929,0.27210948169231414,1.0,0.0,0.35115196704864504
0,189,INT14,4483,TTGCAGGTCATGAAGT-1,1064,3665,0.18631470948457718,0.011861835690259255,0.3792413555085659,1.0,0.0,0.34234730899333954
0,190,INT14,210,AATACCTGATGTGAAC-1,15134,4321,0.1862280011177063,0.010291095520475184,0.33392932526767255,0.9,0.0,0.33311840891838074
0,191,INT14,4147,TGGAAGGATAAAGATG-1,4867,7817,0.1861962378025055,0.009336583667217811,0.2949082300066948,1.0,0.0,0.37816875278949735
0,192,INT14,1082,ATTCGTGCTATCTCTT-1,9050,3228,0.18615301102399825,0.007338725812621485,0.26743994280695915,1.0,0.0,0.3627326637506485
0,193,INT14,3300,GTGGGAAGACTGAATC-1,9620,13609,0.18613569289445878,0.007973372007752314,0.3540622066706419,0.8,0.0,0.2969850718975067
0,194,INT14,2087,CTCGAGGCAAGTTTCA-1,14754,11751,0.18612093180418016,0.008499094529486769,0.26795126050710677,0.7,0.0,0.28755545914173125
0,195,INT14,3819,TCCGTTAAGCTAATAT-1,10951,4321,0.18608303964138032,0.009864562941316357,0.1886019304394722,1.0,0.0,0.3470634579658508
0,196,INT14,2124,CTGAATTTATTGCCAG-1,5247,3665,0.18606660664081573,0.007744786977219197,0.13109143525362016,1.0,0.0,0.3383010238409042
0,197,INT14,1882,CGGGCCATAGCCGCAC-1,3726,13281,0.1860504761338234,0.007404422987717725,0.211633818782866,1.0,0.0,0.35026503205299375
0,198,INT14,4427,TTCTACTTGCGAGGGC-1,5247,11751,0.18599858731031418,0.01060937769516262,0.2775744449347258,1.0,0.0,0.3526637405157089
0,199,INT14,637,AGCCGTGGCTAAATGT-1,10571,12844,0.18599046468734742,0.007495064059734139,0.2559857077896595,0.9,0.0,0.33525849878787994
0,200,INT14,502,ACTGAAACGCCGTTAG-1,11902,5086,0.18598948121070863,0.006649193982857907,0.24578025341033935,1.0,0.0,0.3544376134872437
0,201,INT14,3462,TACAAGGGCTTCTTTA-1,13993,4976,0.1859482303261757,0.009729539665500294,0.1841348998248577,1.0,0.0,0.3474424690008163
0,202,INT14,2629,GCCAGGCGTTCGCATG-1,2775,5522,0.18592924475669861,0.008636074971034267,0.24569978266954423,0.8,0.0,0.3080652832984924
0,203,INT14,3371,GTTGGACCGCATCAGG-1,4867,2572,0.18590331226587295,0.005875323687357552,0.2670679222792387,1.0,0.0,0.3560615450143814
0,204,INT14,281,ACAAGGCCTACCAGCC-1,1825,3665,0.18583566546440125,0.007890163491277226,0.3639391206204891,1.0,0.0,0.35765070021152495
0,205,INT14,599,AGATGATGGAGTCTGG-1,7529,3665,0.18581729978322983,0.009145693449419531,0.27054526582360267,1.0,0.0,0.3535439074039459
0,206,INT14,4375,TTCAGGCGTCAAAGCC-1,8669,13500,0.18580545037984847,0.009302627920665385,0.32640359699726107,1.0,0.0,0.34364538490772245
0,207,INT14,2018,CTAGATGTGAGTGTAA-1,7339,3993,0.1857931509613991,0.009341789517415386,0.2857621770352125,1.0,0.0,0.36336986124515536
0,208,INT14,193,AAGTGCCTTGACTGTA-1,9430,3884,0.1857830747961998,0.008026307423746564,0.2891841847449541,0.8,0.0,0.30027189254760744
0,209,INT14,2579,GCACAGCACGGGCCGA-1,14754,10659,0.18574808090925216,0.009615266850796028,0.36878909468650817,0.9,0.0,0.32409135103225706
0,210,INT14,595,AGATCGTGCATAAGAT-1,5057,4648,0.18574392050504684,0.010578510440043048,0.26236972473561765,1.0,0.0,0.3528629273176193
0,211,INT14,2703,GCGCTAATTGAATAGA-1,7529,7599,0.18571071624755858,0.01010963676799488,0.34438293129205705,1.0,0.0,0.33897492587566375
0,212,INT14,2691,GCGATTCTGGAAGCAG-1,2965,7162,0.1857095792889595,0.011033255553720651,0.46856409311294556,0.9,0.0,0.33618682622909546
0,213,INT14,3468,TACAGAAACGGTGGGC-1,12282,5960,0.18565789312124253,0.006740036530953793,0.23435808327049018,1.0,0.0,0.37101101577281953
0,214,INT14,1823,CGCGGTAAGTCTAGCT-1,6768,2354,0.1856276199221611,0.0069492369520857975,0.33264333978295324,1.0,0.0,0.35986084342002866
0,215,INT14,1031,ATGTACATGCGGTGAG-1,13233,3010,0.18562034517526627,0.009559241497199236,0.30044649317860606,0.9,0.0,0.33067316114902495
0,216,INT14,4423,TTCGTGGGCTGGAAGC-1,1825,2791,0.18561335951089858,0.009674414216825593,0.23943552002310753,1.0,0.0,0.35313948094844816
0,217,INT14,16,AAACGAAGAACATACC-1,2205,8254,0.1856059491634369,0.00897943880503003,0.25548316491767764,0.9,0.0,0.3286076009273529
0,218,INT14,3615,TATAAATCCACAAGCT-1,4867,10440,0.18560094088315965,0.008847776275357955,0.16668101586401463,0.7,0.0,0.2755041211843491
0,219,INT14,3278,GTGCGCTTACAAATGA-1,1064,10221,0.1855830207467079,0.01027968397621433,0.3225783795118332,1.0,0.0,0.3534408748149872
0,220,INT14,41,AAAGGTCAACGACATG-1,1064,3009,0.18557766526937486,0.010611428011522525,0.3710200570523739,1.0,0.0,0.35215879082679746
0,221,INT14,1625,CCGTTTCCTTTCCGTG-1,15514,10222,0.18557745069265366,0.008721430953135557,0.2526907928287983,1.0,0.0,0.3602590709924698
0,222,INT14,2544,GATTAGAAACAAGCGT-1,15324,10331,0.18555496484041215,0.008406286992425602,0.29607416316866875,0.9,0.0,0.332298618555069
0,223,INT14,1292,CAGCCGGGCCCTCTAT-1,3156,5960,0.1854930743575096,0.011357274127933675,0.3239520125091076,1.0,0.0,0.35607525110244753
0,224,INT14,3075,GGTGTTCTGTTTCTAC-1,1825,5413,0.1854868546128273,0.008269595208039679,0.20991566143929957,1.0,0.0,0.3706643760204315
0,225,INT14,2414,GAGAATCTCACGATCA-1,6958,14701,0.18543318808078765,0.01056069945710803,0.4295799881219864,1.0,0.0,0.34980244040489195
0,226,INT14,3415,TAACATACACGCGATC-1,11521,12516,0.185408915579319,0.008589910220006198,0.25791111700236796,0.8,0.0,0.3008684992790222
0,227,INT14,1329,CAGTTCCGCGGGTCGA-1,6007,12407,0.18537532389163972,0.008131290064642187,0.26824362128973006,0.9,0.0,0.33286832869052885
0,228,INT14,674,AGCTGCTGTGCCGAAT-1,1254,2900,0.1853739306330681,0.010351695592946396,0.29293015524744986,1.0,0.0,0.35332065224647524
0,229,INT14,2981,GGGCCCTTATCTATAC-1,7338,14701,0.18535715341567993,0.007485813634602532,0.43626374304294585,1.0,0.0,0.35795397162437437
0,230,INT14,2621,GCCAAGAATACTTCTG-1,9810,14155,0.1853557214140892,0.010695587647870463,0.25048520043492317,1.0,0.0,0.3468382731080055
0,231,INT14,1501,CCCAAGAATGCACGGT-1,1444,5632,0.18530029356479644,0.010035642495213234,0.2570046305656433,0.7,0.0,0.26392552852630613
0,232,INT14,342,ACCAACCGCACTCCAC-1,13423,4649,0.1852855995297432,0.010181272741789227,0.22077564522624016,1.0,0.0,0.3583821803331375
0,233,INT14,4195,TGGGTGTAATAGATTT-1,13993,4102,0.18525846749544145,0.009952324075866704,0.17402990832924842,1.0,0.0,0.356805557012558
0,234,INT14,2861,GGAGGCGAAGAACCGC-1,1635,4211,0.1851968824863434,0.011064184153893587,0.25471803545951843,1.0,0.0,0.3427328646183014
0,235,INT14,31,AAAGACATGAAGTTTA-1,1064,5195,0.1851935490965843,0.006433816946241774,0.20765984803438187,1.0,0.0,0.34594273269176484
0,236,INT14,1900,CGGTGCAGATAGAACG-1,9050,11314,0.18513690084218978,0.008666355787063172,0.079879030585289,1.0,0.0,0.35856967270374296
0,237,INT14,4439,TTCTTAGTGGCTCAGA-1,4296,8582,0.18512786775827408,0.00883573278552565,0.3048198573291302,1.0,0.0,0.3527843177318573
0,238,INT14,1124,CAAACTATTGAGCTTC-1,3156,7052,0.18505174070596694,0.0076411224067067665,0.31245912313461305,0.8,0.0,0.3206160396337509
0,239,INT14,4408,TTCGCCGCTCGCGCTA-1,11901,14265,0.18497459590435028,0.007611392201518033,0.34571455158293246,0.5,0.0,0.21917701065540313
0,240,INT14,1566,CCGACAATAGGCCGCC-1,11902,3119,0.1849636808037758,0.007656806253539195,0.25188600048422816,1.0,0.0,0.35691945552825927
0,241,INT14,459,ACGTCTCGTTCCGGGA-1,9430,14592,0.18495645523071289,0.010613248396290664,0.31001620516180994,1.0,0.0,0.3495715707540512
0,242,INT14,2969,GGGATCCCAATACAAA-1,4487,2135,0.1848984643816948,0.009435859946692438,0.203231655433774,1.0,0.0,0.35845975279808046
0,243,INT14,4387,TTCCATCGACAGCGTG-1,12662,3556,0.18489683270454407,0.00847014955908055,0.3302654609084129,1.0,0.0,0.3422266185283661
0,244,INT14,876,ATACGTACTTAGCCAC-1,11522,6834,0.18486004918813706,0.007975735586829616,0.21565430760383605,1.0,0.0,0.34677826762199404
0,245,INT14,673,AGCTGCATTTGAGGTG-1,1254,3555,0.18484409302473068,0.008465092425397116,0.33250624909996984,1.0,0.0,0.35352920889854433
0,246,INT14,3994,TCTTTAAGACTATGAA-1,7529,4539,0.18483731895685196,0.008548744440805944,0.23204497154802084,1.0,0.0,0.3526706904172897
0,247,INT14,1115,ATTTGTCTTGGGAGCT-1,8670,6069,0.18483564704656602,0.010910392285228089,0.277054937183857,1.0,0.0,0.35336385369300843
0,248,INT14,3381,GTTTCAAACGAGTTGT-1,12662,3337,0.18483271300792695,0.012004074857849566,0.27540475130081177,0.6,0.0,0.24652437567710878
0,249,INT14,869,ATACGACAGATGGGTA-1,1254,2244,0.1847564160823822,0.0117837763974437,0.31010220758616924,0.9,0.0,0.32540989220142363
0,250,INT14,3191,GTCCCGCGACGTTATG-1,12092,6288,0.18472333401441574,0.010516144064464765,0.19642901187762618,1.0,0.0,0.35368030071258544
0,251,INT14,598,AGATGAGGGTTGCGAT-1,3726,4539,0.18471361100673675,0.009288600161019296,0.1894995706155896,1.0,0.0,0.34173280000686646
0,252,INT14,1778,CGCAATTACTTTCGGT-1,5437,11642,0.18468918651342392,0.010848522066578265,0.4065994169563055,0.9,0.0,0.3240135878324509
0,253,INT14,1538,CCCTAGCTCTAAGGTC-1,15704,9457,0.18468110710382463,0.00894194255143562,0.3466770201921463,1.0,0.0,0.3538665741682053
0,254,INT14,2898,GGCAGCGGTAATCCTA-1,3726,4320,0.18466731756925583,0.008909805453839754,0.284708208963275,1.0,0.0,0.34896535873413087
0,255,INT14,4491,TTGCCTTCTCGCCGGG-1,13993,3884,0.18464761823415757,0.00794434185259726,0.26624862141907213,1.0,0.0,0.3583976924419403
0,256,INT14,1303,CAGGAAGACTTTATAT-1,3536,5960,0.1846393659710884,0.013210842736640077,0.2252538099884987,1.0,0.0,0.36144973933696745
1,1,INT14,3071,GGTGGACTGCTCTGGC-1,11522,5960,0.1467573031783104,0.014755125513984715,-0.03272529765963554,0.0,0.0,0.0
1,2,INT14,2165,CTGGCGGGAATAAGTA-1,4867,12844,0.14549111425876618,0.017785331077335376,0.1189444750547409,0.0,0.0,0.0
1,3,INT14,3159,GTATGACGTGGGAAAC-1,2395,12079,0.14548332765698432,0.022682478822496188,-0.04223145619034767,0.0,0.0,0.0
1,4,INT14,2307,GAAGCAAGGCAATGTT-1,1254,10549,0.1451268807053566,0.019593642399829463,0.14812650866806507,0.0,0.0,0.0
1,5,INT14,144,AACTTGCCCGTATGCA-1,6578,12297,0.14510347172617913,0.01988392120556321,-0.006760204769670963,0.0,0.0,0.0
1,6,INT14,941,ATCATGGACTACCGAC-1,9430,1480,0.14508404582738876,0.017126211146050674,0.09598658196628093,0.1,0.0,0.04078272879123688
1,7,INT14,2337,GAATGTATGGCAGGTC-1,3916,5304,0.14503326043486595,0.023277769330073816,0.02549628131091595,0.0,0.0,0.0
1,8,INT14,2098,CTCGGTTGTCGGCCCT-1,11711,12407,0.14437243491411209,0.01931078860285915,-0.05291466619819403,0.0,0.0,0.0
1,9,INT14,3876,TCGGAATGACCATCAA-1,2205,6943,0.14423825740814208,0.0205374024627009,-0.05141843780875206,0.0,0.0,0.0
1,10,INT14,4395,TTCCGGTATCTGTGTC-1,8860,2682,0.1441018611192703,0.020111628958168013,-0.047124388813972476,0.0,0.0,0.0
1,11,INT14,229,AATCGGGACACTACGA-1,2585,8691,0.14401754587888718,0.019643797223537707,0.05378701314330101,0.0,0.0,0.0
1,12,INT14,4341,TTAGTTCAAGTGTTCG-1,5247,3009,0.14296696931123734,0.020332650358845496,-0.04453315809369087,0.0,0.0,0.0
1,13,INT14,3683,TATTTATACCGAGTAG-1,4106,6724,0.14294018521904944,0.018544079338014302,0.012187927961349487,0.0,0.0,0.0
1,14,INT14,1944,CGTGACATTGGGTCGT-1,3916,6178,0.14291267469525337,0.016986101214188296,-0.02478358019143343,0.0,0.0,0.0
1,15,INT14,837,AGTTTCGCAGGTCGGA-1,3346,8473,0.14269211888313293,0.017650412672670184,-0.13680095858871938,0.0,0.0,0.0
1,16,INT14,3545,TAGAATTAAGGGCAAC-1,2965,6943,0.14247575625777245,0.018643565593051876,0.09936953224241733,0.0,0.0,0.0
1,17,INT14,4104,TGCCTGATCAAACGAT-1,4867,7599,0.14240291714668274,0.019395674080857,-0.06927423775196076,0.0,0.0,0.0
1,18,INT14,2317,GAAGGCTACCATTGTT-1,5818,2244,0.14231152310967446,0.017526785976105567,0.0801767885684967,0.0,0.0,0.0
1,19,INT14,1419,CCAAAGTCCCGCTAAC-1,1634,11205,0.1422764129936695,0.014985083040794184,-0.03195896260440349,0.0,0.0,0.0
1,20,INT14,3712,TCACAGATCCTCAAAC-1,3155,13609,0.14225395694375037,0.021895425164814526,0.09886710625141859,0.0,0.0,0.0
1,21,INT14,3828,TCCTCGGGCTGGGCTT-1,8669,6943,0.14222452268004418,0.01894981865535261,-0.0074907073751091955,0.0,0.0,0.0
1,22,INT14,3518,TACGTTTACCGGCAAT-1,8669,11751,0.14219960942864418,0.017279826528335467,-0.09663206897675991,0.0,0.0,0.0
1,23,INT14,3475,TACCAAATAGCCCAGA-1,12282,8582,0.14219504222273827,0.017392100229749356,-0.02410574220120907,0.0,0.0,0.0
1,24,INT14,1908,CGGTTGAGTATCCTTC-1,13613,11970,0.14215661063790322,0.01962223068124793,0.008223181217908859,0.0,0.0,0.0
1,25,INT14,370,ACCCGGAGCACCACAA-1,12282,1807,0.14205797091126443,0.018472824233169958,0.05309804044663906,0.0,0.0,0.0
1,26,INT14,3867,TCGCTAAACCGCTATC-1,4677,5522,0.14192684218287469,0.01833854722035707,0.006751148402690888,0.0,0.0,0.0
1,27,INT14,2547,GATTCCGCGTTTCCGT-1,4106,6943,0.1418574944138527,0.018483813458128925,-0.07944006901234388,0.0,0.0,0.0
1,28,INT14,2927,GGCGCGGAGATCTTTC-1,12092,5851,0.14181332737207414,0.018856388280489442,-0.014688003808259964,0.0,0.0,0.0
1,29,INT14,1337,CATACCCGTACCCAGT-1,8099,11860,0.1417493723332882,0.015048504281097136,-0.028736522048711778,0.0,0.0,0.0
1,30,INT14,4027,TGAGAATGCTTTACCG-1,4486,9347,0.14174665436148642,0.01932416165261954,-0.02235960029065609,0.0,0.0,0.0
1,31,INT14,146,AACTTTACGGGAGCTT-1,6958,14483,0.14159492775797844,0.021934206013662,0.05771074928343296,0.0,0.0,0.0
1,32,INT14,641,AGCGACATCCCATTCA-1,4296,8801,0.14154147580266,0.01980985405521048,0.09730835482478142,0.0,0.0,0.0
1,33,INT14,2638,GCCCAGTTGGTATGCC-1,5247,11095,0.14142622351646422,0.01843385227705738,-0.049838063307106495,0.0,0.0,0.0
1,34,INT14,787,AGTCGGTTGCGTGAGA-1,8670,3009,0.1414186552166939,0.023311084933601813,-0.023607489094138144,0.0,0.0,0.0
1,35,INT14,2296,GAACGATAAGTTAAAG-1,6198,1807,0.14140501841902733,0.01882094621595387,-0.009757018834352493,0.0,0.0,0.0
1,36,INT14,475,ACTACGCGTTAGAATT-1,12472,9129,0.14138102531433105,0.019938696077657664,-0.03723449502140284,0.0,0.0,0.0
1,37,INT14,1892,CGGTAGAGGTGCAGGT-1,5247,5195,0.1412966638803482,0.019970802375071903,0.015071509033441543,0.0,0.0,0.0
1,38,INT14,1495,CCATTCCCTGCCCACA-1,7338,10986,0.141206294298172,0.01804706035406296,-0.1291594311594963,0.0,0.0,0.0
1,39,INT14,2141,CTGCCCACGAAGCGTT-1,7148,14592,0.14114781618118286,0.023301758214148514,0.02275247238576412,0.1,0.0,0.037645384669303894
1,40,INT14,3371,GTTGGACCGCATCAGG-1,4867,2572,0.1410250820219517,0.017355613782524565,-0.016581417061388493,0.0,0.0,0.0
1,41,INT14,2402,GACTCGGTCGGCGGAT-1,2775,3556,0.14095146283507348,0.019404272626204887,0.06452924441546201,0.0,0.0,0.0
1,42,INT14,271,ACAAATCGCACCGAAT-1,10571,6288,0.14084774404764175,0.017382774734231655,-0.17396634332835675,0.0,0.0,0.0
1,43,INT14,2960,GGGACAGAGTTACTCC-1,11902,13172,0.1408073864877224,0.017763868731857677,-0.11481431014835834,0.0,0.0,0.0
1,44,INT14,105,AACCTGTCACGGAATT-1,7909,2354,0.14080543741583823,0.021653086068717502,-0.11478329263627529,0.0,0.0,0.0
1,45,INT14,1347,CATAGTACATTGAGAG-1,3916,6834,0.1407836891710758,0.019335411235155905,-0.029964420199394225,0.0,0.0,0.0
1,46,INT14,2137,CTGCAGAGAATCAGAG-1,12662,4212,0.14074697569012642,0.018171525951870608,-0.08271146528422832,0.0,0.0,0.0
1,47,INT14,2937,GGCTAATGATTGAAAT-1,3156,2900,0.1407233767211437,0.019498283917939993,0.054340194724500177,0.0,0.0,0.0
1,48,INT14,6,AAACAGGGTCTATATT-1,10000,13827,0.14071821495890618,0.017814424777230716,0.004189106822013855,0.0,0.0,0.0
1,49,INT14,3616,TATAAGTGAGGATAGC-1,5057,10986,0.14069693312048911,0.019712686155639085,-0.14227027222514152,0.0,0.0,0.0
1,50,INT14,748,AGGTTACACCATGCCG-1,9240,2682,0.140620843321085,0.021666124974184353,-0.0011676225811243057,0.0,0.0,0.0
1,51,INT14,3995,TCTTTAGAGTCTAACA-1,10571,2791,0.1405470758676529,0.017526483085644144,-0.126779880002141,0.0,0.0,0.0
1,52,INT14,3454,TAATTACGTCAGTAGA-1,12853,4102,0.14053301960229875,0.022487285239098792,0.02740751225501299,0.0,0.0,0.0
1,53,INT14,2909,GGCCCAGTTATCAGCA-1,3346,2572,0.14052566811442374,0.022965083462497107,-0.006956623122096062,0.0,0.0,0.0
1,54,INT14,1693,CCTGTCCCTCACGTTA-1,7909,2791,0.1404705211520195,0.0180661581741996,-0.11103270910680293,0.0,0.0,0.0
1,55,INT14,4062,TGATTTATTAGCTGTG-1,8289,11533,0.14045978784561158,0.020363650558752795,0.17089293971657754,0.0,0.0,0.0
1,56,INT14,3810,TCCGCGGCCCAATGAA-1,11141,4430,0.14044686034321785,0.019556692245891176,-0.029490326717495918,0.0,0.0,0.0
1,57,INT14,4147,TGGAAGGATAAAGATG-1,4867,7817,0.1403784304857254,0.021840831141638234,0.00020289532840251924,0.0,0.0,0.0
1,58,INT14,2271,GAAACTCGTGCGATGC-1,6388,12625,0.1403151571750641,0.018747520622582337,0.0012587979435920715,0.0,0.0,0.0
1,59,INT14,3213,GTCGTATTGGCGTACA-1,4677,4867,0.14029034599661827,0.018180510534511894,-0.01581631526350975,0.0,0.0,0.0
1,60,INT14,2242,CTTGGCCAAGCTGGGA-1,12662,9019,0.14028557538986205,0.022063510449771284,0.04096535816788673,0.0,0.0,0.0
1,61,INT14,4113,TGCGAGCCCTTCCGCG-1,3346,4102,0.14021802619099616,0.02074143086440952,0.00029775314033031464,0.0,0.0,0.0
1,62,INT14,3905,TCGTCCGCTGGCGTCT-1,5247,10877,0.14020116552710532,0.021609070566640295,-0.07072287052869797,0.0,0.0,0.0
1,63,INT14,902,ATATAAATGTAGCTGC-1,11331,7162,0.1401765950024128,0.017438130510257433,-0.1145726565271616,0.0,0.0,0.0
1,64,INT14,706,AGGCCCTAGAACGCCA-1,9620,12516,0.14016072675585747,0.015235836609199391,-0.11601434983313083,0.0,0.0,0.0
1,65,INT14,4149,TGGAATTAGACGCTTT-1,6007,13281,0.1401431605219841,0.018023393354522597,0.004843120649456978,0.0,0.0,0.0
1,66,INT14,3405,TAAATGAATCCGTTTC-1,5437,12079,0.14008455350995064,0.019063387717306243,0.00753753799945116,0.0,0.0,0.0
1,67,INT14,3701,TCAACTAACGTATAAC-1,6958,13172,0.14007818549871445,0.018933892364038255,0.0338759571313858,0.0,0.0,0.0
1,68,INT14,4427,TTCTACTTGCGAGGGC-1,5247,11751,0.1400436468422413,0.020707019190277186,-0.015974255837500097,0.0,0.0,0.0
1,69,INT14,2075,CTCCCTCCTTTCGATC-1,10761,12735,0.13996867686510087,0.016622599382814317,-0.09763000961393117,0.0,0.0,0.0
1,70,INT14,4276,TGTTTCGGTACTTCTC-1,4486,9128,0.13992898613214494,0.02315419627228856,0.009173871763050557,0.0,0.0,0.0
1,71,INT14,4283,TTAAAGTAAGTCGCCA-1,14183,3774,0.13992667719721794,0.017672000721476594,0.010331350564956664,0.0,0.0,0.0
1,72,INT14,2725,GCGGTGAACTGCGCTC-1,4867,4976,0.13990872651338576,0.021483533135004954,-0.03758108112961054,0.0,0.0,0.0
1,73,INT14,2076,CTCCGAGTAAATCCGC-1,1254,1807,0.1398809239268303,0.019036288199579973,-0.03561216630041599,0.0,0.0,0.0
1,74,INT14,4036,TGAGGCATGTACTGTG-1,11711,14374,0.13978191316127778,0.02123081527325525,0.019041225127875806,0.0,0.0,0.0
1,75,INT14,479,ACTATCTGCCCGCGTA-1,11141,2900,0.13977545872330666,0.019788773856217877,-0.10448394604027271,0.0,0.0,0.0
1,76,INT14,3378,GTTGTTACATTGCGCT-1,3346,2354,0.1397339515388012,0.019296486888971506,0.05292607881128788,0.0,0.0,0.0
1,77,INT14,1336,CATACACGGTTCCCAC-1,12662,9238,0.13963762074708938,0.021590013672740473,-0.14176521264016628,0.0,0.0,0.0
1,78,INT14,3648,TATCTAGCCTAAAGGA-1,7528,13937,0.13963421508669854,0.0192383029417796,0.044024810940027234,0.0,0.0,0.0
1,79,INT14,495,ACTCGCCGTTCGATAA-1,13803,3119,0.13963216096162795,0.018216750853616428,-0.043239491432905196,0.0,0.0,0.0
1,80,INT14,1079,ATTCGCAGAGGACACT-1,3726,1479,0.1395924672484398,0.020865939423966022,0.03981285560876131,0.0,0.0,0.0
1,81,INT14,2245,CTTGTCGTACGTGTCA-1,1444,11532,0.13958143666386605,0.016728482280400653,-0.056864258088171485,0.0,0.0,0.0
1,82,INT14,1910,CGGTTGGGTTCAAGTT-1,2585,4320,0.13956460878252983,0.019250516827859443,0.02707415372133255,0.0,0.0,0.0
1,83,INT14,2653,GCCGCATTAGTCCGGC-1,7719,13390,0.13949490636587142,0.02150651605102889,-0.16794712655246258,0.0,0.0,0.0
1,84,INT14,3199,GTCCTACTCTACGGGC-1,11331,14592,0.13944822028279305,0.01806712641663904,0.06579324416816235,0.0,0.0,0.0
1,85,INT14,3799,TCCGAACTTGGCTTAC-1,7338,13172,0.13942459970712662,0.01949227303323399,-0.08155997805297374,0.0,0.0,0.0
1,86,INT14,3427,TAAGCAGGCGACACGC-1,7719,13172,0.1394227921962738,0.018473295603112942,-0.08690281324088574,0.0,0.0,0.0
1,87,INT14,110,AACGATAGAAGGGCCG-1,3916,9456,0.13937575370073318,0.018565238024238612,-0.1097229078412056,0.0,0.0,0.0
1,88,INT14,3192,GTCCGAGAGCAATCAT-1,7148,14374,0.13934929966926574,0.020737163289910505,0.0026735682040452957,0.0,0.0,0.0
1,89,INT14,1792,CGCCAAGAAGCCGAGT-1,8479,13390,0.1393275663256645,0.019834521329278362,-0.10079606398940086,0.0,0.0,0.0
1,90,INT14,1967,CGTTCATGGTGCGCGT-1,10190,13062,0.13932726830244063,0.021887040801797677,-0.06235132776200771,0.0,0.0,0.0
1,91,INT14,1447,CCACGGCAGGTGTAGG-1,14563,11861,0.13920877054333686,0.01752976475663493,0.02388981506228447,0.0,0.0,0.0
1,92,INT14,2132,CTGCAAGCACGTTCCG-1,12662,3119,0.13908349201083184,0.020856714495519714,-0.001160842552781105,0.0,0.0,0.0
1,93,INT14,719,AGGGAGACATACTTCG-1,6578,2900,0.1390761874616146,0.017953707439936104,-0.11169824823737144,0.0,0.0,0.0
1,94,INT14,2565,GCAACCCAAGTTGTTT-1,6958,14920,0.13905639052391053,0.019018919238530788,0.03077239338308573,0.0,0.0,0.0
1,95,INT14,1951,CGTGCTGGCCTAGTCG-1,2775,13171,0.13904873207211493,0.01773378299871275,-0.04992195405066013,0.0,0.0,0.0
1,96,INT14,1437,CCACAATGTACGTCTT-1,6578,5960,0.1390211671590805,0.019413288557120514,-0.017321278527379035,0.0,0.0,0.0
1,97,INT14,3191,GTCCCGCGACGTTATG-1,12092,6288,0.1389985792338848,0.018851265287806746,-0.0958829503506422,0.0,0.0,0.0
1,98,INT14,709,AGGCGATAACTGGCGT-1,12092,1917,0.138944760710001,0.02073500387795681,0.054502101987600325,0.0,0.0,0.0
1,99,INT14,1308,CAGGCGCACGGTGGTC-1,11711,12188,0.13893784880638121,0.019672679507436328,0.024521213211119174,0.0,0.0,0.0
1,100,INT14,3494,TACCTGCTGCACTGTG-1,6388,12844,0.13893214389681816,0.0178453021955704,-0.07173424027860165,0.0,0.0,0.0
1,101,INT14,1466,CCAGGCTGGCGTCTGA-1,11712,1917,0.13889869004487992,0.016631450223743925,-0.030977017991244794,0.0,0.0,0.0
1,102,INT14,3265,GTGCAACAAATGTGGC-1,3726,8473,0.13888736590743064,0.018421967197525244,-0.18622665256261825,0.0,0.0,0.0
1,103,INT14,4251,TGTGCTTTACGTAAGA-1,7909,13281,0.13885078579187393,0.020865703215917814,0.03620638363063335,0.0,0.0,0.0
1,104,INT14,3960,TCTGATCGGGTGCTAG-1,7529,2354,0.13884641081094742,0.019115274927329968,0.005201863870024681,0.0,0.0,0.0
1,105,INT14,777,AGTCACTCCGCCTCAT-1,2205,11969,0.13884157836437225,0.018405278100449476,-0.03150910567492247,0.0,0.0,0.0
1,106,INT14,1709,CGAAACATAGATGGCA-1,3156,6834,0.13881532326340676,0.020087339509899906,-0.09567370675504208,0.0,0.0,0.0
1,107,INT14,2667,GCCTCATCTGGAAATA-1,8860,4867,0.1387866370379925,0.019778207630366515,0.04832136482000351,0.0,0.0,0.0
1,108,INT14,2524,GATGATTTGAAACTGG-1,1064,11532,0.13877974078059196,0.018843000326081005,-0.10778395272791386,0.0,0.0,0.0
1,109,INT14,2984,GGGCCTATTTAAGTAT-1,3536,2463,0.1386933520436287,0.019260230719585165,-0.0846737951040268,0.0,0.0,0.0
1,110,INT14,4029,TGAGATCAAATACTCA-1,2395,8363,0.13869102522730828,0.022035715102467185,-0.010335522331297397,0.0,0.0,0.0
1,111,INT14,2329,GAATCGACATGGTCAC-1,6007,10658,0.13862549960613252,0.01917331261062404,-0.15984941869974137,0.0,0.0,0.0
1,112,INT14,4462,TTGACCGTGTTAATGA-1,10571,11533,0.13860647082328797,0.02113514884669647,0.067473503947258,0.0,0.0,0.0
1,113,INT14,436,ACGCTAGTATCAGTGC-1,1064,1698,0.13857828825712204,0.016781563231391624,-0.02575230151414871,0.0,0.0,0.0
1,114,INT14,3075,GGTGTTCTGTTTCTAC-1,1825,5413,0.13857546970248222,0.018281552383987754,-0.0896404016762972,0.0,0.0,0.0
1,115,INT14,16,AAACGAAGAACATACC-1,2205,8254,0.1384833909571171,0.019813467438620797,-0.046736839413642886,0.0,0.0,0.0
1,116,INT14,2629,GCCAGGCGTTCGCATG-1,2775,5522,0.13846886307001113,0.022798509117701694,-0.06271216105669737,0.0,0.0,0.0
1,117,INT14,2808,GCTTCCATGTAACCGC-1,15134,4102,0.13844061493873597,0.020318648532394405,-0.028586573898792267,0.0,0.0,0.0
1,118,INT14,48,AAATAAGGTAGTGCCC-1,6958,2681,0.13842373564839364,0.016706559433808804,-0.0006044957786798477,0.0,0.0,0.0
1,119,INT14,715,AGGGAAACGAGGTACT-1,3536,5522,0.13842101469635965,0.02043854653151809,0.016247485019266605,0.0,0.0,0.0
1,120,INT14,2350,GACACAGCCGGGACTG-1,14754,4321,0.13840886279940606,0.01842364883530127,-0.07134640514850617,0.0,0.0,0.0
1,121,INT14,324,ACAGTGCAGCGCATTT-1,1064,2572,0.13839523121714592,0.023467557740158736,-0.006474527344107628,0.0,0.0,0.0
1,122,INT14,1333,CATAAGCTCTCCGTCT-1,9050,13718,0.1383839838206768,0.021294534516718137,0.005185231007635594,0.0,0.0,0.0
1,123,INT14,3696,TCAACATCGACCGAGA-1,9430,13500,0.1383589744567871,0.019024428914156913,-0.037138808704912665,0.0,0.0,0.0
1,124,INT14,2898,GGCAGCGGTAATCCTA-1,3726,4320,0.13832609802484513,0.0194708343027251,-0.01323696505278349,0.0,0.0,0.0
1,125,INT14,937,ATCATAGATCGACGAG-1,15134,10440,0.1383183442056179,0.020656702443218065,-0.01522060837596655,0.0,0.0,0.0
1,126,INT14,2579,GCACAGCACGGGCCGA-1,14754,10659,0.1383093014359474,0.019990450048859645,0.06465939804911613,0.0,0.0,0.0
1,127,INT14,4441,TTCTTCCCTTTGATAT-1,1444,7599,0.1382908806204796,0.02080123134945135,-0.07742847707122565,0.0,0.0,0.0
1,128,INT14,1255,CACGTTCGTGCTCTAG-1,8099,6397,0.1382848933339119,0.01981696641415313,-0.020813167840242387,0.0,0.0,0.0
1,129,INT14,3544,TAGAATAGCCGATGAA-1,12853,4321,0.13821420222520828,0.022276361550998425,0.009485978446900845,0.0,0.0,0.0
1,130,INT14,1695,CCTGTGAAACCGTAAC-1,7528,15029,0.13820029720664023,0.021040923789221646,0.029974650219082834,0.0,0.0,0.0
1,131,INT14,2258,CTTTGAAACATATTCC-1,1064,4757,0.13816808834671973,0.019423793380882078,-0.03134429641067982,0.0,0.0,0.0
1,132,INT14,978,ATCTCCCTGCAATCTA-1,4106,7380,0.1381653554737568,0.020095866914763588,-0.028305951319634915,0.0,0.0,0.0
1,133,INT14,1820,CGCGGCTCAACTTGAA-1,9240,4648,0.13814488798379898,0.01820831008037969,-0.057535503059625626,0.0,0.0,0.0
1,134,INT14,456,ACGTAGGAGAGTCGCT-1,14373,7380,0.1381440542638302,0.019723062850862387,-0.06088090799748898,0.0,0.0,0.0
1,135,INT14,1566,CCGACAATAGGCCGCC-1,11902,3119,0.138117029517889,0.018470293078397773,-0.048446770571172235,0.0,0.0,0.0
1,136,INT14,27,AAACTCGTGATATAAG-1,5437,2900,0.13810405805706977,0.02232490399278018,-0.09352024719119072,0.0,0.0,0.0
1,137,INT14,3254,GTGAGGAGCGGTTGAG-1,3536,5741,0.13809288516640664,0.01948923070562022,-0.16092223227024077,0.0,0.0,0.0
1,138,INT14,2848,GGACTCTTCCGGTTGA-1,11902,1807,0.138083715736866,0.017605261621082686,-0.0583139356225729,0.0,0.0,0.0
1,139,INT14,2617,GCATTGACTTGCGGAA-1,10571,14811,0.1380686916410923,0.02040002761734892,0.02684515118598938,0.0,0.0,0.0
1,140,INT14,3401,TAAAGCTGCAATAGGG-1,4296,4648,0.1380581773817539,0.023443598050819393,0.03850317895412445,0.0,0.0,0.0
1,141,INT14,2094,CTCGGGCATCGTCGGG-1,1064,7817,0.13798576816916466,0.019350589120533203,-0.030337593331933022,0.0,0.0,0.0
1,142,INT14,2194,CTGTCACGCCAGGCGC-1,2966,4539,0.13796149492263793,0.01964530128175627,-0.13515625782310964,0.0,0.0,0.0
1,143,INT14,1014,ATGGAACCTTTGCACA-1,8289,2135,0.13795079663395882,0.021811861921855108,-0.04835368916392326,0.0,0.0,0.0
1,144,INT14,195,AAGTGCTTCTCTATTG-1,14183,11205,0.1379435122013092,0.01760901828839057,-0.006326826848089695,0.0,0.0,0.0
1,145,INT14,1210,CACATTCTTTCGATGG-1,4487,5413,0.13792284652590753,0.02175791231581951,-0.017101090773940085,0.0,0.0,0.0
1,146,INT14,4183,TGGGATGCACTCATTC-1,3346,4539,0.13791327476501464,0.0173016985016383,-0.06251017432659864,0.0,0.0,0.0
1,147,INT14,3717,TCACATCTTATCTGAT-1,6388,13062,0.13790797665715218,0.019361799359248203,-0.06819797046482563,0.0,0.0,0.0
1,148,INT14,270,ACAAAGCATGACCTAG-1,13043,4649,0.13790677040815352,0.020506867220032303,0.012435100786387921,0.0,0.0,0.0
1,149,INT14,2306,GAAGACTTCAATGCCG-1,1634,8145,0.13789350241422654,0.019304205767517367,-0.031221077591180802,0.0,0.0,0.0
1,150,INT14,2819,GCTTTGCTGCCGGGTA-1,1254,1370,0.13783949315547944,0.01686982542878406,-0.13433435298502444,0.0,0.0,0.0
1,151,INT14,1497,CCATTTCTACCTATTA-1,11521,7490,0.1378386653959751,0.01925272966814325,-0.07021431084722281,0.0,0.0,0.0
1,152,INT14,3376,GTTGTAGATTTATGAG-1,14564,8364,0.13783053457736968,0.02099940753392096,-0.019405957870185377,0.0,0.0,0.0
1,153,INT14,2200,CTGTTCATCTCACGGG-1,5247,11532,0.13780791833996772,0.02032605110597017,-0.053505407832562926,0.0,0.0,0.0
1,154,INT14,4222,TGTACTACTCTCACGG-1,4867,2135,0.13780612796545028,0.0197003126840621,0.0425390200689435,0.0,0.0,0.0
1,155,INT14,3514,TACGTAAAGCGGAGTG-1,13043,3993,0.1378026381134987,0.018121711756751122,0.06052884683012962,0.0,0.0,0.0
1,156,INT14,1152,CAACTGAGGGTATGAC-1,2966,2135,0.13779510855674743,0.018362028272324957,0.026700852811336516,0.0,0.0,0.0
1,157,INT14,424,ACGCATAAATGACATG-1,2015,3118,0.13777022585272788,0.018366689778483224,-0.065073312073946,0.0,0.0,0.0
1,158,INT14,338,ACATTTGAAACCTAAC-1,14944,4430,0.13774264901876448,0.016334904403820488,-0.03738104943186045,0.0,0.0,0.0
1,159,INT14,3229,GTCTCGACTAAGTTTG-1,5818,3119,0.13773596584796904,0.02042662802448853,-0.038056150637567045,0.0,0.0,0.0
1,160,INT14,4277,TGTTTGAGATCGTCAG-1,10381,2682,0.1377331718802452,0.018741952553377583,-0.1359228976070881,0.0,0.0,0.0
1,161,INT14,3161,GTATTAAGGCGTCTAA-1,4867,12407,0.13770463019609452,0.020467893850279684,-0.07572854366153478,0.0,0.0,0.0
1,162,INT14,655,AGCGTACGAGAGCTAG-1,2585,12625,0.13763888627290727,0.022050248050420187,-0.05925533603876829,0.0,0.0,0.0
1,163,INT14,4547,TTGTGGTGGTACTAAG-1,13043,4867,0.13763393312692643,0.0195240045043459,-0.06606741063296795,0.0,0.0,0.0
1,164,INT14,2058,CTCACCAGTACAAGTG-1,7148,15029,0.13761547803878785,0.019687896647562552,0.06777243763208389,0.0,0.0,0.0
1,165,INT14,2619,GCATTTCCAAGGCTCC-1,7339,3119,0.13759014680981635,0.01936727717565261,-0.13294945303350686,0.0,0.0,0.0
1,166,INT14,3198,GTCCTACGAATAGTCT-1,11141,5304,0.1375890254974365,0.019762191955174244,-0.05698251761496067,0.0,0.0,0.0
1,167,INT14,3537,TACTTTCCGCACGCCA-1,10000,13172,0.13758846372365952,0.02099203969188201,-0.05308285243809223,0.0,0.0,0.0
1,168,INT14,1519,CCCGCAGGGCCCAAAG-1,3156,6615,0.1375875860452652,0.01772508007559626,0.05027024485170841,0.0,0.0,0.0
1,169,INT14,1039,ATGTGTAGTTTAGTCA-1,2015,8801,0.13758615776896477,0.017814462224991428,0.017534310556948186,0.0,0.0,0.0
1,170,INT14,4531,TTGGTTGCGGTGCGCG-1,11141,12735,0.13757660388946533,0.019171911466312305,-0.11210225932300091,0.0,0.0,0.0
1,171,INT14,3262,GTGATGCACAACATCT-1,3346,4758,0.13757651150226594,0.021219978503644422,0.042252902127802375,0.0,0.0,0.0
1,172,INT14,1192,CACACAGCTTGCGCTC-1,10001,2682,0.1375674933195114,0.022451257146885766,-0.09785536602139473,0.0,0.0,0.0
1,173,INT14,2029,CTAGGTCTGAAGGAAT-1,7909,3884,0.13756237477064132,0.019898331694723707,0.03183523714542389,0.0,0.0,0.0
1,174,INT14,4198,TGGTAAGCAGGATTGA-1,8859,14046,0.13754461854696273,0.01928287130002272,0.031166332215070723,0.0,0.0,0.0
1,175,INT14,4005,TGAAGAGCGGTCCTAG-1,4676,14046,0.1375261589884758,0.021692661182770242,0.011353609338402747,0.0,0.0,0.0
1,176,INT14,1296,CAGCGCCAACACGATA-1,8099,14701,0.13751447349786758,0.017367645014124952,-0.032086259499192235,0.0,0.0,0.0
1,177,INT14,2213,CTTAGTAGGCCTACAG-1,7149,4102,0.13748554959893228,0.02007040298625765,-0.002943000569939613,0.0,0.0,0.0
1,178,INT14,3450,TAATCAACCAAATGGG-1,10761,1589,0.13748447597026825,0.020924775826439087,0.03564303331077099,0.0,0.0,0.0
1,179,INT14,1627,CCTAAAGGCTGACGCT-1,3726,6287,0.13747282102704048,0.01976378217028369,-0.10754764638841152,0.0,0.0,0.0
1,180,INT14,4491,TTGCCTTCTCGCCGGG-1,13993,3884,0.1374707616865635,0.020478472131596977,-0.039509968087077144,0.0,0.0,0.0
1,181,INT14,906,ATATCAACCTACAGAG-1,8099,3774,0.13742253184318542,0.016871348008199415,-0.008002285845577717,0.0,0.0,0.0
1,182,INT14,308,ACACGTAGGCCACAAG-1,12092,3228,0.1374054491519928,0.021494153283403882,-0.04774556551128626,0.0,0.0,0.0
1,183,INT14,3426,TAAGATTTAGCGGGAG-1,1824,11314,0.13739194124937057,0.019149550922094135,0.06533485800027847,0.0,0.0,0.0
1,184,INT14,3896,TCGTAACTCCCAAGAC-1,13803,2245,0.13738781884312629,0.017936345721983427,-0.09636482819914818,0.0,0.0,0.0
1,185,INT14,1698,CCTGTTCAACCTCGGG-1,14564,9675,0.137384582310915,0.020312555943289554,0.013000133074820041,0.0,0.0,0.0
1,186,INT14,2670,GCCTGCTACACTGAGA-1,2585,3665,0.13736310750246047,0.016285304117565014,0.000733192078769207,0.0,0.0,0.0
1,187,INT14,2906,GGCCACACGAAAGCCT-1,5247,15029,0.13736013919115067,0.020379310888564754,0.03453726097941399,0.0,0.0,0.0
1,188,INT14,3868,TCGCTACTGGCTTTGA-1,13423,7271,0.13733878061175347,0.019762183275928772,-0.08905938155949115,0.0,0.0,0.0
1,189,INT14,2654,GCCGCTAGATACGCAG-1,1444,4757,0.13732887506484986,0.018733374627216755,-0.060022436827421186,0.0,0.0,0.0
1,190,INT14,2992,GGGCGTCCACTGGCTC-1,4106,6069,0.13732327073812484,0.022805930282803647,0.0020038455724716185,0.0,0.0,0.0
1,191,INT14,1102,ATTGTACAACTCGGCT-1,7719,3993,0.13731577321887017,0.018558078713907775,-0.07901903092861176,0.0,0.0,0.0
1,192,INT14,3762,TCCAATAAAGGCTACC-1,13042,9457,0.13723171427845954,0.019252524461794263,-0.09558528680354357,0.0,0.0,0.0
1,193,INT14,1389,CATGGCTCCCTATGTC-1,5437,15138,0.13722968846559525,0.02181982427502289,-0.015540684759616851,0.0,0.0,0.0
1,194,INT14,935,ATCAGGTCGCCATTGC-1,2585,4976,0.13722141683101655,0.01822555907419949,-0.12867384925484657,0.0,0.0,0.0
1,195,INT14,720,AGGGCAGCGGCGTGGT-1,2585,7161,0.13722111135721207,0.019383973364705744,-0.004535150527954101,0.0,0.0,0.0
1,196,INT14,1780,CGCAATTCTACAATAA-1,6007,12188,0.1372182197868824,0.021602848777697862,-0.05111823379993439,0.0,0.0,0.0
1,197,INT14,3468,TACAGAAACGGTGGGC-1,12282,5960,0.13719981610774995,0.017669482456913747,-0.07596806660294533,0.0,0.0,0.0
1,198,INT14,2299,GAACGTCTCATGGTCG-1,6958,5741,0.13715490102767944,0.016679621095113197,-0.10727133564651012,0.0,0.0,0.0
1,199,INT14,1472,CCAGTCTTGTCATAGA-1,12282,8801,0.1371077172458172,0.01971581344731176,-0.1034910786896944,0.0,0.0,0.0
1,200,INT14,649,AGCGGACACTTCGTAG-1,12852,8473,0.13709513172507287,0.020286548174109614,-0.024601886793971062,0.0,0.0,0.0
1,201,INT14,437,ACGCTAGTGATACACT-1,6388,4321,0.13709399625658988,0.01735155458561465,-0.015221073105931283,0.0,0.0,0.0
1,202,INT14,4524,TTGGGACACTGCCCGC-1,6388,7599,0.1370574153959751,0.019410309546394895,-0.09214140437543392,0.0,0.0,0.0
1,203,INT14,3692,TCAAATTTGAGACTCA-1,12472,7599,0.13705237954854965,0.02030992211392282,-0.13160198777914048,0.0,0.0,0.0
1,204,INT14,18,AAACGAGACGGTTGAT-1,7719,6615,0.13705134838819505,0.02016424646950062,-0.088096634298563,0.0,0.0,0.0
1,205,INT14,1768,CGATCCGACCCAGTGC-1,8289,9784,0.13701038882136346,0.018332928833649814,-0.050047965720295906,0.0,0.0,0.0
1,206,INT14,3533,TACTGTTTCTCTGGTA-1,10001,2245,0.13699879720807076,0.017660515220678893,-0.08527584373950958,0.0,0.0,0.0
1,207,INT14,4078,TGCAGCTACGTACTTC-1,9050,13500,0.1369977705180645,0.02058659842976991,-0.04368105828762055,0.0,0.0,0.0
1,208,INT14,2700,GCGCGTCATTGGTACA-1,11902,6178,0.13698601499199867,0.01962402412231376,-0.046028196811676025,0.0,0.0,0.0
1,209,INT14,1216,CACCCAAATCTTATGT-1,7719,3774,0.1369804821908474,0.020016759444666576,-0.08481381870806218,0.0,0.0,0.0
1,210,INT14,1523,CCCGCTTGCCCTCGTC-1,1444,10877,0.1369723118841648,0.022940014361179744,0.0031837556511163712,0.0,0.0,0.0
1,211,INT14,3457,TAATTGGAATCGGGAA-1,4297,3774,0.13696313947439193,0.017576845682512186,-0.12480026222765446,0.0,0.0,0.0
1,212,INT14,2135,CTGCACCTGGAACCGC-1,3916,9893,0.13695507422089576,0.019008550292575564,0.007081961072981357,0.0,0.0,0.0
1,213,INT14,1435,CCAATTACGGGTCGAG-1,4677,5085,0.13694289550185204,0.02099830736448799,0.05479148533195257,0.0,0.0,0.0
1,214,INT14,4032,TGAGCCATACAGTCTC-1,9050,11096,0.13692489340901376,0.02139965947283375,-0.1732897313311696,0.0,0.0,0.0
1,215,INT14,219,AATATTGGAGTATTGA-1,7909,12844,0.13692469373345376,0.021735190215610743,-0.08619341291487218,0.0,0.0,0.0
1,216,INT14,342,ACCAACCGCACTCCAC-1,13423,4649,0.13691906854510308,0.020881082459028668,-0.09257628489285707,0.0,0.0,0.0
1,217,INT14,1160,CAAGCACCAAATGCCT-1,4486,8036,0.13691849485039712,0.020287224789811622,-0.112458136677742,0.0,0.0,0.0
1,218,INT14,1591,CCGCGTAGGTAAGGGC-1,6768,12844,0.13691821396350862,0.020716989354563307,-0.03337068259716034,0.0,0.0,0.0
1,219,INT14,148,AACTTTCTCGATCATG-1,5247,1698,0.13690364509820938,0.02142303126259283,-0.02751022167503834,0.0,0.0,0.0
1,220,INT14,1247,CACGCGGAACTGTTGC-1,9050,4539,0.13690295368432998,0.02107243283099325,0.002271586284041405,0.0,0.0,0.0
1,221,INT14,1806,CGCCGTCTACCCATCG-1,8289,1917,0.13690273091197014,0.02099061408216699,-0.0068712055683135985,0.0,0.0,0.0
1,222,INT14,1978,CGTTTCACTTCGGGCG-1,4487,5195,0.1368861235678196,0.018683659730711778,-0.009585589170455933,0.0,0.0,0.0
1,223,INT14,671,AGCTCTTTACTCAGTT-1,8859,10331,0.136884193867445,0.020970267920938847,-0.10823447387665511,0.0,0.0,0.0
1,224,INT14,3381,GTTTCAAACGAGTTGT-1,12662,3337,0.13687776699662207,0.021904381055571926,-0.0361766617745161,0.0,0.0,0.0
1,225,INT14,1811,CGCGAAGTGGCATACT-1,13233,4758,0.1368773438036442,0.02074666582304578,-0.023531827703118326,0.0,0.0,0.0
1,226,INT14,686,AGGACGCTCGATGTTG-1,4487,4539,0.13685285970568656,0.022099611808499724,-0.042813637852668764,0.0,0.0,0.0
1,227,INT14,1241,CACGACCACAGACTTT-1,1254,4430,0.13678761348128318,0.022220140265758165,-0.06376095153391362,0.0,0.0,0.0
1,228,INT14,120,AACGTAGTCTACCCAT-1,1254,10767,0.1367820180952549,0.024152485636333234,-0.025646737404167654,0.0,0.0,0.0
1,229,INT14,273,ACAAATTCAGATCTGA-1,2395,3993,0.13677985444664956,0.020832381303661815,-0.1681276962161064,0.0,0.0,0.0
1,230,INT14,2615,GCATTCAAGGCAACGC-1,6388,3446,0.136765718460083,0.022184704602803213,0.025424475595355035,0.0,0.0,0.0
1,231,INT14,2566,GCAACGGCTAGTTATG-1,9240,2900,0.13675915747880935,0.019548369974815072,-0.17375369258224965,0.0,0.0,0.0
1,232,INT14,3447,TAATAGGTCACCAGAA-1,12662,12953,0.136755108833313,0.015661662255641452,-0.05259511359035969,0.0,0.0,0.0
1,233,INT14,2346,GACAACGCAGCTTACG-1,4867,9347,0.13674141094088554,0.01757403369866206,-0.12011949717998505,0.0,0.0,0.0
1,234,INT14,2264,CTTTGGCTTTAGTAAA-1,7148,10877,0.13673554509878158,0.017119196474209824,-0.1876313529908657,0.0,0.0,0.0
1,235,INT14,3029,GGTACCATTAAGACGG-1,6578,3774,0.13673439621925354,0.02025060588809914,-0.09061815962195396,0.0,0.0,0.0
1,236,INT14,3971,TCTGGGTAGCGCTCAT-1,8669,11314,0.13672972247004508,0.01929234435660077,-0.08295502364635468,0.0,0.0,0.0
1,237,INT14,1590,CCGCGGGTACGAAGAA-1,7148,12407,0.13671680614352227,0.021299590662579075,-0.10037722736597061,0.0,0.0,0.0
1,238,INT14,3832,TCCTGCGTTGATACTC-1,8289,11970,0.1366936556994915,0.021870424038784527,-0.11545486301183701,0.0,0.0,0.0
1,239,INT14,169,AAGCGGCGTCATGGGT-1,2775,4648,0.136690154671669,0.019591379368492617,-0.14558405838906766,0.0,0.0,0.0
1,240,INT14,998,ATGATCGGGAATAGAC-1,4106,9347,0.1366495668888092,0.018667652942067726,-0.08652548119425774,0.0,0.0,0.0
1,241,INT14,2089,CTCGATATTTGCGAGC-1,5437,4430,0.13664064332842826,0.019546250692821628,-0.0016627350822091102,0.0,0.0,0.0
1,242,INT14,2923,GGCGAGCGAAACGGCA-1,10761,14483,0.13662114366889,0.01949305043219597,-0.06428566351532936,0.0,0.0,0.0
1,243,INT14,2365,GACCAGGTCATTCATA-1,1634,7708,0.13661061823368073,0.01973737462412457,0.016722380183637142,0.0,0.0,0.0
1,244,INT14,1669,CCTCGTTACGCCTGTT-1,2015,3337,0.13660499081015587,0.02039251937040647,0.021870731189846993,0.0,0.0,0.0
1,245,INT14,150,AAGACATACGTGGTTT-1,13993,2791,0.13659045100212097,0.01890369826737859,-0.134005918353796,0.0,0.0,0.0
1,246,INT14,1859,CGGAGTCCTAACCTGG-1,1064,4102,0.13657896742224693,0.02069516239531219,-0.06876366510987282,0.0,0.0,0.0
1,247,INT14,3223,GTCTATTGCATGCTCG-1,13423,3774,0.13656414598226546,0.02039536186250276,-0.013435215130448342,0.0,0.0,0.0
1,248,INT14,3179,GTCATCTCCTACAGCT-1,3345,13936,0.13656027987599373,0.01912514200536351,-0.05212778560817242,0.0,0.0,0.0
1,249,INT14,3465,TACACAGCCGTGGTGC-1,14754,7162,0.13655412271618844,0.020123865807254393,-0.03474678285419941,0.0,0.0,0.0
1,250,INT14,1197,CACAGAGACGAGGACG-1,13232,13063,0.13654189556837082,0.01623180286526223,-0.07634295523166656,0.0,0.0,0.0
1,251,INT14,200,AAGTTGTGATGTTATA-1,13613,3665,0.13653180748224258,0.019352596952532813,-0.06525928974151611,0.0,0.0,0.0
1,252,INT14,3484,TACCGCGGACTTGCAG-1,7339,4648,0.1365211807191372,0.019827891348010412,-0.16673320345580578,0.0,0.0,0.0
1,253,INT14,3631,TATATTCGCGTCGATA-1,2585,8473,0.13649083748459817,0.02000117572839283,-0.035141225531697275,0.0,0.0,0.0
1,254,INT14,3658,TATGGAGTTTCTCGTT-1,2205,11751,0.13648513033986093,0.020354205515147942,-0.01690644435584545,0.0,0.0,0.0
1,255,INT14,2824,GGAAAGTGCCCATGCC-1,4867,5413,0.13648251369595527,0.02119695836528855,-0.14564863182604312,0.0,0.0,0.0
1,256,INT14,1962,CGTTAATGTCCCGACG-1,12282,5741,0.13647938147187233,0.022226331192335903,-0.21022755559533834,0.0,0.0,0.0
2,1,INT14,1709,CGAAACATAGATGGCA-1,3156,6834,0.14848356693983078,0.01393594471960917,-0.021332526952028273,0.0,0.0,0.0
2,2,INT14,271,ACAAATCGCACCGAAT-1,10571,6288,0.14743393361568452,0.015928432934628558,-0.12673234883695841,0.0,0.0,0.0
2,3,INT14,274,ACAACAGCATGAGCTA-1,7148,7380,0.14707233160734176,0.014917686066146749,-0.09524715486913919,0.0,0.0,0.0
2,4,INT14,1610,CCGGTAATGGCTAGTC-1,8289,2791,0.14658871442079544,0.01953217806387663,0.07949143722653389,0.0,0.0,0.0
2,5,INT14,2923,GGCGAGCGAAACGGCA-1,10761,14483,0.1465281754732132,0.01449538242076191,0.012333112582564355,0.0,0.0,0.0
2,6,INT14,4240,TGTCCGTGGCGCCTTT-1,6768,13281,0.14635796025395392,0.018214909570384453,-0.018488816916942596,0.0,0.0,0.0
2,7,INT14,2722,GCGGTCCCGGTGAAGG-1,4297,2244,0.14560374170541762,0.0135315619665954,0.07382116112858057,0.0,0.0,0.0
2,8,INT14,3,AAACACCAATAACTGC-1,12282,13172,0.14545916467905046,0.014779054197679562,0.037634345889091494,0.0,0.0,0.0
2,9,INT14,1756,CGAGTACTAAAGAGGA-1,9620,11423,0.1453704871237278,0.02287297895006507,-0.03750230986624956,0.2,0.0,0.06643421351909637
2,10,INT14,3680,TATTGACATTTCTGCC-1,7719,2463,0.14509882926940917,0.01674931984289845,0.045877660345286134,0.0,0.0,0.0
2,11,INT14,2306,GAAGACTTCAATGCCG-1,1634,8145,0.1449654944241047,0.014884084310093266,0.023616140894591808,0.0,0.0,0.0
2,12,INT14,1981,CGTTTGGTGTTGTGGG-1,12853,2135,0.14469562619924545,0.019901399681146424,0.16653270069509746,0.2,0.0,0.07016937136650085
2,13,INT14,503,ACTGAATGGCGAAAGT-1,10000,6178,0.1446381390094757,0.014338249531522311,0.03457077238708735,0.0,0.0,0.0
2,14,INT14,221,AATCAGGTTTCATTTA-1,14183,11642,0.1445154957473278,0.023978793249997177,0.05176753420382738,0.2,0.0,0.07491324245929717
2,15,INT14,3051,GGTCTCCAAGTAGTGC-1,10381,1589,0.14386876821517944,0.014163744119009015,0.07155719734728336,0.0,0.0,0.0
2,16,INT14,2691,GCGATTCTGGAAGCAG-1,2965,7162,0.14383394941687583,0.01666533293129857,0.20791833363473416,0.0,0.0,0.0
2,17,INT14,2731,GCGTCGAAATGTCGGT-1,4296,8145,0.14374125599861146,0.011054298687789768,-0.022849294915795328,0.0,0.0,0.0
2,18,INT14,1974,CGTTGTCGGCAATTGA-1,13233,8036,0.14368238896131516,0.012339691251680102,0.05379707813262939,0.0,0.0,0.0
2,19,INT14,4147,TGGAAGGATAAAGATG-1,4867,7817,0.14361881464719772,0.014448451749521663,0.03134995698928833,0.0,0.0,0.0
2,20,INT14,1124,CAAACTATTGAGCTTC-1,3156,7052,0.1436045251786709,0.013019481307174043,0.055497871898114684,0.0,0.0,0.0
2,21,INT14,2969,GGGATCCCAATACAAA-1,4487,2135,0.14355395287275313,0.012693662771868444,-0.052600455842912196,0.0,0.0,0.0
2,22,INT14,590,AGATACCAGCACTTCA-1,4106,2354,0.14354342594742775,0.014719728979619363,0.003401077724993229,0.0,0.0,0.0
2,23,INT14,3447,TAATAGGTCACCAGAA-1,12662,12953,0.14287603497505189,0.012828174419416352,-0.006251424737274647,0.0,0.0,0.0
2,24,INT14,1595,CCGCTGGTGCCATTCA-1,2205,7161,0.1428273893892765,0.013037922604943854,0.060758322663605216,0.0,0.0,0.0
2,25,INT14,3651,TATGAAGACAGGTGCG-1,6578,12953,0.14280723929405212,0.01896808202796372,-0.012592962384223938,0.0,0.0,0.0
2,26,INT14,2836,GGACAACCATGAAGCC-1,14374,4102,0.14273598194122314,0.018012563873423565,-0.04648491647094488,0.0,0.0,0.0
2,27,INT14,649,AGCGGACACTTCGTAG-1,12852,8473,0.1426629289984703,0.01430889126336194,0.02156733088195324,0.0,0.0,0.0
2,28,INT14,228,AATCGCGCAGAGGACT-1,9050,2791,0.1426244154572487,0.01481364637901781,-0.08500216230750084,0.0,0.0,0.0
2,29,INT14,370,ACCCGGAGCACCACAA-1,12282,1807,0.14254253283143042,0.013766289534147344,0.060148609429597856,0.0,0.0,0.0
2,30,INT14,4242,TGTCGGCATGGTGGAA-1,2775,12734,0.1425301767885685,0.01692423571027049,0.13316615261137485,0.0,0.0,0.0
2,31,INT14,3214,GTCGTCAATTATAAGG-1,3155,10330,0.1424228183925152,0.016379164116584792,0.12961129834875465,0.0,0.0,0.0
2,32,INT14,3345,GTTCAAATCAGATGTC-1,5247,15248,0.14241553470492363,0.02030305263979322,0.0693172998726368,0.2,0.0,0.07115695178508759
2,33,INT14,3174,GTCACTCTCCAAATCT-1,5437,11860,0.14239296838641166,0.01811938913754525,-0.028313311003148555,0.0,0.0,0.0
2,34,INT14,1391,CATGGGTCGGGTGTGG-1,5057,5960,0.14232797399163247,0.013566628664250673,0.01722964160144329,0.0,0.0,0.0
2,35,INT14,3876,TCGGAATGACCATCAA-1,2205,6943,0.14226705580949783,0.014188410922289727,-0.05965421656146645,0.0,0.0,0.0
2,36,INT14,1811,CGCGAAGTGGCATACT-1,13233,4758,0.1422507680952549,0.016225288790099785,0.02020224090665579,0.0,0.0,0.0
2,37,INT14,1211,CACATTTCTTGTCAGA-1,9430,3446,0.142228202521801,0.014578485011018674,-0.06847678925842046,0.0,0.0,0.0
2,38,INT14,3648,TATCTAGCCTAAAGGA-1,7528,13937,0.14217268154025078,0.013247913728606443,0.067413298971951,0.0,0.0,0.0
2,39,INT14,4244,TGTCGTTATCACATAT-1,12662,13609,0.14212131798267363,0.016218885125311628,0.09342016465961933,0.0,0.0,0.0
2,40,INT14,1410,CATTGCGAAATGGGCG-1,7909,13937,0.1419931583106518,0.013771086180444128,0.0983618963509798,0.0,0.0,0.0
2,41,INT14,3199,GTCCTACTCTACGGGC-1,11331,14592,0.14196850657463073,0.011882159580910708,0.08895346671342849,0.0,0.0,0.0
2,42,INT14,799,AGTGACTGTGACACAA-1,13613,12188,0.14193745851516723,0.012620634410790102,0.022336718812584876,0.0,0.0,0.0
2,43,INT14,9,AAACCACTACACAGAT-1,1635,2463,0.14185455143451692,0.017310646148405003,-0.12731473613530397,0.0,0.0,0.0
2,44,INT14,2350,GACACAGCCGGGACTG-1,14754,4321,0.14176521971821784,0.0145672739549947,-0.04384451098740101,0.0,0.0,0.0
2,45,INT14,1935,CGTCGCGGCGGGATTT-1,3345,13718,0.14167097061872483,0.01929102727248891,0.009625273384153843,0.1,0.0,0.04033614993095398
2,46,INT14,3968,TCTGGCCGTTCAAGTT-1,7909,1917,0.14164277166128159,0.015623662453847753,0.010402880422770978,0.0,0.0,0.0
2,47,INT14,2848,GGACTCTTCCGGTTGA-1,11902,1807,0.14162750020623208,0.020345254889982275,-0.03515478819608688,0.2,0.0,0.06932757794857025
2,48,INT14,2534,GATGGTGCCCTAGGCA-1,2965,6724,0.14150140881538392,0.014216086146531111,-0.03636733125895262,0.0,0.0,0.0
2,49,INT14,4521,TTGGCTCAATATGTGT-1,13423,2900,0.14134221747517586,0.014699036770098364,-0.016842725686728954,0.0,0.0,0.0
2,50,INT14,3232,GTCTGCCGACTCGACG-1,14944,5741,0.14127993658185006,0.012956294762356498,0.04104452058672905,0.0,0.0,0.0
2,51,INT14,1210,CACATTCTTTCGATGG-1,4487,5413,0.14114877432584763,0.012373638022388686,0.01523041594773531,0.0,0.0,0.0
2,52,INT14,1379,CATGCACGTGTTACTG-1,1635,5304,0.14110897332429886,0.015080540982014798,0.05519281178712845,0.0,0.0,0.0
2,53,INT14,1336,CATACACGGTTCCCAC-1,12662,9238,0.14106864780187606,0.016153844351964746,-0.12593326345086098,0.0,0.0,0.0
2,54,INT14,3954,TCTGAACTCGTACCCG-1,10001,4867,0.14105427786707878,0.017907728811244295,0.051830938644707204,0.0,0.0,0.0
2,55,INT14,655,AGCGTACGAGAGCTAG-1,2585,12625,0.14103982523083686,0.014467743414979901,-0.026107854023575783,0.0,0.0,0.0
2,56,INT14,342,ACCAACCGCACTCCAC-1,13423,4649,0.14102148190140723,0.015243571234733482,-0.05652196705341339,0.0,0.0,0.0
2,57,INT14,1726,CGACAATTTGATCTAA-1,9240,4867,0.14100387915968896,0.01433893268989493,-0.040058744698762895,0.0,0.0,0.0
2,58,INT14,353,ACCACTGTTCAAGAAG-1,2965,14592,0.14100246354937554,0.011778329508428194,-0.15699456594884395,0.0,0.0,0.0
2,59,INT14,1491,CCATGGCAAACGCTCA-1,15134,10877,0.14097371324896812,0.015556913880294357,-0.05282069481909275,0.0,0.0,0.0
2,60,INT14,3803,TCCGATAATTGCCATA-1,4486,8254,0.14093251675367355,0.01626369068890593,0.023300585709512232,0.0,0.0,0.0
2,61,INT14,3079,GGTTACCGCTCCCTAC-1,15514,10440,0.1408373162150383,0.011113523968501285,-0.061527122370898725,0.0,0.0,0.0
2,62,INT14,1969,CGTTGAATACCGCGCT-1,11902,6834,0.14076389670372008,0.01496210129606563,-0.05203612521290779,0.0,0.0,0.0
2,63,INT14,4129,TGCTAAGTGTCTATTT-1,10951,5413,0.14073707535862923,0.016946294264863333,0.10200045444071293,0.0,0.0,0.0
2,64,INT14,2808,GCTTCCATGTAACCGC-1,15134,4102,0.1407236360013485,0.016184703683843674,-0.007849655859172345,0.0,0.0,0.0
2,65,INT14,3346,GTTCAATCTATGTCAA-1,1825,6069,0.14069828987121583,0.01973574579178437,-0.09721508193761111,0.0,0.0,0.0
2,66,INT14,2458,GAGGGTAGTAACAAAG-1,13042,11861,0.14064399525523186,0.018232910344469465,0.04293358027935028,0.2,0.0,0.05876602232456207
2,67,INT14,124,AACGTGATGAAGGACA-1,2775,6178,0.14063673242926597,0.013990651819006663,-0.08587155938148498,0.0,0.0,0.0
2,68,INT14,1069,ATTCAGATGAATCCCT-1,1254,3118,0.14054455161094664,0.0161202673979922,0.05512817837297916,0.0,0.0,0.0
2,69,INT14,4519,TTGGCCTAGAATTTCG-1,4106,6287,0.14053958728909494,0.013272067689367237,0.0037250109016895294,0.0,0.0,0.0
2,70,INT14,2670,GCCTGCTACACTGAGA-1,2585,3665,0.14051769748330117,0.012641125579351436,0.026546376943588256,0.0,0.0,0.0
2,71,INT14,1441,CCACATACTGCACCCA-1,10951,2354,0.1404964879155159,0.011402989824143206,-0.07240749765187501,0.0,0.0,0.0
2,72,INT14,4540,TTGTGAACCTAATCCG-1,11712,5413,0.14031499922275542,0.014732317828793784,-0.10236243680119514,0.0,0.0,0.0
2,73,INT14,2331,GAATCTATACTCGGAC-1,1444,6943,0.1402985818684101,0.018159712353532264,-0.06088109826669097,0.0,0.0,0.0
2,74,INT14,1079,ATTCGCAGAGGACACT-1,3726,1479,0.14027958810329438,0.012203119302218094,0.05273802308365703,0.0,0.0,0.0
2,75,INT14,477,ACTATCCAGGGCATGG-1,8289,3446,0.14021830037236213,0.014220284273963813,0.018345321528613567,0.0,0.0,0.0
2,76,INT14,2056,CTCACACGCAAGCCTA-1,4487,1916,0.14016162231564522,0.01406747302127846,0.019761927612125873,0.0,0.0,0.0
2,77,INT14,2921,GGCGAACCGTTCTGAT-1,4297,1370,0.1401337318122387,0.014427240857588597,-0.12023246418684722,0.0,0.0,0.0
2,78,INT14,2332,GAATCTGAACATTCTC-1,9050,8254,0.1400964379310608,0.016124125366787694,-0.0029290903359651564,0.0,0.0,0.0
2,79,INT14,1493,CCATGTTCATCTATAT-1,13993,12188,0.14009589627385138,0.01549059231111539,0.06710700988769532,0.0,0.0,0.0
2,80,INT14,2823,GGAAAGTCTTGATTGT-1,15324,10549,0.14009153768420218,0.01520389645169122,0.050095631182193755,0.0,0.0,0.0
2,81,INT14,2265,CTTTGGGATTGTTGCA-1,12852,10440,0.13998916894197463,0.015308084484002473,-0.020151922665536403,0.0,0.0,0.0
2,82,INT14,526,ACTTCCATGCGGGACA-1,12662,5960,0.13997961729764938,0.014400978277351695,-0.04960543271154165,0.0,0.0,0.0
2,83,INT14,2514,GATCTAACCGTATTCA-1,10951,14592,0.1399650029838085,0.01285588368759427,0.05517244040966034,0.0,0.0,0.0
2,84,INT14,1476,CCATAACCTGTGCAGT-1,10761,14702,0.1399622865021229,0.01632924262014775,0.020724042691290377,0.0,0.0,0.0
2,85,INT14,3354,GTTCGACAATTGTATA-1,14183,12298,0.13995521515607834,0.01375908600063279,-0.040051808953285216,0.0,0.0,0.0
2,86,INT14,2992,GGGCGTCCACTGGCTC-1,4106,6069,0.13993763402104378,0.016747282296657194,0.02757291030138731,0.0,0.0,0.0
2,87,INT14,4327,TTAGACACGATCGTTG-1,4106,5850,0.1399252787232399,0.014262951771108315,0.08491511791944503,0.0,0.0,0.0
2,88,INT14,3159,GTATGACGTGGGAAAC-1,2395,12079,0.13988054022192956,0.016188939077070114,-0.0756272355094552,0.0,0.0,0.0
2,89,INT14,1837,CGCTCGACATAATGAT-1,5057,10330,0.13987514823675157,0.013931222923754233,-0.0553414311259985,0.0,0.0,0.0
2,90,INT14,4127,TGCGTGATTGGGTGTC-1,3155,13390,0.13983719795942307,0.019104289433176474,0.1401724586263299,0.1,0.0,0.037125822901725766
2,91,INT14,1803,CGCCGCCCATGCCTGT-1,8479,6178,0.13981546089053154,0.013861030614611308,-0.04390294197946787,0.0,0.0,0.0
2,92,INT14,4379,TTCATGGCGCAACAGG-1,4677,7052,0.13977429419755935,0.014544905449641663,-0.010894307680428029,0.0,0.0,0.0
2,93,INT14,1265,CACTCGGTTAGGAGGA-1,7719,13827,0.139762020111084,0.015151827372419928,0.1458869606256485,0.0,0.0,0.0
2,94,INT14,1523,CCCGCTTGCCCTCGTC-1,1444,10877,0.13960975632071496,0.016220602870999145,0.030241886712610723,0.0,0.0,0.0
2,95,INT14,229,AATCGGGACACTACGA-1,2585,8691,0.13960395902395248,0.017294644274709624,0.024548862874507905,0.0,0.0,0.0
2,96,INT14,2215,CTTAGTTGAGGAATCG-1,13803,11642,0.13954297378659247,0.018442264062801614,-0.04220088794827461,0.0,0.0,0.0
2,97,INT14,3989,TCTTCGCGGTGAGAGG-1,12472,2572,0.1395022265613079,0.015004069197285221,-0.1055050054565072,0.0,0.0,0.0
2,98,INT14,4467,TTGAGAAGTTTAGCAT-1,11522,5741,0.13947423174977303,0.017608410749809254,-0.05054344795644283,0.0,0.0,0.0
2,99,INT14,4539,TTGTCTCGGCAAGATG-1,15324,10768,0.13945767059922218,0.0142261094990581,-0.02073997016996145,0.0,0.0,0.0
2,100,INT14,2756,GCTAGCGATAGGTCTT-1,13613,12626,0.13945041298866273,0.013603567198233562,-0.002980101853609085,0.0,0.0,0.0
2,101,INT14,1311,CAGGTTTAGTACTACA-1,3536,1589,0.13944150730967522,0.014687851248395799,0.03960593221709132,0.0,0.0,0.0
2,102,INT14,4015,TGACATATATGACGAT-1,8289,15029,0.13943072259426117,0.014593224028012386,-0.0038140961900353433,0.0,0.0,0.0
2,103,INT14,4413,TTCGGCAACCCGCTGA-1,4106,5632,0.13941818699240685,0.0190281171428428,-0.1045950824394822,0.0,0.0,0.0
2,104,INT14,4100,TGCCGTGGATCGTCCT-1,11902,8364,0.13938697800040245,0.013286872264320385,-0.0406003138050437,0.0,0.0,0.0
2,105,INT14,4370,TTCACTCGAGCACCTA-1,11521,7708,0.1393693819642067,0.015279549758518854,-0.11172057762742042,0.0,0.0,0.0
2,106,INT14,2529,GATGCTACAAGCGCCT-1,4296,9675,0.13930273056030273,0.015379797928406403,0.06832260247319936,0.0,0.0,0.0
2,107,INT14,4414,TTCGGCTAGAGATGGT-1,4486,12625,0.13926964700222016,0.013870589213048502,-0.06413660496473313,0.0,0.0,0.0
2,108,INT14,2402,GACTCGGTCGGCGGAT-1,2775,3556,0.13924768939614296,0.014342546317134565,0.056820557452738285,0.0,0.0,0.0
2,109,INT14,2829,GGAACTCGTGAATACG-1,15704,10549,0.1392301343381405,0.015514963664517798,0.014169723726809025,0.0,0.0,0.0
2,110,INT14,2442,GAGCTCTCGGACCTAA-1,3916,11642,0.1392097644507885,0.015629414511329296,-0.05809209067374468,0.0,0.0,0.0
2,111,INT14,3828,TCCTCGGGCTGGGCTT-1,8669,6943,0.139207112044096,0.012145900208352387,-0.023430004343390466,0.0,0.0,0.0
2,112,INT14,1026,ATGGTATTGGGAACCG-1,14944,8582,0.13918209671974183,0.016343231921497066,-0.00195524413138628,0.2,0.0,0.0629805326461792
2,113,INT14,4351,TTATCGCCTGCGAAGC-1,6198,13390,0.13913226276636123,0.017330062270894297,0.01820763237774372,0.0,0.0,0.0
2,114,INT14,473,ACTACAAAGAGAGGTG-1,14564,9894,0.13912764191627502,0.014287935445797505,0.03929134868085384,0.0,0.0,0.0
2,115,INT14,1978,CGTTTCACTTCGGGCG-1,4487,5195,0.13911802917718888,0.01268089489640091,0.01193559281527996,0.0,0.0,0.0
2,116,INT14,2322,GAAGTGATTTATCGTG-1,8479,10112,0.13911520689725876,0.012365448516157989,0.09245682749897241,0.0,0.0,0.0
2,117,INT14,3158,GTATGAAATTTCACTC-1,10951,12844,0.13907988965511323,0.01533874486341535,-0.03853105455636978,0.0,0.0,0.0
2,118,INT14,1963,CGTTAGCTCACAACTG-1,3726,5413,0.13906509578227996,0.018306665300282795,0.02435905858874321,0.0,0.0,0.0
2,119,INT14,904,ATATACATGTATGGTA-1,10380,15139,0.1390250287950039,0.016062615750717567,-0.024248738028109073,0.0,0.0,0.0
2,120,INT14,630,AGCCCTAAGCGAAGTT-1,3916,8145,0.1389976628124714,0.014931595249869825,-0.09270655661821366,0.0,0.0,0.0
2,121,INT14,1900,CGGTGCAGATAGAACG-1,9050,11314,0.13899086266756058,0.01384064568468248,-0.21074663307517766,0.0,0.0,0.0
2,122,INT14,2085,CTCGAGACATACGATA-1,11521,14483,0.13897522166371346,0.015360028067236312,-0.09711607359349728,0.0,0.0,0.0
2,123,INT14,602,AGATGCTATAACGAGC-1,3155,14483,0.13896285146474838,0.016742357399931188,-0.07610301170498132,0.0,0.0,0.0
2,124,INT14,2603,GCAGTGTGGCTATAGG-1,12282,6178,0.13895486816763877,0.013838213879960395,-0.02487523537129164,0.0,0.0,0.0
2,125,INT14,709,AGGCGATAACTGGCGT-1,12092,1917,0.1389411360025406,0.015966345774397372,0.059381945990026,0.0,0.0,0.0
2,126,INT14,1057,ATTAGATTGATAGCGG-1,4677,9893,0.13893814161419868,0.019062217832758195,-0.021100978553295135,0.0,0.0,0.0
2,127,INT14,787,AGTCGGTTGCGTGAGA-1,8670,3009,0.13893337696790695,0.01722799511943983,-0.034945312142372134,0.0,0.0,0.0
2,128,INT14,2619,GCATTTCCAAGGCTCC-1,7339,3119,0.13891907185316085,0.012973155510314777,-0.11762253167107702,0.0,0.0,0.0
2,129,INT14,4023,TGACGAATATTTCCCT-1,9430,12844,0.1389052912592888,0.015167788468477258,-0.017004554532468318,0.0,0.0,0.0
2,130,INT14,3109,GTAAGTAGGGTATACC-1,6007,11314,0.13886502757668495,0.015320344680368162,-0.06484771519899368,0.0,0.0,0.0
2,131,INT14,2966,GGGAGTAATGGCTGGC-1,2965,10658,0.13880293741822242,0.01604435922499027,0.007463475316762924,0.0,0.0,0.0
2,132,INT14,4138,TGCTGGTTGGACAATT-1,5057,10768,0.13872186690568925,0.015048507629139094,-0.11236728318035602,0.0,0.0,0.0
2,133,INT14,3494,TACCTGCTGCACTGTG-1,6388,12844,0.13871051371097565,0.01260825277187329,-0.06903951540589333,0.0,0.0,0.0
2,134,INT14,1792,CGCCAAGAAGCCGAGT-1,8479,13390,0.13868827745318413,0.012934450918985603,-0.09935743622481823,0.0,0.0,0.0
2,135,INT14,1244,CACGATTGGTCGTTAA-1,1064,9784,0.138638174533844,0.014147869812200424,0.059392609540373086,0.0,0.0,0.0
2,136,INT14,4401,TTCGAACGAAACATGC-1,15134,10659,0.13860927969217302,0.01792573888999138,-0.04968181811273098,0.0,0.0,0.0
2,137,INT14,4544,TTGTGGCCCTGACAGT-1,4486,8691,0.1385372444987297,0.017299203150678254,-0.08426950834691524,0.0,0.0,0.0
2,138,INT14,4161,TGGATGGCATCTTGGA-1,15704,10112,0.13852642178535463,0.013415082640099414,0.0016524260863661766,0.0,0.0,0.0
2,139,INT14,2087,CTCGAGGCAAGTTTCA-1,14754,11751,0.13851647973060607,0.01604269713064302,-0.033462801948189735,0.0,0.0,0.0
2,140,INT14,1583,CCGCCGGAACTTCTCG-1,11331,13937,0.13851024881005286,0.016700030118866133,-0.04368507256731391,0.0,0.0,0.0
2,141,INT14,237,AATCTGGGTAGACCCT-1,1825,4976,0.1384904131293297,0.018457791711202747,-0.006112234015017748,0.0,0.0,0.0
2,142,INT14,3291,GTGGAGCGTTTACCGA-1,12092,13500,0.1384692333638668,0.016635208302157978,-0.004534590616822242,0.0,0.0,0.0
2,143,INT14,1303,CAGGAAGACTTTATAT-1,3536,5960,0.13844175040721893,0.01566382396897211,-0.06654951274394989,0.0,0.0,0.0
2,144,INT14,479,ACTATCTGCCCGCGTA-1,11141,2900,0.1384335108101368,0.014926780790310963,-0.10946924313902855,0.0,0.0,0.0
2,145,INT14,52,AAATCACTCCTAAACG-1,1064,1916,0.13842130675911904,0.0161560575822387,-0.03431650251150131,0.0,0.0,0.0
2,146,INT14,1823,CGCGGTAAGTCTAGCT-1,6768,2354,0.13840475976467131,0.017268704672818828,0.0312646321952343,0.0,0.0,0.0
2,147,INT14,4012,TGACAACGCATGTCGC-1,8670,1698,0.13839740306138992,0.019120957971742725,0.021965113654732703,0.0,0.0,0.0
2,148,INT14,1426,CCAAGACTTCTGCGAA-1,4867,8473,0.13839221447706224,0.017945994424938667,0.02771133407950401,0.0,0.0,0.0
2,149,INT14,394,ACCGGTCAGGTACACC-1,12282,13609,0.13833584412932395,0.013835390933781834,-0.010963368974626065,0.0,0.0,0.0
2,150,INT14,928,ATCAATGCCGTGGCTG-1,12662,13172,0.13833043724298477,0.0158511772064008,0.004836254939436913,0.0,0.0,0.0
2,151,INT14,3490,TACCTCACGCTTGTAC-1,4106,9128,0.13827040418982506,0.0184443503843435,-0.048814352788031104,0.0,0.0,0.0
2,152,INT14,4203,TGGTCGATATACCTCT-1,14944,11205,0.1381897397339344,0.013210174781035214,0.03887885380536318,0.0,0.0,0.0
2,153,INT14,3468,TACAGAAACGGTGGGC-1,12282,5960,0.1381673276424408,0.01395665540872651,-0.06561721097677946,0.0,0.0,0.0
2,154,INT14,2392,GACGTTCGTAAATACA-1,5628,2572,0.1381444364786148,0.013314902357005488,-0.0031535863876342774,0.0,0.0,0.0
2,155,INT14,3652,TATGACCTTGCGCTGG-1,10190,15248,0.1381238080561161,0.01537596356606101,0.16303051710128785,0.0,0.0,0.0
2,156,INT14,270,ACAAAGCATGACCTAG-1,13043,4649,0.13808673471212388,0.015183535047192012,0.01899782456457615,0.0,0.0,0.0
2,157,INT14,710,AGGCGGTTTGTCCCGC-1,12282,13390,0.13808332458138467,0.014981811829463612,-0.02121768854558468,0.0,0.0,0.0
2,158,INT14,1094,ATTGCCTATTAGACCG-1,13803,12516,0.13807225376367568,0.015295392714654625,0.049032758735120294,0.0,0.0,0.0
2,159,INT14,1519,CCCGCAGGGCCCAAAG-1,3156,6615,0.13802296072244644,0.014132695062445856,0.056383559666574004,0.0,0.0,0.0
2,160,INT14,35,AAAGGCCCTATAATAC-1,13613,12844,0.13799974620342254,0.015226616809990651,0.04354059426113963,0.0,0.0,0.0
2,161,INT14,795,AGTCTTTAAAGTGTCC-1,13803,6834,0.13798680678009986,0.013859209542630641,-0.08572279810905456,0.0,0.0,0.0
2,162,INT14,3732,TCAGACGCTATAGAAG-1,10191,7380,0.13798665925860404,0.018377966645172824,-0.21100568920373916,0.0,0.0,0.0
2,163,INT14,1339,CATACGGCGTCTGGGC-1,8479,8364,0.1379607178270817,0.014473559983041166,-0.024852675944566728,0.0,0.0,0.0
2,164,INT14,1367,CATCTACCCGAGAACG-1,2205,3009,0.13789248019456862,0.012440364535253606,-0.021117401868104936,0.0,0.0,0.0
2,165,INT14,118,AACGGCCATCTCCGGT-1,10000,10986,0.13787921369075776,0.015843638477708467,0.05227746237069368,0.0,0.0,0.0
2,166,INT14,1546,CCCTCGGGAGCCTTGT-1,1444,8910,0.13785773441195487,0.015754503946498372,-0.08293879479169845,0.0,0.0,0.0
2,167,INT14,340,ACCAAACTAGAAATCC-1,1634,7926,0.13785501569509506,0.016004541937811312,0.030167816765606405,0.0,0.0,0.0
2,168,INT14,4014,TGACAGGACAAGTCCA-1,11521,14265,0.13784792944788932,0.013928716573408086,0.013518841192126273,0.0,0.0,0.0
2,169,INT14,3908,TCGTGTACTATGGATG-1,10000,6834,0.13784226924180984,0.015053277398572176,0.01364463083446026,0.0,0.0,0.0
2,170,INT14,2404,GACTGATTGGTCACAA-1,2775,4211,0.13782359138131142,0.015299299308349406,-0.16383460331708194,0.0,0.0,0.0
2,171,INT14,1736,CGACTCGGTACACGGT-1,3156,1807,0.13777955025434493,0.014238652988823597,-0.02837863489985466,0.0,0.0,0.0
2,172,INT14,1721,CGAATCTGCTCGACGC-1,12852,12844,0.13775672167539596,0.019379518136023892,-0.02824755385518074,0.0,0.0,0.0
2,173,INT14,534,ACTTGTAGTCCCTTCA-1,9430,14155,0.13775396719574928,0.013009179410656645,-0.028255610913038253,0.0,0.0,0.0
2,174,INT14,3942,TCTCCAACGTAGGTTA-1,4867,6724,0.13774953037500381,0.013600232168599747,-0.1661572463810444,0.0,0.0,0.0
2,175,INT14,591,AGATACCGGTGTTCAC-1,8669,11096,0.13774582818150521,0.01602056125859758,0.021944838017225264,0.0,0.0,0.0
2,176,INT14,3569,TAGCGTCGAATATTGA-1,7528,14811,0.13772831484675407,0.014902411394632812,-0.103455282561481,0.0,0.0,0.0
2,177,INT14,4091,TGCCACCTGGCGAAAC-1,4867,6943,0.13772212639451026,0.014172509400848944,-0.1234599431976676,0.0,0.0,0.0
2,178,INT14,2278,GAAATACTAAACGTTT-1,4486,12844,0.13771773651242256,0.013682354648631441,-0.002941627986729145,0.0,0.0,0.0
2,179,INT14,4513,TTGGAGTCTCCCTTCT-1,2585,10440,0.13771243691444396,0.013014773164357299,-0.052910444885492326,0.0,0.0,0.0
2,180,INT14,2573,GCACAAACGAGGCGTG-1,9810,2791,0.1376911520957947,0.017142792247578746,-0.03695283140987158,0.0,0.0,0.0
2,181,INT14,901,ATATAAAGCGCTCGTG-1,12092,7817,0.13767207860946656,0.015303690981785538,-0.12112671490758657,0.0,0.0,0.0
2,182,INT14,2380,GACGATATCACTGGGT-1,14754,11533,0.13766117990016938,0.015555638135830352,0.08248791508376599,0.0,0.0,0.0
2,183,INT14,1695,CCTGTGAAACCGTAAC-1,7528,15029,0.1376291871070862,0.01818441044278178,0.028399623930454254,0.0,0.0,0.0
2,184,INT14,2191,CTGTAGTGAGGATCGA-1,14183,10549,0.13762864395976065,0.01585854069939714,0.007660483196377754,0.0,0.0,0.0
2,185,INT14,3534,TACTTAAACATGTACA-1,13613,3447,0.1376156471669674,0.015537061502730478,0.04350794851779938,0.0,0.0,0.0
2,186,INT14,1145,CAACGCGATGAGCCAA-1,15134,11314,0.13761209324002266,0.01522006606009678,0.07989458665251732,0.0,0.0,0.0
2,187,INT14,1563,CCGAAGTATATTGTTC-1,5247,12844,0.13759901449084283,0.014685261992030211,-0.0103606428951025,0.0,0.0,0.0
2,188,INT14,1655,CCTCACGTCAGCTAAT-1,12472,1917,0.1375811330974102,0.01592551816421737,0.14660452641546726,0.0,0.0,0.0
2,189,INT14,1625,CCGTTTCCTTTCCGTG-1,15514,10222,0.13757887482643127,0.01579852701274224,-0.05208663456141949,0.0,0.0,0.0
2,190,INT14,4452,TTGAACGACGTGCTGA-1,12472,5632,0.1375680148601532,0.015055433917981585,-0.08240242823958396,0.0,0.0,0.0
2,191,INT14,4476,TTGATGCCGCTCGTCG-1,14373,11533,0.13756333366036416,0.01544944521394722,-0.03690667990595102,0.0,0.0,0.0
2,192,INT14,324,ACAGTGCAGCGCATTT-1,1064,2572,0.13753623366355897,0.017407786780305527,-0.005432764627039432,0.0,0.0,0.0
2,193,INT14,837,AGTTTCGCAGGTCGGA-1,3346,8473,0.1375197298824787,0.014517861489352355,-0.17143617272377015,0.0,0.0,0.0
2,194,INT14,775,AGTCAAGATGACACTT-1,10191,5413,0.13751598373055457,0.01395841832578022,-0.043227728269994256,0.0,0.0,0.0
2,195,INT14,3036,GGTATAGTGACACATA-1,7529,2791,0.13750490844249724,0.01661382132673714,-0.14310055673122407,0.0,0.0,0.0
2,196,INT14,296,ACACATGATCAAATCT-1,12472,13500,0.1375034511089325,0.016603600434756678,-5.498342216014862e-05,0.0,0.0,0.0
2,197,INT14,3981,TCTTACGGCATCCGAC-1,5817,12079,0.13749158829450608,0.016353666486233626,0.0337419718503952,0.0,0.0,0.0
2,198,INT14,2539,GATGTTCAATCCACGA-1,8859,10549,0.1374824285507202,0.016964587238603102,-0.047340892069041726,0.0,0.0,0.0
2,199,INT14,4366,TTCAAGCCGAGCTGAG-1,3536,7052,0.13735695779323578,0.015437938105324678,-0.09750167187303305,0.0,0.0,0.0
2,200,INT14,3236,GTCTTAGTACAGCCGG-1,3346,6724,0.13733213469386102,0.013924996633759313,-0.021220022439956666,0.0,0.0,0.0
2,201,INT14,906,ATATCAACCTACAGAG-1,8099,3774,0.13730538561940192,0.011627075653910005,-0.004755732137709856,0.0,0.0,0.0
2,202,INT14,4036,TGAGGCATGTACTGTG-1,11711,14374,0.13728889524936677,0.016571728458946493,0.005830715410411358,0.0,0.0,0.0
2,203,INT14,3192,GTCCGAGAGCAATCAT-1,7148,14374,0.13726025000214576,0.016994339410005728,-0.0092071320861578,0.0,0.0,0.0
2,204,INT14,152,AAGACTAACCCGTTGT-1,2015,12297,0.13725506514310837,0.01679268525647963,-0.06626006187871099,0.1,0.0,0.03265380859375
2,205,INT14,1436,CCAATTGAATGTTAAT-1,4867,10221,0.13724071234464646,0.018477447615690496,0.01895727664232254,0.0,0.0,0.0
2,206,INT14,93,AACCCATCCCATGATC-1,11711,13718,0.13723566606640816,0.01503320670241811,0.10347055327147245,0.0,0.0,0.0
2,207,INT14,2302,GAACTTAGCGCCCGGT-1,2015,4211,0.1372355714440346,0.016386465244000212,-0.12047582939267158,0.0,0.0,0.0
2,208,INT14,2874,GGATGAAGATCGCTGA-1,9050,4976,0.13721149787306786,0.014790707753022624,0.10672979727387429,0.0,0.0,0.0
2,209,INT14,1472,CCAGTCTTGTCATAGA-1,12282,8801,0.13719696402549744,0.014616373838930989,-0.09791884124279022,0.0,0.0,0.0
2,210,INT14,3438,TAAGTAACATCTTGAC-1,9810,10877,0.13718275353312492,0.013199676617328042,-0.04789865296334028,0.0,0.0,0.0
2,211,INT14,3689,TCAAAGAGCTATCTGT-1,10380,14702,0.13717107996344566,0.01824778368001473,-0.06736611984670163,0.0,0.0,0.0
2,212,INT14,1028,ATGGTGCTCAAAGCCA-1,1254,9019,0.13716541677713395,0.01611998536911212,0.01755358651280403,0.0,0.0,0.0
2,213,INT14,2078,CTCCGGCCTAATATGC-1,4677,8801,0.13715251237154008,0.019937766202392997,0.03262165524065495,0.0,0.0,0.0
2,214,INT14,2245,CTTGTCGTACGTGTCA-1,1444,11532,0.13714035600423813,0.015138250479646648,-0.0733450723811984,0.0,0.0,0.0
2,215,INT14,424,ACGCATAAATGACATG-1,2015,3118,0.1371278502047062,0.015399162566762018,-0.06692382469773292,0.0,0.0,0.0
2,216,INT14,1570,CCGAGAAGTCGCATAA-1,9810,3009,0.13712264448404313,0.013687110801451175,-0.013901393860578537,0.0,0.0,0.0
2,217,INT14,3582,TAGGCCTATATAGTCT-1,13613,3228,0.13712185248732567,0.014919317406383284,-0.15913359224796295,0.0,0.0,0.0
2,218,INT14,2096,CTCGGTACCACTGCTC-1,8860,6397,0.13710901886224747,0.01801624498222798,-0.10751262288540601,0.0,0.0,0.0
2,219,INT14,637,AGCCGTGGCTAAATGT-1,10571,12844,0.13710633665323257,0.014086019759807606,-0.05349132157862187,0.0,0.0,0.0
2,220,INT14,1300,CAGCTCTGGGCTCACT-1,14944,11424,0.13710492625832557,0.013170139275239683,-0.1306404910981655,0.0,0.0,0.0
2,221,INT14,64,AAATTAATAAGCGCGA-1,7148,14811,0.1370834857225418,0.017532270594157243,0.03852545563131571,0.0,0.0,0.0
2,222,INT14,2204,CTTAAGCAGCGAGCCG-1,10761,14920,0.13705999702215194,0.013959105497371664,-0.03451080378144979,0.0,0.0,0.0
2,223,INT14,4277,TGTTTGAGATCGTCAG-1,10381,2682,0.1370497614145279,0.01566064051534669,-0.1377178907394409,0.0,0.0,0.0
2,224,INT14,2536,GATGTCCGGATCACAT-1,2395,11205,0.137012480199337,0.015049907248827847,-0.0513179549947381,0.0,0.0,0.0
2,225,INT14,881,ATACTCTCGCCACTCT-1,2775,12516,0.13700713813304902,0.015377343439300648,0.07250565905123948,0.0,0.0,0.0
2,226,INT14,2289,GAACAGATTACTAAAT-1,11902,7490,0.13695477545261384,0.0134758143905335,-0.16407285910099745,0.0,0.0,0.0
2,227,INT14,3085,GGTTCCGTACGACTAA-1,15704,10768,0.13693474605679512,0.015497087325569635,0.018877777643501757,0.0,0.0,0.0
2,228,INT14,4283,TTAAAGTAAGTCGCCA-1,14183,3774,0.136920914798975,0.013949609673070289,-0.008528700098395348,0.0,0.0,0.0
2,229,INT14,3457,TAATTGGAATCGGGAA-1,4297,3774,0.13689580410718918,0.014388912540670835,-0.12256424780935049,0.0,0.0,0.0
2,230,INT14,1819,CGCGGCAGTATTACGG-1,3345,13499,0.1368683770298958,0.015377090526357875,0.05962511468678713,0.0,0.0,0.0
2,231,INT14,1348,CATAGTAGCATAGTAG-1,4677,10330,0.13686521872878074,0.01234693188711408,-0.0631066357716918,0.0,0.0,0.0
2,232,INT14,3857,TCGCCCACTGCGAGAG-1,7909,15029,0.13686375916004181,0.016400126267469468,-0.037047289311885834,0.0,0.0,0.0
2,233,INT14,2953,GGGAAAGAATGCCAAC-1,14374,3447,0.13686309084296228,0.01612718531770422,-0.07817078027874232,0.0,0.0,0.0
2,234,INT14,4045,TGATAGCGGGATTCTA-1,6388,13937,0.13685597404837607,0.015058177589452867,0.001251141168177128,0.0,0.0,0.0
2,235,INT14,1092,ATTGATCACCACATTT-1,10951,14374,0.13683320805430413,0.018547987633438647,0.012943991832435131,0.0,0.0,0.0
2,236,INT14,2569,GCAAGTGCACAGAGAA-1,5627,10658,0.13682805001735687,0.015276391110790441,-0.052984731271862984,0.0,0.0,0.0
2,237,INT14,3241,GTGAACTCCCATTCGA-1,6768,3883,0.1368240788578987,0.013493698549521245,-0.04898647908121347,0.0,0.0,0.0
2,238,INT14,3189,GTCCCAACGTAAAGTA-1,7339,7271,0.13682131469249725,0.013247594887639632,-0.11654517669230699,0.0,0.0,0.0
2,239,INT14,821,AGTTAAACACTTGCGA-1,8669,10440,0.13681598529219627,0.013891186633804103,-0.004423425532877445,0.0,0.0,0.0
2,240,INT14,3941,TCTCATGAGATAGGGT-1,10381,5741,0.13680958673357962,0.016168064169996832,0.0316164942458272,0.0,0.0,0.0
2,241,INT14,450,ACGGGCGTATGCGACA-1,5628,2354,0.13680056408047675,0.01990083485356389,0.05280672740191221,0.0,0.0,0.0
2,242,INT14,3381,GTTTCAAACGAGTTGT-1,12662,3337,0.13679868280887603,0.017470071920469878,-0.031870513781905176,0.0,0.0,0.0
2,243,INT14,2022,CTAGCCACAGGCGAGC-1,12282,2463,0.13678572773933412,0.015127721589633839,-0.00413801446557045,0.0,0.0,0.0
2,244,INT14,773,AGTCAAATGATGTGAT-1,13803,11424,0.13677920624613762,0.01593801835531435,-0.04720587097108364,0.0,0.0,0.0
2,245,INT14,1299,CAGCTCGTGCTTGTGT-1,3726,10658,0.13675758466124535,0.015506667473172997,-0.09076889604330063,0.0,0.0,0.0
2,246,INT14,2850,GGAGAAGTCATTGGCA-1,5437,10768,0.13675098046660422,0.016054556838277445,-0.0893542280420661,0.0,0.0,0.0
2,247,INT14,631,AGCCCTCCCTGGTGGC-1,13803,12079,0.1367470107972622,0.016369822368824737,0.05236633289605379,0.0,0.0,0.0
2,248,INT14,150,AAGACATACGTGGTTT-1,13993,2791,0.1367219567298889,0.014497662370377104,-0.12815916519612075,0.0,0.0,0.0
2,249,INT14,2813,GCTTGCAGCACAATTG-1,4677,2463,0.13670278564095498,0.015944366449634147,-0.09909429401159286,0.0,0.0,0.0
2,250,INT14,1835,CGCTATTCAATGTATG-1,4676,11860,0.13670198768377304,0.010664073776909621,-0.12222868241369725,0.0,0.0,0.0
2,251,INT14,181,AAGGGAACGACTGGCT-1,13042,12953,0.13669589385390282,0.017993054990427176,0.05941431075334549,0.0,0.0,0.0
2,252,INT14,3887,TCGGGAACGTGCCTAG-1,6958,3337,0.13669528886675836,0.014050384384512315,-0.03206087946891785,0.0,0.0,0.0
2,253,INT14,4062,TGATTTATTAGCTGTG-1,8289,11533,0.1366730123758316,0.015671640818744313,0.14770537037402393,0.0,0.0,0.0
2,254,INT14,1960,CGTTAAACTAGTTAGG-1,10381,3119,0.13666240125894547,0.013392407026589311,-0.09631513766944408,0.0,0.0,0.0
2,255,INT14,4261,TGTGTGACCATGAATC-1,10190,15029,0.13665774539113046,0.018552833232839558,-0.07955449372529984,0.0,0.0,0.0
2,256,INT14,740,AGGTCAGGTGAGAGTG-1,9810,13062,0.13665038272738456,0.01701808739971958,-0.052606844902038576,0.0,0.0,0.0
3,1,INT14,3231,GTCTCGCCAACACGCC-1,1064,7380,0.08202269300818443,0.05620700749151995,-0.9650587141513824,0.0,0.0,0.0
3,2,INT14,2590,GCAGAAGGTAATCTCC-1,10571,1917,0.08183546718209982,0.06341733676253097,-1.0015247059985994,0.1,0.0,0.044998055696487425
3,3,INT14,562,AGACCGCTCCGCGGTT-1,10761,3119,0.08096116939559579,0.06732261065692594,-1.1441858232021331,0.1,0.1,0.05392390489578247
3,4,INT14,596,AGATCTCAGGTGTGAT-1,6578,7052,0.08036635634489357,0.056407578319398265,-1.0177711129188538,0.1,0.0,0.039024561643600464
3,5,INT14,1470,CCAGTCCATTATTCGA-1,2965,12844,0.08012802172452212,0.06306928677742427,-1.0395691342651845,0.1,0.0,0.04373222887516022
3,6,INT14,1419,CCAAAGTCCCGCTAAC-1,1634,11205,0.079093449562788,0.0629373076857304,-1.0905823539942503,0.1,0.0,0.04405900835990906
3,7,INT14,1004,ATGCCATTTGCGACCA-1,9240,5304,0.0778215080499649,0.05871096382354703,-1.0599854603409766,0.1,0.0,0.042527949810028075
3,8,INT14,2670,GCCTGCTACACTGAGA-1,2585,3665,0.0777020813897252,0.06293070579540279,-1.067804878950119,0.1,0.0,0.04720104932785034
3,9,INT14,147,AACTTTAGCTGCTGAG-1,2015,9893,0.07703399108722805,0.055791994401285155,-0.99907206594944,0.1,0.0,0.036049509048461915
3,10,INT14,2821,GGAAACTAAATGGGCC-1,12472,4102,0.07698138076812029,0.05390706591366986,-1.006544941663742,0.0,0.0,0.0
3,11,INT14,1836,CGCTATTCTTAGGCTC-1,8289,8692,0.07679877988994122,0.05488063485428085,-1.0540069699287415,0.1,0.0,0.038364720344543454
3,12,INT14,2289,GAACAGATTACTAAAT-1,11902,7490,0.07667066948488355,0.060483637148112425,-1.2213060766458512,0.0,0.0,0.0
3,13,INT14,3018,GGGTTCAGACGAACAA-1,4676,13172,0.07665534159168601,0.061350102236171114,-1.2421981133520603,0.1,0.0,0.04380362331867218
3,14,INT14,941,ATCATGGACTACCGAC-1,9430,1480,0.07663125097751618,0.06372643724912917,-1.0696736350655556,0.1,0.0,0.048283633589744565
3,15,INT14,701,AGGCAGGGAGCGTACT-1,12282,9894,0.07616665540263057,0.05405303395166644,-1.0717907436192036,0.0,0.0,0.0
3,16,INT14,1337,CATACCCGTACCCAGT-1,8099,11860,0.07611054070293903,0.05699199940862023,-1.0390810318291188,0.1,0.0,0.04311822652816773
3,17,INT14,2306,GAAGACTTCAATGCCG-1,1634,8145,0.07564309579320252,0.0650980355512205,-1.1793197585269808,0.2,0.0,0.08723967969417572
3,18,INT14,2474,GAGTCCGCTTACCGGA-1,9810,8910,0.07547308830544353,0.052132920705460724,-1.0759004026651382,0.0,0.0,0.0
3,19,INT14,3345,GTTCAAATCAGATGTC-1,5247,15248,0.07541666910983622,0.06342351047248788,-1.0887410659343004,0.0,0.0,0.0
3,20,INT14,1819,CGCGGCAGTATTACGG-1,3345,13499,0.07531105466187,0.06136388045049906,-1.106994117051363,0.1,0.0,0.041462278366088866
3,21,INT14,3160,GTATGTGGGTCTAGTT-1,8289,5195,0.07506750971078872,0.05695338391270055,-0.9733629085123539,0.1,0.0,0.04661550521850586
3,22,INT14,3603,TAGTCTAACAACGAGA-1,8669,11533,0.07480362597852945,0.06276660804372049,-1.1443542450666429,0.1,0.0,0.046404942870140076
3,23,INT14,3444,TAATACTAGAACAGAC-1,14183,6834,0.07480345745570957,0.055506079595330535,-1.110765165090561,0.0,0.0,0.0
3,24,INT14,1058,ATTAGGCGATGCTTTC-1,8099,7490,0.07434965297579765,0.056525039047900356,-1.0600783556699753,0.0,0.0,0.0
3,25,INT14,3896,TCGTAACTCCCAAGAC-1,13803,2245,0.074329007207416,0.06702813123986014,-1.2814132750034333,0.1,0.1,0.052337801456451415
3,26,INT14,1839,CGCTGAGGACGTCCAA-1,1825,10877,0.0742161801084876,0.06028231750666291,-1.2410116352140903,0.1,0.0,0.04661975502967834
3,27,INT14,353,ACCACTGTTCAAGAAG-1,2965,14592,0.07421363173052668,0.052223204271465186,-1.1451969385147094,0.0,0.0,0.0
3,28,INT14,1039,ATGTGTAGTTTAGTCA-1,2015,8801,0.07352347779087723,0.06359887149352925,-1.1368955433368684,0.1,0.0,0.04818596243858338
3,29,INT14,1540,CCCTAGTGTCAGGTGT-1,2965,13062,0.0734459935920313,0.07068664243657333,-1.275575801730156,0.2,0.0,0.09000189304351806
3,30,INT14,2735,GCGTCTCTGCATTGGG-1,8479,10768,0.0734097103588283,0.05935750629063065,-1.220574632845819,0.1,0.0,0.03774509131908417
3,31,INT14,3943,TCTCCACAAGTTGAAT-1,12662,5086,0.07333218287676573,0.057600909335336015,-1.2913879185914994,0.0,0.0,0.0
3,32,INT14,2494,GATATGCGGTAGCCAA-1,4677,5304,0.0731590953655541,0.06304392365008074,-1.1558572471141815,0.1,0.0,0.047986704111099246
3,33,INT14,3011,GGGTCGTGGCAAGTGT-1,5818,3556,0.07307081697508692,0.05812247783287082,-1.0920805163681506,0.0,0.0,0.0
3,34,INT14,4369,TTCACGAAAGGATCAC-1,8289,9347,0.07281844662502408,0.05771694675005326,-1.2652748018503188,0.1,0.0,0.04266840517520905
3,35,INT14,451,ACGGGTCATGTGACTT-1,3916,14264,0.07281033303588628,0.05538614746631289,-1.1060983438044787,0.1,0.0,0.03734675943851471
3,36,INT14,3932,TCTATAGGTGGGTAAT-1,13423,3337,0.0727793806232512,0.06286440726566009,-1.3998283952474595,0.1,0.0,0.049931323528289794
3,37,INT14,108,AACGACCTCCTAGCCG-1,14564,2245,0.07274389355443418,0.06270268526762882,-1.2079860623925924,0.1,0.0,0.04081743061542511
3,38,INT14,1023,ATGGGACCTGCTGAAC-1,12662,11861,0.0727351242210716,0.06025954130994508,-1.2812546126544475,0.1,0.0,0.041248631477355954
3,39,INT14,3436,TAAGGGCTGGGAGAGG-1,7528,13281,0.0726316443644464,0.05448420505764268,-1.1995167285203934,0.0,0.0,0.0
3,40,INT14,3071,GGTGGACTGCTCTGGC-1,11522,5960,0.07257650578394532,0.05163727014222951,-1.0908088445663453,0.0,0.0,0.0
3,41,INT14,1993,CTAACTGGTCCGGTTC-1,10571,11314,0.07251379303634167,0.055415695823959416,-1.1505971748381854,0.1,0.0,0.039613586664199826
3,42,INT14,2379,GACGAGGCTAATAAAC-1,11712,4321,0.07234101332724094,0.049954904365790385,-1.0712927117943765,0.0,0.0,0.0
3,43,INT14,338,ACATTTGAAACCTAAC-1,14944,4430,0.0723296391312033,0.05999913419115015,-1.1856947124004364,0.1,0.0,0.044260093569755556
3,44,INT14,3900,TCGTATCACCAAGCTA-1,1064,3228,0.07232237407006323,0.05820955602781767,-1.2022983998060226,0.1,0.0,0.03897424340248108
3,45,INT14,534,ACTTGTAGTCCCTTCA-1,9430,14155,0.07214602255262434,0.06040798528033178,-1.1864201784133912,0.0,0.0,0.0
3,46,INT14,4332,TTAGCGAATAGATAGG-1,15705,4867,0.07187087927013636,0.057978739938615284,-1.2390600357204675,0.1,0.0,0.04301730394363403
3,47,INT14,48,AAATAAGGTAGTGCCC-1,6958,2681,0.0718130179680884,0.05388427883783076,-1.0641976285725832,0.0,0.0,0.0
3,48,INT14,2522,GATGACAAGTAGGGCA-1,11902,11642,0.07152357893064618,0.04921414424512188,-1.0718035310506822,0.0,0.0,0.0
3,49,INT14,2308,GAAGCCACTGATTATG-1,13423,7708,0.07151169618591666,0.05328788866267733,-1.2234442204236984,0.0,0.0,0.0
3,50,INT14,2619,GCATTTCCAAGGCTCC-1,7339,3119,0.07139510344713926,0.05898030143985112,-1.2561184948310256,0.1,0.0,0.046210354566574095
3,51,INT14,892,ATAGCTGCTCTTGTTA-1,4106,14155,0.07124092215672136,0.051877328493399884,-1.1499271422624588,0.0,0.0,0.0
3,52,INT14,735,AGGTACGATATTGCCA-1,3346,6943,0.07122598276473582,0.058758249400032984,-1.2025418035686015,0.1,0.0,0.042438614368438723
3,53,INT14,3063,GGTGATGAAGGAAGTG-1,6958,15139,0.07103390069678425,0.05395937458253527,-1.1758411683142185,0.0,0.0,0.0
3,54,INT14,505,ACTGCCCGCCATTCTC-1,13993,11970,0.07078238632529973,0.060327788320284154,-1.277101504802704,0.1,0.0,0.042764657735824586
3,55,INT14,3678,TATTCCTCCGCCCACT-1,10190,11751,0.07066108756698668,0.06347036967160183,-1.3353113412857056,0.1,0.0,0.044847148656845096
3,56,INT14,1822,CGCGGGAATTCCTTTC-1,14754,6069,0.0705844471231103,0.05212227006869617,-1.2117438048124314,0.0,0.0,0.0
3,57,INT14,1989,CTAAATCCTATTCCGG-1,6008,6069,0.07055762354284525,0.04974476576452737,-1.0899143815040588,0.0,0.0,0.0
3,58,INT14,1542,CCCTCAAGCTCTTAGT-1,4867,14811,0.07054971219040454,0.0571863774111742,-1.216543535888195,0.0,0.0,0.0
3,59,INT14,4156,TGGAGAATAATCGTCC-1,14754,10440,0.0704863740131259,0.055106474569308374,-1.0416863583028317,0.0,0.0,0.0
3,60,INT14,2018,CTAGATGTGAGTGTAA-1,7339,3993,0.07034530472010374,0.05251454094900134,-1.1094947308301926,0.0,0.0,0.0
3,61,INT14,1447,CCACGGCAGGTGTAGG-1,14563,11861,0.07021046211011708,0.06015001121874619,-1.2071457356214523,0.1,0.0,0.04541750848293304
3,62,INT14,2655,GCCGCTTGTGAGAAAC-1,7909,10877,0.0701158260460943,0.05348991082982744,-1.1671378754079342,0.0,0.0,0.0
3,63,INT14,837,AGTTTCGCAGGTCGGA-1,3346,8473,0.07009212269913405,0.05966869292637769,-1.3965476334095002,0.0,0.0,0.0
3,64,INT14,1693,CCTGTCCCTCACGTTA-1,7909,2791,0.07005220530554652,0.055329409346704266,-1.24528502933681,0.1,0.0,0.0430342823266983
3,65,INT14,3127,GTACTTGGGCACTTCT-1,4296,11642,0.07005030633881688,0.052765361272133444,-1.0845535092055798,0.0,0.0,0.0
3,66,INT14,968,ATCGTGGAAAGTCTGG-1,13042,12735,0.07002495639026166,0.05689501060648378,-1.1626772582530975,0.0,0.0,0.0
3,67,INT14,4480,TTGCAAGAAGACTCCT-1,14373,7818,0.06985855107195675,0.05318393303140404,-1.1507539331912995,0.0,0.0,0.0
3,68,INT14,2317,GAAGGCTACCATTGTT-1,5818,2244,0.06982915233820677,0.055903707908576794,-1.1083595156669617,0.1,0.0,0.039981409907341
3,69,INT14,3192,GTCCGAGAGCAATCAT-1,7148,14374,0.06974912527948618,0.055425002282839565,-1.168862284719944,0.0,0.0,0.0
3,70,INT14,2842,GGACGGCTTGCGCAAC-1,2395,4211,0.06954354015178979,0.054893864304679796,-1.2454156920313835,0.0,0.0,0.0
3,71,INT14,1175,CAATATTGGACTAGTG-1,2585,13281,0.0694927766919136,0.051409257715536,-1.1905841797590255,0.0,0.0,0.0
3,72,INT14,3546,TAGACGAAACGCCAAT-1,13043,7271,0.06934339990839362,0.049056339893359745,-1.2139846414327622,0.0,0.0,0.0
3,73,INT14,940,ATCATCTGCCCAGTGT-1,1444,6069,0.06933608339168132,0.0571736413417119,-1.320444716513157,0.1,0.0,0.03901781141757965
3,74,INT14,71,AAATTTACCGAAATCC-1,2205,5413,0.06932330960407854,0.05266466275547005,-1.1654780827462674,0.0,0.0,0.0
3,75,INT14,3219,GTCTACTCAATTACAA-1,8099,13827,0.0692454131320119,0.05999425860939886,-1.206864607334137,0.1,0.0,0.03901742100715637
3,76,INT14,4414,TTCGGCTAGAGATGGT-1,4486,12625,0.06911857882514597,0.054041091890094754,-1.2186595618724823,0.0,0.0,0.0
3,77,INT14,4366,TTCAAGCCGAGCTGAG-1,3536,7052,0.06908449428156019,0.05541265212628825,-1.2749284004792572,0.0,0.0,0.0
3,78,INT14,265,AATTGTGGTTGCCAAA-1,13423,2245,0.06905015227384866,0.05542233039048333,-1.2772980153560638,0.0,0.0,0.0
3,79,INT14,903,ATATAACACGGGCGCA-1,13613,4976,0.06903111664578318,0.05624639475974174,-1.2431352093815804,0.0,0.0,0.0
3,80,INT14,1229,CACCGGAGATATCTCC-1,2395,5085,0.06896459739655256,0.0520305392663795,-1.2070728302001954,0.0,0.0,0.0
3,81,INT14,991,ATGAAGCCAAGGAGCC-1,5247,10221,0.06896134493872523,0.050119429914223884,-1.2357625931501388,0.0,0.0,0.0
3,82,INT14,484,ACTCAAGTGCAAGGCT-1,12472,5851,0.06885232152417302,0.04792284132390709,-1.05968070179224,0.0,0.0,0.0
3,83,INT14,1178,CAATGACCCTTAATTT-1,14944,9020,0.06884471960365772,0.056035191363869696,-1.2578701600432396,0.0,0.0,0.0
3,84,INT14,4149,TGGAATTAGACGCTTT-1,6007,13281,0.06881008120253682,0.054727112472169034,-1.1847104191780091,0.0,0.0,0.0
3,85,INT14,2053,CTCAAACCACTGCCCG-1,13233,10877,0.06878518331795931,0.053604514589976254,-1.125899614393711,0.0,0.0,0.0
3,86,INT14,2007,CTACGCACGGAGTACC-1,7719,9019,0.0687246521934867,0.05165162470131951,-1.1668198555707932,0.0,0.0,0.0
3,87,INT14,2245,CTTGTCGTACGTGTCA-1,1444,11532,0.06871550306677818,0.054488059477083746,-1.2182659275829792,0.0,0.0,0.0
3,88,INT14,3237,GTCTTGAGGAGCAGTG-1,8289,2572,0.06871266420930625,0.060270428738435265,-1.3574222952127457,0.1,0.0,0.04863627552986145
3,89,INT14,4399,TTCCTCTGCCCGAATA-1,7719,13609,0.06867808427195995,0.058833096687658536,-1.4154709488153459,0.0,0.0,0.0
3,90,INT14,4161,TGGATGGCATCTTGGA-1,15704,10112,0.06865957472473383,0.05399600594228776,-1.1586741983890534,0.0,0.0,0.0
3,91,INT14,4124,TGCGTAAGAACCTGAT-1,9240,10549,0.06860777642577887,0.048818786950010774,-1.2066257774829865,0.0,0.0,0.0
3,92,INT14,2521,GATCTTTGCTCAAAGA-1,3346,2135,0.06859495239332318,0.0551485275517821,-1.1944411113858222,0.2,0.0,0.06981445550918579
3,93,INT14,186,AAGTAAGCTTCCAAAC-1,1064,10877,0.06845987210981548,0.06206567165316784,-1.3710416704416275,0.1,0.0,0.04650086760520935
3,94,INT14,666,AGCTCCTTCGCACATC-1,10951,5851,0.06843246752396226,0.053677889698127264,-1.1943021237850189,0.0,0.0,0.0
3,95,INT14,1166,CAAGTAAGTGATAGAC-1,14183,9457,0.06842554593458772,0.06225029147588798,-1.4250859973952175,0.2,0.0,0.08043542802333832
3,96,INT14,3394,GTTTGGTGATCGGTGC-1,13613,11096,0.06832346902228892,0.05325250689792932,-1.2413366954773664,0.0,0.0,0.0
3,97,INT14,3497,TACGACGCTTGCTGCG-1,9810,9347,0.06826770915649831,0.05520766326076996,-1.2020378023386002,0.2,0.0,0.06955444812774658
3,98,INT14,70,AAATTGGTGAGAAGCA-1,3916,2244,0.0682553512044251,0.049924126838697805,-1.3277954638004303,0.0,0.0,0.0
3,99,INT14,1299,CAGCTCGTGCTTGTGT-1,3726,10658,0.06807741075754166,0.056686208613199,-1.2957019474357367,0.1,0.0,0.042576414346694944
3,100,INT14,1197,CACAGAGACGAGGACG-1,13232,13063,0.06806901069357991,0.056165923721543554,-1.2246849738061427,0.0,0.0,0.0
3,101,INT14,1850,CGCTTTCTTGCATTCG-1,6958,5960,0.0680488702841103,0.05993840273877092,-1.412069210410118,0.1,0.0,0.04662061631679535
3,102,INT14,4333,TTAGCTAATACGATCT-1,5247,4539,0.06790329208597541,0.05484698354764828,-1.2104413725435734,0.0,0.0,0.0
3,103,INT14,1809,CGCCTGGCCTACGTAA-1,8859,12298,0.06786612761206925,0.05219753428104029,-1.2341706842184066,0.0,0.0,0.0
3,104,INT14,2343,GAATTTCTCGCTGCAG-1,6388,11970,0.06784037570469081,0.05575205274894631,-1.2080419912934304,0.1,0.0,0.040534299612045285
3,105,INT14,4388,TTCCCAAAGTACTGAT-1,15705,2463,0.06778516895137728,0.05873223274116795,-1.154336792230606,0.1,0.0,0.041237634420394895
3,106,INT14,4289,TTAACTCACGCGTGGA-1,5627,13718,0.06778158210217952,0.0506883660235686,-1.204651066660881,0.0,0.0,0.0
3,107,INT14,3354,GTTCGACAATTGTATA-1,14183,12298,0.06768712662160396,0.056299549093490914,-1.2920115929096938,0.0,0.0,0.0
3,108,INT14,2129,CTGAGCGAGACTTATT-1,6958,1589,0.06767344400286675,0.04664986599645971,-1.1218908041715623,0.0,0.0,0.0
3,109,INT14,1652,CCTCACCAATCTTGAC-1,4296,11423,0.0676352923270315,0.055553820070113384,-1.325454356148839,0.1,0.0,0.04058015644550324
3,110,INT14,2984,GGGCCTATTTAAGTAT-1,3536,2463,0.06761800083331763,0.05659588286466411,-1.4058863759040832,0.0,0.0,0.0
3,111,INT14,1784,CGCAGATCTTCACCCG-1,5818,2900,0.06760129928588868,0.051096983822074796,-1.1425912916660308,0.0,0.0,0.0
3,112,INT14,2120,CTCTTGTCCCGCTTGG-1,11331,8910,0.06756391264498234,0.04978605015952242,-1.1401819795370103,0.0,0.0,0.0
3,113,INT14,3894,TCGGTCCCTGACTCCA-1,2966,5413,0.06743441745638848,0.0570652409504724,-1.3551002025604248,0.1,0.0,0.04212876260280609
3,114,INT14,1296,CAGCGCCAACACGATA-1,8099,14701,0.0673576752655208,0.05636822928671521,-1.2571528185158969,0.1,0.0,0.040804123878479
3,115,INT14,922,ATATTTAACCCTCAAG-1,6958,9238,0.06735745202749968,0.051404675761596415,-1.1604133002460002,0.0,0.0,0.0
3,116,INT14,705,AGGCCCATTGTACAGG-1,3916,9238,0.06735643311403691,0.054627662417618274,-1.2997309751808643,0.1,0.0,0.04175426959991455
3,117,INT14,1072,ATTCAGTAGCAGGGTC-1,6198,12516,0.06722352420911193,0.056289389666248954,-1.1867890253663063,0.0,0.0,0.0
3,118,INT14,1835,CGCTATTCAATGTATG-1,4676,11860,0.06721960227005183,0.053838398293345996,-1.348013499379158,0.0,0.0,0.0
3,119,INT14,1621,CCGTGGAACGATCCAA-1,5627,3665,0.06720841201022268,0.052511861733442744,-1.2882406800985335,0.0,0.0,0.0
3,120,INT14,202,AAGTTTATGGGCCCAA-1,13993,7599,0.06720197312533856,0.05053673112759913,-1.1776737958192824,0.0,0.0,0.0
3,121,INT14,2776,GCTCGACCGAACTGAA-1,1254,2681,0.0671971240080893,0.05482227195900993,-1.2130402270704508,0.0,0.0,0.0
3,122,INT14,2267,GAAACAGCCATGCAGT-1,3536,8582,0.06718825330026448,0.05648531377831181,-1.262083923816681,0.1,0.0,0.04110417366027832
3,123,INT14,1673,CCTCTCTCCCATCTAG-1,7529,11314,0.06710824286565184,0.053059633031323675,-1.25218894071877,0.0,0.0,0.0
3,124,INT14,2524,GATGATTTGAAACTGG-1,1064,11532,0.06700259754434228,0.05641598875851458,-1.3864508874714374,0.0,0.0,0.0
3,125,INT14,4531,TTGGTTGCGGTGCGCG-1,11141,12735,0.06694464660249651,0.05511484606268726,-1.328833182156086,0.0,0.0,0.0
3,126,INT14,2565,GCAACCCAAGTTGTTT-1,6958,14920,0.0668645584024489,0.057946338414759116,-1.2596739411354065,0.0,0.0,0.0
3,127,INT14,1519,CCCGCAGGGCCCAAAG-1,3156,6615,0.06684789010323584,0.05369636488206936,-1.156520514935255,0.0,0.0,0.0
3,128,INT14,1316,CAGTAGATGATGTCCG-1,4296,15138,0.06671053729951382,0.049036138520770246,-1.0677081108093263,0.1,0.0,0.034391409158706664
3,129,INT14,4359,TTATTAGAGCGTGTTC-1,9810,7599,0.06668175999075174,0.05134408931727708,-1.103880812227726,0.1,0.0,0.03761491477489472
3,130,INT14,630,AGCCCTAAGCGAAGTT-1,3916,8145,0.06657148674130439,0.05404417315351028,-1.3025798708200456,0.0,0.0,0.0
3,131,INT14,3995,TCTTTAGAGTCTAACA-1,10571,2791,0.0665550691075623,0.055148579386243936,-1.4176357090473175,0.0,0.0,0.0
3,132,INT14,2075,CTCCCTCCTTTCGATC-1,10761,12735,0.06651155347935855,0.05294906343332106,-1.2834248006343842,0.0,0.0,0.0
3,133,INT14,706,AGGCCCTAGAACGCCA-1,9620,12516,0.06644533313810826,0.04922621426027285,-1.230174222588539,0.0,0.0,0.0
3,134,INT14,4213,TGGTTCGTAGCAAAGG-1,5437,9238,0.06640971060842275,0.05087302330968461,-1.2933328717947006,0.0,0.0,0.0
3,135,INT14,4134,TGCTCGGTGGGTCACC-1,13613,7380,0.06640485576353967,0.052036464555266594,-1.2729773938655853,0.0,0.0,0.0
3,136,INT14,2137,CTGCAGAGAATCAGAG-1,12662,4212,0.06638899338431656,0.05274131346056555,-1.3055548965930939,0.0,0.0,0.0
3,137,INT14,3948,TCTCGGCTCCAGGACT-1,3536,12734,0.06638669366948306,0.05368583750812125,-1.1986774588003755,0.1,0.0,0.0369475245475769
3,138,INT14,2567,GCAAGAATTCCTTGGC-1,9430,11314,0.06635328126139939,0.04920878922230375,-1.20015851855278,0.0,0.0,0.0
3,139,INT14,771,AGTATGCTGGAGACCA-1,12092,12407,0.06632683509960771,0.050280232351205136,-1.242947706580162,0.0,0.0,0.0
3,140,INT14,1100,ATTGGGAGTTCTGTAA-1,2585,2791,0.06629042588174343,0.05282169800487462,-1.2368401437997818,0.0,0.0,0.0
3,141,INT14,209,AATACCGGAGGGCTGT-1,13803,11205,0.0662142832763493,0.05197730974228067,-1.1528336904942988,0.1,0.0,0.03371304869651794
3,142,INT14,2264,CTTTGGCTTTAGTAAA-1,7148,10877,0.06621211525052786,0.04994764844825017,-1.3177943378686905,0.0,0.0,0.0
3,143,INT14,1011,ATGCTTAGGAGTTGAT-1,11712,3009,0.0661678477190435,0.07023687977268199,-1.438099467754364,0.1,0.1,0.05552642345428467
3,144,INT14,2904,GGCCAATTGTATAGAC-1,15134,4539,0.06606425261124968,0.05131503000384214,-1.2531134173274041,0.0,0.0,0.0
3,145,INT14,3746,TCAGTGTATACGTCAT-1,12092,11314,0.06600131113082171,0.04779437602225975,-1.1038708508014679,0.0,0.0,0.0
3,146,INT14,3476,TACCAATAAAGTACCA-1,11522,6178,0.06599979060702026,0.04976343283499628,-1.3021727532148362,0.0,0.0,0.0
3,147,INT14,2832,GGAAGCTCGCTTACAG-1,3156,6178,0.06590222748927772,0.05180881732596297,-1.220096719264984,0.0,0.0,0.0
3,148,INT14,1576,CCGATTGGTCAATGAA-1,1444,4539,0.06584369442425668,0.05204282166379589,-1.2371262803673744,0.0,0.0,0.0
3,149,INT14,4045,TGATAGCGGGATTCTA-1,6388,13937,0.06574209709651768,0.05441276156965595,-1.2332947634160518,0.0,0.0,0.0
3,150,INT14,4459,TTGACATGAACGTGGA-1,9430,11751,0.06573467468842864,0.053392797787669796,-1.3184388179332018,0.0,0.0,0.0
3,151,INT14,1124,CAAACTATTGAGCTTC-1,3156,7052,0.06572325648739934,0.05539379295921428,-1.3355459140613675,0.0,0.0,0.0
3,152,INT14,2278,GAAATACTAAACGTTT-1,4486,12844,0.06569226831197739,0.04833013121171257,-1.1605647519230842,0.0,0.0,0.0
3,153,INT14,2829,GGAACTCGTGAATACG-1,15704,10549,0.06558438488282263,0.06665567677118316,-1.4373931616544724,0.1,0.1,0.05255157947540283
3,154,INT14,4023,TGACGAATATTTCCCT-1,9430,12844,0.06558160465210676,0.05752168797365473,-1.3025705486536026,0.1,0.0,0.04408832490444183
3,155,INT14,3025,GGTAACTATGTATCTG-1,3346,10440,0.06557984482496977,0.05303460786556018,-1.319726398587227,0.0,0.0,0.0
3,156,INT14,1657,CCTCCCGACAATCCCT-1,2775,8363,0.06556737562641501,0.05182848478261636,-1.331413197517395,0.0,0.0,0.0
3,157,INT14,3979,TCTTACAGAGGTACCG-1,3916,10330,0.06555812042206526,0.05290884274644059,-1.2207226485013962,0.0,0.0,0.0
3,158,INT14,4101,TGCCGTGGGACCCAAT-1,14564,7927,0.06554233697243035,0.0553930734068856,-1.2887450993061065,0.1,0.0,0.04141664206981659
3,159,INT14,2435,GAGCGCAAATACTCCG-1,10761,3556,0.06551985181868077,0.05014022258715641,-1.2648772105574608,0.0,0.0,0.0
3,160,INT14,466,ACGTTCACTATGCCGC-1,15134,11096,0.06540570114739239,0.0545946090425558,-1.299684076011181,0.0,0.0,0.0
3,161,INT14,3992,TCTTGCTCCCGATACT-1,13423,7927,0.06539502628147602,0.04767380351876675,-1.1617070138454437,0.0,0.0,0.0
3,162,INT14,3378,GTTGTTACATTGCGCT-1,3346,2354,0.06538231545127929,0.05388996282073163,-1.2291827134788036,0.0,0.0,0.0
3,163,INT14,1223,CACCCTTTCCTCGCTC-1,2585,10877,0.06535799968987703,0.05749812411996852,-1.2815455690026283,0.1,0.0,0.03429762423038483
3,164,INT14,4302,TTAATGTGTTTGCAGG-1,3345,14592,0.06535506416112184,0.0507998273584085,-1.2835979074239732,0.0,0.0,0.0
3,165,INT14,1575,CCGATTCGAGGGACCC-1,8289,13062,0.0653126179240644,0.052904872020279485,-1.361078417301178,0.0,0.0,0.0
3,166,INT14,1174,CAATATTCTTGACCTA-1,11331,10877,0.06529002767056227,0.051030706093479664,-1.2237807035446167,0.1,0.0,0.03442128598690033
3,167,INT14,2365,GACCAGGTCATTCATA-1,1634,7708,0.06527751609683037,0.05223366085340218,-1.1787127159535884,0.0,0.0,0.0
3,168,INT14,3560,TAGCAACCTGTCACAA-1,5247,12407,0.06526737743988634,0.04988990557497929,-1.2882747590541839,0.0,0.0,0.0
3,169,INT14,4485,TTGCCAAGCAGAACCC-1,9430,2791,0.06519786706194282,0.049268070949745245,-1.176433926820755,0.0,0.0,0.0
3,170,INT14,2731,GCGTCGAAATGTCGGT-1,4296,8145,0.06517910314723849,0.047942228176516916,-1.2166509568691253,0.0,0.0,0.0
3,171,INT14,3369,GTTGCGCTAACATTAC-1,8860,2244,0.06516484101302922,0.0522705144063423,-1.3530892074108123,0.0,0.0,0.0
3,172,INT14,2651,GCCGATTGGCCAAGCT-1,8860,8582,0.06514636743813754,0.05530879493484832,-1.2908202685415744,0.1,0.0,0.04153550863265991
3,173,INT14,79,AACACGCGGCCGCGAA-1,2205,11532,0.06509834444150328,0.05470760306171672,-1.2953684102743863,0.0,0.0,0.0
3,174,INT14,2471,GAGTATGCGCGTGCAT-1,13043,7490,0.06508484464138746,0.04780447327169693,-1.2333064287900926,0.0,0.0,0.0
3,175,INT14,3867,TCGCTAAACCGCTATC-1,4677,5522,0.06507507055066526,0.05304148322009095,-1.2865209311246872,0.0,0.0,0.0
3,176,INT14,750,AGGTTTCACACACCTT-1,8860,7927,0.06505502630025148,0.05014568330050108,-1.1856117486953734,0.0,0.0,0.0
3,177,INT14,817,AGTGGTTGCGTATAGG-1,7719,14483,0.06504098051227629,0.05375863491676895,-1.2729363597929477,0.0,0.0,0.0
3,178,INT14,2312,GAAGCTCGGACCCGTC-1,11521,12953,0.06503880200907589,0.04951154181501006,-1.225824835896492,0.0,0.0,0.0
3,179,INT14,2460,GAGGTACGCGTGTCCC-1,13803,7927,0.06501466534100472,0.056180359665847626,-1.369747620075941,0.1,0.0,0.041392934322357175
3,180,INT14,3081,GGTTAGGCTTGGAGAA-1,6388,11314,0.06498597129248082,0.04934680551013659,-1.2769601225852967,0.0,0.0,0.0
3,181,INT14,3023,GGTAACCGGCAAAGGT-1,2205,14811,0.06498360764235259,0.046152996231230634,-1.2000937312841415,0.0,0.0,0.0
3,182,INT14,1623,CCGTTACGTTAGAACA-1,4867,5632,0.06490561291575432,0.053812416474149485,-1.3448941826820373,0.0,0.0,0.0
3,183,INT14,714,AGGCTTGCTAGACACC-1,5627,13281,0.06484687682241201,0.04933324328031458,-1.3120076805353165,0.0,0.0,0.0
3,184,INT14,2580,GCACCTAGGCGAGTCC-1,14944,3993,0.06484510318841785,0.05888777039178611,-1.364608782529831,0.1,0.0,0.049247649312019345
3,185,INT14,1428,CCAAGCTTGATCTCCT-1,1064,13281,0.06484357248991728,0.04998779050874747,-1.2673151910305023,0.0,0.0,0.0
3,186,INT14,2194,CTGTCACGCCAGGCGC-1,2966,4539,0.06483806069009006,0.05039374856927301,-1.3855657070875167,0.0,0.0,0.0
3,187,INT14,2126,CTGACTGCGCAGCTCG-1,6958,4211,0.0648191976826638,0.05437117924344223,-1.2676827378571034,0.1,0.0,0.0370651513338089
3,188,INT14,2881,GGATTCAGTACGGTGG-1,4676,11642,0.06479467963799834,0.052868661772181746,-1.3171868473291397,0.0,0.0,0.0
3,189,INT14,3374,GTTGGATTTGCGTTGG-1,7909,9784,0.06478433592710645,0.05491048518516483,-1.3587309945374728,0.1,0.0,0.03766724467277527
3,190,INT14,433,ACGCGAAGTCAGACGA-1,10381,8801,0.0647573680151254,0.04800068567705154,-1.254368707537651,0.0,0.0,0.0
3,191,INT14,3008,GGGTCACTGAGTAGTG-1,1635,1589,0.06475609261542559,0.0511152805088527,-1.3157615870237351,0.0,0.0,0.0
3,192,INT14,1973,CGTTGTAAACGTCAGG-1,5057,13827,0.06473776972852648,0.05104393500044721,-1.2356666713953017,0.0,0.0,0.0
3,193,INT14,2698,GCGCGATGGGTCAAGT-1,1444,10440,0.06468246052972973,0.05653235244230329,-1.3052143789827824,0.1,0.0,0.042038315534591676
3,194,INT14,2621,GCCAAGAATACTTCTG-1,9810,14155,0.06468064140062779,0.05679414216527576,-1.4136829867959022,0.0,0.0,0.0
3,195,INT14,4236,TGTCATTTGTTGGGAA-1,5057,3337,0.06467853062786162,0.04996356877794799,-1.2525103688240051,0.0,0.0,0.0
3,196,INT14,3494,TACCTGCTGCACTGTG-1,6388,12844,0.0646432088688016,0.05014110355638086,-1.2970827281475068,0.0,0.0,0.0
3,197,INT14,351,ACCACCCTCTCTTCTA-1,5437,2026,0.06460466692224145,0.05138700862902841,-1.2669852912425994,0.0,0.0,0.0
3,198,INT14,3250,GTGACTTCAGTAGTGC-1,9810,9784,0.06460381038486958,0.051171770889841886,-1.3529598809778691,0.1,0.0,0.036517861485481265
3,199,INT14,2151,CTGCTCTCAACACACC-1,14944,1589,0.06458464255556465,0.05524113446995921,-1.3988674625754356,0.1,0.0,0.04111040830612182
3,200,INT14,1258,CACTACGGGAGCTGCC-1,12282,3556,0.0645592540036887,0.05083725745720129,-1.2443549931049347,0.0,0.0,0.0
3,201,INT14,1300,CAGCTCTGGGCTCACT-1,14944,11424,0.06455024909228087,0.05123942236617621,-1.3629555523395538,0.0,0.0,0.0
3,202,INT14,3075,GGTGTTCTGTTTCTAC-1,1825,5413,0.06451994394883513,0.05296985910009576,-1.340517833828926,0.0,0.0,0.0
3,203,INT14,1650,CCTATGGTCAAAGCTG-1,13993,7818,0.06450922945514322,0.051856933976531225,-1.288221114873886,0.0,0.0,0.0
3,204,INT14,264,AATTGCAGCAATCGAC-1,13233,4102,0.06444756109267473,0.0508023774580188,-1.2649760603904725,0.0,0.0,0.0
3,205,INT14,111,AACGATATGTCAACTG-1,5627,6943,0.06441355850547552,0.05291989697184386,-1.3605312697589398,0.1,0.0,0.03963032066822052
3,206,INT14,1777,CGCAATCGATCATTAG-1,5627,15248,0.0643516949377954,0.05303250448636208,-1.3801533907651902,0.0,0.0,0.0
3,207,INT14,2042,CTATCGCGTAGAGAAC-1,12092,2354,0.06435122853145003,0.05820740624467654,-1.4227650880813598,0.1,0.0,0.04190654456615448
3,208,INT14,3424,TAACTCCATGGAGGCT-1,4676,12297,0.0643489217851311,0.06061116598628598,-1.3570949345827104,0.1,0.0,0.048337116837501526
3,209,INT14,2643,GCCCGCGCGTTTGACA-1,4867,10877,0.06430399930104613,0.0516103922171753,-1.299520529061556,0.0,0.0,0.0
3,210,INT14,573,AGAGAAGGAGTACAAT-1,12092,11533,0.0643025032710284,0.05229895621639973,-1.3427399396896362,0.0,0.0,0.0
3,211,INT14,792,AGTCTCACAAGACTAC-1,11331,11970,0.06429747603833676,0.045472403027852916,-1.2337204724550248,0.0,0.0,0.0
3,212,INT14,375,ACCCTATAGGACTGAG-1,3346,13062,0.06425238181836904,0.048784108216058934,-1.249698743224144,0.0,0.0,0.0
3,213,INT14,3487,TACCGTAGGTTAACTA-1,12282,9019,0.06422474710270762,0.048416264611369164,-1.3480470389127732,0.0,0.0,0.0
3,214,INT14,2950,GGCTTCTCGTGGGTGG-1,15514,6288,0.06421750402078033,0.047305465521218726,-1.2662677437067031,0.0,0.0,0.0
3,215,INT14,1696,CCTGTGCATAGGAGAC-1,1824,13499,0.06420155023224652,0.05110187254006403,-1.2246145367622376,0.1,0.0,0.037075838446617125
3,216,INT14,1710,CGAAACGCAATTCATG-1,8859,11642,0.0641917516477406,0.04788717806091763,-1.1846471279859543,0.0,0.0,0.0
3,217,INT14,3006,GGGTCACCGTGACGGT-1,7719,10112,0.06419108062982559,0.04697077129983723,-1.2492491543292998,0.0,0.0,0.0
3,218,INT14,755,AGTAATGTCTTGCCGC-1,4106,8691,0.06414246484637261,0.058325958645126484,-1.3139731973409652,0.1,0.0,0.043013617396354675
3,219,INT14,4541,TTGTGAGGCATGACGC-1,9240,13827,0.06409276751801371,0.05272206663407883,-1.2859161134809256,0.1,0.0,0.03650832772254944
3,220,INT14,230,AATCGGTATAGCCCTC-1,14564,3337,0.06408902583643794,0.05235098729301829,-1.2919705763459206,0.0,0.0,0.0
3,221,INT14,2677,GCGAAGCCATACCCGT-1,6958,8582,0.06408632211387158,0.05121193130176998,-1.2356205195188523,0.0,0.0,0.0
3,222,INT14,4478,TTGATTAGCTGTTTCT-1,10190,11533,0.06407973011955619,0.04887180344530649,-1.3260716140270232,0.0,0.0,0.0
3,223,INT14,2706,GCGCTGATCCAGACTC-1,4296,5741,0.06404735315591097,0.05320469700165666,-1.428837582282722,0.1,0.0,0.04137370884418488
3,224,INT14,1183,CAATGGTCGGCCTGGG-1,2205,9128,0.06404645862057805,0.05410500313917294,-1.3143374100327492,0.0,0.0,0.0
3,225,INT14,1608,CCGGGCTGCTCCATAC-1,7909,5850,0.06399353290908039,0.05248145964133643,-1.3557330638170242,0.0,0.0,0.0
3,226,INT14,2476,GAGTCTTGTAAAGGAC-1,10000,15139,0.06393404668197036,0.050581009687589926,-1.2946377635002135,0.0,0.0,0.0
3,227,INT14,352,ACCACGTGCAGCTATA-1,10191,6943,0.06391633516177535,0.04529491765687242,-1.1797415018081665,0.0,0.0,0.0
3,228,INT14,4203,TGGTCGATATACCTCT-1,14944,11205,0.06389095904305578,0.05249743149820814,-1.2239093326032162,0.0,0.0,0.0
3,229,INT14,647,AGCGCTAGAGCGATGT-1,8670,1917,0.0638876372948289,0.049603273371529776,-1.2891987651586532,0.0,0.0,0.0
3,230,INT14,3470,TACATCCCTATCCCTG-1,9430,13718,0.06384964557364584,0.051352449928108695,-1.2793331563472747,0.0,0.0,0.0
3,231,INT14,2845,GGACTCACAAATTAGG-1,10381,2026,0.06382621442899108,0.0541648800594659,-1.2606550972908734,0.1,0.0,0.038656499981880185
3,232,INT14,824,AGTTACCGCACATGGT-1,6007,13718,0.0637924951966852,0.052533740262910814,-1.2491498220711947,0.0,0.0,0.0
3,233,INT14,3782,TCCCAGCTTTAGTCTG-1,7529,9129,0.06378163155168295,0.046701420946970974,-1.1993923880159856,0.0,0.0,0.0
3,234,INT14,2923,GGCGAGCGAAACGGCA-1,10761,14483,0.06378050895873458,0.0547533920834079,-1.4064992494881152,0.0,0.0,0.0
3,235,INT14,3069,GGTGCTGGTACACATT-1,9050,10221,0.0637779681943357,0.04846108074027832,-1.2045053094625473,0.0,0.0,0.0
3,236,INT14,4217,TGTAATGACCACAATA-1,7909,13718,0.06376936566084623,0.050581773108974847,-1.3358775228261948,0.0,0.0,0.0
3,237,INT14,4171,TGGCCAATTTGGTACT-1,10380,14046,0.06376705579459667,0.051375460934988855,-1.3097024500370025,0.0,0.0,0.0
3,238,INT14,31,AAAGACATGAAGTTTA-1,1064,5195,0.06376513186842203,0.05027211165039708,-1.2879865050315857,0.0,0.0,0.0
3,239,INT14,2404,GACTGATTGGTCACAA-1,2775,4211,0.06370043195784092,0.04893108278112823,-1.38444681763649,0.0,0.0,0.0
3,240,INT14,101,AACCGCTAAGGGATGC-1,9810,5195,0.06369853541254997,0.04798586087456614,-1.1808042794466018,0.0,0.0,0.0
3,241,INT14,2630,GCCAGGCTTAGTGGTA-1,2775,14701,0.06365755065344274,0.05261243878580342,-1.2979951821267606,0.1,0.0,0.039418837428092955
3,242,INT14,189,AAGTCAATTGTCGTCA-1,9620,4211,0.0635942980647087,0.04671124651291734,-1.2211175590753556,0.0,0.0,0.0
3,243,INT14,3798,TCCGAACGTTGCCGCT-1,10761,2026,0.06356901237741112,0.05594745024451432,-1.3513841494917869,0.1,0.0,0.040293139219284055
3,244,INT14,1889,CGGGTTTGTTAGGGCT-1,11712,2791,0.06356175253167748,0.053250451768970544,-1.323785449564457,0.1,0.0,0.03888554871082306
3,245,INT14,150,AAGACATACGTGGTTT-1,13993,2791,0.06354085439816118,0.04595040310069749,-1.2769899547100068,0.0,0.0,0.0
3,246,INT14,1712,CGAACATAGTCAGAAA-1,2775,2681,0.06352706598117948,0.051903104316083484,-1.2667173326015473,0.0,0.0,0.0
3,247,INT14,2380,GACGATATCACTGGGT-1,14754,11533,0.06351227681152523,0.050749149273220065,-1.1655000384896994,0.0,0.0,0.0
3,248,INT14,1451,CCACTCAGATCCGCAA-1,14754,6506,0.06349599664099514,0.04821402095495388,-1.198531401157379,0.0,0.0,0.0
3,249,INT14,1385,CATGCTGGCTCCAATT-1,3346,8691,0.06347039090469479,0.05079207920388213,-1.2590501934289933,0.0,0.0,0.0
3,250,INT14,2268,GAAACATAGGAAACAG-1,12472,13063,0.06346504199318588,0.052941157054881824,-1.3257422208786012,0.0,0.0,0.0
3,251,INT14,2599,GCAGCTGTCAACGCAT-1,14564,5741,0.06341282110661269,0.04391201748544721,-1.1550307989120483,0.0,0.0,0.0
3,252,INT14,1735,CGACTCAGGATGTTAT-1,5437,5523,0.06339015210978687,0.05043013748684139,-1.2406486123800278,0.0,0.0,0.0
3,253,INT14,4050,TGATCTACGCTGATCT-1,4106,4320,0.06337298825383186,0.04662895697810653,-1.2882179707288741,0.0,0.0,0.0
3,254,INT14,2017,CTAGATAAACTCCTCG-1,2395,12516,0.06335070664063096,0.05425772955239849,-1.2998810335993767,0.1,0.0,0.03990168273448944
3,255,INT14,4423,TTCGTGGGCTGGAAGC-1,1825,2791,0.06334182429127395,0.05242983245158869,-1.3339388880878686,0.0,0.0,0.0
3,256,INT14,852,ATAAGTACCCGATTGT-1,2775,2900,0.06333170817233622,0.049386860881060805,-1.2755105674266816,0.0,0.0,0.0
4,1,INT14,1877,CGGGAATTTATGTAAA-1,9620,8145,0.47432793080806734,0.08119299391935496,1.2790723741054535,1.0,1.0,0.7567257881164551
4,2,INT14,3282,GTGCTATCCAGCTGGA-1,15514,8036,0.4635137379169464,0.07968014792705552,1.2282621085643768,1.0,1.0,0.749329286813736
4,3,INT14,1450,CCACTAAACTGAATCG-1,1824,13281,0.46326748132705686,0.07951278772032559,1.2328628182411194,1.0,1.0,0.7585180759429931
4,4,INT14,2782,GCTCTCGGGTACCGAA-1,6008,8910,0.46111943423748014,0.07708341086001579,1.3241538107395172,1.0,1.0,0.7488814294338226
4,5,INT14,1064,ATTATTATGTCCGTCA-1,12282,11205,0.4608311265707016,0.08528349765934808,1.2354309916496278,1.0,1.0,0.7447421431541443
4,6,INT14,1675,CCTCTGTACTATTCTA-1,11141,8582,0.46055342853069303,0.08220157836725812,1.2807625532150269,1.0,1.0,0.7520775258541107
4,7,INT14,1613,CCGGTTTGTAATTGTG-1,11711,10659,0.4588298976421356,0.08165030065347303,1.1567513167858123,1.0,1.0,0.745701915025711
4,8,INT14,3702,TCAACTGCAGAGTCAG-1,11712,3447,0.4580165147781372,0.0787489883180732,1.178268438577652,1.0,1.0,0.749506288766861
4,9,INT14,1786,CGCAGTTCTATCTTTC-1,15514,2791,0.4577057331800461,0.0829031958478381,1.376323002576828,1.0,1.0,0.7504096567630768
4,10,INT14,2000,CTAATTTCAACAACAC-1,5057,12297,0.4574387460947037,0.08134152820812228,1.2418196856975556,1.0,1.0,0.7439584076404572
4,11,INT14,3399,TAAAGCGGTATTTCCA-1,13042,9894,0.45734310448169707,0.08095878073867421,1.182166826725006,1.0,1.0,0.7554670989513397
4,12,INT14,980,ATCTGACATGGAAGGA-1,13042,10768,0.45673794746398927,0.08508829256663132,1.1885469496250152,1.0,1.0,0.7471915006637573
4,13,INT14,134,AACTCGATAAACACGT-1,1824,13936,0.4559786856174469,0.07523174589421525,1.2256898820400237,1.0,1.0,0.7567075192928314
4,14,INT14,3523,TACTCCTCTAGTTGAC-1,13233,11314,0.45574636161327364,0.0798401257422385,1.3325400650501251,1.0,1.0,0.7351137697696686
4,15,INT14,492,ACTCCCTAGAATAGTA-1,10191,7599,0.4552726745605469,0.07609175426506078,1.254695075750351,1.0,1.0,0.7405340552330018
4,16,INT14,1881,CGGGCAGCTAAACCGC-1,7148,9129,0.4552499145269394,0.08601104496227337,1.2277260601520539,1.0,1.0,0.7432171702384949
4,17,INT14,4282,TTAAAGGCGATGCTCG-1,14944,9894,0.4549480140209198,0.07418105140963287,1.2224222421646118,1.0,1.0,0.7405266702175141
4,18,INT14,3393,GTTTGGTAGGGTCAAC-1,11141,8801,0.4548679828643799,0.07693719308736967,1.1778410911560058,1.0,1.0,0.7481420159339904
4,19,INT14,4064,TGCAAACCCACATCAA-1,1064,12625,0.45446339547634124,0.08361548395395628,1.1393465638160705,1.0,1.0,0.7468055129051209
4,20,INT14,4173,TGGCGACTGCTCCAAA-1,11521,10112,0.45420247614383696,0.07789449591140869,1.2304920911788941,1.0,1.0,0.7467010378837585
4,21,INT14,3783,TCCCAGGCTTAGCTAA-1,6768,10003,0.45375252366065977,0.07445350729364154,1.193343186378479,1.0,1.0,0.7461439669132233
4,22,INT14,61,AAATGGTCAATGTGCC-1,7338,9675,0.4537123829126358,0.07611125725029834,1.2478521823883058,1.0,1.0,0.7507907032966614
4,23,INT14,2077,CTCCGCCCACATGAGG-1,9240,10986,0.4531685560941696,0.08131369427331411,1.2153707027435303,1.0,1.0,0.7458219051361084
4,24,INT14,1618,CCGTATCTCGTCGTAG-1,11141,12298,0.4530902564525604,0.08009346761486472,1.2519081830978394,1.0,1.0,0.7516823053359986
4,25,INT14,1559,CCGAAAGTGGTGAGCA-1,4296,12297,0.45220990777015685,0.0878818786995019,1.2373469293117523,1.0,1.0,0.744017094373703
4,26,INT14,2113,CTCTGCGAAGCAAGCA-1,3346,9784,0.4519071191549301,0.0860955028902627,1.2599310517311095,1.0,1.0,0.739036637544632
4,27,INT14,1767,CGATCCACCATTGTTG-1,14754,9347,0.4518390715122223,0.0840627444049826,1.2605707406997682,1.0,1.0,0.7317684113979339
4,28,INT14,927,ATCAATCTGGGCTGCA-1,7339,8145,0.4517620444297791,0.08170986231232515,1.213067990541458,1.0,1.0,0.7461253821849823
4,29,INT14,943,ATCCAATGGAGGGTCC-1,9240,12298,0.4516019821166992,0.07945938291042647,1.212765210866928,1.0,1.0,0.7512047350406647
4,30,INT14,2347,GACAAGACGCCCGTGC-1,14184,1808,0.4514764428138733,0.08584973758644601,1.177873432636261,1.0,1.0,0.7395382165908814
4,31,INT14,2518,GATCTTCATTGTCCTC-1,4676,14264,0.45132011771202085,0.07966269268777318,1.1381234169006347,1.0,1.0,0.7383249521255493
4,32,INT14,1473,CCAGTGAGCTCCTTGT-1,1064,13936,0.4511862814426422,0.08048919298967187,1.234612089395523,1.0,1.0,0.7575043916702271
4,33,INT14,2796,GCTGGGTCCGCTGTTA-1,1634,13609,0.4506584405899048,0.07677486664008473,1.234110313653946,1.0,1.0,0.7518847525119782
4,34,INT14,2656,GCCGGAAACACATCTT-1,1634,9456,0.45065000653266907,0.07729104804430945,1.2884206116199493,1.0,1.0,0.7406736195087433
4,35,INT14,832,AGTTGACATCGGCTGG-1,2965,12407,0.4505823582410812,0.08528239890647095,1.2045994818210601,1.0,1.0,0.74524827003479
4,36,INT14,1774,CGATTAAATATCTCCT-1,11712,8473,0.4502160668373108,0.08195910974218251,1.1336152851581573,1.0,1.0,0.747438657283783
4,37,INT14,1922,CGTATTAAGAGATCTA-1,7148,9347,0.4495498090982437,0.08245277853652853,1.1226178646087646,1.0,1.0,0.7519481599330902
4,38,INT14,160,AAGATGGCACCGGACC-1,12282,10986,0.44931747317314147,0.08602971565377424,1.1590392500162126,1.0,1.0,0.7454045414924622
4,39,INT14,4216,TGTAACTTGTCAACCT-1,1634,11860,0.44924266040325167,0.08015917868375434,1.136337149143219,1.0,1.0,0.7410058796405792
4,40,INT14,3596,TAGTAGCTTATACCAG-1,12662,10549,0.44896856844425204,0.0792771832919987,1.2217040598392486,1.0,1.0,0.746273797750473
4,41,INT14,3251,GTGAGATAACCTTATA-1,14183,10768,0.4488374501466751,0.07884422141816191,1.2158432841300963,1.0,1.0,0.7448616623878479
4,42,INT14,211,AATAGAACAGAGTGGC-1,10951,10221,0.4487400591373444,0.08138111717402412,1.1529078006744384,1.0,1.0,0.743118941783905
4,43,INT14,514,ACTGTCCAGGATTATA-1,7338,9238,0.4482873171567917,0.0809629121706942,1.242460513114929,1.0,1.0,0.7463989675045013
4,44,INT14,3543,TAGAAGAAGGGTTACA-1,13423,1589,0.4482790529727936,0.08088343456312376,1.1984225451946258,1.0,1.0,0.7353218853473663
4,45,INT14,3485,TACCGGCTCACTGCCC-1,10000,8145,0.4481704026460648,0.07975171638917776,1.2258026957511903,1.0,1.0,0.7335665166378021
4,46,INT14,4082,TGCATATGTCTGTCAC-1,7719,5960,0.44807160794734957,0.07835699885736143,1.2401205956935883,1.0,1.0,0.7348792552947998
4,47,INT14,2940,GGCTCCTCCACCTGTT-1,12282,11423,0.4475369691848755,0.0818218957168497,1.271442949771881,1.0,1.0,0.7431622684001923
4,48,INT14,2482,GATAAGGCAGATGCAA-1,2965,12188,0.44746787250041964,0.08310428819558789,1.1483195960521697,1.0,1.0,0.7489769279956817
4,49,INT14,597,AGATGACTCGCCCACG-1,5057,9238,0.4474238991737366,0.08523362502061205,1.167509239912033,1.0,1.0,0.7500573813915252
4,50,INT14,2422,GAGATCTGCTTGGCAT-1,7529,10440,0.4473703563213348,0.07761187713345441,1.2039009988307954,1.0,1.0,0.7385443270206451
4,51,INT14,1914,CGTAAATAACAAAGGG-1,15324,9238,0.4472313016653061,0.07983197133255082,1.2583081662654876,1.0,1.0,0.7314257442951202
4,52,INT14,4268,TGTTCTCATACTATAG-1,14564,1370,0.4471992015838623,0.09130044431176575,1.1970655024051666,1.0,1.0,0.7368494987487793
4,53,INT14,760,AGTACGGGCACCTGGC-1,5817,6615,0.4471666872501373,0.08991960168386524,1.1622542887926102,1.0,1.0,0.7369674324989319
4,54,INT14,3694,TCAACACATTGGGTAA-1,3155,11423,0.4469822347164154,0.07767080943635296,1.1951258718967437,1.0,1.0,0.7379298627376556
4,55,INT14,3809,TCCGCGGCAGCATCTG-1,7529,6069,0.4467105001211166,0.08066089398754414,1.26752228140831,1.0,1.0,0.745221096277237
4,56,INT14,2394,GACTAAGATCATGCAC-1,5437,9456,0.44654212296009066,0.08573752101385713,1.1811688899993897,1.0,1.0,0.7415271639823914
4,57,INT14,3064,GGTGATTTCATCTTGT-1,2775,10986,0.44653397500514985,0.08504013074895563,1.1753766179084777,1.0,1.0,0.7370416045188903
4,58,INT14,184,AAGGTATCCTAATATA-1,5817,6397,0.4464054375886917,0.08012433063145623,1.3305757522583008,1.0,1.0,0.7394266128540039
4,59,INT14,1615,CCGTACCCAAGCGCCA-1,3346,11532,0.44618281722068787,0.07993488743484048,1.2219294905662537,1.0,1.0,0.7315303385257721
4,60,INT14,485,ACTCAATAAAGGCACG-1,5817,7708,0.44580395221710206,0.0838152412022628,1.170491236448288,1.0,1.0,0.7375859916210175
4,61,INT14,4445,TTCTTGGACGATCTGC-1,10951,11751,0.4457777589559555,0.07588433247705882,1.1358575165271758,1.0,1.0,0.742207258939743
4,62,INT14,2806,GCTTCAGTGGGATTAC-1,2395,2900,0.44556185603141785,0.08337889996129773,1.1614847481250763,1.0,1.0,0.7311658024787903
4,63,INT14,1888,CGGGTTGTAGCTTTGG-1,1634,12953,0.44551165997982023,0.08736456200487723,1.1050507307052613,1.0,1.0,0.7454668939113617
4,64,INT14,297,ACACATTGACGCAACA-1,2585,14373,0.44539823234081266,0.08398057637320536,1.1572398483753203,1.0,1.0,0.7389528393745423
4,65,INT14,3871,TCGCTGCCAATGCTGT-1,13993,6506,0.4453482389450073,0.07912077282510868,1.2874777555465697,1.0,1.0,0.7383543133735657
4,66,INT14,2943,GGCTCTGCTCCAACGC-1,6008,7380,0.44487397074699403,0.07827516726186783,1.218521910905838,1.0,1.0,0.7345954239368438
4,67,INT14,3314,GTGTCCGATAAGGCAT-1,1825,4539,0.4447718054056168,0.07760026573539838,1.2450909435749054,1.0,1.0,0.7311840534210206
4,68,INT14,4353,TTATCTGTATCATAAC-1,5247,8691,0.44468681812286376,0.07481077650579639,1.1872929215431214,1.0,1.0,0.7349621951580048
4,69,INT14,565,AGACGACGATGCCGCT-1,11141,11642,0.44460066258907316,0.08343797828938455,1.2273769199848175,1.0,1.0,0.7408357083797454
4,70,INT14,2499,GATCATTCCAAACATT-1,6768,9129,0.4445507854223251,0.08756931163096542,1.148921638727188,1.0,1.0,0.7332590818405151
4,71,INT14,2649,GCCGAAATTCCTACGT-1,7719,10331,0.4443314462900162,0.08047542118102931,1.1131466269493102,1.0,1.0,0.7390749037265778
4,72,INT14,3926,TCTAGCAATCTCCGCC-1,9810,11970,0.44432192742824556,0.08462108202518089,1.239054399728775,1.0,1.0,0.7391864597797394
4,73,INT14,794,AGTCTTCTCCTCAAAT-1,5627,8036,0.4440862417221069,0.08312047911800914,1.2237109303474427,1.0,1.0,0.7310721218585968
4,74,INT14,3169,GTCAAGCGGACTCGGG-1,8479,6834,0.4440621316432953,0.08454638188657351,1.1614851295948028,1.0,1.0,0.7453084647655487
4,75,INT14,2378,GACGACTTTCCAAGAA-1,1254,14046,0.44401381015777586,0.07812387935092159,1.1295518219470977,1.0,1.0,0.7393484115600586
4,76,INT14,2498,GATCAACATAAAGGGA-1,12852,11314,0.44401066601276395,0.08080372403135813,1.126549243927002,1.0,1.0,0.7359882533550263
4,77,INT14,2161,CTGGCATCCGAATGAG-1,10190,12407,0.4439955413341522,0.08427497770424543,1.181685698032379,1.0,1.0,0.7380094170570374
4,78,INT14,3528,TACTCTTTCGTCTTCA-1,12092,10221,0.44393051862716676,0.08421780176311813,1.2433963119983673,1.0,1.0,0.738321727514267
4,79,INT14,2230,CTTCGTGCCCGCATCG-1,1064,12844,0.44387792944908144,0.08591289208653799,1.2339173078536987,1.0,1.0,0.7427413761615753
4,80,INT14,2738,GCGTTATATTTGGAAC-1,6958,13827,0.4438685208559036,0.08368353181891197,1.2138522446155549,1.0,1.0,0.7273718655109406
4,81,INT14,2176,CTGGGCTACTGGAGAG-1,15514,3447,0.443684446811676,0.08078628487698954,1.1994999289512633,1.0,1.0,0.73617604970932
4,82,INT14,1992,CTAACTGATAATCGCC-1,12092,4102,0.44360930621623995,0.07846612224331964,1.2554106771945954,1.0,1.0,0.7313167035579682
4,83,INT14,1817,CGCGCATGTTTGATTG-1,10571,9347,0.44358864724636077,0.07578427813006719,1.1535046756267548,1.0,1.0,0.7334400117397308
4,84,INT14,700,AGGCAGATGCGTAAAC-1,6008,5850,0.4433980405330658,0.08265622283969541,1.3374276220798493,1.0,1.0,0.7298194289207458
4,85,INT14,1758,CGAGTGCTATAGTTCG-1,2965,11095,0.44339355230331423,0.0888747276802563,1.2247528791427613,1.0,1.0,0.7342789709568024
4,86,INT14,3452,TAATCGATCCGTACGT-1,5818,5085,0.44339287281036377,0.07728060821991124,1.1587021708488465,1.0,1.0,0.7300140976905822
4,87,INT14,3053,GGTCTCTGAATGGACT-1,10951,11533,0.44335448145866396,0.07929125091151484,1.147862958908081,1.0,1.0,0.7390708923339844
4,88,INT14,3598,TAGTCCCGGAGACCAC-1,13613,10003,0.4432601541280746,0.08232980434196735,1.2670267045497894,1.0,1.0,0.7351102888584137
4,89,INT14,1620,CCGTGCCCATGACGGC-1,3346,10003,0.44299763441085815,0.07807302305244408,1.2210045278072357,1.0,1.0,0.7351882994174957
4,90,INT14,3806,TCCGATTACATTGCCG-1,7148,11751,0.44296435713768006,0.08162968209309585,1.1973907411098481,1.0,1.0,0.7415939092636108
4,91,INT14,137,AACTCTCAGTGTGCTC-1,11141,10768,0.4429358899593353,0.08199592929830525,1.1136244654655456,1.0,1.0,0.7380250334739685
4,92,INT14,2979,GGGCCCGTCTTAAACA-1,9050,9566,0.4428832918405533,0.08405003917447751,1.217571997642517,1.0,1.0,0.7351012229919434
4,93,INT14,1700,CCTTAAGTACGCAATT-1,15324,4649,0.4425101846456528,0.07871294588898162,1.2785453379154206,1.0,1.0,0.7429370105266571
4,94,INT14,4323,TTACTGGGATATTTCA-1,9430,9347,0.4424655377864838,0.08101488924513535,1.1244738578796387,1.0,1.0,0.7393962621688843
4,95,INT14,3840,TCGAAATTTAGGACCA-1,6578,10331,0.4423276275396347,0.08324877902178744,1.1517948746681212,1.0,1.0,0.7413813471794128
4,96,INT14,3695,TCAACATAGCGCCCTA-1,12092,10440,0.4422999083995819,0.09167171049853597,1.1546137809753418,1.0,1.0,0.737366396188736
4,97,INT14,2642,GCCCGCGCGTAAACGG-1,10381,10768,0.4422199189662933,0.08441205733906725,1.1991079926490784,1.0,1.0,0.7438772797584534
4,98,INT14,2576,GCACACACTGGTAGCC-1,11712,4976,0.4422026574611664,0.07778928433858252,1.1422648668289184,1.0,1.0,0.7402206480503082
4,99,INT14,1701,CCTTCAGTTAAAGTGA-1,12662,10112,0.4421444028615952,0.07734756414631037,1.2922345697879791,1.0,1.0,0.7285089373588562
4,100,INT14,513,ACTGTATACGCGAGCA-1,2965,11314,0.4421366363763809,0.07775643769011963,1.0698110938072205,1.0,1.0,0.7389670848846436
4,101,INT14,3034,GGTAGGCCAATATCAC-1,15134,9347,0.4419173151254654,0.07339511935300759,1.1395094335079192,1.0,1.0,0.7360859990119935
4,102,INT14,2588,GCACTGTGCAAATGTA-1,2775,11642,0.4418926894664764,0.08576263862826512,1.159395807981491,1.0,1.0,0.7352661192417145
4,103,INT14,410,ACGAGAACCCATCACG-1,2585,11532,0.44169820845127106,0.08443513048270972,1.0673838257789612,1.0,1.0,0.736061829328537
4,104,INT14,4174,TGGCGATCAAGTTATG-1,10761,9238,0.4416863560676575,0.08352256811234109,1.1481880784034728,1.0,1.0,0.7397357940673828
4,105,INT14,1781,CGCACATGTCCACTAC-1,8479,5741,0.44158917367458345,0.07623049382596189,1.2215274453163147,1.0,1.0,0.7269526839256286
4,106,INT14,4405,TTCGCACTCGCGTGCT-1,5817,10331,0.4415008991956711,0.08799181670682894,1.1760873734951018,1.0,1.0,0.7340976357460022
4,107,INT14,2160,CTGGATTTACACTTGA-1,10381,9238,0.4414599150419235,0.07713297386806045,1.1750667452812196,1.0,1.0,0.740679395198822
4,108,INT14,3777,TCCCAAAGACGAAGGA-1,6008,8691,0.4414541870355606,0.08043010542979978,1.115537565946579,1.0,1.0,0.7342469096183777
4,109,INT14,3915,TCGTTGGCTCGTCAAT-1,2775,11860,0.4414337188005447,0.0846652986374984,1.20551655292511,1.0,1.0,0.7344084322452545
4,110,INT14,1001,ATGCACTACCGCATTG-1,6198,10331,0.4413111716508865,0.07716150116126264,1.1494438469409942,1.0,1.0,0.7339488446712494
4,111,INT14,942,ATCCAACGCAGTCATA-1,5817,11205,0.4412043333053589,0.08366422706972775,1.195559799671173,1.0,1.0,0.7365460515022277
4,112,INT14,916,ATATTATCCCGTATTT-1,2775,15138,0.4411426305770874,0.07970650258126799,1.310796183347702,1.0,1.0,0.73218554854393
4,113,INT14,3196,GTCCGTTAGAGGGCCT-1,15514,6725,0.441080716252327,0.08062452937940615,1.1696469008922576,1.0,1.0,0.747099882364273
4,114,INT14,2697,GCGCCTCCCACTCCGA-1,10191,3228,0.44104858934879304,0.08147918255471144,1.2073564887046815,1.0,1.0,0.7311239659786224
4,115,INT14,3288,GTGGACCAACCCGATT-1,9620,12079,0.44104763865470886,0.08004167480461091,1.2445789694786071,1.0,1.0,0.7450043201446533
4,116,INT14,1099,ATTGGGAATATCTTGG-1,3346,9566,0.44096325635910033,0.07946173341167137,1.1261775076389313,1.0,1.0,0.736546128988266
4,117,INT14,1530,CCCGTAGCTGGGAAGA-1,11902,10986,0.44076821506023406,0.08658655510882492,1.058637797832489,1.0,1.0,0.7384275555610657
4,118,INT14,3461,TACAAGCTGTTCACTG-1,1254,9456,0.4406935214996338,0.08438277774993966,1.222173708677292,1.0,1.0,0.7402412593364716
4,119,INT14,3037,GGTATCAAGCATAGAA-1,1634,14046,0.4406482309103012,0.08312708577255333,1.162807083129883,1.0,1.0,0.7397489428520203
4,120,INT14,1442,CCACCAACTTTACTGT-1,10951,10877,0.4406303644180298,0.07703652276781539,1.1760152459144593,1.0,1.0,0.7412633776664734
4,121,INT14,2851,GGAGACATTCACGGGC-1,2015,14701,0.44060155749320984,0.07887836890191059,1.1214732110500336,1.0,1.0,0.7402578115463256
4,122,INT14,3973,TCTGTGACTGACCGTT-1,1634,12734,0.44056667387485504,0.07896750011364986,1.0891964256763458,1.0,1.0,0.7382983148097992
4,123,INT14,911,ATATCTTAGGGCCTTC-1,7719,8582,0.44056342244148256,0.08593195158411915,1.221941304206848,1.0,1.0,0.7230102062225342
4,124,INT14,3835,TCCTTCAATCCCTACG-1,8859,15139,0.44048042595386505,0.09093656152048178,1.2403266906738282,1.0,1.0,0.7309194922447204
4,125,INT14,1243,CACGACTAAAGTTCTG-1,1634,9893,0.440405061841011,0.07909378286675603,1.232616275548935,1.0,1.0,0.7424829483032227
4,126,INT14,1066,ATTCAAAGTACCTGTT-1,2585,14592,0.44029094874858854,0.08634000653766873,1.1189541578292848,1.0,1.0,0.7298966944217682
4,127,INT14,4525,TTGGGACGTAAGAGTT-1,10761,3337,0.4402880221605301,0.08959475351264565,1.2346186876296996,1.0,1.0,0.7343557834625244
4,128,INT14,1354,CATATGTCAGGCTACG-1,10190,12625,0.44018123149871824,0.07807708516073243,1.0344537377357483,1.0,1.0,0.7387375891208648
4,129,INT14,1688,CCTGGCTAGACCCGCC-1,6578,10549,0.4401058852672577,0.08225245084819806,1.1983446180820465,1.0,1.0,0.7285765767097473
4,130,INT14,1077,ATTCCTTCCAGGCGGT-1,2965,12625,0.44001685082912445,0.08449469607181559,1.1019211173057557,1.0,1.0,0.7422968626022339
4,131,INT14,4099,TGCCGGATGTACGAGC-1,12852,11533,0.439959391951561,0.07939588277177423,1.302698791027069,1.0,1.0,0.7318023085594177
4,132,INT14,1366,CATCGTCCGGTTACTA-1,5437,14046,0.43975750207901,0.08065115689584464,1.3364338159561158,1.0,1.0,0.7281127631664276
4,133,INT14,3156,GTATCTTGTTGCTCAC-1,1064,9347,0.439738342165947,0.07973460152286047,1.2954745531082152,1.0,1.0,0.7361436069011689
4,134,INT14,1890,CGGTAACAAGATACAT-1,1444,14811,0.43962337374687194,0.0823163870622223,1.12503901720047,1.0,1.0,0.7312384486198426
4,135,INT14,2240,CTTGCCCACCCACGCA-1,14374,4321,0.4396219700574875,0.08483497009157637,1.2480105817317964,1.0,1.0,0.7382220804691315
4,136,INT14,3501,TACGATGTTGATCATC-1,7719,11423,0.43961039185523987,0.08390987892313226,1.0914661645889283,1.0,1.0,0.73793985247612
4,137,INT14,3106,GTAAGCGGGCAGTCAG-1,5437,8364,0.43959270119667054,0.08138498703174238,1.1369632184505463,1.0,1.0,0.7335469186306
4,138,INT14,2650,GCCGACCCACGACTGC-1,12852,11970,0.43944030702114106,0.08114902870579156,1.1547809362411499,1.0,1.0,0.7387091457843781
4,139,INT14,2368,GACCGACCGCTAATAT-1,1444,14155,0.43940247893333434,0.08337769743521169,1.1750680744647979,1.0,1.0,0.7432944238185882
4,140,INT14,487,ACTCCAATATCATCAT-1,13042,12079,0.4393488377332687,0.07701582274105447,1.1437711119651794,1.0,1.0,0.7336453139781952
4,141,INT14,2336,GAATGGGCTTATCGAC-1,8669,14592,0.43934484422206876,0.08325420548329143,1.260442054271698,1.0,1.0,0.7435040891170501
4,142,INT14,179,AAGGCGCGTAAAGCTT-1,5627,11095,0.4393248736858368,0.0785829960476831,1.180007940530777,1.0,1.0,0.7252081274986267
4,143,INT14,1002,ATGCATGATCCAGGAT-1,5817,8145,0.4392597824335098,0.0818409973554308,1.221420443058014,1.0,1.0,0.7386026501655578
4,144,INT14,3855,TCGCATTCAATGACTT-1,2775,11205,0.43915112018585206,0.08209116947655401,1.2135796308517457,1.0,1.0,0.732467520236969
4,145,INT14,1682,CCTGATTCGCGAAGAA-1,15324,5086,0.4390921264886856,0.07760459718555172,1.2205319046974181,1.0,1.0,0.735931396484375
4,146,INT14,2256,CTTTATCCGACGCATG-1,15704,8801,0.43902103304862977,0.08230898788712622,1.1978577375411987,1.0,1.0,0.7312171697616577
4,147,INT14,3609,TAGTGCCCTCCAGAGT-1,7148,9566,0.43897020518779756,0.08760807131924939,1.1463034927845002,1.0,1.0,0.7419033944606781
4,148,INT14,314,ACAGCATAGAGCCAGT-1,2965,8910,0.4389495372772217,0.0748576612827062,1.1103824734687806,1.0,1.0,0.7312712430953979
4,149,INT14,376,ACCCTATGCCATATCG-1,11711,10877,0.4389230847358704,0.08359285730751195,1.1486286699771882,1.0,1.0,0.737446916103363
4,150,INT14,864,ATACCAGGTGAGCGAT-1,1254,9238,0.438875550031662,0.07722731969306743,1.2243420958518982,1.0,1.0,0.7364623785018921
4,151,INT14,660,AGCTAACAAGCAATGT-1,12662,11642,0.4388556510210037,0.08252458996786347,1.196681010723114,1.0,1.0,0.7354501783847809
4,152,INT14,1796,CGCCATCCGATTATGA-1,5627,6506,0.4386547118425369,0.07727659749335099,1.2589471161365509,1.0,1.0,0.7290246546268463
4,153,INT14,835,AGTTGGCAAGGCTAGA-1,13993,3665,0.4384553551673889,0.08054949867061359,1.2487165093421937,1.0,1.0,0.7324182689189911
4,154,INT14,561,AGACCCGCCCTCCTCG-1,6008,9129,0.43836319744586943,0.07623482965999699,1.147514820098877,1.0,1.0,0.7313964903354645
4,155,INT14,3993,TCTTGGTAACACCAAA-1,5057,8145,0.4383477956056595,0.07657675953457947,1.072988611459732,1.0,1.0,0.7302747249603272
4,156,INT14,3281,GTGCGTGTATATGAGC-1,8860,6178,0.4382623314857483,0.07762068153616425,1.2950639247894287,1.0,1.0,0.7313064992427826
4,157,INT14,1865,CGGCACTCAAGAAAGT-1,3346,12188,0.43825019598007203,0.07891755535879828,1.2278730273246765,1.0,1.0,0.7332896590232849
4,158,INT14,4142,TGCTTGAAACCATGCA-1,2775,13390,0.43808817863464355,0.08274206769595535,1.1417201995849608,1.0,1.0,0.7359676718711853
4,159,INT14,87,AACATTGGTCAGCCGT-1,1634,13390,0.4380263417959213,0.07868979818115422,1.2031888246536255,1.0,1.0,0.7334965825080871
4,160,INT14,2012,CTACTCAAGGTATAGT-1,12472,10659,0.4379854917526245,0.08389618002545805,1.1135335564613342,1.0,1.0,0.7339670181274414
4,161,INT14,3368,GTTGCACGGAGTTTCG-1,5627,10003,0.43772508203983307,0.08748712101748934,1.0986614584922791,1.0,1.0,0.73829944729805
4,162,INT14,2294,GAACCTTTAACGATCC-1,13043,6616,0.437508225440979,0.0828422926537403,1.1252569139003754,1.0,1.0,0.7345424473285675
4,163,INT14,2868,GGATCAGAGCCATCAG-1,9240,15139,0.43737366795539856,0.08084150228112819,1.139473909139633,1.0,1.0,0.7282428026199341
4,164,INT14,3164,GTATTCTTACCGTGCT-1,2395,12953,0.4373018562793732,0.08472201457901563,1.0884064614772797,1.0,1.0,0.7356684803962708
4,165,INT14,4079,TGCAGGATCGGCAAAG-1,5627,7162,0.43728284239768983,0.0828285844414403,1.2090457320213317,1.0,1.0,0.7348501145839691
4,166,INT14,1899,CGGTGAAGACTAAAGT-1,7719,12735,0.4372736573219299,0.07978377946648986,1.2326102674007415,1.0,1.0,0.7376318871974945
4,167,INT14,4089,TGCCAATGGGTACTCT-1,11331,9566,0.43727193772792816,0.08318861027351229,1.1922363698482514,1.0,1.0,0.7353502929210662
4,168,INT14,3481,TACCCTCGGTAACCCT-1,13423,1370,0.437245574593544,0.07390395815240712,1.1702737987041474,1.0,1.0,0.731400465965271
4,169,INT14,1879,CGGGAGTATACCGCCG-1,4676,13609,0.43716191947460176,0.0810557715804077,1.1110816895961761,1.0,1.0,0.7298251450061798
4,170,INT14,96,AACCCGATAGGGCTTC-1,2015,1589,0.4371609687805176,0.08099570041718732,1.2066514670848847,1.0,1.0,0.7250603437423706
4,171,INT14,3360,GTTCGGTGTGGATTTA-1,2014,14920,0.43705317080020906,0.08110456470080535,1.1653981745243072,1.0,1.0,0.7288450241088867
4,172,INT14,2236,CTTGAGGTTATCCCGA-1,3346,12625,0.4370429366827011,0.08210535155723404,1.0588668525218963,1.0,1.0,0.7314367115497589
4,173,INT14,1285,CAGATACTAACATAGT-1,6007,10221,0.43692236244678495,0.07884729672227281,1.1571672022342683,1.0,1.0,0.7392009317874908
4,174,INT14,3304,GTGGTATAGTCTGCCG-1,11902,10768,0.4368933320045471,0.07816989076864737,0.9765399396419525,1.0,1.0,0.7354714930057525
4,175,INT14,2043,CTATCGGGTCTCAACA-1,7719,7708,0.43688742220401766,0.08162273344881397,1.1525987386703491,1.0,1.0,0.7368840754032135
4,176,INT14,2237,CTTGAGTTAGGGTAAT-1,8479,5086,0.43686655163764954,0.07721350048878534,1.2764267921447754,1.0,1.0,0.7216133832931518
4,177,INT14,1206,CACATCGTGCACGCGC-1,12472,11096,0.43674391210079194,0.08102259287417432,1.2004566371440888,1.0,1.0,0.7304273962974548
4,178,INT14,2864,GGAGTACACATGAGCT-1,3726,15029,0.43660740554332733,0.07874834593739888,1.2061701953411101,1.0,1.0,0.7254541516304016
4,179,INT14,3681,TATTGCCGGGCTTGTA-1,13803,2900,0.4365609109401703,0.07808621530149079,1.172081744670868,1.0,1.0,0.7309049963951111
4,180,INT14,785,AGTCGGCCCAAACGAC-1,5817,10986,0.43644548058509824,0.08099523970990868,1.2947982251644135,1.0,1.0,0.728291642665863
4,181,INT14,119,AACGTACTGTGGGTAC-1,10190,10658,0.4364407598972321,0.08002079153338543,1.1039577066898345,1.0,1.0,0.7284889340400695
4,182,INT14,917,ATATTCAGTTAAACCT-1,9430,10877,0.4364228069782257,0.08684236136911964,1.160033541917801,1.0,1.0,0.7388821482658386
4,183,INT14,2028,CTAGGGATAGGGACAA-1,14564,10549,0.43641000986099243,0.08712962131481528,1.1418434262275696,1.0,1.0,0.7339215517044068
4,184,INT14,3671,TATTAACCTGACCGCG-1,11902,10331,0.43633922934532166,0.08028754819190145,1.147900688648224,1.0,1.0,0.7473647713661193
4,185,INT14,570,AGACTGTTACCGGGTC-1,13042,10331,0.43629610538482666,0.08446198858535255,1.1610601544380188,1.0,1.0,0.734364676475525
4,186,INT14,2406,GACTGCACCAGCCCAG-1,9810,6506,0.43629535734653474,0.08323834682524629,1.1850127458572388,1.0,1.0,0.7277284920215606
4,187,INT14,1551,CCCTGCGCTACGCATA-1,7528,12625,0.4362261086702347,0.081637090796502,1.195651012659073,1.0,1.0,0.7386961042881012
4,188,INT14,1033,ATGTAGCGCGCGTAGG-1,13993,7380,0.43620326519012453,0.07578707375095793,1.2463599920272828,1.0,1.0,0.7401601731777191
4,189,INT14,2088,CTCGAGGTCGAACAGT-1,6578,8801,0.4359564661979675,0.07808701994265671,1.1047881662845611,1.0,1.0,0.7268965005874634
4,190,INT14,3931,TCTAGTTATCAGAAGA-1,7529,9347,0.43593438565731046,0.08345443023492978,1.176526916027069,1.0,1.0,0.737159276008606
4,191,INT14,1612,CCGGTGCGAGTGATAG-1,2395,14483,0.43592424094676974,0.0827639514943209,1.0241681516170502,1.0,1.0,0.7451377630233764
4,192,INT14,3882,TCGGCGAACCCAAACC-1,10381,3774,0.43578630983829497,0.08289782823188253,1.2058591187000274,1.0,1.0,0.7278445661067963
4,193,INT14,4003,TGAACAAGCAGGGACT-1,13613,11314,0.4357832044363022,0.08174435066056554,1.2125757932662964,1.0,1.0,0.7423555731773377
4,194,INT14,2678,GCGAATGGACTAGCGA-1,15324,7271,0.43577793538570403,0.0798826878779843,1.1357714653015136,1.0,1.0,0.7302898406982422
4,195,INT14,3495,TACCTTAAGATTTCCC-1,10381,12079,0.4357211321592331,0.07952935520290073,1.145299232006073,1.0,1.0,0.7321787595748901
4,196,INT14,4044,TGATACATTTAGCCGT-1,11521,10549,0.43571620881557466,0.08150994837204584,1.1318580746650695,1.0,1.0,0.7386079907417298
4,197,INT14,4254,TGTGGCGGGCTTCTGG-1,13423,8801,0.4356308192014694,0.0785073801569074,1.0702240943908692,1.0,1.0,0.7378441989421844
4,198,INT14,3040,GGTCAAGACTACTTCG-1,11141,3774,0.43562321960926054,0.07640018087807382,1.1765990376472473,1.0,1.0,0.7267907559871674
4,199,INT14,2730,GCGTCCCTAAGACATA-1,13233,10659,0.43560169339179994,0.0862274181198835,1.052351951599121,1.0,1.0,0.7344128429889679
4,200,INT14,692,AGGATAAAGTCGGGAT-1,11141,8145,0.43550234436988833,0.08121881178498233,1.1890222668647765,1.0,1.0,0.7369213998317719
4,201,INT14,684,AGGACATCGGCACACT-1,13993,1917,0.4353958398103714,0.08019796934693646,1.1863944232463837,1.0,1.0,0.7274296879768372
4,202,INT14,3048,GGTCGGTAATTAGACA-1,3346,11314,0.43535826206207273,0.0836131865835228,1.1083010017871857,1.0,1.0,0.7282832503318787
4,203,INT14,1306,CAGGCAGTCTTACCAG-1,13423,5960,0.4353483319282532,0.0788693866273962,1.1645737767219544,1.0,1.0,0.7407483458518982
4,204,INT14,4228,TGTAGGAGAAATTTCC-1,7529,5850,0.4353454828262329,0.07772248030917846,1.1471184074878693,1.0,1.0,0.7356617033481598
4,205,INT14,422,ACGCAAACTAATAGAT-1,13042,10112,0.43519833087921145,0.08048725259762318,1.096457439661026,1.0,1.0,0.7352718770503998
4,206,INT14,1677,CCTGAATATTTACATA-1,5437,7489,0.4350839465856552,0.07948647171339608,1.1977067470550538,1.0,1.0,0.7309539020061493
4,207,INT14,3246,GTGACCGCACACTACG-1,8479,5304,0.43500045835971834,0.08238537230804656,1.1566429316997529,1.0,1.0,0.7381348609924316
4,208,INT14,3771,TCCAGGCAGGACGATC-1,14754,9129,0.43494623005390165,0.07276399346084206,1.2387917399406434,1.0,1.0,0.7242714405059815
4,209,INT14,3912,TCGTTAGGAGTCCCTA-1,10951,9347,0.4348093867301941,0.07883047522661005,1.2166197717189788,1.0,1.0,0.7397865891456604
4,210,INT14,1393,CATGGTCTAGATACCG-1,6008,8036,0.43477128744125365,0.08052115897490661,1.072510015964508,1.0,1.0,0.733208417892456
4,211,INT14,2228,CTTCGGCCAATTGTTT-1,10571,3228,0.434755939245224,0.07668403956727418,1.0781842052936554,1.0,1.0,0.7373969197273255
4,212,INT14,2464,GAGTAAATTAAGAACC-1,13993,1698,0.43466091752052305,0.08086345219659516,1.2726401388645172,1.0,1.0,0.7283915340900421
4,213,INT14,4453,TTGAAGAATTCCCAGG-1,7148,9784,0.43451915979385375,0.08005902691867373,1.04986891746521,1.0,1.0,0.730834299325943
4,214,INT14,1351,CATAGTGGGCACGCCT-1,14564,1589,0.4345144897699356,0.08035063621627575,1.107276940345764,1.0,1.0,0.7328480005264282
4,215,INT14,4534,TTGTAAGGCCAGTTGG-1,6198,6397,0.4344978928565979,0.07974707802731675,1.1706463515758514,1.0,1.0,0.7290319204330444
4,216,INT14,3283,GTGCTCAAGTACTGTC-1,7529,9566,0.4342567354440689,0.0835645879394104,1.1134640634059907,1.0,1.0,0.7314488589763641
4,217,INT14,1686,CCTGCTATTTGAGAAG-1,6008,9784,0.4340426534414291,0.08048168477307632,1.1309805750846862,1.0,1.0,0.7335822463035584
4,218,INT14,3738,TCAGCCAATCCGTAAA-1,13043,3774,0.43397334814071653,0.0792276847234471,1.2202291786670685,1.0,1.0,0.7329104661941528
4,219,INT14,3359,GTTCGGGCGTACCATT-1,7149,3446,0.4339218705892563,0.07875211939999115,1.1407296776771545,1.0,1.0,0.7227933824062347
4,220,INT14,365,ACCCATCTTGAGGGTA-1,8099,11205,0.43390213549137113,0.08204703617979983,1.1552554845809937,1.0,1.0,0.7412067651748657
4,221,INT14,1488,CCATGCCCTAGATTTC-1,11712,4539,0.433889439702034,0.08040258691639338,1.1559921681880951,1.0,1.0,0.7223417639732361
4,222,INT14,1084,ATTCGTTTATCGTATT-1,15514,3228,0.43380323350429534,0.08293508137282671,1.1492426872253418,1.0,1.0,0.7320941686630249
4,223,INT14,259,AATTCCAACTTGGTGA-1,1634,13827,0.4338015019893646,0.07698395250946437,1.143426203727722,1.0,1.0,0.732282954454422
4,224,INT14,2403,GACTCTAGAGTTCCAA-1,15134,9129,0.4337809860706329,0.07966069979248377,1.13121497631073,1.0,1.0,0.7260514736175537
4,225,INT14,396,ACCGTGACCACGTGGG-1,12662,10986,0.43372073471546174,0.08247355026699954,1.1050433814525604,1.0,1.0,0.7371813535690308
4,226,INT14,4418,TTCGGTACTGTAGAGG-1,13803,8364,0.4336740106344223,0.07967126474846092,1.1651180744171143,1.0,1.0,0.7347549259662628
4,227,INT14,3142,GTAGTGAGCAACCTCA-1,14184,2900,0.4336540400981903,0.07706581055758398,1.208692044019699,1.0,1.0,0.7278234899044037
4,228,INT14,4105,TGCCTTGCCCTTACGG-1,1064,14155,0.433623218536377,0.08358946795902292,1.0910213887691498,1.0,1.0,0.7421776235103608
4,229,INT14,4151,TGGACCAATCTAAGAT-1,12852,6506,0.43354194760322573,0.08198312071121669,1.175080668926239,1.0,1.0,0.7310905694961548
4,230,INT14,1692,CCTGTCACCCGGGCTC-1,6578,7927,0.43345611691474917,0.08308491884324558,1.184208130836487,1.0,1.0,0.7235234141349792
4,231,INT14,2608,GCATCCCTAACTTTGA-1,4106,10658,0.4334019809961319,0.07484876434974212,1.235048633813858,1.0,1.0,0.7348010838031769
4,232,INT14,4150,TGGACACCGTTGCTTG-1,4867,14155,0.4334012597799301,0.08570939996647105,1.172501677274704,1.0,1.0,0.7237564027309418
4,233,INT14,4481,TTGCACAATTCAGAAA-1,9240,9019,0.4333595186471939,0.08561239875151128,1.220330113172531,1.0,1.0,0.7355205178260803
4,234,INT14,37,AAAGGCTCTCGCGCCG-1,11521,9238,0.4333472937345505,0.08109582366177848,1.183398813009262,1.0,1.0,0.7287069201469422
4,235,INT14,4143,TGGAAACGGAGTGAAC-1,2205,13499,0.4332870960235596,0.07831985425461704,1.112444031238556,1.0,1.0,0.7309227287769318
4,236,INT14,4314,TTACCGCCTTAGGGAA-1,3155,12953,0.4330780774354935,0.08272377256138289,1.0852939456701278,1.0,1.0,0.7354866027832031
4,237,INT14,2291,GAACCATCTGGGAGAC-1,1825,9347,0.4330684900283813,0.07806733929270546,1.1581646382808686,1.0,1.0,0.7329753696918487
4,238,INT14,2282,GAAATGGCGGTGTTAG-1,6768,9566,0.43306744694709776,0.08063102428412093,1.1897007763385772,1.0,1.0,0.7316124618053437
4,239,INT14,320,ACAGGTGGAGGTGAGG-1,10761,10986,0.4330519735813141,0.08070328806130928,1.1458145141601563,1.0,1.0,0.7250241637229919
4,240,INT14,2452,GAGGCTATCAAAGTCG-1,7719,12297,0.43302896022796633,0.07881676869456984,1.278426969051361,1.0,1.0,0.7291351854801178
4,241,INT14,2486,GATAGATAGTACAGTC-1,14944,4649,0.43301990032196047,0.075674097401211,1.1720338702201842,1.0,1.0,0.7293024361133575
4,242,INT14,2239,CTTGCAACCGCCTCCT-1,9240,12516,0.4330011397600174,0.08000411224185822,1.194763332605362,1.0,1.0,0.7291421055793762
4,243,INT14,897,ATAGGTTGGGCAGATG-1,6388,8254,0.4329944282770157,0.08533165021594544,1.2247339963912964,1.0,1.0,0.7281033098697662
4,244,INT14,3884,TCGGCGTACTGCACAA-1,10380,13827,0.4329322069883347,0.08293230069842354,1.0998810648918151,1.0,1.0,0.728503692150116
4,245,INT14,1641,CCTAGGTAAAGGTAGC-1,10761,14046,0.4328978657722473,0.08173336231434009,1.0968705058097838,1.0,1.0,0.7215326964855194
4,246,INT14,532,ACTTGGGACCCGGTGG-1,6578,9893,0.43283564448356626,0.07912647106732328,1.1400717496871948,1.0,1.0,0.7224894762039185
4,247,INT14,959,ATCGCACGCCGGGAGA-1,5817,9019,0.43281139731407164,0.07963711043380149,1.159952837228775,1.0,1.0,0.7360935688018799
4,248,INT14,4152,TGGACCACGGCGTTGA-1,2395,13171,0.43278815448284147,0.0842990539735387,1.1345206379890442,1.0,1.0,0.7425876438617707
4,249,INT14,135,AACTCGATGGCGCAGT-1,3155,12297,0.43274514079093934,0.08039371815424771,1.170697569847107,1.0,1.0,0.7322793006896973
4,250,INT14,2209,CTTACTGACTCCTCTG-1,13993,1480,0.4327421933412552,0.07990829452379593,1.0735966920852662,1.0,1.0,0.729009610414505
4,251,INT14,2453,GAGGGAGTCAGATCGC-1,13423,10768,0.43270231783390045,0.07818831313879163,1.2142031610012054,1.0,1.0,0.7367408156394959
4,252,INT14,4479,TTGATTATGCAGATGA-1,6198,11642,0.43268944323062897,0.07897736851471661,1.1770947575569153,1.0,1.0,0.7314231932163239
4,253,INT14,347,ACCACAACTCAGAACA-1,2395,6397,0.43268399238586425,0.07564964111709731,1.1785424053668976,1.0,1.0,0.7257279276847839
4,254,INT14,2682,GCGACGGTAGTCTCCT-1,14944,7490,0.4326733946800232,0.07891007851114709,1.096375733613968,1.0,1.0,0.7212701976299286
4,255,INT14,3132,GTAGAGGGAGACAAGT-1,10761,11861,0.4326286017894745,0.08148880327415806,1.19838707447052,1.0,1.0,0.733495557308197
4,256,INT14,3752,TCATCCTCAGCTGCTT-1,13993,5414,0.43262357711791993,0.08343110749149142,1.1793012082576753,1.0,1.0,0.7329053759574891
5,1,INT14,4408,TTCGCCGCTCGCGCTA-1,11901,14265,0.1795247495174408,0.0129625824922495,0.3140853807330132,0.5,0.0,0.16321276128292084
5,2,INT14,2534,GATGGTGCCCTAGGCA-1,2965,6724,0.178927044570446,0.015435966279236723,0.19980641063302756,0.4,0.0,0.14291225075721742
5,3,INT14,86,AACATTGAAGTTGATC-1,13803,12735,0.1747096672654152,0.008019246229491291,0.32097467258572576,0.4,0.0,0.12088774740695954
5,4,INT14,1935,CGTCGCGGCGGGATTT-1,3345,13718,0.17387036830186844,0.013562437074433092,0.22048813179135324,0.5,0.0,0.16276785731315613
5,5,INT14,1811,CGCGAAGTGGCATACT-1,13233,4758,0.17354605793952943,0.012452577101452408,0.22308714082464576,0.2,0.0,0.06559511721134186
5,6,INT14,641,AGCGACATCCCATTCA-1,4296,8801,0.17272875905036927,0.011249564548194096,0.30452453047037126,0.3,0.0,0.09516717195510864
5,7,INT14,4351,TTATCGCCTGCGAAGC-1,6198,13390,0.1726205289363861,0.012633640960155715,0.23919530007988216,0.5,0.0,0.15877439677715302
5,8,INT14,1177,CAATCCTGCCGTGGAG-1,3726,12625,0.17176710665225983,0.00916560858232276,0.25213284688070414,0.4,0.0,0.11840277910232544
5,9,INT14,2087,CTCGAGGCAAGTTTCA-1,14754,11751,0.17145565152168274,0.013430631452556713,0.1838567870669067,0.3,0.0,0.09774334132671356
5,10,INT14,241,AATGAGTTCGCATATG-1,3916,12953,0.1713709607720375,0.011644587140735624,0.256429323554039,0.3,0.0,0.09313234984874726
5,11,INT14,4401,TTCGAACGAAACATGC-1,15134,10659,0.1710137739777565,0.012525610429989344,0.1663187935948372,0.3,0.0,0.09221318662166596
5,12,INT14,2132,CTGCAAGCACGTTCCG-1,12662,3119,0.17093514502048493,0.011604451785026537,0.2145574487745762,0.1,0.0,0.032681670784950254
5,13,INT14,881,ATACTCTCGCCACTCT-1,2775,12516,0.1706741064786911,0.012207854049177552,0.29642128124833106,0.4,0.0,0.12932047843933106
5,14,INT14,1892,CGGTAGAGGTGCAGGT-1,5247,5195,0.17065810710191726,0.010213607974484326,0.21281262971460818,0.4,0.0,0.12513883411884308
5,15,INT14,3615,TATAAATCCACAAGCT-1,4867,10440,0.16995302140712737,0.010956962552508762,0.07769110947847366,0.3,0.0,0.09427300989627838
5,16,INT14,2580,GCACCTAGGCGAGTCC-1,14944,3993,0.16955571323633195,0.014126635693681232,0.19650436891242862,0.2,0.0,0.062005674839019774
5,17,INT14,4376,TTCAGTTCAAGAGGAG-1,14754,11096,0.16951254904270172,0.012171593297178361,0.249543344322592,0.4,0.0,0.1239573448896408
5,18,INT14,1143,CAACGACCCGTTTACA-1,4867,9784,0.1694034904241562,0.014376193781322598,0.11270691528916359,0.3,0.0,0.09672114551067353
5,19,INT14,3673,TATTATGTTTGCCTGC-1,11902,13390,0.16931939125061035,0.0154391005470124,0.23511923970654608,0.1,0.0,0.03226952254772186
5,20,INT14,4306,TTACACGATCTGCGAC-1,12853,3228,0.16910756826400758,0.011751465409926356,0.2070860548876226,0.2,0.0,0.06594292223453521
5,21,INT14,3332,GTTACGGCCCGACTGC-1,1634,10986,0.16881661415100097,0.012052997707755052,0.3320162855088711,0.5,0.0,0.15083450078964233
5,22,INT14,1501,CCCAAGAATGCACGGT-1,1444,5632,0.16878408044576645,0.011503797875488893,0.16284328624606131,0.3,0.0,0.093204066157341
5,23,INT14,2702,GCGCTAAGTATGCATG-1,1444,5850,0.16876820027828215,0.011410673143214298,0.22740809414535762,0.3,0.0,0.09030853509902954
5,24,INT14,3300,GTGGGAAGACTGAATC-1,9620,13609,0.16874373108148574,0.013283729369080177,0.2538889776915312,0.2,0.0,0.06598864793777466
5,25,INT14,4149,TGGAATTAGACGCTTT-1,6007,13281,0.16854682564735413,0.013861880725140892,0.19461819976568223,0.3,0.0,0.09875720739364624
5,26,INT14,1680,CCTGACGCAACCTTTA-1,1635,5741,0.1683434173464775,0.010855949258879323,0.2697107452899218,0.2,0.0,0.05980623066425324
5,27,INT14,2307,GAAGCAAGGCAATGTT-1,1254,10549,0.16821173578500748,0.011260414702926966,0.30306377783417704,0.1,0.0,0.02913506329059601
5,28,INT14,2808,GCTTCCATGTAACCGC-1,15134,4102,0.1680932015180588,0.011786311327294916,0.17434019409120083,0.2,0.0,0.06402862668037415
5,29,INT14,110,AACGATAGAAGGGCCG-1,3916,9456,0.16789568066596985,0.011362897260676472,0.08324172790162265,0.3,0.0,0.09244972169399261
5,30,INT14,3969,TCTGGCGCAAGCCGGG-1,7528,14592,0.16763900369405746,0.01462907978941625,0.17795157469809056,0.3,0.0,0.09445909559726715
5,31,INT14,628,AGCCCGGCATTAGAGG-1,13233,12407,0.16759150624275207,0.008704955998129493,0.16613765098154545,0.3,0.0,0.08576464354991913
5,32,INT14,3234,GTCTGTAGGTTGAACA-1,14944,10986,0.16757490783929824,0.011191526934424002,0.3194779880344868,0.2,0.0,0.06206420958042145
5,33,INT14,3492,TACCTCCACACCAATG-1,13423,12079,0.16755788624286652,0.007974931589349317,0.19658841099590063,0.4,0.0,0.1212458610534668
5,34,INT14,271,ACAAATCGCACCGAAT-1,10571,6288,0.1675501897931099,0.013942960966755328,0.003910082578659058,0.4,0.0,0.13186419904232025
5,35,INT14,4244,TGTCGTTATCACATAT-1,12662,13609,0.1673928678035736,0.012704444610268333,0.2610332366079092,0.2,0.0,0.06451380550861359
5,36,INT14,904,ATATACATGTATGGTA-1,10380,15139,0.16737030148506166,0.010473585700850318,0.16627459228038788,0.3,0.0,0.09166564345359803
5,37,INT14,1491,CCATGGCAAACGCTCA-1,15134,10877,0.16725744903087617,0.013717177105050323,0.12109408369287848,0.3,0.0,0.09279284477233887
5,38,INT14,120,AACGTAGTCTACCCAT-1,1254,10767,0.16692784279584885,0.009076448645915428,0.18852165788412095,0.5,0.0,0.14517188668251038
5,39,INT14,140,AACTGGGTCCCGACGT-1,4867,8036,0.16675909906625747,0.014477474181399727,0.1393264912068844,0.4,0.0,0.1255803734064102
5,40,INT14,1402,CATTATCCCATTAACG-1,13803,11861,0.16668947786092758,0.014218344942723766,0.2550280086696148,0.3,0.0,0.09125256836414337
5,41,INT14,3312,GTGTATGACTTTAAAG-1,2015,10767,0.16668363362550737,0.012828585708108112,0.09259947761893272,0.3,0.0,0.0919410079717636
5,42,INT14,3381,GTTTCAAACGAGTTGT-1,12662,3337,0.16663445234298707,0.012351741628467213,0.17119731679558753,0.4,0.0,0.1231397807598114
5,43,INT14,4544,TTGTGGCCCTGACAGT-1,4486,8691,0.16633399277925492,0.014056251174333543,0.10317681590095162,0.2,0.0,0.06371241211891174
5,44,INT14,3583,TAGGCGATGAGGTCTC-1,11521,14046,0.16623692363500595,0.00830315168076477,0.2545669719576836,0.1,0.0,0.029330462217330933
5,45,INT14,2836,GGACAACCATGAAGCC-1,14374,4102,0.16620804071426393,0.011727598396163313,0.11187797263264657,0.2,0.0,0.06286360323429108
5,46,INT14,2536,GATGTCCGGATCACAT-1,2395,11205,0.1660783126950264,0.012003064557340468,0.14456953173503279,0.1,0.0,0.027281540632247924
5,47,INT14,2602,GCAGGTAGAGTATGGT-1,4487,4976,0.16603796035051346,0.012524933549024703,0.06491136625409126,0.1,0.0,0.031603649258613586
5,48,INT14,3754,TCATCGATGGTCCCAA-1,11902,12079,0.1660272568464279,0.012599456451646776,0.11465851003304124,0.3,0.0,0.0896323561668396
5,49,INT14,1436,CCAATTGAATGTTAAT-1,4867,10221,0.16557551622390748,0.009868149250889543,0.214320080447942,0.3,0.0,0.0862914502620697
5,50,INT14,1391,CATGGGTCGGGTGTGG-1,5057,5960,0.16557089984416962,0.014524526071706978,0.1693447177298367,0.2,0.0,0.0666388750076294
5,51,INT14,3302,GTGGGTACTGAGCGTA-1,10571,15029,0.1653413623571396,0.012583859094637655,0.2469635524787009,0.3,0.0,0.09185159206390381
5,52,INT14,1913,CGTAAAGCAAGAAATC-1,14373,12188,0.16509101092815398,0.011101670238995878,0.3122460405342281,0.1,0.0,0.030450439453125
5,53,INT14,2572,GCACAAACCCTAGATG-1,13423,12953,0.165048511326313,0.011865791708074206,0.22325171679258346,0.3,0.0,0.08795523345470428
5,54,INT14,2295,GAACGACCGAATGATA-1,4677,8364,0.16496288478374482,0.012090654781708352,0.09120559841394424,0.0,0.0,0.0
5,55,INT14,4246,TGTGACTACGCCAGTC-1,5057,7271,0.16494957208633423,0.010550664989707154,0.07950616553425789,0.1,0.0,0.03055979609489441
5,56,INT14,4242,TGTCGGCATGGTGGAA-1,2775,12734,0.16479668915271758,0.010728202276753926,0.28353600203990936,0.3,0.0,0.09167157113552094
5,57,INT14,870,ATACGAGGTTTGTAAG-1,15324,9894,0.16476405411958694,0.012064167785482239,0.2473933766130358,0.3,0.0,0.08886354565620422
5,58,INT14,2698,GCGCGATGGGTCAAGT-1,1444,10440,0.16464519798755645,0.013510969472579492,0.18099261559545993,0.5,0.0,0.1513080358505249
5,59,INT14,696,AGGATTGCTTACGACA-1,6768,2135,0.1646442696452141,0.01121914591910256,0.16680397251620888,0.3,0.0,0.09217674136161805
5,60,INT14,3712,TCACAGATCCTCAAAC-1,3155,13609,0.16459081321954727,0.010850105894185672,0.25520223947241905,0.5,0.0,0.14897098541259765
5,61,INT14,609,AGCACACGTTTAGACT-1,13993,12407,0.16455378830432893,0.009630629919704946,0.30161860776133836,0.3,0.0,0.08839023113250732
5,62,INT14,141,AACTGGGTTCGAGCCG-1,1635,5522,0.16453748643398286,0.01003370534765807,0.1543388407677412,0.4,0.0,0.1162225216627121
5,63,INT14,2629,GCCAGGCGTTCGCATG-1,2775,5522,0.16451719850301744,0.013908221909786921,0.12089792834594845,0.2,0.0,0.061890053749084475
5,64,INT14,1908,CGGTTGAGTATCCTTC-1,13613,11970,0.16435367465019227,0.00998734164893795,0.16138605596497654,0.2,0.0,0.0618243008852005
5,65,INT14,3051,GGTCTCCAAGTAGTGC-1,10381,1589,0.16434988677501677,0.010953199881043603,0.20741066224873067,0.1,0.0,0.03207064867019653
5,66,INT14,4036,TGAGGCATGTACTGTG-1,11711,14374,0.16430802941322326,0.009986438063598564,0.19095019958913326,0.2,0.0,0.06093425452709198
5,67,INT14,210,AATACCTGATGTGAAC-1,15134,4321,0.16429267823696136,0.010144740886662895,0.20824366472661496,0.1,0.0,0.030211231112480162
5,68,INT14,742,AGGTCGCCTCCCAACA-1,12662,2026,0.1642660453915596,0.00840147693896305,0.45674082711339,0.4,0.0,0.1134041965007782
5,69,INT14,2729,GCGTCCAGCTCGTGGC-1,1634,11423,0.16414931416511536,0.011901345674887718,0.3350242268294096,0.2,0.0,0.05865458846092224
5,70,INT14,3569,TAGCGTCGAATATTGA-1,7528,14811,0.16402964740991594,0.011512780561979153,0.07493420466780662,0.4,0.0,0.12126330435276031
5,71,INT14,102,AACCGTTGTGTTTGCT-1,3346,8254,0.16394550800323487,0.01087686180968592,0.25179866775870324,0.2,0.0,0.059316468238830564
5,72,INT14,1124,CAAACTATTGAGCTTC-1,3156,7052,0.16393758058547975,0.014389127612712122,0.18838617913424968,0.2,0.0,0.06659022569656373
5,73,INT14,1818,CGCGCCCGACTTAATA-1,5057,7052,0.16391063928604127,0.010980240659891055,0.1324729099869728,0.3,0.0,0.09058094024658203
5,74,INT14,3214,GTCGTCAATTATAAGG-1,3155,10330,0.1637979507446289,0.011455182890884829,0.2738215409219265,0.4,0.0,0.11765117645263672
5,75,INT14,2304,GAAGAAACGATATTGT-1,12282,12079,0.1636945053935051,0.011829637662382585,0.08864727346226572,0.2,0.0,0.06070021688938141
5,76,INT14,193,AAGTGCCTTGACTGTA-1,9430,3884,0.16368956863880157,0.010467188964419697,0.1615187805145979,0.2,0.0,0.061109486222267154
5,77,INT14,4192,TGGGTAAGGTTCCCGC-1,3536,6615,0.1636672779917717,0.01039834367654229,0.1455006368458271,0.1,0.0,0.03125026524066925
5,78,INT14,296,ACACATGATCAAATCT-1,12472,13500,0.163598170876503,0.012707067074001752,0.1782280346378684,0.3,0.0,0.09291218519210816
5,79,INT14,3804,TCCGATGACTGAGCTC-1,5247,6943,0.16358922719955443,0.012338868419496399,0.09944973513484001,0.3,0.0,0.09007949531078338
5,80,INT14,462,ACGTGGTCGAATGTGC-1,1444,6724,0.1633345901966095,0.01166956289695551,0.21680068746209144,0.1,0.0,0.026959490776062012
5,81,INT14,2216,CTTATAGATGGCTGTT-1,12662,2245,0.16329784393310548,0.011810544835336724,0.24442579858005048,0.3,0.0,0.08603211045265198
5,82,INT14,4333,TTAGCTAATACGATCT-1,5247,4539,0.16317082494497298,0.012415925089980068,0.12229309342801571,0.3,0.0,0.09181050658226013
5,83,INT14,1211,CACATTTCTTGTCAGA-1,9430,3446,0.16307587176561356,0.01232400033494955,0.0708703556098044,0.3,0.0,0.09364709556102753
5,84,INT14,965,ATCGGCAAGCAGTCCA-1,4867,4758,0.163014717400074,0.00944075992050785,0.22833653576672078,0.0,0.0,0.0
5,85,INT14,1944,CGTGACATTGGGTCGT-1,3916,6178,0.16291144341230393,0.01423674764535785,0.10967954671941697,0.0,0.0,0.0
5,86,INT14,2076,CTCCGAGTAAATCCGC-1,1254,1807,0.1629101276397705,0.011292634553844718,0.12379969996400178,0.0,0.0,0.0
5,87,INT14,3932,TCTATAGGTGGGTAAT-1,13423,3337,0.1628715693950653,0.01261906362540768,0.012098001688718796,0.2,0.0,0.06471113860607147
5,88,INT14,1011,ATGCTTAGGAGTTGAT-1,11712,3009,0.16272364556789398,0.015286993358371415,0.18646214343607426,0.2,0.0,0.06035135388374328
5,89,INT14,1333,CATAAGCTCTCCGTCT-1,9050,13718,0.16263098269701004,0.00950672706818031,0.17703323513269426,0.2,0.0,0.06097614467144012
5,90,INT14,3415,TAACATACACGCGATC-1,11521,12516,0.16261008828878404,0.012219864511482806,0.1250384643673897,0.2,0.0,0.0625116467475891
5,91,INT14,1801,CGCCCTTGAAGGCTGA-1,5627,13062,0.16259962171316147,0.009818178257066327,0.20793086439371108,0.3,0.0,0.08728733956813813
5,92,INT14,4203,TGGTCGATATACCTCT-1,14944,11205,0.1625676542520523,0.013898256016819786,0.20240048887208104,0.2,0.0,0.06293123662471771
5,93,INT14,3658,TATGGAGTTTCTCGTT-1,2205,11751,0.1624927520751953,0.0115573394754656,0.1666744140908122,0.3,0.0,0.08995541632175445
5,94,INT14,2828,GGAACGGCCTGCAGCC-1,5817,13609,0.16239961683750154,0.011547956938185756,0.31686849761754277,0.4,0.0,0.12089999616146088
5,95,INT14,3161,GTATTAAGGCGTCTAA-1,4867,12407,0.16239023953676224,0.011833770326362023,0.09801830872893333,0.2,0.0,0.06296610832214355
5,96,INT14,479,ACTATCTGCCCGCGTA-1,11141,2900,0.1623676061630249,0.013901040247421132,0.05239362195134163,0.0,0.0,0.0
5,97,INT14,3701,TCAACTAACGTATAAC-1,6958,13172,0.16233770549297333,0.011086097231417307,0.18824058584868908,0.3,0.0,0.08884340226650238
5,98,INT14,448,ACGGCGGGTTGCCCTG-1,2015,11860,0.16232995986938475,0.008665895255257672,0.14606428742408753,0.5,0.0,0.13869977593421937
5,99,INT14,2064,CTCAGCAGACTGCCGA-1,1445,3009,0.16228868812322617,0.013165441666554369,0.17739669159054755,0.1,0.0,0.030822664499282837
5,100,INT14,937,ATCATAGATCGACGAG-1,15134,10440,0.162199068069458,0.009867562933375571,0.15408871956169606,0.1,0.0,0.030610689520835878
5,101,INT14,2532,GATGGCGCACACATTA-1,4676,12079,0.16218002736568451,0.012236567581536009,0.12739095874130726,0.1,0.0,0.02837563753128052
5,102,INT14,3343,GTTATTAAATACGACC-1,1635,5959,0.16216593235731125,0.008622410152827342,0.21083566248416902,0.5,0.0,0.13241174817085266
5,103,INT14,4285,TTAACCAACCCTCCCT-1,4677,9238,0.1621198832988739,0.012619414732436975,0.17785357972607016,0.2,0.0,0.06528393328189849
5,104,INT14,3426,TAAGATTTAGCGGGAG-1,1824,11314,0.1620856285095215,0.011194916661442122,0.2382688879966736,0.3,0.0,0.09097852408885956
5,105,INT14,1399,CATTACGCAGGAAGGG-1,14564,4212,0.1620730936527252,0.009154965590491214,0.08621669486165047,0.3,0.0,0.08490229845046997
5,106,INT14,2098,CTCGGTTGTCGGCCCT-1,11711,12407,0.16205128878355027,0.012984397193350407,0.06891259998083114,0.0,0.0,0.0
5,107,INT14,4434,TTCTGCGAGCGCCCTT-1,7338,13390,0.16196300983428955,0.00793623551474228,0.13733356334269048,0.1,0.0,0.02888087332248688
5,108,INT14,3649,TATCTTGCAATACAAC-1,11711,13500,0.16186478286981582,0.011108351149206,0.08877064436674117,0.1,0.0,0.02759971022605896
5,109,INT14,4415,TTCGGGACTAATCGCG-1,7909,7380,0.16184701174497604,0.008968173323093262,0.1350732047110796,0.4,0.0,0.11487029790878296
5,110,INT14,3611,TAGTGGAACTCATACA-1,1635,6178,0.16184579581022263,0.008139595906033597,0.14809907265007496,0.3,0.0,0.08778429329395294
5,111,INT14,3159,GTATGACGTGGGAAAC-1,2395,12079,0.1617986246943474,0.009192729431064157,0.07528168596327305,0.3,0.0,0.08952343463897705
5,112,INT14,3727,TCACTCAGCGCATTAG-1,1064,10440,0.16177202761173248,0.009124308577930463,0.21636444870382548,0.4,0.0,0.10892170667648315
5,113,INT14,4531,TTGGTTGCGGTGCGCG-1,11141,12735,0.1617247134447098,0.014698229664555524,0.0559451456181705,0.1,0.0,0.032021206617355344
5,114,INT14,1400,CATTACGTCGGCCCGT-1,4677,8145,0.1616758495569229,0.007367573916843648,0.1638458733446896,0.4,0.0,0.11194812059402466
5,115,INT14,2756,GCTAGCGATAGGTCTT-1,13613,12626,0.16165937781333922,0.006985938336944025,0.14866723902523518,0.3,0.0,0.0876004546880722
5,116,INT14,2419,GAGAGGGCGCGAGGTT-1,8289,10877,0.16164748072624208,0.012727240693874868,0.24939149585552514,0.3,0.0,0.0888838529586792
5,117,INT14,3953,TCTGAACCGGTCGGCT-1,5057,11205,0.1616191163659096,0.009834913991247975,0.19137134812772275,0.1,0.0,0.02801201641559601
5,118,INT14,3634,TATCACCCAACCGACC-1,5627,4321,0.16161646246910094,0.009548637831658725,0.18741160165518522,0.5,0.0,0.13906205594539642
5,119,INT14,1560,CCGAACACTGGGCCTC-1,9430,13281,0.16159793436527253,0.0119755419114908,0.16633319295942783,0.0,0.0,0.0
5,120,INT14,1329,CAGTTCCGCGGGTCGA-1,6007,12407,0.1614901602268219,0.011287870306857083,0.12882429510354995,0.1,0.0,0.03257240355014801
5,121,INT14,807,AGTGCACGCTTAAGAA-1,10951,4758,0.16145575642585755,0.008995323360420544,0.10142545215785503,0.2,0.0,0.05865907073020935
5,122,INT14,2414,GAGAATCTCACGATCA-1,6958,14701,0.16144445687532424,0.008306269512567932,0.2914005129598081,0.0,0.0,0.0
5,123,INT14,3331,GTTACGAAATCCACGC-1,1634,11642,0.16142478883266448,0.010102527444502525,0.2111377753317356,0.3,0.0,0.08618668615818023
5,124,INT14,697,AGGCAAAGAGGAATCA-1,1254,10986,0.16134966909885406,0.01028418753644379,0.21339906491339206,0.2,0.0,0.058041909337043764
5,125,INT14,1597,CCGCTTCGCGGTTAAC-1,1444,11095,0.1613040879368782,0.010750278170342688,0.2746750670019537,0.4,0.0,0.11808779537677765
5,126,INT14,1342,CATACTTAGGCAATAC-1,8099,2900,0.16129658818244935,0.01085092610340324,0.18325642347335816,0.1,0.0,0.029747802019119262
5,127,INT14,3726,TCACTATCGTGCAATC-1,1824,11532,0.16129046380519868,0.01254756935670494,0.17286021411418914,0.2,0.0,0.05974586009979248
5,128,INT14,3942,TCTCCAACGTAGGTTA-1,4867,6724,0.1611677348613739,0.009580417549250191,-0.006015586107969284,0.2,0.0,0.05716906785964966
5,129,INT14,3079,GGTTACCGCTCCCTAC-1,15514,10440,0.16104387491941452,0.009606899834958755,0.0738976781256497,0.3,0.0,0.09024174213409424
5,130,INT14,4365,TTCAACGACCCGACCG-1,4867,10003,0.16102366000413895,0.012479907774417176,0.11548311114311219,0.0,0.0,0.0
5,131,INT14,4031,TGAGCAGTCGTGAAGT-1,2015,10986,0.1609763190150261,0.012089607384619597,0.27131763184443114,0.2,0.0,0.06222320199012756
5,132,INT14,4447,TTCTTGTAACCTAATG-1,5437,11423,0.16092718690633773,0.01200736180884553,0.08556193858385086,0.2,0.0,0.057055512070655824
5,133,INT14,1299,CAGCTCGTGCTTGTGT-1,3726,10658,0.16090827584266662,0.013475565855232149,0.07528452761471272,0.4,0.0,0.12316984534263611
5,134,INT14,2396,GACTACAAAGCGGTGG-1,10380,12953,0.16088403016328812,0.010353919519642828,0.047703284025192264,0.1,0.0,0.030661055445671083
5,135,INT14,1493,CCATGTTCATCTATAT-1,13993,12188,0.16087488681077958,0.009627991612340273,0.2097854983061552,0.5,0.0,0.13953858315944673
5,136,INT14,3262,GTGATGCACAACATCT-1,3346,4758,0.16086392104625702,0.00888372181251687,0.20942065715789795,0.2,0.0,0.0533459335565567
5,137,INT14,2271,GAAACTCGTGCGATGC-1,6388,12625,0.1607911244034767,0.012045884507255161,0.14359746277332305,0.1,0.0,0.03304376900196075
5,138,INT14,2089,CTCGATATTTGCGAGC-1,5437,4430,0.1607552409172058,0.013566148298862832,0.1682004939764738,0.2,0.0,0.05763162970542908
5,139,INT14,270,ACAAAGCATGACCTAG-1,13043,4649,0.16066367030143738,0.009994067093170342,0.17475254274904728,0.0,0.0,0.0
5,140,INT14,10,AAACCCGAACGAAATC-1,9620,2682,0.16057070344686508,0.010098226978255643,0.08983690813183784,0.0,0.0,0.0
5,141,INT14,3524,TACTCGGCACGCCGGG-1,7909,13499,0.16044864803552628,0.013734072438308192,0.08066700212657452,0.2,0.0,0.06161908507347107
5,142,INT14,3447,TAATAGGTCACCAGAA-1,12662,12953,0.16044491678476333,0.013554342399635226,0.11024469323456287,0.1,0.0,0.03226991891860962
5,143,INT14,2693,GCGCAAATATATTCAA-1,12092,12188,0.16041772365570067,0.011065830231017997,0.1979142867028713,0.0,0.0,0.0
5,144,INT14,4469,TTGAGCAGCCCACGGT-1,9430,2572,0.16038308590650557,0.007861143428080499,0.1660204842686653,0.4,0.0,0.1104868084192276
5,145,INT14,2380,GACGATATCACTGGGT-1,14754,11533,0.16036833226680755,0.010288159965608324,0.24008808294311165,0.3,0.0,0.09047832190990449
5,146,INT14,2637,GCCCAGATGCTGGAGA-1,8099,2026,0.16035351604223252,0.009907588773863085,0.11767121143639088,0.3,0.0,0.08814181685447693
5,147,INT14,1773,CGATGTTGTTATCTAC-1,12092,13937,0.16035073846578599,0.009326612421650365,0.1455162674188614,0.0,0.0,0.0
5,148,INT14,1778,CGCAATTACTTTCGGT-1,5437,11642,0.16033154875040054,0.010061959706912833,0.2649145435541868,0.1,0.0,0.03029334545135498
5,149,INT14,1936,CGTCGCTTGGTTATAC-1,13042,12516,0.16028315126895903,0.007898291102430484,0.23808600651100278,0.1,0.0,0.029000508785247802
5,150,INT14,2544,GATTAGAAACAAGCGT-1,15324,10331,0.1602807655930519,0.011842617872829676,0.14804481347091497,0.1,0.0,0.030916067957878112
5,151,INT14,1031,ATGTACATGCGGTGAG-1,13233,3010,0.16026799082756044,0.01283054493335896,0.15177783146500587,0.1,0.0,0.029025515913963316
5,152,INT14,35,AAAGGCCCTATAATAC-1,13613,12844,0.1602630853652954,0.0092938444546131,0.1977447211742401,0.3,0.0,0.08544321060180664
5,153,INT14,3139,GTAGGTGATCCGTGTA-1,4296,6615,0.16022674590349198,0.010782549832762384,0.1587020074017346,0.2,0.0,0.05413706600666046
5,154,INT14,1545,CCCTCGATAATACACA-1,14183,12079,0.16022010743618012,0.008228662729211118,0.19581185169517995,0.3,0.0,0.08221566379070282
5,155,INT14,1070,ATTCAGGACCTATTTC-1,4867,4539,0.16021957993507385,0.008315827201586013,0.13652520375326277,0.0,0.0,0.0
5,156,INT14,3454,TAATTACGTCAGTAGA-1,12853,4102,0.1602184608578682,0.008438756594879297,0.17074811784550548,0.1,0.0,0.02774294316768646
5,157,INT14,2691,GCGATTCTGGAAGCAG-1,2965,7162,0.16021038144826888,0.010285894255556335,0.3205863207578659,0.1,0.0,0.02838490903377533
5,158,INT14,3980,TCTTACCGGAACTCGT-1,5057,5304,0.16018011868000032,0.007391026199263054,0.17523597851395606,0.2,0.0,0.0537199467420578
5,159,INT14,454,ACGTACTTTGGCACGG-1,14373,11751,0.16011469811201096,0.011312434338735225,0.247521748021245,0.3,0.0,0.09118510484695434
5,160,INT14,2468,GAGTATACCCTAATCA-1,14373,11970,0.1600377306342125,0.011336207791494543,0.22953522764146328,0.0,0.0,0.0
5,161,INT14,1869,CGGCCCAACCTGTAGT-1,6388,3009,0.15989164113998414,0.010627333575371389,0.05905013754963875,0.0,0.0,0.0
5,162,INT14,1197,CACAGAGACGAGGACG-1,13232,13063,0.15985482782125474,0.010719147050924641,0.08626402840018273,0.1,0.0,0.029629036784172058
5,163,INT14,2906,GGCCACACGAAAGCCT-1,5247,15029,0.1598426043987274,0.010799751188727464,0.19536778442561625,0.3,0.0,0.08764072656631469
5,164,INT14,3005,GGGTATTCTAGCAAAC-1,11521,13609,0.1598229318857193,0.011989948506912951,0.1557147132232785,0.0,0.0,0.0
5,165,INT14,719,AGGGAGACATACTTCG-1,6578,2900,0.15979451388120652,0.014104618444283963,0.032101140916347505,0.2,0.0,0.06413956880569457
5,166,INT14,2603,GCAGTGTGGCTATAGG-1,12282,6178,0.15978633761405944,0.014070123602499176,0.11614484684541822,0.2,0.0,0.06445049047470093
5,167,INT14,2742,GCTAAGCCCAGTATGC-1,15134,3447,0.15976932942867278,0.00726429855438366,0.10936317965388298,0.3,0.0,0.08363237977027893
5,168,INT14,4316,TTACGGTGTCACCGAG-1,2015,11205,0.15976480543613433,0.009562278909732637,0.17918655574321746,0.4,0.0,0.11434926688671113
5,169,INT14,4138,TGCTGGTTGGACAATT-1,5057,10768,0.1597406432032585,0.0172771266488422,0.029118085280060768,0.1,0.0,0.035330277681350705
5,170,INT14,2245,CTTGTCGTACGTGTCA-1,1444,11532,0.15973295718431474,0.012472300584303554,0.0823846437036991,0.2,0.0,0.061976289749145506
5,171,INT14,1523,CCCGCTTGCCCTCGTC-1,1444,10877,0.15964767336845398,0.008551203556667861,0.17003266848623752,0.3,0.0,0.08441932499408722
5,172,INT14,1256,CACGTTTCGTACACAC-1,11522,5304,0.15960838794708251,0.014238218763622284,0.0325141616165638,0.2,0.0,0.06178627908229828
5,173,INT14,4147,TGGAAGGATAAAGATG-1,4867,7817,0.15959722250699998,0.011126293938795162,0.13957345485687256,0.0,0.0,0.0
5,174,INT14,4144,TGGAACCACTGACACA-1,5627,4102,0.15956827700138093,0.008021324713630755,0.12736638179048895,0.2,0.0,0.053729352355003354
5,175,INT14,4062,TGATTTATTAGCTGTG-1,8289,11533,0.15954529643058776,0.008090744485950317,0.30779637172818186,0.1,0.0,0.02933431267738342
5,176,INT14,3277,GTGCGCAGCTTGCTCC-1,2015,11642,0.15953711569309234,0.007445406407484609,0.14028002992272376,0.4,0.0,0.1082947701215744
5,177,INT14,78,AACACGAGACGCGGCC-1,9620,12953,0.15949315279722215,0.008532835079350936,0.11025743186473846,0.1,0.0,0.027258238196372984
5,178,INT14,1476,CCATAACCTGTGCAGT-1,10761,14702,0.15941064953804016,0.012002893298013073,0.15529465526342393,0.3,0.0,0.08961203098297119
5,179,INT14,2350,GACACAGCCGGGACTG-1,14754,4321,0.1593629911541939,0.012239636066263633,0.07554921903647482,0.0,0.0,0.0
5,180,INT14,1655,CCTCACGTCAGCTAAT-1,12472,1917,0.15932606756687165,0.010643638603227866,0.29792265594005585,0.2,0.0,0.05883730053901672
5,181,INT14,4074,TGCACTATGTGAGTGC-1,4296,13827,0.15930087268352508,0.008376273891435698,0.18127759508788585,0.3,0.0,0.08215299844741822
5,182,INT14,2392,GACGTTCGTAAATACA-1,5628,2572,0.15924616456031798,0.010491844663102443,0.14150123596191405,0.3,0.0,0.08761414885520935
5,183,INT14,429,ACGCCAGTGCGTTTGC-1,14754,4102,0.15915923863649367,0.009078687509826534,0.15599051788449286,0.0,0.0,0.0
5,184,INT14,1072,ATTCAGTAGCAGGGTC-1,6198,12516,0.1591542899608612,0.014417297791665543,0.14583121426403522,0.2,0.0,0.06138240396976471
5,185,INT14,2556,GCAAACCCTACATTAT-1,10191,6288,0.15913543105125427,0.008959994313174404,0.16804893538355828,0.3,0.0,0.08494399785995484
5,186,INT14,3082,GGTTAGTTACGGCGCC-1,6198,12735,0.15911397635936736,0.012547218389604223,0.11895320042967797,0.1,0.0,0.029693692922592163
5,187,INT14,3174,GTCACTCTCCAAATCT-1,5437,11860,0.15910307914018632,0.01084354132442294,0.08871249640360475,0.2,0.0,0.05971457958221436
5,188,INT14,3192,GTCCGAGAGCAATCAT-1,7148,14374,0.15901175886392593,0.012498311024569947,0.1431833554059267,0.3,0.0,0.09190597534179687
5,189,INT14,1527,CCCGGTGGAAGAACCT-1,5817,12953,0.15893526375293732,0.00949533096712894,0.14846814423799515,0.4,0.0,0.1098703384399414
5,190,INT14,2753,GCTAGCAACGCACCTA-1,15514,4539,0.1589298814535141,0.009140430733301024,0.1744043787010014,0.1,0.0,0.02758917510509491
5,191,INT14,3075,GGTGTTCTGTTTCTAC-1,1825,5413,0.1588781163096428,0.011974097628808284,0.0531696368008852,0.0,0.0,0.0
5,192,INT14,2540,GATGTTTGTGCGAGAT-1,4867,11970,0.15887332558631898,0.013300458666019402,0.1326222775503993,0.1,0.0,0.029174768924713136
5,193,INT14,1419,CCAAAGTCCCGCTAAC-1,1634,11205,0.15887275487184524,0.013512189991017222,0.08041266528889537,0.3,0.0,0.09441535472869873
5,194,INT14,250,AATGTGCTAATCTGAG-1,13613,11751,0.1588648483157158,0.008932491624357934,0.18924831356853247,0.1,0.0,0.029135602712631225
5,195,INT14,4097,TGCCGAAAGCGTATTC-1,7339,2244,0.15886348187923433,0.011817114864294827,0.09647529423236847,0.0,0.0,0.0
5,196,INT14,2258,CTTTGAAACATATTCC-1,1064,4757,0.15886056870222093,0.010342936248781735,0.11641520075500011,0.0,0.0,0.0
5,197,INT14,3639,TATCCATCTCGGTTAG-1,12662,13390,0.15880530923604966,0.008525520446925564,0.10815108008682728,0.0,0.0,0.0
5,198,INT14,185,AAGGTGATAAACCAGC-1,9430,5195,0.1587567776441574,0.011862391193900222,0.08882856518030166,0.2,0.0,0.058677226305007935
5,199,INT14,869,ATACGACAGATGGGTA-1,1254,2244,0.1587071180343628,0.00949369797238323,0.15840178513899444,0.1,0.0,0.028792735934257508
5,200,INT14,2438,GAGCGCTGTTAGGTAA-1,12662,12735,0.1586489647626877,0.007955542613352925,0.09895703997462987,0.3,0.0,0.07989725172519684
5,201,INT14,3803,TCCGATAATTGCCATA-1,4486,8254,0.1586410492658615,0.010767229549521189,0.14626830220222473,0.1,0.0,0.02720806896686554
5,202,INT14,19,AAACGCCCGAGATCGG-1,1825,3446,0.1586393564939499,0.009161230692839419,0.1296704713255167,0.0,0.0,0.0
5,203,INT14,3946,TCTCGACGTATCGCCG-1,9620,2900,0.15863882154226303,0.009118956586313683,0.159674771130085,0.3,0.0,0.08254067003726959
5,204,INT14,2552,GATTGCTCCAGTTGCA-1,13042,12298,0.1586313620209694,0.012949590819553415,0.1702744834125042,0.1,0.0,0.03218813538551331
5,205,INT14,397,ACCGTTCCCGCTCTGA-1,2015,8145,0.1585806578397751,0.00890801401382285,0.09332111068069934,0.2,0.0,0.05691075623035431
5,206,INT14,384,ACCGAAGAGTCTGGTT-1,11902,14046,0.15857741981744766,0.00949525802173392,0.24387956308200956,0.2,0.0,0.05679673254489899
5,207,INT14,1668,CCTCGGTTTCCTTGCC-1,14373,11096,0.15856746584177017,0.009612600231973398,0.14808857953175902,0.1,0.0,0.029036036133766173
5,208,INT14,2661,GCCGTGGAAGAAATGT-1,8480,2682,0.15853142887353897,0.008055224438388759,0.07642142949625849,0.1,0.0,0.028076490759849547
5,209,INT14,1803,CGCCGCCCATGCCTGT-1,8479,6178,0.1585201010107994,0.009705063341497257,0.08479587435722351,0.1,0.0,0.02967480421066284
5,210,INT14,2634,GCCATTAGCCTCAAAC-1,11521,13827,0.15851943492889403,0.00922648155764941,0.08616931661963463,0.1,0.0,0.02879360318183899
5,211,INT14,2027,CTAGGCGGCAGAGAAT-1,1824,11751,0.15851899236440659,0.016641074125752754,0.29285698011517525,0.4,0.0,0.11613219976425171
5,212,INT14,4205,TGGTCGTTTGATAGAT-1,1445,3665,0.15845893323421478,0.00953614554729024,0.25979840848594904,0.0,0.0,0.0
5,213,INT14,643,AGCGACTTTGAAGACA-1,15704,10331,0.15844089686870574,0.010718574496284631,0.25539569975808263,0.2,0.0,0.06066734492778778
5,214,INT14,3258,GTGATCAAGCGTGCAC-1,13423,12298,0.15841890424489974,0.006840803923984922,0.2189140733331442,0.2,0.0,0.051278617978096006
5,215,INT14,2451,GAGGCCTGTTGATACA-1,13043,3556,0.1583668991923332,0.010839032048255362,0.06565706860274076,0.1,0.0,0.030878931283950806
5,216,INT14,2442,GAGCTCTCGGACCTAA-1,3916,11642,0.1583483785390854,0.008695863725609657,0.07555515766143799,0.3,0.0,0.0829535812139511
5,217,INT14,2953,GGGAAAGAATGCCAAC-1,14374,3447,0.15832192301750184,0.011017774457942506,0.07224848885089159,0.2,0.0,0.05622316896915436
5,218,INT14,748,AGGTTACACCATGCCG-1,9240,2682,0.15832119137048722,0.012147449576322604,0.12681734645739198,0.2,0.0,0.05850915610790253
5,219,INT14,2653,GCCGCATTAGTCCGGC-1,7719,13390,0.15825075507164002,0.012064338814941549,-0.0318162776529789,0.2,0.0,0.05815524756908417
5,220,INT14,789,AGTCGTCGACCACCAA-1,11902,5304,0.1582427889108658,0.011205861178389636,0.10913054570555687,0.1,0.0,0.028931593894958495
5,221,INT14,3036,GGTATAGTGACACATA-1,7529,2791,0.15823068767786025,0.012808169916951637,0.001819395273923874,0.4,0.0,0.11528114974498749
5,222,INT14,503,ACTGAATGGCGAAAGT-1,10000,6178,0.15822137594223024,0.013626385550891464,0.12566074794158338,0.1,0.0,0.032661089301109315
5,223,INT14,3014,GGGTGCATATGAAAGC-1,6768,3009,0.15820582807064057,0.011723484346282467,0.12347519118338823,0.1,0.0,0.03202379047870636
5,224,INT14,4495,TTGCGGAAAGCTGCCC-1,15514,10659,0.15817154496908187,0.011960912853455748,0.16200651256367565,0.3,0.0,0.08309431970119477
5,225,INT14,1145,CAACGCGATGAGCCAA-1,15134,11314,0.15813886970281602,0.008946762393607033,0.22355873510241508,0.4,0.0,0.11337539553642273
5,226,INT14,420,ACGATGCATATGTTAT-1,8099,10549,0.1581210970878601,0.012933635941350365,0.0234915629029274,0.1,0.0,0.030649107694625855
5,227,INT14,551,AGAATACAGGCTATCC-1,15324,4430,0.15811201333999633,0.010819982408032816,0.15017710477113724,0.0,0.0,0.0
5,228,INT14,837,AGTTTCGCAGGTCGGA-1,3346,8473,0.1580692157149315,0.013404628406841987,-0.030365891009569167,0.1,0.0,0.029985177516937255
5,229,INT14,16,AAACGAAGAACATACC-1,2205,8254,0.1580303877592087,0.010684648296876308,0.0936031349003315,0.1,0.0,0.030826929211616515
5,230,INT14,3466,TACACCGTCGTTAGTC-1,5818,2463,0.15800222456455232,0.010258441865265321,0.10435436069965362,0.0,0.0,0.0
5,231,INT14,2144,CTGCCTTTAATACCTT-1,13233,12188,0.15797953456640243,0.011113939982800072,0.08423765385523438,0.1,0.0,0.030592426657676697
5,232,INT14,3165,GTATTTAATGGCATAA-1,10951,2135,0.15792760401964187,0.005485866943495923,0.20170173840597272,0.2,0.0,0.05499491691589355
5,233,INT14,1610,CCGGTAATGGCTAGTC-1,8289,2791,0.15791337490081786,0.008772831545745404,0.16182820610702037,0.3,0.0,0.0849641740322113
5,234,INT14,3604,TAGTCTGCGGCACATT-1,14754,11314,0.15788352638483047,0.010491597850086949,0.23181838812306524,0.2,0.0,0.059370306134223935
5,235,INT14,895,ATAGGCTAGCTTCGCA-1,5818,4648,0.15786512196063995,0.010794468707164367,0.05311926007270813,0.3,0.0,0.08118155002593994
5,236,INT14,2298,GAACGGTGTAAAGCAG-1,1825,3228,0.15783577561378478,0.010872949556373529,0.1520805929787457,0.0,0.0,0.0
5,237,INT14,3228,GTCTCCTGCCAGTATG-1,12282,13827,0.15782952755689622,0.01452820109453969,0.17934485375881196,0.2,0.0,0.06152272522449494
5,238,INT14,773,AGTCAAATGATGTGAT-1,13803,11424,0.15781404227018356,0.00927087142238414,0.10116245970129967,0.2,0.0,0.05580543875694275
5,239,INT14,3294,GTGGCCTAATATCATT-1,7719,15139,0.15776557624340057,0.00910127666052142,0.14154440965503454,0.2,0.0,0.058080080151557925
5,240,INT14,4547,TTGTGGTGGTACTAAG-1,13043,4867,0.15774119794368743,0.011837035677791468,0.07783060669898986,0.0,0.0,0.0
5,241,INT14,4027,TGAGAATGCTTTACCG-1,4486,9347,0.15772731453180314,0.01195710778100977,0.09142320044338703,0.0,0.0,0.0
5,242,INT14,461,ACGTGCGCCTCGTGCA-1,4296,8364,0.15771454125642775,0.011224923432128222,0.1323523886501789,0.1,0.0,0.030180755257606506
5,243,INT14,3327,GTTAATGTCTATCTTA-1,6768,13937,0.15770809799432756,0.01054360515361734,0.1038269691169262,0.1,0.0,0.026009932160377502
5,244,INT14,4448,TTCTTTGGTCGCGACG-1,5627,3883,0.15766807347536088,0.007973680169507804,0.23773097544908522,0.2,0.0,0.05444224774837494
5,245,INT14,1583,CCGCCGGAACTTCTCG-1,11331,13937,0.1576083332300186,0.011085229359398603,0.09058518446981907,0.2,0.0,0.06016311347484589
5,246,INT14,1959,CGTGTGTTAAACCCTG-1,7149,2572,0.15758369266986846,0.00957327718480819,0.12502200789749623,0.2,0.0,0.05811484456062317
5,247,INT14,460,ACGTGACAAAGTAAGT-1,10951,14811,0.15756207555532456,0.010289521541949846,0.1302157834172249,0.1,0.0,0.02542155683040619
5,248,INT14,3494,TACCTGCTGCACTGTG-1,6388,12844,0.1575602412223816,0.01075822326468993,0.060219002142548564,0.2,0.0,0.060116779804229734
5,249,INT14,1057,ATTAGATTGATAGCGG-1,4677,9893,0.15755700170993805,0.008196969299745891,0.11324256807565689,0.1,0.0,0.029939004778862
5,250,INT14,1556,CCCTTCTCGTACGCGA-1,1444,11314,0.15755212306976318,0.008822784846619528,0.2338814726099372,0.5,0.0,0.1359040379524231
5,251,INT14,1664,CCTCGCGCGATATAGG-1,5057,4867,0.1575406536459923,0.009069241210062707,0.09770503379404545,0.0,0.0,0.0
5,252,INT14,1369,CATCTATCCCGTGTCT-1,4487,4320,0.15753747671842575,0.01341662141760652,0.07066908217966557,0.1,0.0,0.029443982243537902
5,253,INT14,1092,ATTGATCACCACATTT-1,10951,14374,0.15749478787183763,0.008304898214495439,0.16205184794962407,0.2,0.0,0.056401222944259644
5,254,INT14,1717,CGAAGACTGCCCGGGA-1,1064,10003,0.1574936553835869,0.008386463938342824,0.11904889866709709,0.0,0.0,0.0
5,255,INT14,3270,GTGCCCGTTCGGATTC-1,8479,5960,0.15747531205415727,0.010368154604461872,0.13305481653660536,0.0,0.0,0.0
5,256,INT14,2573,GCACAAACGAGGCGTG-1,9810,2791,0.15745739191770552,0.011487477770876163,0.10269655287265778,0.1,0.0,0.0300815612077713
