expert_id,global_mean_rank,route_weighted_global_rank,concept_id,concept_name,tier,embedding_set,species,n_slides,mean_contrastive_similarity,sd_contrastive_similarity,median_contrastive_similarity,min_contrastive_similarity,max_contrastive_similarity,mean_topk_similarity,mean_rank,median_rank,top10_count,top10_fraction,top50_count,top50_fraction,route_weighted_mean_contrastive_similarity,router_weight_sum_across_slides,prompt_text
0,6,1,MOR-10446,Cribriform comedo-type adenocarcinoma,H1_morphology,visual,Homo_sapiens,23,0.13499073408868,0.25568938945032277,0.18634238839149475,-0.47675445675849915,0.4982752203941345,0.12765691510361174,814.695652173913,226.0,3,0.13043478260869565,7,0.30434782608695654,0.2517770669743594,5.514353995268505,Histopathological feature: Cribriform comedo-type adenocarcinoma observed in H&E stained human tissue
0,4,2,MOR-11061,Intraductal cellular proliferation,H1_morphology,visual,Homo_sapiens,23,0.14020589050715385,0.18005784747545545,0.17852869629859924,-0.34629884362220764,0.3755064904689789,0.3020591703446015,635.1304347826087,249.0,2,0.08695652173913043,4,0.17391304347826086,0.22807508143375047,5.514353995268505,Histopathological feature: Intraductal cellular proliferation observed in H&E stained human tissue
0,16,3,MOR-11991,Serous intraepithelial carcinoma,H1_morphology,visual,Homo_sapiens,23,0.11850590866221034,0.19117611748943272,0.16048142313957214,-0.2502720355987549,0.4505794942378998,0.2018613254894381,730.0869565217391,458.0,1,0.043478260869565216,4,0.17391304347826086,0.20358052254790815,5.514353995268505,Histopathological feature: Serous intraepithelial carcinoma observed in H&E stained human tissue
0,50,4,MOR-10023,Acinar cell carcinoma,H1_morphology,visual,Homo_sapiens,23,0.10630772967377435,0.21192165252248937,0.15043659508228302,-0.46080482006073,0.4106868505477905,0.33689966862616333,839.8695652173913,261.0,2,0.08695652173913043,4,0.17391304347826086,0.20170717400850185,5.514353995268505,Histopathological feature: Acinar cell carcinoma observed in H&E stained human tissue
0,78,5,MOR-10870,Grade iii prostatic intraepithelial neoplasia,H1_morphology,visual,Homo_sapiens,23,0.09739000868538152,0.233566319752949,0.12960094213485718,-0.4282837510108948,0.5251517295837402,0.22473093478575998,875.695652173913,656.0,3,0.13043478260869565,4,0.17391304347826086,0.2014484813363038,5.514353995268505,Histopathological feature: Grade iii prostatic intraepithelial neoplasia in human prostate tissue on H&E stain
0,96,6,MOR-12297,Comedo/solid,H1_morphology,visual,Homo_sapiens,23,0.09394111059120168,0.22021279851762224,0.13997386395931244,-0.38017818331718445,0.39556241035461426,0.16706231301245483,802.0,355.0,1,0.043478260869565216,2,0.08695652173913043,0.19882518464999643,5.514353995268505,Histopathological feature: Comedo/solid observed in H&E stained human tissue
0,15,7,MOR-11062,Intraductal hyperplasia,H1_morphology,visual,Homo_sapiens,23,0.12030453437372395,0.17777630511623638,0.10772146284580231,-0.3932311534881592,0.40487515926361084,0.22631170535865036,683.9130434782609,585.0,0,0.0,2,0.08695652173913043,0.1983433116265108,5.514353995268505,Histopathological feature: Intraductal hyperplasia observed in H&E stained human tissue
0,2,8,MOR-11379,Mixed medullary-follicular carcinoma,H1_morphology,visual,Homo_sapiens,23,0.14816109690329302,0.13562122736170423,0.1485009342432022,-0.2743079662322998,0.3979586362838745,0.2238080741878113,561.1739130434783,503.0,1,0.043478260869565216,2,0.08695652173913043,0.19813647234915993,5.514353995268505,Histopathological feature: Mixed medullary-follicular carcinoma observed in H&E stained human tissue
0,11,9,MOR-0362,medullary thyroid carcinoma,H1_morphology,visual,Homo_sapiens,23,0.12339736999053022,0.14701534203771005,0.13693241775035858,-0.26620155572891235,0.3918488621711731,0.23576605903065723,679.3478260869565,508.0,1,0.043478260869565216,2,0.08695652173913043,0.19765931754068425,5.514353995268505,Histopathological feature: medullary thyroid carcinoma in human thyroid tissue on H&E stain
0,5,10,NIC-0004,tertiary lymphoid structure niche,H2_niche,visual,Homo_sapiens,23,0.13942231845272623,0.17845714141976007,0.1434706449508667,-0.10618088394403458,0.46160995960235596,0.13594479769792245,717.3478260869565,514.0,1,0.043478260869565216,4,0.17391304347826086,0.19549267399139947,5.514353995268505,Spatial tissue niche in human tissue: tertiary lymphoid structure niche
0,86,11,MOR-0190,intraductal carcinoma of prostate,H1_morphology,visual,Homo_sapiens,23,0.0963134593937708,0.22161609860026782,0.10684963315725327,-0.4316101670265198,0.4551619291305542,0.24586703433938648,838.8260869565217,614.0,0,0.0,3,0.13043478260869565,0.19330762800099774,5.514353995268505,Histopathological feature: intraductal carcinoma of prostate in human prostate tissue on H&E stain
0,37,12,MOR-10921,Hidradenocarcinoma,H1_morphology,visual,Homo_sapiens,23,0.10958369270614955,0.17676724470968597,0.11989303678274155,-0.20492205023765564,0.4376072883605957,0.05478252648659374,754.3913043478261,403.0,2,0.08695652173913043,2,0.08695652173913043,0.19184518793424818,5.514353995268505,Histopathological feature: Hidradenocarcinoma observed in H&E stained human tissue
0,1,13,MOR-10796,Folliculotropic lymphocytic infiltrate,H1_morphology,visual,Homo_sapiens,23,0.16328887309393156,0.17599264509441642,0.15983283519744873,-0.11835959553718567,0.508906364440918,0.22099649128706558,597.0434782608696,361.0,2,0.08695652173913043,5,0.21739130434782608,0.19146819971244844,5.514353995268505,Histopathological feature: Folliculotropic lymphocytic infiltrate observed in H&E stained human tissue
0,28,14,MOR-10232,"Breast ductal carcinoma in situ, comedo type",H1_morphology,visual,Homo_sapiens,23,0.11295168425725854,0.18714662937386262,0.10479898750782013,-0.2673957943916321,0.44355159997940063,0.21735808755392613,786.7826086956521,580.0,1,0.043478260869565216,4,0.17391304347826086,0.18967121848979943,5.514353995268505,"Histopathological feature: Breast ductal carcinoma in situ, comedo type observed in H&E stained human tissue"
0,3,15,CTY-0055,marginal zone B cell,H2_cell_type,visual,Homo_sapiens,23,0.14193652250358593,0.1025521512007928,0.166502445936203,-0.1753942370414734,0.24221348762512207,0.1255485294589206,545.0434782608696,464.0,0,0.0,1,0.043478260869565216,0.18940852739373956,5.514353995268505,"Cell type present in human tissue: marginal zone B cell, expressing CD19, CD1C, MZB1, NOTCH2, IGHM"
0,167,16,MOR-11817,Prostatic intraepithelial neoplasia-like adenocarcinoma,H1_morphology,visual,Homo_sapiens,23,0.08410726196092108,0.2574220906920052,0.10129261016845703,-0.5085310339927673,0.5691649913787842,0.29416954825105873,977.3478260869565,832.0,3,0.13043478260869565,4,0.17391304347826086,0.18796738040364905,5.514353995268505,Histopathological feature: Prostatic intraepithelial neoplasia-like adenocarcinoma in human prostate tissue on H&E stain
0,22,17,NIC-10022,Cortical thymic epithelial cell,H2_niche,visual,Homo_sapiens,23,0.11461519903462866,0.16719471559122498,0.1024937778711319,-0.25871893763542175,0.3554365038871765,0.3445678262606911,686.8695652173913,530.0,0,0.0,0,0.0,0.18737021391349867,5.514353995268505,Spatial tissue niche in human tissue: Cortical thymic epithelial cell
0,53,18,MOR-0003,comedo necrosis,H1_morphology,visual,Homo_sapiens,23,0.10564541525166968,0.18964149115146411,0.17539682984352112,-0.2856366038322449,0.368938148021698,0.13388852070531118,773.7391304347826,466.0,1,0.043478260869565216,2,0.08695652173913043,0.18465377169423564,5.514353995268505,Histopathological feature: comedo necrosis observed in H&E stained human tissue
0,97,19,MOR-12046,Solid variant of papillary thyroid carcinoma,H1_morphology,visual,Homo_sapiens,23,0.09356736351290475,0.17068532417384946,0.09349603950977325,-0.38617122173309326,0.42668694257736206,0.2862293804469316,812.3913043478261,692.0,1,0.043478260869565216,2,0.08695652173913043,0.18325636279177981,5.514353995268505,Histopathological feature: Solid variant of papillary thyroid carcinoma in human thyroid tissue on H&E stain
0,110,20,MOR-0073,cribriform pattern,H1_morphology,visual,Homo_sapiens,23,0.09076048020759354,0.20673109051010394,0.10789225250482559,-0.32851657271385193,0.4076141119003296,0.1399554216667362,869.8260869565217,617.0,0,0.0,2,0.08695652173913043,0.18276379751931543,5.514353995268505,Histopathological feature: cribriform pattern observed in H&E stained human tissue
0,166,21,MOR-0251,high-grade serous ovarian carcinoma solid pattern,H1_morphology,visual,Homo_sapiens,23,0.08431169706518235,0.19361634376040832,0.14180877804756165,-0.3066747188568115,0.3281383812427521,0.1396569308784345,823.4347826086956,583.0,0,0.0,2,0.08695652173913043,0.18070394581606095,5.514353995268505,Histopathological feature: high-grade serous ovarian carcinoma solid pattern in human ovary tissue on H&E stain
0,139,22,MOR-0189,perineural invasion in prostate,H1_morphology,visual,Homo_sapiens,23,0.08735404216238986,0.2371340280924089,0.1415625810623169,-0.3848874270915985,0.48654478788375854,0.3419218076312024,951.3478260869565,585.0,1,0.043478260869565216,3,0.13043478260869565,0.17713365560032168,5.514353995268505,Histopathological feature: perineural invasion in prostate in human prostate tissue on H&E stain
0,7,23,CTY-10290,T follicular regulatory cell,H2_cell_type,visual,Homo_sapiens,23,0.13216358990125035,0.08439902276491643,0.13108089566230774,-0.04740498587489128,0.33158403635025024,0.2047289085129033,550.2173913043479,451.0,0,0.0,0,0.0,0.17677590664096857,5.514353995268505,Cell type present in human tissue: T follicular regulatory cell
0,19,24,NIC-0059,thymic cortex niche,H2_niche,visual,Homo_sapiens,23,0.11583402704285539,0.152794649120342,0.11510220170021057,-0.27072256803512573,0.40503165125846863,0.17943290576500737,694.4347826086956,610.0,0,0.0,2,0.08695652173913043,0.1767723676993541,5.514353995268505,Spatial tissue niche in human tissue: thymic cortex niche
0,46,25,MOR-0133,solid lung adenocarcinoma,H1_morphology,visual,Homo_sapiens,23,0.10742189281660577,0.14650214396940348,0.12186643481254578,-0.2936302423477173,0.36739593744277954,0.1492943446273389,706.1304347826087,599.0,0,0.0,1,0.043478260869565216,0.17675886478598418,5.514353995268505,Histopathological feature: solid lung adenocarcinoma in human lung tissue on H&E stain
0,144,26,MOR-10445,Cribriform carcinoma in situ,H1_morphology,visual,Homo_sapiens,23,0.08680405062825783,0.199635013175239,0.11073567718267441,-0.34470802545547485,0.4005607068538666,0.2519278310077346,856.4782608695652,526.0,0,0.0,2,0.08695652173913043,0.17616261326699273,5.514353995268505,Histopathological feature: Cribriform carcinoma in situ observed in H&E stained human tissue
0,176,27,MOR-11810,"Prostate ductal adenocarcinoma, solid pattern",H1_morphology,visual,Homo_sapiens,23,0.08216723637736362,0.19716153246340754,0.02642928995192051,-0.3347852826118469,0.37447232007980347,0.3579077616981838,908.6521739130435,798.0,0,0.0,3,0.13043478260869565,0.175395507337688,5.514353995268505,"Histopathological feature: Prostate ductal adenocarcinoma, solid pattern in human prostate tissue on H&E stain"
0,44,28,MOR-0076,acinar pattern,H1_morphology,visual,Homo_sapiens,23,0.10792124984057053,0.1671509132803145,0.13406668603420258,-0.44398853182792664,0.36073893308639526,0.3216660670612169,673.304347826087,459.0,0,0.0,1,0.043478260869565216,0.17536777337973158,5.514353995268505,Histopathological feature: acinar pattern observed in H&E stained human tissue
0,13,29,MOR-11380,Mixed medullary-papillary carcinoma,H1_morphology,visual,Homo_sapiens,23,0.12148764940059703,0.14184987914044012,0.12912338972091675,-0.3049091100692749,0.3567592203617096,0.2563896172720453,672.695652173913,578.0,0,0.0,3,0.13043478260869565,0.17510507757681051,5.514353995268505,Histopathological feature: Mixed medullary-papillary carcinoma observed in H&E stained human tissue
0,67,30,MOR-10788,Follicular adenocarcinoma,H1_morphology,visual,Homo_sapiens,23,0.10024578456321488,0.16093838446390807,0.13905936479568481,-0.38881558179855347,0.34888380765914917,0.2602015438935031,747.1739130434783,612.0,0,0.0,2,0.08695652173913043,0.17415753218460975,5.514353995268505,Histopathological feature: Follicular adenocarcinoma observed in H&E stained human tissue
0,250,31,MOR-10621,Endometrioid intraepithelial neoplasia,H1_morphology,visual,Homo_sapiens,23,0.0736520406992539,0.22739573052473544,0.14004312455654144,-0.4081273674964905,0.32436010241508484,0.1969622263441915,777.3478260869565,433.0,0,0.0,0,0.0,0.1734566494654555,5.514353995268505,Histopathological feature: Endometrioid intraepithelial neoplasia observed in H&E stained human tissue
0,48,32,MOR-10572,"Ductal carcinoma in situ, solid type",H1_morphology,visual,Homo_sapiens,23,0.10652834784401499,0.15957466396234213,0.1136150062084198,-0.20003202557563782,0.4197447896003723,0.16825295304474625,763.0,533.0,1,0.043478260869565216,2,0.08695652173913043,0.17320037900839244,5.514353995268505,"Histopathological feature: Ductal carcinoma in situ, solid type observed in H&E stained human tissue"
0,62,33,MOR-0293,lymphoepithelial carcinoma,H1_morphology,visual,Homo_sapiens,23,0.10214043667782909,0.16954827175076154,0.05075114220380783,-0.1697724163532257,0.41968849301338196,0.21473875900973444,833.0434782608696,713.0,0,0.0,3,0.13043478260869565,0.17299724762092192,5.514353995268505,Histopathological feature: lymphoepithelial carcinoma in human head_neck tissue on H&E stain
0,45,34,NIC-0060,thymic medulla niche,H2_niche,visual,Homo_sapiens,23,0.10774735895835835,0.1563472470554084,0.13088038563728333,-0.3226625919342041,0.3511863052845001,0.22181457197597332,704.0,500.0,0,0.0,0,0.0,0.1726677917972272,5.514353995268505,Spatial tissue niche in human tissue: thymic medulla niche
0,14,35,MOR-11291,Medullary carcinoma with lymphoid stroma,H1_morphology,visual,Homo_sapiens,23,0.12113043370292238,0.12467923476541072,0.12302203476428986,-0.16260869801044464,0.41340917348861694,0.34562808599161066,655.3913043478261,633.0,0,0.0,1,0.043478260869565216,0.17195778574049098,5.514353995268505,Histopathological feature: Medullary carcinoma with lymphoid stroma observed in H&E stained human tissue
0,214,36,MOR-10868,Grade ii prostatic intraepithelial neoplasia,H1_morphology,visual,Homo_sapiens,23,0.0785938833799699,0.22035671364051274,0.10189189016819,-0.38691046833992004,0.501081109046936,0.266914636220621,950.4782608695652,765.0,0,0.0,3,0.13043478260869565,0.17158959605539834,5.514353995268505,Histopathological feature: Grade ii prostatic intraepithelial neoplasia in human prostate tissue on H&E stain
0,234,37,MOR-10334,Chief cell adenocarcinoma,H1_morphology,visual,Homo_sapiens,23,0.07577998972619357,0.2645759522381767,0.10749197006225586,-0.44306161999702454,0.593597948551178,0.17547910377059295,920.3478260869565,554.0,1,0.043478260869565216,6,0.2608695652173913,0.1696461630112146,5.514353995268505,Histopathological feature: Chief cell adenocarcinoma observed in H&E stained human tissue
0,495,38,MOR-11586,Oxyphilic adenocarcinoma,H1_morphology,visual,Homo_sapiens,23,0.05411570681178052,0.24990467350301385,0.11620087921619415,-0.5828717947006226,0.3717244267463684,0.22415312290515588,974.304347826087,424.0,0,0.0,2,0.08695652173913043,0.16945597556154,5.514353995268505,Histopathological feature: Oxyphilic adenocarcinoma observed in H&E stained human tissue
0,240,39,CTY-11361,Prostate neuroendocrine cell,H2_cell_type,visual,Homo_sapiens,23,0.07526325272477191,0.19482245471579898,0.09479883313179016,-0.3858987092971802,0.39525777101516724,0.2703655005797096,920.9130434782609,713.0,0,0.0,3,0.13043478260869565,0.16899521535056444,5.514353995268505,Cell type present in human tissue: Prostate neuroendocrine cell
0,377,40,MOR-0192,high-grade prostatic intraepithelial neoplasia,H1_morphology,visual,Homo_sapiens,23,0.06379129713320214,0.2440174480142806,0.06243034452199936,-0.42568910121917725,0.535240888595581,0.2927275287068408,1004.1304347826087,940.0,2,0.08695652173913043,4,0.17391304347826086,0.16786412334750406,5.514353995268505,Histopathological feature: high-grade prostatic intraepithelial neoplasia in human prostate tissue on H&E stain
0,100,41,MOR-11646,Papillary transitional cell carcinoma,H1_morphology,visual,Homo_sapiens,23,0.09314050590214522,0.19030506648486697,0.11659311503171921,-0.22409029304981232,0.40482378005981445,0.22302071567948745,899.304347826087,526.0,1,0.043478260869565216,3,0.13043478260869565,0.16732034171079935,5.514353995268505,Histopathological feature: Papillary transitional cell carcinoma observed in H&E stained human tissue
0,265,42,MOR-11814,Prostatic atypical adenomatous hyperplasia,H1_morphology,visual,Homo_sapiens,23,0.07273849140366782,0.25403351541640057,0.0829155296087265,-0.5237946510314941,0.5502157211303711,0.27007902219243674,1017.8260869565217,932.0,2,0.08695652173913043,4,0.17391304347826086,0.16726356632412204,5.514353995268505,Histopathological feature: Prostatic atypical adenomatous hyperplasia observed in H&E stained human tissue
0,104,43,MOR-11818,Prostatic squamous metaplasia,H1_morphology,visual,Homo_sapiens,23,0.0927280143065297,0.20385147838305373,0.07117816805839539,-0.3326788544654846,0.44764065742492676,0.3323571176632591,925.4347826086956,1054.0,1,0.043478260869565216,4,0.17391304347826086,0.16622516945756943,5.514353995268505,Histopathological feature: Prostatic squamous metaplasia in human prostate tissue on H&E stain
0,407,44,MOR-11809,"Prostate ductal adenocarcinoma, cribriform pattern",H1_morphology,visual,Homo_sapiens,23,0.061277089478529015,0.22203858810552485,0.0720100998878479,-0.4551874101161957,0.4734480381011963,0.15240245344846146,999.5652173913044,871.0,0,0.0,3,0.13043478260869565,0.1656800409354688,5.514353995268505,"Histopathological feature: Prostate ductal adenocarcinoma, cribriform pattern in human prostate tissue on H&E stain"
0,9,45,MOR-11025,Insular pattern,H1_morphology,visual,Homo_sapiens,23,0.12982577652386998,0.12592739505534584,0.12595593929290771,-0.12829840183258057,0.32868680357933044,0.17796314475329025,664.9565217391304,626.0,0,0.0,4,0.17391304347826086,0.16536248038515708,5.514353995268505,Histopathological feature: Insular pattern observed in H&E stained human tissue
0,223,46,MOR-11630,"Papillary carcinoma, cribriform-morular",H1_morphology,visual,Homo_sapiens,23,0.0772997605735841,0.18002754376063107,0.11448156833648682,-0.3776637315750122,0.3246909976005554,0.2905427165653395,854.8260869565217,573.0,0,0.0,0,0.0,0.16515204120948887,5.514353995268505,"Histopathological feature: Papillary carcinoma, cribriform-morular observed in H&E stained human tissue"
0,501,47,MOR-11587,Oxyphilic adenoma,H1_morphology,visual,Homo_sapiens,23,0.05372729055259539,0.25832042157494817,0.13388104736804962,-0.5685278177261353,0.38063642382621765,0.10800795929263467,997.3478260869565,366.0,0,0.0,4,0.17391304347826086,0.16423250157428235,5.514353995268505,Histopathological feature: Oxyphilic adenoma observed in H&E stained human tissue
0,149,48,MOR-10789,"Follicular adenocarcinoma, trabecular",H1_morphology,visual,Homo_sapiens,23,0.08586032538796248,0.18039411354918913,0.0603938028216362,-0.44470712542533875,0.33442384004592896,0.28103058445064916,854.5652173913044,706.0,1,0.043478260869565216,3,0.13043478260869565,0.163914049211578,5.514353995268505,"Histopathological feature: Follicular adenocarcinoma, trabecular observed in H&E stained human tissue"
0,34,49,MOR-0080,nested growth pattern,H1_morphology,visual,Homo_sapiens,23,0.11060786866785391,0.21300614100429313,0.026012806221842766,-0.1711573302745819,0.5234205722808838,0.12968001340556404,953.8260869565217,1048.0,4,0.17391304347826086,5,0.21739130434782608,0.1633543805119477,5.514353995268505,Histopathological feature: nested growth pattern observed in H&E stained human tissue
0,23,50,CTY-10764,Gamma-delta thymocyte,H2_cell_type,visual,Homo_sapiens,23,0.1143879325169584,0.11853605321917476,0.14796100556850433,-0.1588234305381775,0.4034162759780884,0.21564755329619284,687.9565217391304,533.0,0,0.0,1,0.043478260869565216,0.1626630834573712,5.514353995268505,Cell type present in human tissue: Gamma-delta thymocyte
1,15,1,MOR-0180,sessile serrated lesion,H1_morphology,visual,Homo_sapiens,23,0.18614766025996726,0.21740797312876722,0.1565326303243637,-0.25061988830566406,0.5703181028366089,0.2296385123272953,560.2173913043479,394.0,5,0.21739130434782608,6,0.2608695652173913,0.42337080096745106,0.5809059027632154,Histopathological feature: sessile serrated lesion in human colorectal tissue on H&E stain
1,41,2,MOR-11996,Serrated polyp,H1_morphology,visual,Homo_sapiens,23,0.15231879047401573,0.21536261841106732,0.142342671751976,-0.21535181999206543,0.5969889760017395,0.08049338934538157,706.1739130434783,411.0,5,0.21739130434782608,5,0.21739130434782608,0.4061189048928068,0.5809059027632154,Histopathological feature: Serrated polyp in human colon tissue on H&E stain
1,55,3,MOR-0166,serrated morphology,H1_morphology,visual,Homo_sapiens,23,0.13840360915207345,0.18662764955228278,0.10339925438165665,-0.24649882316589355,0.4746844470500946,0.1409231656757386,701.6521739130435,556.0,3,0.13043478260869565,4,0.17391304347826086,0.37214340583916444,0.5809059027632154,Histopathological feature: serrated morphology in human colorectal tissue on H&E stain
1,13,4,MOR-10373,Classic lymphocytic colitis,H1_morphology,visual,Homo_sapiens,23,0.19450541609979194,0.18379029015638945,0.19783854484558105,-0.17546507716178894,0.5224902629852295,0.20907509642774644,455.82608695652175,254.0,4,0.17391304347826086,5,0.21739130434782608,0.3707295072459725,0.5809059027632154,Histopathological feature: Classic lymphocytic colitis observed in H&E stained human tissue
1,258,5,MOR-0179,tubular adenoma architecture,H1_morphology,visual,Homo_sapiens,23,0.08848582357978044,0.20069797971427913,0.029909363016486168,-0.18559792637825012,0.5073727369308472,0.1531900548092697,1017.695652173913,1055.0,4,0.17391304347826086,5,0.21739130434782608,0.3605785103444677,0.5809059027632154,Histopathological feature: tubular adenoma architecture in human colorectal tissue on H&E stain
1,169,6,MOR-0174,normal colonic goblet cells,H1_morphology,visual,Homo_sapiens,23,0.10303846746683121,0.18031678130341547,0.11988820135593414,-0.2166692316532135,0.4004511535167694,0.1566639596839314,846.4782608695652,836.0,2,0.08695652173913043,4,0.17391304347826086,0.315574832370454,0.5809059027632154,Histopathological feature: normal colonic goblet cells in human colorectal tissue on H&E stain
1,255,7,MOR-11995,Serrated adenoma,H1_morphology,visual,Homo_sapiens,23,0.08890366513767968,0.16851238368744925,0.04432035982608795,-0.1593988537788391,0.462657630443573,0.030300932045540085,915.2608695652174,939.0,1,0.043478260869565216,4,0.17391304347826086,0.3098870353910609,0.5809059027632154,Histopathological feature: Serrated adenoma in human colon tissue on H&E stain
1,170,8,MOR-11872,Rectal serrated lesions and polyps,H1_morphology,visual,Homo_sapiens,23,0.10303059430873912,0.15281245996076692,0.07798045873641968,-0.19158360362052917,0.43944668769836426,0.011708893691715986,822.695652173913,847.0,1,0.043478260869565216,4,0.17391304347826086,0.3009718353481383,0.5809059027632154,Histopathological feature: Rectal serrated lesions and polyps observed in H&E stained human tissue
1,320,9,MOR-11730,Pleomorphic lipoma,H1_morphology,visual,Homo_sapiens,23,0.07968168810981771,0.2724470085230975,0.11015116423368454,-0.508855938911438,0.4530903697013855,0.25910765256570734,902.0869565217391,642.0,2,0.08695652173913043,4,0.17391304347826086,0.30024077038772684,0.5809059027632154,Histopathological feature: Pleomorphic lipoma observed in H&E stained human tissue
1,103,10,MOR-0296,salivary gland mucinous acini,H1_morphology,visual,Homo_sapiens,23,0.11840188572102267,0.2026196558769969,0.09782940149307251,-0.2864852845668793,0.4040836691856384,0.19661676122442537,757.8260869565217,673.0,2,0.08695652173913043,4,0.17391304347826086,0.29818728750947726,0.5809059027632154,Histopathological feature: salivary gland mucinous acini in human head_neck tissue on H&E stain
1,190,11,CTY-11129,Mucus secreting cell of bronchus submucosal gland,H2_cell_type,visual,Homo_sapiens,23,0.10053321055096129,0.19302951158616916,0.09178690612316132,-0.22219708561897278,0.4094732403755188,0.325721245744954,846.2608695652174,590.0,1,0.043478260869565216,6,0.2608695652173913,0.29660709164359217,0.5809059027632154,Cell type present in human tissue: Mucus secreting cell of bronchus submucosal gland
1,649,12,CTY-10864,Ileal goblet cell,H2_cell_type,visual,Homo_sapiens,23,0.052040206835321755,0.1732395469615635,-0.015734978020191193,-0.17491796612739563,0.3860992193222046,0.23482927841984708,1116.9130434782608,1260.0,1,0.043478260869565216,4,0.17391304347826086,0.28806720149999954,0.5809059027632154,Cell type present in human tissue: Ileal goblet cell
1,95,13,MOR-0173,normal colonic mucosa,H1_morphology,visual,Homo_sapiens,23,0.12174165461455351,0.16121090530453105,0.15425896644592285,-0.17011737823486328,0.40706607699394226,0.18545177781387515,701.304347826087,560.0,1,0.043478260869565216,3,0.13043478260869565,0.2839729251318049,0.5809059027632154,Histopathological feature: normal colonic mucosa in human colorectal tissue on H&E stain
1,708,14,CTY-10663,Epidermal mucus secreting cell,H2_cell_type,visual,Homo_sapiens,23,0.04818492455650931,0.1976724900451376,0.01889868825674057,-0.27582240104675293,0.36782723665237427,0.26868692461563193,1097.0,763.0,0,0.0,4,0.17391304347826086,0.2821169020164045,0.5809059027632154,Cell type present in human tissue: Epidermal mucus secreting cell
1,92,15,MOR-0175,Paneth cell metaplasia,H1_morphology,visual,Homo_sapiens,23,0.12271488870939483,0.14910606170062912,0.13452276587486267,-0.22137457132339478,0.3866615891456604,0.2641492680363033,664.8695652173913,605.0,0,0.0,3,0.13043478260869565,0.2815396406229094,0.5809059027632154,Histopathological feature: Paneth cell metaplasia in human colorectal tissue on H&E stain
1,62,16,CTY-10669,Epithelial cell of alimentary canal,H2_cell_type,visual,Homo_sapiens,23,0.1359225283984257,0.16530617877522158,0.15321564674377441,-0.20431017875671387,0.3725326955318451,0.2652417437537857,649.9130434782609,303.0,1,0.043478260869565216,4,0.17391304347826086,0.28149559592305545,0.5809059027632154,Cell type present in human tissue: Epithelial cell of alimentary canal
1,99,17,CTY-10703,External limiting cell of vestibular epithelium,H2_cell_type,visual,Homo_sapiens,23,0.11967772358785504,0.2175211800243539,0.1256864070892334,-0.2960507869720459,0.4728391468524933,0.23835405788343886,814.5217391304348,337.0,1,0.043478260869565216,6,0.2608695652173913,0.2769957874567136,0.5809059027632154,Cell type present in human tissue: External limiting cell of vestibular epithelium
1,57,18,CTY-10361,Amniocyte,H2_cell_type,visual,Homo_sapiens,23,0.13720976958132308,0.2113412903095782,0.17749974131584167,-0.34376785159111023,0.3973371386528015,0.11527319669561542,703.7391304347826,182.0,1,0.043478260869565216,6,0.2608695652173913,0.2767854851675172,0.5809059027632154,Cell type present in human tissue: Amniocyte
1,108,19,CTY-10697,Eurydendroid cell,H2_cell_type,visual,Homo_sapiens,23,0.11665624133108751,0.16588106967632968,0.1397860050201416,-0.19329698383808136,0.420053094625473,0.1939392790765218,748.2608695652174,690.0,1,0.043478260869565216,5,0.21739130434782608,0.27495386339946315,0.5809059027632154,Cell type present in human tissue: Eurydendroid cell
1,23,20,MOR-0182,inflammatory bowel disease dysplasia,H1_morphology,visual,Homo_sapiens,23,0.1714517707410066,0.15836236039865773,0.1875799298286438,-0.2582433223724365,0.38613319396972656,0.3636662963291873,446.69565217391306,197.0,0,0.0,2,0.08695652173913043,0.2741798225305978,0.5809059027632154,Histopathological feature: inflammatory bowel disease dysplasia in human colorectal tissue on H&E stain
1,546,21,CTY-10607,Eggshell secreting cell,H2_cell_type,visual,Homo_sapiens,23,0.058282025603820446,0.1803821417779742,0.021251382306218147,-0.24753563106060028,0.3673780560493469,0.2503479534517164,1035.0434782608695,1138.0,0,0.0,3,0.13043478260869565,0.26945594768575887,0.5809059027632154,Cell type present in human tissue: Eggshell secreting cell
1,302,22,MOR-0181,traditional serrated adenoma,H1_morphology,visual,Homo_sapiens,23,0.0821410848799607,0.15834347334919638,0.06911971420049667,-0.22031696140766144,0.3994847536087036,0.062497541166680014,899.5217391304348,732.0,0,0.0,3,0.13043478260869565,0.2666903554147801,0.5809059027632154,Histopathological feature: traditional serrated adenoma in human colorectal tissue on H&E stain
1,10,23,MOR-0377,normal serosal surface,H1_morphology,visual,Homo_sapiens,23,0.20476509768353857,0.18480189245957726,0.26055479049682617,-0.25304245948791504,0.4227769374847412,0.20110524255458428,405.82608695652175,108.0,0,0.0,4,0.17391304347826086,0.26461818184358815,0.5809059027632154,Normal histology: normal serosal surface in H&E stained human tissue
1,67,24,CTY-11118,Monostratified cell,H2_cell_type,visual,Homo_sapiens,23,0.13272760180837434,0.17263505170678783,0.15624281764030457,-0.14748892188072205,0.3767980933189392,0.31956930750090146,692.0434782608696,471.0,0,0.0,4,0.17391304347826086,0.2625836125602916,0.5809059027632154,Cell type present in human tissue: Monostratified cell
1,197,25,CTY-11558,Tuft cell of parotid gland,H2_cell_type,visual,Homo_sapiens,23,0.09923716302475204,0.20237861822619405,0.09493851661682129,-0.34325653314590454,0.42133134603500366,0.30458985252872756,829.6521739130435,619.0,1,0.043478260869565216,4,0.17391304347826086,0.262532560762116,0.5809059027632154,Cell type present in human tissue: Tuft cell of parotid gland
1,163,26,MOR-0164,mucinous colorectal carcinoma,H1_morphology,visual,Homo_sapiens,23,0.10416997596621513,0.14202049968867694,0.10519261658191681,-0.1687782108783722,0.34974801540374756,0.0632667871516036,792.4347826086956,723.0,0,0.0,3,0.13043478260869565,0.259044599603957,0.5809059027632154,Histopathological feature: mucinous colorectal carcinoma in human colorectal tissue on H&E stain
1,33,27,MOR-12002,Severe koilocytotic atypia,H1_morphology,visual,Homo_sapiens,23,0.15861843396788058,0.2329711352906345,0.16927146911621094,-0.4117729365825653,0.47382497787475586,0.2742848127432492,683.9565217391304,268.0,5,0.21739130434782608,8,0.34782608695652173,0.2562684755901565,0.5809059027632154,Histopathological feature: Severe koilocytotic atypia observed in H&E stained human tissue
1,56,28,MOR-12313,Foam cell,H1_morphology,visual,Homo_sapiens,23,0.137424037710804,0.255241281477261,0.09120810776948929,-0.35155826807022095,0.5034732818603516,0.15603213789670364,838.1739130434783,591.0,5,0.21739130434782608,8,0.34782608695652173,0.25310450801546536,0.5809059027632154,Histopathological feature: Foam cell observed in H&E stained human tissue
1,361,29,MOR-11401,Mucinous adenoma,H1_morphology,visual,Homo_sapiens,23,0.07546746443309214,0.1779705068640495,0.09432265907526016,-0.3545777201652527,0.34893620014190674,0.03882950738720272,940.5652173913044,767.0,1,0.043478260869565216,4,0.17391304347826086,0.2505852934147575,0.5809059027632154,Histopathological feature: Mucinous adenoma observed in H&E stained human tissue
1,160,30,MOR-0295,salivary gland serous acini,H1_morphology,visual,Homo_sapiens,23,0.10467740537031837,0.1999982949089566,0.1426168531179428,-0.2620161771774292,0.42841172218322754,0.26336166845715564,792.2173913043479,501.0,0,0.0,4,0.17391304347826086,0.2494987947701613,0.5809059027632154,Histopathological feature: salivary gland serous acini in human head_neck tissue on H&E stain
1,474,31,MOR-12310,Fat body cell,H1_morphology,visual,Homo_sapiens,23,0.06288816682670427,0.25192292109181713,0.09364692121744156,-0.518773078918457,0.39506542682647705,0.1425951340681185,929.3478260869565,730.0,0,0.0,4,0.17391304347826086,0.24888775279917713,0.5809059027632154,Histopathological feature: Fat body cell observed in H&E stained human tissue
1,242,32,MOR-12290,Beige adipocyte,H1_morphology,visual,Homo_sapiens,23,0.09095364849528541,0.2656500833029623,0.18698309361934662,-0.5117489099502563,0.40140530467033386,0.26106704479974246,835.7391304347826,553.0,2,0.08695652173913043,3,0.13043478260869565,0.24441473530635482,0.5809059027632154,Histopathological feature: Beige adipocyte observed in H&E stained human tissue
1,501,33,MOR-11398,Mucinous adenocarcinoma in situ,H1_morphology,visual,Homo_sapiens,23,0.06137001923406902,0.15791167399244838,0.0699864849448204,-0.2281946837902069,0.3477795124053955,0.1260621119088129,1015.304347826087,1008.0,0,0.0,2,0.08695652173913043,0.2417697357653057,0.5809059027632154,Histopathological feature: Mucinous adenocarcinoma in situ observed in H&E stained human tissue
1,293,34,CTY-0005,goblet cell,H2_cell_type,visual,Homo_sapiens,23,0.0831270732552461,0.1743690613048674,0.040410563349723816,-0.2669798731803894,0.3587712049484253,0.018824668904847425,910.0,738.0,0,0.0,4,0.17391304347826086,0.23993749322358202,0.5809059027632154,"Cell type present in human tissue: goblet cell, expressing MUC2, MUC5AC, TFF3, SPDEF, FCGBP"
1,475,35,CTY-11130,Mucus secreting cell of trachea gland,H2_cell_type,visual,Homo_sapiens,23,0.0628820716443917,0.17498004374295112,0.03249078243970871,-0.254605770111084,0.35498058795928955,0.3083865130725114,984.6521739130435,869.0,0,0.0,2,0.08695652173913043,0.23868689809227997,0.5809059027632154,Cell type present in human tissue: Mucus secreting cell of trachea gland
1,60,36,CTY-10692,Epithelial cell of viscerocranial mucosa,H2_cell_type,visual,Homo_sapiens,23,0.1360528868339632,0.1526833872623896,0.13539260625839233,-0.1276215761899948,0.4067465364933014,0.30670124357161316,631.5217391304348,479.0,1,0.043478260869565216,3,0.13043478260869565,0.23845392402887738,0.5809059027632154,Cell type present in human tissue: Epithelial cell of viscerocranial mucosa
1,632,37,CTY-11557,Tuft cell of nasal cavity respiratory epithelium,H2_cell_type,visual,Homo_sapiens,23,0.052768263277476246,0.18649085390303752,0.01055414043366909,-0.2977186441421509,0.36497312784194946,0.3346474812082622,1043.7391304347825,1060.0,0,0.0,2,0.08695652173913043,0.23426054501199897,0.5809059027632154,Cell type present in human tissue: Tuft cell of nasal cavity respiratory epithelium
1,1569,38,CTY-10665,Epididymis secretory cell,H2_cell_type,visual,Homo_sapiens,23,-0.005700895724737126,0.2214654690343355,-0.03396313264966011,-0.4644297957420349,0.36899346113204956,0.2961891304863536,1276.608695652174,1403.0,0,0.0,1,0.043478260869565216,0.2323159028249597,0.5809059027632154,Cell type present in human tissue: Epididymis secretory cell
1,174,39,MOR-0373,normal cartilage,H1_morphology,visual,Homo_sapiens,23,0.10251442472571912,0.18222111794234466,0.11265113204717636,-0.3064233958721161,0.35350051522254944,0.22245858787842418,782.0434782608696,733.0,1,0.043478260869565216,2,0.08695652173913043,0.23187775955937398,0.5809059027632154,Normal histology: normal cartilage in H&E stained human tissue
1,829,40,MOR-12012,Signet ring cell carcinoma,H1_morphology,visual,Homo_sapiens,23,0.03952040887721207,0.15384954713572047,-0.015498638153076172,-0.29026925563812256,0.32551372051239014,0.3200199876142585,1145.5217391304348,1276.0,0,0.0,1,0.043478260869565216,0.22903529997843852,0.5809059027632154,Histopathological feature: Signet ring cell carcinoma observed in H&E stained human tissue
1,122,41,CTY-11229,Olfactory ensheathing cell,H2_cell_type,visual,Homo_sapiens,23,0.11340483780140462,0.15902374726761373,0.05119355022907257,-0.13759377598762512,0.41404950618743896,0.2809208736795446,802.695652173913,654.0,2,0.08695652173913043,4,0.17391304347826086,0.22823402579366633,0.5809059027632154,Cell type present in human tissue: Olfactory ensheathing cell
1,223,42,MOR-0298,mucoepidermoid carcinoma,H1_morphology,visual,Homo_sapiens,23,0.09436184807640055,0.15877132865043833,0.09796151518821716,-0.20319272577762604,0.37780189514160156,0.24989398099158122,807.304347826087,730.0,0,0.0,1,0.043478260869565216,0.22801835271805582,0.5809059027632154,Histopathological feature: mucoepidermoid carcinoma in human head_neck tissue on H&E stain
1,740,43,MOR-0052,signet ring cell morphology,H1_morphology,visual,Homo_sapiens,23,0.04580177488210409,0.14953933472880726,-0.012592107057571411,-0.2404710352420807,0.3032834529876709,0.31562645992507105,1107.7391304347825,1114.0,0,0.0,1,0.043478260869565216,0.22604516546250633,0.5809059027632154,Histopathological feature: signet ring cell morphology observed in H&E stained human tissue
1,785,44,CTY-11030,Lysosome-rich enterocyte,H2_cell_type,visual,Homo_sapiens,23,0.042042097765142505,0.13054675178517813,0.0007809586822986603,-0.11376827955245972,0.3280910849571228,0.18274493802986716,1112.3478260869565,1145.0,0,0.0,1,0.043478260869565216,0.22518444375766195,0.5809059027632154,Cell type present in human tissue: Lysosome-rich enterocyte
1,1021,45,CTY-10892,Interfollicle cell,H2_cell_type,visual,Homo_sapiens,23,0.02861297997119634,0.17974867595243468,0.01610121689736843,-0.26159751415252686,0.36916476488113403,0.2200376396674825,1175.1739130434783,1202.0,0,0.0,2,0.08695652173913043,0.22508074436575393,0.5809059027632154,Cell type present in human tissue: Interfollicle cell
1,888,46,CTY-10748,Folliculostellate cell,H2_cell_type,visual,Homo_sapiens,23,0.03607456843652155,0.17076267820477276,0.02744450606405735,-0.2327384203672409,0.32058632373809814,0.317869013418322,1141.0434782608695,1099.0,0,0.0,2,0.08695652173913043,0.22446770517583706,0.5809059027632154,Cell type present in human tissue: Folliculostellate cell
1,824,47,CTY-11415,Sebocyte,H2_cell_type,visual,Homo_sapiens,23,0.03972749274386012,0.18438851019278357,0.02456059679389,-0.27132081985473633,0.32824599742889404,0.31689535632081656,1111.8260869565217,1045.0,0,0.0,1,0.043478260869565216,0.22392606421831165,0.5809059027632154,Cell type present in human tissue: Sebocyte
1,603,48,CTY-10226,Meynert cell,H2_cell_type,visual,Homo_sapiens,23,0.05476146086078623,0.17755250328409142,-0.006339913234114647,-0.21186977624893188,0.3652038872241974,0.22875369550741237,1037.695652173913,1044.0,0,0.0,1,0.043478260869565216,0.2217498817715403,0.5809059027632154,Cell type present in human tissue: Meynert cell
1,1415,49,CTY-10161,Hensen cell,H2_cell_type,visual,Homo_sapiens,23,0.0033318813404311304,0.18691244377049449,-0.05266610160470009,-0.22795316576957703,0.34643152356147766,0.18910542049485704,1300.9565217391305,1407.0,0,0.0,2,0.08695652173913043,0.22041091960743311,0.5809059027632154,Cell type present in human tissue: Hensen cell
1,158,50,MOR-0245,Helicobacter-associated gastritis,H1_morphology,visual,Homo_sapiens,23,0.10498670205149961,0.1664640800699159,0.12474912405014038,-0.24732112884521484,0.3760921061038971,0.28502263452695764,740.695652173913,528.0,0,0.0,2,0.08695652173913043,0.22012724109256232,0.5809059027632154,Histopathological feature: Helicobacter-associated gastritis in human stomach tissue on H&E stain
2,445,1,MOR-0323,pancreatic intraepithelial neoplasia,H1_morphology,visual,Homo_sapiens,23,0.059195703907829265,0.23366124054562504,0.06449861824512482,-0.3028424382209778,0.4648694396018982,0.13520145351472107,1005.7391304347826,662.0,1,0.043478260869565216,3,0.13043478260869565,0.20993781918718057,2.9549312742641507,Histopathological feature: pancreatic intraepithelial neoplasia in human pancreas tissue on H&E stain
2,957,2,MOR-0238,EBV-associated lymphoepithelioma-like gastric carcinoma,H1_morphology,visual,Homo_sapiens,23,0.012580735204012497,0.20369594798030394,0.06355483829975128,-0.31212088465690613,0.3528721332550049,0.19674966937821844,1202.8695652173913,1333.0,1,0.043478260869565216,2,0.08695652173913043,0.16481375411340304,2.9549312742641507,Histopathological feature: EBV-associated lymphoepithelioma-like gastric carcinoma in human stomach tissue on H&E stain
2,721,3,CTY-11558,Tuft cell of parotid gland,H2_cell_type,visual,Homo_sapiens,23,0.03109285607933998,0.2376588578158583,0.06247315928339958,-0.43185874819755554,0.404885470867157,0.28137705960999365,1041.2173913043478,722.0,1,0.043478260869565216,3,0.13043478260869565,0.16371372609557266,2.9549312742641507,Cell type present in human tissue: Tuft cell of parotid gland
2,651,4,MOR-11605,Pancreatic poorly cohesive adenocarcinoma,H1_morphology,visual,Homo_sapiens,23,0.03772335284915955,0.17678086311828986,-0.009010802954435349,-0.2257246971130371,0.3388333320617676,0.15545429742854575,1091.4347826086957,1163.0,0,0.0,1,0.043478260869565216,0.16022118089041687,2.9549312742641507,Histopathological feature: Pancreatic poorly cohesive adenocarcinoma in human pancreas tissue on H&E stain
2,450,5,MOR-10854,Glomerulocystic disease,H1_morphology,visual,Homo_sapiens,23,0.05886882450431585,0.18868674895044726,0.046153631061315536,-0.27026164531707764,0.46307170391082764,0.07732040852146305,1034.9130434782608,1233.0,2,0.08695652173913043,3,0.13043478260869565,0.15249690214472805,2.9549312742641507,Histopathological feature: Glomerulocystic disease in human kidney tissue on H&E stain
2,8,6,MOR-10630,Eosinophilic inflammation,H1_morphology,visual,Homo_sapiens,23,0.19968507297175087,0.1681956666574434,0.2608969807624817,-0.23663122951984406,0.37772876024246216,0.10526295556970265,437.30434782608694,227.0,1,0.043478260869565216,6,0.2608695652173913,0.15114719840198845,2.9549312742641507,Histopathological feature: Eosinophilic inflammation observed in H&E stained human tissue
2,186,7,MOR-10880,Granulomatous polyp,H1_morphology,visual,Homo_sapiens,23,0.10371579748132954,0.18416234359961248,0.13581527769565582,-0.35313987731933594,0.45932090282440186,0.28617399542228034,725.9130434782609,572.0,1,0.043478260869565216,1,0.043478260869565216,0.14846532543676652,2.9549312742641507,Histopathological feature: Granulomatous polyp observed in H&E stained human tissue
2,559,8,MOR-10172,Basal-like pancreatic ductal adenocarcinoma,H1_morphology,visual,Homo_sapiens,23,0.046292717366114906,0.198590760187978,-0.05573217570781708,-0.17686888575553894,0.4034504294395447,0.16583324005098446,1129.7391304347825,1296.0,0,0.0,3,0.13043478260869565,0.14493366440172634,2.9549312742641507,Histopathological feature: Basal-like pancreatic ductal adenocarcinoma in human pancreas tissue on H&E stain
2,551,9,MOR-11983,Serous endometrial intraepithelial carcinoma,H1_morphology,visual,Homo_sapiens,23,0.04748642452709053,0.1643977388883694,0.052215781062841415,-0.25697797536849976,0.28488296270370483,0.20209214577208395,987.9565217391304,800.0,0,0.0,0,0.0,0.14267485419218479,2.9549312742641507,Histopathological feature: Serous endometrial intraepithelial carcinoma in human uterus tissue on H&E stain
2,1043,10,MOR-10069,Amelanotic melanoma,H1_morphology,visual,Homo_sapiens,23,0.007099677484644496,0.16181151368896132,-0.04503454640507698,-0.26094263792037964,0.3167760372161865,0.1044304677001808,1249.695652173913,1442.0,0,0.0,1,0.043478260869565216,0.14216946193423463,2.9549312742641507,Histopathological feature: Amelanotic melanoma in human skin tissue on H&E stain
2,1,11,MOR-11427,Multifocal inflammation,H1_morphology,visual,Homo_sapiens,23,0.22188947252605273,0.2247744638780311,0.2871101498603821,-0.33778053522109985,0.5302040576934814,0.2071334638673326,455.6521739130435,140.0,4,0.17391304347826086,10,0.43478260869565216,0.1421624148845016,2.9549312742641507,Histopathological feature: Multifocal inflammation observed in H&E stained human tissue
2,1195,12,CTY-11188,Neuroendocrine cell of epithelium of crypt of lieberkuhn,H2_cell_type,visual,Homo_sapiens,23,-0.0020440391710271006,0.19609956761185843,-0.004768438637256622,-0.3360159397125244,0.4113095998764038,0.255934176399656,1198.0,912.0,1,0.043478260869565216,1,0.043478260869565216,0.14132796050997412,2.9549312742641507,Cell type present in human tissue: Neuroendocrine cell of epithelium of crypt of lieberkuhn
2,57,13,MOR-10628,Eosinophilic granuloma,H1_morphology,visual,Homo_sapiens,23,0.145590808040098,0.153390641020966,0.19198402762413025,-0.13500693440437317,0.38749420642852783,0.14731210421608842,603.3478260869565,250.0,1,0.043478260869565216,1,0.043478260869565216,0.1388866458970389,2.9549312742641507,Histopathological feature: Eosinophilic granuloma observed in H&E stained human tissue
2,1428,14,CTY-0129,pancreatic stellate cell,H2_cell_type,visual,Homo_sapiens,23,-0.013915986511046472,0.1836796389056275,-0.014217644929885864,-0.3215554356575012,0.29692786931991577,0.028328135974057343,1298.5217391304348,1326.0,0,0.0,1,0.043478260869565216,0.13718834651571693,2.9549312742641507,"Cell type present in human tissue: pancreatic stellate cell, expressing ACTA2, PDGFRB, COL1A1, DES, VIM"
2,1836,15,CTY-10889,Insulin secreting cell,H2_cell_type,visual,Homo_sapiens,23,-0.036738672415199486,0.18304139435481043,-0.01304563507437706,-0.3298620283603668,0.27832263708114624,0.24519715620123822,1379.1739130434783,1493.0,0,0.0,0,0.0,0.13656789821631438,2.9549312742641507,Cell type present in human tissue: Insulin secreting cell
2,927,16,CTY-0147,pancreatic beta cell,H2_cell_type,visual,Homo_sapiens,23,0.014828890724026638,0.14707613304136952,-0.017612943425774574,-0.21606691181659698,0.31859469413757324,0.05215837830758613,1163.304347826087,1130.0,0,0.0,0,0.0,0.13548203525377261,2.9549312742641507,"Cell type present in human tissue: pancreatic beta cell, expressing INS, MAFA, PDX1, NKX6-1, GCK"
2,347,17,MOR-0295,salivary gland serous acini,H1_morphology,visual,Homo_sapiens,23,0.07289351061310458,0.2436015230837563,0.10049518942832947,-0.38540828227996826,0.46916258335113525,0.2579063144714936,943.3913043478261,843.0,1,0.043478260869565216,4,0.17391304347826086,0.1346597994231862,2.9549312742641507,Histopathological feature: salivary gland serous acini in human head_neck tissue on H&E stain
2,1376,18,CTY-10788,Glucagon secreting cell,H2_cell_type,visual,Homo_sapiens,23,-0.0113510321015897,0.1728924136501891,0.005089791491627693,-0.30037280917167664,0.2618389129638672,0.07628784433979055,1246.2608695652175,1126.0,0,0.0,1,0.043478260869565216,0.1339403992797536,2.9549312742641507,Cell type present in human tissue: Glucagon secreting cell
2,413,19,MOR-0379,germinal center within tertiary lymphoid structure,H1_morphology,visual,Homo_sapiens,23,0.06360046144412912,0.236300330825703,0.02038457617163658,-0.39074277877807617,0.4552745223045349,0.3944281883861708,973.0,746.0,1,0.043478260869565216,4,0.17391304347826086,0.13304032876025365,2.9549312742641507,Tissue microenvironment: germinal center within tertiary lymphoid structure in human tissue on H&E stain
2,876,20,CTY-0128,hepatic stellate cell,H2_cell_type,visual,Homo_sapiens,23,0.017945084761342277,0.138115357949569,0.01077326387166977,-0.2220286726951599,0.29525232315063477,0.1338190202317808,1176.9130434782608,1228.0,0,0.0,1,0.043478260869565216,0.13151787320567782,2.9549312742641507,"Cell type present in human tissue: hepatic stellate cell, expressing LRAT, RGS5, PDGFRB, HGF, DES"
2,1148,21,MOR-0298,mucoepidermoid carcinoma,H1_morphology,visual,Homo_sapiens,23,0.0003548922098201254,0.19129536649343348,-0.02707509696483612,-0.2995207905769348,0.31956052780151367,0.2233917782812015,1270.5217391304348,1176.0,0,0.0,2,0.08695652173913043,0.13049040767347725,2.9549312742641507,Histopathological feature: mucoepidermoid carcinoma in human head_neck tissue on H&E stain
2,432,22,NIC-0057,germinal center niche,H2_niche,visual,Homo_sapiens,23,0.06095953593435495,0.20848797509621655,0.032986100763082504,-0.2807650566101074,0.3604399561882019,0.32335610266612924,1020.3913043478261,867.0,0,0.0,3,0.13043478260869565,0.12880045744151608,2.9549312742641507,Spatial tissue niche in human tissue: germinal center niche
2,1072,23,CTY-0005,goblet cell,H2_cell_type,visual,Homo_sapiens,23,0.005353730414872584,0.1618590391747623,0.03338668495416641,-0.3185591995716095,0.2464463859796524,-0.009393214470828358,1181.6521739130435,952.0,0,0.0,0,0.0,0.12877892098669227,2.9549312742641507,"Cell type present in human tissue: goblet cell, expressing MUC2, MUC5AC, TFF3, SPDEF, FCGBP"
2,768,24,MOR-0318,poorly differentiated pancreatic ductal adenocarcinoma,H1_morphology,visual,Homo_sapiens,23,0.026543808129170666,0.16396563433304176,-0.02027670480310917,-0.18630196154117584,0.2983565330505371,0.17830462737575822,1146.608695652174,1259.0,0,0.0,1,0.043478260869565216,0.12779605875431155,2.9549312742641507,Histopathological feature: poorly differentiated pancreatic ductal adenocarcinoma in human pancreas tissue on H&E stain
2,163,25,MOR-0329,serous cystadenoma,H1_morphology,visual,Homo_sapiens,23,0.10880348572264546,0.20538864045692143,0.10076433420181274,-0.310333788394928,0.5275874137878418,0.30559755375851755,721.3913043478261,424.0,1,0.043478260869565216,1,0.043478260869565216,0.12766806922970914,2.9549312742641507,Histopathological feature: serous cystadenoma in human pancreas tissue on H&E stain
2,259,26,MOR-0249,gastric lymphoma MALT pattern,H1_morphology,visual,Homo_sapiens,23,0.0866446825473205,0.2005739405665964,0.088819220662117,-0.2612793743610382,0.3646201491355896,0.37494625475095666,897.9565217391304,1049.0,1,0.043478260869565216,4,0.17391304347826086,0.12665629713575083,2.9549312742641507,Histopathological feature: gastric lymphoma MALT pattern in human stomach tissue on H&E stain
2,1490,27,MOR-10618,Endometrioid tissue present,H1_morphology,visual,Homo_sapiens,23,-0.01733485180074754,0.2057230875032564,0.002781502902507782,-0.3513222336769104,0.301691472530365,0.23390309026707773,1301.0434782608695,1201.0,0,0.0,2,0.08695652173913043,0.12661551482640757,2.9549312742641507,Histopathological feature: Endometrioid tissue present observed in H&E stained human tissue
2,348,28,MOR-0317,moderately differentiated pancreatic ductal adenocarcinoma,H1_morphology,visual,Homo_sapiens,23,0.07280010932489582,0.16290427143554687,0.01381634920835495,-0.11283139884471893,0.37424927949905396,0.096436131340654,925.9130434782609,930.0,0,0.0,1,0.043478260869565216,0.12588293658619346,2.9549312742641507,Histopathological feature: moderately differentiated pancreatic ductal adenocarcinoma in human pancreas tissue on H&E stain
2,1143,29,MOR-11289,Medullary carcinoma,H1_morphology,visual,Homo_sapiens,23,0.0005080535926896592,0.15354096190639271,0.0018901880830526352,-0.20329830050468445,0.2663002610206604,0.1467072790407616,1247.608695652174,1460.0,0,0.0,0,0.0,0.1255490676395603,2.9549312742641507,Histopathological feature: Medullary carcinoma in human kidney tissue on H&E stain
2,112,30,MOR-10613,Endometrial metaplasia,H1_morphology,visual,Homo_sapiens,23,0.12651785106762595,0.16759792379370778,0.16835588216781616,-0.2430761307477951,0.38869017362594604,0.2831901514335819,648.8695652173913,345.0,0,0.0,1,0.043478260869565216,0.12551248422921768,2.9549312742641507,Histopathological feature: Endometrial metaplasia in human uterus tissue on H&E stain
2,123,31,MOR-0273,endometrial polyp,H1_morphology,visual,Homo_sapiens,23,0.12327380923797256,0.15127401610758826,0.1633451133966446,-0.2227969467639923,0.35994917154312134,0.13464862610334935,616.5652173913044,334.0,0,0.0,1,0.043478260869565216,0.12517975250899774,2.9549312742641507,Histopathological feature: endometrial polyp in human uterus tissue on H&E stain
2,244,32,MOR-0326,chronic pancreatitis,H1_morphology,visual,Homo_sapiens,23,0.0914768634525978,0.1919953329307462,0.03017962910234928,-0.1581002175807953,0.4684668779373169,0.22220953748277997,897.9565217391304,1063.0,2,0.08695652173913043,3,0.13043478260869565,0.12419121006275272,2.9549312742641507,Histopathological feature: chronic pancreatitis in human pancreas tissue on H&E stain
2,1415,33,MOR-0225,rhabdoid renal features,H1_morphology,visual,Homo_sapiens,23,-0.01305743549828944,0.18043221809649104,-0.09217017889022827,-0.21871517598628998,0.3771032691001892,0.1916276694315931,1327.1739130434783,1686.0,1,0.043478260869565216,2,0.08695652173913043,0.12316477380739745,2.9549312742641507,Histopathological feature: rhabdoid renal features in human kidney tissue on H&E stain
2,438,34,CTY-10628,Endothelial cell of peyer's patch,H2_cell_type,visual,Homo_sapiens,23,0.06040709878763427,0.1482995020782568,0.06517953425645828,-0.15640240907669067,0.4110075831413269,0.17886041104793549,892.7826086956521,672.0,0,0.0,1,0.043478260869565216,0.12237654271031462,2.9549312742641507,Cell type present in human tissue: Endothelial cell of peyer's patch
2,1641,35,MOR-12363,Serous demilune cell of salivary gland,H1_morphology,visual,Homo_sapiens,23,-0.025371883955338726,0.2220475258285475,0.01637738011777401,-0.42128872871398926,0.37201762199401855,0.14815273054915926,1276.2173913043478,1171.0,0,0.0,1,0.043478260869565216,0.12215649125568837,2.9549312742641507,Histopathological feature: Serous demilune cell of salivary gland observed in H&E stained human tissue
2,40,36,MOR-0264,endometriotic cyst lining,H1_morphology,visual,Homo_sapiens,23,0.1594608231731083,0.17392389652913717,0.21521423757076263,-0.2388911247253418,0.3574714660644531,0.329952514042025,540.6086956521739,283.0,0,0.0,2,0.08695652173913043,0.12215146194772276,2.9549312742641507,Histopathological feature: endometriotic cyst lining in human ovary tissue on H&E stain
2,194,37,MOR-0034,granulomatous inflammation,H1_morphology,visual,Homo_sapiens,23,0.10155321090765622,0.16352250597269175,0.1213044747710228,-0.19876398146152496,0.37888941168785095,0.19373773649820816,759.7826086956521,579.0,0,0.0,0,0.0,0.12180872801016684,2.9549312742641507,Histopathological feature: granulomatous inflammation observed in H&E stained human tissue
2,7,38,MOR-0039,acute inflammation,H1_morphology,visual,Homo_sapiens,23,0.20286995496438898,0.18767597659304108,0.2609029710292816,-0.30784252285957336,0.3795550465583801,0.1090000563139177,435.5652173913044,137.0,1,0.043478260869565216,3,0.13043478260869565,0.12169378758032122,2.9549312742641507,Histopathological feature: acute inflammation observed in H&E stained human tissue
2,417,39,MOR-0319,prominent desmoplastic stroma in pancreas,H1_morphology,visual,Homo_sapiens,23,0.06308100186288357,0.16517589623638526,-0.0016106590628623962,-0.14276465773582458,0.36448749899864197,0.1618257572307535,996.6521739130435,1235.0,0,0.0,1,0.043478260869565216,0.12148437788835634,2.9549312742641507,Histopathological feature: prominent desmoplastic stroma in pancreas in human pancreas tissue on H&E stain
2,1862,40,CTY-0155,tuft cell,H2_cell_type,visual,Homo_sapiens,23,-0.03879539814332257,0.1911073105329418,-0.002743743360042572,-0.34488528966903687,0.3095305860042572,0.10394884532560474,1375.1739130434783,1669.0,0,0.0,1,0.043478260869565216,0.12114159252087722,2.9549312742641507,"Cell type present in human tissue: tuft cell, expressing DCLK1, TRPM5, POU2F3, GFI1B, SH2D6"
2,64,41,MOR-0370,lymph node sinus histiocytosis,H1_morphology,visual,Homo_sapiens,23,0.14342330687719843,0.155753291043658,0.16226303577423096,-0.21354052424430847,0.460803747177124,0.1513830576415943,584.0434782608696,438.0,1,0.043478260869565216,4,0.17391304347826086,0.12092454127694297,2.9549312742641507,Normal histology: lymph node sinus histiocytosis in H&E stained human tissue
2,1152,42,CTY-11427,Seromucus secreting cell,H2_cell_type,visual,Homo_sapiens,23,0.00022811272546001103,0.19605753240164872,-0.020293690264225006,-0.3922695219516754,0.3768822252750397,0.27678019877361215,1216.304347826087,1170.0,0,0.0,2,0.08695652173913043,0.12017470567880115,2.9549312742641507,Cell type present in human tissue: Seromucus secreting cell
2,154,43,MOR-0245,Helicobacter-associated gastritis,H1_morphology,visual,Homo_sapiens,23,0.11015442094725111,0.16414520066433133,0.1312119960784912,-0.2159062922000885,0.39811772108078003,0.2826031193785045,713.304347826087,453.0,0,0.0,2,0.08695652173913043,0.1201297199202457,2.9549312742641507,Histopathological feature: Helicobacter-associated gastritis in human stomach tissue on H&E stain
2,368,44,MOR-0327,autoimmune pancreatitis storiform fibrosis,H1_morphology,visual,Homo_sapiens,23,0.06967622106489928,0.19194669971485082,0.06138315051794052,-0.2606431841850281,0.437662273645401,0.21360104417671327,965.6086956521739,852.0,1,0.043478260869565216,3,0.13043478260869565,0.11986291777809542,2.9549312742641507,Histopathological feature: autoimmune pancreatitis storiform fibrosis in human pancreas tissue on H&E stain
2,487,45,MOR-0296,salivary gland mucinous acini,H1_morphology,visual,Homo_sapiens,23,0.05345403556914433,0.21914996919147764,0.09021415561437607,-0.36344027519226074,0.39545613527297974,0.18020314285936562,1011.1739130434783,1054.0,0,0.0,2,0.08695652173913043,0.11855990429213956,2.9549312742641507,Histopathological feature: salivary gland mucinous acini in human head_neck tissue on H&E stain
2,896,46,MOR-0301,epithelioid melanoma cells,H1_morphology,visual,Homo_sapiens,23,0.016782779772968395,0.12247992251042125,0.009107694029808044,-0.21653929352760315,0.24847012758255005,0.14914558115212814,1128.4782608695652,1125.0,0,0.0,0,0.0,0.11850370038318737,2.9549312742641507,Histopathological feature: epithelioid melanoma cells in human skin tissue on H&E stain
2,460,47,MOR-10815,Gastric mixed adenoneuroendocrine carcinoma,H1_morphology,visual,Homo_sapiens,23,0.057094096975482025,0.1525260885061859,0.03899240121245384,-0.21672284603118896,0.36629751324653625,0.20627423813161644,970.5217391304348,833.0,0,0.0,1,0.043478260869565216,0.11816524422595422,2.9549312742641507,Histopathological feature: Gastric mixed adenoneuroendocrine carcinoma in human stomach tissue on H&E stain
2,409,48,MOR-0330,pancreatic mucinous cystic neoplasm,H1_morphology,visual,Homo_sapiens,23,0.06398377842877222,0.16725049497994035,0.011748716235160828,-0.1470988690853119,0.35133615136146545,0.2426346164682637,958.8695652173913,1109.0,0,0.0,0,0.0,0.11662637532754651,2.9549312742641507,Histopathological feature: pancreatic mucinous cystic neoplasm in human pancreas tissue on H&E stain
2,2,49,MOR-10554,Diffuse inflammation,H1_morphology,visual,Homo_sapiens,23,0.21452480813731317,0.20115334516326192,0.27670830488204956,-0.2986116409301758,0.5248308181762695,0.12770679042391156,435.6521739130435,172.0,4,0.17391304347826086,8,0.34782608695652173,0.11615910147913491,2.9549312742641507,Histopathological feature: Diffuse inflammation observed in H&E stained human tissue
2,116,50,MOR-0172,Crohn-like lymphoid reaction,H1_morphology,visual,Homo_sapiens,23,0.12495105624522852,0.18643310542649139,0.17026576399803162,-0.15968626737594604,0.39221084117889404,0.2411522479808849,738.9565217391304,659.0,0,0.0,4,0.17391304347826086,0.11588204425917716,2.9549312742641507,Histopathological feature: Crohn-like lymphoid reaction in human colorectal tissue on H&E stain
3,11,1,MOR-11453,Myxoma,H1_morphology,visual,Homo_sapiens,23,0.19724674069363138,0.20101972539209034,0.1919231116771698,-0.15430061519145966,0.49990206956863403,0.314062732393327,454.5652173913044,124.0,2,0.08695652173913043,8,0.34782608695652173,0.25170747851957703,0.1506008445438577,Histopathological feature: Myxoma observed in H&E stained human tissue
3,1,2,MOR-10389,Clue cell,H1_morphology,visual,Homo_sapiens,23,0.2525164682580077,0.16332150054825229,0.267065167427063,-0.23154591023921967,0.5355494618415833,0.4269053177989047,248.08695652173913,59.0,2,0.08695652173913043,7,0.30434782608695654,0.24750191805654,0.1506008445438577,Histopathological feature: Clue cell observed in H&E stained human tissue
3,122,3,MOR-10604,Emphysema,H1_morphology,visual,Homo_sapiens,23,0.12535135221222174,0.194275607201816,0.12580379843711853,-0.18035683035850525,0.5586245059967041,0.09051686687313992,673.3913043478261,399.0,1,0.043478260869565216,4,0.17391304347826086,0.24651921185867942,0.1506008445438577,Histopathological feature: Emphysema in human lung tissue on H&E stain
3,3,4,MOR-0027,perivascular lymphocytic cuff,H1_morphology,visual,Homo_sapiens,23,0.23807618208229542,0.15662741999900437,0.28921985626220703,-0.024547714740037918,0.5065370798110962,0.27996356979660364,263.5217391304348,63.0,2,0.08695652173913043,10,0.43478260869565216,0.24376911946887464,0.1506008445438577,Histopathological feature: perivascular lymphocytic cuff observed in H&E stained human tissue
3,23,5,MOR-12290,Beige adipocyte,H1_morphology,visual,Homo_sapiens,23,0.1716990062723989,0.2304918656929207,0.21494872868061066,-0.29403412342071533,0.592769980430603,0.29560921762300574,567.1739130434783,178.0,3,0.13043478260869565,7,0.30434782608695654,0.24293225041939395,0.1506008445438577,Histopathological feature: Beige adipocyte observed in H&E stained human tissue
3,4,6,MOR-10705,Fibrinous material present,H1_morphology,visual,Homo_sapiens,23,0.22910797336827154,0.22364324576120662,0.24471265077590942,-0.2243022918701172,0.5727648138999939,0.2135602681209212,428.0,113.0,7,0.30434782608695654,10,0.43478260869565216,0.24003978808586687,0.1506008445438577,Histopathological feature: Fibrinous material present observed in H&E stained human tissue
3,9,7,MOR-10079,Angiectasia,H1_morphology,visual,Homo_sapiens,23,0.20776177902260554,0.20226939654754028,0.2849956154823303,-0.19454404711723328,0.5465062856674194,0.26500999474007153,454.69565217391306,195.0,2,0.08695652173913043,9,0.391304347826087,0.2399932641997516,0.1506008445438577,Histopathological feature: Angiectasia observed in H&E stained human tissue
3,42,8,MOR-0212,sinusoidal dilatation,H1_morphology,visual,Homo_sapiens,23,0.15755256686521613,0.18002094793923948,0.15704911947250366,-0.11587587743997574,0.5045913457870483,0.14590539119165877,526.7391304347826,425.0,4,0.17391304347826086,4,0.17391304347826086,0.2370526226048645,0.1506008445438577,Histopathological feature: sinusoidal dilatation in human liver tissue on H&E stain
3,115,9,CTY-10431,Brain macroglial cell,H2_cell_type,visual,Homo_sapiens,23,0.12950812928054645,0.19981705166047972,0.13143429160118103,-0.31972748041152954,0.4530888497829437,0.18962503297497396,643.695652173913,370.0,3,0.13043478260869565,5,0.21739130434782608,0.22736266808131173,0.1506008445438577,Cell type present in human tissue: Brain macroglial cell
3,134,10,MOR-0334,oligodendroglial honeycomb pattern,H1_morphology,visual,Homo_sapiens,23,0.11944699287414551,0.21260275981639545,0.11788643151521683,-0.22451291978359222,0.5216941237449646,0.20774620722817339,734.2608695652174,394.0,3,0.13043478260869565,4,0.17391304347826086,0.2205532471943532,0.1506008445438577,Histopathological feature: oligodendroglial honeycomb pattern in human brain tissue on H&E stain
3,37,11,MOR-0364,normal skeletal muscle,H1_morphology,visual,Homo_sapiens,23,0.1585157094118388,0.19040910826868757,0.1318226456642151,-0.15090811252593994,0.5331600904464722,0.24483609628742156,544.7391304347826,295.0,3,0.13043478260869565,5,0.21739130434782608,0.21524671044461138,0.1506008445438577,Normal histology: normal skeletal muscle in H&E stained human tissue
3,2,12,MOR-0039,acute inflammation,H1_morphology,visual,Homo_sapiens,23,0.24949097742690987,0.12851554857988134,0.25201356410980225,-0.025998137891292572,0.43613123893737793,0.0887952670050056,230.95652173913044,84.0,4,0.17391304347826086,10,0.43478260869565216,0.21464549141036238,0.1506008445438577,Histopathological feature: acute inflammation observed in H&E stained human tissue
3,49,13,MOR-0377,normal serosal surface,H1_morphology,visual,Homo_sapiens,23,0.15548635055513485,0.17106677844613843,0.1759670078754425,-0.26377978920936584,0.35135209560394287,0.1785475266287508,508.4782608695652,330.0,2,0.08695652173913043,4,0.17391304347826086,0.21411182392567138,0.1506008445438577,Normal histology: normal serosal surface in H&E stained human tissue
3,85,14,MOR-0214,macrovesicular steatosis,H1_morphology,visual,Homo_sapiens,23,0.13984203978401163,0.17151371642620195,0.1545560359954834,-0.2052116096019745,0.3659098744392395,0.18204224546966347,574.8260869565217,327.0,1,0.043478260869565216,4,0.17391304347826086,0.213236456391604,0.1506008445438577,Histopathological feature: macrovesicular steatosis in human liver tissue on H&E stain
3,52,15,MOR-0347,normal cerebral white matter,H1_morphology,visual,Homo_sapiens,23,0.1545368221628925,0.18515122137989368,0.10964988172054291,-0.23771759867668152,0.49947813153266907,0.18046410754323006,514.1739130434783,383.0,1,0.043478260869565216,6,0.2608695652173913,0.21234212283153586,0.1506008445438577,Histopathological feature: normal cerebral white matter in human brain tissue on H&E stain
3,6,16,MOR-10706,Fibrinous inflammation,H1_morphology,visual,Homo_sapiens,23,0.21660944147278433,0.17327639644538098,0.27905920147895813,-0.30278053879737854,0.4195164442062378,0.08154935997141444,359.4347826086956,108.0,2,0.08695652173913043,7,0.30434782608695654,0.21211094654762083,0.1506008445438577,Histopathological feature: Fibrinous inflammation observed in H&E stained human tissue
3,111,17,MOR-10398,Colloid degeneration,H1_morphology,visual,Homo_sapiens,23,0.13081354550693347,0.254960031709156,0.1201300248503685,-0.37991201877593994,0.5200455784797668,0.1586071275498556,729.2608695652174,301.0,2,0.08695652173913043,6,0.2608695652173913,0.2071607543907101,0.1506008445438577,Histopathological feature: Colloid degeneration observed in H&E stained human tissue
3,66,18,MOR-0070,mucinous degeneration,H1_morphology,visual,Homo_sapiens,23,0.14782916673499605,0.22774674309197462,0.16037876904010773,-0.18952885270118713,0.5665611028671265,0.2469687857057737,680.8260869565217,193.0,2,0.08695652173913043,6,0.2608695652173913,0.20372059911493381,0.1506008445438577,Histopathological feature: mucinous degeneration observed in H&E stained human tissue
3,12,19,MOR-10527,Desmoplastic fibroblastoma,H1_morphology,visual,Homo_sapiens,23,0.19683582165642924,0.19512093624983257,0.25615543127059937,-0.20255348086357117,0.5766271352767944,0.2868336907223515,478.60869565217394,112.0,2,0.08695652173913043,5,0.21739130434782608,0.20042658806594202,0.1506008445438577,Histopathological feature: Desmoplastic fibroblastoma observed in H&E stained human tissue
3,61,20,CTY-10227,Microglial nodules,H2_cell_type,visual,Homo_sapiens,23,0.1496866441777219,0.18297800109115764,0.17793366312980652,-0.28162187337875366,0.44309067726135254,0.27058159527571307,546.2608695652174,321.0,1,0.043478260869565216,3,0.13043478260869565,0.1995784925924308,0.1506008445438577,Cell type present in human tissue: Microglial nodules
3,14,21,MOR-0024,vascular ectasia,H1_morphology,visual,Homo_sapiens,23,0.18630201450508574,0.1711064705416718,0.19528886675834656,-0.1312609612941742,0.45456501841545105,0.1890896123064601,431.95652173913044,199.0,1,0.043478260869565216,5,0.21739130434782608,0.19507294584948834,0.1506008445438577,Histopathological feature: vascular ectasia observed in H&E stained human tissue
3,18,22,MOR-0066,dystrophic calcification,H1_morphology,visual,Homo_sapiens,23,0.18401439115405083,0.21515337275342705,0.206876739859581,-0.17523916065692902,0.5706218481063843,0.2688129102082356,533.4347826086956,222.0,3,0.13043478260869565,8,0.34782608695652173,0.19472142072205684,0.1506008445438577,Histopathological feature: dystrophic calcification observed in H&E stained human tissue
3,8,23,MOR-11009,Inflammation with stasis,H1_morphology,visual,Homo_sapiens,23,0.20851725404677185,0.1412009917890298,0.24030303955078125,-0.23396408557891846,0.4024484157562256,0.2035341648303944,323.0,127.0,2,0.08695652173913043,6,0.2608695652173913,0.1946185091851071,0.1506008445438577,Histopathological feature: Inflammation with stasis observed in H&E stained human tissue
3,21,24,MOR-11696,Persistent inflammation,H1_morphology,visual,Homo_sapiens,23,0.17783204336529193,0.16148897442894578,0.16299310326576233,-0.226334810256958,0.41413414478302,0.18897237361449262,428.2173913043478,169.0,0,0.0,4,0.17391304347826086,0.19430469377702694,0.1506008445438577,Histopathological feature: Persistent inflammation observed in H&E stained human tissue
3,19,25,MOR-10701,Fibrin strand,H1_morphology,visual,Homo_sapiens,23,0.1792824003521515,0.20853845963961423,0.19143161177635193,-0.349519282579422,0.4814630448818207,0.29013825629068457,494.3478260869565,190.0,2,0.08695652173913043,8,0.34782608695652173,0.1941458384298088,0.1506008445438577,Histopathological feature: Fibrin strand observed in H&E stained human tissue
3,63,26,MOR-12164,Thin-walled branching vascular pattern,H1_morphology,visual,Homo_sapiens,23,0.1482693648127758,0.16316930961591825,0.12322482466697693,-0.1438927799463272,0.4174336791038513,0.22314391479544018,526.8695652173913,415.0,0,0.0,4,0.17391304347826086,0.19158450962105608,0.1506008445438577,Histopathological feature: Thin-walled branching vascular pattern observed in H&E stained human tissue
3,71,27,MOR-0017,chicken-wire vasculature,H1_morphology,visual,Homo_sapiens,23,0.14582440103201763,0.18444215603658753,0.17134477198123932,-0.1240527480840683,0.46496477723121643,0.2043576812290627,565.8260869565217,199.0,0,0.0,3,0.13043478260869565,0.19096843649942757,0.1506008445438577,Histopathological feature: chicken-wire vasculature observed in H&E stained human tissue
3,41,28,MOR-11150,Laminar necrosis,H1_morphology,visual,Homo_sapiens,23,0.157557537779212,0.19786088535282112,0.19739775359630585,-0.24217355251312256,0.4810636639595032,0.1539574750172703,546.8695652173913,132.0,1,0.043478260869565216,3,0.13043478260869565,0.19045531221364057,0.1506008445438577,Histopathological feature: Laminar necrosis observed in H&E stained human tissue
3,35,29,MOR-12337,Melanocyte of eyelid,H1_morphology,visual,Homo_sapiens,23,0.16147095969189768,0.10237638554467975,0.18042884767055511,-0.11299094557762146,0.33491867780685425,0.24574628423737443,357.0869565217391,260.0,0,0.0,0,0.0,0.19002055546183616,0.1506008445438577,Histopathological feature: Melanocyte of eyelid observed in H&E stained human tissue
3,154,30,MOR-12310,Fat body cell,H1_morphology,visual,Homo_sapiens,23,0.11149854763694432,0.21506084589272337,0.12886710464954376,-0.3988777995109558,0.5575876832008362,0.16765183643640383,683.0,349.0,1,0.043478260869565216,1,0.043478260869565216,0.18939621956266137,0.1506008445438577,Histopathological feature: Fat body cell observed in H&E stained human tissue
3,149,31,MOR-11730,Pleomorphic lipoma,H1_morphology,visual,Homo_sapiens,23,0.1138019087197988,0.24359382990855563,0.14981290698051453,-0.3792772889137268,0.5519818067550659,0.281218235583409,758.6521739130435,318.0,2,0.08695652173913043,4,0.17391304347826086,0.1875647611544997,0.1506008445438577,Histopathological feature: Pleomorphic lipoma observed in H&E stained human tissue
3,20,32,MOR-10785,Folded nucleus,H1_morphology,visual,Homo_sapiens,23,0.17892951489952597,0.1660331578322652,0.2177603393793106,-0.29098403453826904,0.43372833728790283,0.2590558183905871,433.2173913043478,219.0,1,0.043478260869565216,3,0.13043478260869565,0.18731456326133739,0.1506008445438577,Histological artifact: Folded nucleus in H&E stained human tissue
3,76,33,MOR-0019,arborizing vasculature,H1_morphology,visual,Homo_sapiens,23,0.14348879563824637,0.12985517018439718,0.14863136410713196,-0.08783020079135895,0.3957406282424927,0.219174067935218,476.30434782608694,282.0,0,0.0,2,0.08695652173913043,0.18708902653316958,0.1506008445438577,Histopathological feature: arborizing vasculature observed in H&E stained human tissue
3,105,34,MOR-11451,Myxoid degeneration,H1_morphology,visual,Homo_sapiens,23,0.13371935179052147,0.24392200271450362,0.1711248904466629,-0.3806728720664978,0.5288177132606506,0.19547110925550046,653.4347826086956,216.0,2,0.08695652173913043,4,0.17391304347826086,0.18574556203305326,0.1506008445438577,Histopathological feature: Myxoid degeneration observed in H&E stained human tissue
3,45,35,MOR-0398,fibrin deposition,H1_morphology,visual,Homo_sapiens,23,0.15683556048442487,0.2377800495019902,0.15378589928150177,-0.24656373262405396,0.4913446307182312,0.448602460000826,665.1304347826087,317.0,3,0.13043478260869565,8,0.34782608695652173,0.18464235164324122,0.1506008445438577,Tissue microenvironment: fibrin deposition in human tissue on H&E stain
3,38,36,MOR-11127,Keloid,H1_morphology,visual,Homo_sapiens,23,0.15829837520647308,0.19838858288293656,0.21195977926254272,-0.21708644926548004,0.5139135122299194,0.17167785115863965,576.5652173913044,164.0,1,0.043478260869565216,5,0.21739130434782608,0.18428554913865583,0.1506008445438577,Histopathological feature: Keloid observed in H&E stained human tissue
3,118,37,MOR-10892,Hairy polyp,H1_morphology,visual,Homo_sapiens,23,0.12735740476004456,0.12945816236848262,0.11579591035842896,-0.03607090562582016,0.4327163100242615,0.13297320869953735,557.4782608695652,477.0,0,0.0,3,0.13043478260869565,0.18279204708609906,0.1506008445438577,Histopathological feature: Hairy polyp observed in H&E stained human tissue
3,121,38,MOR-11151,Laminated calcium deposition,H1_morphology,visual,Homo_sapiens,23,0.12601428531596195,0.2599978921524075,0.20645064115524292,-0.25239789485931396,0.5939591526985168,0.24870477057993412,790.2608695652174,276.0,1,0.043478260869565216,7,0.30434782608695654,0.1823784932903243,0.1506008445438577,Histopathological feature: Laminated calcium deposition observed in H&E stained human tissue
3,99,39,CTY-11095,Microglial cell,H2_cell_type,visual,Homo_sapiens,23,0.1361461805746607,0.1751378904851728,0.15053331851959229,-0.23739340901374817,0.41988882422447205,0.2623634467954221,579.3913043478261,289.0,0,0.0,3,0.13043478260869565,0.18133494318767196,0.1506008445438577,Cell type present in human tissue: Microglial cell
3,163,40,MOR-0349,ependymal rosettes,H1_morphology,visual,Homo_sapiens,23,0.10931462264093368,0.18976581694526304,0.1345682293176651,-0.20664235949516296,0.4636760950088501,0.21635007842079454,728.304347826087,516.0,1,0.043478260869565216,3,0.13043478260869565,0.18127058268978838,0.1506008445438577,Histopathological feature: ependymal rosettes in human brain tissue on H&E stain
3,224,41,MOR-0363,normal adipose tissue,H1_morphology,visual,Homo_sapiens,23,0.09380873017337012,0.18845559808020118,0.11022624373435974,-0.30914968252182007,0.4268631339073181,0.08080323615475841,778.3478260869565,615.0,2,0.08695652173913043,2,0.08695652173913043,0.17936036338074865,0.1506008445438577,Normal histology: normal adipose tissue in H&E stained human tissue
3,57,42,MOR-11885,Reticular dermis,H1_morphology,visual,Homo_sapiens,23,0.1513797140315823,0.13158345405771768,0.1125609278678894,-0.04689648002386093,0.42363372445106506,0.10132777804265851,454.1304347826087,367.0,0,0.0,1,0.043478260869565216,0.17929006975583414,0.1506008445438577,Histopathological feature: Reticular dermis observed in H&E stained human tissue
3,62,43,MOR-10178,Basophilic degeneration,H1_morphology,visual,Homo_sapiens,23,0.14967433525168378,0.1587628176041005,0.15848486125469208,-0.14019358158111572,0.42869073152542114,0.3184690378282381,502.95652173913044,270.0,0,0.0,3,0.13043478260869565,0.17667237622597765,0.1506008445438577,Histopathological feature: Basophilic degeneration observed in H&E stained human tissue
3,5,44,MOR-11468,Necrotizing inflammation,H1_morphology,visual,Homo_sapiens,23,0.2271615403663853,0.11531709442359153,0.24046945571899414,0.011249901726841927,0.4264896512031555,0.09912415869210077,244.52173913043478,92.0,1,0.043478260869565216,8,0.34782608695652173,0.17640767366121834,0.1506008445438577,Histopathological feature: Necrotizing inflammation observed in H&E stained human tissue
3,24,45,MOR-10056,Adventitial degeneration,H1_morphology,visual,Homo_sapiens,23,0.1713300530353318,0.17013693948616515,0.22577758133411407,-0.26110410690307617,0.39465612173080444,0.17079991912064346,459.04347826086956,189.0,0,0.0,6,0.2608695652173913,0.17634178511678728,0.1506008445438577,Histopathological feature: Adventitial degeneration observed in H&E stained human tissue
3,68,46,MOR-12028,Small capillary-sized vascular proliferation,H1_morphology,visual,Homo_sapiens,23,0.14672712475547325,0.13272752020275366,0.14694736897945404,-0.12056316435337067,0.3783336877822876,0.16574201538510944,482.4347826086956,363.0,0,0.0,2,0.08695652173913043,0.17551231670230155,0.1506008445438577,Histopathological feature: Small capillary-sized vascular proliferation observed in H&E stained human tissue
3,178,47,MOR-10471,Cystic dilatation with accumulation of fluid,H1_morphology,visual,Homo_sapiens,23,0.10669664309724518,0.20969974199620103,0.16366896033287048,-0.35015758872032166,0.4180915951728821,0.1885900052021379,747.304347826087,327.0,0,0.0,4,0.17391304347826086,0.1738881500836816,0.1506008445438577,Histopathological feature: Cystic dilatation with accumulation of fluid observed in H&E stained human tissue
3,124,48,MOR-0376,normal mesothelial lining,H1_morphology,visual,Homo_sapiens,23,0.12462181278059016,0.1683277326685659,0.09565738588571548,-0.12338047474622726,0.3844224214553833,0.25415444422675215,661.0,599.0,1,0.043478260869565216,4,0.17391304347826086,0.17350673672936934,0.1506008445438577,Normal histology: normal mesothelial lining in H&E stained human tissue
3,25,49,MOR-11690,Perivascular degeneration,H1_morphology,visual,Homo_sapiens,23,0.169280010316035,0.158300104610081,0.2049597203731537,-0.19032196700572968,0.4299067258834839,0.13780931059433066,436.5652173913044,228.0,0,0.0,2,0.08695652173913043,0.17326980175471995,0.1506008445438577,Histopathological feature: Perivascular degeneration observed in H&E stained human tissue
3,74,50,MOR-12296,Choroidal melanocyte,H1_morphology,visual,Homo_sapiens,23,0.14442637773311656,0.17784567068237905,0.12723174691200256,-0.18131648004055023,0.46840959787368774,0.31140524732029956,584.2608695652174,332.0,0,0.0,4,0.17391304347826086,0.17219679545150932,0.1506008445438577,Histopathological feature: Choroidal melanocyte observed in H&E stained human tissue
4,5,1,MOR-10551,Diffuse hyperplastic oncocytosis,H1_morphology,visual,Homo_sapiens,23,0.1746986937587676,0.18436792585641615,0.17143751680850983,-0.1791200041770935,0.45034825801849365,0.22199678858337196,531.5217391304348,190.0,6,0.2608695652173913,10,0.43478260869565216,0.24218742152401984,7.7693622285135975,Histopathological feature: Diffuse hyperplastic oncocytosis observed in H&E stained human tissue
4,11,2,CTY-10448,Carbohydrate secreting cell,H2_cell_type,visual,Homo_sapiens,23,0.1623305351999791,0.2179516258415222,0.20412518084049225,-0.30144593119621277,0.5070633888244629,0.2041175656992456,566.9130434782609,127.0,5,0.21739130434782608,8,0.34782608695652173,0.23210458702161765,7.7693622285135975,Cell type present in human tissue: Carbohydrate secreting cell
4,1,3,MOR-10480,"Cystic, mucinous and/or serous neoplasm",H1_morphology,visual,Homo_sapiens,23,0.19311748647495455,0.23869467337805653,0.17316552996635437,-0.20605862140655518,0.6404618620872498,0.17099877564317506,553.7826086956521,168.0,8,0.34782608695652173,10,0.43478260869565216,0.22597331376278718,7.7693622285135975,"Histopathological feature: Cystic, mucinous and/or serous neoplasm observed in H&E stained human tissue"
4,6,4,CTY-11422,Senescent cells,H2_cell_type,visual,Homo_sapiens,23,0.1741888505285201,0.12006214155838858,0.22245344519615173,-0.05524266138672829,0.3667829930782318,0.24093051773050558,388.39130434782606,151.0,3,0.13043478260869565,5,0.21739130434782608,0.21930501301809008,7.7693622285135975,Cell type present in human tissue: Senescent cells
4,2,5,CTY-10607,Eggshell secreting cell,H2_cell_type,visual,Homo_sapiens,23,0.18190253647449223,0.10209972984748479,0.1875634640455246,-0.04051149636507034,0.35278990864753723,0.2853823566566343,313.2608695652174,147.0,0,0.0,6,0.2608695652173913,0.21453707231948835,7.7693622285135975,Cell type present in human tissue: Eggshell secreting cell
4,13,6,MOR-11375,Mixed cell adenoma,H1_morphology,visual,Homo_sapiens,23,0.1534295346101989,0.18715437317416572,0.140034481883049,-0.3253665566444397,0.5067698955535889,0.13220928759192643,526.1304347826087,172.0,2,0.08695652173913043,6,0.2608695652173913,0.21250904769481088,7.7693622285135975,Histopathological feature: Mixed cell adenoma observed in H&E stained human tissue
4,24,7,CTY-11588,Unipolar brush cell,H2_cell_type,visual,Homo_sapiens,23,0.14440523037363007,0.15439897523812637,0.14898355305194855,-0.23839983344078064,0.4313622713088989,0.2620534239255864,495.0869565217391,272.0,1,0.043478260869565216,4,0.17391304347826086,0.20841576046267635,7.7693622285135975,Cell type present in human tissue: Unipolar brush cell
4,3,8,CTY-10864,Ileal goblet cell,H2_cell_type,visual,Homo_sapiens,23,0.17742463500927325,0.12368677237730855,0.19188374280929565,-0.11683955788612366,0.3627079427242279,0.27058499176865036,352.1304347826087,217.0,0,0.0,6,0.2608695652173913,0.20499341501787238,7.7693622285135975,Cell type present in human tissue: Ileal goblet cell
4,16,9,CTY-0141,podocyte,H2_cell_type,visual,Homo_sapiens,23,0.15112106570893008,0.1137376211140357,0.17216938734054565,-0.07705435156822205,0.3291521370410919,0.09148404589327781,439.69565217391306,194.0,0,0.0,4,0.17391304347826086,0.20047825911543848,7.7693622285135975,"Cell type present in human tissue: podocyte, expressing NPHS1, NPHS2, SYNPO, WT1, PODXL"
4,21,10,CTY-11134,Multiciliated epithelial cell,H2_cell_type,visual,Homo_sapiens,23,0.1460261390665951,0.1582291790071739,0.17400863766670227,-0.23172952234745026,0.42804235219955444,0.18909097657255505,482.95652173913044,178.0,1,0.043478260869565216,4,0.17391304347826086,0.1977710515266904,7.7693622285135975,Cell type present in human tissue: Multiciliated epithelial cell
4,59,11,MOR-11275,"Malignant tumor, clear cell type",H1_morphology,visual,Homo_sapiens,23,0.12229762692004442,0.1855774069346275,0.16310980916023254,-0.21201777458190918,0.4619046449661255,0.20778727369463962,722.1304347826087,194.0,3,0.13043478260869565,5,0.21739130434782608,0.19709930133331927,7.7693622285135975,"Histopathological feature: Malignant tumor, clear cell type observed in H&E stained human tissue"
4,22,12,CTY-11508,Syncytiotrophoblast cell,H2_cell_type,visual,Homo_sapiens,23,0.1451959923395644,0.13226072316495577,0.14891842007637024,-0.1239820271730423,0.33771300315856934,0.22856305636789487,517.0,305.0,1,0.043478260869565216,4,0.17391304347826086,0.19462284459088788,7.7693622285135975,Cell type present in human tissue: Syncytiotrophoblast cell
4,29,13,CTY-10489,Choroid plexus epithelial cell (mmus),H2_cell_type,visual,Homo_sapiens,23,0.14056757890173924,0.15948273574115357,0.15239354968070984,-0.161672443151474,0.4292480945587158,0.27974096539875737,559.0,151.0,0,0.0,6,0.2608695652173913,0.19460456358658593,7.7693622285135975,Cell type present in human tissue: Choroid plexus epithelial cell (mmus)
4,98,14,CTY-10496,Chromophobe cell,H2_cell_type,visual,Homo_sapiens,23,0.10593382248897916,0.19989249141269588,0.1154821366071701,-0.31980955600738525,0.5569061040878296,0.3055718100589255,749.3478260869565,398.0,2,0.08695652173913043,4,0.17391304347826086,0.19382250109864305,7.7693622285135975,Cell type present in human tissue: Chromophobe cell
4,20,15,CTY-10663,Epidermal mucus secreting cell,H2_cell_type,visual,Homo_sapiens,23,0.14683687852938537,0.1634800517611114,0.1755692958831787,-0.19330665469169617,0.4483233392238617,0.2866685763001442,502.69565217391306,213.0,1,0.043478260869565216,4,0.17391304347826086,0.19142090205824416,7.7693622285135975,Cell type present in human tissue: Epidermal mucus secreting cell
4,10,16,CTY-10809,Gut absorptive cell,H2_cell_type,visual,Homo_sapiens,23,0.1628199426214332,0.1282287975153821,0.17091712355613708,-0.2002509981393814,0.3991580009460449,0.2600424186043117,384.2173913043478,206.0,0,0.0,4,0.17391304347826086,0.19128454890384666,7.7693622285135975,Cell type present in human tissue: Gut absorptive cell
4,8,17,CTY-10975,Larval midgut cell,H2_cell_type,visual,Homo_sapiens,23,0.16757352544885615,0.11177788344801222,0.16750189661979675,-0.01973705179989338,0.41113153100013733,0.1827231517628483,386.9130434782609,238.0,2,0.08695652173913043,4,0.17391304347826086,0.186688825236139,7.7693622285135975,Cell type present in human tissue: Larval midgut cell
4,18,18,CTY-11358,Pronephric podocyte,H2_cell_type,visual,Homo_sapiens,23,0.14873305003604162,0.12970786253666786,0.15659907460212708,-0.16927430033683777,0.3867407739162445,0.29411444651043933,468.69565217391306,246.0,2,0.08695652173913043,4,0.17391304347826086,0.18663131622504925,7.7693622285135975,Cell type present in human tissue: Pronephric podocyte
4,15,19,CTY-10670,Epithelial cell of amnion,H2_cell_type,visual,Homo_sapiens,23,0.15186375995045123,0.11010515240897621,0.1627565324306488,-0.039192479103803635,0.31267523765563965,0.275593387691871,418.39130434782606,315.0,0,0.0,5,0.21739130434782608,0.1861229452061346,7.7693622285135975,Cell type present in human tissue: Epithelial cell of amnion
4,44,20,CTY-10803,Gravity sensitive cell,H2_cell_type,visual,Homo_sapiens,23,0.13119323644787073,0.12913680277574538,0.12179133296012878,-0.18970388174057007,0.34516453742980957,0.3047402501106262,525.4782608695652,316.0,1,0.043478260869565216,3,0.13043478260869565,0.18539763283948146,7.7693622285135975,Cell type present in human tissue: Gravity sensitive cell
4,17,21,CTY-10349,Alkali secreting cell,H2_cell_type,visual,Homo_sapiens,23,0.15086782585991465,0.11239744512422695,0.15021981298923492,-0.025191739201545715,0.3315034508705139,0.32117700900720514,445.39130434782606,312.0,2,0.08695652173913043,5,0.21739130434782608,0.18494057740200376,7.7693622285135975,Cell type present in human tissue: Alkali secreting cell
4,40,22,CTY-10664,Epidermoblast,H2_cell_type,visual,Homo_sapiens,23,0.13304554857313633,0.1478091979275787,0.1294068843126297,-0.18798020482063293,0.35749951004981995,0.10483336141940368,599.695652173913,495.0,3,0.13043478260869565,5,0.21739130434782608,0.183015601296889,7.7693622285135975,Cell type present in human tissue: Epidermoblast
4,14,23,MOR-12303,Deuterosomal cell,H1_morphology,visual,Homo_sapiens,23,0.15189721585129914,0.11001316103046743,0.1438918113708496,-0.028381677344441414,0.3763695955276489,0.432748442110808,408.4347826086956,279.0,1,0.043478260869565216,3,0.13043478260869565,0.17843136616523825,7.7693622285135975,Histopathological feature: Deuterosomal cell observed in H&E stained human tissue
4,28,24,CTY-0008,hepatocyte,H2_cell_type,visual,Homo_sapiens,23,0.1407392573259447,0.1119971515864058,0.12798155844211578,-0.11652010679244995,0.3141510486602783,0.11535822179006494,455.69565217391306,231.0,0,0.0,3,0.13043478260869565,0.17770709448581906,7.7693622285135975,"Cell type present in human tissue: hepatocyte, expressing ALB, APOB, CYP3A4, HNF4A"
4,4,25,MOR-0178,villous adenoma architecture,H1_morphology,visual,Homo_sapiens,23,0.17714207437213347,0.13579727758188795,0.1669551134109497,-0.016385305672883987,0.5024554133415222,0.1493466152890545,354.82608695652175,239.0,2,0.08695652173913043,2,0.08695652173913043,0.1771438030128808,7.7693622285135975,Histopathological feature: villous adenoma architecture in human colorectal tissue on H&E stain
4,53,26,CTY-11512,Tear secreting cell,H2_cell_type,visual,Homo_sapiens,23,0.1255629194252517,0.1788664568380712,0.1028750091791153,-0.19739440083503723,0.5542925596237183,0.33200090775347274,627.5217391304348,365.0,3,0.13043478260869565,5,0.21739130434782608,0.1753065238355363,7.7693622285135975,Cell type present in human tissue: Tear secreting cell
4,77,27,MOR-11562,Oncocytic adenoma,H1_morphology,visual,Homo_sapiens,23,0.11224628620497558,0.17183166345403836,0.12227840721607208,-0.36027443408966064,0.40897509455680847,0.11508669505786637,608.1304347826087,367.0,0,0.0,1,0.043478260869565216,0.17485019496849255,7.7693622285135975,Histopathological feature: Oncocytic adenoma observed in H&E stained human tissue
4,70,28,MOR-12351,Oncocytoid renal cell carcinomas,H1_morphology,visual,Homo_sapiens,23,0.11527938800661461,0.14166076968655378,0.0854698121547699,-0.12435443699359894,0.36427628993988037,0.1948117740938197,653.0869565217391,585.0,0,0.0,4,0.17391304347826086,0.17476195223362018,7.7693622285135975,Histopathological feature: Oncocytoid renal cell carcinomas observed in H&E stained human tissue
4,19,29,CTY-10596,Early enterocyte,H2_cell_type,visual,Homo_sapiens,23,0.14729244132404742,0.08568984705643312,0.13948652148246765,-0.039228782057762146,0.3076379597187042,0.18232365535653156,425.4347826086956,318.0,1,0.043478260869565216,3,0.13043478260869565,0.17408087674713213,7.7693622285135975,Cell type present in human tissue: Early enterocyte
4,12,30,MOR-11993,Serrated glandular architecture,H1_morphology,visual,Homo_sapiens,23,0.15828701108694077,0.14378899545555604,0.14224806427955627,-0.14465226233005524,0.4996928572654724,0.0689976100364457,420.82608695652175,251.0,1,0.043478260869565216,3,0.13043478260869565,0.17406997639161684,7.7693622285135975,Histopathological feature: Serrated glandular architecture observed in H&E stained human tissue
4,32,31,CTY-11269,Papillary tips cell,H2_cell_type,visual,Homo_sapiens,23,0.13927470690206342,0.12965874015256842,0.17354491353034973,-0.17552295327186584,0.3043283224105835,0.1836105274927357,523.1739130434783,247.0,0,0.0,5,0.21739130434782608,0.17350674573733932,7.7693622285135975,Cell type present in human tissue: Papillary tips cell
4,7,32,MOR-11403,Mucinous cystic neoplasm with high-grade intraepithelial neoplasia,H1_morphology,visual,Homo_sapiens,23,0.17284004957131718,0.17332386486282453,0.22063973546028137,-0.08615081012248993,0.5264451503753662,0.1561417081595763,475.7391304347826,147.0,2,0.08695652173913043,10,0.43478260869565216,0.17157508304996738,7.7693622285135975,Histopathological feature: Mucinous cystic neoplasm with high-grade intraepithelial neoplasia observed in H&E stained human tissue
4,68,33,CTY-0003,secretory epithelial cell,H2_cell_type,visual,Homo_sapiens,23,0.11544540654058041,0.18458549960750908,0.13513116538524628,-0.21913738548755646,0.46793848276138306,0.11702557062001331,663.8260869565217,322.0,1,0.043478260869565216,5,0.21739130434782608,0.1703527792047619,7.7693622285135975,"Cell type present in human tissue: secretory epithelial cell, expressing MUC5AC, MUC5B, SCGB1A1, SCGB3A1, WFDC2"
4,94,34,CTY-11538,Transitional epithelial cell,H2_cell_type,visual,Homo_sapiens,23,0.10767858345871387,0.15412010957851127,0.13482406735420227,-0.22523614764213562,0.3237343430519104,0.2093997306149939,669.2173913043479,358.0,0,0.0,4,0.17391304347826086,0.16830948334128,7.7693622285135975,Cell type present in human tissue: Transitional epithelial cell
4,30,35,CTY-10595,Early colonocyte,H2_cell_type,visual,Homo_sapiens,23,0.13980114006477853,0.11061786053350639,0.1691352277994156,-0.17676763236522675,0.2955884039402008,0.23560370796400568,450.9130434782609,280.0,0,0.0,1,0.043478260869565216,0.16739684010576478,7.7693622285135975,Cell type present in human tissue: Early colonocyte
4,34,36,CTY-11507,Syncytial epithelial cell,H2_cell_type,visual,Homo_sapiens,23,0.13812639843672514,0.08896609217282371,0.15905320644378662,-0.004237829707562923,0.26069921255111694,0.2515378973406294,442.2608695652174,244.0,0,0.0,1,0.043478260869565216,0.16705477267990845,7.7693622285135975,Cell type present in human tissue: Syncytial epithelial cell
4,48,37,CTY-10487,Choroid plexus capillary endothelial cell,H2_cell_type,visual,Homo_sapiens,23,0.12718183725424434,0.12316189348326896,0.1449359953403473,-0.17888915538787842,0.32975584268569946,0.2307371348142624,527.7391304347826,357.0,0,0.0,1,0.043478260869565216,0.16624550243669978,7.7693622285135975,Cell type present in human tissue: Choroid plexus capillary endothelial cell
4,46,38,MOR-11235,Lung secretory carcinoma,H1_morphology,visual,Homo_sapiens,23,0.12771358960510595,0.17344624988808305,0.09620291739702225,-0.2738671898841858,0.5163166522979736,0.20212996192276478,566.5652173913044,382.0,1,0.043478260869565216,6,0.2608695652173913,0.16423618151866767,7.7693622285135975,Histopathological feature: Lung secretory carcinoma in human lung tissue on H&E stain
4,45,39,CTY-10831,Hemocyte (sensu arthropoda),H2_cell_type,visual,Homo_sapiens,23,0.13084141808845426,0.10860369356085824,0.16936485469341278,-0.0903078019618988,0.29039081931114197,0.11357932221954284,504.0869565217391,237.0,0,0.0,2,0.08695652173913043,0.16266365535970895,7.7693622285135975,Cell type present in human tissue: Hemocyte (sensu arthropoda)
4,56,40,CTY-11301,Pigmented ciliary epithelial cell,H2_cell_type,visual,Homo_sapiens,23,0.12468382424634436,0.11821125391665066,0.12588879466056824,-0.11979518085718155,0.37490853667259216,0.40925027753995813,500.30434782608694,249.0,0,0.0,0,0.0,0.16234571231941042,7.7693622285135975,Cell type present in human tissue: Pigmented ciliary epithelial cell
4,61,41,MOR-10383,Clear cell mesonephroid neoplasm,H1_morphology,visual,Homo_sapiens,23,0.12017663855753515,0.169463497206454,0.187557190656662,-0.15564006567001343,0.42470601201057434,0.32661607084066974,663.304347826087,151.0,0,0.0,3,0.13043478260869565,0.16223411643343236,7.7693622285135975,Histopathological feature: Clear cell mesonephroid neoplasm observed in H&E stained human tissue
4,42,42,CTY-11253,Oxygen accumulating cell,H2_cell_type,visual,Homo_sapiens,23,0.13218202061303283,0.10121987904193926,0.15395435690879822,-0.09508681297302246,0.2846111059188843,0.2752310335636139,497.6521739130435,345.0,0,0.0,2,0.08695652173913043,0.16183899768155716,7.7693622285135975,Cell type present in human tissue: Oxygen accumulating cell
4,118,43,CTY-10999,Lower urinary tract cell,H2_cell_type,visual,Homo_sapiens,23,0.09920482738348453,0.14262653584330273,0.11496777832508087,-0.25081396102905273,0.30716243386268616,0.27169426984113193,659.695652173913,405.0,1,0.043478260869565216,1,0.043478260869565216,0.16129605351153195,7.7693622285135975,Cell type present in human tissue: Lower urinary tract cell
4,74,44,MOR-12350,Oncocytic renal neoplasms,H1_morphology,visual,Homo_sapiens,23,0.11393345374128093,0.14834041069072695,0.1486753672361374,-0.22269760072231293,0.3681088984012604,0.22254709251548932,597.695652173913,310.0,1,0.043478260869565216,1,0.043478260869565216,0.16078549893125538,7.7693622285135975,Histopathological feature: Oncocytic renal neoplasms observed in H&E stained human tissue
4,72,45,MOR-10753,Fibrovascular papilloma,H1_morphology,visual,Homo_sapiens,23,0.11506606622234634,0.14583315357895751,0.14890287816524506,-0.17742803692817688,0.34486478567123413,0.11443745664766301,595.8260869565217,333.0,0,0.0,1,0.043478260869565216,0.15944187039283708,7.7693622285135975,Histopathological feature: Fibrovascular papilloma observed in H&E stained human tissue
4,101,46,CTY-11331,Precursor cell,H2_cell_type,visual,Homo_sapiens,23,0.1044996902346611,0.14476550175792852,0.13904958963394165,-0.18351076543331146,0.29090219736099243,0.1773382569865688,655.2608695652174,258.0,0,0.0,3,0.13043478260869565,0.15755996904133607,7.7693622285135975,Cell type present in human tissue: Precursor cell
4,84,47,CTY-10485,Chorionic membrane mesenchymal stem cell,H2_cell_type,visual,Homo_sapiens,23,0.11138258331819721,0.11335495182283722,0.13481858372688293,-0.12151402980089188,0.26498523354530334,0.12557387951275575,594.3478260869565,377.0,1,0.043478260869565216,2,0.08695652173913043,0.1574616930166603,7.7693622285135975,Cell type present in human tissue: Chorionic membrane mesenchymal stem cell
4,41,48,CTY-10684,Epithelial cell of small intestine,H2_cell_type,visual,Homo_sapiens,23,0.1322368657540368,0.14892303761618594,0.11977766454219818,-0.09214141219854355,0.41199052333831787,0.08789350132903327,582.9565217391304,386.0,1,0.043478260869565216,5,0.21739130434782608,0.15734233031872766,7.7693622285135975,Cell type present in human tissue: Epithelial cell of small intestine
4,104,49,CTY-0159,drug-resistant cancer cell,H2_cell_type,visual,Homo_sapiens,23,0.10391678887864818,0.17121929059577812,0.09516087174415588,-0.2667427659034729,0.32649707794189453,0.067837443202734,684.9565217391304,318.0,0,0.0,3,0.13043478260869565,0.1572924455164798,7.7693622285135975,"Cell type present in human tissue: drug-resistant cancer cell, expressing ABCB1, ABCG2, ABCC1, GSTP1, NRF2"
4,31,50,CTY-10161,Hensen cell,H2_cell_type,visual,Homo_sapiens,23,0.1394909739129893,0.10812834988201049,0.15191109478473663,-0.0780375674366951,0.3099794089794159,0.23944297400505646,467.3478260869565,346.0,0,0.0,3,0.13043478260869565,0.1569682783833428,7.7693622285135975,Cell type present in human tissue: Hensen cell
5,1,1,MOR-11013,Inflammatory leiomyosarcoma,H1_morphology,visual,Homo_sapiens,23,0.2109182690796645,0.1561410451450837,0.2186230719089508,-0.1437332034111023,0.5009846091270447,0.13022486302677705,411.04347826086956,167.0,3,0.13043478260869565,6,0.2608695652173913,0.23081091305026963,6.029845754174576,Histopathological feature: Inflammatory leiomyosarcoma observed in H&E stained human tissue
5,66,2,MOR-0291,basaloid squamous cell carcinoma of head and neck,H1_morphology,visual,Homo_sapiens,23,0.12723735343340947,0.20815076911686914,0.17954206466674805,-0.22823438048362732,0.4644061326980591,0.06058672305358493,768.6521739130435,322.0,3,0.13043478260869565,4,0.17391304347826086,0.21635245879548862,6.029845754174576,Histopathological feature: basaloid squamous cell carcinoma of head and neck in human head_neck tissue on H&E stain
5,516,3,MOR-11268,Malignant spitz tumor,H1_morphology,visual,Homo_sapiens,23,0.05400264992014221,0.26343799479711516,0.08334650099277496,-0.48348233103752136,0.4109422564506531,0.03338888166067393,977.4782608695652,428.0,1,0.043478260869565216,4,0.17391304347826086,0.21422693434219828,6.029845754174576,Histopathological feature: Malignant spitz tumor observed in H&E stained human tissue
5,102,4,MOR-10525,Desmoplastic stroma formation,H1_morphology,visual,Homo_sapiens,23,0.1144661292757677,0.2091436872502983,0.20546109974384308,-0.31275928020477295,0.39517417550086975,0.2620823495090008,751.695652173913,327.0,0,0.0,2,0.08695652173913043,0.19753902720653393,6.029845754174576,Histopathological feature: Desmoplastic stroma formation observed in H&E stained human tissue
5,82,5,MOR-12230,"Urothelial carcinoma, high grade",H1_morphology,visual,Homo_sapiens,23,0.1213970959753446,0.1443663365724069,0.10486280918121338,-0.1788700520992279,0.4376630187034607,0.1930681173082279,688.0869565217391,563.0,1,0.043478260869565216,2,0.08695652173913043,0.1968000495708889,6.029845754174576,"Histopathological feature: Urothelial carcinoma, high grade observed in H&E stained human tissue"
5,45,6,MOR-11167,Leiomyosarcoma,H1_morphology,visual,Homo_sapiens,23,0.1356595262237217,0.14501901505726408,0.14006507396697998,-0.1750066727399826,0.4298967123031616,0.06689133827129136,644.0,537.0,1,0.043478260869565216,2,0.08695652173913043,0.19377821194566297,6.029845754174576,Histopathological feature: Leiomyosarcoma observed in H&E stained human tissue
5,518,7,MOR-12073,Spitz malignant melanoma,H1_morphology,visual,Homo_sapiens,23,0.05389430983315991,0.25771257903464645,0.11783471703529358,-0.47681865096092224,0.3773888349533081,0.06956891193176093,920.5217391304348,520.0,0,0.0,4,0.17391304347826086,0.19223111532819195,6.029845754174576,Histopathological feature: Spitz malignant melanoma observed in H&E stained human tissue
5,75,8,MOR-11217,Localized leiomyosarcoma,H1_morphology,visual,Homo_sapiens,23,0.12397657496773679,0.16327203646067784,0.18034839630126953,-0.1620480865240097,0.39551347494125366,0.1593540168326834,741.0869565217391,500.0,0,0.0,3,0.13043478260869565,0.18988385653228856,6.029845754174576,Histopathological feature: Localized leiomyosarcoma observed in H&E stained human tissue
5,162,9,MOR-0057,atypical mitotic figures,H1_morphology,visual,Homo_sapiens,23,0.09911339227919994,0.2122302015266017,0.11170706897974014,-0.2631107568740845,0.39600902795791626,0.11975458912227464,888.5217391304348,844.0,1,0.043478260869565216,7,0.30434782608695654,0.18542763614632937,6.029845754174576,Histopathological feature: atypical mitotic figures observed in H&E stained human tissue
5,119,10,MOR-10503,Dedifferentiated leiomyosarcoma,H1_morphology,visual,Homo_sapiens,23,0.10922692922632331,0.1750686466207545,0.10941572487354279,-0.2788240313529968,0.4019145667552948,0.07957892354739748,842.7391304347826,691.0,1,0.043478260869565216,5,0.21739130434782608,0.1851576057475814,6.029845754174576,Histopathological feature: Dedifferentiated leiomyosarcoma observed in H&E stained human tissue
5,407,11,MOR-12370,Spitzoid,H1_morphology,visual,Homo_sapiens,23,0.06491953685231831,0.21510350475726414,0.09372082352638245,-0.39179056882858276,0.41319984197616577,0.011074860256327234,951.0434782608696,585.0,1,0.043478260869565216,2,0.08695652173913043,0.18243641547870923,6.029845754174576,Histopathological feature: Spitzoid observed in H&E stained human tissue
5,47,12,MOR-0096,lymphovascular invasion,H1_morphology,visual,Homo_sapiens,23,0.13523420207607356,0.16619163543245577,0.11231095343828201,-0.23242723941802979,0.3569103181362152,0.23159698486004188,608.7391304347826,372.0,0,0.0,3,0.13043478260869565,0.18112479498661715,6.029845754174576,Histopathological feature: lymphovascular invasion observed in H&E stained human tissue
5,527,13,MOR-10647,Epithelioid component present,H1_morphology,visual,Homo_sapiens,23,0.052736412652808685,0.19680907278789145,0.04638157784938812,-0.3572624623775482,0.34112656116485596,0.2856926995774974,999.8260869565217,591.0,0,0.0,0,0.0,0.18022596549888711,6.029845754174576,Histopathological feature: Epithelioid component present observed in H&E stained human tissue
5,134,14,MOR-12041,Smudge cell,H1_morphology,visual,Homo_sapiens,23,0.1068325893872458,0.20003090114094477,0.10363787412643433,-0.28180044889450073,0.40811753273010254,0.24669768175353174,812.5217391304348,745.0,1,0.043478260869565216,7,0.30434782608695654,0.17595745302795562,6.029845754174576,Histopathological feature: Smudge cell observed in H&E stained human tissue
5,271,15,MOR-0282,squamous differentiation in urothelial carcinoma,H1_morphology,visual,Homo_sapiens,23,0.08237522196672532,0.15633300276431641,0.1020299643278122,-0.24392259120941162,0.31925034523010254,0.21455644184480543,846.1304347826087,428.0,0,0.0,0,0.0,0.17345999685292524,6.029845754174576,Histopathological feature: squamous differentiation in urothelial carcinoma in human bladder tissue on H&E stain
5,106,16,MOR-0060,desmoplastic stroma,H1_morphology,visual,Homo_sapiens,23,0.11299872293096522,0.18454560178401533,0.2031194269657135,-0.25571900606155396,0.35680869221687317,0.19360914065138154,715.9130434782609,226.0,0,0.0,0,0.0,0.17195506577637296,6.029845754174576,Histopathological feature: desmoplastic stroma observed in H&E stained human tissue
5,2,17,MOR-12365,Slow muscle cell,H1_morphology,visual,Homo_sapiens,23,0.19677356889714365,0.16649864184059188,0.266618937253952,-0.09032770991325378,0.4533209800720215,0.39521500597829406,476.5652173913044,150.0,3,0.13043478260869565,7,0.30434782608695654,0.17121271551258974,6.029845754174576,Histopathological feature: Slow muscle cell observed in H&E stained human tissue
5,532,18,MOR-12308,Epithelioid,H1_morphology,visual,Homo_sapiens,23,0.05185311514398326,0.19297596668035744,0.07205118238925934,-0.314849317073822,0.34877562522888184,0.23201763176399728,1005.304347826087,806.0,0,0.0,2,0.08695652173913043,0.1702505106145556,6.029845754174576,Histopathological feature: Epithelioid observed in H&E stained human tissue
5,310,19,MOR-0158,squamous cell nests with central necrosis,H1_morphology,visual,Homo_sapiens,23,0.07642729410334774,0.1821099317904116,0.06306193768978119,-0.21193929016590118,0.42960089445114136,0.11948193783831337,903.0434782608696,714.0,0,0.0,3,0.13043478260869565,0.1679398521827435,6.029845754174576,Histopathological feature: squamous cell nests with central necrosis in human lung tissue on H&E stain
5,561,20,MOR-12184,"Transitional cell carcinoma, spindle cell",H1_morphology,visual,Homo_sapiens,23,0.04922497191506883,0.19975888933386654,0.08929553627967834,-0.35855913162231445,0.3473476767539978,0.2512711305981097,971.7826086956521,834.0,0,0.0,2,0.08695652173913043,0.16730776915849055,6.029845754174576,"Histopathological feature: Transitional cell carcinoma, spindle cell observed in H&E stained human tissue"
5,546,21,MOR-11485,Neuroendocrine carcinoma,H1_morphology,visual,Homo_sapiens,23,0.05076217416511929,0.20902234257987273,0.06997232139110565,-0.4298146963119507,0.37618154287338257,0.21739402073233025,969.5217391304348,877.0,0,0.0,2,0.08695652173913043,0.16201698566226194,6.029845754174576,Histopathological feature: Neuroendocrine carcinoma observed in H&E stained human tissue
5,360,22,MOR-0302,spindle cell melanoma,H1_morphology,visual,Homo_sapiens,23,0.07043530573339565,0.21194747232256791,0.07756443321704865,-0.32236120104789734,0.4210471510887146,0.06087001761340577,936.0,865.0,2,0.08695652173913043,4,0.17391304347826086,0.16161000361623096,6.029845754174576,Histopathological feature: spindle cell melanoma in human skin tissue on H&E stain
5,537,23,MOR-0290,non-keratinizing squamous cell carcinoma of head and neck,H1_morphology,visual,Homo_sapiens,23,0.051559683421383735,0.20081908422590208,0.05100518465042114,-0.340328574180603,0.3941517174243927,0.029346067498883476,1010.6521739130435,803.0,1,0.043478260869565216,2,0.08695652173913043,0.15997972422379136,6.029845754174576,Histopathological feature: non-keratinizing squamous cell carcinoma of head and neck in human head_neck tissue on H&E stain
5,154,24,MOR-0156,non-keratinizing squamous carcinoma,H1_morphology,visual,Homo_sapiens,23,0.10114922370437694,0.1613142194195061,0.11401698738336563,-0.13163170218467712,0.3605985641479492,0.2084263064291166,780.695652173913,799.0,0,0.0,2,0.08695652173913043,0.15918721069420827,6.029845754174576,Histopathological feature: non-keratinizing squamous carcinoma in human lung tissue on H&E stain
5,553,25,MOR-10929,High grade serous carcinoma,H1_morphology,visual,Homo_sapiens,23,0.05007721418919771,0.2397118270146377,0.03225063160061836,-0.4312831163406372,0.5283891558647156,-0.007486698096213134,1048.608695652174,860.0,2,0.08695652173913043,3,0.13043478260869565,0.15788926512402418,6.029845754174576,Histopathological feature: High grade serous carcinoma observed in H&E stained human tissue
5,48,26,MOR-10531,Desmoplastic small round cell tumor,H1_morphology,visual,Homo_sapiens,23,0.13456308957108337,0.14330326913101715,0.15273457765579224,-0.09030820429325104,0.3886341452598572,0.32964175032532733,592.0434782608696,434.0,0,0.0,1,0.043478260869565216,0.15752942350440682,6.029845754174576,Histopathological feature: Desmoplastic small round cell tumor observed in H&E stained human tissue
5,379,27,MOR-10211,Bizarre leiomyoma,H1_morphology,visual,Homo_sapiens,23,0.06827557912987212,0.22232356504833592,0.1051790714263916,-0.2258548140525818,0.4536903202533722,0.07991749202103718,1041.391304347826,714.0,3,0.13043478260869565,4,0.17391304347826086,0.15678646288950115,6.029845754174576,Histopathological feature: Bizarre leiomyoma observed in H&E stained human tissue
5,86,28,MOR-0308,desmoplastic melanoma,H1_morphology,visual,Homo_sapiens,23,0.11997868477002434,0.1986290837880986,0.14566777646541595,-0.24186527729034424,0.44778355956077576,0.13259103867913719,751.2608695652174,517.0,2,0.08695652173913043,5,0.21739130434782608,0.15655805299078923,6.029845754174576,Histopathological feature: desmoplastic melanoma in human skin tissue on H&E stain
5,221,29,MOR-0278,solid urothelial carcinoma,H1_morphology,visual,Homo_sapiens,23,0.09008110031161619,0.1335403890035452,0.09201064705848694,-0.1595829427242279,0.29441991448402405,0.18709937956832026,764.8260869565217,665.0,0,0.0,0,0.0,0.15494882063183402,6.029845754174576,Histopathological feature: solid urothelial carcinoma in human bladder tissue on H&E stain
5,22,30,MOR-11085,Intravascular myofibroblastic proliferation,H1_morphology,visual,Homo_sapiens,23,0.15886917839879575,0.17995995424407032,0.16450954973697662,-0.09549154341220856,0.457040011882782,0.21200049109756947,614.5217391304348,314.0,2,0.08695652173913043,5,0.21739130434782608,0.15457361981834222,6.029845754174576,Histopathological feature: Intravascular myofibroblastic proliferation observed in H&E stained human tissue
5,662,31,MOR-11932,Sarcomatoid carcinoma,H1_morphology,visual,Homo_sapiens,23,0.03996271401157846,0.19693224332878842,0.06266072392463684,-0.47013145685195923,0.29027050733566284,0.10813824540894965,1012.2608695652174,970.0,0,0.0,0,0.0,0.15440075250183505,6.029845754174576,Histopathological feature: Sarcomatoid carcinoma observed in H&E stained human tissue
5,588,32,MOR-12086,Squamous metaplasia of malignant cells present,H1_morphology,visual,Homo_sapiens,23,0.046238206084007805,0.20456943435156041,0.020791031420230865,-0.35297951102256775,0.3386163115501404,0.1640598830240576,1020.0869565217391,644.0,0,0.0,0,0.0,0.1537994772561746,6.029845754174576,Histopathological feature: Squamous metaplasia of malignant cells present observed in H&E stained human tissue
5,20,33,MOR-0054,small round blue cell morphology,H1_morphology,visual,Homo_sapiens,23,0.16100045524375595,0.1511591417499803,0.16243892908096313,-0.1308436244726181,0.3957429826259613,0.16743383795508873,564.3478260869565,538.0,1,0.043478260869565216,5,0.21739130434782608,0.15230881925813078,6.029845754174576,Histopathological feature: small round blue cell morphology observed in H&E stained human tissue
5,213,34,MOR-0304,melanoma ulceration,H1_morphology,visual,Homo_sapiens,23,0.09125649548419144,0.22293051677418618,0.09907993674278259,-0.3175780773162842,0.4763525128364563,0.05329174062480097,928.8260869565217,601.0,4,0.17391304347826086,5,0.21739130434782608,0.15211293054565364,6.029845754174576,Histopathological feature: melanoma ulceration in human skin tissue on H&E stain
5,164,35,MOR-0152,basaloid squamous pattern,H1_morphology,visual,Homo_sapiens,23,0.09876574624491774,0.16639177790886353,0.1123347282409668,-0.1799868494272232,0.33711713552474976,0.2718107862317044,794.4782608695652,731.0,0,0.0,2,0.08695652173913043,0.1502315164989127,6.029845754174576,Histopathological feature: basaloid squamous pattern in human lung tissue on H&E stain
5,103,36,MOR-11090,Invasive bladder mixed carcinoma,H1_morphology,visual,Homo_sapiens,23,0.1142738887473293,0.12165899518376584,0.16644443571567535,-0.1898137927055359,0.2582610845565796,0.3347135250983031,617.3478260869565,417.0,0,0.0,0,0.0,0.150007194836261,6.029845754174576,Histopathological feature: Invasive bladder mixed carcinoma in human bladder tissue on H&E stain
5,18,37,MOR-11599,Palisading granuloma,H1_morphology,visual,Homo_sapiens,23,0.1657918367696845,0.16522990243377014,0.1858976036310196,-0.11605621874332428,0.3765801191329956,0.2508491588675458,534.2173913043479,229.0,0,0.0,5,0.21739130434782608,0.14980441033891823,6.029845754174576,Histopathological feature: Palisading granuloma observed in H&E stained human tissue
5,686,38,MOR-0314,Spitz nevus morphology,H1_morphology,visual,Homo_sapiens,23,0.03757538452096607,0.21120228848015277,0.02487454190850258,-0.353246808052063,0.404740571975708,-0.05505254180373057,1081.4782608695652,661.0,0,0.0,3,0.13043478260869565,0.1487324698210407,6.029845754174576,Histopathological feature: Spitz nevus morphology in human skin tissue on H&E stain
5,252,39,MOR-0281,plasmacytoid urothelial carcinoma,H1_morphology,visual,Homo_sapiens,23,0.0857378906853821,0.13484413729094424,0.10809999704360962,-0.24727067351341248,0.28637781739234924,0.3524817059869352,758.304347826087,515.0,0,0.0,0,0.0,0.148058975401246,6.029845754174576,Histopathological feature: plasmacytoid urothelial carcinoma in human bladder tissue on H&E stain
5,258,40,MOR-0095,perineural invasion,H1_morphology,visual,Homo_sapiens,23,0.08459896318938422,0.1794156800501799,0.12543025612831116,-0.38800114393234253,0.2983912527561188,0.19795063883066177,771.0,434.0,0,0.0,0,0.0,0.14798013805423063,6.029845754174576,Histopathological feature: perineural invasion observed in H&E stained human tissue
5,467,41,MOR-12071,Spitz,H1_morphology,visual,Homo_sapiens,23,0.05868034356314203,0.20575514304407236,0.08175879716873169,-0.307283878326416,0.37552410364151,-0.04488616608812109,1017.5217391304348,766.0,0,0.0,4,0.17391304347826086,0.1476349779934736,6.029845754174576,Histopathological feature: Spitz observed in H&E stained human tissue
5,967,42,MOR-10183,Basosquamous carcinoma,H1_morphology,visual,Homo_sapiens,23,0.015834362124619278,0.22753435301033798,0.018429558724164963,-0.3345041275024414,0.49711039662361145,0.09597768432096294,1187.2173913043478,1230.0,1,0.043478260869565216,1,0.043478260869565216,0.14706027141953548,6.029845754174576,Histopathological feature: Basosquamous carcinoma observed in H&E stained human tissue
5,163,43,MOR-0016,lymphovascular space invasion,H1_morphology,visual,Homo_sapiens,23,0.09885081754106542,0.14686130475432282,0.14393353462219238,-0.24760018289089203,0.2982446253299713,0.20032554834514207,700.5217391304348,581.0,0,0.0,0,0.0,0.1469010909369016,6.029845754174576,Histopathological feature: lymphovascular space invasion observed in H&E stained human tissue
5,7,44,MOR-11724,Pleomorphic fibroma,H1_morphology,visual,Homo_sapiens,23,0.17886986676603556,0.1802082534236211,0.23141062259674072,-0.10296940803527832,0.38736873865127563,0.2088927621750728,517.7391304347826,211.0,0,0.0,7,0.30434782608695654,0.14638948535833454,6.029845754174576,Histopathological feature: Pleomorphic fibroma observed in H&E stained human tissue
5,274,45,MOR-0289,keratinizing squamous cell carcinoma of head and neck,H1_morphology,visual,Homo_sapiens,23,0.08224779229773127,0.20152876265465142,0.07835349440574646,-0.28554290533065796,0.5050841569900513,0.1544310398723768,917.3913043478261,735.0,2,0.08695652173913043,3,0.13043478260869565,0.14530429837624936,6.029845754174576,Histopathological feature: keratinizing squamous cell carcinoma of head and neck in human head_neck tissue on H&E stain
5,429,46,MOR-10903,Hepatocellular macrotrabecular massive carcinoma,H1_morphology,visual,Homo_sapiens,23,0.0635039230565662,0.15200398412160135,0.06842769682407379,-0.20010997354984283,0.3948352038860321,-0.03758771841049842,989.6521739130435,991.0,0,0.0,2,0.08695652173913043,0.1446758736736714,6.029845754174576,Histopathological feature: Hepatocellular macrotrabecular massive carcinoma in human liver tissue on H&E stain
5,469,47,MOR-0292,papillary squamous cell carcinoma,H1_morphology,visual,Homo_sapiens,23,0.05860556034452241,0.16226839991422698,0.08366032689809799,-0.2416992485523224,0.37639713287353516,0.11094354643769887,967.4782608695652,615.0,0,0.0,1,0.043478260869565216,0.14461169606262997,6.029845754174576,Histopathological feature: papillary squamous cell carcinoma in human head_neck tissue on H&E stain
5,689,48,MOR-12360,Rhabdoid,H1_morphology,visual,Homo_sapiens,23,0.037308896041434746,0.18482121781152144,0.09802789986133575,-0.3676767349243164,0.27940088510513306,0.17988936311524847,1004.8260869565217,559.0,0,0.0,0,0.0,0.14426965733726216,6.029845754174576,Histopathological feature: Rhabdoid observed in H&E stained human tissue
5,104,49,MOR-11347,Micropapillary carcinoma,H1_morphology,visual,Homo_sapiens,23,0.11408187886295111,0.17288032981480128,0.09423889219760895,-0.26797452569007874,0.39442014694213867,0.28223350806080777,712.3913043478261,487.0,0,0.0,3,0.13043478260869565,0.14397443129746174,6.029845754174576,Histopathological feature: Micropapillary carcinoma in human cervix tissue on H&E stain
5,639,50,MOR-10612,Endometrial dedifferentiated carcinoma,H1_morphology,visual,Homo_sapiens,23,0.04197949446413828,0.18639127626621235,0.06419925391674042,-0.39545363187789917,0.3602008521556854,0.08675878166990436,997.1739130434783,958.0,0,0.0,2,0.08695652173913043,0.14379257640922075,6.029845754174576,Histopathological feature: Endometrial dedifferentiated carcinoma in human uterus tissue on H&E stain
