expert_id,rank,sample_id,patch_index,barcode,coord_x,coord_y,affinity_score,affinity_score_sd,mean_logit,actual_top2_frequency,actual_top1_frequency,actual_mean_route_weight
0,1,MEND161,2352,TCGCACCAGGAGGCAG-1,7016,7707,0.26978522837162017,0.013050440133560163,0.37346524000167847,1.0,0.8,0.5431224703788757
0,2,MEND161,2480,TGCAATCTAACACGGT-1,7741,9221,0.2689708679914474,0.018094683307808702,0.42967361211776733,1.0,0.7,0.5348640024662018
0,3,MEND161,116,AAGTTCGGCCAACAGG-1,3671,7203,0.26718227863311766,0.011580658365424877,0.3300286360085011,1.0,0.9,0.5404069751501084
0,4,MEND161,2009,GTTAATAGCGTCATTA-1,9994,10609,0.26670482754707336,0.012663720541116585,0.43537618815898893,1.0,0.7,0.5354560554027558
0,5,MEND161,747,CACGCGGAACTGTTGC-1,8326,6697,0.266205208003521,0.011022432452699236,0.326809673756361,0.9,0.7,0.4782895714044571
0,6,MEND161,449,AGGCTTCCCGAAGAAG-1,4252,7708,0.2649358302354813,0.012339773684398701,0.3664837867021561,1.0,1.0,0.5380720019340515
0,7,MEND161,2720,TTGCGCTTGATCAATA-1,8540,10104,0.26447037756443026,0.012276181363225723,0.19865465052425862,1.0,0.8,0.5388602256774903
0,8,MEND161,1262,CTCGCTAGGTAAGCGA-1,8176,10483,0.26424833834171296,0.008560412815782542,0.3103509247303009,1.0,0.9,0.5388336509466172
0,9,MEND161,978,CCTAGGTAAAGGTAGC-1,1998,7835,0.26422889828681945,0.018115706104203794,0.29281365051865577,0.9,0.7,0.4840949892997742
0,10,MEND161,2516,TGCTAAGTGTCTATTT-1,7743,7959,0.26366140246391295,0.01622934963469256,0.38761696219444275,1.0,0.8,0.5292396306991577
0,11,MEND161,2076,TAATAGAACAGAGTTA-1,3961,7708,0.26357177793979647,0.009474576990404287,0.40178852528333664,1.0,0.6,0.5140980303287506
0,12,MEND161,1904,GTATCAAACGTTAGCT-1,8251,8338,0.2626054063439369,0.01709262814662031,0.40352735817432406,0.9,0.6,0.47284228503704073
0,13,MEND161,2345,TCGACTGACGATGGCT-1,9848,10861,0.2625181034207344,0.01831919697921753,0.4295277588069439,1.0,0.5,0.5165461778640748
0,14,MEND161,1869,GGTTCGCATTTGCCGT-1,8684,10861,0.2620585888624191,0.014294579587999822,0.24525368139147757,1.0,0.5,0.5236453831195831
0,15,MEND161,2508,TGCGAGAATATTACCC-1,4107,7708,0.2615433633327484,0.010962588562719314,0.274017234146595,0.9,0.6,0.4702905237674713
0,16,MEND161,1504,GAGTTGATGGCAATTT-1,2580,7835,0.2614564552903175,0.01667084680000851,0.3545772969722748,1.0,0.7,0.5251011371612548
0,17,MEND161,1382,GAAATGGCGGTGTTAG-1,4983,5184,0.2612473800778389,0.012517754134321605,0.3951812475919724,0.9,0.6,0.47323245406150816
0,18,MEND161,1464,GAGACTGATGGGTAGA-1,5274,4931,0.2612253502011299,0.01665396041331164,0.26975615620613097,1.0,0.7,0.5341902166604996
0,19,MEND161,1906,GTATCCTTTGGTAACC-1,7886,9474,0.2611908793449402,0.012407908886334196,0.3214104600250721,1.0,0.9,0.5303881764411926
0,20,MEND161,1934,GTCGCCGTTGTGTGTT-1,4324,8591,0.2610500454902649,0.016254400038343216,0.30181079246103765,0.9,0.7,0.48580004572868346
0,21,MEND161,2157,TAGATTCTCTAGCAAA-1,9848,10609,0.260794061422348,0.013912330934946576,0.2668188165873289,1.0,0.7,0.538962209224701
0,22,MEND161,2417,TCTGATGTATTCTGTC-1,7234,7833,0.26064296066761017,0.012056645003030964,0.3808587372303009,0.8,0.8,0.4216508805751801
0,23,MEND161,2459,TGAGTAAATTAGCGTA-1,5344,7329,0.2603699564933777,0.014847155204909838,0.3272660106420517,1.0,0.6,0.523551481962204
0,24,MEND161,2618,TTACTAAAGGACTTTA-1,6871,7455,0.25986512154340746,0.012355338599648465,0.45470190048217773,0.9,0.5,0.46009847819805144
0,25,MEND161,1093,CGCGACCGCGACAGAT-1,7087,8843,0.2596629440784454,0.014736454756405344,0.4069080166518688,0.8,0.6,0.41921438872814176
0,26,MEND161,2700,TTGACCGTGTTAATGA-1,3671,7708,0.25897115767002105,0.013214721325289204,0.3025350198149681,1.0,0.8,0.5255410254001618
0,27,MEND161,1301,CTGCTTGGCGATAGCT-1,6652,8086,0.25884434282779695,0.012465053343266098,0.24261951744556426,0.9,0.6,0.4700558066368103
0,28,MEND161,2351,TCGCAAAGATGCATTT-1,6653,7329,0.25832299888134,0.013170676437875476,0.33459552228450773,1.0,0.8,0.5253690212965012
0,29,MEND161,232,ACCCTCCCTTGCTATT-1,7307,7454,0.2581962749361992,0.013284494887998849,0.2971947431564331,0.9,0.6,0.48492584228515623
0,30,MEND161,2361,TCGCTCGATATATTCC-1,5783,5057,0.2581052392721176,0.016733662716770317,0.2323105327785015,1.0,0.6,0.526741111278534
0,31,MEND161,696,CAAGCACCAAATGCCT-1,6003,3669,0.2578542187809944,0.015281563904864166,0.313333997130394,1.0,0.5,0.5260474920272827
0,32,MEND161,112,AAGTGCGTTAGAATCT-1,3162,7582,0.2578542158007622,0.01640481869668839,0.31925117298960687,0.9,0.7,0.4726100146770477
0,33,MEND161,2134,TACTCTTTCGTCTTCA-1,4542,8718,0.25778901427984235,0.01129331212320254,0.30612555630505084,0.9,0.6,0.47257560193538667
0,34,MEND161,302,ACTCAAGTGCAAGGCT-1,7450,8969,0.2576111227273941,0.014069205939740715,0.34398036971688273,1.0,0.5,0.5250471442937851
0,35,MEND161,774,CAGCAGCCCGTTCCTT-1,6874,4931,0.25749937295913694,0.012019289824991218,0.32111688405275346,1.0,0.6,0.518142357468605
0,36,MEND161,2211,TATGATCTTCTCTTTA-1,7742,8716,0.25711054652929305,0.014201322468052086,0.4724120497703552,1.0,0.6,0.5209531188011169
0,37,MEND161,2166,TAGCTCACTGTGTTTG-1,9994,10356,0.25702940970659255,0.01499516889996286,0.3942048765718937,1.0,0.6,0.5330372095108032
0,38,MEND161,301,ACTATTTCCGGGCCCA-1,4178,8844,0.2569879129528999,0.01276540906756174,0.3356731101870537,1.0,0.9,0.5275405764579773
0,39,MEND161,2565,TGTACCTACACGAGGG-1,7814,8843,0.2567331790924072,0.015259195700505622,0.398068917542696,1.0,0.6,0.5161015331745148
0,40,MEND161,584,ATCCAGAGCAACAACC-1,4980,7708,0.2566762328147888,0.015302183642693206,0.2693951228633523,0.9,0.5,0.4604908645153046
0,41,MEND161,2466,TGATCGGTTTGACCCT-1,5128,4931,0.2566554382443428,0.01577497075753917,0.3364142417907715,1.0,0.6,0.5205764323472977
0,42,MEND161,1743,GGATTGCTGTGACTCC-1,7305,8969,0.2563760936260223,0.0108714109926336,0.3307382293045521,0.9,0.8,0.4739569634199142
0,43,MEND161,2188,TAGTCGATCACGGGTT-1,8180,7454,0.2561041995882988,0.01225046593136566,0.2973287008702755,1.0,0.9,0.5287693202495575
0,44,MEND161,2634,TTAGTTATTCGTGGCA-1,7816,7328,0.256065770983696,0.013115913107611342,0.35112172067165376,1.0,0.5,0.5213642477989197
0,45,MEND161,2648,TTCACGAAAGGATCAC-1,5127,6193,0.2560065031051636,0.0081630645703233,0.21325378939509393,1.0,0.7,0.5178163856267929
0,46,MEND161,2269,TCAGCAGTAGGCCCTG-1,4178,9096,0.25593983083963395,0.010960841384016592,0.3296352162957191,0.9,0.7,0.4730402410030365
0,47,MEND161,851,CCAAGACTTCTGCGAA-1,5711,3921,0.25592885762453077,0.01321862182514232,0.2776718601584435,1.0,0.5,0.5301529675722122
0,48,MEND161,589,ATCCTACCTAAGCTCT-1,4690,6951,0.2556635022163391,0.008261967727090591,0.15831108596175908,1.0,0.9,0.5313703715801239
0,49,MEND161,1189,CGTTTCGCTCATTACA-1,4764,5815,0.25556199699640275,0.010143404777025824,0.2836309805512428,1.0,0.5,0.500581631064415
0,50,MEND161,813,CATAGTCCACAAGAAC-1,3453,7077,0.255434887111187,0.008769304881517687,0.24951157346367836,1.0,0.8,0.5186565905809403
0,51,MEND161,1357,CTTGCCCACCCACGCA-1,8467,10230,0.25534237921237946,0.015914648091422453,0.30174445286393164,0.9,0.6,0.47331864237785337
0,52,MEND161,1156,CGTAGAGAGTAATTAT-1,7522,9852,0.25512867122888566,0.01636414679473079,0.3829108215868473,0.9,0.6,0.46734836101531985
0,53,MEND161,393,AGCATCATTTCGAAAG-1,2579,8087,0.25511388629674914,0.012316471977783775,0.139037561416626,1.0,0.8,0.5199691712856293
0,54,MEND161,1026,CCTTTAAGGGAGCACT-1,4833,8717,0.2550923764705658,0.012082291767086006,0.24127746261656285,0.8,0.8,0.4285467565059662
0,55,MEND161,346,AGAACGTGGTACATTC-1,6510,4805,0.2550698980689049,0.012404360378057502,0.20552593134343625,0.8,0.7,0.421982604265213
0,56,MEND161,2129,TACTCATTGACGCATC-1,10066,10482,0.25497506707906725,0.0110169764969366,0.31620667688548565,0.9,0.6,0.4727520406246185
0,57,MEND161,2403,TCTATGCTATAACGAC-1,8032,9473,0.25471420735120776,0.01624038441665234,0.44068523719906805,1.0,0.6,0.5165847361087799
0,58,MEND161,729,CACCCGCGTTTGACAC-1,9703,10609,0.25453560799360275,0.01393611969365463,0.2593500342220068,1.0,0.6,0.5240289092063903
0,59,MEND161,733,CACCGATGATGGGTAC-1,9703,10356,0.25450422465801237,0.013483230221201929,0.3209244042634964,1.0,0.7,0.5213396728038788
0,60,MEND161,1390,GAACGACCGAATGATA-1,5784,3795,0.25449402183294295,0.01231547672024517,0.2608512558043003,0.9,0.8,0.47919921576976776
0,61,MEND161,961,CCGGTTTGTAATTGTG-1,4251,8465,0.2544655740261078,0.01600550037363922,0.30940461084246634,0.9,0.5,0.46807755529880524
0,62,MEND161,2711,TTGCACGGAGCAGCAC-1,5493,4048,0.2543749064207077,0.015434836689228758,0.32521477416157724,0.8,0.5,0.41779957711696625
0,63,MEND161,267,ACGCGAAGTCAGACGA-1,5489,7581,0.254299521446228,0.012163416004295921,0.22038369625806808,1.0,0.6,0.5258173942565918
0,64,MEND161,1695,GCTTATGAAGCAGGAA-1,7673,5814,0.2541428178548813,0.008765323501543949,0.3170058760792017,0.7,0.7,0.37265411019325256
0,65,MEND161,2757,TTGTTCAGTGTGCTAC-1,5856,4426,0.2541299909353256,0.014973842928021683,0.24748273119330405,0.8,0.6,0.4146472454071045
0,66,MEND161,807,CATACTATGTAATTGT-1,4691,5941,0.25412690043449404,0.012277565394020291,0.3415608339011669,0.8,0.7,0.4263595312833786
0,67,MEND161,1371,CTTTGGCTTTAGTAAA-1,4110,5436,0.2540205389261246,0.01418784245659218,0.21813108660280706,0.9,0.5,0.473414745926857
0,68,MEND161,1200,CTAACTGGTCCGGTTC-1,3816,7708,0.2539298504590988,0.015723728192902287,0.3083719864487648,1.0,0.5,0.513963383436203
0,69,MEND161,414,AGCGGACACTTCGTAG-1,5705,9222,0.2537875398993492,0.010973258106934355,0.32239723280072213,0.8,0.6,0.4125338733196259
0,70,MEND161,1479,GAGCGCGCACGAGTAG-1,7961,7580,0.2537374168634415,0.013986284189960334,0.2410398654639721,0.9,0.6,0.47296384572982786
0,71,MEND161,946,CCGCGGAATGCGTCAC-1,4470,7834,0.2535983368754387,0.01113282946550842,0.2707890853285789,0.9,0.6,0.4679302632808685
0,72,MEND161,812,CATAGTCAAATACATA-1,7959,9600,0.2535077318549156,0.008556838240348363,0.23146761767566204,0.8,0.8,0.42789446711540224
0,73,MEND161,2033,GTTGGATTTGCGTTGG-1,4836,5941,0.2533800005912781,0.012973622493412567,0.21411662176251411,1.0,0.6,0.5172228068113327
0,74,MEND161,1071,CGATTCGCCTGGCTGC-1,6506,8591,0.2533471718430519,0.008948127283193712,0.2522468362003565,0.9,0.7,0.4667980372905731
0,75,MEND161,1939,GTCGGGTGAAGTACCG-1,9630,10482,0.2532839387655258,0.014911619734232072,0.2004265509545803,1.0,0.6,0.5226685136556626
0,76,MEND161,1095,CGCGCAAATGTCCAGA-1,2942,8466,0.25319064408540726,0.010242029074564014,0.20038632303476334,1.0,0.7,0.5240457832813263
0,77,MEND161,2257,TCACAGGGAATCGCAA-1,6943,7328,0.2531477764248848,0.012143231413192212,0.29557574093341826,0.8,0.6,0.418889057636261
0,78,MEND161,886,CCATTAGCGATAATCC-1,4255,5436,0.25300524979829786,0.012122812409050394,0.33407734110951426,0.9,0.6,0.4709532529115677
0,79,MEND161,738,CACCGTTAGGGATCAC-1,3888,8087,0.2529754191637039,0.016078943154389007,0.20271458178758622,0.8,0.6,0.41903944611549376
0,80,MEND161,359,AGACCGGGAAACCCTG-1,2436,6573,0.25290222764015197,0.013240658495782003,0.23574830144643782,0.9,0.7,0.4659853607416153
0,81,MEND161,857,CCACAGTACCCATCCT-1,7889,7454,0.252871997654438,0.01583571919829515,0.26764860823750497,1.0,0.6,0.5242957681417465
0,82,MEND161,1637,GCGGACCGCGTTGTGG-1,4325,7834,0.2528043568134308,0.012902427584125398,0.23240661881864072,0.9,0.6,0.4698557049036026
0,83,MEND161,1508,GATAGATAGTACAGTC-1,8248,10609,0.2527758598327637,0.012513574206989368,0.31776068806648256,0.8,0.6,0.41140994131565095
0,84,MEND161,1914,GTCAACCAGGCCTATA-1,8686,9599,0.2527323871850967,0.014377735160574836,0.15488631948828696,1.0,0.6,0.5220472246408463
0,85,MEND161,1068,CGATCTGTTGGAGGAC-1,2944,7204,0.25272629261016843,0.010574363235774563,0.27281597405672076,0.8,0.6,0.40918431580066683
0,86,MEND161,2227,TATTCCGAGCTGTTAT-1,7451,8212,0.2526124641299248,0.016914278247383622,0.34064694941043855,0.8,0.6,0.4172928124666214
0,87,MEND161,1882,GTAATCTGATTCTTCG-1,4398,7708,0.25256137549877167,0.014792025010505352,0.31105143390595913,0.9,0.6,0.4671937137842178
0,88,MEND161,2388,TCGTTTACGCGACCCT-1,8031,10231,0.2524497792124748,0.013735339626332294,0.3048442229628563,0.7,0.5,0.36170145571231843
0,89,MEND161,352,AGAAGTGATTCGTGAT-1,3235,7456,0.2524430170655251,0.014492912454645736,0.2681193511933088,1.0,0.6,0.5132833808660507
0,90,MEND161,1351,CTTCTATGTTGAAGTA-1,3235,7204,0.25238075405359267,0.00925672142353364,0.32339867800474165,0.7,0.6,0.36064587235450746
0,91,MEND161,565,ATATTCCACATAGTGA-1,6797,7833,0.25236223042011263,0.01733571950690703,0.324775549210608,0.9,0.5,0.46433289647102355
0,92,MEND161,159,AATTGAACGCTCTGGT-1,7235,7076,0.25207572281360624,0.015188887035833763,0.24656113386154174,0.8,0.6,0.41333705484867095
0,93,MEND161,2574,TGTATGGCGCAGACAG-1,7962,6823,0.25201653242111205,0.012818936710731272,0.27545408010482786,0.9,0.7,0.4666242241859436
0,94,MEND161,898,CCCAGTAAACTTGGGA-1,2070,7961,0.25190352499485014,0.014739825260840526,0.27257060669362543,0.7,0.5,0.36034383773803713
0,95,MEND161,2753,TTGTGGTAGGAGGGAT-1,3234,7708,0.25188603848218916,0.016118072833735914,0.32557316571474076,0.9,0.6,0.4723100930452347
0,96,MEND161,544,ATACTGCCTTACACCG-1,7305,8717,0.25181890428066256,0.01329383646792221,0.31972222551703455,0.8,0.6,0.41312761306762696
0,97,MEND161,2615,TTACCCTAGGGATTGG-1,5414,8970,0.2517442211508751,0.012024032049365559,0.3336688742041588,0.8,0.6,0.42027844190597535
0,98,MEND161,297,ACTACGCGTTAGAATT-1,5269,8970,0.2517299816012383,0.01730122184211925,0.3829708307981491,0.7,0.6,0.3662749916315079
0,99,MEND161,2169,TAGGAGGCTCGAGAAC-1,9557,10609,0.25161767303943633,0.011330520526933775,0.1618352696299553,0.9,0.7,0.47068082392215727
0,100,MEND161,1209,CTACTCAAGGTATAGT-1,4251,8970,0.2516132265329361,0.013751255836419406,0.27965580895543096,0.8,0.7,0.42880277037620546
0,101,MEND161,1404,GAAGTTTCCACTCAAT-1,4545,5941,0.2514774277806282,0.014406069515870756,0.27634971365332606,1.0,0.5,0.520793154835701
0,102,MEND161,1337,CTTAGTGTAGTAGCAT-1,7232,9095,0.2514470010995865,0.019258599437440595,0.3822559803724289,1.0,0.6,0.5154764592647553
0,103,MEND161,2233,TCAAACAACCGCGTCG-1,5565,4426,0.2514191299676895,0.015074394068444493,0.314880208671093,0.7,0.7,0.37705962657928466
0,104,MEND161,537,ATACGCCGGCGAAACC-1,6872,6445,0.2514043852686882,0.013058067441315598,0.24373320154845715,0.8,0.6,0.41413521468639375
0,105,MEND161,596,ATCGCCGTGGTTCATG-1,10212,10482,0.25136464834213257,0.013873976528281267,0.31258161291480063,0.8,0.5,0.41345961689949035
0,106,MEND161,2544,TGGCTATGTGACATAC-1,7160,8969,0.25130447149276736,0.010184427605005087,0.2326447669416666,0.9,0.5,0.46650582253932954
0,107,MEND161,1293,CTGCCATGCATCACAT-1,5708,6445,0.2512523472309113,0.008521061469402902,0.19347421526908876,0.9,0.7,0.4616475135087967
0,108,MEND161,888,CCATTTCTACCTATTA-1,6360,8338,0.25124538987874984,0.012529799986948078,0.36859149634838106,0.8,0.2,0.3887346535921097
0,109,MEND161,578,ATCAGCTCGTCCACTA-1,2289,7583,0.2512367367744446,0.014144267470280995,0.2856164716184139,0.9,0.6,0.46413165628910064
0,110,MEND161,170,ACAAGGAAATCCGCCC-1,6652,7581,0.2512191399931908,0.01450182045640935,0.21870454475283624,1.0,0.6,0.5219270348548889
0,111,MEND161,925,CCCTGAAATGAGTTGA-1,4037,5310,0.25113873481750487,0.008772597222909417,0.3944775480777025,1.0,0.6,0.511419489979744
0,112,MEND161,2259,TCACCCTCTTAAGATT-1,5489,7077,0.25095721483230593,0.009635458523555795,0.32655616477131844,0.9,0.6,0.4606166869401932
0,113,MEND161,2406,TCTCATGAGATAGGGT-1,7525,7581,0.2509056553244591,0.014593529564335047,0.38273379802703855,0.7,0.7,0.3693804144859314
0,114,MEND161,533,ATACAGGCCCTCCAAT-1,6433,8464,0.25074352473020556,0.010198042882320672,0.25159915871918204,1.0,0.5,0.5097066462039948
0,115,MEND161,2296,TCCAGGGTATATACGA-1,5778,9096,0.2506896644830704,0.011233104552797208,0.30693502351641655,0.9,0.7,0.4733719855546951
0,116,MEND161,2249,TCAAGGTTACTACACC-1,8689,7328,0.2505873769521713,0.012031976979042288,0.38377831503748894,0.7,0.5,0.35527369379997253
0,117,MEND161,386,AGCACCAGTACTCACG-1,5929,4805,0.25054941624403,0.012745887148090981,0.17822438515722752,1.0,0.5,0.494555738568306
0,118,MEND161,327,ACTTATACTTACCCGG-1,7745,5940,0.25048348009586335,0.013357877093257054,0.36295436024665834,0.8,0.6,0.41956047117710116
0,119,MEND161,735,CACCGGGCATCACAAG-1,8030,10483,0.2504522234201431,0.012562048006743232,0.2592166028916836,0.8,0.6,0.4170769274234772
0,120,MEND161,2672,TTCGGGACTAATCGCG-1,6436,5940,0.25040844529867173,0.01138617927577095,0.21371902972459794,0.7,0.6,0.36527263224124906
0,121,MEND161,1320,CTGGTTTCGAGCAAGA-1,7598,7202,0.25036066621541975,0.020442546443077966,0.2946696937084198,0.9,0.6,0.4715807020664215
0,122,MEND161,869,CCAGAAAGCAACTCAT-1,3816,7961,0.2502262949943542,0.012850871440800549,0.3060975957661867,0.9,0.5,0.46594555377960206
0,123,MEND161,1980,GTGCGTGTATATGAGC-1,7235,6571,0.2501734659075737,0.009184873284573134,0.24233369566500187,0.7,0.6,0.35764149129390715
0,124,MEND161,1057,CGAGGGTATCCAGGTG-1,5559,9474,0.25014580339193343,0.015178280827818327,0.3253779850900173,0.9,0.6,0.4665552228689194
0,125,MEND161,1633,GCGCGTCATTGGTACA-1,7233,8590,0.25007213950157164,0.01127576523059434,0.17953844834119081,0.7,0.5,0.3688768446445465
0,126,MEND161,97,AAGCTAGATCGAGTAA-1,6143,7707,0.2500336915254593,0.013975660358097483,0.190754733979702,0.8,0.5,0.42013804614543915
0,127,MEND161,2241,TCAACATAGCGCCCTA-1,4396,8718,0.2500314459204674,0.01545947021226358,0.2945864420384169,0.9,0.6,0.46796209216117857
0,128,MEND161,2039,GTTTCATATCGTCGCT-1,3163,6320,0.24983301013708115,0.009682062491304778,0.2531856168061495,0.8,0.5,0.40489165484905243
0,129,MEND161,2740,TTGGTTGCGGTGCGCG-1,2870,8087,0.2497939258813858,0.014129327990272817,0.2800391813740134,0.8,0.5,0.41601123511791227
0,130,MEND161,691,CAACGTGGTGGAGTCT-1,9415,8337,0.24969093054533004,0.01362434035826252,0.3882566072046757,0.8,0.6,0.4119899570941925
0,131,MEND161,1918,GTCATGCGCGAGGGCT-1,8322,9473,0.24967369586229324,0.017941240215130917,0.351228703558445,0.8,0.5,0.41349785029888153
0,132,MEND161,1365,CTTTAGGAACACTGTT-1,7526,6571,0.24957764148712158,0.010332403737463863,0.2611976955085993,0.9,0.6,0.4565695971250534
0,133,MEND161,1063,CGATAGTCGTACTGCA-1,7595,9726,0.24956123977899553,0.014010831785084625,0.30511716529726984,1.0,0.5,0.503733417391777
0,134,MEND161,2263,TCACGTGCCCGATTCA-1,5709,6193,0.24955711513757706,0.007926623036962906,0.3105639412999153,0.9,0.5,0.4479811042547226
0,135,MEND161,1803,GGGATTTACCGCACCT-1,7744,6697,0.24954173117876052,0.012554862074865761,0.3096892386674881,0.8,0.6,0.41034930050373075
0,136,MEND161,74,AACTCAAGTTAATTGC-1,4400,6194,0.24952603727579117,0.01737667504705758,0.32185298651456834,0.8,0.7,0.4126379996538162
0,137,MEND161,1580,GCATGACACAAAGGAA-1,10357,10482,0.24931046813726426,0.013734933427736526,0.44855824410915374,0.9,0.5,0.46848729252815247
0,138,MEND161,1172,CGTGGCCGAATATCTA-1,8543,7328,0.2493035688996315,0.013267072225617457,0.22100797146558762,0.8,0.5,0.41913352310657503
0,139,MEND161,1304,CTGGACGCAGTCCGGC-1,2143,7835,0.24907952547073364,0.006806834826286933,0.16646058652549983,0.9,0.7,0.46144077479839324
0,140,MEND161,79,AACTGGGTCCCGACGT-1,6002,3921,0.24901895523071288,0.009719639317929615,0.2916556291282177,0.7,0.6,0.3617908746004105
0,141,MEND161,1910,GTATGAAATTTCACTC-1,2798,7961,0.2490188181400299,0.014298978950855919,0.2991585317999125,0.9,0.6,0.4605155408382416
0,142,MEND161,2098,TACCGGCTCACTGCCC-1,5925,7329,0.24893985241651534,0.012272433302114128,0.3328566052019596,1.0,0.6,0.516454216837883
0,143,MEND161,1728,GGAGGGCTTGGTTGGC-1,6873,5435,0.24893590658903123,0.011136422891796723,0.21571800736710428,1.0,0.7,0.5289360821247101
0,144,MEND161,838,CATGTGGGCTCATCAC-1,7739,10988,0.2489217534661293,0.01481001878995435,0.31446652859449387,0.9,0.6,0.4627153128385544
0,145,MEND161,2001,GTGTATATCAGCGGGC-1,6724,8717,0.24885395914316177,0.0113048760161673,0.30297753810882566,0.8,0.6,0.4216936558485031
0,146,MEND161,1808,GGGCAGAGCAATCGTT-1,5560,8717,0.24884408265352248,0.013077284950600097,0.3572896265424788,0.7,0.5,0.3590186953544617
0,147,MEND161,2074,TAATACACAGTAGTAT-1,5857,3921,0.24874833822250367,0.011972968512009382,0.25870621055364607,0.9,0.5,0.4622085154056549
0,148,MEND161,901,CCCATTATTGTATCCT-1,9921,10482,0.24857504665851593,0.01191207923043856,0.4139129966497421,0.8,0.6,0.42186042964458464
0,149,MEND161,1217,CTAGGTTCGGACGTGA-1,6287,8717,0.24853335022926332,0.014627890552898553,0.3143218822777271,0.8,0.8,0.42358751893043517
0,150,MEND161,1941,GTCGTACCTACGATTG-1,1855,6068,0.24840229451656343,0.012179681845606154,0.29066199734807013,0.9,0.6,0.4613067954778671
0,151,MEND161,1094,CGCGAGTCTGCCGGGT-1,2652,7961,0.24830723106861113,0.013464258221127385,0.24892549738287925,0.7,0.6,0.3674876928329468
0,152,MEND161,1190,CGTTTCGGTTATATGC-1,9630,10735,0.24830640256404876,0.014445061793948352,0.3876668006181717,0.7,0.6,0.37236239314079284
0,153,MEND161,2607,TTAAGTATTGTTATCC-1,7741,9474,0.24828797876834868,0.014456327981447737,0.3394541941583157,0.7,0.6,0.37154381275177
0,154,MEND161,1938,GTCGGGAAGCAGAAAC-1,5923,8843,0.2482795536518097,0.009387840941723711,0.30444352589547635,0.7,0.6,0.36607359647750853
0,155,MEND161,1638,GCGGAGAAACTTCGCA-1,3597,8339,0.24824229031801223,0.012852357819261992,0.30310690896585585,0.9,0.5,0.47014486193656924
0,156,MEND161,2723,TTGCGTCGGCCAACCG-1,4179,7834,0.24823638796806335,0.0116508111681289,0.28202719837427137,0.7,0.6,0.3672363877296448
0,157,MEND161,1427,GACAGCCAGACCTGAC-1,7453,6697,0.24822914004325866,0.01612747660182029,0.14185471404343844,1.0,0.5,0.5127937346696854
0,158,MEND161,168,ACAAATGGTAGTGTTT-1,7308,6950,0.2481612741947174,0.012231133929978598,0.2359071072191,0.8,0.5,0.4140854388475418
0,159,MEND161,2509,TGCGCAAAGCATTTGG-1,6073,5310,0.24813124537467957,0.013497450351734275,0.40711705908179285,0.8,0.6,0.41495880484580994
0,160,MEND161,2389,TCTAAAGAACAGTCTC-1,1925,7961,0.24810802042484284,0.011280970210095494,0.2869414508342743,0.6,0.5,0.31460537016391754
0,161,MEND161,779,CAGCGATTCCCTTCAA-1,4325,8087,0.24805425256490707,0.01252079598432818,0.2170024111866951,0.6,0.6,0.3131661653518677
0,162,MEND161,899,CCCAGTTAAGGCGCCG-1,7162,6697,0.24788251668214797,0.013333876801255395,0.21955794002860785,0.8,0.5,0.416912579536438
0,163,MEND161,1346,CTTCATTGTCAGTGGA-1,5563,5941,0.2477763444185257,0.009714146074024078,0.29486606158316137,0.6,0.6,0.31861260533332825
0,164,MEND161,619,ATGCCATTTGCGACCA-1,7817,6823,0.24775647670030593,0.010935404155218447,0.23160538608208298,0.8,0.6,0.4194763869047165
0,165,MEND161,2663,TTCCGGCCTTGAGGCT-1,4397,8213,0.24770111441612244,0.009386326852492811,0.24146759137511253,0.7,0.4,0.3478788137435913
0,166,MEND161,1735,GGATCTTGACTCAACC-1,2434,7835,0.2476865455508232,0.009514926858589581,0.2872982771135867,0.7,0.5,0.35391791760921476
0,167,MEND161,181,ACACACCAGGACCAGT-1,7744,6950,0.24767354130744934,0.009884559989978664,0.25654774345457554,0.8,0.6,0.4157075613737106
0,168,MEND161,408,AGCGACAGGAACGGTC-1,3889,7834,0.24766617864370347,0.008767302000716164,0.2256476953625679,1.0,0.7,0.5235571920871734
0,169,MEND161,2334,TCCTTACGACGGTCCG-1,8107,7580,0.24758484363555908,0.0154257248491783,0.28759756879881027,0.8,0.6,0.4172682285308838
0,170,MEND161,2338,TCCTTTCTTACGCTTA-1,5710,5183,0.24755004197359085,0.013512231774384103,0.24420430548489094,0.7,0.6,0.36196366846561434
0,171,MEND161,734,CACCGCCAGAAGGTTT-1,5492,4805,0.24751863479614258,0.011833494683027957,0.26666421070694923,0.8,0.5,0.4084477722644806
0,172,MEND161,2000,GTGTACCTTGGCTACG-1,6874,4678,0.24751199334859847,0.014730631605406441,0.23523252233862876,0.6,0.5,0.3150440901517868
0,173,MEND161,1581,GCATGCTAATAACGAT-1,8104,9852,0.24747495204210282,0.01237869891103328,0.2496927548199892,0.8,0.8,0.42646825313568115
0,174,MEND161,585,ATCCAGGATTCGTGAA-1,4545,6446,0.24745696187019348,0.016471331416329747,0.29691298976540564,0.8,0.5,0.41115292608737947
0,175,MEND161,704,CAATATTCTTGACCTA-1,4106,8213,0.24737962037324907,0.010485567868132383,0.2295907217077911,0.7,0.5,0.34710440039634705
0,176,MEND161,426,AGCTGTAACCTCAATC-1,3234,8213,0.24732207804918288,0.011149813100009384,0.12590443938970566,0.9,0.5,0.4516820162534714
0,177,MEND161,2210,TATCTTGCAATACAAC-1,2361,8466,0.24725075662136078,0.010817801368049041,0.23644739240407944,0.9,0.6,0.45540297627449033
0,178,MEND161,2429,TCTTCTATAACCCGCC-1,8980,7075,0.24717861413955688,0.013344603863389183,0.19857332110404968,1.0,0.6,0.5196183025836945
0,179,MEND161,1744,GGATTTCACTTCTATA-1,7237,5309,0.24716023206710816,0.01331498188353608,0.30335031151771547,0.7,0.5,0.36558935344219207
0,180,MEND161,2583,TGTGCCGGTGCCGGAA-1,8251,8085,0.24713051170110703,0.013803259396056663,0.2739046014845371,0.9,0.5,0.46315213441848757
0,181,MEND161,2456,TGAGGAGTGCCAGCTT-1,5415,8717,0.24709294736385345,0.009953218712296987,0.22791838869452477,0.7,0.5,0.3566857397556305
0,182,MEND161,72,AACGTGCGAAAGTCTC-1,6582,5940,0.24708488583564758,0.010862898249788299,0.305970474332571,0.9,0.6,0.4551297664642334
0,183,MEND161,1702,GCTTTATTAAGTTACC-1,6939,11115,0.24705939292907714,0.019294700847242097,0.20574740096926689,0.8,0.6,0.41392236948013306
0,184,MEND161,2657,TTCCAATCTGGCTATC-1,4544,7456,0.24704922437667848,0.010006276017577934,0.2305323090404272,0.7,0.6,0.3632374793291092
0,185,MEND161,29,AAATACCTATAAGCAT-1,6216,7329,0.24699127823114395,0.01812512025732048,0.16968946307897567,0.9,0.7,0.4640738248825073
0,186,MEND161,2083,TACAACGCACAACTCA-1,4763,6572,0.24690678864717483,0.015598822645322447,0.41356185674667356,0.7,0.5,0.3618620038032532
0,187,MEND161,2741,TTGTAAGGACCTAAGT-1,3526,7204,0.24684796929359437,0.013773311229606849,0.12321563437581062,1.0,0.6,0.5229484021663666
0,188,MEND161,349,AGAAGGTACACTTCAC-1,2216,7961,0.24681711047887803,0.012461811658234978,0.1787633949890733,0.8,0.6,0.41523370146751404
0,189,MEND161,2542,TGGCGATCAAGTTATG-1,5198,7834,0.2467854544520378,0.015485310562071844,0.38181823045015334,0.7,0.5,0.36644531786441803
0,190,MEND161,409,AGCGACCAACGATATT-1,5202,4553,0.24678258150815963,0.011175855444941544,0.2710342321544886,0.7,0.6,0.36344284415245054
0,191,MEND161,574,ATCACGTGCTAATTAA-1,3817,7203,0.24666242450475692,0.014466863886971845,0.30731200575828554,0.9,0.5,0.45472138524055483
0,192,MEND161,1326,CTGTTACCCAATCTAG-1,5416,7455,0.24666095972061158,0.013484460951952134,0.2358339164406061,0.7,0.5,0.36384333968162536
0,193,MEND161,2174,TAGGGAGCTTGGGATG-1,8181,5940,0.24664547443389892,0.007425942384312898,0.23172310665249823,0.8,0.5,0.41083039343357086
0,194,MEND161,1795,GGGACTGCATAGATAG-1,5564,5436,0.2466195449233055,0.014099433251285381,0.3107233941555023,0.7,0.5,0.36756723523139956
0,195,MEND161,1563,GCACCTAGGCGAGTCC-1,8685,10609,0.24655340015888214,0.012598632148964804,0.2684111870825291,0.9,0.6,0.46829540431499483
0,196,MEND161,1940,GTCGTACCATCTCGGG-1,5707,7203,0.24655049592256545,0.014595469737631758,0.3428656503558159,0.8,0.6,0.41917369365692136
0,197,MEND161,507,AGTGCTTGCACGAATA-1,7672,6571,0.24653449058532714,0.009530087344414464,0.2591146811842918,0.7,0.6,0.3709264785051346
0,198,MEND161,1652,GCGTCTCTGCATTGGG-1,4181,6320,0.24648597985506057,0.011942481066141087,0.26092965006828306,0.7,0.3,0.3469357490539551
0,199,MEND161,2664,TTCCGGTTACCCACTT-1,7526,7076,0.24636907279491424,0.008659035799516594,0.2691428415477276,0.9,0.7,0.4673916518688202
0,200,MEND161,2144,TAGAAGAAGGGTTACA-1,10286,9599,0.246352618932724,0.009345250647410194,0.2744667254388332,0.8,0.6,0.41711579263210297
0,201,MEND161,141,AATCTGGCTTTCTAGT-1,2289,7835,0.24633518755435943,0.008119654848370064,0.26631933599710467,0.6,0.5,0.31008501946926115
0,202,MEND161,2065,TAAGGCATAACATCAA-1,4760,8591,0.24632457047700881,0.0126336627722616,0.20165513791143894,1.0,0.5,0.5010396718978882
0,203,MEND161,1554,GCAACCACGGCCGCGT-1,3308,6825,0.24625764936208724,0.011699086320001509,0.2402433156967163,0.7,0.5,0.3688985139131546
0,204,MEND161,1444,GACGAGGCTAATAAAC-1,8469,8464,0.24623490124940872,0.012877550528115029,0.1308262672275305,0.8,0.5,0.4147735208272934
0,205,MEND161,695,CAAGCAACGTCGGAGT-1,3964,5437,0.24619996696710586,0.00973778133202725,0.2772215485572815,0.8,0.6,0.4239681750535965
0,206,MEND161,1708,GGAACCTTGACTCTGC-1,2724,8844,0.24613804519176483,0.007752674220698572,0.20986226797103882,0.7,0.7,0.3697103500366211
0,207,MEND161,1942,GTCGTTATTCGCTTAT-1,6725,7202,0.24586445987224578,0.015477874541041398,0.24467263147234916,0.8,0.5,0.4235453188419342
0,208,MEND161,1697,GCTTCCCGTAAGCTCC-1,8103,10862,0.24583889842033385,0.012889678738049668,0.33242634907364843,0.8,0.5,0.40958577394485474
0,209,MEND161,1117,CGGACCTTTACGTCCC-1,6358,10358,0.2458244875073433,0.008910976523399101,0.1957979398779571,0.7,0.5,0.366151887178421
0,210,MEND161,1853,GGTCTGAGAATCTGGA-1,7019,5183,0.24582116156816483,0.013798384857743182,0.2502665061503649,0.8,0.7,0.41887358725070956
0,211,MEND161,2524,TGCTTCCCAAGCAGTA-1,5996,9222,0.24578946679830552,0.017989880861518,0.3134451150894165,0.9,0.5,0.46855010390281676
0,212,MEND161,2318,TCCGCGGCCCAATGAA-1,8397,8085,0.24578640908002852,0.01525892956617849,0.2189099511131644,0.8,0.5,0.4128587573766708
0,213,MEND161,755,CACTCCTATGTAAGAT-1,3815,8465,0.2457682192325592,0.008519998596424284,0.3349989917129278,0.8,0.5,0.3954690247774124
0,214,MEND161,77,AACTCTCAGTGTGCTC-1,4179,8087,0.24575682133436202,0.008147144253140108,0.15790781443938612,0.8,0.5,0.4021537184715271
0,215,MEND161,214,ACCACGTGCAGCTATA-1,6725,7455,0.2457420751452446,0.014278469321150232,0.2748350020498037,0.9,0.7,0.46948581635951997
0,216,MEND161,125,AATAGAATCTGTTTCA-1,7452,7454,0.2456880986690521,0.012316500666998537,0.27112477384507655,0.8,0.5,0.41095347702503204
0,217,MEND161,1713,GGACAACCATGAAGCC-1,8612,10230,0.2456015318632126,0.012174708640462358,0.3533150009810925,0.7,0.5,0.35286200046539307
0,218,MEND161,2050,TAAACCCAGGAGGGCA-1,3815,8213,0.2455030307173729,0.009126594331728978,0.27388552241027353,0.8,0.7,0.4115512877702713
0,219,MEND161,590,ATCCTGAATCGCTGCG-1,3091,6194,0.24547814279794694,0.01114822101492615,0.24920943342149257,0.7,0.7,0.36238563656806944
0,220,MEND161,597,ATCGGAGACAGACGGC-1,6724,7960,0.24541324377059937,0.014120426014994693,0.19504432659596205,0.8,0.7,0.4188514888286591
0,221,MEND161,1061,CGATACCTCGCGGACA-1,4690,6446,0.2453937664628029,0.010505849969493379,0.22018937766551971,0.9,0.6,0.4653115153312683
0,222,MEND161,540,ATACGTCCACTCCTGT-1,7962,7328,0.24536471515893937,0.012032096965329166,0.23608297072350978,0.6,0.6,0.3169096291065216
0,223,MEND161,86,AAGAGGCATGGATCGC-1,7018,5940,0.24536209553480148,0.011168242395344466,0.22119017727673054,0.7,0.5,0.36344248354434966
0,224,MEND161,986,CCTATGTCCACTCCAC-1,7886,9221,0.2453296273946762,0.01492486873801847,0.24485701303929092,0.9,0.5,0.4601468205451965
0,225,MEND161,2751,TTGTGCAGCCACGTCA-1,6578,8969,0.24532540887594223,0.015002547970436382,0.45991894528269767,0.7,0.5,0.36683709621429444
0,226,MEND161,2179,TAGGTGTTCCACAGAT-1,5560,8970,0.24528988152742387,0.012622589850659066,0.2956708300858736,0.6,0.6,0.30840412974357606
0,227,MEND161,40,AAATTTGCGGGTGTGG-1,3598,7330,0.2452584460377693,0.008508547936481816,0.2651700399816036,0.7,0.6,0.36662442088127134
0,228,MEND161,1751,GGCACTCCACTGGGCA-1,4546,5689,0.24525012373924254,0.011853641738174638,0.08826600573956966,0.9,0.6,0.4496080815792084
0,229,MEND161,692,CAACTGCTCATCCGAT-1,5196,8844,0.2452284350991249,0.010565994386972342,0.37796530276536944,0.7,0.5,0.3663514077663422
0,230,MEND161,1639,GCGGAGAGGGAGAACG-1,6871,7202,0.24517617970705033,0.010074168955062354,0.18033005595207213,1.0,0.6,0.5156993687152862
0,231,MEND161,835,CATGGTTTATTAATCA-1,8685,10104,0.2450767368078232,0.011375913985103759,0.1950635641813278,0.6,0.6,0.320077109336853
0,232,MEND161,88,AAGATGGCACCGGACC-1,4033,8844,0.24500345885753633,0.011556586380467004,0.2808121729642153,0.7,0.5,0.359833699464798
0,233,MEND161,2152,TAGAGTCTAAGCGAAC-1,5201,5057,0.24498517960309982,0.010953714424027504,0.3523901328444481,0.7,0.4,0.3478930205106735
0,234,MEND161,810,CATAGCGTTGCCCACC-1,4252,8213,0.2449331909418106,0.01320592838890747,0.256642809510231,0.6,0.5,0.3076135516166687
0,235,MEND161,99,AAGCTCTTTCATGGTG-1,7087,8590,0.24485283195972443,0.01192827409764353,0.2282418950460851,0.7,0.6,0.36825678646564486
0,236,MEND161,1113,CGCTTTCTTGCATTCG-1,7382,5309,0.24484511315822602,0.005625335934389379,0.19298142604529858,0.9,0.5,0.44706688821315765
0,237,MEND161,258,ACGATCATACATAGAG-1,5783,4552,0.24476405382156372,0.012428582616012922,0.3037293814122677,0.7,0.4,0.35721845626831056
0,238,MEND161,196,ACAGTAATACAACTTG-1,2217,7204,0.2447446495294571,0.008349348625844435,0.17413044199347497,0.8,0.5,0.41418508291244505
0,239,MEND161,883,CCATGCCTGTTTAGTA-1,5055,5815,0.2446647584438324,0.01465999201768422,0.26879964526742695,1.0,0.6,0.5162471979856491
0,240,MEND161,485,AGTCAAGATGACACTT-1,7743,7454,0.24465618878602982,0.010505531257394018,0.192035573348403,0.7,0.7,0.3671793580055237
0,241,MEND161,1137,CGGGCCTTCTTTGTAA-1,5199,6572,0.24458078742027284,0.014426058688705237,0.22675473019480705,0.7,0.5,0.3522313416004181
0,242,MEND161,1520,GATCGCTACCCGATTT-1,8325,7707,0.2444659501314163,0.010743645474484849,0.2746310867369175,0.8,0.7,0.41866273283958433
0,243,MEND161,2581,TGTGAGACTAGCCCAA-1,5778,8843,0.24444728046655656,0.013007880506810435,0.3347365900874138,0.8,0.7,0.4168507009744644
0,244,MEND161,2580,TGTGACTAGAGTTTGC-1,9194,9978,0.24435894340276718,0.008914384637981526,0.2804422900080681,0.9,0.6,0.46395067870616913
0,245,MEND161,381,AGATTCACAACCGATA-1,2143,8088,0.24435207843780518,0.006743248148755935,0.19701612666249274,0.9,0.6,0.45542998909950255
0,246,MEND161,642,ATGTGGACATCTTGAT-1,6362,7329,0.2443263828754425,0.010299158139563405,0.27943112440407275,0.8,0.6,0.41724587976932526
0,247,MEND161,1133,CGGGAATTTATGTAAA-1,5926,7076,0.24430431872606279,0.014270849882363651,0.29088409449905156,0.6,0.4,0.30669738352298737
0,248,MEND161,326,ACTTACGCATCCACGC-1,6869,8717,0.24428191781044006,0.0126950625164486,0.2418581075966358,0.7,0.6,0.36515588462352755
0,249,MEND161,407,AGCCTAATACCCACGT-1,2216,7709,0.2442567989230156,0.012488742095000754,0.16043084785342215,0.6,0.5,0.3147984087467194
0,250,MEND161,1585,GCCAAGAATACTTCTG-1,1926,7204,0.24422622621059417,0.00894378969507273,0.27205103598535063,0.8,0.3,0.3902389854192734
0,251,MEND161,167,ACAAATCGCACCGAAT-1,7161,7707,0.24419960826635362,0.007104399422751516,0.2835649259388447,0.8,0.7,0.42161898910999296
0,252,MEND161,471,AGGTTTCACACACCTT-1,6072,6572,0.24416372925043106,0.01531817246096268,0.27054955158382654,0.7,0.5,0.3595777690410614
0,253,MEND161,2325,TCCTAAAGATTCAGAC-1,7304,9979,0.2441615954041481,0.006075156785143517,0.28482576869428156,0.8,0.5,0.4023091375827789
0,254,MEND161,750,CACGTTCGTGCTCTAG-1,7090,6066,0.24410747438669206,0.01073263618168128,0.1689691249281168,0.8,0.7,0.4180257350206375
0,255,MEND161,277,ACGGCGACGATGGGAA-1,6798,7581,0.2441025361418724,0.014351129584314986,0.22925619930028915,0.6,0.5,0.3117067366838455
0,256,MEND161,792,CAGTACCAGTTTACGT-1,2507,7456,0.24405842423439025,0.015696337698804443,0.3724553376436234,0.9,0.5,0.4504731833934784
1,1,MEND161,1181,CGTTCAAGGAAACGGA-1,4540,10232,0.1551955074071884,0.013568082136366193,-0.14721305593848227,0.0,0.0,0.0
1,2,MEND161,2118,TACGCTGCACGGTCGT-1,9702,10861,0.15476122200489045,0.013805942397572319,-0.03915355429053306,0.0,0.0,0.0
1,3,MEND161,1847,GGTCCACGTCTATTTG-1,3012,10611,0.1547148510813713,0.012016704553017381,-0.16165493838489056,0.0,0.0,0.0
1,4,MEND161,2681,TTCTCAATTGCTACAA-1,2213,10485,0.1542747437953949,0.017692916017514392,-0.18220218755304812,0.0,0.0,0.0
1,5,MEND161,1605,GCCGCATTAGTCCGGC-1,2437,5816,0.15427386462688447,0.017191611787372156,-0.1400445368140936,0.0,0.0,0.0
1,6,MEND161,847,CCAAATCAAAGGGCAA-1,2794,10485,0.15411712378263473,0.017832977643645408,-0.17874208018183707,0.0,0.0,0.0
1,7,MEND161,2343,TCGACAACTGAACCCG-1,2288,8592,0.15259166806936264,0.010085782543807511,-0.19770741499960423,0.0,0.0,0.0
1,8,MEND161,1916,GTCATCCCAAACTCAC-1,2866,11116,0.15219137221574783,0.01386916797901542,-0.10133115313947201,0.0,0.0,0.0
1,9,MEND161,2079,TAATGTCGGTTCATGG-1,2940,10737,0.1518698178231716,0.013537837286657221,-0.24685589000582694,0.0,0.0,0.0
1,10,MEND161,2236,TCAAAGTCACGGCGTC-1,2940,10233,0.15166786611080169,0.010677992410976006,-0.17783243656158448,0.0,0.0,0.0
1,11,MEND161,990,CCTCCTAGCTAGAGTC-1,2141,9854,0.15153797939419747,0.013824026265845642,-0.31022264026105406,0.0,0.0,0.0
1,12,MEND161,418,AGCTAACAAGCAATGT-1,3596,9097,0.15140794217586517,0.012597665924822319,-0.18407317101955414,0.0,0.0,0.0
1,13,MEND161,1522,GATCGCTGTGGTGCGT-1,2504,10233,0.15124650597572326,0.014657226558163632,-0.1940929252654314,0.0,0.0,0.0
1,14,MEND161,1253,CTCCTAGTAATCGTGA-1,2939,10990,0.15114354938268662,0.018226787173264737,-0.22691012658178805,0.0,0.0,0.0
1,15,MEND161,1503,GAGTTCTGTGGGTGCT-1,1415,8845,0.15093866139650344,0.008115911243287532,-0.14638907853513955,0.0,0.0,0.0
1,16,MEND161,1809,GGGCAGGATTTCTGTG-1,1705,9602,0.15086546987295152,0.01110747337318897,-0.17000668235123156,0.0,0.0,0.0
1,17,MEND161,2439,TGAATGAGTGTTTCCC-1,4832,9727,0.1507868081331253,0.014751704994154577,-0.2456578344106674,0.0,0.0,0.0
1,18,MEND161,446,AGGCGATAACTGGCGT-1,10069,8715,0.15064708441495894,0.008897153316461952,-0.2981464210897684,0.0,0.0,0.0
1,19,MEND161,1393,GAAGAAACGATATTGT-1,3306,8844,0.15057621523737907,0.016949708367383055,-0.1561730619519949,0.0,0.0,0.0
1,20,MEND161,2632,TTAGTAAACCTGCTCT-1,8032,9221,0.15035775005817414,0.012720520309216592,-0.13763746600598098,0.0,0.0,0.0
1,21,MEND161,1534,GATGCTACCTTCGATG-1,5413,10232,0.1500191457569599,0.015497685994687248,-0.3012219533324242,0.0,0.0,0.0
1,22,MEND161,2005,GTGTTACTATGCGTCC-1,6653,6571,0.14994021728634835,0.014491713823230947,-0.23953966088593007,0.0,0.0,0.0
1,23,MEND161,616,ATGCACGCGCTGTTCA-1,1997,8845,0.1496118947863579,0.013334747870360195,-0.13705648630857467,0.0,0.0,0.0
1,24,MEND161,273,ACGGACTCTCAAAGCG-1,6650,9095,0.14956726208329202,0.01439859504554174,-0.22097778767347337,0.0,0.0,0.0
1,25,MEND161,2294,TCCAGGCAGGACGATC-1,5267,10484,0.14943726509809493,0.008925994394406585,-0.2696490898728371,0.0,0.0,0.0
1,26,MEND161,1385,GAACACACATCAACCA-1,4838,4174,0.14942185580730438,0.015110202535322807,-0.21830389760434626,0.0,0.0,0.0
1,27,MEND161,1625,GCGAGGCCCGAGCAGA-1,4618,6067,0.14938990473747255,0.012866129051868548,-0.28681153506040574,0.0,0.0,0.0
1,28,MEND161,1806,GGGCACTATTGACCAT-1,1414,9097,0.1493227630853653,0.013885963476025815,-0.12524447552859783,0.0,0.0,0.0
1,29,MEND161,1076,CGCACGTGCGCTATCA-1,8399,6318,0.1493111342191696,0.012130181202887395,-0.254422752186656,0.0,0.0,0.0
1,30,MEND161,639,ATGTCTTGTTTGACTC-1,3667,10737,0.1492607317864895,0.015397818877633968,-0.21945240795612336,0.0,0.0,0.0
1,31,MEND161,203,ACATCGCAATATTCGG-1,3157,11116,0.1491819992661476,0.015741079500712803,-0.06350445337593555,0.0,0.0,0.0
1,32,MEND161,2651,TTCACTTCCTAGAACG-1,4904,9853,0.14914120733737946,0.011619990911363764,-0.26753898710012436,0.0,0.0,0.0
1,33,MEND161,2239,TCAAATTTGAGACTCA-1,6287,8969,0.14911107271909713,0.010238299520506613,-0.0894448220729828,0.0,0.0,0.0
1,34,MEND161,45,AACAGCTGTGTGGCAA-1,3451,8844,0.14909349232912064,0.013442679403133274,-0.07149655316025019,0.0,0.0,0.0
1,35,MEND161,1210,CTACTGCCACCTGACC-1,5783,4805,0.14900395423173904,0.013301245029313614,-0.2559576477855444,0.0,0.0,0.0
1,36,MEND161,1787,GGCTTTCAATAAGGGT-1,5705,8970,0.14900297075510024,0.012959455594392202,-0.25486764013767244,0.0,0.0,0.0
1,37,MEND161,2307,TCCCTCTTCTCAAGGG-1,9559,9599,0.1489378586411476,0.016697182416530832,-0.21259646862745285,0.0,0.0,0.0
1,38,MEND161,922,CCCTCATCACAGAGTA-1,3012,11116,0.14889086186885833,0.013469481737363778,-0.24328326769173145,0.0,0.0,0.0
1,39,MEND161,2232,TATTTGTTACCCTTTA-1,4547,4427,0.1488858714699745,0.010178630174623388,-0.29611246697604654,0.0,0.0,0.0
1,40,MEND161,406,AGCCGTGGCTAAATGT-1,2798,7709,0.1487550303339958,0.015220504410593286,-0.35663685500621795,0.0,0.0,0.0
1,41,MEND161,2586,TGTGGCGGGCTTCTGG-1,5486,9601,0.1483232781291008,0.013749962657166638,-0.13439732678234578,0.0,0.0,0.0
1,42,MEND161,945,CCGCGCAAGATACCCA-1,1414,9350,0.14828389063477515,0.01359137477687494,-0.34049174208194016,0.0,0.0,0.0
1,43,MEND161,1465,GAGACTTCGCGACCGA-1,5343,8086,0.1480724923312664,0.01333480866288668,-0.3469256818294525,0.0,0.0,0.0
1,44,MEND161,1401,GAAGTCAGTTGCACTA-1,5416,7960,0.1480282761156559,0.014468041371948206,-0.3061323717236519,0.0,0.0,0.0
1,45,MEND161,790,CAGGGAGATAGGCCAG-1,2503,10738,0.14795846715569497,0.01616035589692028,-0.12346345782279969,0.0,0.0,0.0
1,46,MEND161,295,ACTACATCCCGACAAG-1,2432,9349,0.14789392948150634,0.013745503787439481,-0.21160879284143447,0.0,0.0,0.0
1,47,MEND161,559,ATATCAATTCCAGCCT-1,1633,8466,0.14782031774520873,0.011522903131051091,-0.1923043206334114,0.0,0.0,0.0
1,48,MEND161,1232,CTATGGGAAGCGGAAT-1,8760,8211,0.1478039652109146,0.012801811751444897,-0.1514916094020009,0.0,0.0,0.0
1,49,MEND161,1496,GAGTATGCGCGTGCAT-1,6359,9348,0.14776464328169822,0.016657918557636618,-0.25828619450330736,0.0,0.0,0.0
1,50,MEND161,1391,GAACGTCTCATGGTCG-1,7528,5309,0.14776096642017364,0.01799184879226765,-0.33735565543174745,0.0,0.0,0.0
1,51,MEND161,2059,TAACCTAGGGAGTCCA-1,8905,8968,0.1477207913994789,0.010962070755354955,-0.22315895184874535,0.0,0.0,0.0
1,52,MEND161,1328,CTGTTGTTCAGTCGTA-1,2723,9854,0.1476502984762192,0.011800209493212116,-0.23822165802121162,0.0,0.0,0.0
1,53,MEND161,1521,GATCGCTATATCTCAG-1,3014,9097,0.1476160429418087,0.01358005050790613,-0.251239899918437,0.0,0.0,0.0
1,54,MEND161,2008,GTTAAGGGTGCGATGT-1,6359,9095,0.1476010225713253,0.014418597705075191,-0.25656192265450956,0.0,0.0,0.0
1,55,MEND161,2262,TCACGGCCCAAGAGAG-1,2504,9980,0.1475693978369236,0.020528336826945673,-0.1876815389841795,0.0,0.0,0.0
1,56,MEND161,12,AAACGCTGGGCACGAC-1,10358,10230,0.14754786789417268,0.01516044485260903,-0.1789113126695156,0.0,0.0,0.0
1,57,MEND161,2474,TGATTTATTAGCTGTG-1,3672,6194,0.14744144007563592,0.014993086059047417,-0.39887007623910903,0.0,0.0,0.0
1,58,MEND161,1690,GCTGGGAGCGCGTCAA-1,3594,10611,0.14742815792560576,0.010895550967924977,-0.31491995304822923,0.0,0.0,0.0
1,59,MEND161,95,AAGCGCAGGGCTTTGA-1,6504,9853,0.14734181463718415,0.010246187249423106,-0.3409999191761017,0.0,0.0,0.0
1,60,MEND161,2214,TATGGCCCGGCCTCGC-1,3383,5184,0.14734137952327728,0.017508588479840832,-0.22942840494215488,0.0,0.0,0.0
1,61,MEND161,420,AGCTAAGTACGCAGGC-1,7450,9474,0.14734090864658356,0.013956746076505475,-0.11334528662264347,0.0,0.0,0.0
1,62,MEND161,754,CACTCAAGAGCTATGG-1,5345,6319,0.1473174087703228,0.01238955663923004,-0.3613245705142617,0.0,0.0,0.0
1,63,MEND161,293,ACGTTTCGGTGCACTT-1,10066,10735,0.14726997390389443,0.014178165072033155,-0.2055305015295744,0.0,0.0,0.0
1,64,MEND161,2741,TTGTAAGGACCTAAGT-1,3526,7204,0.1472494661808014,0.008635370838671379,-0.39360882341861725,0.0,0.0,0.0
1,65,MEND161,1432,GACATTTCGCCCAGCC-1,2358,10485,0.14724096059799194,0.016930893904553088,-0.16135955471545457,0.0,0.0,0.0
1,66,MEND161,906,CCCGCAGCGCGAACTA-1,6070,7581,0.14722244590520858,0.011624709974257644,-0.2462647132575512,0.0,0.0,0.0
1,67,MEND161,1699,GCTTCGACGTTCAATC-1,2286,10107,0.1472061112523079,0.013875794877776253,-0.2730468899011612,0.0,0.0,0.0
1,68,MEND161,2704,TTGAGAAGTTTAGCAT-1,7524,8338,0.1471730053424835,0.011612630286655134,-0.23091839253902435,0.0,0.0,0.0
1,69,MEND161,2590,TGTTAACAAAGTGACT-1,10139,10356,0.14715836197137833,0.013262611300248008,-0.20087494552135468,0.0,0.0,0.0
1,70,MEND161,290,ACGTTCGTTCAGGAAA-1,4396,8970,0.14711004868149757,0.018401898947089147,-0.1860876865684986,0.0,0.0,0.0
1,71,MEND161,148,AATGTTAAGACCCTGA-1,7084,10862,0.147076865285635,0.013319253101800798,-0.147263403236866,0.0,0.0,0.0
1,72,MEND161,876,CCAGTGTACAGACCGA-1,2504,10485,0.14696720689535142,0.015555760163420395,-0.1485736794769764,0.0,0.0,0.0
1,73,MEND161,411,AGCGAGACGTGAAGGC-1,2795,9980,0.14690842106938362,0.01400803919330132,-0.07833952493965626,0.0,0.0,0.0
1,74,MEND161,1615,GCCTGTCCCGGTGCAT-1,5776,10610,0.14679640978574754,0.011597054201946384,-0.2528941620141268,0.0,0.0,0.0
1,75,MEND161,1718,GGACGGGCGACCAACC-1,9704,9851,0.14677385836839676,0.014231133758925254,-0.3474919766187668,0.0,0.0,0.0
1,76,MEND161,250,ACCTCCGCCCTCGCTG-1,8978,8337,0.1467675521969795,0.01288320762056498,-0.19122805669903756,0.0,0.0,0.0
1,77,MEND161,1437,GACCGACTGAAGCGTC-1,2800,5689,0.14675472006201745,0.012538024035835272,-0.2439918827265501,0.0,0.0,0.0
1,78,MEND161,2744,TTGTACACCTCGAACA-1,1271,7835,0.14674217253923416,0.012742456079700856,-0.1796583291143179,0.0,0.0,0.0
1,79,MEND161,1072,CGATTTGTCATTAATG-1,3012,10864,0.14674193263053895,0.013495829630854038,-0.2250417560338974,0.0,0.0,0.0
1,80,MEND161,918,CCCTAGCTCTAAGGTC-1,5048,11115,0.14670839458703994,0.012842575211141918,-0.30728078782558443,0.0,0.0,0.0
1,81,MEND161,240,ACCGCGGTGGAAGTCG-1,8907,6949,0.1466922342777252,0.012047096932889946,-0.34802417978644373,0.0,0.0,0.0
1,82,MEND161,1733,GGATCTACCGTTCGTC-1,3448,11116,0.14668960124254227,0.01166117591330297,-0.2549991227686405,0.0,0.0,0.0
1,83,MEND161,197,ACATAAGTCGTGGTGA-1,1851,8845,0.1466784469783306,0.013371900805701206,-0.2669906418770552,0.0,0.0,0.0
1,84,MEND161,2626,TTAGAGTATTGTCGAG-1,2794,10990,0.14665743857622146,0.018433885825899714,-0.18993712663650514,0.0,0.0,0.0
1,85,MEND161,1205,CTACGACTAGCTATAA-1,2945,6194,0.14664047136902808,0.017490551049248765,-0.29580259788781404,0.0,0.0,0.0
1,86,MEND161,155,AATTCATTGTCATGCA-1,1850,9350,0.14662059843540193,0.013499626238291481,-0.28568310886621473,0.0,0.0,0.0
1,87,MEND161,174,ACAAGTAATTGTAAGG-1,2721,11116,0.14660150781273842,0.016099884316542804,-0.17436820417642593,0.0,0.0,0.0
1,88,MEND161,586,ATCCCATCCACAGCGC-1,2214,9223,0.146550352871418,0.013789649107585756,-0.22570549994707106,0.0,0.0,0.0
1,89,MEND161,300,ACTATGTCCAGCTGCC-1,2796,9475,0.1465291790664196,0.01372105612553548,-0.19076946284621954,0.0,0.0,0.0
1,90,MEND161,881,CCATCGCAGTTAAACT-1,5707,7708,0.1464792512357235,0.016207421004380117,-0.23292069062590598,0.0,0.0,0.0
1,91,MEND161,571,ATCAAGATCCCAGGAC-1,5412,10484,0.14646466597914695,0.015371256879073546,-0.1950763836503029,0.0,0.0,0.0
1,92,MEND161,1110,CGCTTATTCCCGGTCG-1,3381,6699,0.1464400827884674,0.013221138253668038,-0.360257089138031,0.0,0.0,0.0
1,93,MEND161,1698,GCTTCCGTCCCTAGAC-1,6801,5057,0.14641846790909768,0.01347010645653711,-0.3530643075704575,0.0,0.0,0.0
1,94,MEND161,1922,GTCCACGTCGCATTCG-1,9777,9473,0.14634628668427468,0.014866320389828727,-0.2746981970965862,0.0,0.0,0.0
1,95,MEND161,2243,TCAACCATGTTCGGGC-1,4911,4553,0.1463004693388939,0.01676534333905837,-0.2383187260478735,0.0,0.0,0.0
1,96,MEND161,1146,CGGTGAAGACTAAAGT-1,2873,5816,0.14621798545122147,0.01131824188733862,-0.3009387403726578,0.0,0.0,0.0
1,97,MEND161,147,AATGTGCTAATCTGAG-1,3523,9728,0.14620933681726456,0.01563874109854253,-0.2259952172636986,0.0,0.0,0.0
1,98,MEND161,2251,TCAATATACAGGAGGC-1,9776,10230,0.14619892686605454,0.011361463145732187,-0.16555285640060902,0.0,0.0,0.0
1,99,MEND161,1001,CCTCTGTACTATTCTA-1,5634,8086,0.14618266001343727,0.016280527119473847,-0.1303227197378874,0.0,0.0,0.0
1,100,MEND161,2458,TGAGGTGTGTGGCGGA-1,4976,10232,0.1461649663746357,0.01126709750512928,-0.2673607707023621,0.0,0.0,0.0
1,101,MEND161,966,CCGTCAACCTCTGGCG-1,2213,9981,0.14612749814987183,0.013295013069793834,-0.1888346876949072,0.0,0.0,0.0
1,102,MEND161,2272,TCAGCTTGAGCTTTCG-1,1342,9224,0.14611197039484977,0.01638730522105222,-0.23291362300515175,0.0,0.0,0.0
1,103,MEND161,2395,TCTACGCACGATCTCC-1,3303,10864,0.1460898071527481,0.02010173085860673,-0.09464791715145111,0.0,0.0,0.0
1,104,MEND161,1518,GATCGACACTATCTGA-1,4620,4805,0.1460631161928177,0.010900216165190022,-0.25874415338039397,0.0,0.0,0.0
1,105,MEND161,14,AAACGGTTGCGAACTG-1,5486,9853,0.14598415940999984,0.01389437772282423,-0.2361917555332184,0.0,0.0,0.0
1,106,MEND161,1617,GCGAAACGATCGGGAG-1,8469,8211,0.1459734857082367,0.011663536305173366,-0.2720939891412854,0.0,0.0,0.0
1,107,MEND161,2612,TTACACGATCTGCGAC-1,9195,9221,0.14589540660381317,0.011466874889380238,-0.32204890698194505,0.0,0.0,0.0
1,108,MEND161,1166,CGTGACCAGTCCTCTG-1,5196,9348,0.14588952884078027,0.01607362636203776,-0.2015546202659607,0.0,0.0,0.0
1,109,MEND161,2231,TATTTGATTTGCACAG-1,9778,8211,0.145880788564682,0.014440342212887073,-0.16256762258708476,0.0,0.0,0.0
1,110,MEND161,1445,GACGATATCACTGGGT-1,3667,10485,0.14587048962712287,0.014823091415788013,-0.19406433552503585,0.0,0.0,0.0
1,111,MEND161,1851,GGTCTCCGTCCAGGTT-1,8541,9347,0.14584119543433188,0.016845971051884612,-0.15803898945450784,0.0,0.0,0.0
1,112,MEND161,164,ACAAACTCCATCAGAG-1,4103,10989,0.14580642208456993,0.016468192872051854,-0.18854215741157532,0.0,0.0,0.0
1,113,MEND161,2289,TCCACCAAGACATAGG-1,9048,10483,0.14578562825918198,0.01076453366097936,-0.1463820643723011,0.0,0.0,0.0
1,114,MEND161,1721,GGACTCGTGAGTGGTC-1,3959,9475,0.14577001556754113,0.0167415332830584,-0.23030940666794777,0.0,0.0,0.0
1,115,MEND161,2547,TGGGCAGGCCACCGCA-1,9633,8211,0.14574698507785797,0.014056316202704816,-0.15010173097252846,0.0,0.0,0.0
1,116,MEND161,1778,GGCGTCCTATCCGCTG-1,3601,5310,0.1457434505224228,0.01663153419463094,-0.18539474979043008,0.0,0.0,0.0
1,117,MEND161,1039,CGAATGGTAGGTCGTC-1,3303,10611,0.14570328891277312,0.016949701016979964,-0.2264869648963213,0.0,0.0,0.0
1,118,MEND161,243,ACCGGTCAGGTACACC-1,2287,8845,0.1456707589328289,0.0171455160616513,-0.2190454939380288,0.0,0.0,0.0
1,119,MEND161,767,CAGAGCATGAGCTTGC-1,6292,4678,0.14560107737779618,0.011515268305192514,-0.1753173764795065,0.0,0.0,0.0
1,120,MEND161,1269,CTCGTTACGGCTACCA-1,4104,10232,0.1455598443746567,0.013189201368939975,-0.30446871370077133,0.0,0.0,0.0
1,121,MEND161,2182,TAGTACCACAACTTTC-1,2141,9350,0.14553930014371871,0.013651720687927933,-0.12270214818418027,0.0,0.0,0.0
1,122,MEND161,1943,GTCTACTCAATTACAA-1,2145,6068,0.14553465992212294,0.010023560402211073,-0.3092708945274353,0.0,0.0,0.0
1,123,MEND161,2735,TTGGGAAGACGAGCCG-1,5849,9979,0.14553220048546792,0.011730310167030763,-0.31504931170493367,0.0,0.0,0.0
1,124,MEND161,1136,CGGGCAGCTAAACCGC-1,5273,5436,0.14553194642066955,0.01113258530825769,-0.29319328665733335,0.0,0.0,0.0
1,125,MEND161,1738,GGATGCTGGCGTTCCT-1,2581,6321,0.14551965296268463,0.00858426179901428,-0.34450381249189377,0.0,0.0,0.0
1,126,MEND161,2252,TCAATCCCGCGCCAAA-1,9994,10104,0.14551557153463363,0.010558194928510801,-0.29936361163854597,0.0,0.0,0.0
1,127,MEND161,2327,TCCTAACCGTCGGGCA-1,4541,9222,0.14550036191940308,0.01214469778657441,-0.2772289372980595,0.0,0.0,0.0
1,128,MEND161,1353,CTTCTGGGCGTACCTA-1,3668,9728,0.14549118876457215,0.01725027855136175,-0.16135922260582447,0.0,0.0,0.0
1,129,MEND161,498,AGTGACTGTGACACAA-1,3232,9728,0.1454889290034771,0.015881030193393632,-0.18879515826702117,0.0,0.0,0.0
1,130,MEND161,2412,TCTCTTACCGCGAACC-1,4323,9601,0.1454867884516716,0.014930703813292286,-0.19236751310527325,0.0,0.0,0.0
1,131,MEND161,2104,TACCTCCACACCAATG-1,3305,9601,0.14542985036969186,0.01525957954781374,-0.22311891205608844,0.0,0.0,0.0
1,132,MEND161,791,CAGTAAGGGACGTCTC-1,1487,9476,0.14542776197195054,0.012435314491883042,-0.17838549315929414,0.0,0.0,0.0
1,133,MEND161,2752,TTGTGCGGAAGCGGAT-1,1342,8971,0.1454275757074356,0.013388381641488742,-0.26303481459617617,0.0,0.0,0.0
1,134,MEND161,408,AGCGACAGGAACGGTC-1,3889,7834,0.14539768546819687,0.011536331055193515,-0.3096224572509527,0.0,0.0,0.0
1,135,MEND161,883,CCATGCCTGTTTAGTA-1,5055,5815,0.1453916184604168,0.015358447333664515,-0.25610902048647405,0.0,0.0,0.0
1,136,MEND161,403,AGCCCGGTAGCCTGTA-1,4760,9096,0.14538482576608658,0.011440881294184557,-0.28667022213339804,0.0,0.0,0.0
1,137,MEND161,410,AGCGACTTTGAAGACA-1,4466,11115,0.14530786648392677,0.021005827930944472,-0.2223775491118431,0.0,0.0,0.0
1,138,MEND161,760,CACTGACGATTGTGGA-1,4904,9601,0.14530760124325753,0.01600122272949946,-0.25584865771234033,0.0,0.0,0.0
1,139,MEND161,145,AATGTATGGCACTGTA-1,1850,9602,0.14527048468589782,0.02007438527309246,-0.20168471820652484,0.0,0.0,0.0
1,140,MEND161,2136,TACTGAGGGAAGAAAG-1,1633,8971,0.14525144249200822,0.014076708311277547,-0.2505967367440462,0.0,0.0,0.0
1,141,MEND161,579,ATCATAGATCGACGAG-1,4394,10737,0.1452336624264717,0.011754166607720532,-0.25692986585199834,0.0,0.0,0.0
1,142,MEND161,1319,CTGGTGAATGGGCCTA-1,2577,9602,0.14523254111409187,0.016091152987178545,-0.22169129382818936,0.0,0.0,0.0
1,143,MEND161,2587,TGTGGTTGCTAAAGCT-1,4759,9601,0.14522485807538033,0.016732876530083547,-0.23237911537289618,0.0,0.0,0.0
1,144,MEND161,81,AAGACCAAATAACTCA-1,1632,9224,0.1452195130288601,0.009481174974944445,-0.36211503855884075,0.0,0.0,0.0
1,145,MEND161,454,AGGGTCAGAGCACTCG-1,4104,9980,0.14520424827933312,0.014680830720749726,-0.22799162603914738,0.0,0.0,0.0
1,146,MEND161,1763,GGCCGTTTGGGTTTCA-1,4469,8844,0.14516503736376762,0.01841628767315247,-0.23121105041354895,0.0,0.0,0.0
1,147,MEND161,1689,GCTGGCGGCGCATGCT-1,5852,8212,0.14515584856271743,0.014097976067144677,-0.3720747113227844,0.0,0.0,0.0
1,148,MEND161,885,CCATGTTCATCTATAT-1,3231,9980,0.1451394647359848,0.010445151884643827,-0.19765436053276061,0.0,0.0,0.0
1,149,MEND161,2266,TCAGACGCTATAGAAG-1,6434,7455,0.14513919577002526,0.01417284759574638,-0.31398385651409627,0.0,0.0,0.0
1,150,MEND161,935,CCGAAGCATTGACCAA-1,1560,9097,0.1451164409518242,0.013663407145848978,-0.1894360424950719,0.0,0.0,0.0
1,151,MEND161,2052,TAAAGTGCACGTCTCG-1,4831,10484,0.14506830275058746,0.01238316871242195,-0.2361802650615573,0.0,0.0,0.0
1,152,MEND161,2103,TACCTCAGTTGTCTGT-1,4832,8970,0.1450670063495636,0.00967639718024219,-0.29088650047779085,0.0,0.0,0.0
1,153,MEND161,2040,GTTTCCTGGAGGGTGA-1,4765,4553,0.14506697580218314,0.013943220463083966,-0.1986596081405878,0.0,0.0,0.0
1,154,MEND161,1832,GGGTGACACCTTAACT-1,5271,7203,0.1450291730463505,0.014370964840394794,-0.19955443702638148,0.0,0.0,0.0
1,155,MEND161,193,ACAGGCACGGATCCTT-1,8103,10104,0.14502550512552262,0.013719733014316582,-0.2657526437193155,0.0,0.0,0.0
1,156,MEND161,1662,GCTAGAGTAGAGATGT-1,8178,8464,0.1450140431523323,0.012529782075955518,-0.3145682722330093,0.0,0.0,0.0
1,157,MEND161,865,CCACTGGTGGCTGGTT-1,2727,6320,0.1450040392577648,0.017706932729716556,-0.3019069418311119,0.0,0.0,0.0
1,158,MEND161,864,CCACTCAGATCCGCAA-1,7012,10483,0.14495348632335664,0.011792538149647735,-0.2011391781270504,0.0,0.0,0.0
1,159,MEND161,296,ACTACCATCCGAGGGC-1,3230,10737,0.1449465811252594,0.01569077529077376,-0.1049736175686121,0.0,0.0,0.0
1,160,MEND161,1121,CGGATCCTCAAGGACT-1,7014,8969,0.14492494091391564,0.013025040489498948,-0.32507153004407885,0.0,0.0,0.0
1,161,MEND161,1169,CGTGCATTGTCGACGC-1,3454,6320,0.1449112743139267,0.01416132827291077,-0.3459735818207264,0.0,0.0,0.0
1,162,MEND161,2024,GTTCGCCATAAGTGCC-1,5054,6067,0.1448956847190857,0.014425589924548936,-0.33964762687683103,0.0,0.0,0.0
1,163,MEND161,878,CCATAACCTGTGCAGT-1,1562,7835,0.1447947219014168,0.012536849967052772,-0.2641273021697998,0.0,0.0,0.0
1,164,MEND161,2413,TCTGAACTCGTACCCG-1,8107,7328,0.14477841779589654,0.013527485318113751,-0.2867029722779989,0.0,0.0,0.0
1,165,MEND161,2589,TGTGTGACCATGAATC-1,1344,7457,0.14473860040307046,0.014388580056024055,-0.21310035325586796,0.0,0.0,0.0
1,166,MEND161,101,AAGGCTGTGCTCATCG-1,4546,5184,0.14473418146371841,0.010870271882637911,-0.22434355020523072,0.0,0.0,0.0
1,167,MEND161,161,AATTGCGTGGATTACA-1,1850,9854,0.14470099955797194,0.01463409788564926,-0.20331733468919994,0.0,0.0,0.0
1,168,MEND161,1587,GCCACTCAGAGCGCGA-1,8105,8842,0.14469514936208724,0.011736684000671927,-0.29924325495958326,0.0,0.0,0.0
1,169,MEND161,513,AGTTAAGTCAACCGCT-1,3016,7835,0.14468536525964737,0.013211431340943169,-0.1675582131370902,0.0,0.0,0.0
1,170,MEND161,1206,CTACGATCCTATCCTA-1,2577,10107,0.14466134384274482,0.01328953559320323,-0.2492532789707184,0.0,0.0,0.0
1,171,MEND161,2359,TCGCGTCCAGAAGGTC-1,3310,5311,0.1446589931845665,0.012582761402019886,-0.20855823159217834,0.0,0.0,0.0
1,172,MEND161,2756,TTGTGTTTCCCGAAAG-1,5488,7834,0.1446523554623127,0.017940481066018435,-0.1595916960388422,0.0,0.0,0.0
1,173,MEND161,1776,GGCGGTAGGATCATTG-1,6219,5309,0.14464026615023612,0.011379637247703172,-0.3411137804389,0.0,0.0,0.0
1,174,MEND161,343,ACTTTGTCGACGCACT-1,9924,8463,0.14461452811956405,0.014107775592957143,-0.2761461641639471,0.0,0.0,0.0
1,175,MEND161,369,AGAGGCTTCGGAAACC-1,8543,7833,0.1446083255112171,0.01743229422347237,-0.14583063013851644,0.0,0.0,0.0
1,176,MEND161,1157,CGTATCTAGAACTAAG-1,9922,9725,0.14460747167468072,0.013164246872750114,-0.23870610762387515,0.0,0.0,0.0
1,177,MEND161,49,AACATTGTGACTCGAG-1,4977,9475,0.14459223076701164,0.017142363596278458,-0.21352127566933632,0.0,0.0,0.0
1,178,MEND161,2717,TTGCCTAATCCAAAGT-1,2722,10107,0.14458237886428832,0.015901547341430573,-0.16956445816904306,0.0,0.0,0.0
1,179,MEND161,1311,CTGGGATAAATAATGG-1,7308,6192,0.14457117915153503,0.01338608494911834,-0.2647851206362247,0.0,0.0,0.0
1,180,MEND161,1444,GACGAGGCTAATAAAC-1,8469,8464,0.14457036778330803,0.013421930305734315,-0.40478348582983015,0.0,0.0,0.0
1,181,MEND161,674,ATTTATACTGGTAAAG-1,6648,10862,0.14456017315387726,0.014821646587772906,-0.2193792022764683,0.0,0.0,0.0
1,182,MEND161,711,CACAAGCTAAGAAAGG-1,2286,9854,0.14455001205205917,0.016331482233940632,-0.12587995305657387,0.0,0.0,0.0
1,183,MEND161,947,CCGCGGGTACGAAGAA-1,3092,5437,0.14453637450933457,0.013048481163020565,-0.14669722318649292,0.0,0.0,0.0
1,184,MEND161,456,AGGGTCTGGACGCAGT-1,9849,10104,0.14453475549817085,0.01145408047454297,-0.21701509952545167,0.0,0.0,0.0
1,185,MEND161,1861,GGTGGGATTAGGTCCC-1,3521,10990,0.14448782205581664,0.012584415639620738,-0.189167807251215,0.0,0.0,0.0
1,186,MEND161,1801,GGGATGGACCCGCGTC-1,1559,9602,0.14447291642427446,0.01278558919308041,-0.20966184623539447,0.0,0.0,0.0
1,187,MEND161,1441,GACCGTTACATGCGAC-1,1636,6195,0.1444517455995083,0.012058582948456636,-0.25338918138295413,0.0,0.0,0.0
1,188,MEND161,677,ATTTGGAGATTGCGGT-1,1197,8719,0.14445014670491219,0.01954311799671187,-0.10666182823479176,0.0,0.0,0.0
1,189,MEND161,233,ACCGAAGAGTCTGGTT-1,1997,8592,0.1444465547800064,0.014168057188249353,-0.27570358719676735,0.0,0.0,0.0
1,190,MEND161,841,CATTATCCCATTAACG-1,3450,9854,0.14441833049058914,0.012194901258977459,-0.19704802483320236,0.0,0.0,0.0
1,191,MEND161,1750,GGCACGCTGCTACAGT-1,9339,10483,0.14441666305065154,0.013056676377313954,-0.030674317106604575,0.0,0.0,0.0
1,192,MEND161,1952,GTCTCCTGCCAGTATG-1,2142,8845,0.14441485852003097,0.013882782309337623,-0.23641656935214997,0.0,0.0,0.0
1,193,MEND161,2679,TTCTAGAAAGTCTTAT-1,4542,8970,0.14439948350191117,0.018502913376018327,-0.11990048978477716,0.0,0.0,0.0
1,194,MEND161,528,ATAAGGTGGAGAACAT-1,6434,7707,0.14438890740275384,0.017392384029277983,-0.2661435160785913,0.0,0.0,0.0
1,195,MEND161,996,CCTCGGTTTCCTTGCC-1,3958,10232,0.144334614276886,0.015391310595319249,-0.22152851447463034,0.0,0.0,0.0
1,196,MEND161,1899,GTAGTCTACGATATTG-1,6795,9348,0.14433240368962288,0.01353755051789369,-0.3514748472720385,0.0,0.0,0.0
1,197,MEND161,2322,TCCGGGCTTGACGGGA-1,8177,9726,0.1443199820816517,0.014622794946258746,-0.3021685030311346,0.0,0.0,0.0
1,198,MEND161,113,AAGTGCTTCTCTATTG-1,3886,10106,0.14431379586458207,0.010803504721029466,-0.2890904635190964,0.0,0.0,0.0
1,199,MEND161,519,AGTTTGCACCTGCCTC-1,6578,8717,0.14430955573916435,0.015280614708040157,-0.16917407624423503,0.0,0.0,0.0
1,200,MEND161,177,ACAATGAATACGGAGA-1,3451,8592,0.14427680596709253,0.012655776185574431,-0.3210441131144762,0.0,0.0,0.0
1,201,MEND161,2433,TCTTGGTCAATGATAC-1,2649,10738,0.14427452608942987,0.01772183013478998,-0.16720663867890834,0.0,0.0,0.0
1,202,MEND161,570,ATCAAAGAGCCGTGGT-1,5703,10989,0.14426434710621833,0.012872110597575953,-0.2982209250330925,0.0,0.0,0.0
1,203,MEND161,1178,CGTTAAATACGACCAG-1,9775,10735,0.14426228776574135,0.01576554054318776,-0.28637249693274497,0.0,0.0,0.0
1,204,MEND161,558,ATATAGAGTATTGGTC-1,1996,9350,0.1442457392811775,0.015045962743329781,-0.20792041048407556,0.0,0.0,0.0
1,205,MEND161,1655,GCTAAGCCCAGTATGC-1,9048,10735,0.1442190796136856,0.019026860339296757,-0.24993259068578483,0.0,0.0,0.0
1,206,MEND161,104,AAGGGTTAGCCATGCG-1,9993,10861,0.14419486224651337,0.01029599627684229,-0.29656258076429365,0.0,0.0,0.0
1,207,MEND161,1451,GACGTTGCTCGGCGGC-1,3449,10611,0.14419403821229934,0.011341306994637923,-0.17934111803770064,0.0,0.0,0.0
1,208,MEND161,2185,TAGTCCCGGAGACCAC-1,4686,9727,0.14418561086058618,0.016755082532758588,-0.23073977306485177,0.0,0.0,0.0
1,209,MEND161,1089,CGCCGTTCAGCATAGT-1,8760,8716,0.1441805273294449,0.013072500256325724,-0.1847234508022666,0.0,0.0,0.0
1,210,MEND161,1696,GCTTCCATGTAACCGC-1,8612,10735,0.1441553831100464,0.012933615959724816,-0.39840878546237946,0.0,0.0,0.0
1,211,MEND161,1955,GTCTGTAGGTTGAACA-1,4031,10611,0.14415424615144729,0.013669122491512368,-0.2743567876517773,0.0,0.0,0.0
1,212,MEND161,2507,TGCGACGGCCGAACGT-1,3524,8970,0.14415060877799987,0.012308997981350236,-0.3115292489528656,0.0,0.0,0.0
1,213,MEND161,1373,CTTTGTCGAATGCTCC-1,1706,8592,0.14413956850767135,0.010902517561343809,-0.19595423936843873,0.0,0.0,0.0
1,214,MEND161,304,ACTCATGGCAGCCTTC-1,2432,9854,0.14411088451743126,0.016146644998941233,-0.30087905898690226,0.0,0.0,0.0
1,215,MEND161,2167,TAGCTCGCCTGATAAC-1,5416,7708,0.14409198611974716,0.016475691814703895,-0.38476808220148084,0.0,0.0,0.0
1,216,MEND161,1263,CTCGGGTTCTCTGGCC-1,3160,9097,0.1440905049443245,0.0167140324947497,-0.1060233112424612,0.0,0.0,0.0
1,217,MEND161,2668,TTCGCACTCGCGTGCT-1,4474,4553,0.14407400861382486,0.01745470531880836,-0.23290944769978522,0.0,0.0,0.0
1,218,MEND161,1270,CTCTAACACCGGCAGC-1,7448,10988,0.1440678983926773,0.010944879719389532,-0.2872474309056997,0.0,0.0,0.0
1,219,MEND161,633,ATGGTATTTACTGATT-1,2140,10107,0.14405826851725578,0.014154050522959118,-0.213429356738925,0.0,0.0,0.0
1,220,MEND161,94,AAGCCGGAGAGCAGGA-1,10286,9094,0.1440521515905857,0.013816790212236857,-0.22297041565179826,0.0,0.0,0.0
1,221,MEND161,514,AGTTATTCAGACTGTG-1,9339,10987,0.14403039813041688,0.012508392279510108,-0.307245135307312,0.0,0.0,0.0
1,222,MEND161,659,ATTCCCGAAGGTACAG-1,1196,8971,0.14402712658047676,0.015402547705489867,-0.09311999268829822,0.0,0.0,0.0
1,223,MEND161,2601,TTAACTGATCGTTTGG-1,10431,10104,0.14401991069316863,0.015543827537139164,-0.30046859551221133,0.0,0.0,0.0
1,224,MEND161,469,AGGTTCTCCTTTCCGG-1,1777,9728,0.14398933649063111,0.01398382034142776,-0.2243753258138895,0.0,0.0,0.0
1,225,MEND161,652,ATTATGCCATAGGGAG-1,5057,4048,0.14396572709083558,0.017196096756475765,-0.27297719605267046,0.0,0.0,0.0
1,226,MEND161,731,CACCCTAACAAGATCT-1,7015,8464,0.14396341666579246,0.017246169271361297,-0.29325653426349163,0.0,0.0,0.0
1,227,MEND161,2703,TTGACTATTGTCCGGC-1,8762,7202,0.14395581781864167,0.01217049480596148,-0.3082897052168846,0.0,0.0,0.0
1,228,MEND161,294,ACTACAAAGAGAGGTG-1,4758,10358,0.14393837973475457,0.013801946732368463,-0.06261263079941273,0.0,0.0,0.0
1,229,MEND161,172,ACAAGGATGCTTTAGG-1,7523,9095,0.14389946013689042,0.013340335244716757,-0.269777338206768,0.0,0.0,0.0
1,230,MEND161,152,AATTACGAGACCCATC-1,1560,8845,0.14388982728123664,0.014103915230996486,-0.22320422902703285,0.0,0.0,0.0
1,231,MEND161,2055,TAACAGCGTTTGTGCT-1,3887,9349,0.14387239888310432,0.013324548352092347,-0.38239618465304376,0.0,0.0,0.0
1,232,MEND161,2230,TATTGCCGGGCTTGTA-1,9413,9852,0.14387166053056716,0.0131448046937655,-0.31177148669958116,0.0,0.0,0.0
1,233,MEND161,320,ACTGCTCGGAAGGATG-1,1852,8088,0.1438651889562607,0.01325109703495907,-0.24553683921694755,0.0,0.0,0.0
1,234,MEND161,601,ATCTACCATCTGCTCC-1,7594,10231,0.14386097490787506,0.010165418439255888,-0.3818154565989971,0.0,0.0,0.0
1,235,MEND161,1933,GTCGAATTTGGGCGCT-1,2431,10107,0.14385996311903,0.009089450635367287,-0.2332384094595909,0.0,0.0,0.0
1,236,MEND161,1902,GTAGTTTAAGCACACG-1,2867,10611,0.14385968670248986,0.015710591038623087,-0.16930005475878715,0.0,0.0,0.0
1,237,MEND161,1951,GTCTCCGCCTCAATAC-1,5631,10358,0.14385874718427658,0.013835306433046039,-0.1708569649606943,0.0,0.0,0.0
1,238,MEND161,1180,CGTTATCATACTTCCA-1,1272,7078,0.143858552724123,0.015114040207093338,-0.2668986264616251,0.0,0.0,0.0
1,239,MEND161,780,CAGCTCACTGAGACAT-1,5491,5562,0.14385526105761529,0.012365379096433269,-0.27532194964587686,0.0,0.0,0.0
1,240,MEND161,1939,GTCGGGTGAAGTACCG-1,9630,10482,0.14385488033294677,0.013610163586153964,-0.3681619852781296,0.0,0.0,0.0
1,241,MEND161,1336,CTTAGGTATAGACCAG-1,2287,9349,0.14385163858532907,0.02152040010455534,-0.16184629909694195,0.0,0.0,0.0
1,242,MEND161,1292,CTGCCAAGGTTGGAAG-1,6802,4047,0.143829033523798,0.01383014379123851,-0.2254381712526083,0.0,0.0,0.0
1,243,MEND161,484,AGTCAACACCACCATC-1,4617,6572,0.14379607662558555,0.014054977153480835,-0.3094305206090212,0.0,0.0,0.0
1,244,MEND161,1618,GCGAAACTTAACTGGA-1,7162,6950,0.14378920421004296,0.013974691861086743,-0.21315301321446894,0.0,0.0,0.0
1,245,MEND161,543,ATACTAGCATGACCCT-1,5639,4048,0.1437878705561161,0.013023820262919936,-0.24386956542730331,0.0,0.0,0.0
1,246,MEND161,849,CCAACGATGCACTGAT-1,3892,5310,0.1437752328813076,0.01597726280489576,-0.3400569465011358,0.0,0.0,0.0
1,247,MEND161,1294,CTGCCTTTAATACCTT-1,3232,9475,0.14376430362462997,0.013557263980678217,-0.20073504745960236,0.0,0.0,0.0
1,248,MEND161,1840,GGTAGAAGACCGCCTG-1,6361,8086,0.14376409575343133,0.015188358926849102,-0.2787976574152708,0.0,0.0,0.0
1,249,MEND161,1466,GAGAGGCCTATGTGTA-1,9777,9725,0.14373576939105986,0.014047886637306235,-0.3017853870987892,0.0,0.0,0.0
1,250,MEND161,2093,TACCAATAAAGTACCA-1,7233,8338,0.14370908215641975,0.01412617449799579,-0.2636135403066874,0.0,0.0,0.0
1,251,MEND161,2692,TTGAAGGATGGGCGCC-1,2069,9223,0.1437089443206787,0.011705281979081708,-0.29395184200257063,0.0,0.0,0.0
1,252,MEND161,2051,TAAAGCGGTATTTCCA-1,4759,9349,0.14369789212942125,0.016307997977381153,-0.33334602750837805,0.0,0.0,0.0
1,253,MEND161,38,AAATTAACGGGTAGCT-1,5418,5688,0.1436788447201252,0.012970822497059572,-0.17843641005456448,0.0,0.0,0.0
1,254,MEND161,42,AACAATACATTGTCGA-1,3887,9096,0.14366891533136367,0.016170352576106217,-0.24275507144629954,0.0,0.0,0.0
1,255,MEND161,1150,CGGTTGAGTATCCTTC-1,3377,9728,0.14366515427827836,0.013976926373635377,-0.22809476517140864,0.0,0.0,0.0
1,256,MEND161,463,AGGTCAGGTGAGAGTG-1,2653,7204,0.14366403520107268,0.012869647869876027,-0.252788345143199,0.0,0.0,0.0
2,1,MEND161,1223,CTATACTTAAAGCGAG-1,1487,9224,0.15046484321355819,0.011449181642115594,-0.13293333183974027,0.0,0.0,0.0
2,2,MEND161,2265,TCAGAACGGCGGTAAT-1,6939,10610,0.14937445074319838,0.011784657278328841,-0.21216027792543174,0.0,0.0,0.0
2,3,MEND161,598,ATCGTGGAAAGTCTGG-1,2869,9349,0.14918806105852128,0.007234174821045112,-0.0902382479980588,0.0,0.0,0.0
2,4,MEND161,811,CATAGGGACACTTGTG-1,2721,10864,0.14876667857170106,0.008905998928129058,-0.2278352841734886,0.0,0.0,0.0
2,5,MEND161,894,CCCACTCCACGGTATC-1,1416,7583,0.1484415575861931,0.009614850034496861,-0.11850685440003872,0.0,0.0,0.0
2,6,MEND161,591,ATCCTGCGTGGAATGG-1,4617,7077,0.14825598299503326,0.012449519847468702,-0.2689927525818348,0.0,0.0,0.0
2,7,MEND161,1197,CTAACAGCACAATAAC-1,1269,9097,0.1482173517346382,0.013983080721678207,-0.15564711671322584,0.0,0.0,0.0
2,8,MEND161,566,ATATTGGAGAGGCCTT-1,9996,8842,0.1479870155453682,0.010421713599347168,-0.2849660627543926,0.0,0.0,0.0
2,9,MEND161,1760,GGCCGAGACTCTGGTG-1,3523,9223,0.14789492934942244,0.007709698829425146,-0.15050961151719094,0.0,0.0,0.0
2,10,MEND161,91,AAGCCACTTGCAGGTA-1,3376,10737,0.14756916612386703,0.00800789828260475,-0.16877708211541176,0.0,0.0,0.0
2,11,MEND161,390,AGCAGCCAGATGAATA-1,5415,8465,0.1471159800887108,0.010567553358378319,-0.1370152786374092,0.0,0.0,0.0
2,12,MEND161,2247,TCAACTGCAGAGTCAG-1,9051,8463,0.14674417078495025,0.01262819816356582,-0.15225010830909014,0.0,0.0,0.0
2,13,MEND161,1078,CGCAGTTCTATCTTTC-1,9484,10987,0.1465130552649498,0.012843360016758329,-0.13704205676913261,0.0,0.0,0.0
2,14,MEND161,1250,CTCCCTCCTTTCGATC-1,2870,7835,0.1463085323572159,0.007550324088514773,-0.1953910978510976,0.0,0.0,0.0
2,15,MEND161,802,CATACACAAAGTCAGC-1,1197,8466,0.14611601531505586,0.011156774736783552,-0.25032673925161364,0.0,0.0,0.0
2,16,MEND161,1847,GGTCCACGTCTATTTG-1,3012,10611,0.14604946672916413,0.0069030673190261065,-0.21720388121902942,0.0,0.0,0.0
2,17,MEND161,103,AAGGGACTATGCATTC-1,3087,8971,0.14572913348674774,0.0075644320317286295,-0.27506242897361516,0.0,0.0,0.0
2,18,MEND161,46,AACAGGTAGTATGGAT-1,9416,7580,0.1456914946436882,0.0036170582553432347,-0.21668633297085763,0.0,0.0,0.0
2,19,MEND161,480,AGTATACACAGCGACA-1,4686,9475,0.1455422446131706,0.008459922051125352,-0.18670164458453656,0.0,0.0,0.0
2,20,MEND161,1877,GTAACATCTAAGATAA-1,9196,8463,0.14547648429870605,0.007842431768742192,-0.26031222362071277,0.0,0.0,0.0
2,21,MEND161,629,ATGGCAGCATTACGAT-1,2505,9476,0.145438289642334,0.0066926368345677474,-0.1902816543355584,0.0,0.0,0.0
2,22,MEND161,789,CAGGCGCCATGCTAGG-1,6507,7581,0.14543651640415192,0.006311418602184006,-0.16194580644369125,0.0,0.0,0.0
2,23,MEND161,2603,TTAAGATACCCAGAGA-1,3085,10737,0.14537137746810913,0.006729722889531344,-0.25039504989981654,0.0,0.0,0.0
2,24,MEND161,0,AAACAAGTATCTCCCA-1,8616,7706,0.14537013918161393,0.012532458694643504,-0.20324772745370864,0.0,0.0,0.0
2,25,MEND161,514,AGTTATTCAGACTGTG-1,9339,10987,0.1452847957611084,0.007504144549299769,-0.2958394855260849,0.0,0.0,0.0
2,26,MEND161,244,ACCGTCCACTGGGCCC-1,1560,9350,0.1451946198940277,0.007672727483722753,-0.11682236269116401,0.0,0.0,0.0
2,27,MEND161,2433,TCTTGGTCAATGATAC-1,2649,10738,0.14503676146268846,0.012069629007366717,-0.15780938435345887,0.0,0.0,0.0
2,28,MEND161,2567,TGTACTATCGCTCGTT-1,8030,10988,0.14503583312034607,0.009560714067791364,-0.38935769349336624,0.0,0.0,0.0
2,29,MEND161,205,ACATCGTATGCAATGG-1,7089,7076,0.14502068981528282,0.012105216244233472,-0.24592649638652803,0.0,0.0,0.0
2,30,MEND161,1204,CTACATATCGCGGGAC-1,2068,9981,0.14501193165779114,0.009311308879912862,-0.19500179328024386,0.0,0.0,0.0
2,31,MEND161,564,ATATTCAGTTAAACCT-1,4108,6951,0.1448040559887886,0.010658984883006213,-0.4074093110859394,0.0,0.0,0.0
2,32,MEND161,1402,GAAGTCTCCCTAGCGA-1,7818,6066,0.1447565011680126,0.013706633444746378,-0.33501582965254784,0.0,0.0,0.0
2,33,MEND161,2231,TATTTGATTTGCACAG-1,9778,8211,0.14469166696071625,0.00629883922675482,-0.16681140884757042,0.0,0.0,0.0
2,34,MEND161,1763,GGCCGTTTGGGTTTCA-1,4469,8844,0.14467939585447312,0.008380691343840438,-0.22811436653137207,0.0,0.0,0.0
2,35,MEND161,174,ACAAGTAATTGTAAGG-1,2721,11116,0.14466961473226547,0.006860539214170907,-0.18230485469102858,0.0,0.0,0.0
2,36,MEND161,81,AAGACCAAATAACTCA-1,1632,9224,0.14457628428936004,0.008522910868700379,-0.3660904074087739,0.0,0.0,0.0
2,37,MEND161,257,ACGAGGTTTACAACGT-1,2142,8592,0.14456663727760316,0.011100877886839906,-0.23046550899744034,0.0,0.0,0.0
2,38,MEND161,1933,GTCGAATTTGGGCGCT-1,2431,10107,0.14448422491550444,0.010205069755026984,-0.22941030841320753,0.0,0.0,0.0
2,39,MEND161,702,CAATAAACCTTGGCCC-1,6583,4678,0.144440221786499,0.007863405345573482,-0.35188027247786524,0.0,0.0,0.0
2,40,MEND161,2319,TCCGCTGTCATCCCGG-1,7089,7328,0.14443018287420273,0.009449663980596,-0.22617555689066648,0.0,0.0,0.0
2,41,MEND161,1771,GGCGCATGAATTGATG-1,5126,6698,0.1443410873413086,0.011489173756252928,-0.3580657199025154,0.0,0.0,0.0
2,42,MEND161,1668,GCTATAAGGGCCAGGA-1,9121,10861,0.14416572004556655,0.008669625389878274,-0.22551335245370865,0.0,0.0,0.0
2,43,MEND161,616,ATGCACGCGCTGTTCA-1,1997,8845,0.14412841871380805,0.01283037759648236,-0.17442398369312287,0.0,0.0,0.0
2,44,MEND161,2547,TGGGCAGGCCACCGCA-1,9633,8211,0.144075133651495,0.009468992961321778,-0.15902847182005644,0.0,0.0,0.0
2,45,MEND161,604,ATCTCCCTGCAATCTA-1,6439,3416,0.14404374733567238,0.013154959103008321,-0.17342712953686715,0.0,0.0,0.0
2,46,MEND161,1092,CGCGAAGTGGCATACT-1,8177,9473,0.14400094747543335,0.00822801648731639,-0.23953451812267304,0.0,0.0,0.0
2,47,MEND161,1122,CGGATGAATGCTGTGA-1,2795,10233,0.14399975165724754,0.009931849364225302,-0.2139505550265312,0.0,0.0,0.0
2,48,MEND161,2059,TAACCTAGGGAGTCCA-1,8905,8968,0.14393725395202636,0.011457438654753623,-0.24961514621973038,0.0,0.0,0.0
2,49,MEND161,1009,CCTGCTATTTGAGAAG-1,4838,4679,0.1439342811703682,0.006162981801252788,-0.2572817709296942,0.0,0.0,0.0
2,50,MEND161,2204,TATCCCTCGATCTGCA-1,7302,10988,0.1438884012401104,0.018671739286955452,-0.15597021766006947,0.0,0.0,0.0
2,51,MEND161,1007,CCTGCCCGTTGTCTAG-1,1855,5816,0.1438618302345276,0.005295043396320875,-0.16551091186702252,0.0,0.0,0.0
2,52,MEND161,2349,TCGAGTCTACGATTCG-1,1343,8466,0.14376356899738313,0.01179689595673958,-0.1769429982639849,0.0,0.0,0.0
2,53,MEND161,922,CCCTCATCACAGAGTA-1,3012,11116,0.14372580200433732,0.008934041557456415,-0.27633527368307115,0.0,0.0,0.0
2,54,MEND161,1181,CGTTCAAGGAAACGGA-1,4540,10232,0.14363540560007096,0.00650501250492414,-0.2217284467071295,0.0,0.0,0.0
2,55,MEND161,2332,TCCTGCAGCCGCCAAT-1,6793,11115,0.14361979812383652,0.00897313355834114,-0.3098279401659966,0.0,0.0,0.0
2,56,MEND161,1936,GTCGGATATCTCAGAC-1,3819,5437,0.14349139034748076,0.007784887752172367,-0.29260137900710104,0.0,0.0,0.0
2,57,MEND161,486,AGTCACTAGCTCTCGA-1,8397,8337,0.14346868991851808,0.007348774555549704,-0.23617053534835578,0.0,0.0,0.0
2,58,MEND161,2368,TCGGCAGGGTTAAGGG-1,10067,10230,0.14342117607593535,0.008979540678760289,-0.21285923644900323,0.0,0.0,0.0
2,59,MEND161,2199,TATATATCGAGAAATG-1,3233,8971,0.1434001073241234,0.006987869629000621,-0.2180538708344102,0.0,0.0,0.0
2,60,MEND161,931,CCCTTTAATGGAGTTC-1,9123,9347,0.14338838756084443,0.009637625771321445,-0.2127523807808757,0.0,0.0,0.0
2,61,MEND161,705,CAATGACCCTTAATTT-1,5339,10610,0.14333334416151047,0.0070339598144573134,-0.19413104709237813,0.0,0.0,0.0
2,62,MEND161,768,CAGAGCGATGGATGCT-1,10212,10230,0.14329400807619094,0.00753664876773809,-0.21067507788538933,0.0,0.0,0.0
2,63,MEND161,401,AGCCCGCACTACAATG-1,9266,10609,0.14326437413692475,0.016339617783709202,-0.16687812954187392,0.0,0.0,0.0
2,64,MEND161,1455,GACTAGGCCGTTAGGT-1,6868,9726,0.143234583735466,0.009470580611575675,-0.27896115779876707,0.0,0.0,0.0
2,65,MEND161,861,CCACCTGTATGGAATA-1,10141,9094,0.14323247522115706,0.0076861914200712115,-0.24655111283063888,0.0,0.0,0.0
2,66,MEND161,2023,GTTCGACAATTGTATA-1,3159,10106,0.14322442263364793,0.01297740021463143,-0.25327673498541114,0.0,0.0,0.0
2,67,MEND161,2721,TTGCGGAAAGCTGCCC-1,4248,10989,0.1431545250117779,0.01600081010596553,-0.08931536003947257,0.0,0.0,0.0
2,68,MEND161,417,AGCGTGGTATTCTACT-1,6362,7076,0.14308478236198424,0.009369285580520394,-0.2564233224838972,0.0,0.0,0.0
2,69,MEND161,2593,TGTTCCGGCCTGAGCT-1,5994,10231,0.14307362586259842,0.008453394583174423,-0.22511458918452262,0.0,0.0,0.0
2,70,MEND161,1833,GGGTGTTTCAGCTATG-1,6148,3416,0.14302021414041519,0.007650125325875616,-0.25219342336058614,0.0,0.0,0.0
2,71,MEND161,711,CACAAGCTAAGAAAGG-1,2286,9854,0.14292999133467674,0.012397458845784508,-0.1340259626507759,0.0,0.0,0.0
2,72,MEND161,2026,GTTCGGAGCACTCAAC-1,9486,9473,0.14292768985033036,0.006952019237761893,-0.29215325340628623,0.0,0.0,0.0
2,73,MEND161,2432,TCTTGGTAACACCAAA-1,5929,4048,0.14288569390773773,0.0100082991810052,-0.30184021312743425,0.0,0.0,0.0
2,74,MEND161,2283,TCCAACTCAGCTATCT-1,7813,9852,0.14287229478359223,0.011008385950984884,-0.29780394658446313,0.0,0.0,0.0
2,75,MEND161,223,ACCCGATTGGTTCCGA-1,3740,10106,0.14281150177121163,0.015219400847557494,-0.20987010300159453,0.0,0.0,0.0
2,76,MEND161,1662,GCTAGAGTAGAGATGT-1,8178,8464,0.14277715981006622,0.00851299853154366,-0.3280541514977813,0.0,0.0,0.0
2,77,MEND161,599,ATCGTTAGCTAGCGGA-1,8323,8716,0.14276220351457597,0.00648914862904259,-0.33667610585689545,0.0,0.0,0.0
2,78,MEND161,2532,TGGATGGCATCTTGGA-1,4612,11115,0.14272733330726622,0.007471777393936039,-0.1769392242655158,0.0,0.0,0.0
2,79,MEND161,1547,GATTTGCGCTAACACC-1,4903,10863,0.14270979464054107,0.008713539411234345,-0.2970772318542004,0.0,0.0,0.0
2,80,MEND161,1226,CTATCACAACGCTGGA-1,6866,10736,0.14267197698354722,0.007176176115431292,-0.12781629357486962,0.0,0.0,0.0
2,81,MEND161,1583,GCATTGACTTGCGGAA-1,1489,7709,0.14265498369932175,0.009443273591812426,-0.15265609435737132,0.0,0.0,0.0
2,82,MEND161,1703,GGAAACAGAGCTTGGG-1,3085,10990,0.14265166968107224,0.008120310705300914,-0.17851201593875884,0.0,0.0,0.0
2,83,MEND161,2717,TTGCCTAATCCAAAGT-1,2722,10107,0.14262890815734863,0.005038064489315081,-0.17698965072631836,0.0,0.0,0.0
2,84,MEND161,376,AGATCTCAGGTGTGAT-1,6655,5057,0.14262145683169364,0.010840164250990708,-0.24119626358151436,0.0,0.0,0.0
2,85,MEND161,1450,GACGGGTTGGCCCGTA-1,4905,9096,0.1425940439105034,0.00633194920648772,-0.2867229089140892,0.0,0.0,0.0
2,86,MEND161,1263,CTCGGGTTCTCTGGCC-1,3160,9097,0.14256730526685715,0.012446586670994478,-0.11383605282753706,0.0,0.0,0.0
2,87,MEND161,1307,CTGGCGATTTACATGT-1,8976,10609,0.14256574660539628,0.010937906954000237,-0.19562036730349064,0.0,0.0,0.0
2,88,MEND161,1902,GTAGTTTAAGCACACG-1,2867,10611,0.14256265461444856,0.009154020756372084,-0.1741746036335826,0.0,0.0,0.0
2,89,MEND161,2512,TGCGGAGTAAAGGTGC-1,6293,4174,0.14251574724912644,0.005560523789513358,-0.3523375950753689,0.0,0.0,0.0
2,90,MEND161,1588,GCCAGGAAAGAACACT-1,3740,10359,0.14251478537917137,0.007511405022223149,-0.1463384408503771,0.0,0.0,0.0
2,91,MEND161,2335,TCCTTCAGTGGTCGAA-1,6221,3290,0.14250535070896148,0.010582213593651578,-0.21022403240203857,0.0,0.0,0.0
2,92,MEND161,284,ACGTATTACTCCGATC-1,8253,6571,0.14246596693992614,0.006703927791723902,-0.20581725286319852,0.0,0.0,0.0
2,93,MEND161,2667,TTCGACAGAGCCCGTG-1,6143,7960,0.14243063032627107,0.005112741217376975,-0.22227183505892753,0.0,0.0,0.0
2,94,MEND161,2194,TATACGCGTCATCACT-1,6141,8969,0.14242674112319947,0.006165029854791185,-0.25905797705054284,0.0,0.0,0.0
2,95,MEND161,952,CCGGAAGTGCAATATG-1,8830,10861,0.1424200117588043,0.008016015916360197,-0.2527340417727828,0.0,0.0,0.0
2,96,MEND161,1145,CGGTCCGTCGCAAGCC-1,4905,9348,0.1424042411148548,0.011219793621079416,-0.240367298014462,0.0,0.0,0.0
2,97,MEND161,242,ACCGGGCCTTTGTTGA-1,8325,7202,0.1424029804766178,0.012768323642551918,-0.19043416939675809,0.0,0.0,0.0
2,98,MEND161,557,ATATACGCTCGTGACG-1,9050,9221,0.1424011506140232,0.009160678539962216,-0.2487988306209445,0.0,0.0,0.0
2,99,MEND161,858,CCACATGGCTCTTTAT-1,1561,8340,0.1423810228705406,0.00895882498066632,-0.2464686481282115,0.0,0.0,0.0
2,100,MEND161,59,AACCTCGCTTTAGCCC-1,7159,9221,0.14237276762723922,0.008728143078849941,-0.2202584395185113,0.0,0.0,0.0
2,101,MEND161,2617,TTACGTATCTATGACA-1,9631,9473,0.14237191081047057,0.010655547676337612,-0.22094611264765263,0.0,0.0,0.0
2,102,MEND161,1861,GGTGGGATTAGGTCCC-1,3521,10990,0.1423386052250862,0.007342110267806183,-0.20161297358572483,0.0,0.0,0.0
2,103,MEND161,2656,TTCATGGCGCAACAGG-1,6657,3795,0.14231319725513458,0.00917627033224667,-0.2590397335588932,0.0,0.0,0.0
2,104,MEND161,1603,GCCGACCCACGACTGC-1,3378,9223,0.14228992760181428,0.009882769614454433,-0.2872717859223485,0.0,0.0,0.0
2,105,MEND161,1661,GCTAGACCGTCTACTG-1,8762,6697,0.14224610924720765,0.00624280069108217,-0.32257864344865084,0.0,0.0,0.0
2,106,MEND161,556,ATATACATGTATGGTA-1,1271,7583,0.1422330044209957,0.017349367196697805,-0.21706852912902833,0.0,0.0,0.0
2,107,MEND161,836,CATGTAAGAGACATTT-1,7742,8212,0.1421775221824646,0.010506241611750641,-0.3432618215680122,0.0,0.0,0.0
2,108,MEND161,2350,TCGATTTACGAAACGA-1,6139,10989,0.14216618090867997,0.007345737794322942,-0.2169821672141552,0.0,0.0,0.0
2,109,MEND161,558,ATATAGAGTATTGGTC-1,1996,9350,0.14215003103017806,0.008758341812353305,-0.21882383842021227,0.0,0.0,0.0
2,110,MEND161,2666,TTCGAACGAAACATGC-1,4249,10737,0.14207825511693956,0.007236819083749669,-0.24201773218810557,0.0,0.0,0.0
2,111,MEND161,2075,TAATACTAGAACAGAC-1,6795,10105,0.14204861968755722,0.011040678379673133,-0.23399336747825145,0.0,0.0,0.0
2,112,MEND161,2457,TGAGGCATGTACTGTG-1,1779,8466,0.14203000515699388,0.008360588478761928,-0.29345934744924307,0.0,0.0,0.0
2,113,MEND161,215,ACCAGACCATAACAAC-1,1491,6195,0.14202983528375626,0.009851634701916771,-0.2680281698703766,0.0,0.0,0.0
2,114,MEND161,1532,GATGCCTTCTGCGGCA-1,2215,8718,0.14202586561441422,0.010793975362290925,-0.2756893735378981,0.0,0.0,0.0
2,115,MEND161,1942,GTCGTTATTCGCTTAT-1,6725,7202,0.14200252592563628,0.008020902384088695,-0.3038664635270834,0.0,0.0,0.0
2,116,MEND161,945,CCGCGCAAGATACCCA-1,1414,9350,0.14200232326984405,0.007182048243392228,-0.3806805068627,0.0,0.0,0.0
2,117,MEND161,2362,TCGCTGCCAATGCTGT-1,7013,9979,0.1419924020767212,0.010380110386328835,-0.2627170654013753,0.0,0.0,0.0
2,118,MEND161,1651,GCGTCGTAACATGGTC-1,6721,10736,0.14196876138448716,0.012714379750101387,-0.18469722792506219,0.0,0.0,0.0
2,119,MEND161,1487,GAGGGAGTCAGATCGC-1,4177,9601,0.14196413159370422,0.007719473179223097,-0.20303569342941047,0.0,0.0,0.0
2,120,MEND161,2153,TAGAGTGTTCCGGGTA-1,8539,10861,0.1419623538851738,0.009095407483961107,-0.3148547850549221,0.0,0.0,0.0
2,121,MEND161,241,ACCGCTAGTCATTGGT-1,3521,10737,0.14194660931825637,0.008575366056891907,-0.21262764558196068,0.0,0.0,0.0
2,122,MEND161,1937,GTCGGGAACATGGTAG-1,1491,6447,0.14193864464759826,0.0037289327682101794,-0.18535064868628978,0.0,0.0,0.0
2,123,MEND161,1964,GTGAGGACACTTAAGG-1,6799,6571,0.14192707166075708,0.016244659763601055,-0.2644892266020179,0.0,0.0,0.0
2,124,MEND161,726,CACCAATCATCCGTCT-1,1488,8214,0.14187254011631012,0.006530272045903766,-0.2511293575167656,0.0,0.0,0.0
2,125,MEND161,982,CCTATATTTGTCCTGG-1,4978,9222,0.14186569154262543,0.005489455835891992,-0.2669463839381933,0.0,0.0,0.0
2,126,MEND161,2294,TCCAGGCAGGACGATC-1,5267,10484,0.1418496251106262,0.00821656631185331,-0.3215878657996655,0.0,0.0,0.0
2,127,MEND161,4,AAACAGTGTTCCTGGG-1,4321,10611,0.14183696657419204,0.00729916783124718,-0.11699096169322729,0.0,0.0,0.0
2,128,MEND161,385,AGCACACGTTTAGACT-1,3086,9980,0.14181581810116767,0.013032639758690113,-0.08628057222813368,0.0,0.0,0.0
2,129,MEND161,617,ATGCACTACCGCATTG-1,4474,4805,0.14178030639886857,0.011236399770287007,-0.3149788424372673,0.0,0.0,0.0
2,130,MEND161,2322,TCCGGGCTTGACGGGA-1,8177,9726,0.14177298098802565,0.010668325180479143,-0.3172524764202535,0.0,0.0,0.0
2,131,MEND161,1712,GGAATGCGCTAGCGTG-1,7164,5435,0.1417701691389084,0.007335724287056923,-0.15207291170954704,0.0,0.0,0.0
2,132,MEND161,45,AACAGCTGTGTGGCAA-1,3451,8844,0.1417617030441761,0.010355586752220817,-0.12069661542773247,0.0,0.0,0.0
2,133,MEND161,2272,TCAGCTTGAGCTTTCG-1,1342,9224,0.14176111221313475,0.01017874983076622,-0.2591595113277435,0.0,0.0,0.0
2,134,MEND161,1046,CGACCTACTAGACAAT-1,1199,7204,0.14173394143581391,0.007266257145569923,-0.20678934063762427,0.0,0.0,0.0
2,135,MEND161,1749,GGCAATAGTCAATGAG-1,6292,5183,0.1417310744524002,0.013283876621306494,-0.2612293213605881,0.0,0.0,0.0
2,136,MEND161,998,CCTCTACAAGGATTGG-1,3159,9854,0.14167600870132446,0.010404967363316097,-0.17147203776985406,0.0,0.0,0.0
2,137,MEND161,1898,GTAGTCGCGGGAATCA-1,7089,7581,0.14166242629289627,0.010340206225262752,-0.27617916986346247,0.0,0.0,0.0
2,138,MEND161,1025,CCTTGTGAACGTGGTT-1,4685,10484,0.14162486046552658,0.011570189234879513,-0.2174410967156291,0.0,0.0,0.0
2,139,MEND161,1466,GAGAGGCCTATGTGTA-1,9777,9725,0.1416230946779251,0.00931081107485465,-0.3138065584003925,0.0,0.0,0.0
2,140,MEND161,659,ATTCCCGAAGGTACAG-1,1196,8971,0.14159588590264321,0.011500536859587112,-0.10781354140490293,0.0,0.0,0.0
2,141,MEND161,766,CAGAGACGGTCACCCA-1,5343,7834,0.14158861786127092,0.006254216035146985,-0.23203406315296887,0.0,0.0,0.0
2,142,MEND161,1199,CTAACTGATAATCGCC-1,8614,8716,0.14157725796103476,0.01228860053384987,-0.2810499742627144,0.0,0.0,0.0
2,143,MEND161,2293,TCCAGCGCTATAAGCG-1,9633,7958,0.14156177788972854,0.0073506922662685825,-0.3929160460829735,0.0,0.0,0.0
2,144,MEND161,1798,GGGAGGATGCCCGAAA-1,4909,6067,0.14152892976999282,0.006104001137807007,-0.12890966143459082,0.0,0.0,0.0
2,145,MEND161,2317,TCCGCGGCAGCATCTG-1,7309,5688,0.1415139526128769,0.009948721682552328,-0.3391881674528122,0.0,0.0,0.0
2,146,MEND161,1278,CTCTGGACGCCTGGTG-1,5710,5436,0.14149144515395165,0.010983672478070241,-0.37911347690969704,0.0,0.0,0.0
2,147,MEND161,1769,GGCGCACAGTTTACCT-1,8684,11114,0.1414247140288353,0.011983079593565876,-0.2600701546296477,0.0,0.0,0.0
2,148,MEND161,2636,TTATATACGCTGTCAC-1,6581,6193,0.14141250997781754,0.01150148967449825,-0.10738156922161579,0.0,0.0,0.0
2,149,MEND161,527,ATAACGGAGTCCAACG-1,6656,4552,0.14140945225954055,0.008441087736775675,-0.354065877199173,0.0,0.0,0.0
2,150,MEND161,1342,CTTCACGCCCTGGTAC-1,2722,10359,0.1413576900959015,0.008088621497422668,-0.2043985253199935,0.0,0.0,0.0
2,151,MEND161,2526,TGGAAGGATAAAGATG-1,6148,3921,0.14134764969348906,0.010231219549272237,-0.22096397448331118,0.0,0.0,0.0
2,152,MEND161,1866,GGTTAGCTATATGTCT-1,7525,7328,0.14134033992886544,0.013209959514918943,-0.37661895751953123,0.0,0.0,0.0
2,153,MEND161,2467,TGATCTATCACACTCT-1,7885,10483,0.14132360219955445,0.007951756041359632,-0.3839100793004036,0.0,0.0,0.0
2,154,MEND161,2137,TACTGCATGATTAAAT-1,4903,11115,0.1413046821951866,0.009357675646853204,-0.2655341124162078,0.0,0.0,0.0
2,155,MEND161,1486,GAGGCTATCAAAGTCG-1,3164,5815,0.14129746779799462,0.01613511519987901,-0.3344657087698579,0.0,0.0,0.0
2,156,MEND161,2497,TGCCCGTACCGTTAAA-1,6653,7076,0.1412950985133648,0.011104777871447542,-0.2987790882587433,0.0,0.0,0.0
2,157,MEND161,403,AGCCCGGTAGCCTGTA-1,4760,9096,0.14128567427396774,0.0097955848623973,-0.31470148712396623,0.0,0.0,0.0
2,158,MEND161,1765,GGCCTGCTTCTCCCGA-1,9414,8842,0.14125626534223557,0.006791892742103978,-0.3594604700803757,0.0,0.0,0.0
2,159,MEND161,1525,GATCGTGACTGATATC-1,6436,6193,0.14124483317136766,0.00848112791968945,-0.31240102276206017,0.0,0.0,0.0
2,160,MEND161,1439,GACCGCGTCTGACGTG-1,9343,7706,0.14117069989442826,0.00925753983119217,-0.2064915481954813,0.0,0.0,0.0
2,161,MEND161,758,CACTCTCAAGCATCGA-1,4613,10106,0.14114076942205428,0.006270507878136468,-0.25703876819461585,0.0,0.0,0.0
2,162,MEND161,219,ACCATCGTATATGGTA-1,4254,6698,0.1411322310566902,0.010617693272878703,-0.3002256577834487,0.0,0.0,0.0
2,163,MEND161,631,ATGGGTGTATACCTCC-1,2941,9475,0.14112936854362487,0.0044385085314586304,-0.22533641569316387,0.0,0.0,0.0
2,164,MEND161,1565,GCACGCCGATTCCCGC-1,6721,10484,0.1411011338233948,0.011711133656492703,-0.27692408990114925,0.0,0.0,0.0
2,165,MEND161,56,AACCCTACTGTCAATA-1,8181,6445,0.14107803255319595,0.007414603601311692,-0.2514600917696953,0.0,0.0,0.0
2,166,MEND161,1045,CGACCGTTGGTATTCG-1,3158,10864,0.14107782691717147,0.008208427467786047,-0.1857216026633978,0.0,0.0,0.0
2,167,MEND161,2475,TGCAAACGTACTAGTT-1,4757,11115,0.1410674922168255,0.012829654816786617,-0.2858342416584492,0.0,0.0,0.0
2,168,MEND161,2503,TGCCTGATCAAACGAT-1,6293,3921,0.1410636082291603,0.008301427767628664,-0.21464140098541976,0.0,0.0,0.0
2,169,MEND161,49,AACATTGTGACTCGAG-1,4977,9475,0.1410449907183647,0.007336526404824,-0.23198423087596892,0.0,0.0,0.0
2,170,MEND161,2008,GTTAAGGGTGCGATGT-1,6359,9095,0.14097504168748856,0.010126194982618852,-0.30030339732766154,0.0,0.0,0.0
2,171,MEND161,356,AGACCCACCGCTGATC-1,5925,7581,0.140960131585598,0.004899963907654879,-0.16510887816548347,0.0,0.0,0.0
2,172,MEND161,2024,GTTCGCCATAAGTGCC-1,5054,6067,0.140928153693676,0.007130700658132121,-0.3635768637061119,0.0,0.0,0.0
2,173,MEND161,1952,GTCTCCTGCCAGTATG-1,2142,8845,0.14091797545552254,0.009977698660435779,-0.25897044837474825,0.0,0.0,0.0
2,174,MEND161,2238,TCAAATTGTTGTGCCG-1,6867,9979,0.14090434461832047,0.008094316308109716,-0.335070488601923,0.0,0.0,0.0
2,175,MEND161,2096,TACCCTCGGTAACCCT-1,10431,9599,0.14088823795318603,0.007918086455667796,-0.23836831003427505,0.0,0.0,0.0
2,176,MEND161,249,ACCTCAGCGAGGCGCA-1,8393,11114,0.14085890352725983,0.007933563321166754,-0.30531838089227675,0.0,0.0,0.0
2,177,MEND161,1344,CTTCAGTTGGACAACG-1,7812,10609,0.1407746911048889,0.006510794688206077,-0.35886708199977874,0.0,0.0,0.0
2,178,MEND161,831,CATGGGTATGCCTTAT-1,7160,8464,0.14077332615852356,0.006781215843669817,-0.23360725361853837,0.0,0.0,0.0
2,179,MEND161,1860,GGTGGACTGCTCTGGC-1,7378,8338,0.14077288061380386,0.004374245469006634,-0.3912406019866467,0.0,0.0,0.0
2,180,MEND161,1503,GAGTTCTGTGGGTGCT-1,1415,8845,0.14076940566301346,0.006713813827807406,-0.21582005992531778,0.0,0.0,0.0
2,181,MEND161,231,ACCCTCCCGTCAGGGC-1,8394,10104,0.14076932966709138,0.007810786525325836,-0.28831138405948875,0.0,0.0,0.0
2,182,MEND161,715,CACAGAGACGAGGACG-1,2650,9476,0.14073866382241249,0.008507176347038249,-0.19947708323597907,0.0,0.0,0.0
2,183,MEND161,995,CCTCGGACCGGGATAG-1,7381,6571,0.14071084782481194,0.010662423615632905,-0.3099526777863503,0.0,0.0,0.0
2,184,MEND161,1374,GAAACAGATGACCACC-1,7890,6445,0.14070290252566336,0.010192422419553008,-0.41732817571610215,0.0,0.0,0.0
2,185,MEND161,1569,GCAGATCCATAAGACT-1,7379,7833,0.14069564789533615,0.009320551903098887,-0.33283294215798376,0.0,0.0,0.0
2,186,MEND161,993,CCTCGCCAGCAAATTA-1,6584,3669,0.1406796917319298,0.00613739353022149,-0.2166096856817603,0.0,0.0,0.0
2,187,MEND161,96,AAGCGTCCCTCATCGA-1,3742,8592,0.14067284017801285,0.008148839492769016,-0.31728162951767447,0.0,0.0,0.0
2,188,MEND161,667,ATTGCCTTTATGTTTG-1,7304,9474,0.14064962714910506,0.008073685680100908,-0.30540822446346283,0.0,0.0,0.0
2,189,MEND161,1705,GGAAAGGGAATTGAGC-1,6503,10610,0.14064068123698234,0.011418920540490925,-0.20138192865997553,0.0,0.0,0.0
2,190,MEND161,2344,TCGACATAGCGTAGCG-1,3376,10485,0.1406044401228428,0.01280986824194621,-0.1698504149913788,0.0,0.0,0.0
2,191,MEND161,2451,TGACTCTAACTGGTAA-1,10140,9851,0.14057796448469162,0.007747419180228337,-0.3189044689759612,0.0,0.0,0.0
2,192,MEND161,1496,GAGTATGCGCGTGCAT-1,6359,9348,0.14057789742946625,0.004969428850414885,-0.3018811695277691,0.0,0.0,0.0
2,193,MEND161,2471,TGATTCCCGGTTACCT-1,4832,9475,0.14057231992483138,0.006835983972494554,-0.2633548453450203,0.0,0.0,0.0
2,194,MEND161,1620,GCGAAGCCATACCCGT-1,5637,5310,0.14057076424360276,0.005751722345996082,-0.25228543784469365,0.0,0.0,0.0
2,195,MEND161,561,ATATCTTAGGGCCTTC-1,5636,5815,0.1405486136674881,0.0049370255422820225,-0.344808829203248,0.0,0.0,0.0
2,196,MEND161,286,ACGTGACAAAGTAAGT-1,1489,7962,0.1405152253806591,0.009079253386325016,-0.2533313065767288,0.0,0.0,0.0
2,197,MEND161,2510,TGCGCGATTAACGGAG-1,4183,4805,0.14049067795276643,0.008052060207479485,-0.32531532645225525,0.0,0.0,0.0
2,198,MEND161,2561,TGGTTAACTTACATTT-1,1778,8971,0.1404734142124653,0.014604478973829002,-0.20629783123731613,0.0,0.0,0.0
2,199,MEND161,2439,TGAATGAGTGTTTCCC-1,4832,9727,0.14044344425201416,0.004717204785426008,-0.3122880069538951,0.0,0.0,0.0
2,200,MEND161,1171,CGTGCTTCTACCTAAA-1,3232,9223,0.14037745594978332,0.005417353613016421,-0.2780083889141679,0.0,0.0,0.0
2,201,MEND161,670,ATTGGATTACAGCGTA-1,8615,8211,0.14037427455186843,0.004404107801717316,-0.29573557544499635,0.0,0.0,0.0
2,202,MEND161,1790,GGGAACGGTTTCAGAT-1,3523,9475,0.14033972099423409,0.008935898340785899,-0.25922994688153267,0.0,0.0,0.0
2,203,MEND161,1800,GGGATATTGATCGCCA-1,2867,10864,0.14033825248479842,0.011355328585247034,-0.30101297311484815,0.0,0.0,0.0
2,204,MEND161,2273,TCAGGGTGTAACGTAA-1,6437,4931,0.14033614695072175,0.008234792445160326,-0.2547279939055443,0.0,0.0,0.0
2,205,MEND161,2187,TAGTCCTGCACTAAGC-1,3013,10106,0.14029917865991592,0.00910918807105969,-0.06495283767580987,0.0,0.0,0.0
2,206,MEND161,447,AGGCGGTTTGTCCCGC-1,2433,8845,0.14029419869184495,0.009400200031671354,-0.22599329873919488,0.0,0.0,0.0
2,207,MEND161,816,CATATGTCAGGCTACG-1,2944,7456,0.14027174487709998,0.014047515839112568,-0.2809229351580143,0.0,0.0,0.0
2,208,MEND161,2697,TTGACATGAACGTGGA-1,3526,6951,0.1402261808514595,0.00806082035450577,-0.3232429217547178,0.0,0.0,0.0
2,209,MEND161,1273,CTCTAGCCCTCGGAAA-1,7740,9726,0.1402205526828766,0.007638858382052726,-0.24218070302158595,0.0,0.0,0.0
2,210,MEND161,1019,CCTTCAGTTAAAGTGA-1,4614,9096,0.14020795971155167,0.0055602635691096025,-0.35896421000361445,0.0,0.0,0.0
2,211,MEND161,1076,CGCACGTGCGCTATCA-1,8399,6318,0.14020263105630876,0.010703847920887662,-0.3171234784647822,0.0,0.0,0.0
2,212,MEND161,690,CAACGCGATGAGCCAA-1,3812,10737,0.1402019202709198,0.008278807584127317,-0.19004640132188796,0.0,0.0,0.0
2,213,MEND161,2393,TCTACCCGCATCATTT-1,9412,10861,0.1402011014521122,0.009539014249782598,-0.2633999677374959,0.0,0.0,0.0
2,214,MEND161,2268,TCAGCAAATGCATCTC-1,6510,5309,0.14018232375383377,0.00717977147392236,-0.2798634424805641,0.0,0.0,0.0
2,215,MEND161,777,CAGCCTCCTGCAGAGG-1,6802,4300,0.14018214046955108,0.006784031307326466,-0.3588348992168903,0.0,0.0,0.0
2,216,MEND161,251,ACCTCGAACTTATGCT-1,2287,9602,0.14018011838197708,0.011730178115732796,-0.21132183745503424,0.0,0.0,0.0
2,217,MEND161,517,AGTTGACGGTCCTTGC-1,5777,9601,0.14017010778188704,0.007358373619497562,-0.3713994432240725,0.0,0.0,0.0
2,218,MEND161,2649,TTCACGGTCGTCACGT-1,3158,10359,0.1401493087410927,0.005360934834163256,-0.1832444380968809,0.0,0.0,0.0
2,219,MEND161,724,CACATCTCACCGACGA-1,6651,8591,0.14014571979641915,0.010820606148934146,-0.3220345275476575,0.0,0.0,0.0
2,220,MEND161,805,CATACGAACTAGCTGG-1,3450,9601,0.14012982845306396,0.005573254747301346,-0.2420550599694252,0.0,0.0,0.0
2,221,MEND161,918,CCCTAGCTCTAAGGTC-1,5048,11115,0.1400986909866333,0.011202918498677208,-0.3524710385128856,0.0,0.0,0.0
2,222,MEND161,2082,TACAACAGCGCATACA-1,9266,10861,0.14009466171264648,0.011974939334517369,-0.2318463433533907,0.0,0.0,0.0
2,223,MEND161,1242,CTCACTTGGCTGGTAA-1,3090,6447,0.14009445533156395,0.012075713257590971,-0.3532171040773392,0.0,0.0,0.0
2,224,MEND161,2625,TTAGAGGGATATACAG-1,1198,7709,0.14007586240768433,0.011780816606961184,-0.3390277849510312,0.0,0.0,0.0
2,225,MEND161,2678,TTCTACCTCAATCGGT-1,2868,10106,0.14005449190735816,0.015099078726677154,-0.2910925857722759,0.0,0.0,0.0
2,226,MEND161,2120,TACGGAAGCCAAACCA-1,6504,10105,0.14005160927772523,0.007514359423988695,-0.3050528518855572,0.0,0.0,0.0
2,227,MEND161,1845,GGTCAAGACTACTTCG-1,8833,8085,0.14004416465759278,0.005729141292006762,-0.29794270247220994,0.0,0.0,0.0
2,228,MEND161,291,ACGTTCTGTACAAGTC-1,8104,9600,0.14001691043376924,0.007020579130055217,-0.3234398026019335,0.0,0.0,0.0
2,229,MEND161,1916,GTCATCCCAAACTCAC-1,2866,11116,0.13998668566346167,0.010169198217174777,-0.18330936953425409,0.0,0.0,0.0
2,230,MEND161,1308,CTGGCGCACAGGTCTG-1,7672,6066,0.13997877463698388,0.010088669130895688,-0.2616059983149171,0.0,0.0,0.0
2,231,MEND161,1598,GCCCGTTCACACAATT-1,4030,11116,0.1399710461497307,0.011538956009229025,-0.33587090000510217,0.0,0.0,0.0
2,232,MEND161,1562,GCACAGCACGGGCCGA-1,4249,10485,0.13995124995708466,0.007297785071884412,-0.21766780707985162,0.0,0.0,0.0
2,233,MEND161,2209,TATCTGAGCCGATATT-1,1778,9476,0.13995034396648406,0.009053085325945657,-0.2507782395929098,0.0,0.0,0.0
2,234,MEND161,1358,CTTGCCCAGGCTCTAC-1,5198,7077,0.13994280248880386,0.006361979214176676,-0.31645876690745356,0.0,0.0,0.0
2,235,MEND161,2214,TATGGCCCGGCCTCGC-1,3383,5184,0.139911250770092,0.010392111975990133,-0.2763657957315445,0.0,0.0,0.0
2,236,MEND161,2061,TAAGAGGGACAGGGAC-1,2578,9349,0.1399100035429001,0.00716313933589866,-0.2206593608483672,0.0,0.0,0.0
2,237,MEND161,1806,GGGCACTATTGACCAT-1,1414,9097,0.13988660126924515,0.005020809661420507,-0.18672782201319932,0.0,0.0,0.0
2,238,MEND161,1135,CGGGATCAATGTAAGA-1,5493,4300,0.13988084644079207,0.014346061247620107,-0.31529938206076624,0.0,0.0,0.0
2,239,MEND161,470,AGGTTGAGGCACGCTT-1,6584,4174,0.139874692261219,0.006546587434570892,-0.2725860269740224,0.0,0.0,0.0
2,240,MEND161,2271,TCAGCGCACGCCGTTT-1,7012,10736,0.1398707151412964,0.010613596076187396,-0.2920886930078268,0.0,0.0,0.0
2,241,MEND161,2515,TGCGTTTGTTGACACT-1,6726,6698,0.1398472547531128,0.009006037708870068,-0.38723972886800767,0.0,0.0,0.0
2,242,MEND161,2151,TAGAGGTTCTACTTGT-1,8179,8211,0.13983170986175536,0.007972845004730307,-0.292838691920042,0.0,0.0,0.0
2,243,MEND161,160,AATTGCAGCAATCGAC-1,8613,9473,0.1398286685347557,0.011189916864946038,-0.29668898731470106,0.0,0.0,0.0
2,244,MEND161,475,AGTACAGAAGCTTATA-1,6794,10357,0.1398276299238205,0.0068260226114490756,-0.28056897446513174,0.0,0.0,0.0
2,245,MEND161,737,CACCGTATCCCATCCG-1,8761,7959,0.1398259073495865,0.006618294406814247,-0.2303539752960205,0.0,0.0,0.0
2,246,MEND161,2108,TACGACGCTTGCTGCG-1,5126,7203,0.13982556611299515,0.010459957987633103,-0.2806158736348152,0.0,0.0,0.0
2,247,MEND161,2616,TTACGGATGGTTCGAG-1,7964,5561,0.1398204043507576,0.007175406407135662,-0.29612204153090715,0.0,0.0,0.0
2,248,MEND161,990,CCTCCTAGCTAGAGTC-1,2141,9854,0.1398024320602417,0.010726038533196413,-0.38947718143463134,0.0,0.0,0.0
2,249,MEND161,1959,GTGACCGCACACTACG-1,7817,6318,0.1397955000400543,0.012672248025856387,-0.33595336843281987,0.0,0.0,0.0
2,250,MEND161,799,CATAACGGACAGTCGT-1,8036,5940,0.13979548513889312,0.0032369470510469796,-0.3866161148995161,0.0,0.0,0.0
2,251,MEND161,823,CATGAGTCCATCACGG-1,3594,10863,0.13978248387575148,0.00867994930337262,-0.17509617526084184,0.0,0.0,0.0
2,252,MEND161,1615,GCCTGTCCCGGTGCAT-1,5776,10610,0.13975593447685242,0.00989476950584583,-0.3012827582657337,0.0,0.0,0.0
2,253,MEND161,579,ATCATAGATCGACGAG-1,4394,10737,0.13974717408418655,0.010161777741278659,-0.29482308924198153,0.0,0.0,0.0
2,254,MEND161,1920,GTCATTAGAGCGAACG-1,6072,6067,0.1397264152765274,0.005422098739858846,-0.2583744069561362,0.0,0.0,0.0
2,255,MEND161,1109,CGCTTAGTATTGATAC-1,4977,9727,0.13970992118120193,0.0075377599504781925,-0.2599022762849927,0.0,0.0,0.0
2,256,MEND161,762,CAGAACTTAGCCCTCT-1,7379,8085,0.13970487788319588,0.010006557646896154,-0.1665100585669279,0.0,0.0,0.0
3,1,MEND161,81,AAGACCAAATAACTCA-1,1632,9224,0.09951546029187738,0.08132360858339203,-1.230533480644226,0.2,0.2,0.10624826550483704
3,2,MEND161,1553,GCAACACACTAGAACT-1,2362,7204,0.09660266479477286,0.07584105159912004,-1.1772619340568782,0.1,0.1,0.05305628180503845
3,3,MEND161,743,CACGAAAGTTAGTCCC-1,3310,5563,0.09654787015169859,0.08625269969918722,-1.3365301072597504,0.1,0.1,0.059202533960342404
3,4,MEND161,17,AAACTTAATTGCACGC-1,2069,9476,0.09640891524031758,0.08364935176755556,-1.2028637755662204,0.2,0.2,0.10634273290634155
3,5,MEND161,451,AGGGCCCTAATGTTCT-1,10068,9473,0.09600950330495835,0.07851720862788292,-1.148345661908388,0.1,0.0,0.04878474771976471
3,6,MEND161,1321,CTGTACTTCTTAGCAT-1,4909,6320,0.09568511238321661,0.08153983478054509,-1.3370376322418451,0.1,0.1,0.05191889405250549
3,7,MEND161,1506,GATACGATGGGAGTCA-1,4471,7077,0.09545842604711652,0.0803195406562578,-1.1545180410146714,0.1,0.1,0.057887566089630124
3,8,MEND161,1993,GTGGGAACAAACCGGG-1,4613,10358,0.09464686084538698,0.07689994512262008,-1.2105222411453724,0.2,0.2,0.10259661078453064
3,9,MEND161,1271,CTCTACACTGGCGATT-1,2435,6825,0.0940027859993279,0.0808044325942641,-1.3381060305982828,0.1,0.1,0.05350402593612671
3,10,MEND161,625,ATGGAAATTTAAGGAG-1,1707,8088,0.09278160268440842,0.08158740683480474,-1.2814576238393784,0.2,0.1,0.10390906035900116
3,11,MEND161,200,ACATCCCGGCCATACG-1,5342,8339,0.09244631258770823,0.08129977831478086,-1.319220278225839,0.1,0.0,0.049651148915290835
3,12,MEND161,1757,GGCCAATTGTATAGAC-1,8321,10735,0.09164490876719356,0.0867240145785061,-1.453196857124567,0.2,0.2,0.10633482933044433
3,13,MEND161,923,CCCTCCTCGCTCGTAT-1,8906,7706,0.09145105574280024,0.0770956187141649,-1.2513791806995869,0.1,0.1,0.0510456919670105
3,14,MEND161,1428,GACAGGCACACACTAT-1,2800,6194,0.08985891658812761,0.07663016119754568,-1.2102364301681519,0.1,0.1,0.052331292629241945
3,15,MEND161,985,CCTATGGTCAAAGCTG-1,6140,9979,0.08984763054177165,0.07256547426935096,-1.3005870044231416,0.0,0.0,0.0
3,16,MEND161,104,AAGGGTTAGCCATGCG-1,9993,10861,0.08910116488113999,0.07274221415987973,-1.3100956164300441,0.0,0.0,0.0
3,17,MEND161,723,CACATCGTGCACGCGC-1,3960,8970,0.08870982369408012,0.07720362565462925,-1.357014399766922,0.1,0.1,0.05540519952774048
3,18,MEND161,545,ATAGACGAAGAGAAAG-1,4473,5563,0.08855942413210868,0.07300206650138949,-1.3838035732507705,0.0,0.0,0.0
3,19,MEND161,438,AGGATCACGCGATCTG-1,2362,7456,0.0881890437565744,0.08276524472144042,-1.3844350725412369,0.2,0.1,0.104644513130188
3,20,MEND161,1819,GGGCGTACATTTATAT-1,5129,4426,0.08797450303100049,0.07754015078821562,-1.3312400717288255,0.0,0.0,0.0
3,21,MEND161,1770,GGCGCAGGACATCTTC-1,3164,6068,0.08791618002578616,0.07568483866543048,-1.185345059633255,0.1,0.1,0.05606115460395813
3,22,MEND161,274,ACGGATGGTGCGGATA-1,6942,8590,0.0878712834790349,0.07100362019487379,-1.4328189253807069,0.0,0.0,0.0
3,23,MEND161,2003,GTGTCGTATAGCGTTC-1,6724,8212,0.08786748787388206,0.08607465078511073,-1.3408264130353929,0.1,0.1,0.06284902691841125
3,24,MEND161,1070,CGATTAAATATCTCCT-1,5706,8465,0.08786737332120538,0.07034183355534177,-1.2410391472280025,0.0,0.0,0.0
3,25,MEND161,1857,GGTGATAAGGAGCAGT-1,6945,6066,0.08783708047121763,0.0732898642749083,-1.3786038637161255,0.1,0.0,0.04619577825069428
3,26,MEND161,1028,CGAAACGCAATTCATG-1,3599,6573,0.08769094590097666,0.0658556690922053,-1.3011803895235061,0.0,0.0,0.0
3,27,MEND161,2591,TGTTATTGTATGTGGC-1,7453,6950,0.08748528426513076,0.08926787054968188,-1.438713750243187,0.1,0.1,0.059954941272735596
3,28,MEND161,878,CCATAACCTGTGCAGT-1,1562,7835,0.08733567558228969,0.07507425528096914,-1.3032637037336827,0.1,0.1,0.05275561809539795
3,29,MEND161,2397,TCTAGCATGCCCAGAA-1,5998,7455,0.08714253110811114,0.079159785132236,-1.3143442891538144,0.2,0.1,0.10406711399555206
3,30,MEND161,640,ATGTGAAAGCCTAATG-1,2799,7204,0.08695558197796345,0.06993378532408527,-1.2989835888147354,0.0,0.0,0.0
3,31,MEND161,2057,TAACATACAATGTGGG-1,6290,6193,0.08680233312770724,0.07196581419686382,-1.3634205013513565,0.1,0.0,0.04617640972137451
3,32,MEND161,1510,GATAGTGCGAGTAAGT-1,4395,9980,0.08641807306557894,0.07490919065886714,-1.4742219746112823,0.1,0.0,0.04477570056915283
3,33,MEND161,304,ACTCATGGCAGCCTTC-1,2432,9854,0.08640961016062647,0.07780284713146732,-1.43129203915596,0.2,0.2,0.10068589448928833
3,34,MEND161,2159,TAGCCATTTCAAAGTC-1,7671,6823,0.08633397789672018,0.07860093791430493,-1.3718005076050759,0.1,0.1,0.051588183641433714
3,35,MEND161,643,ATGTTGATTAGAGACT-1,7885,9978,0.08630574215203524,0.06530921010513457,-1.3379829943180084,0.0,0.0,0.0
3,36,MEND161,1203,CTACACTCGCAGATGG-1,8542,8590,0.08621286046691239,0.08442407390089743,-1.4951568454504014,0.1,0.1,0.060205990076065065
3,37,MEND161,1447,GACGCCGTAAAGGCTA-1,5124,8213,0.08620819794014097,0.07348308732352385,-1.4083548724651336,0.0,0.0,0.0
3,38,MEND161,1493,GAGTAGATACTAGTTG-1,5850,9222,0.08616725048050285,0.07954953340795129,-1.3505450293421746,0.2,0.1,0.10455244779586792
3,39,MEND161,518,AGTTGGCAAGGCTAGA-1,8904,9978,0.08607508079148829,0.08805462388760288,-1.5109777987003326,0.1,0.1,0.060961407423019406
3,40,MEND161,2383,TCGTGTATTGGTCACG-1,9706,8085,0.08605487439781427,0.0707366350982057,-1.3848975457251071,0.0,0.0,0.0
3,41,MEND161,2646,TTCAAAGTCTCTAGCC-1,6654,5814,0.08584282025694848,0.07620519963432032,-1.4236598815768957,0.1,0.1,0.05491167902946472
3,42,MEND161,1835,GGTAAACTCTGCGCTG-1,9486,9725,0.08581205303780734,0.08056346195618029,-1.4380722941830755,0.2,0.2,0.1001943051815033
3,43,MEND161,2722,TTGCGGCATCAGAAAG-1,4470,8087,0.08577656149864196,0.0702729237574984,-1.262064460478723,0.1,0.1,0.050581318140029904
3,44,MEND161,1533,GATGCGTCCTGCATTC-1,5345,6067,0.08539325203746558,0.07519085518701905,-1.4525092013180256,0.1,0.1,0.05275179743766785
3,45,MEND161,1928,GTCCGGCTGAATTGCG-1,4983,4931,0.08515533460304141,0.06898940446240051,-1.2587376475334167,0.0,0.0,0.0
3,46,MEND161,1894,GTAGCCAAACATGGGA-1,6288,7707,0.08510392783209682,0.0684459546095092,-1.303729873895645,0.0,0.0,0.0
3,47,MEND161,2437,TGAACAAGCAGGGACT-1,3813,9727,0.08502200860530137,0.06965866256795557,-1.3993679314851761,0.0,0.0,0.0
3,48,MEND161,1052,CGAGAGCTTTCACTAC-1,7595,9474,0.08490636504720897,0.07827372071985883,-1.5088851056993007,0.1,0.1,0.052113062143325804
3,49,MEND161,672,ATTGTCTGTTTCATGT-1,5049,10358,0.08489007111638784,0.07179127988768741,-1.3166655272245407,0.1,0.1,0.05319222807884216
3,50,MEND161,2002,GTGTCAGTGTACGTGG-1,4249,9980,0.08464456163346767,0.07813602054673036,-1.4987671859562397,0.1,0.1,0.053864079713821414
3,51,MEND161,644,ATGTTGTAGTCTGTTT-1,4614,9601,0.08450410016812385,0.07875701536450186,-1.5591206215322018,0.1,0.1,0.057010328769683837
3,52,MEND161,1659,GCTACGACTTATTGGG-1,6217,6824,0.08449316369369626,0.08858880233540221,-1.590816643834114,0.1,0.1,0.06067041754722595
3,53,MEND161,2673,TTCGGGCGCTAGTCTT-1,3888,8339,0.08449170673266053,0.07599685344657187,-1.440789309889078,0.1,0.1,0.05083123445510864
3,54,MEND161,1595,GCCCGCGCGTAAACGG-1,4180,7582,0.08438888085074722,0.07667130981660622,-1.4644261486828327,0.1,0.1,0.053241783380508424
3,55,MEND161,2225,TATTCAATTCTAATCC-1,6582,5688,0.08430332727730275,0.07104000877952187,-1.4453369319438933,0.1,0.1,0.051471602916717527
3,56,MEND161,1888,GTACTAAGATTTGGAG-1,5201,4805,0.08421777812764049,0.06877732880281391,-1.4064831852912902,0.0,0.0,0.0
3,57,MEND161,1191,CGTTTGGTGTTGTGGG-1,9923,9220,0.08414852628484368,0.06831076946518735,-1.237141129374504,0.0,0.0,0.0
3,58,MEND161,806,CATACGGCGTCTGGGC-1,5781,6319,0.08407758893445134,0.06736136086519275,-1.2938044726848603,0.0,0.0,0.0
3,59,MEND161,1255,CTCCTGTTCAAGGCAG-1,9706,8337,0.08402422745712101,0.08007813699616466,-1.4826050462201237,0.2,0.2,0.10582672357559204
3,60,MEND161,2517,TGCTATGGCAAAGGGA-1,3086,10233,0.08370499825105071,0.06631155362250729,-1.1955632369965314,0.0,0.0,0.0
3,61,MEND161,338,ACTTGTGGATGGAACG-1,9052,7959,0.08366227708756924,0.06932938207801137,-1.3546006500720977,0.0,0.0,0.0
3,62,MEND161,224,ACCCGGAAACTCCCAG-1,5924,8591,0.08351619942113757,0.07211506856332185,-1.3875768959522248,0.1,0.1,0.05138790011405945
3,63,MEND161,1999,GTGGTTTCCGCCTTTC-1,3526,6699,0.08348373044282198,0.06669337724790007,-1.5018449187278748,0.0,0.0,0.0
3,64,MEND161,1726,GGAGCACCAAGAACTA-1,7165,4678,0.0833591839298606,0.0713314035223287,-1.3711934439837932,0.1,0.0,0.04783064424991608
3,65,MEND161,2513,TGCGTAAGAACCTGAT-1,4326,6825,0.08304772851988673,0.06704591154995437,-1.3189064621925355,0.0,0.0,0.0
3,66,MEND161,1578,GCATAGAGCACTCAGG-1,5491,6067,0.08299550041556358,0.0769432382261189,-1.5781004279851913,0.1,0.1,0.05597498416900635
3,67,MEND161,2611,TTACAACTACGCATCC-1,4984,4427,0.08298318618908525,0.0765397092344583,-1.4497595578432083,0.1,0.1,0.055571061372756955
3,68,MEND161,682,CAAACGAGTATCGCAG-1,4616,7329,0.08293391447514295,0.0681590188955829,-1.3818116277456283,0.0,0.0,0.0
3,69,MEND161,1045,CGACCGTTGGTATTCG-1,3158,10864,0.08292512125335634,0.08000146637816846,-1.4362567573785783,0.1,0.1,0.056652724742889404
3,70,MEND161,1176,CGTGTCTCGTTACGAC-1,3669,8970,0.082831575977616,0.08525826171359122,-1.5169613480567932,0.1,0.1,0.05989403128623962
3,71,MEND161,1890,GTACTCCCTTATCGCT-1,3236,5942,0.08282324648462236,0.06897704745806653,-1.4585771709680557,0.0,0.0,0.0
3,72,MEND161,1474,GAGATGGGAGTCGACA-1,6434,7960,0.08279194524511695,0.06637068318344544,-1.3859534800052642,0.0,0.0,0.0
3,73,MEND161,603,ATCTCCCACGGAATAT-1,9050,8968,0.08268746407702565,0.07527528266894813,-1.427171677350998,0.1,0.1,0.05449901819229126
3,74,MEND161,698,CAAGGATCGCATGTTC-1,6145,6445,0.08247227850370109,0.0778648374232254,-1.4485137142241,0.0,0.0,0.0
3,75,MEND161,494,AGTCTTCTCCTCAAAT-1,6002,4426,0.08241913174279034,0.0704717329977381,-1.3948958087712526,0.0,0.0,0.0
3,76,MEND161,504,AGTGCACGCTTAAGAA-1,8179,7959,0.08237651819363237,0.07144161346692593,-1.4005933612585069,0.1,0.0,0.04876565933227539
3,77,MEND161,1285,CTGAGAGTAGAAATAC-1,10213,9473,0.08231721590273082,0.07130177456629984,-1.4128188282251357,0.0,0.0,0.0
3,78,MEND161,299,ACTATCTGCCCGCGTA-1,9415,8085,0.08229195061139763,0.0776963293256461,-1.628512129187584,0.1,0.1,0.05581037998199463
3,79,MEND161,49,AACATTGTGACTCGAG-1,4977,9475,0.08226784721482545,0.06967368964601722,-1.3681868672370912,0.1,0.0,0.046380096673965455
3,80,MEND161,1640,GCGGATTACTTGTTCT-1,9194,10735,0.08213875931687653,0.07390240137116184,-1.3908211052417756,0.1,0.1,0.05135582685470581
3,81,MEND161,360,AGACGAAGTGCCGGTC-1,8252,7580,0.08207272617146373,0.0756559835032351,-1.3969785749912262,0.1,0.1,0.05720995664596558
3,82,MEND161,2449,TGACTATAATCCTTTC-1,6144,7203,0.082053666934371,0.0667313345735058,-1.3036180287599564,0.0,0.0,0.0
3,83,MEND161,1876,GTAACAGGTTAACGGC-1,5121,10989,0.08200510125607252,0.06899699723239373,-1.4415065407752992,0.0,0.0,0.0
3,84,MEND161,713,CACACACGCTAACGAG-1,8687,8337,0.08199795414693653,0.07227080656197143,-1.4939562369138002,0.1,0.1,0.053891336917877196
3,85,MEND161,1746,GGCAAATTACTTTACT-1,5054,6572,0.08193931486457587,0.07033203326143751,-1.4718275971710681,0.1,0.0,0.048219898343086244
3,86,MEND161,2070,TAAGTCGCCGAGTATC-1,3524,8213,0.08185411281883717,0.07445857137237447,-1.4232188694179058,0.2,0.0,0.09834516048431396
3,87,MEND161,2126,TACGTTTACCGGCAAT-1,3527,6446,0.0817088452167809,0.07713485106042108,-1.446640717983246,0.1,0.1,0.05415328145027161
3,88,MEND161,2637,TTATATTTGGCAATCC-1,5856,4679,0.08168008727952838,0.07473980951933695,-1.404752901941538,0.1,0.0,0.04923654794692993
3,89,MEND161,1568,GCACTGCCTACCTTTA-1,6141,9727,0.08155860863626004,0.06979787236186248,-1.4268515884876252,0.0,0.0,0.0
3,90,MEND161,2315,TCCGATTACATTGCCG-1,3528,5437,0.08125645089894533,0.07069155506745126,-1.421870756149292,0.1,0.0,0.045328325033187865
3,91,MEND161,378,AGATGCAAGACGTGCA-1,2942,8718,0.0811777014285326,0.06506145218651072,-1.4330579847097398,0.1,0.1,0.05178872942924499
3,92,MEND161,2284,TCCAACTTTAAATTCT-1,4108,6446,0.08112566033378243,0.06896970401393775,-1.376649585366249,0.0,0.0,0.0
3,93,MEND161,133,AATCCCGCTCAGAGCC-1,5266,10989,0.08111948743462563,0.06459863351971683,-1.351598969101906,0.0,0.0,0.0
3,94,MEND161,413,AGCGCATAATGAATCG-1,5197,8591,0.08104300983250141,0.07209843479949356,-1.4577782094478606,0.1,0.0,0.04669309854507446
3,95,MEND161,863,CCACGGCAGGTGTAGG-1,3449,10359,0.08099007443524897,0.07562236140784628,-1.4784124553203584,0.1,0.1,0.05427338480949402
3,96,MEND161,1389,GAACCTTTAACGATCC-1,6941,9348,0.08088749218732119,0.06656744498842491,-1.357024923712015,0.0,0.0,0.0
3,97,MEND161,1406,GAATAGTGCTCGATTA-1,3814,8970,0.08081247271038591,0.07532461303262185,-1.4479186303913594,0.1,0.1,0.050751084089279176
3,98,MEND161,2294,TCCAGGCAGGACGATC-1,5267,10484,0.08078334312886,0.06538206126935005,-1.3993298575282096,0.0,0.0,0.0
3,99,MEND161,1895,GTAGCGGCTATACACT-1,6217,6319,0.08074986822903156,0.06618008636574937,-1.3676490932703018,0.1,0.0,0.04977310299873352
3,100,MEND161,1646,GCGGTCTTGCTTTCAC-1,7158,10483,0.0805385981220752,0.07457985573826746,-1.4725563764572143,0.1,0.1,0.054243719577789305
3,101,MEND161,1716,GGACCAACAGGATAAC-1,6070,7834,0.08041350403800607,0.07060406351064774,-1.4671216297894716,0.1,0.1,0.051791584491729735
3,102,MEND161,2593,TGTTCCGGCCTGAGCT-1,5994,10231,0.0803635200485587,0.06482400264943464,-1.3327335596084595,0.0,0.0,0.0
3,103,MEND161,678,ATTTGTCTTGGGAGCT-1,7308,6445,0.08033089856617152,0.07208329258885565,-1.4725835433229804,0.0,0.0,0.0
3,104,MEND161,1270,CTCTAACACCGGCAGC-1,7448,10988,0.08009325354360045,0.07640570133082678,-1.4656448513269424,0.1,0.1,0.056829696893692015
3,105,MEND161,255,ACGACTGGTCATACTC-1,3668,9475,0.08008370120078326,0.06676051102466174,-1.4040452405810355,0.0,0.0,0.0
3,106,MEND161,945,CCGCGCAAGATACCCA-1,1414,9350,0.08005466386675834,0.0672851739604739,-1.557658501341939,0.1,0.1,0.050054633617401124
3,107,MEND161,48,AACATTGAAGTTGATC-1,2868,9854,0.08004646142944694,0.06815699706773262,-1.2200762145221233,0.0,0.0,0.0
3,108,MEND161,1254,CTCCTCCAGCTCACAC-1,4832,9222,0.08004143270663917,0.0710977615835053,-1.3874892238527536,0.0,0.0,0.0
3,109,MEND161,2684,TTCTGCCGCGCCTAGA-1,6216,7581,0.08001367482356728,0.06969751687481698,-1.4055281929671763,0.0,0.0,0.0
3,110,MEND161,583,ATCCACATCGACAGAA-1,6432,9222,0.07981922086328268,0.06541058117259026,-1.4593518674373627,0.0,0.0,0.0
3,111,MEND161,907,CCCGGCACGTGTCAGG-1,8757,10988,0.07979600038379431,0.06736817507713931,-1.4752567499876021,0.0,0.0,0.0
3,112,MEND161,1214,CTAGCCCGGGAGACGA-1,3884,11116,0.07977341897785664,0.06698653474465799,-1.3851899802684784,0.0,0.0,0.0
3,113,MEND161,2124,TACGTACTAGTGCTGA-1,4250,9223,0.07968611204996705,0.06628935570172015,-1.4196393810212613,0.0,0.0,0.0
3,114,MEND161,1349,CTTCGGCCAATTGTTT-1,9197,7706,0.07955508679151535,0.06530247167318494,-1.445781734585762,0.0,0.0,0.0
3,115,MEND161,2155,TAGATGGTTCCTTACT-1,8251,8842,0.07951435325667262,0.06439083461954044,-1.379218253493309,0.0,0.0,0.0
3,116,MEND161,2556,TGGTCCCACGCTACGG-1,6579,7960,0.07951190858148038,0.06950313815958926,-1.488515344262123,0.1,0.0,0.04790832698345184
3,117,MEND161,22,AAAGGCTCTCGCGCCG-1,5197,8339,0.07948469049297273,0.06898501999102317,-1.5461235731840133,0.0,0.0,0.0
3,118,MEND161,1327,CTGTTCACTGCCTGTG-1,5275,4174,0.07938490458764136,0.07440007038219498,-1.5514327093958855,0.1,0.1,0.05465297102928161
3,119,MEND161,984,CCTATGGGTTACCGTC-1,6219,5057,0.07935274420306086,0.07237808387689881,-1.5274542663246393,0.1,0.1,0.054484838247299196
3,120,MEND161,1082,CGCCAAGAAGCCGAGT-1,2436,6321,0.0792811562307179,0.06584138555696745,-1.3699268043041228,0.0,0.0,0.0
3,121,MEND161,1455,GACTAGGCCGTTAGGT-1,6868,9726,0.07925435523502529,0.06822976236627018,-1.465777850151062,0.0,0.0,0.0
3,122,MEND161,2031,GTTGCACGGAGTTTCG-1,4693,4427,0.07920928127132357,0.0670951407092526,-1.3944291584193707,0.0,0.0,0.0
3,123,MEND161,1258,CTCGAGGTCGAACAGT-1,5492,5057,0.07920063906349242,0.06621390715550769,-1.3917077474296093,0.0,0.0,0.0
3,124,MEND161,1756,GGCATTGAACATCTCA-1,5412,10736,0.07919424809515477,0.07038870683430398,-1.4202909737825393,0.1,0.1,0.051393371820449826
3,125,MEND161,366,AGAGAAGGAGTACAAT-1,3669,8718,0.07902648625895381,0.07164315267986708,-1.4630317293107509,0.1,0.1,0.051450949907302854
3,126,MEND161,500,AGTGAGTCGAATTAAC-1,9122,9852,0.07899854523129761,0.07326797527166193,-1.5464176781475545,0.1,0.1,0.05526179075241089
3,127,MEND161,2239,TCAAATTTGAGACTCA-1,6287,8969,0.07890762849710882,0.06329611631423479,-1.2547962576150895,0.0,0.0,0.0
3,128,MEND161,2333,TCCTGCGTTGATACTC-1,3382,6194,0.07890458572655916,0.07078340485082418,-1.396560537070036,0.1,0.1,0.050618499517440796
3,129,MEND161,1244,CTCAGATTGTGATAAG-1,1563,6826,0.07886790740303695,0.07357844386976684,-1.484094762057066,0.0,0.0,0.0
3,130,MEND161,120,AATAACACTAGAACAA-1,3961,7961,0.07883730286266655,0.07198659046030706,-1.5987591449171306,0.1,0.1,0.0506513237953186
3,131,MEND161,1967,GTGATCAAGCGTGCAC-1,3159,9602,0.07879306101240217,0.0723342673666075,-1.5120741479098796,0.1,0.1,0.05109136700630188
3,132,MEND161,1373,CTTTGTCGAATGCTCC-1,1706,8592,0.07879116791300475,0.07333834499911719,-1.4623506516218185,0.1,0.1,0.05075969696044922
3,133,MEND161,2366,TCGGAGAGTATCGGGA-1,2871,7078,0.07873513456434011,0.06500145577484256,-1.394452878832817,0.0,0.0,0.0
3,134,MEND161,1344,CTTCAGTTGGACAACG-1,7812,10609,0.07873330302536488,0.06313719288247127,-1.448128953576088,0.0,0.0,0.0
3,135,MEND161,2696,TTGACAGGAGCTCCCG-1,8398,7328,0.07869146303273737,0.07054679896016264,-1.5396284729242324,0.0,0.0,0.0
3,136,MEND161,2478,TGCAACTACTGGTTGA-1,7813,10105,0.07867764523252845,0.0678915930220507,-1.55324981585145,0.1,0.1,0.05015632510185242
3,137,MEND161,1394,GAAGCCACTGATTATG-1,6213,9600,0.07864533276297152,0.07050840780929252,-1.4420744344592094,0.0,0.0,0.0
3,138,MEND161,2734,TTGGCTCAATATGTGT-1,9413,9599,0.07864063493907451,0.06932859468231936,-1.461661484837532,0.0,0.0,0.0
3,139,MEND161,820,CATCCTCTCAAAGATC-1,7888,8211,0.0785336121916771,0.07056132228028979,-1.511396688222885,0.1,0.1,0.050469225645065306
3,140,MEND161,1217,CTAGGTTCGGACGTGA-1,6287,8717,0.07846766067668795,0.0694400748584384,-1.415826515108347,0.1,0.0,0.049984398484230044
3,141,MEND161,1366,CTTTAGTGCTATTATT-1,5853,6950,0.07839970868080855,0.077599850222796,-1.5934579350054263,0.1,0.1,0.053184127807617186
3,142,MEND161,1874,GGTTTCAATCGGTCAG-1,7818,5561,0.07838809075765311,0.06849042535771264,-1.5447939775884152,0.1,0.1,0.05082467794418335
3,143,MEND161,1669,GCTATACGTCTCGGAC-1,7597,7959,0.07829463128000498,0.06714497914805526,-1.4205921456217765,0.0,0.0,0.0
3,144,MEND161,2708,TTGATTAGCTGTTTCT-1,3671,7456,0.07828543037176132,0.06571878696216439,-1.4838010139763356,0.1,0.0,0.04978269636631012
3,145,MEND161,392,AGCATATCAATATGCT-1,8106,7833,0.0782360521145165,0.06710141652006749,-1.5705616384744645,0.0,0.0,0.0
3,146,MEND161,124,AATAGAACAGAGTGGC-1,4543,7960,0.07820860287174583,0.06612358175463316,-1.4120520874857903,0.0,0.0,0.0
3,147,MEND161,2748,TTGTGAACCTAATCCG-1,7742,8464,0.07818972510285675,0.0697058194578482,-1.3902492739260197,0.1,0.0,0.04797488451004028
3,148,MEND161,1854,GGTCTTGAGCGCTCTT-1,5923,9600,0.07804966755211354,0.05814724994170693,-1.320954543352127,0.0,0.0,0.0
3,149,MEND161,1495,GAGTATGCCCGCCTTG-1,4325,7582,0.0779773716814816,0.06861048909861778,-1.5372175842523574,0.0,0.0,0.0
3,150,MEND161,647,ATTACATGTCAGTCTT-1,9052,7706,0.07797514204867184,0.06593269835179616,-1.4916958212852478,0.0,0.0,0.0
3,151,MEND161,213,ACCACACGGTTGATGG-1,6939,10862,0.07787212091498077,0.0734541955707737,-1.5733490951359272,0.1,0.1,0.0550249457359314
3,152,MEND161,1399,GAAGGAGTCGAGTGCG-1,5559,9727,0.07777832364663481,0.07156230435777935,-1.5681451834738254,0.1,0.1,0.0520643413066864
3,153,MEND161,220,ACCCAACGCCCGTGGC-1,7455,5183,0.07761521735228598,0.0747771659296698,-1.5198446407914161,0.1,0.1,0.054585760831832884
3,154,MEND161,916,CCCTACCCACACCCAG-1,7739,10736,0.07760986294597387,0.06331399184367412,-1.471149754524231,0.0,0.0,0.0
3,155,MEND161,2384,TCGTGTCACGCTGACA-1,2872,6825,0.07754474142566323,0.06510591468798836,-1.429462256282568,0.0,0.0,0.0
3,156,MEND161,355,AGACCAAACCACACCT-1,1852,7835,0.07750506312586367,0.06500166444216525,-1.558734866976738,0.0,0.0,0.0
3,157,MEND161,630,ATGGGCCTCGGCCTCT-1,7816,7076,0.07750079547986388,0.06660621772801509,-1.5000826835632324,0.0,0.0,0.0
3,158,MEND161,246,ACCTAAGTACCTTTCA-1,3380,7708,0.0773404898121953,0.0700339613520532,-1.4633749198168515,0.1,0.1,0.05411439538002014
3,159,MEND161,1733,GGATCTACCGTTCGTC-1,3448,11116,0.07734046932309865,0.07694650985445575,-1.627895140647888,0.1,0.1,0.05498664975166321
3,160,MEND161,964,CCGTAGGGTTGTTTAC-1,8759,8968,0.07731458181515335,0.06732036309134269,-1.531989973038435,0.1,0.1,0.050359690189361574
3,161,MEND161,2485,TGCAGGATCGGCAAAG-1,6583,4426,0.07730096392333508,0.06493084169043675,-1.4670722588896752,0.1,0.0,0.048769709467887876
3,162,MEND161,2731,TTGGACCTATAACAGT-1,7451,8464,0.07727253632619976,0.06430390614882946,-1.504465565085411,0.0,0.0,0.0
3,163,MEND161,785,CAGGCAGTCTTACCAG-1,7377,9600,0.07724703280255199,0.07687026362024141,-1.5591079115867614,0.1,0.1,0.05625618100166321
3,164,MEND161,1132,CGGGAATATAGTATAC-1,8834,7328,0.07721890471875667,0.06835464760510737,-1.5561449259519577,0.0,0.0,0.0
3,165,MEND161,1325,CTGTGGTCGGGAGATA-1,7669,8338,0.07716129915788769,0.06726424841849629,-1.411999899893999,0.0,0.0,0.0
3,166,MEND161,962,CCGTAAGTTGGTCCCA-1,6800,5562,0.07709230575710535,0.07071973610925172,-1.5005042254924774,0.1,0.1,0.05162022709846496
3,167,MEND161,512,AGTTAAACACTTGCGA-1,4399,6446,0.07708381623961032,0.07533716777401127,-1.6789272544905542,0.1,0.1,0.05653250217437744
3,168,MEND161,51,AACCATAGGGTTGAAC-1,1996,9602,0.07707304852083326,0.06304054200868528,-1.3692656487226487,0.0,0.0,0.0
3,169,MEND161,627,ATGGAGCAGGCCGTGA-1,6000,5941,0.07705799057148396,0.06778078634748841,-1.5670387893915176,0.0,0.0,0.0
3,170,MEND161,2267,TCAGAGGACGCGTTAG-1,7521,10862,0.07701079472899437,0.06559229207601126,-1.4649179488420487,0.0,0.0,0.0
3,171,MEND161,2255,TCACAGCAAACTCGAA-1,4761,7834,0.07701005032286048,0.06521917133433977,-1.4238827910274268,0.0,0.0,0.0
3,172,MEND161,866,CCACTGTTTGGATTAA-1,8905,8716,0.07699252804741263,0.06310888523228635,-1.4167784333229065,0.0,0.0,0.0
3,173,MEND161,175,ACAATAGTCGTACGTT-1,2654,6699,0.07694650203920901,0.06821626369292133,-1.5310247913002968,0.0,0.0,0.0
3,174,MEND161,1425,GACAGAGGTCTTCAGT-1,6066,11115,0.0769234242849052,0.06932598312485534,-1.6316854357719421,0.0,0.0,0.0
3,175,MEND161,1412,GAATTATAGTGAAAGG-1,6146,5688,0.07689611678943038,0.06469667429884382,-1.4417209288105368,0.0,0.0,0.0
3,176,MEND161,2569,TGTAGCCAATTCCGTT-1,7085,10357,0.07683279691264033,0.06736378927553058,-1.486470914632082,0.0,0.0,0.0
3,177,MEND161,2436,TGAAAGGACCTGACTC-1,7236,5814,0.07679373207502067,0.06828190091893924,-1.5644250575453043,0.0,0.0,0.0
3,178,MEND161,2218,TATGTAAAGTGCTTAA-1,4395,9727,0.07674505296163261,0.07167732862615193,-1.6003088437020778,0.1,0.0,0.04891366958618164
3,179,MEND161,1672,GCTCAATCCGTTTATT-1,3743,8087,0.07673908490687609,0.0627789792022829,-1.3878099858760833,0.0,0.0,0.0
3,180,MEND161,1828,GGGTATTCTAGCAAAC-1,2288,8340,0.07660519476048648,0.07095274394759545,-1.5153731528669596,0.1,0.1,0.05112845301628113
3,181,MEND161,1076,CGCACGTGCGCTATCA-1,8399,6318,0.07658675590064376,0.07497006162661159,-1.56680109500885,0.1,0.1,0.05699763298034668
3,182,MEND161,1503,GAGTTCTGTGGGTGCT-1,1415,8845,0.07656261734664441,0.06488852385837966,-1.392256933450699,0.0,0.0,0.0
3,183,MEND161,1356,CTTGCAACCGCCTCCT-1,3017,6825,0.07655924162827432,0.06538301011669141,-1.6406158745288848,0.0,0.0,0.0
3,184,MEND161,1881,GTAAGTAACAGTCTGG-1,7163,6445,0.0765491602011025,0.0667966926331591,-1.5015135852620005,0.1,0.1,0.05273326635360718
3,185,MEND161,1376,GAAACCGAATTACCTT-1,4908,7077,0.07654471974819899,0.06623193124779846,-1.524851913470775,0.0,0.0,0.0
3,186,MEND161,402,AGCCCGGCATTAGAGG-1,3087,9475,0.07653415277600288,0.07507761533869536,-1.5304536283016206,0.1,0.1,0.0561620831489563
3,187,MEND161,249,ACCTCAGCGAGGCGCA-1,8393,11114,0.07653007414191962,0.07406343654974783,-1.5230323024094106,0.1,0.1,0.05553328394889832
3,188,MEND161,731,CACCCTAACAAGATCT-1,7015,8464,0.07652736552990973,0.07769070297038842,-1.6093722723424435,0.1,0.1,0.055777883529663085
3,189,MEND161,514,AGTTATTCAGACTGTG-1,9339,10987,0.07649261730257421,0.06535303059676889,-1.544874721765518,0.1,0.0,0.046914562582969666
3,190,MEND161,1413,GAATTCACCCGGGTGT-1,5198,7329,0.07649006000719964,0.06795698965543814,-1.5918909344822167,0.0,0.0,0.0
3,191,MEND161,595,ATCGCCAGTCAACATT-1,8834,7075,0.07645938931964338,0.06684382539943422,-1.440342453122139,0.1,0.0,0.04655071496963501
3,192,MEND161,1933,GTCGAATTTGGGCGCT-1,2431,10107,0.07644732343032956,0.062412652299497766,-1.392279002070427,0.0,0.0,0.0
3,193,MEND161,377,AGATGACTCGCCCACG-1,5202,4048,0.07643823018297553,0.06171755096796854,-1.4869734615087509,0.0,0.0,0.0
3,194,MEND161,981,CCTATATCGTGTCACG-1,1924,8971,0.07642888410482555,0.06528331843584664,-1.458996189571917,0.1,0.1,0.050230884552001955
3,195,MEND161,2584,TGTGCTTTACGTAAGA-1,2509,5942,0.07642771862447262,0.06841788094745281,-1.5261656478047372,0.1,0.1,0.05056262612342834
3,196,MEND161,467,AGGTGTATCGCCATGA-1,2436,6068,0.07634456870146096,0.06352445150714106,-1.4429804295301438,0.0,0.0,0.0
3,197,MEND161,1118,CGGACGTTACTTGAAG-1,1636,6699,0.07633799300529062,0.060979528515196876,-1.4964379251003266,0.0,0.0,0.0
3,198,MEND161,139,AATCTCTACTGTGGTT-1,1927,6195,0.07629305352456868,0.07421622175218982,-1.5090064138174057,0.1,0.1,0.0528578519821167
3,199,MEND161,2380,TCGTCAAGTACGCGCA-1,3960,8465,0.07625271063297986,0.06594178824778636,-1.5068971075117588,0.1,0.1,0.05028265118598938
3,200,MEND161,1546,GATTGGGAAAGGTTGT-1,7013,9726,0.07622810266911983,0.06384657547534163,-1.4116643458604812,0.0,0.0,0.0
3,201,MEND161,1282,CTCTTGTCCCGCTTGG-1,5415,8212,0.07618888644501567,0.0611018393505566,-1.3860213130712509,0.0,0.0,0.0
3,202,MEND161,2156,TAGATTCAAAGTGCGG-1,4031,10106,0.07616658937186002,0.06413015429032985,-1.5229943364858627,0.0,0.0,0.0
3,203,MEND161,2707,TTGATGCCGCTCGTCG-1,3667,10232,0.07615553000941873,0.061745620318990266,-1.538908189535141,0.0,0.0,0.0
3,204,MEND161,849,CCAACGATGCACTGAT-1,3892,5310,0.07611492513678968,0.06642023200353916,-1.549192976951599,0.0,0.0,0.0
3,205,MEND161,2662,TTCCGCGTGAGGCGAT-1,5853,7203,0.076080780941993,0.062480422856365285,-1.424643114209175,0.0,0.0,0.0
3,206,MEND161,2392,TCTACCCAATAGAGAG-1,8905,8463,0.0760752840898931,0.06774573188241136,-1.563203114271164,0.0,0.0,0.0
3,207,MEND161,1123,CGGATTCTGCCTTATG-1,3303,11116,0.0760714334435761,0.06328549161497964,-1.4824718862771988,0.0,0.0,0.0
3,208,MEND161,649,ATTAGGCGATGCTTTC-1,6363,6067,0.07605531644076109,0.07730198715962575,-1.7500470943748951,0.1,0.1,0.054932451248168944
3,209,MEND161,664,ATTGAAGATCTTAGTG-1,4764,5310,0.07600038382224739,0.07232779807711048,-1.5645704332739114,0.0,0.0,0.0
3,210,MEND161,2205,TATCCGCACCGTCGGG-1,5051,8844,0.07592809179332108,0.06415786770582069,-1.4744977205991745,0.0,0.0,0.0
3,211,MEND161,2185,TAGTCCCGGAGACCAC-1,4686,9727,0.07583141778595745,0.06973736854290485,-1.5010426940396429,0.1,0.1,0.05134192109107971
3,212,MEND161,464,AGGTCGCCTCCCAACA-1,9995,9094,0.07582805575802923,0.061854033901896914,-1.4546381682157516,0.0,0.0,0.0
3,213,MEND161,1049,CGAGACTACTGCTGCT-1,8321,10483,0.07581654009409249,0.07006865127476362,-1.6694256573915482,0.0,0.0,0.0
3,214,MEND161,1228,CTATCGCGTAGAGAAC-1,9778,8716,0.07579685850068926,0.06423127943578505,-1.380529883503914,0.0,0.0,0.0
3,215,MEND161,1864,GGTTACCACCCTCGGG-1,3599,7077,0.07571959160268307,0.062392234421293546,-1.390744212269783,0.0,0.0,0.0
3,216,MEND161,229,ACCCGTGTCATCAGTA-1,5124,8717,0.07568730819039046,0.0650162214319078,-1.482403540611267,0.0,0.0,0.0
3,217,MEND161,2066,TAAGGCCCGTCACCCT-1,6287,9222,0.07561825700104237,0.06589804798210434,-1.4902299806475638,0.1,0.1,0.05087829828262329
3,218,MEND161,1135,CGGGATCAATGTAAGA-1,5493,4300,0.07560122655704618,0.06466164733894934,-1.453202459216118,0.0,0.0,0.0
3,219,MEND161,1723,GGAGACCATCTACATA-1,1780,7709,0.07556225871667266,0.06902031881403116,-1.4274039372801781,0.1,0.1,0.05422824025154114
3,220,MEND161,1738,GGATGCTGGCGTTCCT-1,2581,6321,0.07554019382223487,0.06432059540519687,-1.5857324779033661,0.0,0.0,0.0
3,221,MEND161,1742,GGATTGAAGTAGCCTC-1,8611,10988,0.07553278133273125,0.06990012459847764,-1.5452753327786923,0.1,0.0,0.04982714354991913
3,222,MEND161,608,ATCTGGTTAAGACTGT-1,6729,4678,0.07552460674196482,0.07038154322976649,-1.7076704632490873,0.0,0.0,0.0
3,223,MEND161,1202,CTACAAGAAATAACCC-1,4106,8718,0.07544375732541084,0.06167009224569264,-1.44547081887722,0.0,0.0,0.0
3,224,MEND161,456,AGGGTCTGGACGCAGT-1,9849,10104,0.07543943170458078,0.0611757147230972,-1.389365592598915,0.0,0.0,0.0
3,225,MEND161,1396,GAAGCGTGAGGAATTT-1,5564,5688,0.07542989791836589,0.07175304007904257,-1.510646783746779,0.1,0.0,0.04787666797637939
3,226,MEND161,2147,TAGACGCCCGTACCGG-1,7746,5435,0.07541842730715871,0.06972165217373354,-1.5668867632746697,0.0,0.0,0.0
3,227,MEND161,113,AAGTGCTTCTCTATTG-1,3886,10106,0.07536912276409566,0.06548888406526579,-1.5315525442361833,0.0,0.0,0.0
3,228,MEND161,1829,GGGTCACCGTGACGGT-1,4618,5815,0.07535821502096951,0.06768265935700608,-1.465191962569952,0.0,0.0,0.0
3,229,MEND161,2474,TGATTTATTAGCTGTG-1,3672,6194,0.07535173166543245,0.05912783004760121,-1.5661702096462249,0.0,0.0,0.0
3,230,MEND161,214,ACCACGTGCAGCTATA-1,6725,7455,0.07527992343530059,0.06612141834640524,-1.4091630816459655,0.1,0.0,0.04836876690387726
3,231,MEND161,2482,TGCAGAGTACCGAGCA-1,4545,6194,0.0752762551419437,0.05845788526749565,-1.4130941778421402,0.0,0.0,0.0
3,232,MEND161,1975,GTGCCCGTTCGGATTC-1,7381,6319,0.07518730089068412,0.06579242530117087,-1.5313298203051091,0.1,0.0,0.04813500940799713
3,233,MEND161,1128,CGGCCCAGGTATATCC-1,8835,6823,0.07518333797343076,0.0639890461479421,-1.46819566488266,0.0,0.0,0.0
3,234,MEND161,1309,CTGGCTGATTCATCCT-1,8180,6949,0.07514649650547653,0.06515364066946845,-1.6684848606586455,0.0,0.0,0.0
3,235,MEND161,844,CATTGCGAAATGGGCG-1,2073,5942,0.07512951414100826,0.07249672719466534,-1.5638006240129472,0.1,0.1,0.0538902759552002
3,236,MEND161,1846,GGTCAGTGGGTCCCAC-1,5707,7455,0.07512352308258415,0.0641889846693632,-1.4499026387929916,0.0,0.0,0.0
3,237,MEND161,717,CACAGCTAGGGAGTGA-1,5566,3922,0.0751128263771534,0.058980452301389555,-1.3972175240516662,0.0,0.0,0.0
3,238,MEND161,1160,CGTCCTCATCGCGTGC-1,9267,10356,0.07510102698579431,0.0657372151392532,-1.4333673544228076,0.0,0.0,0.0
3,239,MEND161,1748,GGCAAGGCGAAATAGC-1,6217,7076,0.07509389519691467,0.06443643332297336,-1.549199915677309,0.0,0.0,0.0
3,240,MEND161,2085,TACAAGTCTCGTGCAT-1,3165,5311,0.07508600456640124,0.06097805998047294,-1.3545237123966216,0.0,0.0,0.0
3,241,MEND161,1720,GGACTCGACAGCGCAT-1,4540,9980,0.07506303545087575,0.06462536204591116,-1.5730090767145157,0.0,0.0,0.0
3,242,MEND161,2479,TGCAAGAATGACGTAA-1,5564,5184,0.0750464336015284,0.06217987673996604,-1.364216461777687,0.0,0.0,0.0
3,243,MEND161,525,ATAAATATTAGCAGCT-1,3236,6194,0.07504368461668491,0.06180752163229685,-1.6013541311025619,0.0,0.0,0.0
3,244,MEND161,588,ATCCGGACCAGCCTGA-1,10285,9851,0.07499803006649017,0.06412545881295934,-1.5143975108861922,0.0,0.0,0.0
3,245,MEND161,2710,TTGCACAATTCAGAAA-1,5344,6824,0.07499560164287686,0.06299953034371142,-1.5319964706897735,0.0,0.0,0.0
3,246,MEND161,2465,TGATCAGGGAACTGCT-1,2945,6699,0.07498987140133977,0.06283366076192973,-1.4838353395462036,0.0,0.0,0.0
3,247,MEND161,2484,TGCAGCTACGTACTTC-1,2363,6699,0.07497547129169106,0.06615879840236753,-1.5679225593805313,0.0,0.0,0.0
3,248,MEND161,1776,GGCGGTAGGATCATTG-1,6219,5309,0.07497224183753133,0.062133529928251635,-1.5224730551242829,0.0,0.0,0.0
3,249,MEND161,1442,GACCTTCCACGTCTAC-1,6577,9726,0.07491956241428852,0.060296112392643264,-1.502105325460434,0.0,0.0,0.0
3,250,MEND161,2374,TCGGGCCGTCGTGGTA-1,7599,6445,0.07486943462863564,0.06448973302395541,-1.4805307328701018,0.0,0.0,0.0
3,251,MEND161,1599,GCCCTAAGTGCAGGAT-1,6575,10988,0.07481299312785268,0.06470956441927793,-1.4144741028547287,0.0,0.0,0.0
3,252,MEND161,636,ATGTACGATGACGTCG-1,5850,9727,0.0747937724692747,0.07347905519756154,-1.6278050545603038,0.1,0.1,0.0521842360496521
3,253,MEND161,843,CATTCGTCGTAGCGGT-1,10068,9220,0.07475624377839267,0.05834689301847111,-1.4290874272584915,0.0,0.0,0.0
3,254,MEND161,1660,GCTACTATAGTAGAGT-1,8034,7707,0.07474753390997649,0.06385004652209186,-1.5918120205402375,0.0,0.0,0.0
3,255,MEND161,1859,GGTGCTGGTACACATT-1,4544,6698,0.07474197372794152,0.0687146660671919,-1.522797580808401,0.0,0.0,0.0
3,256,MEND161,1691,GCTGGTTTAGGCCATA-1,2215,8971,0.07471341844648123,0.06723173378988478,-1.5690028458833694,0.0,0.0,0.0
4,1,MEND161,971,CCTAAATTGTATCCTA-1,9488,7958,0.24317968040704727,0.05645368838962731,0.34415561258792876,0.6,0.5,0.3303536713123322
4,2,MEND161,792,CAGTACCAGTTTACGT-1,2507,7456,0.23524932265281678,0.054657707432030536,0.3104254171252251,0.5,0.5,0.2778934359550476
4,3,MEND161,1979,GTGCGGGTCTCCAAAT-1,5275,3922,0.23238298594951629,0.056754973725663495,0.20405135527253151,0.5,0.5,0.2821147620677948
4,4,MEND161,720,CACAGTCCCGCTTCGC-1,9341,8968,0.2315755859017372,0.055523268278710035,0.23968227282166482,0.5,0.5,0.2742050588130951
4,5,MEND161,596,ATCGCCGTGGTTCATG-1,10212,10482,0.2312701553106308,0.05451640599575745,0.20212067496031522,0.5,0.5,0.27100874185562135
4,6,MEND161,1842,GGTAGGCCAATATCAC-1,5121,10737,0.23061058521270753,0.0583125212939246,0.1405838154256344,0.5,0.5,0.27157336473464966
4,7,MEND161,78,AACTGATATTAGGCCT-1,6003,3417,0.22990606129169464,0.05342061947198624,0.315617536008358,0.5,0.4,0.2615664154291153
4,8,MEND161,696,CAAGCACCAAATGCCT-1,6003,3669,0.22915814965963363,0.051164973151932365,0.17194102182984353,0.6,0.5,0.30709135830402373
4,9,MEND161,185,ACACCGGTCTGACCGC-1,2432,9602,0.2283924087882042,0.05932623625655953,0.2659215025603771,0.5,0.5,0.2678502440452576
4,10,MEND161,2345,TCGACTGACGATGGCT-1,9848,10861,0.22770095616579056,0.05596011170632325,0.25866382494568824,0.5,0.5,0.2673351526260376
4,11,MEND161,851,CCAAGACTTCTGCGAA-1,5711,3921,0.22760710418224334,0.05217271879107345,0.13502405807375908,0.6,0.5,0.3072426825761795
4,12,MEND161,237,ACCGATAGGCATAACC-1,9777,8968,0.22683851569890975,0.054723168048512454,0.2559897445142269,0.5,0.5,0.2618169605731964
4,13,MEND161,574,ATCACGTGCTAATTAA-1,3817,7203,0.22638291269540786,0.053570288433796485,0.19483864344656468,0.5,0.5,0.2696656346321106
4,14,MEND161,1337,CTTAGTGTAGTAGCAT-1,7232,9095,0.22608754485845567,0.056347392282082825,0.2471286676824093,0.5,0.4,0.27001382112503053
4,15,MEND161,344,AGAAATTATGACTCGC-1,9560,8085,0.2260201096534729,0.05717012626536924,0.1700431674718857,0.5,0.5,0.2747483730316162
4,16,MEND161,882,CCATGCCCTAGATTTC-1,8324,8464,0.22597016245126725,0.05227221801093715,0.10641735792160034,0.5,0.5,0.2730963408946991
4,17,MEND161,2565,TGTACCTACACGAGGG-1,7814,8843,0.22551013976335527,0.058505705545413365,0.23524573519825936,0.5,0.4,0.2676971048116684
4,18,MEND161,1697,GCTTCCCGTAAGCTCC-1,8103,10862,0.2254664734005928,0.05528138374972202,0.21658894717693328,0.5,0.5,0.27138201594352723
4,19,MEND161,1873,GGTTTAGCCTTTCTTG-1,8616,7202,0.22483668923377992,0.06286405528166224,0.17326848432421685,0.5,0.5,0.27393935322761537
4,20,MEND161,554,ATATAAATGTAGCTGC-1,6579,8212,0.22458726167678833,0.05824924940697689,0.17314046248793602,0.5,0.5,0.2703100621700287
4,21,MEND161,1287,CTGCAAGCACGTTCCG-1,9268,9094,0.2245742306113243,0.05681882594514619,0.18884744942188264,0.5,0.5,0.27289057970047
4,22,MEND161,2480,TGCAATCTAACACGGT-1,7741,9221,0.22447801381349564,0.058405723550101145,0.2169994406402111,0.5,0.3,0.26012551188468935
4,23,MEND161,1492,GAGTAAGGCCACGGGA-1,2216,7456,0.22391712367534639,0.05969224921946426,0.17999441251158715,0.5,0.4,0.2644751012325287
4,24,MEND161,2542,TGGCGATCAAGTTATG-1,5198,7834,0.22383501529693603,0.052753627059810466,0.2575297452509403,0.5,0.5,0.26793429255485535
4,25,MEND161,2681,TTCTCAATTGCTACAA-1,2213,10485,0.22379731982946396,0.05820684835843507,0.16296565011143685,0.5,0.5,0.27642799019813535
4,26,MEND161,2466,TGATCGGTTTGACCCT-1,5128,4931,0.22375991940498352,0.05713199216050636,0.1677869200706482,0.5,0.4,0.26615427136421205
4,27,MEND161,584,ATCCAGAGCAACAACC-1,4980,7708,0.22321756780147553,0.054174743838832,0.10141644477844239,0.5,0.4,0.2645206362009048
4,28,MEND161,2318,TCCGCGGCCCAATGAA-1,8397,8085,0.22320954948663713,0.05497799494425977,0.0937605433166027,0.5,0.5,0.2695238471031189
4,29,MEND161,1869,GGTTCGCATTTGCCGT-1,8684,10861,0.2227344036102295,0.05212508016616958,0.056108155846595766,0.5,0.5,0.26238809823989867
4,30,MEND161,262,ACGCATTCGTGAGTAC-1,5637,5562,0.222523432970047,0.06113837431004575,0.23641770333051682,0.5,0.5,0.27095128893852233
4,31,MEND161,1523,GATCGGATAGAACCAT-1,2145,6573,0.22213621735572814,0.051575537018792736,0.2545246459543705,0.5,0.5,0.26166356801986695
4,32,MEND161,951,CCGCTTACCTCACTCT-1,3744,7330,0.22190088927745819,0.05505552031860721,0.2224667973816395,0.5,0.3,0.2595488280057907
4,33,MEND161,955,CCGGCGTGAGACTCTG-1,1998,7330,0.22175494879484176,0.05276573765651915,0.24381870105862619,0.5,0.4,0.2562383055686951
4,34,MEND161,560,ATATCGTTCCTCGAAC-1,7887,8716,0.22168097048997878,0.05420024877842165,0.18242067471146584,0.5,0.5,0.2621342658996582
4,35,MEND161,1130,CGGCTCTAAAGCTGCA-1,9198,7201,0.2216004475951195,0.0535401989789559,0.13718062341213227,0.5,0.5,0.26917319297790526
4,36,MEND161,626,ATGGACTGCTTAGTTG-1,4030,10863,0.2215498700737953,0.05714175333132989,0.18095448315143586,0.5,0.5,0.26529787182807923
4,37,MEND161,1446,GACGCATACCCGTCGG-1,1632,9476,0.22152923047542572,0.061793558233955916,0.1988636463880539,0.5,0.3,0.26201072335243225
4,38,MEND161,297,ACTACGCGTTAGAATT-1,5269,8970,0.2213032379746437,0.054514276632484794,0.22553099766373635,0.5,0.4,0.26469700038433075
4,39,MEND161,1681,GCTGAATCTTCCAATC-1,2869,8844,0.2211098000407219,0.05384459013803687,0.20758398845791817,0.5,0.5,0.2632423937320709
4,40,MEND161,310,ACTCGCCGTTCGATAA-1,9267,9852,0.22099310755729676,0.05356694558154461,0.16104848980903624,0.5,0.5,0.2665580868721008
4,41,MEND161,653,ATTATTATGTCCGTCA-1,3887,8844,0.22082178741693498,0.05599927188757125,0.06065165400505066,0.5,0.4,0.26636298298835753
4,42,MEND161,1200,CTAACTGGTCCGGTTC-1,3816,7708,0.22081436216831207,0.048464149878428356,0.14588774163275958,0.5,0.5,0.2645711302757263
4,43,MEND161,94,AAGCCGGAGAGCAGGA-1,10286,9094,0.22079169005155563,0.05756304925067298,0.1738620162010193,0.5,0.5,0.27277151346206663
4,44,MEND161,1385,GAACACACATCAACCA-1,4838,4174,0.2206704467535019,0.05286480565473615,0.14757206439971923,0.5,0.5,0.27104244828224183
4,45,MEND161,1897,GTAGCTTCCTCTTGTT-1,7673,5309,0.2205813080072403,0.05754117251951289,0.13467577695846558,0.5,0.5,0.2714255750179291
4,46,MEND161,88,AAGATGGCACCGGACC-1,4033,8844,0.22043711245059966,0.05371498399646171,0.14598590955138208,0.5,0.5,0.2652793645858765
4,47,MEND161,2491,TGCATGTGGTAATCTA-1,7092,5057,0.22039821296930312,0.05518278620054616,0.20622929334640502,0.5,0.4,0.2646283656358719
4,48,MEND161,1092,CGCGAAGTGGCATACT-1,8177,9473,0.220368792116642,0.057648561029111006,0.1524102807044983,0.5,0.5,0.27129541635513305
4,49,MEND161,1647,GCGGTTCCCTATCATG-1,4762,7329,0.22032348066568375,0.0590151408030432,0.11473605036735535,0.5,0.5,0.2654538929462433
4,50,MEND161,302,ACTCAAGTGCAAGGCT-1,7450,8969,0.22029913812875748,0.05102296406027525,0.16176085472106932,0.5,0.5,0.26232454776763914
4,51,MEND161,1291,CTGCAGGGTGACGCTC-1,9775,10987,0.22022581696510315,0.06232696376779893,0.18294791579246522,0.5,0.4,0.2647462457418442
4,52,MEND161,805,CATACGAACTAGCTGG-1,3450,9601,0.2201976552605629,0.058022072390261796,0.17504916936159134,0.5,0.5,0.2649825751781464
4,53,MEND161,2753,TTGTGGTAGGAGGGAT-1,3234,7708,0.22008644491434098,0.05622371469273424,0.1595732480287552,0.5,0.4,0.2658668041229248
4,54,MEND161,829,CATGCGTTGAGAGGAG-1,4540,10484,0.21998746395111085,0.057350341648695354,0.17082252204418183,0.5,0.5,0.2598338842391968
4,55,MEND161,766,CAGAGACGGTCACCCA-1,5343,7834,0.21993111371994017,0.061601839581534645,0.1687384605407715,0.5,0.3,0.26205982863903043
4,56,MEND161,2543,TGGCTACACTCTACCT-1,8468,9473,0.21975016742944717,0.05841516292598424,0.1012409508228302,0.5,0.4,0.2648045659065247
4,57,MEND161,492,AGTCGTGGGCATTACG-1,3307,7835,0.219652895629406,0.054247433465561136,0.0948885053396225,0.5,0.4,0.26016280949115755
4,58,MEND161,327,ACTTATACTTACCCGG-1,7745,5940,0.21958684027194977,0.054568251152163565,0.20130299776792526,0.5,0.4,0.26395500004291533
4,59,MEND161,1277,CTCTGCAGGCATTCTT-1,2867,10359,0.2194501891732216,0.058947706821105235,0.19706673324108123,0.5,0.5,0.27266626358032225
4,60,MEND161,1580,GCATGACACAAAGGAA-1,10357,10482,0.21933141946792603,0.053747923243118584,0.2912582762539387,0.5,0.5,0.265637081861496
4,61,MEND161,466,AGGTGGTGACCTTCGC-1,5268,9475,0.21927061378955842,0.058897252124098985,0.20786637365818023,0.5,0.5,0.2630676329135895
4,62,MEND161,729,CACCCGCGTTTGACAC-1,9703,10609,0.21905361562967302,0.05710176001310085,0.07594111263751983,0.5,0.4,0.2643278628587723
4,63,MEND161,2583,TGTGCCGGTGCCGGAA-1,8251,8085,0.219051094353199,0.05087645675547712,0.12733522728085517,0.5,0.5,0.26423911452293397
4,64,MEND161,1713,GGACAACCATGAAGCC-1,8612,10230,0.21897664666175842,0.05373534947623492,0.20920600593090058,0.5,0.3,0.2613996684551239
4,65,MEND161,2372,TCGGGAGACAGCGTAC-1,6360,8843,0.21888049840927123,0.05194265404419189,0.18156184032559394,0.5,0.5,0.266406774520874
4,66,MEND161,850,CCAAGAAAGTGGGCGA-1,4979,7960,0.218695704638958,0.05616174515261373,0.23271645680069925,0.5,0.4,0.2571920931339264
4,67,MEND161,281,ACGTACTTTGGCACGG-1,3522,10232,0.21867862045764924,0.05911537830758347,0.2511430650949478,0.5,0.4,0.2621076345443726
4,68,MEND161,2616,TTACGGATGGTTCGAG-1,7964,5561,0.21861928403377534,0.051749518229899115,0.12343643829226494,0.5,0.5,0.2707852005958557
4,69,MEND161,1427,GACAGCCAGACCTGAC-1,7453,6697,0.21851526200771332,0.04785566705508455,-0.007617052644491196,0.5,0.5,0.26556105613708497
4,70,MEND161,1973,GTGCACGAAAGTGACT-1,6366,3543,0.21845224797725676,0.055721659588477856,0.21694915890693664,0.5,0.4,0.25873989760875704
4,71,MEND161,1111,CGCTTGGACGGATAGA-1,9704,9347,0.21840018033981323,0.0579631441623991,0.07888449728488922,0.5,0.5,0.2621987581253052
4,72,MEND161,2653,TTCAGCTGGCGTGCCC-1,8106,8338,0.21838067919015886,0.05216960094386387,0.08803239762783051,0.5,0.4,0.2629524827003479
4,73,MEND161,2751,TTGTGCAGCCACGTCA-1,6578,8969,0.2183632269501686,0.05246566869858294,0.3160763055086136,0.5,0.5,0.263461697101593
4,74,MEND161,2088,TACAGAAACGGTGGGC-1,7378,8843,0.21834569275379181,0.05203632092155137,0.26280619725584986,0.5,0.4,0.26055868268013
4,75,MEND161,1320,CTGGTTTCGAGCAAGA-1,7598,7202,0.2182332992553711,0.05412653004503354,0.1290752112865448,0.5,0.4,0.26525052189826964
4,76,MEND161,1554,GCAACCACGGCCGCGT-1,3308,6825,0.21822125166654588,0.0473277622613985,0.09661543965339661,0.5,0.4,0.2602339446544647
4,77,MEND161,2601,TTAACTGATCGTTTGG-1,10431,10104,0.21819064468145372,0.05564068344091344,0.08785769045352936,0.5,0.5,0.26867841482162474
4,78,MEND161,125,AATAGAATCTGTTTCA-1,7452,7454,0.2180393800139427,0.05510379240624117,0.1201715737581253,0.5,0.5,0.2655628263950348
4,79,MEND161,1501,GAGTGTCAACCAGAAA-1,7232,9348,0.21802349686622619,0.05514017845172203,0.14424703121185303,0.5,0.3,0.261347097158432
4,80,MEND161,2586,TGTGGCGGGCTTCTGG-1,5486,9601,0.2180143654346466,0.056255750595209486,0.22110961973667145,0.5,0.5,0.2701677143573761
4,81,MEND161,838,CATGTGGGCTCATCAC-1,7739,10988,0.21800844073295594,0.05834580580154787,0.1469620630145073,0.5,0.3,0.2615744471549988
4,82,MEND161,613,ATGACTATCAGCTGTG-1,4323,9349,0.21799841076135634,0.05415356009742112,0.10056151747703553,0.5,0.4,0.25831476151943206
4,83,MEND161,2550,TGGGCGATACAATAAG-1,5704,9979,0.21798066943883895,0.05972597879736124,0.04030213057994843,0.5,0.4,0.27077996134758
4,84,MEND161,2378,TCGTACCGACGTCAAG-1,5268,9979,0.2178434506058693,0.05963892985390997,0.16394316554069518,0.5,0.5,0.26283676624298097
4,85,MEND161,652,ATTATGCCATAGGGAG-1,5057,4048,0.21770731657743453,0.05576089196231921,0.11503694951534271,0.5,0.4,0.2694929450750351
4,86,MEND161,1444,GACGAGGCTAATAAAC-1,8469,8464,0.21744594424962999,0.05128773743498417,-0.020310080051422118,0.5,0.5,0.264452862739563
4,87,MEND161,4,AAACAGTGTTCCTGGG-1,4321,10611,0.21744507551193237,0.05641637513086246,0.2772041045129299,0.5,0.4,0.26320349276065824
4,88,MEND161,1851,GGTCTCCGTCCAGGTT-1,8541,9347,0.21731655895709992,0.05680194228204407,0.21271987520158292,0.5,0.4,0.2566728800535202
4,89,MEND161,159,AATTGAACGCTCTGGT-1,7235,7076,0.21721896082162856,0.05355726019621881,0.06858574450016022,0.5,0.3,0.26076085269451144
4,90,MEND161,2118,TACGCTGCACGGTCGT-1,9702,10861,0.21720824241638184,0.05440981336364855,0.2715754687786102,0.5,0.5,0.2679003059864044
4,91,MEND161,2475,TGCAAACGTACTAGTT-1,4757,11115,0.2171954557299614,0.058196170995484534,0.11308448910713195,0.5,0.5,0.2679570734500885
4,92,MEND161,2166,TAGCTCACTGTGTTTG-1,9994,10356,0.2171091467142105,0.050132224719207155,0.19979462027549744,0.5,0.4,0.2600580185651779
4,93,MEND161,1729,GGAGGGTCAAGTAAGA-1,9486,9220,0.21700956523418427,0.05583811136339512,0.12223106026649475,0.5,0.5,0.26691062450408937
4,94,MEND161,290,ACGTTCGTTCAGGAAA-1,4396,8970,0.21695263385772706,0.05396905267582252,0.17852720916271209,0.5,0.5,0.26118324398994447
4,95,MEND161,145,AATGTATGGCACTGTA-1,1850,9602,0.21694285273551941,0.05885419047251558,0.17146520018577577,0.5,0.5,0.26600037813186644
4,96,MEND161,1605,GCCGCATTAGTCCGGC-1,2437,5816,0.2168685019016266,0.05178345758715138,0.17813371419906615,0.5,0.5,0.26823812127113345
4,97,MEND161,2607,TTAAGTATTGTTATCC-1,7741,9474,0.21685439497232437,0.053758327670809514,0.1742413565516472,0.5,0.4,0.2648834139108658
4,98,MEND161,821,CATCGGACGGGTTAAT-1,5417,6698,0.21653218418359757,0.05779420325237641,0.2092583179473877,0.5,0.4,0.2574024349451065
4,99,MEND161,226,ACCCGGATGACGCATC-1,8472,6192,0.2164954736828804,0.0554313369820107,0.07211955189704895,0.5,0.3,0.26491276621818544
4,100,MEND161,612,ATGACGCGTTCTATCC-1,3379,7961,0.21645878553390502,0.05686349999639267,0.10518086403608322,0.5,0.4,0.2677533060312271
4,101,MEND161,122,AATACCGGAGGGCTGT-1,3886,9854,0.2164038062095642,0.05765885539315615,0.07193891704082489,0.5,0.3,0.2577598363161087
4,102,MEND161,1143,CGGTATGGGCACTCTG-1,6794,10862,0.21636959463357924,0.0585699520885399,0.08752373456954957,0.5,0.5,0.26466246247291564
4,103,MEND161,2177,TAGGTGAGCCCTACTC-1,3601,5058,0.21635586470365525,0.05659855474876887,0.20929683446884156,0.5,0.4,0.25849626660346986
4,104,MEND161,1172,CGTGGCCGAATATCTA-1,8543,7328,0.21622613668441773,0.04965071291074669,0.05318555235862732,0.5,0.5,0.260776549577713
4,105,MEND161,1072,CGATTTGTCATTAATG-1,3012,10864,0.21612196713685988,0.059284127629565454,0.12745798081159593,0.5,0.4,0.2665595293045044
4,106,MEND161,1236,CTATTTGCTTGGAGGA-1,5849,10232,0.21612154990434645,0.05824020301481445,0.29001112580299376,0.5,0.5,0.26273850798606874
4,107,MEND161,961,CCGGTTTGTAATTGTG-1,4251,8465,0.21611367613077165,0.05132499823309589,0.11892691850662232,0.5,0.5,0.2616064965724945
4,108,MEND161,2082,TACAACAGCGCATACA-1,9266,10861,0.2160734310746193,0.0589373110200065,0.16681647375226022,0.5,0.4,0.2678237289190292
4,109,MEND161,1561,GCACACAGCTATTACC-1,6285,10484,0.21602824330329895,0.0612506625107428,0.14037836566567422,0.5,0.5,0.26633952260017396
4,110,MEND161,2382,TCGTGTACTATGGATG-1,6798,7328,0.21602362096309663,0.05925560437969456,0.17235337644815446,0.5,0.4,0.2598024785518646
4,111,MEND161,97,AAGCTAGATCGAGTAA-1,6143,7707,0.21594634503126145,0.05630102229519941,0.011005645990371704,0.5,0.4,0.2629832327365875
4,112,MEND161,10,AAACGAAGATGGAGTA-1,1488,8719,0.21588415205478667,0.05564517992830815,0.19829304814338683,0.5,0.3,0.2550938934087753
4,113,MEND161,267,ACGCGAAGTCAGACGA-1,5489,7581,0.21586789339780807,0.056106989672998514,0.023202809691429137,0.5,0.4,0.2620918571949005
4,114,MEND161,323,ACTGTAGCACTTTGGA-1,4038,4806,0.21583436876535417,0.05133782985729535,0.07316693365573883,0.5,0.5,0.26496137380599977
4,115,MEND161,260,ACGCAAACTAATAGAT-1,4614,9349,0.21580647081136703,0.05813673854461216,0.04476592317223549,0.5,0.4,0.26466613709926606
4,116,MEND161,1927,GTCCGGACCTGAAATT-1,7597,8212,0.21566467136144638,0.057249824404819384,0.11214122772216797,0.5,0.5,0.2636171758174896
4,117,MEND161,1763,GGCCGTTTGGGTTTCA-1,4469,8844,0.21564719676971436,0.05370685692528073,0.14089421927928925,0.5,0.5,0.2631789267063141
4,118,MEND161,1914,GTCAACCAGGCCTATA-1,8686,9599,0.21562016010284424,0.05127473787096575,-0.030806371569633485,0.5,0.4,0.261664354801178
4,119,MEND161,1371,CTTTGGCTTTAGTAAA-1,4110,5436,0.21560438275337218,0.05076567185705542,0.027461336553096773,0.5,0.5,0.2614080011844635
4,120,MEND161,2098,TACCGGCTCACTGCCC-1,5925,7329,0.2155704066157341,0.05321231706802548,0.15851528942584991,0.5,0.4,0.26355914771556854
4,121,MEND161,1908,GTATCTCGGGCGCTTT-1,2576,10359,0.21552460938692092,0.06154269044098328,0.12713423669338225,0.5,0.4,0.2637801915407181
4,122,MEND161,2306,TCCCGTGTGCAATTTG-1,7017,6950,0.2155127391219139,0.05867775918125892,0.1516154259443283,0.5,0.5,0.2625910997390747
4,123,MEND161,1190,CGTTTCGGTTATATGC-1,9630,10735,0.21544931530952455,0.05163784986471901,0.21829359829425812,0.5,0.4,0.2617660999298096
4,124,MEND161,692,CAACTGCTCATCCGAT-1,5196,8844,0.21540677398443223,0.056229920458404026,0.21366626024246216,0.5,0.5,0.26308333277702334
4,125,MEND161,1044,CGACCCTTAACGCCGG-1,2071,7457,0.21539184004068374,0.052069958122040114,0.0856858879327774,0.4,0.4,0.21306400895118713
4,126,MEND161,313,ACTCTCTGACTTAGGT-1,6872,6697,0.21534233838319777,0.05752825936281532,0.22838685810565948,0.5,0.4,0.26188220381736754
4,127,MEND161,837,CATGTCTCATTTATGG-1,7379,7581,0.21523692905902864,0.05688504567327222,0.11693397462368012,0.5,0.4,0.2585728406906128
4,128,MEND161,2072,TAAGTGAATAGTCTAC-1,2940,10485,0.2151686206459999,0.056453403821105384,0.30274796932935716,0.5,0.3,0.2537259668111801
4,129,MEND161,1286,CTGATCCCTTTATGCA-1,3304,10359,0.21514005810022355,0.05685238834246036,0.1930795840919018,0.5,0.2,0.25223239660263064
4,130,MEND161,2170,TAGGATCTTAACCGCA-1,6284,10989,0.2151115655899048,0.05498427214545725,0.2051090568304062,0.5,0.4,0.2538298428058624
4,131,MEND161,979,CCTATAATGAGTGCCC-1,7088,8338,0.21497832387685775,0.053739887757921836,0.15240176320075988,0.5,0.3,0.2563621997833252
4,132,MEND161,833,CATGGTATTAGTTTGT-1,1706,8845,0.21496895253658294,0.057642568686299404,0.20418058820068835,0.5,0.4,0.2520835161209106
4,133,MEND161,500,AGTGAGTCGAATTAAC-1,9122,9852,0.21496113389730453,0.05933672089239618,-0.05397525057196617,0.4,0.4,0.2166706919670105
4,134,MEND161,1977,GTGCCTGAGACCAAAC-1,7667,10105,0.21494849771261215,0.05460946702230264,0.23984559401869773,0.5,0.5,0.2623074471950531
4,135,MEND161,884,CCATGGCAAACGCTCA-1,4103,10737,0.21492333114147186,0.056468295562406366,0.24519380033016205,0.5,0.4,0.25964708924293517
4,136,MEND161,1016,CCTGTTCAACCTCGGG-1,4903,10358,0.2149149626493454,0.05605011318334216,0.20268681235611438,0.5,0.1,0.24612981379032134
4,137,MEND161,1306,CTGGCATCCGAATGAG-1,3089,7456,0.21487701833248138,0.04849291265511615,0.23207927495241165,0.5,0.5,0.2589858114719391
4,138,MEND161,1308,CTGGCGCACAGGTCTG-1,7672,6066,0.2148210436105728,0.05694544658622262,0.13378313183784485,0.5,0.4,0.25737591087818146
4,139,MEND161,655,ATTCAACCATTTAAGG-1,8469,8716,0.21474932879209518,0.05628353777241163,0.21182446479797362,0.5,0.5,0.2566218912601471
4,140,MEND161,1116,CGGACCTCTGTAGTTA-1,4975,10989,0.2146914228796959,0.05696733997290569,0.19534385502338408,0.5,0.5,0.2585655748844147
4,141,MEND161,2459,TGAGTAAATTAGCGTA-1,5344,7329,0.21466774940490724,0.04746252140403539,0.11104366779327393,0.5,0.4,0.2562815099954605
4,142,MEND161,1404,GAAGTTTCCACTCAAT-1,4545,5941,0.21466371268033982,0.052273789547024434,0.08959162533283234,0.5,0.5,0.2632233738899231
4,143,MEND161,409,AGCGACCAACGATATT-1,5202,4553,0.21463185399770737,0.05382585979482013,0.10011140108108521,0.5,0.4,0.2589919090270996
4,144,MEND161,484,AGTCAACACCACCATC-1,4617,6572,0.2145579993724823,0.05034152670039162,0.06771738231182098,0.5,0.4,0.2628077566623688
4,145,MEND161,252,ACCTGCGTGTCATGTT-1,2508,7204,0.2145080089569092,0.05246177342976052,0.10718868672847748,0.5,0.3,0.25472602248191833
4,146,MEND161,1387,GAACCCTCTGTGTTCT-1,6069,8843,0.21449423730373382,0.056458729763790995,0.2394098162651062,0.5,0.5,0.2609843611717224
4,147,MEND161,687,CAACCAGTGGCCTACC-1,9559,9094,0.21449293643236161,0.057327149340739326,0.11831019818782806,0.5,0.4,0.2666882902383804
4,148,MEND161,1155,CGTACCTGATAGGCCT-1,6147,4174,0.21446456462144853,0.0573452449141359,0.10549518391489983,0.5,0.4,0.2599214404821396
4,149,MEND161,1256,CTCGAGACATACGATA-1,1706,8340,0.21445364356040955,0.061839855156659594,0.1417864128947258,0.4,0.4,0.21622374653816223
4,150,MEND161,1868,GGTTCCGTACGACTAA-1,4175,11116,0.21429264396429062,0.06348094871266552,0.17893685549497604,0.5,0.4,0.2610154300928116
4,151,MEND161,1099,CGCGGGAATTAGGCAG-1,7019,4931,0.21428161561489106,0.05401061806478072,0.09350136816501617,0.5,0.3,0.2514890760183334
4,152,MEND161,810,CATAGCGTTGCCCACC-1,4252,8213,0.2142806902527809,0.051981611824010676,0.09440015256404877,0.4,0.3,0.20773048102855682
4,153,MEND161,1375,GAAACATAGGAAACAG-1,2651,8971,0.21417680978775025,0.053978273935361455,0.1173296958208084,0.5,0.4,0.2572461634874344
4,154,MEND161,1,AAACACCAATAACTGC-1,2578,8845,0.21416693478822707,0.05178151563532343,0.18807851672172546,0.5,0.3,0.2522747665643692
4,155,MEND161,2582,TGTGCCAGAGGCAAAG-1,1197,8214,0.214117693901062,0.058403841412525394,0.09397087693214416,0.5,0.4,0.26295002102851867
4,156,MEND161,2094,TACCAGAAGTAGGTTC-1,4907,7582,0.21411563605070114,0.05424556928993219,0.11870630979537963,0.5,0.4,0.2572180598974228
4,157,MEND161,796,CAGTGTTAATCTCTCA-1,2358,10233,0.21404921859502793,0.05903108525157764,0.19421167224645614,0.5,0.5,0.26483126878738406
4,158,MEND161,2030,GTTGAGTCCCGCCGGT-1,6870,7959,0.21403662115335464,0.05525142664428822,0.19923021495342255,0.5,0.3,0.25540622174739835
4,159,MEND161,1611,GCCTCAGGTACCGGTC-1,2648,10990,0.21402550339698792,0.0564253122106475,0.15664070546627046,0.5,0.4,0.25799066126346587
4,160,MEND161,2524,TGCTTCCCAAGCAGTA-1,5996,9222,0.21400560438632965,0.05361664063318289,0.1454272210597992,0.5,0.5,0.2641634166240692
4,161,MEND161,2331,TCCTCGGGCTGGGCTT-1,6726,6445,0.21393734216690063,0.05714200044384501,0.13699316680431367,0.5,0.4,0.25681017637252807
4,162,MEND161,898,CCCAGTAAACTTGGGA-1,2070,7961,0.2139233320951462,0.05319152291100505,0.07887561917304993,0.4,0.4,0.2089967906475067
4,163,MEND161,2711,TTGCACGGAGCAGCAC-1,5493,4048,0.21391884684562684,0.051535363763852086,0.12421962022781372,0.5,0.5,0.2588992536067963
4,164,MEND161,954,CCGGCCGCGAGCATAT-1,1342,8719,0.21383573561906816,0.05802351812874363,0.12965463399887084,0.5,0.4,0.256211456656456
4,165,MEND161,2178,TAGGTGCTCGCCTAGC-1,7454,6445,0.21371164321899414,0.05802948183538796,0.1703023187816143,0.5,0.3,0.25812625885009766
4,166,MEND161,2241,TCAACATAGCGCCCTA-1,4396,8718,0.2136981949210167,0.049668682575603904,0.11179202273488045,0.5,0.4,0.26281598806381223
4,167,MEND161,2388,TCGTTTACGCGACCCT-1,8031,10231,0.21362255811691283,0.051981931798502336,0.10903838649392128,0.5,0.4,0.25599460303783417
4,168,MEND161,210,ACCAAGTCATCGGCAG-1,8903,10230,0.21359705328941345,0.05926358499688602,0.06243227869272232,0.5,0.4,0.26164214313030243
4,169,MEND161,2557,TGGTCGATATACCTCT-1,3885,10611,0.21359119862318038,0.05681709748562624,0.24822347462177277,0.5,0.4,0.2564479798078537
4,170,MEND161,2165,TAGCTAGTGATGATGG-1,4687,8970,0.2135293647646904,0.058445907080530296,0.11524178571999073,0.4,0.4,0.21823543310165405
4,171,MEND161,1717,GGACCTCTAGGCCGCC-1,3378,8718,0.2135003164410591,0.05733076921167207,0.14523310884833335,0.5,0.5,0.26692800521850585
4,172,MEND161,2187,TAGTCCTGCACTAAGC-1,3013,10106,0.2134563848376274,0.05636867492542139,0.32063565254211424,0.5,0.4,0.25591246485710145
4,173,MEND161,1326,CTGTTACCCAATCTAG-1,5416,7455,0.21337116956710817,0.06227650680676116,0.048707315325737,0.4,0.4,0.21478829383850098
4,174,MEND161,986,CCTATGTCCACTCCAC-1,7886,9221,0.21334517002105713,0.05406628423874495,0.07408220469951629,0.5,0.4,0.2633081942796707
4,175,MEND161,762,CAGAACTTAGCCCTCT-1,7379,8085,0.2133415162563324,0.054890815508374095,0.22561153396964073,0.5,0.4,0.2589496910572052
4,176,MEND161,1795,GGGACTGCATAGATAG-1,5564,5436,0.21332490146160127,0.052428010769071755,0.13642858266830443,0.5,0.5,0.262109112739563
4,177,MEND161,1969,GTGATCATAGATCTGC-1,5344,7077,0.21325183510780335,0.05770253717010277,0.18361573442816734,0.5,0.5,0.26134899258613586
4,178,MEND161,739,CACCGTTGCGCGATAT-1,3307,7330,0.21323175579309464,0.05455570958122324,0.06550495326519012,0.5,0.5,0.2584379494190216
4,179,MEND161,1380,GAAATATCACCATCAG-1,2873,5563,0.2132224440574646,0.05586558398856607,0.01912655234336853,0.5,0.4,0.25701876878738406
4,180,MEND161,748,CACGTCAATCAATGGA-1,9632,9220,0.2131710931658745,0.056026854623867785,0.16752897202968597,0.5,0.4,0.259833550453186
4,181,MEND161,2454,TGAGCCATACAGTCTC-1,3963,6699,0.21315167397260665,0.052871261038382265,0.014643561840057374,0.5,0.3,0.26023904979228973
4,182,MEND161,937,CCGACGGGCATGAGGT-1,3088,8213,0.21310331672430038,0.05069740267723023,0.08979826793074608,0.5,0.4,0.2588505744934082
4,183,MEND161,908,CCCGGGTCGTTCAGGG-1,5341,9601,0.21307404935359955,0.05698082092399369,0.16174107491970063,0.5,0.4,0.2563753008842468
4,184,MEND161,293,ACGTTTCGGTGCACTT-1,10066,10735,0.21307142376899718,0.053852370487533746,0.1359032243490219,0.5,0.4,0.26380769312381747
4,185,MEND161,2270,TCAGCCAATCCGTAAA-1,8832,9347,0.21304919868707656,0.05823797379432045,0.24028569161891938,0.5,0.3,0.2503431707620621
4,186,MEND161,2043,GTTTGACCAAATCCTA-1,5419,5184,0.21301886290311814,0.0581955038951049,0.25886884704232216,0.5,0.3,0.25404050052165983
4,187,MEND161,368,AGAGCCGCCGAGATTT-1,9341,8716,0.21301005333662032,0.052597753906791375,0.16535537242889403,0.5,0.5,0.2605926752090454
4,188,MEND161,547,ATAGCAACTAGGGAAG-1,8323,9221,0.21298555731773378,0.056843011274460564,0.21654725521802903,0.5,0.4,0.2557340025901794
4,189,MEND161,1830,GGGTCAGGAGCTAGAT-1,5195,9601,0.21297803968191148,0.05754706367628261,0.09746642187237739,0.5,0.3,0.2607166081666946
4,190,MEND161,886,CCATTAGCGATAATCC-1,4255,5436,0.2129490554332733,0.05200587946166625,0.13235638439655303,0.5,0.4,0.2585574448108673
4,191,MEND161,225,ACCCGGAGCACCACAA-1,10141,8842,0.212924824655056,0.05279955586135401,0.011170554161071777,0.5,0.5,0.2629201352596283
4,192,MEND161,328,ACTTATTAGGATCGGT-1,4981,6193,0.2129247546195984,0.057540118200078594,0.03662035167217255,0.5,0.5,0.26344544291496275
4,193,MEND161,2413,TCTGAACTCGTACCCG-1,8107,7328,0.21281265914440156,0.05747330692587231,0.06532562077045441,0.5,0.5,0.2652287304401398
4,194,MEND161,1093,CGCGACCGCGACAGAT-1,7087,8843,0.2128037244081497,0.05468562957752207,0.17584763765335082,0.5,0.3,0.25661558508872984
4,195,MEND161,2227,TATTCCGAGCTGTTAT-1,7451,8212,0.21273670643568038,0.05228115193034062,0.1399807721376419,0.5,0.4,0.2563589870929718
4,196,MEND161,2323,TCCGGTTCGTCCGGTC-1,5052,7834,0.21273402571678163,0.05664113645143452,0.13203853964805604,0.5,0.5,0.26178585886955263
4,197,MEND161,2595,TGTTCTCATACTATAG-1,10430,10356,0.21269790679216385,0.05452507248843825,0.2523691676557064,0.5,0.5,0.26104903817176817
4,198,MEND161,1826,GGGCTGGTTAGTCGCG-1,4910,5310,0.21267074793577195,0.05866697558149969,0.10343481004238128,0.5,0.4,0.26063387393951415
4,199,MEND161,343,ACTTTGTCGACGCACT-1,9924,8463,0.21265299320220948,0.049679722216127445,0.08655164241790772,0.4,0.4,0.2118914544582367
4,200,MEND161,1223,CTATACTTAAAGCGAG-1,1487,9224,0.2126299813389778,0.05637049167823702,0.17933882772922516,0.5,0.5,0.26048198342323303
4,201,MEND161,2172,TAGGCGATGAGGTCTC-1,1997,8340,0.2125790685415268,0.060543341048890205,0.18574810922145843,0.5,0.4,0.2518854171037674
4,202,MEND161,1357,CTTGCCCACCCACGCA-1,8467,10230,0.21257855892181396,0.05295453675573776,0.08874412551522255,0.4,0.4,0.20892928838729857
4,203,MEND161,1632,GCGCGGTCTAGTAACT-1,5558,9979,0.21256728172302247,0.05781921551140989,0.05012327134609222,0.5,0.5,0.2619432270526886
4,204,MEND161,342,ACTTTGGTCGTGCTCC-1,2142,9097,0.21248187571763993,0.05876951677704753,0.2183782696723938,0.5,0.5,0.26022142767906187
4,205,MEND161,2546,TGGCTTATGTATAATG-1,1270,8340,0.2124662935733795,0.05619267934638878,0.14733880758285522,0.5,0.3,0.2531664431095123
4,206,MEND161,479,AGTAGAAGGCGCCTCA-1,5704,10232,0.2124221630394459,0.059885759340151876,0.160101455450058,0.4,0.2,0.20513153374195098
4,207,MEND161,2544,TGGCTATGTGACATAC-1,7160,8969,0.212278750538826,0.05225634925783575,0.03331020325422287,0.5,0.5,0.259327632188797
4,208,MEND161,1904,GTATCAAACGTTAGCT-1,8251,8338,0.2122538670897484,0.053261363245514615,0.1602120131254196,0.4,0.4,0.20769696831703185
4,209,MEND161,501,AGTGATAACCTGCGCG-1,7669,8843,0.2122439354658127,0.05809493677564301,0.15275152549147605,0.4,0.4,0.21366347074508668
4,210,MEND161,1382,GAAATGGCGGTGTTAG-1,4983,5184,0.21219186633825302,0.052577156259836486,0.1566750019788742,0.5,0.4,0.2552493929862976
4,211,MEND161,2100,TACCGTAGGTTAACTA-1,5342,8843,0.21210907101631166,0.05745037427839042,0.046283012628555296,0.5,0.4,0.25888894498348236
4,212,MEND161,2157,TAGATTCTCTAGCAAA-1,9848,10609,0.21210351586341858,0.05336252201751412,0.029393598437309265,0.5,0.3,0.2545069843530655
4,213,MEND161,1342,CTTCACGCCCTGGTAC-1,2722,10359,0.21209668815135957,0.05463112083973682,0.16951022408902644,0.5,0.3,0.2567560225725174
4,214,MEND161,447,AGGCGGTTTGTCCCGC-1,2433,8845,0.2120482698082924,0.05429533744487057,0.1555722862482071,0.5,0.5,0.2612827479839325
4,215,MEND161,1242,CTCACTTGGCTGGTAA-1,3090,6447,0.21203300952911378,0.051477525201840485,0.03443511947989464,0.5,0.4,0.26164070665836336
4,216,MEND161,1882,GTAATCTGATTCTTCG-1,4398,7708,0.21197497993707656,0.050797981320645155,0.1080538809299469,0.5,0.4,0.25818018019199374
4,217,MEND161,233,ACCGAAGAGTCTGGTT-1,1997,8592,0.21196939498186113,0.052287594878090225,0.08143961429595947,0.5,0.3,0.25950434505939485
4,218,MEND161,2015,GTTAGGCTACCCGTTT-1,2216,8214,0.211851067841053,0.055453105838505,0.07485412955284118,0.5,0.4,0.2612639993429184
4,219,MEND161,2164,TAGCTAGAAGGCATGA-1,4907,7834,0.21179496198892594,0.05529044304695652,0.023475698381662368,0.4,0.3,0.2070556402206421
4,220,MEND161,772,CAGATCCTGGTTTGAA-1,2434,8340,0.21168563961982728,0.053379196594596175,0.06240535974502563,0.5,0.3,0.2615094244480133
4,221,MEND161,2248,TCAAGCGCGGACGGTA-1,9487,8716,0.2115849733352661,0.04979085176468983,0.22711194008588792,0.5,0.5,0.26054521203041076
4,222,MEND161,879,CCATAGAGGCTGCCAG-1,1487,8971,0.2115147292613983,0.05667829631862391,0.14053353071212768,0.5,0.3,0.25370681285858154
4,223,MEND161,2086,TACACAGCCGTGGTGC-1,6576,10484,0.2114989638328552,0.05423178433346832,0.029571712017059326,0.5,0.5,0.2646169126033783
4,224,MEND161,871,CCAGCTCGAACGCATT-1,5923,9348,0.21146155446767806,0.05880954410536949,0.0716532289981842,0.5,0.3,0.2554043591022491
4,225,MEND161,711,CACAAGCTAAGAAAGG-1,2286,9854,0.2114324003458023,0.05710820774033979,0.223517607152462,0.5,0.4,0.25775754153728486
4,226,MEND161,2395,TCTACGCACGATCTCC-1,3303,10864,0.2113172322511673,0.056556046746847916,0.247758749127388,0.5,0.2,0.2510478764772415
4,227,MEND161,1012,CCTGTAAGACATGATA-1,4182,6067,0.21123922914266585,0.05793620354312308,0.009263226389884948,0.5,0.3,0.2562661409378052
4,228,MEND161,738,CACCGTTAGGGATCAC-1,3888,8087,0.21122851222753525,0.052568507291729814,-0.00741254985332489,0.5,0.3,0.2548387676477432
4,229,MEND161,2512,TGCGGAGTAAAGGTGC-1,6293,4174,0.21115873157978057,0.05518923285340263,0.006489839404821396,0.5,0.5,0.2625195562839508
4,230,MEND161,824,CATGATACGGTGAAAC-1,6721,10988,0.21106532216072083,0.05443432455404121,0.15707654803991317,0.4,0.4,0.2092126727104187
4,231,MEND161,1934,GTCGCCGTTGTGTGTT-1,4324,8591,0.21100666373968124,0.04827185236874682,0.0642886757850647,0.4,0.3,0.20304093956947328
4,232,MEND161,28,AAAGTTGACTCCCGTA-1,8180,6697,0.21097518801689147,0.05650555448851613,0.05077945291996002,0.5,0.3,0.25578050017356874
4,233,MEND161,1544,GATTCTGTTAATGAGT-1,5703,10736,0.2109511286020279,0.05988903415295986,0.1572849452495575,0.5,0.3,0.25221878588199614
4,234,MEND161,708,CAATTGGGCCGCACTC-1,1488,8466,0.21094831824302673,0.05630602164627198,0.036376237869262695,0.5,0.5,0.2593815326690674
4,235,MEND161,2078,TAATAGTGACGACCAG-1,7237,4804,0.21094409972429276,0.053811555601878225,0.09868802204728126,0.5,0.4,0.25360357761383057
4,236,MEND161,1307,CTGGCGATTTACATGT-1,8976,10609,0.2109236866235733,0.05537135892322021,0.1637345552444458,0.5,0.2,0.25001553595066073
4,237,MEND161,1341,CTTCAACTCCACTTGG-1,6796,8843,0.21091743409633637,0.05412588327009472,0.17001935318112374,0.5,0.4,0.25806659162044526
4,238,MEND161,2381,TCGTCTTAGGCGTTAA-1,7233,8086,0.21090250462293625,0.0572016508384268,0.09612883254885674,0.5,0.4,0.26239487528800964
4,239,MEND161,1243,CTCAGAGCTAATGTCG-1,5485,10610,0.21086550056934356,0.0569402044291996,0.13784627318382264,0.5,0.3,0.25459892153739927
4,240,MEND161,1721,GGACTCGTGAGTGGTC-1,3959,9475,0.21083196848630906,0.05412455698870515,0.11176074370741844,0.4,0.4,0.2103404939174652
4,241,MEND161,2389,TCTAAAGAACAGTCTC-1,1925,7961,0.21080956757068633,0.05299317563934133,0.09244872629642487,0.5,0.5,0.2596647083759308
4,242,MEND161,2237,TCAAATTATGTTCGAC-1,10357,10735,0.21078684478998183,0.055514762702584555,0.16735076308250427,0.4,0.4,0.21054252982139587
4,243,MEND161,1918,GTCATGCGCGAGGGCT-1,8322,9473,0.21075684428215027,0.05678950128585073,0.14680153392255307,0.4,0.4,0.21332396268844606
4,244,MEND161,70,AACGTCATCCGGCTTG-1,5339,11115,0.2106921926140785,0.05511186703350117,0.1081184059381485,0.5,0.3,0.2536137819290161
4,245,MEND161,352,AGAAGTGATTCGTGAT-1,3235,7456,0.21065187007188796,0.05645366040834578,0.052104777097702025,0.4,0.3,0.2118188112974167
4,246,MEND161,2666,TTCGAACGAAACATGC-1,4249,10737,0.21064403057098388,0.05607890635898374,0.11672483682632447,0.5,0.3,0.25902735590934756
4,247,MEND161,1067,CGATCGAGAAGCACCA-1,5848,10736,0.21062679439783097,0.05633880434025882,0.1745615452528,0.5,0.3,0.25758340060710905
4,248,MEND161,2403,TCTATGCTATAACGAC-1,8032,9473,0.21049607992172242,0.051933391940100854,0.22081921696662904,0.5,0.4,0.2592455118894577
4,249,MEND161,183,ACACATTTCCGTAGAC-1,6067,10610,0.2104161873459816,0.05901231925010581,0.01756589114665985,0.5,0.3,0.25319420695304873
4,250,MEND161,544,ATACTGCCTTACACCG-1,7305,8717,0.21040942668914794,0.05191461968477582,0.11042495667934418,0.4,0.3,0.20822277963161467
4,251,MEND161,2035,GTTGTAGATTTATGAG-1,5776,10358,0.21040042787790297,0.05427334119497871,0.09345290958881378,0.5,0.5,0.25830077528953554
4,252,MEND161,399,AGCCCATACATGTAAG-1,3090,6699,0.21037568747997284,0.055319935318985325,0.14156728684902192,0.5,0.5,0.25827614068984983
4,253,MEND161,2361,TCGCTCGATATATTCC-1,5783,5057,0.21033111959695816,0.04985198653543655,0.0009624958038330078,0.5,0.4,0.25725583732128143
4,254,MEND161,983,CCTATGGCTCCTAGTG-1,2941,9223,0.2103087782859802,0.05203560632543222,0.19054656624794006,0.5,0.3,0.2537817806005478
4,255,MEND161,2404,TCTATTACTAGAGGAT-1,2290,6573,0.21023603528738022,0.050731263650337595,0.057734062522649766,0.4,0.4,0.20963869690895082
4,256,MEND161,457,AGGGTGCCGTTCTTTA-1,3595,9601,0.21022343039512634,0.059699942793950314,0.21481742709875107,0.5,0.4,0.25140905380249023
5,1,MEND161,367,AGAGATCTCTAAAGCG-1,2509,6447,0.31533460021018983,0.020761040826963534,0.6429752051830292,1.0,1.0,0.5818365275859833
5,2,MEND161,2695,TTGAATTCACGTGAGG-1,8254,6318,0.30721935629844666,0.023344160935491395,0.5380564481019974,1.0,1.0,0.5962634205818176
5,3,MEND161,1372,CTTTGGGATTGTTGCA-1,4396,9222,0.3072083055973053,0.026511680677753995,0.6048498064279556,1.0,1.0,0.5858192086219788
5,4,MEND161,1000,CCTCTCTCCCATCTAG-1,3819,5689,0.30683530271053316,0.022541174982322793,0.5322911083698273,1.0,1.0,0.5839717268943787
5,5,MEND161,1510,GATAGTGCGAGTAAGT-1,4395,9980,0.3066288113594055,0.032797761669662785,0.3808367349207401,1.0,1.0,0.5944081604480743
5,6,MEND161,941,CCGCATGTGGTACGAT-1,5997,8465,0.3053670108318329,0.018091855482670158,0.47385604307055473,1.0,1.0,0.5825431704521179
5,7,MEND161,2246,TCAACGCGACCGGCAG-1,2872,6320,0.3039414793252945,0.02660632099616985,0.5312528058886528,1.0,1.0,0.5802261769771576
5,8,MEND161,2566,TGTACGAACAAATCCG-1,5418,6193,0.30287147462368014,0.024611942231362167,0.4432816684246063,1.0,1.0,0.5803451418876648
5,9,MEND161,2531,TGGAGTGATGCGATGA-1,4183,5058,0.30191548466682433,0.02768879354449539,0.4703327096998692,1.0,1.0,0.587950450181961
5,10,MEND161,914,CCCGTGAGGGCGGTGA-1,1490,6952,0.3010399520397186,0.019451454011587734,0.5231954470276833,1.0,1.0,0.5810383379459381
5,11,MEND161,1725,GGAGCAACATTTCAAG-1,8687,8590,0.2995513677597046,0.0256142458266271,0.5200996614992619,1.0,1.0,0.5741977274417878
5,12,MEND161,2223,TATTACCATCCTGCTT-1,8181,6192,0.297851225733757,0.02302300325026283,0.5773895740509033,1.0,1.0,0.5712989747524262
5,13,MEND161,1188,CGTTGTTTCAATTCCC-1,4109,5689,0.2973466217517853,0.02074190045200603,0.5445559725165368,1.0,1.0,0.57201287150383
5,14,MEND161,2130,TACTCCTCTAGTTGAC-1,3814,9475,0.29668841063976287,0.025190866889236194,0.4214169420301914,1.0,1.0,0.5736985027790069
5,15,MEND161,2654,TTCAGGCGTCAAAGCC-1,2363,6447,0.29629271626472475,0.022691680849752874,0.3634896658360958,1.0,1.0,0.5715827584266663
5,16,MEND161,1098,CGCGGCTCAACTTGAA-1,8253,6823,0.29612457752227783,0.023508465692461566,0.5000640735030174,1.0,1.0,0.5693443417549133
5,17,MEND161,139,AATCTCTACTGTGGTT-1,1927,6195,0.2960077539086342,0.02996772699369179,0.4784786380827427,1.0,0.9,0.5621681302785874
5,18,MEND161,1762,GGCCGGCGTCTGCTAT-1,6941,9600,0.29570013880729673,0.021424129043678967,0.41002294681966306,1.0,1.0,0.5715029418468476
5,19,MEND161,2064,TAAGGCAACATAAGAT-1,6365,4552,0.29546416699886324,0.02175678671567261,0.49593447521328926,1.0,1.0,0.5713020443916321
5,20,MEND161,363,AGACTAGCCTTCCAGA-1,4547,4932,0.29516426026821135,0.024086777914189453,0.5542186483740806,1.0,1.0,0.5732240617275238
5,21,MEND161,1201,CTAAGGGAATGATTGG-1,6435,6950,0.29487451165914536,0.023513530587486935,0.40239352658391,1.0,1.0,0.5723369777202606
5,22,MEND161,2391,TCTAATACTGCCTCAG-1,3015,8592,0.2947903096675873,0.020927648465777663,0.5179005607962608,1.0,1.0,0.5596827387809753
5,23,MEND161,495,AGTCTTTAAAGTGTCC-1,6795,9853,0.2940516918897629,0.02045634760887763,0.48784904098138215,1.0,1.0,0.5634936809539794
5,24,MEND161,2619,TTACTCCGGCCGGGAA-1,6873,5688,0.29339447915554046,0.021995308427040484,0.4558233216404915,1.0,1.0,0.5704791665077209
5,25,MEND161,65,AACGCGGTCTCCAGCC-1,5929,4300,0.29230091273784636,0.020385515163059,0.48046848475933074,1.0,1.0,0.5771659672260284
5,26,MEND161,2138,TACTGGACAGCTCGGC-1,3018,5816,0.2922748923301697,0.018782497969524383,0.46716832369565964,1.0,1.0,0.5556705474853516
5,27,MEND161,2045,GTTTGGGCTTGTGAGC-1,5925,7834,0.2921261489391327,0.021032420558950715,0.5280568018555641,1.0,1.0,0.5653173327445984
5,28,MEND161,529,ATAAGTTACCGCGACG-1,4980,7203,0.29145618677139284,0.029659210240428908,0.5424656093120575,1.0,1.0,0.5697746634483337
5,29,MEND161,247,ACCTAATCGACTTCCT-1,3383,5437,0.2908557176589966,0.021313821030475934,0.4070809531956911,1.0,1.0,0.5682617485523224
5,30,MEND161,2447,TGACGAATATTTCCCT-1,2799,6951,0.2904335469007492,0.02467044559967976,0.3817812614142895,1.0,1.0,0.570224505662918
5,31,MEND161,1683,GCTGCACGGTTTCTTA-1,6508,6571,0.28975869715213776,0.018677731972493613,0.5028283465653658,1.0,1.0,0.558948940038681
5,32,MEND161,1991,GTGGCGGTCCCAGCGT-1,2654,6447,0.28962565064430235,0.022438989834105822,0.5523830778896809,1.0,1.0,0.556768923997879
5,33,MEND161,1149,CGGTTGACCTGGCATA-1,3018,6320,0.28950781673192977,0.024183945332253313,0.4745192140340805,1.0,1.0,0.5605967879295349
5,34,MEND161,1417,GACAAGACGCCCGTGC-1,10140,10104,0.28941487371921537,0.02113274422251671,0.4972688049077988,1.0,1.0,0.5608112633228302
5,35,MEND161,1281,CTCTTCTGGAAGTTAG-1,4105,9223,0.2893529415130615,0.02550750350405187,0.4160728588700294,1.0,1.0,0.5656187355518341
5,36,MEND161,1392,GAACTGTGGAGAGACA-1,5995,9979,0.2888742208480835,0.018589965353921954,0.3676366493105888,1.0,1.0,0.5700562775135041
5,37,MEND161,1900,GTAGTGAGCAACCTCA-1,9412,10104,0.28855530023574827,0.018277246805908275,0.5399349443614483,1.0,1.0,0.5486663281917572
5,38,MEND161,2366,TCGGAGAGTATCGGGA-1,2871,7078,0.2885396659374237,0.023750155290900195,0.4196913965046406,1.0,1.0,0.5615835309028625
5,39,MEND161,385,AGCACACGTTTAGACT-1,3086,9980,0.2880766227841377,0.02514796252315691,0.6227187961339951,1.0,1.0,0.5733735263347626
5,40,MEND161,459,AGGGTTCAGACGGTCC-1,4467,10106,0.28799857199192047,0.018195714242949128,0.38019854873418807,1.0,1.0,0.5760115027427674
5,41,MEND161,1961,GTGACTTCAGTAGTGC-1,4835,7203,0.28762351870536806,0.018370305133486194,0.4807376705110073,1.0,1.0,0.5568849921226502
5,42,MEND161,2564,TGTAATGACCACAATA-1,2218,5942,0.28718853890895846,0.0179601194300863,0.4090672489255667,1.0,1.0,0.5584242403507232
5,43,MEND161,1014,CCTGTCACCCGGGCTC-1,6074,5057,0.28716001361608506,0.023202210386333712,0.41849533244967463,1.0,1.0,0.5684594929218292
5,44,MEND161,2189,TAGTCTAACAACGAGA-1,3672,6446,0.2871413558721542,0.02379467994695682,0.49662323519587515,1.0,1.0,0.5599202275276184
5,45,MEND161,285,ACGTCTCGTTCCGGGA-1,1635,6952,0.2870946377515793,0.018133800325158777,0.4086616639047861,1.0,1.0,0.5520558655261993
5,46,MEND161,431,AGGACATCGGCACACT-1,10067,9977,0.28704088628292085,0.018996795360602278,0.5022698454558849,1.0,1.0,0.5614863991737366
5,47,MEND161,1838,GGTACATCTGGGACGA-1,2509,6194,0.2870254158973694,0.021124614621704018,0.4454637609422207,1.0,1.0,0.5683328092098237
5,48,MEND161,358,AGACCGCTCCGCGGTT-1,9270,7832,0.28686884939670565,0.02154014710754465,0.5486698471009731,1.0,1.0,0.5722707509994507
5,49,MEND161,778,CAGCCTCGATAGCGGT-1,10141,9346,0.2868490755558014,0.01578768561818129,0.4915016606450081,1.0,1.0,0.5587642371654511
5,50,MEND161,1193,CTAAAGAATGCCTACT-1,3818,5941,0.28684832751750944,0.020512057183239944,0.41354220137000086,1.0,1.0,0.5551226556301116
5,51,MEND161,2121,TACGGCATGGACGCTA-1,9559,9347,0.28682589530944824,0.023259166420167923,0.5750107571482659,1.0,1.0,0.5611526191234588
5,52,MEND161,2494,TGCCACACTAGAGGAA-1,1417,6826,0.2864923983812332,0.012437981822607453,0.516996082663536,1.0,0.9,0.5401582449674607
5,53,MEND161,1086,CGCCCTAATTGTTCAA-1,1995,9854,0.28598874509334565,0.02731151888100147,0.3155171025544405,1.0,1.0,0.5683096766471862
5,54,MEND161,1857,GGTGATAAGGAGCAGT-1,6945,6066,0.2858325242996216,0.027899587350789498,0.3720555081963539,1.0,1.0,0.5749571442604064
5,55,MEND161,2192,TAGTGCCCTCCAGAGT-1,4982,5436,0.28573499619960785,0.020439183584018798,0.5025786355137825,1.0,1.0,0.5572183787822723
5,56,MEND161,1687,GCTGCTCTCCGGACAC-1,5782,5310,0.28522001802921293,0.0204802976308897,0.43958821445703505,1.0,1.0,0.5413523375988006
5,57,MEND161,416,AGCGGGTCTGACACTC-1,5995,9727,0.284919074177742,0.022888645390139965,0.4175115130841732,1.0,1.0,0.5563363254070282
5,58,MEND161,890,CCCAACATACGTCGCG-1,3744,6825,0.28474351316690444,0.02394560994213848,0.5320025876164436,1.0,0.9,0.5497647881507873
5,59,MEND161,1244,CTCAGATTGTGATAAG-1,1563,6826,0.2843657657504082,0.02754175918412195,0.4696740686893463,1.0,1.0,0.5652358591556549
5,60,MEND161,1478,GAGCGCAAATACTCCG-1,8979,7832,0.2843632623553276,0.023668452089536753,0.40747563987970353,1.0,1.0,0.5675360679626464
5,61,MEND161,1588,GCCAGGAAAGAACACT-1,3740,10359,0.2842009782791138,0.017928543908741598,0.543378384411335,1.0,1.0,0.5661648392677308
5,62,MEND161,9,AAACCTCATGAAGTTG-1,2582,6068,0.284115819633007,0.023425767930555477,0.38642013631761074,1.0,1.0,0.5627419471740722
5,63,MEND161,1754,GGCATACAGGTAGCGG-1,3528,5689,0.28410373628139496,0.022764146635139027,0.5227918274700641,1.0,1.0,0.5552922070026398
5,64,MEND161,2147,TAGACGCCCGTACCGG-1,7746,5435,0.2839061036705971,0.029881724423913802,0.4404203988611698,1.0,1.0,0.5668721914291381
5,65,MEND161,828,CATGCCAACTCGCAAA-1,2726,6825,0.28382361829280855,0.028073317944252805,0.4516326550394297,1.0,1.0,0.5511051476001739
5,66,MEND161,1322,CTGTAGCCATCTCACT-1,4542,8465,0.2837422162294388,0.020955910101806908,0.5220398113131524,1.0,1.0,0.5487735211849213
5,67,MEND161,442,AGGCCACCCGTTATGA-1,3965,4932,0.2836236745119095,0.02336950071981772,0.441892318893224,1.0,1.0,0.5438945710659027
5,68,MEND161,1570,GCAGATTAGGGATATC-1,5636,6067,0.2835087180137634,0.026825715019127297,0.307902904599905,1.0,1.0,0.5602328062057496
5,69,MEND161,678,ATTTGTCTTGGGAGCT-1,7308,6445,0.28316779136657716,0.03027048988856022,0.4280340939760208,1.0,1.0,0.5602361023426056
5,70,MEND161,1707,GGAACCGTGTAAATTG-1,4616,7582,0.28305073976516726,0.017497621260082506,0.40230842679739,1.0,1.0,0.5530575156211853
5,71,MEND161,1761,GGCCGCAGGAACCGCA-1,9631,9978,0.28302105367183683,0.015379636060390616,0.3474933502264321,1.0,1.0,0.5577951967716217
5,72,MEND161,615,ATGATGCAATGGTACA-1,4835,6951,0.28300238847732545,0.017262499121465925,0.35711836693808435,1.0,1.0,0.548035991191864
5,73,MEND161,2748,TTGTGAACCTAATCCG-1,7742,8464,0.28274115920066833,0.028843019761146445,0.4790176711976528,1.0,1.0,0.5628510057926178
5,74,MEND161,1926,GTCCCGCGACGTTATG-1,7160,8717,0.28268718123435976,0.020648607508737704,0.4452837765216827,1.0,1.0,0.5672059535980225
5,75,MEND161,1995,GTGGGCTTAGACACAC-1,4037,5058,0.2824132159352303,0.024109557435455363,0.42370971068739893,1.0,1.0,0.553535395860672
5,76,MEND161,2525,TGGAAGAAGGGAACGT-1,3745,6320,0.28237597048282626,0.01879804885095261,0.4031266063451767,1.0,1.0,0.5493550896644592
5,77,MEND161,2535,TGGCAATGGGACGGCG-1,8906,8211,0.2822872966527939,0.01591380095829778,0.4675916746258736,1.0,1.0,0.5540096044540406
5,78,MEND161,2149,TAGAGATCATGCAACT-1,3090,6951,0.2821204334497452,0.022683822544481994,0.35494456328451635,1.0,1.0,0.5590042769908905
5,79,MEND161,2133,TACTCTTACTTTACTG-1,9269,8842,0.2820171058177948,0.02528903257258734,0.5023830138146878,1.0,1.0,0.5635383248329162
5,80,MEND161,405,AGCCCTTGGACATCCC-1,9705,8589,0.2813781350851059,0.017197163630314996,0.49338050186634064,1.0,1.0,0.5490657269954682
5,81,MEND161,891,CCCAAGTCATTACACT-1,8176,9978,0.2813392221927643,0.021300460549901753,0.33393785879015925,1.0,1.0,0.5604802250862122
5,82,MEND161,355,AGACCAAACCACACCT-1,1852,7835,0.2812828928232193,0.025083895009168383,0.30345549737103283,1.0,1.0,0.5677691638469696
5,83,MEND161,872,CCAGCTGATGGTACTT-1,2727,6068,0.2811446860432625,0.021094861631234318,0.4629998289048672,1.0,1.0,0.5497438848018646
5,84,MEND161,162,AATTGTGGTTGCCAAA-1,9849,9599,0.28103137761354446,0.027452577311075373,0.3755489682778716,1.0,1.0,0.5669059455394745
5,85,MEND161,930,CCCTGGGAGGGATCCT-1,6430,10988,0.2809418022632599,0.019280316886003554,0.3447958230040967,1.0,1.0,0.5540090143680573
5,86,MEND161,1066,CGATCCTCGCAACATA-1,4104,9727,0.2809074819087982,0.019272792289338078,0.43441128730773926,1.0,1.0,0.5574489235877991
5,87,MEND161,303,ACTCAATAAAGGCACG-1,6220,4552,0.2808579087257385,0.017558115105029602,0.3398496016860008,1.0,1.0,0.5544210255146027
5,88,MEND161,2701,TTGACGCTCCATGAGC-1,8544,6571,0.2806131884455681,0.023927754232916612,0.37165866531431674,1.0,1.0,0.5664610028266907
5,89,MEND161,1849,GGTCGGTCGTCCACAG-1,4979,8465,0.2805667147040367,0.024333724300620623,0.46727691516280173,1.0,1.0,0.5446579039096833
5,90,MEND161,1538,GATTAACCGAAAGCCC-1,7960,8338,0.28052318692207334,0.023461029980392602,0.4423315718770027,1.0,1.0,0.5668201804161072
5,91,MEND161,1629,GCGCAAGAGCGCGCTG-1,8472,6444,0.2803908109664917,0.020109354125162723,0.4673254907131195,1.0,1.0,0.5597518563270569
5,92,MEND161,64,AACGCGACCTTGGGCG-1,5050,9853,0.2802601307630539,0.01717491074155449,0.49247905015945437,1.0,1.0,0.543022221326828
5,93,MEND161,725,CACATGATTCAGCAAC-1,5854,6193,0.28025408983230593,0.021135795311101803,0.43118047118186953,1.0,1.0,0.5409739971160888
5,94,MEND161,1103,CGCTACGGGACATTTA-1,4691,6193,0.2800534516572952,0.027230392425058147,0.36391155086457727,1.0,1.0,0.5594345808029175
5,95,MEND161,840,CATTACGTCGGCCCGT-1,5930,3795,0.2798970192670822,0.02077237210966758,0.40905322059988974,1.0,1.0,0.5560020744800568
5,96,MEND161,1221,CTAGTTACAACCCGGT-1,6070,8086,0.2798828899860382,0.022242942764868195,0.4291775837540627,1.0,1.0,0.5494289219379425
5,97,MEND161,2048,GTTTGGTGATCGGTGC-1,3959,9727,0.27978543639183046,0.026822827387526425,0.4007648825645447,1.0,1.0,0.5515551567077637
5,98,MEND161,573,ATCAATGCCGTGGCTG-1,2578,9097,0.27973389327526094,0.026859169655428724,0.4393257211893797,1.0,1.0,0.5572238862514496
5,99,MEND161,1050,CGAGAGATGTGAACCT-1,6510,5057,0.27961215376853943,0.01506393058363335,0.42026636665686967,1.0,1.0,0.5453114211559296
5,100,MEND161,1960,GTGACGCAGGTTTCAT-1,6650,9600,0.27934551537036895,0.017628664898594427,0.4601439297199249,1.0,1.0,0.5488774478435516
5,101,MEND161,2527,TGGACCAATCTAAGAT-1,7014,9221,0.27926374077796934,0.02470127675678787,0.448264192417264,1.0,1.0,0.5484527170658111
5,102,MEND161,1658,GCTACAGTACGGACCG-1,2218,6447,0.27918547987937925,0.015360550927400074,0.3947167918086052,1.0,1.0,0.5357278108596801
5,103,MEND161,465,AGGTGCACGTCCACAT-1,8758,10230,0.27918083071708677,0.019481284662244434,0.40826899483799933,1.0,1.0,0.5524882197380065
5,104,MEND161,1159,CGTCACGTCCATTGGT-1,4907,7329,0.27916919589042666,0.02215800676741646,0.4024152547121048,1.0,1.0,0.5420571386814117
5,105,MEND161,1328,CTGTTGTTCAGTCGTA-1,2723,9854,0.27910845428705217,0.023592056591383536,0.39804246947169303,1.0,1.0,0.5711167395114899
5,106,MEND161,107,AAGTAGTGACGCGAGG-1,3455,5563,0.27903406918048856,0.02496744528612921,0.33811013847589494,1.0,1.0,0.5573583245277405
5,107,MEND161,316,ACTGAAACGCCGTTAG-1,7960,8590,0.2788625180721283,0.015995711005653238,0.36321077048778533,1.0,1.0,0.5486388862133026
5,108,MEND161,1175,CGTGTCCCATTCGCGA-1,4110,4932,0.278746035695076,0.018668317416641517,0.42076477594673634,1.0,1.0,0.557099050283432
5,109,MEND161,1080,CGCATGGTGCGATGCT-1,5999,6445,0.27861482203006743,0.01427067114768614,0.3795435721985996,1.0,1.0,0.5539226830005646
5,110,MEND161,1976,GTGCCGCTTCAAAGGT-1,4399,6951,0.278605529665947,0.020134653071229577,0.44139331206679344,1.0,1.0,0.5510564982891083
5,111,MEND161,1684,GCTGCGAAGAATTATT-1,4539,10737,0.27854294031858445,0.02301492752399901,0.4598720133304596,1.0,1.0,0.551843798160553
5,112,MEND161,1574,GCAGGACTATAGAATA-1,3891,5815,0.27844144850969316,0.020656087357668648,0.4300157867372036,1.0,1.0,0.5596337139606475
5,113,MEND161,1323,CTGTAGTGAGGATCGA-1,4322,10106,0.2784258216619492,0.02196476154052121,0.3922987326979637,1.0,1.0,0.5556291759014129
5,114,MEND161,912,CCCGTCAGCGTCTGAC-1,4911,4300,0.2784030884504318,0.0203283734488828,0.46774801686406137,1.0,1.0,0.5572773933410644
5,115,MEND161,98,AAGCTCGTGCCAAGTC-1,6509,5814,0.27837478518486025,0.02253117255582219,0.3787404138594866,1.0,1.0,0.5483936667442322
5,116,MEND161,1452,GACTAAGATCATGCAC-1,5056,4300,0.2782892018556595,0.02407094815026044,0.4345060706138611,1.0,1.0,0.5591580331325531
5,117,MEND161,53,AACCCGACAACCCGTG-1,4322,9853,0.27823625355958936,0.025104334841985203,0.38069869987666605,1.0,1.0,0.557486754655838
5,118,MEND161,1720,GGACTCGACAGCGCAT-1,4540,9980,0.2781072035431862,0.02335720388513051,0.3735456507652998,1.0,1.0,0.5676434636116028
5,119,MEND161,462,AGGTAGGTACAAAGCT-1,3455,5815,0.2780504211783409,0.021015288051629215,0.38898198679089546,1.0,1.0,0.55022052526474
5,120,MEND161,130,AATATTGGAGTATTGA-1,2800,5942,0.27804934829473493,0.02295950612693148,0.41087827160954477,1.0,1.0,0.5371245443820953
5,121,MEND161,2062,TAAGCAGGCGACACGC-1,2582,5816,0.27775654643774034,0.030059124136846645,0.4629498865455389,1.0,0.9,0.5417251437902451
5,122,MEND161,2579,TGTGACTACGCCAGTC-1,6511,4047,0.2777243763208389,0.019362450571287302,0.42541665993630884,1.0,1.0,0.5409130215644836
5,123,MEND161,2699,TTGACCATGTTCTCCG-1,6874,4426,0.2776981770992279,0.02793759048130443,0.4332569368183613,1.0,0.9,0.5409058958292008
5,124,MEND161,259,ACGATGCATATGTTAT-1,4327,6067,0.2776914596557617,0.019761659232875338,0.46003571441397073,1.0,1.0,0.5493200659751892
5,125,MEND161,109,AAGTGACGACCGAATT-1,3017,6573,0.2776146322488785,0.018439551702152817,0.39885763078927994,1.0,1.0,0.5509402990341187
5,126,MEND161,1844,GGTATTGCCGAGTTTA-1,5055,5562,0.27761228680610656,0.020312519101463204,0.47387260720133784,1.0,1.0,0.5532973170280456
5,127,MEND161,92,AAGCCGAAGCGGTTTA-1,8979,7580,0.2775991529226303,0.012872861390179614,0.5356998160481453,1.0,1.0,0.5437744915485382
5,128,MEND161,2131,TACTCGGCACGCCGGG-1,2364,5942,0.27755007445812224,0.027800730016579147,0.46948757898062465,1.0,0.9,0.5394875824451446
5,129,MEND161,685,CAAATCTCTCACAAGG-1,2944,6951,0.2775347620248795,0.02000734736253875,0.38990678936243056,1.0,1.0,0.5397230863571167
5,130,MEND161,128,AATATCCTAGCAAACT-1,1344,7204,0.27743435353040696,0.020066089139959182,0.39190822914242746,1.0,1.0,0.5551047265529633
5,131,MEND161,2665,TTCCTCGGACTAACCA-1,7452,7707,0.27741497457027436,0.02241730141364449,0.37424333756789563,1.0,1.0,0.5373084783554077
5,132,MEND161,2358,TCGCGTAGCAGTGTCC-1,8396,8590,0.27735533714294436,0.01950164896274935,0.4040076270699501,1.0,1.0,0.5404833853244781
5,133,MEND161,804,CATACCCGTACCCAGT-1,3454,6068,0.2770861566066742,0.022758414713091858,0.3760927524417639,1.0,1.0,0.5323486387729645
5,134,MEND161,2139,TACTTAAACATGTACA-1,9049,9725,0.27692867666482923,0.018544726017557182,0.4088106773793697,1.0,1.0,0.5446638464927673
5,135,MEND161,1331,CTTAATCGACTTAGTA-1,5848,10989,0.27685663998126986,0.02290343032445439,0.48330015540122984,1.0,1.0,0.5470277011394501
5,136,MEND161,2698,TTGACCAGGAACAACT-1,7013,9474,0.2768335700035095,0.02433758841123261,0.4112118136137724,1.0,1.0,0.5459989368915558
5,137,MEND161,1542,GATTCCCTTGTCGCAG-1,6074,4552,0.2768180251121521,0.012983830993059723,0.43953546434640883,1.0,1.0,0.5397085011005401
5,138,MEND161,287,ACGTTAATGTCGAAGA-1,6217,6571,0.2766953557729721,0.01900539000897227,0.38674432411789894,1.0,1.0,0.5462400138378143
5,139,MEND161,1413,GAATTCACCCGGGTGT-1,5198,7329,0.27668207585811616,0.028017759796463832,0.33566042212769387,1.0,1.0,0.5524770200252533
5,140,MEND161,888,CCATTTCTACCTATTA-1,6360,8338,0.2766657531261444,0.02041970074287363,0.46357707381248475,1.0,0.8,0.5222899734973907
5,141,MEND161,100,AAGGAGCGGTTGGTGC-1,4692,4931,0.27664237320423124,0.01893530496054493,0.6074210077524185,1.0,1.0,0.5316895842552185
5,142,MEND161,2523,TGCTTAGAGAGAATGC-1,3087,9223,0.276627217233181,0.017276499087720675,0.45804182812571526,1.0,1.0,0.5478812158107758
5,143,MEND161,2057,TAACATACAATGTGGG-1,6290,6193,0.2765909254550934,0.02671200779369958,0.2945865444839001,1.0,1.0,0.5557614624500274
5,144,MEND161,1593,GCCCGATCTGTGGTCG-1,5779,8086,0.27658888697624207,0.021494631620760887,0.46978523172438147,1.0,1.0,0.5384481728076935
5,145,MEND161,1361,CTTGTTGCTGAGTCAA-1,7018,6193,0.2763602644205093,0.024156434737284384,0.4100890219211578,1.0,1.0,0.5497212171554565
5,146,MEND161,842,CATTATGCTTGTTGTG-1,4983,4679,0.27631702125072477,0.02008347629423271,0.3929843252059072,1.0,1.0,0.5457355201244354
5,147,MEND161,632,ATGGTATTGGGAACCG-1,5630,10610,0.2761489674448967,0.021501117850819446,0.5764768227934838,1.0,1.0,0.549693763256073
5,148,MEND161,928,CCCTGCGCTACGCATA-1,2946,5689,0.27610225081443784,0.0215474135161652,0.38810760285705326,1.0,1.0,0.5562552630901336
5,149,MEND161,1347,CTTCCGCTCCGTGAAG-1,4833,8465,0.2760988727211952,0.01853325229763054,0.3751066569238901,1.0,1.0,0.538018012046814
5,150,MEND161,870,CCAGCCTGGACCAATA-1,5927,6067,0.27601810842752456,0.022761146964831395,0.380615300219506,1.0,1.0,0.5469658613204956
5,151,MEND161,2128,TACTATGGTTCCTCAG-1,4615,8591,0.2760077461600304,0.025646073022079385,0.2800042130053043,1.0,1.0,0.5374411880970001
5,152,MEND161,2207,TATCGATGATTAAACG-1,4766,4300,0.27594209015369414,0.019228649385049215,0.4119119834154844,1.0,1.0,0.5447836577892303
5,153,MEND161,588,ATCCGGACCAGCCTGA-1,10285,9851,0.2759212151169777,0.023483046979333334,0.3571023976430297,1.0,1.0,0.5561955749988556
5,154,MEND161,2218,TATGTAAAGTGCTTAA-1,4395,9727,0.2759028360247612,0.028846399131979842,0.4026751914061606,1.0,1.0,0.5541013777256012
5,155,MEND161,271,ACGCTGTGAGGCGTAG-1,2145,6321,0.2758374035358429,0.015899720782081402,0.3700639486312866,1.0,1.0,0.5422780871391296
5,156,MEND161,1317,CTGGTAAAGTGTGGGC-1,9487,8968,0.27574407756328584,0.024743056299708976,0.4124617174267769,1.0,1.0,0.5536476790904998
5,157,MEND161,413,AGCGCATAATGAATCG-1,5197,8591,0.2757191374897957,0.02457711988374655,0.37020274102687833,1.0,1.0,0.5549381613731384
5,158,MEND161,848,CCAACCTTATGTAACT-1,4177,9854,0.27566895335912706,0.024994658896251833,0.471893260627985,1.0,1.0,0.5441295266151428
5,159,MEND161,510,AGTGGCTCCGTCGGCC-1,2072,6447,0.2755800813436508,0.015903291076559297,0.4464539781212807,1.0,1.0,0.5439171969890595
5,160,MEND161,703,CAATACGCTCTGAGGC-1,1927,6447,0.2755335971713066,0.021546767790766162,0.3867198534309864,1.0,1.0,0.5474085509777069
5,161,MEND161,1799,GGGAGTTAATGAGGCG-1,6655,5562,0.275451198220253,0.022092088203198888,0.4193196132779121,1.0,1.0,0.5427996277809143
5,162,MEND161,989,CCTCCGACAATTCAAG-1,3601,5563,0.2753642678260803,0.02250448970020287,0.4017442248761654,1.0,1.0,0.5484591662883759
5,163,MEND161,617,ATGCACTACCGCATTG-1,4474,4805,0.2753384217619896,0.01690718292197269,0.3499657705426216,1.0,1.0,0.5500958323478699
5,164,MEND161,1613,GCCTCCGACAATTCAC-1,8323,8969,0.2751965060830116,0.020723306896594063,0.539435462653637,1.0,1.0,0.5463481783866883
5,165,MEND161,1146,CGGTGAAGACTAAAGT-1,2873,5816,0.2750974759459496,0.019789724663722395,0.33148595807142556,1.0,1.0,0.5543111503124237
5,166,MEND161,646,ATTAATACTACGCGGG-1,6002,4174,0.27505790293216703,0.0176946535610853,0.45329555198550225,1.0,1.0,0.541621994972229
5,167,MEND161,794,CAGTCTGTATACTGGG-1,5999,6698,0.2749449908733368,0.017445500579137494,0.4031559951603413,1.0,1.0,0.5339760184288025
5,168,MEND161,2499,TGCCGTGGATCGTCCT-1,5778,8591,0.27494295686483383,0.02115195156726587,0.40209068804979325,1.0,1.0,0.5356780230998993
5,169,MEND161,2324,TCCGTTAAGCTAATAT-1,8470,7959,0.27490715980529784,0.018711735888516115,0.41626559272408487,1.0,1.0,0.5506935358047486
5,170,MEND161,1958,GTGACAGCTTCCCACT-1,6577,9474,0.2749036177992821,0.021454352453089135,0.3626221568323672,1.0,1.0,0.5545402646064759
5,171,MEND161,2411,TCTCTCGCCGCACATA-1,9560,8337,0.2748532101511955,0.025677164238390327,0.40428258255124094,1.0,0.9,0.5421851992607116
5,172,MEND161,2677,TTCTAACCGAAGCTTA-1,7745,5687,0.2748208105564117,0.024242283641526332,0.4470830515027046,1.0,1.0,0.5479439914226532
5,173,MEND161,394,AGCATCGTCGATAATT-1,4984,4174,0.2747990325093269,0.01834005748380848,0.4660221725702286,1.0,1.0,0.5442321121692657
5,174,MEND161,1768,GGCGAGCGAAACGGCA-1,1707,7835,0.27470409125089645,0.02166952912441502,0.4035364732146263,1.0,1.0,0.545334267616272
5,175,MEND161,2714,TTGCCCTGATCACGGG-1,3673,5941,0.2746447116136551,0.022644674604502132,0.2872015006840229,1.0,1.0,0.5448277354240417
5,176,MEND161,815,CATATAGGTACAGTCA-1,5199,6824,0.2746035799384117,0.02189701227780625,0.4606780640780926,1.0,1.0,0.5492980062961579
5,177,MEND161,2649,TTCACGGTCGTCACGT-1,3158,10359,0.2745965614914894,0.020770901896572744,0.48721003234386445,1.0,1.0,0.5497177183628082
5,178,MEND161,1179,CGTTAATGTCCCGACG-1,7523,8843,0.2743906483054161,0.0215453788013909,0.39247033298015593,1.0,1.0,0.5534332871437073
5,179,MEND161,1577,GCATACGAGGTCTTTA-1,2218,6194,0.274284853041172,0.017836162119341137,0.2923166945576668,1.0,1.0,0.5467103123664856
5,180,MEND161,2235,TCAAAGAGCTATCTGT-1,1562,7583,0.2742598846554756,0.01885978198984491,0.38476488925516605,1.0,1.0,0.5428102791309357
5,181,MEND161,1423,GACACTGGAACCCGAT-1,9197,7959,0.27423383593559264,0.021027325379676148,0.4672522835433483,1.0,1.0,0.5475786447525024
5,182,MEND161,2373,TCGGGATTCAAACATA-1,2291,6321,0.27416528165340426,0.015313464027465213,0.4085248874500394,1.0,1.0,0.5395495474338532
5,183,MEND161,1606,GCCGCTTGTGAGAAAC-1,4109,5941,0.2741436630487442,0.01559742960469369,0.4624664753675461,1.0,1.0,0.5436486780643464
5,184,MEND161,149,AATGTTGTCGTGAGAC-1,9049,9978,0.2740704119205475,0.0176817279751317,0.4584840938448906,1.0,1.0,0.5312299191951751
5,185,MEND161,1161,CGTCGCATGTGAGCCA-1,6795,9600,0.27400231808423997,0.017773008769579154,0.43616283498704433,1.0,1.0,0.5471159636974334
5,186,MEND161,1871,GGTTTAATTACCATCG-1,4032,9349,0.2739096149802208,0.019561346623540046,0.3549018166959286,1.0,1.0,0.5433630645275116
5,187,MEND161,1058,CGAGTACTAAAGAGGA-1,3744,7077,0.2739026889204979,0.020034725619265992,0.29458024390041826,1.0,0.9,0.5327418953180313
5,188,MEND161,1216,CTAGGGATAGGGACAA-1,4322,10358,0.2738209143280983,0.021445761366511686,0.47298144102096557,1.0,1.0,0.5491075694561005
5,189,MEND161,1673,GCTCAATGTAATACCG-1,5414,9222,0.27378648072481154,0.021895314800927882,0.3011940060649067,1.0,1.0,0.5474465787410736
5,190,MEND161,84,AAGAGCTCTTTATCGG-1,6800,5814,0.27377154529094694,0.01927444161597951,0.3630301423370838,1.0,1.0,0.5419488668441772
5,191,MEND161,2396,TCTAGCAATCTCCGCC-1,3380,7204,0.27377112209796906,0.01779488829417444,0.3405658927746117,1.0,1.0,0.5313659489154816
5,192,MEND161,2534,TGGCAAGCACAAGTCG-1,5268,9727,0.27376012951135636,0.01996405054756358,0.4773056644946337,1.0,1.0,0.5492145121097565
5,193,MEND161,2680,TTCTATTAAACGCAGC-1,5195,9853,0.27371113896369936,0.022908891834855814,0.36391465179622173,1.0,1.0,0.5547031760215759
5,194,MEND161,1104,CGCTATTCTTAGGCTC-1,5563,6193,0.27367819398641585,0.02346492846758216,0.4359292767941952,1.0,1.0,0.5402273416519165
5,195,MEND161,1516,GATCCGGGAATTAACA-1,6508,6319,0.2736759513616562,0.013778514351549016,0.4325917661190033,1.0,0.9,0.5338168203830719
5,196,MEND161,940,CCGCACTTGCAATGAC-1,8976,10104,0.2735549837350845,0.01578413020961612,0.412683217972517,1.0,1.0,0.549394690990448
5,197,MEND161,261,ACGCATACGTTTACTA-1,8615,8464,0.2733976259827614,0.01947381215319605,0.3282322184182703,1.0,1.0,0.5566348612308503
5,198,MEND161,1552,GCAAATGAGGACACTT-1,1563,6573,0.27336148023605344,0.019904869134622197,0.36338021997362374,1.0,1.0,0.5452788174152374
5,199,MEND161,1946,GTCTATCTGAGTTTCT-1,4254,6446,0.27320980578660964,0.016560434949084088,0.34333957396447656,1.0,1.0,0.5372239351272583
5,200,MEND161,2729,TTGGACATGTGGCTTA-1,3308,6573,0.2731445461511612,0.012272521143565857,0.3314911425113678,1.0,1.0,0.5367043793201447
5,201,MEND161,638,ATGTCATAATAAACGA-1,5775,11115,0.2731079921126366,0.015377852170127656,0.5186306491494179,1.0,1.0,0.5436073303222656
5,202,MEND161,504,AGTGCACGCTTAAGAA-1,8179,7959,0.27295363545417783,0.03022391063266122,0.3779093913733959,1.0,1.0,0.5565358877182007
5,203,MEND161,1804,GGGCAACCGCACGTGC-1,2579,8340,0.27275627553462983,0.019386808848821366,0.42038014680147173,1.0,1.0,0.5390398263931274
5,204,MEND161,241,ACCGCTAGTCATTGGT-1,3521,10737,0.2725707858800888,0.025543872531563445,0.43731499165296556,1.0,1.0,0.5576493978500366
5,205,MEND161,169,ACAACAGCATGAGCTA-1,6437,5436,0.27255180180072786,0.022663830227634473,0.3981007754802704,1.0,1.0,0.5384044647216797
5,206,MEND161,2410,TCTCGTGTTACGAGGA-1,1562,7078,0.27254177033901217,0.019392406121502483,0.3085304726846516,1.0,1.0,0.5418988645076752
5,207,MEND161,2326,TCCTAAATTGGGAAGC-1,6288,8465,0.2722553193569183,0.0189388707831327,0.26609329879283905,1.0,1.0,0.543371856212616
5,208,MEND161,2548,TGGGCCACAAGAGCGC-1,6439,3669,0.2722526788711548,0.020700345891099994,0.31630839407444,1.0,1.0,0.551877248287201
5,209,MEND161,999,CCTCTATCGATTAGCA-1,3088,7961,0.27221888303756714,0.020310242088746676,0.4216758280992508,1.0,1.0,0.5419332802295684
5,210,MEND161,1664,GCTAGCGATAGGTCTT-1,2941,9728,0.2721568301320076,0.022282922238818205,0.3992746502161026,1.0,1.0,0.5376729786396026
5,211,MEND161,1123,CGGATTCTGCCTTATG-1,3303,11116,0.27212242484092714,0.025667528046448194,0.35364890694618223,1.0,1.0,0.5639206767082214
5,212,MEND161,2431,TCTTGCTCCCGATACT-1,6068,9600,0.27205022126436235,0.020439587019967797,0.38942903392016887,1.0,1.0,0.5471284627914429
5,213,MEND161,853,CCAAGGTTGCCCTTTC-1,9122,10104,0.27202688306570055,0.01683191199903153,0.3396558042615652,1.0,1.0,0.5528344333171844
5,214,MEND161,1409,GAATGGGCTTATCGAC-1,1636,6447,0.27199945598840714,0.015151473079993727,0.39501249939203265,1.0,1.0,0.5376242816448211
5,215,MEND161,50,AACCAAGACTTCTCTG-1,2946,5942,0.27199520617723466,0.019654698925636333,0.32984999343752863,1.0,1.0,0.5427934885025024
5,216,MEND161,657,ATTCATATACTGTCCA-1,5562,7203,0.27197331488132476,0.020830769302430715,0.39977625459432603,1.0,1.0,0.5426632344722748
5,217,MEND161,1454,GACTACAAAGCGGTGG-1,2725,7582,0.271953159570694,0.01734680022397643,0.3783505767583847,1.0,1.0,0.5373656034469605
5,218,MEND161,2140,TACTTGTTAGTAGTCC-1,7527,6066,0.27194705605506897,0.024337750580745346,0.3559978801757097,1.0,1.0,0.5450483858585358
5,219,MEND161,719,CACAGGGCCGTTGTCA-1,5559,9222,0.2719243183732033,0.019388106682577583,0.3842277554795146,1.0,1.0,0.5390480041503907
5,220,MEND161,966,CCGTCAACCTCTGGCG-1,2213,9981,0.27189485281705855,0.016581865614426636,0.4343966208398342,1.0,1.0,0.5467553913593293
5,221,MEND161,93,AAGCCGCCGTGAAATC-1,2868,9602,0.27181573063135145,0.02199499721257165,0.46896731331944463,1.0,1.0,0.542485922574997
5,222,MEND161,1818,GGGCGGGTTCCCTACG-1,3890,6825,0.2717959523200989,0.01783121593895803,0.2720430601388216,1.0,1.0,0.5474310159683228
5,223,MEND161,2554,TGGTAAGCAGGATTGA-1,1999,6573,0.27169712334871293,0.01460586859370816,0.461332917958498,1.0,0.9,0.5332995384931565
5,224,MEND161,1439,GACCGCGTCTGACGTG-1,9343,7706,0.27169047147035597,0.022908300405251773,0.4468978941440582,1.0,0.9,0.5493885755538941
5,225,MEND161,1405,GAATAGACGCGACCCA-1,7890,6697,0.2716256782412529,0.019830163795913014,0.3837701454758644,1.0,1.0,0.5406816482543946
5,226,MEND161,523,ATAAACGTTGCACCAC-1,8978,8590,0.2715562075376511,0.017376969136851318,0.36813191547989843,1.0,1.0,0.5361704647541046
5,227,MEND161,1411,GAATGTTGGGTAATCT-1,6220,4300,0.2715479642152786,0.01960789820358073,0.33419282659888266,1.0,1.0,0.5282029867172241
5,228,MEND161,1872,GGTTTACAATCTCAAT-1,6511,4552,0.2715054899454117,0.021306304109972307,0.4527464753948152,1.0,1.0,0.5424813330173492
5,229,MEND161,943,CCGCCTTGCGATGTCG-1,1708,6826,0.27146455347537995,0.017997849868864164,0.4014544691890478,1.0,1.0,0.5359540224075318
5,230,MEND161,2002,GTGTCAGTGTACGTGG-1,4249,9980,0.27138630896806715,0.029702059483900232,0.275297499448061,1.0,0.9,0.5475448668003082
5,231,MEND161,880,CCATATGGAAACTATA-1,8688,8085,0.27138350903987885,0.01482683814996579,0.46069578677415846,1.0,1.0,0.5300938010215759
5,232,MEND161,2633,TTAGTAGGGCGGCGGG-1,3091,5689,0.27133267670869826,0.016661015756055997,0.3843518033623695,1.0,1.0,0.5361136317253112
5,233,MEND161,2689,TTGAAACCCTCATTCC-1,9922,9978,0.27133058458566667,0.01914614931213149,0.431377849727869,1.0,1.0,0.5361746311187744
5,234,MEND161,448,AGGCTTAAGTTGCACA-1,6212,11115,0.27128624022006986,0.022586500245153674,0.4785548129118979,1.0,1.0,0.5425426185131073
5,235,MEND161,2127,TACTACGTGCAATGCG-1,7376,10357,0.27124148458242414,0.016436375479613383,0.32223134208470583,1.0,1.0,0.5437068164348602
5,236,MEND161,2436,TGAAAGGACCTGACTC-1,7236,5814,0.27121742218732836,0.025474696048774594,0.3520277221687138,1.0,1.0,0.5566416442394256
5,237,MEND161,1142,CGGTACTAGAATCAAA-1,7235,6824,0.2711846247315407,0.016584823176146065,0.41465015299618246,1.0,1.0,0.5319114029407501
5,238,MEND161,182,ACACATGATCAAATCT-1,2360,8971,0.27116521298885343,0.01893963782023779,0.3921474777162075,1.0,1.0,0.541824609041214
5,239,MEND161,1318,CTGGTAACACATAGAA-1,7599,6697,0.27112946659326553,0.02383257774022234,0.33193412497639657,1.0,1.0,0.5506177425384522
5,240,MEND161,2245,TCAACGCAGGAAATAA-1,3453,7582,0.2711130529642105,0.014665663224373116,0.3614369498565793,1.0,1.0,0.5327416241168976
5,241,MEND161,2355,TCGCCGACATATTCGC-1,7449,9726,0.2710548222064972,0.014334178791861524,0.49411481618881226,1.0,1.0,0.5276131749153137
5,242,MEND161,1180,CGTTATCATACTTCCA-1,1272,7078,0.27104613482952117,0.019986786153433484,0.369540399312973,1.0,1.0,0.5521371126174927
5,243,MEND161,2010,GTTACAATTGGTGACG-1,3600,6068,0.2710355192422867,0.024110291265050973,0.2959802793338895,1.0,1.0,0.5506852746009827
5,244,MEND161,1232,CTATGGGAAGCGGAAT-1,8760,8211,0.27096022069454195,0.016325244961797925,0.45664948746562006,1.0,1.0,0.5463770985603332
5,245,MEND161,1004,CCTGACCACCGATGGT-1,5635,7077,0.2709318667650223,0.021137018034794418,0.3977188866585493,1.0,1.0,0.5280284643173218
5,246,MEND161,1185,CGTTGAGCGACCGTCG-1,6580,6950,0.2708001986145973,0.01977264024583473,0.4010073021054268,1.0,1.0,0.5407057583332062
5,247,MEND161,2307,TCCCTCTTCTCAAGGG-1,9559,9599,0.27078782469034196,0.02429520387499063,0.38761451095342636,1.0,1.0,0.5456961929798126
5,248,MEND161,235,ACCGACTGAGTCCCAC-1,6001,4931,0.2707762822508812,0.01884594902398903,0.37859250940382483,1.0,1.0,0.538049852848053
5,249,MEND161,728,CACCAGTCAGCATGCA-1,2796,8971,0.2707733541727066,0.01671234350677336,0.43481755508109926,1.0,1.0,0.5280964016914368
5,250,MEND161,2368,TCGGCAGGGTTAAGGG-1,10067,10230,0.27075431048870086,0.01711029534110351,0.42247009128332136,1.0,1.0,0.5437689661979676
5,251,MEND161,515,AGTTCCTACAGAATTA-1,4837,5184,0.2706719145178795,0.019045777760056348,0.4268036410212517,1.0,0.9,0.5388083904981613
5,252,MEND161,2455,TGAGCGGAAAGTGTTC-1,5924,8338,0.27064998000860213,0.021196331801863158,0.3693402636796236,1.0,1.0,0.5473891794681549
5,253,MEND161,1688,GCTGGCATATTCACCT-1,3455,5311,0.27064189314842224,0.021324712810875973,0.36313159167766573,1.0,1.0,0.5409090518951416
5,254,MEND161,1396,GAAGCGTGAGGAATTT-1,5564,5688,0.27063354551792146,0.023841991258193942,0.484211790561676,1.0,1.0,0.5453870832920075
5,255,MEND161,1641,GCGGCAAAGTATTGCC-1,3160,8844,0.2705451250076294,0.015607865461582344,0.4110496720299125,1.0,1.0,0.5380350768566131
5,256,MEND161,1486,GAGGCTATCAAAGTCG-1,3164,5815,0.27053281515836713,0.019427746735761663,0.31926342137157915,1.0,1.0,0.5457613348960877
